Date,Time,"VR VCC 전류 (SVID IOUT) [A]","CPU 패키지 전력 소비 [W]","IA 코어 전력 소비 [W]","시스템 에이전트 전력 소비 [W]","PL1 전력 제한 (Static) [W]","PL2 전력 제한 (Static) [W]","GPU 전력 소비 [W]","GPU 라인 전력 소비 (avg) [W]","GPU PCIe +12V 입력 전력 소비 [W]","GPU 12VHPWR 전력 소비 [W]","GPU Unknown Rail (D6) 전력 소비 (sum) [W]","GPU Core (NVVDD) 입력 전력 소비 (sum) [W]","GPU Unknown Rail (D4) 전력 소비 (sum) [W]","GPU Misc0 입력 전력 소비 (sum) [W]","GPU Unknown Rail (D) 전력 소비 (sum) [W]","GPU Unknown Rail (10) 전력 소비 [W]","GPU Core (NVVDD) 출력 전력 소비 [W]","GPU Core (NVVDD) 출력 전력 소비 [W]","나머지 칩 전력 소비 [W]","PCH 전력 소비 [W]","총 전력 소비 [W]","총 전력 소비 [W]","T3 [°C]",
17.11.2025,12:41:37.306,9.516,14.697,5.650,2.865,250.0,250.0,15.337,8.047,3.773,20.829,15.252,9.454,5.798,9.344,5.528,0.568,4.960,4.969,0.000,0.000,0.000,0.000,31.0,
17.11.2025,12:41:38.313,13.594,14.792,5.814,2.854,250.0,250.0,23.535,5.948,2.924,13.677,10.290,6.387,3.903,6.314,5.517,0.566,4.951,4.951,0.000,0.000,0.000,0.000,31.0,
17.11.2025,12:41:39.310,10.875,11.271,2.311,2.807,250.0,250.0,13.433,4.930,2.863,9.830,7.882,4.884,2.998,4.823,5.528,0.568,4.960,4.960,0.000,0.000,0.000,0.000,31.0,
17.11.2025,12:41:40.308,25.829,29.213,20.004,3.014,250.0,250.0,15.652,5.571,2.994,12.144,9.392,5.821,3.571,5.748,5.537,0.568,4.969,4.969,0.000,0.000,0.000,0.000,31.0,
17.11.2025,12:41:41.307,16.313,31.653,22.131,3.256,250.0,250.0,24.786,23.806,8.819,72.246,50.274,31.174,19.100,30.795,8.809,0.774,8.035,8.035,0.000,0.000,0.000,1.000,31.0,
17.11.2025,12:41:42.309,20.391,26.149,18.272,3.235,250.0,250.0,71.579,21.542,8.841,63.379,44.786,27.776,17.010,27.433,8.995,0.789,8.206,8.206,0.000,0.000,0.000,0.000,31.0,
17.11.2025,12:41:43.311,14.953,26.633,19.028,3.171,250.0,250.0,74.512,20.654,8.826,60.185,42.795,26.542,16.253,26.225,8.831,0.775,8.056,8.056,0.000,0.000,0.000,0.000,31.0,
17.11.2025,12:41:44.311,16.313,27.533,20.127,3.013,250.0,250.0,69.367,20.695,8.754,60.399,42.900,26.595,16.305,26.277,8.830,0.774,8.056,8.056,0.000,0.000,0.000,0.000,31.0,
17.11.2025,12:41:45.311,8.156,30.842,22.974,3.366,250.0,250.0,70.641,20.728,8.756,60.452,42.918,26.616,16.302,26.299,8.906,0.781,8.125,8.125,0.000,0.000,0.000,0.000,31.0,
17.11.2025,12:41:46.308,14.953,26.268,18.563,3.246,250.0,250.0,82.624,49.728,8.743,85.987,58.571,36.324,22.247,35.886,9.232,0.896,8.336,231.060,0.000,0.000,0.000,0.000,31.0,
17.11.2025,12:41:47.311,23.110,27.113,19.608,3.053,250.0,250.0,99.485,32.865,8.809,94.043,63.566,39.418,24.148,38.944,25.608,3.176,22.432,8.507,0.000,0.000,0.000,0.000,31.0,
17.11.2025,12:41:48.312,19.032,27.510,19.595,3.394,250.0,250.0,83.082,22.950,8.769,72.176,49.979,30.987,18.992,30.622,6.179,0.591,5.588,5.614,0.000,0.000,0.000,0.000,31.0,
17.11.2025,12:41:49.311,19.032,29.005,21.119,3.414,250.0,250.0,76.626,22.822,8.745,71.995,49.867,30.920,18.947,30.543,5.954,0.582,5.372,5.297,0.000,0.000,0.000,0.000,31.0,
17.11.2025,12:41:50.311,14.953,23.959,16.477,3.044,250.0,250.0,79.897,35.673,8.796,71.724,49.693,30.814,18.879,30.449,70.502,12.728,57.774,5.367,0.000,0.000,0.000,2.250,31.0,
17.11.2025,12:41:51.306,29.907,27.675,20.117,3.085,250.0,250.0,76.832,22.622,8.790,71.395,49.509,30.703,18.806,30.338,5.757,0.594,5.163,5.163,0.000,0.000,0.000,0.000,31.0,
17.11.2025,12:41:52.311,17.672,25.281,17.818,3.061,250.0,250.0,75.542,17.474,8.746,51.779,37.414,23.209,14.205,22.929,5.675,0.580,5.095,5.104,0.000,0.000,2.125,0.000,31.0,
17.11.2025,12:41:53.312,16.313,25.290,17.766,3.085,250.0,250.0,79.136,46.348,8.745,72.589,50.242,31.150,19.092,30.773,122.729,34.152,88.577,5.435,0.000,0.000,0.000,0.000,31.0,
17.11.2025,12:41:54.311,17.672,24.323,16.788,3.061,250.0,250.0,76.253,22.322,8.707,70.337,48.802,30.256,18.546,29.891,5.757,0.594,5.163,5.163,0.000,0.000,0.000,0.000,31.0,
17.11.2025,12:41:55.312,16.313,27.647,20.070,3.137,250.0,250.0,78.466,46.109,8.738,70.787,49.097,30.436,18.661,30.071,123.936,34.452,89.484,5.426,0.000,0.000,0.000,0.000,31.0,
17.11.2025,12:41:56.307,16.313,27.647,20.070,3.137,250.0,250.0,74.037,22.245,8.728,70.097,48.648,30.171,18.477,29.806,5.703,0.582,5.121,5.121,0.000,0.000,0.000,0.000,31.0,
17.11.2025,12:41:57.304,27.188,27.829,20.299,3.092,250.0,250.0,80.663,44.498,8.741,70.899,49.173,30.492,18.681,30.127,115.735,33.261,82.474,5.393,0.000,0.000,0.000,0.000,31.0,
17.11.2025,12:41:58.307,21.750,27.033,19.514,3.067,250.0,250.0,78.185,35.623,8.752,66.519,46.478,28.816,17.662,28.475,77.130,27.605,49.525,5.266,0.000,0.000,0.000,0.000,31.0,
17.11.2025,12:41:59.306,17.672,25.971,18.425,3.076,250.0,250.0,74.266,21.963,8.740,68.948,47.952,29.732,18.220,29.367,5.755,0.592,5.163,5.163,0.000,0.000,0.000,0.000,31.0,
17.11.2025,12:42:0.316,17.672,29.059,21.576,3.041,250.0,250.0,77.121,36.242,8.748,65.931,46.104,28.584,17.520,28.243,80.426,28.643,51.783,6.437,0.000,0.000,0.000,0.000,31.0,
17.11.2025,12:42:1.318,33.985,26.612,19.113,3.066,250.0,250.0,73.925,21.735,8.730,68.070,47.401,29.384,18.017,29.031,5.769,0.589,5.180,5.180,0.000,0.000,0.000,0.000,31.0,
17.11.2025,12:42:2.314,20.391,26.661,19.165,3.093,250.0,250.0,76.814,43.948,8.735,68.526,47.698,29.574,18.124,29.221,116.067,33.364,82.703,5.470,0.000,0.000,0.250,0.000,31.0,
17.11.2025,12:42:3.314,14.953,25.462,17.988,3.048,250.0,250.0,73.970,21.832,8.740,68.481,47.663,29.551,18.112,29.198,5.720,0.582,5.138,5.138,0.000,0.000,0.000,0.000,31.0,
17.11.2025,12:42:4.314,23.110,27.003,19.537,3.035,250.0,250.0,77.019,21.832,8.741,68.240,47.527,29.467,18.060,29.115,5.798,0.600,5.198,5.198,0.000,0.000,0.000,0.000,31.0,
17.11.2025,12:42:5.311,21.750,26.340,18.823,3.061,250.0,250.0,77.019,21.794,8.741,68.240,47.527,29.467,18.060,29.115,5.798,0.600,5.198,5.198,0.000,0.000,0.000,0.000,31.0,
17.11.2025,12:42:6.309,19.032,24.500,17.019,3.029,250.0,250.0,75.862,15.920,8.691,45.818,33.729,20.922,12.807,20.666,5.719,0.589,5.130,5.130,0.000,0.000,0.000,0.000,31.0,
17.11.2025,12:42:7.310,40.782,25.105,17.692,3.021,250.0,250.0,74.602,22.185,8.740,69.749,48.452,30.044,18.408,29.692,5.786,0.597,5.189,5.189,0.000,0.000,0.000,0.000,31.0,
17.11.2025,12:42:8.309,19.032,25.544,18.029,3.034,250.0,250.0,76.904,45.387,8.740,68.005,47.372,29.369,18.003,29.016,123.952,34.437,89.515,5.461,0.000,0.000,0.000,0.000,31.0,
17.11.2025,12:42:9.306,25.829,25.547,18.093,3.026,250.0,250.0,73.346,21.745,8.754,68.017,47.380,29.386,17.994,29.034,5.828,0.606,5.222,5.222,0.000,0.000,0.000,0.000,31.0,
17.11.2025,12:42:10.305,17.672,24.547,17.146,3.007,250.0,250.0,72.789,32.198,8.697,54.207,38.900,24.122,14.778,23.829,5.764,0.618,5.146,145.915,0.000,0.000,0.000,0.000,31.0,
17.11.2025,12:42:11.314,20.391,24.355,16.914,3.002,250.0,250.0,76.161,21.667,8.733,67.744,47.207,29.270,17.937,28.917,5.825,0.636,5.189,5.214,0.000,0.000,0.000,0.000,31.0,
17.11.2025,12:42:12.313,16.313,28.507,21.045,3.033,250.0,250.0,76.875,21.944,8.742,68.559,47.718,29.591,18.127,29.226,6.158,0.672,5.486,5.163,0.000,0.000,0.000,0.000,31.0,
17.11.2025,12:42:13.314,17.672,26.727,19.260,3.029,250.0,250.0,70.098,22.123,8.768,69.496,48.301,29.951,18.350,29.599,5.772,0.651,5.121,5.222,0.000,0.000,0.000,0.000,31.0,
17.11.2025,12:42:14.311,17.672,28.216,20.679,3.026,250.0,250.0,77.223,29.365,8.779,67.710,47.220,29.279,17.941,28.926,43.622,16.291,27.331,6.556,0.000,0.000,0.000,0.000,31.0,
17.11.2025,12:42:15.304,17.672,27.446,20.003,3.025,250.0,250.0,73.887,22.349,8.791,70.263,48.807,30.259,18.548,29.894,5.850,0.644,5.206,5.231,0.000,0.000,0.000,0.000,31.0,
17.11.2025,12:42:16.310,17.672,25.701,18.216,3.044,250.0,250.0,77.761,25.561,8.754,68.108,47.422,29.411,18.011,29.058,24.775,6.889,17.886,5.294,0.000,0.000,0.000,0.000,31.0,
17.11.2025,12:42:17.309,19.032,25.247,17.782,3.042,250.0,250.0,73.535,21.927,8.707,68.777,47.820,29.655,18.165,29.302,5.827,0.638,5.189,5.189,0.000,0.000,0.000,0.000,31.0,
17.11.2025,12:42:18.304,23.110,29.016,21.484,3.057,250.0,250.0,77.115,70.315,8.732,82.078,56.023,34.744,21.279,34.318,6.481,0.970,5.511,453.010,0.000,0.000,0.000,0.000,31.0,
17.11.2025,12:42:19.308,29.907,27.284,19.766,3.029,250.0,250.0,73.375,22.178,8.758,69.374,48.248,29.922,18.326,29.557,6.151,0.813,5.338,5.291,0.000,0.000,0.000,0.000,31.0,
17.11.2025,12:42:20.305,20.391,26.572,19.120,3.049,250.0,250.0,73.839,21.552,8.766,67.317,46.959,29.121,17.838,28.769,5.778,0.589,5.189,5.189,0.000,0.000,0.000,0.000,31.0,
17.11.2025,12:42:21.309,29.907,25.463,18.022,3.008,250.0,250.0,76.478,32.298,8.749,64.698,45.339,28.115,17.224,27.775,62.398,23.247,39.151,6.283,0.001,0.000,0.000,0.000,31.0,
17.11.2025,12:42:22.304,25.829,25.650,18.185,3.046,250.0,250.0,72.908,21.891,8.765,68.359,47.609,29.526,18.083,29.173,6.047,0.695,5.352,5.299,0.000,0.000,0.000,0.000,31.0,
17.11.2025,12:42:23.318,21.750,25.952,18.510,2.995,250.0,250.0,73.844,21.952,8.776,68.803,47.883,29.693,18.190,29.340,5.809,0.595,5.214,5.214,0.000,0.000,0.000,0.000,31.0,
17.11.2025,12:42:24.304,20.391,25.789,18.317,3.042,250.0,250.0,77.334,38.872,8.756,70.617,48.979,30.367,18.612,30.003,87.997,19.466,68.531,5.393,0.000,0.000,0.000,0.000,31.0,
17.11.2025,12:42:25.317,24.469,25.815,18.347,2.985,250.0,250.0,73.956,21.898,8.755,68.605,47.757,29.613,18.144,29.248,5.818,0.596,5.222,5.222,0.000,0.000,0.000,0.000,31.0,
17.11.2025,12:42:26.315,23.110,25.116,17.688,3.034,250.0,250.0,77.767,22.289,8.745,70.002,48.610,30.136,18.474,29.771,5.921,0.613,5.308,5.308,0.000,0.000,0.000,0.000,31.0,
17.11.2025,12:42:27.312,23.110,28.592,21.075,3.045,250.0,250.0,76.749,19.726,8.747,60.279,42.651,26.453,16.198,26.137,5.797,0.591,5.206,5.206,0.000,0.000,0.000,2.000,31.0,
17.11.2025,12:42:28.310,16.313,26.055,18.657,3.003,250.0,250.0,74.191,21.869,8.795,68.369,47.632,29.533,18.099,29.180,5.894,0.603,5.291,5.291,0.001,0.000,0.000,0.000,31.0,
17.11.2025,12:42:29.318,21.750,26.049,18.591,3.005,250.0,250.0,75.947,37.315,8.818,67.117,46.875,29.064,17.811,28.724,56.798,21.203,35.595,61.149,0.000,0.000,0.000,0.000,31.0,
17.11.2025,12:42:30.315,23.110,28.272,20.811,3.040,250.0,250.0,74.865,22.052,8.768,69.164,48.111,29.832,18.279,29.467,5.832,0.601,5.231,5.231,0.000,0.000,0.000,1.250,31.0,
17.11.2025,12:42:31.313,29.907,27.828,20.401,2.981,250.0,250.0,77.402,42.307,8.753,67.483,47.059,29.184,17.875,28.832,109.338,32.510,76.828,5.206,0.001,0.000,0.000,0.000,31.0,
17.11.2025,12:42:32.308,23.110,28.340,20.880,3.038,250.0,250.0,73.685,21.795,8.767,68.197,47.501,29.447,18.054,29.094,5.831,0.600,5.231,5.231,0.000,0.000,0.000,0.000,31.0,
17.11.2025,12:42:33.317,21.750,27.867,20.379,3.042,250.0,250.0,77.191,38.030,8.771,71.710,49.700,30.817,18.883,30.440,82.233,17.500,64.733,5.511,0.000,0.000,0.000,0.000,31.0,
17.11.2025,12:42:34.316,25.829,25.860,18.376,3.068,250.0,250.0,73.934,22.021,8.770,69.077,48.049,29.790,18.259,29.437,5.809,0.595,5.214,5.214,0.000,0.000,0.000,0.000,31.0,
17.11.2025,12:42:35.317,21.750,26.282,18.824,3.006,250.0,250.0,77.335,21.868,8.789,68.411,47.644,29.542,18.102,29.189,5.863,0.597,5.266,5.274,0.000,0.000,0.000,0.000,31.0,
17.11.2025,12:42:36.315,21.750,25.554,18.039,3.046,250.0,250.0,77.268,68.267,8.815,75.036,51.750,32.088,19.662,31.699,67.704,25.354,42.350,328.210,0.000,0.000,0.000,0.000,31.0,
17.11.2025,12:42:37.304,23.110,26.726,19.273,3.015,250.0,250.0,74.340,21.793,8.802,68.138,47.479,29.448,18.031,29.096,5.844,0.596,5.248,5.248,0.000,0.000,0.000,0.000,31.0,
17.11.2025,12:42:38.306,23.110,27.708,20.303,3.023,250.0,250.0,77.123,27.802,8.794,53.401,38.429,23.830,14.599,23.550,5.834,0.628,5.206,103.744,0.000,0.000,0.000,0.000,31.0,
17.11.2025,12:42:39.305,29.907,26.553,19.048,3.017,250.0,250.0,73.343,12.564,8.703,32.776,25.734,15.951,9.783,15.756,5.844,0.596,5.248,5.248,0.000,0.000,0.000,0.000,31.0,
17.11.2025,12:42:40.307,36.704,26.196,18.793,3.022,250.0,250.0,54.940,37.898,8.765,79.289,54.321,33.687,20.634,33.286,19.372,5.147,14.225,110.250,0.000,0.000,0.000,0.000,31.0,
17.11.2025,12:42:41.308,28.547,25.046,17.640,2.981,250.0,250.0,74.731,20.688,8.741,63.814,44.806,27.786,17.020,27.445,5.959,0.609,5.350,5.350,0.001,0.000,1.375,0.375,31.0,
17.11.2025,12:42:42.311,16.313,25.424,17.970,2.999,250.0,250.0,72.437,20.680,8.736,63.923,44.856,27.813,17.043,27.472,5.854,0.606,5.248,5.248,0.000,0.000,0.000,0.000,31.0,
17.11.2025,12:42:43.316,21.750,26.524,19.112,2.993,250.0,250.0,75.502,27.581,8.763,64.847,45.439,28.185,17.254,27.844,39.008,4.714,34.294,5.461,0.000,0.000,2.000,1.000,31.0,
17.11.2025,12:42:44.304,20.391,26.813,19.389,3.021,250.0,250.0,73.018,20.683,8.789,63.812,44.830,27.798,17.032,27.469,5.904,0.613,5.291,5.291,0.000,0.000,0.000,0.000,31.0,
17.11.2025,12:42:45.318,27.188,26.480,19.111,2.962,250.0,250.0,67.963,25.819,8.740,46.094,33.892,21.024,12.868,20.769,5.882,0.676,5.206,103.043,0.000,0.000,0.000,0.000,31.0,
17.11.2025,12:42:46.316,20.391,24.879,17.494,2.958,250.0,250.0,67.628,12.359,8.755,32.001,25.274,15.673,9.601,15.490,5.796,0.590,5.206,5.206,0.000,0.000,0.000,0.000,31.0,
17.11.2025,12:42:47.316,25.829,24.779,17.401,2.934,250.0,250.0,71.579,15.966,8.705,45.546,33.629,20.856,12.773,20.600,6.063,0.637,5.426,5.426,0.000,0.000,0.000,0.000,31.0,
17.11.2025,12:42:48.314,25.829,24.837,17.357,3.085,250.0,250.0,58.074,43.624,8.717,67.145,46.816,29.023,17.793,28.670,116.242,33.356,82.886,5.588,0.000,0.000,0.000,0.000,31.0,
17.11.2025,12:42:49.310,27.188,26.536,19.054,3.011,250.0,250.0,73.397,21.855,8.706,68.483,47.643,29.541,18.102,29.189,5.825,0.594,5.231,5.231,0.000,0.000,2.125,0.000,31.0,
17.11.2025,12:42:50.304,35.344,30.676,22.704,3.480,250.0,250.0,77.424,21.856,8.756,68.351,47.606,29.520,18.086,29.155,5.893,0.602,5.291,5.299,0.000,0.000,0.000,0.000,31.0,
17.11.2025,12:42:51.304,20.391,29.528,21.762,3.297,250.0,250.0,74.246,57.159,8.763,88.052,59.724,37.027,22.697,36.578,6.225,0.853,5.372,306.302,0.000,0.000,0.000,0.000,31.0,
17.11.2025,12:42:52.304,23.110,27.529,20.066,3.030,250.0,250.0,74.729,22.120,8.731,69.408,48.243,29.916,18.327,29.552,5.863,0.597,5.266,5.299,0.000,0.000,0.000,0.000,31.0,
17.11.2025,12:42:53.319,21.750,26.473,19.052,2.970,250.0,250.0,77.686,39.721,8.726,68.936,47.938,29.730,18.208,29.366,94.344,22.546,71.798,5.614,0.000,0.000,0.000,0.000,31.0,
17.11.2025,12:42:54.317,24.469,25.961,18.520,2.996,250.0,250.0,74.759,22.222,8.744,69.781,48.485,30.069,18.416,29.704,5.870,0.604,5.266,5.282,0.000,0.000,0.000,1.250,31.0,
17.11.2025,12:42:55.317,20.391,25.809,18.436,2.997,250.0,250.0,77.408,42.569,8.742,69.760,48.445,30.040,18.405,29.687,107.529,29.181,78.348,5.554,0.000,0.000,2.125,0.000,31.0,
17.11.2025,12:42:56.324,29.907,27.216,19.754,3.013,250.0,250.0,73.810,22.212,8.777,69.754,48.478,30.057,18.421,29.693,5.843,0.595,5.248,5.257,0.000,0.000,0.000,0.000,31.0,
17.11.2025,12:42:57.311,20.391,25.601,18.208,2.971,250.0,250.0,77.674,22.043,8.764,68.878,47.928,29.715,18.213,29.363,6.103,0.710,5.393,5.358,0.000,0.000,0.000,0.000,31.0,
17.11.2025,12:42:58.308,25.829,26.211,18.694,3.032,250.0,250.0,74.511,21.926,8.773,68.667,47.789,29.636,18.153,29.271,5.852,0.595,5.257,5.266,0.000,0.000,0.000,0.000,31.0,
17.11.2025,12:42:59.306,23.110,25.866,18.484,2.982,250.0,250.0,76.131,22.360,8.823,70.195,48.772,30.245,18.527,29.880,5.921,0.613,5.308,5.317,0.000,0.000,0.000,0.000,31.0,
17.11.2025,12:43:0.304,32.625,27.539,20.081,3.010,250.0,250.0,77.343,22.226,8.787,69.652,48.428,30.027,18.401,29.675,5.970,0.620,5.350,5.350,0.000,0.000,0.000,0.000,31.0,
17.11.2025,12:43:1.306,21.750,27.669,20.229,2.989,250.0,250.0,77.594,19.297,8.706,58.632,41.596,25.788,15.808,25.484,5.852,0.595,5.257,5.257,0.000,0.000,0.000,0.000,31.0,
17.11.2025,12:43:2.318,23.110,26.204,18.791,2.979,250.0,250.0,74.052,22.115,8.743,69.348,48.198,29.887,18.311,29.522,5.916,0.608,5.308,5.308,0.000,0.000,0.000,0.000,31.0,
17.11.2025,12:43:3.317,25.829,26.789,19.424,2.979,250.0,250.0,77.549,22.165,8.743,69.492,48.299,29.950,18.349,29.585,5.948,0.615,5.333,5.333,0.000,0.000,0.000,0.000,31.0,
17.11.2025,12:43:4.319,20.391,26.922,19.510,2.998,250.0,250.0,77.206,30.558,8.728,69.771,48.455,30.050,18.405,29.686,47.467,6.144,41.323,5.554,0.000,0.000,2.125,0.000,31.0,
17.11.2025,12:43:5.317,25.829,25.991,18.536,2.983,250.0,250.0,74.332,21.815,8.737,68.225,47.510,29.461,18.049,29.096,5.890,0.599,5.291,5.291,0.000,0.000,0.000,0.000,31.0,
17.11.2025,12:43:6.317,21.750,24.352,16.918,3.010,250.0,250.0,77.729,43.241,8.772,68.083,47.452,29.427,18.025,29.062,112.994,30.617,82.377,5.605,0.000,0.000,0.000,0.000,31.0,
17.11.2025,12:43:7.316,23.110,25.777,18.316,2.978,250.0,250.0,74.147,22.212,8.762,69.716,48.423,30.026,18.397,29.673,5.909,0.601,5.308,5.308,0.000,0.000,0.000,0.000,31.0,
17.11.2025,12:43:8.316,24.469,25.967,18.603,2.974,250.0,250.0,77.533,32.491,8.742,68.237,47.511,29.457,18.054,29.104,59.130,8.739,50.391,5.546,0.000,0.000,0.000,0.000,31.0,
17.11.2025,12:43:9.317,25.829,26.371,18.932,2.982,250.0,250.0,73.850,22.042,8.738,69.096,48.046,29.790,18.256,29.426,5.890,0.599,5.291,5.291,0.000,0.000,0.000,0.000,31.0,
17.11.2025,12:43:10.314,23.110,26.007,18.579,3.007,250.0,250.0,77.341,22.921,8.727,68.792,47.846,29.665,18.181,29.300,10.635,1.385,9.250,5.426,0.000,0.000,0.000,0.000,31.0,
17.11.2025,12:43:11.312,33.985,27.231,19.752,3.029,250.0,250.0,73.773,22.161,8.712,69.564,48.324,29.959,18.365,29.595,5.897,0.606,5.291,5.291,0.000,0.000,0.000,0.000,31.0,
17.11.2025,12:43:12.313,23.110,28.532,21.092,3.028,250.0,250.0,74.975,21.835,8.717,68.202,47.491,29.443,18.048,29.090,5.997,0.622,5.375,5.367,0.001,0.000,0.000,0.000,31.0,
17.11.2025,12:43:13.309,21.750,27.155,19.701,3.017,250.0,250.0,73.983,21.891,8.731,68.499,47.669,29.562,18.107,29.210,5.906,0.607,5.299,5.317,0.000,0.000,0.000,0.000,31.0,
17.11.2025,12:43:14.308,21.750,27.026,19.617,3.030,250.0,250.0,77.766,32.606,8.757,69.386,48.223,29.899,18.324,29.547,58.200,8.626,49.574,5.528,0.001,0.000,0.000,0.000,31.0,
17.11.2025,12:43:15.305,21.750,27.035,19.550,3.036,250.0,250.0,74.104,22.333,8.721,70.177,48.712,30.200,18.512,29.836,5.914,0.606,5.308,5.342,0.000,0.000,0.000,0.000,31.0,
17.11.2025,12:43:16.304,23.110,27.815,20.314,3.048,250.0,250.0,77.527,13.602,8.697,36.598,28.052,17.400,10.652,17.193,6.068,0.616,5.452,5.291,0.000,0.000,0.000,0.000,31.0,
17.11.2025,12:43:17.318,24.469,27.078,19.650,3.002,250.0,250.0,74.169,21.756,8.755,67.827,47.281,29.320,17.961,28.955,6.025,0.624,5.401,5.410,0.000,0.000,0.000,0.000,31.0,
17.11.2025,12:43:18.317,19.032,26.245,18.720,3.076,250.0,250.0,77.248,15.059,8.696,42.297,31.574,19.581,11.993,19.349,5.900,0.601,5.299,5.299,0.000,0.000,0.000,0.000,31.0,
17.11.2025,12:43:19.313,19.032,27.680,20.255,3.047,250.0,250.0,73.653,22.403,8.759,70.402,48.855,30.296,18.559,29.931,5.946,0.613,5.333,5.333,0.000,0.000,0.000,0.000,31.0,
17.11.2025,12:43:20.315,19.032,26.929,19.405,3.062,250.0,250.0,77.363,22.236,8.755,69.812,48.483,30.065,18.418,29.700,5.909,0.601,5.308,5.308,0.000,0.000,0.000,0.000,31.0,
17.11.2025,12:43:21.312,24.469,26.607,19.143,3.029,250.0,250.0,75.685,22.430,8.825,70.412,48.917,30.333,18.584,29.968,5.960,0.618,5.342,5.342,0.000,0.000,0.000,0.000,31.0,
17.11.2025,12:43:22.323,17.672,27.680,20.265,3.029,250.0,250.0,78.428,34.951,8.778,68.562,47.733,29.593,18.140,29.241,71.011,12.768,58.243,5.435,0.000,0.000,0.000,0.000,31.0,
17.11.2025,12:43:23.320,19.032,26.818,19.341,3.029,250.0,250.0,77.508,22.538,8.756,70.912,49.195,30.498,18.697,30.133,5.931,0.607,5.324,5.324,0.000,0.000,0.000,0.000,31.0,
17.11.2025,12:43:24.320,31.266,25.551,18.051,3.039,250.0,250.0,76.135,22.304,8.717,70.028,48.615,30.144,18.471,29.780,5.968,0.618,5.350,5.350,0.000,0.000,0.000,0.000,31.0,
17.11.2025,12:43:25.326,21.750,25.346,17.895,3.051,250.0,250.0,77.920,22.303,8.721,70.095,48.637,30.167,18.470,29.802,5.916,0.608,5.308,5.308,0.000,0.000,1.125,0.000,31.0,
17.11.2025,12:43:26.328,27.188,25.670,18.166,3.044,250.0,250.0,74.658,40.796,8.728,68.507,47.667,29.553,18.114,29.201,100.344,31.229,69.115,5.502,0.000,0.000,0.000,0.000,31.0,
17.11.2025,12:43:27.320,17.672,26.386,18.959,3.042,250.0,250.0,74.211,22.986,8.732,72.628,50.240,31.153,19.087,30.776,5.936,0.612,5.324,5.367,0.000,0.000,0.000,0.000,31.0,
17.11.2025,12:43:28.331,16.313,27.703,20.186,3.051,250.0,250.0,75.177,30.358,8.745,70.982,49.213,30.518,18.695,30.153,44.822,5.903,38.919,5.630,0.000,0.000,0.000,2.500,31.0,
17.11.2025,12:43:29.331,24.469,26.228,18.723,3.057,250.0,250.0,78.910,22.071,8.740,69.128,48.072,29.806,18.266,29.453,5.941,0.608,5.333,5.358,0.000,0.000,0.000,0.000,31.0,
17.11.2025,12:43:30.328,21.750,25.678,18.251,3.021,250.0,250.0,74.683,28.958,8.731,48.870,35.645,22.109,13.536,21.841,6.208,0.833,5.375,126.430,0.000,0.000,0.000,0.000,31.0,
17.11.2025,12:43:31.325,21.750,26.369,18.880,3.057,250.0,250.0,78.126,22.472,8.783,70.552,48.995,30.375,18.620,30.010,5.994,0.619,5.375,5.401,0.000,0.000,0.000,0.000,31.0,
17.11.2025,12:43:32.325,17.672,23.847,16.387,3.043,250.0,250.0,78.419,45.764,8.768,69.252,48.161,29.870,18.291,29.505,124.163,34.529,89.634,5.470,0.000,0.000,0.000,0.000,31.0,
17.11.2025,12:43:33.324,17.672,23.847,16.387,3.043,250.0,250.0,74.721,21.930,8.714,68.634,47.741,29.607,18.134,29.243,5.939,0.606,5.333,5.350,0.000,0.000,0.000,2.375,31.0,
17.11.2025,12:43:34.320,27.188,27.549,20.034,3.057,250.0,250.0,77.559,25.008,8.717,66.344,46.359,28.745,17.614,28.392,24.279,6.635,17.644,5.350,0.000,0.000,0.000,0.000,31.0,
17.11.2025,12:43:35.330,17.672,25.824,18.355,3.029,250.0,250.0,75.335,22.432,8.737,70.494,48.916,30.329,18.587,29.965,5.964,0.606,5.358,5.358,0.001,0.000,0.000,0.000,31.0,
17.11.2025,12:43:36.329,19.032,27.327,19.851,3.059,250.0,250.0,78.520,45.339,8.738,69.964,48.584,30.120,18.464,29.756,121.093,33.718,87.375,5.579,0.000,0.000,0.000,0.000,31.0,
17.11.2025,12:43:37.320,14.953,26.729,19.209,3.054,250.0,250.0,74.855,21.966,8.762,68.718,47.818,29.651,18.167,29.286,5.956,0.606,5.350,5.350,0.000,0.000,0.000,0.000,31.0,
17.11.2025,12:43:38.323,29.907,25.539,18.091,3.048,250.0,250.0,78.263,22.287,8.730,69.924,48.545,30.102,18.443,29.738,6.001,0.617,5.384,5.384,0.000,0.000,0.000,0.000,31.0,
17.11.2025,12:43:39.322,16.313,28.028,20.569,3.023,250.0,250.0,78.528,20.546,8.715,38.593,29.266,18.154,11.112,17.935,6.344,0.816,5.528,68.995,0.001,0.000,0.000,0.000,31.0,
17.11.2025,12:43:40.335,13.594,25.114,17.587,3.076,250.0,250.0,74.580,41.227,8.728,64.594,45.273,28.066,17.207,27.726,107.595,30.493,77.102,5.486,0.000,0.000,0.000,0.000,31.0,
17.11.2025,12:43:41.331,17.672,26.675,19.179,3.062,250.0,250.0,71.528,48.829,8.731,88.277,59.855,37.116,22.739,36.666,114.793,32.738,82.055,5.324,0.000,0.000,0.000,0.000,31.0,
17.11.2025,12:43:42.329,24.469,25.960,18.514,3.017,250.0,250.0,75.688,48.829,8.741,64.742,45.375,28.137,17.238,27.797,19.674,2.193,17.481,5.605,0.000,0.000,0.000,0.000,31.0,
17.11.2025,12:43:43.334,17.672,26.345,18.933,2.999,250.0,250.0,73.455,23.698,8.751,64.565,45.267,28.070,17.197,27.729,6.032,0.622,5.410,5.410,0.000,0.000,0.000,0.000,31.0,
17.11.2025,12:43:44.325,17.672,25.957,18.484,3.018,250.0,250.0,73.455,20.905,8.751,64.565,45.267,28.070,17.197,27.729,6.032,0.622,5.410,5.410,0.000,0.000,0.000,0.000,31.0,
17.11.2025,12:43:45.326,13.594,26.303,18.876,2.998,250.0,250.0,73.438,29.286,8.763,73.284,50.616,31.383,19.233,31.006,9.143,1.428,7.715,60.286,0.000,0.000,0.000,0.000,31.0,
17.11.2025,12:43:46.325,19.032,25.293,17.912,3.007,250.0,250.0,72.611,16.276,8.781,46.839,34.420,21.345,13.075,21.089,5.937,0.604,5.333,5.333,0.000,0.000,0.000,0.000,31.0,
17.11.2025,12:43:47.324,16.313,24.735,17.325,2.977,250.0,250.0,67.992,20.961,8.767,64.834,45.454,28.178,17.276,27.837,5.956,0.606,5.350,5.350,0.000,0.000,0.000,0.000,31.0,
17.11.2025,12:43:48.325,17.672,26.396,18.971,3.007,250.0,250.0,70.503,21.204,8.743,65.757,46.009,28.523,17.486,28.182,5.982,0.615,5.367,5.375,0.000,0.000,0.000,0.000,31.0,
17.11.2025,12:43:49.320,17.672,23.950,16.459,3.079,250.0,250.0,60.572,34.466,8.732,68.707,47.794,29.637,18.157,29.285,68.402,12.359,56.043,5.546,0.000,0.000,0.250,0.000,31.0,
17.11.2025,12:43:50.326,17.672,24.699,17.186,3.052,250.0,250.0,74.596,22.088,8.766,69.163,48.110,29.831,18.279,29.466,5.956,0.606,5.350,5.350,0.000,0.000,0.000,0.000,31.0,
17.11.2025,12:43:51.324,42.141,26.272,18.791,3.025,250.0,250.0,76.629,22.362,8.838,70.037,48.698,30.199,18.499,29.834,6.042,0.616,5.426,5.426,0.000,0.000,0.000,0.000,31.0,
17.11.2025,12:43:52.322,16.313,32.169,24.053,3.621,250.0,250.0,75.097,22.219,8.755,69.653,48.411,30.019,18.392,29.654,5.965,0.607,5.358,5.375,0.000,0.000,0.000,0.000,31.0,
17.11.2025,12:43:53.334,20.391,28.757,21.061,3.225,250.0,250.0,78.213,22.287,8.767,69.800,48.517,30.086,18.431,29.721,6.053,0.627,5.426,5.444,0.000,0.000,0.000,0.000,31.0,
17.11.2025,12:43:54.334,12.235,27.620,20.132,3.043,250.0,250.0,76.761,21.274,8.779,65.979,46.184,28.643,17.541,28.290,5.976,0.609,5.367,5.375,0.000,0.000,0.000,0.000,31.0,
17.11.2025,12:43:55.332,16.313,26.432,19.002,2.987,250.0,250.0,75.646,22.389,8.776,70.173,48.738,30.230,18.508,29.865,6.064,0.629,5.435,5.470,0.000,0.000,0.000,0.000,31.0,
17.11.2025,12:43:56.329,35.344,25.063,17.672,2.967,250.0,250.0,74.802,22.179,8.753,69.487,48.295,29.947,18.348,29.582,5.995,0.611,5.384,5.384,0.000,0.000,0.000,0.000,31.0,
17.11.2025,12:43:57.328,17.672,25.168,17.697,3.050,250.0,250.0,78.114,42.902,8.731,70.381,48.837,30.280,18.557,29.915,108.387,29.409,78.978,5.546,0.000,0.000,0.000,0.000,31.0,
17.11.2025,12:43:58.322,17.672,26.053,18.561,3.037,250.0,250.0,75.906,22.147,8.730,69.407,48.224,29.900,18.324,29.547,5.984,0.609,5.375,5.375,0.000,0.000,0.000,0.000,31.0,
17.11.2025,12:43:59.323,36.704,26.272,18.838,3.009,250.0,250.0,77.106,25.163,8.765,71.447,49.521,30.708,18.813,30.331,18.275,2.507,15.768,5.494,0.000,0.000,0.000,0.000,31.0,
17.11.2025,12:44:0.321,17.672,27.116,19.695,3.011,250.0,250.0,77.095,22.363,8.760,70.193,48.728,30.209,18.519,29.844,5.995,0.611,5.384,5.384,0.000,0.000,0.000,0.375,31.0,
17.11.2025,12:44:1.330,17.672,26.350,18.903,3.007,250.0,250.0,75.480,41.766,8.740,72.352,50.065,31.046,19.019,30.669,100.037,25.650,74.387,5.698,0.000,0.000,0.000,0.000,31.0,
17.11.2025,12:44:2.327,16.313,27.730,20.248,3.059,250.0,250.0,78.186,53.686,8.728,91.382,61.753,38.286,23.467,37.824,13.933,3.164,10.769,247.550,0.000,0.000,0.000,0.000,31.0,
17.11.2025,12:44:3.325,20.391,25.472,17.991,3.027,250.0,250.0,75.771,30.412,8.720,71.054,49.250,30.542,18.708,30.165,45.085,5.881,39.204,5.511,0.000,0.000,0.000,0.000,31.0,
17.11.2025,12:44:4.324,17.672,25.815,18.437,2.982,250.0,250.0,75.236,22.854,8.764,72.028,49.879,30.930,18.949,30.565,6.012,0.611,5.401,5.401,0.000,0.000,0.000,0.000,31.0,
17.11.2025,12:44:5.332,20.391,26.268,18.810,3.012,250.0,250.0,78.568,46.043,8.765,70.065,48.661,30.167,18.494,29.802,124.464,34.716,89.748,5.546,0.000,0.000,0.000,0.000,31.0,
17.11.2025,12:44:6.333,23.110,29.246,21.600,3.207,250.0,250.0,75.999,22.677,8.778,71.271,49.413,30.635,18.778,30.270,6.087,0.673,5.414,5.452,0.000,0.000,0.000,0.000,31.0,
17.11.2025,12:44:7.329,17.672,27.595,20.033,3.092,250.0,250.0,79.673,18.818,8.797,56.491,40.371,25.037,15.334,24.732,6.009,0.616,5.393,5.401,0.000,0.000,0.000,0.000,31.0,
17.11.2025,12:44:8.329,23.110,25.120,17.658,3.077,250.0,250.0,76.552,22.924,8.840,72.131,49.982,30.987,18.995,30.610,6.091,0.630,5.461,5.511,0.000,0.000,0.000,0.000,31.0,
17.11.2025,12:44:9.329,28.547,26.710,19.100,3.145,250.0,250.0,76.133,22.393,8.835,70.177,48.769,30.231,18.538,29.866,6.040,0.622,5.418,5.435,0.000,0.000,0.000,0.000,31.0,
17.11.2025,12:44:10.328,29.907,27.720,20.269,3.035,250.0,250.0,78.288,20.879,8.757,64.437,45.224,28.035,17.189,27.695,6.025,0.615,5.410,5.401,0.000,0.000,0.000,0.000,31.0,
17.11.2025,12:44:11.325,19.032,28.308,20.802,3.066,250.0,250.0,74.936,22.225,8.768,69.562,48.365,29.985,18.380,29.620,6.055,0.620,5.435,5.461,0.000,0.000,0.000,1.125,31.0,
17.11.2025,12:44:12.324,21.750,26.786,19.301,3.058,250.0,250.0,76.595,22.414,8.791,70.323,48.839,30.281,18.558,29.917,6.013,0.612,5.401,5.410,0.000,0.000,0.000,0.000,31.0,
17.11.2025,12:44:13.324,20.391,27.074,19.588,3.050,250.0,250.0,74.811,22.258,8.819,69.635,48.432,30.038,18.394,29.673,6.061,0.617,5.444,5.470,0.000,0.000,0.000,0.000,31.0,
17.11.2025,12:44:14.319,17.672,27.922,20.469,3.031,250.0,250.0,78.309,24.138,8.782,46.778,34.367,21.303,13.064,21.047,6.264,0.802,5.462,83.510,0.000,0.000,0.000,0.000,31.0,
17.11.2025,12:44:15.331,25.829,23.570,16.164,3.017,250.0,250.0,74.559,22.112,8.791,69.115,48.096,29.826,18.270,29.473,6.059,0.624,5.435,5.435,0.000,0.000,0.000,0.000,31.0,
17.11.2025,12:44:16.330,17.672,26.983,19.541,3.032,250.0,250.0,77.932,30.275,8.778,39.808,30.032,18.625,11.407,18.394,6.090,0.638,5.452,163.522,0.000,0.000,0.000,0.000,31.0,
17.11.2025,12:44:17.328,19.032,25.194,17.717,3.020,250.0,250.0,76.916,22.151,8.813,69.227,48.152,29.861,18.291,29.496,6.102,0.632,5.470,5.470,0.000,0.000,0.000,0.000,31.0,
17.11.2025,12:44:18.333,17.672,27.551,20.013,3.086,250.0,250.0,74.765,21.988,8.790,68.672,47.808,29.643,18.165,29.290,6.041,0.615,5.426,5.426,0.000,0.000,0.000,0.250,31.0,
17.11.2025,12:44:19.326,25.829,27.533,20.070,3.031,250.0,250.0,78.054,21.891,8.755,68.285,47.536,29.482,18.054,29.129,6.102,0.632,5.470,5.470,0.000,0.000,0.000,0.250,31.0,
17.11.2025,12:44:20.325,21.750,26.670,19.236,3.021,250.0,250.0,74.433,21.483,8.742,66.783,46.642,28.917,17.725,28.564,6.025,0.615,5.410,5.410,0.000,0.000,0.000,0.000,31.0,
17.11.2025,12:44:21.321,20.391,25.928,18.496,3.003,250.0,250.0,78.398,22.314,8.782,69.823,48.521,30.081,18.440,29.716,6.139,0.637,5.502,5.502,0.000,0.000,0.000,0.000,31.0,
17.11.2025,12:44:22.327,17.672,24.946,17.473,3.026,250.0,250.0,75.530,22.667,8.781,71.272,49.418,30.639,18.779,30.274,6.041,0.615,5.426,5.426,0.000,0.000,0.000,0.000,31.0,
17.11.2025,12:44:23.328,21.750,26.120,18.692,3.004,250.0,250.0,78.648,23.090,8.780,72.711,50.313,31.202,19.111,30.825,6.222,0.687,5.535,5.511,0.000,0.000,0.000,0.000,31.0,
17.11.2025,12:44:24.322,19.032,26.930,19.459,3.021,250.0,250.0,75.357,22.274,8.739,69.809,48.488,30.060,18.428,29.696,6.041,0.615,5.426,5.435,0.000,0.000,0.000,0.000,31.0,
17.11.2025,12:44:25.335,16.313,25.719,18.353,2.980,250.0,250.0,78.540,46.432,8.740,71.912,49.784,30.867,18.917,30.502,123.946,34.506,89.440,5.706,0.000,0.000,0.000,0.000,31.0,
17.11.2025,12:44:26.338,20.391,27.715,20.282,2.998,250.0,250.0,75.013,22.377,8.754,70.135,48.701,30.193,18.508,29.828,6.088,0.627,5.461,5.478,0.000,0.000,0.000,0.000,31.0,
17.11.2025,12:44:27.334,21.750,26.892,19.430,3.016,250.0,250.0,78.748,45.730,8.777,69.810,48.506,30.076,18.430,29.711,123.110,34.226,88.884,5.775,0.000,0.000,0.000,0.000,31.0,
17.11.2025,12:44:28.339,16.313,24.572,17.112,3.041,250.0,250.0,75.165,22.236,8.789,69.608,48.389,30.006,18.383,29.642,6.051,0.616,5.435,5.444,0.000,0.000,0.000,0.000,31.0,
17.11.2025,12:44:29.345,25.829,26.579,19.132,3.013,250.0,250.0,77.803,45.834,8.803,69.509,48.346,29.980,18.366,29.615,123.934,34.435,89.499,5.851,0.000,0.000,0.000,0.000,31.0,
17.11.2025,12:44:30.343,16.313,25.678,18.230,3.021,250.0,250.0,74.821,22.314,8.839,69.812,48.545,30.109,18.436,29.744,6.087,0.626,5.461,5.486,0.000,0.000,0.000,0.000,31.0,
17.11.2025,12:44:31.357,17.672,25.770,18.346,3.028,250.0,250.0,77.853,31.032,8.886,64.103,45.068,27.941,17.127,27.600,57.080,21.109,35.971,5.435,0.000,0.000,0.000,0.000,31.0,
17.11.2025,12:44:32.353,29.907,24.773,17.284,3.030,250.0,250.0,74.509,22.370,8.789,70.004,48.647,30.173,18.474,29.808,6.162,0.656,5.506,5.478,0.000,0.000,0.000,0.000,31.0,
17.11.2025,12:44:33.363,16.313,26.083,18.599,3.043,250.0,250.0,77.599,39.479,8.744,71.944,49.806,30.885,18.921,30.508,89.220,19.929,69.291,5.537,0.000,0.000,0.000,0.000,31.0,
17.11.2025,12:44:34.361,21.750,26.076,18.655,3.038,250.0,250.0,74.796,22.785,8.756,71.676,49.669,30.802,18.867,30.425,6.091,0.621,5.470,5.470,0.000,0.000,0.000,0.000,31.0,
17.11.2025,12:44:35.361,20.391,26.769,19.322,3.023,250.0,250.0,78.368,42.829,8.792,69.042,48.030,29.783,18.247,29.418,109.685,26.899,82.786,5.605,0.000,0.000,0.000,0.000,31.0,
17.11.2025,12:44:36.363,21.750,26.458,18.930,3.057,250.0,250.0,75.800,22.367,8.799,70.082,48.699,30.192,18.507,29.828,6.061,0.617,5.444,5.444,0.000,0.000,0.000,0.000,31.0,
17.11.2025,12:44:37.354,20.391,24.724,17.263,3.034,250.0,250.0,76.525,39.031,8.765,67.955,47.336,29.357,17.979,29.004,92.153,30.103,62.050,5.605,0.000,0.000,0.000,0.000,31.0,
17.11.2025,12:44:38.362,20.391,25.022,17.572,3.053,250.0,250.0,74.856,22.538,8.812,70.673,49.073,30.422,18.651,30.057,6.108,0.630,5.478,5.478,0.000,0.000,0.000,0.000,31.0,
17.11.2025,12:44:39.354,16.313,26.058,18.595,3.022,250.0,250.0,74.839,21.722,8.791,67.600,47.174,29.244,17.930,28.891,6.068,0.616,5.452,5.452,0.000,0.000,0.000,0.000,31.0,
17.11.2025,12:44:40.372,17.672,25.870,18.435,3.033,250.0,250.0,74.940,44.563,8.850,70.130,48.757,30.235,18.522,29.870,116.697,33.461,83.236,5.868,0.000,0.000,0.000,0.000,31.0,
17.11.2025,12:44:41.366,31.266,25.941,18.495,2.987,250.0,250.0,75.274,22.077,8.778,68.960,47.987,29.758,18.229,29.405,6.090,0.620,5.470,5.470,0.000,0.000,0.000,0.000,31.0,
17.11.2025,12:44:42.366,16.313,25.609,18.136,3.049,250.0,250.0,76.991,37.290,8.792,65.383,45.810,28.406,17.404,28.066,86.744,29.187,57.557,5.554,0.001,0.000,0.000,0.000,31.0,
17.11.2025,12:44:43.379,13.594,25.782,18.332,3.003,250.0,250.0,75.541,38.590,8.784,65.894,46.108,28.591,17.517,28.239,92.484,24.646,67.838,5.801,0.000,0.000,0.000,0.000,31.0,
17.11.2025,12:44:44.379,21.750,22.777,15.370,2.960,250.0,250.0,67.353,21.487,8.855,66.518,46.530,28.852,17.678,28.512,6.196,0.642,5.554,5.528,0.000,0.000,0.000,0.000,31.0,
17.11.2025,12:44:45.395,20.391,24.725,17.342,3.006,250.0,250.0,74.647,21.178,8.797,65.497,45.871,28.444,17.427,28.104,6.091,0.621,5.470,5.461,0.001,0.000,0.000,0.000,31.0,
17.11.2025,12:44:46.384,17.672,26.148,18.712,3.001,250.0,250.0,77.232,32.193,8.796,57.300,40.822,25.313,15.509,25.009,71.337,26.351,44.986,6.510,0.000,0.000,0.000,0.000,31.0,
17.11.2025,12:44:47.382,17.672,24.943,17.571,2.966,250.0,250.0,74.253,18.128,8.727,53.883,38.710,24.008,14.702,23.716,6.051,0.616,5.435,5.435,0.000,0.000,0.000,0.000,31.0,
17.11.2025,12:44:48.385,17.672,26.518,19.093,2.961,250.0,250.0,71.099,21.133,8.736,65.405,45.782,28.381,17.401,28.040,6.061,0.617,5.444,5.461,0.000,0.000,0.000,0.000,31.0,
17.11.2025,12:44:49.387,20.391,25.287,17.949,2.959,250.0,250.0,71.215,15.590,8.729,44.074,32.695,20.275,12.420,20.031,6.115,0.671,5.444,5.444,0.000,0.000,0.000,0.000,31.0,
17.11.2025,12:44:50.388,23.110,27.146,19.639,3.073,250.0,250.0,59.116,22.023,8.760,68.829,47.876,29.685,18.191,29.333,6.051,0.616,5.435,5.452,0.000,0.000,0.000,0.000,31.0,
17.11.2025,12:44:51.387,19.032,27.985,20.580,3.019,250.0,250.0,74.846,25.619,8.751,72.016,49.866,30.921,18.945,30.544,19.729,2.674,17.055,5.690,0.001,0.000,0.000,0.000,31.0,
17.11.2025,12:44:52.396,27.188,27.843,20.181,3.192,250.0,250.0,79.288,19.689,8.811,59.750,42.363,26.270,16.093,25.953,6.088,0.627,5.461,5.470,0.000,0.000,0.000,0.000,31.0,
17.11.2025,12:44:53.390,25.829,32.759,24.570,3.640,250.0,250.0,76.513,22.409,8.824,70.155,48.747,30.228,18.519,29.863,6.125,0.623,5.502,5.502,0.000,0.000,0.000,0.000,31.0,
17.11.2025,12:44:54.384,17.672,28.379,20.863,3.079,250.0,250.0,78.712,22.521,8.824,70.464,48.955,30.358,18.597,29.981,6.225,0.646,5.579,5.579,0.000,0.000,0.000,0.000,31.0,
17.11.2025,12:44:55.385,19.032,27.162,19.703,3.017,250.0,250.0,76.108,22.244,8.753,69.567,48.349,29.975,18.374,29.610,6.170,0.656,5.514,5.470,0.000,0.000,0.000,0.000,31.0,
17.11.2025,12:44:56.396,21.750,27.310,19.846,3.052,250.0,250.0,77.313,22.367,8.728,70.062,48.624,30.147,18.477,29.783,6.161,0.633,5.528,5.528,0.000,0.000,0.000,0.000,31.0,
17.11.2025,12:44:57.393,14.953,25.955,18.416,3.062,250.0,250.0,78.159,42.191,8.750,70.699,49.042,30.405,18.637,30.041,104.402,31.998,72.404,5.528,0.000,0.000,0.000,0.000,31.0,
17.11.2025,12:44:58.389,25.829,24.765,17.295,3.037,250.0,250.0,74.393,22.183,8.765,69.329,48.205,29.891,18.314,29.526,6.144,0.633,5.511,5.511,0.000,0.000,0.000,0.000,31.0,
17.11.2025,12:44:59.387,19.032,26.163,18.767,3.019,250.0,250.0,78.426,22.238,8.759,69.604,48.348,29.981,18.367,29.616,6.109,0.623,5.486,5.486,0.000,0.000,0.000,0.000,31.0,
17.11.2025,12:45:0.389,23.110,25.174,17.685,3.044,250.0,250.0,74.491,22.489,8.799,70.373,48.856,30.286,18.570,29.922,6.271,0.688,5.583,5.537,0.001,0.000,0.000,0.000,31.0,
17.11.2025,12:45:1.387,17.672,25.461,17.993,3.061,250.0,250.0,78.581,28.484,8.789,65.274,45.723,28.353,17.370,28.012,6.096,0.626,5.470,79.128,0.000,0.000,0.000,0.000,31.0,
17.11.2025,12:45:2.382,19.032,26.313,18.849,3.053,250.0,250.0,75.269,22.527,8.789,70.611,49.006,30.389,18.617,30.024,6.148,0.637,5.511,5.537,0.000,0.000,0.000,0.000,31.0,
17.11.2025,12:45:3.385,19.032,25.476,17.939,3.060,250.0,250.0,78.429,44.674,8.777,70.798,49.116,30.462,18.654,30.097,116.554,33.533,83.021,5.724,0.000,0.000,0.000,0.000,31.0,
17.11.2025,12:45:4.396,16.313,25.822,18.293,3.066,250.0,250.0,75.394,22.173,8.803,69.251,48.183,29.880,18.303,29.515,6.136,0.625,5.511,5.520,0.000,0.000,0.000,0.000,31.0,
17.11.2025,12:45:5.389,21.750,27.156,19.688,3.086,250.0,250.0,78.432,33.242,8.816,70.985,49.272,30.548,18.724,30.183,59.112,8.728,50.384,5.664,0.000,0.003,0.000,0.000,31.0,
17.11.2025,12:45:6.387,13.594,26.876,19.369,3.044,250.0,250.0,77.305,37.743,8.803,69.828,48.533,30.098,18.435,29.733,6.124,0.622,5.502,159.757,0.000,0.000,0.000,0.000,31.0,
17.11.2025,12:45:7.390,17.672,25.835,18.388,3.041,250.0,250.0,77.365,22.369,8.818,69.940,48.622,30.144,18.478,29.779,6.184,0.638,5.546,5.546,0.000,0.000,0.000,0.000,31.0,
17.11.2025,12:45:8.387,21.750,27.455,19.915,3.058,250.0,250.0,78.718,45.881,8.880,69.438,48.349,29.978,18.371,29.613,124.144,34.589,89.555,5.894,0.000,0.000,0.000,0.000,31.0,
17.11.2025,12:45:9.384,25.829,25.983,18.495,3.057,250.0,250.0,74.738,22.203,8.752,69.430,48.247,29.916,18.331,29.563,6.136,0.625,5.511,5.520,0.000,0.000,0.000,0.000,31.0,
17.11.2025,12:45:10.385,14.953,26.627,19.186,3.060,250.0,250.0,78.457,27.020,8.744,70.776,49.082,30.439,18.643,30.074,28.388,3.727,24.661,5.664,0.000,0.000,0.000,0.500,31.0,
17.11.2025,12:45:11.394,14.953,26.627,19.186,3.060,250.0,250.0,74.959,22.144,8.731,69.233,48.112,29.830,18.282,29.466,6.136,0.625,5.511,5.511,0.000,0.000,0.000,0.000,31.0,
17.11.2025,12:45:12.393,23.110,25.786,18.258,3.073,250.0,250.0,78.145,22.306,8.756,69.737,48.467,30.048,18.419,29.683,6.196,0.642,5.554,5.554,0.000,0.000,0.000,0.000,31.0,
17.11.2025,12:45:13.385,28.547,27.885,20.379,3.068,250.0,250.0,78.581,40.271,8.790,69.546,48.362,29.995,18.367,29.631,96.084,23.477,72.607,5.851,0.000,0.000,0.000,0.000,31.0,
17.11.2025,12:45:14.384,19.032,24.813,17.329,3.080,250.0,250.0,75.536,22.342,8.805,69.912,48.582,30.122,18.460,29.757,6.136,0.625,5.511,5.511,0.000,0.000,0.000,0.000,31.0,
17.11.2025,12:45:15.382,17.672,25.813,18.282,3.070,250.0,250.0,78.892,22.521,8.843,70.511,48.977,30.377,18.600,30.012,6.173,0.627,5.546,5.546,0.001,0.000,0.000,0.000,31.0,
17.11.2025,12:45:16.394,24.469,27.872,20.382,3.064,250.0,250.0,79.278,15.927,8.779,44.944,33.263,20.626,12.637,20.370,6.436,0.653,5.783,5.783,0.000,0.000,0.000,0.000,31.0,
17.11.2025,12:45:17.383,16.313,25.395,17.902,3.062,250.0,250.0,76.570,45.932,8.776,69.387,48.245,29.922,18.323,29.557,124.652,34.716,89.936,5.809,0.000,0.000,0.000,0.000,31.0,
17.11.2025,12:45:18.384,17.672,26.533,19.063,3.023,250.0,250.0,77.583,40.665,8.744,74.137,51.166,31.731,19.435,31.341,92.286,30.084,62.202,5.528,0.000,0.000,0.000,0.000,31.0,
17.11.2025,12:45:19.385,17.672,26.859,19.368,3.064,250.0,250.0,75.653,22.677,8.795,71.134,49.355,30.603,18.752,30.226,6.180,0.634,5.546,5.546,0.000,0.000,0.000,0.000,31.0,
17.11.2025,12:45:20.388,20.391,24.655,17.116,3.064,250.0,250.0,79.431,13.355,8.784,35.244,27.299,16.924,10.375,16.729,6.341,0.668,5.673,5.511,0.000,0.000,0.000,0.000,31.0,
17.11.2025,12:45:21.389,17.672,26.613,19.185,3.024,250.0,250.0,76.069,22.382,8.818,69.975,48.642,30.153,18.489,29.788,6.187,0.633,5.554,5.579,0.001,0.000,0.000,0.000,31.0,
17.11.2025,12:45:22.389,21.750,25.145,17.644,3.059,250.0,250.0,76.069,22.382,8.818,69.975,48.642,30.153,18.489,29.788,6.187,0.633,5.554,5.579,0.000,0.000,0.000,0.000,31.0,
17.11.2025,12:45:23.385,31.266,27.746,20.260,3.038,250.0,250.0,79.221,22.548,8.777,70.617,48.997,30.383,18.614,30.018,6.234,0.646,5.588,5.605,0.000,0.000,0.000,0.000,31.0,
17.11.2025,12:45:24.382,20.391,24.775,17.258,3.051,250.0,250.0,78.695,36.967,8.799,70.321,48.829,30.280,18.549,29.915,78.586,16.104,62.482,5.801,0.000,0.000,0.000,0.000,31.0,
17.11.2025,12:45:25.390,16.313,26.640,19.222,3.031,250.0,250.0,75.469,22.574,8.863,70.715,49.122,30.453,18.669,30.088,6.153,0.625,5.528,5.528,0.000,0.000,0.000,0.000,31.0,
17.11.2025,12:45:26.384,20.391,26.431,18.916,3.037,250.0,250.0,76.021,22.479,8.839,70.296,48.846,30.298,18.548,29.933,6.222,0.634,5.588,5.588,0.000,0.000,0.000,0.000,31.0,
17.11.2025,12:45:27.388,32.625,27.140,19.677,3.029,250.0,250.0,77.627,12.896,8.752,33.638,26.287,16.307,9.980,16.111,6.176,0.648,5.528,5.528,0.000,0.000,0.000,0.000,31.0,
17.11.2025,12:45:28.384,32.625,27.195,19.730,3.037,250.0,250.0,76.556,22.569,8.790,70.710,49.063,30.415,18.648,30.051,6.222,0.651,5.571,5.571,0.000,0.000,0.000,0.000,31.0,
17.11.2025,12:45:29.382,19.032,27.280,19.819,3.030,250.0,250.0,78.640,22.362,8.777,69.983,48.619,30.139,18.480,29.775,6.160,0.632,5.528,5.528,0.000,0.000,0.000,0.000,31.0,
17.11.2025,12:45:30.383,25.829,28.998,21.561,3.025,250.0,250.0,74.891,22.466,8.836,70.266,48.810,30.263,18.547,29.899,6.223,0.635,5.588,5.588,0.000,0.000,0.000,0.000,31.0,
17.11.2025,12:45:31.385,19.032,26.628,19.205,2.995,250.0,250.0,78.115,15.912,8.756,45.191,33.400,20.713,12.687,20.457,6.192,0.664,5.528,5.528,0.000,0.000,0.000,0.000,31.0,
17.11.2025,12:45:32.385,39.422,27.552,20.106,3.003,250.0,250.0,74.945,22.506,8.814,70.417,48.909,30.328,18.581,29.963,6.229,0.641,5.588,5.588,0.000,0.000,0.000,0.000,31.0,
17.11.2025,12:45:33.397,16.313,26.326,18.913,2.997,250.0,250.0,78.459,44.315,8.813,69.787,48.513,30.080,18.433,29.715,115.956,33.150,82.806,5.894,0.000,0.000,0.000,0.000,31.0,
17.11.2025,12:45:34.389,20.391,25.837,18.395,2.983,250.0,250.0,74.915,22.502,8.802,70.427,48.901,30.330,18.571,29.965,6.236,0.682,5.554,5.554,0.001,0.000,0.000,0.000,31.0,
17.11.2025,12:45:35.388,25.829,28.763,21.338,3.010,250.0,250.0,78.916,46.402,8.789,71.266,49.423,30.646,18.777,30.282,124.520,34.593,89.927,5.792,0.000,0.000,0.000,0.000,31.0,
17.11.2025,12:45:36.384,19.032,27.519,20.071,3.017,250.0,250.0,75.602,22.741,8.788,71.324,49.445,30.662,18.783,30.297,6.272,0.701,5.571,5.571,0.000,0.000,1.625,0.000,31.0,
17.11.2025,12:45:37.391,16.313,26.451,19.024,2.989,250.0,250.0,78.355,22.418,8.836,70.122,48.729,30.225,18.504,29.860,6.180,0.634,5.546,5.546,0.000,0.000,0.000,0.000,31.0,
17.11.2025,12:45:38.394,16.313,26.354,18.897,3.015,250.0,250.0,75.591,39.991,8.909,70.469,49.000,30.385,18.615,30.008,93.385,21.967,71.418,5.750,0.000,0.000,2.125,0.000,31.0,
17.11.2025,12:45:39.384,23.110,27.421,20.032,2.987,250.0,250.0,75.404,22.474,8.952,70.193,48.848,30.289,18.559,29.924,6.203,0.632,5.571,5.571,0.000,0.000,0.000,0.000,31.0,
17.11.2025,12:45:40.390,19.032,25.999,18.534,3.010,250.0,250.0,79.205,46.492,8.892,71.574,49.678,30.801,18.877,30.424,124.364,34.551,89.813,5.945,0.000,0.000,0.000,0.000,31.0,
17.11.2025,12:45:41.390,16.313,25.115,17.689,2.974,250.0,250.0,75.787,22.263,8.876,69.420,48.342,29.974,18.368,29.609,6.229,0.641,5.588,5.588,0.000,0.000,0.000,0.000,31.0,
17.11.2025,12:45:42.388,29.907,27.445,19.978,3.034,250.0,250.0,78.632,36.259,8.862,70.876,49.240,30.531,18.709,30.154,74.230,14.490,59.740,5.758,0.000,0.000,0.000,0.000,31.0,
17.11.2025,12:45:43.389,17.672,27.820,20.375,2.988,250.0,250.0,75.665,21.260,8.825,65.665,45.986,28.509,17.477,28.168,6.185,0.631,5.554,5.597,0.000,0.000,0.000,0.000,31.0,
17.11.2025,12:45:44.386,17.672,25.385,18.008,2.978,250.0,250.0,75.656,21.335,8.839,65.861,46.129,28.607,17.522,28.254,6.267,0.637,5.630,5.605,0.000,0.000,0.000,0.000,31.0,
17.11.2025,12:45:45.383,13.594,26.824,19.395,2.980,250.0,250.0,74.850,21.345,8.924,65.911,46.212,28.655,17.557,28.302,6.173,0.627,5.546,5.546,0.000,0.000,0.000,0.000,31.0,
17.11.2025,12:45:46.383,16.313,24.448,17.063,2.964,250.0,250.0,77.850,21.355,8.816,65.921,46.150,28.617,17.533,28.265,6.316,0.643,5.673,5.614,0.000,0.000,0.000,0.000,31.0,
17.11.2025,12:45:47.390,32.625,26.610,19.206,2.986,250.0,250.0,74.821,19.033,8.817,56.914,40.643,25.202,15.441,24.897,6.434,0.850,5.584,5.546,0.000,0.000,0.000,0.000,31.0,
17.11.2025,12:45:48.386,17.672,25.930,18.599,2.922,250.0,250.0,75.337,21.536,8.824,66.752,46.665,28.941,17.724,28.588,6.164,0.627,5.537,5.537,0.001,0.000,0.000,0.000,31.0,
17.11.2025,12:45:49.389,19.032,25.978,18.631,2.932,250.0,250.0,72.124,21.444,8.842,66.359,46.450,28.800,17.650,28.447,6.173,0.627,5.546,5.546,0.000,0.000,0.000,0.000,31.0,
17.11.2025,12:45:50.386,20.391,25.612,18.267,2.941,250.0,250.0,71.666,21.298,8.766,65.888,46.098,28.579,17.519,28.238,6.173,0.627,5.546,5.546,0.000,0.000,0.000,0.000,31.0,
17.11.2025,12:45:51.384,35.344,24.103,16.638,3.031,250.0,250.0,60.593,23.045,8.780,72.319,50.064,31.041,19.023,30.676,6.442,0.733,5.709,5.664,0.000,0.000,0.000,0.000,31.0,
17.11.2025,12:45:52.384,19.032,26.608,19.161,3.039,250.0,250.0,76.064,22.543,8.827,70.527,48.992,30.371,18.621,30.006,6.241,0.636,5.605,5.605,0.000,0.000,0.000,0.000,31.0,
17.11.2025,12:45:53.395,20.391,26.167,18.795,2.966,250.0,250.0,78.956,46.601,8.864,78.626,53.993,33.478,20.515,33.077,115.962,33.245,82.717,5.537,0.000,0.000,0.000,0.125,31.0,
17.11.2025,12:45:54.387,25.829,29.628,21.781,3.320,250.0,250.0,76.972,22.336,8.863,69.732,48.507,30.084,18.423,29.719,6.220,0.632,5.588,5.588,0.000,0.000,0.000,0.000,31.0,
17.11.2025,12:45:55.394,17.672,29.518,21.711,3.307,250.0,250.0,75.653,16.399,8.782,47.044,34.541,21.410,13.131,21.154,6.188,0.634,5.554,5.554,0.000,0.000,0.000,0.000,31.0,
17.11.2025,12:45:56.387,19.032,26.815,19.406,2.976,250.0,250.0,78.835,22.347,8.831,69.731,48.499,30.078,18.421,29.713,6.277,0.638,5.639,5.639,0.000,0.000,0.000,0.000,31.0,
17.11.2025,12:45:57.386,21.750,26.246,18.861,2.979,250.0,250.0,75.714,22.688,8.829,71.017,49.289,30.556,18.733,30.191,6.351,0.789,5.562,5.562,0.000,0.000,0.000,0.000,31.0,
17.11.2025,12:45:58.385,20.391,28.877,21.443,2.981,250.0,250.0,79.235,22.651,8.794,70.877,49.198,30.507,18.691,30.142,6.319,0.655,5.664,5.664,0.000,0.000,0.000,0.000,31.0,
17.11.2025,12:45:59.382,23.110,25.324,17.937,2.970,250.0,250.0,72.671,22.509,8.827,70.454,48.934,30.340,18.594,29.975,6.202,0.631,5.571,5.562,0.001,0.000,0.000,0.000,31.0,
17.11.2025,12:46:0.384,16.313,27.132,19.761,2.948,250.0,250.0,79.277,22.544,8.850,70.440,48.946,30.352,18.594,29.987,6.304,0.648,5.656,5.664,0.000,0.000,1.625,0.000,31.0,
17.11.2025,12:46:1.384,23.110,25.558,18.114,2.999,250.0,250.0,78.414,32.291,8.894,50.189,36.513,22.638,13.875,22.371,22.292,5.920,16.372,123.842,0.000,0.000,0.000,0.000,31.0,
17.11.2025,12:46:2.385,16.313,26.291,18.888,2.980,250.0,250.0,75.600,22.545,8.884,70.334,48.898,30.329,18.569,29.964,6.433,0.845,5.588,5.605,0.000,0.000,0.000,0.000,42.0,
17.11.2025,12:46:3.389,36.704,26.150,18.703,2.996,250.0,250.0,79.132,43.654,8.839,71.013,49.306,30.572,18.734,30.207,110.989,29.966,81.023,5.894,0.000,0.000,0.000,0.000,42.0,
17.11.2025,12:46:4.389,28.547,26.291,18.853,3.011,250.0,250.0,75.847,22.144,8.824,69.032,48.080,29.811,18.269,29.446,6.201,0.630,5.571,5.571,0.000,0.000,0.000,0.000,42.0,
17.11.2025,12:46:5.383,25.829,27.403,19.990,3.026,250.0,250.0,79.341,30.424,8.800,59.659,42.276,26.217,16.059,25.901,59.327,22.277,37.050,6.677,0.000,0.000,0.000,0.000,42.0,
17.11.2025,12:46:6.382,24.469,27.012,19.538,3.055,250.0,250.0,75.791,22.346,8.813,69.812,48.539,30.094,18.445,29.729,6.220,0.632,5.588,5.588,0.000,0.000,0.000,0.000,42.0,
17.11.2025,12:46:7.395,27.188,27.449,20.009,3.020,250.0,250.0,78.991,22.807,8.799,71.483,49.572,30.738,18.834,30.361,6.308,0.644,5.664,5.664,0.000,0.000,0.000,0.375,42.0,
17.11.2025,12:46:8.385,27.188,24.859,17.410,3.023,250.0,250.0,77.416,22.846,8.858,71.583,49.666,30.797,18.869,30.420,6.340,0.710,5.630,5.588,0.001,0.000,0.000,0.375,42.0,
17.11.2025,12:46:9.390,24.469,27.086,19.610,3.029,250.0,250.0,78.160,22.444,8.796,69.943,48.594,30.124,18.470,29.759,6.523,0.755,5.768,5.706,0.000,0.000,0.000,0.000,42.0,
17.11.2025,12:46:10.386,20.391,24.827,17.431,3.014,250.0,250.0,76.125,23.191,8.848,72.949,50.496,31.309,19.187,30.933,6.290,0.685,5.605,5.605,0.001,0.000,0.000,0.000,42.0,
17.11.2025,12:46:11.383,27.188,27.672,20.169,3.024,250.0,250.0,79.298,44.770,8.808,70.710,49.071,30.429,18.642,30.065,116.984,33.529,83.455,6.004,0.000,0.000,0.000,0.000,42.0,
17.11.2025,12:46:12.386,21.750,26.774,19.291,3.044,250.0,250.0,76.343,23.332,8.787,73.576,50.850,31.533,19.317,31.144,6.251,0.637,5.614,5.614,0.000,0.000,0.000,0.000,42.0,
17.11.2025,12:46:13.387,25.829,29.745,22.126,3.194,250.0,250.0,80.631,24.879,8.773,73.285,50.640,31.403,19.237,31.026,14.365,1.923,12.442,5.698,0.000,0.000,0.000,0.250,42.0,
17.11.2025,12:46:14.395,14.953,26.702,19.161,3.095,250.0,250.0,76.388,22.460,8.759,70.259,48.753,30.238,18.515,29.874,6.279,0.640,5.639,5.639,0.000,0.000,0.000,0.000,42.0,
17.11.2025,12:46:15.392,24.469,26.797,19.261,3.085,250.0,250.0,79.673,22.515,8.786,70.481,48.941,30.349,18.592,29.972,6.220,0.632,5.588,5.588,0.000,0.000,0.000,0.000,42.0,
17.11.2025,12:46:16.388,19.032,28.960,21.331,3.157,250.0,250.0,75.905,22.870,8.773,71.756,49.711,30.831,18.880,30.454,6.318,0.654,5.664,5.656,0.000,0.000,0.000,0.000,42.0,
17.11.2025,12:46:17.391,39.422,28.364,20.951,3.018,250.0,250.0,75.706,22.866,8.801,71.775,49.734,30.837,18.897,30.472,6.259,0.645,5.614,5.622,0.000,0.000,0.000,0.000,42.0,
17.11.2025,12:46:18.387,20.391,27.694,20.234,3.028,250.0,250.0,78.938,46.204,8.766,70.797,49.108,30.453,18.655,30.088,124.149,34.402,89.747,5.877,0.000,0.000,0.000,0.000,42.0,
17.11.2025,12:46:19.389,17.672,27.498,20.014,3.013,250.0,250.0,75.879,22.918,8.775,72.020,49.862,30.924,18.938,30.547,6.249,0.635,5.614,5.614,0.001,0.000,0.000,0.000,42.0,
17.11.2025,12:46:20.385,27.188,25.666,18.224,3.019,250.0,250.0,79.546,22.647,8.790,70.904,49.201,30.510,18.691,30.133,6.287,0.639,5.648,5.664,0.000,0.000,0.000,0.000,42.0,
17.11.2025,12:46:21.382,32.625,26.621,19.161,3.035,250.0,250.0,79.260,46.087,8.798,70.337,48.852,30.298,18.554,29.933,124.122,34.353,89.769,5.859,0.000,0.000,0.000,2.375,42.0,
17.11.2025,12:46:22.382,20.391,27.242,19.759,3.032,250.0,250.0,76.544,22.658,8.774,71.004,49.257,30.544,18.713,30.179,6.249,0.635,5.614,5.614,0.000,0.000,0.000,0.000,42.0,
17.11.2025,12:46:23.390,19.032,24.519,17.090,3.028,250.0,250.0,79.803,45.252,8.871,70.821,49.197,30.508,18.689,30.131,119.180,33.617,85.563,5.945,0.000,0.000,0.000,0.000,42.0,
17.11.2025,12:46:24.528,42.141,32.947,25.077,3.341,250.0,250.0,77.523,37.634,9.225,95.973,65.019,40.314,24.705,39.827,46.027,5.795,40.232,9.219,0.000,0.000,0.000,0.000,42.0,
17.11.2025,12:46:25.598,50.298,56.812,48.410,3.753,250.0,250.0,98.421,32.268,9.124,102.635,69.047,42.814,26.233,42.303,10.671,1.450,9.221,9.179,0.000,0.000,0.000,1.250,42.0,
17.11.2025,12:46:26.385,28.547,84.509,75.509,4.178,250.0,250.0,106.016,27.603,8.903,85.513,58.438,36.231,22.207,35.792,9.938,0.869,9.069,9.069,0.001,0.000,0.000,1.250,42.0,
17.11.2025,12:46:27.397,33.985,44.099,35.855,3.618,250.0,250.0,103.878,52.017,8.873,95.097,64.240,39.829,24.411,39.355,119.567,33.175,86.392,9.230,0.000,0.000,0.000,0.000,42.0,
17.11.2025,12:46:28.384,27.188,32.345,24.578,3.278,250.0,250.0,101.521,34.267,8.901,96.571,65.166,40.409,24.757,39.922,28.839,3.615,25.224,9.270,0.000,0.000,0.000,0.000,42.0,
17.11.2025,12:46:29.381,23.110,42.246,34.236,3.480,250.0,250.0,103.982,30.735,8.968,97.304,65.668,40.713,24.955,40.226,10.152,0.940,9.212,9.209,0.000,0.000,0.000,2.375,42.0,
17.11.2025,12:46:30.382,29.907,32.218,24.562,3.218,250.0,250.0,103.451,30.600,8.943,96.940,65.451,40.587,24.864,40.088,10.001,0.872,9.129,9.129,0.000,0.000,0.000,0.000,42.0,
17.11.2025,12:46:31.384,19.032,30.337,22.799,3.094,250.0,250.0,105.675,39.541,9.009,97.651,65.922,40.876,25.046,40.389,53.620,6.765,46.855,9.279,0.000,0.000,0.000,1.125,42.0,
17.11.2025,12:46:32.384,19.032,30.431,22.716,3.228,250.0,250.0,94.594,23.831,8.858,74.766,51.642,32.024,19.618,31.634,6.842,0.712,6.130,6.084,0.000,0.000,0.000,0.000,42.0,
17.11.2025,12:46:33.382,27.188,26.108,18.601,3.070,250.0,250.0,82.225,23.339,8.809,73.259,50.675,31.416,19.259,31.039,6.524,0.643,5.881,5.881,0.000,0.000,0.000,0.000,42.0,
17.11.2025,12:46:34.386,16.313,32.275,24.626,3.168,250.0,250.0,77.657,22.772,8.894,71.201,49.452,30.666,18.786,30.289,6.368,0.653,5.715,5.698,0.000,0.000,0.000,0.000,42.0,
17.11.2025,12:46:35.385,16.313,25.157,17.715,3.028,250.0,250.0,80.041,23.851,8.759,39.650,29.953,18.576,11.377,18.344,6.541,0.732,5.809,98.774,0.000,0.000,0.000,0.000,42.0,
17.11.2025,12:46:36.384,21.750,26.097,18.527,3.085,250.0,250.0,76.030,22.307,8.761,69.596,48.368,29.988,18.380,29.636,6.325,0.644,5.681,5.690,0.000,0.000,0.000,0.000,42.0,
17.11.2025,12:46:37.392,21.750,26.113,18.716,3.016,250.0,250.0,79.218,22.422,8.801,70.040,48.658,30.177,18.481,29.813,6.293,0.637,5.656,5.664,0.000,0.000,0.000,0.000,42.0,
17.11.2025,12:46:38.389,14.953,26.795,19.294,3.044,250.0,250.0,75.698,30.497,8.861,69.348,48.271,29.935,18.336,29.571,47.397,6.701,40.696,5.851,0.000,0.000,0.000,0.000,42.0,
17.11.2025,12:46:39.386,21.750,23.663,16.257,3.006,250.0,250.0,75.579,22.537,8.863,70.394,48.928,30.332,18.596,29.968,6.306,0.642,5.664,5.673,0.000,0.000,0.000,0.000,42.0,
17.11.2025,12:46:40.389,17.672,25.397,17.919,3.039,250.0,250.0,78.971,27.979,8.825,70.270,48.822,30.278,18.544,29.914,33.650,4.452,29.198,5.834,0.000,0.000,0.000,0.000,42.0,
17.11.2025,12:46:41.389,19.032,26.592,19.105,3.013,250.0,250.0,79.027,46.230,8.801,70.511,48.946,30.357,18.589,29.993,124.524,34.575,89.949,6.055,0.000,0.000,0.500,0.000,42.0,
17.11.2025,12:46:42.387,19.032,26.592,19.105,3.013,250.0,250.0,75.225,22.554,8.776,70.468,48.919,30.339,18.580,29.974,6.382,0.658,5.724,5.724,0.000,0.000,0.000,0.000,42.0,
17.11.2025,12:46:43.382,23.110,26.451,19.012,3.020,250.0,250.0,78.703,34.707,8.822,68.860,47.939,29.723,18.216,29.359,69.177,12.474,56.703,5.792,0.000,0.000,0.000,0.000,42.0,
17.11.2025,12:46:44.395,16.313,25.446,18.007,3.044,250.0,250.0,74.268,21.314,8.873,65.644,46.012,28.529,17.483,28.189,6.353,0.647,5.706,5.706,0.000,0.000,0.000,0.000,42.0,
17.11.2025,12:46:45.390,23.110,25.072,17.599,3.039,250.0,250.0,74.542,21.523,8.798,66.553,46.529,28.847,17.682,28.494,6.323,0.642,5.681,5.681,0.000,0.000,0.000,0.000,42.0,
17.11.2025,12:46:46.382,38.063,27.662,20.188,3.025,250.0,250.0,75.462,27.433,8.840,68.611,47.830,29.660,18.170,29.307,6.305,0.641,5.664,59.299,0.001,0.000,0.000,0.000,42.0,
17.11.2025,12:46:47.382,12.235,25.770,18.267,3.029,250.0,250.0,77.121,21.289,8.851,65.501,45.903,28.469,17.434,28.128,6.423,0.665,5.758,5.758,0.000,0.000,1.000,0.000,42.0,
17.11.2025,12:46:48.393,16.313,26.282,18.876,3.005,250.0,250.0,74.667,21.393,8.870,65.976,46.230,28.663,17.567,28.322,6.315,0.642,5.673,5.673,0.000,0.000,0.000,0.000,42.0,
17.11.2025,12:46:49.390,17.672,24.860,17.383,3.002,250.0,250.0,71.278,32.106,8.788,65.971,46.158,28.619,17.539,28.278,60.008,10.858,49.150,5.690,0.000,0.000,0.000,0.000,42.0,
17.11.2025,12:46:50.394,21.750,25.866,18.476,2.959,250.0,250.0,71.268,21.265,8.764,65.577,45.902,28.461,17.441,28.120,6.346,0.656,5.690,5.690,0.000,0.000,0.000,0.000,42.0,
17.11.2025,12:46:51.384,17.672,25.847,18.466,2.962,250.0,250.0,71.135,27.506,8.761,76.806,52.857,32.777,20.080,32.376,22.834,3.581,19.253,5.732,0.000,0.000,0.000,0.000,42.0,
17.11.2025,12:46:52.396,20.391,26.038,18.608,3.009,250.0,250.0,62.197,24.878,8.810,66.949,46.785,29.005,17.780,28.652,22.549,5.950,16.599,5.698,0.000,0.000,0.000,0.000,42.0,
17.11.2025,12:46:53.395,19.032,24.468,16.963,3.088,250.0,250.0,75.579,29.140,8.825,70.539,49.009,30.390,18.619,30.013,39.049,5.101,33.948,5.910,0.000,0.000,0.000,0.000,42.0,
17.11.2025,12:46:54.392,14.953,27.702,20.278,3.015,250.0,250.0,75.911,22.900,8.814,71.707,49.717,30.830,18.887,30.453,6.434,0.701,5.733,5.724,0.000,0.000,0.000,0.000,42.0,
17.11.2025,12:46:55.384,38.063,27.340,19.859,3.033,250.0,250.0,75.911,22.900,8.814,71.707,49.717,30.830,18.887,30.453,6.434,0.701,5.733,5.724,0.000,0.000,0.000,0.000,42.0,
17.11.2025,12:46:56.395,17.672,30.575,22.572,3.520,250.0,250.0,79.015,46.398,8.836,71.226,49.425,30.652,18.773,30.275,124.425,34.583,89.842,5.945,0.000,0.000,0.000,0.000,42.0,
17.11.2025,12:46:57.387,28.547,31.043,23.117,3.389,250.0,250.0,75.365,22.427,8.809,69.969,48.620,30.157,18.463,29.792,6.360,0.662,5.698,5.741,0.000,0.000,0.000,0.000,42.0,
17.11.2025,12:46:58.388,25.829,26.543,19.045,3.083,250.0,250.0,78.317,20.900,8.737,61.439,43.335,26.872,16.463,26.544,6.891,0.861,6.030,11.826,0.001,0.000,0.000,2.250,42.0,
17.11.2025,12:46:59.385,21.750,25.304,17.896,2.995,250.0,250.0,75.191,22.064,8.786,68.612,47.766,29.620,18.146,29.267,6.354,0.648,5.706,5.741,0.000,0.000,0.000,0.000,42.0,
17.11.2025,12:47:0.383,17.672,26.419,19.015,2.959,250.0,250.0,74.954,22.643,8.777,70.882,49.152,30.483,18.669,30.119,6.323,0.642,5.681,5.698,0.000,0.000,0.000,0.000,42.0,
17.11.2025,12:47:1.382,17.672,25.437,17.956,3.005,250.0,250.0,78.653,45.151,8.852,72.301,50.088,31.057,19.031,30.692,116.804,33.515,83.289,5.877,0.000,0.000,0.000,0.000,42.0,
17.11.2025,12:47:2.396,23.110,26.122,18.688,3.031,250.0,250.0,75.654,22.707,8.773,71.097,49.301,30.575,18.726,30.198,6.351,0.653,5.698,5.698,0.000,0.000,0.000,0.000,42.0,
17.11.2025,12:47:3.394,19.032,26.708,19.247,3.019,250.0,250.0,78.711,46.358,8.833,69.680,48.466,30.050,18.416,29.685,126.280,35.688,90.592,5.894,0.000,0.000,0.000,0.000,42.0,
17.11.2025,12:47:4.394,24.469,25.168,17.724,3.023,250.0,250.0,75.705,22.455,8.797,70.109,48.695,30.199,18.496,29.835,6.354,0.648,5.706,5.706,0.000,0.000,0.000,0.000,42.0,
17.11.2025,12:47:5.385,13.594,27.162,19.741,3.017,250.0,250.0,78.997,45.835,8.812,69.453,48.312,29.955,18.357,29.590,123.973,34.373,89.600,5.928,0.000,0.000,0.000,0.000,42.0,
17.11.2025,12:47:6.386,20.391,28.096,20.572,3.036,250.0,250.0,77.133,22.293,8.785,69.511,48.319,29.969,18.350,29.604,6.345,0.647,5.698,5.698,0.000,0.000,0.000,0.000,42.0,
17.11.2025,12:47:7.387,14.953,26.941,19.512,3.018,250.0,250.0,77.097,24.378,8.823,71.220,49.421,30.645,18.776,30.280,14.395,1.900,12.495,5.826,0.000,0.000,0.000,0.000,42.0,
17.11.2025,12:47:8.384,19.032,26.493,19.076,2.969,250.0,250.0,75.660,22.649,8.839,70.793,49.162,30.485,18.677,30.108,6.358,0.652,5.706,5.706,0.000,0.000,0.000,0.000,42.0,
17.11.2025,12:47:9.397,23.110,26.583,19.151,3.011,250.0,250.0,78.880,46.095,8.908,69.917,48.634,30.162,18.472,29.797,124.500,34.593,89.907,6.063,0.000,0.000,0.000,0.000,42.0,
17.11.2025,12:47:10.411,21.750,25.263,17.819,3.002,250.0,250.0,75.554,22.046,8.856,68.471,47.722,29.591,18.131,29.239,6.354,0.648,5.706,5.741,0.000,0.000,0.000,1.125,42.0,
17.11.2025,12:47:11.407,17.672,29.470,22.097,2.975,250.0,250.0,78.203,40.006,8.890,70.221,48.823,30.280,18.543,29.916,93.720,22.107,71.613,5.945,0.000,0.000,0.000,0.000,42.0,
17.11.2025,12:47:12.400,23.110,28.711,21.224,3.034,250.0,250.0,75.461,22.355,8.819,69.661,48.430,30.035,18.395,29.671,6.391,0.650,5.741,5.758,0.000,0.000,0.000,0.000,42.0,
17.11.2025,12:47:13.400,19.032,25.972,18.530,3.004,250.0,250.0,76.995,22.705,8.847,71.014,49.299,30.564,18.735,30.199,6.346,0.648,5.698,5.698,0.000,0.000,0.000,0.000,42.0,
17.11.2025,12:47:14.414,19.032,25.552,18.137,3.003,250.0,250.0,77.338,66.629,8.898,142.979,93.676,58.091,35.585,57.387,131.764,35.597,96.167,6.149,0.000,0.000,0.000,0.000,42.0,
17.11.2025,12:47:15.427,23.110,27.113,19.691,2.970,250.0,250.0,68.020,32.159,8.827,72.666,50.312,31.201,19.111,30.824,51.222,7.057,44.165,6.203,0.000,0.000,0.000,0.000,42.0,
17.11.2025,12:47:16.426,17.672,27.070,19.624,3.000,250.0,250.0,80.682,23.016,8.801,72.176,49.998,31.001,18.997,30.624,6.393,0.652,5.741,5.775,0.000,0.000,0.000,0.000,42.0,
17.11.2025,12:47:17.425,17.672,25.522,18.130,2.982,250.0,250.0,80.718,46.337,8.799,70.889,49.189,30.503,18.686,30.138,124.549,34.586,89.963,6.072,0.000,0.000,0.000,0.000,42.0,
17.11.2025,12:47:18.415,17.672,29.216,21.771,3.015,250.0,250.0,76.802,22.554,8.824,70.434,48.925,30.335,18.590,29.971,6.373,0.658,5.715,5.715,0.000,0.000,0.000,2.375,42.0,
17.11.2025,12:47:19.420,16.313,26.137,18.706,2.990,250.0,250.0,79.769,35.837,8.797,62.681,44.144,27.374,16.770,27.034,17.853,4.640,13.213,135.867,0.000,0.000,0.000,0.000,42.0,
17.11.2025,12:47:20.419,20.391,26.312,18.880,3.013,250.0,250.0,75.684,46.042,8.802,70.006,48.650,30.175,18.475,29.811,124.337,34.559,89.778,5.826,0.000,0.000,0.000,0.000,42.0,
17.11.2025,12:47:21.417,24.469,27.618,20.163,3.007,250.0,250.0,75.781,22.713,8.766,71.119,49.313,30.573,18.740,30.208,6.352,0.646,5.706,5.706,0.000,0.000,0.000,0.000,42.0,
17.11.2025,12:47:22.417,24.469,25.091,17.669,2.991,250.0,250.0,78.814,19.012,8.769,37.080,28.376,17.593,10.783,17.386,6.766,0.685,6.081,56.603,0.000,0.000,0.000,0.000,42.0,
17.11.2025,12:47:23.414,20.391,27.216,19.792,2.976,250.0,250.0,75.357,37.509,8.836,70.819,49.168,30.493,18.675,30.128,80.575,16.977,63.598,5.818,0.000,0.000,0.000,0.000,42.0,
17.11.2025,12:47:24.414,0.000,25.454,18.071,2.967,250.0,250.0,79.321,22.610,8.841,70.660,49.064,30.423,18.641,30.058,6.352,0.646,5.706,5.706,0.000,0.000,0.000,0.000,42.0,
17.11.2025,12:47:25.427,31.266,26.060,18.618,2.986,250.0,250.0,79.238,38.090,8.824,70.206,48.774,30.247,18.527,29.882,84.295,17.905,66.390,5.851,0.000,0.000,0.000,2.250,42.0,
17.11.2025,12:47:26.426,25.829,24.616,17.256,2.972,250.0,250.0,75.162,22.354,8.822,69.624,48.405,30.010,18.395,29.645,6.431,0.656,5.775,5.775,0.000,0.000,0.000,0.000,42.0,
17.11.2025,12:47:27.424,23.110,25.036,17.638,2.961,250.0,250.0,76.034,19.335,8.753,58.085,41.318,25.621,15.697,25.305,6.430,0.683,5.747,5.706,0.000,0.000,0.000,0.000,42.0,
17.11.2025,12:47:28.420,20.391,23.983,16.564,2.981,250.0,250.0,78.759,32.334,8.778,69.523,48.324,29.967,18.357,29.603,56.408,8.212,48.196,5.970,0.000,0.000,0.000,0.000,42.0,
17.11.2025,12:47:29.417,24.469,26.229,18.820,2.979,250.0,250.0,75.907,22.866,8.825,71.333,49.474,30.677,18.797,30.312,6.683,0.782,5.901,5.877,0.000,0.000,0.000,0.000,42.0,
17.11.2025,12:47:30.421,23.110,26.376,18.978,2.947,250.0,250.0,76.588,22.214,8.846,69.107,48.111,29.829,18.282,29.477,6.381,0.649,5.732,5.724,0.000,0.000,0.000,0.000,42.0,
17.11.2025,12:47:31.418,21.750,25.726,18.351,2.955,250.0,250.0,79.180,39.505,8.820,70.189,48.774,30.239,18.535,29.874,91.279,20.830,70.449,6.063,0.000,0.000,0.000,0.000,42.0,
17.11.2025,12:47:32.421,19.032,25.409,18.016,2.938,250.0,250.0,75.826,22.343,8.885,69.570,48.417,30.021,18.396,29.668,6.372,0.648,5.724,5.732,0.000,0.000,0.000,0.000,42.0,
17.11.2025,12:47:33.420,17.672,25.201,17.863,2.941,250.0,250.0,78.149,16.905,8.865,48.360,35.401,21.955,13.446,21.686,6.811,0.816,5.995,5.715,0.000,0.000,0.500,0.000,42.0,
17.11.2025,12:47:34.417,25.829,25.136,17.731,2.968,250.0,250.0,78.110,39.747,8.910,72.146,50.033,31.024,19.009,30.659,89.819,20.133,69.686,6.055,0.000,0.000,0.000,0.000,42.0,
17.11.2025,12:47:35.426,27.188,30.443,22.829,3.156,250.0,250.0,77.630,22.856,8.850,71.510,49.614,30.766,18.848,30.389,6.411,0.653,5.758,5.758,0.000,0.000,0.000,0.000,42.0,
17.11.2025,12:47:36.424,20.391,26.482,19.031,3.023,250.0,250.0,76.836,23.523,8.815,74.103,51.205,31.752,19.453,31.375,6.391,0.650,5.741,5.741,0.000,0.000,0.000,0.000,42.0,
17.11.2025,12:47:37.423,27.188,26.214,18.786,2.993,250.0,250.0,77.033,22.853,8.787,71.617,49.629,30.777,18.852,30.400,6.372,0.648,5.724,5.724,0.000,0.000,0.000,0.000,42.0,
17.11.2025,12:47:38.422,19.032,25.951,18.498,2.989,250.0,250.0,78.000,33.098,8.825,73.015,50.539,31.333,19.206,30.956,55.572,8.000,47.572,5.962,0.000,0.000,0.000,0.000,42.0,
17.11.2025,12:47:39.420,24.469,25.193,17.796,2.982,250.0,250.0,77.783,40.111,8.852,73.944,51.117,31.694,19.423,31.305,89.449,19.882,69.567,5.877,0.000,0.000,0.000,0.000,42.0,
17.11.2025,12:47:40.419,23.110,26.495,19.108,2.953,250.0,250.0,78.153,22.804,8.825,71.311,49.473,30.671,18.802,30.306,6.437,0.662,5.775,5.775,0.000,0.000,0.000,0.000,42.0,
17.11.2025,12:47:41.418,24.469,25.277,17.910,2.962,250.0,250.0,77.287,23.457,8.826,73.834,51.035,31.648,19.387,31.271,6.408,0.658,5.750,5.750,0.000,0.000,0.000,0.000,42.0,
17.11.2025,12:47:42.416,27.188,24.334,16.914,2.973,250.0,250.0,78.422,22.899,8.815,71.750,49.725,30.839,18.886,30.462,6.389,0.648,5.741,5.741,0.000,0.000,0.000,0.000,42.0,
17.11.2025,12:47:43.429,38.063,25.305,17.928,2.948,250.0,250.0,79.721,32.906,8.765,37.858,28.876,17.901,10.975,17.682,6.589,0.670,5.919,193.825,0.000,0.000,0.000,0.000,42.0,
17.11.2025,12:47:44.435,20.391,26.545,19.155,2.977,250.0,250.0,76.879,22.732,8.789,71.042,49.285,30.559,18.726,30.194,6.465,0.664,5.801,5.801,0.000,0.000,0.000,0.000,42.0,
17.11.2025,12:47:45.436,21.750,25.822,18.432,2.965,250.0,250.0,76.827,23.071,8.773,72.379,50.099,31.073,19.026,30.696,6.430,0.655,5.775,5.801,0.000,0.000,1.000,0.000,42.0,
17.11.2025,12:47:46.437,19.032,26.039,18.617,2.992,250.0,250.0,76.446,21.564,8.781,66.587,46.547,28.859,17.688,28.507,6.429,0.663,5.766,5.809,0.000,0.000,0.000,0.000,42.0,
17.11.2025,12:47:47.434,14.953,25.494,18.080,2.956,250.0,250.0,76.311,40.299,8.844,66.223,46.348,28.743,17.605,28.390,100.454,27.944,72.510,5.928,0.000,0.000,0.000,0.000,42.0,
17.11.2025,12:47:48.433,21.750,27.145,19.755,2.957,250.0,250.0,75.118,21.370,8.856,65.759,46.072,28.562,17.510,28.222,6.467,0.658,5.809,5.783,0.000,0.000,0.125,0.000,42.0,
17.11.2025,12:47:49.436,21.750,25.111,17.788,2.926,250.0,250.0,74.847,21.360,8.823,65.815,46.094,28.576,17.518,28.235,6.401,0.651,5.750,5.741,0.000,0.000,0.000,0.000,42.0,
17.11.2025,12:47:50.436,25.829,26.765,19.375,2.959,250.0,250.0,76.678,43.573,8.797,67.129,46.891,29.071,17.820,28.718,115.648,32.832,82.816,6.004,0.000,0.000,0.000,0.000,42.0,
17.11.2025,12:47:51.432,20.391,25.340,17.938,2.932,250.0,250.0,72.476,43.226,8.796,65.949,46.148,28.613,17.535,28.272,115.476,33.001,82.475,5.995,0.000,0.000,0.000,0.000,42.0,
17.11.2025,12:47:52.436,20.391,27.583,20.239,2.949,250.0,250.0,71.771,20.675,8.767,41.699,31.231,19.367,11.864,19.123,6.597,0.669,5.928,61.501,0.000,0.000,0.000,0.000,42.0,
17.11.2025,12:47:53.436,17.672,25.342,17.968,2.917,250.0,250.0,71.830,28.808,8.821,56.321,40.232,24.952,15.280,24.648,6.825,0.787,6.038,104.175,0.000,0.000,0.000,0.000,42.0,
17.11.2025,12:47:54.436,19.032,26.644,19.179,3.042,250.0,250.0,61.139,22.810,8.821,71.443,49.547,30.718,18.829,30.353,6.315,0.651,5.664,5.758,0.000,0.000,0.000,0.000,42.0,
17.11.2025,12:47:55.435,25.829,26.466,18.987,3.047,250.0,250.0,77.201,45.003,8.906,71.920,49.881,30.928,18.953,30.563,116.433,33.305,83.128,6.012,0.000,0.000,0.000,0.000,42.0,
17.11.2025,12:47:56.437,25.829,27.070,19.549,3.076,250.0,250.0,77.958,23.403,8.835,73.596,50.872,31.544,19.328,31.167,6.448,0.665,5.783,5.792,0.000,0.000,0.000,0.000,42.0,
17.11.2025,12:47:57.430,21.750,32.057,24.006,3.550,250.0,250.0,77.990,22.920,8.810,71.806,49.765,30.858,18.907,30.493,6.401,0.651,5.750,5.758,0.000,0.000,0.000,0.000,42.0,
17.11.2025,12:47:58.436,23.110,27.693,20.035,3.167,250.0,250.0,78.103,23.178,8.798,72.740,50.335,31.202,19.133,30.825,6.467,0.666,5.801,5.809,0.000,0.000,0.000,0.000,42.0,
17.11.2025,12:47:59.436,20.391,25.064,17.644,3.014,250.0,250.0,80.997,42.568,8.761,71.605,49.607,30.761,18.846,30.397,104.790,31.895,72.895,6.123,0.000,0.000,0.000,0.000,42.0,
17.11.2025,12:48:0.437,35.344,27.221,19.773,2.985,250.0,250.0,77.391,22.797,8.773,71.268,49.403,30.634,18.769,30.269,6.525,0.720,5.805,5.801,0.000,0.000,0.000,0.000,42.0,
17.11.2025,12:48:1.436,21.750,25.675,18.247,3.003,250.0,250.0,81.113,35.903,8.773,73.230,50.616,31.386,19.230,31.009,69.391,25.857,43.534,6.004,0.000,0.000,0.000,0.000,42.0,
17.11.2025,12:48:2.437,31.266,27.864,20.412,2.993,250.0,250.0,77.372,22.960,8.796,71.884,49.810,30.892,18.918,30.515,6.503,0.716,5.787,5.783,0.000,0.000,0.000,0.000,42.0,
17.11.2025,12:48:3.436,16.313,26.251,18.828,2.999,250.0,250.0,80.818,14.769,8.773,40.290,30.398,18.846,11.552,18.614,6.669,0.792,5.877,5.877,0.000,0.000,0.000,2.500,42.0,
17.11.2025,12:48:4.436,19.032,25.116,17.692,3.003,250.0,250.0,77.524,23.252,8.785,73.051,50.502,31.322,19.180,30.945,6.480,0.704,5.776,5.775,0.000,0.000,0.000,0.000,42.0,
17.11.2025,12:48:5.430,21.750,27.371,19.843,3.058,250.0,250.0,81.230,45.385,8.785,73.041,50.506,31.313,19.193,30.936,116.987,33.511,83.476,6.098,0.000,0.000,0.000,0.000,42.0,
17.11.2025,12:48:6.435,21.750,26.457,19.042,3.027,250.0,250.0,79.543,23.328,8.776,73.264,50.645,31.396,19.249,31.019,6.549,0.711,5.838,5.834,0.000,0.000,0.000,0.000,42.0,
17.11.2025,12:48:7.436,28.547,28.290,20.777,3.033,250.0,250.0,81.510,47.035,8.750,73.155,50.546,31.344,19.202,30.967,125.100,34.586,90.514,6.190,0.000,0.000,0.000,0.000,42.0,
17.11.2025,12:48:8.436,24.469,26.084,18.675,3.030,250.0,250.0,77.583,22.941,8.753,71.921,49.785,30.868,18.917,30.503,6.436,0.653,5.783,5.792,0.000,0.000,0.000,0.000,42.0,
17.11.2025,12:48:9.435,28.547,25.695,18.237,3.005,250.0,250.0,81.385,23.054,8.793,71.979,49.857,30.913,18.944,30.536,6.794,0.817,5.977,5.928,0.000,0.000,0.000,0.000,42.0,
17.11.2025,12:48:10.435,36.704,26.827,19.315,3.015,250.0,250.0,80.358,36.187,8.773,85.289,58.007,35.968,22.039,35.543,37.629,13.377,24.252,40.997,0.000,0.000,0.000,0.000,42.0,
17.11.2025,12:48:11.432,24.469,26.070,18.630,3.006,250.0,250.0,77.750,23.202,8.798,72.550,50.236,31.143,19.093,30.766,6.752,0.785,5.967,5.928,0.000,0.000,0.000,0.000,42.0,
17.11.2025,12:48:12.431,25.829,25.029,17.595,3.024,250.0,250.0,81.458,40.113,8.746,64.522,45.256,28.071,17.185,27.730,6.994,0.836,6.158,195.630,0.000,0.000,0.000,0.000,42.0,
17.11.2025,12:48:13.436,28.547,28.436,20.970,3.009,250.0,250.0,77.799,23.111,8.768,72.482,50.157,31.093,19.064,30.717,6.510,0.714,5.796,5.809,0.000,0.000,0.000,0.000,42.0,
17.11.2025,12:48:14.436,20.391,27.484,19.966,3.044,250.0,250.0,81.113,32.841,8.745,71.637,49.606,30.762,18.844,30.397,56.194,8.165,48.029,6.030,0.000,0.000,0.000,0.000,42.0,
17.11.2025,12:48:15.436,20.391,26.027,18.592,3.026,250.0,250.0,77.746,23.401,8.747,73.614,50.838,31.526,19.312,31.150,6.502,0.709,5.793,5.818,0.000,0.000,0.000,0.000,42.0,
17.11.2025,12:48:16.437,21.750,25.817,18.304,3.026,250.0,250.0,81.003,44.553,8.772,69.859,48.538,30.098,18.440,29.733,117.089,33.550,83.539,5.910,0.000,0.000,0.000,2.500,42.0,
17.11.2025,12:48:17.436,9.516,27.711,20.293,2.986,250.0,250.0,78.285,23.287,8.814,73.110,50.578,31.364,19.214,30.987,6.497,0.705,5.792,5.809,0.000,0.000,0.000,0.000,42.0,
17.11.2025,12:48:18.430,21.750,27.477,20.009,3.035,250.0,250.0,81.408,23.041,8.795,72.119,49.956,30.970,18.986,30.594,6.555,0.678,5.877,5.877,0.000,0.000,0.000,0.000,42.0,
17.11.2025,12:48:19.431,36.704,27.235,19.752,3.016,250.0,250.0,77.706,22.870,8.845,71.533,49.621,30.775,18.846,30.398,6.445,0.653,5.792,5.792,0.000,0.000,0.000,0.000,42.0,
17.11.2025,12:48:20.431,20.391,25.328,17.907,3.032,250.0,250.0,81.276,23.190,8.784,72.561,50.212,31.141,19.071,30.764,6.737,0.756,5.981,5.894,0.000,0.000,0.000,0.000,42.0,
17.11.2025,12:48:21.436,17.672,27.219,19.655,3.074,250.0,250.0,77.848,23.044,8.759,72.260,49.996,31.006,18.990,30.630,6.499,0.698,5.801,5.801,0.000,0.000,0.250,0.000,42.0,
17.11.2025,12:48:22.436,19.032,26.789,19.344,3.043,250.0,250.0,78.841,36.860,8.771,75.748,52.159,32.343,19.816,31.954,42.586,15.757,26.829,62.642,0.000,0.000,0.000,0.000,42.0,
17.11.2025,12:48:23.437,20.391,26.933,19.405,3.054,250.0,250.0,78.478,23.314,8.782,73.190,50.609,31.382,19.227,31.005,6.537,0.669,5.868,5.868,0.000,0.000,0.000,0.000,42.0,
17.11.2025,12:48:24.436,19.032,26.596,19.130,3.055,250.0,250.0,78.186,33.893,8.785,66.163,46.277,28.695,17.582,28.343,6.500,0.725,5.775,130.085,0.000,0.000,0.000,0.000,42.0,
17.11.2025,12:48:25.441,19.032,26.596,19.130,3.055,250.0,250.0,79.357,23.495,8.809,73.834,51.020,31.631,19.389,31.254,6.564,0.679,5.885,5.885,0.000,0.000,0.000,0.000,42.0,
17.11.2025,12:48:26.437,29.907,27.739,20.225,3.042,250.0,250.0,76.966,23.233,8.761,73.007,50.480,31.307,19.173,30.930,6.438,0.655,5.783,5.792,0.000,0.000,0.000,0.000,42.0,
17.11.2025,12:48:27.435,35.344,29.798,22.339,3.046,250.0,250.0,80.532,22.757,8.771,71.159,49.334,30.592,18.742,30.227,6.467,0.658,5.809,5.809,0.000,0.000,0.875,0.000,42.0,
17.11.2025,12:48:28.432,23.110,26.906,19.423,3.061,250.0,250.0,80.158,22.758,8.774,71.098,49.291,30.564,18.727,30.200,6.525,0.674,5.851,5.877,0.000,0.000,0.000,0.000,42.0,
17.11.2025,12:48:29.431,17.672,26.030,18.548,3.040,250.0,250.0,77.155,22.779,8.726,71.325,49.408,30.642,18.766,30.265,6.436,0.653,5.783,5.783,0.000,0.000,0.000,0.000,42.0,
17.11.2025,12:48:30.433,21.750,26.132,18.597,3.060,250.0,250.0,71.997,22.715,8.739,71.056,49.243,30.535,18.708,30.171,6.446,0.654,5.792,5.801,0.000,0.000,0.000,0.000,42.0,
17.11.2025,12:48:31.432,23.110,25.208,17.743,3.008,250.0,250.0,80.884,23.038,8.750,72.053,49.881,30.928,18.953,30.551,6.676,0.763,5.913,5.910,0.000,0.000,0.000,0.000,42.0,
17.11.2025,12:48:32.436,27.188,26.232,18.782,3.042,250.0,250.0,80.404,24.312,8.761,44.637,33.026,20.483,12.543,20.227,6.500,0.658,5.842,90.440,0.000,0.000,0.000,0.000,42.0,
17.11.2025,12:48:33.436,17.672,27.284,19.816,3.018,250.0,250.0,77.875,24.312,8.788,71.741,49.710,30.826,18.884,30.461,6.525,0.674,5.851,5.885,0.000,0.000,0.000,0.000,42.0,
17.11.2025,12:48:34.436,16.313,26.813,19.296,3.049,250.0,250.0,80.900,22.935,8.739,53.724,38.599,23.936,14.663,23.644,6.785,0.806,5.979,247.765,0.000,0.000,0.000,0.000,42.0,
17.11.2025,12:48:35.435,17.672,26.901,19.475,3.020,250.0,250.0,80.900,42.464,8.739,53.724,38.599,23.936,14.663,23.644,6.785,0.806,5.979,247.765,0.000,0.000,0.000,0.000,42.0,
17.11.2025,12:48:36.436,19.032,26.421,18.970,3.011,250.0,250.0,77.370,22.376,8.726,69.665,48.388,29.998,18.390,29.633,6.535,0.676,5.859,5.885,0.000,0.000,2.375,0.000,42.0,
17.11.2025,12:48:37.436,17.672,26.052,18.589,3.024,250.0,250.0,80.487,23.166,8.704,46.446,34.106,21.146,12.960,20.902,6.467,0.658,5.809,74.463,0.000,0.000,0.000,0.000,42.0,
17.11.2025,12:48:38.434,21.750,24.845,17.399,3.004,250.0,250.0,76.498,31.327,8.774,71.912,49.810,30.885,18.925,30.508,48.281,6.343,41.938,5.894,0.000,0.000,0.000,0.000,42.0,
17.11.2025,12:48:39.436,21.750,25.919,18.409,3.037,250.0,250.0,80.091,21.611,8.787,63.832,44.845,27.805,17.040,27.477,10.106,1.715,8.391,6.108,0.000,0.000,0.000,0.000,42.0,
17.11.2025,12:48:40.436,23.110,26.735,19.254,3.051,250.0,250.0,76.838,23.185,8.802,72.687,50.308,31.191,19.117,30.814,6.534,0.666,5.868,5.868,0.000,0.000,0.000,0.000,42.0,
17.11.2025,12:48:41.436,21.750,26.249,18.799,3.009,250.0,250.0,80.114,37.742,8.863,73.330,50.742,31.457,19.285,31.080,78.234,15.587,62.647,6.190,0.000,0.000,0.000,0.000,42.0,
17.11.2025,12:48:42.436,28.547,27.351,19.894,3.043,250.0,250.0,76.922,23.159,8.815,72.610,50.275,31.169,19.106,30.792,6.494,0.660,5.834,5.834,0.000,0.000,0.000,0.000,42.0,
17.11.2025,12:48:43.436,21.750,25.992,18.490,3.036,250.0,250.0,80.984,47.199,8.788,74.197,51.229,31.766,19.463,31.389,124.606,34.607,89.999,5.945,0.000,0.000,0.000,0.000,42.0,
17.11.2025,12:48:44.436,29.907,26.020,18.588,3.001,250.0,250.0,77.102,22.800,8.791,71.269,49.418,30.643,18.775,30.279,6.494,0.660,5.834,5.834,0.000,0.000,0.000,1.250,42.0,
17.11.2025,12:48:45.435,19.032,25.412,18.000,3.002,250.0,250.0,80.019,38.422,8.784,53.418,38.438,23.837,14.601,23.545,6.786,0.688,6.098,208.026,0.000,0.000,0.000,0.000,42.0,
17.11.2025,12:48:46.434,20.391,26.616,19.151,3.006,250.0,250.0,77.117,22.955,8.808,71.744,49.733,30.834,18.899,30.458,6.589,0.717,5.872,5.894,0.000,0.000,0.000,0.000,42.0,
17.11.2025,12:48:47.433,20.391,26.072,18.617,3.008,250.0,250.0,79.866,22.992,8.788,72.049,49.894,30.933,18.961,30.557,6.458,0.657,5.801,5.818,0.000,0.000,0.000,0.000,42.0,
17.11.2025,12:48:48.435,24.469,27.196,19.682,3.053,250.0,250.0,76.169,22.000,8.861,68.091,47.520,29.466,18.054,29.113,6.521,0.670,5.851,5.851,0.000,0.000,0.000,0.000,42.0,
17.11.2025,12:48:49.428,25.829,26.778,19.352,2.994,250.0,250.0,75.468,21.732,8.813,67.172,46.923,29.100,17.823,28.748,6.466,0.657,5.809,5.809,0.000,0.000,2.125,0.000,42.0,
17.11.2025,12:48:50.434,17.672,24.537,17.118,3.022,250.0,250.0,77.529,43.465,8.813,66.645,46.584,28.887,17.697,28.546,115.661,32.872,82.789,6.158,0.000,0.000,0.000,0.000,42.0,
17.11.2025,12:48:51.437,16.313,22.851,15.380,3.020,250.0,250.0,75.713,21.703,8.824,67.001,46.824,29.038,17.786,28.685,6.521,0.662,5.859,5.834,0.000,0.000,0.000,0.000,42.0,
17.11.2025,12:48:52.435,0.000,25.245,17.732,3.075,250.0,250.0,75.745,22.013,8.799,68.241,47.570,29.500,18.070,29.136,6.476,0.658,5.818,5.859,0.000,0.000,2.125,0.000,42.0,
17.11.2025,12:48:53.431,28.547,25.341,17.932,2.996,250.0,250.0,72.006,21.896,8.809,67.757,47.273,29.315,17.958,28.962,6.498,0.672,5.826,5.894,0.000,0.000,0.000,0.000,42.0,
17.11.2025,12:48:54.433,23.110,26.724,19.301,2.995,250.0,250.0,71.562,21.318,8.797,65.581,45.922,28.475,17.447,28.135,6.477,0.659,5.818,5.868,0.000,0.000,0.000,0.000,42.0,
17.11.2025,12:48:55.432,23.110,25.557,18.165,2.962,250.0,250.0,71.477,13.052,8.771,33.879,26.461,16.411,10.050,16.204,6.495,0.669,5.826,5.758,0.000,0.000,0.000,0.000,42.0,
17.11.2025,12:48:56.433,36.704,25.713,18.151,3.142,250.0,250.0,60.961,23.398,8.875,73.411,50.790,31.497,19.293,31.108,6.562,0.719,5.843,5.877,0.000,0.000,0.000,0.000,42.0,
17.11.2025,12:48:57.437,25.829,27.621,20.115,3.067,250.0,250.0,80.614,21.079,8.887,64.564,45.394,28.152,17.242,27.811,6.466,0.657,5.809,5.809,0.000,0.000,0.000,0.000,42.0,
17.11.2025,12:48:58.436,29.907,25.365,17.686,3.205,250.0,250.0,77.626,46.809,8.909,72.464,50.222,31.140,19.082,30.763,124.638,34.489,90.149,6.234,0.000,0.000,0.000,0.000,42.0,
17.11.2025,12:48:59.435,23.110,29.877,21.762,3.572,250.0,250.0,77.426,23.038,8.848,72.020,49.918,30.952,18.966,30.575,6.614,0.733,5.881,5.877,0.000,0.000,0.000,0.000,42.0,
17.11.2025,12:49:0.437,21.750,27.366,19.820,3.113,250.0,250.0,77.927,23.263,8.862,72.915,50.478,31.293,19.185,30.916,6.564,0.712,5.852,5.851,0.000,0.000,0.000,0.000,42.0,
17.11.2025,12:49:1.436,21.750,27.054,19.628,3.019,250.0,250.0,80.570,22.964,8.910,71.633,49.700,30.819,18.881,30.455,6.667,0.753,5.914,5.910,0.000,0.000,0.000,0.375,42.0,
17.11.2025,12:49:2.436,21.750,26.562,19.071,3.049,250.0,250.0,80.317,22.978,8.885,71.834,49.818,30.890,18.928,30.526,6.521,0.662,5.859,5.859,0.000,0.000,0.000,0.000,42.0,
17.11.2025,12:49:3.435,20.391,26.402,18.927,3.023,250.0,250.0,76.977,43.451,8.908,72.323,50.143,31.090,19.053,30.726,108.053,29.014,79.039,6.165,0.000,0.000,0.000,0.000,42.0,
17.11.2025,12:49:4.437,23.110,26.260,18.759,3.056,250.0,250.0,76.851,23.068,9.064,71.892,49.959,30.985,18.974,30.608,6.647,0.741,5.906,5.902,0.000,0.000,0.000,0.000,42.0,
17.11.2025,12:49:5.435,19.032,25.580,18.107,3.062,250.0,250.0,80.689,46.912,9.057,72.296,50.215,31.133,19.082,30.756,125.151,34.787,90.364,6.276,0.000,0.000,0.000,0.000,42.0,
17.11.2025,12:49:6.435,29.907,27.741,20.223,3.074,250.0,250.0,78.896,23.285,8.945,72.907,50.529,31.332,19.197,30.955,6.565,0.713,5.852,5.851,0.000,0.000,0.000,0.000,42.0,
17.11.2025,12:49:7.437,20.391,26.258,18.829,3.032,250.0,250.0,78.109,41.558,8.798,71.506,49.580,30.747,18.833,30.370,99.883,25.473,74.410,5.979,0.000,0.000,0.000,0.000,42.0,
17.11.2025,12:49:8.436,20.391,26.156,18.669,3.037,250.0,250.0,77.880,23.105,8.827,72.363,50.122,31.087,19.035,30.710,6.525,0.666,5.859,5.859,0.000,0.000,0.000,0.000,42.0,
17.11.2025,12:49:9.436,28.547,26.097,18.650,3.020,250.0,250.0,80.343,40.133,8.860,71.580,49.663,30.790,18.873,30.425,92.549,21.422,71.127,6.038,0.000,0.000,0.000,0.000,42.0,
17.11.2025,12:49:10.436,24.469,26.206,18.729,3.037,250.0,250.0,77.313,23.225,8.921,72.694,50.384,31.234,19.150,30.857,6.578,0.718,5.860,5.859,0.000,0.000,0.000,0.000,42.0,
17.11.2025,12:49:11.436,25.829,27.119,19.676,3.017,250.0,250.0,80.920,44.468,8.895,72.526,50.269,31.166,19.103,30.789,112.861,32.938,79.923,6.208,0.000,0.000,0.000,0.000,42.0,
17.11.2025,12:49:12.436,17.672,28.325,20.844,3.023,250.0,250.0,77.744,23.494,8.914,73.702,51.019,31.636,19.383,31.247,6.578,0.715,5.863,5.885,0.000,0.000,0.000,0.000,42.0,
17.11.2025,12:49:13.441,35.344,27.937,20.471,3.030,250.0,250.0,81.366,39.422,8.872,75.650,52.148,32.331,19.817,31.943,83.680,29.210,54.470,6.098,0.000,0.000,0.000,0.000,42.0,
17.11.2025,12:49:14.436,19.032,27.089,19.626,3.069,250.0,250.0,78.123,23.436,8.896,73.510,50.873,31.541,19.332,31.164,6.584,0.715,5.869,5.877,0.000,0.000,0.000,0.000,42.0,
17.11.2025,12:49:15.432,17.672,25.182,17.681,3.050,250.0,250.0,81.570,45.019,8.896,73.028,50.581,31.358,19.223,30.981,115.020,31.225,83.795,6.081,0.000,0.000,0.000,0.000,42.0,
17.11.2025,12:49:16.430,17.672,27.438,19.888,3.079,250.0,250.0,77.845,23.293,8.897,72.949,50.510,31.327,19.183,30.951,6.611,0.730,5.881,5.894,0.000,0.000,0.375,0.000,42.0,
17.11.2025,12:49:17.436,14.953,25.648,18.183,3.028,250.0,250.0,77.621,23.020,8.910,71.943,49.910,30.943,18.967,30.566,6.541,0.664,5.877,5.877,0.000,0.000,0.000,0.000,42.0,
17.11.2025,12:49:18.436,16.313,28.444,20.910,3.089,250.0,250.0,81.029,24.932,8.911,51.039,37.051,22.975,14.076,22.695,7.003,0.710,6.293,78.566,0.001,0.000,0.000,0.000,42.0,
17.11.2025,12:49:19.436,32.625,28.388,20.925,3.043,250.0,250.0,77.763,44.634,8.885,71.570,49.664,30.796,18.868,30.419,115.031,31.185,83.846,6.072,0.000,0.000,0.000,0.000,42.0,
17.11.2025,12:49:20.430,0.000,28.979,21.506,3.075,250.0,250.0,77.408,22.984,8.874,71.878,49.847,30.905,18.942,30.528,6.501,0.659,5.842,5.859,0.000,0.000,0.000,0.000,42.0,
17.11.2025,12:49:21.429,36.704,27.846,20.329,3.055,250.0,250.0,80.633,46.782,8.861,72.549,50.257,31.166,19.091,30.789,124.483,34.457,90.026,6.140,0.000,0.000,0.000,0.000,42.0,
17.11.2025,12:49:22.436,23.110,26.445,18.930,3.069,250.0,250.0,77.555,22.662,8.824,70.689,49.082,30.432,18.650,30.067,6.514,0.663,5.851,5.851,0.000,0.000,0.000,0.000,42.0,
17.11.2025,12:49:23.436,14.953,26.444,18.973,3.041,250.0,250.0,80.830,46.991,8.848,72.741,50.358,31.234,19.124,30.857,125.249,34.768,90.481,6.250,0.000,0.000,0.000,0.000,42.0,
17.11.2025,12:49:24.436,33.985,26.464,18.968,3.079,250.0,250.0,77.323,23.396,8.901,73.391,50.787,31.498,19.289,31.121,6.546,0.669,5.877,5.877,0.000,0.000,0.000,0.000,42.0,
17.11.2025,12:49:25.435,14.953,25.841,18.363,3.053,250.0,250.0,81.562,41.861,8.935,72.121,50.043,31.030,19.013,30.653,100.408,25.701,74.707,5.995,0.000,0.000,0.000,0.000,42.0,
17.11.2025,12:49:26.435,19.032,26.089,18.549,3.068,250.0,250.0,77.692,22.998,8.981,71.788,49.847,30.905,18.942,30.540,6.550,0.673,5.877,5.877,0.000,0.000,0.000,0.000,42.0,
17.11.2025,12:49:27.436,16.313,27.089,19.604,3.065,250.0,250.0,81.060,46.681,9.031,71.649,49.813,30.885,18.928,30.508,124.970,34.850,90.120,6.055,0.000,0.000,0.375,0.000,42.0,
17.11.2025,12:49:28.438,19.032,24.376,16.903,3.067,250.0,250.0,77.634,23.372,8.942,73.230,50.739,31.463,19.276,31.086,6.548,0.663,5.885,5.885,0.000,0.000,0.000,0.000,42.0,
17.11.2025,12:49:29.436,19.032,26.584,19.095,3.045,250.0,250.0,81.236,21.418,8.862,65.833,46.149,28.619,17.530,28.266,6.531,0.672,5.859,5.859,0.000,0.000,0.000,0.000,42.0,
17.11.2025,12:49:30.435,17.672,25.121,17.647,3.048,250.0,250.0,77.535,29.489,8.896,70.335,48.923,30.337,18.586,29.972,40.773,14.651,26.122,6.293,0.000,0.000,2.375,0.000,42.0,
17.11.2025,12:49:31.436,20.391,26.620,19.095,3.037,250.0,250.0,77.634,23.513,8.849,73.843,51.054,31.657,19.397,31.268,6.592,0.715,5.877,5.877,0.000,0.000,0.000,0.000,42.0,
17.11.2025,12:49:32.433,20.391,26.348,18.858,3.082,250.0,250.0,79.467,23.501,8.951,73.724,51.051,31.653,19.398,31.276,6.540,0.663,5.877,5.877,0.000,0.000,0.000,0.000,42.0,
17.11.2025,12:49:33.429,23.110,25.412,17.964,3.038,250.0,250.0,81.209,21.468,8.960,65.932,46.278,28.692,17.586,28.351,6.513,0.662,5.851,5.851,0.000,0.000,0.000,0.000,42.0,
17.11.2025,12:49:34.432,19.032,27.036,19.553,3.048,250.0,250.0,78.736,32.796,8.922,72.390,50.190,31.114,19.076,30.737,54.779,7.697,47.082,5.970,0.000,0.000,0.000,0.000,42.0,
17.11.2025,12:49:35.432,12.235,25.954,18.429,3.052,250.0,250.0,78.088,23.290,8.949,72.868,50.506,31.323,19.183,30.946,6.614,0.716,5.898,5.894,0.000,0.000,0.000,0.000,42.0,
17.11.2025,12:49:36.435,19.032,25.589,18.137,3.039,250.0,250.0,81.135,29.007,8.887,68.688,47.904,29.701,18.203,29.348,40.514,14.648,25.866,6.311,0.000,0.000,0.000,0.000,42.0,
17.11.2025,12:49:37.433,16.313,27.208,19.740,3.040,250.0,250.0,77.181,22.986,8.860,71.784,49.785,30.868,18.917,30.491,6.630,0.732,5.898,5.894,0.000,0.000,0.000,0.000,42.0,
17.11.2025,12:49:38.436,17.672,26.299,18.842,3.038,250.0,250.0,80.224,57.882,8.779,56.835,40.528,25.125,15.403,24.821,41.977,15.516,26.461,323.380,0.000,0.000,0.000,0.000,42.0,
17.11.2025,12:49:39.432,23.110,25.776,18.307,3.036,250.0,250.0,78.373,23.767,8.802,74.847,51.635,32.024,19.611,31.635,6.583,0.673,5.910,5.945,0.000,0.000,0.000,0.000,42.0,
17.11.2025,12:49:40.431,25.829,27.126,19.649,3.032,250.0,250.0,77.671,22.702,8.873,70.759,49.154,30.480,18.674,30.103,6.542,0.665,5.877,5.894,0.000,0.000,0.000,0.000,42.0,
17.11.2025,12:49:41.436,17.672,26.676,19.224,3.021,250.0,250.0,80.557,23.504,8.887,73.456,50.819,31.513,19.306,31.136,7.024,0.714,6.310,5.877,0.000,0.000,0.000,0.000,42.0,
17.11.2025,12:49:42.432,28.547,26.070,18.640,3.019,250.0,250.0,77.502,30.724,8.887,73.619,50.917,31.574,19.343,31.197,42.809,5.665,37.144,6.089,0.000,0.000,2.125,0.500,42.0,
17.11.2025,12:49:43.433,16.313,25.584,18.143,3.007,250.0,250.0,77.231,23.839,8.876,75.002,51.803,32.118,19.685,31.729,6.616,0.711,5.905,5.945,0.000,0.000,0.000,0.000,42.0,
17.11.2025,12:49:44.435,17.672,26.528,19.031,3.028,250.0,250.0,78.528,22.749,8.848,70.971,49.255,30.547,18.708,30.182,6.548,0.663,5.885,5.885,0.000,0.000,0.000,0.000,42.0,
17.11.2025,12:49:45.430,20.391,25.549,18.106,3.005,250.0,250.0,78.089,18.356,8.768,54.075,38.860,24.103,14.757,23.810,6.655,0.676,5.979,5.877,0.000,0.000,0.000,0.000,42.0,
17.11.2025,12:49:46.432,17.672,28.499,21.039,3.019,250.0,250.0,78.608,47.001,8.849,73.101,50.592,31.376,19.216,30.999,124.794,34.540,90.254,6.285,0.000,0.000,0.000,0.000,57.0,
17.11.2025,12:49:47.428,17.672,25.142,17.765,2.979,250.0,250.0,78.206,23.558,8.915,73.837,51.094,31.686,19.408,31.309,6.665,0.703,5.962,5.995,0.000,0.000,0.000,0.000,57.0,
17.11.2025,12:49:48.436,20.391,26.843,19.360,3.036,250.0,250.0,77.850,23.525,8.937,73.791,51.084,31.680,19.404,31.291,6.569,0.675,5.894,5.928,0.000,0.000,0.000,0.000,57.0,
17.11.2025,12:49:49.428,17.672,25.539,18.073,3.013,250.0,250.0,77.875,21.831,9.058,67.209,47.102,29.199,17.903,28.846,6.548,0.663,5.885,5.894,0.000,0.000,0.000,0.000,57.0,
17.11.2025,12:49:50.432,16.313,25.096,17.707,2.988,250.0,250.0,76.532,21.724,8.895,66.941,46.834,29.037,17.797,28.684,6.579,0.669,5.910,5.894,0.000,0.000,0.000,0.000,57.0,
17.11.2025,12:49:51.435,17.672,25.950,18.497,2.975,250.0,250.0,76.130,21.870,8.886,67.527,47.186,29.263,17.923,28.910,6.557,0.663,5.894,5.894,0.000,0.000,0.000,0.000,57.0,
17.11.2025,12:49:52.433,17.672,25.166,17.712,3.045,250.0,250.0,76.326,21.439,8.815,65.973,46.181,28.638,17.543,28.285,6.540,0.663,5.877,5.877,0.000,0.000,0.000,0.000,57.0,
17.11.2025,12:49:53.436,17.672,25.052,17.613,2.993,250.0,250.0,75.892,34.459,8.790,68.374,47.649,29.548,18.101,29.183,68.481,25.329,43.152,5.979,0.000,0.000,0.000,0.000,57.0,
17.11.2025,12:49:54.436,19.032,25.465,18.066,2.991,250.0,250.0,74.936,21.632,8.813,66.724,46.639,28.915,17.724,28.575,6.531,0.663,5.868,5.868,0.000,0.000,0.000,0.000,57.0,
17.11.2025,12:49:55.437,19.032,26.522,19.154,2.940,250.0,250.0,69.713,21.812,8.841,67.374,47.063,29.177,17.886,28.825,6.540,0.663,5.877,5.877,0.000,0.000,0.000,0.000,57.0,
17.11.2025,12:49:56.436,20.391,24.932,17.575,2.970,250.0,250.0,71.010,21.621,8.934,66.527,46.590,28.891,17.699,28.538,6.569,0.675,5.894,5.894,0.000,0.000,1.375,0.000,57.0,
17.11.2025,12:49:57.435,19.032,27.228,19.679,3.116,250.0,250.0,59.799,47.039,8.801,72.061,49.912,30.957,18.955,30.580,126.587,35.860,90.727,5.954,0.000,0.000,0.000,0.000,57.0,
17.11.2025,12:49:58.438,23.110,26.937,19.434,3.082,250.0,250.0,73.863,23.135,8.828,72.335,50.113,31.078,19.035,30.701,6.666,0.734,5.932,5.928,0.000,0.000,0.000,0.000,57.0,
17.11.2025,12:49:59.432,21.750,29.337,21.534,3.302,250.0,250.0,76.755,23.702,8.862,74.490,51.472,31.914,19.558,31.525,6.654,0.757,5.897,5.894,0.000,0.000,0.000,0.000,57.0,
17.11.2025,12:50:0.436,16.313,30.147,22.099,3.555,250.0,250.0,78.555,22.755,8.777,71.041,49.264,30.553,18.711,30.188,6.561,0.667,5.894,5.894,0.000,0.000,0.000,0.000,57.0,
17.11.2025,12:50:1.436,24.469,27.071,19.508,3.101,250.0,250.0,78.368,23.081,8.788,72.163,49.964,30.988,18.976,30.611,6.690,0.750,5.940,5.936,0.000,0.000,0.000,0.000,57.0,
17.11.2025,12:50:2.436,23.110,25.585,18.125,3.060,250.0,250.0,77.131,23.022,8.820,72.027,49.896,30.939,18.957,30.575,6.558,0.664,5.894,5.894,0.000,0.000,0.000,0.000,57.0,
17.11.2025,12:50:3.436,19.032,27.240,19.704,3.073,250.0,250.0,77.685,37.692,8.808,54.378,39.047,24.214,14.833,23.922,22.185,5.700,16.485,167.349,0.000,0.000,0.000,0.000,57.0,
17.11.2025,12:50:4.436,27.188,27.590,20.064,3.078,250.0,250.0,77.509,22.912,8.798,71.526,49.579,30.739,18.840,30.374,6.660,0.746,5.914,5.945,0.000,0.000,0.000,0.000,57.0,
17.11.2025,12:50:5.435,31.266,26.762,19.269,3.047,250.0,250.0,80.857,70.283,8.759,65.201,45.676,28.315,17.361,27.974,26.466,7.305,19.161,456.618,0.000,0.000,0.000,0.000,57.0,
17.11.2025,12:50:6.430,17.672,26.836,19.377,3.048,250.0,250.0,76.952,23.008,8.766,71.923,49.797,30.880,18.917,30.515,6.664,0.732,5.932,5.954,0.000,0.000,0.000,0.000,57.0,
17.11.2025,12:50:7.435,31.266,26.830,19.340,3.044,250.0,250.0,80.650,21.507,8.784,44.692,33.088,20.516,12.572,20.272,6.949,0.800,6.149,61.244,0.000,0.000,0.375,0.000,57.0,
17.11.2025,12:50:8.431,19.032,28.468,20.999,3.026,250.0,250.0,76.965,24.083,8.784,62.245,43.858,27.200,16.658,26.872,22.462,5.797,16.665,10.294,0.000,0.000,0.000,0.000,57.0,
17.11.2025,12:50:9.430,13.594,24.169,16.630,3.071,250.0,250.0,76.981,23.516,8.828,73.778,50.990,31.618,19.372,31.241,6.676,0.727,5.949,5.979,0.000,0.000,0.000,0.000,57.0,
17.11.2025,12:50:10.431,24.469,25.437,17.957,3.046,250.0,250.0,81.572,20.281,8.848,61.458,43.446,26.939,16.507,26.622,6.548,0.663,5.885,5.894,0.000,0.000,0.000,0.000,57.0,
17.11.2025,12:50:11.429,19.032,27.124,19.635,3.038,250.0,250.0,80.800,23.082,8.859,72.118,49.973,30.990,18.983,30.613,6.665,0.734,5.931,5.954,0.000,0.000,0.000,0.000,57.0,
17.11.2025,12:50:12.436,17.672,25.518,18.011,3.049,250.0,250.0,80.651,46.938,8.934,72.671,50.376,31.245,19.131,30.868,124.942,34.643,90.299,6.267,0.000,0.000,0.000,0.000,57.0,
17.11.2025,12:50:13.437,21.750,26.846,19.420,3.034,250.0,250.0,77.587,30.320,8.918,71.467,49.613,30.762,18.851,30.385,43.610,5.737,37.873,5.987,0.000,0.000,0.000,0.000,57.0,
17.11.2025,12:50:14.436,19.032,26.375,18.897,3.017,250.0,250.0,76.840,22.943,8.870,71.632,49.694,30.816,18.878,30.439,6.590,0.671,5.919,5.919,0.000,0.000,0.000,0.000,57.0,
17.11.2025,12:50:15.435,24.469,26.395,18.959,3.023,250.0,250.0,78.419,21.275,8.800,65.291,45.779,28.390,17.389,28.049,6.573,0.671,5.902,5.902,0.000,0.000,0.000,0.000,57.0,
17.11.2025,12:50:16.436,24.469,26.395,18.959,3.023,250.0,250.0,79.785,74.837,8.836,52.833,38.117,23.637,14.480,23.357,71.901,26.547,45.354,443.304,0.000,0.000,0.000,0.000,57.0,
17.11.2025,12:50:17.431,19.032,25.792,18.337,2.975,250.0,250.0,77.672,23.295,8.967,72.831,50.489,31.310,19.179,30.933,6.642,0.680,5.962,5.962,0.000,0.000,0.000,0.000,57.0,
17.11.2025,12:50:18.432,17.672,25.780,18.364,2.994,250.0,250.0,76.825,23.139,8.882,72.406,50.177,31.110,19.067,30.733,6.563,0.669,5.894,5.894,0.000,0.000,0.000,0.000,57.0,
17.11.2025,12:50:19.431,21.750,26.684,19.208,3.046,250.0,250.0,80.854,23.509,8.873,73.589,50.904,31.561,19.343,31.185,6.778,0.697,6.081,6.081,0.000,0.000,0.000,0.000,57.0,
17.11.2025,12:50:20.430,21.750,24.981,17.495,3.066,250.0,250.0,77.206,22.861,8.862,71.288,49.492,30.687,18.805,30.310,6.614,0.678,5.936,5.936,0.000,0.000,0.000,0.000,57.0,
17.11.2025,12:50:21.436,17.672,25.355,17.865,3.038,250.0,250.0,77.205,23.101,8.932,72.199,50.077,31.051,19.026,30.686,6.570,0.668,5.902,5.902,0.000,0.000,0.000,2.375,57.0,
17.11.2025,12:50:22.436,16.313,26.179,18.744,3.013,250.0,250.0,81.229,23.336,8.948,72.958,50.561,31.356,19.205,30.978,6.676,0.689,5.987,6.004,0.000,0.000,0.000,0.000,57.0,
17.11.2025,12:50:23.436,17.672,26.711,19.222,3.034,250.0,250.0,77.690,22.877,8.826,71.430,49.545,30.719,18.826,30.354,6.578,0.668,5.910,5.910,0.000,0.000,0.000,0.000,57.0,
17.11.2025,12:50:24.436,17.672,26.879,19.390,3.030,250.0,250.0,81.449,42.147,8.861,69.110,48.160,29.859,18.301,29.494,105.747,31.999,73.748,6.192,0.000,0.000,0.000,0.000,57.0,
17.11.2025,12:50:25.436,14.953,25.585,18.164,3.013,250.0,250.0,78.446,22.896,8.850,71.404,49.539,30.716,18.823,30.351,6.639,0.677,5.962,5.995,0.000,0.000,0.000,0.000,57.0,
17.11.2025,12:50:26.436,27.188,25.975,18.518,3.006,250.0,250.0,81.479,37.501,8.874,58.198,41.434,25.688,15.746,25.384,35.594,12.023,23.571,128.499,0.000,0.000,0.000,0.000,57.0,
17.11.2025,12:50:27.434,16.313,25.477,17.995,3.045,250.0,250.0,78.028,23.299,8.870,72.946,50.490,31.315,19.175,30.938,6.629,0.675,5.954,5.995,0.000,0.000,0.000,0.000,57.0,
17.11.2025,12:50:28.433,19.032,27.157,19.658,3.022,250.0,250.0,77.502,23.538,8.809,73.955,51.108,31.693,19.415,31.304,6.579,0.669,5.910,5.936,0.000,0.000,0.000,0.000,57.0,
17.11.2025,12:50:29.432,20.391,26.721,19.287,3.042,250.0,250.0,81.189,47.399,8.761,74.782,51.582,31.985,19.597,31.608,124.666,34.619,90.047,6.343,0.000,0.000,0.000,0.000,57.0,
17.11.2025,12:50:30.437,13.594,26.230,18.755,3.000,250.0,250.0,77.959,23.086,8.772,72.249,50.015,31.018,18.997,30.641,6.610,0.674,5.936,5.945,0.000,0.000,0.000,0.000,57.0,
17.11.2025,12:50:31.433,16.313,25.907,18.480,3.038,250.0,250.0,77.959,23.086,8.772,72.249,50.015,31.018,18.997,30.641,6.610,0.674,5.936,5.945,0.000,0.000,0.000,0.000,57.0,
17.11.2025,12:50:32.433,16.313,27.283,19.783,3.034,250.0,250.0,79.284,23.053,8.762,72.170,49.960,30.985,18.975,30.608,6.577,0.667,5.910,5.919,0.000,0.000,0.000,0.000,57.0,
17.11.2025,12:50:33.431,20.391,25.604,18.162,3.032,250.0,250.0,80.027,23.279,8.824,72.857,50.423,31.273,19.150,30.896,6.683,0.679,6.004,6.004,0.000,0.000,0.000,0.000,57.0,
17.11.2025,12:50:34.430,21.750,27.054,19.599,3.012,250.0,250.0,77.883,23.351,8.795,73.271,50.646,31.403,19.243,31.026,6.599,0.671,5.928,5.928,0.000,0.000,0.000,0.000,57.0,
17.11.2025,12:50:35.437,16.313,25.389,17.913,3.015,250.0,250.0,81.283,45.257,8.869,72.469,50.210,31.127,19.083,30.750,116.938,33.420,83.518,6.190,0.000,0.000,0.000,0.000,57.0,
17.11.2025,12:50:36.437,23.110,26.119,18.689,2.999,250.0,250.0,77.831,25.672,8.855,71.694,49.704,30.819,18.885,30.455,20.154,2.732,17.422,6.004,0.000,0.000,0.000,0.000,57.0,
17.11.2025,12:50:37.435,16.313,25.641,18.153,3.034,250.0,250.0,81.056,23.414,8.842,73.476,50.810,31.512,19.298,31.135,6.581,0.671,5.910,5.910,0.000,0.000,0.000,0.000,57.0,
17.11.2025,12:50:38.436,19.032,25.908,18.488,3.016,250.0,250.0,77.957,45.529,8.797,73.335,50.708,31.439,19.269,31.062,117.187,33.513,83.674,6.310,0.000,0.000,0.000,0.000,57.0,
17.11.2025,12:50:39.431,19.032,24.978,17.504,3.023,250.0,250.0,77.597,23.079,8.762,72.188,49.982,30.991,18.991,30.614,6.648,0.678,5.970,5.970,0.000,0.000,0.000,0.000,57.0,
17.11.2025,12:50:40.436,24.469,26.784,19.366,3.013,250.0,250.0,80.253,23.396,8.762,73.465,50.755,31.474,19.281,31.097,6.597,0.669,5.928,5.928,0.000,0.000,0.000,0.000,57.0,
17.11.2025,12:50:41.432,19.032,25.659,18.158,3.020,250.0,250.0,79.253,69.946,8.807,66.397,46.444,28.798,17.646,28.445,28.600,8.362,20.238,445.720,0.000,0.000,0.000,0.000,57.0,
17.11.2025,12:50:42.431,28.547,24.476,17.040,3.026,250.0,250.0,77.543,23.686,8.783,74.302,51.288,31.799,19.489,31.410,6.879,0.796,6.083,6.030,0.000,0.000,0.125,0.000,57.0,
17.11.2025,12:50:43.430,36.704,25.390,17.948,3.020,250.0,250.0,78.210,23.163,8.771,72.554,50.182,31.110,19.072,30.733,6.618,0.682,5.936,5.970,0.000,0.000,0.000,0.000,57.0,
17.11.2025,12:50:44.436,0.000,25.386,17.894,3.033,250.0,250.0,80.452,32.990,8.819,74.537,51.449,31.897,19.552,31.508,6.833,0.693,6.140,98.474,0.000,0.000,0.000,0.000,57.0,
17.11.2025,12:50:45.430,23.110,25.580,18.087,3.042,250.0,250.0,77.160,23.178,8.811,72.503,50.190,31.118,19.072,30.742,6.666,0.679,5.987,6.012,0.000,0.000,0.000,0.000,57.0,
17.11.2025,12:50:46.436,32.625,23.716,16.280,3.039,250.0,250.0,77.299,31.087,8.798,75.062,51.763,32.098,19.665,31.709,42.846,5.671,37.175,6.081,0.000,0.000,0.000,0.000,57.0,
17.11.2025,12:50:47.436,17.672,25.220,17.764,3.030,250.0,250.0,79.459,23.546,8.814,73.974,51.113,31.692,19.421,31.302,6.598,0.670,5.928,5.945,0.001,0.000,0.000,0.000,57.0,
17.11.2025,12:50:48.437,24.469,27.085,19.569,3.045,250.0,250.0,81.115,33.623,8.762,71.411,49.473,30.673,18.800,30.309,60.300,22.595,37.705,6.199,0.000,0.000,0.000,0.000,57.0,
17.11.2025,12:50:49.437,20.391,26.810,19.288,3.058,250.0,250.0,77.920,23.672,8.825,74.392,51.370,31.856,19.514,31.479,6.651,0.689,5.962,5.979,0.000,0.000,0.000,0.000,57.0,
17.11.2025,12:50:50.437,17.672,27.061,19.620,3.047,250.0,250.0,81.796,24.687,8.760,44.630,33.010,20.473,12.537,20.230,6.919,0.703,6.216,93.390,0.000,0.000,0.000,0.000,57.0,
17.11.2025,12:50:51.435,25.829,23.848,16.401,3.020,250.0,250.0,78.520,23.869,8.871,75.033,51.804,32.121,19.683,31.732,6.714,0.710,6.004,6.021,0.000,0.000,0.000,0.000,57.0,
17.11.2025,12:50:52.436,19.032,26.733,19.190,3.071,250.0,250.0,75.332,21.883,8.770,67.648,47.190,29.255,17.935,28.903,6.598,0.670,5.928,5.928,0.000,0.000,0.000,0.000,57.0,
17.11.2025,12:50:53.431,16.313,24.434,17.062,2.980,250.0,250.0,78.952,38.789,8.771,67.152,46.882,29.066,17.816,28.713,91.588,24.024,67.564,6.318,0.000,0.000,0.000,0.000,57.0,
17.11.2025,12:50:54.436,40.782,25.446,18.003,2.996,250.0,250.0,76.229,21.677,8.806,66.682,46.613,28.899,17.714,28.546,6.734,0.696,6.038,6.038,0.000,0.000,0.000,0.000,57.0,
17.11.2025,12:50:55.435,16.313,25.322,17.939,2.953,250.0,250.0,75.920,21.698,8.797,66.874,46.729,28.971,17.758,28.618,6.638,0.676,5.962,5.962,0.000,0.000,0.000,0.000,57.0,
17.11.2025,12:50:56.431,19.032,25.576,18.217,2.949,250.0,250.0,75.553,19.630,8.797,58.976,41.893,25.976,15.917,25.672,6.578,0.668,5.910,5.910,0.000,0.000,0.000,0.000,57.0,
17.11.2025,12:50:57.435,19.032,23.146,15.809,2.939,250.0,250.0,72.685,21.501,8.859,66.115,46.305,28.712,17.593,28.359,6.578,0.668,5.910,5.910,0.000,0.000,0.000,0.500,57.0,
17.11.2025,12:50:58.436,16.313,25.749,18.367,2.946,250.0,250.0,72.316,21.594,8.942,66.380,46.506,28.835,17.671,28.482,6.598,0.670,5.928,5.928,0.000,0.000,0.000,0.500,57.0,
17.11.2025,12:50:59.433,19.032,26.055,18.644,2.983,250.0,250.0,70.511,23.227,8.857,72.783,50.377,31.247,19.130,30.871,6.574,0.714,5.860,5.859,0.000,0.000,0.000,0.000,57.0,
17.11.2025,12:51:0.429,25.829,26.958,19.416,3.055,250.0,250.0,65.844,46.740,8.807,72.133,49.960,30.978,18.982,30.601,124.846,34.627,90.219,6.250,0.000,0.000,0.000,0.000,57.0,
17.11.2025,12:51:1.436,25.829,32.668,24.817,3.363,250.0,250.0,77.534,13.528,8.734,35.500,27.447,17.016,10.431,16.808,6.673,0.678,5.995,5.995,0.000,0.000,0.375,0.000,57.0,
17.11.2025,12:51:2.436,19.032,34.832,26.970,3.357,250.0,250.0,81.073,37.764,8.785,71.866,49.782,30.866,18.916,30.489,80.364,16.699,63.665,6.208,0.000,0.000,0.000,0.000,57.0,
17.11.2025,12:51:3.436,14.953,25.681,18.172,3.051,250.0,250.0,77.555,23.460,8.786,73.594,50.845,31.531,19.314,31.154,6.703,0.733,5.970,5.970,0.000,0.000,0.000,0.000,57.0,
17.11.2025,12:51:4.437,24.469,26.539,19.110,3.013,250.0,250.0,77.724,23.593,8.809,74.173,51.212,31.755,19.457,31.379,6.605,0.669,5.936,5.936,0.000,0.000,0.000,0.000,57.0,
17.11.2025,12:51:5.436,31.266,25.338,17.880,3.034,250.0,250.0,81.246,23.256,8.843,72.719,50.340,31.223,19.117,30.846,6.738,0.765,5.973,5.995,0.000,0.000,0.000,0.000,57.0,
17.11.2025,12:51:6.436,17.672,27.799,20.345,3.030,250.0,250.0,81.603,45.329,8.843,71.023,49.287,30.561,18.726,30.184,104.577,31.938,72.639,35.511,0.000,0.000,0.000,0.000,57.0,
17.11.2025,12:51:7.436,29.907,26.295,18.804,3.019,250.0,250.0,78.577,23.539,8.804,73.845,51.019,31.639,19.380,31.250,6.731,0.735,5.996,5.995,0.000,0.000,0.000,0.000,57.0,
17.11.2025,12:51:8.436,17.672,26.538,19.047,3.043,250.0,250.0,77.842,22.949,8.792,71.714,49.688,30.809,18.879,30.433,6.617,0.672,5.945,5.945,0.000,0.000,0.000,0.000,57.0,
17.11.2025,12:51:9.437,13.594,25.067,17.593,3.033,250.0,250.0,81.433,23.175,8.759,72.458,50.139,31.092,19.047,30.715,6.754,0.746,6.008,6.038,0.000,0.000,0.000,0.000,57.0,
17.11.2025,12:51:10.436,19.032,26.598,19.139,3.048,250.0,250.0,78.992,21.357,8.796,65.564,45.941,28.482,17.459,28.142,6.621,0.676,5.945,5.945,0.000,0.000,0.000,0.000,57.0,
17.11.2025,12:51:11.431,20.391,26.149,18.672,3.021,250.0,250.0,81.115,23.088,8.810,72.099,49.943,30.965,18.978,30.588,6.748,0.740,6.008,6.004,0.000,0.000,0.000,0.000,57.0,
17.11.2025,12:51:12.436,19.032,28.095,20.622,3.048,250.0,250.0,80.664,48.957,8.835,80.589,55.177,34.209,20.968,33.796,124.819,34.598,90.221,6.361,0.000,0.000,0.000,0.000,57.0,
17.11.2025,12:51:13.436,16.313,26.127,18.643,3.021,250.0,250.0,78.179,23.333,8.843,73.032,50.537,31.338,19.199,30.950,6.708,0.735,5.973,6.012,0.001,0.000,0.000,0.000,57.0,
17.11.2025,12:51:14.436,19.032,27.057,19.575,3.054,250.0,250.0,79.213,35.044,8.810,86.363,58.721,36.414,22.307,35.976,47.765,17.591,30.174,6.314,0.000,0.000,2.250,0.000,57.0,
17.11.2025,12:51:15.436,17.672,26.833,19.392,3.022,250.0,250.0,81.189,23.528,8.789,73.819,50.994,31.621,19.373,31.244,6.720,0.737,5.983,6.004,0.001,0.000,0.000,0.000,57.0,
17.11.2025,12:51:16.436,16.313,26.472,18.979,3.046,250.0,250.0,81.886,47.178,8.796,73.674,50.919,31.568,19.351,31.191,125.029,34.828,90.201,6.225,0.000,0.000,0.000,0.000,57.0,
17.11.2025,12:51:17.436,23.110,27.009,19.572,3.025,250.0,250.0,78.515,22.941,8.763,71.589,49.603,30.759,18.844,30.394,6.733,0.742,5.991,5.987,0.000,0.000,0.250,0.000,57.0,
17.11.2025,12:51:18.433,16.313,29.471,21.966,3.062,250.0,250.0,79.123,23.043,8.825,72.002,49.898,30.939,18.959,30.574,6.637,0.675,5.962,5.962,0.000,0.000,0.000,0.000,57.0,
17.11.2025,12:51:19.434,17.672,26.806,19.307,3.042,250.0,250.0,81.519,23.533,8.822,73.541,50.849,31.528,19.321,31.151,7.045,0.878,6.167,6.030,0.000,0.000,1.125,0.000,57.0,
17.11.2025,12:51:20.431,29.907,27.831,20.310,3.063,250.0,250.0,78.602,23.396,8.930,73.176,50.688,31.429,19.259,31.052,6.717,0.727,5.990,5.987,0.000,0.000,0.000,0.000,57.0,
17.11.2025,12:51:21.429,17.672,25.995,18.565,3.048,250.0,250.0,78.449,23.532,8.957,73.697,51.007,31.630,19.377,31.253,6.709,0.729,5.980,5.979,0.000,0.000,0.000,0.000,57.0,
17.11.2025,12:51:22.431,27.188,25.213,17.744,3.039,250.0,250.0,81.576,31.234,8.899,68.106,47.544,29.484,18.060,29.120,52.457,19.193,33.264,6.208,0.000,0.000,0.000,2.250,57.0,
17.11.2025,12:51:23.428,17.672,24.956,17.445,3.046,250.0,250.0,78.117,23.333,8.796,73.050,50.516,31.328,19.188,30.951,6.751,0.743,6.008,6.004,0.000,0.000,0.000,0.000,57.0,
17.11.2025,12:51:24.437,19.032,26.355,18.832,3.087,250.0,250.0,81.818,71.191,8.796,59.934,42.458,26.326,16.132,26.010,24.871,6.699,18.172,482.512,0.000,0.000,0.000,0.000,57.0,
17.11.2025,12:51:25.437,19.032,26.912,19.400,3.078,250.0,250.0,78.130,25.096,8.842,73.602,50.886,31.555,19.331,31.178,14.747,1.967,12.780,6.072,0.000,0.000,0.000,0.000,57.0,
17.11.2025,12:51:26.435,21.750,26.278,18.755,3.074,250.0,250.0,78.296,32.704,8.806,79.028,54.179,33.590,20.589,33.189,6.634,0.672,5.962,84.390,0.000,0.000,0.000,0.000,57.0,
17.11.2025,12:51:27.433,17.672,28.007,20.501,3.062,250.0,250.0,81.750,23.565,8.807,73.969,51.084,31.671,19.413,31.295,6.696,0.692,6.004,6.021,0.000,0.000,0.375,0.000,57.0,
17.11.2025,12:51:28.430,10.875,26.220,18.708,3.046,250.0,250.0,81.213,27.085,8.819,69.413,48.295,29.952,18.343,29.587,6.737,0.682,6.055,52.969,0.000,0.000,0.000,0.000,57.0,
17.11.2025,12:51:29.434,21.750,26.334,18.863,3.064,250.0,250.0,78.959,23.176,8.834,72.428,50.150,31.104,19.046,30.727,6.714,0.684,6.030,6.046,0.000,0.000,0.000,0.000,57.0,
17.11.2025,12:51:30.431,17.672,25.676,18.142,3.068,250.0,250.0,78.425,23.456,8.821,73.570,50.873,31.540,19.333,31.163,6.644,0.682,5.962,5.970,0.000,0.000,0.000,0.000,57.0,
17.11.2025,12:51:31.436,16.313,26.765,19.307,3.039,250.0,250.0,79.297,22.766,8.826,70.888,49.197,30.508,18.689,30.143,6.683,0.679,6.004,6.046,0.000,0.000,0.000,0.000,57.0,
17.11.2025,12:51:32.436,17.672,26.098,18.610,3.052,250.0,250.0,77.958,23.349,8.789,73.203,50.616,31.381,19.235,31.004,6.639,0.677,5.962,5.979,0.000,0.000,0.000,0.000,57.0,
17.11.2025,12:51:33.435,17.672,26.242,18.752,3.027,250.0,250.0,80.914,32.880,8.773,72.108,49.921,30.952,18.969,30.575,55.699,8.021,47.678,6.106,0.000,0.000,0.000,0.000,57.0,
17.11.2025,12:51:34.432,24.469,27.467,19.964,3.082,250.0,250.0,78.125,23.296,8.821,72.965,50.481,31.305,19.176,30.916,6.654,0.675,5.979,5.987,0.000,0.000,2.125,0.000,57.0,
17.11.2025,12:51:35.428,17.672,27.046,19.542,3.057,250.0,250.0,81.638,36.242,8.892,63.488,44.687,27.712,16.975,27.372,83.323,29.127,54.196,6.646,0.000,0.000,0.000,0.000,57.0,
17.11.2025,12:51:36.435,17.672,28.614,20.970,3.172,250.0,250.0,78.670,24.074,8.848,75.818,52.276,32.418,19.858,32.029,6.744,0.736,6.008,6.004,0.000,0.000,0.375,0.000,57.0,
17.11.2025,12:51:37.435,19.032,30.832,23.168,3.215,250.0,250.0,81.732,25.922,8.799,74.046,51.144,31.718,19.426,31.329,18.323,2.625,15.698,6.114,0.000,0.000,0.000,0.000,57.0,
17.11.2025,12:51:38.436,21.750,27.942,20.366,3.155,250.0,250.0,79.141,23.704,8.822,74.496,51.444,31.905,19.539,31.516,6.664,0.677,5.987,5.987,0.001,0.000,0.000,0.000,57.0,
17.11.2025,12:51:39.436,19.032,26.525,19.019,3.046,250.0,250.0,81.460,23.024,8.806,71.770,49.756,30.853,18.903,30.476,6.808,0.750,6.058,6.055,0.000,0.000,0.000,0.000,57.0,
17.11.2025,12:51:40.437,17.672,25.437,17.922,3.058,250.0,250.0,78.720,23.352,8.833,73.155,50.617,31.386,19.231,31.009,6.654,0.675,5.979,5.979,0.000,0.000,0.000,0.000,57.0,
17.11.2025,12:51:41.437,23.110,26.136,18.667,3.028,250.0,250.0,81.470,42.925,8.871,74.300,51.346,31.844,19.502,31.455,102.917,26.817,76.100,6.098,0.000,0.000,0.000,0.000,57.0,
17.11.2025,12:51:42.436,28.547,26.547,19.035,3.050,250.0,250.0,78.248,23.296,8.856,72.919,50.481,31.304,19.177,30.915,6.663,0.676,5.987,5.987,0.000,0.000,0.000,0.000,57.0,
17.11.2025,12:51:43.433,19.032,24.408,16.945,3.031,250.0,250.0,81.140,23.276,8.882,72.700,50.349,31.228,19.121,30.852,6.777,0.735,6.042,6.072,0.000,0.000,0.000,0.000,57.0,
17.11.2025,12:51:44.432,23.110,24.903,17.445,3.043,250.0,250.0,79.448,23.619,9.046,73.973,51.238,31.773,19.465,31.384,6.660,0.681,5.979,5.987,0.000,0.000,1.125,0.250,57.0,
17.11.2025,12:51:45.432,16.313,27.391,19.898,3.043,250.0,250.0,78.924,23.485,8.931,73.374,50.824,31.511,19.313,31.134,6.854,0.829,6.025,6.055,0.000,0.000,0.000,0.000,57.0,
17.11.2025,12:51:46.436,19.032,27.304,19.802,3.055,250.0,250.0,81.705,23.117,8.833,72.256,50.062,31.037,19.025,30.660,6.654,0.675,5.979,5.987,0.000,0.000,0.000,0.000,57.0,
17.11.2025,12:51:47.436,19.032,25.688,18.172,3.066,250.0,250.0,78.285,40.041,8.832,70.985,49.254,30.547,18.707,30.182,92.838,30.033,62.805,6.225,0.000,0.000,0.000,0.000,57.0,
17.11.2025,12:51:48.437,16.313,27.001,19.512,3.041,250.0,250.0,78.248,23.266,8.799,72.785,50.364,31.237,19.127,30.860,6.732,0.727,6.005,6.021,0.000,0.000,0.000,0.000,57.0,
17.11.2025,12:51:49.437,32.625,25.856,18.429,3.030,250.0,250.0,81.025,46.691,8.822,71.968,49.864,30.925,18.939,30.548,124.750,34.637,90.113,6.343,0.000,0.000,0.000,0.000,57.0,
17.11.2025,12:51:50.437,19.032,27.473,19.947,3.057,250.0,250.0,78.720,23.330,8.834,73.060,50.544,31.342,19.202,30.953,6.681,0.677,6.004,6.004,0.000,0.000,0.000,0.000,57.0,
17.11.2025,12:51:51.435,17.672,27.335,19.837,3.060,250.0,250.0,82.232,45.368,8.906,72.672,50.363,31.224,19.139,30.847,117.041,33.520,83.521,6.446,0.000,0.000,0.000,0.000,57.0,
17.11.2025,12:51:52.436,14.953,27.329,19.851,3.060,250.0,250.0,76.832,33.695,8.834,67.670,47.245,29.291,17.954,28.938,65.489,12.785,52.704,6.038,0.000,0.000,0.000,0.000,57.0,
17.11.2025,12:51:53.433,24.469,24.668,17.223,2.991,250.0,250.0,76.567,21.883,8.822,67.451,47.098,29.205,17.893,28.853,6.732,0.694,6.038,6.038,0.000,0.000,0.000,0.000,57.0,
17.11.2025,12:51:54.437,14.953,24.342,16.877,3.037,250.0,250.0,76.628,21.971,8.847,67.832,47.343,29.364,17.979,29.011,6.670,0.675,5.995,5.995,0.000,0.000,0.000,0.000,57.0,
17.11.2025,12:51:55.428,16.313,25.722,18.335,2.979,250.0,250.0,77.282,26.394,8.869,77.712,53.415,33.116,20.299,32.715,6.645,0.675,5.970,24.526,0.000,0.000,0.000,0.000,42.0,
17.11.2025,12:51:56.436,21.750,26.229,18.855,2.979,250.0,250.0,78.313,19.009,8.901,55.907,40.033,24.828,15.205,24.524,7.193,0.891,6.302,6.302,0.000,0.000,0.000,0.000,42.0,
17.11.2025,12:51:57.436,17.672,26.095,18.653,2.977,250.0,250.0,70.588,21.838,8.906,67.307,47.057,29.178,17.879,28.826,6.634,0.672,5.962,5.962,0.000,0.000,0.000,0.000,42.0,
17.11.2025,12:51:58.436,19.032,25.084,17.714,2.949,250.0,250.0,73.133,21.920,8.795,67.689,47.226,29.291,17.935,28.939,6.671,0.684,5.987,5.987,0.000,0.000,0.000,0.000,42.0,
17.11.2025,12:51:59.436,23.110,25.463,18.168,2.916,250.0,250.0,73.006,22.073,8.834,68.265,47.594,29.512,18.082,29.160,6.654,0.675,5.979,5.979,0.000,0.000,0.000,0.000,42.0,
17.11.2025,12:52:0.436,23.110,25.463,18.168,2.916,250.0,250.0,64.345,23.529,8.790,73.791,50.975,31.609,19.366,31.220,6.760,0.735,6.025,6.021,0.000,0.000,0.000,0.000,42.0,
17.11.2025,12:52:1.434,28.547,26.181,18.710,3.047,250.0,250.0,78.208,23.515,8.765,73.769,50.944,31.592,19.352,31.215,6.753,0.748,6.005,6.004,0.000,0.000,0.000,0.000,42.0,
17.11.2025,12:52:2.430,21.750,27.662,20.187,3.045,250.0,250.0,81.723,34.157,8.798,70.126,48.734,30.223,18.511,29.859,64.226,23.503,40.723,6.864,0.000,0.000,0.000,0.000,42.0,
17.11.2025,12:52:3.436,20.391,31.556,23.422,3.564,250.0,250.0,78.846,23.665,8.824,74.259,51.288,31.809,19.479,31.419,6.771,0.746,6.025,6.030,0.000,0.000,0.000,0.000,42.0,
17.11.2025,12:52:4.429,21.750,29.532,21.807,3.259,250.0,250.0,82.464,46.832,8.843,72.230,50.046,31.027,19.019,30.650,125.070,34.781,90.289,6.369,0.000,0.000,1.000,0.000,42.0,
17.11.2025,12:52:5.437,31.266,29.219,21.742,3.045,250.0,250.0,79.032,25.866,8.857,72.369,50.123,31.078,19.045,30.713,20.195,2.766,17.429,6.089,0.000,0.000,0.000,0.000,42.0,
17.11.2025,12:52:6.436,23.110,25.380,17.869,3.053,250.0,250.0,78.418,23.221,8.917,72.561,50.280,31.187,19.093,30.810,6.681,0.677,6.004,6.004,0.000,0.000,0.000,0.000,42.0,
17.11.2025,12:52:7.436,23.110,26.902,19.454,3.019,250.0,250.0,79.492,23.528,8.929,73.636,50.951,31.597,19.354,31.220,6.790,0.794,5.996,6.012,0.000,0.000,0.000,0.875,42.0,
17.11.2025,12:52:8.436,42.141,52.217,44.173,3.451,250.0,250.0,82.432,31.557,8.845,67.378,47.069,29.183,17.886,28.830,7.387,0.941,6.446,101.602,0.000,0.000,1.375,1.375,42.0,
17.11.2025,12:52:9.436,25.829,74.997,66.506,3.874,250.0,250.0,78.965,23.135,8.810,72.228,50.029,31.019,19.010,30.642,6.781,0.747,6.034,6.055,0.000,0.000,0.000,0.000,42.0,
17.11.2025,12:52:10.435,24.469,42.852,34.901,3.390,250.0,250.0,78.214,23.500,8.823,73.716,50.949,31.596,19.353,31.219,6.670,0.675,5.995,6.004,0.000,0.000,0.000,0.000,42.0,
17.11.2025,12:52:11.434,20.391,34.646,26.925,3.274,250.0,250.0,82.027,43.461,8.836,72.494,50.209,31.130,19.079,30.753,107.977,29.109,78.868,6.158,0.000,0.000,0.000,0.000,42.0,
17.11.2025,12:52:12.434,27.188,35.048,27.445,3.146,250.0,250.0,78.022,23.083,8.823,72.032,49.909,30.954,18.955,30.577,6.777,0.752,6.025,6.030,0.000,0.000,0.000,0.000,42.0,
17.11.2025,12:52:13.432,19.032,27.587,20.084,3.072,250.0,250.0,81.656,36.537,8.834,73.683,50.940,31.585,19.355,31.208,71.814,12.894,58.920,6.132,0.000,0.000,0.000,1.000,42.0,
17.11.2025,12:52:14.444,20.391,27.133,19.577,3.096,250.0,250.0,78.434,36.537,8.832,71.911,49.834,30.902,18.932,30.525,6.764,0.731,6.033,6.030,0.000,0.000,0.000,0.000,42.0,
17.11.2025,12:52:15.445,25.829,28.082,20.506,3.124,250.0,250.0,80.846,23.049,8.821,47.373,34.759,21.557,13.202,21.289,7.086,0.717,6.369,129.670,0.000,0.000,0.375,0.000,42.0,
17.11.2025,12:52:16.455,17.672,25.768,18.270,3.088,250.0,250.0,74.307,66.883,8.829,58.515,41.597,25.797,15.800,25.481,57.446,20.931,36.515,377.917,0.000,0.000,0.000,0.000,42.0,
17.11.2025,12:52:17.457,32.625,26.370,18.812,3.091,250.0,250.0,74.307,66.883,8.829,58.515,41.597,25.797,15.800,25.481,57.446,20.931,36.515,377.917,0.000,0.000,0.000,2.375,42.0,
17.11.2025,12:52:18.457,31.266,31.475,23.855,3.149,250.0,250.0,78.117,23.181,8.759,72.482,50.143,31.099,19.044,30.722,6.751,0.688,6.063,6.063,0.000,0.000,0.000,0.000,42.0,
17.11.2025,12:52:19.452,24.469,27.833,20.201,3.154,250.0,250.0,81.413,53.423,8.808,65.909,46.132,28.611,17.521,28.258,77.064,27.768,49.296,184.868,0.000,0.000,0.000,0.000,42.0,
17.11.2025,12:52:20.445,14.953,25.816,18.330,3.063,250.0,250.0,78.273,23.396,8.823,73.235,50.652,31.405,19.247,31.029,6.752,0.689,6.063,6.063,0.000,0.000,0.000,0.000,42.0,
17.11.2025,12:52:21.457,25.829,27.739,20.199,3.081,250.0,250.0,78.572,23.153,8.883,72.323,50.130,31.077,19.053,30.700,6.681,0.677,6.004,6.004,0.000,0.000,0.000,0.000,42.0,
17.11.2025,12:52:22.457,13.594,25.361,17.887,3.070,250.0,250.0,81.353,29.621,8.856,72.335,50.126,31.075,19.051,30.698,38.960,5.173,33.787,6.149,0.001,0.000,0.000,0.000,42.0,
17.11.2025,12:52:23.453,19.032,26.105,18.590,3.066,250.0,250.0,78.568,23.529,8.812,73.795,51.005,31.632,19.373,31.242,6.706,0.685,6.021,6.021,0.000,0.000,0.000,0.000,42.0,
17.11.2025,12:52:24.458,17.672,27.480,19.997,3.054,250.0,250.0,81.978,81.418,8.769,71.116,49.319,30.586,18.733,30.221,81.966,28.830,53.136,441.508,0.000,0.000,0.000,0.000,42.0,
17.11.2025,12:52:25.456,27.188,24.965,17.431,3.056,250.0,250.0,78.187,23.758,8.808,74.675,51.531,31.951,19.580,31.562,6.720,0.690,6.030,6.038,0.000,0.000,0.000,0.000,42.0,
17.11.2025,12:52:26.454,19.032,28.041,20.561,3.058,250.0,250.0,81.712,32.133,8.783,67.779,47.287,29.323,17.964,28.958,55.265,20.349,34.916,10.705,0.000,0.000,0.000,0.000,42.0,
17.11.2025,12:52:27.455,17.672,25.799,18.337,3.044,250.0,250.0,79.420,39.778,8.872,75.464,52.056,32.282,19.774,31.881,85.617,18.094,67.523,6.216,0.000,0.000,0.000,0.000,42.0,
17.11.2025,12:52:28.452,17.672,25.519,18.013,3.065,250.0,250.0,78.427,23.732,8.872,74.526,51.479,31.928,19.551,31.539,6.697,0.685,6.012,6.030,0.000,0.000,0.000,0.000,42.0,
17.11.2025,12:52:29.449,28.547,26.984,19.447,3.074,250.0,250.0,82.506,23.658,8.896,74.107,51.235,31.769,19.466,31.380,6.808,0.702,6.106,6.114,0.000,0.000,0.000,0.000,42.0,
17.11.2025,12:52:30.456,20.391,26.239,18.726,3.072,250.0,250.0,80.195,23.734,8.960,74.470,51.495,31.931,19.564,31.542,6.680,0.685,5.995,6.021,0.000,0.000,0.000,0.000,42.0,
17.11.2025,12:52:31.452,27.188,25.559,18.078,3.081,250.0,250.0,80.074,47.315,8.910,74.255,51.341,31.836,19.505,31.446,124.734,34.626,90.108,6.394,0.000,0.000,0.000,0.000,42.0,
17.11.2025,12:52:32.463,27.188,27.831,20.304,3.073,250.0,250.0,78.478,24.049,8.823,75.740,52.208,32.378,19.830,31.989,6.731,0.693,6.038,6.063,0.000,0.000,0.000,1.750,42.0,
17.11.2025,12:52:33.460,24.469,27.313,19.806,3.071,250.0,250.0,80.031,23.448,8.812,73.517,50.817,31.511,19.306,31.122,6.692,0.680,6.012,6.012,0.000,0.000,0.000,0.000,42.0,
17.11.2025,12:52:34.468,17.672,25.557,18.007,3.096,250.0,250.0,78.758,43.419,8.837,74.549,51.483,31.919,19.564,31.530,104.937,31.802,73.135,6.438,0.000,0.000,1.125,0.000,42.0,
17.11.2025,12:52:35.467,35.344,26.705,19.211,3.072,250.0,250.0,78.318,23.197,8.846,72.495,50.209,31.135,19.074,30.758,6.711,0.681,6.030,6.030,0.000,0.000,0.000,0.000,42.0,
17.11.2025,12:52:36.468,17.672,26.192,18.634,3.080,250.0,250.0,81.429,20.595,8.873,62.491,44.101,27.347,16.754,27.018,6.682,0.678,6.004,6.004,0.000,0.000,0.000,0.000,42.0,
17.11.2025,12:52:37.467,20.391,25.692,18.153,3.090,250.0,250.0,79.046,23.445,8.861,73.331,50.737,31.461,19.276,31.084,6.817,0.750,6.067,6.063,0.000,0.000,0.000,0.000,42.0,
17.11.2025,12:52:38.467,12.235,25.321,17.820,3.114,250.0,250.0,82.403,18.901,8.847,54.730,39.292,24.356,14.936,24.064,7.022,0.712,6.310,8.744,0.000,0.000,0.000,0.000,42.0,
17.11.2025,12:52:39.467,24.469,28.557,20.999,3.097,250.0,250.0,78.767,41.657,8.811,73.934,51.070,31.668,19.402,31.291,97.108,23.815,73.293,6.174,0.000,0.000,0.000,0.000,42.0,
17.11.2025,12:52:40.468,16.313,26.425,18.895,3.113,250.0,250.0,78.601,23.557,8.815,73.841,51.026,31.642,19.384,31.253,6.782,0.735,6.047,6.046,0.000,0.000,0.000,0.000,42.0,
17.11.2025,12:52:41.483,24.469,25.487,17.981,3.080,250.0,250.0,82.323,43.139,8.783,71.438,49.524,30.706,18.818,30.342,107.734,32.199,75.535,6.310,0.000,0.000,0.000,0.000,42.0,
17.11.2025,12:52:42.477,17.672,25.431,17.890,3.082,250.0,250.0,78.920,23.353,8.861,72.948,50.509,31.318,19.191,30.941,6.826,0.741,6.085,6.106,0.000,0.000,0.000,0.000,42.0,
17.11.2025,12:52:43.483,21.750,24.312,16.830,3.053,250.0,250.0,78.781,23.408,8.824,73.277,50.685,31.423,19.262,31.046,6.763,0.732,6.031,6.038,0.000,0.000,0.000,0.000,42.0,
17.11.2025,12:52:44.480,17.672,26.170,18.612,3.082,250.0,250.0,81.593,39.306,8.891,73.795,51.049,31.650,19.399,31.273,85.353,18.165,67.188,6.293,0.000,0.000,0.000,0.000,42.0,
17.11.2025,12:52:45.488,27.188,24.959,17.463,3.076,250.0,250.0,78.274,23.246,8.866,72.659,50.324,31.200,19.124,30.824,6.714,0.684,6.030,6.038,0.000,0.000,0.000,0.000,42.0,
17.11.2025,12:52:46.489,17.672,26.876,19.345,3.101,250.0,250.0,81.714,30.612,8.835,72.288,50.084,31.055,19.029,30.678,43.958,5.814,38.144,6.234,0.000,0.000,0.000,0.000,42.0,
17.11.2025,12:52:47.490,20.391,25.412,17.894,3.064,250.0,250.0,78.578,23.543,8.859,73.736,50.992,31.624,19.368,31.235,6.780,0.734,6.046,6.055,0.000,0.000,0.000,0.000,42.0,
17.11.2025,12:52:48.486,20.391,25.654,18.140,3.086,250.0,250.0,78.142,23.372,8.886,72.765,50.395,31.246,19.149,30.869,7.192,0.729,6.463,6.030,0.000,0.000,0.000,0.000,42.0,
17.11.2025,12:52:49.485,17.672,26.838,19.361,3.075,250.0,250.0,82.207,43.764,8.834,72.784,50.377,31.242,19.135,30.865,109.012,29.439,79.573,6.378,0.000,0.000,0.000,0.000,42.0,
17.11.2025,12:52:50.477,17.672,26.586,19.038,3.076,250.0,250.0,78.147,23.432,8.850,73.254,50.692,31.440,19.252,31.063,6.824,0.740,6.084,6.123,0.000,0.000,0.000,0.000,42.0,
17.11.2025,12:52:51.481,20.391,26.071,18.562,3.098,250.0,250.0,77.135,23.074,8.927,71.948,49.914,30.947,18.967,30.571,6.715,0.685,6.030,6.038,0.000,0.000,0.000,0.000,42.0,
17.11.2025,12:52:52.483,35.344,24.645,17.112,3.092,250.0,250.0,80.863,74.555,8.927,56.653,40.511,25.122,15.389,24.818,43.732,16.098,27.634,486.669,0.000,0.000,0.000,0.000,42.0,
17.11.2025,12:52:53.477,17.672,25.906,18.341,3.081,250.0,250.0,77.216,23.358,8.881,72.857,50.461,31.290,19.171,30.913,6.938,0.761,6.177,6.132,0.000,0.000,0.000,0.000,42.0,
17.11.2025,12:52:54.488,17.672,25.946,18.421,3.082,250.0,250.0,77.888,28.825,8.857,66.811,46.730,28.972,17.758,28.619,42.206,5.314,36.892,6.089,0.000,0.000,0.000,0.000,42.0,
17.11.2025,12:52:55.476,17.672,24.828,17.407,3.027,250.0,250.0,75.538,21.825,8.831,67.120,46.902,29.075,17.827,28.722,6.825,0.702,6.123,6.123,0.000,0.000,0.000,0.000,42.0,
17.11.2025,12:52:56.483,14.953,25.660,18.168,3.036,250.0,250.0,75.606,21.924,8.796,67.617,47.195,29.258,17.937,28.905,6.738,0.683,6.055,6.055,0.000,0.000,0.000,0.000,42.0,
17.11.2025,12:52:57.485,23.110,26.073,18.675,3.001,250.0,250.0,76.208,23.428,8.882,70.814,49.189,30.503,18.686,30.139,6.712,0.691,6.021,12.642,0.000,0.000,0.000,0.000,42.0,
17.11.2025,12:52:58.488,23.110,25.544,18.075,3.019,250.0,250.0,79.348,21.949,8.835,67.517,47.158,29.237,17.921,28.884,6.880,0.706,6.174,6.174,0.000,0.000,0.000,0.000,42.0,
17.11.2025,12:52:59.488,19.032,25.376,17.958,3.031,250.0,250.0,72.765,21.843,8.872,67.215,46.975,29.131,17.844,28.779,6.771,0.699,6.072,6.072,0.000,0.000,0.000,0.000,42.0,
17.11.2025,12:53:0.489,16.313,27.408,19.991,2.997,250.0,250.0,72.806,80.138,8.876,61.701,43.576,27.028,16.548,26.700,71.069,26.252,44.817,474.813,0.000,0.000,0.000,0.000,42.0,
17.11.2025,12:53:1.476,16.313,26.815,19.383,3.026,250.0,250.0,72.616,42.622,8.847,66.897,46.775,29.002,17.773,28.649,110.943,32.482,78.461,6.386,0.000,0.000,0.000,0.000,42.0,
17.11.2025,12:53:2.490,24.469,25.837,18.295,3.075,250.0,250.0,63.284,37.407,8.889,66.891,46.793,29.019,17.774,28.666,81.828,28.861,52.967,12.378,0.000,0.000,0.375,0.000,42.0,
17.11.2025,12:53:3.486,14.953,28.313,20.693,3.175,250.0,250.0,78.231,23.150,8.788,72.299,50.052,31.038,19.014,30.661,6.796,0.738,6.058,6.055,0.000,0.000,0.000,0.000,42.0,
17.11.2025,12:53:4.496,17.672,32.590,24.412,3.613,250.0,250.0,79.555,23.224,8.801,72.631,50.281,31.173,19.108,30.796,6.710,0.680,6.030,6.030,0.000,0.000,0.000,0.000,42.0,
17.11.2025,12:53:5.499,19.032,27.539,19.906,3.226,250.0,250.0,80.217,23.236,8.834,72.616,50.273,31.178,19.095,30.801,6.740,0.685,6.055,6.081,0.001,0.000,0.000,0.000,42.0,
17.11.2025,12:53:6.499,17.672,27.125,19.612,3.060,250.0,250.0,81.386,46.885,8.845,72.447,50.182,31.120,19.062,30.743,125.011,34.680,90.331,6.429,0.000,0.000,0.000,0.000,42.0,
17.11.2025,12:53:7.497,27.188,28.011,20.551,3.033,250.0,250.0,78.232,23.294,8.861,72.826,50.424,31.261,19.163,30.885,6.729,0.691,6.038,6.063,0.000,0.000,0.000,0.000,42.0,
17.11.2025,12:53:8.498,19.032,27.404,19.944,3.023,250.0,250.0,80.982,30.725,8.778,64.307,45.132,27.992,17.140,27.651,25.534,6.956,18.578,65.178,0.000,0.000,0.000,0.000,42.0,
17.11.2025,12:53:9.499,24.469,28.109,20.596,3.064,250.0,250.0,78.303,23.424,8.785,73.338,50.690,31.432,19.258,31.043,6.789,0.691,6.098,6.114,0.000,0.000,0.000,0.000,42.0,
17.11.2025,12:53:10.493,17.672,25.857,18.387,3.034,250.0,250.0,78.761,23.208,8.798,72.597,50.235,31.152,19.083,30.775,6.703,0.682,6.021,6.038,0.001,0.000,0.000,0.000,42.0,
17.11.2025,12:53:11.499,19.032,25.645,18.112,3.097,250.0,250.0,78.311,27.913,8.794,53.655,38.600,23.936,14.664,23.644,12.014,2.546,9.468,91.807,0.000,0.000,0.000,0.000,42.0,
17.11.2025,12:53:12.498,16.313,24.765,17.290,3.055,250.0,250.0,78.314,23.176,8.848,72.335,50.102,31.075,19.027,30.699,6.777,0.696,6.081,6.123,0.000,0.000,0.000,0.000,42.0,
17.11.2025,12:53:13.499,17.672,24.826,17.316,3.078,250.0,250.0,77.929,23.332,8.846,72.990,50.522,31.335,19.187,30.958,6.718,0.680,6.038,6.046,0.000,0.000,0.125,0.000,42.0,
17.11.2025,12:53:14.498,19.032,27.809,20.262,3.093,250.0,250.0,81.367,44.850,8.908,70.591,49.072,30.428,18.644,30.063,117.149,33.500,83.649,6.497,0.000,0.000,0.000,0.375,42.0,
17.11.2025,12:53:15.492,21.750,27.702,20.169,3.096,250.0,250.0,77.808,33.229,8.860,73.957,51.125,31.696,19.429,31.319,54.890,7.721,47.169,6.123,0.000,0.000,0.000,0.000,42.0,
17.11.2025,12:53:16.499,31.266,26.491,18.979,3.069,250.0,250.0,78.361,23.555,8.885,73.792,51.036,31.641,19.395,31.264,6.739,0.684,6.055,6.055,0.000,0.000,0.000,0.000,42.0,
17.11.2025,12:53:17.498,17.672,26.624,19.160,3.035,250.0,250.0,82.074,39.965,8.765,73.651,50.873,31.541,19.332,31.164,88.962,29.791,59.171,6.403,0.000,0.000,0.000,0.000,42.0,
17.11.2025,12:53:18.492,25.829,29.532,21.955,3.111,250.0,250.0,78.260,23.303,8.810,72.870,50.423,31.265,19.158,30.888,6.769,0.688,6.081,6.081,0.000,0.000,0.000,1.250,42.0,
17.11.2025,12:53:19.498,21.750,31.582,23.886,3.226,250.0,250.0,81.866,24.405,8.764,44.280,32.825,20.356,12.469,20.112,7.125,0.722,6.403,90.994,0.000,0.000,0.000,0.000,42.0,
17.11.2025,12:53:20.492,21.750,30.896,23.208,3.256,250.0,250.0,78.281,23.253,8.787,72.634,50.267,31.177,19.090,30.800,6.828,0.705,6.123,6.123,0.000,0.000,0.000,0.000,42.0,
17.11.2025,12:53:21.499,16.313,28.657,21.080,3.095,250.0,250.0,81.429,23.237,8.847,72.650,50.293,31.187,19.106,30.811,6.720,0.682,6.038,6.038,0.000,0.000,0.000,0.000,42.0,
17.11.2025,12:53:22.498,17.672,26.275,18.785,3.090,250.0,250.0,78.372,34.314,8.837,74.361,51.360,31.845,19.515,31.468,59.800,8.829,50.971,6.158,0.000,0.000,0.000,0.000,42.0,
17.11.2025,12:53:23.498,14.953,27.036,19.542,3.055,250.0,250.0,78.982,22.889,8.872,71.222,49.444,30.656,18.788,30.291,6.768,0.687,6.081,6.081,0.000,0.000,0.000,0.000,42.0,
17.11.2025,12:53:24.499,17.672,24.751,17.235,3.066,250.0,250.0,81.725,57.742,8.816,61.475,43.408,26.913,16.495,26.585,7.553,1.045,6.508,378.618,0.000,0.000,0.000,0.000,42.0,
17.11.2025,12:53:25.499,17.672,25.675,18.187,3.046,250.0,250.0,77.598,23.192,8.799,72.434,50.149,31.098,19.051,30.721,6.789,0.700,6.089,6.089,0.000,0.000,0.000,2.375,42.0,
17.11.2025,12:53:26.499,17.672,27.030,19.513,3.069,250.0,250.0,81.640,46.681,8.810,71.719,49.706,30.828,18.878,30.451,124.984,34.682,90.302,6.446,0.000,0.000,0.000,0.000,42.0,
17.11.2025,12:53:27.499,25.829,25.281,17.758,3.071,250.0,250.0,77.924,23.386,8.786,73.050,50.522,31.327,19.195,30.951,6.926,0.800,6.126,6.174,0.000,0.000,0.000,0.000,42.0,
17.11.2025,12:53:28.499,21.750,27.162,19.688,3.041,250.0,250.0,77.413,23.812,8.895,74.719,51.628,32.011,19.617,31.634,6.767,0.695,6.072,6.081,0.000,0.000,0.000,0.000,42.0,
17.11.2025,12:53:29.498,16.313,26.838,19.368,3.059,250.0,250.0,81.913,17.576,8.802,50.925,36.964,22.920,14.044,22.639,6.711,0.681,6.030,6.046,0.000,0.000,0.000,0.000,42.0,
17.11.2025,12:53:30.498,21.750,28.619,21.091,3.054,250.0,250.0,78.092,24.026,8.852,75.283,51.963,32.217,19.746,31.828,7.088,0.857,6.231,6.190,0.000,0.000,0.000,0.000,42.0,
17.11.2025,12:53:31.498,16.313,24.195,16.686,3.036,250.0,250.0,79.087,25.132,8.771,46.470,34.168,21.195,12.973,20.940,35.782,12.215,23.567,35.242,0.000,0.000,0.000,0.000,42.0,
17.11.2025,12:53:32.495,17.672,25.813,18.354,3.009,250.0,250.0,78.493,23.901,8.790,75.213,51.873,32.170,19.703,31.780,6.714,0.684,6.030,6.055,0.000,0.000,0.000,0.000,42.0,
17.11.2025,12:53:33.499,19.032,26.239,18.760,3.073,250.0,250.0,75.367,43.945,8.766,67.518,47.099,29.206,17.893,28.853,116.891,33.275,83.616,6.335,0.000,0.000,0.000,0.000,42.0,
17.11.2025,12:53:34.499,14.953,27.046,19.541,3.072,250.0,250.0,77.937,23.448,8.814,73.336,50.713,31.449,19.264,31.072,6.852,0.751,6.101,6.132,0.000,0.000,0.000,0.000,42.0,
17.11.2025,12:53:35.498,21.750,26.543,19.034,3.076,250.0,250.0,81.380,22.925,8.906,71.386,49.550,30.724,18.826,30.359,6.724,0.686,6.038,6.055,0.000,0.000,0.000,0.000,42.0,
17.11.2025,12:53:36.498,16.313,25.620,18.126,3.049,250.0,250.0,78.619,60.376,8.942,59.272,42.130,26.132,15.998,25.815,79.727,28.170,51.557,266.018,0.000,0.000,0.000,0.000,42.0,
17.11.2025,12:53:37.498,17.672,26.230,18.725,3.068,250.0,250.0,78.634,55.144,9.051,67.529,47.296,29.329,17.967,28.964,116.683,33.388,83.295,117.941,0.000,0.000,0.000,0.000,42.0,
17.11.2025,12:53:38.499,14.953,25.261,17.789,3.036,250.0,250.0,78.796,28.001,8.978,73.147,50.700,31.442,19.258,31.053,29.609,3.872,25.737,6.216,0.000,0.000,2.125,0.000,42.0,
17.11.2025,12:53:39.499,32.625,27.308,19.795,3.062,250.0,250.0,79.037,23.799,8.932,74.469,51.492,31.936,19.556,31.547,6.966,0.840,6.126,6.123,0.000,0.000,0.000,0.000,42.0,
17.11.2025,12:53:40.499,14.953,25.629,18.109,3.066,250.0,250.0,79.035,23.557,8.803,73.888,51.039,31.647,19.392,31.270,6.737,0.682,6.055,6.055,0.001,0.000,0.000,0.000,42.0,
17.11.2025,12:53:41.499,20.391,25.049,17.492,3.095,250.0,250.0,80.804,69.128,8.806,56.323,40.243,24.951,15.292,24.647,36.438,12.373,24.065,448.141,0.000,0.000,0.000,0.000,42.0,
17.11.2025,12:53:42.499,12.235,25.979,18.497,3.069,250.0,250.0,79.965,23.713,8.824,74.210,51.251,31.777,19.474,31.400,7.040,0.836,6.204,6.114,0.000,0.000,0.000,0.000,42.0,
17.11.2025,12:53:43.499,16.313,26.481,18.920,3.098,250.0,250.0,79.089,23.435,8.812,73.384,50.748,31.473,19.275,31.096,6.748,0.685,6.063,6.063,0.000,0.000,0.000,0.000,42.0,
17.11.2025,12:53:44.493,17.672,25.649,18.171,3.064,250.0,250.0,82.250,24.749,8.844,72.069,49.955,30.977,18.978,30.601,14.932,2.020,12.912,6.199,0.000,0.000,0.000,0.000,42.0,
17.11.2025,12:53:45.498,13.594,27.197,19.657,3.106,250.0,250.0,78.757,23.370,8.894,73.013,50.560,31.352,19.208,30.963,6.799,0.693,6.106,6.106,0.000,0.000,0.000,0.000,42.0,
17.11.2025,12:53:46.500,21.750,24.801,17.325,3.059,250.0,250.0,78.927,13.666,8.797,35.403,27.416,16.999,10.417,16.792,7.197,0.751,6.446,6.446,0.000,0.000,0.000,0.000,42.0,
17.11.2025,12:53:47.499,17.672,25.049,17.567,3.058,250.0,250.0,78.983,23.424,8.847,73.162,50.622,31.390,19.232,31.013,6.908,0.746,6.162,6.158,0.001,0.000,0.000,0.000,42.0,
17.11.2025,12:53:48.495,13.594,26.743,19.240,3.068,250.0,250.0,78.625,23.689,8.837,74.227,51.286,31.803,19.483,31.426,6.857,0.743,6.114,6.114,0.000,0.000,0.000,0.000,42.0,
17.11.2025,12:53:49.510,17.672,25.638,18.096,3.087,250.0,250.0,79.858,44.595,8.870,90.433,61.255,37.987,23.268,37.525,28.982,8.688,20.294,128.646,0.001,0.000,0.000,0.000,42.0,
17.11.2025,12:53:50.521,14.953,26.765,19.220,3.066,250.0,250.0,80.796,25.744,8.849,72.590,50.280,31.172,19.108,30.795,19.226,2.759,16.467,6.190,0.000,0.000,2.125,0.000,42.0,
17.11.2025,12:53:51.521,16.313,27.856,20.346,3.092,250.0,250.0,78.549,23.114,8.847,72.114,49.966,30.981,18.985,30.604,6.774,0.693,6.081,6.098,0.000,0.000,0.000,0.000,42.0,
17.11.2025,12:53:52.518,16.313,27.856,20.346,3.092,250.0,250.0,79.598,23.865,8.825,74.947,51.718,32.067,19.651,31.678,6.831,0.750,6.081,6.098,0.000,0.000,0.000,0.000,42.0,
17.11.2025,12:53:53.523,23.110,26.368,18.848,3.076,250.0,250.0,80.614,19.404,8.849,57.639,41.094,25.484,15.610,25.180,7.057,0.714,6.343,6.072,0.000,0.000,0.000,0.000,42.0,
17.11.2025,12:53:54.530,16.313,26.849,19.320,3.095,250.0,250.0,80.406,35.588,8.801,72.134,49.967,30.984,18.983,30.607,69.089,12.345,56.744,6.225,0.000,0.000,0.000,0.000,42.0,
17.11.2025,12:53:55.530,19.032,24.700,17.198,3.054,250.0,250.0,78.806,22.999,8.828,71.698,49.719,30.827,18.892,30.450,6.748,0.685,6.063,6.081,0.000,0.000,0.000,0.000,42.0,
17.11.2025,12:53:56.529,24.469,26.815,19.260,3.101,250.0,250.0,75.172,51.969,8.835,68.999,48.046,29.793,18.253,29.440,7.200,0.729,6.471,301.927,0.000,0.000,0.000,0.000,42.0,
17.11.2025,12:53:57.524,16.313,26.042,18.552,3.064,250.0,250.0,76.028,21.905,8.846,67.364,47.047,29.172,17.875,28.819,6.902,0.703,6.199,6.123,0.000,0.000,0.000,0.000,42.0,
17.11.2025,12:53:58.529,19.032,24.413,16.942,3.056,250.0,250.0,76.120,21.587,8.825,66.264,46.356,28.743,17.613,28.402,6.793,0.695,6.098,6.081,0.000,0.000,0.000,0.000,42.0,
17.11.2025,12:53:59.529,17.672,27.111,19.622,3.053,250.0,250.0,78.789,31.845,8.859,66.703,46.671,28.945,17.726,28.592,57.381,9.931,47.450,6.190,0.000,0.000,0.000,0.375,42.0,
17.11.2025,12:54:0.529,17.672,27.128,19.626,3.026,250.0,250.0,75.620,43.699,8.921,67.015,46.881,29.073,17.808,28.720,116.122,33.149,82.973,6.327,0.000,0.000,0.000,0.000,42.0,
17.11.2025,12:54:1.522,19.032,25.067,17.632,3.037,250.0,250.0,72.979,30.661,8.914,65.472,45.922,28.475,17.447,28.135,52.978,19.528,33.450,6.293,0.000,0.000,0.000,0.000,42.0,
17.11.2025,12:54:2.527,19.032,25.576,18.083,3.021,250.0,250.0,72.041,43.853,8.873,67.635,47.246,29.299,17.947,28.947,116.109,33.068,83.041,6.361,0.000,0.000,0.000,0.000,42.0,
17.11.2025,12:54:3.530,17.672,25.297,17.885,3.017,250.0,250.0,68.095,12.917,8.763,33.086,25.952,16.096,9.856,15.901,6.759,0.729,6.030,5.995,0.000,0.000,0.000,0.000,42.0,
17.11.2025,12:54:4.528,16.313,27.854,20.392,3.040,250.0,250.0,67.638,47.489,8.786,74.985,51.732,32.073,19.659,31.684,124.903,34.638,90.265,6.165,0.000,0.000,0.000,0.000,42.0,
17.11.2025,12:54:5.527,20.391,27.221,19.452,3.305,250.0,250.0,78.033,23.146,8.848,72.254,50.056,31.040,19.016,30.663,6.757,0.685,6.072,6.072,0.000,0.000,0.000,0.000,42.0,
17.11.2025,12:54:6.526,13.594,34.116,25.974,3.641,250.0,250.0,81.896,47.371,8.848,74.201,51.272,31.790,19.482,31.413,125.255,34.823,90.432,6.199,0.000,0.000,0.000,0.000,42.0,
17.11.2025,12:54:7.525,36.704,29.107,21.536,3.101,250.0,250.0,78.602,23.309,8.883,72.743,50.382,31.246,19.136,30.869,6.858,0.741,6.117,6.114,0.000,0.000,0.000,0.000,42.0,
17.11.2025,12:54:8.525,17.672,25.328,17.810,3.083,250.0,250.0,82.342,32.687,8.910,74.463,51.467,31.911,19.556,31.522,51.430,7.782,43.648,6.182,0.000,0.000,0.000,0.000,42.0,
17.11.2025,12:54:9.529,17.672,26.591,19.063,3.063,250.0,250.0,78.772,23.247,8.908,72.548,50.285,31.181,19.104,30.804,6.777,0.688,6.089,6.089,0.000,0.000,2.125,0.000,42.0,
17.11.2025,12:54:10.530,17.672,26.682,19.166,3.109,250.0,250.0,82.115,47.746,8.898,75.793,52.292,32.429,19.863,32.040,124.928,34.581,90.347,6.285,0.000,0.000,0.000,0.000,42.0,
17.11.2025,12:54:11.530,21.750,26.413,18.891,3.077,250.0,250.0,79.133,23.278,8.836,72.688,50.321,31.209,19.112,30.832,6.843,0.741,6.102,6.098,0.000,0.000,0.000,0.000,42.0,
17.11.2025,12:54:12.530,17.672,26.147,18.604,3.105,250.0,250.0,81.771,23.278,8.800,73.017,50.521,31.329,19.192,30.940,120.274,33.004,87.270,6.369,0.000,0.000,0.000,0.000,42.0,
17.11.2025,12:54:13.530,24.469,24.997,17.422,3.091,250.0,250.0,78.683,23.614,8.838,74.015,51.157,31.721,19.436,31.331,6.777,0.688,6.089,6.089,0.000,0.000,0.000,0.000,42.0,
17.11.2025,12:54:14.530,17.672,26.862,19.406,3.081,250.0,250.0,78.683,23.614,8.838,74.015,51.157,31.721,19.436,31.331,6.777,0.688,6.089,6.089,0.000,0.000,0.000,0.000,42.0,
17.11.2025,12:54:15.530,17.672,27.842,20.300,3.098,250.0,250.0,82.331,23.753,8.901,74.435,51.446,31.897,19.549,31.520,6.826,0.703,6.123,6.132,0.000,0.000,0.000,0.000,42.0,
17.11.2025,12:54:16.529,13.594,28.449,20.909,3.104,250.0,250.0,82.141,47.438,8.874,74.466,51.451,31.904,19.547,31.527,125.067,34.761,90.306,6.480,0.000,0.000,0.000,0.000,42.0,
17.11.2025,12:54:17.529,27.188,26.186,18.677,3.064,250.0,250.0,79.568,23.666,8.850,74.192,51.261,31.783,19.478,31.394,6.796,0.690,6.106,6.114,0.001,0.000,0.000,0.000,42.0,
17.11.2025,12:54:18.530,13.594,27.853,20.302,3.120,250.0,250.0,82.288,28.329,8.848,60.932,43.127,26.743,16.384,26.415,17.744,4.559,13.185,65.349,0.000,0.000,0.000,0.000,42.0,
17.11.2025,12:54:19.529,25.829,26.566,19.014,3.091,250.0,250.0,79.909,47.351,8.884,74.265,51.320,31.822,19.498,31.433,124.953,34.524,90.429,6.386,0.000,0.000,0.000,0.000,42.0,
17.11.2025,12:54:20.523,17.672,27.959,20.378,3.128,250.0,250.0,79.585,23.420,8.922,73.170,50.671,31.421,19.250,31.044,6.804,0.690,6.114,6.114,0.000,0.000,0.000,0.000,42.0,
17.11.2025,12:54:21.529,23.110,27.307,19.846,3.060,250.0,250.0,81.907,23.416,8.952,73.015,50.648,31.407,19.241,31.029,6.886,0.772,6.114,6.098,0.000,0.000,0.000,0.000,42.0,
17.11.2025,12:54:22.530,23.110,26.482,18.928,3.093,250.0,250.0,78.566,23.775,8.906,74.499,51.470,31.915,19.555,31.539,6.842,0.702,6.140,6.182,0.000,0.000,0.000,0.000,42.0,
17.11.2025,12:54:23.530,25.829,25.936,18.456,3.056,250.0,250.0,81.548,23.684,8.945,74.168,51.329,31.826,19.503,31.449,6.766,0.685,6.081,6.089,0.001,0.000,0.000,0.000,42.0,
17.11.2025,12:54:24.527,35.344,27.814,20.311,3.056,250.0,250.0,79.650,47.080,8.908,73.116,50.630,31.387,19.243,31.010,125.030,34.659,90.371,6.446,0.000,0.000,0.000,2.375,42.0,
17.11.2025,12:54:25.525,31.266,26.975,19.465,3.057,250.0,250.0,78.746,23.873,8.955,74.876,51.734,32.078,19.656,31.701,6.808,0.694,6.114,6.114,0.000,0.000,0.000,0.000,42.0,
17.11.2025,12:54:26.525,16.313,26.333,18.778,3.106,250.0,250.0,82.313,45.452,8.820,72.829,50.403,31.248,19.155,30.871,117.368,33.571,83.797,6.463,0.000,0.000,0.000,0.375,42.0,
17.11.2025,12:54:27.523,19.032,27.746,20.234,3.062,250.0,250.0,78.306,23.733,8.847,74.389,51.380,31.859,19.521,31.470,6.868,0.744,6.124,6.123,0.000,0.000,0.000,0.000,42.0,
17.11.2025,12:54:28.523,23.110,27.515,19.972,3.075,250.0,250.0,81.846,47.016,8.845,72.917,50.463,31.296,19.167,30.919,125.132,34.667,90.465,6.293,0.000,0.000,0.000,0.000,42.0,
17.11.2025,12:54:29.537,17.672,25.510,18.004,3.066,250.0,250.0,78.443,23.492,8.809,73.553,50.852,31.535,19.317,31.146,6.803,0.697,6.106,6.106,0.000,0.000,0.000,0.000,42.0,
17.11.2025,12:54:30.533,17.672,26.525,19.037,3.070,250.0,250.0,81.689,26.163,8.831,74.200,51.247,31.783,19.464,31.394,19.254,2.691,16.563,6.199,0.000,0.000,0.000,0.000,42.0,
17.11.2025,12:54:31.530,31.266,27.829,20.329,3.082,250.0,250.0,81.177,23.515,8.855,73.627,50.916,31.570,19.346,31.193,6.777,0.688,6.089,6.089,0.000,0.000,0.000,0.000,42.0,
17.11.2025,12:54:32.529,19.032,26.517,18.959,3.101,250.0,250.0,78.285,23.559,8.860,73.577,50.887,31.558,19.329,31.182,7.017,0.848,6.169,6.165,0.000,0.000,0.000,0.000,42.0,
17.11.2025,12:54:33.529,19.032,25.178,17.639,3.072,250.0,250.0,81.306,85.546,8.896,71.682,49.752,30.853,18.899,30.476,105.134,31.895,73.239,434.639,0.000,0.000,0.000,0.000,42.0,
17.11.2025,12:54:34.530,36.704,26.873,19.354,3.087,250.0,250.0,78.890,23.833,8.852,74.724,51.598,32.002,19.596,31.613,6.901,0.760,6.141,6.140,0.000,0.000,0.000,0.000,42.0,
17.11.2025,12:54:35.529,17.672,27.126,19.635,3.077,250.0,250.0,82.311,36.976,8.790,75.128,51.795,32.115,19.680,31.726,72.142,13.015,59.127,6.242,0.000,0.000,0.000,0.000,42.0,
17.11.2025,12:54:36.529,19.032,25.238,17.760,3.059,250.0,250.0,79.917,23.940,8.837,75.213,51.887,32.175,19.712,31.786,6.846,0.747,6.099,6.098,0.000,0.000,0.000,0.000,42.0,
17.11.2025,12:54:37.529,23.110,26.155,18.605,3.069,250.0,250.0,81.551,23.983,8.864,75.267,51.926,32.202,19.724,31.813,6.931,0.753,6.178,6.174,0.000,0.000,0.000,0.000,42.0,
17.11.2025,12:54:38.528,17.672,25.593,18.120,3.080,250.0,250.0,82.554,15.541,8.827,42.780,31.971,19.824,12.147,19.592,7.086,0.717,6.369,6.098,0.000,0.000,0.000,0.000,42.0,
17.11.2025,12:54:39.527,21.750,26.852,19.294,3.083,250.0,250.0,79.054,23.673,8.900,74.066,51.233,31.767,19.466,31.378,6.881,0.755,6.126,6.158,0.000,0.000,0.000,0.000,42.0,
17.11.2025,12:54:40.523,19.032,27.858,20.324,3.093,250.0,250.0,82.423,31.549,8.784,66.561,46.528,28.846,17.682,28.505,35.611,11.950,23.661,47.360,0.000,0.000,0.000,0.000,42.0,
17.11.2025,12:54:41.524,25.829,25.426,17.933,3.112,250.0,250.0,79.107,23.421,8.826,73.186,50.628,31.401,19.227,31.024,6.870,0.744,6.126,6.182,0.000,0.000,0.000,0.375,42.0,
17.11.2025,12:54:42.529,20.391,25.666,18.109,3.078,250.0,250.0,80.900,53.651,8.837,58.786,41.782,25.907,15.875,25.602,10.926,1.970,8.956,337.866,0.000,0.000,0.000,0.000,42.0,
17.11.2025,12:54:43.530,19.032,23.569,16.111,3.067,250.0,250.0,79.749,23.514,8.809,73.627,50.881,31.555,19.326,31.178,6.814,0.691,6.123,6.140,0.000,0.000,0.000,0.000,42.0,
17.11.2025,12:54:44.529,24.469,26.517,19.003,3.075,250.0,250.0,79.729,19.335,8.847,57.222,40.822,25.316,15.506,25.011,7.217,0.882,6.335,6.191,0.000,0.000,0.000,0.000,42.0,
17.11.2025,12:54:45.523,27.188,26.978,19.447,3.068,250.0,250.0,80.206,23.826,8.846,74.666,51.556,31.971,19.585,31.582,6.938,0.776,6.162,6.182,0.000,0.000,0.000,0.000,42.0,
17.11.2025,12:54:46.529,16.313,27.618,20.097,3.111,250.0,250.0,80.710,19.348,8.893,57.032,40.741,25.270,15.471,24.966,7.464,0.942,6.522,6.174,0.000,0.000,0.000,0.000,42.0,
17.11.2025,12:54:47.529,19.032,27.079,19.587,3.050,250.0,250.0,79.151,38.777,9.047,131.916,86.925,53.900,33.025,53.257,6.750,0.695,6.055,6.199,0.001,0.000,0.000,0.000,42.0,
17.11.2025,12:54:48.529,14.953,26.819,19.328,3.039,250.0,250.0,81.024,23.718,8.872,74.262,51.327,31.823,19.504,31.446,6.905,0.762,6.143,6.140,0.000,0.000,0.000,0.000,42.0,
17.11.2025,12:54:49.530,20.391,28.885,21.382,3.076,250.0,250.0,82.336,39.728,8.814,74.186,51.242,31.774,19.468,31.397,86.934,29.434,57.500,6.530,0.000,0.000,0.000,0.000,42.0,
17.11.2025,12:54:50.531,16.313,26.825,19.274,3.073,250.0,250.0,77.858,23.466,8.822,73.318,50.713,31.446,19.267,31.057,6.930,0.752,6.178,6.174,0.000,0.000,0.000,0.000,42.0,
17.11.2025,12:54:51.522,23.110,26.858,19.399,3.060,250.0,250.0,78.921,22.708,8.787,68.072,47.440,29.422,18.018,29.070,6.787,0.689,6.098,12.695,0.000,0.000,0.000,0.000,42.0,
17.11.2025,12:54:52.523,17.672,26.187,18.674,3.072,250.0,250.0,80.861,23.639,8.862,73.947,51.138,31.712,19.426,31.323,6.915,0.763,6.152,6.149,0.000,0.000,0.000,0.000,42.0,
17.11.2025,12:54:53.528,39.422,27.573,20.072,3.062,250.0,250.0,81.759,14.964,8.776,40.480,30.508,18.920,11.588,18.688,7.134,0.722,6.412,6.412,0.001,0.000,0.000,0.000,42.0,
17.11.2025,12:54:54.529,23.110,25.268,17.734,3.088,250.0,250.0,78.751,23.484,8.835,73.388,50.762,31.479,19.283,31.090,6.923,0.761,6.162,6.158,0.000,0.000,0.000,0.000,42.0,
17.11.2025,12:54:55.529,19.032,26.190,18.714,3.065,250.0,250.0,80.032,18.801,8.876,55.383,39.735,24.638,15.097,24.345,6.878,0.696,6.182,6.182,0.001,0.000,0.000,0.000,42.0,
17.11.2025,12:54:56.548,23.110,27.274,19.726,3.078,250.0,250.0,80.190,23.386,8.833,73.088,50.549,31.350,19.199,30.973,6.873,0.746,6.127,6.123,0.000,0.000,0.000,0.000,42.0,
17.11.2025,12:54:57.549,21.750,27.165,19.669,3.064,250.0,250.0,81.466,13.093,8.743,33.551,26.228,16.269,9.959,16.073,6.937,0.703,6.234,6.234,0.000,0.000,0.000,0.000,42.0,
17.11.2025,12:54:58.552,14.953,23.907,16.497,3.014,250.0,250.0,73.878,28.060,8.810,71.580,49.609,30.760,18.849,30.383,6.787,0.689,6.098,57.035,0.001,0.000,0.000,0.000,42.0,
17.11.2025,12:54:59.552,25.829,24.997,17.519,3.005,250.0,250.0,79.911,44.075,8.783,68.681,47.827,29.652,18.175,29.299,116.022,32.845,83.177,6.285,0.000,0.000,0.000,0.000,42.0,
17.11.2025,12:55:0.554,19.032,25.899,18.472,3.009,250.0,250.0,76.228,21.730,8.832,66.778,46.677,28.950,17.727,28.597,6.814,0.700,6.114,6.114,0.000,0.000,0.000,0.000,42.0,
17.11.2025,12:55:1.561,19.032,25.389,17.912,3.051,250.0,250.0,79.230,40.147,8.770,67.664,47.197,29.264,17.933,28.912,97.610,30.625,66.985,6.505,0.000,0.000,0.000,0.000,42.0,
17.11.2025,12:55:2.560,19.032,26.312,18.875,3.005,250.0,250.0,72.689,54.924,8.797,64.708,45.389,28.143,17.246,27.803,88.736,29.853,58.883,179.679,0.001,0.000,0.000,0.500,42.0,
17.11.2025,12:55:3.559,23.110,25.707,18.307,2.970,250.0,250.0,73.046,43.525,8.774,66.345,46.380,28.760,17.620,28.407,116.267,33.201,83.066,6.429,0.000,0.000,0.000,0.000,42.0,
17.11.2025,12:55:4.561,14.953,24.753,17.387,2.986,250.0,250.0,72.030,43.696,8.777,67.194,46.913,29.082,17.831,28.729,116.036,33.146,82.890,6.361,0.000,0.000,0.000,0.000,42.0,
17.11.2025,12:55:5.555,23.110,26.803,19.279,3.087,250.0,250.0,61.240,23.341,8.789,72.828,50.387,31.249,19.138,30.872,6.972,0.795,6.177,6.199,0.000,0.000,0.000,0.625,42.0,
17.11.2025,12:55:6.562,23.110,30.923,23.056,3.341,250.0,250.0,77.964,23.733,8.788,74.455,51.383,31.860,19.523,31.483,6.847,0.707,6.140,6.149,0.000,0.000,0.000,0.000,42.0,
17.11.2025,12:55:7.560,27.188,32.228,24.216,3.508,250.0,250.0,78.404,23.286,8.813,72.762,50.360,31.222,19.138,30.845,6.796,0.690,6.106,6.123,0.000,0.000,0.000,0.000,42.0,
17.11.2025,12:55:8.561,19.032,28.479,20.979,3.067,250.0,250.0,80.932,46.745,8.932,71.909,49.895,30.941,18.954,30.565,124.888,34.516,90.372,6.480,0.000,0.000,0.000,0.000,42.0,
17.11.2025,12:55:9.560,17.672,26.956,19.500,3.046,250.0,250.0,77.988,23.731,8.935,74.298,51.378,31.861,19.517,31.472,6.837,0.697,6.140,6.174,0.000,0.000,0.000,0.000,42.0,
17.11.2025,12:55:10.562,17.672,28.394,20.861,3.055,250.0,250.0,81.545,41.149,9.014,67.346,47.136,29.235,17.901,28.883,102.795,31.630,71.165,6.386,0.000,0.000,0.000,0.000,42.0,
17.11.2025,12:55:11.560,21.750,26.919,19.442,3.068,250.0,250.0,78.268,23.596,8.824,73.900,51.066,31.661,19.405,31.284,6.839,0.707,6.132,6.140,0.000,0.000,0.000,0.000,42.0,
17.11.2025,12:55:12.560,14.953,26.971,19.438,3.070,250.0,250.0,81.878,23.378,8.822,73.098,50.579,31.356,19.223,30.979,6.804,0.690,6.114,6.114,0.000,0.000,2.125,0.000,42.0,
17.11.2025,12:55:13.561,25.829,25.574,18.081,3.037,250.0,250.0,77.656,23.378,8.809,72.868,50.420,31.263,19.157,30.886,7.073,0.794,6.279,6.234,0.001,0.000,0.000,0.000,42.0,
17.11.2025,12:55:14.560,17.672,26.273,18.780,3.061,250.0,250.0,79.727,21.902,8.811,67.434,47.098,29.201,17.897,28.848,6.806,0.692,6.114,6.114,0.000,0.000,0.125,0.000,42.0,
17.11.2025,12:55:15.561,28.547,24.652,17.151,3.062,250.0,250.0,79.946,24.403,8.842,72.802,50.402,31.247,19.155,30.870,12.243,1.525,10.718,6.225,0.000,0.000,0.000,0.000,42.0,
17.11.2025,12:55:16.561,25.829,26.983,19.517,3.050,250.0,250.0,77.911,23.580,8.821,73.881,51.044,31.655,19.389,31.278,6.806,0.692,6.114,6.114,0.000,0.000,0.000,0.625,42.0,
17.11.2025,12:55:17.560,16.313,26.415,18.952,3.064,250.0,250.0,81.763,23.328,8.870,72.784,50.400,31.261,19.139,30.884,6.883,0.709,6.174,6.174,0.000,0.000,0.500,0.000,42.0,
17.11.2025,12:55:18.553,14.953,27.905,20.369,3.082,250.0,250.0,78.452,23.372,8.847,73.028,50.536,31.328,19.208,30.951,6.841,0.701,6.140,6.140,0.000,0.000,0.000,0.000,42.0,
17.11.2025,12:55:19.556,17.672,26.676,19.164,3.065,250.0,250.0,81.744,29.693,8.793,76.818,52.791,32.738,20.053,32.337,6.795,0.689,6.106,59.807,0.000,0.000,0.000,0.000,42.0,
17.11.2025,12:55:20.554,17.672,27.668,20.094,3.112,250.0,250.0,78.009,23.451,8.746,73.225,50.577,31.369,19.208,30.992,7.089,0.807,6.282,6.216,0.000,0.000,0.000,0.000,42.0,
17.11.2025,12:55:21.562,17.672,27.388,19.845,3.108,250.0,250.0,78.106,23.064,8.771,71.953,49.826,30.892,18.934,30.515,6.814,0.691,6.123,6.123,0.000,0.000,0.000,0.000,42.0,
17.11.2025,12:55:22.561,17.672,27.664,20.179,3.081,250.0,250.0,82.507,39.151,8.785,74.026,51.113,31.689,19.424,31.312,33.500,10.734,22.766,108.158,0.000,0.000,0.000,0.000,42.0,
17.11.2025,12:55:23.561,21.750,27.049,19.507,3.096,250.0,250.0,78.841,23.599,8.784,73.919,51.054,31.654,19.400,31.277,6.855,0.697,6.158,6.190,0.000,0.000,0.000,0.000,42.0,
17.11.2025,12:55:24.561,17.672,26.781,19.242,3.091,250.0,250.0,81.918,23.562,8.771,73.846,51.007,31.630,19.377,31.241,6.814,0.691,6.123,6.123,0.000,0.000,0.000,0.000,42.0,
17.11.2025,12:55:25.561,17.672,26.910,19.403,3.087,250.0,250.0,79.160,30.528,8.787,74.777,51.600,31.996,19.604,31.607,40.327,5.414,34.913,6.250,0.000,0.000,0.000,0.000,42.0,
17.11.2025,12:55:26.561,19.032,26.727,19.209,3.069,250.0,250.0,82.405,23.954,8.824,67.266,46.999,29.139,17.860,28.786,16.691,4.274,12.417,7.283,0.000,0.000,0.000,0.000,42.0,
17.11.2025,12:55:27.562,17.672,27.249,19.662,3.117,250.0,250.0,78.955,23.487,8.786,73.422,50.732,31.455,19.277,31.078,6.952,0.749,6.203,6.216,0.000,0.000,0.000,0.000,42.0,
17.11.2025,12:55:28.561,12.235,25.505,18.002,3.069,250.0,250.0,78.727,23.520,8.835,73.584,50.882,31.550,19.332,31.161,6.847,0.707,6.140,6.165,0.000,0.000,0.000,0.000,42.0,
17.11.2025,12:55:29.561,19.032,26.248,19.149,3.077,250.0,250.0,82.460,64.642,8.872,60.081,42.596,26.409,16.187,26.093,7.341,0.878,6.463,451.500,0.000,0.000,0.000,0.000,42.0,
17.11.2025,12:55:30.558,25.829,27.995,20.115,3.063,250.0,250.0,79.531,23.797,8.871,74.594,51.536,31.958,19.578,31.569,6.855,0.706,6.149,6.158,0.000,0.000,0.000,0.000,42.0,
17.11.2025,12:55:31.560,19.032,26.609,19.096,3.074,250.0,250.0,82.438,47.528,8.952,74.584,51.579,31.978,19.601,31.589,125.229,34.561,90.668,6.539,0.000,0.000,0.000,0.000,42.0,
17.11.2025,12:55:32.560,16.313,25.546,17.997,3.079,250.0,250.0,79.048,23.661,8.996,73.974,51.237,31.769,19.468,31.379,6.828,0.696,6.132,6.132,0.000,0.000,0.000,0.000,42.0,
17.11.2025,12:55:33.560,17.672,25.646,18.153,3.064,250.0,250.0,82.884,47.022,8.885,73.232,50.689,31.425,19.264,31.048,124.680,34.420,90.260,6.318,0.000,0.000,0.000,0.000,42.0,
17.11.2025,12:55:34.561,17.672,25.519,18.035,3.047,250.0,250.0,79.357,23.580,8.777,73.836,51.004,31.631,19.373,31.242,6.894,0.745,6.149,6.149,0.000,0.000,0.000,0.000,42.0,
17.11.2025,12:55:35.560,25.829,27.674,20.179,3.045,250.0,250.0,81.493,24.163,8.785,72.947,50.449,31.290,19.159,30.913,10.879,1.478,9.401,6.327,0.000,0.000,0.000,0.000,42.0,
17.11.2025,12:55:36.557,17.672,27.193,19.718,3.057,250.0,250.0,78.318,23.275,8.822,72.682,50.297,31.190,19.107,30.813,6.843,0.694,6.149,6.149,0.000,0.000,0.000,0.000,42.0,
17.11.2025,12:55:37.570,21.750,23.886,16.371,3.052,250.0,250.0,80.310,35.058,8.793,55.369,39.644,24.584,15.060,24.280,66.583,24.225,42.358,49.687,0.000,0.000,0.000,0.000,42.0,
17.11.2025,12:55:38.569,14.953,26.570,19.076,3.047,250.0,250.0,80.614,24.255,8.786,73.675,50.894,31.555,19.339,31.178,10.473,1.333,9.140,6.182,0.000,0.000,0.000,0.000,42.0,
17.11.2025,12:55:39.571,14.953,24.731,17.252,3.073,250.0,250.0,78.727,23.496,8.848,73.441,50.796,31.502,19.294,31.113,6.902,0.744,6.158,6.158,0.000,0.000,0.000,0.000,42.0,
17.11.2025,12:55:40.572,19.032,24.944,17.471,3.031,250.0,250.0,78.289,23.359,8.824,73.022,50.525,31.324,19.201,30.947,6.813,0.690,6.123,6.123,0.000,0.000,0.000,0.000,42.0,
17.11.2025,12:55:41.583,17.672,25.841,18.316,3.070,250.0,250.0,81.648,47.208,8.821,73.530,50.827,31.522,19.305,31.145,125.250,34.711,90.539,6.429,0.000,0.000,0.000,0.000,42.0,
17.11.2025,12:55:42.582,23.110,25.681,18.197,3.018,250.0,250.0,78.680,23.446,8.821,73.076,50.559,31.352,19.207,30.963,7.143,0.854,6.289,6.199,0.000,0.000,0.000,0.000,42.0,
17.11.2025,12:55:43.584,20.391,26.201,18.734,3.043,250.0,250.0,78.485,16.413,8.776,46.128,33.989,21.074,12.915,20.817,7.049,0.714,6.335,6.335,0.000,0.000,0.000,0.000,42.0,
17.11.2025,12:55:44.580,25.829,25.556,18.099,3.015,250.0,250.0,82.425,46.943,8.795,72.650,50.256,31.155,19.101,30.778,125.106,34.551,90.555,6.480,0.000,0.000,0.000,0.000,42.0,
17.11.2025,12:55:45.574,16.313,26.847,19.367,3.053,250.0,250.0,78.942,23.714,8.807,74.333,51.309,31.816,19.493,31.440,6.892,0.752,6.140,6.158,0.000,0.000,0.000,0.000,42.0,
17.11.2025,12:55:46.573,27.188,25.169,17.741,3.015,250.0,250.0,82.122,27.510,8.857,56.965,40.658,25.215,15.443,24.911,48.332,17.684,30.648,6.390,0.000,0.000,0.125,0.000,42.0,
17.11.2025,12:55:47.570,17.672,27.791,20.274,3.058,250.0,250.0,78.498,28.160,8.849,89.391,60.655,37.612,23.043,37.162,9.323,1.067,8.256,6.242,0.000,0.000,1.125,0.000,42.0,
17.11.2025,12:55:48.571,29.907,27.060,19.595,3.051,250.0,250.0,79.942,23.609,8.802,73.916,51.078,31.676,19.402,31.287,6.886,0.746,6.140,6.158,0.000,0.000,0.000,0.000,42.0,
17.11.2025,12:55:49.570,29.907,27.060,19.595,3.051,250.0,250.0,82.460,23.146,8.811,72.072,49.923,30.956,18.967,30.591,6.962,0.768,6.194,6.216,0.000,0.000,0.000,0.000,42.0,
17.11.2025,12:55:50.570,25.829,29.066,21.497,3.085,250.0,250.0,79.416,56.217,8.849,67.667,47.276,29.310,17.966,28.957,7.261,0.815,6.446,347.626,0.000,0.000,0.000,0.000,42.0,
17.11.2025,12:55:51.572,20.391,26.330,18.827,3.108,250.0,250.0,81.772,23.800,8.824,74.571,51.491,31.923,19.568,31.534,6.944,0.776,6.168,6.199,0.000,0.000,0.000,0.000,42.0,
17.11.2025,12:55:52.582,20.391,25.480,17.962,3.042,250.0,250.0,82.146,30.584,8.851,60.653,42.939,26.625,16.314,26.309,58.393,21.402,36.991,7.358,0.000,0.000,0.000,0.000,42.0,
17.11.2025,12:55:53.580,17.672,27.057,19.599,3.043,250.0,250.0,78.589,23.527,8.956,73.257,50.749,31.473,19.276,31.096,7.100,0.843,6.257,6.259,0.000,0.000,0.000,0.000,42.0,
17.11.2025,12:55:54.579,29.907,25.659,18.449,3.026,250.0,250.0,78.472,23.819,8.978,74.548,51.550,31.963,19.587,31.586,6.912,0.754,6.158,6.158,0.000,0.000,0.000,0.000,42.0,
17.11.2025,12:55:55.578,19.032,24.374,16.651,3.036,250.0,250.0,82.850,47.685,9.053,75.196,52.011,32.258,19.753,31.869,125.211,34.839,90.372,6.285,0.000,0.000,0.000,0.000,42.0,
17.11.2025,12:55:56.581,33.985,25.715,18.209,3.032,250.0,250.0,79.376,23.844,8.872,74.695,51.603,32.006,19.597,31.617,6.935,0.749,6.186,6.182,0.000,0.000,0.000,0.000,42.0,
17.11.2025,12:55:57.576,20.391,25.320,17.838,3.037,250.0,250.0,78.766,23.705,8.847,74.302,51.324,31.821,19.503,31.444,6.833,0.693,6.140,6.140,0.000,0.000,0.000,0.000,42.0,
17.11.2025,12:55:58.579,13.594,26.208,18.739,3.027,250.0,250.0,82.636,43.910,8.854,95.126,64.129,39.762,24.367,39.276,39.295,13.843,25.452,88.998,0.000,0.000,0.000,0.000,42.0,
17.11.2025,12:55:59.577,17.672,26.137,18.672,3.038,250.0,250.0,77.805,22.970,8.846,57.234,40.822,25.316,15.506,25.012,24.994,6.439,18.555,6.975,0.000,0.000,0.000,0.000,42.0,
17.11.2025,12:56:0.576,27.188,24.357,16.929,3.018,250.0,250.0,77.011,22.523,8.840,69.719,48.516,30.088,18.428,29.723,6.871,0.697,6.174,6.174,0.000,0.000,0.000,0.000,42.0,
17.11.2025,12:56:1.580,24.469,26.917,19.443,3.014,250.0,250.0,77.561,36.623,8.894,79.726,54.692,33.909,20.783,33.496,6.921,0.772,6.149,120.884,0.000,0.000,0.000,0.000,42.0,
17.11.2025,12:56:2.572,21.750,26.032,18.616,3.005,250.0,250.0,77.128,44.011,8.856,68.283,47.640,29.543,18.097,29.178,116.033,32.907,83.126,6.446,0.000,0.000,0.000,0.000,42.0,
17.11.2025,12:56:3.572,16.313,24.608,17.205,2.976,250.0,250.0,73.672,22.046,8.853,67.958,47.430,29.417,18.013,29.064,6.804,0.690,6.114,6.114,0.000,0.000,0.000,2.250,42.0,
17.11.2025,12:56:4.575,21.750,26.191,18.802,2.967,250.0,250.0,70.266,21.778,8.838,66.929,46.784,29.007,17.777,28.666,6.826,0.694,6.132,6.132,0.000,0.000,0.000,0.000,42.0,
17.11.2025,12:56:5.583,17.672,28.396,21.009,2.933,250.0,250.0,72.933,21.945,8.823,67.571,47.173,29.255,17.918,28.902,6.837,0.705,6.132,6.132,0.000,0.000,0.000,0.000,42.0,
17.11.2025,12:56:6.582,24.469,27.703,20.378,2.957,250.0,250.0,61.039,42.823,8.797,78.562,53.892,33.414,20.478,33.013,6.786,0.688,6.098,186.506,0.001,0.000,0.000,0.000,42.0,
17.11.2025,12:56:7.576,21.750,24.416,16.879,3.063,250.0,250.0,78.274,14.155,8.766,37.545,28.704,17.801,10.903,17.593,7.057,0.714,6.343,6.123,0.000,0.000,0.000,0.000,42.0,
17.11.2025,12:56:8.571,29.907,31.984,24.078,3.438,250.0,250.0,78.758,47.038,8.826,73.061,50.548,31.336,19.212,30.959,125.045,34.718,90.327,6.352,0.000,0.000,0.000,0.000,42.0,
17.11.2025,12:56:9.573,29.907,28.537,20.628,3.382,250.0,250.0,78.758,47.038,8.826,73.061,50.548,31.336,19.212,30.959,125.045,34.718,90.327,6.352,0.000,0.000,0.000,0.000,42.0,
17.11.2025,12:56:10.569,14.953,25.080,17.602,3.025,250.0,250.0,78.259,24.299,8.837,76.537,52.725,32.693,20.032,32.292,6.845,0.696,6.149,6.182,0.000,0.000,0.000,0.000,42.0,
17.11.2025,12:56:11.583,35.344,24.969,17.500,3.031,250.0,250.0,80.965,23.327,8.804,72.832,50.397,31.243,19.154,30.866,6.918,0.702,6.216,6.140,0.000,0.000,0.000,0.000,42.0,
17.11.2025,12:56:12.577,21.750,26.964,19.524,3.038,250.0,250.0,78.942,25.037,8.785,73.289,50.663,31.421,19.242,31.045,14.846,1.949,12.897,6.234,0.000,0.000,0.000,0.000,42.0,
17.11.2025,12:56:13.576,14.953,26.524,19.042,3.042,250.0,250.0,78.137,23.586,8.775,73.920,51.042,31.653,19.389,31.276,6.827,0.695,6.132,6.149,0.000,0.000,0.000,0.000,42.0,
17.11.2025,12:56:14.573,21.750,28.062,20.515,3.076,250.0,250.0,79.486,23.578,8.837,73.748,50.986,31.615,19.371,31.226,6.890,0.700,6.190,6.216,0.000,0.000,0.000,0.000,42.0,
17.11.2025,12:56:15.583,13.594,25.634,18.152,3.067,250.0,250.0,81.657,36.024,8.838,64.945,45.571,28.260,17.311,27.907,62.909,22.989,39.920,41.590,0.000,0.000,0.000,0.000,42.0,
17.11.2025,12:56:16.580,21.750,26.627,19.121,3.038,250.0,250.0,78.427,26.968,8.786,75.347,51.940,32.200,19.740,31.811,21.811,2.974,18.837,6.234,0.000,0.000,0.000,0.000,42.0,
17.11.2025,12:56:17.578,14.953,27.628,20.137,3.085,250.0,250.0,77.922,23.753,8.908,74.348,51.404,31.874,19.530,31.485,6.911,0.751,6.160,6.158,0.000,0.000,0.000,0.000,42.0,
17.11.2025,12:56:18.581,19.032,28.612,21.116,3.060,250.0,250.0,81.764,43.479,8.860,74.079,51.202,31.747,19.455,31.370,105.837,28.124,77.713,6.403,0.001,0.000,0.000,0.000,42.0,
17.11.2025,12:56:19.583,24.469,25.888,18.351,3.074,250.0,250.0,78.440,23.883,8.807,74.889,51.679,32.038,19.641,31.649,6.969,0.775,6.194,6.190,0.000,0.000,0.000,1.250,42.0,
17.11.2025,12:56:20.581,17.672,24.783,17.302,3.061,250.0,250.0,80.360,23.641,8.752,74.102,51.140,31.715,19.425,31.326,6.902,0.751,6.151,6.149,0.000,0.000,0.000,0.000,42.0,
17.11.2025,12:56:21.579,16.313,27.172,19.659,3.069,250.0,250.0,80.405,46.804,8.746,72.499,50.166,31.099,19.067,30.722,124.711,34.496,90.215,6.318,0.000,0.000,0.000,0.000,42.0,
17.11.2025,12:56:22.577,19.032,25.765,18.252,3.075,250.0,250.0,77.830,23.708,8.787,74.298,51.286,31.800,19.486,31.423,6.915,0.739,6.176,6.174,0.000,0.000,0.000,0.000,42.0,
17.11.2025,12:56:23.581,29.907,25.361,17.839,3.070,250.0,250.0,81.654,23.518,8.837,73.589,50.889,31.555,19.334,31.166,6.835,0.695,6.140,6.140,0.000,0.000,0.000,0.000,42.0,
17.11.2025,12:56:24.574,17.672,27.317,19.840,3.053,250.0,250.0,78.734,33.415,8.810,46.673,34.326,21.288,13.038,21.032,28.909,8.398,20.511,131.169,0.000,0.000,0.000,0.000,42.0,
17.11.2025,12:56:25.573,23.110,25.549,18.054,3.033,250.0,250.0,79.168,41.982,8.823,72.870,50.425,31.266,19.159,30.889,100.020,25.373,74.647,6.343,0.000,0.000,0.000,0.000,42.0,
17.11.2025,12:56:26.570,17.672,26.233,18.747,3.038,250.0,250.0,78.409,23.857,8.824,74.835,51.642,32.021,19.621,31.632,6.904,0.745,6.159,6.190,0.000,0.000,0.000,0.000,42.0,
17.11.2025,12:56:27.584,21.750,26.064,18.609,3.044,250.0,250.0,82.093,23.645,8.808,73.756,50.960,31.599,19.361,31.223,7.303,0.738,6.565,6.140,0.000,0.000,2.125,0.000,42.0,
17.11.2025,12:56:28.575,13.594,24.405,16.935,3.023,250.0,250.0,78.694,25.012,8.833,73.066,50.558,31.351,19.207,30.975,14.926,2.018,12.908,6.276,0.000,0.000,0.000,0.000,42.0,
17.11.2025,12:56:29.574,16.313,26.529,19.066,3.018,250.0,250.0,78.666,23.838,8.797,74.747,51.600,31.996,19.604,31.607,6.917,0.751,6.166,6.199,0.000,0.000,0.000,0.000,42.0,
17.11.2025,12:56:30.574,20.391,24.819,17.376,3.016,250.0,250.0,78.881,18.768,8.751,55.124,39.501,24.495,15.006,24.191,7.238,0.733,6.505,6.140,0.001,0.000,0.000,0.000,42.0,
17.11.2025,12:56:31.573,19.032,27.340,19.864,3.038,250.0,250.0,80.567,46.889,8.845,72.469,50.175,31.116,19.059,30.740,125.000,34.637,90.363,6.480,0.000,0.000,0.000,0.000,42.0,
17.11.2025,12:56:32.570,21.750,26.803,19.340,2.987,250.0,250.0,78.691,23.503,8.833,73.501,50.819,31.505,19.314,31.128,6.868,0.703,6.165,6.199,0.000,0.000,0.000,0.000,42.0,
17.11.2025,12:56:33.582,17.672,26.324,18.849,3.030,250.0,250.0,78.576,23.606,8.832,73.916,51.093,31.687,19.406,31.297,6.834,0.694,6.140,6.165,0.000,0.000,0.000,0.000,42.0,
17.11.2025,12:56:34.584,24.469,25.897,18.474,3.017,250.0,250.0,82.456,46.750,8.782,71.966,49.833,30.901,18.932,30.537,125.081,34.556,90.525,6.386,0.000,0.000,0.000,0.000,42.0,
17.11.2025,12:56:35.580,28.547,25.968,18.498,3.028,250.0,250.0,79.143,31.834,8.762,72.284,50.028,31.018,19.010,30.641,50.154,6.610,43.544,6.285,0.000,0.000,0.000,0.000,42.0,
17.11.2025,12:56:36.571,23.110,24.520,17.050,3.022,250.0,250.0,78.357,23.896,8.784,74.943,51.713,32.064,19.649,31.674,6.968,0.765,6.203,6.199,0.000,0.000,0.000,1.750,42.0,
17.11.2025,12:56:37.578,20.391,25.784,18.372,3.010,250.0,250.0,79.220,23.284,8.799,72.717,50.308,31.201,19.107,30.824,6.861,0.696,6.165,6.165,0.000,0.000,0.000,0.000,42.0,
17.11.2025,12:56:38.579,20.391,26.359,18.900,3.031,250.0,250.0,82.578,45.094,8.832,71.857,49.822,30.900,18.922,30.523,116.891,33.268,83.623,6.302,0.000,0.000,0.000,0.000,42.0,
17.11.2025,12:56:39.580,19.032,25.725,18.241,3.011,250.0,250.0,78.612,23.543,8.837,73.526,50.844,31.532,19.312,31.155,7.003,0.783,6.220,6.216,0.000,0.000,0.000,0.000,42.0,
17.11.2025,12:56:40.582,23.110,25.736,18.314,3.005,250.0,250.0,78.610,23.656,8.984,73.937,51.202,31.750,19.452,31.361,6.858,0.700,6.158,6.158,0.000,0.000,0.000,0.000,42.0,
17.11.2025,12:56:41.575,21.750,25.640,18.214,3.016,250.0,250.0,82.416,13.772,8.822,35.555,27.533,17.065,10.468,16.857,7.434,0.878,6.556,6.556,0.000,0.000,0.000,0.000,42.0,
17.11.2025,12:56:42.570,14.953,25.912,18.477,3.009,250.0,250.0,78.801,36.782,8.891,73.196,50.681,31.425,19.256,31.048,73.543,13.890,59.653,6.242,0.000,0.000,0.000,0.000,42.0,
17.11.2025,12:56:43.570,16.313,26.671,19.146,3.049,250.0,250.0,78.392,23.453,8.800,73.296,50.660,31.420,19.240,31.043,6.939,0.749,6.190,6.190,0.000,0.000,0.000,0.000,42.0,
17.11.2025,12:56:44.581,14.953,28.779,21.345,3.034,250.0,250.0,80.855,23.357,8.785,72.804,50.368,31.225,19.143,30.848,7.122,0.719,6.403,6.158,0.000,0.000,0.000,0.000,42.0,
17.11.2025,12:56:45.577,21.750,25.720,18.219,3.031,250.0,250.0,78.572,32.295,8.780,60.429,42.743,26.502,16.241,26.186,7.336,0.890,6.446,127.392,0.000,0.000,2.250,0.000,42.0,
17.11.2025,12:56:46.573,14.953,25.696,18.244,3.044,250.0,250.0,77.753,24.968,8.797,72.952,50.463,31.284,19.179,30.907,14.923,1.990,12.933,6.250,0.000,0.000,0.000,0.000,42.0,
17.11.2025,12:56:47.577,23.110,24.079,16.577,3.045,250.0,250.0,78.213,23.143,8.863,72.081,49.962,30.977,18.985,30.612,6.888,0.706,6.182,6.174,0.000,0.000,0.000,0.000,42.0,
17.11.2025,12:56:48.579,35.344,24.202,16.703,3.052,250.0,250.0,82.159,39.239,8.875,71.094,49.365,30.611,18.754,30.234,88.462,29.604,58.858,6.530,0.000,0.000,0.000,0.000,42.0,
17.11.2025,12:56:49.572,21.750,27.377,19.910,3.045,250.0,250.0,79.016,23.760,8.800,74.459,51.412,31.878,19.534,31.501,6.914,0.755,6.159,6.190,0.000,0.000,0.000,0.000,42.0,
17.11.2025,12:56:50.571,21.750,26.174,18.677,3.037,250.0,250.0,81.721,14.796,8.742,39.781,30.060,18.641,11.419,18.410,7.378,0.745,6.633,6.149,0.000,0.000,0.000,0.000,42.0,
17.11.2025,12:56:51.570,17.672,25.961,18.537,3.018,250.0,250.0,78.567,23.372,8.748,73.006,50.459,31.294,19.165,30.917,6.957,0.764,6.193,6.216,0.001,0.000,0.000,0.000,42.0,
17.11.2025,12:56:52.585,40.782,24.983,17.527,3.031,250.0,250.0,77.936,23.736,8.766,74.385,51.350,31.841,19.509,31.452,6.928,0.759,6.169,6.199,0.000,0.000,0.000,0.000,42.0,
17.11.2025,12:56:53.592,17.672,24.478,16.983,3.044,250.0,250.0,81.068,20.098,8.765,60.457,42.778,26.526,16.252,26.209,6.899,0.700,6.199,6.199,0.000,0.000,0.000,0.000,42.0,
17.11.2025,12:56:54.591,19.032,26.035,18.564,3.056,250.0,250.0,78.384,22.973,8.832,71.451,49.552,30.725,18.827,30.361,6.894,0.704,6.190,6.190,0.000,0.000,0.000,0.000,42.0,
17.11.2025,12:56:55.593,13.594,25.316,17.859,3.012,250.0,250.0,80.730,23.242,8.831,72.536,50.208,31.131,19.077,30.766,6.855,0.697,6.158,6.158,0.000,0.000,0.000,0.000,42.0,
17.11.2025,12:56:56.588,27.188,25.621,18.146,3.030,250.0,250.0,78.209,29.520,8.806,73.889,51.056,31.655,19.401,31.278,36.413,4.882,31.531,6.285,0.000,0.000,0.000,0.000,42.0,
17.11.2025,12:56:57.587,20.391,27.663,20.205,3.030,250.0,250.0,81.268,23.882,8.786,75.020,51.732,32.085,19.647,31.695,6.851,0.693,6.158,6.158,0.000,0.000,0.000,0.000,42.0,
17.11.2025,12:56:58.584,24.469,26.117,18.646,3.022,250.0,250.0,79.167,43.617,8.761,75.501,52.020,32.265,19.755,31.875,104.756,27.571,77.185,6.480,0.000,0.000,0.000,2.375,42.0,
17.11.2025,12:56:59.586,36.704,25.996,18.551,3.032,250.0,250.0,78.988,23.436,8.794,73.259,50.660,31.407,19.253,31.031,6.884,0.702,6.182,6.182,0.000,0.000,0.000,0.000,42.0,
17.11.2025,12:57:0.586,21.750,27.654,20.193,3.021,250.0,250.0,81.505,32.075,8.785,54.987,39.396,24.424,14.972,24.132,42.148,15.458,26.690,69.755,0.000,0.000,0.000,0.000,42.0,
17.11.2025,12:57:1.592,16.313,27.120,19.648,3.030,250.0,250.0,76.483,21.900,8.806,67.361,47.034,29.159,17.875,28.807,6.888,0.698,6.190,6.182,0.001,0.000,0.000,0.000,42.0,
17.11.2025,12:57:2.592,17.672,26.199,18.752,3.007,250.0,250.0,76.426,21.759,8.869,44.984,33.315,20.654,12.661,20.410,7.278,0.875,6.403,62.145,0.000,0.000,0.000,0.000,42.0,
17.11.2025,12:57:3.593,19.032,26.360,18.961,3.006,250.0,250.0,79.774,21.999,8.856,67.632,47.231,29.290,17.941,28.937,6.940,0.706,6.234,6.225,0.000,0.000,0.000,0.000,42.0,
17.11.2025,12:57:4.587,16.313,25.933,18.498,3.010,250.0,250.0,76.424,21.846,8.819,67.171,46.915,29.088,17.827,28.747,6.870,0.696,6.174,6.158,0.000,0.000,0.000,0.000,42.0,
17.11.2025,12:57:5.593,23.110,25.526,18.123,3.001,250.0,250.0,76.285,21.898,8.760,67.422,47.042,29.176,17.866,28.823,6.852,0.694,6.158,6.182,0.000,0.000,0.000,0.000,42.0,
17.11.2025,12:57:6.593,20.391,26.732,19.352,2.968,250.0,250.0,72.921,21.955,8.797,67.568,47.152,29.237,17.915,28.884,6.880,0.706,6.174,6.234,0.000,0.000,0.000,0.000,42.0,
17.11.2025,12:57:7.592,36.704,25.892,18.457,2.993,250.0,250.0,72.983,21.796,8.783,66.985,46.775,29.011,17.764,28.659,6.881,0.699,6.182,6.225,0.000,0.000,0.000,0.000,42.0,
17.11.2025,12:57:8.593,8.156,25.047,17.614,3.021,250.0,250.0,73.579,12.960,8.731,33.225,26.026,16.138,9.888,15.942,6.786,0.688,6.098,6.081,0.000,0.000,0.000,0.000,42.0,
17.11.2025,12:57:9.593,19.032,28.561,20.545,3.521,250.0,250.0,57.250,23.837,8.797,74.854,51.633,32.015,19.618,31.638,6.835,0.695,6.140,6.149,0.001,0.000,0.000,0.000,42.0,
17.11.2025,12:57:10.592,28.547,30.545,22.816,3.256,250.0,250.0,78.900,45.173,8.798,71.787,49.743,30.840,18.903,30.463,117.305,33.614,83.691,6.590,0.000,0.000,0.000,0.000,42.0,
17.11.2025,12:57:11.587,24.469,26.193,18.705,3.039,250.0,250.0,78.011,23.658,8.769,74.163,51.192,31.738,19.454,31.362,6.858,0.700,6.158,6.182,0.000,0.000,0.000,0.000,42.0,
17.11.2025,12:57:12.593,20.391,25.734,18.249,3.044,250.0,250.0,81.495,13.634,8.732,35.534,27.451,17.027,10.424,16.820,7.106,0.720,6.386,6.140,0.000,0.000,0.000,0.000,42.0,
17.11.2025,12:57:13.593,19.032,27.483,20.027,3.030,250.0,250.0,78.209,23.690,8.762,74.261,51.255,31.779,19.476,31.403,6.881,0.699,6.182,6.199,0.000,0.000,0.000,0.000,42.0,
17.11.2025,12:57:14.592,17.672,27.856,20.342,3.047,250.0,250.0,81.755,42.393,8.765,75.154,51.831,32.137,19.694,31.748,99.120,24.924,74.196,6.361,0.000,0.000,0.000,0.000,42.0,
17.11.2025,12:57:15.607,25.829,28.596,21.101,3.053,250.0,250.0,77.986,23.277,8.749,72.723,50.274,31.183,19.091,30.806,6.880,0.698,6.182,6.182,0.000,0.000,0.000,0.000,42.0,
17.11.2025,12:57:16.617,16.313,27.689,20.208,3.043,250.0,250.0,81.801,44.589,8.762,73.260,50.633,31.389,19.244,31.012,112.621,30.684,81.937,6.352,0.000,0.000,0.000,0.000,42.0,
17.11.2025,12:57:17.626,16.313,28.179,20.629,3.104,250.0,250.0,82.315,40.498,8.785,70.935,49.197,30.505,18.692,30.128,95.115,30.473,64.642,6.505,0.000,0.000,0.000,0.000,42.0,
17.11.2025,12:57:18.623,29.907,29.006,21.412,3.121,250.0,250.0,78.577,23.757,8.783,74.412,51.348,31.842,19.506,31.465,6.994,0.765,6.229,6.225,0.000,0.000,0.000,2.375,42.0,
17.11.2025,12:57:19.621,24.469,27.786,20.246,3.100,250.0,250.0,82.700,47.098,8.759,73.356,50.707,31.438,19.269,31.061,125.028,34.509,90.519,6.335,0.000,0.000,0.000,0.000,42.0,
17.11.2025,12:57:20.621,23.110,25.820,18.321,3.075,250.0,250.0,81.123,40.279,8.823,74.491,51.430,31.891,19.539,31.514,89.403,19.805,69.598,6.293,0.000,0.000,0.000,0.000,42.0,
17.11.2025,12:57:21.617,21.750,26.100,18.614,3.057,250.0,250.0,79.556,23.398,8.760,73.169,50.569,31.360,19.209,30.971,6.879,0.697,6.182,6.182,0.000,0.000,0.000,0.000,42.0,
17.11.2025,12:57:22.624,16.313,26.102,18.604,3.042,250.0,250.0,82.457,23.514,8.771,73.480,50.779,31.491,19.288,31.114,6.993,0.756,6.237,6.234,0.000,0.000,0.000,0.000,42.0,
17.11.2025,12:57:23.625,21.750,24.645,17.200,3.033,250.0,250.0,82.004,35.698,8.810,76.152,52.416,32.507,19.909,32.118,64.204,23.401,40.803,6.662,0.000,0.000,0.000,0.000,42.0,
17.11.2025,12:57:24.623,19.032,27.524,20.039,3.041,250.0,250.0,79.291,23.391,8.836,73.026,50.551,31.337,19.214,30.960,6.897,0.707,6.190,6.190,0.001,0.000,0.000,0.000,42.0,
17.11.2025,12:57:25.624,17.672,25.721,18.274,3.022,250.0,250.0,82.195,41.880,8.943,73.733,51.038,31.646,19.392,31.257,98.239,24.422,73.817,6.310,0.000,0.000,0.000,2.375,42.0,
17.11.2025,12:57:26.624,17.672,27.592,20.128,3.015,250.0,250.0,78.705,23.644,8.882,73.984,51.160,31.719,19.441,31.342,6.871,0.697,6.174,6.174,0.000,0.000,0.000,0.000,42.0,
17.11.2025,12:57:27.620,35.344,25.073,17.612,3.002,250.0,250.0,82.621,41.261,8.819,74.041,51.141,31.712,19.429,31.323,94.915,22.546,72.369,6.310,0.001,0.000,0.000,0.000,42.0,
17.11.2025,12:57:28.623,13.594,27.675,20.163,3.038,250.0,250.0,81.042,18.113,8.750,52.632,37.974,23.549,14.425,23.257,7.191,0.728,6.463,6.158,0.000,0.000,0.000,0.000,42.0,
17.11.2025,12:57:29.623,17.672,27.668,20.209,3.052,250.0,250.0,79.870,39.504,8.773,73.963,51.074,31.675,19.399,31.286,86.274,18.488,67.786,6.318,0.000,0.000,0.000,0.000,42.0,
17.11.2025,12:57:30.617,14.953,24.635,17.144,3.016,250.0,250.0,78.557,23.673,8.798,74.125,51.189,31.740,19.449,31.363,6.933,0.758,6.175,6.199,0.000,0.000,0.000,0.000,42.0,
17.11.2025,12:57:31.647,17.672,27.079,19.657,3.021,250.0,250.0,82.520,28.074,8.822,72.958,50.486,31.303,19.183,30.926,30.392,4.109,26.283,6.276,0.000,0.000,0.000,0.000,42.0,
17.11.2025,12:57:32.646,36.704,24.506,17.044,3.014,250.0,250.0,78.645,23.965,8.811,75.269,51.917,32.183,19.734,31.794,6.879,0.697,6.182,6.182,0.001,0.000,0.000,0.000,42.0,
17.11.2025,12:57:33.643,16.313,26.208,18.746,3.037,250.0,250.0,82.232,40.492,8.809,73.118,50.584,31.364,19.220,30.987,92.263,21.240,71.023,6.310,0.000,0.000,0.000,0.000,42.0,
17.11.2025,12:57:34.642,23.110,29.083,21.611,3.027,250.0,250.0,78.537,23.542,8.798,73.682,50.906,31.560,19.346,31.183,6.879,0.697,6.182,6.190,0.000,0.000,0.000,0.000,42.0,
17.11.2025,12:57:35.643,25.829,25.242,17.737,3.033,250.0,250.0,82.914,23.899,8.909,74.799,51.670,32.036,19.634,31.647,7.030,0.793,6.237,6.234,0.000,0.000,0.000,0.000,42.0,
17.11.2025,12:57:36.638,20.391,27.043,19.607,3.043,250.0,250.0,82.906,36.526,8.771,72.451,50.138,31.084,19.054,30.707,73.353,13.742,59.611,6.352,0.000,0.000,0.000,0.000,42.0,
17.11.2025,12:57:37.635,20.391,27.043,19.607,3.043,250.0,250.0,78.291,23.517,8.760,73.529,50.806,31.504,19.302,31.115,6.979,0.778,6.201,6.199,0.000,0.000,0.000,0.000,42.0,
17.11.2025,12:57:38.632,17.672,27.862,20.388,3.021,250.0,250.0,81.486,23.653,8.787,73.950,51.081,31.680,19.401,31.291,7.036,0.765,6.271,6.267,0.000,0.000,0.000,0.000,42.0,
17.11.2025,12:57:39.649,17.672,26.776,19.310,3.018,250.0,250.0,78.945,23.557,8.835,73.623,50.902,31.560,19.342,31.183,6.966,0.776,6.190,6.190,0.000,0.000,0.000,0.000,42.0,
17.11.2025,12:57:40.650,33.985,25.541,18.073,3.013,250.0,250.0,81.918,23.447,8.809,72.998,50.517,31.319,19.198,30.942,7.211,0.856,6.355,6.267,0.000,0.000,2.125,0.000,42.0,
17.11.2025,12:57:41.652,21.750,25.682,18.213,3.053,250.0,250.0,78.843,24.041,8.906,75.399,52.046,32.270,19.776,31.881,6.974,0.791,6.183,6.182,0.000,0.000,0.000,0.000,42.0,
17.11.2025,12:57:42.655,19.032,26.045,18.575,3.037,250.0,250.0,82.751,23.336,8.759,72.587,50.210,31.132,19.078,30.755,7.293,0.892,6.401,6.250,0.000,0.000,0.000,0.000,42.0,
17.11.2025,12:57:43.655,20.391,26.582,19.096,3.054,250.0,250.0,82.131,46.777,8.783,67.949,47.381,29.375,18.006,29.022,90.667,30.029,60.638,85.918,0.000,0.000,0.000,0.000,42.0,
17.11.2025,12:57:44.648,19.032,26.932,19.442,3.057,250.0,250.0,79.027,23.118,8.770,72.059,49.890,30.935,18.955,30.571,6.898,0.699,6.199,6.199,0.000,0.000,0.000,0.000,42.0,
17.11.2025,12:57:45.651,31.266,24.665,17.191,3.019,250.0,250.0,82.301,23.810,8.847,74.517,51.478,31.923,19.555,31.533,7.002,0.756,6.246,6.242,0.000,0.000,0.000,0.000,42.0,
17.11.2025,12:57:46.655,16.313,27.580,20.135,3.012,250.0,250.0,83.064,22.971,8.759,50.410,36.590,22.689,13.901,22.409,7.414,0.807,6.607,60.122,0.000,0.000,0.000,0.000,42.0,
17.11.2025,12:57:47.653,16.313,28.305,20.877,3.009,250.0,250.0,78.643,23.927,8.824,75.068,51.798,32.113,19.685,31.724,6.920,0.704,6.216,6.216,0.000,0.000,0.000,0.000,42.0,
17.11.2025,12:57:48.651,17.672,29.662,22.217,3.034,250.0,250.0,82.818,46.933,8.882,72.717,50.361,31.228,19.133,30.851,124.855,34.453,90.402,6.446,0.000,0.000,0.375,0.000,42.0,
17.11.2025,12:57:49.649,23.110,26.150,18.659,3.000,250.0,250.0,79.096,23.748,8.846,74.403,51.379,31.858,19.521,31.481,6.886,0.704,6.182,6.216,0.000,0.000,0.000,0.000,42.0,
17.11.2025,12:57:50.648,16.313,29.010,21.548,3.034,250.0,250.0,82.350,30.600,8.776,72.886,50.405,31.257,19.148,30.880,43.166,5.690,37.476,6.318,0.000,0.000,0.000,0.000,42.0,
17.11.2025,12:57:51.654,20.391,24.714,17.306,3.008,250.0,250.0,79.032,23.819,8.776,74.694,51.541,31.961,19.580,31.571,6.925,0.709,6.216,6.216,0.000,0.000,0.000,0.000,42.0,
17.11.2025,12:57:52.651,19.032,26.350,18.882,3.034,250.0,250.0,82.555,13.993,8.738,36.720,28.174,17.473,10.701,17.254,7.350,0.887,6.463,6.165,0.000,0.000,0.000,0.000,42.0,
17.11.2025,12:57:53.652,16.313,25.537,18.049,3.020,250.0,250.0,78.410,24.171,8.839,75.968,52.374,32.471,19.903,32.082,6.926,0.710,6.216,6.225,0.000,0.000,0.000,0.000,42.0,
17.11.2025,12:57:54.655,29.907,26.627,19.169,3.031,250.0,250.0,82.737,29.149,8.814,74.024,51.159,31.722,19.437,31.332,34.340,4.570,29.770,6.318,0.000,0.000,0.250,0.000,42.0,
17.11.2025,12:57:55.654,17.672,28.934,21.440,3.043,250.0,250.0,78.482,23.523,8.839,73.511,50.841,31.526,19.315,31.149,6.910,0.711,6.199,6.234,0.000,0.000,0.000,0.000,42.0,
17.11.2025,12:57:56.655,21.750,26.473,19.025,3.029,250.0,250.0,79.298,23.624,8.824,73.935,51.089,31.684,19.405,31.295,6.906,0.707,6.199,6.199,0.000,0.000,0.000,0.000,42.0,
17.11.2025,12:57:57.654,19.032,27.242,19.746,3.028,250.0,250.0,81.512,24.207,8.810,75.970,52.338,32.461,19.877,32.072,7.146,0.808,6.338,6.250,0.000,0.000,0.000,0.000,42.0,
17.11.2025,12:57:58.653,21.750,26.081,18.625,3.056,250.0,250.0,81.512,24.207,8.810,75.970,52.338,32.461,19.877,32.072,7.146,0.808,6.338,6.250,0.000,0.000,0.000,0.000,42.0,
17.11.2025,12:57:59.654,25.829,29.591,22.101,3.045,250.0,250.0,82.746,40.235,8.770,60.607,42.845,26.565,16.280,26.249,7.536,0.903,6.633,205.966,0.000,0.000,0.000,0.000,42.0,
17.11.2025,12:58:0.655,19.032,25.767,18.292,3.048,250.0,250.0,78.868,23.828,8.752,74.765,51.551,31.969,19.582,31.580,6.931,0.715,6.216,6.216,0.000,0.000,0.000,0.000,42.0,
17.11.2025,12:58:1.649,19.032,28.277,20.740,3.084,250.0,250.0,82.452,47.179,8.753,73.570,50.811,31.507,19.304,31.118,125.198,34.730,90.468,6.327,0.000,0.000,0.000,0.000,42.0,
17.11.2025,12:58:2.655,17.672,26.279,18.757,3.057,250.0,250.0,78.107,36.195,8.801,67.918,47.370,29.378,17.992,29.025,77.602,16.985,60.617,6.267,0.000,0.000,0.000,0.500,42.0,
17.11.2025,12:58:3.654,35.344,23.483,16.061,3.000,250.0,250.0,78.237,22.042,8.797,67.851,47.327,29.342,17.985,28.989,6.949,0.715,6.234,6.234,0.000,0.000,0.000,0.000,42.0,
17.11.2025,12:58:4.655,20.391,24.893,17.468,3.001,250.0,250.0,76.844,22.204,8.835,68.432,47.707,29.583,18.124,29.230,6.949,0.715,6.234,6.234,0.000,0.000,0.000,0.000,42.0,
17.11.2025,12:58:5.649,20.391,26.077,18.648,3.004,250.0,250.0,76.757,22.101,8.809,68.093,47.488,29.441,18.047,29.089,6.916,0.708,6.208,6.208,0.000,0.000,0.000,0.000,42.0,
17.11.2025,12:58:6.654,16.313,25.164,17.734,3.020,250.0,250.0,76.259,32.880,8.784,76.965,52.915,32.814,20.101,32.425,6.950,0.760,6.190,90.891,0.000,0.000,0.000,0.000,42.0,
17.11.2025,12:58:7.655,17.672,25.069,17.646,3.007,250.0,250.0,76.777,19.173,8.762,56.839,40.563,25.154,15.409,24.850,6.953,0.703,6.250,6.250,0.000,0.000,0.000,0.000,42.0,
17.11.2025,12:58:8.655,17.672,25.458,18.060,2.987,250.0,250.0,73.594,22.295,8.821,68.884,47.980,29.749,18.231,29.396,6.861,0.696,6.165,6.165,0.000,0.000,2.125,0.000,42.0,
17.11.2025,12:58:9.648,21.750,24.162,16.765,2.972,250.0,250.0,74.184,22.426,8.846,69.365,48.293,29.941,18.352,29.576,6.852,0.694,6.158,6.182,0.000,0.000,2.375,0.000,42.0,
17.11.2025,12:58:10.655,24.469,24.848,17.295,3.112,250.0,250.0,66.101,24.167,8.840,76.024,52.399,32.488,19.911,32.098,6.860,0.745,6.115,6.190,0.000,0.000,0.000,0.000,42.0,
17.11.2025,12:58:11.650,14.953,32.933,24.792,3.589,250.0,250.0,68.662,23.886,8.882,74.840,51.700,32.051,19.649,31.662,6.946,0.704,6.242,6.182,0.000,0.000,0.000,0.000,42.0,
17.11.2025,12:58:12.655,21.750,30.256,22.676,3.165,250.0,250.0,79.060,24.262,8.937,75.993,52.418,32.502,19.916,32.113,7.210,0.877,6.333,6.318,0.000,0.000,1.625,0.000,42.0,
17.11.2025,12:58:13.655,23.110,28.532,21.028,3.048,250.0,250.0,79.072,23.847,8.865,74.726,51.588,31.988,19.600,31.599,6.937,0.728,6.209,6.234,0.000,0.000,0.000,0.000,42.0,
17.11.2025,12:58:14.654,19.032,26.850,19.407,3.001,250.0,250.0,82.339,23.975,8.752,75.364,51.928,32.208,19.720,31.819,6.879,0.697,6.182,6.199,0.000,0.000,0.000,0.000,42.0,
17.11.2025,12:58:15.649,19.032,25.877,18.495,3.003,250.0,250.0,78.664,36.162,8.787,75.239,51.879,32.171,19.708,31.782,67.699,24.809,42.890,6.658,0.000,0.000,0.000,0.000,42.0,
17.11.2025,12:58:16.655,17.672,27.452,19.984,3.026,250.0,250.0,78.936,23.786,8.777,74.362,51.328,31.827,19.501,31.438,7.145,0.854,6.291,6.335,0.000,0.000,0.000,0.000,42.0,
17.11.2025,12:58:17.655,17.672,24.715,17.271,2.996,250.0,250.0,78.607,23.813,8.828,74.624,51.533,31.951,19.582,31.562,6.908,0.709,6.199,6.234,0.000,0.000,0.000,1.750,42.0,
17.11.2025,12:58:18.654,19.032,25.332,17.859,3.018,250.0,250.0,78.387,23.694,8.788,74.247,51.250,31.776,19.474,31.399,6.897,0.698,6.199,6.216,0.000,0.000,0.000,0.000,42.0,
17.11.2025,12:58:19.665,19.032,25.295,17.848,3.003,250.0,250.0,80.569,52.546,8.798,69.896,48.608,30.135,18.473,29.771,7.179,0.785,6.394,305.421,0.000,0.000,0.000,0.000,42.0,
17.11.2025,12:58:20.675,16.313,25.154,17.727,3.012,250.0,250.0,79.451,24.003,8.851,75.352,51.958,32.227,19.731,31.838,6.919,0.703,6.216,6.234,0.001,0.000,0.000,0.000,42.0,
17.11.2025,12:58:21.673,13.594,26.956,19.435,3.049,250.0,250.0,78.403,23.549,8.809,73.676,50.917,31.567,19.350,31.190,6.893,0.703,6.190,6.190,0.000,0.000,0.000,0.000,42.0,
17.11.2025,12:58:22.675,17.672,24.432,17.019,2.992,250.0,250.0,80.986,27.134,8.789,56.487,40.324,25.005,15.319,24.700,34.819,11.362,23.457,31.082,0.000,0.000,0.000,0.000,42.0,
17.11.2025,12:58:23.676,17.672,27.592,20.126,3.030,250.0,250.0,78.869,23.540,8.815,73.514,50.832,31.516,19.316,31.139,7.014,0.768,6.246,6.242,0.000,0.000,0.000,0.000,42.0,
17.11.2025,12:58:24.672,20.391,28.377,20.882,3.035,250.0,250.0,82.543,42.519,8.824,73.997,51.116,31.691,19.425,31.314,101.211,25.865,75.346,6.403,0.000,0.000,0.000,0.000,42.0,
17.11.2025,12:58:25.670,16.313,24.255,16.804,3.029,250.0,250.0,78.150,23.508,8.810,73.428,50.748,31.475,19.273,31.098,7.005,0.759,6.246,6.242,0.000,0.000,0.000,0.000,42.0,
17.11.2025,12:58:26.666,19.032,26.854,19.441,2.998,250.0,250.0,80.099,19.657,8.810,58.524,41.625,25.810,15.815,25.506,7.066,0.714,6.352,6.352,0.001,0.000,0.000,0.000,42.0,
17.11.2025,12:58:27.676,21.750,28.007,20.553,3.016,250.0,250.0,80.290,39.790,8.814,72.717,50.337,31.206,19.131,30.829,89.279,19.661,69.618,6.310,0.000,0.000,0.000,0.000,42.0,
17.11.2025,12:58:28.676,14.953,24.966,17.550,2.999,250.0,250.0,78.744,23.396,8.783,73.070,50.543,31.337,19.206,30.960,6.923,0.707,6.216,6.216,0.001,0.000,0.000,0.000,42.0,
17.11.2025,12:58:29.680,23.110,26.999,19.528,3.017,250.0,250.0,82.161,13.481,8.737,34.651,26.910,16.691,10.219,16.483,7.330,0.867,6.463,6.463,0.000,0.000,0.000,0.000,42.0,
17.11.2025,12:58:30.682,17.672,26.343,18.933,2.985,250.0,250.0,78.068,47.004,8.788,73.002,50.491,31.306,19.185,30.930,124.990,34.628,90.362,6.361,0.000,0.000,0.000,0.375,42.0,
17.11.2025,12:58:31.687,17.672,25.108,17.670,2.989,250.0,250.0,78.004,23.378,8.787,72.886,50.405,31.262,19.143,30.885,7.062,0.766,6.296,6.293,0.000,0.000,0.000,0.000,42.0,
17.11.2025,12:58:32.686,21.750,27.907,20.468,3.008,250.0,250.0,78.399,23.469,8.797,73.277,50.652,31.415,19.237,31.038,7.016,0.770,6.246,6.242,0.000,0.000,0.000,0.000,42.0,
17.11.2025,12:58:33.687,21.750,26.379,18.924,3.010,250.0,250.0,78.065,23.475,8.835,73.356,50.733,31.464,19.269,31.087,6.906,0.698,6.208,6.199,0.000,0.000,2.125,0.000,42.0,
17.11.2025,12:58:34.686,16.313,25.344,17.901,2.982,250.0,250.0,82.523,47.487,8.941,74.659,51.614,32.002,19.612,31.625,125.001,34.528,90.473,6.412,0.000,0.000,0.000,0.000,42.0,
17.11.2025,12:58:35.687,16.313,28.401,20.932,3.022,250.0,250.0,79.561,23.437,8.904,73.113,50.623,31.395,19.228,31.018,6.936,0.702,6.234,6.216,0.000,0.000,0.000,0.000,42.0,
17.11.2025,12:58:36.685,35.344,25.300,17.876,3.013,250.0,250.0,82.160,44.729,8.848,73.924,51.098,31.683,19.415,31.306,112.315,30.411,81.904,6.386,0.000,0.000,2.250,0.000,42.0,
17.11.2025,12:58:37.685,14.953,25.550,18.119,3.003,250.0,250.0,78.671,23.438,8.761,73.230,50.615,31.378,19.237,31.001,6.973,0.757,6.216,6.216,0.000,0.000,0.000,0.000,42.0,
17.11.2025,12:58:38.685,38.063,27.439,19.969,2.997,250.0,250.0,81.283,32.119,8.797,61.338,43.309,26.854,16.455,26.538,36.193,12.299,23.894,65.515,0.000,0.000,0.000,0.000,42.0,
17.11.2025,12:58:39.686,14.953,26.389,18.957,3.008,250.0,250.0,78.358,23.430,8.813,73.116,50.582,31.359,19.223,30.982,6.997,0.759,6.238,6.234,0.000,0.000,0.000,0.000,42.0,
17.11.2025,12:58:40.687,19.032,26.369,18.951,3.001,250.0,250.0,81.486,20.147,8.801,60.258,42.698,26.476,16.222,26.160,7.330,0.740,6.590,6.199,0.000,0.000,0.000,0.000,42.0,
17.11.2025,12:58:41.686,14.953,26.562,19.107,3.001,250.0,250.0,79.010,28.998,8.834,73.327,50.699,31.438,19.261,31.061,34.518,4.594,29.924,6.327,0.000,0.000,1.375,0.000,42.0,
17.11.2025,12:58:42.685,20.391,26.550,19.116,3.011,250.0,250.0,79.250,23.283,8.858,72.564,50.283,31.187,19.096,30.810,6.918,0.702,6.216,6.199,0.000,0.000,0.000,0.000,42.0,
17.11.2025,12:58:43.685,16.313,26.823,19.381,3.007,250.0,250.0,82.033,30.700,8.821,73.189,50.632,31.388,19.244,31.012,43.184,5.717,37.467,6.343,0.000,0.000,0.000,0.000,42.0,
17.11.2025,12:58:44.686,23.110,24.357,16.884,3.026,250.0,250.0,79.385,23.444,8.810,73.224,50.641,31.398,19.243,31.021,6.933,0.708,6.225,6.234,0.000,0.000,0.000,0.000,42.0,
17.11.2025,12:58:45.687,16.313,26.785,19.297,3.037,250.0,250.0,82.273,24.895,8.816,72.855,50.422,31.269,19.153,30.892,14.619,1.894,12.725,6.310,0.001,0.000,0.000,0.000,42.0,
17.11.2025,12:58:46.687,32.625,26.795,19.329,3.045,250.0,250.0,80.537,23.491,8.819,73.292,50.692,31.436,19.256,31.059,7.046,0.775,6.271,6.259,0.000,0.000,0.000,0.000,42.0,
17.11.2025,12:58:47.684,16.313,26.897,19.449,3.017,250.0,250.0,79.818,23.640,8.797,74.044,51.119,31.702,19.417,31.325,6.897,0.698,6.199,6.199,0.000,0.000,0.000,0.000,42.0,
17.11.2025,12:58:48.681,23.110,27.298,19.824,3.032,250.0,250.0,81.011,35.434,8.843,73.571,50.870,31.547,19.323,31.158,66.365,11.538,54.827,6.293,0.000,0.000,0.000,0.000,42.0,
17.11.2025,12:58:49.679,16.313,26.440,18.940,3.043,250.0,250.0,79.346,23.586,8.867,73.703,50.970,31.610,19.360,31.221,6.959,0.750,6.209,6.208,0.001,0.000,0.000,0.000,42.0,
17.11.2025,12:58:50.686,23.110,26.838,19.380,3.021,250.0,250.0,82.121,25.569,8.745,48.877,35.607,22.084,13.523,21.816,7.369,0.745,6.624,90.298,0.000,0.000,0.000,0.000,42.0,
17.11.2025,12:58:51.679,17.672,26.595,19.134,3.036,250.0,250.0,78.849,23.687,8.768,74.146,51.173,31.731,19.442,31.343,7.015,0.770,6.245,6.242,0.000,0.000,0.000,0.000,42.0,
17.11.2025,12:58:52.687,31.266,26.013,18.579,3.017,250.0,250.0,79.540,23.582,8.784,73.796,50.949,31.597,19.352,31.221,6.958,0.750,6.208,6.208,0.000,0.000,0.000,0.000,42.0,
17.11.2025,12:58:53.686,21.750,26.057,18.546,3.042,250.0,250.0,81.160,26.682,8.823,72.949,50.486,31.299,19.187,30.922,23.427,3.089,20.338,6.302,0.001,0.000,0.000,0.000,42.0,
17.11.2025,12:58:54.681,14.953,25.703,18.207,3.048,250.0,250.0,79.445,23.581,8.781,73.730,50.916,31.567,19.349,31.191,7.015,0.770,6.245,6.242,0.000,0.000,0.000,1.250,42.0,
17.11.2025,12:58:55.681,17.672,25.852,18.358,3.043,250.0,250.0,82.498,50.313,8.761,48.087,35.185,21.815,13.370,21.559,7.265,0.735,6.530,339.822,0.000,0.000,0.000,0.000,42.0,
17.11.2025,12:58:56.682,19.032,25.602,18.128,3.052,250.0,250.0,78.744,23.479,8.833,73.209,50.657,31.413,19.244,31.024,7.060,0.763,6.297,6.293,0.000,0.000,0.000,0.000,42.0,
17.11.2025,12:58:57.680,17.672,26.317,18.879,3.025,250.0,250.0,79.649,23.506,8.821,73.464,50.789,31.497,19.292,31.120,6.927,0.702,6.225,6.225,0.000,0.000,2.375,0.000,42.0,
17.11.2025,12:58:58.680,12.235,25.714,18.160,3.067,250.0,250.0,82.540,46.090,8.868,58.526,41.644,25.824,15.820,25.520,59.357,21.930,37.427,165.982,0.000,0.000,0.000,0.000,42.0,
17.11.2025,12:58:59.680,21.750,26.090,18.607,3.067,250.0,250.0,79.052,23.823,8.796,74.662,51.509,31.945,19.564,31.556,6.966,0.716,6.250,6.267,0.000,0.000,0.000,0.000,42.0,
17.11.2025,12:59:0.685,32.625,26.636,19.141,3.050,250.0,250.0,83.154,23.772,8.796,74.513,51.426,31.886,19.540,31.498,6.920,0.704,6.216,6.225,0.000,0.000,0.000,0.000,42.0,
17.11.2025,12:59:1.686,25.829,29.107,21.580,3.096,250.0,250.0,79.398,30.564,8.830,73.677,50.917,31.576,19.341,31.199,41.872,5.564,36.308,6.361,0.000,0.000,0.000,0.000,42.0,
17.11.2025,12:59:2.685,16.313,24.968,17.433,3.074,250.0,250.0,79.505,23.635,8.800,73.945,51.087,31.678,19.409,31.301,6.942,0.708,6.234,6.242,0.001,0.000,0.000,0.000,42.0,
17.11.2025,12:59:3.678,17.672,26.336,18.860,3.056,250.0,250.0,82.166,35.506,8.783,55.007,39.426,24.454,14.972,24.162,55.806,20.407,35.399,76.646,0.000,0.000,0.000,0.000,42.0,
17.11.2025,12:59:4.683,19.032,25.056,17.574,3.053,250.0,250.0,77.914,21.875,8.797,67.212,46.940,29.100,17.840,28.747,6.938,0.704,6.234,6.234,0.000,0.000,0.000,0.000,42.0,
17.11.2025,12:59:5.678,20.391,24.917,17.430,3.044,250.0,250.0,76.467,22.096,8.811,68.070,47.473,29.435,18.038,29.082,6.921,0.705,6.216,6.208,0.000,0.000,0.000,0.000,42.0,
17.11.2025,12:59:6.684,17.672,25.032,17.611,2.994,250.0,250.0,76.397,33.347,8.811,76.527,52.660,32.656,20.004,32.255,23.154,5.953,17.201,64.244,0.000,0.000,0.000,0.000,42.0,
17.11.2025,12:59:7.686,14.953,26.311,18.848,3.009,250.0,250.0,79.776,21.989,8.773,67.412,47.044,29.178,17.866,28.825,7.232,0.789,6.443,6.327,0.000,0.000,0.000,0.000,42.0,
17.11.2025,12:59:8.685,17.672,26.244,18.819,3.008,250.0,250.0,76.476,21.977,8.760,67.704,47.217,29.281,17.936,28.929,6.878,0.696,6.182,6.182,0.000,0.000,1.125,0.000,42.0,
17.11.2025,12:59:9.685,23.110,25.622,18.214,2.966,250.0,250.0,71.096,21.736,8.783,66.744,46.624,28.915,17.709,28.563,6.907,0.699,6.208,6.208,0.000,0.000,0.000,0.500,42.0,
17.11.2025,12:59:10.688,17.672,25.363,17.996,2.974,250.0,250.0,69.681,21.870,8.768,67.220,46.925,29.103,17.822,28.750,6.939,0.705,6.234,6.234,0.000,0.000,0.000,0.000,42.0,
17.11.2025,12:59:11.687,10.875,27.868,20.200,3.163,250.0,250.0,73.057,13.198,8.757,34.037,26.544,16.459,10.085,16.264,6.848,0.708,6.140,6.140,0.000,0.000,0.000,0.000,42.0,
17.11.2025,12:59:12.684,16.313,28.438,20.438,3.546,250.0,250.0,51.212,38.135,8.497,129.184,85.068,52.753,32.315,52.109,7.450,0.881,6.569,6.522,0.000,0.000,0.000,0.000,42.0,
17.11.2025,12:59:13.680,17.672,25.841,17.830,3.100,250.0,250.0,100.690,34.361,8.914,107.971,72.268,44.816,27.452,44.268,13.053,1.238,11.815,11.815,0.000,0.000,0.000,0.000,42.0,
17.11.2025,12:59:14.682,17.672,24.945,17.467,3.038,250.0,250.0,108.140,24.687,8.808,76.889,52.917,32.810,20.107,32.409,7.900,0.769,7.131,7.127,0.000,0.000,0.000,0.000,42.0,
17.11.2025,12:59:15.686,19.032,26.542,19.042,3.065,250.0,250.0,80.849,23.840,8.809,74.304,51.315,31.815,19.500,31.426,7.315,0.713,6.602,6.601,0.000,0.000,0.000,0.000,42.0,
17.11.2025,12:59:16.680,23.110,26.249,18.826,3.031,250.0,250.0,83.568,47.439,8.809,74.274,51.295,31.805,19.490,31.428,125.242,34.543,90.699,6.802,0.000,0.000,0.000,0.000,42.0,
17.11.2025,12:59:17.686,19.032,25.472,17.979,3.023,250.0,250.0,79.425,24.215,8.856,75.875,52.310,32.438,19.872,32.049,7.219,0.859,6.360,6.310,0.000,0.000,1.500,0.000,42.0,
17.11.2025,12:59:18.686,19.032,26.913,19.426,3.042,250.0,250.0,79.192,23.324,8.810,72.766,50.351,31.229,19.122,30.852,6.936,0.702,6.234,6.234,0.000,0.000,0.000,0.000,42.0,
17.11.2025,12:59:19.686,20.391,26.434,18.976,3.022,250.0,250.0,81.948,23.839,8.964,74.243,51.364,31.857,19.507,31.468,7.324,0.903,6.421,6.335,0.000,0.000,0.000,0.000,42.0,
17.11.2025,12:59:20.686,14.953,27.981,20.532,3.039,250.0,250.0,79.457,23.837,8.920,74.375,51.411,31.875,19.536,31.499,7.265,0.735,6.530,6.225,0.000,0.000,2.250,0.000,42.0,
17.11.2025,12:59:21.687,23.110,26.112,18.659,3.035,250.0,250.0,82.330,23.979,8.844,75.113,51.828,32.130,19.698,31.741,7.053,0.764,6.289,6.327,0.000,0.000,0.000,0.000,42.0,
17.11.2025,12:59:22.684,20.391,26.572,19.096,2.990,250.0,250.0,79.137,23.389,8.745,73.091,50.523,31.329,19.194,30.940,6.919,0.703,6.216,6.234,0.000,0.000,0.000,0.000,42.0,
17.11.2025,12:59:23.686,19.032,26.580,19.127,3.030,250.0,250.0,82.314,23.386,8.748,72.869,50.354,31.233,19.121,30.857,7.179,0.845,6.334,6.318,0.000,0.000,0.000,0.000,42.0,
17.11.2025,12:59:24.687,19.032,24.959,17.497,3.023,250.0,250.0,78.359,23.563,8.783,73.672,50.895,31.553,19.342,31.176,6.986,0.752,6.234,6.234,0.000,0.000,0.000,0.000,42.0,
17.11.2025,12:59:25.685,19.032,25.839,18.390,3.026,250.0,250.0,82.316,23.518,8.835,73.370,50.744,31.463,19.281,31.086,7.052,0.763,6.289,6.302,0.000,0.000,0.000,0.000,42.0,
17.11.2025,12:59:26.686,24.469,26.548,19.067,3.034,250.0,250.0,82.749,21.679,8.807,46.225,34.052,21.113,12.939,20.857,7.224,0.786,6.438,58.350,0.000,0.000,0.000,0.000,42.0,
17.11.2025,12:59:27.687,19.032,26.545,19.100,3.014,250.0,250.0,81.282,23.642,8.822,73.879,51.043,31.647,19.396,31.270,7.042,0.771,6.271,6.285,0.000,0.000,0.000,0.000,42.0,
17.11.2025,12:59:28.686,27.188,26.175,18.710,3.029,250.0,250.0,78.971,23.708,8.836,74.209,51.266,31.790,19.476,31.401,6.936,0.702,6.234,6.234,0.000,0.000,0.000,0.000,42.0,
17.11.2025,12:59:29.686,16.313,25.246,17.802,3.010,250.0,250.0,82.867,23.688,8.922,73.865,51.114,31.692,19.422,31.303,7.113,0.799,6.314,6.335,0.000,0.000,0.000,0.000,42.0,
17.11.2025,12:59:30.685,23.110,25.910,18.486,3.017,250.0,250.0,78.665,28.181,8.899,72.860,50.483,31.299,19.184,30.922,30.928,4.170,26.758,6.310,0.000,0.000,0.000,0.000,42.0,
17.11.2025,12:59:31.686,17.672,25.128,17.608,3.051,250.0,250.0,78.857,23.685,8.814,73.937,51.045,31.653,19.392,31.276,7.231,0.865,6.366,6.276,0.000,0.000,0.000,0.000,42.0,
17.11.2025,12:59:32.686,17.672,26.313,18.816,3.045,250.0,250.0,83.419,21.439,8.781,44.280,32.836,20.364,12.472,20.108,7.298,0.768,6.530,60.953,0.000,0.000,0.000,0.000,42.0,
17.11.2025,12:59:33.686,21.750,25.721,18.257,3.016,250.0,250.0,78.712,23.754,8.857,74.116,51.228,31.766,19.462,31.377,7.222,0.880,6.342,6.293,0.000,0.000,0.000,0.000,42.0,
17.11.2025,12:59:34.686,21.750,25.879,18.416,3.031,250.0,250.0,80.784,23.883,8.831,74.864,51.688,32.044,19.644,31.655,6.936,0.702,6.234,6.234,0.000,0.000,0.000,0.000,42.0,
17.11.2025,12:59:35.686,17.672,25.252,17.747,3.049,250.0,250.0,82.202,19.449,8.824,57.656,41.097,25.486,15.611,25.169,7.122,0.719,6.403,6.403,0.000,0.000,0.000,0.000,42.0,
17.11.2025,12:59:36.686,17.672,26.350,18.889,3.023,250.0,250.0,79.736,46.728,8.773,72.151,49.955,30.982,18.973,30.605,124.757,34.477,90.280,6.327,0.000,0.000,0.000,0.000,42.0,
17.11.2025,12:59:37.687,17.672,24.238,16.827,3.025,250.0,250.0,78.100,23.679,8.795,74.016,51.133,31.711,19.422,31.322,7.062,0.791,6.271,6.267,0.000,0.000,0.000,0.000,42.0,
17.11.2025,12:59:38.687,28.547,24.095,16.639,3.024,250.0,250.0,78.674,23.793,8.856,74.504,51.466,31.920,19.546,31.531,6.937,0.703,6.234,6.234,0.000,0.000,0.000,0.000,42.0,
17.11.2025,12:59:39.686,16.313,25.761,18.259,3.034,250.0,250.0,83.511,36.866,8.807,47.387,34.766,21.562,13.204,21.294,7.167,0.755,6.412,207.311,0.000,0.000,0.000,0.000,42.0,
17.11.2025,12:59:40.687,17.672,25.452,17.991,3.042,250.0,250.0,79.544,23.315,8.867,72.635,50.310,31.187,19.123,30.810,6.977,0.710,6.267,6.267,0.000,0.000,0.000,0.000,42.0,
17.11.2025,12:59:41.687,25.829,27.524,20.028,3.039,250.0,250.0,82.032,28.500,8.894,37.299,28.655,17.772,10.883,17.552,7.313,0.884,6.429,149.317,0.000,0.000,0.000,0.000,42.0,
17.11.2025,12:59:42.682,17.672,25.996,18.542,3.017,250.0,250.0,79.208,23.512,8.917,73.300,50.762,31.478,19.284,31.101,6.978,0.711,6.267,6.318,0.000,0.000,0.000,2.375,42.0,
17.11.2025,12:59:43.683,17.672,25.996,18.542,3.017,250.0,250.0,78.888,23.625,8.919,73.786,51.060,31.665,19.395,31.288,6.941,0.707,6.234,6.250,0.000,0.000,0.000,0.000,42.0,
17.11.2025,12:59:44.686,24.469,26.161,18.677,3.040,250.0,250.0,82.567,41.152,8.843,62.090,43.804,27.160,16.644,26.832,71.848,26.407,45.441,82.448,0.000,0.000,0.000,0.000,42.0,
17.11.2025,12:59:45.684,23.110,24.437,17.011,3.042,250.0,250.0,79.288,23.279,8.845,72.486,50.193,31.125,19.068,30.748,6.999,0.714,6.285,6.327,0.000,0.000,0.000,0.000,42.0,
17.11.2025,12:59:46.686,13.594,24.915,17.414,3.042,250.0,250.0,79.263,23.378,8.811,72.974,50.483,31.301,19.182,30.925,6.937,0.703,6.234,6.234,0.000,0.000,0.375,0.000,42.0,
17.11.2025,12:59:47.682,16.313,25.992,18.487,3.051,250.0,250.0,82.128,23.337,8.895,72.516,50.262,31.162,19.100,30.785,7.151,0.804,6.347,6.343,0.000,0.000,0.000,0.250,42.0,
17.11.2025,12:59:48.679,17.672,26.052,18.486,3.143,250.0,250.0,79.173,23.831,8.883,74.594,51.540,31.952,19.588,31.563,6.960,0.710,6.250,6.267,0.000,0.000,0.000,0.000,42.0,
17.11.2025,12:59:49.688,29.907,28.918,21.301,3.176,250.0,250.0,82.756,54.696,8.951,109.297,72.932,45.227,27.705,44.681,115.818,31.512,84.306,6.530,0.000,0.000,0.000,0.000,42.0,
17.11.2025,12:59:50.686,16.313,27.588,20.049,3.096,250.0,250.0,79.229,43.139,8.902,73.761,51.022,31.641,19.381,31.253,104.535,27.539,76.996,6.361,0.000,0.000,0.000,0.000,42.0,
17.11.2025,12:59:51.679,19.032,27.370,19.871,3.048,250.0,250.0,79.733,23.621,8.853,73.813,51.012,31.627,19.385,31.251,6.997,0.721,6.276,6.276,0.000,0.000,0.000,0.000,42.0,
17.11.2025,12:59:52.681,23.110,24.729,17.224,3.082,250.0,250.0,83.234,44.583,8.857,76.135,52.489,32.549,19.940,32.147,108.681,29.376,79.305,6.352,0.000,0.000,0.000,0.000,42.0,
17.11.2025,12:59:53.686,14.953,26.588,19.077,3.077,250.0,250.0,83.098,23.831,8.866,74.652,51.537,31.957,19.580,31.581,6.947,0.705,6.242,6.242,0.000,0.000,0.000,0.000,42.0,
17.11.2025,12:59:54.686,14.953,24.565,17.041,3.077,250.0,250.0,78.703,23.184,8.793,72.128,49.963,30.979,18.984,30.602,7.034,0.716,6.318,6.318,0.000,0.000,0.000,0.000,42.0,
17.11.2025,12:59:55.686,23.110,27.532,19.992,3.065,250.0,250.0,78.848,23.234,8.845,72.380,50.142,31.094,19.048,30.718,6.938,0.704,6.234,6.234,0.000,0.000,0.000,0.000,42.0,
17.11.2025,12:59:56.685,24.469,26.087,18.664,3.039,250.0,250.0,81.920,23.926,8.893,73.263,50.700,31.439,19.261,31.062,9.154,1.122,8.032,6.335,0.000,0.000,0.000,1.125,42.0,
17.11.2025,12:59:57.686,17.672,26.249,18.699,3.068,250.0,250.0,81.874,23.926,8.862,48.961,35.792,22.195,13.597,21.927,7.333,0.760,6.573,6.573,0.000,0.000,0.000,0.000,42.0,
17.11.2025,12:59:58.685,17.672,28.166,20.709,3.019,250.0,250.0,81.874,17.257,8.862,48.961,35.792,22.195,13.597,21.927,7.333,0.760,6.573,6.573,0.000,0.000,0.000,0.000,42.0,
17.11.2025,12:59:59.686,23.110,25.172,17.737,3.021,250.0,250.0,78.933,23.201,8.833,72.122,49.949,30.971,18.978,30.606,7.120,0.765,6.355,6.310,0.000,0.000,0.000,0.000,42.0,
17.11.2025,13:0:0.684,25.829,27.073,19.556,3.026,250.0,250.0,81.721,31.665,8.833,74.028,51.151,31.714,19.437,31.338,19.780,4.879,14.901,60.586,0.000,0.000,0.000,0.000,42.0,
17.11.2025,13:0:1.686,29.907,26.960,19.459,3.052,250.0,250.0,78.496,23.166,8.762,72.166,49.960,30.973,18.987,30.596,6.976,0.709,6.267,6.267,0.000,0.000,0.000,0.000,42.0,
17.11.2025,13:0:2.684,28.547,26.809,19.371,3.007,250.0,250.0,81.874,35.841,8.820,71.360,49.499,30.694,18.805,30.329,71.278,12.869,58.409,6.343,0.000,0.000,0.000,2.500,42.0,
17.11.2025,13:0:3.679,16.313,24.440,16.939,3.052,250.0,250.0,78.826,23.895,8.821,74.915,51.691,32.050,19.641,31.673,6.947,0.705,6.242,6.267,0.000,0.000,0.000,0.000,42.0,
17.11.2025,13:0:4.683,25.829,27.417,19.977,3.017,250.0,250.0,81.350,23.774,8.845,74.380,51.366,31.850,19.516,31.474,6.997,0.721,6.276,6.310,0.000,0.000,0.000,0.000,42.0,
17.11.2025,13:0:5.681,19.032,24.222,16.777,3.030,250.0,250.0,82.292,47.792,8.975,75.570,52.188,32.366,19.822,31.977,125.258,34.710,90.548,6.505,0.000,0.000,0.000,0.000,42.0,
17.11.2025,13:0:6.679,17.672,26.131,18.623,3.037,250.0,250.0,79.659,22.698,8.916,70.192,48.856,30.297,18.559,29.932,6.986,0.719,6.267,6.259,0.000,0.000,0.000,2.375,42.0,
17.11.2025,13:0:7.684,29.907,27.096,19.678,3.008,250.0,250.0,77.206,22.653,8.890,70.097,48.781,30.239,18.542,29.874,6.939,0.705,6.234,6.234,0.000,0.000,0.000,0.000,42.0,
17.11.2025,13:0:8.685,17.672,25.560,18.104,3.000,250.0,250.0,80.121,32.669,8.858,69.300,48.258,29.930,18.328,29.565,58.035,10.139,47.896,6.378,0.000,0.000,0.000,0.000,42.0,
17.11.2025,13:0:9.686,14.953,26.203,18.782,3.009,250.0,250.0,77.204,22.561,8.835,69.766,48.545,30.100,18.445,29.747,6.953,0.703,6.250,6.267,0.000,0.000,0.000,0.000,42.0,
17.11.2025,13:0:10.679,14.953,25.078,17.609,3.011,250.0,250.0,79.710,14.157,8.771,37.334,28.598,17.730,10.868,17.522,7.247,0.733,6.514,6.250,0.000,0.000,0.000,0.000,42.0,
17.11.2025,13:0:11.686,16.313,25.996,18.594,2.999,250.0,250.0,71.048,22.622,8.868,70.014,48.712,30.205,18.507,29.840,6.920,0.704,6.216,6.234,0.000,0.000,0.000,0.000,42.0,
17.11.2025,13:0:12.688,17.672,26.303,18.930,2.976,250.0,250.0,73.324,22.448,8.819,69.397,48.290,29.944,18.346,29.591,6.915,0.707,6.208,6.259,0.000,0.000,0.000,0.000,42.0,
17.11.2025,13:0:13.683,17.672,29.436,21.677,3.254,250.0,250.0,71.887,14.355,8.819,38.304,29.224,18.115,11.109,17.895,6.928,0.703,6.225,6.225,0.000,0.000,0.000,0.000,42.0,
17.11.2025,13:0:14.681,16.313,29.574,21.629,3.498,250.0,250.0,58.704,23.591,8.929,73.680,50.981,31.609,19.372,31.232,6.938,0.704,6.234,6.234,0.000,0.000,0.000,0.000,42.0,
17.11.2025,13:0:15.679,9.516,25.682,18.111,3.111,250.0,250.0,83.333,31.622,8.955,73.962,51.174,31.738,19.436,31.349,46.629,6.160,40.469,6.352,0.000,0.000,0.000,0.000,42.0,
17.11.2025,13:0:16.685,16.313,28.075,20.550,3.085,250.0,250.0,79.998,24.008,8.847,75.282,51.945,32.210,19.735,31.821,6.998,0.755,6.243,6.242,0.000,0.000,0.000,0.000,42.0,
17.11.2025,13:0:17.686,28.547,26.111,18.540,3.099,250.0,250.0,82.562,23.828,8.797,74.545,51.438,31.898,19.540,31.509,7.108,0.769,6.339,6.335,0.000,0.000,0.000,0.000,42.0,
17.11.2025,13:0:18.688,17.672,26.529,19.015,3.096,250.0,250.0,78.828,24.121,8.833,75.692,52.186,32.360,19.826,31.971,7.037,0.769,6.268,6.267,0.000,0.000,0.000,0.000,42.0,
17.11.2025,13:0:19.685,24.469,25.418,17.872,3.082,250.0,250.0,83.072,23.974,8.816,74.852,51.656,32.036,19.620,31.648,7.382,0.938,6.444,6.352,0.000,0.000,0.000,0.000,42.0,
17.11.2025,13:0:20.687,17.672,27.554,20.054,3.069,250.0,250.0,82.139,16.579,8.830,43.757,32.533,20.182,12.351,19.939,7.434,0.751,6.683,13.326,0.000,0.000,0.000,0.000,42.0,
17.11.2025,13:0:21.686,29.907,24.659,17.183,3.051,250.0,250.0,79.374,23.721,8.828,74.187,51.242,31.780,19.462,31.391,7.012,0.719,6.293,6.293,0.000,0.000,0.000,0.000,42.0,
17.11.2025,13:0:22.686,28.547,26.092,18.605,3.054,250.0,250.0,82.387,27.037,8.792,44.248,32.807,20.342,12.465,20.098,7.433,0.750,6.683,116.747,0.000,0.000,0.000,0.000,42.0,
17.11.2025,13:0:23.687,14.953,25.507,18.007,3.050,250.0,250.0,78.943,23.755,8.871,74.246,51.297,31.804,19.493,31.427,7.064,0.775,6.289,6.285,0.000,0.000,0.000,0.000,42.0,
17.11.2025,13:0:24.685,16.313,26.284,18.848,3.025,250.0,250.0,81.571,26.715,8.780,52.929,38.137,23.649,14.488,23.369,7.454,0.754,6.700,90.890,0.000,0.000,0.000,0.000,42.0,
17.11.2025,13:0:25.686,25.829,27.173,19.629,3.048,250.0,250.0,78.877,23.715,8.829,74.089,51.186,31.742,19.444,31.365,7.101,0.804,6.297,6.293,0.000,0.000,0.000,0.000,42.0,
17.11.2025,13:0:26.686,16.313,25.078,17.678,3.019,250.0,250.0,82.593,16.175,8.811,44.924,33.278,20.632,12.646,20.376,7.423,0.790,6.633,6.234,0.000,0.000,0.000,1.125,42.0,
17.11.2025,13:0:27.686,29.907,27.046,19.509,3.068,250.0,250.0,78.875,23.652,8.819,73.885,51.050,31.656,19.394,31.267,7.080,0.765,6.315,6.293,0.000,0.000,0.000,0.000,42.0,
17.11.2025,13:0:28.678,17.672,27.393,19.944,3.063,250.0,250.0,82.685,23.874,8.966,74.419,51.472,31.924,19.548,31.534,7.322,0.740,6.582,6.234,0.000,0.000,0.000,0.000,42.0,
17.11.2025,13:0:29.686,29.907,24.161,16.628,3.083,250.0,250.0,79.240,41.515,8.902,73.647,50.958,31.598,19.360,31.221,96.520,23.393,73.127,6.420,0.000,0.000,0.000,0.000,42.0,
17.11.2025,13:0:30.686,20.391,26.825,19.296,3.066,250.0,250.0,79.204,23.613,8.843,73.806,51.012,31.635,19.377,31.246,6.974,0.707,6.267,6.259,0.000,0.000,0.000,0.000,42.0,
17.11.2025,13:0:31.685,19.032,27.352,19.825,3.061,250.0,250.0,82.857,44.529,8.831,74.253,51.283,31.795,19.488,31.406,110.893,29.815,81.078,6.446,0.000,0.000,0.000,0.000,42.0,
17.11.2025,13:0:32.686,17.672,26.538,19.044,3.077,250.0,250.0,79.090,23.693,8.795,74.142,51.189,31.737,19.452,31.360,6.999,0.714,6.285,6.259,0.000,0.000,0.000,0.000,42.0,
17.11.2025,13:0:33.687,19.032,28.201,20.691,3.048,250.0,250.0,82.552,55.556,8.840,67.558,47.178,29.248,17.930,28.895,101.376,31.387,69.989,153.162,0.000,0.000,0.000,0.000,42.0,
17.11.2025,13:0:34.686,24.469,27.299,19.815,3.041,250.0,250.0,78.961,23.564,8.903,73.476,50.845,31.523,19.322,31.146,7.067,0.778,6.289,6.293,0.000,0.000,0.000,0.000,42.0,
17.11.2025,13:0:35.686,17.672,23.942,16.507,3.021,250.0,250.0,82.623,21.138,8.820,64.158,45.091,27.968,17.123,27.627,7.105,0.719,6.386,6.386,0.000,0.000,0.000,0.000,42.0,
17.11.2025,13:0:36.686,17.672,26.515,19.026,3.030,250.0,250.0,79.979,23.787,8.857,74.433,51.415,31.882,19.533,31.494,6.989,0.713,6.276,6.276,0.000,0.000,0.000,0.500,42.0,
17.11.2025,13:0:37.685,20.391,25.813,18.327,3.055,250.0,250.0,83.294,23.648,8.844,73.845,51.038,31.651,19.387,31.275,7.072,0.775,6.297,6.293,0.000,0.000,0.000,0.000,42.0,
17.11.2025,13:0:38.684,16.313,26.312,18.882,3.032,250.0,250.0,81.147,70.759,8.868,96.153,64.777,40.165,24.612,39.692,63.586,23.245,40.341,306.148,0.000,0.000,0.000,0.000,42.0,
17.11.2025,13:0:39.683,17.672,26.959,19.446,3.059,250.0,250.0,80.750,23.778,8.823,74.403,51.374,31.862,19.512,31.473,7.032,0.760,6.272,6.267,0.000,0.000,0.000,0.000,42.0,
17.11.2025,13:0:40.680,27.188,24.281,16.797,3.043,250.0,250.0,82.934,47.341,8.846,74.252,51.299,31.812,19.487,31.423,124.901,34.568,90.333,6.489,0.000,0.000,0.000,0.000,42.0,
17.11.2025,13:0:41.681,19.032,28.063,20.586,3.036,250.0,250.0,79.698,23.483,8.796,73.373,50.715,31.452,19.263,31.076,6.953,0.703,6.250,6.250,0.000,0.000,0.000,0.000,42.0,
17.11.2025,13:0:42.686,17.672,26.576,19.113,3.025,250.0,250.0,82.141,26.562,8.857,73.499,50.829,31.516,19.313,31.139,22.060,2.967,19.093,6.343,0.000,0.000,0.000,0.000,42.0,
17.11.2025,13:0:43.682,17.672,27.473,19.973,3.051,250.0,250.0,78.739,23.573,8.844,73.634,50.911,31.563,19.348,31.186,6.985,0.718,6.267,6.276,0.000,0.000,0.000,0.000,42.0,
17.11.2025,13:0:44.680,17.672,26.223,18.794,3.021,250.0,250.0,82.189,29.631,8.785,71.623,49.636,30.781,18.855,30.416,39.748,14.019,25.729,6.718,0.000,0.000,0.000,0.000,42.0,
17.11.2025,13:0:45.687,16.313,26.956,19.454,3.051,250.0,250.0,79.127,23.697,8.747,74.152,51.174,31.730,19.444,31.354,7.024,0.714,6.310,6.318,0.000,0.000,0.000,0.000,42.0,
17.11.2025,13:0:46.687,19.032,28.261,20.776,3.012,250.0,250.0,82.679,23.749,8.746,74.136,51.150,31.715,19.435,31.338,7.361,0.745,6.616,6.250,0.000,0.000,0.000,0.000,42.0,
17.11.2025,13:0:47.685,23.110,24.338,16.857,3.058,250.0,250.0,78.754,24.203,8.822,76.046,52.375,32.482,19.893,32.094,6.996,0.720,6.276,6.327,0.000,0.000,0.000,0.000,42.0,
17.11.2025,13:0:48.686,17.672,25.519,18.027,3.032,250.0,250.0,82.608,72.411,8.794,65.908,46.121,28.604,17.517,28.264,30.513,9.312,21.201,467.873,0.000,0.000,0.000,0.000,42.0,
17.11.2025,13:0:49.679,19.032,24.911,17.491,3.028,250.0,250.0,78.946,23.795,8.818,74.495,51.434,31.891,19.543,31.515,6.986,0.719,6.267,6.285,0.000,0.000,0.000,0.000,42.0,
17.11.2025,13:0:50.687,19.032,25.229,17.708,3.044,250.0,250.0,82.588,24.970,8.883,72.710,50.360,31.235,19.125,30.858,15.094,1.973,13.121,6.343,0.000,0.000,0.000,0.000,42.0,
17.11.2025,13:0:51.684,14.953,27.637,20.125,3.079,250.0,250.0,81.375,18.415,8.852,53.604,38.644,23.962,14.682,23.681,7.236,0.773,6.463,6.250,0.000,0.000,0.000,0.000,42.0,
17.11.2025,13:0:52.684,17.672,26.578,19.118,3.053,250.0,250.0,80.471,24.390,8.873,76.664,52.810,32.746,20.064,32.345,7.054,0.761,6.293,6.293,0.000,0.000,0.000,0.000,42.0,
17.11.2025,13:0:53.681,21.750,27.405,19.882,3.084,250.0,250.0,83.345,23.647,8.787,74.020,51.109,31.694,19.415,31.317,6.945,0.703,6.242,6.242,0.000,0.000,0.000,0.000,42.0,
17.11.2025,13:0:54.682,21.750,27.925,20.452,3.055,250.0,250.0,80.041,25.753,8.835,75.817,52.252,32.399,19.853,32.010,15.009,1.958,13.051,6.343,0.000,0.000,0.000,0.000,42.0,
17.11.2025,13:0:55.687,19.032,27.655,20.130,3.038,250.0,250.0,83.727,19.348,8.776,57.145,40.773,25.285,15.488,24.980,7.258,0.736,6.522,6.522,0.000,0.000,0.000,2.375,42.0,
17.11.2025,13:0:56.678,31.266,26.528,19.081,3.036,250.0,250.0,80.194,23.925,8.835,74.926,51.703,32.057,19.646,31.680,7.059,0.774,6.285,6.285,0.000,0.000,0.000,0.000,42.0,
17.11.2025,13:0:57.687,16.313,26.734,19.249,3.045,250.0,250.0,83.405,23.997,8.905,75.216,51.936,32.205,19.731,31.816,6.953,0.703,6.250,6.250,0.000,0.000,0.000,0.375,42.0,
17.11.2025,13:0:58.687,21.750,25.154,17.638,3.044,250.0,250.0,80.238,24.136,8.868,75.749,52.231,32.394,19.837,32.005,6.997,0.712,6.285,6.285,0.000,0.000,0.000,0.000,42.0,
17.11.2025,13:0:59.686,17.672,29.528,22.003,3.126,250.0,250.0,83.171,23.886,8.921,74.751,51.672,32.040,19.632,31.651,6.966,0.707,6.259,6.259,0.000,0.000,0.000,0.000,42.0,
17.11.2025,13:1:0.685,17.672,27.158,19.594,3.134,250.0,250.0,79.929,24.021,8.898,75.066,51.836,32.137,19.699,31.748,7.247,0.848,6.399,6.335,0.000,0.000,0.000,2.500,42.0,
17.11.2025,13:1:1.686,31.266,29.246,21.595,3.155,250.0,250.0,79.706,23.535,8.847,73.489,50.839,31.517,19.322,31.140,6.968,0.709,6.259,6.259,0.001,0.000,0.000,0.000,42.0,
17.11.2025,13:1:2.686,16.313,27.404,19.921,3.032,250.0,250.0,83.097,29.802,8.813,75.548,52.074,32.293,19.781,31.904,35.618,4.824,30.794,6.369,0.000,0.003,0.000,0.000,42.0,
17.11.2025,13:1:3.685,35.344,27.549,20.075,3.064,250.0,250.0,79.775,23.863,8.795,74.794,51.599,31.990,19.609,31.601,6.986,0.719,6.267,6.267,0.000,0.000,0.000,0.000,42.0,
17.11.2025,13:1:4.686,17.672,26.257,18.732,3.062,250.0,250.0,82.448,44.290,8.779,68.727,47.864,29.681,18.183,29.316,117.004,33.433,83.571,6.343,0.000,0.000,0.000,0.000,42.0,
17.11.2025,13:1:5.685,19.032,27.743,20.222,3.106,250.0,250.0,79.875,24.008,8.786,75.348,51.932,32.194,19.738,31.805,6.998,0.713,6.285,6.285,0.000,0.000,0.000,0.000,42.0,
17.11.2025,13:1:6.686,23.110,26.805,19.277,3.074,250.0,250.0,81.087,23.950,8.786,75.092,51.786,32.105,19.681,31.716,7.023,0.763,6.260,6.285,0.000,0.000,0.000,0.000,42.0,
17.11.2025,13:1:7.689,16.313,26.335,18.825,3.040,250.0,250.0,79.225,33.499,8.770,68.621,47.794,29.630,18.164,29.277,63.185,11.354,51.831,6.361,0.000,0.000,0.000,0.000,42.0,
17.11.2025,13:1:8.687,27.188,26.017,18.534,3.040,250.0,250.0,77.295,22.500,8.782,69.524,48.350,29.980,18.370,29.628,7.026,0.716,6.310,6.310,0.000,0.000,0.000,0.000,42.0,
17.11.2025,13:1:9.678,16.313,27.223,19.764,3.024,250.0,250.0,77.856,22.430,8.797,69.247,48.202,29.885,18.317,29.520,7.023,0.721,6.302,6.285,0.000,0.000,0.000,0.000,42.0,
17.11.2025,13:1:10.686,20.391,24.816,17.372,3.045,250.0,250.0,77.575,22.387,8.848,69.083,48.120,29.838,18.282,29.485,6.975,0.708,6.267,6.267,0.000,0.000,0.000,0.000,42.0,
17.11.2025,13:1:11.686,21.750,25.759,18.326,3.022,250.0,250.0,77.445,44.052,8.873,68.399,47.721,29.591,18.130,29.238,116.085,32.986,83.099,6.403,0.000,0.000,0.000,0.000,42.0,
17.11.2025,13:1:12.679,19.032,26.964,19.551,3.000,250.0,250.0,71.416,22.028,8.837,67.416,47.092,29.204,17.888,28.851,7.379,0.746,6.633,6.234,0.000,0.000,0.000,0.000,42.0,
17.11.2025,13:1:13.685,24.469,25.127,17.733,2.972,250.0,250.0,74.095,22.457,8.910,69.325,48.317,29.957,18.360,29.592,6.937,0.703,6.234,6.234,0.001,0.000,0.000,0.000,42.0,
17.11.2025,13:1:14.686,19.032,30.769,22.850,3.422,250.0,250.0,69.648,13.542,8.826,35.223,27.326,16.951,10.375,16.743,6.904,0.714,6.190,6.165,0.000,0.000,0.000,0.000,42.0,
17.11.2025,13:1:15.685,38.063,24.853,16.764,3.424,250.0,250.0,69.301,34.438,8.953,85.151,58.194,36.080,22.114,35.642,42.560,16.790,25.770,13.127,0.000,0.002,0.000,0.000,42.0,
17.11.2025,13:1:16.684,21.750,29.340,21.514,3.129,250.0,250.0,107.182,31.116,8.934,97.949,66.039,40.947,25.092,40.460,10.889,0.950,9.939,9.959,0.001,0.000,0.000,0.000,42.0,
17.11.2025,13:1:17.684,20.391,25.922,18.423,3.082,250.0,250.0,100.724,39.092,8.792,77.020,52.988,32.856,20.132,32.467,79.826,16.020,63.806,7.015,0.000,0.000,0.000,0.000,42.0,
17.11.2025,13:1:18.682,19.032,28.041,20.453,3.139,250.0,250.0,81.637,24.117,8.836,75.268,51.916,32.195,19.721,31.806,7.407,0.786,6.621,6.619,0.000,0.000,0.000,0.000,42.0,
17.11.2025,13:1:19.683,24.469,25.515,17.978,3.086,250.0,250.0,84.317,23.996,8.813,75.143,51.839,32.139,19.700,31.750,7.114,0.767,6.347,6.343,0.000,0.000,0.000,0.000,42.0,
17.11.2025,13:1:20.683,16.313,25.812,18.230,3.131,250.0,250.0,80.500,24.066,8.848,75.478,52.045,32.277,19.768,31.888,7.047,0.785,6.262,6.259,0.000,0.000,0.000,0.000,42.0,
17.11.2025,13:1:21.686,19.032,28.034,20.502,3.089,250.0,250.0,82.934,24.230,8.844,76.054,52.412,32.502,19.910,32.113,7.076,0.763,6.313,6.310,0.000,0.000,0.000,0.000,42.0,
17.11.2025,13:1:22.685,20.391,26.150,18.692,3.056,250.0,250.0,83.033,53.860,8.833,64.881,45.510,28.213,17.297,27.873,7.182,0.728,6.454,331.625,0.000,0.000,0.000,0.000,42.0,
17.11.2025,13:1:23.680,19.032,28.096,20.595,3.060,250.0,250.0,80.059,23.803,8.880,74.442,51.449,31.900,19.549,31.511,7.003,0.710,6.293,6.293,0.000,0.000,0.000,0.000,42.0,
17.11.2025,13:1:24.686,19.032,25.635,18.145,3.038,250.0,250.0,83.420,39.466,8.763,73.369,50.697,31.440,19.257,31.063,86.840,18.614,68.226,6.386,0.000,0.000,2.125,0.000,42.0,
17.11.2025,13:1:25.685,16.313,25.247,17.702,3.106,250.0,250.0,79.837,23.668,8.810,74.035,51.137,31.713,19.424,31.324,6.983,0.707,6.276,6.276,0.000,0.000,0.000,0.000,42.0,
17.11.2025,13:1:26.686,19.032,26.122,18.617,3.058,250.0,250.0,83.059,23.732,8.855,73.974,51.135,31.712,19.423,31.323,7.267,0.857,6.410,6.361,0.000,0.000,0.000,0.000,42.0,
17.11.2025,13:1:27.686,17.672,25.230,17.757,3.021,250.0,250.0,79.362,23.687,8.898,74.002,51.181,31.733,19.448,31.356,6.989,0.713,6.276,6.276,0.001,0.000,0.000,0.000,42.0,
17.11.2025,13:1:28.686,17.672,26.484,18.994,3.048,250.0,250.0,82.648,39.028,8.872,73.102,50.598,31.378,19.220,30.989,84.865,17.983,66.882,6.386,0.000,0.000,0.000,0.000,42.0,
17.11.2025,13:1:29.686,17.672,25.855,18.372,3.033,250.0,250.0,78.907,26.979,8.859,86.658,58.938,36.551,22.387,36.114,6.999,0.714,6.285,6.285,0.000,0.000,0.000,0.000,42.0,
17.11.2025,13:1:30.686,17.672,25.855,18.372,3.033,250.0,250.0,83.376,38.541,8.809,67.282,46.984,29.134,17.850,28.782,43.924,16.029,27.895,98.720,0.000,0.000,0.000,0.000,42.0,
17.11.2025,13:1:31.684,24.469,25.310,17.869,3.056,250.0,250.0,79.323,23.543,8.798,73.452,50.758,31.473,19.285,31.097,7.113,0.782,6.331,6.335,0.000,0.000,0.000,0.000,42.0,
17.11.2025,13:1:32.684,19.032,28.644,21.151,3.050,250.0,250.0,81.869,17.862,8.784,51.502,37.298,23.131,14.167,22.851,7.311,0.803,6.508,6.267,0.001,0.000,0.000,0.000,42.0,
17.11.2025,13:1:33.680,17.672,25.641,18.129,3.051,250.0,250.0,78.662,23.388,8.845,72.805,50.392,31.241,19.151,30.865,7.119,0.780,6.339,6.343,0.000,0.000,0.000,0.000,42.0,
17.11.2025,13:1:34.686,33.985,25.222,17.736,3.053,250.0,250.0,78.576,23.819,8.808,74.604,51.493,31.926,19.567,31.537,6.983,0.716,6.267,6.285,0.000,0.000,0.000,0.000,42.0,
17.11.2025,13:1:35.679,19.032,25.723,18.260,3.034,250.0,250.0,82.513,47.294,8.896,74.121,51.239,31.777,19.462,31.388,124.773,34.534,90.239,6.514,0.000,0.000,0.000,0.000,42.0,
17.11.2025,13:1:36.683,21.750,26.589,19.100,3.057,250.0,250.0,78.833,23.792,8.883,74.356,51.401,31.872,19.529,31.482,7.050,0.762,6.288,6.302,0.000,0.000,0.000,0.000,42.0,
17.11.2025,13:1:37.685,19.032,28.099,20.596,3.051,250.0,250.0,82.450,15.162,8.799,41.147,30.939,19.191,11.748,18.959,7.294,0.738,6.556,6.250,0.000,0.000,0.000,0.000,42.0,
17.11.2025,13:1:38.686,17.672,25.796,18.295,3.070,250.0,250.0,78.260,38.898,8.773,73.335,50.687,31.434,19.253,31.045,84.028,17.817,66.211,6.394,0.000,0.000,0.000,0.000,42.0,
17.11.2025,13:1:39.685,16.313,25.983,18.498,3.047,250.0,250.0,78.868,23.521,8.761,73.536,50.793,31.496,19.297,31.107,6.974,0.707,6.267,6.267,0.000,0.000,0.000,0.000,42.0,
17.11.2025,13:1:40.682,27.188,25.911,18.403,3.070,250.0,250.0,82.081,26.194,8.752,73.187,50.565,31.360,19.205,30.983,20.763,2.825,17.938,6.361,0.001,0.000,0.000,0.000,42.0,
17.11.2025,13:1:41.686,17.672,26.902,19.362,3.104,250.0,250.0,79.685,23.643,8.795,73.932,51.071,31.673,19.398,31.284,6.998,0.713,6.285,6.285,0.000,0.000,0.000,0.000,42.0,
17.11.2025,13:1:42.681,19.032,26.648,19.149,3.089,250.0,250.0,81.875,33.577,8.795,74.217,51.229,31.768,19.461,31.379,56.278,8.106,48.172,6.369,0.000,0.000,0.000,0.000,42.0,
17.11.2025,13:1:43.680,17.672,24.277,16.738,3.086,250.0,250.0,78.769,23.701,8.793,74.106,51.164,31.728,19.436,31.339,7.060,0.725,6.335,6.327,0.000,0.000,0.000,0.000,42.0,
17.11.2025,13:1:44.679,17.672,25.979,18.477,3.077,250.0,250.0,81.764,62.922,8.795,55.070,39.485,24.477,15.008,24.185,46.337,17.116,29.221,369.522,0.000,0.000,0.000,0.500,42.0,
17.11.2025,13:1:45.680,17.672,26.172,18.673,3.066,250.0,250.0,79.073,23.696,8.855,74.018,51.158,31.720,19.438,31.331,7.051,0.716,6.335,6.335,0.000,0.000,0.000,0.000,42.0,
17.11.2025,13:1:46.681,19.032,25.630,18.094,3.078,250.0,250.0,79.073,23.696,8.855,74.018,51.158,31.720,19.438,31.331,7.051,0.716,6.335,6.335,0.000,0.000,0.000,0.000,42.0,
17.11.2025,13:1:47.679,17.672,25.315,17.834,3.049,250.0,250.0,82.189,23.539,8.822,73.521,50.830,31.517,19.313,31.140,6.985,0.709,6.276,6.276,0.000,0.000,0.000,0.000,42.0,
17.11.2025,13:1:48.686,16.313,25.953,18.488,3.048,250.0,250.0,78.399,23.551,8.769,73.427,50.733,31.465,19.268,31.088,7.205,0.807,6.398,6.352,0.000,0.000,0.000,0.000,42.0,
17.11.2025,13:1:49.693,27.188,25.291,17.779,3.053,250.0,250.0,81.749,23.695,8.800,74.137,51.208,31.751,19.457,31.374,6.976,0.709,6.267,6.267,0.000,0.000,0.000,0.000,42.0,
17.11.2025,13:1:50.685,17.672,25.472,17.956,3.056,250.0,250.0,78.240,23.642,8.812,73.862,51.036,31.645,19.391,31.269,7.041,0.714,6.327,6.327,0.000,0.000,0.000,0.000,42.0,
17.11.2025,13:1:51.681,20.391,26.513,19.070,3.042,250.0,250.0,82.092,23.736,8.844,74.262,51.297,31.804,19.493,31.427,6.974,0.707,6.267,6.285,0.000,0.000,0.000,0.000,42.0,
17.11.2025,13:1:52.686,23.110,25.577,18.111,3.016,250.0,250.0,78.668,23.567,8.819,73.576,50.848,31.529,19.319,31.152,7.033,0.715,6.318,6.361,0.000,0.000,0.000,0.000,42.0,
17.11.2025,13:1:53.687,20.391,25.712,18.212,3.048,250.0,250.0,82.002,24.112,8.812,75.689,52.175,32.356,19.819,31.955,6.996,0.720,6.276,6.318,0.000,0.000,2.125,0.000,42.0,
17.11.2025,13:1:54.686,25.829,26.185,18.727,3.055,250.0,250.0,79.467,35.745,8.762,73.058,50.529,31.332,19.197,30.955,67.782,24.686,43.096,8.056,0.000,0.000,0.000,0.000,42.0,
17.11.2025,13:1:55.679,23.110,24.779,17.226,3.092,250.0,250.0,79.269,23.590,8.767,73.723,50.927,31.579,19.348,31.191,7.014,0.712,6.302,6.335,0.000,0.000,0.000,0.000,42.0,
17.11.2025,13:1:56.683,20.391,25.962,18.479,3.060,250.0,250.0,81.977,50.902,8.778,62.549,44.056,27.316,16.740,26.988,59.753,22.204,37.549,203.088,0.001,0.000,0.000,0.000,42.0,
17.11.2025,13:1:57.678,13.594,26.363,18.863,3.086,250.0,250.0,79.202,23.781,8.831,74.376,51.372,31.862,19.510,31.473,7.029,0.719,6.310,6.327,0.000,0.000,0.000,0.000,42.0,
17.11.2025,13:1:58.686,20.391,26.865,19.340,3.076,250.0,250.0,80.498,30.792,8.809,54.676,39.245,24.338,14.907,24.033,26.787,7.463,19.324,88.339,0.000,0.000,0.000,0.000,42.0,
17.11.2025,13:1:59.679,16.313,25.662,18.094,3.103,250.0,250.0,78.859,23.880,8.906,74.078,51.226,31.764,19.462,31.387,7.795,1.025,6.770,6.386,0.000,0.000,0.000,0.000,42.0,
17.11.2025,13:2:0.687,23.110,25.389,17.863,3.095,250.0,250.0,78.458,23.744,8.857,74.251,51.307,31.810,19.497,31.421,7.003,0.710,6.293,6.293,0.000,0.000,0.000,0.000,42.0,
17.11.2025,13:2:1.688,20.391,26.150,18.550,3.124,250.0,250.0,82.774,14.355,8.782,37.922,28.969,17.958,11.011,17.738,7.303,0.738,6.565,6.565,0.000,0.000,0.000,0.000,42.0,
17.11.2025,13:2:2.687,28.547,27.322,19.800,3.079,250.0,250.0,79.211,30.662,8.761,74.936,51.674,32.035,19.639,31.646,40.764,5.533,35.231,6.403,0.000,0.000,0.000,0.000,42.0,
17.11.2025,13:2:3.686,19.032,26.710,19.190,3.086,250.0,250.0,79.375,23.957,8.787,75.138,51.803,32.125,19.678,31.736,7.003,0.710,6.293,6.293,0.000,0.000,0.000,0.000,42.0,
17.11.2025,13:2:4.686,20.391,25.545,18.077,3.061,250.0,250.0,82.130,46.950,8.822,74.668,51.527,31.949,19.578,31.572,122.471,34.038,88.433,6.446,0.000,0.000,0.000,0.000,42.0,
17.11.2025,13:2:5.686,21.750,25.792,18.260,3.089,250.0,250.0,79.528,24.320,8.823,76.411,52.620,32.632,19.988,32.243,7.088,0.777,6.311,6.310,0.000,0.000,0.000,0.000,42.0,
17.11.2025,13:2:6.679,16.313,26.096,18.567,3.079,250.0,250.0,83.138,34.599,8.812,74.782,51.607,31.997,19.610,31.608,60.554,9.056,51.498,6.463,0.000,0.000,0.000,0.000,42.0,
17.11.2025,13:2:7.687,16.313,27.896,20.337,3.090,250.0,250.0,80.150,22.033,8.779,67.618,47.208,29.271,17.937,28.919,7.106,0.720,6.386,6.386,0.000,0.000,0.000,0.000,42.0,
17.11.2025,13:2:8.687,17.672,25.660,18.111,3.100,250.0,250.0,82.170,23.695,8.803,73.769,50.971,31.608,19.363,31.232,7.402,0.908,6.494,6.403,0.000,0.000,0.000,0.000,42.0,
17.11.2025,13:2:9.680,24.469,23.037,15.583,3.058,250.0,250.0,76.803,22.217,8.816,68.408,47.687,29.563,18.124,29.210,7.032,0.722,6.310,6.302,0.000,0.000,0.000,0.000,42.0,
17.11.2025,13:2:10.682,16.313,26.249,18.796,3.008,250.0,250.0,77.372,38.011,8.766,88.787,60.161,37.312,22.849,36.863,7.020,0.744,6.276,111.337,0.000,0.000,0.000,0.000,42.0,
17.11.2025,13:2:11.686,19.032,24.749,17.292,3.048,250.0,250.0,80.720,42.707,8.720,69.230,48.142,29.850,18.292,29.486,108.475,30.568,77.907,6.394,0.000,0.000,0.000,0.000,42.0,
17.11.2025,13:2:12.678,20.391,26.356,18.908,3.052,250.0,250.0,77.514,22.239,8.734,68.599,47.756,29.616,18.140,29.251,7.003,0.710,6.293,6.293,0.000,0.000,0.000,0.000,42.0,
17.11.2025,13:2:13.682,14.953,26.787,19.339,3.047,250.0,250.0,76.569,22.282,8.730,68.756,47.848,29.671,18.177,29.307,6.998,0.713,6.285,6.335,0.000,0.003,0.000,0.000,42.0,
17.11.2025,13:2:14.686,27.188,26.508,19.117,2.933,250.0,250.0,73.972,41.083,8.754,68.381,47.622,29.528,18.094,29.176,101.408,28.417,72.991,6.463,0.000,0.000,0.000,0.000,42.0,
17.11.2025,13:2:15.688,38.063,26.428,19.029,2.975,250.0,250.0,73.764,22.022,8.716,38.532,29.245,18.137,11.108,17.918,7.122,0.719,6.403,82.322,0.000,0.000,0.000,0.000,42.0,
17.11.2025,13:2:16.687,23.110,29.190,21.235,3.457,250.0,250.0,71.747,13.317,8.716,34.416,26.754,16.587,10.167,16.392,6.970,0.720,6.250,6.199,0.000,0.000,0.000,0.000,42.0,
17.11.2025,13:2:17.687,29.907,25.705,17.859,3.369,250.0,250.0,57.927,23.438,8.721,73.240,50.604,31.371,19.233,30.994,6.966,0.707,6.259,6.285,0.000,0.000,0.000,0.000,42.0,
17.11.2025,13:2:18.687,25.829,27.043,19.513,3.102,250.0,250.0,81.886,23.552,8.779,64.363,45.184,28.015,17.169,27.674,15.116,3.312,11.804,14.109,0.001,0.000,0.000,0.000,42.0,
17.11.2025,13:2:19.686,14.953,27.156,19.634,3.073,250.0,250.0,79.071,23.384,8.781,72.855,50.395,31.248,19.147,30.871,7.096,0.781,6.315,6.352,0.000,0.000,0.000,0.000,42.0,
17.11.2025,13:2:20.687,17.672,27.069,19.548,3.090,250.0,250.0,79.714,24.066,8.846,75.486,52.052,32.279,19.773,31.877,7.038,0.762,6.276,6.276,0.000,0.000,2.250,0.000,42.0,
17.11.2025,13:2:21.686,23.110,27.009,19.413,3.094,250.0,250.0,82.538,27.539,8.857,73.959,51.128,31.703,19.425,31.314,26.288,3.405,22.883,6.429,0.000,0.000,0.000,0.000,42.0,
17.11.2025,13:2:22.686,17.672,25.675,18.211,3.066,250.0,250.0,79.899,23.554,8.904,73.464,50.843,31.529,19.314,31.153,7.015,0.713,6.302,6.302,0.000,0.000,0.000,0.000,42.0,
17.11.2025,13:2:23.684,14.953,26.428,18.939,3.055,250.0,250.0,82.492,26.997,8.857,73.286,50.726,31.454,19.272,31.065,24.425,3.185,21.240,6.463,0.000,0.000,0.000,0.000,42.0,
17.11.2025,13:2:24.686,17.672,24.353,16.837,3.083,250.0,250.0,78.928,23.925,8.855,74.888,51.718,32.071,19.647,31.682,7.037,0.719,6.318,6.318,0.000,0.000,0.000,0.000,42.0,
17.11.2025,13:2:25.686,16.313,25.990,18.464,3.081,250.0,250.0,82.870,36.905,8.758,60.793,42.975,26.651,16.324,26.335,57.111,20.807,36.304,72.991,0.000,0.000,0.000,2.625,42.0,
17.11.2025,13:2:26.686,17.672,27.792,20.250,3.083,250.0,250.0,80.479,23.681,8.807,73.997,51.111,31.697,19.414,31.308,7.088,0.782,6.306,6.302,0.000,0.000,2.125,0.000,42.0,
17.11.2025,13:2:27.687,19.032,25.644,18.147,3.050,250.0,250.0,82.234,23.613,8.828,73.714,50.965,31.607,19.358,31.218,7.079,0.718,6.361,6.285,0.000,0.000,0.000,0.000,42.0,
17.11.2025,13:2:28.686,17.672,27.399,19.826,3.099,250.0,250.0,80.602,26.495,8.805,73.392,50.727,31.449,19.278,31.072,21.880,2.913,18.967,6.463,0.000,0.000,2.125,0.000,42.0,
17.11.2025,13:2:29.686,20.391,25.174,17.715,3.063,250.0,250.0,79.190,23.663,8.804,73.987,51.102,31.691,19.411,31.302,7.009,0.716,6.293,6.310,0.000,0.000,0.000,0.000,42.0,
17.11.2025,13:2:30.686,20.391,25.405,17.867,3.083,250.0,250.0,82.769,47.600,8.854,75.354,51.999,32.247,19.752,31.858,124.729,34.307,90.422,6.480,0.000,0.000,0.000,0.000,42.0,
17.11.2025,13:2:31.685,19.032,27.356,19.819,3.080,250.0,250.0,79.218,23.627,8.819,73.811,51.013,31.631,19.382,31.242,7.015,0.713,6.302,6.343,0.000,0.000,0.000,0.000,42.0,
17.11.2025,13:2:32.686,24.469,27.406,19.951,3.062,250.0,250.0,82.719,23.500,8.794,73.404,50.734,31.454,19.280,31.077,6.984,0.708,6.276,6.285,0.000,0.000,0.000,0.000,42.0,
17.11.2025,13:2:33.685,28.547,27.492,19.934,3.090,250.0,250.0,79.216,44.297,8.783,75.410,51.960,32.219,19.741,31.830,108.261,29.047,79.214,6.505,0.001,0.000,0.000,0.000,42.0,
17.11.2025,13:2:34.687,13.594,26.653,19.116,3.076,250.0,250.0,79.966,23.815,8.821,74.575,51.467,31.913,19.554,31.536,6.999,0.714,6.285,6.285,0.000,0.000,0.000,0.000,42.0,
17.11.2025,13:2:35.684,12.235,23.912,16.474,3.050,250.0,250.0,83.348,15.445,8.753,42.349,31.671,19.637,12.034,19.393,7.167,0.729,6.438,6.276,0.000,0.000,0.000,0.000,42.0,
17.11.2025,13:2:36.683,25.829,25.649,18.109,3.051,250.0,250.0,80.037,47.230,8.853,73.505,50.835,31.517,19.318,31.140,125.339,34.669,90.670,6.454,0.000,0.000,0.000,0.000,42.0,
17.11.2025,13:2:37.681,21.750,27.981,20.510,3.033,250.0,250.0,79.997,24.102,8.870,75.573,52.126,32.324,19.802,31.935,7.037,0.719,6.318,6.318,0.000,0.000,0.000,0.000,42.0,
17.11.2025,13:2:38.680,20.391,25.156,17.649,3.083,250.0,250.0,83.634,45.408,8.840,72.692,50.332,31.205,19.127,30.829,117.294,33.541,83.753,6.471,0.000,0.000,0.000,0.000,42.0,
17.11.2025,13:2:39.679,19.032,26.233,18.758,3.028,250.0,250.0,79.681,23.580,8.795,73.614,50.881,31.554,19.327,31.165,7.060,0.717,6.343,6.343,0.000,0.000,0.000,0.000,42.0,
17.11.2025,13:2:40.686,17.672,26.579,19.071,3.074,250.0,250.0,83.088,20.125,8.751,60.276,42.671,26.462,16.209,26.145,7.152,0.723,6.429,6.429,0.000,0.000,0.000,0.000,42.0,
17.11.2025,13:2:41.679,24.469,26.037,18.547,3.064,250.0,250.0,79.700,47.473,8.771,74.778,51.569,31.981,19.588,31.592,125.009,34.553,90.456,6.438,0.000,0.000,0.000,0.000,42.0,
17.11.2025,13:2:42.686,19.032,24.739,17.207,3.057,250.0,250.0,79.966,24.109,8.856,75.587,52.140,32.325,19.815,31.936,7.050,0.723,6.327,6.327,0.000,0.000,0.000,0.000,42.0,
17.11.2025,13:2:43.687,19.032,27.361,19.892,3.046,250.0,250.0,83.190,47.433,8.870,74.355,51.365,31.853,19.512,31.476,125.176,34.545,90.631,6.547,0.000,0.000,0.000,0.000,42.0,
17.11.2025,13:2:44.687,16.313,25.983,18.530,3.079,250.0,250.0,79.594,23.826,9.026,74.346,51.464,31.906,19.558,31.517,7.052,0.717,6.335,6.335,0.000,0.000,0.000,0.000,42.0,
17.11.2025,13:2:45.679,16.313,27.992,20.478,3.054,250.0,250.0,83.320,23.522,8.954,73.330,50.787,31.496,19.291,31.119,6.983,0.707,6.276,6.276,0.000,0.000,0.000,0.000,42.0,
17.11.2025,13:2:46.686,17.672,27.020,19.500,3.067,250.0,250.0,80.030,44.196,8.941,73.702,50.996,31.624,19.372,31.247,109.831,29.703,80.128,6.412,0.000,0.000,0.000,0.000,42.0,
17.11.2025,13:2:47.685,17.672,25.677,18.213,3.063,250.0,250.0,79.726,47.348,8.834,73.921,51.086,31.683,19.403,31.294,125.387,34.760,90.627,6.480,0.000,0.000,0.000,0.000,42.0,
17.11.2025,13:2:48.686,19.032,26.544,18.973,3.107,250.0,250.0,81.116,23.769,8.846,74.208,51.267,31.791,19.476,31.415,7.136,0.724,6.412,6.412,0.000,0.000,0.000,0.000,42.0,
17.11.2025,13:2:49.686,16.313,25.539,18.071,3.078,250.0,250.0,82.788,23.771,8.796,74.402,51.354,31.850,19.504,31.462,7.022,0.720,6.302,6.302,0.000,0.000,0.000,0.000,42.0,
17.11.2025,13:2:50.684,20.391,25.275,17.699,3.131,250.0,250.0,82.898,47.438,8.807,74.498,51.437,31.893,19.544,31.504,125.082,34.465,90.617,6.530,0.000,0.000,0.000,0.000,42.0,
17.11.2025,13:2:51.680,17.672,25.928,18.389,3.069,250.0,250.0,80.361,24.017,8.856,75.236,51.933,32.198,19.735,31.809,7.032,0.722,6.310,6.335,0.000,0.000,0.000,0.000,42.0,
17.11.2025,13:2:52.692,20.391,25.492,17.951,3.133,250.0,250.0,79.623,24.023,8.898,75.269,51.969,32.218,19.751,31.829,6.995,0.710,6.285,6.310,0.000,0.000,0.000,0.000,42.0,
17.11.2025,13:2:53.685,20.391,26.916,19.372,3.115,250.0,250.0,83.765,39.318,8.846,75.276,51.917,32.193,19.724,31.804,83.497,17.596,65.901,6.429,0.000,0.000,0.000,0.000,42.0,
17.11.2025,13:2:54.679,16.313,26.703,19.133,3.113,250.0,250.0,80.025,23.560,8.881,73.508,50.842,31.521,19.321,31.145,7.033,0.723,6.310,6.318,0.000,0.000,0.000,0.000,42.0,
17.11.2025,13:2:55.686,14.953,26.955,19.458,3.058,250.0,250.0,83.221,47.847,8.882,75.906,52.339,32.461,19.878,32.072,125.232,34.646,90.586,6.471,0.000,0.000,0.000,0.000,42.0,
17.11.2025,13:2:56.694,16.313,26.167,18.608,3.100,250.0,250.0,79.643,23.712,8.836,74.096,51.196,31.743,19.453,31.354,7.051,0.716,6.335,6.343,0.000,0.000,0.000,1.125,42.0,
17.11.2025,13:2:57.695,19.032,25.589,18.082,3.085,250.0,250.0,81.145,19.136,8.812,56.452,40.354,25.019,15.335,24.727,7.184,0.730,6.454,6.293,0.000,0.000,0.000,0.000,42.0,
17.11.2025,13:2:58.699,35.344,27.166,19.608,3.127,250.0,250.0,80.883,23.640,8.844,73.802,51.017,31.634,19.383,31.245,7.068,0.725,6.343,6.343,0.000,0.000,0.000,0.000,42.0,
17.11.2025,13:2:59.697,21.750,25.705,18.192,3.080,250.0,250.0,82.225,34.401,8.844,75.221,51.909,32.178,19.731,31.789,58.940,21.622,37.318,6.454,0.000,0.000,0.000,0.000,42.0,
17.11.2025,13:3:0.694,19.032,27.378,19.822,3.093,250.0,250.0,79.545,23.501,8.831,73.253,50.674,31.421,19.253,31.044,7.090,0.763,6.327,6.352,0.000,0.000,0.000,0.000,42.0,
17.11.2025,13:3:1.708,20.391,26.345,18.825,3.112,250.0,250.0,81.787,16.812,8.786,47.617,34.919,21.654,13.265,21.385,7.105,0.719,6.386,6.285,0.000,0.000,0.000,2.375,42.0,
17.11.2025,13:3:2.708,19.032,26.428,18.910,3.077,250.0,250.0,79.403,23.480,8.808,73.180,50.602,31.377,19.225,31.000,7.128,0.781,6.347,6.352,0.000,0.000,0.000,0.000,42.0,
17.11.2025,13:3:3.695,23.110,26.482,18.968,3.080,250.0,250.0,82.097,20.983,8.775,63.655,44.747,27.746,17.001,27.417,7.066,0.714,6.352,6.352,0.000,0.000,0.000,0.375,42.0,
17.11.2025,13:3:4.694,17.672,27.118,19.607,3.059,250.0,250.0,78.731,23.766,8.821,74.256,51.272,31.791,19.481,31.415,7.133,0.768,6.365,6.361,0.000,0.000,0.000,0.000,42.0,
17.11.2025,13:3:5.705,21.750,26.283,18.791,3.072,250.0,250.0,78.618,23.929,8.868,74.866,51.695,32.052,19.643,31.663,7.089,0.762,6.327,6.327,0.000,0.000,0.000,0.000,42.0,
17.11.2025,13:3:6.707,14.953,25.891,18.365,3.091,250.0,250.0,82.419,47.167,8.895,73.464,50.838,31.529,19.309,31.152,125.017,34.519,90.498,6.446,0.000,0.000,0.000,0.000,42.0,
17.11.2025,13:3:7.708,16.313,25.997,18.459,3.083,250.0,250.0,79.448,23.812,8.894,74.381,51.400,31.869,19.531,31.480,7.117,0.779,6.338,6.335,0.000,0.000,0.000,2.375,42.0,
17.11.2025,13:3:8.705,19.032,25.731,18.233,3.070,250.0,250.0,82.116,29.266,8.902,75.806,52.243,32.392,19.851,32.004,7.247,0.954,6.293,56.970,0.000,0.000,0.000,0.000,42.0,
17.11.2025,13:3:9.703,19.032,25.795,18.254,3.083,250.0,250.0,79.142,23.581,8.808,73.584,50.866,31.540,19.326,31.151,7.099,0.763,6.336,6.335,0.000,0.000,0.000,0.000,42.0,
17.11.2025,13:3:10.699,19.032,25.795,18.254,3.083,250.0,250.0,81.136,38.816,8.739,67.955,47.362,29.361,18.001,29.008,90.598,23.397,67.201,6.539,0.000,0.000,0.000,0.000,42.0,
17.11.2025,13:3:11.707,27.188,25.880,18.305,3.124,250.0,250.0,76.609,22.177,8.809,68.198,47.544,29.487,18.057,29.134,7.090,0.729,6.361,6.361,0.000,0.000,0.000,0.000,42.0,
17.11.2025,13:3:12.695,21.750,25.077,17.589,3.030,250.0,250.0,77.012,22.297,8.813,68.741,47.903,29.701,18.202,29.336,6.994,0.709,6.285,6.285,0.000,0.000,0.000,0.000,42.0,
17.11.2025,13:3:13.706,23.110,24.306,16.835,3.052,250.0,250.0,80.339,22.158,8.812,67.950,47.407,29.391,18.016,29.038,7.300,0.753,6.547,6.369,0.000,0.000,0.000,0.000,42.0,
17.11.2025,13:3:14.697,19.032,23.700,16.205,3.069,250.0,250.0,76.904,40.563,8.820,68.045,47.463,29.433,18.030,29.068,99.125,27.597,71.528,6.522,0.000,0.000,0.000,0.000,42.0,
17.11.2025,13:3:15.702,17.672,26.219,18.708,3.035,250.0,250.0,73.648,27.701,8.784,58.824,41.751,25.892,15.859,25.576,42.117,15.319,26.798,16.085,0.000,0.000,0.000,0.000,42.0,
17.11.2025,13:3:16.699,21.750,25.757,18.363,2.999,250.0,250.0,73.220,15.437,8.804,42.109,31.549,19.560,11.989,19.328,7.387,0.745,6.642,6.259,0.000,0.000,0.125,0.000,42.0,
17.11.2025,13:3:17.694,24.469,25.968,18.497,3.036,250.0,250.0,73.048,13.969,8.772,36.799,28.261,17.518,10.743,17.311,7.028,0.718,6.310,6.234,0.000,0.000,0.000,1.250,42.0,
17.11.2025,13:3:18.708,20.391,32.329,24.271,3.563,250.0,250.0,59.701,23.647,8.852,73.855,51.061,31.660,19.401,31.283,7.038,0.761,6.277,6.285,0.000,0.000,0.000,0.000,42.0,
17.11.2025,13:3:19.706,23.110,30.599,22.867,3.257,250.0,250.0,82.565,29.620,8.873,73.349,50.753,31.473,19.280,31.084,37.381,4.956,32.425,6.624,0.000,0.000,0.000,0.000,42.0,
17.11.2025,13:3:20.704,19.032,26.227,18.715,3.074,250.0,250.0,79.213,23.935,8.847,74.935,51.735,32.074,19.661,31.685,7.049,0.763,6.286,6.310,0.000,0.000,0.000,0.000,42.0,
17.11.2025,13:3:21.699,20.391,26.899,19.351,3.064,250.0,250.0,82.913,37.446,8.935,73.832,51.094,31.683,19.411,31.306,75.903,27.262,48.641,6.394,0.000,0.000,0.000,0.000,42.0,
17.11.2025,13:3:22.713,21.750,26.842,19.344,3.054,250.0,250.0,79.733,23.808,8.888,74.277,51.337,31.828,19.509,31.451,7.218,0.862,6.356,6.352,0.000,0.000,0.000,0.000,42.0,
17.11.2025,13:3:23.713,21.750,25.396,17.955,3.016,250.0,250.0,83.336,30.748,8.871,73.173,50.642,31.406,19.236,31.029,43.366,5.730,37.636,6.386,0.000,0.000,0.000,0.000,42.0,
17.11.2025,13:3:24.711,19.032,25.548,18.064,3.053,250.0,250.0,82.443,15.347,8.801,41.890,31.405,19.480,11.925,19.249,7.151,0.731,6.420,6.420,0.000,0.000,0.000,0.000,42.0,
17.11.2025,13:3:25.727,31.266,27.658,20.113,3.076,250.0,250.0,79.217,23.671,8.910,73.745,51.027,31.643,19.384,31.254,7.185,0.804,6.381,6.378,0.000,0.000,0.000,0.000,42.0,
17.11.2025,13:3:26.741,17.672,26.943,19.496,3.051,250.0,250.0,82.286,26.871,8.818,52.490,37.896,23.499,14.397,23.219,7.030,0.712,6.318,94.330,0.000,0.000,0.000,0.000,42.0,
17.11.2025,13:3:27.726,17.672,25.408,17.875,3.088,250.0,250.0,79.339,27.108,8.860,73.139,50.600,31.383,19.217,31.006,25.128,3.263,21.865,6.624,0.000,0.000,0.000,0.000,42.0,
17.11.2025,13:3:28.735,16.313,27.561,20.047,3.069,250.0,250.0,78.227,23.689,8.860,73.958,51.140,31.706,19.434,31.329,7.058,0.715,6.343,6.343,0.001,0.000,0.000,0.000,42.0,
17.11.2025,13:3:29.728,19.032,25.987,18.501,3.067,250.0,250.0,82.717,23.656,8.921,73.438,50.836,31.515,19.321,31.138,7.458,0.886,6.572,6.480,0.000,0.000,0.000,0.000,42.0,
17.11.2025,13:3:30.739,14.953,27.220,19.708,3.069,250.0,250.0,82.112,22.780,9.005,70.349,49.031,30.395,18.636,30.029,7.023,0.713,6.310,6.310,0.000,0.000,0.000,0.000,42.0,
17.11.2025,13:3:31.736,19.032,27.198,19.652,3.079,250.0,250.0,80.307,24.026,8.992,75.064,51.896,32.174,19.722,31.785,7.137,0.781,6.356,6.352,0.001,0.000,0.000,0.000,42.0,
17.11.2025,13:3:32.736,29.907,26.851,19.360,3.064,250.0,250.0,82.644,33.770,8.971,82.984,56.715,35.174,21.541,34.749,6.994,0.709,6.285,83.574,0.000,0.000,0.000,0.000,42.0,
17.11.2025,13:3:33.733,21.750,25.145,17.637,3.068,250.0,250.0,79.249,25.342,8.935,74.067,51.233,31.763,19.470,31.386,15.033,1.957,13.076,6.497,0.000,0.000,0.000,0.000,42.0,
17.11.2025,13:3:34.730,21.750,26.669,19.187,3.050,250.0,250.0,79.249,25.342,8.935,74.067,51.233,31.763,19.470,31.386,15.033,1.957,13.076,6.497,0.000,0.000,0.000,0.000,42.0,
17.11.2025,13:3:35.741,16.313,27.412,19.904,3.073,250.0,250.0,82.930,21.063,8.826,63.975,44.979,27.888,17.091,27.559,7.013,0.711,6.302,6.285,0.000,0.000,0.000,0.000,42.0,
17.11.2025,13:3:36.736,33.985,25.564,18.055,3.080,250.0,250.0,78.896,23.549,8.872,73.419,50.796,31.502,19.294,31.113,7.069,0.726,6.343,6.352,0.000,0.000,0.000,0.000,42.0,
17.11.2025,13:3:37.738,29.907,28.529,20.999,3.077,250.0,250.0,82.298,39.715,8.967,73.456,50.876,31.547,19.329,31.170,87.748,29.692,58.056,6.310,0.000,0.000,0.000,0.000,42.0,
17.11.2025,13:3:38.738,17.672,26.591,19.102,3.043,250.0,250.0,78.609,23.362,8.946,72.644,50.361,31.224,19.137,30.847,7.061,0.726,6.335,6.343,0.000,0.000,1.000,0.000,42.0,
17.11.2025,13:3:39.727,14.953,26.641,19.164,3.044,250.0,250.0,82.355,32.895,8.906,72.427,50.196,31.134,19.062,30.757,55.073,20.146,34.927,6.318,0.000,0.000,0.000,0.000,42.0,
17.11.2025,13:3:40.739,16.313,28.106,20.607,3.078,250.0,250.0,82.731,23.677,8.910,73.944,51.142,31.711,19.431,31.322,7.002,0.709,6.293,6.310,0.000,0.000,0.000,0.000,42.0,
17.11.2025,13:3:41.739,17.672,25.879,18.381,3.057,250.0,250.0,79.215,47.542,8.948,75.300,52.017,32.261,19.756,31.872,124.256,34.310,89.946,6.751,0.000,0.000,0.000,0.000,42.0,
17.11.2025,13:3:42.740,24.469,26.931,19.417,3.068,250.0,250.0,79.811,23.552,8.898,73.410,50.808,31.509,19.299,31.120,7.061,0.726,6.335,6.352,0.000,0.000,0.000,0.000,42.0,
17.11.2025,13:3:43.737,19.032,27.192,19.752,3.064,250.0,250.0,83.052,47.449,8.873,74.357,51.369,31.855,19.514,31.478,125.230,34.663,90.567,6.582,0.000,0.000,0.000,0.000,42.0,
17.11.2025,13:3:44.736,20.391,27.032,19.564,3.051,250.0,250.0,81.676,23.993,8.946,75.084,51.873,32.162,19.711,31.773,7.031,0.713,6.318,6.318,0.000,0.000,0.000,0.000,42.0,
17.11.2025,13:3:45.736,19.032,26.809,19.289,3.052,250.0,250.0,79.810,47.059,8.955,72.963,50.551,31.347,19.204,30.970,124.926,34.486,90.440,6.743,0.000,0.000,0.000,0.000,42.0,
17.11.2025,13:3:46.736,25.829,26.613,19.101,3.083,250.0,250.0,79.860,23.620,8.941,73.676,50.993,31.621,19.372,31.232,7.024,0.714,6.310,6.318,0.000,0.000,0.000,0.000,42.0,
17.11.2025,13:3:47.736,14.953,26.904,19.386,3.064,250.0,250.0,79.757,29.331,8.847,64.868,45.511,28.221,17.290,27.880,7.272,0.962,6.310,86.150,0.000,0.000,0.000,0.000,42.0,
17.11.2025,13:3:48.733,19.032,26.104,18.596,3.090,250.0,250.0,81.099,23.839,8.873,74.555,51.485,31.925,19.560,31.548,7.055,0.720,6.335,6.335,0.000,0.000,0.000,0.000,42.0,
17.11.2025,13:3:49.731,19.032,28.169,20.666,3.099,250.0,250.0,83.108,43.674,8.936,76.615,52.825,32.756,20.069,32.354,103.215,26.643,76.572,6.760,0.000,0.000,1.125,0.000,42.0,
17.11.2025,13:3:50.732,36.704,25.319,17.821,3.047,250.0,250.0,78.986,21.938,8.898,67.224,47.038,29.175,17.863,28.822,7.024,0.714,6.310,6.310,0.001,0.000,0.000,0.000,42.0,
17.11.2025,13:3:51.731,19.032,24.782,17.283,3.068,250.0,250.0,82.645,24.257,9.055,75.943,52.481,32.547,19.934,32.146,7.060,0.717,6.343,6.343,0.000,0.000,0.000,0.000,42.0,
17.11.2025,13:3:52.731,27.188,27.652,20.148,3.079,250.0,250.0,82.798,46.335,9.016,74.104,51.326,31.829,19.497,31.440,119.890,33.943,85.947,6.361,0.000,0.000,0.000,0.000,42.0,
17.11.2025,13:3:53.733,17.672,26.257,18.726,3.074,250.0,250.0,79.920,24.058,9.068,75.159,52.004,32.248,19.756,31.859,7.069,0.717,6.352,6.352,0.000,0.000,0.000,0.000,42.0,
17.11.2025,13:3:54.731,24.469,26.293,18.789,3.050,250.0,250.0,78.875,21.134,8.945,64.125,45.146,27.996,17.150,27.655,7.013,0.711,6.302,6.302,0.000,0.000,0.000,0.000,42.0,
17.11.2025,13:3:55.735,19.032,25.321,17.833,3.051,250.0,250.0,82.637,24.334,9.030,76.027,52.503,32.550,19.953,32.161,7.344,0.865,6.479,6.429,0.000,0.000,0.000,0.000,42.0,
17.11.2025,13:3:56.735,23.110,26.824,19.363,3.044,250.0,250.0,79.659,23.814,8.945,74.395,51.427,31.894,19.533,31.505,7.051,0.716,6.335,6.335,0.000,0.000,0.000,0.000,42.0,
17.11.2025,13:3:57.737,17.672,27.573,20.060,3.062,250.0,250.0,82.402,45.969,8.941,74.714,51.630,32.013,19.617,31.636,117.238,33.380,83.858,6.667,0.000,0.000,0.000,0.000,42.0,
17.11.2025,13:3:58.736,29.907,26.291,18.868,3.041,250.0,250.0,79.658,23.935,8.970,74.815,51.711,32.062,19.649,31.685,7.059,0.716,6.343,6.343,0.000,0.000,0.000,0.000,42.0,
17.11.2025,13:3:59.732,19.032,28.282,20.764,3.075,250.0,250.0,79.948,23.924,8.982,74.789,51.712,32.071,19.641,31.682,7.024,0.714,6.310,6.310,0.000,0.000,0.000,0.000,42.0,
17.11.2025,13:4:0.732,31.266,26.844,19.294,3.086,250.0,250.0,83.060,24.225,9.067,75.710,52.325,32.443,19.882,32.054,7.154,0.771,6.383,6.463,0.000,0.000,0.000,0.000,42.0,
17.11.2025,13:4:1.731,19.032,28.214,20.710,3.104,250.0,250.0,83.115,22.394,8.957,39.859,30.260,18.761,11.499,18.529,6.994,0.709,6.285,82.090,0.000,0.000,0.000,0.000,42.0,
17.11.2025,13:4:2.728,19.032,25.131,17.560,3.110,250.0,250.0,79.910,23.726,9.042,73.819,51.156,31.720,19.436,31.343,7.143,0.770,6.373,6.463,0.000,0.000,0.000,0.000,42.0,
17.11.2025,13:4:3.741,17.672,29.181,21.669,3.078,250.0,250.0,79.296,23.605,9.030,73.536,50.958,31.601,19.357,31.224,7.011,0.709,6.302,6.318,0.000,0.000,0.000,0.000,42.0,
17.11.2025,13:4:4.739,16.313,26.997,19.514,3.085,250.0,250.0,82.983,23.666,8.930,73.679,50.992,31.616,19.376,31.239,7.181,0.774,6.407,6.463,0.000,0.000,0.000,0.000,42.0,
17.11.2025,13:4:5.739,31.266,26.617,19.119,3.083,250.0,250.0,79.412,23.548,8.857,73.443,50.810,31.503,19.307,31.126,7.049,0.714,6.335,6.335,0.000,0.000,0.000,0.000,42.0,
17.11.2025,13:4:6.735,21.750,28.850,21.281,3.090,250.0,250.0,82.842,35.429,8.870,75.071,51.807,32.120,19.687,31.731,64.120,10.202,53.918,6.760,0.000,0.000,0.000,0.000,42.0,
17.11.2025,13:4:7.730,23.110,27.461,19.935,3.112,250.0,250.0,79.615,24.030,8.883,75.195,51.918,32.192,19.726,31.802,7.109,0.773,6.336,6.361,0.000,0.000,0.000,0.000,42.0,
17.11.2025,13:4:8.727,16.313,27.275,19.773,3.078,250.0,250.0,82.787,25.511,8.981,55.287,39.704,24.623,15.081,24.331,7.597,1.059,6.538,71.905,0.000,0.000,0.000,1.500,42.0,
17.11.2025,13:4:9.740,17.672,27.375,19.808,3.138,250.0,250.0,79.823,23.532,9.034,73.199,50.774,31.477,19.297,31.100,7.050,0.715,6.335,6.335,0.000,0.000,0.000,0.000,42.0,
17.11.2025,13:4:10.739,19.032,28.026,20.460,3.117,250.0,250.0,83.346,31.174,8.906,74.737,51.620,32.007,19.613,31.618,43.330,5.763,37.567,6.582,0.000,0.000,0.000,0.000,42.0,
17.11.2025,13:4:11.727,17.672,28.787,21.289,3.098,250.0,250.0,78.666,24.121,8.870,75.613,52.170,32.353,19.817,31.952,7.049,0.714,6.335,6.335,0.000,0.000,0.000,0.000,42.0,
17.11.2025,13:4:12.739,19.032,25.939,18.365,3.097,250.0,250.0,78.833,22.125,8.881,67.895,47.400,29.391,18.009,29.038,7.126,0.732,6.394,6.386,0.000,0.000,0.000,0.000,42.0,
17.11.2025,13:4:13.741,20.391,25.777,18.315,3.046,250.0,250.0,76.909,22.111,8.881,67.923,47.423,29.410,18.013,29.057,7.039,0.712,6.327,6.327,0.000,0.000,0.000,0.000,42.0,
17.11.2025,13:4:14.743,21.750,26.566,19.077,3.058,250.0,250.0,77.323,32.487,8.823,50.093,36.446,22.603,13.843,22.323,7.090,0.780,6.310,156.560,0.000,0.000,0.000,0.000,42.0,
17.11.2025,13:4:15.749,23.110,26.165,18.629,3.077,250.0,250.0,80.323,22.243,8.944,68.182,47.627,29.525,18.102,29.173,7.206,0.743,6.463,6.463,0.000,0.000,0.000,0.000,42.0,
17.11.2025,13:4:16.750,19.032,26.889,19.441,3.030,250.0,250.0,74.114,22.003,8.954,67.494,47.200,29.261,17.939,28.909,6.994,0.709,6.285,6.285,0.000,0.000,0.000,0.000,42.0,
17.11.2025,13:4:17.749,39.422,25.990,18.581,3.010,250.0,250.0,72.844,22.190,8.903,68.186,47.605,29.519,18.086,29.167,7.051,0.724,6.327,6.327,0.001,0.000,0.000,0.000,42.0,
17.11.2025,13:4:18.743,23.110,28.524,20.850,3.226,250.0,250.0,73.144,43.889,8.834,67.587,47.184,29.259,17.925,28.906,116.312,33.071,83.241,6.573,0.000,0.000,0.000,0.000,42.0,
17.11.2025,13:4:19.746,24.469,32.810,24.725,3.564,250.0,250.0,65.873,14.233,8.736,37.829,28.874,17.910,10.964,17.690,7.053,0.787,6.266,6.216,0.000,0.000,0.000,0.000,42.0,
17.11.2025,13:4:20.749,25.829,26.089,18.470,3.167,250.0,250.0,71.180,23.689,8.796,73.950,51.083,31.673,19.410,31.284,7.162,0.789,6.373,6.369,0.000,0.000,0.000,0.000,42.0,
17.11.2025,13:4:21.748,24.469,25.535,18.049,3.100,250.0,250.0,80.714,23.627,8.845,73.824,51.014,31.632,19.382,31.255,7.002,0.709,6.293,6.310,0.000,0.000,0.000,0.000,42.0,
17.11.2025,13:4:22.748,25.829,25.728,18.175,3.095,250.0,250.0,81.561,33.852,8.806,72.160,49.983,30.989,18.994,30.612,60.158,8.858,51.300,6.658,0.000,0.000,0.000,0.000,42.0,
17.11.2025,13:4:23.748,16.313,27.044,19.518,3.060,250.0,250.0,80.102,31.888,8.840,72.396,50.139,31.089,19.050,30.712,49.983,6.630,43.353,6.692,0.000,0.000,0.000,0.000,42.0,
17.11.2025,13:4:24.748,17.672,27.421,19.960,3.067,250.0,250.0,80.416,23.888,8.820,74.804,51.629,32.021,19.608,31.632,7.013,0.711,6.302,6.335,0.000,0.000,0.000,0.000,42.0,
17.11.2025,13:4:25.769,21.750,26.422,18.845,3.092,250.0,250.0,81.206,23.855,8.783,74.396,51.334,31.833,19.501,31.457,7.305,0.831,6.474,6.633,0.000,0.000,0.000,0.000,42.0,
17.11.2025,13:4:26.767,24.469,25.408,17.890,3.085,250.0,250.0,79.434,23.493,8.872,73.252,50.689,31.435,19.254,31.046,7.022,0.712,6.310,6.335,0.001,0.000,0.000,0.000,42.0,
17.11.2025,13:4:27.768,19.032,26.437,18.893,3.088,250.0,250.0,82.339,23.857,8.823,74.442,51.398,31.874,19.524,31.485,7.278,0.739,6.539,6.471,0.000,0.000,0.000,0.000,42.0,
17.11.2025,13:4:28.767,20.391,24.839,17.322,3.113,250.0,250.0,82.277,23.406,8.798,72.987,50.500,31.312,19.188,30.935,7.011,0.709,6.302,6.318,0.000,0.000,0.000,0.000,42.0,
17.11.2025,13:4:29.769,19.032,26.059,18.518,3.099,250.0,250.0,79.200,23.507,8.797,73.221,50.631,31.392,19.239,31.015,7.118,0.724,6.394,6.539,0.000,0.000,0.000,2.375,42.0,
17.11.2025,13:4:30.770,19.032,25.226,17.663,3.105,250.0,250.0,79.630,23.673,8.796,74.012,51.117,31.696,19.421,31.307,7.024,0.714,6.310,6.335,0.000,0.000,0.000,0.000,42.0,
17.11.2025,13:4:31.766,16.313,27.200,19.644,3.096,250.0,250.0,81.157,23.663,8.868,73.686,50.956,31.597,19.359,31.208,7.197,0.734,6.463,6.565,0.000,0.000,0.000,0.000,42.0,
17.11.2025,13:4:32.770,14.953,26.727,19.157,3.131,250.0,250.0,79.306,23.715,8.820,74.111,51.195,31.748,19.447,31.359,7.059,0.724,6.335,6.352,0.000,0.000,0.000,0.000,42.0,
17.11.2025,13:4:33.766,16.313,25.638,18.132,3.089,250.0,250.0,82.774,31.843,8.785,73.246,50.625,31.389,19.236,31.012,48.784,6.351,42.433,6.565,0.000,0.000,0.000,0.000,42.0,
17.11.2025,13:4:34.770,17.672,25.561,18.036,3.082,250.0,250.0,79.328,24.080,8.810,75.490,52.037,32.273,19.764,31.884,7.089,0.720,6.369,6.369,0.000,0.000,0.000,0.000,42.0,
17.11.2025,13:4:35.771,16.313,27.373,19.852,3.054,250.0,250.0,80.019,24.013,8.812,75.282,51.900,32.185,19.715,31.796,7.051,0.716,6.335,6.335,0.000,0.000,0.000,0.000,42.0,
17.11.2025,13:4:36.769,17.672,25.813,18.346,3.074,250.0,250.0,80.165,42.736,8.881,74.820,51.659,32.033,19.626,31.645,100.977,25.665,75.312,6.743,0.000,0.000,0.000,0.000,42.0,
17.11.2025,13:4:37.766,17.672,24.195,16.695,3.067,250.0,250.0,78.995,23.677,8.832,73.942,51.096,31.686,19.410,31.297,7.076,0.724,6.352,6.352,0.000,0.000,0.000,0.000,42.0,
17.11.2025,13:4:38.768,17.672,27.397,19.850,3.089,250.0,250.0,83.173,16.955,8.845,47.906,35.090,21.758,13.332,21.502,7.253,0.960,6.293,6.616,0.000,0.000,0.000,0.000,42.0,
17.11.2025,13:4:39.764,24.469,25.222,17.754,3.062,250.0,250.0,79.801,23.896,8.893,74.681,51.596,31.998,19.598,31.609,7.104,0.726,6.378,6.378,0.000,0.000,0.000,0.000,42.0,
17.11.2025,13:4:40.765,16.313,26.786,19.239,3.104,250.0,250.0,83.059,24.999,8.892,44.907,33.294,20.644,12.650,20.400,7.237,0.944,6.293,94.731,0.000,0.000,0.000,0.000,42.0,
17.11.2025,13:4:41.766,19.032,26.792,19.246,3.056,250.0,250.0,79.656,23.369,8.806,72.786,50.363,31.226,19.137,30.850,7.081,0.720,6.361,6.361,0.000,0.000,0.000,0.000,42.0,
17.11.2025,13:4:42.764,14.953,25.930,18.426,3.092,250.0,250.0,82.536,47.204,8.783,73.331,50.684,31.432,19.252,31.055,125.457,34.700,90.757,6.590,0.000,0.000,0.000,0.000,42.0,
17.11.2025,13:4:43.764,24.469,25.675,18.174,3.049,250.0,250.0,78.480,23.744,8.819,74.240,51.266,31.787,19.479,31.398,7.056,0.721,6.335,6.335,0.000,0.000,0.000,0.000,42.0,
17.11.2025,13:4:44.762,17.672,25.581,18.045,3.081,250.0,250.0,82.669,16.832,8.789,47.731,34.987,21.695,13.292,21.439,7.046,0.753,6.293,6.293,0.000,0.000,0.000,0.000,42.0,
17.11.2025,13:4:45.764,20.391,25.257,17.726,3.091,250.0,250.0,82.465,23.602,8.812,73.636,50.901,31.567,19.334,31.177,7.091,0.730,6.361,6.412,0.000,0.000,0.000,0.000,42.0,
17.11.2025,13:4:46.768,21.750,26.959,19.484,3.073,250.0,250.0,81.703,25.686,8.824,73.757,51.001,31.624,19.377,31.247,16.945,4.351,12.594,7.145,0.000,0.000,0.000,0.000,42.0,
17.11.2025,13:4:47.766,16.313,27.819,20.295,3.071,250.0,250.0,81.156,35.886,8.848,74.978,51.741,32.083,19.658,31.694,66.585,11.535,55.050,6.692,0.000,0.000,0.000,0.000,42.0,
17.11.2025,13:4:48.761,20.391,26.866,19.348,3.065,250.0,250.0,79.704,24.096,8.824,75.532,52.090,32.302,19.788,31.901,7.087,0.726,6.361,6.352,0.000,0.000,0.000,0.000,42.0,
17.11.2025,13:4:49.764,35.344,26.912,19.471,3.057,250.0,250.0,80.085,26.711,8.810,46.519,34.232,21.221,13.011,20.965,7.474,0.756,6.718,107.400,0.000,0.000,0.000,0.000,42.0,
17.11.2025,13:4:50.766,23.110,28.112,20.552,3.077,250.0,250.0,82.938,23.769,8.801,74.270,51.277,31.798,19.479,31.421,7.118,0.732,6.386,6.403,0.000,0.000,0.000,0.000,42.0,
17.11.2025,13:4:51.770,20.391,25.190,17.722,3.015,250.0,250.0,74.982,22.040,8.772,67.673,47.208,29.271,17.937,28.918,7.109,0.723,6.386,6.403,0.000,0.000,0.000,0.000,42.0,
17.11.2025,13:4:52.766,17.672,27.296,19.806,3.064,250.0,250.0,78.582,23.597,8.794,73.716,50.918,31.569,19.349,31.192,7.049,0.714,6.335,6.335,0.000,0.000,0.000,0.000,42.0,
17.11.2025,13:4:53.765,16.313,26.138,18.619,3.050,250.0,250.0,82.945,23.616,8.821,73.632,50.896,31.561,19.335,31.172,7.129,0.726,6.403,6.489,0.000,0.000,0.000,0.000,42.0,
17.11.2025,13:4:54.760,21.750,26.653,19.133,3.079,250.0,250.0,79.021,22.879,8.838,70.888,49.262,30.541,18.721,30.176,7.024,0.714,6.310,6.318,0.000,0.000,0.000,0.000,42.0,
17.11.2025,13:4:55.773,23.110,26.234,18.801,3.042,250.0,250.0,82.220,23.933,8.809,74.831,51.628,32.013,19.615,31.624,7.167,0.729,6.438,6.471,0.000,0.000,1.500,0.000,42.0,
17.11.2025,13:4:56.780,16.313,25.498,17.950,3.080,250.0,250.0,78.731,23.839,8.785,74.661,51.519,31.940,19.579,31.551,7.022,0.712,6.310,6.310,0.000,0.000,0.000,0.000,42.0,
17.11.2025,13:4:57.779,24.469,26.228,18.725,3.048,250.0,250.0,82.473,42.396,8.785,73.752,50.955,31.592,19.363,31.215,100.887,25.720,75.167,6.522,0.000,0.000,0.000,0.000,42.0,
17.11.2025,13:4:58.773,19.032,26.231,18.722,3.057,250.0,250.0,79.554,23.524,8.810,73.406,50.739,31.464,19.275,31.088,7.058,0.715,6.343,6.343,0.000,0.000,0.000,0.000,42.0,
17.11.2025,13:4:59.779,25.829,24.902,17.440,3.034,250.0,250.0,82.968,46.166,8.856,74.390,51.387,31.860,19.527,31.472,118.767,32.594,86.173,6.633,0.000,0.000,0.000,0.000,42.0,
17.11.2025,13:5:0.774,17.672,26.909,19.372,3.092,250.0,250.0,79.939,23.798,8.945,74.290,51.388,31.866,19.522,31.489,7.066,0.714,6.352,6.352,0.000,0.000,0.000,0.000,42.0,
17.11.2025,13:5:1.780,21.750,24.237,16.758,3.088,250.0,250.0,81.262,47.796,9.019,93.136,63.035,39.094,23.941,38.620,102.413,31.614,70.799,6.293,0.000,0.000,0.000,0.000,42.0,
17.11.2025,13:5:2.774,19.032,26.893,19.310,3.125,250.0,250.0,79.815,23.605,8.971,73.536,50.931,31.582,19.349,31.193,7.067,0.715,6.352,6.352,0.000,0.000,0.000,0.000,42.0,
17.11.2025,13:5:3.779,17.672,26.341,18.772,3.088,250.0,250.0,79.549,23.594,8.983,73.512,50.932,31.579,19.353,31.202,7.030,0.712,6.318,6.318,0.000,0.000,0.000,0.000,42.0,
17.11.2025,13:5:4.772,17.672,25.823,18.290,3.107,250.0,250.0,83.307,39.194,8.859,73.789,51.005,31.621,19.384,31.244,84.768,17.943,66.825,6.505,0.000,0.000,0.000,0.000,42.0,
17.11.2025,13:5:5.773,14.953,25.985,18.478,3.107,250.0,250.0,79.547,23.892,8.821,74.762,51.597,31.992,19.605,31.603,7.100,0.765,6.335,6.335,0.000,0.000,0.000,0.000,42.0,
17.11.2025,13:5:6.777,19.032,25.960,18.354,3.126,250.0,250.0,83.141,35.163,8.815,69.410,48.301,29.948,18.353,29.584,54.230,19.901,34.329,38.758,0.000,0.000,0.000,0.000,42.0,
17.11.2025,13:5:7.773,19.032,27.175,19.680,3.074,250.0,250.0,79.211,23.594,8.866,73.499,50.847,31.524,19.323,31.148,7.174,0.784,6.390,6.386,0.000,0.000,0.000,0.000,42.0,
17.11.2025,13:5:8.780,17.672,26.452,18.924,3.071,250.0,250.0,83.158,47.150,8.826,73.348,50.725,31.448,19.277,31.072,125.251,34.660,90.591,6.302,0.000,0.000,0.000,0.000,42.0,
17.11.2025,13:5:9.779,17.672,24.317,16.801,3.054,250.0,250.0,79.458,23.926,8.831,74.815,51.621,32.013,19.608,31.624,7.163,0.781,6.382,6.420,0.000,0.000,0.000,0.000,42.0,
17.11.2025,13:5:10.780,21.750,25.505,18.004,3.064,250.0,250.0,79.640,23.613,8.893,73.686,50.979,31.615,19.364,31.226,7.022,0.712,6.310,6.318,0.000,0.000,0.000,0.000,42.0,
17.11.2025,13:5:11.779,19.032,26.446,18.943,3.073,250.0,250.0,83.256,31.455,8.917,73.507,50.882,31.551,19.331,31.174,46.203,6.023,40.180,6.786,0.000,0.000,0.000,0.000,42.0,
17.11.2025,13:5:12.780,28.547,24.002,16.474,3.087,250.0,250.0,78.901,23.998,8.830,75.205,51.885,32.164,19.721,31.775,7.030,0.712,6.318,6.335,0.000,0.000,0.000,0.000,42.0,
17.11.2025,13:5:13.773,28.547,24.002,16.474,3.087,250.0,250.0,80.184,22.366,8.797,68.800,47.934,29.721,18.213,29.356,7.195,0.732,6.463,6.446,0.000,0.000,0.000,0.000,42.0,
17.11.2025,13:5:14.773,27.188,24.493,17.014,3.069,250.0,250.0,77.854,22.540,8.806,69.607,48.413,30.018,18.395,29.665,7.070,0.718,6.352,6.352,0.000,0.000,1.000,0.000,42.0,
17.11.2025,13:5:15.776,17.672,24.654,17.191,3.015,250.0,250.0,77.880,22.612,8.829,69.901,48.622,30.141,18.481,29.777,7.030,0.712,6.318,6.310,0.000,0.000,0.000,0.000,42.0,
17.11.2025,13:5:16.790,24.469,24.712,17.204,3.038,250.0,250.0,81.113,34.175,8.822,68.727,47.893,29.695,18.198,29.342,66.216,13.041,53.175,6.642,0.000,0.000,0.000,0.000,42.0,
17.11.2025,13:5:17.797,28.547,23.615,16.136,3.055,250.0,250.0,75.016,22.560,8.781,69.780,48.514,30.081,18.433,29.717,6.994,0.709,6.285,6.302,0.000,0.000,0.000,0.000,42.0,
17.11.2025,13:5:18.794,19.032,24.126,16.663,3.040,250.0,250.0,74.623,22.428,8.772,69.239,48.176,29.871,18.305,29.518,7.023,0.713,6.310,6.352,0.000,0.000,0.000,0.000,42.0,
17.11.2025,13:5:19.790,27.188,25.904,18.466,3.030,250.0,250.0,74.675,40.864,8.797,69.940,48.622,30.149,18.473,29.784,98.204,27.229,70.975,6.471,0.000,0.000,0.000,0.000,42.0,
17.11.2025,13:5:20.788,25.829,28.042,20.171,3.345,250.0,250.0,72.030,14.316,8.736,38.073,29.037,17.999,11.038,17.779,7.134,0.804,6.330,6.234,0.000,0.000,0.000,0.000,42.0,
17.11.2025,13:5:21.788,27.188,29.705,21.779,3.450,250.0,250.0,66.050,23.846,8.826,74.546,51.462,31.908,19.554,31.531,7.137,0.772,6.365,6.361,0.000,0.000,0.000,0.000,42.0,
17.11.2025,13:5:22.802,17.672,26.427,18.846,3.132,250.0,250.0,81.576,24.133,8.809,75.735,52.184,32.351,19.833,31.962,7.074,0.764,6.310,6.310,0.000,0.000,0.000,0.000,42.0,
17.11.2025,13:5:23.803,14.953,26.046,18.531,3.076,250.0,250.0,80.339,24.031,8.832,75.150,51.845,32.152,19.693,31.763,7.224,0.792,6.432,6.429,0.000,0.000,0.000,0.000,42.0,
17.11.2025,13:5:24.799,20.391,25.279,17.762,3.090,250.0,250.0,81.240,24.279,8.918,76.151,52.532,32.577,19.955,32.176,7.083,0.765,6.318,6.318,0.000,0.000,0.000,0.000,42.0,
17.11.2025,13:5:25.790,16.313,26.890,19.413,3.076,250.0,250.0,82.419,23.897,8.893,74.532,51.506,31.935,19.571,31.546,7.262,0.795,6.467,6.463,0.000,0.000,0.000,0.000,42.0,
17.11.2025,13:5:26.797,24.469,25.888,18.334,3.067,250.0,250.0,79.484,23.705,8.826,74.015,51.144,31.708,19.436,31.331,7.122,0.779,6.343,6.343,0.000,0.000,0.000,0.000,42.0,
17.11.2025,13:5:27.792,17.672,25.905,18.407,3.087,250.0,250.0,83.589,45.712,8.800,73.857,51.030,31.645,19.385,31.268,117.308,33.507,83.801,6.522,0.000,0.000,0.000,0.000,42.0,
17.11.2025,13:5:28.801,21.750,26.837,19.339,3.062,250.0,250.0,80.528,23.800,8.765,74.426,51.361,31.845,19.516,31.456,7.135,0.770,6.365,6.361,0.000,0.000,0.000,0.000,42.0,
17.11.2025,13:5:29.802,17.672,26.706,19.173,3.080,250.0,250.0,84.066,46.182,8.801,43.625,32.492,20.139,12.353,19.895,7.129,0.827,6.302,310.252,0.000,0.000,0.000,0.000,42.0,
17.11.2025,13:5:30.797,16.313,26.066,18.600,3.031,250.0,250.0,80.820,24.151,8.870,75.561,52.131,32.334,19.797,31.945,7.223,0.790,6.433,6.429,0.000,0.000,0.000,0.000,42.0,
17.11.2025,13:5:31.790,16.313,27.126,19.585,3.087,250.0,250.0,83.345,23.542,8.896,73.417,50.815,31.505,19.310,31.128,7.011,0.709,6.302,6.327,0.000,0.000,0.000,0.000,42.0,
17.11.2025,13:5:32.792,28.547,25.947,18.492,3.063,250.0,250.0,80.011,24.247,8.886,76.023,52.421,32.511,19.910,32.121,7.098,0.720,6.378,6.403,0.000,0.000,0.000,0.000,42.0,
17.11.2025,13:5:33.789,20.391,25.668,18.194,3.030,250.0,250.0,84.171,24.725,8.864,77.920,53.603,33.245,20.358,32.843,7.031,0.721,6.310,6.352,0.000,0.000,0.000,0.000,42.0,
17.11.2025,13:5:34.801,25.829,24.658,17.152,3.071,250.0,250.0,81.180,36.358,8.910,82.063,56.180,34.834,21.346,34.408,59.767,22.331,37.436,6.302,0.000,0.000,0.375,0.000,42.0,
17.11.2025,13:5:35.798,14.953,27.959,20.477,3.053,250.0,250.0,79.577,24.016,8.838,75.202,51.882,32.180,19.702,31.790,7.089,0.720,6.369,6.386,0.000,0.000,0.000,0.000,42.0,
17.11.2025,13:5:36.799,17.672,26.754,19.230,3.060,250.0,250.0,83.757,23.179,8.849,71.995,49.957,30.980,18.977,30.603,7.049,0.714,6.335,6.327,0.000,0.000,0.000,1.125,42.0,
17.11.2025,13:5:37.801,17.672,27.319,19.805,3.071,250.0,250.0,81.553,24.363,8.848,76.466,52.688,32.669,20.019,32.280,7.117,0.731,6.386,6.429,0.000,0.000,0.000,0.000,42.0,
17.11.2025,13:5:38.800,24.469,26.990,19.496,3.065,250.0,250.0,81.553,24.363,8.848,76.466,52.688,32.669,20.019,32.280,7.117,0.731,6.386,6.429,0.000,0.000,0.000,0.000,42.0,
17.11.2025,13:5:39.798,19.032,26.188,18.714,3.056,250.0,250.0,80.783,23.793,8.896,74.367,51.378,31.857,19.521,31.480,7.039,0.712,6.327,6.352,0.000,0.000,0.000,0.000,42.0,
17.11.2025,13:5:40.802,19.032,25.758,18.276,3.049,250.0,250.0,83.463,54.376,8.869,54.453,39.144,24.278,14.866,23.986,7.076,0.766,6.310,364.013,0.000,0.000,0.000,0.000,42.0,
17.11.2025,13:5:41.802,17.672,26.695,19.235,3.056,250.0,250.0,80.589,24.579,8.783,77.388,53.196,32.985,20.211,32.596,7.121,0.735,6.386,6.386,0.000,0.000,0.000,0.000,42.0,
17.11.2025,13:5:42.801,21.750,26.809,19.279,3.048,250.0,250.0,81.030,16.462,8.766,46.286,34.064,21.130,12.934,20.875,7.095,0.717,6.378,6.378,0.000,0.000,0.000,0.000,42.0,
17.11.2025,13:5:43.799,17.672,26.071,18.598,3.051,250.0,250.0,80.014,25.211,8.823,75.551,52.095,32.298,19.797,31.908,12.564,1.546,11.018,6.514,0.000,0.000,0.000,0.000,42.0,
17.11.2025,13:5:44.799,16.313,24.729,17.254,3.056,250.0,250.0,79.553,23.800,8.785,74.393,51.334,31.829,19.505,31.452,7.146,0.734,6.412,6.412,0.000,0.000,0.000,0.000,42.0,
17.11.2025,13:5:45.800,19.032,25.615,18.075,3.107,250.0,250.0,79.933,23.918,8.794,74.892,51.667,32.038,19.629,31.649,7.081,0.729,6.352,6.352,0.000,0.000,0.000,0.000,42.0,
17.11.2025,13:5:46.801,17.672,26.675,19.167,3.092,250.0,250.0,81.241,18.945,8.781,55.782,39.917,24.753,15.164,24.449,7.149,0.847,6.302,6.302,0.000,0.000,0.000,0.000,42.0,
17.11.2025,13:5:47.795,17.672,28.295,20.717,3.100,250.0,250.0,80.142,23.941,8.896,74.888,51.716,32.070,19.646,31.681,7.079,0.718,6.361,6.361,0.000,0.000,0.000,0.000,42.0,
17.11.2025,13:5:48.793,27.188,24.495,17.060,3.033,250.0,250.0,82.773,20.666,8.870,61.998,43.776,27.144,16.632,26.815,7.460,0.955,6.505,6.505,0.000,0.000,0.000,0.000,42.0,
17.11.2025,13:5:49.789,21.750,26.661,19.147,3.067,250.0,250.0,80.377,24.224,8.957,75.876,52.365,32.474,19.891,32.073,7.108,0.722,6.386,6.386,0.000,0.000,0.000,0.000,42.0,
17.11.2025,13:5:50.800,14.953,24.427,16.957,3.057,250.0,250.0,79.360,24.159,8.824,75.760,52.235,32.387,19.848,31.997,7.103,0.790,6.313,6.335,0.000,0.000,0.000,0.000,42.0,
17.11.2025,13:5:51.799,14.953,27.361,19.837,3.036,250.0,250.0,81.685,25.617,8.834,74.973,51.745,32.085,19.660,31.696,15.239,2.046,13.193,6.700,0.000,0.000,0.000,0.000,42.0,
17.11.2025,13:5:52.803,20.391,25.880,18.431,3.036,250.0,250.0,79.324,25.046,8.798,79.140,54.316,33.677,20.639,33.276,7.132,0.787,6.345,6.352,0.000,0.000,0.000,0.000,42.0,
17.11.2025,13:5:53.800,12.235,26.830,19.335,3.049,250.0,250.0,83.724,47.551,8.838,74.683,51.561,31.970,19.591,31.593,125.461,34.714,90.747,6.352,0.000,0.000,0.000,0.000,42.0,
17.11.2025,13:5:54.796,17.672,26.951,19.548,3.025,250.0,250.0,79.618,23.692,8.773,73.952,51.072,31.669,19.403,31.293,7.176,0.789,6.387,6.403,0.000,0.000,0.000,0.000,42.0,
17.11.2025,13:5:55.795,14.953,24.910,17.432,3.047,250.0,250.0,79.175,23.686,8.820,73.964,51.098,31.680,19.418,31.303,7.108,0.755,6.353,6.361,0.000,0.000,0.000,0.000,42.0,
17.11.2025,13:5:56.789,13.594,27.176,19.691,3.034,250.0,250.0,82.327,46.708,8.845,74.041,51.158,31.723,19.435,31.347,122.020,33.754,88.266,6.489,0.000,0.000,0.000,0.000,42.0,
17.11.2025,13:5:57.795,28.547,27.060,19.571,3.053,250.0,250.0,79.499,24.007,8.824,75.160,51.858,32.156,19.702,31.766,7.120,0.767,6.353,6.361,0.000,0.000,0.000,0.000,42.0,
17.11.2025,13:5:58.800,17.672,26.477,19.039,3.022,250.0,250.0,82.587,53.587,8.785,61.934,43.676,27.082,16.594,26.766,82.804,28.906,53.898,185.426,0.000,0.000,0.000,0.000,42.0,
17.11.2025,13:5:59.802,23.110,29.671,22.153,3.057,250.0,250.0,79.504,23.923,8.763,74.841,51.612,32.000,19.612,31.623,7.177,0.788,6.389,6.429,0.000,0.000,0.000,0.000,42.0,
17.11.2025,13:6:0.800,17.672,27.644,20.212,3.024,250.0,250.0,79.835,24.175,8.824,75.832,52.285,32.424,19.861,32.023,7.084,0.774,6.310,6.335,0.000,0.000,0.000,0.000,42.0,
17.11.2025,13:6:1.800,17.672,26.877,19.352,3.087,250.0,250.0,83.797,29.573,8.911,77.024,53.076,32.906,20.170,32.505,32.195,4.374,27.821,6.751,0.000,0.000,0.000,0.000,42.0,
17.11.2025,13:6:2.800,17.672,26.275,18.779,3.046,250.0,250.0,80.375,23.959,8.894,74.965,51.763,32.106,19.657,31.717,7.067,0.715,6.352,6.352,0.000,0.000,0.000,0.000,42.0,
17.11.2025,13:6:3.790,28.547,26.758,19.270,3.063,250.0,250.0,83.494,42.408,8.835,75.939,52.325,32.448,19.877,32.059,97.997,24.121,73.876,6.598,0.000,0.000,0.000,0.000,42.0,
17.11.2025,13:6:4.792,25.829,27.357,19.919,3.023,250.0,250.0,80.086,24.185,8.848,75.736,52.223,32.387,19.836,31.998,7.208,0.802,6.406,6.403,0.000,0.000,0.000,0.000,42.0,
17.11.2025,13:6:5.797,19.032,25.580,18.072,3.072,250.0,250.0,81.616,22.253,8.838,68.476,47.770,29.619,18.151,29.266,7.040,0.713,6.327,6.327,0.000,0.000,0.000,0.000,42.0,
17.11.2025,13:6:6.798,19.032,25.768,18.304,3.027,250.0,250.0,82.905,24.201,8.894,75.774,52.255,32.406,19.849,32.017,7.203,0.787,6.416,6.412,0.000,0.000,0.750,0.000,42.0,
17.11.2025,13:6:7.801,23.110,24.757,17.225,3.049,250.0,250.0,82.793,16.508,8.788,46.473,34.219,21.227,12.992,20.971,7.043,0.716,6.327,6.327,0.000,0.000,0.375,0.000,42.0,
17.11.2025,13:6:8.800,20.391,28.978,21.484,3.046,250.0,250.0,80.215,47.837,8.837,75.081,51.800,32.125,19.675,31.736,126.345,35.391,90.954,6.429,0.000,0.000,0.000,0.000,42.0,
17.11.2025,13:6:9.798,17.672,27.612,20.127,3.057,250.0,250.0,79.306,24.071,8.923,75.309,51.999,32.238,19.761,31.849,7.134,0.772,6.362,6.361,0.000,0.000,0.000,0.000,42.0,
17.11.2025,13:6:10.789,17.672,27.310,19.851,3.043,250.0,250.0,82.767,18.597,8.923,54.363,39.106,24.252,14.854,23.960,7.103,0.790,6.313,6.310,0.000,0.000,0.000,0.000,42.0,
17.11.2025,13:6:11.792,16.313,27.495,20.006,3.048,250.0,250.0,79.268,37.762,8.919,72.920,50.519,31.321,19.198,30.944,78.653,15.676,62.977,6.497,0.000,0.000,0.125,0.000,42.0,
17.11.2025,13:6:12.789,17.672,26.398,18.914,3.056,250.0,250.0,79.512,24.214,8.882,75.898,52.314,32.446,19.868,32.057,7.162,0.808,6.354,6.352,0.000,0.000,0.000,0.000,42.0,
17.11.2025,13:6:13.792,17.672,25.150,17.621,3.059,250.0,250.0,80.899,55.973,8.766,63.946,44.911,27.852,17.059,27.511,7.062,0.735,6.327,355.559,0.000,0.000,0.000,0.000,42.0,
17.11.2025,13:6:14.801,10.875,25.382,17.938,3.063,250.0,250.0,80.611,23.805,8.800,74.434,51.368,31.859,19.509,31.470,7.113,0.727,6.386,6.386,0.000,0.000,0.000,0.500,42.0,
17.11.2025,13:6:15.790,23.110,25.481,17.956,3.069,250.0,250.0,81.784,39.265,8.846,69.478,48.367,29.998,18.369,29.633,90.729,23.509,67.220,6.505,0.000,0.000,0.000,0.000,42.0,
17.11.2025,13:6:16.788,23.110,26.609,19.134,3.019,250.0,250.0,77.976,22.324,8.834,68.662,47.858,29.671,18.187,29.319,7.143,0.723,6.420,6.420,0.000,0.000,0.000,0.000,42.0,
17.11.2025,13:6:17.799,20.391,24.723,17.235,3.030,250.0,250.0,77.694,22.401,8.822,69.054,48.095,29.821,18.274,29.468,7.066,0.714,6.352,6.343,0.000,0.000,0.000,0.000,42.0,
17.11.2025,13:6:18.800,17.672,26.899,19.446,3.039,250.0,250.0,77.740,22.419,8.862,69.129,48.165,29.863,18.302,29.510,7.022,0.712,6.310,6.318,0.000,0.000,0.000,0.000,42.0,
17.11.2025,13:6:19.790,23.110,25.639,18.224,2.983,250.0,250.0,79.009,22.505,8.846,69.476,48.361,29.995,18.366,29.630,7.022,0.712,6.310,6.327,0.000,0.000,0.000,0.000,42.0,
17.11.2025,13:6:20.794,27.188,24.796,17.392,2.994,250.0,250.0,72.618,22.616,8.844,69.816,48.571,30.115,18.456,29.751,7.056,0.721,6.335,6.489,0.000,0.000,0.000,0.000,42.0,
17.11.2025,13:6:21.792,14.953,29.973,21.923,3.549,250.0,250.0,74.222,41.368,8.852,47.315,34.740,21.541,13.199,21.285,7.288,0.791,6.497,252.174,0.000,0.000,0.000,0.000,42.0,
17.11.2025,13:6:22.805,16.313,27.454,19.804,3.203,250.0,250.0,75.341,13.817,8.747,36.240,27.898,17.300,10.598,17.093,7.029,0.727,6.302,6.234,0.000,0.000,0.000,0.000,42.0,
17.11.2025,13:6:23.811,16.313,25.134,17.572,3.133,250.0,250.0,62.743,24.037,8.809,75.299,51.934,32.199,19.735,31.810,7.109,0.770,6.339,6.369,0.000,0.000,0.000,0.000,42.0,
17.11.2025,13:6:24.810,20.391,27.200,19.683,3.087,250.0,250.0,83.896,41.640,8.854,73.648,50.920,31.573,19.347,31.196,97.278,30.878,66.400,6.310,0.000,0.000,0.000,2.375,42.0,
17.11.2025,13:6:25.811,24.469,26.302,18.756,3.083,250.0,250.0,79.735,23.611,8.869,73.558,50.866,31.540,19.326,31.163,7.178,0.788,6.390,6.429,0.000,0.000,0.000,0.000,42.0,
17.11.2025,13:6:26.811,17.672,28.182,20.654,3.065,250.0,250.0,82.855,57.091,8.810,65.747,46.061,28.566,17.495,28.213,7.293,0.989,6.304,361.430,0.000,0.000,0.000,0.000,42.0,
17.11.2025,13:6:27.809,36.704,27.499,19.976,3.108,250.0,250.0,79.361,23.822,8.810,74.428,51.384,31.869,19.515,31.480,7.175,0.785,6.390,6.386,0.000,0.000,0.000,0.000,42.0,
17.11.2025,13:6:28.804,17.672,27.505,19.948,3.134,250.0,250.0,83.699,21.767,8.760,65.708,45.999,28.521,17.478,28.181,7.198,0.851,6.347,8.630,0.000,0.000,0.000,0.000,42.0,
17.11.2025,13:6:29.812,17.672,29.111,21.572,3.089,250.0,250.0,81.203,47.561,8.806,74.948,51.708,32.065,19.643,31.676,125.116,34.552,90.564,6.530,0.000,0.000,0.000,0.000,42.0,
17.11.2025,13:6:30.808,17.672,27.379,19.764,3.140,250.0,250.0,79.505,23.963,8.821,74.994,51.760,32.095,19.665,31.706,7.112,0.751,6.361,6.361,0.000,0.000,0.000,0.000,42.0,
17.11.2025,13:6:31.807,19.032,27.820,20.210,3.111,250.0,250.0,82.537,23.605,8.804,73.478,50.789,31.494,19.295,31.106,7.315,0.816,6.499,6.454,0.000,0.000,0.000,0.000,42.0,
17.11.2025,13:6:32.805,13.594,26.119,18.670,3.051,250.0,250.0,79.115,23.953,8.943,74.913,51.777,32.102,19.675,31.713,7.039,0.712,6.327,6.327,0.000,0.000,0.000,0.000,42.0,
17.11.2025,13:6:33.807,23.110,26.057,18.545,3.048,250.0,250.0,82.481,47.467,8.897,74.776,51.666,32.036,19.630,31.646,124.772,34.401,90.371,6.480,0.000,0.000,0.000,0.000,42.0,
17.11.2025,13:6:34.809,21.750,26.800,19.343,3.055,250.0,250.0,80.583,23.767,8.930,74.193,51.325,31.821,19.504,31.444,7.058,0.723,6.335,6.335,0.000,0.000,0.000,0.000,42.0,
17.11.2025,13:6:35.811,24.469,26.361,18.887,3.040,250.0,250.0,80.319,46.832,8.832,72.041,49.913,30.954,18.959,30.578,125.230,34.585,90.645,6.582,0.000,0.000,0.000,0.000,42.0,
17.11.2025,13:6:36.804,14.953,26.325,18.869,3.040,250.0,250.0,78.107,23.352,8.823,72.727,50.351,31.212,19.139,30.835,7.049,0.714,6.335,6.335,0.000,0.000,0.000,0.000,42.0,
17.11.2025,13:6:37.808,24.469,24.709,17.221,3.070,250.0,250.0,81.303,31.655,8.785,72.274,50.030,31.020,19.010,30.655,49.147,6.421,42.726,6.480,0.000,0.000,0.000,0.000,42.0,
17.11.2025,13:6:38.804,16.313,26.317,18.842,3.051,250.0,250.0,78.124,23.726,8.809,74.195,51.235,31.767,19.468,31.378,7.039,0.712,6.327,6.327,0.000,0.000,0.000,0.000,42.0,
17.11.2025,13:6:39.806,16.313,26.068,18.557,3.061,250.0,250.0,81.742,23.756,8.866,74.100,51.240,31.773,19.467,31.384,7.157,0.737,6.420,6.420,0.000,0.000,0.000,0.000,42.0,
17.11.2025,13:6:40.804,19.032,27.613,20.160,3.031,250.0,250.0,81.957,23.927,8.872,74.894,51.722,32.069,19.653,31.680,7.030,0.712,6.318,6.318,0.000,0.000,0.000,0.000,42.0,
17.11.2025,13:6:41.806,29.907,26.169,18.713,3.007,250.0,250.0,79.208,23.662,8.882,73.700,50.961,31.600,19.361,31.223,7.220,0.740,6.480,6.454,0.000,0.000,0.000,0.000,42.0,
17.11.2025,13:6:42.817,19.032,26.586,19.154,3.050,250.0,250.0,78.843,23.594,8.930,73.496,50.881,31.550,19.331,31.173,7.126,0.750,6.376,6.327,0.000,0.000,0.000,0.000,42.0,
17.11.2025,13:6:43.813,16.313,26.230,18.739,3.025,250.0,250.0,82.113,23.551,8.860,73.351,50.746,31.471,19.275,31.094,7.127,0.724,6.403,6.463,0.000,0.000,0.000,0.000,42.0,
17.11.2025,13:6:44.815,19.032,26.150,18.736,3.031,250.0,250.0,77.906,23.291,8.761,72.544,50.205,31.127,19.078,30.750,7.049,0.714,6.335,6.343,0.000,0.000,0.000,0.000,42.0,
17.11.2025,13:6:45.814,16.313,27.221,19.743,3.009,250.0,250.0,82.123,23.689,8.797,73.886,51.047,31.656,19.391,31.267,7.176,0.730,6.446,6.497,0.001,0.000,0.000,0.000,42.0,
17.11.2025,13:6:46.804,28.547,27.027,19.558,3.034,250.0,250.0,77.918,23.205,8.821,72.179,50.001,31.012,18.989,30.635,7.039,0.712,6.327,6.335,0.000,0.000,0.000,0.000,42.0,
17.11.2025,13:6:47.805,17.672,26.241,18.765,3.040,250.0,250.0,81.649,23.258,8.844,72.092,49.960,30.985,18.975,30.608,7.295,0.739,6.556,6.530,0.000,0.000,0.000,0.000,42.0,
17.11.2025,13:6:48.819,19.032,26.509,19.046,3.030,250.0,250.0,77.939,23.131,8.796,71.948,49.842,30.907,18.935,30.530,7.022,0.712,6.310,6.310,0.000,0.000,0.000,0.000,42.0,
17.11.2025,13:6:49.816,19.032,26.655,19.216,3.058,250.0,250.0,81.812,23.345,8.769,72.698,50.289,31.177,19.112,30.801,7.106,0.720,6.386,6.386,0.000,0.000,0.000,0.000,42.0,
17.11.2025,13:6:50.819,16.313,25.190,17.670,3.066,250.0,250.0,77.905,23.105,8.772,71.864,49.771,30.859,18.912,30.494,7.031,0.713,6.318,6.318,0.000,0.000,0.000,0.000,42.0,
17.11.2025,13:6:51.817,17.672,25.192,17.764,3.016,250.0,250.0,81.532,23.574,8.787,73.305,50.679,31.431,19.248,31.055,7.374,0.823,6.551,6.489,0.000,0.000,0.000,2.375,42.0,
17.11.2025,13:6:52.816,17.672,24.089,16.593,3.058,250.0,250.0,79.486,21.060,8.836,63.906,44.954,27.871,17.083,27.543,7.040,0.713,6.327,6.327,0.000,0.000,0.000,0.000,42.0,
17.11.2025,13:6:53.815,17.672,27.509,20.038,3.044,250.0,250.0,79.726,23.630,8.880,73.698,50.977,31.614,19.363,31.225,7.092,0.731,6.361,6.361,0.000,0.000,0.000,0.000,42.0,
17.11.2025,13:6:54.812,17.672,27.628,20.147,3.034,250.0,250.0,77.725,23.441,8.857,73.053,50.562,31.346,19.216,30.969,7.039,0.712,6.327,6.327,0.000,0.000,0.000,0.000,42.0,
17.11.2025,13:6:55.813,19.032,23.951,16.488,3.030,250.0,250.0,81.175,23.520,8.931,73.126,50.658,31.409,19.249,31.032,7.175,0.729,6.446,6.446,0.000,0.000,0.000,0.000,42.0,
17.11.2025,13:6:56.811,20.391,25.634,18.197,3.033,250.0,250.0,81.682,20.988,8.815,42.683,31.867,19.758,12.109,19.527,7.169,0.766,6.403,60.786,0.000,0.000,0.000,0.000,42.0,
17.11.2025,13:6:57.811,21.750,26.602,19.089,3.046,250.0,250.0,78.095,23.803,8.880,74.393,51.407,31.872,19.535,31.495,7.055,0.720,6.335,6.335,0.000,0.000,0.000,0.000,42.0,
17.11.2025,13:6:58.804,20.391,25.416,17.898,3.061,250.0,250.0,82.175,26.129,8.800,74.120,51.197,31.752,19.445,31.363,19.021,2.598,16.423,6.573,0.000,0.000,0.000,0.000,42.0,
17.11.2025,13:6:59.818,14.953,25.486,18.048,3.052,250.0,250.0,78.869,23.985,8.824,75.155,51.842,32.139,19.703,31.750,7.049,0.714,6.335,6.335,0.000,0.000,0.000,0.000,42.0,
17.11.2025,13:7:0.814,33.985,28.735,21.264,3.040,250.0,250.0,82.469,25.030,8.799,72.900,50.435,31.265,19.170,30.889,15.157,1.966,13.191,6.530,0.000,0.000,0.000,0.000,42.0,
17.11.2025,13:7:1.811,33.985,28.735,21.264,3.040,250.0,250.0,79.641,23.168,8.835,72.038,49.929,30.960,18.969,30.583,7.023,0.713,6.310,6.318,0.000,0.000,0.000,0.000,42.0,
17.11.2025,13:7:2.811,25.829,25.811,18.318,3.041,250.0,250.0,80.518,25.237,8.784,73.760,50.953,31.595,19.358,31.206,15.100,1.966,13.134,6.514,0.000,0.000,0.000,0.000,42.0,
17.11.2025,13:7:3.813,23.110,26.062,18.596,3.037,250.0,250.0,78.388,23.735,8.836,74.172,51.236,31.770,19.466,31.393,7.059,0.724,6.335,6.361,0.000,0.000,0.000,0.000,42.0,
17.11.2025,13:7:4.803,17.672,25.289,17.838,3.017,250.0,250.0,82.012,28.986,8.853,67.386,47.075,29.198,17.877,28.845,42.160,15.427,26.733,6.302,0.000,0.000,0.000,0.000,42.0,
17.11.2025,13:7:5.810,25.829,26.163,18.693,3.022,250.0,250.0,78.195,23.214,8.831,72.142,49.985,30.990,18.995,30.613,7.097,0.719,6.378,6.386,0.000,0.000,0.000,0.000,42.0,
17.11.2025,13:7:6.810,17.672,26.789,19.316,3.023,250.0,250.0,81.923,46.994,8.835,72.527,50.204,31.136,19.068,30.759,125.312,34.555,90.757,6.786,0.000,0.000,0.000,0.000,42.0,
17.11.2025,13:7:7.807,23.110,28.346,20.899,3.033,250.0,250.0,77.447,23.449,8.793,73.141,50.592,31.366,19.226,30.989,7.031,0.713,6.318,6.318,0.000,0.000,0.375,0.000,42.0,
17.11.2025,13:7:8.809,20.391,27.679,20.232,3.017,250.0,250.0,81.305,45.004,8.769,71.461,49.515,30.698,18.817,30.333,117.052,33.380,83.672,6.343,0.000,0.000,0.000,0.000,42.0,
17.11.2025,13:7:9.805,29.907,26.357,18.898,3.020,250.0,250.0,77.585,23.297,8.817,72.512,50.202,31.127,19.075,30.750,7.069,0.717,6.352,6.352,0.000,0.000,0.000,0.000,42.0,
17.11.2025,13:7:10.822,24.469,25.483,18.065,2.998,250.0,250.0,81.113,28.507,8.795,49.547,36.091,22.381,13.710,22.101,7.033,0.731,6.302,118.379,0.000,0.000,0.000,2.375,42.0,
17.11.2025,13:7:11.819,17.672,28.778,21.294,3.028,250.0,250.0,77.786,23.204,8.832,72.033,49.918,30.957,18.961,30.581,7.163,0.734,6.429,6.429,0.000,0.000,0.000,0.000,42.0,
17.11.2025,13:7:12.819,25.829,26.368,19.000,2.987,250.0,250.0,79.208,23.768,8.787,74.393,51.348,31.837,19.511,31.448,7.022,0.712,6.310,6.310,0.000,0.000,0.000,2.375,42.0,
17.11.2025,13:7:13.833,19.032,27.969,20.437,3.046,250.0,250.0,80.554,25.250,8.785,73.413,50.737,31.463,19.274,31.074,15.519,2.033,13.486,6.718,0.000,0.000,0.000,0.000,42.0,
17.11.2025,13:7:14.828,23.110,27.299,19.857,3.022,250.0,250.0,79.252,23.416,8.808,72.896,50.428,31.265,19.163,30.889,7.147,0.735,6.412,6.412,0.000,0.000,0.000,0.000,42.0,
17.11.2025,13:7:15.821,16.313,27.558,20.036,3.072,250.0,250.0,81.706,16.763,8.821,47.438,34.834,21.593,13.241,21.337,7.028,0.718,6.310,6.310,0.000,0.000,0.000,0.000,42.0,
17.11.2025,13:7:16.825,32.625,27.500,20.023,3.040,250.0,250.0,74.785,22.123,8.867,67.953,47.440,29.417,18.023,29.064,7.063,0.720,6.343,6.343,0.000,0.000,0.000,0.000,42.0,
17.11.2025,13:7:17.828,17.672,24.682,17.168,3.060,250.0,250.0,76.537,22.057,8.842,67.736,47.284,29.326,17.958,28.973,7.054,0.719,6.335,6.343,0.000,0.000,0.000,0.000,42.0,
17.11.2025,13:7:18.826,19.032,24.666,17.208,3.073,250.0,250.0,76.611,22.435,8.941,68.996,48.128,29.847,18.281,29.482,7.185,0.867,6.318,6.302,0.000,0.000,0.000,0.000,42.0,
17.11.2025,13:7:19.828,16.313,26.227,18.756,3.046,250.0,250.0,80.483,41.447,8.831,68.924,48.007,29.772,18.235,29.407,102.316,28.297,74.019,6.658,0.001,0.000,0.000,0.000,42.0,
17.11.2025,13:7:20.820,24.469,27.121,19.629,3.057,250.0,250.0,74.027,22.012,8.773,67.564,47.131,29.220,17.911,28.867,7.062,0.719,6.343,6.530,0.000,0.000,0.000,0.000,42.0,
17.11.2025,13:7:21.835,21.750,27.035,19.593,3.035,250.0,250.0,73.304,17.702,8.739,51.189,37.072,22.984,14.088,22.716,6.974,0.707,6.267,6.285,0.000,0.000,0.875,0.000,42.0,
17.11.2025,13:7:22.831,25.829,27.766,20.050,3.210,250.0,250.0,69.813,21.882,8.761,67.153,46.881,29.065,17.816,28.712,7.044,0.717,6.327,6.343,0.000,0.000,0.000,0.000,42.0,
17.11.2025,13:7:23.826,17.672,34.572,26.524,3.533,250.0,250.0,68.395,23.298,8.782,72.692,50.273,31.179,19.094,30.803,6.929,0.704,6.225,6.302,0.000,0.000,0.000,0.000,42.0,
17.11.2025,13:7:24.821,20.391,26.236,18.721,3.112,250.0,250.0,67.577,29.588,8.795,49.344,35.946,22.288,13.658,22.021,7.355,0.892,6.463,129.116,0.000,0.000,0.000,0.000,42.0,
17.11.2025,13:7:25.834,17.672,27.008,19.524,3.049,250.0,250.0,77.940,28.279,8.823,86.943,59.129,36.664,22.465,36.226,12.992,1.521,11.471,6.556,0.000,0.000,0.000,0.000,42.0,
17.11.2025,13:7:26.830,14.953,27.284,19.754,3.066,250.0,250.0,79.089,23.284,8.794,72.505,50.175,31.121,19.054,30.744,7.055,0.720,6.335,6.335,0.000,0.000,0.000,0.000,42.0,
17.11.2025,13:7:27.826,24.469,26.824,19.343,3.053,250.0,250.0,79.089,23.284,8.794,72.505,50.175,31.121,19.054,30.744,7.055,0.720,6.335,6.335,0.000,0.000,0.000,0.000,42.0,
17.11.2025,13:7:28.821,17.672,27.104,19.551,3.078,250.0,250.0,81.247,23.214,8.773,72.306,50.042,31.024,19.018,30.648,7.011,0.709,6.302,6.302,0.000,0.000,0.000,0.000,42.0,
17.11.2025,13:7:29.821,20.391,26.095,18.655,3.039,250.0,250.0,78.191,25.922,8.774,72.728,50.324,31.198,19.126,30.821,19.928,2.740,17.188,6.394,0.000,0.000,0.000,0.000,42.0,
17.11.2025,13:7:30.834,16.313,24.631,17.147,3.042,250.0,250.0,77.730,23.469,8.751,73.263,50.637,31.399,19.238,31.022,7.033,0.715,6.318,6.318,0.000,0.000,0.000,0.000,42.0,
17.11.2025,13:7:31.829,19.032,26.673,19.236,3.012,250.0,250.0,81.736,47.296,8.748,74.966,51.674,32.047,19.627,31.658,123.874,34.273,89.601,6.497,0.000,0.000,0.000,0.000,42.0,
17.11.2025,13:7:32.824,19.032,26.183,18.672,3.065,250.0,250.0,78.101,23.474,8.830,73.204,50.622,31.391,19.231,31.015,7.055,0.720,6.335,6.335,0.000,0.000,0.000,0.000,42.0,
17.11.2025,13:7:33.826,19.032,27.333,19.856,3.005,250.0,250.0,79.920,45.946,8.805,78.995,54.181,33.595,20.586,33.182,10.121,1.560,8.561,209.878,0.000,0.000,0.000,2.500,42.0,
17.11.2025,13:7:34.822,17.672,26.366,18.896,3.046,250.0,250.0,80.036,23.697,8.820,74.052,51.145,31.715,19.430,31.326,7.069,0.726,6.343,6.343,0.000,0.000,0.000,0.000,42.0,
17.11.2025,13:7:35.833,17.672,25.081,17.684,2.997,250.0,250.0,78.549,23.315,8.761,72.708,50.287,31.191,19.096,30.814,7.002,0.709,6.293,6.293,0.000,0.000,0.000,0.000,42.0,
17.11.2025,13:7:36.825,14.953,27.198,19.733,3.008,250.0,250.0,81.484,45.488,8.777,72.882,50.403,31.263,19.140,30.886,117.548,33.390,84.158,6.429,0.000,0.000,0.000,0.000,42.0,
17.11.2025,13:7:37.830,27.188,25.323,17.932,2.967,250.0,250.0,78.168,23.612,8.739,73.776,50.948,31.590,19.358,31.201,7.067,0.715,6.352,6.378,0.000,0.000,0.000,0.000,42.0,
17.11.2025,13:7:38.825,13.594,27.114,19.667,3.004,250.0,250.0,78.244,23.557,8.763,73.620,50.855,31.536,19.319,31.159,7.002,0.709,6.293,6.310,0.000,0.000,0.000,0.000,42.0,
17.11.2025,13:7:39.827,21.750,25.718,18.313,2.992,250.0,250.0,81.429,47.173,8.799,73.204,50.608,31.388,19.220,31.011,125.399,34.762,90.637,6.700,0.000,0.000,0.000,0.000,42.0,
17.11.2025,13:7:40.823,19.032,28.384,20.923,3.008,250.0,250.0,78.723,23.802,8.821,74.416,51.396,31.869,19.527,31.480,7.068,0.716,6.352,6.378,0.000,0.000,0.000,0.000,42.0,
17.11.2025,13:7:41.819,20.391,26.949,19.555,2.997,250.0,250.0,79.971,20.207,8.847,60.637,42.970,26.645,16.325,26.328,7.002,0.709,6.293,6.310,0.000,0.000,0.000,0.000,42.0,
17.11.2025,13:7:42.831,14.953,26.796,19.352,3.019,250.0,250.0,80.848,23.475,8.884,73.074,50.595,31.378,19.217,31.001,7.101,0.732,6.369,6.403,0.000,0.000,0.000,0.000,42.0,
17.11.2025,13:7:43.822,21.750,24.665,17.225,3.000,250.0,250.0,78.531,23.856,8.820,74.692,51.556,31.964,19.592,31.576,7.011,0.709,6.302,6.335,0.000,0.000,0.000,0.000,42.0,
17.11.2025,13:7:44.827,17.672,25.816,18.381,3.021,250.0,250.0,81.881,37.694,8.782,72.298,50.045,31.038,19.007,30.662,79.202,15.836,63.366,6.700,0.000,0.000,0.000,0.000,42.0,
17.11.2025,13:7:45.826,19.032,26.009,18.536,3.005,250.0,250.0,78.190,23.472,8.765,73.221,50.604,31.382,19.222,31.005,7.079,0.718,6.361,6.361,0.000,0.000,0.000,0.000,42.0,
17.11.2025,13:7:46.822,20.391,26.711,19.259,3.037,250.0,250.0,81.747,36.130,8.807,61.717,43.559,27.016,16.543,26.688,85.258,29.174,56.084,6.457,0.000,0.000,0.000,0.000,42.0,
17.11.2025,13:7:47.820,17.672,26.341,18.882,3.017,250.0,250.0,78.574,23.416,8.836,72.889,50.467,31.285,19.182,30.908,7.107,0.729,6.378,6.378,0.000,0.000,0.000,0.000,42.0,
17.11.2025,13:7:48.834,12.235,26.846,19.361,3.052,250.0,250.0,79.892,21.520,8.824,65.728,46.057,28.555,17.502,28.214,7.011,0.709,6.302,6.302,0.000,0.000,0.000,0.000,42.0,
17.11.2025,13:7:49.829,20.391,25.262,17.824,3.012,250.0,250.0,79.943,25.069,8.810,72.992,50.496,31.314,19.182,30.925,15.198,1.916,13.282,6.573,0.000,0.000,0.000,1.000,42.0,
17.11.2025,13:7:50.832,20.391,26.133,18.610,3.049,250.0,250.0,78.200,23.872,8.858,74.660,51.559,31.973,19.586,31.584,7.073,0.721,6.352,6.352,0.000,0.000,2.125,0.000,42.0,
17.11.2025,13:7:51.824,17.672,27.314,19.897,3.018,250.0,250.0,82.065,36.115,8.795,71.887,49.804,30.881,18.923,30.504,72.023,26.601,45.422,6.310,0.000,0.000,0.000,0.000,42.0,
17.11.2025,13:7:52.821,23.110,26.760,19.247,3.035,250.0,250.0,78.767,23.381,8.784,72.884,50.417,31.261,19.156,30.884,7.039,0.712,6.327,6.343,0.000,0.000,0.000,0.000,42.0,
17.11.2025,13:7:53.825,20.391,28.317,20.879,3.024,250.0,250.0,81.099,41.756,8.774,70.002,48.652,30.164,18.488,29.800,102.685,31.595,71.090,6.310,0.000,0.000,0.000,0.000,42.0,
17.11.2025,13:7:54.821,23.110,25.844,18.390,3.028,250.0,250.0,78.175,23.214,8.784,72.213,49.997,31.010,18.987,30.633,7.077,0.725,6.352,6.361,0.000,0.000,0.000,0.000,42.0,
17.11.2025,13:7:55.821,19.032,27.382,19.912,3.030,250.0,250.0,81.556,18.175,8.776,52.859,38.119,23.642,14.477,23.362,7.102,0.750,6.352,6.310,0.000,0.000,0.000,0.000,42.0,
17.11.2025,13:7:56.835,17.672,25.003,17.531,3.025,250.0,250.0,78.191,24.798,8.759,72.380,50.088,31.054,19.034,30.678,14.716,1.859,12.857,6.556,0.000,0.000,0.000,0.000,42.0,
17.11.2025,13:7:57.832,17.672,25.635,18.191,3.034,250.0,250.0,78.582,23.325,8.809,72.623,50.279,31.169,19.110,30.793,7.056,0.721,6.335,6.352,0.000,0.000,0.000,0.000,42.0,
17.11.2025,13:7:58.828,16.313,27.831,20.363,3.039,250.0,250.0,81.149,20.087,8.764,60.281,42.668,26.453,16.215,26.137,7.022,0.712,6.310,6.310,0.000,0.000,0.000,0.000,42.0,
17.11.2025,13:7:59.829,17.672,26.395,18.930,3.018,250.0,250.0,77.939,32.603,8.773,72.368,50.083,31.051,19.032,30.674,53.664,7.514,46.150,6.718,0.000,0.000,0.000,0.000,42.0,
17.11.2025,13:8:0.825,16.313,27.373,19.886,3.041,250.0,250.0,78.801,23.553,8.777,73.534,50.824,31.519,19.305,31.142,7.049,0.714,6.335,6.335,0.000,0.000,0.000,0.000,42.0,
17.11.2025,13:8:1.822,14.953,26.367,18.902,3.023,250.0,250.0,82.162,46.055,8.823,74.816,51.659,32.027,19.632,31.638,117.630,33.566,84.064,6.692,0.000,0.000,0.000,0.000,42.0,
17.11.2025,13:8:2.823,17.672,27.087,19.627,3.031,250.0,250.0,78.642,23.542,8.835,73.433,50.788,31.492,19.296,31.115,7.057,0.714,6.343,6.343,0.000,0.000,0.000,0.000,42.0,
17.11.2025,13:8:3.819,31.266,26.605,19.141,3.026,250.0,250.0,81.622,45.644,8.834,73.551,50.862,31.541,19.321,31.164,117.344,33.470,83.874,6.480,0.000,0.000,0.000,0.000,42.0,
17.11.2025,13:8:4.831,20.391,27.177,19.768,3.016,250.0,250.0,78.133,23.459,8.869,73.093,50.580,31.366,19.214,30.989,7.066,0.723,6.343,6.343,0.000,0.000,0.000,0.000,42.0,
17.11.2025,13:8:5.831,20.391,26.453,18.948,3.034,250.0,250.0,81.628,47.168,8.880,73.163,50.652,31.405,19.247,31.028,125.262,34.559,90.703,6.786,0.000,0.000,0.000,0.000,42.0,
17.11.2025,13:8:6.824,20.391,25.404,17.958,3.033,250.0,250.0,77.705,23.195,8.809,72.139,49.970,30.984,18.986,30.607,7.057,0.714,6.343,6.343,0.000,0.000,0.000,0.000,42.0,
17.11.2025,13:8:7.827,21.750,26.483,19.038,3.028,250.0,250.0,81.550,25.726,8.784,67.349,46.997,29.139,17.858,28.798,7.223,0.913,6.310,43.893,0.000,0.000,0.000,0.000,42.0,
17.11.2025,13:8:8.825,21.750,26.228,18.754,3.003,250.0,250.0,77.880,38.924,8.783,72.689,50.282,31.180,19.102,30.803,84.908,17.997,66.911,6.590,0.000,0.000,0.000,0.000,42.0,
17.11.2025,13:8:9.820,23.110,26.138,18.722,3.022,250.0,250.0,77.695,23.498,8.820,73.305,50.701,31.434,19.267,31.057,7.030,0.712,6.318,6.335,0.000,0.000,0.000,0.000,42.0,
17.11.2025,13:8:10.822,17.672,24.553,17.123,2.999,250.0,250.0,81.293,45.365,8.820,72.446,50.164,31.105,19.059,30.728,117.434,33.353,84.081,6.463,0.000,0.000,0.000,0.000,42.0,
17.11.2025,13:8:11.819,14.953,26.929,19.492,3.030,250.0,250.0,76.756,23.063,8.834,71.562,49.631,30.773,18.858,30.408,7.081,0.729,6.352,6.403,0.000,0.000,0.000,0.000,42.0,
17.11.2025,13:8:12.820,16.313,26.461,18.978,3.037,250.0,250.0,76.785,14.799,8.804,39.564,29.972,18.583,11.389,18.351,7.510,0.759,6.751,6.310,0.000,0.000,0.000,0.000,42.0,
17.11.2025,13:8:13.833,24.469,25.243,17.771,3.035,250.0,250.0,78.430,23.740,8.791,74.058,51.165,31.732,19.433,31.343,7.215,0.786,6.429,6.446,0.000,0.000,0.000,0.000,42.0,
17.11.2025,13:8:14.828,29.907,24.989,17.495,3.028,250.0,250.0,78.067,23.325,8.783,72.706,50.294,31.192,19.102,30.816,7.022,0.712,6.310,6.310,0.000,0.000,0.000,0.000,42.0,
17.11.2025,13:8:15.828,16.313,27.385,19.933,3.033,250.0,250.0,81.473,23.298,8.793,72.403,50.119,31.080,19.039,30.703,7.210,0.813,6.397,6.429,0.000,0.000,0.000,0.000,42.0,
17.11.2025,13:8:16.826,17.672,26.378,18.893,3.046,250.0,250.0,77.583,23.186,8.791,72.170,49.968,30.984,18.984,30.608,7.022,0.712,6.310,6.310,0.000,0.000,0.000,0.000,42.0,
17.11.2025,13:8:17.827,29.907,24.157,16.750,3.030,250.0,250.0,80.418,43.792,8.789,67.538,47.125,29.218,17.907,28.865,115.997,32.861,83.136,6.480,0.000,0.000,0.000,0.000,42.0,
17.11.2025,13:8:18.825,17.672,28.122,20.586,3.087,250.0,250.0,76.842,27.999,8.844,68.554,47.788,29.633,18.155,29.280,35.634,4.334,31.300,6.463,0.000,0.000,0.000,0.000,42.0,
17.11.2025,13:8:19.823,17.672,25.626,18.173,3.037,250.0,250.0,77.163,22.196,8.857,68.258,47.607,29.525,18.082,29.173,7.058,0.715,6.343,6.343,0.001,0.000,0.000,0.000,42.0,
17.11.2025,13:8:20.822,17.672,25.611,18.073,3.090,250.0,250.0,77.154,55.264,8.806,69.865,48.593,30.134,18.459,29.769,9.863,1.506,8.357,327.291,0.000,0.000,0.000,0.000,42.0,
17.11.2025,13:8:21.824,14.953,25.385,17.919,3.035,250.0,250.0,80.443,22.284,8.766,68.456,47.691,29.570,18.121,29.218,7.250,0.736,6.514,6.514,0.000,0.000,0.000,0.000,42.0,
17.11.2025,13:8:22.826,19.032,26.609,19.188,3.004,250.0,250.0,74.010,26.345,8.766,68.669,47.818,29.651,18.167,29.286,27.344,3.312,24.032,6.403,0.000,0.000,0.000,0.000,42.0,
17.11.2025,13:8:23.834,17.672,27.862,19.953,3.396,250.0,250.0,72.132,16.311,8.781,45.811,33.796,20.963,12.833,20.707,6.974,0.707,6.267,6.267,0.001,0.000,0.000,0.000,42.0,
17.11.2025,13:8:24.827,20.391,28.884,21.132,3.309,250.0,250.0,70.079,21.961,8.804,67.476,47.101,29.209,17.892,28.856,6.994,0.709,6.285,6.285,0.000,0.000,0.000,0.000,42.0,
17.11.2025,13:8:25.832,32.625,25.891,18.346,3.104,250.0,250.0,62.025,23.253,8.854,72.378,50.141,31.086,19.055,30.709,7.006,0.713,6.293,6.293,0.000,0.000,0.000,0.000,42.0,
17.11.2025,13:8:26.825,19.032,26.896,19.388,3.066,250.0,250.0,78.173,23.192,8.867,72.144,49.994,31.000,18.994,30.624,7.002,0.709,6.293,6.293,0.000,0.000,0.000,0.000,42.0,
17.11.2025,13:8:27.825,16.313,24.584,17.138,3.048,250.0,250.0,79.772,23.721,8.892,73.682,50.975,31.608,19.367,31.231,7.449,0.830,6.619,6.556,0.000,0.000,0.000,0.000,42.0,
17.11.2025,13:8:28.821,14.953,25.528,18.074,3.021,250.0,250.0,77.971,23.346,8.851,72.668,50.318,31.197,19.121,30.820,7.067,0.715,6.352,6.352,0.000,0.000,0.000,0.000,42.0,
17.11.2025,13:8:29.821,14.953,25.528,18.074,3.021,250.0,250.0,78.337,23.698,8.831,74.083,51.204,31.749,19.455,31.360,7.003,0.710,6.293,6.293,0.000,0.000,0.000,0.000,42.0,
17.11.2025,13:8:30.821,24.469,25.277,17.794,3.033,250.0,250.0,82.434,36.487,8.851,69.121,48.141,29.857,18.284,29.492,77.421,27.878,49.543,6.285,0.000,0.000,0.000,0.000,42.0,
17.11.2025,13:8:31.828,38.063,26.075,18.646,3.013,250.0,250.0,79.631,24.274,8.786,76.242,52.494,32.552,19.942,32.162,7.079,0.727,6.352,6.403,0.000,0.000,0.000,0.000,42.0,
17.11.2025,13:8:32.831,25.829,26.008,18.548,3.023,250.0,250.0,79.982,23.309,8.769,72.673,50.273,31.170,19.103,30.793,7.002,0.709,6.293,6.310,0.000,0.000,0.000,0.000,42.0,
17.11.2025,13:8:33.826,16.313,24.571,17.092,3.026,250.0,250.0,81.858,45.546,8.767,73.306,50.670,31.418,19.252,31.041,117.361,33.401,83.960,6.285,0.000,0.000,0.000,0.000,42.0,
17.11.2025,13:8:34.831,19.032,26.338,18.889,3.026,250.0,250.0,78.471,23.515,8.797,73.364,50.728,31.455,19.273,31.066,7.057,0.722,6.335,6.352,0.000,0.000,0.000,2.375,42.0,
17.11.2025,13:8:35.826,24.469,26.920,19.449,3.054,250.0,250.0,81.426,26.337,8.806,55.471,39.725,24.633,15.092,24.341,7.074,0.789,6.285,81.152,0.000,0.000,0.000,0.000,42.0,
17.11.2025,13:8:36.823,21.750,25.765,18.160,3.076,250.0,250.0,79.343,23.695,8.844,73.945,51.113,31.697,19.416,31.308,7.092,0.731,6.361,6.446,0.000,0.000,0.000,0.375,42.0,
17.11.2025,13:8:37.934,24.469,26.787,19.306,3.042,250.0,250.0,82.426,47.848,8.805,75.655,52.131,32.324,19.807,31.935,125.626,34.763,90.863,6.573,0.000,0.000,0.000,0.375,42.0,
17.11.2025,13:8:38.942,32.625,26.719,19.249,3.042,250.0,250.0,86.742,23.756,8.746,74.274,51.240,31.770,19.470,31.393,7.108,0.730,6.378,6.454,0.000,0.000,0.000,0.000,42.0,
17.11.2025,13:8:39.939,25.829,28.328,20.844,3.021,250.0,250.0,79.164,23.485,8.745,73.334,50.665,31.415,19.250,31.039,7.027,0.717,6.310,6.343,0.000,0.000,0.000,0.000,42.0,
17.11.2025,13:8:40.933,23.110,26.350,18.898,3.041,250.0,250.0,82.888,45.872,8.780,74.736,51.544,31.961,19.583,31.572,116.886,31.876,85.010,6.769,0.000,0.000,0.000,0.000,42.0,
17.11.2025,13:8:41.931,23.110,26.284,18.787,3.036,250.0,250.0,78.932,23.758,8.806,74.265,51.289,31.802,19.487,31.413,7.081,0.729,6.352,6.352,0.000,0.000,0.000,0.000,42.0,
17.11.2025,13:8:42.929,29.907,24.861,17.422,3.043,250.0,250.0,78.733,23.919,8.822,74.918,51.707,32.055,19.652,31.666,7.031,0.721,6.310,6.310,0.000,0.000,0.000,0.000,42.0,
17.11.2025,13:8:43.929,17.672,24.377,16.896,3.029,250.0,250.0,82.560,30.435,8.766,48.549,35.442,21.976,13.466,21.721,7.335,0.779,6.556,139.757,0.000,0.000,0.000,0.000,42.0,
17.11.2025,13:8:44.942,16.313,25.086,17.602,3.024,250.0,250.0,78.434,23.596,8.770,73.713,50.918,31.571,19.347,31.182,7.058,0.715,6.343,6.343,0.000,0.000,0.000,0.000,42.0,
17.11.2025,13:8:45.939,16.313,26.185,18.696,3.035,250.0,250.0,79.984,25.611,8.824,81.412,55.709,34.549,21.160,34.135,7.011,0.709,6.302,6.302,0.000,0.000,0.000,0.000,42.0,
17.11.2025,13:8:46.936,16.313,26.161,18.745,3.020,250.0,250.0,82.054,31.648,8.843,72.866,50.440,31.280,19.160,30.903,48.350,17.696,30.654,6.285,0.000,0.000,0.000,0.000,42.0,
17.11.2025,13:8:47.939,24.469,27.025,19.566,3.045,250.0,250.0,78.689,23.704,8.894,73.934,51.134,31.706,19.428,31.317,7.118,0.732,6.386,6.386,0.000,0.000,0.000,0.000,42.0,
17.11.2025,13:8:48.938,16.313,26.851,19.357,3.014,250.0,250.0,78.756,23.766,8.978,74.189,51.342,31.837,19.505,31.460,7.022,0.712,6.310,6.310,0.000,0.000,0.000,0.000,42.0,
17.11.2025,13:8:49.934,16.313,26.393,18.915,3.057,250.0,250.0,82.158,23.603,8.990,69.609,48.535,30.094,18.441,29.741,12.155,2.385,9.770,6.313,0.000,0.000,0.000,0.000,42.0,
17.11.2025,13:8:50.933,19.032,25.619,18.168,3.018,250.0,250.0,78.468,23.917,8.966,74.691,51.652,32.027,19.625,31.638,7.080,0.728,6.352,6.412,0.000,0.000,0.000,0.000,42.0,
17.11.2025,13:8:51.933,23.110,26.077,18.603,3.052,250.0,250.0,82.274,23.129,8.955,71.802,49.845,30.904,18.941,30.527,6.994,0.709,6.285,6.327,0.000,0.000,0.000,0.000,42.0,
17.11.2025,13:8:52.932,13.594,25.677,18.181,3.039,250.0,250.0,77.870,47.769,8.816,75.462,52.025,32.263,19.762,31.874,125.343,34.595,90.748,6.802,0.000,0.000,0.000,0.000,42.0,
17.11.2025,13:8:53.934,20.391,25.466,17.979,3.083,250.0,250.0,78.461,23.559,8.845,73.522,50.842,31.529,19.313,31.140,7.030,0.712,6.318,6.335,0.000,0.000,0.000,0.000,42.0,
17.11.2025,13:8:54.933,14.953,27.559,20.073,3.066,250.0,250.0,81.197,34.226,8.858,73.574,50.867,31.546,19.321,31.157,60.327,22.402,37.925,6.285,0.000,0.000,0.000,0.000,42.0,
17.11.2025,13:8:55.929,17.672,24.558,17.064,3.080,250.0,250.0,78.569,23.543,8.872,73.172,50.652,31.412,19.240,31.035,7.300,0.835,6.465,6.446,0.000,0.000,0.000,0.000,42.0,
17.11.2025,13:8:56.930,17.672,25.847,18.314,3.077,250.0,250.0,81.273,23.815,8.846,74.435,51.414,31.877,19.537,31.500,7.101,0.749,6.352,6.335,0.000,0.000,0.000,0.000,42.0,
17.11.2025,13:8:57.931,17.672,26.972,19.481,3.073,250.0,250.0,78.774,47.206,8.941,73.207,50.706,31.438,19.268,31.061,125.389,34.690,90.699,6.658,0.000,0.000,0.000,0.000,42.0,
17.11.2025,13:8:58.930,17.672,26.055,18.596,3.044,250.0,250.0,80.203,23.394,8.884,72.851,50.445,31.283,19.162,30.906,7.039,0.712,6.327,6.327,0.000,0.000,0.000,0.000,42.0,
17.11.2025,13:8:59.929,16.313,27.190,19.701,3.054,250.0,250.0,78.564,23.249,8.878,72.055,49.960,30.978,18.982,30.601,7.270,0.773,6.497,6.497,0.000,0.000,0.000,0.000,42.0,
17.11.2025,13:9:0.942,27.188,26.096,18.623,3.035,250.0,250.0,81.946,23.532,8.845,73.435,50.797,31.502,19.295,31.125,7.011,0.709,6.302,6.302,0.001,0.000,0.000,0.125,42.0,
17.11.2025,13:9:1.939,21.750,28.818,21.258,3.087,250.0,250.0,82.113,23.565,8.883,73.472,50.839,31.518,19.321,31.141,7.064,0.721,6.343,6.343,0.000,0.000,0.000,0.000,42.0,
17.11.2025,13:9:2.941,16.313,25.399,17.895,3.065,250.0,250.0,78.435,18.757,8.956,55.005,39.551,24.527,15.024,24.235,6.994,0.709,6.285,6.285,0.000,0.000,0.000,0.000,42.0,
17.11.2025,13:9:3.937,23.110,27.807,20.371,3.044,250.0,250.0,82.344,27.551,8.919,73.108,50.622,31.390,19.232,31.013,27.398,3.511,23.887,6.429,0.000,0.000,0.000,0.000,42.0,
17.11.2025,13:9:4.936,24.469,26.470,18.979,3.037,250.0,250.0,78.742,23.369,8.956,72.667,50.397,31.242,19.155,30.865,7.039,0.712,6.327,6.327,0.000,0.000,2.250,0.000,42.0,
17.11.2025,13:9:5.938,19.032,26.516,19.024,3.032,250.0,250.0,81.570,23.531,8.869,73.226,50.674,31.428,19.246,31.052,7.183,0.737,6.446,6.446,0.000,0.003,0.000,0.000,42.0,
17.11.2025,13:9:6.934,24.469,26.935,19.461,3.046,250.0,250.0,79.968,37.148,8.837,73.392,50.774,31.481,19.293,31.104,33.362,10.727,22.635,89.878,0.000,0.000,0.000,0.000,42.0,
17.11.2025,13:9:7.943,25.829,25.665,18.205,3.049,250.0,250.0,80.703,23.837,8.799,74.527,51.440,31.903,19.537,31.514,7.126,0.732,6.394,6.394,0.000,0.000,0.000,0.000,42.0,
17.11.2025,13:9:8.937,13.594,25.831,18.341,3.046,250.0,250.0,78.197,23.427,8.822,73.056,50.532,31.338,19.194,30.961,7.022,0.712,6.310,6.327,0.001,0.000,0.000,0.000,42.0,
17.11.2025,13:9:9.935,17.672,25.842,18.354,3.051,250.0,250.0,82.057,23.427,8.851,74.176,51.262,31.786,19.476,31.397,74.241,14.124,60.117,6.692,0.000,0.000,0.000,0.000,42.0,
17.11.2025,13:9:10.934,17.672,27.624,20.139,3.036,250.0,250.0,78.920,37.212,8.886,74.770,51.660,32.028,19.632,31.639,7.028,0.718,6.310,6.327,0.000,0.000,0.000,0.000,42.0,
17.11.2025,13:9:11.935,17.672,25.099,17.598,3.068,250.0,250.0,78.920,23.900,8.886,74.770,51.660,32.028,19.632,31.639,7.028,0.718,6.310,6.327,0.000,0.000,0.000,0.000,42.0,
17.11.2025,13:9:12.932,25.829,28.143,20.633,3.059,250.0,250.0,82.962,23.607,8.867,73.665,50.932,31.585,19.347,31.196,7.064,0.721,6.343,6.352,0.000,0.000,0.000,0.000,42.0,
17.11.2025,13:9:13.931,20.391,32.956,25.206,3.286,250.0,250.0,82.386,47.371,8.929,73.812,51.090,31.681,19.409,31.292,125.405,34.692,90.713,6.692,0.000,0.000,0.000,0.000,42.0,
17.11.2025,13:9:14.929,17.672,26.583,19.061,3.132,250.0,250.0,79.092,23.584,8.867,73.591,50.909,31.564,19.345,31.187,7.031,0.713,6.318,6.318,0.000,0.000,0.000,0.000,42.0,
17.11.2025,13:9:15.944,17.672,27.342,19.773,3.115,250.0,250.0,82.310,36.567,8.832,75.272,51.921,32.190,19.731,31.801,69.627,12.493,57.134,6.667,0.000,0.000,0.000,0.000,42.0,
17.11.2025,13:9:16.942,16.313,27.288,19.778,3.078,250.0,250.0,78.752,23.744,8.819,74.247,51.283,31.805,19.478,31.416,7.031,0.713,6.318,6.327,0.000,0.000,0.000,0.000,42.0,
17.11.2025,13:9:17.939,16.313,27.418,19.932,3.067,250.0,250.0,82.963,23.629,8.796,73.663,50.903,31.560,19.343,31.183,7.188,0.734,6.454,6.463,0.000,0.000,0.000,0.000,42.0,
17.11.2025,13:9:18.938,19.032,26.967,19.372,3.137,250.0,250.0,79.842,23.543,8.793,73.523,50.814,31.502,19.312,31.125,7.023,0.713,6.310,6.310,0.000,0.000,0.000,0.000,42.0,
17.11.2025,13:9:19.942,24.469,25.174,17.624,3.123,250.0,250.0,81.216,22.758,8.794,70.405,48.906,30.326,18.580,29.962,7.108,0.722,6.386,6.386,0.000,0.000,0.000,0.000,42.0,
17.11.2025,13:9:20.943,17.672,25.790,18.320,3.032,250.0,250.0,78.003,22.575,8.817,69.754,48.507,30.077,18.430,29.725,7.050,0.715,6.335,6.335,0.000,0.000,0.000,0.000,42.0,
17.11.2025,13:9:21.931,20.391,26.872,19.379,3.051,250.0,250.0,77.453,22.753,8.891,70.395,48.957,30.364,18.593,30.000,7.012,0.710,6.302,6.302,0.000,0.000,0.000,0.000,42.0,
17.11.2025,13:9:22.934,23.110,26.313,18.872,3.041,250.0,250.0,81.263,22.446,8.852,69.182,48.184,29.878,18.306,29.514,7.088,0.719,6.369,6.369,0.000,0.000,2.125,0.000,42.0,
17.11.2025,13:9:23.931,16.313,25.705,18.215,3.053,250.0,250.0,77.069,22.616,8.783,69.975,48.641,30.158,18.483,29.793,7.013,0.711,6.302,6.302,0.000,0.000,0.000,1.500,42.0,
17.11.2025,13:9:24.930,24.469,24.695,17.216,3.040,250.0,250.0,74.239,22.394,8.770,69.141,48.109,29.828,18.281,29.464,7.021,0.719,6.302,6.302,0.000,0.000,0.000,0.000,42.0,
17.11.2025,13:9:25.942,21.750,31.006,22.919,3.583,250.0,250.0,73.245,22.286,8.768,68.668,47.811,29.642,18.169,29.290,7.081,0.729,6.352,6.352,0.000,0.000,0.000,0.000,42.0,
17.11.2025,13:9:26.942,21.750,26.335,18.767,3.105,250.0,250.0,73.315,22.264,8.854,68.505,47.765,29.615,18.150,29.262,7.072,0.729,6.343,6.343,0.000,0.000,0.000,0.000,42.0,
17.11.2025,13:9:27.940,39.422,26.143,18.573,3.135,250.0,250.0,63.095,23.497,8.866,73.295,50.705,31.446,19.259,31.069,7.013,0.711,6.302,6.302,0.000,0.000,0.375,0.000,42.0,
17.11.2025,13:9:28.937,17.672,27.655,20.126,3.081,250.0,250.0,81.651,47.420,8.817,74.256,51.279,31.800,19.479,31.411,125.326,34.749,90.577,6.505,0.000,0.000,0.000,0.000,42.0,
17.11.2025,13:9:29.931,23.110,25.818,18.351,3.049,250.0,250.0,78.731,23.649,8.793,73.892,51.029,31.638,19.391,31.261,7.070,0.727,6.343,6.343,0.000,0.000,0.000,0.000,42.0,
17.11.2025,13:9:30.930,19.032,26.453,18.956,3.063,250.0,250.0,81.836,14.524,8.756,38.840,29.518,18.299,11.219,18.080,7.127,0.851,6.276,6.276,0.000,0.000,0.000,0.000,42.0,
17.11.2025,13:9:31.943,19.032,25.665,18.152,3.103,250.0,250.0,78.421,23.652,8.815,73.908,51.051,31.653,19.398,31.265,7.037,0.719,6.318,6.352,0.000,0.000,0.000,0.000,42.0,
17.11.2025,13:9:32.943,20.391,26.530,18.940,3.114,250.0,250.0,81.854,46.903,8.806,73.532,50.820,31.518,19.302,31.141,123.686,34.215,89.471,6.539,0.000,0.000,0.000,0.000,42.0,
17.11.2025,13:9:33.944,19.032,25.690,18.147,3.127,250.0,250.0,78.772,24.005,8.905,75.170,51.911,32.187,19.724,31.798,7.023,0.713,6.310,6.310,0.000,0.000,0.000,0.000,42.0,
17.11.2025,13:9:34.939,17.672,28.562,21.056,3.100,250.0,250.0,82.662,23.766,8.828,74.307,51.310,31.814,19.496,31.425,7.059,0.716,6.343,6.361,0.000,0.000,0.000,0.000,42.0,
17.11.2025,13:9:35.936,16.313,26.287,18.764,3.086,250.0,250.0,81.967,25.276,8.926,73.651,50.980,31.617,19.363,31.228,15.184,2.000,13.184,6.624,0.000,0.000,0.000,0.000,42.0,
17.11.2025,13:9:36.932,25.829,26.155,18.634,3.079,250.0,250.0,81.349,23.443,8.939,73.030,50.579,31.366,19.213,30.989,7.003,0.710,6.293,6.310,0.000,0.000,0.000,0.000,42.0,
17.11.2025,13:9:37.930,25.829,25.648,18.135,3.094,250.0,250.0,79.486,23.786,8.881,74.314,51.358,31.843,19.515,31.454,7.064,0.721,6.343,6.369,0.000,0.000,0.000,0.000,42.0,
17.11.2025,13:9:38.941,17.672,27.406,19.935,3.078,250.0,250.0,81.983,23.355,8.792,72.667,50.275,31.183,19.092,30.806,7.166,0.737,6.429,6.403,0.000,0.000,0.000,0.000,42.0,
17.11.2025,13:9:39.937,21.750,27.424,19.909,3.041,250.0,250.0,80.900,35.911,8.780,58.921,41.843,25.945,15.898,25.629,46.458,17.423,29.035,89.176,0.000,0.000,0.000,0.000,42.0,
17.11.2025,13:9:40.931,17.672,25.354,17.877,3.072,250.0,250.0,78.603,23.562,8.780,73.580,50.838,31.519,19.319,31.142,7.052,0.717,6.335,6.343,0.000,0.000,0.000,0.000,42.0,
17.11.2025,13:9:41.940,19.032,29.025,21.490,3.061,250.0,250.0,81.947,31.011,8.806,74.150,51.204,31.746,19.458,31.369,43.425,5.698,37.727,6.530,0.000,0.000,0.000,0.000,42.0,
17.11.2025,13:9:42.937,20.391,27.318,19.816,3.076,250.0,250.0,80.004,23.435,8.794,73.139,50.561,31.350,19.211,30.973,7.011,0.709,6.302,6.302,0.000,0.000,0.000,0.000,42.0,
17.11.2025,13:9:43.934,20.391,26.997,19.555,3.043,250.0,250.0,80.581,23.474,8.793,73.142,50.575,31.364,19.211,30.975,7.138,0.735,6.403,6.403,0.000,0.000,0.375,0.000,42.0,
17.11.2025,13:9:44.939,17.672,25.155,17.656,3.101,250.0,250.0,78.303,23.765,8.854,74.296,51.315,31.825,19.490,31.436,7.050,0.715,6.335,6.335,0.000,0.000,0.000,0.000,42.0,
17.11.2025,13:9:45.938,20.391,25.933,18.466,3.048,250.0,250.0,82.172,47.457,8.838,74.137,51.223,31.759,19.464,31.370,125.557,34.770,90.787,6.667,0.000,0.000,0.000,0.000,42.0,
17.11.2025,13:9:46.939,20.391,27.354,19.838,3.073,250.0,250.0,78.696,23.710,8.830,74.083,51.177,31.732,19.445,31.355,7.069,0.726,6.343,6.343,0.000,0.000,0.000,0.000,42.0,
17.11.2025,13:9:47.944,14.953,26.160,18.707,3.027,250.0,250.0,82.047,47.375,8.778,74.059,51.130,31.706,19.424,31.317,125.327,34.499,90.828,6.683,0.000,0.000,0.000,0.000,42.0,
17.11.2025,13:9:48.940,16.313,27.800,20.270,3.102,250.0,250.0,78.275,23.632,8.805,73.663,50.909,31.561,19.348,31.184,7.245,0.797,6.448,6.361,0.000,0.000,0.000,0.000,42.0,
17.11.2025,13:9:49.940,19.032,26.157,18.686,3.027,250.0,250.0,82.111,25.946,8.823,67.738,47.285,29.316,17.969,28.964,26.487,7.358,19.129,6.387,0.000,0.000,0.000,0.000,42.0,
17.11.2025,13:9:50.936,16.313,27.081,19.570,3.078,250.0,250.0,78.485,23.194,8.816,72.042,49.902,30.947,18.955,30.570,7.146,0.726,6.420,6.420,0.000,0.000,0.000,0.000,42.0,
17.11.2025,13:9:51.935,19.032,26.840,19.409,3.014,250.0,250.0,80.094,23.962,8.838,75.026,51.770,32.100,19.670,31.711,7.099,0.748,6.351,6.310,0.000,0.000,0.000,0.000,42.0,
17.11.2025,13:9:52.935,12.235,25.185,17.711,3.052,250.0,250.0,80.419,23.482,8.801,73.054,50.533,31.328,19.205,30.952,7.244,0.806,6.438,6.463,0.000,0.000,0.000,0.000,42.0,
17.11.2025,13:9:53.933,21.750,25.651,18.199,3.003,250.0,250.0,74.253,13.611,8.729,35.372,27.352,16.965,10.387,16.758,7.141,0.721,6.420,6.267,0.000,0.000,0.000,0.000,42.0,
17.11.2025,13:9:54.930,14.953,27.907,20.373,3.074,250.0,250.0,74.905,23.663,8.783,73.957,51.070,31.673,19.397,31.284,7.058,0.723,6.335,6.352,0.000,0.000,0.000,0.000,42.0,
17.11.2025,13:9:55.942,17.672,28.413,20.863,3.111,250.0,250.0,81.135,28.061,8.780,65.623,45.952,28.490,17.462,28.150,36.874,12.542,24.332,12.403,0.000,0.000,0.000,0.000,42.0,
17.11.2025,13:9:56.932,19.032,27.190,19.715,3.074,250.0,250.0,79.190,23.552,8.840,73.490,50.827,31.515,19.312,31.138,7.030,0.712,6.318,6.343,0.000,0.000,0.000,0.000,42.0,
17.11.2025,13:9:57.930,35.344,26.340,18.870,3.052,250.0,250.0,81.794,29.555,8.805,73.278,50.670,31.418,19.252,31.041,37.251,4.949,32.302,6.582,0.000,0.000,0.000,0.000,42.0,
17.11.2025,13:9:58.940,28.547,28.630,21.116,3.096,250.0,250.0,78.337,23.486,8.889,73.205,50.683,31.431,19.252,31.042,7.022,0.712,6.310,6.310,0.000,0.000,2.250,0.000,42.0,
17.11.2025,13:9:59.938,33.985,27.167,19.628,3.087,250.0,250.0,81.803,25.194,8.881,73.459,50.829,31.511,19.318,31.134,15.145,1.965,13.180,6.522,0.000,0.000,0.000,0.000,42.0,
17.11.2025,13:10:0.930,19.032,26.663,19.166,3.077,250.0,250.0,78.600,23.347,8.855,72.700,50.350,31.217,19.133,30.840,7.030,0.712,6.318,6.318,0.000,0.000,0.000,0.000,42.0,
17.11.2025,13:10:1.934,32.625,27.238,19.722,3.068,250.0,250.0,82.117,31.304,8.785,72.682,50.278,31.181,19.097,30.804,46.844,6.139,40.705,6.522,0.000,0.000,0.000,0.000,42.0,
17.11.2025,13:10:2.934,6.797,24.354,16.850,3.085,250.0,250.0,78.691,23.676,8.808,73.998,51.116,31.698,19.418,31.321,7.039,0.712,6.327,6.327,0.000,0.000,0.000,0.000,42.0,
17.11.2025,13:10:3.933,21.750,28.748,21.266,3.069,250.0,250.0,82.588,23.824,8.809,74.463,51.425,31.884,19.541,31.494,7.118,0.732,6.386,6.386,0.000,0.000,0.000,0.000,42.0,
17.11.2025,13:10:4.944,20.391,26.016,18.450,3.101,250.0,250.0,82.370,39.257,8.845,72.908,50.462,31.291,19.171,30.915,86.264,29.430,56.834,6.446,0.000,0.000,0.000,0.000,42.0,
17.11.2025,13:10:5.938,20.391,26.227,18.755,3.067,250.0,250.0,78.208,23.845,8.910,74.546,51.519,31.950,19.569,31.561,7.039,0.721,6.318,6.318,0.000,0.000,0.000,0.000,42.0,
17.11.2025,13:10:6.937,27.188,26.605,19.136,3.032,250.0,250.0,81.411,23.217,8.853,42.005,31.457,19.510,11.947,19.279,7.391,0.818,6.573,84.340,0.000,0.000,0.000,0.000,42.0,
17.11.2025,13:10:7.935,16.313,26.610,19.118,3.048,250.0,250.0,77.633,23.324,8.833,72.620,50.264,31.172,19.092,30.796,7.059,0.716,6.343,6.343,0.000,0.000,0.000,0.000,42.0,
17.11.2025,13:10:8.933,29.907,25.018,17.569,3.050,250.0,250.0,79.545,18.549,8.825,54.337,39.063,24.222,14.841,23.930,6.995,0.710,6.285,6.285,0.000,0.000,0.000,0.000,42.0,
17.11.2025,13:10:9.929,17.672,25.116,17.630,3.031,250.0,250.0,79.276,42.969,8.784,67.676,47.215,29.275,17.940,28.922,111.797,32.603,79.194,6.285,0.000,0.000,0.000,0.000,42.0,
17.11.2025,13:10:10.929,39.422,27.526,20.074,3.048,250.0,250.0,78.105,23.652,8.786,73.908,51.036,31.650,19.386,31.273,7.059,0.716,6.343,6.361,0.000,0.000,0.000,0.000,42.0,
17.11.2025,13:10:11.942,21.750,25.654,18.139,3.053,250.0,250.0,81.926,14.849,8.788,40.159,30.320,18.802,11.518,18.570,7.022,0.712,6.310,6.285,0.000,0.000,0.000,0.000,42.0,
17.11.2025,13:10:12.941,17.672,27.724,20.205,3.068,250.0,250.0,77.691,23.468,8.858,73.094,50.581,31.363,19.218,30.986,7.091,0.730,6.361,6.403,0.000,0.000,0.000,0.000,42.0,
17.11.2025,13:10:13.942,21.750,26.733,19.222,3.073,250.0,250.0,78.889,23.366,8.868,72.741,50.357,31.230,19.127,30.853,7.063,0.720,6.343,6.361,0.001,0.000,0.000,0.000,42.0,
17.11.2025,13:10:14.939,21.750,26.725,19.221,3.082,250.0,250.0,76.626,23.590,8.835,73.677,50.940,31.585,19.355,31.196,7.002,0.709,6.293,6.310,0.000,0.000,0.000,0.000,42.0,
17.11.2025,13:10:15.935,28.547,26.704,19.237,3.045,250.0,250.0,81.273,86.686,8.785,69.436,48.306,29.954,18.352,29.589,117.423,33.349,84.074,427.589,0.000,0.000,0.000,0.000,42.0,
17.11.2025,13:10:16.934,28.547,26.704,19.237,3.045,250.0,250.0,77.820,23.397,8.821,72.889,50.426,31.272,19.154,30.895,7.079,0.718,6.361,6.361,0.000,0.000,0.000,2.375,42.0,
17.11.2025,13:10:17.932,28.547,28.234,20.707,3.094,250.0,250.0,77.476,23.280,8.869,72.412,50.190,31.113,19.077,30.736,7.039,0.712,6.327,6.327,0.000,0.000,0.000,0.000,42.0,
17.11.2025,13:10:18.931,29.907,28.432,20.928,3.105,250.0,250.0,81.349,23.326,8.854,72.376,50.119,31.085,19.034,30.708,7.318,0.827,6.491,6.446,0.000,0.000,0.000,0.000,42.0,
17.11.2025,13:10:19.944,17.672,26.250,18.661,3.121,250.0,250.0,80.660,32.208,8.879,77.817,53.512,33.179,20.333,32.791,7.067,0.774,6.293,81.434,0.000,0.000,0.000,0.000,42.0,
17.11.2025,13:10:20.940,16.313,27.269,19.769,3.089,250.0,250.0,79.342,22.133,8.953,67.902,47.458,29.421,18.037,29.068,7.067,0.715,6.352,6.352,0.000,0.000,0.000,0.000,42.0,
17.11.2025,13:10:21.939,17.672,26.617,19.060,3.133,250.0,250.0,77.057,22.309,8.964,68.568,47.882,29.687,18.195,29.322,7.062,0.719,6.343,6.343,0.000,0.000,0.000,0.000,42.0,
17.11.2025,13:10:22.934,21.750,25.270,17.800,3.063,250.0,250.0,77.061,22.304,8.956,68.602,47.895,29.696,18.199,29.331,7.026,0.716,6.310,6.310,0.000,0.000,0.000,0.000,42.0,
17.11.2025,13:10:23.935,33.985,26.264,18.766,3.087,250.0,250.0,80.121,44.193,8.891,68.309,47.663,29.558,18.105,29.205,116.709,33.038,83.671,6.777,0.000,0.000,0.000,0.000,42.0,
17.11.2025,13:10:24.939,17.672,24.531,16.999,3.094,250.0,250.0,77.649,22.709,8.846,70.292,48.879,30.315,18.564,29.951,6.983,0.707,6.276,6.276,0.000,0.000,0.000,0.000,42.0,
17.11.2025,13:10:25.932,17.672,28.017,20.469,3.076,250.0,250.0,71.113,22.195,8.905,68.204,47.608,29.513,18.095,29.161,7.060,0.717,6.343,6.343,0.000,0.000,0.000,0.000,42.0,
17.11.2025,13:10:26.943,28.547,27.917,20.236,3.280,250.0,250.0,73.731,13.450,8.840,34.548,26.918,16.688,10.230,16.480,7.265,0.735,6.530,6.267,0.000,0.000,0.000,0.000,42.0,
17.11.2025,13:10:27.930,14.953,28.778,20.742,3.517,250.0,250.0,73.405,13.288,8.780,34.218,26.681,16.546,10.135,16.338,6.984,0.725,6.259,6.216,0.000,0.000,0.000,0.000,42.0,
17.11.2025,13:10:28.941,17.672,25.992,18.505,3.044,250.0,250.0,64.186,47.193,8.815,73.469,50.798,31.504,19.294,31.127,125.127,34.595,90.532,6.674,0.000,0.000,0.000,0.000,42.0,
17.11.2025,13:10:29.937,17.672,26.472,18.888,3.116,250.0,250.0,79.024,23.256,8.840,72.373,50.136,31.095,19.041,30.719,7.022,0.712,6.310,6.310,0.000,0.000,0.000,0.000,42.0,
17.11.2025,13:10:30.934,31.266,26.280,18.802,3.072,250.0,250.0,81.756,46.995,8.820,72.615,50.260,31.157,19.103,30.781,125.282,34.624,90.658,6.650,0.000,0.000,0.000,0.000,42.0,
17.11.2025,13:10:31.934,14.953,32.832,25.089,3.259,250.0,250.0,78.824,23.424,8.849,73.019,50.530,31.332,19.198,30.955,7.022,0.712,6.310,6.310,0.000,0.000,0.000,0.000,42.0,
17.11.2025,13:10:32.930,17.672,28.701,21.137,3.150,250.0,250.0,81.019,47.301,8.818,73.510,50.811,31.505,19.306,31.128,125.626,35.007,90.619,6.683,0.001,0.000,0.000,0.000,42.0,
17.11.2025,13:10:33.937,17.672,27.025,19.497,3.093,250.0,250.0,80.691,23.310,8.809,72.641,50.274,31.178,19.096,30.801,7.002,0.709,6.293,6.302,0.000,0.000,0.000,0.000,42.0,
17.11.2025,13:10:34.942,21.750,27.332,19.761,3.110,250.0,250.0,81.053,23.514,8.820,73.327,50.714,31.447,19.267,31.070,7.058,0.715,6.343,6.378,0.000,0.000,0.000,0.000,42.0,
17.11.2025,13:10:35.929,16.313,27.003,19.519,3.078,250.0,250.0,81.402,44.941,8.794,72.423,50.115,31.070,19.045,30.694,115.353,30.950,84.403,6.565,0.000,0.000,0.375,0.000,42.0,
17.11.2025,13:10:36.941,19.032,26.290,18.776,3.077,250.0,250.0,77.625,23.517,8.828,73.387,50.751,31.476,19.275,31.099,7.022,0.712,6.310,6.310,0.000,0.000,0.000,0.000,42.0,
17.11.2025,13:10:37.939,16.313,25.652,18.166,3.035,250.0,250.0,80.637,23.691,8.781,74.003,51.089,31.674,19.415,31.297,7.129,0.735,6.394,6.394,0.000,0.000,0.000,0.000,42.0,
17.11.2025,13:10:38.936,13.594,24.500,17.011,3.034,250.0,250.0,81.989,23.159,8.802,72.075,49.923,30.950,18.973,30.573,7.002,0.709,6.293,6.293,0.000,0.000,1.500,0.000,42.0,
17.11.2025,13:10:39.928,27.188,25.504,17.994,3.078,250.0,250.0,81.542,28.132,8.842,72.766,50.375,31.234,19.141,30.857,30.846,4.135,26.711,6.412,0.000,0.000,0.000,0.000,42.0,
17.11.2025,13:10:40.944,19.032,29.035,21.562,3.076,250.0,250.0,77.930,23.497,8.841,73.299,50.704,31.441,19.263,31.064,7.022,0.712,6.310,6.310,0.000,0.003,0.000,0.000,42.0,
17.11.2025,13:10:41.942,17.672,26.364,18.835,3.061,250.0,250.0,81.458,23.695,8.828,73.923,51.083,31.678,19.405,31.289,7.189,0.783,6.406,6.361,0.000,0.000,0.000,0.500,42.0,
17.11.2025,13:10:42.932,27.188,25.113,17.634,3.067,250.0,250.0,78.415,23.699,8.963,73.925,51.161,31.725,19.436,31.348,7.049,0.714,6.335,6.335,0.000,0.000,0.000,0.000,42.0,
17.11.2025,13:10:43.937,16.313,27.820,20.268,3.081,250.0,250.0,81.582,46.617,9.095,71.237,49.575,30.737,18.838,30.372,124.872,34.271,90.601,6.573,0.000,0.000,0.000,0.000,42.0,
17.11.2025,13:10:44.933,20.391,25.793,18.346,3.051,250.0,250.0,78.050,23.508,8.962,73.213,50.725,31.459,19.266,31.082,7.022,0.712,6.310,6.327,0.000,0.000,0.000,0.000,42.0,
17.11.2025,13:10:45.931,21.750,25.985,18.490,3.031,250.0,250.0,81.566,23.717,8.904,73.994,51.186,31.745,19.441,31.356,7.080,0.719,6.361,6.386,0.000,0.000,0.000,0.000,42.0,
17.11.2025,13:10:46.932,17.672,27.210,19.751,3.039,250.0,250.0,81.566,23.717,8.904,73.994,51.186,31.745,19.441,31.356,7.080,0.719,6.361,6.386,0.000,0.000,0.000,0.000,42.0,
17.11.2025,13:10:47.942,17.672,24.849,17.388,3.055,250.0,250.0,77.958,33.827,8.914,85.979,58.533,36.298,22.235,35.860,36.863,12.674,24.189,16.730,0.000,0.000,0.000,1.250,42.0,
17.11.2025,13:10:48.938,20.391,27.835,20.319,3.043,250.0,250.0,77.935,23.319,8.879,72.564,50.257,31.168,19.089,30.791,7.046,0.719,6.327,6.352,0.000,0.000,0.000,0.000,42.0,
17.11.2025,13:10:49.934,17.672,24.501,17.055,3.047,250.0,250.0,80.863,70.678,8.865,59.660,42.315,26.240,16.075,25.924,46.242,17.287,28.955,435.217,0.000,0.000,1.125,0.000,42.0,
17.11.2025,13:10:50.943,32.625,26.582,19.109,3.048,250.0,250.0,79.040,23.224,8.878,72.173,50.020,31.013,19.007,30.648,7.063,0.728,6.335,6.378,0.000,0.000,0.000,0.000,42.0,
17.11.2025,13:10:51.939,17.672,27.540,19.968,3.113,250.0,250.0,77.779,23.215,8.910,72.175,50.025,31.018,19.007,30.654,7.026,0.716,6.310,6.310,0.000,0.000,0.000,0.000,42.0,
17.11.2025,13:10:52.938,28.547,26.214,18.644,3.096,250.0,250.0,80.869,58.579,8.898,60.359,42.764,26.512,16.252,26.196,72.414,26.716,45.698,259.985,0.000,0.000,0.000,0.000,42.0,
17.11.2025,13:10:53.937,20.391,25.051,17.586,3.049,250.0,250.0,77.324,23.494,8.914,73.206,50.683,31.423,19.260,31.046,7.039,0.712,6.327,6.327,0.000,0.000,0.000,0.000,42.0,
17.11.2025,13:10:54.934,17.672,27.321,19.834,3.043,250.0,250.0,81.457,23.259,8.840,72.240,50.027,31.019,19.008,30.643,7.182,0.736,6.446,6.446,0.000,0.000,0.000,0.000,42.0,
17.11.2025,13:10:55.932,23.110,28.943,21.500,3.030,250.0,250.0,77.579,23.580,8.843,73.637,50.906,31.560,19.346,31.183,7.012,0.710,6.302,6.302,0.000,0.000,0.000,0.000,42.0,
17.11.2025,13:10:56.932,20.391,25.680,18.221,3.038,250.0,250.0,81.140,23.453,8.855,73.076,50.552,31.352,19.200,30.976,7.080,0.719,6.361,6.361,0.000,0.000,0.000,0.000,42.0,
17.11.2025,13:10:57.930,17.672,24.879,17.392,3.025,250.0,250.0,79.155,19.331,8.857,57.303,40.904,25.366,15.538,25.049,7.002,0.709,6.293,6.293,0.000,0.000,0.000,0.000,42.0,
17.11.2025,13:10:58.943,25.829,26.554,19.067,3.045,250.0,250.0,79.750,23.420,8.951,72.856,50.502,31.317,19.185,30.940,7.056,0.721,6.335,6.335,0.000,0.000,0.000,0.000,42.0,
17.11.2025,13:10:59.939,16.313,24.864,17.403,3.052,250.0,250.0,79.913,63.901,8.879,74.744,51.623,32.016,19.607,31.627,23.140,6.039,17.101,374.236,0.000,0.000,0.000,0.000,42.0,
17.11.2025,13:11:0.937,19.032,27.328,19.872,3.026,250.0,250.0,78.678,23.355,8.820,72.739,50.331,31.212,19.119,30.836,7.072,0.720,6.352,6.352,0.000,0.000,0.000,0.000,42.0,
17.11.2025,13:11:1.936,13.594,25.472,17.965,3.053,250.0,250.0,80.873,23.367,8.832,72.839,50.408,31.263,19.145,30.886,6.995,0.710,6.285,6.310,0.000,0.000,0.000,0.000,42.0,
17.11.2025,13:11:2.934,19.032,26.272,18.813,3.037,250.0,250.0,77.905,26.236,8.760,74.030,51.109,31.687,19.422,31.310,19.772,2.718,17.054,6.497,0.000,0.000,0.000,0.000,42.0,
17.11.2025,13:11:3.929,20.391,26.250,18.788,3.047,250.0,250.0,82.167,38.925,8.806,71.824,49.763,30.854,18.909,30.490,86.140,29.391,56.749,6.327,0.000,0.000,0.000,0.000,42.0,
17.11.2025,13:11:4.928,17.672,24.847,17.324,3.068,250.0,250.0,79.163,23.416,8.818,72.752,50.343,31.217,19.126,30.840,7.311,0.838,6.473,6.446,0.000,0.000,0.000,0.000,42.0,
17.11.2025,13:11:5.940,23.110,26.274,18.787,3.033,250.0,250.0,78.035,23.468,8.880,73.152,50.641,31.399,19.242,31.022,7.012,0.710,6.302,6.318,0.000,0.000,0.000,0.000,42.0,
17.11.2025,13:11:6.938,16.313,25.940,18.483,3.039,250.0,250.0,81.603,25.031,9.003,72.773,50.480,31.294,19.186,30.917,15.096,1.962,13.134,6.463,0.000,0.000,0.000,0.000,42.0,
17.11.2025,13:11:7.935,19.032,25.771,18.348,3.002,250.0,250.0,78.107,23.479,8.928,73.144,50.656,31.405,19.251,31.028,7.022,0.712,6.310,6.335,0.000,0.000,0.000,0.000,42.0,
17.11.2025,13:11:8.933,17.672,26.235,18.730,3.024,250.0,250.0,82.150,23.726,8.952,73.982,51.194,31.742,19.452,31.365,7.091,0.730,6.361,6.386,0.000,0.000,0.000,0.000,42.0,
17.11.2025,13:11:9.929,16.313,25.116,17.682,2.997,250.0,250.0,78.405,23.289,8.845,72.542,50.238,31.154,19.084,30.777,6.957,0.715,6.242,6.335,0.000,0.000,2.125,0.000,42.0,
17.11.2025,13:11:10.933,17.672,26.339,18.870,3.032,250.0,250.0,77.473,47.843,8.871,76.118,52.449,32.527,19.922,32.138,125.055,34.632,90.423,6.293,0.000,0.000,0.000,2.500,42.0,
17.11.2025,13:11:11.939,28.547,26.338,18.879,3.018,250.0,250.0,78.250,23.465,8.870,73.162,50.624,31.396,19.228,31.019,7.022,0.712,6.310,6.310,0.000,0.000,0.000,0.000,42.0,
17.11.2025,13:11:12.937,17.672,25.252,17.791,3.040,250.0,250.0,81.626,23.204,8.907,71.995,49.947,30.975,18.972,30.598,7.125,0.731,6.394,6.394,0.000,0.000,0.000,0.000,42.0,
17.11.2025,13:11:13.940,24.469,27.597,20.136,3.030,250.0,250.0,77.548,23.287,8.846,72.495,50.176,31.114,19.062,30.738,7.054,0.719,6.335,6.335,0.000,0.000,0.000,0.000,42.0,
17.11.2025,13:11:14.938,17.672,26.014,18.577,3.025,250.0,250.0,81.110,21.085,8.812,64.087,45.032,27.920,17.112,27.591,7.002,0.709,6.293,6.293,0.000,0.000,0.000,0.000,42.0,
17.11.2025,13:11:15.930,29.907,26.642,19.154,3.026,250.0,250.0,77.315,23.093,8.844,71.627,49.670,30.796,18.874,30.419,7.144,0.732,6.412,6.412,0.000,0.000,1.000,0.000,42.0,
17.11.2025,13:11:16.937,20.391,28.882,21.375,3.084,250.0,250.0,81.089,23.639,8.856,73.831,51.051,31.659,19.392,31.282,7.011,0.709,6.302,6.302,0.000,0.000,0.000,0.000,42.0,
17.11.2025,13:11:17.930,16.313,26.181,18.716,3.018,250.0,250.0,78.797,23.345,8.783,72.563,50.202,31.127,19.075,30.750,7.297,0.936,6.361,6.361,0.000,0.000,0.000,0.000,42.0,
17.11.2025,13:11:18.933,17.672,28.284,20.778,3.094,250.0,250.0,80.821,45.184,8.810,71.989,49.874,30.923,18.951,30.546,117.228,33.493,83.735,6.293,0.000,0.000,0.000,0.000,42.0,
17.11.2025,13:11:19.930,16.313,26.686,19.220,3.023,250.0,250.0,77.730,23.133,8.808,71.865,49.790,30.880,18.910,30.504,7.091,0.730,6.361,6.386,0.000,0.000,0.000,0.000,42.0,
17.11.2025,13:11:20.929,21.750,26.832,19.353,3.059,250.0,250.0,80.757,22.449,8.831,69.271,48.257,29.920,18.337,29.567,7.011,0.709,6.302,6.285,0.000,0.000,0.000,0.000,42.0,
17.11.2025,13:11:21.944,19.032,25.997,18.519,3.042,250.0,250.0,77.660,44.089,8.905,68.587,47.851,29.671,18.180,29.306,116.050,32.846,83.204,6.293,0.000,0.000,0.000,1.000,42.0,
17.11.2025,13:11:22.958,14.953,25.445,17.976,3.018,250.0,250.0,75.108,41.064,8.867,89.490,60.685,37.631,23.054,37.169,73.731,26.410,47.321,6.285,0.000,0.000,0.500,0.000,42.0,
17.11.2025,13:11:23.958,23.110,25.088,17.654,2.997,250.0,250.0,80.424,22.203,8.797,68.181,47.541,29.481,18.060,29.116,7.221,0.732,6.489,6.412,0.000,0.000,0.000,0.000,42.0,
17.11.2025,13:11:24.944,17.672,26.547,19.197,2.972,250.0,250.0,76.782,22.151,8.795,68.122,47.490,29.447,18.043,29.094,7.086,0.725,6.361,6.343,0.000,0.000,0.000,0.000,42.0,
17.11.2025,13:11:25.956,14.953,25.487,18.031,2.991,250.0,250.0,76.360,22.111,8.780,68.074,47.451,29.426,18.025,29.074,6.994,0.709,6.285,6.293,0.000,0.000,0.000,0.000,42.0,
17.11.2025,13:11:26.953,25.829,26.153,18.741,2.990,250.0,250.0,73.741,22.364,8.794,68.731,47.873,29.682,18.191,29.330,7.378,0.745,6.633,6.285,0.000,0.003,0.000,0.000,42.0,
17.11.2025,13:11:27.948,14.953,27.741,19.804,3.433,250.0,250.0,72.782,21.892,8.807,67.150,46.899,29.085,17.814,28.732,7.034,0.724,6.310,6.361,0.000,0.000,0.375,0.000,42.0,
17.11.2025,13:11:28.953,19.032,30.335,22.623,3.282,250.0,250.0,73.185,39.487,8.815,67.419,47.074,29.183,17.891,28.830,94.589,30.269,64.320,6.480,0.000,0.000,0.000,0.000,42.0,
17.11.2025,13:11:29.954,19.032,25.707,18.190,3.092,250.0,250.0,62.924,23.184,8.976,71.940,49.945,30.971,18.974,30.594,7.050,0.715,6.335,6.335,0.000,0.000,0.000,0.000,42.0,
17.11.2025,13:11:30.949,29.907,26.690,19.173,3.043,250.0,250.0,80.993,25.332,8.859,42.814,31.960,19.817,12.143,19.573,6.984,0.708,6.276,104.187,0.000,0.000,0.000,0.000,42.0,
17.11.2025,13:11:31.961,23.110,26.796,19.338,3.019,250.0,250.0,78.259,40.707,8.823,72.488,50.186,31.123,19.063,30.747,94.125,22.070,72.055,6.386,0.000,0.000,0.000,0.000,42.0,
17.11.2025,13:11:32.970,23.110,26.519,19.093,3.026,250.0,250.0,77.971,23.179,8.811,72.093,49.944,30.966,18.978,30.589,7.040,0.713,6.327,6.327,0.000,0.000,0.000,0.000,42.0,
17.11.2025,13:11:33.969,16.313,26.225,18.744,3.037,250.0,250.0,78.947,25.505,8.824,73.807,50.987,31.613,19.374,31.236,7.031,0.764,6.267,25.148,0.000,0.000,0.000,0.000,42.0,
17.11.2025,13:11:34.969,20.391,25.978,18.557,3.018,250.0,250.0,78.123,23.515,8.825,73.324,50.700,31.441,19.259,31.064,7.090,0.729,6.361,6.361,0.000,0.000,0.000,0.000,42.0,
17.11.2025,13:11:35.968,14.953,24.282,16.853,2.975,250.0,250.0,78.428,23.346,8.873,72.696,50.363,31.220,19.143,30.843,7.011,0.709,6.302,6.302,0.000,0.000,0.000,0.000,42.0,
17.11.2025,13:11:36.965,21.750,27.753,20.256,3.062,250.0,250.0,81.627,24.225,8.884,75.969,52.395,32.486,19.909,32.097,7.077,0.725,6.352,6.352,0.000,0.000,0.000,0.000,42.0,
17.11.2025,13:11:37.965,17.672,26.179,18.715,3.042,250.0,250.0,78.439,23.358,8.883,72.743,50.383,31.246,19.137,30.870,7.003,0.710,6.293,6.310,0.000,0.000,0.000,0.625,42.0,
17.11.2025,13:11:38.963,28.547,25.174,17.650,3.056,250.0,250.0,81.570,27.839,8.856,72.115,49.969,30.983,18.986,30.619,30.287,9.063,21.224,6.285,0.000,0.000,0.000,0.000,42.0,
17.11.2025,13:11:39.981,14.953,26.113,18.651,3.034,250.0,250.0,78.477,23.566,8.947,73.431,50.830,31.524,19.306,31.148,7.059,0.716,6.343,6.352,0.000,0.000,0.000,0.000,42.0,
17.11.2025,13:11:40.977,17.672,25.918,18.411,3.066,250.0,250.0,78.770,23.447,8.837,73.098,50.575,31.361,19.214,30.984,7.032,0.722,6.310,6.335,0.000,0.000,0.000,0.000,42.0,
17.11.2025,13:11:41.975,16.313,23.942,16.484,3.049,250.0,250.0,81.584,23.459,8.848,73.187,50.643,31.395,19.248,31.018,6.983,0.707,6.276,6.285,0.000,0.000,0.000,0.000,42.0,
17.11.2025,13:11:42.989,19.032,27.201,19.710,3.071,250.0,250.0,78.776,23.773,8.825,74.295,51.311,31.815,19.496,31.438,7.079,0.727,6.352,6.394,0.000,0.000,0.000,0.000,42.0,
17.11.2025,13:11:43.987,16.313,26.029,18.576,3.021,250.0,250.0,79.220,23.790,8.921,74.381,51.385,31.859,19.526,31.470,7.023,0.713,6.310,6.310,0.000,0.000,0.000,0.000,42.0,
17.11.2025,13:11:44.985,19.032,25.818,18.300,3.070,250.0,250.0,81.998,23.731,8.827,74.140,51.210,31.753,19.457,31.376,7.070,0.727,6.343,6.403,0.000,0.000,0.000,0.000,42.0,
17.11.2025,13:11:45.982,17.672,25.793,18.356,3.042,250.0,250.0,80.764,53.407,8.812,63.195,44.491,27.588,16.903,27.247,7.004,0.719,6.285,331.826,0.000,0.000,0.000,0.000,42.0,
17.11.2025,13:11:46.981,16.313,26.464,18.957,3.046,250.0,250.0,78.928,23.483,8.786,73.111,50.555,31.350,19.205,30.961,7.197,0.734,6.463,6.463,0.000,0.000,0.000,0.000,42.0,
17.11.2025,13:11:47.978,29.907,25.625,18.120,3.052,250.0,250.0,77.695,23.288,8.847,72.541,50.218,31.137,19.081,30.772,7.000,0.715,6.285,6.285,0.000,0.000,0.000,1.750,42.0,
17.11.2025,13:11:48.978,16.313,26.550,19.067,3.084,250.0,250.0,81.848,23.702,8.871,73.989,51.162,31.728,19.434,31.339,7.073,0.721,6.352,6.352,0.000,0.000,0.000,0.000,42.0,
17.11.2025,13:11:49.988,21.750,28.003,20.490,3.043,250.0,250.0,82.550,24.356,8.872,76.424,52.670,32.660,20.010,32.271,7.183,0.873,6.310,6.285,0.000,0.000,0.000,0.000,42.0,
17.11.2025,13:11:50.978,21.750,25.665,18.173,3.075,250.0,250.0,79.376,23.449,8.871,73.041,50.576,31.362,19.214,30.973,7.061,0.726,6.335,6.335,0.000,0.000,0.000,0.000,42.0,
17.11.2025,13:11:51.979,21.750,25.665,18.173,3.075,250.0,250.0,82.711,47.240,8.918,73.559,50.922,31.573,19.349,31.196,125.142,34.513,90.629,6.598,0.000,0.000,0.000,0.000,42.0,
17.11.2025,13:11:52.976,24.469,25.552,18.036,3.052,250.0,250.0,79.186,23.657,9.003,73.723,51.089,31.675,19.414,31.298,7.028,0.718,6.310,6.310,0.000,0.000,0.000,0.000,42.0,
17.11.2025,13:11:53.982,17.672,27.094,19.640,3.045,250.0,250.0,81.862,23.687,8.896,73.778,51.039,31.643,19.396,31.266,7.196,0.742,6.454,6.454,0.000,0.000,0.000,0.000,42.0,
17.11.2025,13:11:54.977,19.032,25.451,18.023,3.032,250.0,250.0,82.225,63.909,8.869,92.934,62.802,38.937,23.865,38.463,44.457,16.336,28.121,284.307,0.000,0.000,0.000,0.000,42.0,
17.11.2025,13:11:55.978,29.907,26.629,19.138,3.053,250.0,250.0,78.295,23.167,8.844,71.972,49.897,30.942,18.955,30.565,7.061,0.726,6.335,6.378,0.000,0.000,0.000,1.250,42.0,
17.11.2025,13:11:56.978,17.672,26.932,19.395,3.037,250.0,250.0,81.926,23.754,8.872,74.266,51.334,31.827,19.507,31.437,6.995,0.710,6.285,6.310,0.000,0.000,0.000,0.000,42.0,
17.11.2025,13:11:57.989,31.266,23.962,16.511,3.052,250.0,250.0,78.397,23.649,8.919,73.712,51.004,31.623,19.381,31.246,7.108,0.722,6.386,6.386,0.000,0.000,0.000,0.000,42.0,
17.11.2025,13:11:58.983,19.032,26.678,19.223,3.015,250.0,250.0,79.821,22.011,8.909,67.528,47.222,29.290,17.932,28.937,7.003,0.710,6.293,6.285,0.000,0.000,0.000,0.000,42.0,
17.11.2025,13:11:59.983,14.953,27.803,20.306,3.058,250.0,250.0,78.611,23.527,8.893,73.220,50.692,31.436,19.256,31.047,7.165,0.736,6.429,6.394,0.000,0.000,0.000,0.000,42.0,
17.11.2025,13:12:0.978,25.829,28.172,20.727,3.018,250.0,250.0,81.687,18.919,8.863,55.729,39.928,24.763,15.165,24.459,6.999,0.714,6.285,6.285,0.000,0.000,1.000,0.000,42.0,
17.11.2025,13:12:1.982,19.032,26.178,18.723,3.040,250.0,250.0,77.833,23.919,8.883,74.636,51.557,31.965,19.592,31.576,7.289,0.909,6.380,6.403,0.000,0.000,0.000,0.000,42.0,
17.11.2025,13:12:2.981,27.188,27.734,20.287,3.027,250.0,250.0,79.964,23.606,8.870,73.633,50.937,31.584,19.353,31.195,7.066,0.714,6.352,6.352,0.000,0.000,1.000,0.000,42.0,
17.11.2025,13:12:3.984,17.672,31.666,23.881,3.257,250.0,250.0,82.389,45.978,8.820,72.229,50.028,31.018,19.010,30.654,120.723,33.115,87.608,6.573,0.000,0.000,0.000,0.000,42.0,
17.11.2025,13:12:4.983,27.188,29.964,22.366,3.119,250.0,250.0,79.304,23.765,8.861,74.296,51.335,31.832,19.503,31.443,7.030,0.712,6.318,6.318,0.000,0.000,1.000,0.000,42.0,
17.11.2025,13:12:5.981,21.750,35.109,27.291,3.331,250.0,250.0,81.672,23.466,8.881,73.052,50.571,31.364,19.207,30.987,7.106,0.720,6.386,6.386,0.000,0.000,0.000,0.000,42.0,
17.11.2025,13:12:6.978,19.032,29.861,22.203,3.160,250.0,250.0,82.109,23.375,8.898,72.750,50.400,31.249,19.151,30.873,7.070,0.743,6.327,6.285,0.000,0.000,0.000,0.000,42.0,
17.11.2025,13:12:7.977,33.985,27.505,19.890,3.125,250.0,250.0,78.128,46.714,8.869,71.286,49.488,30.690,18.798,30.313,125.513,34.674,90.839,6.667,0.000,0.000,0.000,0.000,42.0,
17.11.2025,13:12:8.977,17.672,27.227,19.775,3.048,250.0,250.0,79.479,23.600,8.821,73.699,50.957,31.601,19.356,31.212,7.022,0.712,6.310,6.310,0.000,0.000,0.000,0.000,42.0,
17.11.2025,13:12:9.977,14.953,28.700,21.200,3.068,250.0,250.0,81.132,23.474,8.854,72.982,50.531,31.337,19.194,30.960,7.250,0.819,6.431,6.386,0.000,0.000,0.375,0.000,42.0,
17.11.2025,13:12:10.977,31.266,25.894,18.448,3.035,250.0,250.0,80.894,33.002,8.849,72.585,50.272,31.180,19.092,30.803,55.469,20.356,35.113,6.302,0.000,0.000,0.000,0.000,42.0,
17.11.2025,13:12:11.983,12.235,27.333,19.843,3.026,250.0,250.0,78.185,23.247,8.823,72.330,50.091,31.056,19.035,30.679,7.058,0.723,6.335,6.335,0.000,0.000,0.000,0.000,42.0,
17.11.2025,13:12:12.979,20.391,26.454,18.980,3.028,250.0,250.0,78.793,73.097,8.881,80.318,55.044,34.132,20.912,33.719,7.304,0.824,6.480,483.355,0.000,0.000,0.000,2.375,42.0,
17.11.2025,13:12:13.986,25.829,25.781,18.305,3.026,250.0,250.0,77.520,23.179,8.957,71.934,49.919,30.953,18.966,30.589,7.061,0.726,6.335,6.352,0.000,0.000,0.000,0.000,42.0,
17.11.2025,13:12:14.983,27.188,27.412,19.958,3.022,250.0,250.0,81.209,43.995,9.114,72.318,50.256,31.166,19.090,30.789,110.329,32.533,77.796,6.556,0.000,0.000,0.000,0.000,42.0,
17.11.2025,13:12:15.980,16.313,26.501,18.997,3.076,250.0,250.0,77.927,23.363,8.992,72.641,50.381,31.245,19.136,30.868,7.022,0.712,6.310,6.327,0.000,0.000,0.000,0.000,42.0,
17.11.2025,13:12:16.980,19.032,26.402,18.932,3.042,250.0,250.0,80.939,26.832,8.902,72.604,50.302,31.190,19.112,30.813,24.469,3.198,21.271,6.463,0.000,0.000,0.000,0.000,42.0,
17.11.2025,13:12:17.982,17.672,26.917,19.419,3.036,250.0,250.0,77.657,23.372,8.795,72.880,50.433,31.264,19.169,30.887,7.002,0.709,6.293,6.293,0.000,0.000,0.000,0.000,42.0,
17.11.2025,13:12:18.976,33.985,28.479,21.004,3.065,250.0,250.0,80.229,23.417,8.843,72.866,50.452,31.280,19.172,30.903,7.126,0.732,6.394,6.403,0.000,0.000,0.000,0.000,42.0,
17.11.2025,13:12:19.977,16.313,27.306,19.766,3.060,250.0,250.0,79.473,17.252,8.822,49.360,35.985,22.317,13.668,22.049,7.011,0.718,6.293,6.293,0.000,0.000,0.000,2.500,42.0,
17.11.2025,13:12:20.983,17.672,26.057,18.577,3.055,250.0,250.0,78.669,17.252,8.871,75.201,51.911,32.188,19.723,31.799,7.079,0.727,6.352,6.394,0.000,0.000,0.000,0.000,42.0,
17.11.2025,13:12:21.986,24.469,28.457,20.984,3.044,250.0,250.0,78.669,24.025,8.871,75.201,51.911,32.188,19.723,31.799,7.079,0.727,6.352,6.394,0.000,0.000,0.000,0.000,42.0,
17.11.2025,13:12:22.984,17.672,27.137,19.657,3.018,250.0,250.0,81.126,29.812,8.908,71.415,49.588,30.752,18.836,30.375,40.975,14.832,26.143,6.302,0.000,0.000,0.000,0.000,42.0,
17.11.2025,13:12:23.976,20.391,26.950,19.493,3.030,250.0,250.0,75.418,22.383,8.870,68.932,48.052,29.792,18.260,29.440,7.067,0.715,6.352,6.352,0.000,0.000,0.000,0.000,42.0,
17.11.2025,13:12:24.980,28.547,25.701,18.256,3.024,250.0,250.0,76.487,22.465,8.882,69.231,48.252,29.917,18.335,29.552,7.074,0.739,6.335,6.335,0.001,0.000,0.000,0.000,42.0,
17.11.2025,13:12:25.980,16.313,27.230,19.746,3.027,250.0,250.0,81.150,48.164,8.848,84.452,57.587,35.705,21.882,35.279,115.803,32.870,82.933,6.285,0.000,0.000,0.000,0.000,42.0,
17.11.2025,13:12:26.984,19.032,24.272,16.845,3.013,250.0,250.0,80.006,22.584,8.828,69.746,48.541,30.101,18.440,29.735,7.056,0.721,6.335,6.335,0.000,0.000,0.000,0.000,42.0,
17.11.2025,13:12:27.983,14.953,24.877,17.472,2.978,250.0,250.0,77.365,22.541,8.813,69.619,48.440,30.042,18.398,29.677,7.051,0.733,6.318,6.318,0.000,0.000,0.000,0.000,42.0,
17.11.2025,13:12:28.978,21.750,26.490,19.083,2.993,250.0,250.0,73.813,31.608,8.771,69.243,48.181,29.871,18.310,29.506,52.905,7.844,45.061,6.386,0.000,0.000,0.000,0.000,42.0,
17.11.2025,13:12:29.975,25.829,32.493,24.435,3.551,250.0,250.0,73.444,29.876,8.890,53.574,38.613,23.937,14.676,23.645,49.667,17.838,31.829,36.096,0.000,0.000,0.000,0.000,42.0,
17.11.2025,13:12:30.975,21.750,26.468,18.896,3.117,250.0,250.0,71.056,13.598,8.794,35.383,27.394,16.993,10.401,16.785,6.996,0.754,6.242,6.242,0.000,0.000,0.000,0.000,42.0,
17.11.2025,13:12:31.982,21.750,27.152,19.640,3.072,250.0,250.0,66.728,23.710,8.832,73.858,51.034,31.641,19.393,31.264,7.310,0.814,6.496,6.454,0.000,0.000,0.000,0.000,42.0,
17.11.2025,13:12:32.978,20.391,26.888,19.504,3.012,250.0,250.0,79.847,17.922,8.774,51.849,37.519,23.270,14.249,22.990,7.142,0.857,6.285,6.285,0.000,0.000,0.000,0.000,42.0,
17.11.2025,13:12:33.983,32.625,27.098,19.631,2.995,250.0,250.0,78.003,23.447,8.762,73.076,50.515,31.330,19.185,30.954,7.116,0.730,6.386,6.412,0.000,0.000,0.000,0.000,42.0,
17.11.2025,13:12:34.983,31.266,25.427,17.973,3.019,250.0,250.0,81.590,36.386,8.797,69.066,48.083,29.818,18.265,29.453,77.045,27.581,49.464,6.285,0.000,0.000,0.000,0.000,42.0,
17.11.2025,13:12:35.980,12.235,27.506,20.079,3.022,250.0,250.0,77.847,23.249,8.823,72.365,50.116,31.077,19.039,30.700,7.022,0.712,6.310,6.327,0.000,0.000,1.125,0.000,42.0,
17.11.2025,13:12:36.980,13.594,26.194,18.731,3.003,250.0,250.0,81.689,40.201,8.867,74.127,51.248,31.774,19.474,31.385,89.236,19.633,69.603,6.667,0.000,0.000,0.000,0.000,42.0,
17.11.2025,13:12:37.978,25.829,26.481,19.066,3.006,250.0,250.0,78.567,23.417,8.905,72.955,50.501,31.319,19.182,30.942,7.022,0.712,6.310,6.327,0.000,0.000,0.000,0.000,42.0,
17.11.2025,13:12:38.980,17.672,26.788,19.373,3.009,250.0,250.0,81.009,42.701,8.905,71.980,49.918,30.957,18.961,30.580,104.703,31.738,72.965,6.302,0.000,0.000,0.000,0.000,42.0,
17.11.2025,13:12:39.979,17.672,27.831,20.385,3.021,250.0,250.0,77.470,23.706,8.880,74.008,51.167,31.734,19.433,31.345,7.068,0.716,6.352,6.361,0.000,0.000,0.000,0.000,42.0,
17.11.2025,13:12:40.989,23.110,25.863,18.392,2.999,250.0,250.0,80.433,19.313,8.825,57.204,40.823,25.307,15.516,25.003,7.081,0.746,6.335,6.285,0.000,0.000,0.000,0.000,42.0,
17.11.2025,13:12:41.980,13.594,26.795,19.387,3.007,250.0,250.0,79.544,17.900,8.759,49.331,35.923,22.277,13.646,21.997,7.067,0.715,6.352,12.930,0.000,0.000,0.000,0.000,42.0,
17.11.2025,13:12:42.984,27.188,26.003,18.557,3.021,250.0,250.0,77.460,31.781,8.772,72.463,50.153,31.101,19.052,30.724,49.535,6.554,42.981,6.480,0.000,0.000,0.000,0.000,42.0,
17.11.2025,13:12:43.983,16.313,24.831,17.387,2.998,250.0,250.0,78.228,23.421,8.845,72.997,50.518,31.332,19.186,30.955,7.030,0.712,6.318,6.318,0.001,0.000,0.000,0.000,42.0,
17.11.2025,13:12:44.983,19.032,24.934,17.470,3.021,250.0,250.0,80.697,23.878,8.834,74.712,51.589,31.985,19.604,31.596,7.059,0.716,6.343,6.343,0.000,0.000,0.000,0.000,42.0,
17.11.2025,13:12:45.979,27.188,25.966,18.538,3.020,250.0,250.0,82.487,23.682,8.823,74.006,51.124,31.696,19.428,31.319,7.071,0.745,6.326,6.285,0.000,0.000,0.000,0.000,42.0,
17.11.2025,13:12:46.977,16.313,27.989,20.498,3.046,250.0,250.0,78.265,34.926,8.891,74.717,51.621,32.011,19.610,31.622,62.164,9.460,52.704,6.463,0.000,0.000,0.000,0.000,42.0,
17.11.2025,13:12:47.980,17.672,27.214,19.755,3.047,250.0,250.0,77.931,23.594,8.881,73.451,50.803,31.495,19.308,31.118,7.270,0.927,6.343,6.343,0.000,0.000,0.000,0.000,42.0,
17.11.2025,13:12:48.984,20.391,25.324,17.827,3.048,250.0,250.0,81.399,23.338,8.823,72.670,50.306,31.195,19.111,30.819,7.081,0.745,6.336,6.293,0.000,0.000,0.000,0.000,42.0,
17.11.2025,13:12:49.983,17.672,27.228,19.705,3.091,250.0,250.0,77.651,23.507,8.838,73.263,50.684,31.430,19.254,31.053,7.088,0.719,6.369,6.369,0.000,0.000,0.000,0.000,42.0,
17.11.2025,13:12:50.980,16.313,25.570,18.057,3.084,250.0,250.0,81.458,30.899,8.755,52.331,37.762,23.418,14.344,23.126,7.361,0.856,6.505,134.532,0.000,0.000,0.000,0.000,42.0,
17.11.2025,13:12:51.977,17.672,26.946,19.404,3.083,250.0,250.0,78.604,23.405,8.870,72.870,50.456,31.295,19.161,30.918,7.062,0.719,6.343,6.352,0.000,0.000,1.250,0.000,42.0,
17.11.2025,13:12:52.979,17.672,25.971,18.420,3.103,250.0,250.0,81.143,23.406,8.870,72.937,50.511,31.323,19.188,30.934,6.994,0.709,6.285,6.310,0.000,0.000,0.000,0.000,42.0,
17.11.2025,13:12:53.976,20.391,26.302,18.807,3.069,250.0,250.0,77.608,23.589,8.885,73.365,50.786,31.494,19.292,31.117,7.229,0.806,6.423,6.497,0.000,0.000,1.000,0.000,42.0,
17.11.2025,13:12:54.978,24.469,26.420,18.930,3.087,250.0,250.0,79.888,23.341,8.836,72.725,50.346,31.221,19.125,30.844,7.003,0.710,6.293,6.310,0.000,0.000,0.000,0.000,42.0,
17.11.2025,13:12:55.978,19.032,25.280,17.774,3.048,250.0,250.0,80.050,23.544,8.783,73.377,50.701,31.436,19.265,31.059,7.174,0.728,6.446,6.471,0.000,0.000,0.000,0.000,42.0,
17.11.2025,13:12:56.975,17.672,28.273,20.743,3.094,250.0,250.0,78.761,23.339,8.820,72.727,50.340,31.210,19.130,30.834,7.012,0.710,6.302,6.302,0.000,0.000,0.000,0.000,42.0,
17.11.2025,13:12:57.980,17.672,27.613,20.095,3.075,250.0,250.0,78.273,23.700,8.821,74.007,51.126,31.706,19.420,31.317,7.106,0.728,6.378,6.394,0.000,0.000,0.000,0.000,42.0,
17.11.2025,13:12:58.980,16.313,29.189,21.683,3.085,250.0,250.0,80.278,25.872,8.908,71.637,49.718,30.835,18.883,30.458,7.057,0.714,6.343,34.164,0.000,0.000,0.000,0.000,42.0,
17.11.2025,13:12:59.975,14.953,26.826,19.326,3.079,250.0,250.0,79.324,23.577,8.893,73.496,50.859,31.532,19.327,31.155,7.078,0.726,6.352,6.352,0.000,0.000,0.000,0.000,42.0,
17.11.2025,13:13:0.979,17.672,27.544,20.048,3.096,250.0,250.0,78.594,23.575,8.966,73.266,50.752,31.465,19.287,31.088,7.313,0.740,6.573,6.302,0.000,0.000,0.000,0.000,42.0,
17.11.2025,13:13:1.991,25.829,27.440,19.917,3.083,250.0,250.0,81.719,23.617,8.930,73.608,50.954,31.599,19.355,31.222,7.073,0.721,6.352,6.352,0.000,0.000,0.000,0.000,42.0,
17.11.2025,13:13:2.989,19.032,25.934,18.336,3.106,250.0,250.0,81.963,29.391,8.953,59.222,42.118,26.115,16.003,25.811,54.346,19.928,34.418,6.992,0.000,0.000,0.000,0.000,42.0,
17.11.2025,13:13:3.986,19.032,28.695,21.247,3.057,250.0,250.0,77.537,23.629,8.772,73.825,50.981,31.609,19.372,31.232,7.074,0.722,6.352,6.352,0.000,0.000,0.000,0.000,42.0,
17.11.2025,13:13:4.979,19.032,28.326,20.785,3.101,250.0,250.0,78.343,23.187,8.772,72.186,49.985,30.997,18.988,30.620,7.011,0.709,6.302,6.302,0.001,0.000,0.000,0.000,42.0,
17.11.2025,13:13:5.981,20.391,26.774,19.263,3.052,250.0,250.0,81.046,23.670,8.808,73.916,51.073,31.675,19.398,31.286,7.091,0.730,6.361,6.361,0.000,0.000,0.000,0.000,42.0,
17.11.2025,13:13:6.977,24.469,27.872,20.346,3.093,250.0,250.0,77.800,23.215,8.798,72.267,50.034,31.022,19.012,30.658,7.023,0.713,6.310,6.310,0.000,0.000,0.000,0.000,42.0,
17.11.2025,13:13:7.982,17.672,25.715,18.226,3.070,250.0,250.0,81.074,23.431,8.856,72.828,50.408,31.248,19.160,30.872,7.252,0.778,6.474,6.429,0.000,0.000,0.000,0.000,42.0,
17.11.2025,13:13:8.989,16.313,27.199,19.646,3.112,250.0,250.0,78.298,23.196,8.820,72.165,49.995,31.008,18.987,30.631,7.023,0.713,6.310,6.310,0.000,0.000,0.000,0.000,42.0,
17.11.2025,13:13:9.985,33.985,26.014,18.509,3.067,250.0,250.0,81.235,23.572,8.869,73.506,50.842,31.528,19.314,31.139,7.069,0.726,6.343,6.386,0.000,0.000,0.000,2.375,42.0,
17.11.2025,13:13:10.984,19.032,24.837,17.337,3.061,250.0,250.0,78.154,23.211,8.820,72.242,50.033,31.021,19.012,30.656,7.011,0.709,6.302,6.302,0.000,0.000,0.000,0.000,42.0,
17.11.2025,13:13:11.981,17.672,26.400,18.863,3.083,250.0,250.0,81.160,23.177,8.835,72.037,49.910,30.955,18.955,30.579,7.058,0.715,6.343,6.378,0.000,0.000,0.000,0.000,42.0,
17.11.2025,13:13:12.979,14.953,26.771,19.300,3.082,250.0,250.0,80.923,52.359,8.783,67.746,47.246,29.301,17.945,28.948,15.929,3.765,12.164,291.762,0.000,0.000,0.000,0.000,42.0,
17.11.2025,13:13:13.977,17.672,26.338,18.863,3.039,250.0,250.0,77.676,39.856,8.800,73.909,51.061,31.665,19.396,31.288,87.914,19.138,68.776,6.616,0.000,0.000,0.000,0.000,42.0,
17.11.2025,13:13:14.983,17.672,28.303,20.796,3.073,250.0,250.0,78.057,23.123,8.811,71.903,49.808,30.884,18.924,30.519,7.022,0.712,6.310,6.335,0.000,0.000,0.000,0.000,42.0,
17.11.2025,13:13:15.979,14.953,25.375,17.909,3.019,250.0,250.0,80.761,41.781,8.872,71.537,49.616,30.764,18.852,30.400,100.569,25.432,75.137,6.633,0.000,0.000,0.000,0.000,42.0,
17.11.2025,13:13:16.979,16.313,27.775,20.280,3.033,250.0,250.0,77.294,23.156,8.872,71.967,49.895,30.941,18.954,30.565,7.022,0.712,6.310,6.318,0.000,0.000,0.000,0.000,42.0,
17.11.2025,13:13:17.977,17.672,24.243,16.845,3.000,250.0,250.0,81.021,13.921,8.764,36.262,27.921,17.319,10.602,17.111,7.475,0.757,6.718,6.285,0.000,0.000,0.000,0.000,42.0,
17.11.2025,13:13:18.981,35.344,28.546,21.048,3.062,250.0,250.0,77.979,23.555,8.823,73.443,50.787,31.491,19.296,31.114,7.099,0.730,6.369,6.403,0.000,0.000,0.000,0.000,42.0,
17.11.2025,13:13:19.980,25.829,28.119,20.699,2.995,250.0,250.0,80.276,19.614,8.802,58.421,41.565,25.777,15.788,25.460,7.012,0.710,6.302,6.302,0.000,0.000,0.000,0.000,42.0,
17.11.2025,13:13:20.978,17.672,28.713,21.186,3.064,250.0,250.0,79.827,23.438,8.846,72.966,50.500,31.317,19.183,30.940,7.120,0.734,6.386,6.386,0.000,0.000,0.000,0.000,42.0,
17.11.2025,13:13:21.984,21.750,25.324,17.834,3.024,250.0,250.0,81.871,31.231,8.819,72.843,50.404,31.254,19.150,30.877,46.240,6.030,40.210,6.480,0.000,0.000,0.000,0.000,42.0,
17.11.2025,13:13:22.983,17.672,26.015,18.577,3.040,250.0,250.0,78.070,23.318,8.913,72.511,50.274,31.178,19.096,30.801,7.042,0.724,6.318,6.318,0.000,0.000,0.000,0.000,42.0,
17.11.2025,13:13:23.981,24.469,26.452,18.994,3.013,250.0,250.0,81.281,22.335,8.925,68.789,47.984,29.748,18.236,29.396,6.995,0.710,6.285,6.285,0.000,0.000,0.000,0.000,42.0,
17.11.2025,13:13:24.977,13.594,27.272,19.783,3.040,250.0,250.0,74.985,22.335,8.940,68.734,47.967,29.749,18.218,29.384,7.023,0.713,6.310,6.310,0.000,0.000,0.000,0.000,42.0,
17.11.2025,13:13:25.988,14.953,24.199,16.781,3.012,250.0,250.0,77.086,22.426,8.853,69.206,48.197,29.886,18.311,29.533,6.995,0.710,6.285,6.285,0.000,0.000,0.000,0.000,42.0,
17.11.2025,13:13:26.976,19.032,25.489,18.056,3.019,250.0,250.0,80.808,24.013,8.804,68.095,47.481,29.434,18.047,29.081,16.299,1.749,14.550,6.590,0.000,0.000,0.000,0.000,42.0,
17.11.2025,13:13:27.977,40.782,25.593,18.120,3.020,250.0,250.0,77.205,22.356,8.832,68.882,47.979,29.753,18.226,29.401,7.071,0.728,6.343,6.343,0.000,0.000,0.000,0.000,42.0,
17.11.2025,13:13:28.984,16.313,25.403,17.998,2.966,250.0,250.0,73.943,22.272,8.819,68.621,47.822,29.656,18.166,29.291,7.023,0.721,6.302,6.302,0.000,0.000,2.125,0.000,42.0,
17.11.2025,13:13:29.977,16.313,25.403,17.998,2.966,250.0,250.0,73.304,34.030,8.888,68.306,47.659,29.553,18.106,29.189,65.989,12.927,53.062,6.624,0.000,0.000,0.000,0.000,42.0,
17.11.2025,13:13:30.976,24.469,28.065,20.379,3.205,250.0,250.0,73.045,44.007,8.946,67.848,47.411,29.399,18.012,29.047,116.560,33.231,83.329,6.285,0.000,0.000,0.000,0.000,42.0,
17.11.2025,13:13:31.980,38.063,30.942,23.016,3.435,250.0,250.0,65.224,23.520,8.955,73.398,50.830,31.524,19.306,31.147,6.889,0.699,6.190,6.267,0.000,0.000,0.000,0.000,42.0,
17.11.2025,13:13:32.979,32.625,25.143,17.700,3.037,250.0,250.0,71.182,23.547,8.966,73.309,50.774,31.487,19.287,31.098,7.079,0.727,6.352,6.386,0.000,0.000,0.000,0.000,42.0,
17.11.2025,13:13:33.980,19.032,26.833,19.388,3.010,250.0,250.0,81.432,22.816,8.903,70.659,49.119,30.461,18.658,30.084,6.995,0.710,6.285,6.285,0.000,0.000,0.000,0.000,42.0,
17.11.2025,13:13:34.981,23.110,26.184,18.727,3.002,250.0,250.0,77.623,23.447,8.868,73.010,50.544,31.343,19.201,30.954,7.077,0.725,6.352,6.394,0.000,0.000,0.000,0.000,42.0,
17.11.2025,13:13:35.981,16.313,27.361,19.950,2.988,250.0,250.0,80.912,42.831,8.856,56.670,40.484,25.096,15.388,24.792,69.972,25.844,44.128,117.085,0.000,0.000,0.000,0.000,42.0,
17.11.2025,13:13:36.975,16.313,26.660,19.244,2.982,250.0,250.0,77.276,23.377,8.930,72.704,50.350,31.230,19.120,30.854,7.079,0.727,6.352,6.420,0.000,0.000,0.000,0.000,42.0,
17.11.2025,13:13:37.982,21.750,25.488,18.069,3.008,250.0,250.0,80.343,37.714,8.926,73.450,50.861,31.538,19.323,31.149,77.482,27.809,49.673,6.931,0.000,0.000,0.000,0.000,42.0,
17.11.2025,13:13:38.984,16.313,26.665,19.240,2.976,250.0,250.0,78.863,23.551,8.892,73.438,50.817,31.516,19.301,31.139,7.040,0.713,6.327,6.327,0.000,0.000,0.000,0.000,42.0,
17.11.2025,13:13:39.977,19.032,26.896,19.431,3.015,250.0,250.0,81.170,23.630,8.902,73.675,50.984,31.611,19.373,31.234,7.080,0.719,6.361,6.361,0.000,0.000,0.000,0.000,42.0,
17.11.2025,13:13:40.977,19.032,26.460,19.010,3.010,250.0,250.0,81.656,21.624,8.826,48.040,35.172,21.809,13.363,21.541,7.164,0.888,6.276,53.158,0.000,0.000,0.000,0.000,42.0,
17.11.2025,13:13:41.978,24.469,27.114,19.638,3.018,250.0,250.0,77.240,23.349,8.853,72.682,50.322,31.211,19.111,30.834,7.065,0.722,6.343,6.343,0.000,0.000,0.000,0.000,42.0,
17.11.2025,13:13:42.978,17.672,23.679,16.279,3.007,250.0,250.0,81.232,47.878,8.963,75.952,52.409,32.498,19.911,32.097,125.213,34.662,90.551,6.526,0.001,0.000,0.000,0.000,42.0,
17.11.2025,13:13:43.977,21.750,26.683,19.188,3.019,250.0,250.0,77.070,23.423,8.903,72.943,50.520,31.331,19.189,30.954,7.038,0.720,6.318,6.318,0.000,0.000,0.000,0.000,42.0,
17.11.2025,13:13:44.989,16.313,24.082,16.649,3.016,250.0,250.0,79.843,24.348,8.975,74.814,51.701,32.058,19.643,31.670,8.632,1.253,7.379,7.354,0.000,0.000,0.000,0.000,9.0,
17.11.2025,13:13:45.983,23.110,26.482,19.041,3.027,250.0,250.0,79.077,23.221,9.072,72.030,50.056,31.038,19.018,30.661,7.012,0.710,6.302,6.310,0.000,0.000,0.000,0.000,9.0,
17.11.2025,13:13:46.985,17.672,27.631,20.193,2.989,250.0,250.0,81.317,39.454,9.019,71.478,49.672,30.807,18.865,30.430,88.947,29.760,59.187,6.378,0.000,0.000,0.000,0.000,9.0,
17.11.2025,13:13:47.981,21.750,25.339,17.833,3.020,250.0,250.0,78.223,23.537,8.988,73.293,50.795,31.493,19.302,31.117,7.023,0.713,6.310,6.335,0.000,0.000,0.000,0.000,9.0,
17.11.2025,13:13:48.981,28.547,27.539,20.160,2.996,250.0,250.0,81.555,31.860,8.865,68.465,47.744,29.609,18.135,29.245,55.125,20.110,35.015,6.285,0.000,0.000,0.000,0.000,9.0,
17.11.2025,13:13:49.980,20.391,26.162,18.659,3.044,250.0,250.0,77.068,23.590,8.880,73.533,50.868,31.542,19.326,31.165,7.120,0.760,6.360,6.343,0.000,0.000,0.000,0.000,9.0,
17.11.2025,13:13:50.976,16.313,24.155,16.713,3.030,250.0,250.0,81.452,45.157,8.907,71.476,49.614,30.770,18.844,30.394,117.545,33.568,83.977,6.471,0.000,0.000,0.000,0.000,9.0,
17.11.2025,13:13:51.990,17.672,27.818,20.294,3.046,250.0,250.0,77.792,23.197,8.870,72.100,49.978,30.989,18.989,30.624,7.041,0.723,6.318,6.343,0.000,0.000,0.000,0.000,9.0,
17.11.2025,13:13:52.990,19.032,26.143,18.680,3.030,250.0,250.0,77.792,23.197,8.870,72.100,49.978,30.989,18.989,30.624,7.041,0.723,6.318,6.343,0.000,0.000,0.000,0.000,9.0,
17.11.2025,13:13:53.982,24.469,25.544,18.136,3.018,250.0,250.0,81.146,45.546,8.881,72.842,50.454,31.281,19.173,30.904,117.722,33.587,84.135,6.480,0.000,0.000,0.000,0.000,9.0,
17.11.2025,13:13:54.979,13.594,25.405,17.967,3.020,250.0,250.0,77.636,23.477,8.895,73.156,50.657,31.408,19.249,31.031,7.023,0.713,6.310,6.327,0.000,0.000,0.000,0.000,9.0,
17.11.2025,13:13:55.977,20.391,27.916,20.426,3.045,250.0,250.0,80.919,47.225,8.892,73.427,50.815,31.503,19.312,31.126,125.226,34.486,90.740,6.726,0.000,0.000,0.000,0.000,9.0,
17.11.2025,13:13:56.982,21.750,27.369,19.899,3.037,250.0,250.0,78.885,22.952,8.904,71.186,49.435,30.655,18.780,30.291,6.994,0.709,6.285,6.285,0.000,0.000,0.000,0.000,9.0,
17.11.2025,13:13:57.983,21.750,26.765,19.295,3.044,250.0,250.0,78.008,25.881,8.844,72.878,50.439,31.285,19.154,30.908,19.453,2.656,16.797,6.394,0.000,0.000,0.000,0.000,9.0,
17.11.2025,13:13:58.981,17.672,25.737,18.326,3.013,250.0,250.0,79.877,19.127,8.824,56.547,40.416,25.068,15.348,24.764,7.003,0.710,6.293,6.293,0.000,0.000,0.000,0.000,9.0,
17.11.2025,13:13:59.976,19.032,27.971,20.507,3.025,250.0,250.0,78.629,23.925,8.829,74.909,51.683,32.042,19.641,31.653,7.069,0.717,6.352,6.352,0.000,0.000,0.000,0.000,9.0,
17.11.2025,13:14:0.977,17.672,28.303,20.810,3.035,250.0,250.0,79.610,23.602,8.941,73.635,50.960,31.599,19.361,31.223,7.002,0.709,6.293,6.293,0.000,0.000,0.000,0.000,9.0,
17.11.2025,13:14:1.983,19.032,27.383,19.857,3.081,250.0,250.0,82.006,24.128,8.928,75.528,52.137,32.335,19.802,31.946,7.108,0.722,6.386,6.386,0.000,0.000,0.000,0.000,9.0,
17.11.2025,13:14:2.978,16.313,26.729,19.262,3.041,250.0,250.0,82.819,14.009,8.809,36.593,28.160,17.463,10.697,17.243,7.319,0.789,6.530,6.489,0.000,0.000,0.000,0.000,9.0,
17.11.2025,13:14:3.988,19.032,25.404,17.943,3.041,250.0,250.0,78.769,23.606,8.823,73.632,50.905,31.570,19.335,31.193,7.108,0.730,6.378,6.386,0.000,0.000,0.000,0.000,9.0,
17.11.2025,13:14:4.976,16.313,26.462,18.987,3.037,250.0,250.0,82.221,14.318,8.765,37.675,28.797,17.854,10.943,17.634,7.612,0.894,6.718,6.285,0.000,0.000,0.250,0.000,9.0,
17.11.2025,13:14:5.982,16.313,26.689,19.213,3.033,250.0,250.0,78.656,23.534,8.832,73.427,50.774,31.487,19.287,31.098,7.040,0.713,6.327,6.352,0.000,0.000,0.000,0.000,9.0,
17.11.2025,13:14:6.981,25.829,25.649,18.194,3.026,250.0,250.0,81.492,46.865,8.847,73.242,50.682,31.433,19.249,31.056,123.733,34.177,89.556,6.674,0.000,0.000,0.000,0.000,9.0,
17.11.2025,13:14:7.979,23.110,27.788,20.332,3.021,250.0,250.0,78.086,23.647,8.806,73.906,51.066,31.665,19.401,31.288,7.011,0.709,6.302,6.318,0.000,0.000,2.125,0.000,9.0,
17.11.2025,13:14:8.978,33.985,26.962,19.567,3.006,250.0,250.0,82.177,37.382,8.893,74.114,51.238,31.776,19.462,31.387,75.133,14.487,60.646,6.683,0.000,0.000,0.000,0.000,9.0,
17.11.2025,13:14:9.985,24.469,26.175,18.711,3.033,250.0,250.0,78.353,23.637,8.990,73.671,51.033,31.639,19.394,31.262,7.022,0.712,6.310,6.335,0.000,0.000,0.250,0.000,9.0,
17.11.2025,13:14:10.990,39.422,25.916,18.498,2.995,250.0,250.0,82.092,44.612,8.908,75.156,51.908,32.181,19.727,31.792,110.077,32.458,77.619,6.293,0.000,0.000,0.000,0.000,9.0,
17.11.2025,13:14:11.989,21.750,27.311,19.855,3.018,250.0,250.0,78.790,23.506,8.918,73.214,50.699,31.441,19.258,31.064,7.058,0.715,6.343,6.352,0.000,0.000,0.000,0.000,9.0,
17.11.2025,13:14:12.989,21.750,25.666,18.244,2.990,250.0,250.0,81.353,47.088,8.849,73.419,50.783,31.496,19.287,31.119,124.741,34.424,90.317,6.446,0.000,0.000,0.000,0.000,9.0,
17.11.2025,13:14:13.986,19.032,25.004,17.578,3.003,250.0,250.0,77.835,23.785,8.821,74.212,51.255,31.784,19.471,31.407,7.259,0.932,6.327,6.386,0.000,0.000,0.000,0.000,9.0,
17.11.2025,13:14:14.986,25.829,26.565,19.116,3.019,250.0,250.0,80.859,23.120,8.818,71.923,49.826,30.897,18.929,30.532,6.996,0.711,6.285,6.285,0.000,0.000,0.000,2.500,9.0,
17.11.2025,13:14:15.979,17.672,26.837,19.359,3.051,250.0,250.0,77.577,23.739,8.831,73.951,51.111,31.687,19.424,31.310,7.315,0.824,6.491,6.446,0.000,0.000,0.000,0.000,9.0,
17.11.2025,13:14:16.984,21.750,26.203,18.718,3.036,250.0,250.0,80.893,25.010,8.867,58.402,41.556,25.766,15.790,25.462,33.878,10.961,22.917,6.505,0.000,0.000,0.000,0.000,9.0,
17.11.2025,13:14:17.984,20.391,24.628,17.174,3.033,250.0,250.0,78.187,23.175,8.890,71.994,49.914,30.947,18.967,30.583,7.057,0.722,6.335,6.335,0.000,0.000,0.000,0.000,9.0,
17.11.2025,13:14:18.982,20.391,27.342,19.912,3.021,250.0,250.0,81.347,46.931,8.843,72.131,49.976,30.984,18.992,30.608,125.524,34.663,90.861,6.726,0.000,0.000,0.000,0.000,9.0,
17.11.2025,13:14:19.978,17.672,27.745,20.251,3.059,250.0,250.0,77.937,23.160,8.782,72.055,49.891,30.936,18.955,30.571,7.040,0.713,6.327,6.327,0.000,0.000,0.000,0.500,9.0,
17.11.2025,13:14:20.980,19.032,28.053,20.537,3.072,250.0,250.0,81.603,40.319,8.795,73.145,50.590,31.373,19.217,30.984,91.286,20.558,70.728,6.514,0.000,0.000,0.000,0.000,9.0,
17.11.2025,13:14:21.986,17.672,26.744,19.273,3.044,250.0,250.0,81.530,23.263,8.806,72.480,50.166,31.115,19.051,30.738,6.994,0.709,6.285,6.285,0.000,0.000,0.000,0.000,9.0,
17.11.2025,13:14:22.981,16.313,25.989,18.498,3.059,250.0,250.0,78.010,47.099,8.848,73.150,50.614,31.380,19.234,31.003,125.036,34.459,90.577,6.692,0.000,0.000,0.000,0.000,9.0,
17.11.2025,13:14:23.979,23.110,26.139,18.617,3.062,250.0,250.0,80.200,23.546,8.918,73.364,50.793,31.500,19.293,31.111,7.082,0.747,6.335,6.318,0.000,0.000,0.000,0.000,9.0,
17.11.2025,13:14:24.980,16.313,25.775,18.317,3.057,250.0,250.0,79.325,23.575,8.869,73.483,50.852,31.530,19.322,31.153,7.082,0.721,6.361,6.378,0.000,0.000,0.000,0.000,9.0,
17.11.2025,13:14:25.979,17.672,25.819,18.262,3.074,250.0,250.0,79.685,44.107,8.882,68.362,47.695,29.575,18.120,29.223,116.294,32.922,83.372,6.624,0.000,0.000,0.000,0.000,9.0,
17.11.2025,13:14:26.979,20.391,24.221,16.784,3.049,250.0,250.0,77.204,31.901,8.831,68.246,47.608,29.513,18.095,29.160,55.546,8.787,46.759,6.463,0.000,0.000,0.000,0.000,9.0,
17.11.2025,13:14:27.979,21.750,24.414,16.896,3.052,250.0,250.0,76.898,22.128,8.843,67.986,47.453,29.418,18.035,29.066,7.076,0.724,6.352,6.327,0.000,0.000,0.000,1.875,9.0,
17.11.2025,13:14:28.982,16.313,26.483,18.997,3.068,250.0,250.0,76.625,21.854,8.883,66.976,46.849,29.044,17.805,28.691,7.002,0.709,6.293,6.293,0.000,0.000,0.000,0.000,9.0,
17.11.2025,13:14:29.981,17.672,26.662,19.183,3.058,250.0,250.0,76.654,22.810,8.905,67.848,47.395,29.383,18.012,29.030,10.557,1.097,9.460,6.412,0.000,0.000,0.000,0.000,9.0,
17.11.2025,13:14:30.983,24.469,24.984,17.581,2.999,250.0,250.0,73.623,19.611,8.832,58.069,41.357,25.640,15.717,25.335,7.446,0.754,6.692,6.267,0.000,0.000,0.000,0.000,9.0,
17.11.2025,13:14:31.982,16.313,27.837,19.852,3.490,250.0,250.0,73.323,22.365,9.007,68.806,48.054,29.801,18.253,29.436,6.986,0.719,6.267,6.318,0.000,0.000,0.000,0.000,9.0,
17.11.2025,13:14:32.978,20.391,29.111,21.328,3.286,250.0,250.0,70.822,13.339,9.037,34.200,26.823,16.636,10.187,16.429,6.937,0.703,6.234,6.199,0.000,0.000,0.000,0.000,9.0,
17.11.2025,13:14:33.975,21.750,25.964,18.415,3.114,250.0,250.0,71.464,22.746,8.977,70.328,48.963,30.360,18.603,29.996,6.974,0.707,6.267,6.285,0.000,0.000,0.375,0.000,9.0,
17.11.2025,13:14:34.990,19.032,26.636,19.128,3.094,250.0,250.0,81.724,26.215,8.852,72.332,50.103,31.070,19.033,30.693,21.808,2.898,18.910,6.454,0.000,0.000,0.000,0.000,9.0,
17.11.2025,13:14:35.991,24.469,27.294,19.774,3.083,250.0,250.0,77.669,23.427,8.794,73.053,50.532,31.330,19.202,30.953,7.033,0.723,6.310,6.335,0.000,0.000,0.000,0.000,9.0,
17.11.2025,13:14:36.984,19.032,25.849,18.314,3.070,250.0,250.0,77.764,23.268,8.806,72.472,50.183,31.114,19.069,30.737,7.002,0.709,6.293,6.293,0.000,0.000,0.000,0.000,9.0,
17.11.2025,13:14:37.977,21.750,27.027,19.531,3.099,250.0,250.0,81.462,36.058,8.807,73.086,50.547,31.344,19.203,30.967,70.016,12.578,57.438,6.590,0.000,0.000,0.000,0.000,9.0,
17.11.2025,13:14:38.980,16.313,24.241,16.716,3.083,250.0,250.0,78.447,23.227,8.830,72.244,50.060,31.047,19.013,30.670,7.041,0.714,6.327,6.327,0.000,0.000,0.000,0.000,9.0,
17.11.2025,13:14:39.977,17.672,25.972,18.482,3.081,250.0,250.0,81.585,39.045,8.827,72.161,49.988,31.001,18.987,30.625,86.102,18.214,67.888,6.658,0.000,0.000,0.000,1.125,9.0,
17.11.2025,13:14:40.985,36.704,26.132,18.628,3.065,250.0,250.0,77.481,23.240,8.791,72.354,50.081,31.052,19.029,30.675,7.043,0.716,6.327,6.327,0.000,0.000,0.000,0.000,9.0,
17.11.2025,13:14:41.983,14.953,24.771,17.288,3.058,250.0,250.0,77.174,23.170,8.843,72.061,49.942,30.962,18.980,30.585,7.012,0.710,6.302,6.302,0.000,0.000,0.000,0.000,9.0,
17.11.2025,13:14:42.978,19.032,26.439,18.938,3.053,250.0,250.0,80.978,63.140,8.778,54.957,39.377,24.419,14.958,24.127,7.483,0.825,6.658,449.814,0.000,0.000,0.000,0.000,9.0,
17.11.2025,13:14:43.985,17.672,26.405,18.890,3.072,250.0,250.0,77.736,23.368,8.780,72.837,50.384,31.241,19.143,30.864,7.049,0.714,6.335,6.335,0.000,0.000,0.000,0.000,9.0,
17.11.2025,13:14:44.981,23.110,25.082,17.539,3.090,250.0,250.0,81.017,44.762,8.819,74.903,51.697,32.054,19.643,31.677,111.172,32.412,78.760,6.480,0.000,0.000,0.000,0.000,9.0,
17.11.2025,13:14:45.978,16.313,25.952,18.506,3.031,250.0,250.0,77.623,23.257,8.807,72.403,50.133,31.089,19.044,30.712,7.033,0.715,6.318,6.318,0.000,0.000,0.000,0.000,9.0,
17.11.2025,13:14:46.979,8.156,26.018,18.530,3.042,250.0,250.0,80.317,20.381,8.844,61.286,43.342,26.874,16.468,26.557,7.073,0.746,6.327,6.293,0.000,0.000,0.000,0.000,9.0,
17.11.2025,13:14:47.982,19.032,26.017,18.528,3.031,250.0,250.0,78.954,23.176,8.832,72.054,49.919,30.950,18.969,30.574,7.050,0.715,6.335,6.361,0.000,0.000,0.000,0.000,9.0,
17.11.2025,13:14:48.977,20.391,25.210,17.793,3.027,250.0,250.0,76.588,22.990,8.792,71.464,49.531,30.717,18.814,30.341,6.976,0.709,6.267,6.293,0.000,0.000,0.000,0.000,9.0,
17.11.2025,13:14:49.979,19.032,24.665,17.128,3.074,250.0,250.0,78.025,41.815,8.814,73.072,50.559,31.354,19.205,30.965,98.763,24.660,74.103,6.658,0.000,0.000,0.000,0.000,9.0,
17.11.2025,13:14:50.977,14.953,24.958,17.527,3.037,250.0,250.0,76.541,30.795,8.771,72.718,50.309,31.194,19.115,30.817,44.225,5.836,38.389,6.573,0.000,0.000,0.000,0.000,9.0,
17.11.2025,13:14:51.982,14.953,28.163,20.642,3.093,250.0,250.0,77.299,23.685,8.820,74.007,51.149,31.720,19.429,31.331,7.029,0.719,6.310,6.335,0.000,0.000,0.000,1.375,9.0,
17.11.2025,13:14:52.983,27.188,25.645,18.204,3.034,250.0,250.0,77.250,22.987,8.807,71.423,49.515,30.705,18.810,30.328,6.994,0.709,6.285,6.293,0.000,0.000,0.000,1.000,9.0,
17.11.2025,13:14:53.978,19.032,26.429,18.923,3.035,250.0,250.0,81.036,60.360,8.951,67.979,47.504,29.456,18.048,29.103,117.466,33.485,83.981,167.629,0.000,0.000,0.000,0.000,9.0,
17.11.2025,13:14:54.982,32.625,25.778,18.315,3.042,250.0,250.0,78.037,23.036,8.915,71.458,49.618,30.765,18.853,30.388,7.022,0.712,6.310,6.318,0.000,0.000,0.000,0.000,9.0,
17.11.2025,13:14:55.979,21.750,27.628,20.206,3.005,250.0,250.0,77.352,41.983,8.987,124.228,82.092,50.911,31.181,50.293,32.152,10.153,21.999,7.832,0.000,0.000,0.000,0.000,9.0,
17.11.2025,13:14:56.994,28.547,27.811,20.331,3.021,250.0,250.0,81.601,23.665,8.832,73.678,50.940,31.585,19.355,31.209,7.306,0.822,6.484,6.438,0.000,0.000,0.000,0.000,9.0,
17.11.2025,13:14:58.008,21.750,27.986,20.562,3.018,250.0,250.0,79.580,22.345,8.797,68.917,48.015,29.775,18.240,29.410,7.002,0.709,6.293,6.293,0.000,0.000,0.000,0.000,9.0,
17.11.2025,13:14:59.021,19.032,28.103,20.597,3.029,250.0,250.0,79.987,23.190,8.807,71.936,49.843,30.907,18.936,30.531,7.283,0.825,6.458,6.369,0.000,0.000,0.000,0.000,9.0,
17.11.2025,13:15:0.011,21.750,26.279,18.783,3.061,250.0,250.0,80.750,28.163,8.904,63.864,44.930,27.858,17.072,27.530,42.325,15.505,26.820,6.826,0.000,0.000,0.000,0.000,9.0,
17.11.2025,13:15:1.012,20.391,25.696,18.218,3.052,250.0,250.0,77.698,23.203,8.877,71.933,49.888,30.942,18.946,30.565,7.278,0.950,6.328,6.327,0.000,0.000,0.000,0.000,9.0,
17.11.2025,13:15:2.015,19.032,26.847,19.403,3.046,250.0,250.0,80.741,24.195,8.877,72.972,50.502,31.312,19.190,30.935,10.896,1.459,9.437,6.369,0.000,0.000,0.000,0.000,9.0,
17.11.2025,13:15:3.012,35.344,26.375,18.863,3.046,250.0,250.0,78.858,23.258,8.944,72.294,50.150,31.094,19.056,30.717,7.011,0.709,6.302,6.302,0.000,0.000,0.000,0.000,9.0,
17.11.2025,13:15:4.010,17.672,27.051,19.554,3.052,250.0,250.0,80.806,23.228,8.940,72.065,50.001,31.004,18.997,30.627,7.127,0.733,6.394,6.394,0.000,0.000,0.000,0.000,9.0,
17.11.2025,13:15:5.022,19.032,27.730,20.258,3.075,250.0,250.0,80.893,29.141,8.805,49.650,36.144,22.405,13.739,22.137,7.231,0.751,6.480,124.065,0.000,0.000,0.000,0.000,9.0,
17.11.2025,13:15:6.011,14.953,27.417,19.881,3.065,250.0,250.0,77.149,23.177,8.808,72.058,49.922,30.960,18.962,30.583,7.053,0.718,6.335,6.369,0.000,0.000,0.000,0.000,9.0,
17.11.2025,13:15:7.016,19.032,26.148,18.671,3.058,250.0,250.0,80.309,36.480,8.792,72.088,49.927,30.960,18.967,30.583,73.515,27.319,46.196,6.454,0.000,0.000,0.000,0.000,9.0,
17.11.2025,13:15:8.013,20.391,27.299,19.806,3.049,250.0,250.0,77.525,22.992,8.844,71.357,49.508,30.704,18.804,30.327,7.023,0.713,6.310,6.327,0.000,0.000,0.000,0.000,9.0,
17.11.2025,13:15:9.010,20.391,27.299,19.806,3.049,250.0,250.0,80.472,45.403,8.830,72.413,50.161,31.103,19.058,30.727,117.505,33.475,84.030,6.726,0.000,0.000,0.000,0.000,9.0,
17.11.2025,13:15:10.007,27.188,27.960,20.458,3.068,250.0,250.0,78.217,23.682,8.858,73.994,51.153,31.723,19.430,31.346,7.002,0.709,6.293,6.310,0.000,0.000,0.000,0.000,9.0,
17.11.2025,13:15:11.013,21.750,26.602,19.103,3.068,250.0,250.0,80.550,22.988,8.803,71.341,49.471,30.681,18.790,30.304,7.067,0.715,6.352,6.352,0.000,0.000,0.000,0.000,9.0,
17.11.2025,13:15:12.015,17.672,27.942,20.492,3.043,250.0,250.0,79.900,23.375,8.781,72.909,50.413,31.268,19.145,30.892,7.022,0.712,6.310,6.302,0.000,0.000,0.000,0.000,9.0,
17.11.2025,13:15:13.009,21.750,26.297,18.838,3.036,250.0,250.0,77.877,42.177,8.806,72.547,50.222,31.140,19.082,30.775,101.327,25.930,75.397,6.547,0.000,0.000,0.000,0.000,9.0,
17.11.2025,13:15:14.021,17.672,24.861,17.374,3.041,250.0,250.0,80.680,23.152,8.829,72.039,49.893,30.934,18.959,30.569,7.002,0.709,6.293,6.293,0.000,0.000,0.000,0.000,9.0,
17.11.2025,13:15:15.018,17.672,25.364,17.906,3.034,250.0,250.0,77.164,23.767,8.841,74.249,51.297,31.804,19.493,31.427,7.095,0.726,6.369,6.369,0.000,0.000,0.000,0.000,9.0,
17.11.2025,13:15:16.018,17.672,26.304,18.823,3.039,250.0,250.0,81.254,23.041,8.830,71.601,49.643,30.782,18.861,30.417,6.995,0.710,6.285,6.285,0.000,0.000,0.000,0.000,9.0,
17.11.2025,13:15:17.010,14.953,27.719,20.254,3.024,250.0,250.0,77.237,35.564,8.957,74.268,51.373,31.858,19.515,31.481,65.906,11.253,54.653,6.378,0.000,0.000,2.250,0.000,9.0,
17.11.2025,13:15:18.017,27.188,27.424,19.977,3.044,250.0,250.0,78.164,23.289,8.891,72.348,50.148,31.090,19.058,30.713,7.165,0.768,6.397,6.310,0.000,0.000,0.000,0.000,9.0,
17.11.2025,13:15:19.011,17.672,30.557,22.997,3.117,250.0,250.0,81.077,23.329,8.856,72.620,50.285,31.182,19.103,30.806,7.053,0.718,6.335,6.335,0.000,0.000,0.000,0.000,9.0,
17.11.2025,13:15:20.011,17.672,26.324,18.771,3.066,250.0,250.0,80.717,46.561,8.823,71.382,49.513,30.702,18.811,30.337,124.818,34.538,90.280,6.403,0.000,0.000,0.000,0.000,9.0,
17.11.2025,13:15:21.008,17.672,26.230,18.778,3.051,250.0,250.0,77.602,23.079,8.793,71.696,49.691,30.818,18.873,30.441,7.059,0.716,6.343,6.361,0.000,0.000,0.250,0.000,9.0,
17.11.2025,13:15:22.019,20.391,27.345,19.793,3.083,250.0,250.0,76.522,23.175,8.804,72.149,49.951,30.981,18.970,30.605,6.995,0.710,6.285,6.302,0.000,0.000,0.000,0.000,9.0,
17.11.2025,13:15:23.009,21.750,24.557,17.051,3.051,250.0,250.0,80.527,23.478,8.845,73.137,50.608,31.376,19.232,31.000,7.099,0.721,6.378,6.378,0.000,0.000,0.000,0.000,9.0,
17.11.2025,13:15:24.015,14.953,27.967,20.520,3.049,250.0,250.0,80.663,47.192,8.830,73.328,50.727,31.452,19.275,31.076,125.263,34.701,90.562,6.700,0.000,0.000,0.375,0.000,9.0,
17.11.2025,13:15:25.014,25.829,26.163,18.680,3.045,250.0,250.0,77.512,23.559,8.822,73.551,50.849,31.533,19.316,31.156,7.023,0.713,6.310,6.318,0.000,0.000,0.000,0.000,9.0,
17.11.2025,13:15:26.011,17.672,26.202,18.682,3.082,250.0,250.0,78.587,40.564,8.827,80.358,55.037,34.133,20.904,33.720,40.232,14.244,25.988,92.194,0.000,0.000,0.000,0.000,9.0,
17.11.2025,13:15:27.013,16.313,31.776,24.159,3.145,250.0,250.0,79.244,44.163,8.781,68.756,47.878,29.690,18.188,29.337,116.186,32.861,83.325,6.633,0.000,0.000,0.000,0.000,9.0,
17.11.2025,13:15:28.010,17.672,24.659,17.206,3.054,250.0,250.0,77.073,22.353,8.833,68.756,47.919,29.712,18.207,29.347,7.185,0.739,6.446,6.386,0.000,0.000,0.000,0.000,9.0,
17.11.2025,13:15:29.013,20.391,26.594,19.112,3.035,250.0,250.0,76.972,22.099,8.784,67.970,47.392,29.386,18.006,29.033,7.050,0.715,6.335,6.318,0.000,0.000,0.000,0.000,9.0,
17.11.2025,13:15:30.011,16.313,25.058,17.560,3.051,250.0,250.0,78.552,48.511,8.815,85.619,58.268,36.135,22.133,35.698,115.918,32.972,82.946,6.607,0.000,0.000,0.375,0.000,9.0,
17.11.2025,13:15:31.015,21.750,26.805,19.270,3.076,250.0,250.0,74.899,44.118,8.824,68.516,47.763,29.612,18.151,29.259,116.323,33.058,83.265,6.412,0.000,0.000,0.000,0.000,9.0,
17.11.2025,13:15:32.012,17.672,26.814,19.330,3.048,250.0,250.0,71.250,22.208,8.870,68.386,47.692,29.574,18.118,29.221,6.974,0.707,6.267,6.267,0.000,0.000,0.000,0.000,9.0,
17.11.2025,13:15:33.020,23.110,24.549,17.082,3.071,250.0,250.0,71.150,22.266,8.873,68.539,47.802,29.637,18.165,29.284,7.023,0.713,6.310,6.310,0.000,0.000,0.000,0.000,9.0,
17.11.2025,13:15:34.019,9.516,30.847,22.686,3.612,250.0,250.0,71.150,22.266,8.873,68.539,47.802,29.637,18.165,29.284,7.023,0.713,6.310,6.310,0.000,0.000,0.000,0.000,9.0,
17.11.2025,13:15:35.015,19.032,27.122,19.500,3.231,250.0,250.0,62.321,23.706,8.799,74.117,51.197,31.752,19.445,31.363,7.033,0.715,6.318,6.318,0.000,0.000,0.000,0.000,9.0,
17.11.2025,13:15:36.011,28.547,27.801,20.241,3.108,250.0,250.0,78.240,23.459,8.847,73.182,50.638,31.392,19.246,31.015,6.994,0.709,6.285,6.285,0.000,0.000,0.000,0.000,9.0,
17.11.2025,13:15:37.010,19.032,25.687,18.134,3.113,250.0,250.0,81.800,23.796,8.838,74.392,51.392,31.869,19.523,31.480,7.062,0.719,6.343,6.343,0.000,0.000,0.000,0.000,9.0,
17.11.2025,13:15:38.009,28.547,25.497,18.021,3.055,250.0,250.0,81.567,15.951,8.790,44.341,32.902,20.398,12.504,20.154,7.070,0.794,6.276,6.276,0.000,0.000,2.125,0.375,9.0,
17.11.2025,13:15:39.009,16.313,25.831,18.315,3.095,250.0,250.0,78.373,24.924,8.919,72.449,50.239,31.145,19.094,30.768,15.108,1.969,13.139,6.412,0.000,0.000,0.000,0.000,9.0,
17.11.2025,13:15:40.007,16.313,26.730,19.181,3.081,250.0,250.0,78.941,23.345,8.855,72.748,50.351,31.226,19.125,30.850,7.002,0.709,6.293,6.293,0.001,0.000,0.000,0.125,9.0,
17.11.2025,13:15:41.014,19.032,25.177,17.693,3.070,250.0,250.0,81.790,47.203,9.027,73.146,50.732,31.458,19.274,31.069,125.323,34.686,90.637,6.683,0.000,0.000,0.000,0.000,9.0,
17.11.2025,13:15:42.020,17.672,25.418,17.962,3.069,250.0,250.0,78.590,23.401,8.905,72.872,50.477,31.298,19.179,30.921,7.022,0.712,6.310,6.310,0.000,0.000,0.000,0.000,9.0,
17.11.2025,13:15:43.017,25.829,26.179,18.637,3.109,250.0,250.0,80.976,45.380,8.882,73.548,50.891,31.556,19.335,31.179,115.927,31.384,84.543,6.556,0.000,0.000,0.000,0.000,9.0,
17.11.2025,13:15:44.013,19.032,27.836,20.319,3.094,250.0,250.0,78.025,23.415,8.820,72.991,50.476,31.306,19.170,30.930,7.043,0.725,6.318,6.369,0.000,0.000,0.000,0.000,9.0,
17.11.2025,13:15:45.011,16.313,25.972,18.444,3.078,250.0,250.0,77.958,23.749,8.822,74.303,51.304,31.808,19.496,31.432,7.005,0.720,6.285,6.310,0.000,0.000,0.000,0.000,9.0,
17.11.2025,13:15:46.008,14.953,27.489,19.971,3.089,250.0,250.0,81.854,47.164,8.845,73.410,50.775,31.484,19.291,31.107,124.987,34.532,90.455,6.751,0.000,0.000,1.000,0.000,9.0,
17.11.2025,13:15:47.022,17.672,26.168,18.642,3.088,250.0,250.0,78.498,23.472,8.869,73.170,50.643,31.399,19.244,31.022,7.021,0.719,6.302,6.335,0.000,0.000,0.000,0.000,9.0,
17.11.2025,13:15:48.019,17.672,26.696,19.197,3.064,250.0,250.0,80.202,23.531,8.881,73.433,50.806,31.504,19.302,31.115,6.994,0.709,6.285,6.285,0.000,0.000,0.000,0.000,9.0,
17.11.2025,13:15:49.016,20.391,27.324,19.777,3.100,250.0,250.0,78.529,46.688,8.912,73.028,50.574,31.361,19.213,30.972,123.167,34.241,88.926,6.489,0.000,0.000,0.000,0.000,9.0,
17.11.2025,13:15:50.010,17.672,25.804,18.320,3.076,250.0,250.0,77.957,23.180,8.858,72.073,49.957,30.978,18.979,30.601,7.023,0.713,6.310,6.310,0.000,0.000,0.000,0.000,9.0,
17.11.2025,13:15:51.007,14.953,28.254,20.704,3.095,250.0,250.0,81.642,23.194,8.819,72.072,49.922,30.957,18.965,30.580,7.119,0.733,6.386,6.386,0.000,0.000,0.000,0.000,9.0,
17.11.2025,13:15:52.015,19.032,25.880,18.349,3.110,250.0,250.0,80.175,24.682,8.808,77.183,53.047,32.900,20.147,32.499,7.316,0.988,6.328,7.601,0.000,0.000,0.000,0.000,9.0,
17.11.2025,13:15:53.015,17.672,26.710,19.203,3.080,250.0,250.0,78.248,32.390,8.798,85.880,58.439,36.230,22.209,35.792,35.096,6.037,29.059,6.361,0.001,0.000,0.000,0.000,9.0,
17.11.2025,13:15:54.010,17.672,25.979,18.431,3.102,250.0,250.0,78.418,23.198,8.836,72.127,49.975,30.995,18.980,30.618,7.057,0.722,6.335,6.335,0.000,0.000,0.000,0.000,9.0,
17.11.2025,13:15:55.008,17.672,25.785,18.322,3.047,250.0,250.0,80.800,46.852,8.831,71.866,49.815,30.888,18.927,30.524,125.399,34.622,90.777,6.866,0.000,0.000,0.000,0.000,9.0,
17.11.2025,13:15:56.010,19.032,28.721,21.189,3.077,250.0,250.0,77.355,23.077,8.860,71.672,49.711,30.826,18.885,30.461,7.023,0.713,6.310,6.310,0.000,0.000,0.000,0.000,9.0,
17.11.2025,13:15:57.013,19.032,27.024,19.501,3.084,250.0,250.0,80.918,47.134,8.883,73.056,50.566,31.361,19.205,30.984,125.346,34.567,90.779,6.590,0.000,0.000,0.000,0.000,9.0,
17.11.2025,13:15:58.021,23.110,27.393,19.865,3.086,250.0,250.0,77.480,23.198,8.845,72.130,49.977,30.993,18.984,30.616,7.048,0.721,6.327,6.343,0.000,0.000,0.000,0.000,77.0,
17.11.2025,13:15:59.020,24.469,26.719,19.241,3.065,250.0,250.0,81.258,32.777,8.788,62.592,44.086,27.335,16.751,27.007,6.995,0.710,6.285,127.225,0.000,0.000,0.000,0.000,77.0,
17.11.2025,13:16:0.013,19.032,27.715,20.165,3.063,250.0,250.0,77.427,23.457,8.894,73.061,50.603,31.380,19.223,30.991,7.040,0.713,6.327,6.335,0.000,0.000,0.000,0.000,77.0,
17.11.2025,13:16:1.017,14.953,27.235,19.768,3.075,250.0,250.0,80.506,44.388,8.929,71.793,49.824,30.898,18.926,30.521,113.273,32.929,80.344,6.446,0.000,0.000,0.000,0.000,77.0,
17.11.2025,13:16:2.020,17.672,27.725,20.202,3.090,250.0,250.0,77.061,23.174,8.884,71.945,49.895,30.941,18.954,30.565,7.081,0.729,6.352,6.394,0.001,0.000,0.000,0.000,77.0,
17.11.2025,13:16:3.012,17.672,25.721,18.191,3.103,250.0,250.0,79.085,23.184,9.013,71.955,49.953,30.973,18.980,30.609,7.023,0.713,6.310,6.310,0.000,0.000,0.000,0.000,77.0,
17.11.2025,13:16:4.020,27.188,27.230,19.719,3.073,250.0,250.0,77.170,39.980,8.989,68.680,47.944,29.734,18.210,29.369,7.551,0.782,6.769,181.773,0.000,0.000,0.000,0.000,77.0,
17.11.2025,13:16:5.016,32.625,27.362,19.849,3.116,250.0,250.0,76.532,46.745,8.963,71.500,49.657,30.788,18.869,30.412,125.245,34.734,90.511,6.769,0.001,0.000,2.125,0.000,77.0,
17.11.2025,13:16:6.013,27.188,31.507,23.721,3.312,250.0,250.0,80.381,22.905,8.867,71.060,49.314,30.572,18.742,30.208,6.995,0.710,6.285,6.302,0.000,0.000,0.000,0.000,77.0,
17.11.2025,13:16:7.010,25.829,29.297,21.652,3.184,250.0,250.0,77.712,33.729,8.808,65.862,46.118,28.597,17.521,28.244,60.334,22.494,37.840,21.473,0.000,0.000,0.000,0.000,77.0,
17.11.2025,13:16:8.010,33.985,25.197,17.653,3.102,250.0,250.0,77.741,23.021,8.832,71.374,49.516,30.702,18.814,30.325,7.139,0.770,6.369,6.369,0.000,0.000,0.000,0.000,77.0,
17.11.2025,13:16:9.021,25.829,25.541,18.060,3.075,250.0,250.0,76.948,23.329,8.834,72.660,50.310,31.190,19.120,30.813,7.024,0.714,6.310,6.310,0.000,0.000,0.000,0.000,77.0,
17.11.2025,13:16:10.013,25.829,27.660,20.111,3.103,250.0,250.0,80.366,33.100,8.941,71.656,49.738,30.842,18.896,30.477,56.685,20.708,35.977,7.085,0.000,0.000,0.000,0.000,77.0,
17.11.2025,13:16:11.018,17.672,26.587,19.133,3.061,250.0,250.0,77.899,23.768,9.002,73.730,51.060,31.662,19.398,31.285,7.436,0.762,6.674,6.674,0.000,0.000,0.000,0.000,77.0,
17.11.2025,13:16:12.018,19.032,26.857,19.272,3.084,250.0,250.0,80.939,30.447,8.977,74.555,51.571,31.973,19.598,31.584,36.728,12.605,24.123,12.757,0.000,0.000,0.000,0.000,77.0,
17.11.2025,13:16:13.016,24.469,28.578,21.098,3.084,250.0,250.0,78.907,23.507,8.928,73.215,50.708,31.443,19.265,31.054,7.061,0.726,6.335,6.335,0.000,0.000,0.000,0.000,77.0,
17.11.2025,13:16:14.012,17.672,27.311,19.763,3.088,250.0,250.0,79.946,41.800,8.963,50.827,36.968,22.921,14.047,22.641,7.234,0.771,6.463,247.162,0.000,0.000,0.000,0.000,77.0,
17.11.2025,13:16:15.008,17.672,27.295,19.733,3.121,250.0,250.0,79.952,23.258,8.918,72.272,50.094,31.055,19.039,30.678,7.081,0.720,6.361,6.361,0.000,0.000,0.000,0.000,77.0,
17.11.2025,13:16:16.010,19.032,26.729,19.195,3.106,250.0,250.0,78.356,24.617,8.890,75.129,51.802,32.127,19.675,31.739,6.994,0.709,6.285,12.818,0.000,0.000,0.000,0.000,77.0,
17.11.2025,13:16:17.012,24.469,27.918,20.412,3.092,250.0,250.0,80.433,23.255,8.903,72.124,50.022,31.015,19.007,30.638,7.246,0.848,6.398,6.352,0.000,0.000,0.000,0.000,77.0,
17.11.2025,13:16:18.006,19.032,27.749,20.291,3.044,250.0,250.0,78.205,52.181,8.946,53.261,38.495,23.867,14.628,23.575,7.071,0.745,6.326,344.892,0.000,0.000,0.000,0.000,77.0,
17.11.2025,13:16:19.021,19.032,28.447,20.937,3.078,250.0,250.0,81.318,47.104,8.955,72.953,50.567,31.356,19.211,30.967,125.239,34.618,90.621,6.556,0.000,0.000,0.000,0.000,77.0,
17.11.2025,13:16:20.012,20.391,26.149,18.654,3.068,250.0,250.0,78.145,23.419,8.927,72.867,50.495,31.313,19.182,30.936,7.060,0.717,6.343,6.352,0.000,0.000,0.000,1.125,77.0,
17.11.2025,13:16:21.011,16.313,27.781,20.197,3.132,250.0,250.0,77.706,23.605,8.906,73.657,50.973,31.607,19.366,31.218,7.011,0.709,6.302,6.302,0.000,0.000,0.000,0.000,77.0,
17.11.2025,13:16:22.013,17.672,26.226,18.735,3.069,250.0,250.0,81.747,13.580,8.856,34.878,27.133,16.822,10.311,16.626,7.454,0.754,6.700,6.267,0.000,0.000,0.000,0.000,77.0,
17.11.2025,13:16:23.012,20.391,26.563,19.083,3.084,250.0,250.0,78.037,23.672,8.929,73.878,51.114,31.690,19.424,31.313,7.022,0.712,6.310,6.327,0.000,0.000,0.000,0.000,77.0,
17.11.2025,13:16:24.007,17.672,25.599,18.081,3.082,250.0,250.0,80.764,26.441,8.940,52.405,37.925,23.522,14.403,23.242,6.983,0.707,6.276,90.006,0.000,0.000,0.000,0.000,77.0,
17.11.2025,13:16:25.014,24.469,24.549,16.978,3.092,250.0,250.0,78.404,24.121,9.013,75.476,52.177,32.357,19.820,31.955,7.034,0.724,6.310,6.343,0.000,0.000,0.000,0.000,77.0,
17.11.2025,13:16:26.014,17.672,25.931,18.427,3.077,250.0,250.0,82.262,47.133,9.006,72.919,50.577,31.363,19.214,30.973,125.346,34.630,90.716,6.590,0.000,0.000,0.000,0.000,77.0,
17.11.2025,13:16:27.009,19.032,25.235,17.727,3.070,250.0,250.0,78.237,23.773,9.099,74.049,51.334,31.831,19.503,31.442,7.052,0.717,6.335,6.369,0.000,0.000,0.000,0.000,77.0,
17.11.2025,13:16:28.006,17.672,25.744,18.252,3.074,250.0,250.0,78.149,22.058,9.017,67.631,47.333,29.342,17.991,28.989,6.995,0.710,6.285,6.285,0.000,0.000,0.000,0.000,77.0,
17.11.2025,13:16:29.010,20.391,24.034,16.587,3.042,250.0,250.0,76.941,23.131,8.888,71.724,49.736,30.837,18.899,30.473,7.125,0.823,6.302,6.505,0.001,0.000,0.000,0.000,77.0,
17.11.2025,13:16:30.021,17.672,26.245,18.747,3.040,250.0,250.0,80.336,22.556,8.880,69.365,48.315,29.964,18.351,29.599,7.278,0.748,6.530,6.530,0.000,0.000,0.000,0.000,77.0,
17.11.2025,13:16:31.006,16.313,27.214,19.698,3.056,250.0,250.0,77.368,22.175,8.828,68.270,47.611,29.525,18.086,29.160,6.994,0.709,6.285,6.285,0.000,0.000,0.000,0.000,77.0,
17.11.2025,13:16:32.009,19.032,25.428,17.981,3.038,250.0,250.0,80.337,22.195,8.876,68.114,47.546,29.481,18.065,29.128,7.155,0.726,6.429,6.429,0.000,0.000,2.375,0.000,77.0,
17.11.2025,13:16:33.020,23.110,26.248,18.841,3.009,250.0,250.0,74.265,13.443,8.803,34.570,26.908,16.689,10.219,16.481,7.162,0.724,6.438,6.438,0.000,0.000,0.000,0.000,77.0,
17.11.2025,13:16:34.012,31.266,29.330,21.586,3.286,250.0,250.0,70.935,22.185,8.887,68.269,47.643,29.541,18.102,29.189,6.974,0.707,6.267,6.267,0.000,0.000,0.000,0.000,77.0,
17.11.2025,13:16:35.013,21.750,33.353,25.376,3.451,250.0,250.0,73.299,22.116,8.840,68.027,47.466,29.435,18.031,29.082,6.999,0.714,6.285,6.285,0.000,0.000,1.500,0.000,77.0,
17.11.2025,13:16:36.014,2.719,22.628,15.110,3.086,250.0,250.0,56.451,13.067,8.790,33.471,26.213,16.263,9.950,16.068,6.870,0.696,6.174,6.174,0.000,0.000,0.000,0.000,77.0,
17.11.2025,13:16:37.016,12.235,10.401,2.391,2.872,250.0,250.0,33.998,6.509,3.306,13.977,10.723,6.651,4.072,6.566,6.830,0.698,6.132,6.132,0.000,0.002,0.000,0.000,77.0,
17.11.2025,13:16:38.013,1.359,11.836,2.481,2.866,250.0,250.0,17.390,6.487,3.269,13.938,10.680,6.618,4.062,6.545,6.817,0.694,6.123,6.123,0.000,0.000,0.000,0.000,77.0,
17.11.2025,13:16:39.008,16.313,11.891,2.663,2.880,250.0,250.0,16.771,6.188,3.125,12.960,9.982,6.190,3.792,6.116,6.807,0.693,6.114,6.098,0.000,0.000,0.000,0.000,77.0,
17.11.2025,13:16:40.019,16.313,11.182,2.217,2.876,250.0,250.0,16.670,6.612,3.222,14.491,10.993,6.811,4.182,6.725,6.798,0.692,6.106,6.098,0.000,0.000,0.000,0.000,77.0,
17.11.2025,13:16:41.007,1.359,11.406,2.311,2.883,250.0,250.0,16.828,6.047,3.162,12.411,9.664,5.994,3.670,5.921,6.781,0.692,6.089,6.081,0.000,0.000,0.000,0.000,77.0,
17.11.2025,13:16:42.021,16.313,11.766,2.743,2.887,250.0,250.0,16.595,5.882,3.090,11.873,9.280,5.759,3.521,5.686,6.769,0.688,6.081,6.072,0.000,0.000,0.000,0.000,77.0,
17.11.2025,13:16:43.016,16.313,11.766,2.743,2.887,250.0,250.0,16.799,6.189,3.126,13.011,10.020,6.215,3.805,6.129,6.752,0.689,6.063,6.081,0.000,0.000,0.000,0.000,77.0,
17.11.2025,13:16:44.018,5.438,11.313,2.325,2.871,250.0,250.0,16.302,6.104,3.053,12.791,9.832,6.090,3.742,6.016,6.732,0.686,6.046,6.055,0.000,0.000,0.000,0.000,77.0,
17.11.2025,13:16:45.014,9.516,11.874,2.781,2.907,250.0,250.0,16.083,5.926,3.029,12.142,9.414,5.832,3.582,5.759,6.732,0.686,6.046,6.038,0.000,0.000,0.000,0.000,77.0,
17.11.2025,13:16:46.020,2.719,11.837,2.815,2.878,250.0,250.0,15.790,6.065,3.113,12.595,9.745,6.040,3.705,5.967,6.724,0.686,6.038,6.038,0.000,0.000,0.000,0.000,77.0,
17.11.2025,13:16:47.014,8.156,11.360,2.348,2.880,250.0,250.0,16.322,6.088,3.125,12.680,9.811,6.080,3.731,6.006,6.714,0.684,6.030,6.021,0.000,0.000,0.000,0.000,77.0,
17.11.2025,13:16:48.017,8.156,11.260,2.292,2.875,250.0,250.0,16.614,6.247,3.221,13.192,10.187,6.310,3.877,6.237,6.714,0.684,6.030,6.021,0.000,0.000,0.000,0.000,77.0,
17.11.2025,13:16:49.014,2.719,11.457,2.429,2.866,250.0,250.0,16.581,6.337,3.346,13.441,10.412,6.460,3.952,6.386,6.685,0.681,6.004,6.004,0.000,0.000,0.000,0.000,77.0,
17.11.2025,13:16:50.021,16.313,11.158,2.137,2.871,250.0,250.0,16.749,6.334,3.465,13.304,10.410,6.459,3.951,6.374,6.685,0.681,6.004,6.004,0.000,0.000,0.000,0.000,77.0,
17.11.2025,13:16:51.015,10.875,11.375,2.390,2.846,250.0,250.0,17.141,6.385,3.211,13.758,10.532,6.532,4.000,6.446,6.685,0.681,6.004,6.004,0.000,0.001,0.000,0.000,77.0,
17.11.2025,13:16:52.014,2.719,11.802,2.800,2.849,250.0,250.0,16.837,6.165,2.992,13.147,10.021,6.216,3.805,6.130,6.674,0.679,5.995,5.995,0.000,0.000,0.000,0.000,77.0,
17.11.2025,13:16:53.013,16.313,11.805,2.790,2.861,250.0,250.0,16.386,5.959,2.966,12.409,9.539,5.919,3.620,5.845,6.658,0.679,5.979,5.979,0.000,0.000,0.000,0.000,77.0,
17.11.2025,13:16:54.011,1.359,11.424,2.436,2.843,250.0,250.0,16.065,5.920,2.921,12.303,9.444,5.860,3.584,5.787,6.659,0.680,5.979,5.979,0.000,0.000,0.000,0.000,77.0,
17.11.2025,13:16:55.026,8.156,11.076,2.082,2.864,250.0,250.0,15.687,5.893,3.067,12.083,9.401,5.827,3.574,5.766,6.630,0.676,5.954,5.954,0.000,0.000,0.000,0.000,77.0,
17.11.2025,13:16:56.007,1.359,11.546,2.539,2.853,250.0,250.0,15.712,44.173,4.261,132.990,85.057,52.744,32.313,52.098,34.722,6.479,28.243,12.820,0.000,0.000,0.000,0.000,77.0,
17.11.2025,13:16:57.012,17.672,11.392,2.422,2.869,250.0,250.0,107.693,61.590,9.128,120.508,80.182,49.723,30.459,49.126,130.173,34.535,95.638,16.426,0.000,0.000,0.000,0.000,77.0,
17.11.2025,13:16:58.020,17.672,26.755,18.451,3.037,250.0,250.0,126.665,28.577,8.878,81.380,55.744,34.565,21.179,34.139,17.050,1.260,15.790,15.790,0.000,0.000,2.125,0.000,77.0,
17.11.2025,13:16:59.011,13.594,26.914,19.457,3.025,250.0,250.0,98.277,33.320,8.806,72.066,49.940,30.966,18.974,30.602,57.381,20.824,36.557,7.086,0.000,0.000,0.000,0.000,77.0,
17.11.2025,13:17:0.013,17.672,25.488,18.022,3.063,250.0,250.0,79.900,23.928,8.858,74.864,51.681,32.054,19.627,31.665,7.077,0.697,6.380,6.380,0.000,0.000,0.000,0.000,77.0,
17.11.2025,13:17:1.009,17.672,25.428,17.943,3.051,250.0,250.0,82.716,46.845,8.812,73.091,50.554,31.352,19.202,30.975,123.981,34.362,89.619,6.505,0.000,0.000,1.000,0.000,77.0,
17.11.2025,13:17:2.008,17.672,27.833,20.310,3.070,250.0,250.0,78.467,23.170,8.818,72.241,50.047,31.027,19.020,30.650,6.862,0.697,6.165,6.174,0.000,0.000,0.000,0.000,77.0,
17.11.2025,13:17:3.013,17.672,28.317,20.810,3.070,250.0,250.0,81.311,23.393,8.833,73.028,50.517,31.329,19.188,30.952,6.927,0.711,6.216,6.234,0.000,0.000,0.000,0.000,77.0,
17.11.2025,13:17:4.012,19.032,25.965,18.389,3.094,250.0,250.0,79.329,46.716,8.896,79.679,54.652,33.895,20.757,33.481,62.465,22.834,39.631,110.868,0.000,0.000,2.125,0.000,77.0,
17.11.2025,13:17:5.014,20.391,25.883,18.430,3.070,250.0,250.0,80.668,23.551,8.930,73.591,50.932,31.580,19.352,31.204,6.870,0.696,6.174,6.182,0.000,0.000,0.000,0.000,77.0,
17.11.2025,13:17:6.011,20.391,24.734,17.188,3.099,250.0,250.0,81.764,37.043,8.930,73.260,50.728,31.461,19.267,31.084,74.602,14.295,60.307,6.497,0.000,0.000,0.000,0.000,77.0,
17.11.2025,13:17:7.008,21.750,25.640,18.109,3.062,250.0,250.0,78.143,23.279,8.886,72.601,50.300,31.195,19.105,30.818,6.862,0.697,6.165,6.158,0.000,0.000,0.000,0.000,77.0,
17.11.2025,13:17:8.007,19.032,26.166,18.728,3.052,250.0,250.0,81.334,26.962,8.880,74.262,51.318,31.821,19.497,31.444,23.057,3.060,19.997,6.285,0.000,0.000,1.125,0.000,77.0,
17.11.2025,13:17:9.019,29.907,27.591,20.073,3.035,250.0,250.0,81.240,26.962,8.868,39.920,30.228,18.745,11.483,18.525,6.975,0.725,6.250,6.250,0.000,0.000,0.000,0.000,77.0,
17.11.2025,13:17:10.018,19.032,24.967,17.515,3.039,250.0,250.0,81.240,14.797,8.868,39.920,30.228,18.745,11.483,18.525,6.975,0.725,6.250,6.250,0.000,0.000,0.000,0.000,77.0,
17.11.2025,13:17:11.014,14.953,26.727,19.291,3.012,250.0,250.0,79.759,23.495,8.989,73.094,50.671,31.421,19.250,31.044,7.081,0.763,6.318,6.318,0.000,0.000,0.000,2.500,77.0,
17.11.2025,13:17:12.012,17.672,26.152,18.677,3.046,250.0,250.0,77.887,23.269,9.060,72.421,50.298,31.185,19.113,30.808,6.833,0.693,6.140,6.140,0.000,0.000,0.000,0.000,77.0,
17.11.2025,13:17:13.021,19.032,25.461,18.015,3.042,250.0,250.0,80.144,47.311,9.039,73.928,51.207,31.755,19.452,31.366,125.026,34.673,90.353,6.310,0.000,0.000,0.000,0.000,77.0,
17.11.2025,13:17:14.018,14.953,25.901,18.429,3.033,250.0,250.0,77.619,23.542,8.907,73.560,50.905,31.562,19.343,31.185,6.886,0.704,6.182,6.182,0.000,0.000,0.000,0.000,77.0,
17.11.2025,13:17:15.015,17.672,26.072,18.643,3.025,250.0,250.0,81.968,21.819,8.785,36.518,28.093,17.422,10.671,17.203,7.472,0.856,6.616,84.556,0.000,0.000,0.000,0.000,77.0,
17.11.2025,13:17:16.014,33.985,25.753,18.268,3.013,250.0,250.0,78.760,23.279,8.872,72.602,50.292,31.190,19.102,30.813,6.870,0.696,6.174,6.174,0.000,0.000,0.000,0.000,77.0,
17.11.2025,13:17:17.011,17.672,24.793,17.330,3.022,250.0,250.0,81.103,38.657,8.952,72.815,50.476,31.292,19.184,30.915,83.313,29.079,54.234,6.310,0.000,0.000,0.000,0.000,77.0,
17.11.2025,13:17:18.008,16.313,25.887,18.476,3.020,250.0,250.0,78.606,23.713,8.904,74.196,51.297,31.804,19.493,31.415,6.900,0.701,6.199,6.216,0.000,0.000,0.000,0.000,77.0,
17.11.2025,13:17:19.021,19.032,25.537,18.002,3.063,250.0,250.0,80.004,23.761,8.992,74.335,51.435,31.894,19.541,31.505,6.860,0.702,6.158,6.182,0.000,0.000,0.000,0.000,77.0,
17.11.2025,13:17:20.019,17.672,25.584,18.170,3.016,250.0,250.0,82.169,47.306,8.955,73.758,51.038,31.651,19.387,31.275,125.188,34.650,90.538,6.616,0.001,0.000,0.000,1.625,77.0,
17.11.2025,13:17:21.017,27.188,28.141,20.665,3.037,250.0,250.0,78.726,23.564,8.966,73.620,50.982,31.613,19.369,31.236,6.849,0.700,6.149,6.158,0.000,0.000,0.000,0.000,77.0,
17.11.2025,13:17:22.013,20.391,27.540,20.063,3.038,250.0,250.0,82.042,27.169,8.930,74.790,51.693,32.054,19.639,31.665,23.293,3.059,20.234,6.335,0.000,0.000,0.000,0.000,77.0,
17.11.2025,13:17:23.014,19.032,26.699,19.240,3.040,250.0,250.0,78.371,23.425,8.862,73.214,50.668,31.415,19.253,31.038,6.826,0.694,6.132,6.149,0.000,0.000,0.000,0.000,77.0,
17.11.2025,13:17:24.013,16.313,26.840,19.379,3.044,250.0,250.0,78.530,23.431,8.834,73.212,50.663,31.412,19.251,31.035,6.861,0.696,6.165,6.182,0.001,0.000,0.000,0.000,77.0,
17.11.2025,13:17:25.009,20.391,25.223,17.735,3.047,250.0,250.0,80.837,23.546,8.824,73.718,50.954,31.599,19.355,31.210,6.826,0.694,6.132,6.149,0.000,0.000,0.000,0.000,77.0,
17.11.2025,13:17:26.022,17.672,26.806,19.308,3.057,250.0,250.0,78.578,23.555,8.907,73.544,50.895,31.563,19.332,31.174,6.946,0.704,6.242,6.242,0.000,0.000,0.000,0.000,77.0,
17.11.2025,13:17:27.020,21.750,25.499,18.009,3.075,250.0,250.0,82.214,79.715,8.919,82.392,56.384,34.959,21.425,34.534,60.132,22.534,37.598,438.270,0.000,0.000,0.000,0.000,77.0,
17.11.2025,13:17:28.009,20.391,26.106,18.610,3.089,250.0,250.0,78.954,23.440,8.917,73.121,50.647,31.402,19.245,31.026,6.917,0.709,6.208,6.208,0.000,0.000,0.000,0.000,77.0,
17.11.2025,13:17:29.012,17.672,24.754,17.259,3.072,250.0,250.0,82.356,29.843,8.890,63.091,44.473,27.577,16.896,27.236,7.833,1.112,6.721,94.604,0.000,0.000,0.000,0.000,77.0,
17.11.2025,13:17:30.012,17.672,27.492,19.961,3.067,250.0,250.0,79.277,40.087,8.858,73.020,50.541,31.344,19.197,30.967,90.346,20.168,70.178,6.250,0.000,0.000,0.000,0.000,77.0,
17.11.2025,13:17:31.011,24.469,25.179,17.730,3.059,250.0,250.0,78.397,23.328,8.837,72.790,50.388,31.237,19.151,30.861,6.927,0.728,6.199,6.158,0.000,0.000,0.000,0.000,77.0,
17.11.2025,13:17:32.009,21.750,26.516,19.016,3.063,250.0,250.0,82.335,26.647,8.898,74.845,51.716,32.069,19.647,31.680,20.641,2.791,17.850,6.335,0.000,0.000,0.000,0.000,77.0,
17.11.2025,13:17:33.021,23.110,26.889,19.395,3.078,250.0,250.0,78.661,23.498,8.892,73.415,50.798,31.500,19.298,31.111,6.890,0.708,6.182,6.182,0.001,0.000,0.000,0.000,77.0,
17.11.2025,13:17:34.019,19.032,28.299,20.751,3.084,250.0,250.0,81.065,23.127,8.832,72.112,49.960,30.977,18.983,30.600,6.825,0.693,6.132,6.158,0.000,0.000,0.000,0.000,77.0,
17.11.2025,13:17:35.013,23.110,25.231,17.784,3.064,250.0,250.0,77.675,40.056,8.978,72.343,50.184,31.127,19.057,30.750,90.797,20.372,70.425,6.530,0.000,0.000,0.000,0.000,77.0,
17.11.2025,13:17:36.009,25.829,31.012,22.863,3.603,250.0,250.0,77.921,23.284,8.929,72.524,50.291,31.189,19.102,30.812,6.881,0.699,6.182,6.234,0.000,0.000,0.000,0.000,77.0,
17.11.2025,13:17:37.021,14.953,27.475,19.809,3.250,250.0,250.0,81.328,23.376,8.919,72.973,50.544,31.338,19.206,30.961,6.833,0.693,6.140,6.149,0.000,0.000,0.000,0.000,77.0,
17.11.2025,13:17:38.012,16.313,25.401,17.887,3.051,250.0,250.0,78.380,18.870,8.799,55.770,39.921,24.759,15.162,24.454,6.842,0.693,6.149,6.149,0.001,0.000,0.000,0.000,77.0,
17.11.2025,13:17:39.015,17.672,27.709,20.193,3.079,250.0,250.0,78.076,23.480,8.870,73.346,50.754,31.473,19.281,31.084,6.881,0.699,6.182,6.234,0.000,0.000,0.000,0.000,77.0,
17.11.2025,13:17:40.010,25.829,27.979,20.442,3.115,250.0,250.0,81.289,23.172,8.872,72.236,50.069,31.041,19.028,30.664,6.833,0.693,6.140,6.149,0.000,0.000,0.000,0.000,77.0,
17.11.2025,13:17:41.007,17.672,24.927,17.428,3.088,250.0,250.0,77.409,23.062,8.966,71.674,49.755,30.849,18.906,30.472,6.897,0.698,6.199,6.199,0.000,0.000,0.000,0.000,77.0,
17.11.2025,13:17:42.006,16.313,26.369,18.841,3.090,250.0,250.0,81.589,46.634,8.831,71.749,49.737,30.841,18.896,30.464,124.712,34.331,90.381,6.394,0.000,0.000,0.000,0.000,77.0,
17.11.2025,13:17:43.021,16.313,26.064,18.524,3.112,250.0,250.0,78.182,23.516,8.867,73.494,50.848,31.532,19.316,31.155,6.883,0.701,6.182,6.182,0.000,0.000,0.000,0.000,77.0,
17.11.2025,13:17:44.016,20.391,26.190,18.672,3.105,250.0,250.0,80.880,45.251,8.866,72.105,49.962,30.983,18.979,30.607,117.216,33.341,83.875,6.573,0.000,0.000,0.000,0.000,77.0,
17.11.2025,13:17:45.009,19.032,25.458,17.960,3.061,250.0,250.0,78.667,23.665,8.856,74.034,51.193,31.749,19.444,31.360,6.905,0.706,6.199,6.199,0.000,0.000,0.000,0.750,77.0,
17.11.2025,13:17:46.011,16.313,26.124,18.577,3.089,250.0,250.0,80.886,47.812,8.820,76.035,52.361,32.474,19.887,32.085,125.062,34.659,90.403,6.335,0.000,0.000,0.000,0.000,77.0,
17.11.2025,13:17:47.011,17.672,25.730,18.229,3.085,250.0,250.0,78.097,23.355,8.813,72.902,50.451,31.281,19.170,30.904,6.913,0.705,6.208,6.208,0.000,0.000,0.000,0.000,77.0,
17.11.2025,13:17:48.009,17.672,25.509,18.011,3.079,250.0,250.0,79.878,25.399,8.852,56.900,40.622,25.188,15.434,24.884,37.864,13.196,24.668,6.386,0.000,0.000,0.000,0.000,77.0,
17.11.2025,13:17:49.007,33.985,24.958,17.405,3.102,250.0,250.0,77.952,23.058,8.869,71.729,49.744,30.845,18.899,30.468,6.907,0.699,6.208,6.208,0.000,0.000,0.000,0.000,77.0,
17.11.2025,13:17:50.019,16.313,26.127,18.596,3.142,250.0,250.0,78.876,44.036,8.832,68.115,47.506,29.462,18.044,29.109,116.412,33.135,83.277,6.463,0.000,0.000,0.000,0.000,77.0,
17.11.2025,13:17:51.013,21.750,24.256,16.779,3.067,250.0,250.0,76.733,41.884,8.822,67.704,47.261,29.305,17.956,28.952,106.218,29.387,76.831,6.403,0.000,0.000,0.000,0.000,77.0,
17.11.2025,13:17:52.016,19.032,24.706,17.200,3.073,250.0,250.0,73.591,22.302,8.821,68.924,48.004,29.766,18.238,29.401,6.851,0.693,6.158,6.165,0.000,0.000,0.000,0.000,77.0,
17.11.2025,13:17:53.019,16.313,23.143,15.614,3.075,250.0,250.0,77.863,36.038,8.858,90.536,61.325,38.032,23.293,37.571,47.273,17.227,30.046,6.216,0.000,0.000,0.000,0.000,77.0,
17.11.2025,13:17:54.008,13.594,25.583,18.110,3.066,250.0,250.0,76.123,21.260,8.824,64.913,45.571,28.258,17.313,27.918,6.833,0.693,6.140,6.140,0.000,0.000,0.000,0.000,77.0,
17.11.2025,13:17:55.022,17.672,26.236,18.773,3.043,250.0,250.0,72.936,22.032,8.907,67.767,47.336,29.360,17.976,29.008,6.865,0.707,6.158,6.234,0.000,0.000,0.375,0.000,77.0,
17.11.2025,13:17:56.012,23.110,26.200,18.743,3.031,250.0,250.0,73.294,30.584,8.848,68.177,47.567,29.489,18.078,29.137,49.135,7.083,42.052,6.276,0.000,0.000,0.000,0.000,77.0,
17.11.2025,13:17:57.009,17.672,26.210,18.790,2.998,250.0,250.0,74.186,13.570,8.894,35.291,27.412,16.992,10.420,16.785,6.892,0.702,6.190,6.123,0.000,0.000,0.000,0.000,77.0,
17.11.2025,13:17:58.008,25.829,24.888,17.304,3.155,250.0,250.0,64.564,23.427,8.939,73.119,50.645,31.398,19.247,31.021,6.861,0.696,6.165,6.182,0.000,0.000,0.000,0.000,77.0,
17.11.2025,13:17:59.017,21.750,26.123,18.587,3.084,250.0,250.0,81.653,36.555,8.967,71.761,49.822,30.893,18.929,30.528,74.150,14.189,59.961,6.352,0.000,0.000,0.000,0.000,77.0,
17.11.2025,13:18:0.021,19.032,25.683,18.211,3.081,250.0,250.0,77.475,23.343,8.896,72.819,50.436,31.266,19.170,30.889,6.879,0.697,6.182,6.199,0.000,0.000,0.000,0.000,77.0,
17.11.2025,13:18:1.020,17.672,26.697,19.148,3.106,250.0,250.0,79.659,19.071,8.835,53.770,38.681,23.982,14.699,23.690,7.153,0.724,6.429,12.743,0.000,0.000,0.000,0.000,77.0,
17.11.2025,13:18:2.016,27.188,26.901,19.406,3.058,250.0,250.0,77.676,24.810,8.906,72.418,50.189,31.129,19.060,30.752,14.685,1.944,12.741,6.276,0.000,0.000,0.000,0.000,77.0,
17.11.2025,13:18:3.021,17.672,28.297,20.782,3.071,250.0,250.0,77.726,23.386,8.942,72.968,50.554,31.349,19.205,30.972,6.851,0.693,6.158,6.165,0.000,0.000,0.000,2.500,77.0,
17.11.2025,13:18:4.016,32.625,24.377,16.889,3.054,250.0,250.0,80.728,23.077,8.914,71.616,49.713,30.825,18.888,30.460,7.062,0.800,6.262,6.234,0.000,0.000,0.000,0.000,77.0,
17.11.2025,13:18:5.019,16.313,28.250,20.699,3.117,250.0,250.0,77.693,23.187,8.963,72.194,50.088,31.059,19.029,30.682,6.851,0.693,6.158,6.158,0.000,0.000,0.000,0.000,77.0,
17.11.2025,13:18:6.018,32.625,25.665,18.161,3.072,250.0,250.0,81.398,44.932,8.916,72.580,50.323,31.198,19.125,30.821,115.017,30.948,84.069,6.327,0.001,0.000,2.125,0.000,77.0,
17.11.2025,13:18:7.013,17.672,26.993,19.492,3.110,250.0,250.0,78.234,32.899,8.939,65.084,45.724,28.354,17.370,28.013,6.851,0.693,6.158,121.802,0.000,0.000,0.000,0.000,77.0,
17.11.2025,13:18:8.007,16.313,25.849,18.312,3.068,250.0,250.0,81.646,23.229,8.832,72.432,50.157,31.093,19.064,30.716,6.897,0.698,6.199,6.199,0.000,0.000,0.000,0.000,77.0,
17.11.2025,13:18:9.008,23.110,24.872,17.345,3.103,250.0,250.0,81.136,46.913,8.806,72.716,50.333,31.206,19.127,30.830,124.924,34.607,90.317,6.267,0.000,0.000,0.000,0.000,77.0,
17.11.2025,13:18:10.013,17.672,26.306,18.860,3.048,250.0,250.0,77.511,23.200,8.820,72.375,50.121,31.077,19.044,30.700,6.851,0.693,6.158,6.158,0.000,0.000,0.000,0.000,77.0,
17.11.2025,13:18:11.009,12.235,25.431,17.919,3.079,250.0,250.0,80.874,23.141,8.855,72.030,49.926,30.955,18.971,30.590,6.928,0.703,6.225,6.225,0.000,0.000,0.000,0.000,77.0,
17.11.2025,13:18:12.007,21.750,25.648,18.124,3.060,250.0,250.0,81.156,30.798,8.902,70.754,49.162,30.486,18.676,30.109,46.636,17.328,29.308,6.616,0.000,0.000,0.000,2.375,77.0,
17.11.2025,13:18:13.012,29.907,25.783,18.355,3.045,250.0,250.0,77.511,23.160,8.880,72.123,50.001,31.005,18.996,30.628,6.888,0.698,6.190,6.190,0.000,0.000,0.000,0.000,77.0,
17.11.2025,13:18:14.009,19.032,26.541,19.014,3.067,250.0,250.0,80.809,44.381,8.817,72.817,50.388,31.251,19.137,30.875,112.088,30.276,81.812,6.352,0.000,0.000,0.000,0.000,77.0,
17.11.2025,13:18:15.012,17.672,27.605,20.111,3.092,250.0,250.0,77.326,23.122,8.784,72.105,49.936,30.961,18.975,30.596,6.851,0.693,6.158,6.158,0.000,0.000,0.000,0.000,77.0,
17.11.2025,13:18:16.014,28.547,27.136,19.572,3.094,250.0,250.0,78.323,23.161,8.809,72.097,49.953,30.968,18.985,30.591,6.981,0.747,6.234,6.242,0.000,0.000,0.000,0.000,77.0,
17.11.2025,13:18:17.013,17.672,26.313,18.775,3.091,250.0,250.0,78.833,22.931,8.871,71.286,49.488,30.690,18.798,30.313,6.851,0.693,6.158,6.158,0.000,0.000,0.000,0.000,77.0,
17.11.2025,13:18:18.012,19.032,26.315,18.775,3.112,250.0,250.0,79.323,23.671,8.833,73.924,51.073,31.667,19.406,31.290,7.116,0.830,6.286,6.285,0.000,0.000,0.000,0.000,77.0,
17.11.2025,13:18:19.012,19.032,26.315,18.775,3.112,250.0,250.0,78.052,23.386,8.834,73.064,50.544,31.342,19.202,30.953,6.870,0.696,6.174,6.182,0.000,0.000,0.000,0.000,77.0,
17.11.2025,13:18:20.009,23.110,26.424,18.909,3.106,250.0,250.0,79.957,23.170,8.904,72.097,50.002,31.005,18.997,30.629,6.925,0.743,6.182,6.216,0.000,0.000,2.125,0.000,77.0,
17.11.2025,13:18:21.007,23.110,27.975,20.450,3.088,250.0,250.0,79.298,34.054,8.917,58.086,41.389,25.663,15.726,25.347,38.542,13.712,24.830,88.326,0.000,0.000,0.000,0.000,77.0,
17.11.2025,13:18:22.019,17.672,27.510,19.901,3.149,250.0,250.0,78.307,30.641,8.953,71.993,49.959,30.977,18.982,30.600,44.280,5.857,38.423,6.386,0.000,0.000,0.000,0.000,77.0,
17.11.2025,13:18:23.019,19.032,27.534,20.066,3.059,250.0,250.0,77.357,23.281,8.807,72.675,50.289,31.189,19.100,30.812,6.878,0.696,6.182,6.182,0.000,0.000,0.000,0.000,77.0,
17.11.2025,13:18:24.016,17.672,27.344,19.793,3.115,250.0,250.0,80.908,23.486,8.782,45.719,33.717,20.907,12.810,20.651,7.219,0.884,6.335,77.833,0.000,0.000,0.000,0.000,77.0,
17.11.2025,13:18:25.012,19.032,25.360,17.788,3.075,250.0,250.0,77.077,23.002,8.819,71.575,49.609,30.764,18.845,30.399,6.905,0.706,6.199,6.199,0.000,0.000,0.000,0.000,77.0,
17.11.2025,13:18:26.007,16.313,25.776,18.187,3.126,250.0,250.0,80.251,45.434,8.831,72.652,50.300,31.196,19.104,30.820,117.411,33.459,83.952,6.616,0.000,0.000,0.000,0.000,77.0,
17.11.2025,13:18:27.008,25.829,24.968,17.465,3.097,250.0,250.0,77.370,23.250,8.870,72.467,50.210,31.128,19.082,30.751,6.897,0.698,6.199,6.199,0.000,0.000,0.000,0.000,77.0,
17.11.2025,13:18:28.022,14.953,26.009,18.442,3.132,250.0,250.0,80.765,14.865,8.831,37.398,28.653,17.768,10.885,17.560,7.198,0.786,6.412,13.155,0.000,0.000,0.000,0.000,77.0,
17.11.2025,13:18:29.020,23.110,26.225,18.727,3.092,250.0,250.0,77.224,22.952,8.938,71.199,49.459,30.672,18.787,30.307,6.956,0.706,6.250,6.250,0.000,0.000,0.375,0.000,77.0,
17.11.2025,13:18:30.015,19.032,26.954,19.422,3.079,250.0,250.0,77.378,23.007,8.902,71.522,49.647,30.789,18.858,30.412,6.881,0.699,6.182,6.182,0.000,0.000,0.000,0.000,77.0,
17.11.2025,13:18:31.015,17.672,25.787,18.315,3.086,250.0,250.0,78.234,23.167,8.818,72.258,50.047,31.032,19.015,30.668,6.842,0.693,6.149,6.149,0.000,0.000,0.000,0.000,77.0,
17.11.2025,13:18:32.014,19.032,27.233,19.652,3.104,250.0,250.0,77.081,23.285,8.817,72.316,50.083,31.048,19.035,30.672,7.289,0.867,6.422,6.302,0.000,0.000,0.000,0.000,77.0,
17.11.2025,13:18:33.010,14.953,26.258,18.780,3.072,250.0,250.0,78.088,23.001,8.820,71.587,49.625,30.767,18.858,30.402,6.878,0.696,6.182,6.199,0.000,0.000,0.000,0.000,77.0,
17.11.2025,13:18:34.009,14.953,24.310,16.794,3.099,250.0,250.0,78.566,34.708,8.932,73.706,51.024,31.640,19.384,31.251,62.399,9.601,52.798,6.343,0.000,0.000,0.000,0.000,77.0,
17.11.2025,13:18:35.021,19.032,25.513,17.998,3.102,250.0,250.0,77.334,23.021,8.881,71.586,49.672,30.805,18.867,30.428,6.888,0.698,6.190,6.199,0.000,0.000,0.000,0.000,77.0,
17.11.2025,13:18:36.011,21.750,25.674,18.110,3.093,250.0,250.0,77.266,23.068,8.844,71.842,49.798,30.878,18.920,30.501,6.861,0.696,6.165,6.174,0.000,0.000,0.000,0.000,77.0,
17.11.2025,13:18:37.011,36.704,27.603,19.963,3.231,250.0,250.0,80.932,47.038,8.880,72.965,50.523,31.320,19.203,30.944,125.029,34.661,90.368,6.489,0.001,0.000,0.000,0.000,77.0,
17.11.2025,13:18:38.008,17.672,33.500,25.294,3.642,250.0,250.0,78.082,23.334,8.868,72.805,50.406,31.255,19.151,30.878,6.888,0.698,6.190,6.199,0.000,0.000,0.000,0.000,77.0,
17.11.2025,13:18:39.022,14.953,25.858,18.377,3.093,250.0,250.0,81.090,24.896,8.870,72.554,50.250,31.166,19.084,30.790,14.965,1.973,12.992,6.310,0.001,0.000,0.000,0.000,77.0,
17.11.2025,13:18:40.010,21.750,26.234,18.678,3.118,250.0,250.0,77.388,17.335,8.774,49.876,36.288,22.506,13.782,22.238,6.862,0.697,6.165,6.165,0.000,0.000,0.000,0.000,77.0,
17.11.2025,13:18:41.023,24.469,25.045,17.498,3.093,250.0,250.0,78.477,23.029,8.880,71.566,49.655,30.790,18.865,30.425,6.936,0.702,6.234,6.234,0.000,0.000,2.250,0.000,77.0,
17.11.2025,13:18:42.038,12.235,27.293,19.793,3.120,250.0,250.0,76.498,14.822,8.890,40.115,30.362,18.822,11.540,18.602,6.861,0.696,6.165,6.165,0.000,0.000,0.000,0.000,77.0,
17.11.2025,13:18:43.035,35.344,26.634,19.147,3.047,250.0,250.0,77.763,14.822,8.916,72.951,50.547,31.340,19.207,30.963,6.878,0.696,6.182,6.182,0.000,0.000,0.000,0.000,77.0,
17.11.2025,13:18:44.036,23.110,29.939,22.379,3.109,250.0,250.0,77.763,23.386,8.916,72.951,50.547,31.340,19.207,30.963,6.878,0.696,6.182,6.182,0.000,0.000,0.000,0.000,77.0,
17.11.2025,13:18:45.032,20.391,26.129,18.553,3.109,250.0,250.0,80.759,40.914,9.021,72.404,50.264,31.172,19.092,30.795,95.055,22.605,72.450,6.285,0.000,0.000,0.000,0.000,77.0,
17.11.2025,13:18:46.035,23.110,28.328,20.802,3.080,250.0,250.0,77.770,23.326,8.917,72.706,50.389,31.242,19.147,30.865,6.897,0.698,6.199,6.199,0.000,0.000,0.000,0.000,77.0,
17.11.2025,13:18:47.032,21.750,27.774,20.290,3.083,250.0,250.0,80.906,37.817,8.868,73.073,50.582,31.367,19.215,30.978,78.905,15.890,63.015,6.276,0.000,0.000,2.125,2.375,77.0,
17.11.2025,13:18:48.029,14.953,25.667,18.140,3.083,250.0,250.0,79.778,23.312,8.834,60.144,42.609,26.427,16.182,26.111,6.897,0.698,6.199,39.016,0.000,0.000,0.000,0.000,77.0,
17.11.2025,13:18:49.026,27.188,27.265,19.759,3.074,250.0,250.0,77.943,23.328,8.855,72.734,50.364,31.234,19.130,30.857,6.938,0.704,6.234,6.234,0.000,0.000,0.000,0.000,77.0,
17.11.2025,13:18:50.023,19.032,26.233,18.747,3.094,250.0,250.0,80.365,32.276,8.936,80.702,55.288,34.290,20.998,33.877,7.403,1.051,6.352,73.861,0.000,0.000,1.875,0.000,77.0,
17.11.2025,13:18:51.036,21.750,26.271,18.762,3.067,250.0,250.0,77.755,23.674,8.880,74.030,51.178,31.732,19.446,31.355,6.930,0.705,6.225,6.259,0.000,0.000,0.000,0.000,77.0,
17.11.2025,13:18:52.033,19.032,25.896,18.420,3.077,250.0,250.0,77.413,26.801,8.977,67.656,47.323,29.335,17.988,28.983,30.707,3.673,27.034,6.335,0.000,0.000,0.000,0.000,77.0,
17.11.2025,13:18:53.027,24.469,27.244,19.743,3.076,250.0,250.0,76.421,22.356,8.966,68.905,48.089,29.822,18.267,29.457,6.925,0.709,6.216,6.208,0.000,0.000,0.000,0.000,77.0,
17.11.2025,13:18:54.027,16.313,26.089,18.565,3.069,250.0,250.0,76.737,34.879,8.862,74.072,51.149,31.716,19.433,31.340,6.995,0.821,6.174,118.223,0.000,0.000,0.000,0.000,77.0,
17.11.2025,13:18:55.037,24.469,24.885,17.367,3.051,250.0,250.0,79.518,32.203,8.828,69.101,48.114,29.831,18.283,29.478,56.019,9.219,46.800,6.361,0.000,0.000,0.000,0.000,77.0,
17.11.2025,13:18:56.036,27.188,24.558,17.159,3.010,250.0,250.0,73.427,22.145,8.866,68.255,47.618,29.529,18.089,29.164,6.865,0.700,6.165,6.199,0.000,0.000,0.000,0.000,77.0,
17.11.2025,13:18:57.024,17.672,25.533,18.111,2.975,250.0,250.0,73.896,22.082,8.841,67.973,47.433,29.413,18.020,29.061,6.910,0.711,6.199,6.259,0.000,0.000,0.000,0.000,77.0,
17.11.2025,13:18:58.025,16.313,26.643,19.209,2.983,250.0,250.0,73.676,44.233,8.929,69.059,48.145,29.855,18.290,29.503,116.002,33.008,82.994,6.547,0.000,0.000,0.000,0.000,77.0,
17.11.2025,13:18:59.024,33.985,25.663,18.203,3.054,250.0,250.0,64.507,23.407,8.961,72.931,50.526,31.336,19.190,30.960,6.972,0.784,6.188,6.225,0.000,0.000,0.000,0.000,77.0,
17.11.2025,13:19:0.036,17.672,25.693,18.159,3.099,250.0,250.0,72.779,23.547,8.890,73.635,50.936,31.587,19.349,31.210,6.852,0.694,6.158,6.158,0.000,0.000,0.000,0.000,77.0,
17.11.2025,13:19:1.030,20.391,25.249,17.816,3.025,250.0,250.0,79.216,25.069,8.843,73.259,50.666,31.420,19.246,31.032,14.968,1.962,13.006,6.285,0.001,0.000,0.000,0.000,77.0,
17.11.2025,13:19:2.031,17.672,27.732,20.222,3.054,250.0,250.0,77.099,23.274,8.866,72.597,50.282,31.180,19.102,30.803,6.870,0.696,6.174,6.174,0.000,0.000,0.000,0.000,77.0,
17.11.2025,13:19:3.025,19.032,25.825,18.364,3.052,250.0,250.0,79.857,46.798,8.868,71.998,49.901,30.942,18.959,30.578,125.200,34.728,90.472,6.335,0.000,0.000,0.000,0.000,77.0,
17.11.2025,13:19:4.026,20.391,26.659,19.129,3.050,250.0,250.0,76.516,22.777,8.878,70.645,49.092,30.435,18.657,30.071,6.897,0.698,6.199,6.199,0.000,0.000,0.000,0.000,77.0,
17.11.2025,13:19:5.024,19.032,26.124,18.689,3.050,250.0,250.0,80.444,38.590,8.888,71.438,49.581,30.745,18.836,30.368,84.793,29.180,55.613,6.463,0.000,0.000,0.000,0.000,77.0,
17.11.2025,13:19:6.038,24.469,27.154,19.651,3.066,250.0,250.0,77.491,23.417,9.062,72.886,50.565,31.353,19.212,30.976,6.939,0.705,6.234,6.234,0.000,0.000,0.000,0.000,77.0,
17.11.2025,13:19:7.054,14.953,26.256,18.744,3.068,250.0,250.0,80.915,44.307,9.108,72.725,50.509,31.327,19.182,30.950,111.396,29.923,81.473,6.480,0.000,0.000,0.000,0.000,77.0,
17.11.2025,13:19:8.044,19.032,27.349,19.844,3.067,250.0,250.0,77.486,22.891,8.973,71.011,49.368,30.615,18.753,30.251,6.879,0.697,6.182,6.182,0.000,0.000,0.000,0.000,77.0,
17.11.2025,13:19:9.045,16.313,25.647,18.227,3.034,250.0,250.0,81.054,45.115,8.941,73.225,50.731,31.458,19.273,31.081,115.007,31.000,84.007,6.429,0.000,0.000,0.000,0.000,77.0,
17.11.2025,13:19:10.052,21.750,25.796,18.325,3.052,250.0,250.0,78.857,28.984,8.902,73.211,50.687,31.426,19.261,31.049,34.488,4.622,29.866,6.327,0.000,0.000,0.000,0.000,77.0,
17.11.2025,13:19:11.047,17.672,25.982,18.436,3.060,250.0,250.0,76.632,23.356,8.962,72.796,50.454,31.291,19.163,30.914,6.889,0.699,6.190,6.199,0.000,0.000,0.000,0.000,77.0,
17.11.2025,13:19:12.049,19.032,24.908,17.457,3.065,250.0,250.0,79.025,41.183,8.898,71.976,49.909,30.941,18.968,30.565,97.098,23.822,73.276,6.378,0.001,0.000,0.000,0.000,77.0,
17.11.2025,13:19:13.044,14.953,24.781,17.300,3.066,250.0,250.0,76.785,23.118,8.974,71.872,49.896,30.939,18.957,30.574,6.889,0.699,6.190,6.190,0.000,0.000,0.000,0.000,77.0,
17.11.2025,13:19:14.038,17.672,26.428,18.855,3.103,250.0,250.0,80.668,22.827,8.986,70.648,49.142,30.477,18.665,30.112,6.988,0.721,6.267,6.267,0.000,0.000,0.000,0.000,77.0,
17.11.2025,13:19:15.046,17.672,26.786,19.282,3.063,250.0,250.0,78.927,22.921,8.972,71.125,49.443,30.657,18.786,30.281,6.878,0.696,6.182,6.190,0.000,0.000,0.000,0.000,77.0,
17.11.2025,13:19:16.045,20.391,26.026,18.512,3.085,250.0,250.0,78.339,46.671,8.936,71.502,49.665,30.793,18.872,30.417,124.970,34.548,90.422,6.582,0.000,0.000,0.000,0.000,77.0,
17.11.2025,13:19:17.044,17.672,24.706,17.202,3.073,250.0,250.0,76.801,23.166,8.928,72.059,49.984,30.989,18.995,30.613,6.921,0.705,6.216,6.250,0.000,0.000,0.000,0.000,77.0,
17.11.2025,13:19:18.045,16.313,27.381,19.871,3.057,250.0,250.0,80.649,38.515,8.937,71.263,49.495,30.688,18.807,30.312,84.585,29.249,55.336,6.480,0.000,0.000,0.000,0.000,77.0,
17.11.2025,13:19:19.040,20.391,27.943,20.472,3.062,250.0,250.0,77.366,22.823,8.862,70.847,49.198,30.503,18.695,30.138,6.897,0.698,6.199,6.190,0.000,0.000,0.000,0.000,77.0,
17.11.2025,13:19:20.046,19.032,26.344,18.842,3.063,250.0,250.0,80.680,44.435,8.945,69.044,48.131,29.848,18.283,29.484,117.074,33.323,83.751,6.463,0.000,0.000,0.000,0.000,77.0,
17.11.2025,13:19:21.050,21.750,26.913,19.391,3.096,250.0,250.0,77.102,22.999,9.033,71.350,49.620,30.771,18.849,30.395,6.889,0.699,6.190,6.190,0.000,0.000,0.000,0.000,77.0,
17.11.2025,13:19:22.062,24.469,27.728,20.242,3.090,250.0,250.0,81.173,25.081,8.974,73.181,50.696,31.441,19.255,31.064,14.963,1.970,12.993,6.276,0.000,0.000,0.000,0.000,77.0,
17.11.2025,13:19:23.058,20.391,25.282,17.750,3.067,250.0,250.0,80.787,35.373,8.897,76.747,52.834,32.759,20.075,32.358,16.741,4.349,12.392,96.574,0.000,0.000,0.000,0.000,77.0,
17.11.2025,13:19:24.058,23.110,26.536,19.025,3.084,250.0,250.0,77.248,23.056,8.887,71.668,49.712,30.821,18.891,30.457,6.944,0.710,6.234,6.234,0.000,0.000,0.000,0.000,77.0,
17.11.2025,13:19:25.055,17.672,26.945,19.406,3.087,250.0,250.0,79.367,23.411,8.855,73.111,50.584,31.361,19.223,30.985,6.898,0.699,6.199,6.199,0.000,0.000,1.125,0.000,77.0,
17.11.2025,13:19:26.055,19.032,25.784,18.275,3.074,250.0,250.0,81.106,23.221,8.899,71.983,49.918,30.947,18.971,30.571,7.261,0.812,6.449,6.403,0.000,0.000,0.000,0.000,77.0,
17.11.2025,13:19:27.068,20.391,26.946,19.420,3.098,250.0,250.0,80.180,42.846,8.959,68.193,47.617,29.525,18.092,29.173,102.532,31.580,70.952,21.834,0.000,0.000,0.000,0.000,77.0,
17.11.2025,13:19:28.062,24.469,25.097,17.612,3.048,250.0,250.0,78.056,24.674,8.959,73.524,50.919,31.572,19.347,31.196,12.416,1.525,10.891,6.386,0.000,0.000,0.000,0.000,77.0,
17.11.2025,13:19:29.054,19.032,26.092,18.605,3.065,250.0,250.0,77.646,23.268,9.144,72.273,50.253,31.168,19.085,30.792,6.889,0.699,6.190,6.190,0.000,0.000,0.000,0.000,77.0,
17.11.2025,13:19:30.067,19.032,25.758,18.304,3.070,250.0,250.0,80.721,31.815,9.093,71.472,49.717,30.829,18.888,30.452,50.667,6.653,44.014,6.361,0.000,0.000,0.000,0.000,77.0,
17.11.2025,13:19:31.066,17.672,27.638,20.131,3.080,250.0,250.0,77.135,23.184,9.072,72.028,50.045,31.031,19.014,30.654,6.898,0.699,6.199,6.199,0.000,0.000,0.000,0.000,77.0,
17.11.2025,13:19:32.067,16.313,25.390,17.858,3.063,250.0,250.0,80.823,34.327,8.904,72.438,50.195,31.130,19.065,30.753,62.197,9.486,52.711,6.394,0.000,0.000,0.000,0.000,77.0,
17.11.2025,13:19:33.064,28.547,27.612,20.120,3.059,250.0,250.0,77.370,23.167,8.854,72.163,50.005,31.012,18.993,30.635,6.898,0.699,6.199,6.216,0.000,0.000,0.000,0.000,77.0,
17.11.2025,13:19:34.062,17.672,26.941,19.458,3.077,250.0,250.0,80.899,39.349,8.874,67.429,47.116,29.223,17.893,28.870,93.801,30.276,63.525,6.481,0.000,0.000,0.000,0.000,77.0,
17.11.2025,13:19:35.061,17.672,26.071,18.532,3.068,250.0,250.0,76.820,22.815,8.909,70.786,49.187,30.496,18.691,30.131,6.879,0.697,6.182,6.190,0.000,0.000,0.000,0.000,77.0,
17.11.2025,13:19:36.061,17.672,26.970,19.529,3.054,250.0,250.0,80.343,46.942,8.881,72.667,50.347,31.222,19.125,30.846,124.836,34.578,90.258,6.658,0.000,0.000,0.000,0.000,77.0,
17.11.2025,13:19:37.069,21.750,26.169,18.655,3.069,250.0,250.0,77.427,23.221,8.987,72.160,50.081,31.062,19.019,30.685,6.968,0.718,6.250,6.276,0.000,0.000,0.000,0.000,77.0,
17.11.2025,13:19:38.061,35.344,29.062,21.141,3.442,250.0,250.0,77.514,22.997,8.913,71.435,49.605,30.757,18.848,30.381,6.904,0.705,6.199,6.225,0.000,0.000,0.000,0.000,77.0,
17.11.2025,13:19:39.061,24.469,30.996,23.109,3.386,250.0,250.0,78.307,20.263,8.869,60.974,43.169,26.771,16.398,26.454,6.904,0.722,6.182,6.182,0.000,0.000,0.000,0.000,77.0,
17.11.2025,13:19:40.062,10.875,27.503,19.977,3.053,250.0,250.0,79.655,23.446,8.880,73.154,50.644,31.405,19.239,31.016,6.945,0.711,6.234,6.234,0.000,0.000,0.000,0.000,77.0,
17.11.2025,13:19:41.057,13.594,24.034,16.595,3.019,250.0,250.0,79.652,20.193,8.881,60.735,43.010,26.670,16.340,26.341,6.886,0.704,6.182,6.182,0.000,0.000,0.000,0.000,77.0,
17.11.2025,13:19:42.056,25.829,26.727,19.294,3.033,250.0,250.0,76.597,23.136,8.865,71.983,49.905,30.949,18.956,30.573,6.948,0.714,6.234,6.234,0.000,0.000,0.000,0.000,77.0,
17.11.2025,13:19:43.054,17.672,26.223,18.706,3.051,250.0,250.0,80.644,44.586,8.947,71.269,49.500,30.696,18.804,30.331,114.862,32.940,81.922,6.590,0.000,0.000,0.000,0.000,77.0,
17.11.2025,13:19:44.053,17.672,26.811,19.318,3.043,250.0,250.0,77.214,23.487,8.928,73.271,50.756,31.475,19.281,31.086,6.926,0.710,6.216,6.216,0.000,0.000,0.000,0.000,77.0,
17.11.2025,13:19:45.063,12.235,25.674,18.257,3.042,250.0,250.0,80.670,44.811,8.966,70.496,49.041,30.417,18.624,30.052,117.027,33.315,83.712,6.463,0.000,0.000,0.000,0.000,77.0,
17.11.2025,13:19:46.062,16.313,26.481,18.983,3.052,250.0,250.0,76.676,23.020,8.856,71.572,49.648,30.785,18.863,30.408,6.928,0.712,6.216,6.216,0.000,0.000,0.000,0.000,77.0,
17.11.2025,13:19:47.074,14.953,27.628,20.117,3.063,250.0,250.0,80.227,29.808,8.855,72.955,50.485,31.312,19.173,30.935,38.905,5.121,33.784,6.556,0.000,0.000,0.000,0.000,77.0,
17.11.2025,13:19:48.071,21.750,27.373,19.887,3.078,250.0,250.0,77.192,22.957,8.953,71.281,49.507,30.696,18.811,30.332,6.897,0.698,6.199,6.199,0.000,0.000,0.000,0.000,77.0,
17.11.2025,13:19:49.084,17.672,27.020,19.466,3.072,250.0,250.0,80.439,35.982,8.952,71.273,49.527,30.708,18.819,30.344,71.928,12.880,59.048,6.335,0.000,0.000,0.000,0.000,77.0,
17.11.2025,13:19:50.073,28.547,26.146,18.661,3.081,250.0,250.0,76.870,23.200,8.891,72.247,50.086,31.053,19.033,30.676,6.897,0.698,6.199,6.225,0.000,0.000,0.000,0.000,77.0,
17.11.2025,13:19:51.070,14.953,27.295,19.734,3.097,250.0,250.0,80.893,44.438,8.950,71.952,49.934,30.964,18.970,30.588,113.179,32.859,80.320,6.667,0.000,0.000,0.000,0.000,77.0,
17.11.2025,13:19:52.080,17.672,25.355,17.875,3.079,250.0,250.0,76.843,21.892,9.015,67.062,46.975,29.131,17.844,28.778,6.948,0.714,6.234,6.216,0.000,0.000,0.000,0.000,77.0,
17.11.2025,13:19:53.080,16.313,25.220,17.728,3.036,250.0,250.0,75.781,21.939,9.010,67.239,47.075,29.183,17.892,28.831,6.956,0.706,6.250,6.250,0.000,0.000,0.000,0.000,77.0,
17.11.2025,13:19:54.078,16.313,25.694,18.267,3.057,250.0,250.0,76.074,21.989,8.918,67.526,47.203,29.263,17.940,28.911,6.948,0.714,6.234,6.234,0.000,0.000,0.000,0.000,77.0,
17.11.2025,13:19:55.079,16.313,25.694,18.267,3.057,250.0,250.0,76.198,21.760,8.866,66.751,46.690,28.950,17.740,28.610,6.897,0.698,6.199,6.199,0.000,0.000,0.000,0.000,77.0,
17.11.2025,13:19:56.077,25.829,24.851,17.376,3.052,250.0,250.0,78.161,24.139,8.928,75.351,52.000,32.253,19.747,31.864,6.984,0.750,6.234,7.282,0.000,0.000,0.000,0.000,77.0,
17.11.2025,13:19:57.077,17.672,24.600,17.111,3.081,250.0,250.0,73.522,22.040,8.963,67.771,47.378,29.373,18.005,29.020,6.851,0.693,6.158,6.190,0.000,0.000,0.000,0.000,77.0,
17.11.2025,13:19:58.078,17.672,23.726,16.295,2.995,250.0,250.0,70.000,43.864,8.904,67.684,47.289,29.317,17.972,28.965,116.044,33.075,82.969,6.420,0.000,0.000,0.000,0.000,77.0,
17.11.2025,13:19:59.078,24.469,25.907,18.449,2.993,250.0,250.0,73.216,43.592,8.964,66.795,46.782,29.003,17.779,28.650,115.806,32.890,82.916,6.335,0.000,0.000,0.000,0.000,77.0,
17.11.2025,13:20:0.073,13.594,25.681,18.232,3.027,250.0,250.0,60.823,44.643,8.985,60.883,43.149,26.755,16.394,26.439,80.066,28.141,51.925,103.697,0.000,0.000,0.000,0.000,77.0,
17.11.2025,13:20:1.071,17.672,24.529,16.982,3.136,250.0,250.0,80.110,23.091,9.023,71.720,49.836,30.903,18.933,30.526,6.888,0.698,6.190,6.190,0.000,0.000,0.000,0.000,77.0,
17.11.2025,13:20:2.084,21.750,26.344,18.754,3.130,250.0,250.0,77.874,40.512,8.932,72.424,50.234,31.143,19.091,30.766,92.998,21.459,71.539,6.530,0.000,0.000,2.125,0.000,77.0,
17.11.2025,13:20:3.081,17.672,25.085,17.600,3.083,250.0,250.0,77.488,23.529,8.908,73.459,50.856,31.540,19.316,31.163,6.918,0.702,6.216,6.216,0.000,0.000,0.000,0.000,77.0,
17.11.2025,13:20:4.079,16.313,25.574,18.032,3.108,250.0,250.0,81.203,35.124,8.933,71.938,49.907,30.953,18.954,30.576,66.782,11.676,55.106,6.412,0.000,0.000,0.000,0.000,77.0,
17.11.2025,13:20:5.075,16.313,26.217,18.689,3.103,250.0,250.0,78.116,23.273,8.965,72.475,50.259,31.157,19.102,30.780,6.897,0.698,6.199,6.199,0.000,0.000,0.000,0.000,77.0,
17.11.2025,13:20:6.077,17.672,27.541,19.894,3.164,250.0,250.0,80.986,23.178,9.001,72.009,50.002,31.012,18.990,30.635,6.946,0.704,6.242,6.242,0.000,0.000,0.000,0.000,77.0,
17.11.2025,13:20:7.077,16.313,26.586,19.069,3.115,250.0,250.0,80.977,31.894,8.931,74.287,51.361,31.850,19.511,31.461,21.116,5.482,15.634,59.302,0.000,0.000,0.000,0.000,77.0,
17.11.2025,13:20:8.071,16.313,25.667,18.147,3.106,250.0,250.0,77.442,23.937,8.954,74.946,51.805,32.129,19.676,31.740,6.943,0.709,6.234,6.234,0.001,0.000,1.125,0.000,77.0,
17.11.2025,13:20:9.077,17.672,25.566,17.970,3.136,250.0,250.0,81.032,23.361,8.893,72.881,50.487,31.303,19.184,30.926,6.879,0.697,6.182,6.182,0.000,0.000,0.000,0.000,77.0,
17.11.2025,13:20:10.077,17.672,26.237,18.684,3.082,250.0,250.0,77.083,23.039,8.870,71.597,49.673,30.806,18.867,30.429,6.939,0.705,6.234,6.267,0.000,0.000,0.000,0.000,77.0,
17.11.2025,13:20:11.076,17.672,26.379,18.920,3.037,250.0,250.0,77.662,23.060,8.878,71.744,49.763,30.854,18.909,30.477,6.889,0.699,6.190,6.199,0.000,0.000,0.000,0.000,77.0,
17.11.2025,13:20:12.071,17.672,24.680,17.183,3.074,250.0,250.0,80.654,42.717,8.963,72.598,50.347,31.219,19.128,30.842,103.808,27.219,76.589,6.463,0.000,0.000,0.000,0.000,77.0,
17.11.2025,13:20:13.078,23.110,25.043,17.608,3.032,250.0,250.0,77.763,23.291,8.941,72.567,50.279,31.183,19.096,30.807,6.912,0.704,6.208,6.216,0.000,0.000,0.000,0.000,77.0,
17.11.2025,13:20:14.080,17.672,26.436,18.969,3.045,250.0,250.0,81.602,44.805,9.050,73.880,51.191,31.740,19.451,31.351,112.443,30.552,81.891,6.497,0.000,0.000,0.000,0.000,77.0,
17.11.2025,13:20:15.081,28.547,26.615,19.109,3.040,250.0,250.0,78.492,23.576,8.915,73.673,50.989,31.615,19.374,31.238,6.878,0.696,6.182,6.199,0.000,0.000,2.250,0.000,77.0,
17.11.2025,13:20:16.080,23.110,25.918,18.431,3.047,250.0,250.0,81.012,23.249,8.903,72.229,50.089,31.055,19.034,30.678,7.094,0.800,6.294,6.310,0.000,0.000,0.000,0.000,77.0,
17.11.2025,13:20:17.079,16.313,25.467,17.974,3.063,250.0,250.0,77.821,23.127,8.794,72.059,49.916,30.956,18.960,30.579,6.897,0.698,6.199,6.216,0.000,0.000,0.000,0.000,77.0,
17.11.2025,13:20:18.075,21.750,27.211,19.750,3.040,250.0,250.0,80.674,25.836,8.794,71.614,49.637,30.779,18.858,30.402,20.966,2.847,18.119,6.343,0.000,0.000,0.000,0.000,77.0,
17.11.2025,13:20:19.072,17.672,27.916,20.409,3.073,250.0,250.0,77.569,21.432,8.855,65.177,45.733,28.352,17.381,28.011,7.316,0.743,6.573,6.182,0.000,0.000,0.000,0.000,77.0,
17.11.2025,13:20:20.075,16.313,25.995,18.498,3.056,250.0,250.0,81.472,46.939,8.938,72.755,50.420,31.268,19.152,30.892,124.655,34.594,90.061,6.658,0.000,0.000,0.000,0.000,77.0,
17.11.2025,13:20:21.071,17.672,27.490,20.044,3.026,250.0,250.0,78.177,23.214,8.886,72.272,50.092,31.058,19.034,30.694,6.936,0.702,6.234,6.234,0.000,0.000,0.000,0.000,77.0,
17.11.2025,13:20:22.083,14.953,26.413,18.856,3.133,250.0,250.0,80.800,46.595,8.888,71.111,49.366,30.611,18.755,30.246,125.265,34.765,90.500,6.446,0.000,0.000,0.000,0.000,77.0,
17.11.2025,13:20:23.081,20.391,24.550,17.002,3.051,250.0,250.0,77.085,23.204,8.948,72.208,50.104,31.061,19.043,30.685,6.897,0.698,6.199,6.199,0.000,0.000,0.000,0.000,77.0,
17.11.2025,13:20:24.080,17.672,27.343,19.852,3.085,250.0,250.0,77.107,23.433,8.917,73.122,50.651,31.410,19.241,31.021,6.888,0.698,6.190,6.190,0.000,0.000,0.000,0.000,77.0,
17.11.2025,13:20:25.076,17.672,26.761,19.281,3.028,250.0,250.0,81.624,46.903,8.843,72.653,50.289,31.182,19.107,30.805,124.906,34.562,90.344,6.343,0.000,0.000,0.000,0.000,77.0,
17.11.2025,13:20:26.076,35.344,26.215,18.751,3.058,250.0,250.0,77.377,23.467,8.819,73.183,50.600,31.373,19.227,30.997,7.138,0.943,6.195,6.190,0.000,0.000,0.000,0.000,77.0,
17.11.2025,13:20:27.078,17.672,25.387,17.922,3.038,250.0,250.0,80.676,23.467,8.816,72.340,50.074,31.055,19.019,30.679,125.494,34.772,90.722,6.556,0.000,0.000,0.000,0.000,77.0,
17.11.2025,13:20:28.077,27.188,26.827,19.338,3.059,250.0,250.0,78.814,46.953,8.833,72.978,50.519,31.320,19.199,30.943,7.006,0.721,6.285,6.285,0.000,0.000,0.000,0.625,77.0,
17.11.2025,13:20:29.072,17.672,26.809,19.323,3.042,250.0,250.0,78.814,23.409,8.833,72.978,50.519,31.320,19.199,30.943,7.006,0.721,6.285,6.285,0.000,0.000,0.000,0.000,77.0,
17.11.2025,13:20:30.071,16.313,26.120,18.582,3.085,250.0,250.0,77.937,22.813,8.843,70.835,49.180,30.490,18.690,30.125,6.888,0.698,6.190,6.190,0.000,0.000,0.000,0.000,77.0,
17.11.2025,13:20:31.070,20.391,24.474,17.035,3.038,250.0,250.0,81.928,43.668,8.870,73.140,50.618,31.387,19.231,31.011,108.020,29.074,78.946,6.386,0.000,0.000,0.000,0.000,77.0,
17.11.2025,13:20:32.084,19.032,25.850,18.302,3.071,250.0,250.0,77.711,23.187,8.808,72.255,50.043,31.032,19.011,30.655,6.917,0.709,6.208,6.234,0.000,0.000,0.000,0.000,77.0,
17.11.2025,13:20:33.081,17.672,24.705,17.280,3.029,250.0,250.0,80.756,21.928,8.797,67.089,46.869,29.061,17.808,28.720,7.378,0.745,6.633,6.182,0.000,0.000,0.000,0.000,77.0,
17.11.2025,13:20:34.072,16.313,26.955,19.439,3.064,250.0,250.0,77.328,23.049,8.836,71.659,49.693,30.810,18.883,30.433,6.957,0.715,6.242,6.259,0.000,0.000,0.000,0.000,77.0,
17.11.2025,13:20:35.076,17.672,25.134,17.730,3.002,250.0,250.0,77.124,23.684,8.858,74.096,51.224,31.765,19.459,31.388,6.908,0.709,6.199,6.234,0.000,0.000,0.000,0.000,77.0,
17.11.2025,13:20:36.074,24.469,25.922,18.456,3.029,250.0,250.0,81.099,19.878,8.858,59.063,41.959,26.017,15.942,25.713,7.286,0.764,6.522,6.660,0.000,0.000,0.000,0.000,77.0,
17.11.2025,13:20:37.078,17.672,25.814,18.396,3.006,250.0,250.0,78.468,23.138,9.017,71.823,49.898,30.938,18.960,30.573,6.954,0.704,6.250,6.267,0.000,0.000,0.000,0.000,77.0,
17.11.2025,13:20:38.075,16.313,26.173,18.722,3.023,250.0,250.0,81.569,46.175,9.016,76.174,52.610,32.624,19.986,32.235,116.331,31.764,84.567,6.446,0.000,0.000,0.000,0.000,77.0,
17.11.2025,13:20:39.070,20.391,26.106,18.625,3.030,250.0,250.0,78.153,23.543,8.987,73.447,50.886,31.550,19.336,31.173,6.918,0.702,6.216,6.216,0.000,0.000,0.000,0.000,77.0,
17.11.2025,13:20:40.071,14.953,34.221,26.134,3.557,250.0,250.0,81.455,46.472,8.907,75.469,52.103,32.307,19.796,31.918,118.956,32.629,86.327,6.310,0.000,0.000,0.000,0.000,77.0,
17.11.2025,13:20:41.077,33.985,27.888,20.240,3.172,250.0,250.0,77.532,23.295,8.869,72.631,50.304,31.186,19.118,30.809,6.911,0.703,6.208,6.208,0.000,0.000,0.000,0.000,77.0,
17.11.2025,13:20:42.074,16.313,25.709,18.259,3.044,250.0,250.0,81.422,36.481,8.910,73.655,50.964,31.605,19.359,31.215,71.397,12.877,58.520,6.310,0.000,0.000,0.000,0.000,77.0,
17.11.2025,13:20:43.073,19.032,24.449,17.020,3.008,250.0,250.0,77.763,23.458,8.907,73.216,50.684,31.431,19.253,31.042,6.918,0.702,6.216,6.216,0.000,0.000,0.000,0.000,77.0,
17.11.2025,13:20:44.072,24.469,26.506,19.031,3.039,250.0,250.0,82.242,23.626,8.859,73.660,50.939,31.584,19.355,31.207,7.172,0.817,6.355,6.310,0.000,0.000,0.000,0.000,77.0,
17.11.2025,13:20:45.072,14.953,25.409,17.959,3.037,250.0,250.0,77.835,23.328,8.870,72.740,50.377,31.243,19.134,30.866,6.918,0.702,6.216,6.216,0.000,0.000,0.000,0.000,77.0,
17.11.2025,13:20:46.072,20.391,26.147,18.640,3.044,250.0,250.0,82.006,23.305,8.915,72.594,50.296,31.186,19.110,30.810,6.951,0.717,6.234,6.234,0.000,0.000,0.000,0.000,77.0,
17.11.2025,13:20:47.069,21.750,24.941,17.519,3.031,250.0,250.0,81.347,33.287,8.833,52.158,37.720,23.389,14.331,23.109,24.226,6.208,18.018,124.878,0.000,0.000,0.000,0.000,77.0,
17.11.2025,13:20:48.082,19.032,30.352,22.617,3.233,250.0,250.0,79.574,24.168,8.872,75.916,52.355,32.459,19.896,32.069,6.942,0.708,6.234,6.234,0.000,0.000,0.000,0.000,77.0,
17.11.2025,13:20:49.082,16.313,24.829,17.356,3.063,250.0,250.0,79.602,23.754,8.834,74.380,51.387,31.871,19.516,31.482,6.919,0.703,6.216,6.234,0.000,0.000,0.000,1.125,77.0,
17.11.2025,13:20:50.081,17.672,25.826,18.330,3.069,250.0,250.0,82.236,47.359,8.796,74.141,51.204,31.754,19.450,31.377,125.090,34.576,90.514,6.683,0.000,0.000,0.000,0.000,77.0,
17.11.2025,13:20:51.077,19.032,25.423,17.912,3.073,250.0,250.0,79.279,23.938,8.845,75.048,51.799,32.118,19.681,31.729,6.946,0.712,6.234,6.267,0.000,0.000,0.000,0.000,77.0,
17.11.2025,13:20:52.078,27.188,26.898,19.341,3.091,250.0,250.0,79.607,23.595,8.867,73.785,51.006,31.631,19.375,31.243,6.906,0.698,6.208,6.234,0.000,0.000,0.000,0.000,77.0,
17.11.2025,13:20:53.084,17.672,24.459,17.015,3.050,250.0,250.0,82.792,42.200,8.854,71.499,49.591,30.756,18.835,30.379,102.802,31.527,71.275,6.480,0.001,0.000,0.000,0.000,77.0,
17.11.2025,13:20:54.093,16.313,26.671,19.114,3.075,250.0,250.0,77.673,22.295,8.806,68.744,47.897,29.694,18.203,29.342,6.987,0.720,6.267,6.285,0.000,0.000,0.000,0.000,77.0,
17.11.2025,13:20:55.085,19.032,25.172,17.740,3.006,250.0,250.0,76.862,22.018,8.805,67.694,47.242,29.286,17.956,28.934,6.987,0.720,6.267,6.285,0.000,0.000,0.000,0.000,77.0,
17.11.2025,13:20:56.093,16.313,26.684,19.226,3.012,250.0,250.0,77.079,22.311,8.807,68.758,47.911,29.707,18.204,29.342,7.044,0.726,6.318,6.293,0.000,0.000,0.000,0.000,77.0,
17.11.2025,13:20:57.092,14.953,24.271,16.874,2.992,250.0,250.0,76.725,22.142,8.779,68.299,47.593,29.509,18.084,29.156,6.906,0.698,6.208,6.190,0.000,0.000,0.000,2.375,77.0,
17.11.2025,13:20:58.090,14.953,27.406,19.969,2.998,250.0,250.0,80.226,22.138,8.853,68.150,47.545,29.480,18.065,29.127,6.983,0.707,6.276,6.190,0.000,0.000,0.000,0.000,77.0,
17.11.2025,13:20:59.093,17.672,25.116,17.783,2.938,250.0,250.0,73.772,22.185,8.826,68.418,47.709,29.586,18.123,29.221,6.879,0.697,6.182,6.208,0.000,0.000,0.000,0.000,77.0,
17.11.2025,13:21:0.088,17.672,25.580,18.232,2.957,250.0,250.0,70.940,22.254,8.926,68.560,47.850,29.671,18.179,29.318,6.898,0.699,6.199,6.242,0.000,0.000,0.000,0.000,77.0,
17.11.2025,13:21:1.092,13.594,24.207,16.798,2.986,250.0,250.0,71.204,13.261,8.841,34.164,26.680,16.545,10.135,16.338,6.873,0.708,6.165,6.165,0.000,0.000,0.000,0.000,77.0,
17.11.2025,13:21:2.092,23.110,27.232,19.606,3.151,250.0,250.0,62.964,23.627,8.891,73.851,51.074,31.668,19.406,31.279,6.936,0.702,6.234,6.234,0.000,0.000,0.000,0.000,77.0,
17.11.2025,13:21:3.092,17.672,26.168,18.685,3.062,250.0,250.0,82.980,38.387,8.832,74.339,51.347,31.836,19.511,31.459,80.101,16.569,63.532,6.343,0.000,0.000,0.000,0.000,77.0,
17.11.2025,13:21:4.091,16.313,26.836,19.314,3.092,250.0,250.0,79.016,23.748,8.829,74.392,51.357,31.849,19.508,31.461,6.927,0.702,6.225,6.225,0.000,0.000,0.000,0.000,77.0,
17.11.2025,13:21:5.093,14.953,27.530,20.036,3.082,250.0,250.0,81.782,15.086,8.796,40.956,30.818,19.110,11.708,18.878,7.106,0.720,6.386,6.386,0.000,0.000,2.375,0.000,77.0,
17.11.2025,13:21:6.084,12.235,25.793,18.302,3.057,250.0,250.0,79.253,15.139,8.809,41.153,30.957,19.187,11.770,18.955,7.086,0.717,6.369,6.383,0.000,0.000,0.000,0.000,77.0,
17.11.2025,13:21:7.087,29.907,26.254,18.755,3.089,250.0,250.0,79.218,47.144,8.843,73.453,50.795,31.498,19.297,31.109,125.010,34.511,90.499,6.429,0.000,0.000,0.000,0.000,77.0,
17.11.2025,13:21:8.089,14.953,24.621,17.080,3.055,250.0,250.0,78.960,23.758,8.846,74.370,51.376,31.859,19.517,31.482,6.946,0.704,6.242,6.242,0.000,0.000,0.000,0.000,77.0,
17.11.2025,13:21:9.104,20.391,24.736,17.307,3.022,250.0,250.0,80.902,41.432,8.855,68.281,47.634,29.531,18.103,29.179,6.918,0.702,6.216,198.900,0.000,0.000,0.000,0.000,77.0,
17.11.2025,13:21:10.101,16.313,26.226,18.727,3.037,250.0,250.0,81.213,36.878,8.840,72.422,50.167,31.111,19.056,30.734,75.051,14.593,60.458,6.343,0.000,0.000,0.000,0.000,77.0,
17.11.2025,13:21:11.117,16.313,26.602,19.172,3.010,250.0,250.0,78.461,23.770,8.819,74.405,51.378,31.857,19.521,31.480,7.003,0.765,6.238,6.234,0.001,0.000,0.000,0.000,77.0,
17.11.2025,13:21:12.124,17.672,26.293,18.824,3.076,250.0,250.0,78.709,23.800,8.820,74.592,51.492,31.926,19.566,31.549,6.918,0.702,6.216,6.216,0.000,0.000,0.000,0.000,77.0,
17.11.2025,13:21:13.124,20.391,26.535,19.028,3.034,250.0,250.0,79.267,22.089,8.796,67.834,47.332,29.345,17.987,28.993,7.200,0.729,6.471,6.199,0.000,0.000,0.000,0.000,77.0,
17.11.2025,13:21:14.124,19.032,27.557,20.063,3.051,250.0,250.0,82.077,23.922,8.894,74.800,51.655,32.038,19.617,31.649,7.127,0.780,6.347,6.310,0.000,0.000,0.000,0.000,77.0,
17.11.2025,13:21:15.123,14.953,25.898,18.443,3.036,250.0,250.0,79.784,23.932,8.917,74.973,51.772,32.108,19.664,31.719,6.973,0.756,6.217,6.225,0.000,0.000,0.000,0.000,77.0,
17.11.2025,13:21:16.123,14.953,27.682,20.201,3.033,250.0,250.0,83.596,45.054,8.866,73.958,51.116,31.700,19.416,31.323,113.782,30.814,82.968,6.598,0.000,0.000,0.000,0.000,77.0,
17.11.2025,13:21:17.123,14.953,25.226,17.768,3.038,250.0,250.0,79.797,23.728,8.806,74.323,51.307,31.819,19.488,31.430,6.937,0.703,6.234,6.234,0.000,0.000,0.000,0.000,77.0,
17.11.2025,13:21:18.120,17.672,24.691,17.202,3.055,250.0,250.0,82.918,46.803,8.807,71.948,49.842,30.907,18.935,30.542,125.208,34.726,90.482,6.633,0.000,0.000,0.000,0.000,77.0,
17.11.2025,13:21:19.124,17.672,26.538,19.062,3.061,250.0,250.0,78.724,23.851,8.781,74.681,51.519,31.949,19.570,31.560,7.064,0.775,6.289,6.318,0.000,0.000,0.000,0.250,77.0,
17.11.2025,13:21:20.124,19.032,26.918,19.430,3.049,250.0,250.0,79.230,23.717,8.805,74.246,51.265,31.787,19.478,31.411,6.972,0.755,6.217,6.234,0.000,0.000,2.125,0.000,77.0,
17.11.2025,13:21:21.124,16.313,27.011,19.479,3.087,250.0,250.0,82.331,19.854,8.788,47.334,34.712,21.519,13.193,21.263,17.375,4.389,12.986,16.977,0.000,0.000,0.000,0.000,77.0,
17.11.2025,13:21:22.124,20.391,27.335,19.782,3.072,250.0,250.0,79.163,24.812,8.867,73.682,50.967,31.604,19.363,31.215,13.074,1.651,11.423,6.276,0.000,0.000,0.000,0.000,77.0,
17.11.2025,13:21:23.124,23.110,26.946,19.487,3.047,250.0,250.0,78.867,31.057,8.867,57.420,40.963,25.403,15.560,25.087,6.929,0.713,6.216,123.407,0.000,0.000,0.000,0.000,77.0,
17.11.2025,13:21:24.123,24.469,27.028,19.548,3.048,250.0,250.0,79.171,23.670,8.941,73.914,51.142,31.716,19.426,31.340,6.977,0.710,6.267,6.267,0.000,0.000,0.000,0.000,77.0,
17.11.2025,13:21:25.124,16.313,25.713,18.238,3.024,250.0,250.0,78.230,23.251,8.817,72.511,50.206,31.130,19.076,30.753,6.906,0.698,6.208,6.208,0.000,0.000,0.000,0.000,77.0,
17.11.2025,13:21:26.127,21.750,25.553,18.144,3.032,250.0,250.0,81.654,35.575,8.796,74.649,51.499,31.939,19.560,31.550,65.697,11.098,54.599,6.361,0.000,0.000,0.000,0.000,77.0,
17.11.2025,13:21:27.124,19.032,24.777,17.304,3.022,250.0,250.0,78.399,23.650,8.835,73.970,51.114,31.697,19.417,31.320,6.954,0.712,6.242,6.242,0.000,0.000,0.000,0.000,77.0,
17.11.2025,13:21:28.123,14.953,25.550,18.102,3.009,250.0,250.0,78.576,23.548,8.831,73.617,50.884,31.554,19.330,31.177,6.929,0.704,6.225,6.225,0.000,0.000,0.000,0.000,77.0,
17.11.2025,13:21:29.118,39.422,25.663,18.218,3.009,250.0,250.0,81.637,23.539,8.866,73.240,50.689,31.427,19.262,31.050,7.258,0.835,6.423,6.335,0.000,0.000,0.000,0.000,77.0,
17.11.2025,13:21:30.119,20.391,26.041,18.601,3.032,250.0,250.0,78.984,23.285,8.845,72.598,50.276,31.179,19.097,30.802,6.919,0.703,6.216,6.216,0.000,0.000,0.000,0.625,77.0,
17.11.2025,13:21:31.118,27.188,26.054,18.626,3.012,250.0,250.0,81.812,23.695,8.879,74.077,51.202,31.749,19.453,31.373,6.977,0.718,6.259,6.267,0.000,0.000,0.000,0.500,77.0,
17.11.2025,13:21:32.121,19.032,26.797,19.334,3.043,250.0,250.0,80.162,23.143,8.844,72.063,49.957,30.978,18.979,30.601,6.898,0.699,6.199,6.216,0.000,0.000,0.000,0.000,77.0,
17.11.2025,13:21:33.118,20.391,26.017,18.536,3.019,250.0,250.0,79.106,23.889,8.844,74.827,51.645,32.020,19.625,31.631,7.013,0.720,6.293,6.276,0.001,0.000,0.000,0.000,77.0,
17.11.2025,13:21:34.121,16.313,25.098,17.708,3.018,250.0,250.0,79.683,23.441,8.822,73.217,50.641,31.403,19.238,31.014,6.919,0.703,6.216,6.234,0.000,0.000,0.250,0.375,77.0,
17.11.2025,13:21:35.119,16.313,25.098,17.708,3.018,250.0,250.0,80.822,31.889,8.805,72.090,49.932,30.955,18.977,30.579,50.596,6.647,43.949,6.361,0.000,0.000,0.000,0.000,77.0,
17.11.2025,13:21:36.123,24.469,26.250,18.805,3.007,250.0,250.0,81.279,23.624,8.829,73.897,51.073,31.667,19.406,31.291,6.920,0.704,6.216,6.234,0.000,0.000,0.000,0.000,77.0,
17.11.2025,13:21:37.124,19.032,25.818,18.332,3.008,250.0,250.0,78.768,47.395,8.842,74.399,51.391,31.870,19.521,31.482,124.920,34.452,90.468,6.607,0.000,0.000,0.000,0.000,77.0,
17.11.2025,13:21:38.123,14.953,28.486,21.032,3.036,250.0,250.0,79.040,23.683,8.826,74.132,51.204,31.748,19.456,31.359,6.937,0.703,6.234,6.234,0.000,0.000,0.000,0.000,77.0,
17.11.2025,13:21:39.117,16.313,25.672,18.212,3.032,250.0,250.0,82.668,14.470,8.752,38.273,29.160,18.074,11.086,17.855,7.417,0.750,6.667,6.667,0.000,0.000,2.375,0.000,77.0,
17.11.2025,13:21:40.124,23.110,27.878,20.391,3.051,250.0,250.0,79.081,23.307,8.768,72.706,50.287,31.180,19.107,30.804,6.977,0.710,6.267,6.267,0.000,0.000,0.000,0.000,77.0,
17.11.2025,13:21:41.124,31.266,28.952,21.294,3.191,250.0,250.0,78.166,23.815,8.792,74.633,51.492,31.935,19.557,31.546,6.968,0.709,6.259,6.259,0.000,0.000,0.000,0.000,77.0,
17.11.2025,13:21:42.120,29.907,31.431,23.348,3.582,250.0,250.0,80.060,21.657,8.778,66.388,46.436,28.793,17.643,28.453,6.928,0.703,6.225,6.225,0.001,0.000,0.000,0.000,77.0,
17.11.2025,13:21:43.118,17.672,29.300,21.806,3.038,250.0,250.0,79.620,42.459,8.829,75.981,52.362,32.469,19.893,32.080,98.301,24.433,73.868,6.378,0.000,0.000,0.000,0.000,77.0,
17.11.2025,13:21:44.119,17.672,25.500,18.042,3.024,250.0,250.0,81.732,23.731,8.844,74.309,51.320,31.828,19.492,31.439,6.929,0.704,6.225,6.225,0.001,0.000,0.000,0.000,77.0,
17.11.2025,13:21:45.124,20.391,27.966,20.526,3.024,250.0,250.0,79.518,47.301,8.890,73.966,51.131,31.706,19.425,31.318,125.078,34.559,90.519,6.412,0.000,0.000,0.000,0.000,77.0,
17.11.2025,13:21:46.123,19.032,26.235,18.810,3.032,250.0,250.0,78.954,23.298,8.901,72.575,50.293,31.180,19.113,30.803,6.939,0.705,6.234,6.234,0.000,0.000,0.000,0.000,77.0,
17.11.2025,13:21:47.122,24.469,26.361,18.881,3.010,250.0,250.0,82.292,24.030,8.863,75.028,51.778,32.102,19.676,31.713,6.958,0.742,6.216,7.227,0.000,0.000,0.000,0.000,77.0,
17.11.2025,13:21:48.121,17.672,27.325,19.890,3.038,250.0,250.0,78.631,23.504,8.793,73.434,50.748,31.467,19.281,31.090,6.981,0.714,6.267,6.267,0.000,0.000,0.000,0.000,77.0,
17.11.2025,13:21:49.123,21.750,26.029,18.596,2.989,250.0,250.0,82.528,44.755,8.827,70.280,48.834,30.280,18.554,29.916,117.213,33.463,83.750,6.429,0.000,0.000,0.000,0.000,77.0,
17.11.2025,13:21:50.123,19.032,25.071,17.588,3.054,250.0,250.0,78.627,23.381,8.766,72.902,50.411,31.267,19.144,30.890,7.062,0.783,6.279,6.310,0.000,0.000,0.000,0.000,77.0,
17.11.2025,13:21:51.123,17.672,25.265,17.794,3.028,250.0,250.0,82.220,23.510,8.854,73.360,50.751,31.464,19.287,31.087,6.995,0.758,6.237,6.310,0.000,0.000,0.000,0.000,77.0,
17.11.2025,13:21:52.117,29.907,24.569,17.031,3.047,250.0,250.0,78.993,23.950,8.888,75.105,51.844,32.141,19.703,31.752,6.919,0.703,6.216,6.234,0.000,0.000,0.000,0.000,77.0,
17.11.2025,13:21:53.123,20.391,28.937,21.511,3.034,250.0,250.0,82.691,25.649,8.877,75.291,51.946,32.217,19.729,31.829,15.088,2.017,13.071,6.420,0.000,0.000,0.000,0.000,77.0,
17.11.2025,13:21:54.124,17.672,27.465,19.970,3.060,250.0,250.0,78.670,23.620,8.876,73.799,51.025,31.640,19.385,31.252,6.988,0.754,6.234,6.242,0.000,0.000,0.000,0.000,77.0,
17.11.2025,13:21:55.124,17.672,26.665,19.183,3.033,250.0,250.0,79.993,43.761,8.839,67.644,47.231,29.291,17.940,28.939,115.665,32.787,82.878,6.394,0.000,0.000,0.000,0.000,77.0,
17.11.2025,13:21:56.123,19.032,24.214,16.712,3.078,250.0,250.0,76.616,21.947,8.815,67.411,47.071,29.181,17.890,28.828,6.995,0.710,6.285,6.285,0.000,0.000,2.250,0.000,77.0,
17.11.2025,13:21:57.121,16.313,26.669,19.214,3.018,250.0,250.0,76.613,21.824,8.780,67.022,46.804,29.023,17.781,28.670,6.954,0.704,6.250,6.250,0.000,0.000,0.000,0.000,77.0,
17.11.2025,13:21:58.123,14.953,26.317,18.874,3.013,250.0,250.0,78.318,48.817,8.770,86.976,59.096,36.643,22.453,36.206,115.897,32.944,82.953,6.234,0.000,0.000,0.000,0.000,77.0,
17.11.2025,13:21:59.118,24.469,24.736,17.334,3.004,250.0,250.0,77.617,22.137,8.830,68.226,47.588,29.509,18.079,29.144,6.897,0.698,6.199,6.199,0.000,0.000,0.000,0.000,77.0,
17.11.2025,13:22:0.121,17.672,24.021,16.553,3.040,250.0,250.0,71.213,22.354,8.891,68.952,48.063,29.801,18.262,29.448,6.945,0.711,6.234,6.234,0.000,0.000,0.000,0.000,77.0,
17.11.2025,13:22:1.123,25.829,27.283,19.867,2.962,250.0,250.0,73.623,22.076,8.833,67.902,47.379,29.381,17.998,29.028,6.987,0.720,6.267,6.267,0.001,0.000,0.000,0.000,77.0,
17.11.2025,13:22:2.123,14.953,27.803,20.396,3.003,250.0,250.0,73.966,14.172,8.771,37.463,28.668,17.777,10.891,17.569,7.127,0.792,6.335,6.327,0.000,0.000,0.000,0.000,77.0,
17.11.2025,13:22:3.124,12.235,27.565,20.143,2.988,250.0,250.0,65.412,23.970,8.806,75.147,51.828,32.142,19.686,31.753,7.034,0.764,6.270,6.267,0.000,0.000,2.375,0.000,77.0,
17.11.2025,13:22:4.123,16.313,26.447,18.917,3.120,250.0,250.0,78.689,23.821,8.832,74.594,51.481,31.919,19.562,31.543,7.021,0.786,6.235,6.234,0.001,0.000,0.000,0.000,77.0,
17.11.2025,13:22:5.123,21.750,24.235,16.711,3.078,250.0,250.0,81.910,61.784,8.822,68.570,47.764,29.619,18.145,29.266,55.335,20.302,35.033,304.985,0.000,0.000,0.000,0.000,77.0,
17.11.2025,13:22:6.123,25.829,26.223,18.667,3.115,250.0,250.0,79.546,23.663,8.883,73.848,51.085,31.677,19.408,31.288,7.072,0.766,6.306,6.302,0.000,0.000,0.000,0.000,77.0,
17.11.2025,13:22:7.118,25.829,26.708,19.138,3.102,250.0,250.0,82.471,47.931,8.927,76.099,52.475,32.537,19.938,32.148,125.274,34.686,90.588,6.642,0.000,0.000,0.000,0.000,77.0,
17.11.2025,13:22:8.123,14.953,27.262,19.747,3.081,250.0,250.0,78.898,23.584,8.903,73.595,50.916,31.570,19.346,31.194,7.023,0.769,6.254,6.267,0.000,0.000,0.000,0.000,77.0,
17.11.2025,13:22:9.116,24.469,26.815,19.314,3.089,250.0,250.0,82.665,23.584,8.920,45.568,33.731,20.914,12.817,20.671,7.416,0.749,6.667,6.216,0.000,0.000,0.000,0.000,77.0,
17.11.2025,13:22:10.116,17.672,26.600,19.056,3.059,250.0,250.0,79.260,24.587,8.879,77.145,53.120,32.941,20.179,32.540,7.359,0.876,6.483,6.343,0.000,0.000,0.000,0.000,77.0,
17.11.2025,13:22:11.145,17.672,25.542,18.094,3.064,250.0,250.0,79.275,23.691,8.882,74.037,51.189,31.739,19.450,31.350,7.003,0.757,6.246,6.259,0.000,0.003,0.000,0.000,77.0,
17.11.2025,13:22:12.142,17.672,25.848,18.312,3.073,250.0,250.0,82.535,45.537,8.830,73.476,50.814,31.502,19.312,31.125,116.808,33.152,83.656,6.692,0.000,0.000,0.000,0.000,77.0,
17.11.2025,13:22:13.143,27.188,27.105,19.540,3.102,250.0,250.0,78.360,23.758,8.889,74.321,51.374,31.855,19.519,31.478,6.953,0.703,6.250,6.234,0.000,0.000,0.000,2.250,77.0,
17.11.2025,13:22:14.145,19.032,27.329,19.823,3.070,250.0,250.0,82.661,71.009,8.900,65.486,45.933,28.486,17.447,28.146,34.440,11.224,23.216,446.810,0.000,0.000,0.000,0.000,77.0,
17.11.2025,13:22:15.133,25.829,26.711,19.195,3.084,250.0,250.0,82.661,71.009,8.900,65.486,45.933,28.486,17.447,28.146,34.440,11.224,23.216,446.810,0.000,0.000,0.000,0.000,77.0,
17.11.2025,13:22:16.144,16.313,25.071,17.593,3.066,250.0,250.0,78.910,23.704,8.903,74.044,51.189,31.737,19.452,31.360,7.044,0.773,6.271,6.267,0.000,0.000,0.000,0.000,77.0,
17.11.2025,13:22:17.139,20.391,29.330,21.821,3.078,250.0,250.0,79.827,23.440,8.867,73.180,50.636,31.400,19.236,31.023,6.918,0.702,6.216,6.225,0.000,0.000,0.000,0.000,77.0,
17.11.2025,13:22:18.139,19.032,25.681,18.161,3.086,250.0,250.0,81.373,23.845,8.927,74.558,51.530,31.951,19.579,31.575,7.023,0.760,6.263,6.285,0.000,0.000,0.000,0.000,77.0,
17.11.2025,13:22:19.138,17.672,28.013,20.447,3.087,250.0,250.0,79.538,20.942,8.878,63.560,44.761,27.752,17.009,27.423,6.906,0.698,6.208,6.225,0.000,0.000,0.000,0.000,77.0,
17.11.2025,13:22:20.132,17.672,26.386,18.860,3.077,250.0,250.0,82.699,42.992,8.878,75.466,52.052,32.283,19.769,31.894,101.615,26.243,75.372,6.343,0.000,0.000,0.000,0.000,77.0,
17.11.2025,13:22:21.144,17.672,26.321,18.848,3.081,250.0,250.0,81.448,31.234,8.833,79.606,54.598,33.850,20.748,33.449,6.929,0.704,6.225,67.394,0.000,0.000,0.000,0.000,77.0,
17.11.2025,13:22:22.145,23.110,26.680,19.136,3.083,250.0,250.0,79.323,23.372,8.871,72.834,50.437,31.267,19.170,30.890,6.986,0.710,6.276,6.276,0.000,0.000,1.000,0.000,77.0,
17.11.2025,13:22:23.141,12.235,27.955,20.415,3.064,250.0,250.0,82.909,23.956,8.906,75.093,51.855,32.159,19.696,31.770,6.929,0.704,6.225,6.225,0.000,0.000,0.000,0.000,77.0,
17.11.2025,13:22:24.141,21.750,25.587,18.143,3.036,250.0,250.0,79.344,23.440,8.890,72.935,50.509,31.319,19.190,30.943,7.165,0.835,6.330,6.285,0.000,0.000,0.000,0.000,77.0,
17.11.2025,13:22:25.142,16.313,25.926,18.458,3.031,250.0,250.0,79.148,23.886,8.957,74.768,51.684,32.049,19.635,31.660,6.938,0.704,6.234,6.234,0.000,0.000,0.000,0.000,77.0,
17.11.2025,13:22:26.133,29.907,26.721,19.258,3.035,250.0,250.0,81.805,25.895,8.819,76.284,52.536,32.569,19.967,32.180,15.129,2.050,13.079,6.335,0.000,0.000,0.000,0.000,77.0,
17.11.2025,13:22:27.137,31.266,26.596,19.060,3.075,250.0,250.0,82.694,23.841,8.855,74.706,51.577,31.979,19.598,31.590,6.938,0.704,6.234,6.234,0.000,0.000,0.000,0.000,77.0,
17.11.2025,13:22:28.134,16.313,24.836,17.329,3.054,250.0,250.0,79.906,24.652,8.819,75.159,51.835,32.146,19.689,31.757,10.408,1.279,9.129,6.302,0.000,0.000,0.000,0.000,77.0,
17.11.2025,13:22:29.135,21.750,28.796,21.336,3.039,250.0,250.0,77.705,23.861,8.827,74.785,51.610,32.006,19.604,31.617,6.955,0.705,6.250,6.250,0.000,0.000,0.000,0.000,77.0,
17.11.2025,13:22:30.150,16.313,28.264,20.746,3.080,250.0,250.0,85.692,46.208,8.902,75.777,52.281,32.412,19.869,32.023,117.236,33.514,83.722,6.343,0.000,0.000,0.000,0.000,77.0,
17.11.2025,13:22:31.155,25.829,25.996,18.520,3.032,250.0,250.0,78.871,23.677,8.916,73.970,51.166,31.728,19.438,31.351,6.969,0.710,6.259,6.259,0.000,0.000,0.000,0.000,77.0,
17.11.2025,13:22:32.155,17.672,24.862,17.379,3.049,250.0,250.0,82.506,47.067,8.962,72.927,50.546,31.344,19.202,30.967,125.137,34.681,90.456,6.446,0.000,0.000,0.000,0.000,77.0,
17.11.2025,13:22:33.154,20.391,26.741,19.229,3.046,250.0,250.0,79.187,23.704,9.012,73.932,51.199,31.750,19.449,31.374,7.016,0.723,6.293,6.293,0.000,0.000,0.000,0.000,77.0,
17.11.2025,13:22:34.150,19.032,25.949,18.484,3.056,250.0,250.0,82.339,24.939,8.804,53.293,38.384,23.797,14.587,23.517,30.628,9.263,21.365,25.752,0.000,0.000,0.000,0.000,77.0,
17.11.2025,13:22:35.164,17.672,26.559,19.048,3.064,250.0,250.0,78.284,23.821,8.843,74.382,51.361,31.852,19.509,31.463,7.224,0.847,6.377,6.352,0.000,0.000,0.375,0.000,77.0,
17.11.2025,13:22:36.165,17.672,27.132,19.626,3.086,250.0,250.0,79.259,23.817,8.843,74.614,51.512,31.948,19.564,31.559,6.938,0.704,6.234,6.250,0.000,0.000,0.000,0.000,77.0,
17.11.2025,13:22:37.177,19.032,24.486,17.005,3.049,250.0,250.0,81.966,49.960,8.868,89.911,60.956,37.803,23.153,37.341,117.528,33.530,83.998,6.514,0.000,0.000,0.000,0.000,77.0,
17.11.2025,13:22:38.165,25.829,27.569,20.065,3.082,250.0,250.0,80.014,43.242,8.880,84.337,57.510,35.660,21.850,35.235,34.535,11.220,23.315,119.874,0.000,0.000,0.000,2.500,77.0,
17.11.2025,13:22:39.177,16.313,24.736,17.265,3.061,250.0,250.0,78.716,24.171,8.892,75.657,52.187,32.357,19.830,31.969,7.228,0.869,6.359,6.361,0.000,0.000,0.000,0.000,77.0,
17.11.2025,13:22:40.175,27.188,27.839,20.332,3.035,250.0,250.0,78.108,23.812,8.917,74.493,51.491,31.933,19.558,31.544,6.958,0.708,6.250,6.267,0.000,0.000,0.000,0.000,77.0,
17.11.2025,13:22:41.168,17.672,24.664,17.159,3.039,250.0,250.0,81.632,22.277,8.905,68.501,47.810,29.647,18.163,29.295,7.113,0.719,6.394,6.225,0.000,0.000,0.000,0.000,77.0,
17.11.2025,13:22:42.163,19.032,31.694,23.847,3.380,250.0,250.0,78.710,47.579,8.856,75.035,51.807,32.122,19.685,31.733,125.051,34.681,90.370,6.446,0.000,0.000,0.000,0.000,77.0,
17.11.2025,13:22:43.174,20.391,32.569,24.600,3.460,250.0,250.0,79.246,23.662,8.870,73.879,51.079,31.679,19.400,31.290,7.064,0.768,6.296,6.293,0.000,0.000,0.000,0.000,77.0,
17.11.2025,13:22:44.174,5.438,27.145,19.646,3.064,250.0,250.0,82.519,39.121,8.883,67.403,47.108,29.216,17.892,28.864,6.937,0.703,6.234,177.973,0.000,0.000,0.000,0.000,77.0,
17.11.2025,13:22:45.166,25.829,24.558,17.084,3.026,250.0,250.0,78.418,23.906,8.905,74.745,51.634,32.016,19.618,31.640,7.093,0.771,6.322,6.318,0.000,0.000,0.000,0.000,77.0,
17.11.2025,13:22:46.165,14.953,25.824,18.281,3.064,250.0,250.0,79.743,23.408,8.940,72.908,50.529,31.324,19.205,30.947,6.979,0.712,6.267,6.267,0.000,0.000,0.000,0.000,77.0,
17.11.2025,13:22:47.178,27.188,24.821,17.407,3.023,250.0,250.0,79.293,31.307,8.913,40.897,30.833,19.121,11.712,18.890,7.615,0.991,6.624,167.475,0.000,0.000,0.000,0.000,77.0,
17.11.2025,13:22:48.180,16.313,26.282,18.770,3.068,250.0,250.0,79.222,23.615,8.918,73.644,50.964,31.597,19.367,31.220,7.071,0.765,6.306,6.302,0.000,0.000,0.000,0.000,77.0,
17.11.2025,13:22:49.186,32.625,27.817,20.354,3.034,250.0,250.0,78.773,23.606,8.881,73.762,51.021,31.631,19.390,31.254,6.943,0.709,6.234,6.234,0.000,0.000,0.000,0.000,77.0,
17.11.2025,13:22:50.186,20.391,26.279,18.800,3.056,250.0,250.0,82.370,47.132,8.844,73.244,50.687,31.428,19.259,31.051,125.169,34.658,90.511,6.471,0.000,0.000,0.000,0.000,77.0,
17.11.2025,13:22:51.186,19.032,26.533,19.037,3.040,250.0,250.0,79.049,23.627,8.903,73.713,50.988,31.618,19.370,31.241,7.053,0.764,6.289,6.327,0.000,0.000,0.000,0.000,77.0,
17.11.2025,13:22:52.178,16.313,25.674,18.171,3.052,250.0,250.0,79.353,23.826,8.943,74.519,51.509,31.941,19.568,31.552,6.989,0.754,6.235,6.250,0.000,0.000,0.000,0.000,77.0,
17.11.2025,13:22:53.180,14.953,25.920,18.419,3.032,250.0,250.0,82.577,47.261,9.012,73.838,51.121,31.703,19.418,31.327,124.816,34.461,90.355,6.556,0.000,0.000,0.000,0.000,77.0,
17.11.2025,13:22:54.186,14.953,26.174,18.711,3.054,250.0,250.0,78.854,23.724,9.026,73.996,51.273,31.790,19.483,31.401,7.004,0.754,6.250,6.259,0.000,0.000,0.000,0.000,77.0,
17.11.2025,13:22:55.186,19.032,26.264,18.812,3.005,250.0,250.0,80.658,39.912,8.917,58.772,41.803,25.918,15.885,25.614,7.350,0.743,6.607,207.513,0.000,0.000,0.000,0.000,77.0,
17.11.2025,13:22:56.186,17.672,26.278,18.822,3.015,250.0,250.0,80.678,23.626,8.910,73.689,51.006,31.628,19.378,31.239,7.051,0.763,6.288,6.310,0.000,0.000,0.000,0.000,77.0,
17.11.2025,13:22:57.188,16.313,25.321,17.907,3.015,250.0,250.0,78.179,22.274,8.833,68.709,47.888,29.691,18.197,29.338,6.927,0.702,6.225,6.234,0.000,0.000,0.000,2.250,77.0,
17.11.2025,13:22:58.185,16.313,25.832,18.345,3.013,250.0,250.0,75.914,22.443,8.894,69.279,48.288,29.941,18.347,29.576,6.937,0.703,6.234,6.234,0.000,0.000,0.000,0.000,77.0,
17.11.2025,13:22:59.182,17.672,25.873,18.470,2.985,250.0,250.0,77.354,22.407,8.883,69.171,48.195,29.880,18.315,29.515,6.937,0.703,6.234,6.234,0.000,0.000,0.000,0.000,77.0,
17.11.2025,13:23:0.185,17.672,25.717,18.266,3.014,250.0,250.0,80.492,43.856,8.881,67.690,47.285,29.322,17.963,28.957,116.000,32.844,83.156,6.463,0.000,0.000,0.000,0.000,77.0,
17.11.2025,13:23:1.182,28.547,25.940,18.504,3.014,250.0,250.0,77.019,22.174,8.917,68.141,47.576,29.504,18.072,29.152,7.027,0.725,6.302,6.327,0.000,0.000,0.000,0.000,77.0,
17.11.2025,13:23:2.185,17.672,26.696,19.298,2.979,250.0,250.0,73.949,13.410,8.882,34.514,26.917,16.695,10.222,16.487,7.086,0.717,6.369,6.216,0.000,0.000,0.000,0.000,77.0,
17.11.2025,13:23:3.189,16.313,25.031,17.607,2.984,250.0,250.0,70.947,22.149,9.024,68.038,47.592,29.506,18.086,29.154,6.926,0.710,6.216,6.234,0.000,0.000,0.000,0.000,77.0,
17.11.2025,13:23:4.180,14.953,25.678,18.256,3.011,250.0,250.0,73.039,24.262,8.916,76.182,52.541,32.580,19.961,32.191,6.995,0.736,6.259,6.259,0.000,0.000,0.000,0.000,77.0,
17.11.2025,13:23:5.186,17.672,25.341,17.697,3.184,250.0,250.0,63.028,23.899,8.821,74.724,51.581,31.985,19.596,31.608,7.193,0.859,6.334,6.285,0.000,0.000,0.000,0.000,77.0,
17.11.2025,13:23:6.186,19.032,26.051,18.484,3.113,250.0,250.0,79.074,23.605,8.795,73.748,50.963,31.601,19.362,31.224,7.040,0.760,6.280,6.276,0.000,0.000,0.000,0.000,77.0,
17.11.2025,13:23:7.182,20.391,26.848,19.353,3.076,250.0,250.0,82.555,41.916,8.833,75.323,51.960,32.229,19.731,31.840,96.308,23.204,73.104,6.624,0.000,0.000,0.000,0.000,77.0,
17.11.2025,13:23:8.181,19.032,25.590,18.073,3.067,250.0,250.0,78.957,23.396,8.855,72.872,50.466,31.293,19.173,30.916,7.051,0.762,6.289,6.285,0.000,0.000,0.000,0.750,77.0,
17.11.2025,13:23:9.182,19.032,25.428,17.936,3.068,250.0,250.0,78.365,23.649,8.844,73.925,51.090,31.677,19.413,31.300,6.997,0.755,6.242,6.242,0.000,0.000,0.375,0.000,77.0,
17.11.2025,13:23:10.181,14.953,26.480,18.999,3.061,250.0,250.0,82.770,37.428,8.869,74.220,51.302,31.810,19.492,31.420,75.372,27.192,48.180,6.420,0.000,0.000,0.000,0.000,77.0,
17.11.2025,13:23:11.180,17.672,24.911,17.431,3.048,250.0,250.0,79.213,23.474,8.796,73.275,50.659,31.407,19.252,31.030,7.029,0.759,6.270,6.267,0.000,0.000,0.000,0.000,77.0,
17.11.2025,13:23:12.190,17.672,26.562,19.091,3.042,250.0,250.0,78.284,23.566,8.917,73.503,50.872,31.544,19.328,31.167,7.031,0.760,6.271,6.267,0.000,0.000,0.000,0.000,77.0,
17.11.2025,13:23:13.187,17.672,26.765,19.261,3.051,250.0,250.0,81.901,23.175,8.806,72.196,50.004,31.011,18.993,30.635,6.937,0.703,6.234,6.234,0.000,0.000,0.000,0.000,77.0,
17.11.2025,13:23:14.185,21.750,26.260,18.726,3.075,250.0,250.0,78.547,23.730,8.898,74.091,51.240,31.768,19.472,31.391,7.047,0.720,6.327,6.343,0.000,0.000,0.000,0.000,77.0,
17.11.2025,13:23:15.182,14.953,26.126,18.660,3.044,250.0,250.0,78.790,23.513,8.928,73.347,50.794,31.493,19.301,31.116,6.945,0.703,6.242,6.259,0.000,0.000,0.000,0.000,77.0,
17.11.2025,13:23:16.180,13.594,24.991,17.498,3.046,250.0,250.0,79.299,41.843,9.016,71.257,49.555,30.730,18.825,30.366,101.107,31.256,69.851,6.471,0.000,0.000,0.000,0.250,77.0,
17.11.2025,13:23:17.178,17.672,25.724,18.258,3.040,250.0,250.0,79.159,23.402,9.076,72.736,50.491,31.311,19.180,30.922,7.010,0.717,6.293,6.285,0.000,0.000,0.000,0.000,30.0,
17.11.2025,13:23:18.186,17.672,26.933,19.415,3.058,250.0,250.0,82.462,23.628,9.037,73.701,51.062,31.663,19.399,31.287,6.942,0.708,6.234,6.250,0.000,0.000,0.000,0.000,30.0,
17.11.2025,13:23:19.187,16.313,26.117,18.635,3.041,250.0,250.0,79.082,40.803,8.903,69.675,48.513,30.081,18.432,29.728,98.124,30.878,67.246,6.446,0.000,0.000,0.000,0.000,30.0,
17.11.2025,13:23:20.186,17.672,25.625,18.110,3.068,250.0,250.0,79.016,23.991,8.869,75.194,51.908,32.186,19.722,31.797,6.984,0.717,6.267,6.267,0.000,0.000,0.000,0.000,30.0,
17.11.2025,13:23:21.178,19.032,26.854,19.333,3.089,250.0,250.0,82.733,44.116,8.869,73.203,50.658,31.406,19.252,31.029,110.108,29.824,80.284,6.530,0.000,0.000,0.000,0.000,30.0,
17.11.2025,13:23:22.186,24.469,24.827,17.331,3.049,250.0,250.0,79.147,34.301,8.927,74.035,51.197,31.746,19.451,31.358,59.974,8.816,51.158,6.343,0.000,0.000,0.000,2.375,30.0,
17.11.2025,13:23:23.186,17.672,26.607,19.135,3.052,250.0,250.0,79.080,23.915,8.989,74.756,51.695,32.052,19.643,31.675,7.017,0.715,6.302,6.302,0.000,0.000,0.000,0.000,30.0,
17.11.2025,13:23:24.185,14.953,25.344,17.864,3.075,250.0,250.0,82.450,45.655,8.916,73.336,50.782,31.493,19.289,31.104,117.484,33.513,83.971,6.658,0.000,0.000,0.000,0.000,30.0,
17.11.2025,13:23:25.186,20.391,27.854,20.348,3.041,250.0,250.0,78.494,23.768,9.001,74.175,51.340,31.832,19.508,31.455,7.028,0.718,6.310,6.310,0.000,0.000,2.125,2.375,30.0,
17.11.2025,13:23:26.186,16.313,27.346,19.844,3.074,250.0,250.0,80.461,23.976,8.891,75.122,51.884,32.166,19.718,31.777,6.969,0.710,6.259,6.259,0.000,0.000,0.000,0.000,30.0,
17.11.2025,13:23:27.186,16.313,27.346,19.844,3.074,250.0,250.0,82.479,23.404,8.863,43.317,32.289,20.024,12.265,19.781,7.396,0.806,6.590,82.710,0.000,0.000,0.000,0.000,30.0,
17.11.2025,13:23:28.179,24.469,27.467,19.966,3.081,250.0,250.0,79.363,23.849,8.900,74.612,51.553,31.967,19.586,31.591,6.996,0.711,6.285,6.285,0.000,0.000,0.000,0.000,30.0,
17.11.2025,13:23:29.186,17.672,25.515,18.019,3.067,250.0,250.0,82.896,45.831,8.900,74.096,51.249,31.780,19.469,31.391,117.433,33.460,83.973,6.556,0.000,0.000,0.000,0.000,30.0,
17.11.2025,13:23:30.186,31.266,26.463,18.927,3.080,250.0,250.0,79.401,23.940,8.927,74.890,51.744,32.089,19.655,31.700,7.040,0.722,6.318,6.318,0.000,0.000,0.000,0.000,30.0,
17.11.2025,13:23:31.186,17.672,27.503,19.950,3.058,250.0,250.0,79.137,23.732,8.996,74.099,51.292,31.805,19.487,31.428,6.975,0.708,6.267,6.267,0.000,0.000,0.000,0.000,30.0,
17.11.2025,13:23:32.184,27.188,24.171,16.676,3.067,250.0,250.0,83.130,36.937,8.927,71.746,49.808,30.892,18.916,30.515,75.955,27.243,48.712,6.658,0.000,0.000,0.000,0.000,30.0,
17.11.2025,13:23:33.179,16.313,24.905,17.399,3.064,250.0,250.0,79.642,23.714,8.953,73.978,51.199,31.750,19.449,31.361,7.060,0.772,6.288,6.327,0.001,0.000,0.000,0.000,30.0,
17.11.2025,13:23:34.186,21.750,24.534,17.023,3.075,250.0,250.0,82.297,23.926,8.889,74.954,51.760,32.097,19.663,31.708,6.962,0.712,6.250,6.267,0.000,0.000,0.000,0.000,30.0,
17.11.2025,13:23:35.179,17.672,24.241,16.801,3.036,250.0,250.0,79.836,41.691,8.878,76.101,52.471,32.538,19.933,32.137,94.063,30.431,63.632,6.726,0.000,0.000,0.000,0.000,30.0,
17.11.2025,13:23:36.186,20.391,27.528,20.001,3.082,250.0,250.0,80.093,23.693,8.867,74.080,51.189,31.744,19.445,31.368,6.983,0.716,6.267,6.267,0.000,0.000,0.000,0.000,30.0,
17.11.2025,13:23:37.185,17.672,27.350,19.848,3.074,250.0,250.0,83.131,36.327,8.877,73.408,50.789,31.490,19.299,31.113,70.818,26.032,44.786,6.658,0.000,0.000,0.000,0.000,30.0,
17.11.2025,13:23:38.186,16.313,25.117,17.622,3.075,250.0,250.0,79.468,27.541,8.918,73.155,50.657,31.405,19.252,31.028,27.317,3.590,23.727,6.361,0.000,0.000,0.000,0.000,30.0,
17.11.2025,13:23:39.186,17.672,24.513,16.987,3.053,250.0,250.0,79.420,23.908,9.049,74.684,51.677,32.049,19.628,31.660,7.027,0.751,6.276,6.276,0.000,0.000,0.000,0.000,30.0,
17.11.2025,13:23:40.182,20.391,27.225,19.726,3.078,250.0,250.0,83.803,46.981,8.964,72.919,50.519,31.322,19.197,30.946,124.750,34.631,90.119,6.446,0.000,0.000,0.000,0.000,30.0,
17.11.2025,13:23:41.187,17.672,27.294,19.760,3.068,250.0,250.0,79.931,24.045,8.966,75.232,51.986,32.238,19.748,31.849,7.071,0.774,6.297,6.293,0.000,0.000,0.000,0.000,30.0,
17.11.2025,13:23:42.187,24.469,26.691,19.229,3.078,250.0,250.0,84.036,44.399,8.868,74.497,51.464,31.919,19.545,31.530,109.872,29.780,80.092,6.420,0.000,0.000,0.000,0.000,30.0,
17.11.2025,13:23:43.182,38.063,27.431,19.878,3.073,250.0,250.0,79.633,23.903,8.908,74.675,51.590,31.995,19.595,31.606,7.161,0.822,6.339,6.335,0.001,0.000,0.000,0.000,30.0,
17.11.2025,13:23:44.186,47.579,32.808,24.820,3.484,250.0,250.0,79.599,23.999,8.934,75.191,51.892,32.181,19.711,31.792,7.021,0.767,6.254,6.250,0.000,0.000,0.000,0.000,30.0,
17.11.2025,13:23:45.186,20.391,30.041,22.272,3.306,250.0,250.0,83.838,35.242,8.946,74.869,51.764,32.092,19.672,31.703,63.343,9.863,53.480,6.683,0.000,0.000,0.000,0.000,30.0,
17.11.2025,13:23:46.186,20.391,28.067,20.574,3.055,250.0,250.0,80.331,24.026,8.932,75.221,51.954,32.209,19.745,31.820,7.049,0.763,6.286,6.285,0.000,0.000,0.000,0.500,30.0,
17.11.2025,13:23:47.187,17.672,26.341,18.880,3.037,250.0,250.0,84.078,48.230,8.971,77.087,53.132,32.952,20.180,32.551,125.353,34.459,90.894,6.718,0.000,0.000,0.000,0.000,30.0,
17.11.2025,13:23:48.186,23.110,26.452,18.876,3.107,250.0,250.0,80.132,23.994,9.003,74.963,51.822,32.141,19.681,31.752,7.125,0.795,6.330,6.327,0.000,0.000,0.000,0.000,30.0,
17.11.2025,13:23:49.185,19.032,25.563,18.078,3.060,250.0,250.0,80.611,41.948,9.003,88.719,60.290,37.391,22.899,36.942,48.374,17.659,30.715,67.484,0.000,0.000,0.000,0.000,30.0,
17.11.2025,13:23:50.186,14.953,25.353,17.863,3.069,250.0,250.0,83.663,23.644,8.950,73.550,50.927,31.582,19.345,31.193,7.272,0.832,6.440,6.352,0.000,0.000,0.000,0.000,30.0,
17.11.2025,13:23:51.186,17.672,27.893,20.365,3.068,250.0,250.0,79.760,24.068,8.857,75.457,52.065,32.287,19.778,31.885,7.036,0.759,6.277,6.276,0.000,0.000,0.000,0.000,30.0,
17.11.2025,13:23:52.186,19.032,31.073,23.423,3.197,250.0,250.0,83.173,28.990,8.845,47.705,34.988,21.697,13.291,21.429,30.170,8.983,21.187,81.602,0.000,0.000,0.375,0.000,30.0,
17.11.2025,13:23:53.181,21.750,25.844,18.353,3.060,250.0,250.0,79.431,23.552,8.832,73.394,50.759,31.481,19.278,31.105,7.149,0.785,6.364,6.369,0.000,0.000,0.000,0.000,30.0,
17.11.2025,13:23:54.180,17.672,26.126,18.681,3.031,250.0,250.0,80.826,55.859,8.914,72.736,50.401,31.259,19.142,30.882,81.238,28.760,52.478,182.784,0.000,0.000,0.000,0.000,30.0,
17.11.2025,13:23:55.179,19.032,26.292,18.778,3.059,250.0,250.0,81.783,23.656,8.843,73.872,51.046,31.653,19.393,31.277,7.082,0.768,6.314,6.310,0.000,0.000,0.000,0.000,30.0,
17.11.2025,13:23:56.186,17.672,26.104,18.630,3.048,250.0,250.0,81.355,28.297,8.810,68.964,48.018,29.771,18.247,29.406,8.130,1.140,6.990,63.495,0.000,0.000,0.000,0.000,30.0,
17.11.2025,13:23:57.186,19.032,28.539,21.028,3.022,250.0,250.0,82.908,23.774,8.820,74.286,51.298,31.805,19.493,31.428,7.128,0.782,6.346,6.352,0.000,0.000,0.000,0.000,30.0,
17.11.2025,13:23:58.186,17.672,26.126,18.658,3.056,250.0,250.0,79.325,22.197,8.828,68.369,47.672,29.561,18.111,29.196,6.984,0.717,6.267,6.267,0.000,0.000,0.000,0.000,30.0,
17.11.2025,13:23:59.179,17.672,27.438,19.953,3.028,250.0,250.0,76.787,22.242,8.818,68.539,47.763,29.621,18.142,29.268,7.000,0.715,6.285,6.267,0.000,0.000,0.000,0.000,30.0,
17.11.2025,13:24:0.184,17.672,25.225,17.769,3.001,250.0,250.0,77.427,22.242,8.880,71.678,49.743,30.843,18.900,30.478,8.589,1.114,7.475,60.250,0.000,0.000,0.000,0.000,30.0,
17.11.2025,13:24:1.187,20.391,26.567,19.190,2.998,250.0,250.0,80.433,28.795,8.929,67.252,47.042,29.164,17.878,28.812,7.080,0.719,6.361,6.327,0.000,0.000,0.000,0.000,30.0,
17.11.2025,13:24:2.186,19.032,24.867,17.404,3.028,250.0,250.0,77.044,21.956,8.977,68.078,47.577,29.505,18.072,29.152,7.003,0.710,6.293,6.285,0.000,0.000,0.000,0.000,30.0,
17.11.2025,13:24:3.182,25.829,23.765,16.299,3.018,250.0,250.0,77.044,22.165,8.977,68.078,47.577,29.505,18.072,29.152,7.003,0.710,6.293,6.285,0.000,0.000,0.000,0.000,30.0,
17.11.2025,13:24:4.182,17.672,26.455,18.987,3.002,250.0,250.0,73.270,23.192,9.062,69.163,48.297,29.944,18.353,29.591,10.615,1.107,9.508,6.276,0.000,0.000,0.000,0.000,30.0,
17.11.2025,13:24:5.187,25.829,24.331,16.928,2.979,250.0,250.0,73.770,34.271,8.900,69.500,48.404,30.012,18.392,29.660,65.757,12.780,52.977,6.327,0.000,0.000,0.000,0.000,30.0,
17.11.2025,13:24:6.183,14.953,25.508,18.076,2.998,250.0,250.0,73.779,22.023,8.816,67.714,47.257,29.305,17.952,28.940,6.985,0.709,6.276,6.276,0.000,0.000,0.000,0.000,30.0,
17.11.2025,13:24:7.180,23.110,23.256,15.751,3.088,250.0,250.0,62.763,30.865,8.844,82.187,56.141,34.809,21.332,34.396,6.956,0.731,6.225,57.028,0.000,0.000,0.000,0.000,30.0,
17.11.2025,13:24:8.181,38.063,27.516,20.003,3.084,250.0,250.0,79.712,44.776,8.880,74.206,51.287,31.805,19.482,31.417,112.142,30.343,81.799,6.403,0.000,0.000,0.000,0.000,30.0,
17.11.2025,13:24:9.182,16.313,24.730,17.225,3.049,250.0,250.0,79.904,23.598,8.866,73.673,50.955,31.596,19.359,31.208,7.015,0.722,6.293,6.293,0.000,0.000,0.000,0.000,30.0,
17.11.2025,13:24:10.186,20.391,26.595,19.146,3.026,250.0,250.0,83.765,29.082,8.896,69.581,48.468,30.062,18.406,29.697,6.954,0.704,6.250,71.798,0.000,0.000,0.000,0.000,30.0,
17.11.2025,13:24:11.179,13.594,26.556,19.042,3.047,250.0,250.0,79.030,23.910,8.892,74.834,51.683,32.045,19.638,31.657,7.023,0.721,6.302,6.302,0.000,0.000,0.000,0.000,20.0,
17.11.2025,13:24:12.179,14.953,27.710,20.254,3.022,250.0,250.0,82.375,23.324,8.867,72.686,50.347,31.215,19.132,30.838,6.954,0.704,6.250,6.250,0.000,0.000,2.625,0.000,20.0,
17.11.2025,13:24:13.186,21.750,25.555,18.066,3.040,250.0,250.0,79.204,47.170,8.867,73.409,50.783,31.486,19.297,31.109,125.188,34.693,90.495,6.369,0.000,0.000,0.000,0.000,20.0,
17.11.2025,13:24:14.186,25.829,27.412,19.961,3.019,250.0,250.0,79.312,23.731,8.846,74.196,51.262,31.788,19.474,31.399,7.023,0.721,6.302,6.302,0.000,0.000,0.000,0.000,20.0,
17.11.2025,13:24:15.185,20.391,26.211,18.740,3.031,250.0,250.0,82.247,38.167,8.881,70.499,49.010,30.396,18.614,30.031,7.124,0.721,6.403,159.986,0.000,0.000,0.000,0.000,20.0,
17.11.2025,13:24:16.186,17.672,26.803,19.354,3.025,250.0,250.0,78.645,25.362,8.854,74.335,51.346,31.845,19.501,31.456,14.963,1.963,13.000,6.361,0.000,0.000,0.000,0.000,20.0,
17.11.2025,13:24:17.186,17.672,26.763,19.292,3.030,250.0,250.0,79.227,23.842,8.879,74.615,51.543,31.959,19.584,31.582,6.986,0.710,6.276,6.285,0.000,0.000,0.000,0.000,20.0,
17.11.2025,13:24:18.186,21.750,25.254,17.735,3.044,250.0,250.0,82.817,14.215,8.851,37.320,28.634,17.751,10.883,17.532,7.469,0.777,6.692,6.242,0.000,0.000,0.000,0.125,20.0,
17.11.2025,13:24:19.186,31.266,28.076,20.622,3.053,250.0,250.0,78.643,47.900,8.866,76.196,52.517,32.565,19.952,32.164,125.117,34.661,90.456,6.505,0.000,0.000,0.000,0.000,20.0,
17.11.2025,13:24:20.186,17.672,26.917,19.446,3.048,250.0,250.0,78.854,24.072,8.860,75.498,52.078,32.295,19.783,31.906,6.997,0.712,6.285,6.302,0.000,0.000,0.000,0.000,20.0,
17.11.2025,13:24:21.185,14.953,27.439,19.961,3.034,250.0,250.0,82.757,23.954,8.886,75.063,51.832,32.142,19.690,31.753,6.954,0.704,6.250,6.267,0.000,0.000,0.000,0.000,20.0,
17.11.2025,13:24:22.179,20.391,27.038,19.537,3.058,250.0,250.0,79.222,44.085,8.857,70.858,49.229,30.525,18.704,30.148,57.041,20.754,36.287,118.451,0.000,0.000,0.000,0.000,20.0,
17.11.2025,13:24:23.178,21.750,25.469,18.019,3.015,250.0,250.0,78.874,24.043,8.930,75.294,51.987,32.235,19.752,31.846,7.025,0.715,6.310,6.335,0.000,0.000,0.000,0.000,20.0,
17.11.2025,13:24:24.185,16.313,28.417,20.955,3.016,250.0,250.0,82.302,23.623,8.956,73.729,51.037,31.646,19.391,31.257,6.974,0.707,6.267,6.267,0.000,0.000,0.000,0.000,20.0,
17.11.2025,13:24:25.186,21.750,27.534,20.046,3.005,250.0,250.0,79.480,37.009,8.964,73.388,50.817,31.513,19.304,31.124,74.282,14.177,60.105,6.420,0.000,0.000,0.000,0.000,20.0,
17.11.2025,13:24:26.186,14.953,27.931,20.410,3.115,250.0,250.0,82.756,23.625,9.051,73.649,51.047,31.657,19.390,31.268,6.966,0.707,6.259,6.259,0.000,0.000,0.000,0.000,20.0,
17.11.2025,13:24:27.185,21.750,31.308,23.691,3.159,250.0,250.0,79.376,46.960,9.012,72.981,50.622,31.397,19.225,31.020,121.577,34.216,87.361,12.193,0.000,0.000,0.000,0.375,20.0,
17.11.2025,13:24:28.185,17.672,25.683,18.149,3.084,250.0,250.0,79.749,23.896,8.869,74.775,51.629,32.013,19.616,31.624,7.068,0.763,6.305,6.302,0.000,0.000,0.000,0.000,20.0,
17.11.2025,13:24:29.185,17.672,26.511,19.014,3.034,250.0,250.0,83.208,23.854,8.858,74.706,51.578,31.983,19.595,31.606,6.974,0.707,6.267,6.267,0.000,0.000,0.000,0.000,20.0,
17.11.2025,13:24:30.184,17.672,27.041,19.586,3.019,250.0,250.0,79.583,23.782,8.872,74.282,51.335,31.832,19.503,31.443,7.106,0.768,6.338,6.335,0.000,0.000,0.000,0.000,20.0,
17.11.2025,13:24:31.185,24.469,25.829,18.406,3.015,250.0,250.0,82.918,23.586,8.906,73.647,50.951,31.589,19.362,31.213,6.966,0.707,6.259,6.259,0.000,0.000,0.000,0.000,20.0,
17.11.2025,13:24:32.179,17.672,25.676,18.182,3.020,250.0,250.0,82.589,23.780,8.932,74.050,51.220,31.756,19.464,31.379,7.304,0.868,6.436,6.386,0.000,0.000,0.000,0.000,20.0,
17.11.2025,13:24:33.186,25.829,27.398,19.931,3.013,250.0,250.0,79.275,24.047,9.004,75.236,52.013,32.251,19.762,31.862,7.034,0.757,6.277,6.276,0.001,0.000,0.000,0.000,20.0,
17.11.2025,13:24:34.186,10.875,23.585,16.154,3.023,250.0,250.0,82.224,90.203,8.954,78.572,54.013,33.497,20.516,33.095,105.539,31.916,73.623,462.302,0.000,0.000,0.000,0.000,20.0,
17.11.2025,13:24:35.187,23.110,24.718,17.285,3.034,250.0,250.0,79.469,25.451,8.927,74.472,51.474,31.922,19.552,31.533,15.115,2.014,13.101,6.403,0.000,0.000,0.000,0.000,20.0,
17.11.2025,13:24:36.186,20.391,25.795,18.279,3.034,250.0,250.0,79.105,23.428,8.895,73.048,50.581,31.370,19.211,30.993,6.967,0.708,6.259,6.250,0.000,0.000,0.000,2.500,20.0,
17.11.2025,13:24:37.185,24.469,26.335,18.847,3.041,250.0,250.0,82.499,23.950,8.859,74.939,51.718,32.076,19.642,31.687,7.115,0.768,6.347,6.352,0.000,0.000,2.125,0.000,20.0,
17.11.2025,13:24:38.186,13.594,26.587,19.164,3.017,250.0,250.0,78.909,23.608,8.833,73.755,50.988,31.621,19.367,31.232,6.986,0.719,6.267,6.310,0.000,0.000,0.000,0.000,20.0,
17.11.2025,13:24:39.186,14.953,25.564,18.039,3.042,250.0,250.0,82.468,36.361,8.903,68.426,47.747,29.606,18.141,29.241,77.282,27.848,49.434,6.984,0.000,0.000,0.000,0.000,20.0,
17.11.2025,13:24:40.182,21.750,27.417,19.986,3.009,250.0,250.0,78.826,33.817,8.931,73.966,51.167,31.728,19.439,31.339,57.579,8.608,48.971,6.446,0.000,0.000,0.000,0.000,20.0,
17.11.2025,13:24:41.186,28.547,27.568,20.161,3.012,250.0,250.0,79.018,23.638,8.881,73.797,51.039,31.651,19.388,31.262,7.027,0.759,6.268,6.310,0.001,0.000,2.125,0.000,20.0,
17.11.2025,13:24:42.185,16.313,26.047,18.560,3.029,250.0,250.0,82.688,47.050,8.846,73.100,50.579,31.361,19.218,30.984,124.876,34.661,90.215,6.658,0.000,0.000,0.000,0.000,20.0,
17.11.2025,13:24:43.187,13.594,27.449,19.958,3.035,250.0,250.0,79.390,23.658,8.868,73.821,51.033,31.648,19.385,31.272,7.110,0.771,6.339,6.335,0.000,0.000,0.000,0.000,20.0,
17.11.2025,13:24:44.178,27.188,26.815,19.325,3.074,250.0,250.0,78.745,23.982,8.838,75.158,51.860,32.150,19.710,31.761,7.038,0.771,6.267,6.267,0.000,0.000,0.000,0.000,20.0,
17.11.2025,13:24:45.186,10.875,31.770,23.611,3.578,250.0,250.0,79.085,23.679,8.896,73.943,51.150,31.716,19.434,31.327,7.027,0.760,6.267,6.267,0.000,0.000,0.000,2.375,20.0,
17.11.2025,13:24:46.185,24.469,29.101,21.519,3.141,250.0,250.0,82.620,39.421,8.927,72.957,50.536,31.337,19.199,30.948,86.922,29.390,57.532,6.463,0.000,0.000,0.000,0.000,20.0,
17.11.2025,13:24:47.184,16.313,24.775,17.290,3.050,250.0,250.0,79.479,23.450,8.896,73.074,50.589,31.368,19.221,30.991,7.023,0.713,6.310,6.310,0.000,0.000,0.000,0.000,20.0,
17.11.2025,13:24:48.186,23.110,26.760,19.273,3.062,250.0,250.0,82.511,44.788,8.926,73.589,50.934,31.586,19.348,31.209,112.924,30.666,82.258,6.438,0.000,0.000,2.250,0.000,20.0,
17.11.2025,13:24:49.179,20.391,26.608,19.076,3.046,250.0,250.0,79.314,23.424,8.940,72.921,50.534,31.327,19.207,30.950,7.023,0.713,6.310,6.310,0.000,0.000,0.000,0.000,20.0,
17.11.2025,13:24:50.186,21.750,25.552,18.053,3.047,250.0,250.0,82.321,19.287,8.862,57.105,40.781,25.287,15.494,24.982,7.022,0.712,6.310,6.310,0.000,0.000,0.000,0.000,20.0,
17.11.2025,13:24:51.189,19.032,26.056,18.571,3.054,250.0,250.0,79.492,23.387,8.794,72.828,50.389,31.247,19.142,30.871,7.129,0.782,6.347,6.343,0.000,0.000,0.000,0.000,20.0,
17.11.2025,13:24:52.186,20.391,26.271,18.783,3.041,250.0,250.0,79.369,23.589,8.785,73.788,50.970,31.610,19.360,31.221,6.953,0.703,6.250,6.250,0.000,0.000,0.000,0.000,20.0,
17.11.2025,13:24:53.187,19.032,27.590,20.080,3.037,250.0,250.0,81.144,40.444,8.831,75.085,51.805,32.119,19.686,31.730,89.248,29.809,59.439,6.692,0.000,0.000,0.000,0.000,20.0,
17.11.2025,13:24:54.186,35.344,27.405,19.908,3.046,250.0,250.0,78.673,23.810,8.879,74.449,51.443,31.897,19.546,31.520,7.022,0.720,6.302,6.318,0.000,0.000,0.000,0.000,20.0,
17.11.2025,13:24:55.186,17.672,24.451,17.015,3.039,250.0,250.0,81.135,23.499,8.866,73.350,50.740,31.470,19.270,31.093,6.967,0.708,6.259,6.267,0.000,0.000,0.000,0.000,20.0,
17.11.2025,13:24:56.186,16.313,26.887,19.411,3.017,250.0,250.0,80.444,46.856,8.881,72.829,50.432,31.275,19.157,30.898,124.304,34.282,90.022,6.480,0.000,0.000,0.000,0.000,20.0,
17.11.2025,13:24:57.186,27.188,29.326,21.774,3.114,250.0,250.0,79.311,23.612,8.844,73.787,50.998,31.617,19.381,31.240,6.984,0.708,6.276,6.285,0.000,0.000,0.000,0.000,20.0,
17.11.2025,13:24:58.184,14.953,27.071,19.474,3.114,250.0,250.0,83.381,41.989,8.821,55.689,39.867,24.716,15.151,24.424,7.404,0.831,6.573,236.417,0.000,0.000,0.000,0.000,20.0,
17.11.2025,13:24:59.183,29.907,28.932,21.346,3.127,250.0,250.0,80.430,36.776,8.823,73.467,50.800,31.504,19.296,31.127,73.158,13.603,59.555,6.429,0.000,0.000,0.000,0.000,20.0,
17.11.2025,13:25:0.183,16.313,30.403,22.827,3.127,250.0,250.0,79.414,22.220,8.815,68.351,47.648,29.549,18.099,29.197,7.100,0.760,6.340,6.335,0.000,0.000,0.000,0.000,20.0,
17.11.2025,13:25:1.179,17.672,30.725,23.098,3.138,250.0,250.0,79.466,37.617,8.815,68.426,47.689,29.569,18.120,29.216,83.928,19.784,64.144,6.480,0.000,0.000,0.000,0.000,20.0,
17.11.2025,13:25:2.179,17.672,27.318,19.856,3.002,250.0,250.0,77.664,21.979,8.865,67.419,47.099,29.203,17.896,28.863,7.053,0.718,6.335,6.335,0.000,0.000,0.000,0.000,20.0,
17.11.2025,13:25:3.180,33.985,31.782,24.133,3.197,250.0,250.0,77.116,30.946,9.037,96.884,65.467,40.595,24.872,40.108,11.163,0.991,10.172,10.172,0.000,0.000,0.000,0.000,20.0,
17.11.2025,13:25:4.179,17.672,53.837,45.526,3.667,250.0,250.0,104.314,30.219,9.025,94.111,63.709,39.505,24.204,39.031,11.199,0.997,10.202,10.202,0.000,0.000,0.000,0.000,20.0,
17.11.2025,13:25:5.185,19.032,27.802,20.313,3.019,250.0,250.0,100.673,30.077,8.939,93.689,63.427,39.336,24.091,38.862,11.136,0.984,10.152,10.152,0.000,0.000,0.000,0.000,20.0,
17.11.2025,13:25:6.188,21.750,26.990,19.505,3.060,250.0,250.0,100.877,35.191,8.785,69.689,48.457,30.054,18.403,29.689,8.912,1.120,7.792,129.009,0.000,0.000,0.000,0.000,20.0,
17.11.2025,13:25:7.181,19.032,32.121,24.501,3.151,250.0,250.0,80.917,22.941,8.779,70.858,49.181,30.498,18.683,30.133,7.328,0.709,6.619,6.619,0.000,0.000,0.000,0.000,20.0,
17.11.2025,13:25:8.186,14.953,26.767,19.270,3.098,250.0,250.0,74.167,14.713,8.786,39.726,30.075,18.650,11.425,18.418,6.919,0.703,6.216,6.216,0.000,0.000,0.000,0.000,20.0,
17.11.2025,13:25:9.182,24.469,25.757,18.217,3.100,250.0,250.0,66.439,36.285,8.858,67.519,47.175,29.256,17.919,28.903,49.934,18.113,31.821,63.354,0.000,0.000,0.000,0.000,20.0,
17.11.2025,13:25:10.180,21.750,30.935,23.324,3.119,250.0,250.0,80.129,23.424,8.939,72.849,50.492,31.312,19.180,30.923,7.089,0.720,6.369,6.369,0.000,0.000,0.000,0.000,20.0,
17.11.2025,13:25:11.181,20.391,30.205,22.640,3.130,250.0,250.0,83.707,23.561,8.913,73.535,50.882,31.552,19.330,31.176,6.979,0.712,6.267,6.267,0.000,0.000,0.000,0.000,20.0,
17.11.2025,13:25:12.183,31.266,26.818,19.351,3.062,250.0,250.0,79.773,25.986,8.907,76.496,52.724,32.689,20.035,32.300,15.142,2.020,13.122,6.429,0.000,0.000,0.125,0.000,20.0,
17.11.2025,13:25:13.186,31.266,26.818,19.351,3.062,250.0,250.0,78.644,26.663,8.823,85.250,58.094,36.023,22.071,35.585,7.190,0.817,6.373,6.403,0.000,0.000,0.000,0.000,20.0,
17.11.2025,13:25:14.188,27.188,30.012,22.413,3.101,250.0,250.0,96.448,31.787,9.027,100.125,67.453,41.830,25.623,41.319,11.178,1.044,10.134,10.142,0.001,0.000,0.000,0.000,20.0,
17.11.2025,13:25:15.182,24.469,43.312,35.282,3.516,250.0,250.0,104.024,31.811,9.036,100.097,67.431,41.816,25.615,41.318,11.272,1.039,10.233,10.252,0.000,0.000,0.000,0.000,20.0,
17.11.2025,13:25:16.183,16.313,29.047,21.545,3.056,250.0,250.0,108.090,24.952,8.832,77.896,53.559,33.205,20.354,32.804,7.973,0.835,7.138,6.918,0.000,0.000,0.000,0.000,20.0,
17.11.2025,13:25:17.182,17.672,30.133,22.485,3.166,250.0,250.0,81.852,33.333,8.854,62.438,44.042,27.306,16.736,26.977,37.120,12.553,24.567,72.736,0.000,0.000,0.000,0.000,20.0,
17.11.2025,13:25:18.183,17.672,27.189,19.659,3.068,250.0,250.0,81.646,24.033,8.840,75.016,51.773,32.101,19.672,31.712,7.405,0.829,6.576,6.403,0.000,0.000,0.750,0.000,20.0,
17.11.2025,13:25:19.186,17.672,29.339,21.811,3.087,250.0,250.0,83.610,23.892,8.974,74.609,51.593,31.994,19.599,31.605,7.093,0.765,6.328,6.361,0.000,0.000,0.000,0.000,20.0,
17.11.2025,13:25:20.184,21.750,30.343,22.866,3.058,250.0,250.0,81.982,24.020,8.937,75.120,51.884,32.168,19.716,31.779,7.130,0.835,6.295,6.335,0.000,0.000,0.000,0.000,20.0,
17.11.2025,13:25:21.186,35.344,27.228,19.688,3.061,250.0,250.0,83.538,23.810,8.913,74.119,51.254,31.780,19.474,31.391,7.360,0.883,6.477,6.446,0.000,0.000,0.125,0.000,20.0,
17.11.2025,13:25:22.186,17.672,29.490,21.867,3.153,250.0,250.0,79.350,23.858,8.856,74.600,51.527,31.956,19.571,31.567,7.086,0.751,6.335,6.335,0.000,0.000,0.000,0.000,20.0,
17.11.2025,13:25:23.186,10.875,26.824,19.354,3.027,250.0,250.0,82.907,46.203,8.928,69.877,48.663,30.168,18.495,29.804,60.631,22.581,38.050,134.830,0.000,0.000,0.000,0.000,20.0,
17.11.2025,13:25:24.184,23.110,25.946,18.488,3.027,250.0,250.0,78.628,23.693,8.955,73.841,51.107,31.692,19.415,31.303,7.134,0.779,6.355,6.352,0.001,0.000,0.000,0.000,20.0,
17.11.2025,13:25:25.185,19.032,26.995,19.535,3.030,250.0,250.0,80.469,19.570,8.943,58.052,41.419,25.684,15.735,25.380,7.067,0.715,6.352,6.352,0.000,0.000,0.000,0.000,20.0,
17.11.2025,13:25:26.184,29.907,27.745,20.283,3.022,250.0,250.0,79.931,47.538,8.943,74.605,51.592,31.999,19.593,31.609,125.312,34.702,90.610,6.412,0.000,0.000,0.000,0.000,20.0,
17.11.2025,13:25:27.186,19.032,24.402,16.946,3.017,250.0,250.0,78.748,23.482,8.894,73.190,50.671,31.414,19.257,31.037,7.023,0.713,6.310,6.310,0.000,0.000,0.000,0.000,20.0,
17.11.2025,13:25:28.187,17.672,25.324,17.878,3.020,250.0,250.0,82.984,24.243,8.876,75.826,52.302,32.435,19.867,32.033,7.333,0.862,6.471,6.420,0.000,0.000,0.000,0.000,20.0,
17.11.2025,13:25:29.185,24.469,27.969,20.513,3.019,250.0,250.0,79.658,23.701,8.836,74.070,51.170,31.730,19.440,31.341,7.061,0.759,6.302,6.302,0.000,0.000,0.000,0.000,20.0,
17.11.2025,13:25:30.180,16.313,25.296,17.780,3.036,250.0,250.0,82.661,37.863,8.877,69.057,48.117,29.833,18.284,29.481,37.131,12.827,24.304,100.717,0.000,0.000,0.000,0.000,20.0,
17.11.2025,13:25:31.184,23.110,26.849,19.425,3.026,250.0,250.0,79.232,23.698,8.845,73.960,51.103,31.690,19.413,31.313,7.147,0.782,6.365,6.361,0.000,0.000,0.000,0.000,20.0,
17.11.2025,13:25:32.183,16.313,27.037,19.545,3.064,250.0,250.0,79.081,24.079,8.920,75.464,52.066,32.292,19.774,31.903,7.032,0.722,6.310,6.310,0.000,0.000,0.000,0.000,20.0,
17.11.2025,13:25:33.186,24.469,27.504,19.997,3.049,250.0,250.0,82.851,71.355,8.963,68.500,47.828,29.660,18.168,29.307,44.312,16.182,28.130,422.503,0.000,0.000,0.000,0.000,20.0,
17.11.2025,13:25:34.186,19.032,25.545,18.106,3.035,250.0,250.0,78.746,23.652,8.930,73.643,50.976,31.609,19.367,31.220,7.184,0.778,6.406,6.403,0.000,0.000,0.000,0.000,20.0,
17.11.2025,13:25:35.185,19.032,24.551,17.071,3.029,250.0,250.0,78.740,23.741,8.931,74.134,51.266,31.790,19.476,31.413,7.054,0.761,6.293,6.293,0.000,0.000,0.125,0.000,20.0,
17.11.2025,13:25:36.186,13.594,25.463,17.977,3.033,250.0,250.0,82.475,44.865,8.846,73.811,51.038,31.647,19.391,31.258,113.001,32.782,80.219,6.658,0.000,0.000,0.000,0.000,20.0,
17.11.2025,13:25:37.185,25.829,26.036,18.544,3.039,250.0,250.0,79.161,23.788,8.930,74.245,51.332,31.828,19.504,31.439,7.119,0.781,6.338,6.361,0.000,0.000,0.000,0.000,20.0,
17.11.2025,13:25:38.187,19.032,25.275,17.783,3.037,250.0,250.0,79.768,23.107,8.835,71.811,49.798,30.876,18.922,30.499,7.011,0.709,6.302,6.310,0.000,0.000,0.000,0.000,20.0,
17.11.2025,13:25:39.183,17.672,24.940,17.490,3.051,250.0,250.0,79.200,30.986,8.832,71.729,49.721,30.834,18.887,30.457,46.326,17.041,29.285,6.751,0.000,0.000,0.000,0.000,20.0,
17.11.2025,13:25:40.186,29.907,27.137,19.669,3.041,250.0,250.0,78.836,23.625,8.903,73.603,50.944,31.592,19.352,31.203,7.138,0.774,6.364,6.378,0.000,0.000,0.000,0.000,20.0,
17.11.2025,13:25:41.186,24.469,25.916,18.417,3.046,250.0,250.0,78.968,23.633,8.876,73.772,51.007,31.632,19.375,31.256,7.057,0.764,6.293,6.302,0.000,0.000,0.000,0.000,20.0,
17.11.2025,13:25:42.186,17.672,25.922,18.414,3.070,250.0,250.0,81.624,23.651,8.939,73.688,50.997,31.616,19.381,31.239,7.141,0.774,6.367,6.369,0.000,0.000,0.000,0.000,20.0,
17.11.2025,13:25:43.185,17.672,25.439,17.953,3.049,250.0,250.0,78.672,23.622,8.928,73.663,50.974,31.605,19.369,31.229,7.064,0.762,6.302,6.318,0.000,0.000,0.000,0.000,20.0,
17.11.2025,13:25:44.186,27.188,27.220,19.713,3.048,250.0,250.0,82.510,47.217,8.864,73.215,50.668,31.422,19.246,31.045,125.467,34.802,90.665,6.777,0.000,0.000,0.000,0.000,20.0,
17.11.2025,13:25:45.187,27.188,26.364,18.887,3.057,250.0,250.0,78.984,47.188,8.840,73.440,50.798,31.492,19.306,31.116,125.193,34.692,90.501,6.505,0.000,0.000,0.000,0.000,20.0,
17.11.2025,13:25:46.186,27.188,30.042,22.315,3.249,250.0,250.0,79.630,47.188,8.890,74.933,51.745,32.095,19.650,31.706,7.126,0.770,6.356,6.386,0.001,0.000,0.000,0.000,20.0,
17.11.2025,13:25:47.180,24.469,32.850,24.725,3.583,250.0,250.0,79.630,23.966,8.890,74.933,51.745,32.095,19.650,31.706,7.126,0.770,6.356,6.386,0.000,0.000,0.000,0.000,20.0,
17.11.2025,13:25:48.185,17.672,25.472,17.897,3.106,250.0,250.0,79.128,23.576,8.841,73.559,50.855,31.539,19.316,31.150,7.076,0.724,6.352,6.352,0.000,0.000,0.000,0.000,20.0,
17.11.2025,13:25:49.186,24.469,24.977,17.542,3.056,250.0,250.0,80.010,23.739,8.894,74.194,51.270,31.790,19.480,31.413,7.022,0.712,6.310,6.310,0.000,0.000,0.000,0.000,20.0,
17.11.2025,13:25:50.184,32.625,25.307,17.790,3.073,250.0,250.0,81.374,45.476,8.902,72.711,50.369,31.230,19.139,30.854,117.497,33.641,83.856,6.556,0.000,0.000,0.000,0.000,20.0,
17.11.2025,13:25:51.179,19.032,27.333,19.850,3.014,250.0,250.0,78.844,23.895,8.834,74.772,51.598,31.997,19.601,31.608,7.092,0.731,6.361,6.361,0.000,0.000,0.000,0.000,20.0,
17.11.2025,13:25:52.186,17.672,24.805,17.311,3.062,250.0,250.0,82.835,23.722,8.820,74.210,51.236,31.772,19.464,31.396,7.011,0.709,6.302,6.302,0.000,0.000,0.000,0.000,20.0,
17.11.2025,13:25:53.186,19.032,24.676,17.258,3.006,250.0,250.0,79.226,23.560,8.843,73.443,50.812,31.509,19.303,31.120,7.097,0.719,6.378,6.378,0.000,0.000,0.000,0.000,20.0,
17.11.2025,13:25:54.186,20.391,26.299,18.798,3.068,250.0,250.0,82.980,17.442,8.791,49.866,36.278,22.497,13.781,22.229,7.238,0.733,6.505,6.505,0.000,0.000,0.000,0.000,20.0,
17.11.2025,13:25:55.182,28.547,24.383,16.895,3.039,250.0,250.0,79.461,30.180,8.838,74.319,51.347,31.841,19.506,31.464,39.028,5.144,33.884,6.429,0.001,0.000,0.000,0.000,20.0,
17.11.2025,13:25:56.181,17.672,25.318,17.808,3.055,250.0,250.0,80.300,23.987,8.950,75.004,51.841,32.138,19.703,31.749,7.071,0.728,6.343,6.343,0.000,0.000,0.000,0.000,20.0,
17.11.2025,13:25:57.185,25.829,27.181,19.709,3.043,250.0,250.0,83.550,22.946,9.014,70.820,49.335,30.594,18.741,30.217,7.209,0.729,6.480,6.318,0.000,0.000,0.000,0.000,20.0,
17.11.2025,13:25:58.186,27.188,28.080,20.577,3.078,250.0,250.0,80.014,20.024,9.084,59.521,42.401,26.288,16.113,25.972,7.282,0.735,6.547,6.293,0.000,0.000,0.000,0.000,20.0,
17.11.2025,13:25:59.186,16.313,26.359,18.868,3.044,250.0,250.0,80.530,24.091,8.889,75.447,52.063,32.290,19.773,31.902,7.080,0.719,6.361,6.386,0.000,0.000,0.000,0.000,20.0,
17.11.2025,13:26:0.186,17.672,26.315,18.820,3.043,250.0,250.0,79.853,23.793,8.859,74.396,51.391,31.865,19.526,31.488,7.033,0.715,6.318,6.343,0.000,0.000,0.000,0.000,20.0,
17.11.2025,13:26:1.180,19.032,26.571,19.103,3.052,250.0,250.0,83.224,66.815,8.832,69.986,48.670,30.177,18.493,29.824,7.642,0.916,6.726,446.885,0.000,0.000,0.000,0.000,20.0,
17.11.2025,13:26:2.187,14.953,27.136,19.617,3.062,250.0,250.0,79.813,23.840,8.865,74.533,51.473,31.914,19.559,31.538,7.068,0.716,6.352,6.378,0.000,0.001,0.000,0.000,20.0,
17.11.2025,13:26:3.186,16.313,26.891,19.421,3.036,250.0,250.0,78.640,22.806,8.938,70.554,49.087,30.439,18.648,30.062,7.011,0.709,6.302,6.310,0.000,0.000,0.000,0.000,20.0,
17.11.2025,13:26:4.185,17.672,24.926,17.455,3.032,250.0,250.0,80.216,44.633,8.926,70.334,48.949,30.355,18.594,29.990,116.296,32.990,83.306,6.590,0.000,0.000,0.000,0.000,20.0,
17.11.2025,13:26:5.185,14.953,24.713,17.276,3.022,250.0,250.0,77.522,33.617,8.902,68.005,47.481,29.449,18.032,29.096,64.407,12.110,52.297,6.386,0.000,0.000,0.000,0.000,20.0,
17.11.2025,13:26:6.185,14.953,25.954,18.479,3.056,250.0,250.0,77.499,22.381,8.877,68.956,48.064,29.802,18.262,29.437,7.040,0.713,6.327,6.327,0.000,0.000,0.000,0.000,20.0,
17.11.2025,13:26:7.186,16.313,25.604,18.154,3.010,250.0,250.0,77.543,22.560,8.954,69.590,48.506,30.075,18.431,29.722,7.015,0.722,6.293,6.293,0.000,0.000,0.000,0.000,20.0,
17.11.2025,13:26:8.185,16.313,25.300,17.853,3.012,250.0,250.0,74.170,30.244,8.793,68.309,47.608,29.518,18.090,29.165,47.304,6.522,40.782,6.352,0.000,0.000,0.000,0.000,20.0,
17.11.2025,13:26:9.185,29.907,25.288,17.869,3.007,250.0,250.0,74.005,33.530,8.841,68.659,47.861,29.675,18.186,29.310,63.206,11.358,51.848,6.361,0.000,0.000,0.000,0.000,20.0,
17.11.2025,13:26:10.186,32.625,25.091,17.653,3.004,250.0,250.0,74.080,24.230,8.868,76.107,52.457,32.524,19.933,32.135,6.994,0.709,6.285,6.285,0.000,0.000,0.000,0.000,20.0,
17.11.2025,13:26:11.186,13.594,25.412,17.926,3.065,250.0,250.0,79.338,24.023,8.940,75.155,51.922,32.192,19.730,31.803,7.070,0.718,6.352,6.352,0.000,0.000,0.000,0.000,20.0,
17.11.2025,13:26:12.186,38.063,25.622,18.116,3.053,250.0,250.0,83.530,23.631,8.912,73.782,51.028,31.642,19.386,31.265,7.003,0.710,6.293,6.293,0.000,0.000,0.000,2.375,20.0,
17.11.2025,13:26:13.186,17.672,25.510,18.044,3.041,250.0,250.0,79.706,24.145,8.886,75.665,52.187,32.366,19.821,31.977,7.089,0.720,6.369,6.369,0.000,0.000,0.000,0.000,20.0,
17.11.2025,13:26:14.186,19.032,27.048,19.545,3.092,250.0,250.0,82.884,23.777,8.851,74.363,51.364,31.846,19.518,31.469,7.024,0.714,6.310,6.310,0.000,0.000,0.000,0.000,20.0,
17.11.2025,13:26:15.186,17.672,26.328,18.873,3.024,250.0,250.0,79.809,15.751,8.777,40.705,30.649,18.999,11.650,18.767,7.431,0.789,6.642,13.102,0.000,0.000,0.000,0.000,20.0,
17.11.2025,13:26:16.186,24.469,27.812,20.285,3.068,250.0,250.0,79.476,47.437,8.869,74.502,51.465,31.919,19.546,31.530,125.057,34.477,90.580,6.420,0.000,0.000,0.000,0.000,20.0,
17.11.2025,13:26:17.185,13.594,28.550,20.949,3.119,250.0,250.0,80.105,23.628,8.904,73.733,51.015,31.628,19.387,31.251,7.023,0.713,6.310,6.318,0.000,0.000,0.000,0.000,20.0,
17.11.2025,13:26:18.179,21.750,26.497,18.993,3.079,250.0,250.0,83.441,23.951,8.951,74.713,51.648,32.022,19.626,31.633,7.242,0.832,6.410,6.429,0.000,0.000,0.000,0.000,20.0,
17.11.2025,13:26:19.186,21.750,28.676,21.145,3.090,250.0,250.0,79.885,23.924,8.913,74.825,51.697,32.051,19.646,31.662,7.053,0.743,6.310,6.335,0.001,0.000,0.250,0.000,20.0,
17.11.2025,13:26:20.182,17.672,27.193,19.721,3.075,250.0,250.0,83.462,24.133,9.013,75.455,52.147,32.341,19.806,31.952,7.131,0.778,6.353,6.352,0.000,0.000,0.000,0.000,20.0,
17.11.2025,13:26:21.181,25.829,26.944,19.449,3.055,250.0,250.0,80.366,23.742,8.974,74.105,51.284,31.804,19.480,31.415,7.024,0.714,6.310,6.310,0.000,0.000,1.500,0.000,20.0,
17.11.2025,13:26:22.181,14.953,27.915,20.394,3.057,250.0,250.0,83.389,27.212,8.880,74.647,51.553,31.974,19.579,31.585,23.714,3.247,20.467,6.471,0.000,0.000,0.000,0.000,20.0,
17.11.2025,13:26:23.186,14.953,25.207,17.757,3.050,250.0,250.0,80.062,24.088,8.894,75.523,52.096,32.300,19.796,31.912,7.023,0.713,6.310,6.310,0.000,0.000,0.000,1.250,20.0,
17.11.2025,13:26:24.178,20.391,26.564,19.112,3.032,250.0,250.0,83.769,23.890,8.863,74.673,51.558,31.967,19.591,31.579,7.136,0.772,6.364,6.394,0.000,0.000,0.000,0.000,20.0,
17.11.2025,13:26:25.186,20.391,28.298,20.792,3.058,250.0,250.0,80.755,23.639,8.962,73.762,51.050,31.660,19.390,31.271,6.995,0.710,6.285,6.310,0.000,0.000,0.000,0.000,20.0,
17.11.2025,13:26:26.187,19.032,25.608,18.116,3.019,250.0,250.0,83.317,25.969,8.939,73.069,50.622,31.394,19.228,31.018,19.487,2.662,16.825,6.446,0.000,0.000,0.000,0.000,20.0,
17.11.2025,13:26:27.186,29.907,25.491,18.014,3.043,250.0,250.0,80.541,23.868,8.880,74.560,51.505,31.939,19.566,31.550,7.158,0.785,6.373,6.369,0.000,0.000,0.000,0.000,20.0,
17.11.2025,13:26:28.187,17.672,25.351,17.885,3.040,250.0,250.0,79.309,24.146,8.960,75.660,52.251,32.403,19.848,32.015,7.012,0.710,6.302,6.302,0.000,0.000,0.000,0.000,20.0,
17.11.2025,13:26:29.186,17.672,26.745,19.226,3.075,250.0,250.0,80.685,24.370,8.867,76.280,52.583,32.608,19.975,32.207,7.374,0.878,6.496,6.429,0.000,0.000,0.000,0.000,20.0,
17.11.2025,13:26:30.186,19.032,23.827,16.392,3.029,250.0,250.0,79.697,23.836,8.830,74.544,51.455,31.906,19.549,31.529,7.107,0.771,6.336,6.335,0.000,0.000,0.000,0.000,20.0,
17.11.2025,13:26:31.183,19.032,25.926,18.399,3.052,250.0,250.0,83.129,38.541,8.792,67.476,47.091,29.198,17.893,28.858,81.885,28.762,53.123,22.331,0.000,0.000,1.125,2.375,20.0,
17.11.2025,13:26:32.181,20.391,24.127,16.703,3.028,250.0,250.0,79.280,23.744,8.878,74.061,51.198,31.742,19.456,31.365,7.176,0.786,6.390,6.386,0.000,0.000,0.000,0.000,20.0,
17.11.2025,13:26:33.186,17.672,24.545,17.038,3.046,250.0,250.0,79.656,23.295,8.879,72.493,50.227,31.147,19.080,30.770,7.023,0.713,6.310,6.310,0.000,0.000,0.000,0.000,20.0,
17.11.2025,13:26:34.180,17.672,25.153,17.686,3.045,250.0,250.0,83.182,23.638,8.914,73.641,50.961,31.600,19.361,31.223,7.155,0.782,6.373,6.369,0.000,0.000,0.000,0.125,20.0,
17.11.2025,13:26:35.180,21.750,25.574,18.108,3.046,250.0,250.0,79.567,23.708,8.887,73.985,51.153,31.717,19.436,31.329,7.116,0.769,6.347,6.343,0.000,0.000,0.000,0.000,20.0,
17.11.2025,13:26:36.180,21.750,26.015,18.557,3.016,250.0,250.0,83.231,47.684,8.887,75.266,51.958,32.217,19.741,31.829,125.220,34.779,90.441,6.505,0.000,0.000,0.000,0.000,20.0,
17.11.2025,13:26:37.178,17.672,24.986,17.530,3.041,250.0,250.0,80.202,23.734,8.888,74.072,51.203,31.747,19.456,31.358,7.125,0.778,6.347,6.369,0.000,0.000,0.000,0.000,20.0,
17.11.2025,13:26:38.185,16.313,25.448,17.994,3.015,250.0,250.0,79.742,23.800,8.854,74.369,51.369,31.857,19.512,31.468,7.118,0.787,6.331,6.335,0.000,0.000,0.000,0.000,20.0,
17.11.2025,13:26:39.179,17.672,25.878,18.387,3.048,250.0,250.0,83.657,27.564,8.872,65.497,45.925,28.474,17.451,28.133,37.367,12.965,24.402,6.556,0.000,0.000,0.000,0.000,20.0,
17.11.2025,13:26:40.186,28.547,25.905,18.436,3.029,250.0,250.0,79.615,23.887,8.950,74.567,51.564,31.982,19.582,31.593,7.134,0.778,6.356,6.361,0.000,0.000,0.000,0.000,20.0,
17.11.2025,13:26:41.187,17.672,26.253,18.767,3.043,250.0,250.0,83.601,19.369,8.894,57.197,40.852,25.339,15.513,25.035,7.274,0.735,6.539,6.310,0.000,0.000,0.000,0.500,20.0,
17.11.2025,13:26:42.191,17.672,26.630,19.130,3.027,250.0,250.0,79.504,23.857,8.962,74.467,51.498,31.934,19.564,31.546,7.120,0.776,6.344,6.361,0.000,0.000,0.000,0.000,20.0,
17.11.2025,13:26:43.186,16.313,25.873,18.417,3.074,250.0,250.0,79.957,23.887,9.093,74.538,51.611,32.006,19.605,31.618,7.029,0.719,6.310,6.343,0.000,0.000,0.000,0.000,20.0,
17.11.2025,13:26:44.185,14.953,27.082,19.633,3.016,250.0,250.0,82.520,31.305,9.021,72.505,50.338,31.209,19.129,30.833,40.154,14.312,25.842,19.703,0.000,0.000,0.000,0.000,20.0,
17.11.2025,13:26:45.186,32.625,24.911,17.423,3.050,250.0,250.0,79.876,25.329,8.803,74.153,51.223,31.759,19.464,31.371,15.041,1.966,13.075,6.429,0.000,0.000,0.000,0.000,20.0,
17.11.2025,13:26:46.187,28.547,26.814,19.291,3.056,250.0,250.0,81.531,24.122,8.880,75.413,52.049,32.268,19.781,31.879,7.270,0.854,6.416,6.412,0.000,0.000,0.000,0.000,20.0,
17.11.2025,13:26:47.182,24.469,29.236,21.435,3.304,250.0,250.0,80.465,24.301,8.939,76.183,52.552,32.592,19.960,32.203,7.114,0.767,6.347,6.352,0.000,0.000,0.125,0.000,20.0,
17.11.2025,13:26:48.186,14.953,30.635,22.605,3.512,250.0,250.0,80.703,23.651,8.902,73.782,51.034,31.641,19.393,31.265,7.069,0.717,6.352,6.352,0.000,0.000,0.500,0.000,20.0,
17.11.2025,13:26:49.180,17.672,27.023,19.565,3.062,250.0,250.0,83.284,19.914,8.870,59.432,42.230,26.181,16.049,25.864,7.078,0.717,6.361,6.361,0.000,0.000,0.000,0.000,20.0,
17.11.2025,13:26:50.186,16.313,24.283,16.791,3.035,250.0,250.0,79.255,23.668,8.950,73.796,51.065,31.662,19.403,31.286,7.082,0.730,6.352,6.352,0.000,0.000,0.000,0.000,20.0,
17.11.2025,13:26:51.187,14.953,25.087,17.610,3.061,250.0,250.0,83.313,21.034,8.938,61.069,43.241,26.813,16.428,26.484,7.151,0.722,6.429,13.066,0.000,0.000,0.000,0.000,20.0,
17.11.2025,13:26:52.187,19.032,25.723,18.241,3.014,250.0,250.0,80.047,23.793,8.977,74.108,51.298,31.808,19.490,31.419,7.224,0.802,6.422,6.378,0.000,0.000,1.000,0.000,20.0,
17.11.2025,13:26:53.185,25.829,25.733,18.287,3.045,250.0,250.0,82.150,23.876,8.842,74.751,51.602,31.991,19.611,31.602,7.024,0.714,6.310,6.310,0.000,0.000,0.000,0.000,20.0,
17.11.2025,13:26:54.186,23.110,25.739,18.263,3.050,250.0,250.0,79.964,23.564,8.877,73.458,50.817,31.513,19.304,31.124,7.088,0.719,6.369,6.369,0.000,0.000,0.000,0.000,20.0,
17.11.2025,13:26:55.186,24.469,26.497,18.959,3.070,250.0,250.0,82.937,32.742,8.863,63.960,44.965,27.878,17.087,27.538,11.125,1.982,9.143,114.875,0.000,0.000,0.000,0.000,20.0,
17.11.2025,13:26:56.184,24.469,26.497,18.959,3.070,250.0,250.0,80.612,23.483,8.977,73.098,50.661,31.408,19.253,31.031,7.039,0.712,6.327,6.327,0.000,0.000,0.000,0.000,20.0,
17.11.2025,13:26:57.185,23.110,27.071,19.571,3.055,250.0,250.0,82.327,24.414,8.929,76.432,52.695,32.674,20.021,32.285,7.330,0.871,6.459,6.446,0.000,0.000,0.000,0.000,20.0,
17.11.2025,13:26:58.186,20.391,25.014,17.520,3.061,250.0,250.0,83.650,24.278,9.053,75.842,52.428,32.503,19.925,32.114,7.304,0.739,6.565,6.310,0.000,0.000,0.000,0.000,20.0,
17.11.2025,13:26:59.186,27.188,25.770,18.259,3.057,250.0,250.0,79.641,23.925,8.942,74.677,51.612,32.005,19.607,31.616,7.199,0.776,6.423,6.394,0.000,0.000,0.000,0.375,20.0,
17.11.2025,13:27:0.184,17.672,25.593,18.102,3.088,250.0,250.0,81.606,24.007,8.896,75.164,51.907,32.181,19.726,31.792,7.036,0.718,6.318,6.335,0.000,0.000,0.000,0.000,20.0,
17.11.2025,13:27:1.186,21.750,25.406,17.922,3.045,250.0,250.0,81.921,23.710,8.942,73.797,51.054,31.658,19.396,31.282,7.271,0.832,6.439,6.429,0.000,0.000,0.000,0.000,20.0,
17.11.2025,13:27:2.186,14.953,27.811,20.312,3.067,250.0,250.0,83.428,22.668,8.923,69.653,48.557,30.111,18.446,29.746,7.462,0.872,6.590,6.318,0.000,0.000,0.375,0.000,20.0,
17.11.2025,13:27:3.186,19.032,27.550,20.066,3.056,250.0,250.0,79.164,15.565,8.876,40.063,30.298,18.793,11.505,18.561,7.352,0.938,6.414,12.854,0.000,0.000,0.000,0.000,20.0,
17.11.2025,13:27:4.185,14.953,26.517,18.945,3.085,250.0,250.0,80.530,44.138,9.122,68.361,47.835,29.664,18.171,29.311,116.097,32.894,83.203,6.726,0.000,0.000,0.000,0.000,20.0,
17.11.2025,13:27:5.180,20.391,25.857,18.398,3.036,250.0,250.0,78.504,22.388,9.120,68.608,47.988,29.758,18.230,29.405,7.181,0.735,6.446,6.412,0.000,0.000,0.000,0.000,20.0,
17.11.2025,13:27:6.185,19.032,26.656,19.169,3.042,250.0,250.0,77.637,22.340,9.255,68.399,47.949,29.728,18.221,29.375,7.090,0.780,6.310,6.293,0.000,0.000,0.000,0.000,20.0,
17.11.2025,13:27:7.180,19.032,25.378,17.988,2.992,250.0,250.0,80.833,22.221,9.011,68.098,47.604,29.523,18.081,29.170,7.178,0.732,6.446,6.369,0.000,0.000,0.000,0.000,20.0,
17.11.2025,13:27:8.184,17.672,25.545,18.072,3.041,250.0,250.0,77.323,22.189,8.954,68.178,47.634,29.534,18.100,29.182,6.995,0.710,6.285,6.318,0.000,0.000,0.000,0.000,20.0,
17.11.2025,13:27:9.186,14.953,24.273,16.842,2.987,250.0,250.0,70.277,22.124,9.026,67.808,47.448,29.423,18.025,29.058,7.052,0.717,6.335,6.352,0.000,0.000,0.000,0.000,20.0,
17.11.2025,13:27:10.179,16.313,24.821,17.424,2.980,250.0,250.0,73.662,22.088,9.013,67.635,47.326,29.349,17.977,28.996,7.091,0.730,6.361,6.403,0.000,0.000,0.000,0.000,20.0,
17.11.2025,13:27:11.179,17.672,25.684,18.326,2.970,250.0,250.0,71.542,35.692,9.122,73.889,51.243,31.771,19.472,31.382,66.796,11.835,54.961,6.454,0.001,0.000,0.000,0.000,20.0,
17.11.2025,13:27:12.182,31.266,25.658,18.087,3.096,250.0,250.0,78.811,23.819,9.029,74.302,51.430,31.892,19.538,31.515,7.082,0.764,6.318,6.318,0.000,0.000,0.000,0.000,20.0,
17.11.2025,13:27:13.182,25.829,25.747,18.247,3.089,250.0,250.0,82.517,45.107,9.026,72.884,50.565,31.356,19.209,30.967,115.311,31.109,84.202,6.446,0.000,0.000,0.000,0.000,20.0,
17.11.2025,13:27:14.180,16.313,25.842,18.365,3.071,250.0,250.0,79.242,24.063,8.991,75.328,52.040,32.267,19.773,31.878,7.022,0.712,6.310,6.310,0.000,0.000,0.000,0.000,20.0,
17.11.2025,13:27:15.184,16.313,26.281,18.768,3.047,250.0,250.0,82.684,23.662,8.966,73.700,51.047,31.652,19.395,31.263,7.124,0.769,6.355,6.352,0.000,0.000,0.000,0.000,20.0,
17.11.2025,13:27:16.183,14.953,26.353,18.846,3.044,250.0,250.0,79.379,23.697,8.895,73.999,51.186,31.740,19.446,31.351,7.022,0.712,6.310,6.310,0.000,0.000,0.000,0.000,20.0,
17.11.2025,13:27:17.186,25.829,26.241,18.823,3.020,250.0,250.0,82.781,25.424,8.893,74.366,51.409,31.874,19.535,31.485,15.127,2.022,13.105,6.420,0.000,0.000,0.000,0.000,20.0,
17.11.2025,13:27:18.185,4.078,27.610,20.082,3.073,250.0,250.0,79.182,23.611,8.915,73.637,50.942,31.588,19.354,31.212,7.060,0.717,6.343,6.343,0.000,0.000,0.000,0.000,20.0,
17.11.2025,13:27:19.182,25.829,25.104,17.562,3.074,250.0,250.0,82.436,35.451,9.005,72.241,50.164,31.103,19.061,30.726,67.871,11.871,56.000,6.463,0.000,0.000,0.000,0.000,20.0,
17.11.2025,13:27:20.181,21.750,28.201,20.664,3.066,250.0,250.0,79.059,23.865,9.112,74.423,51.559,31.973,19.586,31.584,7.045,0.718,6.327,6.327,0.000,0.000,0.000,0.000,20.0,
17.11.2025,13:27:21.179,19.032,26.339,18.895,3.043,250.0,250.0,83.277,42.404,8.963,74.730,51.649,32.034,19.615,31.645,99.487,25.059,74.428,6.429,0.000,0.000,0.000,0.000,20.0,
17.11.2025,13:27:22.186,19.032,26.152,18.629,3.078,250.0,250.0,79.525,23.269,8.953,72.302,50.136,31.095,19.041,30.718,7.050,0.715,6.335,6.343,0.000,0.000,0.000,0.000,20.0,
17.11.2025,13:27:23.187,20.391,28.134,20.633,3.048,250.0,250.0,82.237,47.210,8.895,73.481,50.859,31.539,19.320,31.150,125.135,34.751,90.384,6.582,0.000,0.000,0.000,0.000,20.0,
17.11.2025,13:27:24.186,39.422,25.241,17.780,3.048,250.0,250.0,78.572,23.594,8.903,73.586,50.921,31.574,19.347,31.197,7.031,0.713,6.318,6.352,0.000,0.000,0.000,1.750,20.0,
17.11.2025,13:27:25.186,28.547,27.324,19.838,3.057,250.0,250.0,79.705,20.677,8.926,62.107,43.891,27.213,16.678,26.885,7.387,0.745,6.642,6.293,0.000,0.000,0.375,0.000,20.0,
17.11.2025,13:27:26.186,19.032,26.956,19.499,3.045,250.0,250.0,79.211,15.283,8.925,38.874,29.588,18.352,11.236,18.133,7.401,0.777,6.624,12.917,0.001,0.000,0.000,0.000,20.0,
17.11.2025,13:27:27.182,16.313,25.787,18.262,3.064,250.0,250.0,78.295,33.574,9.096,73.126,50.747,31.462,19.285,31.085,57.245,8.342,48.903,6.446,0.000,0.000,0.000,2.500,20.0,
17.11.2025,13:27:28.187,21.750,27.174,19.647,3.054,250.0,250.0,80.173,21.278,9.047,64.573,45.484,28.210,17.274,27.869,7.011,0.709,6.302,6.302,0.000,0.000,0.000,0.000,20.0,
17.11.2025,13:27:29.184,19.032,24.537,17.119,3.030,250.0,250.0,81.891,23.773,9.058,74.020,51.276,31.798,19.478,31.409,7.155,0.799,6.356,6.378,0.000,0.000,0.000,0.000,20.0,
17.11.2025,13:27:30.184,16.313,27.615,20.165,3.019,250.0,250.0,75.710,23.773,8.865,74.713,51.587,31.982,19.605,31.593,7.050,0.764,6.286,6.327,0.000,0.000,0.000,0.000,20.0,
17.11.2025,13:27:31.187,20.391,25.647,18.166,3.020,250.0,250.0,78.392,23.877,8.875,69.874,48.628,30.162,18.466,29.797,60.319,22.444,37.875,6.746,0.000,0.000,0.000,0.000,20.0,
17.11.2025,13:27:32.186,17.672,25.611,18.251,2.934,250.0,250.0,79.274,33.319,8.901,72.038,49.960,30.977,18.983,30.612,7.049,0.714,6.335,6.335,0.000,0.000,0.000,0.000,20.0,
17.11.2025,13:27:33.187,21.750,28.045,20.551,3.037,250.0,250.0,82.480,23.190,8.914,74.928,51.754,32.093,19.661,31.704,108.291,32.444,75.847,6.463,0.000,0.000,0.000,0.000,20.0,
17.11.2025,13:27:34.180,21.750,26.829,19.373,3.033,250.0,250.0,82.480,44.210,8.914,74.928,51.754,32.093,19.661,31.704,108.291,32.444,75.847,6.463,0.000,0.000,0.000,0.000,20.0,
17.11.2025,13:27:35.194,14.953,26.836,19.365,3.021,250.0,250.0,79.168,24.065,8.915,75.317,52.003,32.242,19.761,31.854,7.113,0.778,6.335,6.335,0.000,0.000,0.000,0.000,20.0,
17.11.2025,13:27:36.179,23.110,28.301,20.839,3.032,250.0,250.0,82.348,47.666,8.962,75.350,52.030,32.265,19.765,31.877,124.978,34.530,90.448,6.454,0.000,0.000,0.000,0.000,20.0,
17.11.2025,13:27:37.178,20.391,25.120,17.697,3.021,250.0,250.0,79.195,23.713,9.039,73.906,51.207,31.755,19.452,31.366,7.039,0.712,6.327,6.327,0.000,0.000,0.000,0.000,20.0,
17.11.2025,13:27:38.183,28.547,27.132,19.653,3.013,250.0,250.0,80.089,23.533,8.962,73.327,50.791,31.495,19.296,31.107,7.022,0.712,6.310,6.310,0.000,0.000,0.000,0.000,20.0,
17.11.2025,13:27:39.181,19.032,26.339,18.878,3.016,250.0,250.0,82.443,23.849,9.023,74.408,51.502,31.937,19.565,31.548,7.075,0.723,6.352,6.352,0.000,0.000,0.000,0.000,20.0,
17.11.2025,13:27:40.186,19.032,27.995,20.576,2.989,250.0,250.0,82.497,23.360,9.021,72.616,50.385,31.249,19.136,30.872,7.011,0.709,6.302,6.302,0.000,0.000,0.000,0.000,20.0,
17.11.2025,13:27:41.185,17.672,27.542,20.103,2.998,250.0,250.0,79.831,46.517,8.973,73.524,50.918,31.576,19.342,31.187,121.622,33.646,87.976,6.403,0.001,0.000,0.000,0.000,20.0,
17.11.2025,13:27:42.186,20.391,26.915,19.548,2.983,250.0,250.0,79.226,23.588,8.988,73.501,50.925,31.576,19.349,31.187,7.022,0.712,6.310,6.310,0.000,0.000,0.000,0.000,20.0,
17.11.2025,13:27:43.186,27.188,26.994,19.538,3.005,250.0,250.0,82.039,45.547,8.963,73.224,50.734,31.457,19.277,31.080,117.127,33.390,83.737,6.480,0.000,0.000,0.000,1.625,20.0,
17.11.2025,13:27:44.186,20.391,27.369,19.955,2.969,250.0,250.0,78.791,47.029,9.069,72.922,50.611,31.375,19.236,30.999,124.839,34.622,90.217,6.394,0.000,0.000,0.000,0.000,20.0,
17.11.2025,13:27:45.178,25.829,27.044,19.637,2.979,250.0,250.0,79.850,24.070,8.965,75.325,52.027,32.254,19.773,31.865,7.070,0.727,6.343,6.352,0.000,0.000,0.000,0.000,20.0,
17.11.2025,13:27:46.188,17.672,25.202,17.764,3.016,250.0,250.0,82.904,48.966,8.954,81.442,55.798,34.594,21.204,34.181,123.456,33.983,89.473,6.573,0.000,0.000,0.000,0.000,20.0,
17.11.2025,13:27:47.185,17.672,27.404,19.918,3.013,250.0,250.0,79.031,23.873,8.974,74.611,51.582,31.979,19.603,31.590,7.030,0.712,6.318,6.335,0.000,0.000,0.000,0.000,20.0,
17.11.2025,13:27:48.182,27.188,27.213,19.773,3.006,250.0,250.0,82.531,40.315,8.986,75.610,52.231,32.386,19.845,31.998,87.784,19.046,68.738,6.522,0.000,0.000,0.000,0.000,20.0,
17.11.2025,13:27:49.179,19.032,32.267,24.393,3.413,250.0,250.0,79.854,24.216,9.047,75.802,52.376,32.483,19.893,32.094,7.055,0.720,6.335,6.352,0.000,0.000,0.000,1.250,20.0,
17.11.2025,13:27:50.187,20.391,29.403,21.496,3.369,250.0,250.0,83.427,45.829,9.190,75.428,52.216,32.382,19.834,31.993,115.348,31.065,84.283,6.556,0.000,0.000,0.000,0.000,20.0,
17.11.2025,13:27:51.186,20.391,26.308,18.889,3.032,250.0,250.0,79.842,24.079,9.334,74.992,52.053,32.280,19.773,31.891,7.061,0.718,6.343,6.343,0.000,0.000,0.000,0.000,20.0,
17.11.2025,13:27:52.186,23.110,26.249,18.751,3.008,250.0,250.0,83.538,23.710,9.288,73.537,51.129,31.708,19.421,31.319,7.191,0.728,6.463,6.318,0.000,0.000,0.000,0.000,20.0,
17.11.2025,13:27:53.186,21.750,25.753,18.284,3.034,250.0,250.0,78.935,46.041,8.975,75.008,51.851,32.149,19.702,31.760,117.200,32.070,85.130,6.565,0.000,0.000,0.000,0.000,20.0,
17.11.2025,13:27:54.180,33.985,27.326,19.885,3.022,250.0,250.0,80.466,23.643,8.918,73.755,51.025,31.639,19.386,31.262,7.057,0.714,6.343,6.335,0.000,0.000,0.375,0.000,20.0,
17.11.2025,13:27:55.179,21.750,26.257,18.774,3.034,250.0,250.0,83.057,45.880,8.886,74.595,51.506,31.933,19.573,31.545,116.979,33.358,83.621,6.802,0.000,0.000,0.000,0.000,20.0,
17.11.2025,13:27:56.186,21.750,25.359,17.963,3.009,250.0,250.0,79.749,25.985,8.960,76.348,52.636,32.633,20.003,32.245,15.319,2.104,13.215,6.386,0.000,0.000,0.000,0.000,20.0,
17.11.2025,13:27:57.186,19.032,25.103,17.632,3.040,250.0,250.0,80.152,23.839,8.986,74.422,51.478,31.925,19.553,31.536,7.069,0.717,6.352,6.352,0.000,0.000,0.000,0.000,20.0,
17.11.2025,13:27:58.185,32.625,27.765,20.273,3.057,250.0,250.0,83.451,25.411,8.976,58.494,41.685,25.848,15.837,25.531,7.449,0.851,6.598,62.842,0.000,0.000,0.000,0.000,20.0,
17.11.2025,13:27:59.187,12.235,28.849,21.314,3.072,250.0,250.0,79.926,23.790,8.995,74.196,51.366,31.850,19.516,31.462,7.079,0.727,6.352,6.352,0.000,0.000,0.000,0.000,20.0,
17.11.2025,13:28:0.186,16.313,27.044,19.572,3.037,250.0,250.0,83.358,23.871,8.975,74.595,51.593,31.989,19.604,31.600,7.022,0.712,6.310,6.310,0.000,0.000,0.000,0.000,20.0,
17.11.2025,13:28:1.183,23.110,27.583,20.087,3.089,250.0,250.0,79.613,29.255,8.975,73.407,50.849,31.530,19.319,31.142,35.471,4.708,30.763,6.386,0.000,0.000,0.000,2.375,20.0,
17.11.2025,13:28:2.187,23.110,30.869,23.272,3.145,250.0,250.0,79.903,23.509,8.856,73.344,50.726,31.456,19.270,31.080,7.023,0.713,6.310,6.310,0.000,0.000,0.000,0.000,20.0,
17.11.2025,13:28:3.182,23.110,27.098,19.584,3.073,250.0,250.0,82.123,47.460,8.927,74.465,51.496,31.935,19.561,31.546,125.078,34.617,90.461,6.514,0.000,0.000,0.000,0.000,20.0,
17.11.2025,13:28:4.185,24.469,25.916,18.401,3.070,250.0,250.0,79.396,23.554,8.839,73.482,50.810,31.501,19.309,31.124,7.067,0.715,6.352,6.343,0.000,0.000,0.000,0.000,20.0,
17.11.2025,13:28:5.179,19.032,26.700,19.126,3.094,250.0,250.0,78.506,22.503,9.034,69.270,48.350,29.980,18.370,29.616,7.039,0.712,6.327,6.335,0.000,0.000,0.000,0.000,20.0,
17.11.2025,13:28:6.183,19.032,23.840,16.377,3.046,250.0,250.0,77.234,22.045,9.009,67.548,47.267,29.311,17.956,28.958,7.039,0.712,6.327,6.318,0.000,0.000,0.125,0.000,20.0,
17.11.2025,13:28:7.185,28.547,25.399,17.929,3.016,250.0,250.0,77.666,35.894,8.970,72.180,50.073,31.042,19.031,30.666,7.022,0.712,6.310,132.934,0.000,0.000,0.000,0.000,20.0,
17.11.2025,13:28:8.185,20.391,26.002,18.578,3.016,250.0,250.0,79.962,23.532,8.878,68.995,48.080,29.816,18.264,29.464,12.710,1.402,11.308,6.403,0.000,0.000,0.000,0.000,20.0,
17.11.2025,13:28:9.183,13.594,25.823,18.327,3.042,250.0,250.0,77.007,22.317,8.952,68.621,47.902,29.697,18.205,29.344,7.059,0.724,6.335,6.335,0.001,0.000,0.000,0.000,20.0,
17.11.2025,13:28:10.185,17.672,28.637,21.207,3.003,250.0,250.0,74.484,22.189,8.939,68.205,47.630,29.536,18.094,29.184,6.994,0.709,6.285,6.310,0.000,0.000,0.000,0.000,20.0,
17.11.2025,13:28:11.186,20.391,26.024,18.615,2.989,250.0,250.0,74.080,22.203,8.951,68.214,47.647,29.539,18.108,29.187,7.023,0.713,6.310,6.335,0.000,0.000,0.000,0.000,20.0,
17.11.2025,13:28:12.185,23.110,26.084,18.707,2.977,250.0,250.0,73.643,22.143,8.987,67.948,47.500,29.446,18.054,29.093,7.034,0.724,6.310,6.335,0.000,0.000,0.000,0.000,20.0,
17.11.2025,13:28:13.187,23.110,26.131,18.625,3.057,250.0,250.0,60.712,13.380,9.023,34.341,26.902,16.681,10.221,16.473,6.953,0.703,6.250,6.250,0.000,0.000,0.000,0.000,20.0,
17.11.2025,13:28:14.186,17.672,25.426,17.918,3.096,250.0,250.0,83.088,47.474,9.107,74.209,51.436,31.892,19.544,31.503,125.270,34.740,90.530,6.514,0.000,0.000,0.000,0.000,20.0,
17.11.2025,13:28:15.186,20.391,27.364,19.897,3.059,250.0,250.0,79.390,23.720,9.034,73.926,51.209,31.754,19.455,31.365,7.058,0.715,6.343,6.343,0.000,0.000,0.000,0.000,20.0,
17.11.2025,13:28:16.184,25.829,25.577,18.059,3.056,250.0,250.0,79.186,23.960,8.951,74.906,51.780,32.101,19.679,31.712,7.066,0.723,6.343,6.343,0.000,0.000,0.000,2.500,20.0,
17.11.2025,13:28:17.186,19.032,28.663,21.174,3.069,250.0,250.0,81.647,31.549,8.901,59.078,41.989,26.035,15.954,25.731,7.311,0.738,6.573,123.178,0.000,0.000,0.000,0.000,20.0,
17.11.2025,13:28:18.182,20.391,25.459,17.991,3.023,250.0,250.0,79.760,41.689,8.949,73.207,50.701,31.444,19.257,31.067,97.865,30.789,67.076,6.530,0.000,0.000,0.000,0.000,20.0,
17.11.2025,13:28:19.186,21.750,27.650,20.092,3.100,250.0,250.0,78.944,23.470,8.925,73.014,50.565,31.357,19.208,30.981,7.146,0.781,6.365,6.361,0.001,0.000,0.000,0.000,20.0,
17.11.2025,13:28:20.185,17.672,26.016,18.550,3.057,250.0,250.0,79.505,23.512,8.916,73.278,50.742,31.461,19.281,31.084,7.022,0.712,6.310,6.310,0.000,0.000,0.000,0.000,20.0,
17.11.2025,13:28:21.185,21.750,26.990,19.498,3.069,250.0,250.0,82.780,14.467,8.894,38.077,29.126,18.062,11.064,17.842,7.456,0.764,6.692,6.692,0.000,0.000,0.000,0.000,20.0,
17.11.2025,13:28:22.179,23.110,27.479,19.971,3.055,250.0,250.0,80.039,23.701,9.052,73.668,51.051,31.659,19.392,31.282,7.263,0.837,6.426,6.378,0.000,0.000,0.000,0.000,20.0,
17.11.2025,13:28:23.187,16.313,29.780,22.304,3.042,250.0,250.0,79.912,23.785,8.939,74.308,51.387,31.868,19.519,31.479,7.022,0.712,6.310,6.310,0.000,0.000,0.000,0.000,20.0,
17.11.2025,13:28:24.186,16.313,24.961,17.488,3.073,250.0,250.0,82.710,23.690,8.980,73.712,51.049,31.654,19.395,31.277,7.212,0.796,6.416,6.412,0.000,0.000,0.000,0.000,20.0,
17.11.2025,13:28:25.185,16.313,26.018,18.543,3.046,250.0,250.0,79.009,23.806,8.939,74.378,51.422,31.884,19.538,31.495,7.039,0.712,6.327,6.327,0.000,0.000,0.000,0.000,20.0,
17.11.2025,13:28:26.184,17.672,26.947,19.485,3.032,250.0,250.0,83.051,34.924,8.879,74.116,51.232,31.765,19.467,31.376,62.969,9.819,53.150,6.471,0.000,0.000,0.000,0.000,20.0,
17.11.2025,13:28:27.181,17.672,26.998,19.464,3.061,250.0,250.0,79.674,23.432,8.893,72.936,50.500,31.321,19.179,30.944,7.098,0.766,6.332,6.352,0.000,0.000,0.000,0.000,20.0,
17.11.2025,13:28:28.179,25.829,25.562,18.107,3.035,250.0,250.0,78.687,23.698,8.928,73.942,51.146,31.716,19.430,31.327,7.076,0.766,6.310,6.343,0.000,0.000,0.000,0.375,20.0,
17.11.2025,13:28:29.186,21.750,27.492,20.050,3.036,250.0,250.0,82.120,47.836,9.000,75.614,52.219,32.386,19.833,31.997,125.278,34.649,90.629,6.751,0.000,0.000,0.000,0.000,20.0,
17.11.2025,13:28:30.187,20.391,24.905,17.384,3.051,250.0,250.0,78.727,24.013,8.950,75.078,51.876,32.166,19.710,31.777,7.107,0.768,6.339,6.361,0.000,0.000,0.000,0.375,20.0,
17.11.2025,13:28:31.186,16.313,27.017,19.565,3.049,250.0,250.0,82.388,23.708,8.877,73.660,50.948,31.592,19.356,31.215,7.566,0.764,6.802,6.302,0.000,0.000,0.000,0.000,20.0,
17.11.2025,13:28:32.185,20.391,27.483,20.010,3.039,250.0,250.0,79.976,47.443,8.844,74.214,51.282,31.797,19.485,31.420,125.365,34.677,90.688,6.658,0.001,0.000,0.000,0.000,20.0,
17.11.2025,13:28:33.186,27.188,25.027,17.536,3.033,250.0,250.0,78.491,23.469,8.926,73.002,50.575,31.364,19.211,30.975,7.138,0.782,6.356,6.361,0.000,0.000,0.000,0.000,20.0,
17.11.2025,13:28:34.184,20.391,25.812,18.389,3.043,250.0,250.0,82.267,22.134,8.928,67.643,47.297,29.322,17.975,28.970,7.446,0.754,6.692,6.310,0.000,0.000,0.000,0.000,20.0,
17.11.2025,13:28:35.183,23.110,24.836,17.316,3.041,250.0,250.0,78.746,33.335,8.938,73.002,50.563,31.356,19.207,30.979,56.411,8.147,48.264,6.480,0.000,0.000,0.000,0.000,20.0,
17.11.2025,13:28:36.184,17.672,26.972,19.520,3.037,250.0,250.0,78.667,23.497,9.001,73.079,50.667,31.411,19.256,31.034,7.082,0.721,6.361,6.361,0.000,0.000,0.000,2.375,20.0,
17.11.2025,13:28:37.183,23.110,25.917,18.456,3.047,250.0,250.0,82.748,45.965,9.025,74.382,51.475,31.918,19.557,31.542,117.557,33.474,84.083,6.633,0.000,0.000,0.000,0.000,20.0,
17.11.2025,13:28:38.187,14.953,26.727,19.208,3.060,250.0,250.0,79.591,23.917,8.965,74.715,51.668,32.034,19.634,31.645,7.078,0.726,6.352,6.352,0.000,0.000,0.000,0.000,20.0,
17.11.2025,13:28:39.185,23.110,26.898,19.377,3.057,250.0,250.0,82.592,23.592,8.867,73.654,50.921,31.578,19.343,31.202,7.023,0.713,6.310,6.310,0.000,0.000,0.000,0.000,20.0,
17.11.2025,13:28:40.186,21.750,26.749,19.256,3.053,250.0,250.0,79.203,25.144,8.892,73.518,50.876,31.547,19.329,31.170,14.842,1.973,12.869,6.420,0.000,0.000,0.000,0.000,20.0,
17.11.2025,13:28:41.186,21.750,25.438,17.990,3.032,250.0,250.0,78.776,23.726,8.905,74.073,51.233,31.768,19.465,31.379,7.050,0.715,6.335,6.335,0.000,0.000,2.125,0.000,20.0,
17.11.2025,13:28:42.186,23.110,25.930,18.434,3.054,250.0,250.0,81.998,47.146,8.903,73.405,50.793,31.497,19.296,31.120,124.982,34.508,90.474,6.480,0.000,0.000,0.000,0.000,20.0,
17.11.2025,13:28:43.187,17.672,25.334,17.838,3.064,250.0,250.0,78.835,23.652,8.944,73.577,50.940,31.585,19.355,31.196,7.259,0.812,6.447,6.403,0.000,0.000,0.000,0.000,20.0,
17.11.2025,13:28:44.187,24.469,26.904,19.387,3.067,250.0,250.0,79.247,24.135,8.891,75.635,52.193,32.356,19.837,31.967,7.062,0.727,6.335,6.343,0.000,0.000,0.000,0.000,20.0,
17.11.2025,13:28:45.185,19.032,26.314,18.820,3.059,250.0,250.0,82.711,28.346,8.924,71.893,49.904,30.944,18.960,30.567,32.780,10.166,22.614,6.709,0.000,0.000,0.000,0.000,20.0,
17.11.2025,13:28:46.185,24.469,25.092,17.656,3.007,250.0,250.0,76.354,23.881,8.976,74.441,51.481,31.927,19.554,31.538,7.247,0.809,6.438,6.403,0.000,0.000,0.375,0.000,20.0,
17.11.2025,13:28:47.186,17.672,26.658,19.125,3.063,250.0,250.0,83.253,23.704,8.881,74.023,51.162,31.730,19.432,31.342,7.061,0.726,6.335,6.343,0.000,0.000,0.000,0.000,20.0,
17.11.2025,13:28:48.186,21.750,26.654,19.167,3.051,250.0,250.0,83.293,43.390,8.917,74.079,51.230,31.771,19.459,31.382,105.188,31.967,73.221,6.683,0.000,0.000,0.000,0.000,20.0,
17.11.2025,13:28:49.180,21.750,26.654,19.167,3.051,250.0,250.0,79.368,36.901,8.895,75.025,51.796,32.121,19.675,31.732,71.662,12.841,58.821,6.446,0.000,0.000,0.000,0.000,20.0,
17.11.2025,13:28:50.186,33.985,24.826,17.323,3.067,250.0,250.0,79.561,23.627,9.063,73.513,50.984,31.614,19.370,31.225,7.072,0.729,6.343,6.361,0.000,0.000,0.000,0.000,20.0,
17.11.2025,13:28:51.193,21.750,33.559,25.481,3.584,250.0,250.0,82.720,24.141,8.935,75.632,52.217,32.386,19.831,31.997,7.040,0.713,6.327,6.335,0.000,0.000,0.000,0.000,20.0,
17.11.2025,13:28:52.186,16.313,26.847,19.088,3.247,250.0,250.0,80.170,46.053,8.918,75.147,51.898,32.180,19.718,31.791,117.123,33.389,83.734,6.633,0.000,0.000,0.000,0.000,20.0,
17.11.2025,13:28:53.187,17.672,26.726,19.272,3.054,250.0,250.0,79.119,23.665,8.872,73.871,51.072,31.670,19.402,31.281,7.070,0.727,6.343,6.343,0.000,0.000,0.000,0.000,20.0,
17.11.2025,13:28:54.186,17.672,25.444,17.970,3.035,250.0,250.0,83.157,25.071,8.834,53.294,38.426,23.823,14.603,23.531,40.664,14.468,26.196,6.873,0.000,0.000,0.000,0.000,20.0,
17.11.2025,13:28:55.180,21.750,28.975,21.449,3.070,250.0,250.0,79.589,32.024,8.918,74.679,51.594,31.990,19.604,31.613,47.721,6.357,41.364,6.403,0.000,0.000,0.000,0.000,20.0,
17.11.2025,13:28:56.180,17.672,25.868,18.406,3.054,250.0,250.0,79.631,24.156,8.919,75.684,52.227,32.387,19.840,31.986,7.089,0.745,6.344,6.343,0.001,0.000,0.000,0.000,20.0,
17.11.2025,13:28:57.178,17.672,26.433,18.943,3.070,250.0,250.0,83.223,32.989,8.860,53.410,38.510,23.878,14.632,23.598,36.207,12.138,24.069,94.585,0.000,0.000,0.000,0.000,20.0,
17.11.2025,13:28:58.179,13.594,25.895,18.438,3.026,250.0,250.0,79.367,23.988,8.932,74.792,51.674,32.043,19.631,31.654,7.360,0.873,6.487,6.438,0.000,0.000,0.000,0.000,20.0,
17.11.2025,13:28:59.185,20.391,26.671,19.148,3.079,250.0,250.0,82.428,24.054,9.037,75.132,51.940,32.217,19.723,31.828,7.168,0.838,6.330,6.327,0.000,0.000,0.000,0.000,20.0,
17.11.2025,13:29:0.186,19.032,26.999,19.496,3.033,250.0,250.0,79.887,17.970,8.945,51.563,37.435,23.222,14.213,22.942,7.399,0.817,6.582,6.582,0.000,0.000,0.000,0.000,20.0,
17.11.2025,13:29:1.186,17.672,24.674,17.237,3.039,250.0,250.0,82.695,23.968,8.867,74.885,51.693,32.049,19.644,31.660,7.245,0.847,6.398,6.394,0.000,0.000,0.000,0.000,20.0,
17.11.2025,13:29:2.186,19.032,26.050,18.535,3.037,250.0,250.0,79.102,23.770,8.831,74.326,51.329,31.826,19.503,31.449,7.050,0.715,6.335,6.335,0.000,0.000,0.000,0.000,20.0,
17.11.2025,13:29:3.182,14.953,23.986,16.512,3.042,250.0,250.0,80.897,47.461,8.829,52.238,37.755,23.405,14.350,23.125,52.241,18.854,33.387,210.422,0.000,0.000,0.000,0.000,20.0,
17.11.2025,13:29:4.183,23.110,26.089,18.663,3.025,250.0,250.0,81.720,23.637,8.891,73.668,50.957,31.598,19.359,31.221,7.137,0.773,6.364,6.403,0.000,0.000,0.000,0.000,20.0,
17.11.2025,13:29:5.185,21.750,24.670,17.216,3.040,250.0,250.0,79.233,24.006,8.866,75.105,51.843,32.143,19.700,31.754,7.136,0.798,6.338,6.378,0.000,0.000,0.000,0.000,20.0,
17.11.2025,13:29:6.182,16.313,24.106,16.586,3.040,250.0,250.0,83.218,47.673,8.929,75.256,51.968,32.227,19.741,31.838,125.101,34.536,90.565,6.573,0.000,0.000,0.000,0.000,20.0,
17.11.2025,13:29:7.182,17.672,26.436,18.937,3.041,250.0,250.0,76.477,22.758,8.926,70.344,48.949,30.347,18.602,29.982,7.050,0.715,6.335,6.335,0.000,0.000,1.125,0.000,20.0,
17.11.2025,13:29:8.187,17.672,25.385,17.923,3.035,250.0,250.0,77.523,22.288,8.890,68.599,47.851,29.671,18.180,29.319,7.031,0.713,6.318,6.310,0.000,0.000,0.000,0.000,20.0,
17.11.2025,13:29:9.179,17.672,26.589,19.141,2.993,250.0,250.0,80.206,32.470,8.888,69.652,48.490,30.066,18.424,29.702,56.522,9.343,47.179,6.438,0.000,0.000,0.000,0.000,20.0,
17.11.2025,13:29:10.181,14.953,25.970,18.589,2.967,250.0,250.0,77.174,22.221,8.803,68.335,47.644,29.542,18.102,29.178,7.110,0.724,6.386,6.386,0.000,0.000,0.000,0.000,20.0,
17.11.2025,13:29:11.186,17.672,25.983,18.600,2.994,250.0,250.0,77.433,14.326,8.817,37.962,29.011,17.985,11.026,17.778,7.192,0.754,6.438,6.293,0.000,0.000,0.000,0.000,20.0,
17.11.2025,13:29:12.186,20.391,25.332,17.912,2.966,250.0,250.0,70.960,22.163,8.913,68.142,47.575,29.500,18.075,29.135,6.995,0.710,6.285,6.302,0.000,0.000,0.000,0.000,20.0,
17.11.2025,13:29:13.187,16.313,26.451,19.083,2.967,250.0,250.0,74.067,22.677,8.974,70.041,48.786,30.247,18.539,29.882,6.995,0.710,6.285,6.310,0.000,0.000,0.000,0.125,20.0,
17.11.2025,13:29:14.193,17.672,24.708,17.309,2.957,250.0,250.0,72.416,13.519,8.852,34.994,27.198,16.866,10.332,16.671,7.021,0.728,6.293,6.234,0.000,0.000,0.000,0.000,20.0,
17.11.2025,13:29:15.185,17.672,24.127,16.741,2.996,250.0,250.0,67.596,24.250,8.853,75.799,52.258,32.404,19.854,32.015,7.500,0.797,6.703,6.318,0.001,0.000,0.000,0.000,20.0,
17.11.2025,13:29:16.186,16.313,24.284,16.748,3.117,250.0,250.0,83.027,23.665,8.855,73.827,51.041,31.646,19.395,31.269,7.116,0.769,6.347,6.386,0.000,0.000,0.000,0.000,20.0,
17.11.2025,13:29:17.186,16.313,25.432,17.908,3.064,250.0,250.0,79.468,23.965,8.831,74.990,51.750,32.086,19.664,31.697,7.153,0.834,6.319,6.327,0.000,0.000,0.000,0.000,20.0,
17.11.2025,13:29:18.186,23.110,25.557,18.098,3.047,250.0,250.0,83.834,47.302,8.880,74.012,51.166,31.728,19.438,31.351,124.936,34.650,90.286,6.573,0.000,0.000,0.000,0.000,20.0,
17.11.2025,13:29:19.178,17.672,28.434,20.837,3.116,250.0,250.0,80.311,23.901,8.941,74.622,51.567,31.976,19.591,31.599,7.176,0.846,6.330,6.361,0.000,0.000,0.000,0.000,20.0,
17.11.2025,13:29:20.185,16.313,26.088,18.585,3.064,250.0,250.0,83.717,46.862,8.927,72.278,50.115,31.073,19.042,30.696,124.953,34.653,90.300,6.582,0.000,0.000,0.000,0.000,20.0,
17.11.2025,13:29:21.186,23.110,25.876,18.341,3.087,250.0,250.0,80.144,46.862,9.037,74.412,51.517,31.941,19.576,31.564,7.168,0.778,6.390,6.386,0.000,0.000,0.000,0.000,20.0,
17.11.2025,13:29:22.187,19.032,26.988,19.449,3.108,250.0,250.0,80.144,23.877,9.037,74.412,51.517,31.941,19.576,31.564,7.168,0.778,6.390,6.386,0.000,0.000,0.000,0.000,20.0,
17.11.2025,13:29:23.186,28.547,25.781,18.261,3.068,250.0,250.0,81.989,24.316,8.981,76.235,52.619,32.622,19.997,32.233,7.079,0.768,6.311,6.310,0.000,0.000,0.000,0.000,20.0,
17.11.2025,13:29:24.185,17.672,27.447,19.933,3.045,250.0,250.0,81.892,27.814,8.968,75.499,52.137,32.331,19.806,31.942,25.516,3.432,22.084,6.429,0.000,0.000,0.000,0.000,20.0,
17.11.2025,13:29:25.186,17.672,24.737,17.261,3.053,250.0,250.0,80.063,23.961,8.893,74.863,51.708,32.061,19.647,31.672,7.182,0.775,6.407,6.403,0.000,0.000,0.000,0.000,20.0,
17.11.2025,13:29:26.186,16.313,24.396,16.940,3.009,250.0,250.0,80.172,24.330,8.920,76.322,52.624,32.630,19.994,32.241,7.116,0.777,6.339,6.335,0.000,0.000,0.000,0.000,20.0,
17.11.2025,13:29:27.183,17.672,26.613,19.124,3.048,250.0,250.0,80.273,23.811,8.906,74.340,51.391,31.873,19.518,31.484,7.125,0.769,6.356,6.352,0.001,0.000,0.000,0.000,20.0,
17.11.2025,13:29:28.183,17.672,26.874,19.409,3.042,250.0,250.0,82.811,20.510,8.942,61.463,43.528,26.989,16.539,26.660,7.238,0.733,6.505,6.505,0.000,0.000,0.000,0.000,20.0,
17.11.2025,13:29:29.179,21.750,25.963,18.433,3.051,250.0,250.0,80.768,14.742,8.903,38.926,29.656,18.387,11.269,18.167,7.683,0.940,6.743,6.743,0.000,0.000,0.000,0.000,20.0,
17.11.2025,13:29:30.186,17.672,27.520,20.018,3.079,250.0,250.0,80.535,25.976,9.003,76.416,52.747,32.711,20.036,32.322,15.055,1.960,13.095,6.412,0.000,0.001,0.000,0.000,20.0,
17.11.2025,13:29:31.179,13.594,25.705,18.210,3.053,250.0,250.0,79.736,24.017,8.988,75.064,51.880,32.176,19.704,31.787,7.108,0.769,6.339,6.352,0.000,0.000,0.000,0.000,20.0,
17.11.2025,13:29:32.180,25.829,25.692,18.202,3.054,250.0,250.0,83.369,15.379,8.882,41.905,31.459,19.505,11.954,19.273,7.257,0.735,6.522,6.302,0.001,0.000,0.000,0.000,20.0,
17.11.2025,13:29:33.186,17.672,26.621,19.119,3.072,250.0,250.0,79.488,35.965,8.918,74.628,51.569,31.984,19.585,31.595,67.308,24.561,42.747,6.751,0.000,0.000,0.000,0.000,20.0,
17.11.2025,13:29:34.186,17.672,26.247,18.759,3.039,250.0,250.0,79.291,24.130,8.943,75.422,52.079,32.288,19.791,31.899,7.240,0.824,6.416,6.403,0.000,0.000,0.000,0.000,20.0,
17.11.2025,13:29:35.185,19.032,28.004,20.517,3.056,250.0,250.0,80.630,24.107,8.941,75.462,52.094,32.295,19.799,31.906,7.109,0.770,6.339,6.352,0.000,0.000,0.000,0.000,20.0,
17.11.2025,13:29:36.182,16.313,27.414,19.911,3.057,250.0,250.0,83.465,35.975,8.956,73.164,50.716,31.446,19.270,31.069,69.203,25.534,43.669,6.726,0.000,0.000,0.000,2.375,20.0,
17.11.2025,13:29:37.186,14.953,26.675,19.192,3.044,250.0,250.0,80.098,23.763,8.976,74.081,51.267,31.788,19.479,31.399,7.140,0.784,6.356,6.361,0.000,0.000,0.000,0.000,20.0,
17.11.2025,13:29:38.185,14.953,25.739,18.293,3.048,250.0,250.0,80.172,23.926,8.903,74.843,51.684,32.050,19.634,31.661,7.076,0.755,6.321,6.335,0.000,0.000,0.000,2.375,20.0,
17.11.2025,13:29:39.187,24.469,24.242,16.715,3.054,250.0,250.0,82.096,87.939,8.879,69.649,48.488,30.063,18.425,29.710,117.178,33.390,83.788,439.818,0.000,0.000,0.000,0.000,20.0,
17.11.2025,13:29:40.186,31.266,25.363,17.911,3.049,250.0,250.0,79.843,24.030,8.878,75.240,51.922,32.200,19.722,31.811,7.081,0.720,6.361,6.361,0.000,0.000,0.000,0.000,20.0,
17.11.2025,13:29:41.187,17.672,27.984,20.475,3.032,250.0,250.0,81.100,23.995,8.866,75.131,51.856,32.164,19.692,31.775,7.062,0.719,6.343,6.343,0.000,0.000,0.000,0.000,20.0,
17.11.2025,13:29:42.180,17.672,24.584,17.105,3.040,250.0,250.0,82.805,86.604,8.947,69.720,48.582,30.119,18.463,29.754,103.385,31.585,71.800,453.689,0.000,0.000,0.000,0.000,20.0,
17.11.2025,13:29:43.182,16.313,25.916,18.444,3.069,250.0,250.0,80.726,23.909,8.925,74.716,51.648,32.030,19.618,31.641,7.079,0.727,6.352,6.352,0.000,0.000,0.000,0.000,20.0,
17.11.2025,13:29:44.182,24.469,25.236,17.771,3.037,250.0,250.0,80.948,24.139,8.888,75.659,52.200,32.370,19.830,31.969,7.063,0.720,6.343,6.343,0.000,0.000,0.000,0.000,20.0,
17.11.2025,13:29:45.185,21.750,28.190,20.641,3.074,250.0,250.0,82.435,23.983,9.021,74.968,51.843,32.156,19.687,31.767,7.032,0.714,6.318,6.318,0.000,0.000,0.000,0.000,20.0,
17.11.2025,13:29:46.186,21.750,26.138,18.709,3.040,250.0,250.0,80.562,23.515,9.024,73.179,50.752,31.473,19.279,31.084,7.022,0.712,6.310,6.310,0.000,0.000,0.000,0.000,20.0,
17.11.2025,13:29:47.186,25.829,25.907,18.399,3.044,250.0,250.0,79.586,47.147,8.952,73.365,50.814,31.509,19.305,31.132,124.963,34.543,90.420,6.463,0.000,0.000,0.000,0.000,20.0,
17.11.2025,13:29:48.183,23.110,23.893,16.409,3.049,250.0,250.0,79.550,37.232,8.914,70.123,48.813,30.268,18.545,29.903,79.483,28.088,51.395,6.786,0.000,0.000,0.000,0.000,20.0,
17.11.2025,13:29:49.187,20.391,24.049,16.601,3.054,250.0,250.0,79.735,32.126,8.892,74.987,51.775,32.110,19.665,31.721,47.826,6.319,41.507,6.463,0.000,0.000,0.875,0.000,20.0,
17.11.2025,13:29:50.181,14.953,24.878,17.437,3.032,250.0,250.0,83.056,23.869,8.991,74.521,51.553,31.966,19.587,31.577,7.063,0.728,6.335,6.369,0.000,0.000,0.000,0.000,20.0,
17.11.2025,13:29:51.186,23.110,27.517,19.816,3.213,250.0,250.0,78.706,24.063,8.869,75.356,51.988,32.240,19.748,31.851,7.103,0.767,6.336,6.369,0.000,0.000,0.000,0.000,20.0,
17.11.2025,13:29:52.187,17.672,30.584,22.506,3.588,250.0,250.0,80.547,23.747,8.916,74.149,51.273,31.792,19.481,31.403,7.055,0.720,6.335,6.343,0.000,0.000,0.000,0.000,20.0,
17.11.2025,13:29:53.186,14.953,25.975,18.453,3.084,250.0,250.0,80.040,75.186,8.997,64.692,45.505,28.225,17.280,27.884,56.236,20.430,35.806,446.809,0.000,0.000,0.000,0.000,20.0,
17.11.2025,13:29:54.180,24.469,25.645,18.169,3.036,250.0,250.0,80.392,23.883,9.023,74.455,51.519,31.944,19.575,31.567,7.164,0.799,6.365,6.420,0.000,0.000,0.000,0.000,20.0,
17.11.2025,13:29:55.182,17.672,25.970,18.456,3.078,250.0,250.0,83.074,38.415,8.905,75.970,52.369,32.479,19.890,32.090,77.713,27.829,49.884,7.018,0.000,0.000,0.000,0.000,20.0,
17.11.2025,13:29:56.179,17.672,25.238,17.729,3.055,250.0,250.0,80.555,23.971,8.819,75.086,51.792,32.118,19.674,31.729,7.069,0.717,6.352,6.352,0.001,0.000,0.000,2.500,20.0,
17.11.2025,13:29:57.179,16.313,27.096,19.599,3.062,250.0,250.0,83.200,27.195,8.830,75.529,52.076,32.283,19.793,31.895,22.540,3.050,19.490,6.463,0.000,0.000,0.000,0.000,20.0,
17.11.2025,13:29:58.185,19.032,25.990,18.503,3.043,250.0,250.0,79.834,24.040,8.846,75.238,51.907,32.178,19.729,31.789,7.165,0.783,6.382,6.378,0.000,0.000,0.000,0.000,20.0,
17.11.2025,13:29:59.187,21.750,26.871,19.456,3.017,250.0,250.0,80.145,21.946,8.966,67.147,47.031,29.156,17.875,28.803,7.066,0.714,6.352,6.352,0.000,0.000,0.000,0.000,20.0,
17.11.2025,13:30:0.184,28.547,26.630,19.161,3.031,250.0,250.0,80.147,23.806,8.929,74.271,51.344,31.839,19.505,31.463,7.171,0.798,6.373,6.369,0.000,0.000,0.000,0.000,20.0,
17.11.2025,13:30:1.186,43.501,27.609,20.136,3.029,250.0,250.0,82.847,37.253,8.865,51.203,37.143,23.033,14.110,22.753,7.660,0.909,6.751,200.102,0.000,0.000,0.000,0.000,20.0,
17.11.2025,13:30:2.186,9.516,26.953,19.482,3.013,250.0,250.0,79.575,23.819,8.855,74.415,51.398,31.872,19.526,31.483,7.140,0.778,6.362,6.361,0.000,0.000,0.000,0.000,20.0,
17.11.2025,13:30:3.187,14.953,28.868,21.341,3.054,250.0,250.0,83.830,20.227,8.869,57.890,41.259,25.583,15.676,25.278,7.752,0.932,6.820,12.212,0.000,0.000,0.000,0.000,20.0,
17.11.2025,13:30:4.185,17.672,27.423,19.944,3.036,250.0,250.0,81.634,23.854,8.896,74.533,51.524,31.949,19.575,31.572,7.067,0.715,6.352,6.352,0.000,0.000,0.000,0.000,20.0,
17.11.2025,13:30:5.186,21.750,25.343,17.886,3.039,250.0,250.0,79.518,23.773,8.939,74.187,51.318,31.821,19.497,31.432,7.099,0.764,6.335,6.335,0.000,0.000,0.000,0.000,20.0,
17.11.2025,13:30:6.181,17.672,25.443,18.006,3.042,250.0,250.0,82.751,42.499,8.927,54.958,39.483,24.476,15.007,24.184,8.793,1.300,7.493,240.372,0.000,0.000,0.000,0.000,20.0,
17.11.2025,13:30:7.187,31.266,25.305,17.851,3.027,250.0,250.0,78.928,23.843,8.976,74.415,51.458,31.908,19.550,31.531,7.118,0.766,6.352,6.352,0.000,0.000,0.000,0.000,20.0,
17.11.2025,13:30:8.185,12.235,28.114,20.632,3.031,250.0,250.0,82.108,19.803,8.976,56.409,40.400,25.048,15.352,24.744,7.494,0.776,6.718,12.111,0.000,0.000,0.000,0.000,20.0,
17.11.2025,13:30:9.186,21.750,26.884,19.369,3.072,250.0,250.0,78.923,22.346,8.939,68.723,47.953,29.735,18.218,29.382,7.077,0.725,6.352,6.352,0.000,0.000,0.000,0.000,20.0,
17.11.2025,13:30:10.178,25.829,25.314,17.910,3.001,250.0,250.0,77.295,22.294,8.868,68.626,47.851,29.671,18.180,29.306,7.057,0.714,6.343,6.327,0.000,0.000,0.000,0.000,20.0,
17.11.2025,13:30:11.186,16.313,26.795,19.310,3.012,250.0,250.0,76.978,34.712,8.919,86.816,59.083,36.641,22.442,36.204,45.134,16.553,28.581,6.751,0.000,0.000,0.000,0.000,20.0,
17.11.2025,13:30:12.183,21.750,24.960,17.485,3.035,250.0,250.0,80.855,22.259,8.878,68.468,47.754,29.615,18.139,29.251,7.067,0.715,6.352,6.352,0.000,0.000,0.125,0.000,20.0,
17.11.2025,13:30:13.184,17.672,25.047,17.620,3.018,250.0,250.0,79.749,19.476,8.838,57.461,40.959,25.392,15.567,25.088,7.431,0.773,6.658,6.590,0.000,0.000,0.000,0.000,20.0,
17.11.2025,13:30:14.183,23.110,25.256,17.712,3.056,250.0,250.0,73.035,22.091,8.826,67.938,47.399,29.392,18.007,29.028,7.002,0.709,6.293,6.318,0.000,0.000,0.000,0.000,20.0,
17.11.2025,13:30:15.184,17.672,26.126,18.679,3.024,250.0,250.0,70.839,22.114,8.853,67.964,47.430,29.411,18.019,29.058,7.034,0.724,6.310,6.335,0.000,0.000,0.000,0.000,20.0,
17.11.2025,13:30:16.186,27.188,25.829,18.413,3.011,250.0,250.0,73.247,22.019,8.843,67.602,47.208,29.271,17.937,28.919,7.039,0.712,6.327,6.335,0.000,0.000,0.000,0.000,20.0,
17.11.2025,13:30:17.179,20.391,26.697,19.217,3.069,250.0,250.0,78.381,47.320,8.877,73.897,51.069,31.669,19.400,31.293,125.248,34.596,90.652,6.497,0.000,0.000,0.000,0.000,20.0,
17.11.2025,13:30:18.186,20.391,26.954,19.471,3.046,250.0,250.0,79.434,23.190,8.844,72.022,49.916,30.951,18.965,30.586,7.129,0.782,6.347,6.361,0.000,0.000,0.000,0.000,20.0,
17.11.2025,13:30:19.183,27.188,27.592,20.052,3.100,250.0,250.0,82.174,37.969,8.817,67.634,47.204,29.273,17.931,28.920,85.175,29.314,55.861,9.566,0.000,0.000,0.000,0.000,20.0,
17.11.2025,13:30:20.185,21.750,25.823,18.325,3.029,250.0,250.0,78.952,23.715,8.794,74.074,51.132,31.707,19.425,31.331,7.150,0.764,6.386,6.386,0.000,0.000,0.000,0.000,20.0,
17.11.2025,13:30:21.184,20.391,27.952,20.443,3.100,250.0,250.0,78.832,23.500,8.815,73.323,50.681,31.431,19.250,31.054,7.054,0.719,6.335,6.335,0.000,0.000,0.000,0.000,20.0,
17.11.2025,13:30:22.180,17.672,26.654,19.168,3.036,250.0,250.0,81.603,23.165,8.856,71.880,49.836,30.898,18.938,30.534,7.146,0.726,6.420,6.420,0.000,0.000,0.000,0.000,20.0,
17.11.2025,13:30:23.186,20.391,26.434,18.911,3.054,250.0,250.0,80.974,23.732,8.927,74.116,51.254,31.783,19.471,31.407,7.024,0.714,6.310,6.310,0.000,0.000,0.000,0.000,20.0,
17.11.2025,13:30:24.181,20.391,27.125,19.618,3.055,250.0,250.0,79.492,23.509,8.855,73.241,50.661,31.417,19.244,31.041,7.116,0.722,6.394,6.394,0.000,0.000,0.000,0.000,20.0,
17.11.2025,13:30:25.186,23.110,24.435,16.950,3.043,250.0,250.0,80.900,22.869,8.833,70.844,49.219,30.521,18.698,30.144,7.049,0.714,6.335,6.335,0.000,0.000,0.000,0.000,20.0,
17.11.2025,13:30:26.185,21.750,28.214,20.741,3.067,250.0,250.0,80.006,23.636,8.830,73.764,50.984,31.616,19.368,31.227,7.100,0.731,6.369,6.369,0.000,0.000,0.000,0.000,20.0,
17.11.2025,13:30:27.186,21.750,27.717,20.237,3.048,250.0,250.0,78.888,23.664,8.829,73.932,51.074,31.672,19.402,31.296,7.049,0.714,6.335,6.335,0.000,0.000,0.000,0.000,20.0,
17.11.2025,13:30:28.183,25.829,27.622,20.098,3.064,250.0,250.0,82.647,23.725,8.903,73.984,51.162,31.726,19.436,31.349,7.138,0.726,6.412,6.412,0.000,0.000,0.000,0.000,20.0,
17.11.2025,13:30:29.186,20.391,26.374,18.876,3.048,250.0,250.0,79.888,23.531,8.891,73.355,50.765,31.477,19.288,31.100,7.051,0.716,6.335,6.335,0.000,0.000,0.000,0.000,20.0,
17.11.2025,13:30:30.186,27.188,25.685,18.211,3.035,250.0,250.0,82.232,47.250,9.037,73.468,50.939,31.585,19.354,31.196,125.145,34.535,90.610,6.633,0.000,0.000,0.000,0.000,20.0,
17.11.2025,13:30:31.178,19.032,24.816,17.339,3.039,250.0,250.0,79.017,47.295,9.002,73.673,51.030,31.641,19.389,31.252,125.215,34.610,90.605,6.530,0.000,0.000,0.000,0.000,20.0,
17.11.2025,13:30:32.178,20.391,26.073,18.562,3.052,250.0,250.0,80.594,23.537,8.989,73.276,50.784,31.494,19.290,31.105,7.049,0.714,6.335,6.335,0.000,0.000,0.000,0.000,20.0,
17.11.2025,13:30:33.187,23.110,26.445,18.953,3.080,250.0,250.0,82.674,23.769,8.831,74.122,51.207,31.752,19.455,31.363,7.265,0.788,6.477,6.429,0.000,0.000,0.000,0.000,20.0,
17.11.2025,13:30:34.186,28.547,26.488,18.961,3.083,250.0,250.0,81.430,23.940,8.822,75.009,51.739,32.086,19.653,31.697,7.035,0.717,6.318,6.327,0.000,0.000,0.000,0.000,20.0,
17.11.2025,13:30:35.186,28.547,26.823,19.320,3.073,250.0,250.0,80.294,45.141,8.857,71.710,49.720,30.826,18.894,30.450,117.158,33.446,83.712,6.633,0.000,0.000,0.000,0.000,20.0,
17.11.2025,13:30:36.186,28.547,26.823,19.320,3.073,250.0,250.0,80.439,23.653,8.988,73.736,51.062,31.668,19.394,31.279,7.032,0.714,6.318,6.335,0.000,0.000,0.000,0.000,20.0,
17.11.2025,13:30:37.186,25.829,27.118,19.613,3.062,250.0,250.0,81.046,23.572,8.956,73.302,50.775,31.479,19.296,31.102,7.197,0.769,6.428,6.412,0.000,0.000,0.000,0.000,20.0,
17.11.2025,13:30:38.185,17.672,26.652,19.118,3.078,250.0,250.0,79.007,23.695,8.955,73.924,51.143,31.709,19.434,31.333,7.051,0.716,6.335,6.352,0.000,0.000,0.000,0.000,20.0,
17.11.2025,13:30:39.184,29.907,26.178,18.700,3.066,250.0,250.0,80.054,33.425,8.931,74.312,51.381,31.860,19.521,31.471,55.157,7.705,47.452,6.463,0.000,0.000,0.000,0.000,20.0,
17.11.2025,13:30:40.185,23.110,26.274,18.731,3.087,250.0,250.0,79.739,23.757,8.940,74.179,51.303,31.812,19.491,31.423,7.041,0.714,6.327,6.335,0.000,0.000,0.000,0.500,20.0,
17.11.2025,13:30:41.180,17.672,24.930,17.433,3.063,250.0,250.0,82.777,23.855,8.854,74.558,51.484,31.921,19.563,31.544,7.120,0.734,6.386,6.386,0.000,0.000,0.000,0.000,20.0,
17.11.2025,13:30:42.186,29.907,25.329,17.871,3.066,250.0,250.0,82.623,23.632,8.872,73.777,51.014,31.634,19.380,31.257,7.032,0.714,6.318,6.318,0.000,0.000,0.000,0.000,20.0,
17.11.2025,13:30:43.186,28.547,27.242,19.712,3.056,250.0,250.0,79.240,23.460,8.831,72.942,50.492,31.312,19.180,30.923,7.269,0.841,6.428,6.386,0.000,0.000,0.000,0.000,20.0,
17.11.2025,13:30:44.180,20.391,27.932,20.438,3.062,250.0,250.0,82.223,22.050,8.918,67.527,47.220,29.286,17.934,28.933,7.136,0.724,6.412,6.412,0.000,0.000,0.000,0.000,20.0,
17.11.2025,13:30:45.186,17.672,26.628,19.113,3.048,250.0,250.0,79.731,47.663,8.882,75.310,51.990,32.233,19.757,31.844,125.083,34.712,90.371,6.446,0.000,0.000,0.000,0.000,20.0,
17.11.2025,13:30:46.186,27.188,27.222,19.761,3.058,250.0,250.0,79.652,23.833,8.932,74.455,51.480,31.916,19.564,31.527,7.057,0.714,6.343,6.343,0.000,0.000,0.000,0.000,20.0,
17.11.2025,13:30:47.186,17.672,27.490,19.987,3.035,250.0,250.0,82.987,25.849,8.834,76.041,52.400,32.497,19.903,32.108,15.127,1.976,13.151,6.454,0.000,0.000,0.125,0.000,20.0,
17.11.2025,13:30:48.185,16.313,26.083,18.559,3.070,250.0,250.0,80.028,23.978,8.857,75.089,51.824,32.142,19.682,31.753,7.051,0.716,6.335,6.335,0.000,0.000,0.125,0.000,20.0,
17.11.2025,13:30:49.186,17.672,26.589,19.098,3.053,250.0,250.0,82.244,25.522,8.804,74.844,51.630,32.015,19.615,31.627,15.134,1.974,13.160,6.412,0.000,0.000,0.000,0.000,20.0,
17.11.2025,13:30:50.186,23.110,26.180,18.689,3.060,250.0,250.0,79.126,51.104,8.845,74.785,51.629,32.013,19.616,31.624,7.024,0.714,6.310,278.475,0.000,0.000,0.000,0.000,20.0,
17.11.2025,13:30:51.185,13.594,25.264,17.776,3.041,250.0,250.0,82.158,23.727,8.842,74.056,51.182,31.735,19.447,31.358,7.128,0.734,6.394,6.394,0.000,0.000,0.125,2.375,20.0,
17.11.2025,13:30:52.191,36.704,27.586,20.138,3.035,250.0,250.0,78.793,23.607,8.930,73.607,50.931,31.584,19.347,31.207,7.059,0.716,6.343,6.343,0.000,0.000,0.000,0.000,20.0,
17.11.2025,13:30:53.179,24.469,29.556,21.726,3.343,250.0,250.0,82.174,47.322,9.065,73.916,51.204,31.754,19.450,31.377,124.967,34.545,90.422,6.522,0.000,0.000,0.000,0.000,20.0,
17.11.2025,13:30:54.186,25.829,32.278,24.290,3.435,250.0,250.0,78.863,23.692,8.938,73.912,51.130,31.701,19.429,31.324,7.067,0.724,6.343,6.352,0.000,0.000,0.000,0.000,20.0,
17.11.2025,13:30:55.185,16.313,27.043,19.596,3.038,250.0,250.0,82.083,27.442,8.882,74.393,51.391,31.863,19.528,31.486,25.220,3.307,21.913,6.438,0.000,0.000,0.000,0.000,20.0,
17.11.2025,13:30:56.185,17.672,23.921,16.454,3.019,250.0,250.0,78.990,23.375,8.842,72.792,50.384,31.236,19.148,30.859,7.061,0.726,6.335,6.369,0.000,0.000,1.250,0.000,20.0,
17.11.2025,13:30:57.186,21.750,28.045,20.553,3.017,250.0,250.0,81.996,53.497,8.865,52.493,37.938,23.527,14.411,23.235,7.258,0.736,6.522,359.980,0.000,0.000,0.000,0.000,20.0,
17.11.2025,13:30:58.187,19.032,26.056,18.602,3.032,250.0,250.0,79.020,23.500,8.963,73.112,50.653,31.408,19.245,31.031,7.094,0.733,6.361,6.403,0.000,0.000,0.000,0.000,20.0,
17.11.2025,13:30:59.186,17.672,26.333,18.883,3.011,250.0,250.0,78.557,23.534,9.000,73.271,50.773,31.487,19.286,31.110,7.040,0.713,6.327,6.335,0.000,0.000,0.000,0.000,20.0,
17.11.2025,13:31:0.186,21.750,24.295,16.845,3.046,250.0,250.0,82.430,23.830,8.996,74.318,51.447,31.896,19.551,31.507,7.094,0.733,6.361,6.394,0.000,0.000,0.000,0.000,20.0,
17.11.2025,13:31:1.186,24.469,26.792,19.264,3.042,250.0,250.0,80.408,22.059,8.962,67.613,47.308,29.334,17.974,28.981,7.050,0.715,6.335,6.318,0.000,0.000,0.000,0.000,20.0,
17.11.2025,13:31:2.186,19.032,27.368,19.857,3.059,250.0,250.0,82.568,36.994,8.936,71.343,49.558,30.726,18.832,30.349,76.768,27.503,49.265,6.658,0.000,0.000,2.250,0.000,20.0,
17.11.2025,13:31:3.187,24.469,24.957,17.511,3.007,250.0,250.0,78.310,23.167,8.922,71.940,49.898,30.934,18.964,30.558,7.057,0.714,6.343,6.343,0.000,0.000,0.000,0.000,20.0,
17.11.2025,13:31:4.183,17.672,26.428,18.999,3.035,250.0,250.0,78.310,23.167,8.922,71.940,49.898,30.934,18.964,30.558,7.057,0.714,6.343,6.343,0.000,0.000,0.000,0.000,20.0,
17.11.2025,13:31:5.184,25.829,26.699,19.211,3.033,250.0,250.0,82.275,24.401,8.978,73.782,51.087,31.675,19.412,31.286,10.672,1.319,9.353,6.446,0.000,0.000,0.000,0.000,20.0,
17.11.2025,13:31:6.182,23.110,28.351,20.844,3.058,250.0,250.0,79.229,23.764,8.902,74.224,51.318,31.822,19.496,31.445,7.049,0.714,6.335,6.335,0.000,0.000,0.000,0.000,20.0,
17.11.2025,13:31:7.183,20.391,26.854,19.412,3.018,250.0,250.0,81.595,46.796,8.905,72.039,49.962,30.986,18.976,30.610,125.003,34.708,90.295,6.480,0.000,0.000,2.125,0.000,20.0,
17.11.2025,13:31:8.185,24.469,27.763,20.243,3.054,250.0,250.0,78.497,23.752,8.954,74.085,51.259,31.786,19.473,31.397,7.112,0.769,6.343,6.343,0.000,0.000,0.000,0.000,20.0,
17.11.2025,13:31:9.183,17.672,24.895,17.463,3.046,250.0,250.0,82.337,37.978,8.963,67.252,47.063,29.179,17.884,28.826,84.706,28.989,55.717,11.198,0.000,0.000,0.000,0.000,20.0,
17.11.2025,13:31:10.187,14.953,26.661,19.198,3.018,250.0,250.0,79.456,24.246,8.954,75.983,52.426,32.508,19.918,32.107,7.113,0.769,6.344,6.343,0.000,0.000,0.000,0.000,20.0,
17.11.2025,13:31:11.186,23.110,27.779,20.261,3.038,250.0,250.0,78.285,21.862,8.840,66.983,46.819,29.025,17.794,28.672,7.068,0.716,6.352,6.352,0.000,0.000,0.000,0.000,20.0,
17.11.2025,13:31:12.186,23.110,24.942,17.567,2.990,250.0,250.0,76.156,22.030,8.856,67.645,47.238,29.299,17.939,28.946,7.031,0.713,6.318,6.318,0.001,0.000,0.000,0.000,20.0,
17.11.2025,13:31:13.180,19.032,27.014,19.573,3.002,250.0,250.0,79.885,49.293,8.893,88.454,60.087,37.251,22.836,36.801,116.052,32.918,83.134,6.505,0.000,0.000,0.000,0.000,20.0,
17.11.2025,13:31:14.180,21.750,26.923,19.511,2.959,250.0,250.0,77.239,22.202,9.035,68.019,47.583,29.501,18.082,29.148,7.126,0.723,6.403,6.403,0.000,0.000,0.000,0.000,20.0,
17.11.2025,13:31:15.181,20.391,25.517,18.145,2.969,250.0,250.0,73.952,22.263,8.963,68.419,47.794,29.637,18.157,29.273,7.036,0.718,6.318,6.318,0.000,0.000,0.000,0.000,20.0,
17.11.2025,13:31:16.181,19.032,24.067,16.696,2.933,250.0,250.0,73.591,21.849,9.035,66.716,46.769,28.995,17.774,28.642,7.095,0.726,6.369,6.369,0.001,0.000,0.000,0.000,20.0,
17.11.2025,13:31:17.193,16.313,26.255,18.877,2.953,250.0,250.0,73.594,13.871,8.937,35.594,27.626,17.135,10.491,16.928,7.615,0.846,6.769,6.769,0.000,0.000,0.000,0.000,20.0,
17.11.2025,13:31:18.180,23.110,26.063,18.618,3.036,250.0,250.0,65.914,14.687,8.976,39.407,30.003,18.603,11.400,18.371,6.937,0.703,6.234,6.234,0.000,0.000,0.000,0.000,20.0,
17.11.2025,13:31:19.180,20.391,28.201,20.595,3.104,250.0,250.0,71.211,24.180,8.913,75.738,52.255,32.402,19.853,32.001,7.141,0.802,6.339,6.352,0.000,0.000,0.000,0.000,20.0,
17.11.2025,13:31:20.185,17.672,25.898,18.477,3.022,250.0,250.0,83.074,74.375,8.866,62.418,44.045,27.303,16.742,26.974,37.815,13.210,24.605,481.774,0.000,0.000,0.000,0.000,20.0,
17.11.2025,13:31:21.185,19.032,26.105,18.636,3.030,250.0,250.0,79.166,23.920,8.943,74.705,51.627,32.020,19.607,31.631,7.151,0.785,6.366,6.361,0.000,0.000,0.000,0.000,20.0,
17.11.2025,13:31:22.186,19.032,24.850,17.382,3.034,250.0,250.0,79.726,23.856,8.987,74.397,51.475,31.918,19.557,31.529,7.181,0.766,6.415,6.335,0.001,0.000,0.000,0.000,20.0,
17.11.2025,13:31:23.186,16.313,27.642,20.213,3.035,250.0,250.0,81.792,34.603,8.847,54.975,39.444,24.460,14.984,24.168,19.290,4.838,14.452,140.567,0.000,0.000,0.000,0.000,20.0,
17.11.2025,13:31:24.184,21.750,25.587,18.159,3.010,250.0,250.0,78.776,24.034,8.962,75.147,51.906,32.186,19.720,31.798,7.128,0.771,6.357,6.361,0.000,0.000,0.000,0.000,20.0,
17.11.2025,13:31:25.186,21.750,27.444,19.923,3.047,250.0,250.0,79.241,23.911,8.969,74.664,51.603,32.006,19.597,31.618,7.153,0.763,6.390,6.343,0.000,0.000,0.000,0.000,20.0,
17.11.2025,13:31:26.185,28.547,26.471,19.063,2.998,250.0,250.0,79.686,34.428,8.909,74.683,51.600,31.995,19.605,31.607,59.724,8.807,50.917,6.429,0.000,0.000,0.000,0.000,20.0,
17.11.2025,13:31:27.185,29.907,26.762,19.309,3.028,250.0,250.0,79.676,23.763,8.915,74.217,51.315,31.820,19.495,31.431,7.049,0.714,6.335,6.335,0.000,0.000,0.000,0.000,20.0,
17.11.2025,13:31:28.187,24.469,26.694,19.232,3.009,250.0,250.0,81.965,25.485,8.839,74.646,51.527,31.946,19.581,31.557,15.171,1.992,13.179,6.412,0.000,0.000,0.375,0.000,20.0,
17.11.2025,13:31:29.186,17.672,23.786,16.313,3.042,250.0,250.0,82.350,23.291,8.853,72.496,50.213,31.139,19.074,30.762,7.030,0.712,6.318,6.318,0.000,0.000,0.000,0.000,20.0,
17.11.2025,13:31:30.185,19.032,25.155,17.732,3.000,250.0,250.0,79.013,23.636,8.911,73.673,50.963,31.603,19.360,31.227,7.120,0.734,6.386,6.386,0.000,0.000,0.000,0.000,20.0,
17.11.2025,13:31:31.188,14.953,25.483,18.022,2.996,250.0,250.0,78.729,23.514,8.939,73.129,50.635,31.404,19.231,31.027,7.206,0.802,6.404,6.361,0.000,0.000,0.000,0.000,20.0,
17.11.2025,13:31:32.181,19.032,25.325,17.942,2.996,250.0,250.0,82.274,24.274,8.951,76.031,52.479,32.542,19.937,32.141,7.164,0.828,6.336,6.335,0.001,0.000,0.000,0.000,20.0,
17.11.2025,13:31:33.178,17.672,25.596,18.085,3.035,250.0,250.0,79.867,47.524,8.955,74.752,51.667,32.045,19.622,31.656,125.049,34.446,90.603,6.446,0.000,0.000,0.000,0.000,20.0,
17.11.2025,13:31:34.186,32.625,25.769,18.342,3.007,250.0,250.0,79.410,23.636,8.943,73.646,50.977,31.615,19.362,31.226,7.114,0.753,6.361,6.361,0.000,0.000,0.000,0.000,20.0,
17.11.2025,13:31:35.185,19.032,26.686,19.269,3.040,250.0,250.0,81.219,46.051,8.942,75.101,51.883,32.165,19.718,31.776,117.235,33.459,83.776,6.454,0.000,0.000,0.000,0.000,20.0,
17.11.2025,13:31:36.185,28.547,25.920,18.424,3.028,250.0,250.0,78.898,23.889,8.915,74.657,51.580,31.981,19.599,31.604,7.086,0.725,6.361,6.378,0.000,0.000,0.000,0.000,20.0,
17.11.2025,13:31:37.186,17.672,24.912,17.470,3.023,250.0,250.0,82.384,45.773,8.978,75.313,52.052,32.270,19.782,31.881,115.437,31.118,84.319,6.582,0.000,0.000,0.000,0.000,20.0,
17.11.2025,13:31:38.187,19.032,26.578,19.126,3.022,250.0,250.0,78.515,23.530,9.119,73.093,50.741,31.458,19.283,31.081,7.084,0.741,6.343,6.361,0.000,0.000,0.000,0.000,20.0,
17.11.2025,13:31:39.186,17.672,25.140,17.722,3.006,250.0,250.0,82.224,23.645,9.086,73.586,51.033,31.643,19.390,31.266,7.057,0.714,6.343,6.335,0.000,0.000,0.000,0.000,20.0,
17.11.2025,13:31:40.186,17.672,26.890,19.419,3.023,250.0,250.0,78.453,46.812,9.010,72.002,49.989,30.997,18.992,30.632,124.918,34.582,90.336,6.667,0.000,0.000,0.000,0.000,20.0,
17.11.2025,13:31:41.186,14.953,27.773,20.246,3.074,250.0,250.0,79.366,23.936,8.987,74.739,51.693,32.052,19.641,31.663,7.108,0.722,6.386,6.369,0.000,0.000,0.000,0.000,20.0,
17.11.2025,13:31:42.187,32.625,25.970,18.497,3.029,250.0,250.0,83.121,23.814,8.868,74.121,51.242,31.779,19.463,31.390,7.467,0.911,6.556,6.343,0.000,0.000,0.000,0.000,20.0,
17.11.2025,13:31:43.187,19.032,26.231,18.730,3.059,250.0,250.0,79.423,23.493,8.891,73.123,50.609,31.386,19.223,31.009,7.141,0.777,6.364,6.403,0.000,0.000,0.000,0.000,20.0,
17.11.2025,13:31:44.186,24.469,26.427,19.004,3.019,250.0,250.0,78.624,23.918,8.902,74.825,51.675,32.040,19.635,31.664,7.050,0.715,6.335,6.343,0.001,0.000,1.000,0.000,20.0,
17.11.2025,13:31:45.185,33.985,24.600,17.079,3.065,250.0,250.0,82.674,39.514,8.866,74.903,51.700,32.057,19.643,31.668,84.889,17.997,66.892,6.522,0.000,0.000,2.250,0.000,20.0,
17.11.2025,13:31:46.184,28.547,23.425,15.965,3.026,250.0,250.0,79.203,23.778,8.841,74.335,51.335,31.838,19.497,31.449,7.060,0.717,6.343,6.369,0.000,0.000,0.000,0.000,20.0,
17.11.2025,13:31:47.181,27.188,27.558,20.101,3.055,250.0,250.0,80.860,23.669,8.843,73.688,50.948,31.587,19.361,31.210,7.361,0.745,6.616,6.335,0.000,0.000,0.000,0.000,20.0,
17.11.2025,13:31:48.181,20.391,26.295,18.773,3.058,250.0,250.0,79.132,41.175,8.841,65.727,46.051,28.557,17.494,28.205,105.083,31.981,73.102,6.709,0.000,0.000,2.125,0.000,20.0,
17.11.2025,13:31:49.185,23.110,24.476,17.011,3.067,250.0,250.0,82.776,39.441,8.831,74.244,51.279,31.800,19.479,31.411,85.458,18.059,67.399,6.454,0.000,0.000,0.000,0.000,20.0,
17.11.2025,13:31:50.179,24.469,26.745,19.206,3.063,250.0,250.0,79.901,22.046,8.767,45.536,33.598,20.828,12.770,20.573,7.560,0.936,6.624,63.269,0.000,0.000,0.000,0.000,20.0,
17.11.2025,13:31:51.186,24.469,28.259,20.683,3.111,250.0,250.0,78.686,46.821,8.828,72.534,50.221,31.136,19.085,30.759,124.593,34.398,90.195,6.463,0.000,0.000,0.000,0.000,20.0,
17.11.2025,13:31:52.186,25.829,26.397,18.914,3.061,250.0,250.0,79.133,23.630,8.856,73.705,50.963,31.601,19.362,31.225,7.118,0.765,6.353,6.352,0.000,0.000,0.000,0.000,20.0,
17.11.2025,13:31:53.187,21.750,27.422,19.872,3.100,250.0,250.0,82.452,45.174,8.875,71.614,49.674,30.808,18.866,30.432,117.463,33.463,84.000,6.547,0.000,0.000,0.000,0.000,20.0,
17.11.2025,13:31:54.182,25.829,31.156,23.144,3.511,250.0,250.0,79.746,24.168,8.891,75.681,52.244,32.397,19.847,31.995,7.130,0.768,6.362,6.361,0.000,0.000,0.000,0.000,20.0,
17.11.2025,13:31:55.182,24.469,30.300,22.438,3.375,250.0,250.0,78.881,23.725,8.831,74.115,51.202,31.749,19.453,31.361,7.100,0.764,6.336,6.335,0.000,0.000,0.000,0.000,20.0,
17.11.2025,13:31:56.179,24.469,24.143,16.708,3.036,250.0,250.0,83.131,27.790,8.830,74.606,51.510,31.946,19.564,31.558,26.721,3.559,23.162,6.446,0.000,0.000,0.000,0.000,20.0,
17.11.2025,13:31:57.186,19.032,25.698,18.170,3.078,250.0,250.0,79.955,24.025,8.818,75.268,51.889,32.183,19.706,31.795,7.115,0.771,6.344,6.361,0.000,0.000,0.000,0.000,20.0,
17.11.2025,13:31:58.186,23.110,26.290,18.752,3.075,250.0,250.0,82.959,25.580,8.828,75.002,51.738,32.075,19.663,31.687,15.174,2.018,13.156,6.463,0.000,0.000,0.000,0.000,20.0,
17.11.2025,13:31:59.184,25.829,26.582,19.139,3.071,250.0,250.0,79.085,23.675,8.939,73.842,51.096,31.678,19.418,31.302,7.063,0.720,6.343,6.343,0.000,0.000,0.000,0.000,20.0,
17.11.2025,13:32:0.183,21.750,28.113,20.579,3.076,250.0,250.0,81.543,23.982,8.863,74.956,51.733,32.087,19.646,31.699,7.247,0.733,6.514,6.343,0.000,0.000,0.000,0.000,20.0,
17.11.2025,13:32:1.185,12.235,26.384,18.871,3.101,250.0,250.0,83.919,23.817,8.897,74.162,51.284,31.796,19.488,31.407,7.341,0.875,6.466,6.454,0.000,0.000,0.000,0.000,20.0,
17.11.2025,13:32:2.186,28.547,27.234,19.738,3.030,250.0,250.0,80.254,24.194,8.912,75.832,52.299,32.436,19.863,32.048,7.101,0.758,6.343,6.352,0.000,0.000,0.000,0.000,20.0,
17.11.2025,13:32:3.181,14.953,26.399,18.889,3.064,250.0,250.0,83.636,23.669,8.899,73.801,51.053,31.657,19.396,31.280,7.106,0.720,6.386,6.386,0.000,0.000,0.000,0.000,20.0,
17.11.2025,13:32:4.185,25.829,26.905,19.454,3.045,250.0,250.0,79.625,23.814,8.862,74.237,51.286,31.806,19.480,31.417,7.359,0.743,6.616,6.335,0.000,0.000,0.000,0.000,20.0,
17.11.2025,13:32:5.186,19.032,25.730,18.223,3.059,250.0,250.0,80.244,32.985,8.788,76.673,52.731,32.694,20.037,32.306,49.934,17.975,31.959,6.747,0.000,0.000,0.000,0.000,20.0,
17.11.2025,13:32:6.184,27.188,25.223,17.743,3.047,250.0,250.0,79.299,24.069,8.841,75.355,51.980,32.236,19.744,31.847,7.158,0.785,6.373,6.369,0.000,0.000,0.000,0.000,20.0,
17.11.2025,13:32:7.184,19.032,27.963,20.515,3.040,250.0,250.0,79.087,23.431,8.852,73.007,50.528,31.333,19.195,30.956,7.049,0.714,6.335,6.335,0.000,0.000,2.125,0.000,20.0,
17.11.2025,13:32:8.182,25.829,27.477,19.919,3.072,250.0,250.0,83.006,24.873,8.876,72.361,50.131,31.077,19.054,30.701,15.064,1.938,13.126,6.403,0.000,0.000,0.000,0.000,20.0,
17.11.2025,13:32:9.186,16.313,25.893,18.434,3.035,250.0,250.0,79.176,23.747,8.940,74.027,51.214,31.757,19.457,31.368,7.161,0.772,6.389,6.386,0.000,0.000,0.000,0.000,20.0,
17.11.2025,13:32:10.187,20.391,24.335,16.893,3.050,250.0,250.0,79.076,23.812,8.901,74.418,51.431,31.894,19.537,31.505,7.049,0.714,6.335,6.335,0.000,0.000,0.000,0.000,20.0,
17.11.2025,13:32:11.185,24.469,24.783,17.268,3.061,250.0,250.0,82.211,23.743,8.864,74.199,51.268,31.786,19.482,31.397,7.049,0.714,6.335,6.335,0.000,0.000,0.000,0.000,20.0,
17.11.2025,13:32:12.185,24.469,26.805,19.314,3.026,250.0,250.0,76.356,22.238,8.777,68.438,47.663,29.560,18.103,29.208,7.117,0.723,6.394,6.394,0.000,0.000,0.000,0.000,20.0,
17.11.2025,13:32:13.186,14.953,26.407,18.963,3.029,250.0,250.0,77.611,22.172,8.803,68.189,47.552,29.489,18.063,29.124,7.075,0.723,6.352,6.352,0.000,0.000,0.250,0.000,20.0,
17.11.2025,13:32:14.178,17.672,25.457,18.051,3.022,250.0,250.0,77.410,22.127,8.866,67.987,47.457,29.425,18.032,29.072,7.050,0.715,6.335,6.335,0.000,0.000,0.000,0.000,20.0,
17.11.2025,13:32:15.186,27.188,26.826,19.279,3.080,250.0,250.0,77.270,37.159,8.841,74.856,51.681,32.040,19.641,31.651,39.159,13.842,25.317,74.566,0.001,0.000,0.000,0.000,20.0,
17.11.2025,13:32:16.186,17.672,25.299,17.857,3.009,250.0,250.0,77.517,22.334,8.876,68.749,47.927,29.719,18.208,29.366,7.061,0.726,6.335,6.378,0.000,0.000,0.000,0.000,20.0,
17.11.2025,13:32:17.186,17.672,24.908,17.500,2.972,250.0,250.0,74.699,35.897,8.873,52.828,38.128,23.643,14.485,23.363,54.107,19.889,34.218,89.432,0.000,0.000,0.000,0.000,20.0,
17.11.2025,13:32:18.185,13.594,26.263,18.885,2.978,250.0,250.0,74.177,40.453,8.774,47.211,34.639,21.482,13.157,21.215,34.906,11.449,23.457,188.239,0.000,0.000,0.000,0.000,20.0,
17.11.2025,13:32:19.186,13.594,26.263,18.885,2.978,250.0,250.0,73.012,23.863,8.782,74.694,51.530,31.956,19.574,31.567,7.071,0.728,6.343,6.386,0.000,0.000,0.000,0.000,20.0,
17.11.2025,13:32:20.186,23.110,25.407,17.969,3.020,250.0,250.0,77.584,23.712,8.792,74.145,51.190,31.742,19.448,31.365,7.050,0.715,6.335,6.335,0.000,0.000,0.000,0.000,20.0,
17.11.2025,13:32:21.186,16.313,25.393,17.886,3.069,250.0,250.0,81.472,45.806,8.816,72.133,49.968,30.987,18.981,30.611,119.965,33.942,86.023,6.633,0.000,0.000,0.000,0.000,20.0,
17.11.2025,13:32:22.182,17.672,27.634,20.140,3.070,250.0,250.0,79.712,23.921,8.830,74.843,51.648,32.026,19.622,31.637,7.098,0.720,6.378,6.403,0.000,0.000,0.000,0.000,20.0,
17.11.2025,13:32:23.186,21.750,25.508,18.021,3.049,250.0,250.0,83.405,24.136,8.916,75.581,52.173,32.346,19.827,31.957,7.107,0.721,6.386,6.343,0.000,0.000,0.000,0.000,20.0,
17.11.2025,13:32:24.186,29.907,24.838,17.341,3.061,250.0,250.0,79.390,44.746,9.008,69.904,48.727,30.224,18.503,29.859,117.316,33.374,83.942,6.598,0.000,0.000,0.000,0.000,20.0,
17.11.2025,13:32:25.184,21.750,27.056,19.571,3.037,250.0,250.0,79.823,43.692,8.989,76.435,52.740,32.704,20.036,32.315,103.583,26.990,76.593,6.539,0.000,0.000,0.000,0.000,20.0,
17.11.2025,13:32:26.180,16.313,26.503,19.026,3.049,250.0,250.0,79.771,24.252,8.890,76.052,52.455,32.531,19.924,32.142,7.081,0.720,6.361,6.361,0.000,0.000,0.000,0.000,20.0,
17.11.2025,13:32:27.187,19.032,25.411,17.908,3.038,250.0,250.0,81.580,23.956,8.842,74.992,51.738,32.083,19.655,31.694,7.093,0.724,6.369,6.369,0.000,0.000,0.000,0.000,20.0,
17.11.2025,13:32:28.186,17.672,27.535,20.026,3.081,250.0,250.0,83.088,24.142,8.842,75.711,52.203,32.372,19.831,31.971,7.068,0.716,6.352,6.352,0.000,0.000,0.000,0.000,20.0,
17.11.2025,13:32:29.186,16.313,25.609,18.169,3.042,250.0,250.0,80.305,23.961,8.853,75.043,51.780,32.111,19.669,31.722,7.049,0.714,6.335,6.335,0.000,0.000,0.000,0.000,20.0,
17.11.2025,13:32:30.185,16.313,24.522,17.051,3.038,250.0,250.0,79.776,25.632,8.906,71.042,49.390,30.620,18.770,30.255,7.437,0.957,6.480,32.462,0.000,0.000,0.000,0.000,20.0,
17.11.2025,13:32:31.186,16.313,24.742,17.277,3.028,250.0,250.0,79.961,43.270,8.902,75.545,52.135,32.326,19.809,31.938,102.740,26.482,76.258,6.565,0.000,0.000,0.000,0.000,20.0,
17.11.2025,13:32:32.181,27.188,24.864,17.366,3.058,250.0,250.0,79.561,25.560,8.919,74.807,51.704,32.061,19.643,31.672,15.139,1.989,13.150,6.518,0.000,0.000,0.000,0.000,20.0,
17.11.2025,13:32:33.185,17.672,24.062,16.588,3.032,250.0,250.0,80.014,23.861,8.880,74.571,51.508,31.933,19.575,31.544,7.108,0.722,6.386,6.386,0.000,0.000,0.000,0.000,20.0,
17.11.2025,13:32:34.184,17.672,27.469,19.983,3.080,250.0,250.0,80.496,24.202,8.842,75.947,52.346,32.455,19.891,32.066,7.064,0.721,6.343,6.343,0.000,0.000,0.000,0.000,20.0,
17.11.2025,13:32:35.182,21.750,27.468,19.878,3.095,250.0,250.0,81.122,23.673,8.818,73.967,51.097,31.684,19.413,31.295,7.059,0.716,6.343,6.343,0.000,0.000,0.000,0.000,20.0,
17.11.2025,13:32:36.185,20.391,26.013,18.592,3.029,250.0,250.0,79.248,24.071,8.830,75.437,52.038,32.261,19.777,31.872,7.073,0.721,6.352,6.352,0.000,0.000,0.000,0.000,20.0,
17.11.2025,13:32:37.181,16.313,25.380,17.898,3.041,250.0,250.0,79.518,14.254,8.770,37.701,28.818,17.869,10.949,17.650,7.238,0.733,6.505,6.310,0.000,0.000,0.000,0.000,20.0,
17.11.2025,13:32:38.186,16.313,25.110,17.566,3.096,250.0,250.0,79.972,38.198,8.917,77.353,53.260,33.023,20.237,32.622,75.046,14.539,60.507,6.471,0.000,0.000,0.000,0.000,20.0,
17.11.2025,13:32:39.186,17.672,26.425,18.894,3.065,250.0,250.0,79.862,24.304,8.926,76.218,52.563,32.595,19.968,32.207,7.089,0.728,6.361,6.386,0.000,0.000,0.000,0.000,20.0,
17.11.2025,13:32:40.187,16.313,25.675,18.209,3.063,250.0,250.0,79.968,23.861,8.914,74.588,51.540,31.954,19.586,31.565,7.057,0.714,6.343,6.352,0.000,0.000,0.000,2.125,20.0,
17.11.2025,13:32:41.186,14.953,23.299,15.781,3.059,250.0,250.0,79.702,23.947,8.877,74.936,51.742,32.093,19.649,31.704,7.057,0.714,6.343,6.352,0.000,0.000,0.000,0.000,20.0,
17.11.2025,13:32:42.187,16.313,24.262,16.811,3.043,250.0,250.0,79.970,25.466,8.828,78.187,53.696,33.296,20.400,32.895,7.185,0.722,6.463,12.990,0.000,0.000,0.000,0.000,20.0,
17.11.2025,13:32:43.194,24.469,25.803,18.300,3.051,250.0,250.0,79.652,23.145,8.830,71.819,49.835,30.904,18.931,30.539,7.130,0.718,6.412,6.335,0.000,0.000,0.000,0.000,20.0,
17.11.2025,13:32:44.209,24.469,24.398,16.977,3.016,250.0,250.0,82.631,47.819,8.843,76.009,52.371,32.480,19.891,32.091,125.031,34.525,90.506,6.438,0.000,0.000,0.000,0.000,20.0,
17.11.2025,13:32:45.205,20.391,26.306,18.862,3.019,250.0,250.0,79.315,45.615,8.870,75.120,51.848,32.155,19.693,31.766,115.115,31.037,84.078,6.471,0.000,0.000,0.000,0.000,20.0,
17.11.2025,13:32:46.204,19.032,25.802,18.372,3.020,250.0,250.0,80.099,24.357,8.907,76.391,52.661,32.652,20.009,32.250,7.149,0.755,6.394,6.403,0.000,0.000,0.000,0.000,20.0,
17.11.2025,13:32:47.199,20.391,25.554,18.061,3.034,250.0,250.0,79.763,23.338,8.912,72.585,50.304,31.191,19.113,30.815,7.057,0.714,6.343,6.343,0.000,0.000,0.000,0.750,20.0,
17.11.2025,13:32:48.201,21.750,26.774,19.277,3.026,250.0,250.0,83.662,23.338,8.966,74.189,51.329,31.828,19.501,31.439,98.181,30.896,67.285,6.556,0.000,0.000,0.000,0.000,20.0,
17.11.2025,13:32:49.195,27.188,25.176,17.742,3.039,250.0,250.0,83.662,42.017,8.966,74.189,51.329,31.828,19.501,31.439,98.181,30.896,67.285,6.556,0.000,0.000,0.000,0.000,20.0,
17.11.2025,13:32:50.194,21.750,26.487,19.023,3.044,250.0,250.0,80.655,23.668,8.840,73.809,51.016,31.637,19.379,31.248,7.175,0.771,6.404,6.403,0.000,0.000,0.000,0.000,20.0,
17.11.2025,13:32:51.207,21.750,27.065,19.505,3.061,250.0,250.0,79.452,23.877,8.795,74.733,51.555,31.968,19.587,31.592,7.088,0.727,6.361,6.361,0.000,0.000,0.000,0.000,20.0,
17.11.2025,13:32:52.209,25.829,27.896,20.485,3.038,250.0,250.0,79.907,23.979,8.806,75.164,51.841,32.150,19.691,31.761,7.030,0.712,6.318,6.318,0.000,0.000,0.000,0.000,20.0,
17.11.2025,13:32:53.207,17.672,28.640,21.129,3.025,250.0,250.0,83.962,23.888,8.833,74.640,51.524,31.955,19.569,31.566,7.197,0.790,6.407,6.403,0.000,0.000,0.000,0.000,20.0,
17.11.2025,13:32:54.208,19.032,25.429,18.008,3.044,250.0,250.0,80.127,23.656,8.880,73.750,51.004,31.628,19.376,31.251,7.152,0.779,6.373,6.369,0.000,0.000,0.000,0.000,20.0,
17.11.2025,13:32:55.205,27.188,26.662,19.148,3.040,250.0,250.0,80.127,23.869,8.880,74.655,51.549,31.964,19.585,31.575,7.066,0.714,6.352,6.352,0.000,0.000,0.000,0.000,20.0,
17.11.2025,13:32:56.197,17.672,30.966,22.854,3.571,250.0,250.0,81.219,65.396,8.926,76.545,52.747,32.703,20.044,32.314,30.553,9.251,21.302,369.578,0.000,0.000,0.000,0.000,20.0,
17.11.2025,13:32:57.197,14.953,28.026,20.387,3.198,250.0,250.0,82.109,24.408,8.829,76.606,52.757,32.712,20.045,32.323,7.192,0.786,6.406,6.429,0.000,0.000,0.000,1.250,20.0,
17.11.2025,13:32:58.195,31.266,26.898,19.453,3.022,250.0,250.0,83.312,47.372,8.830,74.342,51.319,31.824,19.495,31.448,125.010,34.400,90.610,6.438,0.000,0.000,0.000,0.000,20.0,
17.11.2025,13:32:59.195,17.672,36.041,28.189,3.355,250.0,250.0,79.735,24.197,8.845,75.814,52.251,32.403,19.848,32.014,7.209,0.848,6.361,6.378,0.000,0.000,0.000,0.000,20.0,
17.11.2025,13:33:0.207,28.547,25.625,18.140,3.053,250.0,250.0,79.976,24.192,8.822,75.914,52.300,32.428,19.872,32.039,7.096,0.759,6.337,6.352,0.000,0.000,0.000,0.000,20.0,
17.11.2025,13:33:1.194,28.547,28.375,20.789,3.120,250.0,250.0,83.114,36.809,8.808,74.500,51.419,31.885,19.534,31.508,71.905,12.838,59.067,6.624,0.000,0.000,0.000,0.000,20.0,
17.11.2025,13:33:2.208,16.313,26.911,19.464,3.044,250.0,250.0,79.844,24.151,8.858,75.692,52.195,32.358,19.837,31.969,7.111,0.764,6.347,6.378,0.000,0.000,0.000,0.000,20.0,
17.11.2025,13:33:3.207,17.672,27.129,19.613,3.061,250.0,250.0,82.027,43.350,8.882,73.845,51.088,31.675,19.413,31.298,105.077,31.918,73.159,7.149,0.000,0.000,0.000,0.000,20.0,
17.11.2025,13:33:4.194,16.313,27.232,19.811,2.997,250.0,250.0,81.060,24.057,8.831,75.350,51.961,32.227,19.734,31.838,7.131,0.766,6.365,6.369,0.001,0.000,0.000,0.000,20.0,
17.11.2025,13:33:5.195,17.672,26.517,19.095,3.007,250.0,250.0,82.964,45.688,8.820,73.750,50.963,31.601,19.362,31.225,117.288,33.515,83.773,6.582,0.000,0.000,0.000,0.000,20.0,
17.11.2025,13:33:6.197,20.391,26.954,19.473,3.033,250.0,250.0,79.321,24.120,8.833,75.617,52.147,32.329,19.818,31.940,7.080,0.719,6.361,6.361,0.000,0.000,0.000,0.000,20.0,
17.11.2025,13:33:7.210,12.235,26.248,18.788,3.020,250.0,250.0,83.273,23.698,8.816,73.681,50.928,31.583,19.345,31.194,7.450,0.838,6.612,6.530,0.000,0.000,0.375,0.000,20.0,
17.11.2025,13:33:8.217,19.032,27.709,20.232,3.042,250.0,250.0,82.098,23.260,8.856,72.308,50.122,31.080,19.042,30.703,7.068,0.716,6.352,6.352,0.000,0.000,0.250,0.000,20.0,
17.11.2025,13:33:9.216,19.032,27.338,19.888,3.038,250.0,250.0,80.300,24.037,8.878,75.155,51.879,32.168,19.711,31.779,7.179,0.733,6.446,6.446,0.000,0.000,0.000,2.500,20.0,
17.11.2025,13:33:10.218,17.672,26.548,19.093,3.012,250.0,250.0,82.913,23.511,8.946,73.222,50.709,31.446,19.263,31.069,7.057,0.714,6.343,6.343,0.000,0.000,0.000,0.000,20.0,
17.11.2025,13:33:11.218,19.032,26.683,19.194,3.026,250.0,250.0,79.201,24.018,8.927,75.078,51.851,32.153,19.698,31.764,7.149,0.737,6.412,6.412,0.000,0.000,0.000,0.000,20.0,
17.11.2025,13:33:12.218,33.985,27.576,20.183,3.001,250.0,250.0,81.214,23.727,8.940,74.040,51.218,31.759,19.459,31.382,7.065,0.722,6.343,6.343,0.000,0.000,0.000,0.000,20.0,
17.11.2025,13:33:13.227,13.594,25.733,18.237,3.020,250.0,250.0,79.262,24.218,8.833,75.956,52.342,32.455,19.887,32.066,7.121,0.727,6.394,6.394,0.000,0.000,0.000,0.000,20.0,
17.11.2025,13:33:14.227,16.313,26.379,18.882,3.043,250.0,250.0,81.603,44.243,8.846,69.158,48.164,29.872,18.292,29.507,116.037,32.878,83.159,6.514,0.000,0.000,0.000,0.000,20.0,
17.11.2025,13:33:15.229,14.953,24.443,17.034,2.996,250.0,250.0,77.358,22.263,8.870,68.167,47.565,29.493,18.072,29.140,7.410,0.760,6.650,6.505,0.000,0.000,0.000,0.000,20.0,
17.11.2025,13:33:16.230,17.672,24.778,17.389,2.984,250.0,250.0,76.931,22.339,8.967,68.592,47.894,29.695,18.199,29.343,7.163,0.725,6.438,6.369,0.000,0.000,0.000,0.000,20.0,
17.11.2025,13:33:17.245,23.110,26.664,19.214,2.993,250.0,250.0,77.181,35.497,8.877,73.454,50.822,31.512,19.310,31.135,7.115,0.772,6.343,125.633,0.000,0.000,0.000,0.125,20.0,
17.11.2025,13:33:18.249,19.032,26.041,18.649,2.995,250.0,250.0,80.879,22.387,8.842,68.940,48.044,29.787,18.257,29.434,7.113,0.719,6.394,6.335,0.000,0.000,0.000,0.000,20.0,
17.11.2025,13:33:19.248,27.188,25.793,18.375,2.982,250.0,250.0,74.138,22.210,8.878,68.304,47.647,29.544,18.103,29.191,7.040,0.722,6.318,6.352,0.000,0.000,0.000,0.000,20.0,
17.11.2025,13:33:20.248,16.313,26.163,18.753,2.970,250.0,250.0,70.827,22.183,8.854,68.202,47.580,29.499,18.081,29.147,7.049,0.714,6.335,6.369,0.000,0.000,0.000,0.000,20.0,
17.11.2025,13:33:21.244,16.313,24.388,16.941,3.011,250.0,250.0,75.473,13.347,8.766,34.388,26.768,16.600,10.168,16.393,7.066,0.723,6.343,6.259,0.000,0.000,0.000,0.000,20.0,
17.11.2025,13:33:22.248,17.672,25.021,17.403,3.203,250.0,250.0,61.986,23.663,8.792,73.904,51.063,31.668,19.395,31.279,7.069,0.717,6.352,6.394,0.000,0.000,0.000,0.000,20.0,
17.11.2025,13:33:23.247,19.032,25.398,17.868,3.076,250.0,250.0,83.072,23.263,8.816,72.362,50.122,31.082,19.040,30.705,7.080,0.719,6.361,6.343,0.000,0.000,0.000,0.000,20.0,
17.11.2025,13:33:24.249,23.110,27.238,19.751,3.075,250.0,250.0,79.346,23.491,8.865,73.129,50.598,31.379,19.219,31.003,7.128,0.725,6.403,6.463,0.000,0.000,0.000,0.000,20.0,
17.11.2025,13:33:25.241,28.547,25.738,18.187,3.070,250.0,250.0,81.030,23.849,8.830,74.590,51.484,31.926,19.558,31.537,7.107,0.721,6.386,6.352,0.000,0.000,0.000,0.000,20.0,
17.11.2025,13:33:26.244,24.469,27.249,19.717,3.098,250.0,250.0,80.060,26.352,8.864,74.607,51.521,31.943,19.578,31.554,19.496,2.676,16.820,6.463,0.000,0.000,0.000,0.000,20.0,
17.11.2025,13:33:27.251,23.110,26.400,18.927,3.059,250.0,250.0,79.306,24.043,8.817,75.306,51.917,32.202,19.715,31.814,7.125,0.722,6.403,6.403,0.000,0.000,0.000,0.000,20.0,
17.11.2025,13:33:28.249,16.313,26.957,19.436,3.086,250.0,250.0,79.519,15.711,8.745,43.251,32.203,19.966,12.237,19.722,7.318,0.962,6.356,6.352,0.000,0.000,0.000,0.000,20.0,
17.11.2025,13:33:29.249,20.391,27.811,20.301,3.054,250.0,250.0,82.813,31.248,8.791,75.163,51.818,32.140,19.678,31.752,43.330,5.705,37.625,6.480,0.000,0.000,0.375,0.000,20.0,
17.11.2025,13:33:30.249,25.829,27.859,20.353,3.050,250.0,250.0,79.736,24.002,8.794,75.239,51.876,32.158,19.718,31.769,7.059,0.716,6.343,6.343,0.000,0.000,0.000,0.000,20.0,
17.11.2025,13:33:31.248,16.313,27.087,19.615,3.048,250.0,250.0,83.577,48.179,8.840,76.914,52.937,32.822,20.115,32.421,125.560,34.790,90.770,6.616,0.000,0.000,0.000,0.000,20.0,
17.11.2025,13:33:32.248,17.672,27.969,20.493,3.034,250.0,250.0,79.596,23.796,8.888,74.335,51.393,31.864,19.529,31.475,7.066,0.723,6.343,6.343,0.000,0.000,0.000,0.000,20.0,
17.11.2025,13:33:33.249,19.032,27.819,20.270,3.088,250.0,250.0,82.964,51.507,8.935,71.227,49.501,30.700,18.801,30.323,33.940,11.068,22.872,237.701,0.000,0.000,0.000,0.000,20.0,
17.11.2025,13:33:34.243,24.469,27.460,19.994,3.052,250.0,250.0,79.324,26.512,8.997,75.108,51.897,32.185,19.712,31.797,19.458,2.667,16.791,6.505,0.000,0.000,0.000,0.000,20.0,
17.11.2025,13:33:35.249,23.110,25.584,18.123,3.063,250.0,250.0,80.079,24.187,9.000,75.704,52.283,32.424,19.859,32.035,7.079,0.718,6.361,6.403,0.000,0.000,0.000,0.000,20.0,
17.11.2025,13:33:36.249,19.032,26.075,18.519,3.083,250.0,250.0,83.056,47.422,8.889,78.274,53.787,33.356,20.431,32.955,120.087,33.883,86.204,6.352,0.000,0.000,0.000,0.000,20.0,
17.11.2025,13:33:37.249,14.953,27.138,19.664,3.070,250.0,250.0,80.510,23.716,8.929,73.960,51.172,31.732,19.440,31.355,7.104,0.743,6.361,6.369,0.000,0.000,0.000,0.000,20.0,
17.11.2025,13:33:38.248,29.907,26.985,19.453,3.092,250.0,250.0,82.945,25.047,8.878,72.873,50.458,31.286,19.172,30.909,15.133,1.944,13.189,6.633,0.000,0.000,0.000,0.000,20.0,
17.11.2025,13:33:39.249,20.391,27.232,19.663,3.090,250.0,250.0,78.902,23.477,8.940,73.063,50.603,31.370,19.233,30.994,7.100,0.722,6.378,6.369,0.000,0.000,0.000,0.000,20.0,
17.11.2025,13:33:40.249,31.266,27.572,20.078,3.077,250.0,250.0,82.805,43.773,9.001,74.914,51.786,32.109,19.677,31.732,105.963,28.030,77.933,6.590,0.000,0.000,0.000,0.000,20.0,
17.11.2025,13:33:41.249,12.235,27.998,20.484,3.106,250.0,250.0,79.899,24.321,8.944,76.236,52.600,32.618,19.982,32.216,7.112,0.726,6.386,6.386,0.000,0.000,0.000,0.000,20.0,
17.11.2025,13:33:42.248,20.391,26.120,18.605,3.057,250.0,250.0,80.382,22.061,8.957,67.591,47.293,29.326,17.967,28.973,7.079,0.718,6.361,6.343,0.000,0.000,0.000,0.000,20.0,
17.11.2025,13:33:43.249,16.313,25.324,17.835,3.063,250.0,250.0,82.350,23.883,8.929,74.549,51.527,31.957,19.570,31.568,7.173,0.778,6.395,6.386,0.000,0.000,0.000,0.000,20.0,
17.11.2025,13:33:44.248,27.188,27.128,19.697,3.015,250.0,250.0,82.724,47.059,8.954,92.428,62.536,38.780,23.756,38.318,99.740,31.128,68.612,6.335,0.000,0.000,0.000,0.000,20.0,
17.11.2025,13:33:45.243,16.313,25.221,17.721,3.030,250.0,250.0,79.116,23.796,8.905,74.200,51.308,31.811,19.497,31.422,7.200,0.776,6.424,6.420,0.000,0.000,0.000,0.000,20.0,
17.11.2025,13:33:46.248,17.672,28.491,20.993,3.052,250.0,250.0,81.837,65.911,8.864,57.763,41.168,25.528,15.640,25.212,20.733,5.421,15.312,443.473,0.000,0.000,0.000,0.000,20.0,
17.11.2025,13:33:47.242,23.110,26.182,18.636,3.086,250.0,250.0,79.330,23.795,8.940,74.139,51.265,31.787,19.478,31.410,7.241,0.792,6.449,6.446,0.000,0.000,0.000,0.000,20.0,
17.11.2025,13:33:48.241,44.860,25.729,18.253,3.067,250.0,250.0,78.590,23.521,8.936,73.252,50.730,31.451,19.279,31.075,7.067,0.715,6.352,6.352,0.001,0.000,0.000,0.000,20.0,
17.11.2025,13:33:49.242,10.875,31.383,23.872,3.065,250.0,250.0,82.272,37.134,8.989,75.494,52.158,32.341,19.817,31.952,72.044,12.918,59.126,6.505,0.000,0.000,0.000,0.000,20.0,
17.11.2025,13:33:50.249,23.110,27.227,19.667,3.069,250.0,250.0,80.240,21.949,8.882,67.244,47.031,29.168,17.863,28.815,7.067,0.715,6.352,6.352,0.000,0.000,0.000,0.000,20.0,
17.11.2025,13:33:51.241,20.391,26.022,18.586,3.043,250.0,250.0,81.914,35.849,8.870,72.541,50.241,31.148,19.093,30.771,69.666,12.485,57.181,6.497,0.000,0.000,0.000,0.000,20.0,
17.11.2025,13:33:52.249,17.672,26.091,18.506,3.101,250.0,250.0,80.624,23.774,8.902,74.183,51.297,31.804,19.493,31.415,7.136,0.758,6.378,6.378,0.000,0.000,0.000,0.000,20.0,
17.11.2025,13:33:53.249,16.313,25.304,17.832,3.067,250.0,250.0,83.068,27.354,8.914,58.747,41.833,25.937,15.896,25.620,7.049,0.714,6.335,82.492,0.000,0.000,0.000,0.000,20.0,
17.11.2025,13:33:54.249,20.391,25.000,17.452,3.099,250.0,250.0,79.053,24.189,8.915,75.720,52.263,32.411,19.852,32.010,7.159,0.781,6.378,6.403,0.000,0.000,0.000,0.000,20.0,
17.11.2025,13:33:55.248,17.672,27.564,20.036,3.069,250.0,250.0,83.463,45.966,9.024,76.129,52.576,32.603,19.973,32.202,115.178,30.918,84.260,6.794,0.000,0.000,0.000,0.000,20.0,
17.11.2025,13:33:56.244,20.391,27.465,19.802,3.222,250.0,250.0,80.073,23.861,9.015,74.311,51.425,31.893,19.532,31.504,7.236,0.803,6.433,6.463,0.000,0.000,0.000,0.000,20.0,
17.11.2025,13:33:57.249,17.672,33.542,25.374,3.604,250.0,250.0,82.649,23.569,8.999,73.312,50.809,31.506,19.303,31.129,7.142,0.722,6.420,6.352,0.000,0.000,0.000,0.000,20.0,
17.11.2025,13:33:58.249,17.672,27.422,19.859,3.142,250.0,250.0,79.414,46.908,8.867,69.320,48.272,29.928,18.344,29.576,7.039,0.712,6.327,250.694,0.000,0.000,0.000,2.250,20.0,
17.11.2025,13:33:59.243,14.953,26.838,19.338,3.067,250.0,250.0,78.697,23.612,8.879,73.533,50.863,31.543,19.320,31.154,7.198,0.801,6.397,6.429,0.000,0.000,0.000,0.000,20.0,
17.11.2025,13:34:0.249,20.391,27.907,20.413,3.079,250.0,250.0,82.025,23.334,8.816,72.661,50.296,31.194,19.102,30.817,7.049,0.714,6.335,6.352,0.000,0.000,0.000,0.000,20.0,
17.11.2025,13:34:1.248,14.953,26.857,19.277,3.098,250.0,250.0,78.801,43.492,8.845,74.916,51.719,32.064,19.655,31.675,104.855,31.903,72.952,6.335,0.000,0.000,0.000,0.000,20.0,
17.11.2025,13:34:2.248,21.750,26.219,18.761,3.079,250.0,250.0,78.907,35.132,8.884,73.504,50.863,31.542,19.321,31.153,64.678,10.681,53.997,6.700,0.000,0.000,0.000,0.000,20.0,
17.11.2025,13:34:3.245,21.750,26.219,18.761,3.079,250.0,250.0,79.057,24.012,8.843,75.088,51.805,32.131,19.674,31.742,7.185,0.787,6.398,6.463,0.000,0.000,0.000,0.000,20.0,
17.11.2025,13:34:4.248,39.422,26.272,18.762,3.061,250.0,250.0,79.502,23.691,8.900,73.875,51.107,31.690,19.417,31.301,7.106,0.754,6.352,6.403,0.000,0.000,0.000,0.000,20.0,
17.11.2025,13:34:5.248,19.032,25.419,17.883,3.055,250.0,250.0,81.282,22.717,8.828,44.046,32.714,20.291,12.423,20.047,7.098,0.780,6.318,74.629,0.000,0.000,0.000,0.000,20.0,
17.11.2025,13:34:6.249,27.188,26.547,19.050,3.086,250.0,250.0,78.389,23.453,8.863,72.972,50.516,31.325,19.191,30.936,7.155,0.735,6.420,6.420,0.000,0.000,0.000,0.000,20.0,
17.11.2025,13:34:7.241,12.235,24.503,17.007,3.074,250.0,250.0,81.858,30.224,8.814,53.612,38.581,23.925,14.656,23.633,52.038,18.866,33.172,34.944,0.000,0.000,0.000,0.000,20.0,
17.11.2025,13:34:8.260,19.032,25.822,18.282,3.077,250.0,250.0,78.894,23.624,8.814,73.651,50.897,31.563,19.334,31.187,7.176,0.738,6.438,6.438,0.000,0.000,0.000,0.000,20.0,
17.11.2025,13:34:9.270,21.750,26.128,18.640,3.084,250.0,250.0,80.713,23.490,8.851,73.216,50.640,31.404,19.236,31.028,7.082,0.721,6.361,6.361,0.000,0.000,0.000,0.000,20.0,
17.11.2025,13:34:10.262,21.750,25.915,18.352,3.108,250.0,250.0,79.933,47.366,8.875,73.780,51.000,31.628,19.372,31.251,125.504,34.692,90.812,6.751,0.000,0.000,0.375,0.000,20.0,
17.11.2025,13:34:11.265,17.672,25.065,17.568,3.074,250.0,250.0,79.377,23.643,8.903,73.661,50.985,31.615,19.370,31.238,7.128,0.725,6.403,6.403,0.000,0.000,0.000,0.000,20.0,
17.11.2025,13:34:12.264,19.032,26.878,19.372,3.074,250.0,250.0,80.663,23.715,8.904,74.028,51.183,31.740,19.443,31.364,7.068,0.716,6.352,6.352,0.000,0.000,0.000,0.000,20.0,
17.11.2025,13:34:13.268,25.829,24.640,17.115,3.078,250.0,250.0,80.500,23.582,8.838,73.523,50.841,31.525,19.316,31.149,7.118,0.724,6.394,6.394,0.000,0.000,0.000,0.000,20.0,
17.11.2025,13:34:14.264,21.750,27.036,19.507,3.078,250.0,250.0,82.790,44.736,8.867,70.222,48.821,30.282,18.539,29.917,117.189,33.478,83.711,6.335,0.000,0.000,0.000,0.000,20.0,
17.11.2025,13:34:15.266,17.672,25.899,18.375,3.096,250.0,250.0,78.271,22.506,8.887,69.314,48.283,29.940,18.343,29.587,7.149,0.737,6.412,6.412,0.000,0.000,0.000,0.000,20.0,
17.11.2025,13:34:16.263,16.313,26.649,19.156,3.093,250.0,250.0,77.287,22.475,8.902,69.052,48.149,29.858,18.291,29.493,7.249,0.744,6.505,6.505,0.000,0.000,0.000,0.000,20.0,
17.11.2025,13:34:17.264,17.672,25.709,18.236,3.047,250.0,250.0,77.130,22.203,8.887,68.182,47.583,29.498,18.085,29.146,7.123,0.720,6.403,6.403,0.000,0.000,0.000,0.000,20.0,
17.11.2025,13:34:18.267,40.782,26.389,18.888,3.031,250.0,250.0,76.784,22.309,8.986,68.504,47.854,29.673,18.181,29.320,7.100,0.722,6.378,6.369,0.000,0.000,0.000,0.000,20.0,
17.11.2025,13:34:19.271,16.313,26.216,18.774,3.042,250.0,250.0,76.931,22.223,8.960,68.241,47.665,29.552,18.113,29.200,7.058,0.715,6.343,6.386,0.000,0.000,0.000,0.000,20.0,
17.11.2025,13:34:20.260,16.313,25.623,18.167,3.019,250.0,250.0,73.756,41.416,8.923,67.771,47.342,29.358,17.984,29.006,103.596,28.918,74.678,6.582,0.000,0.000,0.000,0.000,20.0,
17.11.2025,13:34:21.258,32.625,25.669,18.236,2.999,250.0,250.0,70.050,22.326,8.839,68.807,47.948,29.729,18.219,29.364,7.011,0.709,6.302,6.327,0.000,0.000,0.000,0.000,20.0,
17.11.2025,13:34:22.266,19.032,25.715,18.300,3.009,250.0,250.0,75.388,23.862,8.794,74.559,51.456,31.906,19.550,31.517,7.212,0.899,6.313,6.412,0.000,0.000,0.000,0.000,20.0,
17.11.2025,13:34:23.262,19.032,26.235,18.795,2.979,250.0,250.0,78.955,23.436,8.868,73.008,50.536,31.338,19.198,30.949,7.058,0.715,6.343,6.352,0.000,0.000,0.000,0.000,20.0,
17.11.2025,13:34:24.264,17.672,26.175,18.675,3.068,250.0,250.0,79.348,28.523,8.849,42.600,31.829,19.738,12.091,19.507,7.374,0.920,6.454,135.866,0.000,0.000,0.000,0.000,20.0,
17.11.2025,13:34:25.259,19.032,26.744,19.267,3.051,250.0,250.0,82.123,23.898,8.877,74.614,51.541,31.955,19.586,31.566,7.208,0.787,6.421,6.429,0.000,0.000,0.000,0.000,20.0,
17.11.2025,13:34:26.258,16.313,27.548,20.038,3.062,250.0,250.0,79.631,23.706,8.854,74.063,51.165,31.729,19.436,31.352,7.057,0.714,6.343,6.352,0.000,0.000,0.000,0.000,20.0,
17.11.2025,13:34:27.259,20.391,25.598,18.123,3.044,250.0,250.0,83.084,24.073,8.889,74.991,51.765,32.097,19.668,31.720,7.485,0.887,6.598,6.633,0.000,0.000,0.000,0.000,20.0,
17.11.2025,13:34:28.259,17.672,26.823,19.335,3.048,250.0,250.0,79.210,23.834,8.890,74.426,51.435,31.892,19.543,31.515,7.137,0.767,6.370,6.369,0.000,0.000,0.000,0.000,20.0,
17.11.2025,13:34:29.270,17.672,27.349,19.834,3.055,250.0,250.0,82.729,32.955,8.826,69.210,48.182,29.881,18.301,29.517,59.654,22.124,37.530,6.327,0.000,0.000,0.000,0.000,20.0,
17.11.2025,13:34:30.270,19.032,26.969,19.475,3.048,250.0,250.0,79.192,70.016,8.850,59.170,42.027,26.068,15.959,25.752,20.760,5.401,15.359,480.810,0.000,0.000,0.000,1.875,20.0,
17.11.2025,13:34:31.268,33.985,26.534,19.067,3.055,250.0,250.0,79.860,23.740,8.832,74.012,51.125,31.706,19.419,31.329,7.285,0.870,6.415,6.412,0.000,0.000,0.000,0.000,20.0,
17.11.2025,13:34:32.268,14.953,25.175,17.665,3.049,250.0,250.0,79.631,22.467,8.880,69.247,48.263,29.928,18.335,29.563,7.057,0.714,6.343,6.343,0.000,0.000,0.000,0.000,20.0,
17.11.2025,13:34:33.264,24.469,25.291,17.784,3.065,250.0,250.0,82.713,23.711,8.865,73.962,51.115,31.699,19.416,31.323,7.152,0.723,6.429,6.429,0.000,0.000,0.000,0.000,20.0,
17.11.2025,13:34:34.263,14.953,27.595,20.108,3.054,250.0,250.0,82.299,16.659,8.817,44.537,33.019,20.474,12.545,20.218,7.050,0.715,6.335,12.882,0.000,0.000,0.000,0.000,20.0,
17.11.2025,13:34:35.264,21.750,25.846,18.303,3.081,250.0,250.0,79.828,16.659,8.818,74.885,51.670,32.032,19.638,31.643,125.181,34.515,90.666,6.573,0.000,0.000,0.000,0.000,20.0,
17.11.2025,13:34:36.261,17.672,26.013,18.524,3.048,250.0,250.0,79.828,47.562,8.818,74.885,51.670,32.032,19.638,31.643,125.181,34.515,90.666,6.573,0.000,0.000,0.000,0.000,20.0,
17.11.2025,13:34:37.266,17.672,28.205,20.721,3.062,250.0,250.0,79.725,24.043,8.807,75.226,51.891,32.175,19.716,31.786,7.193,0.787,6.406,6.446,0.000,0.000,0.000,0.000,20.0,
17.11.2025,13:34:38.264,17.672,25.267,17.757,3.072,250.0,250.0,79.978,23.840,8.792,74.623,51.497,31.926,19.571,31.537,7.049,0.714,6.335,6.352,0.000,0.000,0.000,0.000,20.0,
17.11.2025,13:34:39.260,17.672,26.730,19.223,3.061,250.0,250.0,81.669,23.797,8.829,74.269,51.313,31.819,19.494,31.430,7.194,0.787,6.407,6.429,0.000,0.000,0.000,0.000,20.0,
17.11.2025,13:34:40.262,21.750,27.581,20.099,3.055,250.0,250.0,79.167,23.291,8.826,72.496,50.177,31.112,19.065,30.747,7.066,0.714,6.352,6.352,0.000,0.000,0.000,0.000,20.0,
17.11.2025,13:34:41.259,20.391,25.330,17.789,3.085,250.0,250.0,81.959,37.662,8.901,50.028,36.451,22.604,13.847,22.336,7.642,0.831,6.811,207.172,0.000,0.000,0.000,0.000,20.0,
17.11.2025,13:34:42.274,17.672,25.477,17.984,3.046,250.0,250.0,79.249,23.301,8.948,72.279,50.131,31.084,19.047,30.708,7.193,0.786,6.407,6.429,0.000,0.000,0.000,0.000,20.0,
17.11.2025,13:34:43.279,21.750,27.404,19.890,3.071,250.0,250.0,78.282,23.778,8.878,74.286,51.350,31.843,19.507,31.454,7.057,0.714,6.343,6.352,0.000,0.000,0.000,0.000,20.0,
17.11.2025,13:34:44.279,27.188,26.987,19.474,3.090,250.0,250.0,83.021,27.955,8.863,69.607,48.452,30.041,18.411,29.676,34.086,11.059,23.027,6.327,0.000,0.000,0.000,0.000,20.0,
17.11.2025,13:34:45.280,20.391,24.996,17.449,3.117,250.0,250.0,79.475,23.604,8.817,73.530,50.820,31.515,19.305,31.138,7.226,0.793,6.433,6.463,0.000,0.000,0.000,0.000,20.0,
17.11.2025,13:34:46.279,16.313,25.779,18.258,3.075,250.0,250.0,82.104,22.999,8.823,71.337,49.520,30.709,18.811,30.344,7.049,0.714,6.335,6.352,0.000,0.000,0.000,0.000,20.0,
17.11.2025,13:34:47.273,17.672,25.359,17.811,3.110,250.0,250.0,79.183,35.845,8.853,74.612,51.550,31.964,19.586,31.575,66.810,11.694,55.116,6.692,0.000,0.000,0.000,0.000,20.0,
17.11.2025,13:34:48.273,24.469,26.756,19.254,3.067,250.0,250.0,79.013,23.609,8.832,73.642,50.922,31.570,19.352,31.193,7.095,0.726,6.369,6.386,0.000,0.000,0.000,0.000,20.0,
17.11.2025,13:34:49.280,17.672,25.954,18.390,3.069,250.0,250.0,82.870,47.525,8.857,74.769,51.608,32.008,19.600,31.619,125.153,34.527,90.626,6.480,0.000,0.000,0.000,0.000,20.0,
17.11.2025,13:34:50.280,36.704,25.760,18.231,3.095,250.0,250.0,79.636,24.097,8.895,75.384,52.039,32.265,19.774,31.876,7.157,0.737,6.420,6.420,0.000,0.000,0.000,0.000,20.0,
17.11.2025,13:34:51.280,17.672,26.385,18.844,3.096,250.0,250.0,79.733,21.842,8.871,66.844,46.780,29.013,17.767,28.660,7.066,0.714,6.352,6.352,0.000,0.000,0.000,0.000,20.0,
17.11.2025,13:34:52.280,14.953,25.197,17.672,3.097,250.0,250.0,82.766,24.320,8.817,76.321,52.552,32.581,19.971,32.192,7.167,0.738,6.429,6.429,0.000,0.000,0.000,0.000,20.0,
17.11.2025,13:34:53.280,24.469,26.024,18.464,3.110,250.0,250.0,78.616,23.771,8.773,74.371,51.332,31.835,19.497,31.446,7.058,0.715,6.343,6.343,0.000,0.000,0.000,0.000,20.0,
17.11.2025,13:34:54.280,17.672,27.183,19.669,3.085,250.0,250.0,82.218,23.740,8.791,73.892,51.045,31.657,19.388,31.268,7.439,0.877,6.562,6.480,0.000,0.000,0.375,0.000,20.0,
17.11.2025,13:34:55.279,16.313,26.299,18.779,3.116,250.0,250.0,78.646,24.089,8.853,75.455,52.059,32.276,19.783,31.887,7.101,0.723,6.378,6.378,0.000,0.000,0.000,0.000,20.0,
17.11.2025,13:34:56.277,21.750,25.373,17.837,3.074,250.0,250.0,80.444,23.971,8.850,75.064,51.791,32.119,19.672,31.730,7.067,0.715,6.352,6.352,0.000,0.000,2.250,0.000,20.0,
17.11.2025,13:34:57.280,19.032,25.823,18.365,3.063,250.0,250.0,81.573,24.468,8.878,76.654,52.808,32.742,20.066,32.354,7.349,0.827,6.522,6.480,0.000,0.000,0.000,0.000,20.0,
17.11.2025,13:34:58.277,25.829,29.474,21.585,3.331,250.0,250.0,80.221,24.244,8.904,75.958,52.372,32.480,19.892,32.091,7.157,0.728,6.429,6.429,0.000,0.000,0.000,0.000,20.0,
17.11.2025,13:34:59.275,19.032,31.975,23.960,3.518,250.0,250.0,79.429,23.846,8.869,74.497,51.466,31.908,19.558,31.519,7.114,0.728,6.386,6.412,0.000,0.000,1.500,0.000,20.0,
17.11.2025,13:35:0.279,17.672,24.207,16.712,3.082,250.0,250.0,83.104,45.149,8.815,71.953,49.850,30.913,18.937,30.537,117.077,33.168,83.909,6.335,0.000,0.000,0.000,0.000,20.0,
17.11.2025,13:35:1.280,20.391,26.679,19.134,3.071,250.0,250.0,79.095,23.901,8.866,74.618,51.542,31.959,19.583,31.582,7.182,0.736,6.446,6.497,0.000,0.000,0.000,0.000,20.0,
17.11.2025,13:35:2.279,24.469,24.641,17.105,3.116,250.0,250.0,83.430,47.527,8.948,74.354,51.403,31.872,19.531,31.496,125.568,34.656,90.912,6.530,0.000,0.000,0.000,0.000,20.0,
17.11.2025,13:35:3.279,23.110,27.712,20.154,3.091,250.0,250.0,79.815,23.567,8.913,73.334,50.782,31.492,19.290,31.103,7.133,0.730,6.403,6.489,0.000,0.000,0.000,0.000,20.0,
17.11.2025,13:35:4.277,20.391,26.008,18.498,3.088,250.0,250.0,82.600,24.448,9.048,76.668,52.922,32.814,20.108,32.425,7.067,0.715,6.352,6.361,0.000,0.000,0.000,0.000,20.0,
17.11.2025,13:35:5.273,28.547,27.427,19.889,3.100,250.0,250.0,84.051,24.139,9.073,75.360,52.117,32.326,19.791,31.937,7.164,0.735,6.429,6.454,0.000,0.000,0.000,0.000,20.0,
17.11.2025,13:35:6.280,14.953,25.483,17.955,3.086,250.0,250.0,81.896,20.073,8.977,59.946,42.612,26.427,16.185,26.110,7.059,0.716,6.343,6.352,0.000,0.000,0.000,0.000,20.0,
17.11.2025,13:35:7.279,27.188,26.056,18.496,3.112,250.0,250.0,81.166,24.003,8.908,74.947,51.775,32.109,19.666,31.720,7.202,0.739,6.463,6.505,0.001,0.000,0.000,0.000,20.0,
17.11.2025,13:35:8.280,16.313,27.093,19.520,3.110,250.0,250.0,80.441,23.800,8.881,74.354,51.373,31.855,19.518,31.478,7.080,0.719,6.361,6.386,0.000,0.000,0.000,0.000,20.0,
17.11.2025,13:35:9.280,12.235,24.259,16.731,3.103,250.0,250.0,82.716,20.147,8.808,60.425,42.788,26.537,16.251,26.221,7.049,0.714,6.335,6.343,0.000,0.000,0.000,0.000,20.0,
17.11.2025,13:35:10.280,25.829,27.135,19.599,3.089,250.0,250.0,79.704,33.122,8.880,74.590,51.522,31.954,19.568,31.565,53.179,7.453,45.726,6.786,0.000,0.000,0.000,0.000,20.0,
17.11.2025,13:35:11.280,17.672,26.812,19.286,3.064,250.0,250.0,78.844,23.882,8.880,74.632,51.553,31.970,19.583,31.581,7.116,0.730,6.386,6.386,0.000,0.000,0.000,0.000,20.0,
17.11.2025,13:35:12.280,19.032,24.860,17.369,3.074,250.0,250.0,83.551,23.975,8.907,75.009,51.805,32.129,19.676,31.739,7.067,0.715,6.352,6.352,0.000,0.000,0.000,0.000,20.0,
17.11.2025,13:35:13.280,19.032,27.204,19.661,3.088,250.0,250.0,79.775,25.228,8.941,75.453,52.094,32.295,19.799,31.906,12.635,1.556,11.079,6.522,0.000,0.000,0.000,0.000,20.0,
17.11.2025,13:35:14.279,13.594,27.433,19.903,3.061,250.0,250.0,79.627,23.791,8.833,74.334,51.338,31.839,19.499,31.450,7.117,0.731,6.386,6.386,0.000,0.000,0.000,0.000,20.0,
17.11.2025,13:35:15.280,17.672,25.736,18.229,3.110,250.0,250.0,82.372,31.568,8.868,69.770,48.560,30.112,18.448,29.747,51.921,18.828,33.093,6.335,0.000,0.000,0.000,0.000,20.0,
17.11.2025,13:35:16.279,23.110,25.055,17.513,3.074,250.0,250.0,79.813,24.106,8.800,75.159,51.811,32.134,19.677,31.745,7.536,0.835,6.701,6.658,0.000,0.000,0.000,0.000,20.0,
17.11.2025,13:35:17.280,16.313,25.892,18.387,3.105,250.0,250.0,76.273,22.161,8.829,68.052,47.474,29.433,18.041,29.080,7.146,0.734,6.412,6.412,0.000,0.000,0.000,0.000,20.0,
17.11.2025,13:35:18.279,19.032,23.260,15.733,3.046,250.0,250.0,77.305,22.269,8.870,68.493,47.770,29.621,18.149,29.268,7.078,0.717,6.361,6.361,0.000,0.000,0.000,0.000,20.0,
17.11.2025,13:35:19.279,19.032,23.532,16.001,3.098,250.0,250.0,80.521,40.928,8.821,68.533,47.758,29.613,18.145,29.260,100.410,27.868,72.542,6.335,0.000,0.000,0.000,0.000,20.0,
17.11.2025,13:35:20.280,16.313,23.615,16.166,3.049,250.0,250.0,77.546,22.401,8.823,68.986,48.063,29.799,18.264,29.434,7.122,0.728,6.394,6.394,0.000,0.000,0.000,0.000,20.0,
17.11.2025,13:35:21.279,14.953,25.631,18.091,3.074,250.0,250.0,77.173,38.829,8.870,68.339,47.680,29.569,18.111,29.204,90.046,23.287,66.759,6.429,0.000,0.000,0.000,0.000,20.0,
17.11.2025,13:35:22.279,17.672,25.315,17.852,3.057,250.0,250.0,73.472,29.404,8.808,59.144,41.984,26.030,15.954,25.713,21.972,5.581,16.391,72.467,0.001,0.000,0.000,0.000,20.0,
17.11.2025,13:35:23.280,17.672,25.560,18.134,3.000,250.0,250.0,71.351,44.245,8.752,45.697,33.712,20.905,12.807,20.649,7.022,0.712,6.310,285.879,0.000,0.000,0.000,0.000,20.0,
17.11.2025,13:35:24.280,17.672,24.866,17.423,3.024,250.0,250.0,73.730,23.817,8.835,74.476,51.409,31.878,19.531,31.501,7.088,0.727,6.361,6.361,0.000,0.000,0.000,0.000,20.0,
17.11.2025,13:35:25.280,19.032,26.627,19.160,3.086,250.0,250.0,83.174,47.726,8.932,75.508,52.118,32.326,19.792,31.937,125.157,34.677,90.480,6.335,0.000,0.000,0.000,0.000,20.0,
17.11.2025,13:35:26.276,24.469,27.808,20.280,3.079,250.0,250.0,79.051,23.719,8.905,73.868,51.103,31.686,19.417,31.309,7.207,0.761,6.446,6.489,0.000,0.000,1.000,0.000,20.0,
17.11.2025,13:35:27.276,17.672,24.500,16.985,3.082,250.0,250.0,79.253,23.902,8.963,74.596,51.598,32.000,19.598,31.611,7.126,0.732,6.394,6.403,0.000,0.000,0.000,0.000,20.0,
17.11.2025,13:35:28.273,27.188,25.360,17.746,3.135,250.0,250.0,83.108,64.062,8.951,61.169,43.317,26.859,16.458,26.542,7.066,0.714,6.352,443.197,0.000,0.000,0.000,0.000,20.0,
17.11.2025,13:35:29.274,17.672,26.507,18.963,3.100,250.0,250.0,79.742,23.811,8.930,74.150,51.278,31.795,19.483,31.406,7.281,0.811,6.470,6.505,0.000,0.000,0.000,0.000,20.0,
17.11.2025,13:35:30.279,21.750,25.532,18.039,3.109,250.0,250.0,79.378,23.759,8.881,74.184,51.278,31.795,19.483,31.406,7.088,0.727,6.361,6.386,0.000,0.000,0.000,0.000,20.0,
17.11.2025,13:35:31.280,17.672,27.129,19.622,3.059,250.0,250.0,82.634,39.774,8.783,68.063,47.457,29.425,18.032,29.073,10.517,1.695,8.822,175.870,0.000,0.000,0.000,0.000,20.0,
17.11.2025,13:35:32.280,20.391,28.073,20.518,3.073,250.0,250.0,79.351,23.950,8.821,74.838,51.621,32.008,19.613,31.631,7.255,0.811,6.444,6.463,0.000,0.000,0.000,0.000,20.0,
17.11.2025,13:35:33.280,17.672,25.499,18.018,3.061,250.0,250.0,79.306,23.976,8.884,75.025,51.813,32.134,19.679,31.744,7.066,0.714,6.352,6.352,0.000,0.000,0.000,0.000,20.0,
17.11.2025,13:35:34.280,31.266,27.352,19.852,3.079,250.0,250.0,83.574,40.505,8.879,72.515,50.231,31.142,19.089,30.765,92.887,21.275,71.612,6.658,0.000,0.000,0.000,0.000,20.0,
17.11.2025,13:35:35.279,16.313,24.579,17.085,3.071,250.0,250.0,79.346,23.968,8.882,74.907,51.714,32.073,19.641,31.684,7.208,0.845,6.363,6.361,0.000,0.000,0.000,0.000,20.0,
17.11.2025,13:35:36.299,16.313,27.273,19.731,3.089,250.0,250.0,82.961,23.518,8.845,73.177,50.622,31.394,19.228,31.018,7.226,0.776,6.450,6.446,0.000,0.000,0.000,0.000,20.0,
17.11.2025,13:35:37.298,19.032,26.424,18.919,3.084,250.0,250.0,82.718,40.611,8.831,79.620,54.545,33.822,20.723,33.421,7.691,1.062,6.629,159.771,0.000,0.000,0.000,0.000,20.0,
17.11.2025,13:35:38.296,17.672,26.428,18.992,3.036,250.0,250.0,79.987,23.539,8.784,73.360,50.695,31.435,19.260,31.059,7.194,0.787,6.407,6.403,0.001,0.000,0.000,0.000,20.0,
17.11.2025,13:35:39.295,16.313,26.612,19.079,3.072,250.0,250.0,82.440,28.058,8.819,62.881,44.305,27.469,16.836,27.140,40.325,14.456,25.869,12.484,0.000,0.000,0.000,0.000,20.0,
17.11.2025,13:35:40.292,33.985,26.136,18.628,3.088,250.0,250.0,80.259,23.565,8.845,73.363,50.739,31.464,19.275,31.088,7.219,0.778,6.441,6.438,0.000,0.000,0.000,0.000,20.0,
17.11.2025,13:35:41.291,14.953,27.224,19.653,3.085,250.0,250.0,79.780,23.854,8.857,74.615,51.525,31.948,19.577,31.559,7.057,0.714,6.343,6.343,0.000,0.000,0.000,0.000,20.0,
17.11.2025,13:35:42.290,19.032,26.543,19.060,3.086,250.0,250.0,82.996,25.449,8.879,74.372,51.385,31.859,19.526,31.470,15.245,2.035,13.210,6.505,0.000,0.000,0.000,0.000,20.0,
17.11.2025,13:35:43.288,19.032,26.543,19.060,3.086,250.0,250.0,79.749,24.153,8.881,75.666,52.187,32.364,19.823,31.975,7.121,0.758,6.363,6.394,0.000,0.000,0.000,0.000,20.0,
17.11.2025,13:35:44.300,20.391,27.637,20.143,3.061,250.0,250.0,82.853,45.999,8.845,74.928,51.717,32.064,19.653,31.675,117.389,33.401,83.988,6.335,0.000,0.000,0.000,0.000,20.0,
17.11.2025,13:35:45.301,29.907,25.353,17.833,3.062,250.0,250.0,79.006,23.709,8.885,73.851,51.072,31.670,19.402,31.281,7.235,0.793,6.442,6.463,0.000,0.000,0.000,0.000,20.0,
17.11.2025,13:35:46.302,24.469,26.340,18.843,3.041,250.0,250.0,79.244,24.241,8.863,76.002,52.410,32.495,19.915,32.105,7.119,0.767,6.352,6.386,0.000,0.000,0.000,0.000,20.0,
17.11.2025,13:35:47.299,28.547,27.520,20.072,3.064,250.0,250.0,83.022,38.802,8.860,75.976,52.385,32.479,19.906,32.090,79.749,16.271,63.478,6.828,0.000,0.000,0.000,0.000,20.0,
17.11.2025,13:35:48.297,24.469,26.618,19.075,3.062,250.0,250.0,80.268,23.815,8.966,74.297,51.419,31.888,19.531,31.499,7.086,0.717,6.369,6.378,0.000,0.000,0.000,2.250,20.0,
17.11.2025,13:35:49.300,17.672,24.986,17.495,3.064,250.0,250.0,83.383,26.387,8.950,74.592,51.577,31.982,19.595,31.593,19.451,2.718,16.733,6.683,0.000,0.000,0.000,0.000,20.0,
17.11.2025,13:35:50.298,16.313,26.229,18.760,3.068,250.0,250.0,79.434,23.725,8.924,73.957,51.156,31.727,19.429,31.338,7.144,0.771,6.373,6.429,0.000,0.000,0.000,1.125,20.0,
17.11.2025,13:35:51.295,23.110,26.001,18.492,3.069,250.0,250.0,83.820,37.173,8.934,70.618,49.121,30.462,18.659,30.097,78.738,27.883,50.855,6.361,0.000,0.000,0.000,0.000,20.0,
17.11.2025,13:35:52.289,29.907,25.795,18.250,3.090,250.0,250.0,79.633,23.800,8.856,74.324,51.336,31.830,19.506,31.441,7.162,0.772,6.390,6.386,0.000,0.000,0.000,0.000,20.0,
17.11.2025,13:35:53.291,28.547,24.718,17.234,3.066,250.0,250.0,82.652,23.529,8.818,73.268,50.663,31.419,19.244,31.030,7.234,0.856,6.378,6.378,0.000,0.000,0.000,0.000,20.0,
17.11.2025,13:35:54.298,13.594,24.930,17.403,3.069,250.0,250.0,79.185,23.641,8.844,73.645,50.927,31.572,19.355,31.195,7.224,0.791,6.433,6.429,0.000,0.000,0.000,0.000,20.0,
17.11.2025,13:35:55.295,16.313,26.345,18.893,3.043,250.0,250.0,82.124,45.783,8.831,74.420,51.383,31.865,19.518,31.476,116.902,33.230,83.672,6.539,0.000,0.000,0.000,0.000,20.0,
17.11.2025,13:35:56.298,19.032,28.500,20.948,3.082,250.0,250.0,78.785,24.179,8.905,75.682,52.238,32.389,19.849,32.000,7.172,0.783,6.389,6.386,0.000,0.000,0.000,0.000,20.0,
17.11.2025,13:35:57.297,25.829,27.385,19.868,3.054,250.0,250.0,82.607,32.476,8.829,73.836,51.027,31.644,19.383,31.255,51.083,6.672,44.411,6.616,0.000,0.000,0.000,0.000,20.0,
17.11.2025,13:35:58.292,14.953,25.864,18.404,3.048,250.0,250.0,82.323,24.153,8.844,75.693,52.199,32.360,19.839,31.971,7.132,0.770,6.362,6.361,0.000,0.000,0.000,0.000,20.0,
17.11.2025,13:35:59.297,31.266,26.987,19.498,3.064,250.0,250.0,79.627,46.072,8.986,74.834,51.745,32.082,19.663,31.693,117.468,33.397,84.071,6.786,0.000,0.000,0.000,0.000,20.0,
17.11.2025,13:36:0.299,17.672,34.430,26.462,3.450,250.0,250.0,79.609,24.009,8.928,75.029,51.827,32.137,19.690,31.748,7.169,0.772,6.397,6.394,0.000,0.000,0.000,0.000,20.0,
17.11.2025,13:36:1.297,14.953,30.116,22.273,3.353,250.0,250.0,83.152,47.630,8.854,74.760,51.618,32.013,19.605,31.624,125.542,34.732,90.810,6.743,0.000,0.000,0.000,0.000,20.0,
17.11.2025,13:36:2.290,23.110,27.965,20.469,3.070,250.0,250.0,82.762,23.522,8.855,73.335,50.735,31.457,19.278,31.081,7.058,0.715,6.343,6.361,0.000,0.000,0.000,0.000,20.0,
17.11.2025,13:36:3.288,19.032,25.385,17.876,3.060,250.0,250.0,79.403,47.609,8.849,74.643,51.528,31.951,19.577,31.575,125.668,34.843,90.825,6.633,0.000,0.000,0.000,0.000,20.0,
17.11.2025,13:36:4.296,17.672,26.159,18.678,3.064,250.0,250.0,79.229,23.998,8.866,75.087,51.828,32.130,19.698,31.741,7.124,0.721,6.403,6.386,0.000,0.000,0.000,0.000,20.0,
17.11.2025,13:36:5.296,19.032,26.019,18.465,3.076,250.0,250.0,82.645,25.009,8.890,72.663,50.340,31.210,19.130,30.834,15.243,1.977,13.266,6.539,0.000,0.000,0.000,0.000,20.0,
17.11.2025,13:36:6.294,14.953,28.935,21.433,3.075,250.0,250.0,81.458,23.196,8.814,72.133,49.958,30.985,18.973,30.609,7.067,0.715,6.352,6.352,0.000,0.000,0.000,0.000,20.0,
17.11.2025,13:36:7.295,20.391,27.886,20.391,3.088,250.0,250.0,82.080,23.632,8.840,73.667,50.936,31.584,19.352,31.195,7.157,0.728,6.429,6.429,0.000,0.000,0.000,0.000,20.0,
17.11.2025,13:36:8.292,16.313,28.193,20.676,3.067,250.0,250.0,82.930,47.748,8.842,75.078,51.790,32.114,19.676,31.725,125.712,34.791,90.921,6.828,0.000,0.000,1.750,0.000,20.0,
17.11.2025,13:36:9.302,29.907,27.617,20.039,3.133,250.0,250.0,78.999,23.871,8.878,74.612,51.529,31.947,19.582,31.558,7.099,0.730,6.369,6.403,0.000,0.000,0.000,0.000,20.0,
17.11.2025,13:36:10.300,19.032,26.663,19.116,3.102,250.0,250.0,82.824,27.734,8.891,75.811,52.295,32.424,19.871,32.035,24.715,3.224,21.491,6.582,0.000,0.000,0.000,0.000,20.0,
17.11.2025,13:36:11.299,29.907,26.628,19.139,3.070,250.0,250.0,82.959,43.239,8.856,75.505,52.078,32.292,19.786,31.903,102.790,31.704,71.086,6.386,0.001,0.000,0.000,0.000,20.0,
17.11.2025,13:36:12.298,17.672,26.872,19.353,3.087,250.0,250.0,80.075,23.552,8.866,73.350,50.744,31.472,19.272,31.096,7.145,0.725,6.420,6.429,0.000,0.000,0.000,0.000,20.0,
17.11.2025,13:36:13.288,17.672,26.930,19.372,3.096,250.0,250.0,81.923,27.764,8.888,57.914,41.260,25.585,15.675,25.281,47.855,17.572,30.283,7.326,0.000,0.000,0.000,0.000,20.0,
17.11.2025,13:36:14.302,24.469,25.866,18.401,3.043,250.0,250.0,78.639,23.381,8.880,72.565,50.283,31.184,19.099,30.807,7.262,0.795,6.467,6.463,0.000,0.000,0.000,1.625,20.0,
17.11.2025,13:36:15.302,19.032,26.121,18.593,3.054,250.0,250.0,81.592,33.297,8.832,61.806,43.613,27.041,16.572,26.725,30.770,9.367,21.403,86.842,0.000,0.000,0.000,0.000,20.0,
17.11.2025,13:36:16.291,14.953,26.298,18.792,3.066,250.0,250.0,79.596,23.568,8.805,73.515,50.816,31.512,19.304,31.123,7.107,0.721,6.386,6.386,0.000,0.000,0.000,0.000,20.0,
17.11.2025,13:36:17.303,14.953,25.396,17.878,3.092,250.0,250.0,79.855,22.180,8.793,67.989,47.412,29.395,18.017,29.043,7.298,0.742,6.556,6.556,0.000,0.000,1.000,0.000,20.0,
17.11.2025,13:36:18.434,17.672,26.820,19.299,3.094,250.0,250.0,76.268,21.920,8.866,67.007,46.837,29.041,17.796,28.700,7.230,0.741,6.489,6.489,0.000,0.000,0.000,0.000,20.0,
17.11.2025,13:36:19.435,20.391,27.339,19.832,3.068,250.0,250.0,73.039,21.929,8.841,66.889,46.754,28.986,17.768,28.633,7.393,0.759,6.634,6.633,0.000,0.000,0.375,0.000,20.0,
17.11.2025,13:36:20.436,16.313,23.092,15.712,2.987,250.0,250.0,76.401,22.005,8.838,67.500,47.141,29.235,17.906,28.882,7.091,0.722,6.369,6.369,0.000,0.000,0.000,0.000,20.0,
17.11.2025,13:36:21.435,19.032,28.586,21.067,3.051,250.0,250.0,76.442,21.981,8.828,67.463,47.103,29.210,17.893,28.857,7.057,0.714,6.343,6.343,0.000,0.000,0.000,2.375,20.0,
17.11.2025,13:36:22.436,21.750,27.614,20.139,3.060,250.0,250.0,72.811,21.998,8.829,67.509,47.144,29.225,17.919,28.873,7.069,0.726,6.343,6.343,0.000,0.000,0.000,0.000,20.0,
17.11.2025,13:36:23.436,17.672,26.927,19.451,3.011,250.0,250.0,73.072,22.063,8.828,67.695,47.249,29.300,17.949,28.935,7.134,0.731,6.403,6.403,0.000,0.000,0.000,0.000,20.0,
17.11.2025,13:36:24.428,16.313,26.860,19.467,2.997,250.0,250.0,72.639,25.217,8.828,79.769,54.723,33.937,20.786,33.524,7.115,0.737,6.378,6.378,0.000,0.000,0.000,0.000,20.0,
17.11.2025,13:36:25.437,17.672,27.109,19.615,3.038,250.0,250.0,65.015,23.894,8.864,74.763,51.606,32.003,19.603,31.614,7.066,0.714,6.352,6.352,0.000,0.000,0.000,0.000,20.0,
17.11.2025,13:36:26.439,14.953,24.401,16.864,3.140,250.0,250.0,82.467,23.914,8.864,74.682,51.566,31.972,19.594,31.595,7.210,0.803,6.407,6.446,0.000,0.000,0.000,0.000,20.0,
17.11.2025,13:36:27.435,20.391,25.369,17.782,3.109,250.0,250.0,82.034,19.035,8.832,56.133,40.171,24.906,15.265,24.601,7.049,0.714,6.335,6.343,0.000,0.000,0.000,0.000,20.0,
17.11.2025,13:36:28.430,17.672,28.525,21.034,3.068,250.0,250.0,78.469,23.485,8.852,73.019,50.528,31.325,19.203,30.948,7.248,0.781,6.467,6.480,0.000,0.000,0.000,0.000,20.0,
17.11.2025,13:36:29.428,20.391,27.795,20.270,3.095,250.0,250.0,79.260,52.815,8.811,65.813,46.106,28.584,17.522,28.243,7.066,0.714,6.352,318.941,0.000,0.000,0.000,0.000,20.0,
17.11.2025,13:36:30.436,27.188,25.911,18.438,3.061,250.0,250.0,82.576,24.018,8.844,75.208,51.887,32.172,19.715,31.783,7.092,0.723,6.369,6.386,0.000,0.000,0.000,0.000,20.0,
17.11.2025,13:36:31.435,21.750,25.778,18.246,3.092,250.0,250.0,82.622,23.456,8.854,72.883,50.456,31.292,19.164,30.916,7.252,0.785,6.467,6.489,0.000,0.000,0.000,0.000,20.0,
17.11.2025,13:36:32.436,20.391,27.657,20.101,3.107,250.0,250.0,80.248,23.740,8.815,74.182,51.231,31.774,19.457,31.385,7.092,0.740,6.352,6.369,0.000,0.000,0.000,0.000,20.0,
17.11.2025,13:36:33.436,31.266,26.070,18.484,3.114,250.0,250.0,82.831,23.622,8.816,73.615,50.867,31.543,19.324,31.166,7.220,0.787,6.433,6.446,0.000,0.000,0.000,0.375,20.0,
17.11.2025,13:36:34.436,17.672,26.626,19.120,3.089,250.0,250.0,79.062,23.416,8.925,72.843,50.473,31.300,19.173,30.911,7.079,0.718,6.361,6.378,0.000,0.000,0.000,0.000,20.0,
17.11.2025,13:36:35.436,33.985,25.188,17.675,3.088,250.0,250.0,82.977,47.282,8.973,73.504,50.922,31.574,19.348,31.198,125.317,34.616,90.701,6.667,0.000,0.000,0.000,0.000,20.0,
17.11.2025,13:36:36.435,24.469,26.108,18.592,3.056,250.0,250.0,79.625,23.670,8.922,73.818,51.061,31.664,19.397,31.288,7.092,0.723,6.369,6.369,0.000,0.000,0.000,0.000,20.0,
17.11.2025,13:36:37.436,19.032,26.915,19.419,3.108,250.0,250.0,82.934,47.136,8.839,73.247,50.665,31.412,19.253,31.035,125.177,34.548,90.629,6.556,0.000,0.000,0.000,0.000,20.0,
17.11.2025,13:36:38.435,19.032,24.399,16.876,3.076,250.0,250.0,78.679,23.593,8.755,73.681,50.887,31.548,19.339,31.171,7.083,0.722,6.361,6.386,0.000,0.000,0.000,0.000,20.0,
17.11.2025,13:36:39.436,14.953,27.144,19.638,3.078,250.0,250.0,82.412,46.796,8.779,74.883,51.632,32.016,19.616,31.627,121.410,33.902,87.508,6.590,0.000,0.000,0.000,0.000,20.0,
17.11.2025,13:36:40.436,19.032,26.214,18.676,3.091,250.0,250.0,79.310,23.866,8.863,74.603,51.531,31.956,19.575,31.567,7.095,0.717,6.378,6.378,0.000,0.000,0.000,0.000,20.0,
17.11.2025,13:36:41.435,19.032,27.965,20.428,3.066,250.0,250.0,83.035,56.195,8.866,71.131,49.376,30.617,18.759,30.253,7.176,0.841,6.335,338.598,0.000,0.000,0.000,0.000,20.0,
17.11.2025,13:36:42.437,17.672,24.750,17.224,3.101,250.0,250.0,79.190,23.554,8.864,73.373,50.752,31.474,19.278,31.097,7.159,0.773,6.386,6.386,0.001,0.000,0.000,0.000,20.0,
17.11.2025,13:36:43.435,23.110,25.310,17.800,3.053,250.0,250.0,82.834,24.226,8.867,75.800,52.290,32.424,19.866,32.023,7.262,0.795,6.467,6.463,0.000,0.000,0.000,0.000,20.0,
17.11.2025,13:36:44.434,20.391,27.077,19.638,3.042,250.0,250.0,83.456,23.621,8.841,73.733,50.964,31.599,19.365,31.223,7.066,0.714,6.352,6.352,0.000,0.000,0.000,0.000,20.0,
17.11.2025,13:36:45.432,17.672,26.964,19.435,3.061,250.0,250.0,83.456,23.621,8.841,73.733,50.964,31.599,19.365,31.223,7.066,0.714,6.352,6.352,0.000,0.000,0.000,0.000,20.0,
17.11.2025,13:36:46.431,16.313,24.821,17.397,3.013,250.0,250.0,79.159,23.936,8.828,74.779,51.613,32.003,19.610,31.614,7.237,0.795,6.442,6.438,0.000,0.000,0.375,0.000,20.0,
17.11.2025,13:36:47.436,17.672,28.202,20.700,3.065,250.0,250.0,82.503,22.775,8.779,70.522,48.981,30.368,18.613,30.003,7.066,0.714,6.352,6.352,0.000,0.000,0.000,0.000,20.0,
17.11.2025,13:36:48.436,16.313,26.520,19.074,3.013,250.0,250.0,82.078,23.565,8.777,73.464,50.769,31.482,19.287,31.093,7.154,0.734,6.420,6.471,0.000,0.000,0.000,0.375,20.0,
17.11.2025,13:36:49.436,20.391,26.759,19.298,3.028,250.0,250.0,81.152,23.665,8.825,73.911,51.063,31.665,19.398,31.289,7.068,0.716,6.352,6.361,0.000,0.000,0.000,0.000,20.0,
17.11.2025,13:36:50.435,20.391,26.714,19.192,3.053,250.0,250.0,79.792,24.079,8.802,75.398,51.981,32.228,19.753,31.839,7.165,0.736,6.429,6.463,0.000,0.000,0.000,0.000,20.0,
17.11.2025,13:36:51.437,16.313,25.555,18.077,3.041,250.0,250.0,83.091,23.116,8.803,71.794,49.770,30.859,18.911,30.482,7.092,0.740,6.352,6.352,0.000,0.000,0.000,0.000,20.0,
17.11.2025,13:36:52.436,17.672,24.916,17.413,3.058,250.0,250.0,79.242,23.826,8.817,74.459,51.399,31.872,19.527,31.495,7.128,0.725,6.403,6.438,0.000,0.000,0.000,0.000,20.0,
17.11.2025,13:36:53.435,21.750,26.864,19.368,3.058,250.0,250.0,81.932,23.642,8.765,73.889,51.009,31.630,19.379,31.253,7.068,0.716,6.352,6.361,0.000,0.000,0.000,0.000,20.0,
17.11.2025,13:36:54.437,19.032,23.504,16.031,3.045,250.0,250.0,79.878,85.270,8.775,65.859,46.083,28.576,17.507,28.224,103.017,31.732,71.285,451.646,0.000,0.000,0.000,0.500,20.0,
17.11.2025,13:36:55.432,20.391,29.037,21.528,3.087,250.0,250.0,79.660,23.621,8.778,73.672,50.893,31.556,19.337,31.180,7.139,0.727,6.412,6.514,0.000,0.000,0.000,0.000,20.0,
17.11.2025,13:36:56.436,17.672,26.810,19.318,3.078,250.0,250.0,82.806,23.804,8.819,74.398,51.376,31.857,19.519,31.468,7.106,0.720,6.386,6.386,0.000,0.000,0.000,0.000,20.0,
17.11.2025,13:36:57.436,24.469,26.068,18.568,3.068,250.0,250.0,79.484,36.914,8.830,73.563,50.849,31.530,19.319,31.154,73.655,13.848,59.807,6.582,0.000,0.000,0.000,0.000,20.0,
17.11.2025,13:36:58.436,17.672,24.694,17.220,3.078,250.0,250.0,78.784,23.650,8.864,73.811,51.024,31.635,19.389,31.259,7.080,0.719,6.361,6.361,0.000,0.000,0.000,2.625,20.0,
17.11.2025,13:36:59.436,33.985,28.085,20.566,3.066,250.0,250.0,82.496,47.442,8.881,78.667,54.029,33.497,20.532,33.096,119.693,33.872,85.821,6.335,0.000,0.000,0.000,0.000,20.0,
17.11.2025,13:37:0.435,19.032,25.774,18.251,3.079,250.0,250.0,78.751,24.158,8.829,75.704,52.190,32.363,19.827,31.962,7.145,0.725,6.420,6.420,0.000,0.000,0.000,0.000,20.0,
17.11.2025,13:37:1.437,21.750,31.239,23.075,3.626,250.0,250.0,78.643,23.654,8.820,73.881,51.044,31.652,19.392,31.263,7.066,0.714,6.352,6.352,0.000,0.000,0.000,0.000,20.0,
17.11.2025,13:37:2.437,17.672,28.712,21.005,3.251,250.0,250.0,81.908,46.303,8.807,73.762,50.959,31.603,19.356,31.227,120.291,32.874,87.417,6.734,0.000,0.000,0.000,0.000,20.0,
17.11.2025,13:37:3.437,25.829,27.301,19.773,3.071,250.0,250.0,78.997,24.286,8.817,76.245,52.514,32.555,19.959,32.166,7.107,0.721,6.386,6.386,0.000,0.000,0.000,0.000,20.0,
17.11.2025,13:37:4.430,20.391,26.391,18.862,3.068,250.0,250.0,82.107,26.439,8.830,73.115,50.581,31.360,19.221,30.983,21.908,2.900,19.008,6.480,0.000,0.000,0.000,0.000,20.0,
17.11.2025,13:37:5.437,23.110,27.983,20.475,3.065,250.0,250.0,78.806,23.581,8.855,73.515,50.845,31.523,19.322,31.146,7.110,0.724,6.386,6.386,0.000,0.000,0.000,0.000,20.0,
17.11.2025,13:37:6.436,14.953,24.603,17.145,3.034,250.0,250.0,81.984,44.373,8.843,73.266,50.676,31.419,19.257,31.042,111.376,29.876,81.500,6.480,0.000,0.000,0.000,0.000,20.0,
17.11.2025,13:37:7.435,21.750,27.427,19.930,3.057,250.0,250.0,78.250,23.320,8.819,72.509,50.200,31.134,19.066,30.757,7.152,0.732,6.420,6.412,0.000,0.000,0.000,0.000,20.0,
17.11.2025,13:37:8.436,14.953,26.287,18.804,3.056,250.0,250.0,79.553,34.060,8.840,62.853,44.265,27.449,16.816,27.109,7.311,0.738,6.573,138.648,0.000,0.000,0.000,0.000,20.0,
17.11.2025,13:37:9.436,19.032,26.665,19.159,3.070,250.0,250.0,78.786,23.418,8.855,72.876,50.446,31.274,19.172,30.897,7.125,0.722,6.403,6.412,0.000,0.000,0.000,0.000,20.0,
17.11.2025,13:37:10.436,33.985,28.187,20.738,3.038,250.0,250.0,81.852,47.663,8.797,75.098,51.781,32.106,19.675,31.729,125.359,34.641,90.718,6.726,0.001,0.000,0.000,0.000,20.0,
17.11.2025,13:37:11.437,16.313,26.665,19.134,3.066,250.0,250.0,78.944,23.656,8.844,73.803,51.017,31.634,19.383,31.257,7.105,0.727,6.378,6.412,0.000,0.000,0.000,0.000,20.0,
17.11.2025,13:37:12.436,19.032,25.912,18.382,3.070,250.0,250.0,82.332,37.889,8.877,71.262,49.452,30.668,18.784,30.303,81.603,28.590,53.013,6.343,0.000,0.000,0.000,0.000,20.0,
17.11.2025,13:37:13.434,16.313,25.821,18.326,3.082,250.0,250.0,79.077,24.071,8.916,75.273,51.977,32.237,19.740,31.848,7.146,0.734,6.412,6.429,0.000,0.000,0.000,0.000,20.0,
17.11.2025,13:37:14.432,20.391,26.458,18.925,3.080,250.0,250.0,81.403,35.332,8.894,82.147,56.174,34.829,21.345,34.404,25.090,6.706,18.384,65.352,0.000,0.000,0.000,0.000,20.0,
17.11.2025,13:37:15.436,17.672,27.518,19.981,3.088,250.0,250.0,81.248,23.948,8.830,74.857,51.667,32.030,19.637,31.641,7.185,0.731,6.454,6.446,0.000,0.000,0.000,0.000,20.0,
17.11.2025,13:37:16.439,17.672,26.080,18.578,3.081,250.0,250.0,79.531,23.934,8.806,74.855,51.649,32.022,19.627,31.633,7.174,0.780,6.394,6.394,0.000,0.000,0.000,0.000,20.0,
17.11.2025,13:37:17.435,16.313,27.657,20.132,3.079,250.0,250.0,82.902,37.285,8.829,62.228,43.893,27.219,16.674,26.891,7.255,0.912,6.343,172.602,0.000,0.000,0.000,0.000,20.0,
17.11.2025,13:37:18.436,21.750,27.516,20.018,3.059,250.0,250.0,79.550,23.832,8.844,74.402,51.377,31.861,19.516,31.472,7.207,0.775,6.432,6.429,0.000,0.000,0.000,0.000,20.0,
17.11.2025,13:37:19.435,24.469,26.977,19.402,3.108,250.0,250.0,78.490,29.633,8.809,48.455,35.434,21.969,13.465,21.701,7.106,0.763,6.343,132.282,0.000,0.000,0.000,0.000,20.0,
17.11.2025,13:37:20.436,16.313,25.910,18.470,3.025,250.0,250.0,77.699,27.210,8.952,68.857,48.059,29.801,18.258,29.437,31.100,3.749,27.351,6.530,0.000,0.000,0.000,0.000,20.0,
17.11.2025,13:37:21.435,19.032,23.471,16.021,3.039,250.0,250.0,77.180,24.642,8.995,68.622,47.925,29.718,18.207,29.365,18.556,2.025,16.531,6.480,0.000,0.000,0.000,0.000,20.0,
17.11.2025,13:37:22.428,23.110,28.534,20.965,3.119,250.0,250.0,77.257,22.392,9.008,68.806,48.053,29.795,18.258,29.430,7.095,0.717,6.378,6.378,0.000,0.000,0.000,0.000,20.0,
17.11.2025,13:37:23.431,19.032,27.429,19.965,3.034,250.0,250.0,77.241,44.093,8.878,68.294,47.646,29.543,18.103,29.190,116.329,33.044,83.285,6.616,0.000,0.000,0.000,0.000,20.0,
17.11.2025,13:37:24.431,17.672,25.665,18.250,2.998,250.0,250.0,70.951,22.280,8.831,68.608,47.820,29.655,18.165,29.290,7.049,0.714,6.335,6.335,0.000,0.000,0.000,0.000,20.0,
17.11.2025,13:37:25.436,16.313,25.973,18.545,3.015,250.0,250.0,73.014,22.042,8.783,67.748,47.248,29.294,17.954,28.942,7.058,0.723,6.335,6.335,0.000,0.000,0.000,0.000,20.0,
17.11.2025,13:37:26.436,27.188,25.212,17.799,2.969,250.0,250.0,74.240,47.004,8.779,72.842,50.360,31.226,19.134,30.850,125.195,34.624,90.571,6.463,0.000,0.000,0.000,0.000,20.0,
17.11.2025,13:37:27.436,20.391,27.876,20.383,3.062,250.0,250.0,78.533,23.487,8.949,73.046,50.599,31.380,19.219,31.004,7.132,0.729,6.403,6.403,0.000,0.000,0.000,0.000,20.0,
17.11.2025,13:37:28.435,17.672,23.998,16.509,3.063,250.0,250.0,81.900,47.314,8.911,73.656,50.970,31.607,19.363,31.230,125.333,34.582,90.751,6.734,0.000,0.000,0.000,0.000,20.0,
17.11.2025,13:37:29.434,17.672,26.244,18.799,3.072,250.0,250.0,79.613,23.666,8.817,73.917,51.064,31.666,19.398,31.278,7.078,0.717,6.361,6.361,0.000,0.000,0.000,0.000,20.0,
17.11.2025,13:37:30.434,17.672,26.716,19.159,3.067,250.0,250.0,83.173,23.532,8.807,73.215,50.645,31.405,19.240,31.016,7.271,0.821,6.450,6.446,0.000,0.000,0.000,0.000,20.0,
17.11.2025,13:37:31.433,24.469,26.385,18.903,3.075,250.0,250.0,78.335,23.518,8.807,73.338,50.713,31.439,19.274,31.062,7.082,0.721,6.361,6.386,0.000,0.000,0.000,0.000,20.0,
17.11.2025,13:37:32.434,17.672,25.858,18.364,3.047,250.0,250.0,82.597,23.928,8.769,74.967,51.697,32.063,19.634,31.674,7.057,0.714,6.343,6.361,0.000,0.000,0.000,0.000,20.0,
17.11.2025,13:37:33.436,17.672,26.087,18.633,3.063,250.0,250.0,79.421,72.604,8.825,68.324,47.627,29.536,18.091,29.183,102.778,31.579,71.199,318.894,0.000,0.000,0.000,0.000,20.0,
17.11.2025,13:37:34.435,16.313,28.983,21.447,3.051,250.0,250.0,79.379,20.097,8.768,45.800,33.780,20.940,12.840,20.684,25.930,3.329,22.601,6.302,0.000,0.000,0.000,0.000,20.0,
17.11.2025,13:37:35.436,17.672,24.440,17.011,3.030,250.0,250.0,82.587,35.913,8.830,51.660,37.406,23.188,14.218,22.908,33.876,10.967,22.909,133.170,0.001,0.000,0.000,0.000,20.0,
17.11.2025,13:37:36.436,21.750,26.988,19.380,3.087,250.0,250.0,79.504,24.117,8.828,75.464,52.043,32.266,19.777,31.877,7.219,0.786,6.433,6.480,0.000,0.000,0.000,0.000,20.0,
17.11.2025,13:37:37.430,21.750,25.737,18.302,3.037,250.0,250.0,82.305,23.724,8.802,74.064,51.134,31.710,19.424,31.321,7.169,0.779,6.390,6.446,0.000,0.000,2.125,0.000,20.0,
17.11.2025,13:37:38.437,17.672,27.106,19.609,3.090,250.0,250.0,80.746,23.661,8.801,73.926,51.057,31.659,19.398,31.271,7.066,0.714,6.352,6.361,0.000,0.000,0.000,0.000,20.0,
17.11.2025,13:37:39.436,21.750,25.279,17.763,3.049,250.0,250.0,79.821,23.580,8.806,73.398,50.736,31.455,19.281,31.079,7.263,0.788,6.475,6.514,0.000,0.000,0.000,0.000,20.0,
17.11.2025,13:37:40.436,23.110,26.647,19.111,3.072,250.0,250.0,82.915,23.543,8.818,73.453,50.787,31.488,19.299,31.112,7.057,0.714,6.343,6.361,0.000,0.000,0.000,0.000,20.0,
17.11.2025,13:37:41.435,25.829,26.713,19.218,3.053,250.0,250.0,79.346,23.985,8.869,74.925,51.714,32.066,19.648,31.678,7.230,0.788,6.442,6.489,0.000,0.000,0.000,0.000,20.0,
17.11.2025,13:37:42.454,14.953,25.872,18.412,3.056,250.0,250.0,83.041,42.727,8.804,57.753,41.134,25.512,15.622,25.208,7.283,0.940,6.343,238.668,0.000,0.000,0.000,0.000,20.0,
17.11.2025,13:37:43.455,19.032,27.300,19.786,3.062,250.0,250.0,79.294,23.583,8.889,73.346,50.762,31.480,19.282,31.092,7.213,0.780,6.433,6.556,0.000,0.000,0.000,0.000,20.0,
17.11.2025,13:37:44.453,17.672,26.086,18.608,3.068,250.0,250.0,79.830,23.634,8.904,73.691,50.989,31.615,19.374,31.238,7.078,0.717,6.361,6.378,0.000,0.000,0.000,0.000,20.0,
17.11.2025,13:37:45.456,23.110,26.353,18.816,3.052,250.0,250.0,83.243,45.989,8.998,72.795,50.492,31.312,19.180,30.935,119.917,33.900,86.017,6.343,0.000,0.000,0.000,0.000,20.0,
17.11.2025,13:37:46.456,17.672,25.451,17.995,3.047,250.0,250.0,79.979,23.997,8.904,74.966,51.777,32.099,19.678,31.710,7.203,0.770,6.433,6.429,0.000,0.000,0.000,0.000,20.0,
17.11.2025,13:37:47.455,17.672,25.790,18.288,3.039,250.0,250.0,83.253,23.757,8.843,74.220,51.267,31.788,19.479,31.400,7.096,0.718,6.378,6.378,0.000,0.000,0.000,2.375,20.0,
17.11.2025,13:37:48.455,17.672,25.517,18.057,3.042,250.0,250.0,79.646,41.034,8.877,70.459,48.987,30.377,18.610,30.012,98.271,30.973,67.298,6.480,0.000,0.000,0.000,0.000,20.0,
17.11.2025,13:37:49.451,20.391,26.965,19.479,3.058,250.0,250.0,80.062,23.854,8.948,74.407,51.445,31.900,19.545,31.511,7.188,0.781,6.407,6.403,0.000,0.000,0.125,1.250,20.0,
17.11.2025,13:37:50.454,27.188,27.055,19.528,3.062,250.0,250.0,83.199,17.093,8.854,48.639,35.586,22.071,13.515,21.803,7.057,0.714,6.343,6.343,0.000,0.000,0.000,0.000,20.0,
17.11.2025,13:37:51.457,20.391,26.381,18.927,3.046,250.0,250.0,79.995,45.448,8.964,74.166,51.315,31.819,19.496,31.430,115.352,31.013,84.339,6.590,0.001,0.000,0.000,0.000,20.0,
17.11.2025,13:37:52.453,32.625,26.411,18.852,3.071,250.0,250.0,80.118,24.278,8.891,76.125,52.486,32.539,19.947,32.150,7.121,0.727,6.394,6.394,0.000,0.000,0.000,0.000,20.0,
17.11.2025,13:37:53.455,16.313,27.170,19.724,3.049,250.0,250.0,83.009,42.617,8.939,71.520,49.689,30.808,18.881,30.431,104.780,31.827,72.953,6.343,0.000,0.000,0.000,0.000,20.0,
17.11.2025,13:37:54.451,14.953,25.883,18.366,3.100,250.0,250.0,79.965,23.448,8.852,72.825,50.420,31.260,19.160,30.884,7.279,0.808,6.471,6.522,0.000,0.000,0.000,0.000,20.0,
17.11.2025,13:37:55.448,14.953,25.883,18.366,3.100,250.0,250.0,81.352,23.758,8.845,74.193,51.267,31.791,19.476,31.402,7.106,0.728,6.378,6.394,0.000,0.000,0.000,0.000,20.0,
17.11.2025,13:37:56.453,27.188,26.939,19.450,3.063,250.0,250.0,81.687,23.568,8.828,73.527,50.845,31.527,19.318,31.138,7.066,0.714,6.352,6.361,0.000,0.000,0.000,0.000,20.0,
17.11.2025,13:37:57.454,25.829,27.324,19.776,3.099,250.0,250.0,79.674,43.269,8.842,73.827,51.033,31.648,19.385,31.272,105.170,31.905,73.265,6.343,0.000,0.000,0.000,0.000,20.0,
17.11.2025,13:37:58.453,16.313,24.236,16.743,3.053,250.0,250.0,79.629,23.714,8.889,73.919,51.117,31.700,19.417,31.311,7.147,0.735,6.412,6.489,0.000,0.000,0.000,0.000,20.0,
17.11.2025,13:37:59.455,24.469,24.439,16.952,3.074,250.0,250.0,79.940,23.570,8.891,73.440,50.818,31.517,19.301,31.140,7.105,0.719,6.386,6.386,0.000,0.000,0.000,0.000,20.0,
17.11.2025,13:38:0.448,17.672,26.128,18.634,3.055,250.0,250.0,79.055,23.676,8.833,73.941,51.110,31.694,19.416,31.305,7.051,0.716,6.335,6.361,0.001,0.000,0.000,0.000,20.0,
17.11.2025,13:38:1.457,19.032,26.146,18.579,3.081,250.0,250.0,83.740,24.005,8.831,75.005,51.750,32.090,19.660,31.702,7.252,0.781,6.471,6.505,0.000,0.000,2.250,0.000,20.0,
17.11.2025,13:38:2.454,29.907,27.372,19.677,3.224,250.0,250.0,79.686,23.719,8.818,73.959,51.097,31.679,19.418,31.302,7.238,0.789,6.449,6.446,0.000,0.000,0.000,0.000,20.0,
17.11.2025,13:38:3.456,16.313,33.231,25.089,3.636,250.0,250.0,79.034,23.949,8.815,74.965,51.710,32.061,19.649,31.672,7.117,0.731,6.386,6.386,0.000,0.000,0.000,0.000,20.0,
17.11.2025,13:38:4.452,17.672,26.536,18.988,3.126,250.0,250.0,79.223,23.805,8.816,74.433,51.412,31.880,19.532,31.491,7.068,0.716,6.352,6.352,0.000,0.000,0.000,0.000,20.0,
17.11.2025,13:38:5.450,32.625,24.522,16.987,3.080,250.0,250.0,82.861,47.707,8.818,75.401,52.002,32.241,19.761,31.852,125.218,34.716,90.502,6.556,0.000,0.000,0.000,0.000,20.0,
17.11.2025,13:38:6.448,33.985,26.453,18.965,3.072,250.0,250.0,78.652,23.573,8.999,73.307,50.812,31.501,19.311,31.124,7.134,0.731,6.403,6.403,0.000,0.000,0.000,0.000,20.0,
17.11.2025,13:38:7.449,17.672,25.115,17.585,3.056,250.0,250.0,81.850,47.250,8.890,73.211,50.680,31.421,19.259,31.045,125.583,34.733,90.850,6.828,0.000,0.000,0.000,0.000,20.0,
17.11.2025,13:38:8.452,13.594,24.100,16.617,3.068,250.0,250.0,78.548,23.357,8.890,72.537,50.267,31.166,19.101,30.790,7.186,0.740,6.446,6.446,0.000,0.000,0.000,0.000,20.0,
17.11.2025,13:38:9.451,23.110,26.335,18.780,3.086,250.0,250.0,77.789,23.745,8.794,74.264,51.256,31.779,19.477,31.390,7.068,0.716,6.352,6.352,0.000,0.000,2.375,0.000,20.0,
17.11.2025,13:38:10.451,23.110,26.975,19.498,3.069,250.0,250.0,78.688,31.917,8.795,75.228,51.860,32.156,19.704,31.767,7.058,0.715,6.343,85.546,0.000,0.000,0.000,0.000,20.0,
17.11.2025,13:38:11.449,16.313,26.260,18.700,3.109,250.0,250.0,81.490,23.554,8.841,73.386,50.747,31.471,19.276,31.083,7.158,0.738,6.420,6.420,0.000,0.000,0.000,0.000,20.0,
17.11.2025,13:38:12.450,16.313,26.498,18.992,3.085,250.0,250.0,78.667,23.873,8.893,74.577,51.532,31.960,19.572,31.570,7.110,0.724,6.386,6.403,0.000,0.000,0.000,0.000,20.0,
17.11.2025,13:38:13.447,14.953,26.467,18.940,3.109,250.0,250.0,81.570,20.370,8.857,61.160,43.277,26.835,16.442,26.507,7.134,0.791,6.343,6.352,0.000,0.000,0.000,0.000,20.0,
17.11.2025,13:38:14.445,21.750,23.225,15.733,3.064,250.0,250.0,77.279,23.195,8.907,72.048,49.971,30.984,18.987,30.607,7.049,0.714,6.335,6.352,0.000,0.000,0.000,0.000,20.0,
17.11.2025,13:38:15.459,20.391,26.859,19.292,3.112,250.0,250.0,79.742,24.503,8.977,74.037,51.241,31.771,19.470,31.394,10.739,1.324,9.415,6.658,0.000,0.000,0.000,0.000,20.0,
17.11.2025,13:38:16.458,17.672,28.211,20.669,3.102,250.0,250.0,78.978,23.539,8.840,73.374,50.737,31.460,19.277,31.084,7.109,0.723,6.386,6.403,0.000,0.000,0.000,0.000,20.0,
17.11.2025,13:38:17.457,25.829,25.923,18.373,3.093,250.0,250.0,82.301,23.415,8.832,72.629,50.260,31.174,19.086,30.798,7.510,0.759,6.751,6.352,0.000,0.000,0.000,0.500,20.0,
17.11.2025,13:38:18.453,17.672,25.996,18.480,3.067,250.0,250.0,78.584,36.686,8.791,73.686,50.912,31.573,19.339,31.196,72.269,13.008,59.261,6.828,0.000,0.000,0.000,0.000,20.0,
17.11.2025,13:38:19.454,17.672,25.834,18.291,3.095,250.0,250.0,78.738,23.633,8.803,73.766,50.978,31.612,19.366,31.235,7.087,0.718,6.369,6.394,0.000,0.000,0.000,0.000,20.0,
17.11.2025,13:38:20.453,17.672,26.103,18.623,3.053,250.0,250.0,79.007,44.035,8.890,67.814,47.362,29.370,17.992,29.006,116.572,32.952,83.620,6.769,0.000,0.000,0.000,0.000,20.0,
17.11.2025,13:38:21.451,17.672,25.202,17.678,3.095,250.0,250.0,76.520,22.098,8.863,67.635,47.235,29.294,17.941,28.942,7.269,0.739,6.530,6.530,0.000,0.000,0.000,0.000,20.0,
17.11.2025,13:38:22.459,17.672,25.884,18.409,3.064,250.0,250.0,76.758,22.165,8.839,68.037,47.463,29.438,18.025,29.085,7.166,0.737,6.429,6.429,0.000,0.000,2.125,0.000,20.0,
17.11.2025,13:38:23.462,17.672,25.098,17.622,3.024,250.0,250.0,77.128,22.158,8.805,68.124,47.492,29.453,18.039,29.101,7.096,0.718,6.378,6.378,0.000,0.000,0.000,0.000,20.0,
17.11.2025,13:38:24.465,27.188,24.808,17.326,3.024,250.0,250.0,77.420,43.260,8.804,68.643,47.838,29.663,18.175,29.298,111.840,31.653,80.187,6.497,0.000,0.000,0.000,0.000,20.0,
17.11.2025,13:38:25.480,32.625,24.609,17.172,3.045,250.0,250.0,73.623,21.995,8.841,67.519,47.162,29.241,17.921,28.888,7.031,0.713,6.318,6.318,0.000,0.000,0.000,0.000,20.0,
17.11.2025,13:38:26.480,20.391,25.844,18.397,3.007,250.0,250.0,73.709,22.326,8.807,68.803,47.923,29.719,18.204,29.366,7.049,0.714,6.335,6.335,0.000,0.000,0.000,0.000,20.0,
17.11.2025,13:38:27.479,6.797,26.249,18.795,3.029,250.0,250.0,72.148,23.979,8.881,74.939,51.757,32.093,19.664,31.716,7.177,0.787,6.390,6.386,0.000,0.000,0.000,0.000,20.0,
17.11.2025,13:38:28.480,17.672,26.988,19.569,2.996,250.0,250.0,82.054,23.926,8.903,74.799,51.664,32.041,19.623,31.652,7.116,0.764,6.352,6.352,0.000,0.000,0.000,0.000,20.0,
17.11.2025,13:38:29.477,25.829,26.530,19.040,3.089,250.0,250.0,79.933,42.464,8.959,72.436,50.238,31.151,19.087,30.774,102.651,31.560,71.091,6.692,0.000,0.000,0.000,0.000,20.0,
17.11.2025,13:38:30.490,19.032,24.080,16.536,3.073,250.0,250.0,79.757,23.473,8.901,72.839,50.450,31.288,19.162,30.911,7.326,0.814,6.512,6.530,0.000,0.000,0.000,0.000,20.0,
17.11.2025,13:38:31.487,27.188,25.301,17.820,3.086,250.0,250.0,80.565,23.749,8.819,74.134,51.227,31.765,19.462,31.376,7.148,0.783,6.365,6.412,0.000,0.000,0.000,0.000,20.0,
17.11.2025,13:38:32.489,17.672,26.134,18.604,3.077,250.0,250.0,80.780,23.858,8.820,74.607,51.496,31.933,19.563,31.544,7.120,0.768,6.352,6.378,0.001,0.000,0.000,2.375,20.0,
17.11.2025,13:38:33.488,16.313,23.766,16.307,3.084,250.0,250.0,80.780,23.858,8.820,74.607,51.496,31.933,19.563,31.544,7.120,0.768,6.352,6.378,0.000,0.000,0.000,0.000,20.0,
17.11.2025,13:38:34.487,21.750,23.540,16.036,3.052,250.0,250.0,79.179,47.102,8.797,73.181,50.595,31.380,19.215,31.004,125.024,34.605,90.419,6.802,0.000,0.000,0.000,0.000,20.0,
17.11.2025,13:38:35.488,21.750,28.325,20.785,3.069,250.0,250.0,79.934,23.830,8.771,74.535,51.409,31.876,19.533,31.499,7.140,0.770,6.370,6.394,0.000,0.000,0.000,0.000,20.0,
17.11.2025,13:38:36.491,17.672,26.061,18.506,3.086,250.0,250.0,82.507,46.677,8.831,74.312,51.308,31.820,19.488,31.431,121.375,33.517,87.858,6.828,0.000,0.000,1.500,0.000,20.0,
17.11.2025,13:38:37.491,17.672,24.725,17.186,3.071,250.0,250.0,79.588,23.806,8.856,74.282,51.336,31.838,19.498,31.449,7.175,0.785,6.390,6.454,0.000,0.000,0.000,0.000,20.0,
17.11.2025,13:38:38.499,21.750,27.305,19.829,3.046,250.0,250.0,83.096,20.133,8.810,60.352,42.752,26.513,16.239,26.184,7.066,0.714,6.352,6.352,0.000,0.000,0.000,0.000,20.0,
17.11.2025,13:38:39.493,16.313,25.238,17.747,3.067,250.0,250.0,79.172,47.055,8.830,72.900,50.447,31.274,19.173,30.898,125.221,34.640,90.581,6.582,0.000,0.000,0.000,0.375,20.0,
17.11.2025,13:38:40.494,23.110,25.225,17.754,3.051,250.0,250.0,79.770,23.823,8.878,74.347,51.377,31.862,19.515,31.473,7.174,0.785,6.389,6.429,0.000,0.000,0.000,0.000,20.0,
17.11.2025,13:38:41.494,16.313,25.676,18.176,3.054,250.0,250.0,82.629,30.847,8.816,82.042,56.049,34.756,21.293,34.343,7.610,0.952,6.658,55.949,0.001,0.000,0.000,0.000,20.0,
17.11.2025,13:38:42.499,14.953,26.446,18.984,3.046,250.0,250.0,78.963,29.615,8.793,73.456,50.776,31.486,19.290,31.098,37.323,4.954,32.369,6.607,0.000,0.000,0.000,0.000,20.0,
17.11.2025,13:38:43.498,16.313,26.933,19.395,3.058,250.0,250.0,78.862,23.857,8.807,74.422,51.367,31.855,19.512,31.467,7.320,0.871,6.449,6.505,0.000,0.000,0.000,0.000,20.0,
17.11.2025,13:38:44.499,19.032,27.344,19.900,3.062,250.0,250.0,79.067,23.666,8.841,73.779,50.991,31.617,19.374,31.229,7.226,0.845,6.381,6.378,0.000,0.000,0.000,1.125,20.0,
17.11.2025,13:38:45.498,21.750,25.286,17.757,3.093,250.0,250.0,79.877,24.313,8.864,76.243,52.552,32.588,19.964,32.187,7.192,0.838,6.354,6.352,0.000,0.000,0.000,0.000,20.0,
17.11.2025,13:38:46.499,20.391,25.441,17.936,3.068,250.0,250.0,79.716,35.578,8.828,74.728,51.579,31.980,19.599,31.604,65.314,23.836,41.478,6.837,0.000,0.000,0.000,0.000,20.0,
17.11.2025,13:38:47.499,17.672,25.494,17.966,3.093,250.0,250.0,79.817,24.143,8.804,75.591,52.110,32.306,19.804,31.917,7.245,0.842,6.403,6.403,0.000,0.000,0.000,0.000,20.0,
17.11.2025,13:38:48.499,17.672,25.831,18.301,3.099,250.0,250.0,83.206,34.493,8.830,79.939,54.749,33.954,20.795,33.542,7.185,0.833,6.352,98.752,0.000,0.000,0.000,0.000,20.0,
17.11.2025,13:38:49.498,16.313,24.384,16.885,3.089,250.0,250.0,79.167,24.798,8.829,50.821,36.881,22.864,14.017,22.584,7.184,0.838,6.346,77.614,0.001,0.000,0.000,0.875,20.0,
17.11.2025,13:38:50.499,25.829,26.496,18.940,3.100,250.0,250.0,81.683,41.497,8.845,74.758,51.607,31.998,19.609,31.621,95.002,22.568,72.434,6.530,0.000,0.000,0.000,0.000,20.0,
17.11.2025,13:38:51.499,20.391,27.030,19.451,3.095,250.0,250.0,79.920,23.765,8.914,74.049,51.205,31.751,19.454,31.374,7.258,0.869,6.389,6.386,0.000,0.000,0.000,0.000,20.0,
17.11.2025,13:38:52.499,17.672,27.084,19.534,3.092,250.0,250.0,82.452,76.114,9.048,90.920,61.688,38.247,23.441,37.785,7.206,0.862,6.344,485.604,0.000,0.000,0.000,2.375,20.0,
17.11.2025,13:38:53.499,21.750,26.198,18.706,3.081,250.0,250.0,80.551,23.711,8.913,73.720,51.010,31.629,19.381,31.252,7.369,0.894,6.475,6.471,0.000,0.000,0.000,0.000,20.0,
17.11.2025,13:38:54.498,19.032,26.279,18.741,3.135,250.0,250.0,79.293,23.622,8.922,73.646,50.955,31.598,19.357,31.221,7.078,0.717,6.361,6.361,0.000,0.000,0.000,0.000,20.0,
17.11.2025,13:38:55.491,19.032,26.044,18.466,3.105,250.0,250.0,82.362,23.927,8.842,74.621,51.497,31.935,19.562,31.547,7.355,0.834,6.521,6.556,0.000,0.000,0.000,0.000,20.0,
17.11.2025,13:38:56.494,17.672,29.951,22.418,3.105,250.0,250.0,79.758,21.636,8.792,66.141,46.299,28.706,17.593,28.354,7.059,0.716,6.343,6.352,0.000,0.000,0.000,0.000,20.0,
17.11.2025,13:38:57.499,19.032,26.065,18.527,3.073,250.0,250.0,79.465,27.928,8.805,75.367,51.975,32.227,19.748,31.838,26.316,3.404,22.912,6.692,0.000,0.000,0.000,1.500,20.0,
17.11.2025,13:38:58.498,16.313,27.875,20.364,3.062,250.0,250.0,79.602,23.773,8.876,74.260,51.314,31.816,19.498,31.440,7.068,0.716,6.352,6.386,0.000,0.000,0.000,0.000,20.0,
17.11.2025,13:38:59.498,17.672,25.670,18.205,3.022,250.0,250.0,82.451,33.304,8.848,62.102,43.824,27.170,16.654,26.842,70.123,25.877,44.246,7.358,0.001,0.000,0.000,0.000,20.0,
17.11.2025,13:39:0.499,29.907,26.386,18.933,3.051,250.0,250.0,79.443,23.845,8.880,74.476,51.457,31.903,19.554,31.514,7.116,0.722,6.394,6.429,0.000,0.000,0.000,0.000,20.0,
17.11.2025,13:39:1.499,19.032,25.857,18.307,3.059,250.0,250.0,79.146,45.717,8.844,73.181,50.623,31.387,19.236,31.010,7.057,0.714,6.343,228.778,0.000,0.000,0.000,0.000,20.0,
17.11.2025,13:39:2.498,20.391,26.362,18.928,3.026,250.0,250.0,82.026,23.630,8.839,73.645,50.907,31.562,19.345,31.185,7.176,0.738,6.438,6.463,0.000,0.000,0.000,0.000,20.0,
17.11.2025,13:39:3.498,17.672,29.950,22.112,3.346,250.0,250.0,79.475,21.979,8.804,67.435,47.102,29.205,17.897,28.852,7.066,0.714,6.352,6.361,0.000,0.000,0.000,0.000,20.0,
17.11.2025,13:39:4.498,28.547,31.231,23.253,3.470,250.0,250.0,81.491,23.764,8.791,74.003,51.115,31.699,19.416,31.310,7.421,0.955,6.466,6.463,0.000,0.000,0.125,0.000,20.0,
17.11.2025,13:39:5.498,21.750,26.133,18.613,3.064,250.0,250.0,79.757,22.563,8.793,69.687,48.466,30.050,18.416,29.697,7.078,0.717,6.361,6.361,0.000,0.000,0.000,0.000,20.0,
17.11.2025,13:39:6.498,20.391,26.260,18.730,3.080,250.0,250.0,81.412,23.867,8.828,74.502,51.445,31.907,19.538,31.518,7.241,0.791,6.450,6.446,0.000,0.000,0.000,2.375,20.0,
17.11.2025,13:39:7.497,27.188,26.173,18.654,3.077,250.0,250.0,81.746,26.153,8.854,80.406,55.093,34.161,20.932,33.748,8.501,1.215,7.286,11.338,0.000,0.000,0.000,0.000,20.0,
17.11.2025,13:39:8.498,16.313,26.734,19.186,3.099,250.0,250.0,79.875,24.660,8.828,73.390,50.747,31.471,19.276,31.083,12.673,1.641,11.032,6.463,0.000,0.000,0.000,0.000,20.0,
17.11.2025,13:39:9.492,20.391,25.066,17.547,3.062,250.0,250.0,79.924,26.080,8.781,61.156,43.217,26.796,16.421,26.468,7.124,0.763,6.361,63.716,0.000,0.000,0.000,2.500,20.0,
17.11.2025,13:39:10.494,12.235,27.419,19.913,3.087,250.0,250.0,82.928,23.731,8.818,74.107,51.182,31.732,19.450,31.355,7.130,0.727,6.403,6.403,0.000,0.000,0.000,0.000,20.0,
17.11.2025,13:39:11.499,20.391,26.155,18.649,3.062,250.0,250.0,82.880,45.423,8.892,73.877,51.086,31.679,19.407,31.290,115.594,31.059,84.535,6.811,0.000,0.000,0.000,1.000,20.0,
17.11.2025,13:39:12.499,17.672,27.406,19.903,3.095,250.0,250.0,78.832,23.460,8.828,72.938,50.474,31.293,19.181,30.916,7.262,0.812,6.450,6.446,0.000,0.000,0.000,1.000,20.0,
17.11.2025,13:39:13.499,19.032,26.449,18.922,3.081,250.0,250.0,78.916,23.603,8.770,73.725,50.908,31.570,19.338,31.193,7.078,0.717,6.361,6.369,0.001,0.000,0.000,0.000,20.0,
17.11.2025,13:39:14.499,17.672,25.497,17.986,3.103,250.0,250.0,81.860,25.502,8.866,74.535,51.462,31.907,19.555,31.531,15.311,2.105,13.206,6.539,0.000,0.000,0.000,0.000,20.0,
17.11.2025,13:39:15.498,17.672,26.362,18.837,3.086,250.0,250.0,79.540,23.708,8.942,73.876,51.151,31.717,19.434,31.328,7.129,0.768,6.361,6.378,0.001,0.000,0.000,0.000,20.0,
17.11.2025,13:39:16.499,17.672,27.357,19.846,3.091,250.0,250.0,82.116,33.812,8.911,73.360,50.788,31.493,19.295,31.116,58.401,21.287,37.114,6.352,0.000,0.000,0.000,0.000,20.0,
17.11.2025,13:39:17.499,21.750,25.298,17.774,3.065,250.0,250.0,79.862,36.795,8.829,74.169,51.221,31.763,19.458,31.386,72.233,12.941,59.292,6.658,0.000,0.000,0.000,0.000,20.0,
17.11.2025,13:39:18.499,17.672,27.042,19.489,3.081,250.0,250.0,78.921,24.170,8.784,75.677,52.154,32.343,19.811,31.942,7.294,0.914,6.380,6.403,0.000,0.000,0.000,0.000,20.0,
17.11.2025,13:39:19.499,19.032,27.932,20.420,3.108,250.0,250.0,82.922,23.647,8.768,73.685,50.906,31.564,19.342,31.176,7.261,0.794,6.467,6.505,0.000,0.000,0.000,0.000,20.0,
17.11.2025,13:39:20.499,16.313,26.337,18.719,3.120,250.0,250.0,79.131,23.404,8.854,72.827,50.414,31.264,19.150,30.888,7.117,0.731,6.386,6.403,0.000,0.000,0.000,0.000,20.0,
17.11.2025,13:39:21.498,17.672,25.215,17.731,3.072,250.0,250.0,79.479,22.160,8.890,68.057,47.511,29.457,18.054,29.104,7.085,0.724,6.361,6.361,0.000,0.000,0.000,0.000,20.0,
17.11.2025,13:39:22.498,17.672,26.790,19.234,3.097,250.0,250.0,75.630,48.529,8.830,70.031,48.699,30.204,18.495,29.839,7.226,0.874,6.352,264.742,0.000,0.000,0.000,0.000,20.0,
17.11.2025,13:39:23.498,14.953,25.321,17.892,3.013,250.0,250.0,80.271,22.368,8.827,68.523,47.756,29.609,18.147,29.256,7.439,0.756,6.683,6.683,0.000,0.000,0.000,0.000,20.0,
17.11.2025,13:39:24.498,19.032,25.917,18.463,3.016,250.0,250.0,76.769,22.224,8.820,68.330,47.634,29.531,18.103,29.178,7.122,0.719,6.403,6.403,0.000,0.000,0.000,0.000,20.0,
17.11.2025,13:39:25.494,19.032,25.363,17.899,3.034,250.0,250.0,78.565,26.652,8.842,68.560,47.791,29.628,18.163,29.275,28.879,3.464,25.415,6.505,0.000,0.000,0.000,0.000,20.0,
17.11.2025,13:39:26.498,17.672,25.081,17.658,3.006,250.0,250.0,77.014,30.990,8.754,42.975,32.008,19.845,12.163,19.602,24.133,6.189,17.944,126.292,0.000,0.000,0.000,0.000,20.0,
17.11.2025,13:39:27.498,19.032,24.174,16.790,2.987,250.0,250.0,73.425,22.004,8.818,67.563,47.154,29.248,17.906,28.895,7.057,0.714,6.343,6.343,0.000,0.000,0.000,0.000,20.0,
17.11.2025,13:39:28.498,21.750,26.571,19.130,3.014,250.0,250.0,72.306,22.618,8.844,69.881,48.611,30.142,18.469,29.777,7.057,0.714,6.343,6.343,0.000,0.000,0.000,0.000,20.0,
17.11.2025,13:39:29.510,16.313,24.084,16.590,3.066,250.0,250.0,66.196,23.698,8.808,74.086,51.187,31.745,19.442,31.356,7.024,0.714,6.310,6.310,0.000,0.000,0.000,0.000,20.0,
17.11.2025,13:39:30.522,14.953,26.189,18.612,3.150,250.0,250.0,75.512,23.835,8.792,74.336,51.317,31.818,19.499,31.441,7.298,0.742,6.556,6.556,0.000,0.000,0.000,0.000,20.0,
17.11.2025,13:39:31.526,16.313,24.823,17.341,3.084,250.0,250.0,81.978,17.761,8.746,51.330,37.157,23.047,14.110,22.767,7.057,0.714,6.343,6.343,0.000,0.000,0.000,0.000,20.0,
17.11.2025,13:39:32.529,16.313,27.681,20.164,3.062,250.0,250.0,78.003,23.747,8.755,74.141,51.158,31.717,19.441,31.340,7.205,0.742,6.463,6.505,0.000,0.000,0.000,0.000,20.0,
17.11.2025,13:39:33.533,21.750,25.771,18.272,3.074,250.0,250.0,82.558,27.177,8.796,61.506,43.422,26.921,16.501,26.593,7.108,0.747,6.361,73.814,0.000,0.000,0.000,0.000,20.0,
17.11.2025,13:39:34.529,29.907,26.716,19.172,3.063,250.0,250.0,79.202,23.883,8.780,74.700,51.540,31.967,19.573,31.578,7.130,0.727,6.403,6.429,0.000,0.000,0.000,0.000,20.0,
17.11.2025,13:39:35.528,16.313,28.445,20.965,3.087,250.0,250.0,82.877,43.308,8.781,74.098,51.146,31.713,19.433,31.336,104.869,27.636,77.233,6.837,0.000,0.000,2.250,0.000,20.0,
17.11.2025,13:39:36.524,21.750,26.563,19.014,3.101,250.0,250.0,78.876,23.784,8.830,74.270,51.308,31.815,19.493,31.426,7.128,0.725,6.403,6.438,0.000,0.000,0.000,0.000,20.0,
17.11.2025,13:39:37.524,16.313,25.042,17.530,3.072,250.0,250.0,81.995,43.889,8.867,72.302,50.100,31.071,19.029,30.695,110.242,32.428,77.814,6.343,0.000,0.000,0.500,0.000,20.0,
17.11.2025,13:39:38.523,16.313,29.037,21.537,3.075,250.0,250.0,78.586,23.754,8.868,74.174,51.250,31.781,19.469,31.404,7.092,0.723,6.369,6.412,0.000,0.000,0.000,0.000,20.0,
17.11.2025,13:39:39.529,19.032,24.691,17.162,3.055,250.0,250.0,80.262,23.850,8.914,74.524,51.508,31.933,19.575,31.544,7.068,0.716,6.352,6.369,0.000,0.000,2.125,0.000,20.0,
17.11.2025,13:39:40.530,19.032,26.525,19.023,3.084,250.0,250.0,82.241,47.413,8.844,74.386,51.385,31.867,19.518,31.478,124.985,34.542,90.443,6.683,0.000,0.000,0.000,0.000,20.0,
17.11.2025,13:39:41.530,17.672,27.900,20.435,3.040,250.0,250.0,79.153,23.438,8.846,72.964,50.494,31.312,19.182,30.935,7.108,0.722,6.386,6.429,0.000,0.000,0.000,0.000,20.0,
17.11.2025,13:39:42.530,17.672,26.432,18.864,3.092,250.0,250.0,81.966,29.142,8.815,65.891,46.132,28.608,17.524,28.255,42.516,15.539,26.977,11.160,0.000,0.000,0.000,0.000,20.0,
17.11.2025,13:39:43.530,17.672,25.680,18.237,3.062,250.0,250.0,79.300,24.267,8.856,76.066,52.438,32.516,19.922,32.115,7.163,0.734,6.429,6.429,0.000,0.000,0.000,0.000,20.0,
17.11.2025,13:39:44.530,20.391,25.244,17.750,3.073,250.0,250.0,82.415,14.050,8.818,36.712,28.237,17.506,10.731,17.298,7.311,0.738,6.573,6.573,0.000,0.000,2.125,0.000,20.0,
17.11.2025,13:39:45.529,19.032,28.436,20.891,3.092,250.0,250.0,79.264,24.058,8.867,75.259,51.941,32.213,19.728,31.824,7.162,0.733,6.429,6.429,0.000,0.000,0.000,0.000,20.0,
17.11.2025,13:39:46.530,16.313,26.878,19.386,3.074,250.0,250.0,79.746,21.642,8.892,66.035,46.296,28.702,17.594,28.362,7.086,0.717,6.369,6.369,0.000,0.000,0.000,0.000,20.0,
17.11.2025,13:39:47.530,14.953,25.072,17.527,3.114,250.0,250.0,81.364,41.118,8.929,74.637,51.577,31.986,19.591,31.597,93.174,21.536,71.638,6.514,0.000,0.000,0.000,0.000,20.0,
17.11.2025,13:39:48.529,23.110,26.829,19.306,3.071,250.0,250.0,79.447,24.052,8.843,75.327,51.948,32.206,19.742,31.817,7.123,0.729,6.394,6.394,0.000,0.000,0.000,0.000,20.0,
17.11.2025,13:39:49.529,24.469,27.712,20.157,3.089,250.0,250.0,82.960,47.204,8.817,73.578,50.870,31.547,19.323,31.158,125.105,34.536,90.569,6.539,0.000,0.000,0.000,0.000,20.0,
17.11.2025,13:39:50.529,20.391,25.691,18.219,3.069,250.0,250.0,78.962,23.700,8.816,74.000,51.125,31.698,19.427,31.322,7.113,0.727,6.386,6.386,0.000,0.000,0.000,0.000,20.0,
17.11.2025,13:39:51.531,14.953,25.409,17.878,3.072,250.0,250.0,82.110,41.793,8.867,66.975,46.820,29.030,17.790,28.678,7.057,0.714,6.343,205.653,0.000,0.000,0.000,0.000,20.0,
17.11.2025,13:39:52.529,17.672,26.079,18.544,3.096,250.0,250.0,78.835,47.004,8.890,72.492,50.236,31.158,19.078,30.781,125.296,34.610,90.686,6.811,0.000,0.000,0.000,0.000,20.0,
17.11.2025,13:39:53.530,12.235,27.097,19.600,3.072,250.0,250.0,78.729,23.879,8.878,74.630,51.539,31.958,19.581,31.570,7.115,0.729,6.386,6.403,0.000,0.000,0.000,0.000,20.0,
17.11.2025,13:39:54.529,40.782,28.623,21.128,3.070,250.0,250.0,81.799,14.794,8.794,39.651,30.003,18.604,11.399,18.384,7.378,0.745,6.633,6.352,0.001,0.000,0.000,0.000,20.0,
17.11.2025,13:39:55.531,20.391,28.200,20.710,3.058,250.0,250.0,78.515,44.582,8.842,74.699,51.573,31.976,19.597,31.587,110.510,32.484,78.026,6.530,0.000,0.000,1.125,0.000,20.0,
17.11.2025,13:39:56.529,20.391,28.200,20.710,3.058,250.0,250.0,78.086,23.650,8.819,73.739,50.971,31.611,19.360,31.222,7.157,0.737,6.420,6.463,0.000,0.000,0.000,0.000,20.0,
17.11.2025,13:39:57.529,40.782,27.070,19.513,3.074,250.0,250.0,82.378,46.336,8.821,73.997,51.129,31.704,19.425,31.327,120.151,33.971,86.180,6.658,0.000,0.000,0.000,0.000,20.0,
17.11.2025,13:39:58.522,16.313,28.194,20.687,3.091,250.0,250.0,78.747,23.780,8.846,74.258,51.305,31.809,19.496,31.420,7.108,0.722,6.386,6.446,0.000,0.000,0.250,0.500,20.0,
17.11.2025,13:39:59.523,32.625,26.364,18.863,3.099,250.0,250.0,78.951,23.561,8.880,73.400,50.783,31.486,19.297,31.109,7.124,0.730,6.394,6.403,0.000,0.000,0.000,0.000,20.0,
17.11.2025,13:40:0.529,16.313,28.628,21.052,3.112,250.0,250.0,80.530,23.242,8.880,72.251,50.068,31.042,19.026,30.665,7.066,0.714,6.352,6.352,0.000,0.000,0.000,0.000,20.0,
17.11.2025,13:40:1.531,21.750,26.305,18.755,3.089,250.0,250.0,79.552,30.049,8.985,72.673,50.408,31.256,19.152,30.879,40.321,5.410,34.911,6.497,0.000,0.000,0.000,0.000,20.0,
17.11.2025,13:40:2.530,21.750,26.946,19.444,3.072,250.0,250.0,78.799,23.800,8.929,74.255,51.336,31.834,19.502,31.445,7.156,0.770,6.386,6.386,0.001,0.000,0.000,0.000,20.0,
17.11.2025,13:40:3.527,24.469,27.423,19.931,3.083,250.0,250.0,82.073,23.364,8.808,72.771,50.359,31.231,19.128,30.855,7.066,0.714,6.352,6.352,0.000,0.000,0.000,0.000,20.0,
17.11.2025,13:40:4.523,29.907,25.834,18.332,3.038,250.0,250.0,78.139,23.509,8.856,73.267,50.709,31.439,19.270,31.062,7.066,0.714,6.352,6.352,0.000,0.000,0.000,0.000,20.0,
17.11.2025,13:40:5.528,24.469,30.139,22.162,3.493,250.0,250.0,78.572,13.246,8.795,33.701,26.365,16.351,10.014,16.144,7.274,0.735,6.539,6.539,0.000,0.000,0.000,0.000,20.0,
17.11.2025,13:40:6.523,31.266,32.025,24.196,3.314,250.0,250.0,77.867,23.404,8.866,72.826,50.428,31.265,19.163,30.889,7.109,0.723,6.386,6.386,0.000,0.000,0.000,0.000,20.0,
17.11.2025,13:40:7.527,17.672,27.653,20.202,3.038,250.0,250.0,81.751,13.544,8.756,34.799,27.015,16.749,10.266,16.554,7.384,0.854,6.530,6.530,0.000,0.000,0.000,0.000,20.0,
17.11.2025,13:40:8.522,19.032,26.590,19.080,3.045,250.0,250.0,78.450,23.552,8.907,73.022,50.575,31.366,19.209,30.990,7.469,0.908,6.561,6.514,0.000,0.000,0.000,0.000,20.0,
17.11.2025,13:40:9.530,21.750,27.257,19.741,3.045,250.0,250.0,79.263,23.461,8.866,73.086,50.580,31.359,19.221,30.983,7.078,0.717,6.361,6.361,0.000,0.000,0.000,0.000,20.0,
17.11.2025,13:40:10.530,17.672,25.986,18.561,3.048,250.0,250.0,80.636,47.370,8.855,73.921,51.087,31.680,19.407,31.304,125.477,34.745,90.732,6.489,0.000,0.000,0.000,0.000,20.0,
17.11.2025,13:40:11.530,23.110,26.878,19.371,3.045,250.0,250.0,78.989,23.824,8.868,74.372,51.376,31.861,19.515,31.472,7.186,0.783,6.403,6.403,0.000,0.000,0.000,0.000,20.0,
17.11.2025,13:40:12.530,17.672,27.372,19.896,3.019,250.0,250.0,82.708,47.614,8.870,75.160,51.884,32.173,19.711,31.784,124.974,34.431,90.543,6.607,0.000,0.000,0.000,0.000,20.0,
17.11.2025,13:40:13.530,24.469,25.565,18.155,3.027,250.0,250.0,79.428,24.094,8.844,75.422,52.013,32.260,19.753,31.871,7.172,0.778,6.394,6.429,0.000,0.000,0.000,0.000,20.0,
17.11.2025,13:40:14.530,17.672,26.589,19.056,3.075,250.0,250.0,82.998,26.777,8.878,64.065,45.063,27.938,17.125,27.597,7.185,0.842,6.343,62.730,0.000,0.000,0.000,0.000,20.0,
17.11.2025,13:40:15.526,17.672,24.991,17.429,3.088,250.0,250.0,79.840,23.967,8.794,74.889,51.657,32.040,19.617,31.651,7.255,0.797,6.458,6.514,0.000,0.000,0.000,0.000,20.0,
17.11.2025,13:40:16.525,8.156,26.960,19.385,3.108,250.0,250.0,79.288,23.639,8.828,73.706,50.940,31.587,19.353,31.211,7.165,0.775,6.390,6.438,0.000,0.000,0.000,0.000,20.0,
17.11.2025,13:40:17.530,16.313,26.138,18.618,3.089,250.0,250.0,82.977,68.627,8.805,60.666,42.908,26.611,16.297,26.294,41.974,15.286,26.688,420.740,0.000,0.000,0.000,0.000,20.0,
17.11.2025,13:40:18.524,17.672,28.203,20.657,3.080,250.0,250.0,82.977,68.627,8.805,60.666,42.908,26.611,16.297,26.294,41.974,15.286,26.688,420.740,0.000,0.000,0.000,0.000,20.0,
17.11.2025,13:40:19.530,16.313,26.052,18.531,3.085,250.0,250.0,79.133,23.453,8.780,72.999,50.476,31.294,19.182,30.918,7.207,0.791,6.416,6.463,0.000,0.000,0.000,0.000,20.0,
17.11.2025,13:40:20.529,25.829,27.147,19.659,3.078,250.0,250.0,78.929,23.252,8.844,72.292,50.069,31.050,19.019,30.674,7.086,0.717,6.369,6.394,0.000,0.000,0.000,0.000,20.0,
17.11.2025,13:40:21.530,28.547,29.759,22.234,3.075,250.0,250.0,81.691,25.013,8.807,53.544,38.535,23.892,14.643,23.612,7.281,0.920,6.361,72.535,0.000,0.000,0.000,0.000,20.0,
17.11.2025,13:40:22.529,17.672,25.823,18.267,3.084,250.0,250.0,78.829,23.809,8.805,74.343,51.317,31.818,19.499,31.441,7.201,0.777,6.424,6.463,0.000,0.000,0.000,0.000,20.0,
17.11.2025,13:40:23.529,17.672,25.912,18.431,3.078,250.0,250.0,82.044,22.401,8.937,68.920,48.081,29.816,18.265,29.451,7.090,0.729,6.361,6.361,0.000,0.000,0.000,0.000,20.0,
17.11.2025,13:40:24.530,14.953,27.311,19.837,3.040,250.0,250.0,76.069,22.147,8.948,67.941,47.469,29.430,18.039,29.077,7.095,0.717,6.378,6.378,0.000,0.000,0.000,0.000,20.0,
17.11.2025,13:40:25.529,16.313,23.544,16.137,2.987,250.0,250.0,77.255,27.221,8.901,52.860,38.194,23.681,14.513,23.388,7.080,0.737,6.343,96.513,0.000,0.000,0.000,0.000,20.0,
17.11.2025,13:40:26.529,29.907,24.740,17.281,2.997,250.0,250.0,79.847,29.922,8.840,68.405,47.699,29.570,18.129,29.217,45.340,6.044,39.296,6.683,0.000,0.000,0.000,0.000,20.0,
17.11.2025,13:40:27.530,24.469,24.193,16.759,3.011,250.0,250.0,76.730,22.220,8.829,68.261,47.596,29.506,18.090,29.153,7.163,0.725,6.438,6.438,0.000,0.000,0.000,0.000,20.0,
17.11.2025,13:40:28.524,16.313,24.804,17.318,3.023,250.0,250.0,73.710,22.143,8.880,68.021,47.482,29.438,18.044,29.085,7.066,0.714,6.352,6.352,0.000,0.000,0.000,0.000,20.0,
17.11.2025,13:40:29.529,25.829,24.788,17.399,2.965,250.0,250.0,73.539,22.225,8.843,68.242,47.598,29.507,18.091,29.154,7.218,0.838,6.380,6.378,0.000,0.000,0.000,0.000,20.0,
17.11.2025,13:40:30.529,13.594,25.075,17.639,3.012,250.0,250.0,72.389,21.915,8.927,67.019,46.900,29.074,17.826,28.722,7.135,0.723,6.412,6.412,0.000,0.000,0.000,0.000,20.0,
17.11.2025,13:40:31.531,19.032,25.824,18.383,3.019,250.0,250.0,62.807,26.483,8.879,67.645,47.237,29.288,17.949,28.935,29.074,8.590,20.484,6.749,0.000,0.000,0.000,0.000,20.0,
17.11.2025,13:40:32.530,20.391,26.726,19.131,3.140,250.0,250.0,79.356,23.550,8.904,73.309,50.735,31.462,19.273,31.085,7.174,0.784,6.390,6.386,0.000,0.000,0.000,0.000,20.0,
17.11.2025,13:40:33.531,28.547,26.061,18.598,3.071,250.0,250.0,82.339,34.719,8.907,73.135,50.626,31.397,19.229,31.020,63.262,23.040,40.222,6.352,0.000,0.000,0.000,0.000,20.0,
17.11.2025,13:40:34.527,17.672,26.808,19.272,3.066,250.0,250.0,79.136,23.896,8.896,74.600,51.549,31.963,19.586,31.573,7.165,0.736,6.429,6.463,0.000,0.000,0.000,0.500,20.0,
17.11.2025,13:40:35.527,24.469,26.089,18.619,3.038,250.0,250.0,82.182,29.118,8.794,60.379,42.745,26.506,16.239,26.177,7.067,0.715,6.352,96.207,0.000,0.000,0.000,0.000,20.0,
17.11.2025,13:40:36.526,17.672,27.160,19.649,3.064,250.0,250.0,81.034,31.734,8.844,74.743,51.592,31.988,19.604,31.612,46.201,6.056,40.145,6.556,0.000,0.000,0.000,0.000,20.0,
17.11.2025,13:40:37.528,17.672,23.909,16.451,3.027,250.0,250.0,79.238,23.866,8.858,74.612,51.544,31.955,19.589,31.566,7.088,0.719,6.369,6.361,0.000,0.000,0.000,0.000,20.0,
17.11.2025,13:40:38.526,17.672,26.688,19.174,3.062,250.0,250.0,82.400,33.471,8.905,75.600,52.173,32.347,19.826,31.958,53.647,7.481,46.166,6.607,0.000,0.000,0.375,0.000,20.0,
17.11.2025,13:40:39.523,17.672,25.125,17.680,3.054,250.0,250.0,79.297,24.357,8.886,76.474,52.703,32.682,20.021,32.293,7.068,0.716,6.352,6.378,0.000,0.000,0.000,0.000,20.0,
17.11.2025,13:40:40.524,17.672,27.758,20.212,3.054,250.0,250.0,82.474,24.900,8.878,73.527,50.867,31.546,19.321,31.169,13.539,1.690,11.849,6.616,0.000,0.000,0.000,0.000,20.0,
17.11.2025,13:40:41.523,21.750,26.287,18.796,3.055,250.0,250.0,78.560,23.931,8.843,74.808,51.634,32.021,19.613,31.632,7.150,0.738,6.412,6.463,0.000,0.000,0.000,0.000,20.0,
17.11.2025,13:40:42.549,16.313,25.356,17.878,3.066,250.0,250.0,79.249,23.975,8.848,75.075,51.798,32.117,19.681,31.740,7.060,0.717,6.343,6.369,0.000,0.000,0.000,0.000,20.0,
17.11.2025,13:40:43.549,21.750,25.994,18.498,3.039,250.0,250.0,82.493,46.998,8.855,72.514,50.216,31.136,19.080,30.772,125.330,34.654,90.676,6.751,0.000,0.000,0.000,0.000,20.0,
17.11.2025,13:40:44.551,16.313,25.389,17.866,3.069,250.0,250.0,80.111,47.083,8.870,74.056,51.177,31.732,19.445,31.355,123.791,34.165,89.626,6.616,0.000,0.000,0.000,0.000,20.0,
17.11.2025,13:40:45.554,19.032,24.863,17.381,3.041,250.0,250.0,79.032,23.747,8.894,74.102,51.235,31.770,19.465,31.393,7.111,0.725,6.386,6.386,0.000,0.000,2.125,0.000,20.0,
17.11.2025,13:40:46.539,23.110,25.047,17.576,3.060,250.0,250.0,81.750,21.077,8.953,63.856,44.962,27.887,17.075,27.547,7.067,0.715,6.352,6.352,0.001,0.000,2.125,0.000,20.0,
17.11.2025,13:40:47.559,17.672,25.210,17.741,3.054,250.0,250.0,79.596,23.647,8.881,73.585,50.913,31.572,19.341,31.183,7.266,0.799,6.467,6.463,0.000,0.000,0.000,0.000,20.0,
17.11.2025,13:40:48.558,13.594,25.512,17.998,3.067,250.0,250.0,78.968,23.430,8.845,72.949,50.493,31.312,19.181,30.923,7.107,0.721,6.386,6.386,0.000,0.000,0.000,0.000,20.0,
17.11.2025,13:40:49.557,17.672,24.618,17.099,3.089,250.0,250.0,83.180,51.376,8.757,61.036,43.124,26.743,16.381,26.414,50.823,18.327,32.496,229.664,0.000,0.000,0.000,0.500,20.0,
17.11.2025,13:40:50.561,19.032,26.086,18.558,3.090,250.0,250.0,78.868,23.993,8.795,74.981,51.727,32.074,19.653,31.686,7.273,0.798,6.475,6.471,0.000,0.000,0.000,0.000,20.0,
17.11.2025,13:40:51.553,17.672,28.977,21.327,3.230,250.0,250.0,79.189,23.882,8.884,74.586,51.526,31.952,19.574,31.563,7.170,0.772,6.398,6.394,0.001,0.000,0.000,0.000,20.0,
17.11.2025,13:40:52.561,21.750,25.263,17.702,3.109,250.0,250.0,78.922,23.957,8.861,74.912,51.711,32.062,19.649,31.673,7.157,0.770,6.387,6.386,0.000,0.000,0.000,0.000,20.0,
17.11.2025,13:40:53.560,23.110,24.023,16.453,3.082,250.0,250.0,83.157,47.441,8.871,74.056,51.183,31.736,19.447,31.347,125.494,34.597,90.897,6.786,0.000,0.000,0.000,0.000,20.0,
17.11.2025,13:40:54.556,29.907,27.809,20.304,3.087,250.0,250.0,79.846,25.616,8.941,74.919,51.757,32.095,19.662,31.706,15.301,2.089,13.212,6.480,0.000,0.000,0.250,0.000,20.0,
17.11.2025,13:40:55.557,24.469,25.529,18.026,3.094,250.0,250.0,79.781,23.691,8.869,73.883,51.083,31.673,19.410,31.285,7.158,0.771,6.387,6.386,0.000,0.000,0.000,1.250,20.0,
17.11.2025,13:40:56.561,17.672,26.542,18.976,3.123,250.0,250.0,80.845,23.770,8.882,74.196,51.293,31.805,19.488,31.416,7.130,0.768,6.362,6.361,0.000,0.000,0.000,0.000,20.0,
17.11.2025,13:40:57.561,16.313,27.106,19.584,3.124,250.0,250.0,81.872,18.971,8.826,55.741,39.926,24.757,15.169,24.465,7.239,0.734,6.505,6.352,0.000,0.000,0.000,0.000,20.0,
17.11.2025,13:40:58.555,16.313,26.269,18.624,3.159,250.0,250.0,79.641,23.783,8.854,73.988,51.131,31.706,19.425,31.318,7.432,0.922,6.510,6.539,0.000,0.000,0.000,0.000,20.0,
17.11.2025,13:40:59.555,23.110,26.179,18.653,3.099,250.0,250.0,79.857,23.795,8.868,74.328,51.362,31.851,19.511,31.474,7.087,0.718,6.369,6.386,0.000,0.000,0.000,0.000,20.0,
17.11.2025,13:41:0.561,20.391,27.480,19.967,3.073,250.0,250.0,82.850,23.489,8.891,73.179,50.650,31.413,19.237,31.036,7.058,0.715,6.343,6.369,0.000,0.000,0.000,0.000,20.0,
17.11.2025,13:41:1.559,21.750,25.818,18.366,3.076,250.0,250.0,78.550,52.913,8.878,93.089,62.895,39.004,23.891,38.531,33.730,10.685,23.045,195.380,0.000,0.000,2.125,0.000,20.0,
17.11.2025,13:41:2.561,21.750,25.559,17.993,3.078,250.0,250.0,79.194,47.279,8.871,73.791,51.022,31.637,19.385,31.248,125.122,34.416,90.706,6.590,0.000,0.000,0.000,0.000,20.0,
17.11.2025,13:41:3.561,20.391,26.248,18.748,3.068,250.0,250.0,79.049,23.637,8.821,73.751,50.960,31.604,19.356,31.215,7.121,0.727,6.394,6.420,0.000,0.000,0.000,0.000,20.0,
17.11.2025,13:41:4.562,20.391,25.481,17.961,3.080,250.0,250.0,82.208,23.711,8.840,74.049,51.150,31.720,19.430,31.332,7.120,0.768,6.352,6.352,0.000,0.000,0.000,1.125,20.0,
17.11.2025,13:41:5.554,27.188,24.443,16.928,3.075,250.0,250.0,78.820,22.130,8.844,67.892,47.389,29.384,18.005,29.032,7.206,0.863,6.343,6.343,0.000,0.000,0.000,0.000,20.0,
17.11.2025,13:41:6.560,17.672,32.349,24.158,3.639,250.0,250.0,79.542,33.320,8.950,69.886,48.666,30.179,18.487,29.815,60.319,22.459,37.860,6.582,0.001,0.000,0.000,0.000,20.0,
17.11.2025,13:41:7.560,17.672,28.478,20.806,3.256,250.0,250.0,79.173,23.529,8.857,73.102,50.598,31.378,19.220,31.001,7.351,0.875,6.476,6.429,0.000,0.000,0.000,1.000,20.0,
17.11.2025,13:41:8.562,14.953,25.823,18.256,3.117,250.0,250.0,78.623,23.869,8.915,74.473,51.495,31.931,19.564,31.554,7.183,0.785,6.398,6.394,0.000,0.000,0.000,1.000,20.0,
17.11.2025,13:41:9.561,17.672,26.339,18.830,3.065,250.0,250.0,82.531,24.918,8.919,55.299,39.680,24.604,15.076,24.299,7.057,0.714,6.343,67.186,0.000,0.000,0.000,0.000,20.0,
17.11.2025,13:41:10.561,16.313,25.709,18.199,3.099,250.0,250.0,79.036,25.612,8.965,74.979,51.823,32.142,19.681,31.753,15.155,2.007,13.148,6.471,0.000,0.000,0.000,0.000,20.0,
17.11.2025,13:41:11.560,19.032,23.596,16.078,3.081,250.0,250.0,82.151,23.448,8.846,73.049,50.555,31.349,19.206,30.960,7.078,0.717,6.361,6.361,0.000,0.000,0.000,0.000,20.0,
17.11.2025,13:41:12.561,17.672,26.429,18.886,3.097,250.0,250.0,79.329,36.218,8.790,71.676,49.670,30.801,18.869,30.436,72.679,26.678,46.001,6.582,0.000,0.000,0.000,0.000,20.0,
17.11.2025,13:41:13.562,31.266,25.025,17.518,3.059,250.0,250.0,78.648,47.147,8.808,73.361,50.695,31.440,19.255,31.064,125.141,34.408,90.733,6.565,0.000,0.000,2.125,0.000,20.0,
17.11.2025,13:41:14.561,17.672,25.941,18.404,3.084,250.0,250.0,78.902,23.483,8.804,73.114,50.568,31.359,19.209,30.983,7.192,0.785,6.407,6.403,0.000,0.000,0.000,0.000,20.0,
17.11.2025,13:41:15.561,19.032,24.948,17.470,3.066,250.0,250.0,80.573,23.655,8.895,73.765,51.027,31.635,19.392,31.258,7.084,0.723,6.361,6.412,0.000,0.000,0.000,0.000,20.0,
17.11.2025,13:41:16.562,19.032,25.347,17.843,3.056,250.0,250.0,81.010,23.485,8.843,73.204,50.643,31.404,19.239,31.028,7.066,0.714,6.352,6.361,0.000,0.000,0.000,0.000,20.0,
17.11.2025,13:41:17.561,17.672,26.402,18.891,3.055,250.0,250.0,78.572,23.360,8.856,72.334,50.105,31.074,19.031,30.697,7.454,0.828,6.626,6.598,0.000,0.000,0.000,0.000,20.0,
17.11.2025,13:41:18.561,17.672,26.423,18.894,3.064,250.0,250.0,78.931,23.397,8.833,72.834,50.395,31.255,19.140,30.879,7.111,0.725,6.386,6.412,0.000,0.000,0.000,0.000,20.0,
17.11.2025,13:41:19.557,23.110,25.949,18.441,3.067,250.0,250.0,81.969,23.366,8.804,72.782,50.359,31.236,19.123,30.860,7.066,0.714,6.352,6.361,0.000,0.000,0.000,0.000,20.0,
17.11.2025,13:41:20.560,28.547,25.171,17.669,3.090,250.0,250.0,75.218,13.305,8.791,34.176,26.649,16.529,10.120,16.333,7.057,0.714,6.343,6.343,0.000,0.000,0.000,0.000,20.0,
17.11.2025,13:41:21.555,19.032,29.225,21.682,3.059,250.0,250.0,82.898,24.004,8.817,75.129,51.846,32.141,19.705,31.752,7.124,0.721,6.403,6.403,0.000,0.000,0.000,0.000,20.0,
17.11.2025,13:41:22.553,20.391,27.639,20.000,3.146,250.0,250.0,82.868,23.920,8.829,74.621,51.515,31.942,19.573,31.553,7.305,0.749,6.556,6.556,0.000,0.000,0.000,0.000,20.0,
17.11.2025,13:41:23.556,19.032,26.082,18.637,3.062,250.0,250.0,79.416,23.804,8.905,74.341,51.372,31.854,19.518,31.477,7.087,0.726,6.361,6.403,0.000,0.000,0.000,0.000,20.0,
17.11.2025,13:41:24.560,32.625,26.247,18.696,3.105,250.0,250.0,78.993,23.963,8.885,74.955,51.769,32.100,19.669,31.723,7.081,0.720,6.361,6.369,0.000,0.000,0.000,0.000,20.0,
17.11.2025,13:41:25.561,13.594,25.002,17.466,3.057,250.0,250.0,79.753,22.212,8.895,68.116,47.552,29.488,18.064,29.135,7.203,0.740,6.463,6.463,0.000,0.000,0.000,0.000,20.0,
17.11.2025,13:41:26.554,24.469,25.004,17.509,3.119,250.0,250.0,76.993,22.331,8.836,68.749,47.899,29.703,18.196,29.350,7.106,0.720,6.386,6.361,0.000,0.000,0.000,0.000,20.0,
17.11.2025,13:41:27.561,16.313,24.689,17.153,3.116,250.0,250.0,77.621,51.626,8.895,97.496,65.639,40.698,24.941,40.212,115.954,32.778,83.176,6.471,0.000,0.000,0.000,0.000,20.0,
17.11.2025,13:41:28.560,14.953,24.505,16.959,3.091,250.0,250.0,79.876,22.395,8.867,68.791,47.955,29.736,18.219,29.384,7.269,0.747,6.522,6.463,0.000,0.000,0.000,0.000,20.0,
17.11.2025,13:41:29.561,23.110,25.162,17.685,3.079,250.0,250.0,77.623,44.156,8.843,68.640,47.849,29.670,18.179,29.306,116.243,33.161,83.082,6.582,0.000,0.000,0.000,0.000,20.0,
17.11.2025,13:41:30.560,16.313,25.148,17.676,3.061,250.0,250.0,73.291,15.965,8.774,44.274,32.856,20.375,12.481,20.131,7.210,0.730,6.480,6.335,0.000,0.000,0.000,0.000,20.0,
17.11.2025,13:41:31.554,14.953,26.972,19.459,3.045,250.0,250.0,71.846,21.489,8.941,65.451,45.980,28.511,17.469,28.158,7.023,0.713,6.310,6.335,0.000,0.000,0.000,0.000,20.0,
17.11.2025,13:41:32.553,17.672,25.718,18.266,3.045,250.0,250.0,70.965,13.407,8.807,34.559,26.908,16.685,10.223,16.477,7.070,0.727,6.343,6.267,0.000,0.000,0.000,0.000,20.0,
17.11.2025,13:41:33.555,25.829,26.450,18.868,3.169,250.0,250.0,67.788,23.985,8.858,75.011,51.796,32.118,19.678,31.729,7.107,0.729,6.378,6.446,0.000,0.000,0.000,0.000,20.0,
17.11.2025,13:41:34.562,14.953,26.122,18.494,3.150,250.0,250.0,80.901,20.315,8.762,60.878,43.058,26.704,16.354,26.376,7.338,0.808,6.530,6.343,0.000,0.000,1.250,0.000,20.0,
17.11.2025,13:41:35.561,24.469,25.652,18.135,3.119,250.0,250.0,81.395,23.777,8.765,74.280,51.285,31.798,19.487,31.408,7.155,0.726,6.429,6.438,0.000,0.000,0.375,0.000,20.0,
17.11.2025,13:41:36.560,17.672,26.629,19.084,3.108,250.0,250.0,78.748,23.684,8.788,73.992,51.126,31.700,19.426,31.310,7.067,0.715,6.352,6.361,0.000,0.000,0.000,0.000,20.0,
17.11.2025,13:41:37.560,17.672,24.940,17.373,3.120,250.0,250.0,82.900,46.291,8.785,75.241,51.896,32.173,19.723,31.784,118.388,33.684,84.704,6.530,0.000,0.000,0.000,0.000,20.0,
17.11.2025,13:41:38.558,23.110,25.995,18.430,3.108,250.0,250.0,79.570,47.051,8.821,73.020,50.513,31.321,19.192,30.944,125.125,34.573,90.552,6.446,0.000,0.000,0.000,0.000,20.0,
17.11.2025,13:41:39.560,12.235,25.209,17.666,3.102,250.0,250.0,79.076,24.211,8.861,75.887,52.312,32.443,19.869,32.054,7.150,0.763,6.387,6.386,0.000,0.000,0.000,0.000,20.0,
17.11.2025,13:41:40.561,19.032,25.176,17.577,3.119,250.0,250.0,83.074,36.059,8.905,56.808,40.619,25.192,15.427,24.887,7.224,0.872,6.352,174.300,0.000,0.000,0.000,0.000,20.0,
17.11.2025,13:41:41.560,17.672,26.528,19.022,3.059,250.0,250.0,79.770,24.368,8.921,76.362,52.678,32.665,20.013,32.263,7.189,0.785,6.404,6.403,0.000,0.000,0.000,0.000,20.0,
17.11.2025,13:41:42.559,24.469,27.322,19.807,3.080,250.0,250.0,81.606,18.260,8.851,53.097,38.339,23.779,14.560,23.486,7.066,0.714,6.352,6.352,0.000,0.000,0.000,0.000,20.0,
17.11.2025,13:41:43.559,20.391,24.604,17.151,3.059,250.0,250.0,80.202,24.385,8.783,76.508,52.680,32.668,20.012,32.267,7.249,0.808,6.441,6.438,0.000,0.000,0.375,0.000,20.0,
17.11.2025,13:41:44.560,14.953,27.305,19.805,3.040,250.0,250.0,81.056,22.605,8.809,69.824,48.584,30.126,18.458,29.761,7.066,0.714,6.352,6.352,0.000,0.000,0.000,0.000,20.0,
17.11.2025,13:41:45.561,19.032,25.569,18.071,3.060,250.0,250.0,81.087,43.242,8.844,74.073,51.166,31.725,19.441,31.348,104.660,27.461,77.199,6.505,0.000,0.000,0.000,0.000,20.0,
17.11.2025,13:41:46.561,16.313,26.127,18.663,3.026,250.0,250.0,79.396,23.841,8.869,74.443,51.439,31.901,19.538,31.512,7.160,0.770,6.390,6.386,0.000,0.000,0.000,0.000,20.0,
17.11.2025,13:41:47.560,16.313,26.127,18.663,3.026,250.0,250.0,83.125,20.640,8.838,62.290,43.943,27.254,16.689,26.925,7.057,0.714,6.343,6.343,0.000,0.000,0.000,0.000,20.0,
17.11.2025,13:41:48.561,27.188,25.830,18.287,3.079,250.0,250.0,79.840,23.613,8.774,73.482,50.772,31.482,19.290,31.105,7.350,0.864,6.486,6.530,0.000,0.000,0.000,0.000,20.0,
17.11.2025,13:41:49.559,24.469,25.914,18.399,3.090,250.0,250.0,80.061,24.039,8.775,75.320,51.914,32.194,19.720,31.805,7.131,0.769,6.362,6.403,0.000,0.000,0.000,0.000,20.0,
17.11.2025,13:41:50.557,25.829,26.664,19.106,3.100,250.0,250.0,83.691,45.057,8.811,71.285,49.473,30.679,18.794,30.301,117.442,33.357,84.085,6.343,0.000,0.000,0.000,0.000,20.0,
17.11.2025,13:41:51.553,24.469,26.097,18.594,3.072,250.0,250.0,80.014,23.604,8.868,73.536,50.859,31.536,19.323,31.160,7.170,0.780,6.390,6.420,0.000,0.000,0.000,0.000,20.0,
17.11.2025,13:41:52.556,25.829,24.792,17.270,3.101,250.0,250.0,80.639,23.870,8.867,74.596,51.529,31.951,19.578,31.562,7.116,0.764,6.352,6.386,0.000,0.000,0.000,0.000,20.0,
17.11.2025,13:41:53.554,17.672,27.155,19.638,3.073,250.0,250.0,81.634,25.233,8.831,73.569,50.858,31.536,19.322,31.159,15.219,2.047,13.172,6.616,0.000,0.000,0.000,0.000,20.0,
17.11.2025,13:41:54.561,25.829,25.869,18.336,3.093,250.0,250.0,79.499,23.803,8.893,74.342,51.383,31.861,19.522,31.472,7.087,0.718,6.369,6.386,0.000,0.000,0.000,0.000,20.0,
17.11.2025,13:41:55.555,16.313,26.204,18.668,3.079,250.0,250.0,82.465,32.182,9.026,77.095,53.134,32.944,20.190,32.543,11.512,1.855,9.657,73.868,0.000,0.000,0.000,0.000,20.0,
17.11.2025,13:41:56.561,20.391,26.006,18.488,3.076,250.0,250.0,79.800,23.915,8.846,74.762,51.607,32.002,19.605,31.613,7.151,0.773,6.378,6.412,0.000,0.000,0.000,0.000,20.0,
17.11.2025,13:41:57.561,16.313,27.446,19.940,3.102,250.0,250.0,82.645,27.638,8.761,74.754,51.566,31.971,19.595,31.582,25.725,3.400,22.325,6.700,0.000,0.000,0.000,0.000,20.0,
17.11.2025,13:41:58.561,19.032,25.978,18.439,3.086,250.0,250.0,78.784,27.638,8.734,74.448,51.341,31.842,19.499,31.454,7.146,0.768,6.378,6.403,0.000,0.000,0.000,0.000,20.0,
17.11.2025,13:41:59.561,19.032,25.810,18.275,3.070,250.0,250.0,78.784,23.802,8.734,74.448,51.341,31.842,19.499,31.454,7.146,0.768,6.378,6.403,0.000,0.000,0.250,0.000,20.0,
17.11.2025,13:42:0.557,17.672,27.127,19.579,3.108,250.0,250.0,83.309,39.337,8.797,73.947,51.075,31.675,19.400,31.286,85.178,17.985,67.193,6.837,0.000,0.000,0.000,0.000,20.0,
17.11.2025,13:42:1.555,17.672,26.536,18.977,3.107,250.0,250.0,78.999,24.219,8.833,75.762,52.241,32.387,19.854,31.998,7.366,0.980,6.386,6.386,0.000,0.000,0.000,1.375,20.0,
17.11.2025,13:42:2.555,17.672,28.331,20.771,3.104,250.0,250.0,83.931,27.158,8.809,48.968,35.731,22.153,13.578,21.885,17.137,4.382,12.755,86.180,0.000,0.000,0.000,0.000,20.0,
17.11.2025,13:42:3.561,20.391,36.031,28.189,3.335,250.0,250.0,80.024,23.857,8.846,74.417,51.414,31.884,19.530,31.495,7.259,0.792,6.467,6.463,0.000,0.000,0.000,0.750,20.0,
17.11.2025,13:42:4.568,23.110,27.807,20.255,3.114,250.0,250.0,80.797,24.071,8.868,75.368,51.999,32.247,19.752,31.858,7.129,0.768,6.361,6.361,0.000,0.000,0.000,0.000,20.0,
17.11.2025,13:42:5.563,19.032,27.736,20.091,3.153,250.0,250.0,82.251,23.589,8.820,73.483,50.794,31.497,19.297,31.120,7.224,0.791,6.433,6.429,0.000,0.000,0.000,0.000,20.0,
17.11.2025,13:42:6.562,16.313,28.521,21.003,3.081,250.0,250.0,82.469,23.408,8.804,72.934,50.457,31.285,19.172,30.908,7.078,0.717,6.361,6.361,0.000,0.000,0.000,0.000,20.0,
17.11.2025,13:42:7.561,27.188,28.773,21.116,3.165,250.0,250.0,78.969,26.432,8.755,73.074,50.513,31.323,19.190,30.935,21.976,2.885,19.091,6.582,0.000,0.000,0.000,0.000,20.0,
17.11.2025,13:42:8.553,17.672,32.432,24.281,3.607,250.0,250.0,78.914,23.578,8.783,73.560,50.821,31.511,19.310,31.135,7.127,0.724,6.403,6.403,0.000,0.000,0.000,0.375,20.0,
17.11.2025,13:42:9.558,24.469,26.788,19.199,3.154,250.0,250.0,82.211,41.954,8.852,71.994,49.901,30.942,18.959,30.578,99.976,31.015,68.961,8.363,0.000,0.000,0.000,0.000,20.0,
17.11.2025,13:42:10.554,16.313,26.821,19.336,3.038,250.0,250.0,79.300,23.600,8.784,73.676,50.884,31.554,19.330,31.177,7.105,0.719,6.386,6.386,0.000,0.000,0.000,0.000,20.0,
17.11.2025,13:42:11.558,16.313,24.440,16.961,3.044,250.0,250.0,82.544,42.372,8.805,70.312,48.852,30.299,18.553,29.934,105.193,31.963,73.230,6.582,0.000,0.000,0.000,0.000,20.0,
17.11.2025,13:42:12.557,16.313,27.279,19.797,3.044,250.0,250.0,78.845,24.196,8.747,75.877,52.248,32.402,19.846,32.013,7.183,0.737,6.446,6.463,0.000,0.000,0.000,0.000,20.0,
17.11.2025,13:42:13.560,20.391,27.546,19.973,3.133,250.0,250.0,82.558,16.592,8.727,46.743,34.341,21.285,13.056,21.029,7.191,0.728,6.463,6.352,0.000,0.000,0.000,0.000,20.0,
17.11.2025,13:42:14.561,20.391,28.517,20.930,3.109,250.0,250.0,79.102,24.294,8.744,76.295,52.516,32.565,19.951,32.164,7.128,0.725,6.403,6.446,0.000,0.000,0.000,0.000,20.0,
17.11.2025,13:42:15.562,16.313,27.693,20.195,3.057,250.0,250.0,83.212,40.836,8.802,77.311,53.119,32.937,20.182,32.548,88.550,29.515,59.035,6.361,0.000,0.000,0.000,0.000,20.0,
17.11.2025,13:42:16.561,17.672,26.634,19.156,3.032,250.0,250.0,78.523,23.772,8.857,74.216,51.285,31.799,19.486,31.410,7.133,0.730,6.403,6.403,0.000,0.000,0.000,0.000,20.0,
17.11.2025,13:42:17.561,17.672,28.147,20.653,3.057,250.0,250.0,81.531,47.653,8.879,74.828,51.677,32.049,19.628,31.660,125.521,34.656,90.865,6.769,0.000,0.000,0.000,0.000,20.0,
17.11.2025,13:42:18.559,20.391,28.793,21.287,3.030,250.0,250.0,80.177,23.621,8.856,73.703,50.956,31.597,19.359,31.220,7.066,0.714,6.352,6.386,0.000,0.000,0.000,0.000,20.0,
17.11.2025,13:42:19.560,19.032,28.019,20.540,3.086,250.0,250.0,81.655,23.619,8.841,73.434,50.799,31.500,19.299,31.112,7.339,0.816,6.523,6.522,0.001,0.000,0.000,0.000,20.0,
17.11.2025,13:42:20.555,31.266,27.683,20.128,3.059,250.0,250.0,78.667,24.269,8.799,76.159,52.453,32.525,19.928,32.136,7.141,0.738,6.403,6.403,0.000,0.000,0.000,0.000,20.0,
17.11.2025,13:42:21.558,25.829,25.249,17.768,3.082,250.0,250.0,83.013,34.076,8.779,72.524,50.185,31.112,19.073,30.736,60.772,22.649,38.123,6.802,0.000,0.000,0.000,0.000,20.0,
17.11.2025,13:42:22.561,17.672,26.958,19.419,3.105,250.0,250.0,79.368,23.924,8.805,74.869,51.660,32.034,19.626,31.645,7.107,0.721,6.386,6.386,0.000,0.000,0.000,0.000,20.0,
17.11.2025,13:42:23.553,21.750,25.783,18.295,3.057,250.0,250.0,82.992,27.851,8.773,73.750,50.955,31.599,19.356,31.210,28.158,3.667,24.491,6.547,0.000,0.000,0.000,0.000,20.0,
17.11.2025,13:42:24.555,17.672,26.907,19.339,3.077,250.0,250.0,78.944,23.726,8.784,74.185,51.213,31.756,19.457,31.379,7.068,0.716,6.352,6.352,0.000,0.000,0.000,0.000,20.0,
17.11.2025,13:42:25.561,14.953,25.144,17.679,3.065,250.0,250.0,82.082,29.416,8.846,74.895,51.688,32.048,19.640,31.659,34.441,4.521,29.920,6.505,0.000,0.000,0.000,0.000,20.0,
17.11.2025,13:42:26.560,19.032,25.661,18.139,3.083,250.0,250.0,78.944,23.334,8.829,72.607,50.255,31.171,19.084,30.794,7.107,0.721,6.386,6.386,0.001,0.000,0.000,0.000,20.0,
17.11.2025,13:42:27.556,14.953,26.671,19.152,3.074,250.0,250.0,78.758,30.103,8.833,67.965,47.422,29.409,18.013,29.056,46.935,6.420,40.515,6.463,0.000,0.000,0.000,0.000,20.0,
17.11.2025,13:42:28.554,17.672,25.671,18.244,3.001,250.0,250.0,77.030,22.129,8.772,68.004,47.408,29.388,18.020,29.035,7.132,0.729,6.403,6.403,0.000,0.000,0.000,0.000,20.0,
17.11.2025,13:42:29.562,17.672,25.348,17.956,2.982,250.0,250.0,76.654,22.044,8.759,67.720,47.216,29.285,17.931,28.933,7.105,0.719,6.386,6.386,0.000,0.000,0.000,0.000,20.0,
17.11.2025,13:42:30.554,17.672,25.307,17.854,3.021,250.0,250.0,77.015,41.967,8.793,91.229,61.693,38.251,23.442,37.790,7.244,0.892,6.352,143.989,0.000,0.000,0.000,0.000,20.0,
17.11.2025,13:42:31.559,20.391,27.060,19.640,2.993,250.0,250.0,76.003,21.988,8.795,67.485,47.103,29.205,17.898,28.852,7.088,0.719,6.369,6.369,0.000,0.000,0.000,0.000,20.0,
17.11.2025,13:42:32.562,20.391,26.072,18.634,2.997,250.0,250.0,73.723,13.462,8.773,34.516,26.855,16.658,10.197,16.450,7.427,0.820,6.607,6.318,0.000,0.000,0.000,0.000,20.0,
17.11.2025,13:42:33.560,28.547,25.250,17.863,2.978,250.0,250.0,70.181,22.369,8.806,68.899,47.975,29.743,18.232,29.390,7.153,0.823,6.330,6.343,0.000,0.000,0.000,0.000,20.0,
17.11.2025,13:42:34.561,17.672,25.413,17.992,2.990,250.0,250.0,69.747,13.076,8.730,33.412,26.145,16.209,9.936,16.014,7.022,0.712,6.310,6.267,0.000,0.000,0.000,1.250,20.0,
17.11.2025,13:42:35.561,19.032,26.085,18.563,3.093,250.0,250.0,70.824,34.573,8.745,56.347,40.224,24.943,15.281,24.651,59.167,21.737,37.430,57.206,0.000,0.000,0.000,0.000,20.0,
17.11.2025,13:42:36.561,17.672,26.566,19.100,3.050,250.0,250.0,78.965,23.630,8.799,73.779,50.967,31.604,19.363,31.227,7.086,0.717,6.369,6.386,0.000,0.000,0.000,0.000,20.0,
17.11.2025,13:42:37.563,28.547,26.563,19.052,3.059,250.0,250.0,79.211,24.033,8.813,75.000,51.743,32.091,19.652,31.702,7.388,0.878,6.510,6.556,0.000,0.000,0.000,0.000,20.0,
17.11.2025,13:42:38.561,19.032,26.833,19.387,3.051,250.0,250.0,79.857,23.736,8.864,74.126,51.232,31.770,19.462,31.381,7.079,0.718,6.361,6.369,0.000,0.000,0.000,0.000,20.0,
17.11.2025,13:42:39.561,14.953,24.790,17.239,3.081,250.0,250.0,83.161,23.402,8.856,72.821,50.409,31.256,19.153,30.879,7.114,0.720,6.394,6.420,0.000,0.000,0.000,0.000,20.0,
17.11.2025,13:42:40.560,16.313,25.120,17.675,3.078,250.0,250.0,80.377,23.703,8.854,74.001,51.163,31.726,19.437,31.337,7.078,0.717,6.361,6.361,0.000,0.000,0.000,0.000,20.0,
17.11.2025,13:42:41.562,17.672,26.840,19.364,3.054,250.0,250.0,81.897,24.101,8.866,75.170,51.883,32.170,19.713,31.782,7.449,0.871,6.578,6.530,0.000,0.000,0.000,0.000,20.0,
17.11.2025,13:42:42.562,17.672,27.809,20.295,3.074,250.0,250.0,82.871,19.566,8.788,58.210,41.415,25.682,15.733,25.377,7.057,0.714,6.343,6.343,0.000,0.000,0.000,0.000,20.0,
17.11.2025,13:42:43.561,19.032,27.737,20.264,3.062,250.0,250.0,79.619,23.888,8.796,74.650,51.519,31.939,19.580,31.550,7.215,0.791,6.424,6.420,0.000,0.000,0.000,0.000,20.0,
17.11.2025,13:42:44.554,23.110,27.431,19.922,3.068,250.0,250.0,83.311,39.434,8.812,69.039,48.068,29.812,18.256,29.447,92.182,30.061,62.121,6.539,0.000,0.000,0.000,0.000,20.0,
17.11.2025,13:42:45.555,16.313,28.344,20.814,3.077,250.0,250.0,79.530,23.942,8.786,74.502,51.415,31.882,19.533,31.493,7.625,0.955,6.670,6.556,0.000,0.000,1.000,0.000,20.0,
17.11.2025,13:42:46.561,17.672,24.226,16.771,3.059,250.0,250.0,79.471,23.932,8.857,74.811,51.663,32.039,19.624,31.650,7.148,0.769,6.379,6.378,0.000,0.000,0.000,0.000,20.0,
17.11.2025,13:42:47.562,38.063,27.094,19.558,3.067,250.0,250.0,83.283,24.028,8.857,75.050,51.801,32.119,19.682,31.742,7.275,0.791,6.484,6.480,0.000,0.000,0.500,0.000,20.0,
17.11.2025,13:42:48.558,12.235,27.371,19.909,3.065,250.0,250.0,79.056,23.658,8.859,73.721,50.985,31.615,19.370,31.238,7.190,0.774,6.416,6.412,0.000,0.000,0.000,0.000,20.0,
17.11.2025,13:42:49.555,16.313,25.484,18.020,3.046,250.0,250.0,83.003,47.520,8.856,74.430,51.431,31.892,19.539,31.503,125.366,34.634,90.732,6.820,0.000,0.000,0.000,0.125,20.0,
17.11.2025,13:42:50.559,19.032,26.597,19.071,3.093,250.0,250.0,83.105,23.621,8.849,73.705,50.963,31.604,19.359,31.215,7.079,0.718,6.361,6.361,0.000,0.000,0.000,0.000,20.0,
17.11.2025,13:42:51.561,19.032,26.641,19.125,3.060,250.0,250.0,80.058,23.992,8.790,75.034,51.743,32.092,19.651,31.703,7.224,0.791,6.433,6.463,0.000,0.000,0.000,0.000,20.0,
17.11.2025,13:42:52.557,16.313,27.531,20.005,3.100,250.0,250.0,80.415,23.904,8.849,74.679,51.561,31.970,19.591,31.593,7.186,0.788,6.398,6.420,0.000,0.000,0.000,0.000,20.0,
17.11.2025,13:42:53.561,13.594,26.997,19.502,3.035,250.0,250.0,81.277,23.901,8.799,74.814,51.634,32.014,19.620,31.637,7.066,0.714,6.352,6.361,0.000,0.000,0.000,0.000,20.0,
17.11.2025,13:42:54.561,14.953,25.754,18.319,3.057,250.0,250.0,81.499,23.787,8.807,74.039,51.141,31.708,19.433,31.331,7.447,0.904,6.543,6.514,0.000,0.000,0.000,0.000,20.0,
17.11.2025,13:42:55.560,24.469,26.762,19.276,3.061,250.0,250.0,82.716,23.606,8.858,73.650,50.933,31.581,19.352,31.192,7.066,0.714,6.352,6.361,0.000,0.000,0.000,0.000,20.0,
17.11.2025,13:42:56.554,17.672,26.925,19.361,3.086,250.0,250.0,80.291,18.374,8.774,53.292,38.410,23.819,14.591,23.539,7.482,0.756,6.726,6.352,0.000,0.000,0.000,0.000,20.0,
17.11.2025,13:42:57.562,12.235,27.700,20.242,3.041,250.0,250.0,79.530,39.840,8.793,74.644,51.492,31.935,19.557,31.546,86.887,18.609,68.278,6.658,0.000,0.000,0.000,0.000,20.0,
17.11.2025,13:42:58.561,19.032,26.778,19.291,3.048,250.0,250.0,79.792,23.729,8.767,74.109,51.165,31.729,19.436,31.341,7.170,0.784,6.386,6.403,0.000,0.000,0.000,0.000,20.0,
17.11.2025,13:42:59.561,17.672,27.153,19.713,3.025,250.0,250.0,82.842,41.194,8.856,74.802,51.637,32.022,19.615,31.633,93.358,21.597,71.761,6.658,0.000,0.000,0.000,0.000,20.0,
17.11.2025,13:43:0.562,17.672,27.518,20.037,3.060,250.0,250.0,79.643,23.951,8.932,74.809,51.678,32.050,19.628,31.661,7.175,0.784,6.391,6.403,0.000,0.000,0.000,0.000,20.0,
17.11.2025,13:43:1.561,21.750,26.919,19.423,3.076,250.0,250.0,83.122,45.674,8.931,76.491,52.744,32.706,20.038,32.305,113.485,32.942,80.543,6.556,0.000,0.000,0.000,0.000,20.0,
17.11.2025,13:43:2.561,20.391,28.611,21.138,3.055,250.0,250.0,80.604,23.915,8.872,74.683,51.571,31.986,19.585,31.597,7.209,0.802,6.407,6.438,0.000,0.000,0.000,0.000,20.0,
17.11.2025,13:43:3.555,16.313,26.735,19.243,3.070,250.0,250.0,83.164,47.369,9.056,73.921,51.209,31.752,19.457,31.375,125.066,34.530,90.536,6.786,0.000,0.000,0.000,0.000,20.0,
17.11.2025,13:43:4.556,31.266,28.805,21.273,3.073,250.0,250.0,80.427,23.562,9.056,73.260,50.829,31.522,19.307,31.133,7.078,0.717,6.361,6.361,0.000,0.000,0.000,0.000,20.0,
17.11.2025,13:43:5.559,16.313,24.693,17.257,3.021,250.0,250.0,82.591,40.035,8.898,74.866,51.721,32.064,19.657,31.675,87.320,29.396,57.924,6.828,0.000,0.000,0.000,0.000,20.0,
17.11.2025,13:43:6.554,25.829,27.883,20.397,3.080,250.0,250.0,80.876,24.047,8.822,75.346,51.938,32.215,19.723,31.826,7.105,0.719,6.386,6.386,0.000,0.000,0.000,0.000,20.0,
17.11.2025,13:43:7.564,24.469,27.945,20.326,3.131,250.0,250.0,82.237,31.866,8.873,74.758,51.621,32.007,19.614,31.630,46.860,6.238,40.622,6.438,0.001,0.000,0.000,0.000,20.0,
17.11.2025,13:43:8.569,21.750,29.594,21.856,3.261,250.0,250.0,82.691,23.688,8.848,73.921,51.103,31.686,19.417,31.297,7.121,0.735,6.386,6.361,0.000,0.000,1.500,0.000,20.0,
17.11.2025,13:43:9.581,17.672,32.104,24.066,3.572,250.0,250.0,78.973,19.500,8.862,57.855,41.258,25.588,15.670,25.283,7.069,0.726,6.343,6.343,0.000,0.000,0.000,0.000,20.0,
17.11.2025,13:43:10.578,19.032,26.690,19.206,3.029,250.0,250.0,79.743,23.675,8.907,73.801,51.043,31.654,19.389,31.278,7.135,0.723,6.412,6.412,0.000,0.000,0.000,0.000,20.0,
17.11.2025,13:43:11.573,20.391,26.688,19.264,3.022,250.0,250.0,82.166,23.800,8.915,74.152,51.293,31.805,19.488,31.416,7.223,0.743,6.480,6.480,0.000,0.000,0.000,0.000,20.0,
17.11.2025,13:43:12.572,17.672,27.283,19.775,3.060,250.0,250.0,81.705,14.095,8.859,36.927,28.394,17.610,10.784,17.390,7.239,0.734,6.505,6.505,0.000,0.000,0.000,0.000,20.0,
17.11.2025,13:43:13.583,16.313,25.385,18.001,3.011,250.0,250.0,81.718,23.703,8.856,73.834,51.039,31.644,19.395,31.267,7.287,0.823,6.464,6.420,0.000,0.000,0.000,0.000,20.0,
17.11.2025,13:43:14.581,19.032,27.561,20.051,3.041,250.0,250.0,82.185,47.200,8.843,73.348,50.748,31.470,19.278,31.081,125.295,34.666,90.629,6.642,0.000,0.000,0.000,0.000,20.0,
17.11.2025,13:43:15.578,24.469,26.586,19.158,3.038,250.0,250.0,78.663,23.212,8.796,72.143,49.957,30.976,18.981,30.599,7.109,0.723,6.386,6.446,0.000,0.000,0.000,0.000,20.0,
17.11.2025,13:43:16.576,17.672,25.447,17.936,3.046,250.0,250.0,81.868,56.112,8.795,61.210,43.250,26.814,16.436,26.498,60.553,22.625,37.928,257.008,0.000,0.000,0.750,0.000,20.0,
17.11.2025,13:43:17.574,36.704,27.178,19.789,3.024,250.0,250.0,79.057,25.315,8.846,73.943,51.084,31.679,19.405,31.302,15.153,1.988,13.165,6.582,0.000,0.000,0.000,0.000,20.0,
17.11.2025,13:43:18.574,16.313,26.685,19.201,3.056,250.0,250.0,78.396,23.429,8.796,73.017,50.499,31.320,19.179,30.944,7.079,0.718,6.361,6.378,0.000,0.000,0.500,0.000,20.0,
17.11.2025,13:43:19.571,33.985,26.070,18.577,3.072,250.0,250.0,81.552,25.387,8.831,74.197,51.241,31.775,19.466,31.398,15.194,1.978,13.216,6.573,0.000,0.000,0.000,0.000,20.0,
17.11.2025,13:43:20.582,27.188,25.720,18.192,3.072,250.0,250.0,81.779,25.031,8.733,45.329,33.455,20.748,12.707,20.505,7.327,0.830,6.497,94.179,0.000,0.000,0.000,0.000,20.0,
17.11.2025,13:43:21.578,19.032,27.576,20.029,3.057,250.0,250.0,79.270,23.459,8.807,73.056,50.527,31.327,19.200,30.951,7.138,0.726,6.412,6.446,0.000,0.000,0.000,0.750,20.0,
17.11.2025,13:43:22.575,20.391,27.928,20.415,3.085,250.0,250.0,81.990,48.444,8.846,78.074,53.622,33.242,20.380,32.841,125.399,34.630,90.769,6.633,0.000,0.000,0.000,0.000,20.0,
17.11.2025,13:43:23.570,17.672,26.772,19.249,3.057,250.0,250.0,78.732,23.551,8.834,73.456,50.802,31.505,19.297,31.128,7.066,0.714,6.352,6.352,0.000,0.000,0.000,0.000,20.0,
17.11.2025,13:43:24.583,24.469,25.245,17.773,3.051,250.0,250.0,80.857,23.711,8.868,73.683,50.962,31.596,19.366,31.219,7.447,0.839,6.608,6.522,0.000,0.000,0.000,0.000,20.0,
17.11.2025,13:43:25.578,19.032,24.754,17.298,3.031,250.0,250.0,78.559,23.643,8.915,73.728,51.012,31.631,19.381,31.242,7.078,0.717,6.361,6.361,0.000,0.000,0.000,0.000,20.0,
17.11.2025,13:43:26.575,16.313,27.485,19.991,3.067,250.0,250.0,82.361,23.656,9.002,73.429,50.883,31.551,19.332,31.174,7.386,0.881,6.505,6.420,0.000,0.000,0.000,0.000,20.0,
17.11.2025,13:43:27.572,20.391,25.632,18.156,3.058,250.0,250.0,78.561,22.545,8.868,69.559,48.431,30.029,18.402,29.676,7.069,0.717,6.352,6.352,0.000,0.000,0.000,0.000,20.0,
17.11.2025,13:43:28.569,35.344,26.683,19.131,3.108,250.0,250.0,78.131,22.447,8.804,69.250,48.188,29.885,18.303,29.521,7.078,0.717,6.361,6.361,0.000,0.000,0.375,0.000,20.0,
17.11.2025,13:43:29.580,17.672,24.868,17.412,3.028,250.0,250.0,80.915,44.237,8.792,68.569,47.785,29.632,18.153,29.279,116.666,33.092,83.574,6.828,0.001,0.000,0.000,0.250,20.0,
17.11.2025,13:43:30.582,17.672,24.868,17.412,3.028,250.0,250.0,77.646,22.523,8.793,69.489,48.336,29.979,18.357,29.614,7.131,0.728,6.403,6.403,0.001,0.000,0.000,0.000,20.0,
17.11.2025,13:43:31.578,24.469,26.805,19.324,3.026,250.0,250.0,77.719,22.453,8.831,69.238,48.205,29.891,18.314,29.538,7.078,0.717,6.361,6.361,0.000,0.000,0.000,2.625,20.0,
17.11.2025,13:43:32.580,14.953,24.337,16.906,2.994,250.0,250.0,76.992,22.131,8.805,68.074,47.472,29.431,18.041,29.079,7.040,0.713,6.327,6.327,0.001,0.000,0.000,0.000,20.0,
17.11.2025,13:43:33.578,27.188,24.547,17.088,3.030,250.0,250.0,71.125,22.214,8.854,68.305,47.646,29.543,18.103,29.178,7.069,0.726,6.343,6.378,0.000,0.000,0.000,0.000,20.0,
17.11.2025,13:43:34.577,16.313,25.722,18.355,2.968,250.0,250.0,73.568,22.228,8.856,68.360,47.677,29.560,18.117,29.207,7.069,0.726,6.343,6.369,0.000,0.000,0.000,0.000,20.0,
17.11.2025,13:43:35.578,23.110,26.459,19.018,2.982,250.0,250.0,76.859,25.078,8.866,73.120,50.617,31.379,19.238,31.002,15.026,1.963,13.063,6.505,0.000,0.000,0.000,0.000,20.0,
17.11.2025,13:43:36.573,29.907,25.503,18.066,3.014,250.0,250.0,77.987,23.306,8.830,72.519,50.220,31.138,19.082,30.773,7.066,0.714,6.352,6.369,0.000,0.000,0.000,0.000,20.0,
17.11.2025,13:43:37.585,17.672,25.446,18.022,3.034,250.0,250.0,81.195,34.209,8.856,79.659,54.589,33.851,20.738,33.451,7.050,0.715,6.335,96.843,0.001,0.000,0.000,0.000,20.0,
17.11.2025,13:43:38.581,21.750,28.431,20.922,3.037,250.0,250.0,78.383,23.597,8.843,73.589,50.880,31.546,19.334,31.169,7.107,0.729,6.378,6.394,0.000,0.000,0.000,0.000,20.0,
17.11.2025,13:43:39.579,17.672,24.846,17.394,3.034,250.0,250.0,81.447,46.812,8.889,71.962,49.902,30.947,18.955,30.571,125.061,34.551,90.510,6.769,0.000,0.000,0.000,0.000,20.0,
17.11.2025,13:43:40.579,14.953,26.292,18.854,3.016,250.0,250.0,78.203,23.840,8.830,74.464,51.418,31.881,19.537,31.505,7.180,0.808,6.372,6.403,0.000,0.000,0.000,0.000,20.0,
17.11.2025,13:43:41.577,19.032,26.071,18.636,3.021,250.0,250.0,83.271,21.193,8.809,64.412,45.249,28.065,17.184,27.724,7.067,0.715,6.352,6.352,0.000,0.000,0.000,0.000,20.0,
17.11.2025,13:43:42.577,25.829,30.112,22.478,3.187,250.0,250.0,79.530,24.030,8.821,75.159,51.821,32.138,19.683,31.749,7.241,0.791,6.450,6.446,0.000,0.000,0.000,0.625,20.0,
17.11.2025,13:43:43.574,16.313,28.722,21.175,3.084,250.0,250.0,79.530,24.030,8.821,75.159,51.821,32.138,19.683,31.749,7.241,0.791,6.450,6.446,0.000,0.000,0.000,1.125,20.0,
17.11.2025,13:43:44.576,23.110,26.952,19.453,3.042,250.0,250.0,79.959,24.024,8.822,75.199,51.861,32.160,19.701,31.771,7.170,0.784,6.386,6.386,0.000,0.000,0.000,0.000,20.0,
17.11.2025,13:43:45.579,17.672,26.196,18.724,3.075,250.0,250.0,82.716,61.359,8.820,76.626,52.739,32.701,20.038,32.312,96.879,30.681,66.198,196.598,0.000,0.000,0.000,0.000,20.0,
17.11.2025,13:43:46.577,12.235,26.268,18.796,3.032,250.0,250.0,79.301,23.949,8.835,74.719,51.580,31.984,19.596,31.595,7.325,0.792,6.533,6.530,0.000,0.000,2.125,0.000,20.0,
17.11.2025,13:43:47.576,16.313,24.228,16.759,3.060,250.0,250.0,79.332,23.788,8.819,74.361,51.340,31.837,19.503,31.448,7.096,0.718,6.378,6.378,0.000,0.000,0.000,0.000,20.0,
17.11.2025,13:43:48.576,23.110,26.089,18.588,3.039,250.0,250.0,82.395,48.815,8.865,51.911,37.565,23.291,14.274,23.011,60.226,22.283,37.943,208.779,0.000,0.000,0.000,0.000,20.0,
17.11.2025,13:43:49.570,19.032,27.902,20.412,3.031,250.0,250.0,79.340,23.956,8.941,74.721,51.630,32.014,19.616,31.637,7.271,0.814,6.457,6.454,0.000,0.000,0.000,0.000,20.0,
17.11.2025,13:43:50.579,25.829,25.533,18.084,3.056,250.0,250.0,82.786,47.178,8.964,73.391,50.821,31.516,19.305,31.139,125.081,34.563,90.518,6.480,0.000,0.000,0.000,0.000,20.0,
17.11.2025,13:43:51.572,19.032,24.929,17.407,3.057,250.0,250.0,78.854,45.182,8.849,71.702,49.706,30.822,18.884,30.458,117.345,33.551,83.794,6.710,0.000,0.000,0.000,0.375,20.0,
17.11.2025,13:43:52.579,20.391,25.435,17.945,3.026,250.0,250.0,78.797,24.035,8.805,75.199,51.865,32.166,19.699,31.777,7.177,0.739,6.438,6.489,0.000,0.000,2.125,0.000,20.0,
17.11.2025,13:43:53.582,17.672,25.759,18.306,3.047,250.0,250.0,75.743,37.123,8.792,73.635,50.876,31.541,19.335,31.164,74.596,14.255,60.341,6.692,0.000,0.000,0.000,0.000,20.0,
17.11.2025,13:43:54.583,24.469,24.931,17.420,3.032,250.0,250.0,77.862,23.931,8.867,74.842,51.663,32.040,19.623,31.651,7.103,0.725,6.378,6.420,0.000,0.000,0.000,0.500,20.0,
17.11.2025,13:43:55.582,17.672,26.277,18.840,3.030,250.0,250.0,82.862,23.964,8.857,75.047,51.775,32.107,19.668,31.718,7.049,0.714,6.335,6.369,0.000,0.000,1.125,0.000,20.0,
17.11.2025,13:43:56.580,17.672,25.819,18.342,3.041,250.0,250.0,79.501,69.345,8.828,56.322,40.275,24.968,15.307,24.664,39.234,13.782,25.452,444.614,0.000,0.000,0.000,0.000,20.0,
17.11.2025,13:43:57.580,21.750,26.120,18.678,3.019,250.0,250.0,79.422,23.515,8.855,73.253,50.681,31.422,19.259,31.046,7.114,0.728,6.386,6.403,0.000,0.000,0.000,0.000,20.0,
17.11.2025,13:43:58.583,32.625,24.780,17.287,3.050,250.0,250.0,78.962,23.952,8.880,74.903,51.723,32.072,19.651,31.683,7.104,0.726,6.378,6.403,0.000,0.000,0.000,0.375,20.0,
17.11.2025,13:43:59.583,16.313,27.236,19.736,3.027,250.0,250.0,84.595,23.976,8.890,75.037,51.804,32.123,19.681,31.734,7.057,0.714,6.343,6.378,0.000,0.000,0.000,2.625,20.0,
17.11.2025,13:44:0.583,16.313,25.781,18.340,3.050,250.0,250.0,80.895,18.202,8.798,52.955,38.207,23.697,14.510,23.405,7.049,0.714,6.335,6.352,0.000,0.000,0.000,0.000,20.0,
17.11.2025,13:44:1.576,17.672,26.471,19.023,3.027,250.0,250.0,79.322,26.753,8.821,58.246,41.437,25.695,15.742,25.391,28.103,7.934,20.169,35.995,0.000,0.000,0.000,0.000,20.0,
17.11.2025,13:44:2.577,17.672,27.552,20.063,3.053,250.0,250.0,80.396,23.758,8.881,74.165,51.251,31.781,19.470,31.404,7.103,0.725,6.378,6.420,0.000,0.000,0.000,0.000,20.0,
17.11.2025,13:44:3.576,20.391,24.773,17.241,3.057,250.0,250.0,82.859,23.812,8.865,74.425,51.422,31.884,19.538,31.495,7.067,0.715,6.352,6.361,0.000,0.000,0.000,0.000,20.0,
17.11.2025,13:44:4.574,19.032,27.902,20.436,3.034,250.0,250.0,79.764,38.074,8.926,68.504,47.813,29.646,18.167,29.294,83.923,29.180,54.743,10.542,0.000,0.000,0.000,0.000,20.0,
17.11.2025,13:44:5.578,19.032,27.181,19.726,3.037,250.0,250.0,79.972,33.055,8.843,73.891,51.081,31.672,19.409,31.283,53.914,7.569,46.345,6.539,0.000,0.000,0.000,0.000,20.0,
17.11.2025,13:44:6.580,19.032,25.200,17.710,3.030,250.0,250.0,79.536,23.803,8.829,74.355,51.364,31.857,19.507,31.468,7.125,0.722,6.403,6.403,0.000,0.000,0.000,0.000,20.0,
17.11.2025,13:44:7.569,19.032,25.547,18.083,3.050,250.0,250.0,81.167,19.563,8.823,58.162,41.414,25.681,15.733,25.364,7.057,0.714,6.343,6.343,0.000,0.000,0.000,2.375,20.0,
17.11.2025,13:44:8.574,16.313,26.561,19.066,3.046,250.0,250.0,81.814,23.547,8.844,73.276,50.697,31.439,19.258,31.062,7.212,0.741,6.471,6.471,0.000,0.000,0.000,0.000,20.0,
17.11.2025,13:44:9.580,21.750,25.170,17.691,3.063,250.0,250.0,79.663,23.687,8.846,73.919,51.098,31.683,19.415,31.306,7.107,0.721,6.386,6.386,0.000,0.000,0.000,0.000,20.0,
17.11.2025,13:44:10.577,16.313,32.681,24.711,3.466,250.0,250.0,83.682,47.618,8.868,74.752,51.626,32.018,19.608,31.629,125.478,34.710,90.768,6.726,0.000,0.000,0.000,0.000,20.0,
17.11.2025,13:44:11.572,23.110,30.528,22.673,3.367,250.0,250.0,80.106,23.818,8.878,74.428,51.425,31.886,19.539,31.509,7.080,0.719,6.361,6.361,0.000,0.000,0.000,0.000,20.0,
17.11.2025,13:44:12.577,28.547,25.931,18.487,3.020,250.0,250.0,83.439,23.845,9.108,74.205,51.417,31.880,19.537,31.491,7.181,0.735,6.446,6.446,0.000,0.000,0.000,0.000,20.0,
17.11.2025,13:44:13.574,14.953,27.800,20.325,3.029,250.0,250.0,79.625,24.293,8.977,76.118,52.554,32.588,19.966,32.186,7.087,0.718,6.369,6.369,0.000,0.000,0.000,0.000,20.0,
17.11.2025,13:44:14.579,17.672,26.784,19.349,3.021,250.0,250.0,82.923,82.480,8.913,70.695,49.156,30.473,18.683,30.108,83.903,29.093,54.810,448.966,0.000,0.000,0.000,0.000,20.0,
17.11.2025,13:44:15.576,16.313,24.869,17.405,3.026,250.0,250.0,79.652,23.896,8.866,74.690,51.566,31.972,19.594,31.584,7.137,0.725,6.412,6.412,0.000,0.000,0.000,0.000,20.0,
17.11.2025,13:44:16.576,17.672,25.423,17.897,3.033,250.0,250.0,80.618,34.038,8.890,77.229,53.159,32.957,20.202,32.556,7.058,0.715,6.343,101.266,0.000,0.000,0.000,0.000,20.0,
17.11.2025,13:44:17.578,19.032,25.902,18.474,3.022,250.0,250.0,80.069,23.776,8.890,74.158,51.257,31.782,19.475,31.405,7.173,0.727,6.446,6.446,0.000,0.000,0.000,0.000,20.0,
17.11.2025,13:44:18.577,20.391,26.199,18.743,3.039,250.0,250.0,83.244,47.898,8.968,75.660,52.247,32.392,19.855,32.003,125.516,34.743,90.773,6.828,0.000,0.000,0.000,0.000,20.0,
17.11.2025,13:44:19.581,17.672,27.516,20.066,3.054,250.0,250.0,80.226,23.646,8.881,73.766,51.023,31.632,19.391,31.255,7.078,0.717,6.361,6.361,0.000,0.000,0.000,0.000,20.0,
17.11.2025,13:44:20.580,24.469,26.862,19.375,3.031,250.0,250.0,84.066,23.794,8.940,74.158,51.303,31.808,19.495,31.419,7.175,0.737,6.438,6.463,0.000,0.000,0.000,0.000,20.0,
17.11.2025,13:44:21.576,19.032,26.480,19.026,3.013,250.0,250.0,79.501,23.868,8.895,74.605,51.542,31.959,19.583,31.570,7.079,0.718,6.361,6.369,0.000,0.000,0.000,0.000,20.0,
17.11.2025,13:44:22.576,19.032,27.991,20.488,3.037,250.0,250.0,83.770,25.833,8.885,75.872,52.322,32.446,19.876,32.045,15.189,2.011,13.178,6.505,0.000,0.000,0.000,0.000,20.0,
17.11.2025,13:44:23.577,17.672,26.537,19.076,3.035,250.0,250.0,79.788,23.933,8.811,74.911,51.687,32.043,19.644,31.654,7.097,0.719,6.378,6.386,0.000,0.000,0.000,0.000,20.0,
17.11.2025,13:44:24.574,21.750,26.528,19.090,3.019,250.0,250.0,83.384,38.489,8.882,75.556,52.124,32.314,19.810,31.925,78.859,15.714,63.145,6.565,0.000,0.000,0.000,0.000,20.0,
17.11.2025,13:44:25.573,17.672,27.217,19.809,3.021,250.0,250.0,80.089,24.037,8.879,75.258,51.924,32.207,19.717,31.818,7.088,0.719,6.369,6.394,0.000,0.000,0.000,0.000,20.0,
17.11.2025,13:44:26.584,17.672,23.759,16.297,3.024,250.0,250.0,83.682,26.041,8.954,53.442,38.573,23.925,14.648,23.633,35.722,12.029,23.693,25.792,0.000,0.000,0.000,0.000,20.0,
17.11.2025,13:44:27.592,17.672,25.848,18.351,3.039,250.0,250.0,79.829,24.019,8.893,75.019,51.791,32.113,19.678,31.736,7.251,0.793,6.458,6.454,0.000,0.000,0.000,0.000,20.0,
17.11.2025,13:44:28.590,21.750,26.100,18.603,3.045,250.0,250.0,80.122,23.786,8.920,74.231,51.336,31.832,19.504,31.443,7.106,0.720,6.386,6.386,0.000,0.000,0.000,0.000,20.0,
17.11.2025,13:44:29.593,16.313,26.115,18.680,3.037,250.0,250.0,80.473,23.768,8.869,71.637,49.673,30.803,18.870,30.426,7.235,0.892,6.343,12.938,0.000,0.000,0.000,0.000,20.0,
17.11.2025,13:44:30.593,17.672,24.864,17.382,3.024,250.0,250.0,78.487,50.794,8.871,94.384,63.726,39.519,24.207,39.033,115.929,32.839,83.090,6.343,0.000,0.000,0.000,0.000,20.0,
17.11.2025,13:44:31.592,16.313,24.532,17.116,3.010,250.0,250.0,79.913,22.258,8.889,68.324,47.687,29.570,18.117,29.205,7.175,0.737,6.438,6.438,0.000,0.000,0.000,0.000,20.0,
17.11.2025,13:44:32.592,19.032,23.505,16.092,2.987,250.0,250.0,77.535,22.181,8.839,68.172,47.547,29.486,18.061,29.133,7.095,0.717,6.378,6.378,0.000,0.000,0.000,0.000,20.0,
17.11.2025,13:44:33.585,17.672,23.823,16.422,2.984,250.0,250.0,77.648,30.801,8.842,66.351,46.443,28.797,17.646,28.445,25.992,7.034,18.958,59.498,0.001,0.000,0.000,0.000,20.0,
17.11.2025,13:44:34.585,16.313,25.973,18.574,2.959,250.0,250.0,74.510,22.394,8.938,68.941,48.084,29.811,18.273,29.459,7.049,0.714,6.335,6.335,0.000,0.000,0.000,0.000,20.0,
17.11.2025,13:44:35.584,23.110,26.260,18.890,2.970,250.0,250.0,74.494,22.583,8.866,69.718,48.538,30.100,18.438,29.735,7.049,0.714,6.335,6.335,0.000,0.000,0.125,0.000,20.0,
17.11.2025,13:44:36.592,14.953,26.924,19.534,2.987,250.0,250.0,72.135,22.248,8.855,68.459,47.734,29.594,18.140,29.241,7.057,0.714,6.343,6.343,0.000,0.000,0.000,0.000,20.0,
17.11.2025,13:44:37.593,16.313,25.967,18.504,3.028,250.0,250.0,67.054,21.436,8.809,65.407,45.845,28.434,17.411,28.093,7.023,0.713,6.310,6.310,0.000,0.000,0.000,0.000,20.0,
17.11.2025,13:44:38.592,20.391,25.994,18.464,3.093,250.0,250.0,80.084,45.708,8.831,73.723,50.947,31.591,19.356,31.203,117.450,33.455,83.995,6.530,0.000,0.000,0.750,0.000,20.0,
17.11.2025,13:44:39.592,14.953,25.984,18.528,3.020,250.0,250.0,79.780,23.896,8.809,74.675,51.529,31.950,19.579,31.573,7.193,0.787,6.406,6.463,0.000,0.000,0.000,0.000,20.0,
17.11.2025,13:44:40.593,17.672,26.046,18.550,3.061,250.0,250.0,81.781,23.835,8.841,74.560,51.470,31.912,19.558,31.536,7.057,0.714,6.343,6.361,0.001,0.000,0.000,0.000,20.0,
17.11.2025,13:44:41.592,21.750,25.358,17.869,3.074,250.0,250.0,81.668,24.008,8.845,75.050,51.782,32.107,19.675,31.718,7.221,0.788,6.433,6.463,0.000,0.000,1.125,0.000,20.0,
17.11.2025,13:44:42.593,38.063,25.048,17.535,3.081,250.0,250.0,81.166,24.274,8.881,76.121,52.491,32.550,19.941,32.148,7.121,0.768,6.353,6.369,0.000,0.000,0.000,0.000,20.0,
17.11.2025,13:44:43.592,19.032,25.544,18.004,3.037,250.0,250.0,82.865,26.358,8.901,74.330,51.377,31.854,19.523,31.466,19.777,2.706,17.071,6.573,0.000,0.000,0.000,0.000,20.0,
17.11.2025,13:44:44.591,20.391,24.987,17.551,3.040,250.0,250.0,80.328,23.471,8.841,73.120,50.591,31.370,19.221,30.994,7.100,0.722,6.378,6.369,0.000,0.000,0.000,0.000,20.0,
17.11.2025,13:44:45.593,14.953,26.154,18.658,3.032,250.0,250.0,82.834,35.336,8.843,81.588,55.813,34.613,21.200,34.187,22.958,5.619,17.339,71.195,0.000,0.000,0.000,0.000,20.0,
17.11.2025,13:44:46.593,19.032,26.090,18.630,3.047,250.0,250.0,80.163,24.388,8.831,76.442,52.653,32.647,20.006,32.258,7.273,0.798,6.475,6.497,0.000,0.000,0.000,0.000,20.0,
17.11.2025,13:44:47.593,17.672,25.379,17.908,3.035,250.0,250.0,83.128,23.837,8.844,74.564,51.479,31.918,19.561,31.529,7.057,0.714,6.343,6.361,0.000,0.000,0.000,0.000,20.0,
17.11.2025,13:44:48.592,25.829,26.111,18.599,3.055,250.0,250.0,80.393,44.896,8.843,75.027,51.776,32.103,19.673,31.714,111.551,29.897,81.654,6.726,0.000,0.000,0.000,0.000,20.0,
17.11.2025,13:44:49.593,16.313,24.509,17.080,3.032,250.0,250.0,79.790,23.568,8.889,73.466,50.838,31.523,19.315,31.134,7.078,0.717,6.361,6.361,0.000,0.000,0.000,0.000,20.0,
17.11.2025,13:44:50.604,17.672,24.275,16.745,3.051,250.0,250.0,83.136,45.933,8.890,72.190,50.030,31.029,19.001,30.652,120.486,33.960,86.526,6.565,0.000,0.000,0.000,0.500,20.0,
17.11.2025,13:44:51.619,19.032,25.777,18.361,3.013,250.0,250.0,79.891,24.034,8.795,75.235,51.886,32.164,19.722,31.775,7.187,0.798,6.389,6.386,0.000,0.000,0.000,0.000,20.0,
17.11.2025,13:44:52.624,23.110,25.525,18.012,3.065,250.0,250.0,83.776,21.627,8.821,66.086,46.277,28.698,17.579,28.357,7.057,0.714,6.343,6.343,0.000,0.000,0.000,0.000,20.0,
17.11.2025,13:44:53.624,14.953,26.500,19.043,3.032,250.0,250.0,79.725,47.354,8.820,73.919,51.095,31.681,19.414,31.292,125.344,34.625,90.719,6.633,0.000,0.000,0.000,0.000,20.0,
17.11.2025,13:44:54.624,29.907,24.993,17.520,3.053,250.0,250.0,79.891,23.915,8.881,74.758,51.628,32.013,19.615,31.624,7.133,0.771,6.362,6.361,0.000,0.000,0.000,0.000,20.0,
17.11.2025,13:44:55.623,21.750,28.140,20.621,3.077,250.0,250.0,83.065,23.756,8.902,73.932,51.137,31.706,19.431,31.329,7.307,0.799,6.508,6.505,0.000,0.000,0.000,0.000,20.0,
17.11.2025,13:44:56.624,16.313,27.327,19.798,3.095,250.0,250.0,83.483,23.596,8.998,73.460,50.902,31.557,19.345,31.181,7.079,0.718,6.361,6.361,0.000,0.000,0.000,0.000,20.0,
17.11.2025,13:44:57.623,24.469,27.480,19.955,3.065,250.0,250.0,79.775,23.849,9.182,74.127,51.424,31.888,19.536,31.511,7.199,0.776,6.423,6.420,0.000,0.000,0.000,0.000,20.0,
17.11.2025,13:44:58.624,21.750,28.300,20.793,3.081,250.0,250.0,79.670,24.085,9.125,75.127,52.012,32.250,19.762,31.861,7.161,0.771,6.390,6.386,0.000,0.000,0.000,0.000,20.0,
17.11.2025,13:44:59.623,17.672,27.346,19.826,3.059,250.0,250.0,83.654,45.887,8.916,75.702,52.226,32.383,19.843,31.995,115.571,31.043,84.528,6.658,0.000,0.000,0.000,0.000,20.0,
17.11.2025,13:45:0.623,14.953,26.698,19.207,3.052,250.0,250.0,79.866,23.806,8.827,74.397,51.375,31.857,19.518,31.468,7.131,0.770,6.361,6.361,0.000,0.000,0.000,0.000,20.0,
17.11.2025,13:45:1.623,17.672,25.828,18.355,3.080,250.0,250.0,82.092,25.443,8.882,74.406,51.403,31.875,19.528,31.486,15.193,2.000,13.193,6.463,0.000,0.000,1.125,0.000,20.0,
17.11.2025,13:45:2.623,17.672,25.992,18.424,3.091,250.0,250.0,82.564,23.741,8.939,74.078,51.243,31.776,19.467,31.387,7.079,0.718,6.361,6.361,0.000,0.000,0.000,0.000,20.0,
17.11.2025,13:45:3.618,17.672,25.327,17.819,3.084,250.0,250.0,79.826,24.076,8.955,75.226,51.948,32.221,19.727,31.832,7.209,0.776,6.433,6.429,0.000,0.000,0.000,0.000,20.0,
17.11.2025,13:45:4.624,14.953,25.677,18.123,3.083,250.0,250.0,83.232,22.070,8.855,46.661,34.342,21.299,13.043,21.044,7.184,0.746,6.438,61.086,0.000,0.000,0.000,0.000,20.0,
17.11.2025,13:45:5.623,16.313,25.492,18.046,3.054,250.0,250.0,82.470,45.591,8.923,73.266,50.715,31.454,19.261,31.077,117.292,32.116,85.176,6.633,0.000,0.000,0.000,0.000,20.0,
17.11.2025,13:45:6.653,17.672,27.049,19.486,3.080,250.0,250.0,81.306,19.713,8.852,58.604,41.661,25.838,15.823,25.522,7.239,0.734,6.505,6.352,0.000,0.000,0.000,0.000,20.0,
17.11.2025,13:45:7.655,19.032,26.269,18.804,3.077,250.0,250.0,79.874,23.828,8.817,74.511,51.425,31.895,19.530,31.506,7.105,0.719,6.386,6.386,0.000,0.000,0.000,0.000,20.0,
17.11.2025,13:45:8.655,24.469,28.647,21.064,3.091,250.0,250.0,81.950,65.535,8.791,62.830,44.234,27.435,16.799,27.107,7.772,0.944,6.828,452.609,0.000,0.000,0.000,0.000,20.0,
17.11.2025,13:45:9.655,19.032,26.743,19.261,3.073,250.0,250.0,80.487,24.025,8.879,75.216,51.904,32.177,19.727,31.789,7.088,0.719,6.369,6.378,0.000,0.000,0.000,0.000,20.0,
17.11.2025,13:45:10.648,25.829,25.984,18.448,3.076,250.0,250.0,83.101,44.761,8.890,74.408,51.410,31.876,19.534,31.500,111.680,30.000,81.680,6.633,0.000,0.000,0.000,0.000,20.0,
17.11.2025,13:45:11.665,24.469,32.229,24.124,3.600,250.0,250.0,79.636,23.795,8.879,74.270,51.335,31.829,19.506,31.440,7.137,0.734,6.403,6.420,0.000,0.000,0.000,0.500,20.0,
17.11.2025,13:45:12.676,17.672,30.869,23.076,3.302,250.0,250.0,81.305,46.648,8.918,62.717,44.261,27.447,16.814,27.107,7.549,0.823,6.726,264.118,0.000,0.000,0.000,0.000,20.0,
17.11.2025,13:45:13.675,29.907,24.975,17.407,3.090,250.0,250.0,81.094,24.171,8.904,75.727,52.247,32.401,19.846,32.000,7.097,0.719,6.378,6.394,0.000,0.000,0.000,0.000,20.0,
17.11.2025,13:45:14.667,17.672,26.053,18.511,3.104,250.0,250.0,83.549,47.691,8.897,75.058,51.826,32.143,19.683,31.754,125.380,34.693,90.687,6.786,0.000,0.000,0.000,0.000,20.0,
17.11.2025,13:45:15.667,31.266,26.078,18.568,3.092,250.0,250.0,79.841,24.207,8.905,75.863,52.312,32.445,19.867,32.056,7.131,0.769,6.362,6.361,0.000,0.000,0.000,0.000,20.0,
17.11.2025,13:45:16.665,13.594,26.448,18.950,3.071,250.0,250.0,82.677,24.353,8.828,76.319,52.576,32.600,19.976,32.199,7.278,0.794,6.484,6.480,0.000,0.000,0.000,0.000,20.0,
17.11.2025,13:45:17.676,23.110,29.047,21.496,3.087,250.0,250.0,79.615,23.723,8.918,74.032,51.188,31.743,19.445,31.366,7.087,0.718,6.369,6.369,0.000,0.000,0.000,0.000,20.0,
17.11.2025,13:45:18.673,17.672,25.431,17.937,3.076,250.0,250.0,83.309,24.238,8.939,75.864,52.337,32.450,19.887,32.061,7.205,0.775,6.430,6.429,0.000,0.000,0.000,0.000,20.0,
17.11.2025,13:45:19.674,24.469,24.847,17.322,3.077,250.0,250.0,83.536,47.946,8.967,76.210,52.563,32.595,19.968,32.207,125.254,34.755,90.499,6.446,0.000,0.000,0.000,0.000,20.0,
17.11.2025,13:45:20.676,14.953,27.631,20.160,3.018,250.0,250.0,80.373,23.678,8.989,73.740,51.057,31.660,19.397,31.284,7.124,0.721,6.403,6.403,0.000,0.000,0.000,0.000,20.0,
17.11.2025,13:45:21.673,14.953,27.631,20.160,3.018,250.0,250.0,83.287,31.794,8.902,59.073,41.983,26.039,15.944,25.723,66.829,24.285,42.544,6.616,0.000,0.000,0.000,0.000,20.0,
17.11.2025,13:45:22.673,35.344,26.493,19.068,3.030,250.0,250.0,80.845,24.296,8.845,76.083,52.417,32.502,19.915,32.101,7.297,0.788,6.509,6.505,0.000,0.000,0.000,0.000,20.0,
17.11.2025,13:45:23.665,27.188,26.735,19.212,3.043,250.0,250.0,80.137,23.756,8.855,74.214,51.277,31.795,19.482,31.418,7.079,0.718,6.361,6.361,0.000,0.000,0.000,0.000,20.0,
17.11.2025,13:45:24.670,38.063,26.520,19.071,3.003,250.0,250.0,83.379,45.194,8.880,73.218,50.688,31.429,19.259,31.052,115.319,30.982,84.337,6.777,0.000,0.000,0.000,0.000,20.0,
17.11.2025,13:45:25.671,19.032,27.624,20.167,3.012,250.0,250.0,80.248,24.269,8.986,75.984,52.455,32.527,19.928,32.126,7.142,0.773,6.369,6.403,0.000,0.000,0.000,0.000,20.0,
17.11.2025,13:45:26.668,20.391,27.095,19.698,3.026,250.0,250.0,83.252,42.074,8.927,74.217,51.320,31.828,19.492,31.439,98.414,24.320,74.094,6.692,0.000,0.000,0.000,0.000,20.0,
17.11.2025,13:45:27.672,19.032,26.222,18.765,3.013,250.0,250.0,79.553,24.103,8.979,75.383,52.092,32.296,19.796,31.907,7.095,0.717,6.378,6.386,0.000,0.000,0.000,0.000,20.0,
17.11.2025,13:45:28.670,16.313,27.266,19.831,3.013,250.0,250.0,83.443,42.054,8.938,74.092,51.243,31.776,19.467,31.399,98.457,24.431,74.026,6.709,0.000,0.000,0.000,0.000,20.0,
17.11.2025,13:45:29.670,23.110,25.099,17.597,3.022,250.0,250.0,82.717,29.287,8.978,74.116,51.292,31.809,19.483,31.420,7.233,0.872,6.361,61.308,0.000,0.000,0.000,0.000,20.0,
17.11.2025,13:45:30.673,17.672,27.684,20.212,3.064,250.0,250.0,77.867,22.142,8.877,67.988,47.456,29.429,18.027,29.077,7.095,0.717,6.378,6.378,0.000,0.000,0.000,0.000,20.0,
17.11.2025,13:45:31.676,17.672,24.336,16.815,3.076,250.0,250.0,77.234,30.487,8.854,72.109,49.983,30.996,18.987,30.619,7.181,0.838,6.343,78.958,0.000,0.000,0.000,0.000,20.0,
17.11.2025,13:45:32.673,16.313,25.578,18.132,3.013,250.0,250.0,80.598,22.490,8.864,69.135,48.159,29.865,18.294,29.500,7.308,0.752,6.556,6.463,0.000,0.000,0.000,0.000,20.0,
17.11.2025,13:45:33.676,23.110,25.920,18.510,2.994,250.0,250.0,77.012,21.064,8.831,63.839,44.919,27.852,17.067,27.523,7.128,0.767,6.361,6.352,0.000,0.000,0.000,0.000,20.0,
17.11.2025,13:45:34.674,14.953,24.080,16.585,3.056,250.0,250.0,79.144,22.303,8.890,68.633,47.876,29.684,18.192,29.331,7.039,0.712,6.327,6.343,0.000,0.000,0.000,0.000,20.0,
17.11.2025,13:45:35.670,24.469,25.704,18.317,2.999,250.0,250.0,71.145,22.297,8.875,68.602,47.835,29.666,18.169,29.301,7.079,0.718,6.361,6.361,0.000,0.000,1.375,0.000,20.0,
17.11.2025,13:45:36.674,20.391,25.706,18.296,2.987,250.0,250.0,73.028,21.948,8.873,67.265,47.024,29.158,17.866,28.805,7.067,0.715,6.352,6.352,0.000,0.000,0.000,0.000,20.0,
17.11.2025,13:45:37.679,24.469,25.645,18.231,2.953,250.0,250.0,73.910,23.469,8.877,73.026,50.551,31.344,19.207,30.967,7.163,0.773,6.390,6.386,0.000,0.000,0.000,0.000,20.0,
17.11.2025,13:45:38.679,25.829,25.481,18.071,2.971,250.0,250.0,78.388,23.676,8.887,73.851,51.059,31.663,19.396,31.287,7.129,0.767,6.362,6.361,0.000,0.000,0.000,0.000,20.0,
17.11.2025,13:45:39.686,14.953,26.054,18.647,3.037,250.0,250.0,81.878,36.403,8.877,72.059,49.945,30.968,18.977,30.604,73.053,13.508,59.545,6.489,0.000,0.000,0.000,0.000,20.0,
17.11.2025,13:45:40.687,17.672,25.535,18.059,3.023,250.0,250.0,79.118,23.542,8.973,73.293,50.773,31.484,19.289,31.095,7.078,0.717,6.361,6.361,0.000,0.000,0.000,0.000,20.0,
17.11.2025,13:45:41.686,14.953,26.945,19.400,3.063,250.0,250.0,82.430,37.645,8.892,72.599,50.296,31.189,19.107,30.812,78.542,15.642,62.900,6.471,0.000,0.000,0.500,0.000,20.0,
17.11.2025,13:45:42.686,27.188,25.364,17.865,3.063,250.0,250.0,80.517,23.612,9.124,73.419,50.946,31.594,19.352,31.205,7.066,0.714,6.352,6.352,0.000,0.000,0.000,0.000,20.0,
17.11.2025,13:45:43.682,33.985,28.037,20.557,3.032,250.0,250.0,81.772,23.904,9.061,74.307,51.474,31.913,19.561,31.524,7.348,0.839,6.509,6.505,0.000,0.000,0.000,0.000,20.0,
17.11.2025,13:45:44.680,16.313,27.787,20.309,3.051,250.0,250.0,80.181,23.414,8.936,72.788,50.434,31.278,19.156,30.901,7.123,0.720,6.403,6.403,0.000,0.000,0.000,0.000,20.0,
17.11.2025,13:45:45.686,23.110,26.256,18.820,3.033,250.0,250.0,82.029,25.034,8.841,72.809,50.400,31.251,19.149,30.875,15.278,2.044,13.234,6.463,0.000,0.000,0.000,0.500,20.0,
17.11.2025,13:45:46.687,17.672,26.348,18.812,3.075,250.0,250.0,81.655,23.556,8.884,73.431,50.811,31.507,19.304,31.118,7.067,0.715,6.352,6.369,0.000,0.000,0.000,0.000,20.0,
17.11.2025,13:45:47.686,17.672,23.680,16.229,3.032,250.0,250.0,79.241,23.623,8.878,73.539,50.864,31.536,19.328,31.160,7.232,0.789,6.443,6.463,0.001,0.000,0.000,0.000,20.0,
17.11.2025,13:45:48.686,33.985,25.008,17.556,3.037,250.0,250.0,82.395,37.081,8.942,80.403,55.117,34.186,20.931,33.773,7.303,0.738,6.565,122.858,0.000,0.000,0.000,0.000,20.0,
17.11.2025,13:45:49.687,16.313,24.597,17.123,3.036,250.0,250.0,82.395,37.081,8.942,80.403,55.117,34.186,20.931,33.773,7.303,0.738,6.565,122.858,0.000,0.000,0.000,0.000,20.0,
17.11.2025,13:45:50.685,29.907,26.961,19.495,3.052,250.0,250.0,78.743,23.514,8.856,73.205,50.635,31.404,19.231,31.027,7.170,0.772,6.398,6.446,0.000,0.000,0.000,0.000,20.0,
17.11.2025,13:45:51.682,19.032,27.335,19.803,3.043,250.0,250.0,82.538,67.011,8.850,60.428,42.789,26.536,16.253,26.208,7.510,0.877,6.633,474.025,0.000,0.000,0.375,0.000,20.0,
17.11.2025,13:45:52.679,17.672,25.692,18.214,3.061,250.0,250.0,79.310,23.630,8.842,73.706,50.960,31.604,19.356,31.215,7.113,0.744,6.369,6.394,0.000,0.000,0.000,0.000,20.0,
17.11.2025,13:45:53.679,24.469,26.152,18.710,3.006,250.0,250.0,81.911,15.691,8.758,43.098,32.111,19.912,12.199,19.668,7.407,0.749,6.658,6.352,0.000,0.000,0.000,0.000,20.0,
17.11.2025,13:45:54.681,27.188,26.517,19.053,3.051,250.0,250.0,78.570,23.510,8.768,73.250,50.619,31.394,19.225,31.018,7.192,0.776,6.416,6.438,0.000,0.000,2.125,0.000,20.0,
17.11.2025,13:45:55.685,17.672,25.797,18.293,3.034,250.0,250.0,81.833,23.797,8.820,74.382,51.354,31.850,19.504,31.462,7.117,0.765,6.352,6.361,0.000,0.000,0.000,0.000,20.0,
17.11.2025,13:45:56.686,19.032,27.090,19.625,3.037,250.0,250.0,78.516,42.937,8.816,74.163,51.222,31.759,19.463,31.382,102.847,26.484,76.363,6.870,0.000,0.000,0.000,0.000,20.0,
17.11.2025,13:45:57.686,20.391,26.212,18.747,3.043,250.0,250.0,78.964,23.529,8.854,73.247,50.667,31.421,19.246,31.044,7.191,0.775,6.416,6.429,0.000,0.000,0.000,0.000,20.0,
17.11.2025,13:45:58.678,13.594,27.273,19.745,3.105,250.0,250.0,82.627,19.295,8.806,57.139,40.770,25.285,15.485,24.980,7.068,0.716,6.352,6.352,0.000,0.000,0.000,0.000,20.0,
17.11.2025,13:45:59.679,14.953,27.067,19.532,3.071,250.0,250.0,79.733,29.686,8.820,75.898,52.265,32.406,19.859,32.017,34.535,4.559,29.976,6.530,0.000,0.000,0.000,0.125,20.0,
17.11.2025,13:46:0.682,31.266,27.988,20.431,3.107,250.0,250.0,79.993,24.912,8.710,50.920,36.911,22.885,14.026,22.617,7.122,0.779,6.343,78.810,0.000,0.000,0.250,0.000,20.0,
17.11.2025,13:46:1.680,28.547,26.250,18.683,3.134,250.0,250.0,82.574,23.970,8.779,75.010,51.731,32.081,19.650,31.692,7.166,0.737,6.429,6.429,0.000,0.000,0.000,0.000,20.0,
17.11.2025,13:46:2.680,21.750,26.077,18.512,3.095,250.0,250.0,80.156,23.824,8.806,74.481,51.409,31.878,19.531,31.501,7.122,0.728,6.394,6.394,0.000,0.000,0.000,0.000,20.0,
17.11.2025,13:46:3.686,14.953,26.794,19.317,3.052,250.0,250.0,79.474,21.396,8.819,65.188,45.728,28.357,17.371,28.004,7.071,0.719,6.352,6.352,0.000,0.000,0.000,0.000,20.0,
17.11.2025,13:46:4.686,14.953,27.697,20.212,3.075,250.0,250.0,82.744,23.678,8.868,73.787,51.014,31.631,19.383,31.242,7.194,0.731,6.463,6.463,0.000,0.000,0.000,0.000,20.0,
17.11.2025,13:46:5.679,17.672,27.325,19.809,3.046,250.0,250.0,79.132,23.750,8.976,73.984,51.206,31.747,19.459,31.370,7.162,0.733,6.429,6.429,0.000,0.000,0.000,0.000,20.0,
17.11.2025,13:46:6.686,17.672,26.472,19.030,3.050,250.0,250.0,79.181,24.101,9.053,75.312,52.099,32.308,19.791,31.919,7.086,0.725,6.361,6.361,0.000,0.000,0.000,1.125,20.0,
17.11.2025,13:46:7.686,32.625,29.145,21.626,3.051,250.0,250.0,79.192,24.074,9.077,75.200,52.036,32.262,19.774,31.873,7.080,0.719,6.361,6.361,0.000,0.000,0.000,0.375,20.0,
17.11.2025,13:46:8.687,20.391,26.977,19.535,3.020,250.0,250.0,81.865,36.753,8.868,66.907,46.788,29.016,17.772,28.664,81.529,28.832,52.697,6.454,0.000,0.000,0.000,0.000,20.0,
17.11.2025,13:46:9.685,14.953,26.879,19.398,3.033,250.0,250.0,78.813,23.971,8.894,74.851,51.710,32.062,19.648,31.673,7.196,0.742,6.454,6.480,0.000,0.000,0.000,0.000,20.0,
17.11.2025,13:46:10.686,19.032,26.511,19.076,3.049,250.0,250.0,78.605,23.873,8.842,74.639,51.545,31.957,19.588,31.568,7.097,0.719,6.378,6.394,0.000,0.000,0.000,0.000,20.0,
17.11.2025,13:46:11.682,6.797,26.611,19.140,3.019,250.0,250.0,82.217,36.509,8.852,67.906,47.398,29.394,18.004,29.042,60.558,22.625,37.933,43.382,0.000,0.000,0.000,0.000,20.0,
17.11.2025,13:46:12.686,28.547,28.898,21.214,3.185,250.0,250.0,78.811,36.169,8.881,73.905,51.094,31.677,19.417,31.301,69.409,12.353,57.056,6.598,0.000,0.000,0.000,0.000,20.0,
17.11.2025,13:46:13.679,19.032,33.529,25.408,3.604,250.0,250.0,79.201,23.759,8.869,74.151,51.252,31.777,19.475,31.401,7.116,0.722,6.394,6.429,0.000,0.000,0.000,0.000,20.0,
17.11.2025,13:46:14.686,17.672,25.554,18.030,3.077,250.0,250.0,79.138,23.566,8.868,73.483,50.838,31.526,19.312,31.138,7.068,0.716,6.352,6.361,0.000,0.000,0.000,0.000,20.0,
17.11.2025,13:46:15.687,17.672,26.507,18.996,3.055,250.0,250.0,81.668,23.678,8.901,73.814,51.058,31.665,19.393,31.276,7.117,0.723,6.394,6.438,0.000,0.000,0.000,0.000,20.0,
17.11.2025,13:46:16.686,25.829,27.513,20.043,3.050,250.0,250.0,82.215,20.890,8.880,55.289,39.657,24.593,15.064,24.289,17.002,4.399,12.603,7.127,0.000,0.000,0.000,0.000,20.0,
17.11.2025,13:46:17.686,12.235,26.401,18.891,3.034,250.0,250.0,79.268,23.438,8.883,72.933,50.498,31.315,19.183,30.939,7.116,0.722,6.394,6.394,0.000,0.000,0.000,0.000,20.0,
17.11.2025,13:46:18.680,17.672,27.614,20.141,3.064,250.0,250.0,82.310,40.794,8.856,73.715,50.967,31.609,19.358,31.220,92.875,30.149,62.726,6.463,0.000,0.000,0.000,0.000,20.0,
17.11.2025,13:46:19.686,16.313,28.239,20.722,3.049,250.0,250.0,79.471,46.666,8.867,73.853,51.071,31.674,19.397,31.285,121.990,33.691,88.299,6.530,0.000,0.000,0.000,2.375,20.0,
17.11.2025,13:46:20.681,25.829,26.359,18.861,3.044,250.0,250.0,78.642,23.423,8.919,72.878,50.487,31.309,19.178,30.920,7.086,0.717,6.369,6.369,0.000,0.000,0.000,0.000,20.0,
17.11.2025,13:46:21.679,16.313,27.618,20.205,3.019,250.0,250.0,82.422,30.832,8.890,73.434,50.797,31.501,19.296,31.112,43.421,5.771,37.650,6.446,0.000,0.000,0.000,0.000,20.0,
17.11.2025,13:46:22.685,20.391,28.741,21.205,3.063,250.0,250.0,79.401,24.209,8.832,75.900,52.310,32.439,19.871,32.038,7.161,0.783,6.378,6.378,0.000,0.000,0.000,0.000,20.0,
17.11.2025,13:46:23.680,25.829,26.687,19.251,3.013,250.0,250.0,82.918,19.593,8.744,58.354,41.446,25.697,15.749,25.393,7.078,0.726,6.352,6.394,0.000,0.000,0.000,0.000,20.0,
17.11.2025,13:46:24.679,13.594,29.543,22.051,3.046,250.0,250.0,76.174,23.837,8.768,74.573,51.447,31.909,19.538,31.520,7.112,0.749,6.363,6.394,0.000,0.000,0.000,0.000,20.0,
17.11.2025,13:46:25.679,23.110,25.408,17.936,3.033,250.0,250.0,83.218,15.955,8.748,44.175,32.786,20.332,12.454,20.076,7.311,0.738,6.573,6.352,0.000,0.000,0.000,0.000,20.0,
17.11.2025,13:46:26.686,19.032,26.772,19.303,3.012,250.0,250.0,79.408,24.247,8.903,75.828,52.304,32.435,19.869,32.033,7.284,0.792,6.492,6.530,0.000,0.000,0.000,0.000,20.0,
17.11.2025,13:46:27.685,25.829,25.749,18.265,3.037,250.0,250.0,80.373,23.550,8.877,73.390,50.773,31.487,19.286,31.110,7.100,0.722,6.378,6.378,0.000,0.000,0.000,0.000,20.0,
17.11.2025,13:46:28.686,16.313,25.698,18.222,3.045,250.0,250.0,83.053,14.807,8.947,39.369,29.957,18.572,11.385,18.352,7.461,0.896,6.565,6.565,0.000,0.000,0.000,0.000,20.0,
17.11.2025,13:46:29.684,19.032,28.500,21.021,3.063,250.0,250.0,80.131,23.870,8.880,74.535,51.494,31.934,19.560,31.545,7.180,0.782,6.398,6.394,0.000,0.000,0.000,0.000,20.0,
17.11.2025,13:46:30.683,17.672,26.812,19.296,3.049,250.0,250.0,82.824,21.149,8.872,64.182,45.130,27.981,17.149,27.653,7.083,0.722,6.361,6.361,0.000,0.000,0.000,0.000,20.0,
17.11.2025,13:46:31.682,17.672,27.060,19.571,3.066,250.0,250.0,79.939,22.557,8.808,69.544,48.382,30.005,18.377,29.640,7.186,0.740,6.446,6.446,0.000,0.000,0.000,0.000,20.0,
17.11.2025,13:46:32.686,14.953,25.770,18.278,3.020,250.0,250.0,79.170,22.387,8.809,68.875,47.971,29.751,18.220,29.386,7.197,0.734,6.463,6.463,0.000,0.000,0.000,0.000,20.0,
17.11.2025,13:46:33.686,21.750,24.849,17.458,3.019,250.0,250.0,77.599,22.067,8.769,67.822,47.295,29.325,17.970,28.973,7.078,0.717,6.361,6.361,0.000,0.000,0.000,0.000,20.0,
17.11.2025,13:46:34.686,21.750,24.553,17.078,2.996,250.0,250.0,76.871,22.484,8.779,69.344,48.246,29.915,18.331,29.550,7.143,0.757,6.386,6.386,0.000,0.000,0.000,0.000,20.0,
17.11.2025,13:46:35.679,25.829,25.044,17.599,3.030,250.0,250.0,77.526,47.631,8.830,66.771,46.698,28.963,17.735,28.610,39.797,14.108,25.689,199.112,0.000,0.000,0.000,0.000,20.0,
17.11.2025,13:46:36.678,19.032,26.236,18.782,3.027,250.0,250.0,76.821,22.241,8.780,68.485,47.719,29.592,18.127,29.227,7.066,0.714,6.352,6.352,0.000,0.000,0.000,0.000,20.0,
17.11.2025,13:46:37.683,17.672,23.890,16.417,3.036,250.0,250.0,71.220,22.070,8.766,67.835,47.294,29.329,17.965,28.977,7.085,0.724,6.361,6.361,0.000,0.000,0.000,0.000,20.0,
17.11.2025,13:46:38.686,17.672,24.127,16.746,2.986,250.0,250.0,70.938,28.553,8.817,69.330,48.248,29.916,18.332,29.564,37.411,4.506,32.905,6.505,0.000,0.000,0.000,0.000,20.0,
17.11.2025,13:46:39.687,13.594,25.151,17.685,3.030,250.0,250.0,75.454,65.342,8.781,57.044,40.673,25.214,15.459,24.910,14.814,3.186,11.628,451.707,0.000,0.000,0.000,0.000,20.0,
17.11.2025,13:46:40.687,29.907,24.953,17.438,3.076,250.0,250.0,80.517,23.282,8.759,72.424,50.099,31.070,19.029,30.693,7.152,0.732,6.420,6.446,0.000,0.000,0.000,0.000,20.0,
17.11.2025,13:46:41.686,19.032,26.529,19.047,3.069,250.0,250.0,78.968,23.623,8.794,73.799,50.971,31.608,19.363,31.219,7.057,0.714,6.343,6.361,0.000,0.000,0.000,0.000,20.0,
17.11.2025,13:46:42.687,33.985,25.455,18.000,3.052,250.0,250.0,82.347,23.279,8.815,72.324,50.077,31.045,19.032,30.668,7.184,0.738,6.446,6.463,0.000,0.000,0.000,0.000,20.0,
17.11.2025,13:46:43.686,17.672,26.574,19.031,3.072,250.0,250.0,79.070,23.620,8.819,73.693,50.928,31.583,19.345,31.194,7.108,0.722,6.386,6.420,0.000,0.000,0.000,0.000,20.0,
17.11.2025,13:46:44.684,19.032,25.335,17.852,3.066,250.0,250.0,79.085,23.452,8.839,73.064,50.548,31.342,19.206,30.966,7.080,0.719,6.361,6.394,0.000,0.000,0.000,0.000,20.0,
17.11.2025,13:46:45.685,31.266,27.154,19.644,3.094,250.0,250.0,78.260,19.264,8.747,57.099,40.696,25.240,15.456,24.936,7.058,0.715,6.343,6.352,0.000,0.000,0.000,0.000,20.0,
17.11.2025,13:46:46.686,19.032,27.245,19.741,3.055,250.0,250.0,82.116,23.426,8.770,72.915,50.432,31.275,19.157,30.898,7.174,0.736,6.438,6.463,0.000,0.000,0.000,0.000,20.0,
17.11.2025,13:46:47.687,20.391,25.725,18.266,3.067,250.0,250.0,78.598,23.257,8.791,72.390,50.104,31.071,19.033,30.694,7.067,0.715,6.352,6.352,0.000,0.000,0.000,0.000,20.0,
17.11.2025,13:46:48.681,19.032,24.964,17.455,3.051,250.0,250.0,81.763,47.126,8.757,73.071,50.514,31.327,19.187,30.950,125.356,34.622,90.734,6.743,0.000,0.000,0.000,0.000,20.0,
17.11.2025,13:46:49.686,25.829,26.937,19.466,3.083,250.0,250.0,78.684,23.914,8.793,74.699,51.543,31.964,19.579,31.575,7.282,0.820,6.462,6.420,0.000,0.000,0.000,0.000,20.0,
17.11.2025,13:46:50.685,17.672,27.456,19.951,3.066,250.0,250.0,79.595,21.129,8.857,64.124,45.091,27.960,17.131,27.619,7.076,0.724,6.352,6.352,0.000,0.000,0.000,0.000,20.0,
17.11.2025,13:46:51.685,27.188,26.351,18.861,3.069,250.0,250.0,81.354,23.653,8.965,73.475,50.887,31.558,19.329,31.181,7.351,0.840,6.511,6.429,0.000,0.000,0.000,0.000,20.0,
17.11.2025,13:46:52.686,14.953,26.254,18.744,3.040,250.0,250.0,79.290,23.440,8.916,72.935,50.523,31.332,19.191,30.956,7.088,0.719,6.369,6.369,0.000,0.000,0.000,1.250,20.0,
17.11.2025,13:46:53.686,27.188,25.277,17.809,3.067,250.0,250.0,81.838,43.518,8.841,72.385,50.123,31.087,19.036,30.711,108.112,32.321,75.791,6.777,0.000,0.000,0.000,0.000,20.0,
17.11.2025,13:46:54.686,14.953,24.883,17.383,3.065,250.0,250.0,79.365,25.536,8.793,74.852,51.641,32.030,19.611,31.641,15.174,2.032,13.142,6.446,0.000,0.000,0.500,0.000,20.0,
17.11.2025,13:46:55.686,21.750,26.283,18.775,3.048,250.0,250.0,79.287,23.441,8.768,73.091,50.540,31.332,19.208,30.956,7.078,0.717,6.361,6.361,0.000,0.000,0.000,0.000,20.0,
17.11.2025,13:46:56.687,14.953,24.515,17.060,3.073,250.0,250.0,79.884,23.780,8.815,74.373,51.338,31.837,19.501,31.448,7.067,0.715,6.352,6.352,0.000,0.000,0.000,0.000,20.0,
17.11.2025,13:46:57.687,16.313,26.863,19.366,3.068,250.0,250.0,83.130,45.182,8.819,74.866,51.655,32.031,19.624,31.642,113.332,30.626,82.706,6.522,0.000,0.000,0.000,0.000,20.0,
17.11.2025,13:46:58.687,17.672,26.098,18.581,3.057,250.0,250.0,79.155,23.579,8.832,73.382,50.758,31.468,19.290,31.091,7.253,0.820,6.433,6.463,0.000,0.000,0.000,0.000,20.0,
17.11.2025,13:46:59.685,25.829,24.637,17.121,3.089,250.0,250.0,79.661,24.262,8.869,76.116,52.478,32.537,19.941,32.148,7.079,0.718,6.361,6.369,0.000,0.000,0.000,0.000,20.0,
17.11.2025,13:47:0.685,17.672,24.512,17.022,3.052,250.0,250.0,83.019,23.678,8.873,73.704,50.980,31.607,19.373,31.230,7.252,0.786,6.466,6.505,0.000,0.000,0.000,0.000,20.0,
17.11.2025,13:47:1.685,19.032,25.639,18.113,3.100,250.0,250.0,79.570,23.898,8.885,74.619,51.557,31.975,19.582,31.586,7.172,0.773,6.399,6.429,0.000,0.000,0.000,0.000,20.0,
17.11.2025,13:47:2.682,19.032,25.871,18.271,3.126,250.0,250.0,79.617,23.892,8.820,74.777,51.599,31.997,19.602,31.609,7.067,0.715,6.352,6.378,0.000,0.000,0.000,0.000,20.0,
17.11.2025,13:47:3.687,17.672,26.009,18.579,3.044,250.0,250.0,83.090,52.900,8.785,74.554,51.446,31.903,19.543,31.514,117.412,33.499,83.913,76.430,0.000,0.000,0.000,0.000,20.0,
17.11.2025,13:47:4.685,17.672,24.397,16.872,3.051,250.0,250.0,79.252,23.878,8.856,74.630,51.541,31.962,19.579,31.573,7.112,0.726,6.386,6.420,0.000,0.000,0.500,0.000,20.0,
17.11.2025,13:47:5.685,17.672,25.795,18.345,3.041,250.0,250.0,83.495,39.721,8.829,66.613,46.584,28.884,17.700,28.544,93.739,30.439,63.300,12.579,0.000,0.000,0.000,1.625,20.0,
17.11.2025,13:47:6.686,31.266,25.593,18.100,3.075,250.0,250.0,80.036,37.246,8.871,74.587,51.521,31.944,19.577,31.567,73.853,13.943,59.910,6.683,0.000,0.000,0.000,0.000,20.0,
17.11.2025,13:47:7.686,16.313,26.319,18.786,3.060,250.0,250.0,80.327,24.028,8.759,75.244,51.856,32.156,19.700,31.767,7.195,0.789,6.406,6.403,0.000,0.000,0.000,0.000,20.0,
17.11.2025,13:47:8.686,19.032,28.119,20.624,3.049,250.0,250.0,83.187,21.771,8.708,44.275,32.782,20.329,12.453,20.073,7.318,0.898,6.420,64.454,0.000,0.000,0.000,0.000,20.0,
17.11.2025,13:47:9.685,17.672,25.961,18.439,3.088,250.0,250.0,78.888,26.032,8.764,76.738,52.803,32.745,20.058,32.355,15.196,2.032,13.164,6.463,0.000,0.000,0.000,0.000,20.0,
17.11.2025,13:47:10.684,17.672,25.961,18.439,3.088,250.0,250.0,79.586,23.653,8.771,73.912,51.032,31.645,19.387,31.256,7.082,0.721,6.361,6.361,0.000,0.000,0.000,0.000,20.0,
17.11.2025,13:47:11.685,40.782,23.778,16.310,3.070,250.0,250.0,82.516,41.032,8.783,60.513,42.807,26.548,16.259,26.220,32.953,10.419,22.534,163.286,0.001,0.000,0.000,0.000,20.0,
17.11.2025,13:47:12.682,27.188,29.234,21.548,3.183,250.0,250.0,78.814,47.376,8.821,73.973,51.106,31.692,19.414,31.315,125.419,34.830,90.589,6.598,0.000,0.000,0.000,0.000,20.0,
17.11.2025,13:47:13.687,28.547,25.263,17.762,3.078,250.0,250.0,79.455,47.284,8.842,73.725,50.977,31.615,19.362,31.238,125.278,34.725,90.553,6.530,0.000,0.000,0.625,0.000,20.0,
17.11.2025,13:47:14.686,17.672,28.505,20.639,3.375,250.0,250.0,79.980,23.635,8.845,73.607,50.898,31.558,19.340,31.181,7.236,0.787,6.449,6.446,0.001,0.000,0.000,0.000,20.0,
17.11.2025,13:47:15.686,23.110,32.136,24.208,3.445,250.0,250.0,79.768,23.524,8.797,73.376,50.713,31.451,19.262,31.074,7.086,0.717,6.369,6.394,0.000,0.000,0.000,0.000,20.0,
17.11.2025,13:47:16.687,17.672,27.344,19.779,3.090,250.0,250.0,82.720,23.976,8.810,75.087,51.777,32.104,19.673,31.727,7.109,0.766,6.343,6.361,0.000,0.000,0.000,0.500,20.0,
17.11.2025,13:47:17.686,14.953,24.168,16.647,3.077,250.0,250.0,79.541,18.530,8.757,52.701,37.992,23.560,14.432,23.268,7.593,0.919,6.674,9.404,0.001,0.000,0.000,0.000,20.0,
17.11.2025,13:47:18.683,20.391,25.831,18.286,3.108,250.0,250.0,79.496,18.530,8.785,74.966,51.712,32.063,19.649,31.687,14.454,1.903,12.551,6.505,0.000,0.000,0.000,0.000,20.0,
17.11.2025,13:47:19.683,17.672,26.576,19.031,3.097,250.0,250.0,79.496,25.428,8.785,74.966,51.712,32.063,19.649,31.687,14.454,1.903,12.551,6.505,0.000,0.000,0.000,0.000,20.0,
17.11.2025,13:47:20.686,17.672,24.784,17.244,3.092,250.0,250.0,79.073,23.817,8.823,74.409,51.359,31.853,19.506,31.464,7.176,0.786,6.390,6.403,0.000,0.000,0.000,0.000,20.0,
17.11.2025,13:47:21.686,16.313,25.416,17.973,3.045,250.0,250.0,82.411,24.004,8.820,75.151,51.853,32.145,19.708,31.756,7.119,0.766,6.353,6.369,0.000,0.000,0.000,0.000,20.0,
17.11.2025,13:47:22.685,16.313,25.610,18.116,3.065,250.0,250.0,79.644,43.161,8.823,74.725,51.596,31.989,19.607,31.600,103.312,26.793,76.519,6.642,0.000,0.000,0.000,0.000,20.0,
17.11.2025,13:47:23.686,19.032,25.271,17.762,3.063,250.0,250.0,79.305,23.468,8.867,72.999,50.533,31.338,19.195,30.961,7.180,0.773,6.407,6.429,0.000,0.000,0.000,0.000,20.0,
17.11.2025,13:47:24.686,16.313,24.577,17.034,3.063,250.0,250.0,80.183,23.488,8.793,73.208,50.605,31.384,19.221,31.007,7.135,0.770,6.365,6.394,0.000,0.000,0.000,0.000,20.0,
17.11.2025,13:47:25.687,17.672,25.977,18.539,3.032,250.0,250.0,80.902,17.440,8.740,50.016,36.344,22.540,13.804,22.272,7.169,0.822,6.347,6.343,0.000,0.003,0.000,0.000,20.0,
17.11.2025,13:47:26.686,24.469,24.751,17.293,3.042,250.0,250.0,78.877,24.039,8.774,75.214,51.865,32.157,19.708,31.768,7.212,0.789,6.423,6.480,0.000,0.000,0.000,0.000,20.0,
17.11.2025,13:47:27.686,33.985,26.622,19.111,3.060,250.0,250.0,82.937,23.854,8.794,74.565,51.462,31.910,19.552,31.533,7.188,0.835,6.353,6.352,0.000,0.000,0.000,0.000,20.0,
17.11.2025,13:47:28.685,27.188,25.378,17.840,3.067,250.0,250.0,82.112,23.465,8.818,72.931,50.446,31.283,19.163,30.895,7.324,0.857,6.467,6.463,0.000,0.000,0.000,1.125,20.0,
17.11.2025,13:47:29.687,17.672,25.832,18.420,3.032,250.0,250.0,78.473,23.628,8.796,73.689,50.907,31.565,19.342,31.188,7.212,0.841,6.371,6.369,0.000,0.000,0.000,0.000,20.0,
17.11.2025,13:47:30.687,16.313,26.094,18.577,3.076,250.0,250.0,79.366,31.337,8.831,79.020,54.211,33.610,20.601,33.210,7.192,0.838,6.354,69.503,0.000,0.000,0.000,0.000,20.0,
17.11.2025,13:47:31.686,24.469,25.891,18.384,3.041,250.0,250.0,80.628,23.736,8.794,73.985,51.091,31.680,19.411,31.303,7.319,0.861,6.458,6.454,0.000,0.000,0.000,0.000,20.0,
17.11.2025,13:47:32.685,19.032,25.736,18.246,3.058,250.0,250.0,78.687,21.728,8.821,66.379,46.434,28.792,17.642,28.451,7.202,0.840,6.362,6.361,0.000,0.000,0.000,0.000,20.0,
17.11.2025,13:47:33.686,17.672,25.208,17.768,3.006,250.0,250.0,78.341,15.385,8.756,41.966,31.435,19.485,11.950,19.254,7.281,0.839,6.442,6.438,0.000,0.000,0.000,2.500,20.0,
17.11.2025,13:47:34.682,20.391,25.962,18.493,3.047,250.0,250.0,76.300,22.643,8.792,69.936,48.594,30.133,18.461,29.768,7.194,0.830,6.364,6.361,0.000,0.000,0.000,0.000,20.0,
17.11.2025,13:47:35.686,24.469,25.245,17.808,2.995,250.0,250.0,76.685,34.682,8.874,74.380,51.363,31.850,19.513,31.473,16.857,4.218,12.639,95.653,0.000,0.000,0.000,0.000,20.0,
17.11.2025,13:47:36.684,20.391,24.928,17.475,3.003,250.0,250.0,79.569,22.247,8.838,68.219,47.574,29.504,18.070,29.152,7.305,0.748,6.557,6.505,0.000,0.000,0.000,0.000,20.0,
17.11.2025,13:47:37.687,12.235,25.707,18.349,2.973,250.0,250.0,77.171,22.263,8.984,68.320,47.736,29.599,18.137,29.234,7.114,0.720,6.394,6.386,0.000,0.000,0.000,0.000,20.0,
17.11.2025,13:47:38.681,29.907,26.248,18.754,3.007,250.0,250.0,73.803,13.149,8.850,33.577,26.322,16.323,9.999,16.127,7.002,0.709,6.293,6.293,0.000,0.000,0.000,0.000,20.0,
17.11.2025,13:47:39.685,17.672,27.600,20.283,2.914,250.0,250.0,70.237,22.283,8.815,68.620,47.821,29.648,18.173,29.296,7.058,0.715,6.343,6.343,0.000,0.000,0.000,0.000,20.0,
17.11.2025,13:47:40.686,16.313,29.201,21.777,2.966,250.0,250.0,76.952,22.072,8.825,67.780,47.302,29.331,17.971,28.979,7.087,0.726,6.361,6.361,0.000,0.000,0.000,0.000,20.0,
17.11.2025,13:47:41.691,20.391,24.608,17.255,2.954,250.0,250.0,65.664,13.368,8.741,34.559,26.867,16.662,10.205,16.454,6.966,0.707,6.259,6.259,0.000,0.000,0.000,0.125,20.0,
17.11.2025,13:47:42.691,12.235,25.194,17.251,3.417,250.0,250.0,37.335,10.359,4.042,27.835,19.769,12.263,7.506,12.116,6.923,0.707,6.216,6.216,0.000,0.000,0.000,0.000,20.0,
Date,Time,"VR VCC 전류 (SVID IOUT) [A]","CPU 패키지 전력 소비 [W]","IA 코어 전력 소비 [W]","시스템 에이전트 전력 소비 [W]","PL1 전력 제한 (Static) [W]","PL2 전력 제한 (Static) [W]","GPU 전력 소비 [W]","GPU 라인 전력 소비 (avg) [W]","GPU PCIe +12V 입력 전력 소비 [W]","GPU 12VHPWR 전력 소비 [W]","GPU Unknown Rail (D6) 전력 소비 (sum) [W]","GPU Core (NVVDD) 입력 전력 소비 (sum) [W]","GPU Unknown Rail (D4) 전력 소비 (sum) [W]","GPU Misc0 입력 전력 소비 (sum) [W]","GPU Unknown Rail (D) 전력 소비 (sum) [W]","GPU Unknown Rail (10) 전력 소비 [W]","GPU Core (NVVDD) 출력 전력 소비 [W]","GPU Core (NVVDD) 출력 전력 소비 [W]","나머지 칩 전력 소비 [W]","PCH 전력 소비 [W]","총 전력 소비 [W]","총 전력 소비 [W]","T3 [°C]",
,,CPU [#0]: Intel Core Ultra 7 265KF: Enhanced,CPU [#0]: Intel Core Ultra 7 265KF: Enhanced,CPU [#0]: Intel Core Ultra 7 265KF: Enhanced,CPU [#0]: Intel Core Ultra 7 265KF: Enhanced,CPU [#0]: Intel Core Ultra 7 265KF: Enhanced,CPU [#0]: Intel Core Ultra 7 265KF: Enhanced,GPU [#1]: NVIDIA GeForce RTX 5090: GIGABYTE GeForce RTX 5090 GAMING OC 32G (GV-N5090GAMING OC-32GD),GPU [#1]: NVIDIA GeForce RTX 5090: GIGABYTE GeForce RTX 5090 GAMING OC 32G (GV-N5090GAMING OC-32GD),GPU [#1]: NVIDIA GeForce RTX 5090: GIGABYTE GeForce RTX 5090 GAMING OC 32G (GV-N5090GAMING OC-32GD),GPU [#1]: NVIDIA GeForce RTX 5090: GIGABYTE GeForce RTX 5090 GAMING OC 32G (GV-N5090GAMING OC-32GD),GPU [#1]: NVIDIA GeForce RTX 5090: GIGABYTE GeForce RTX 5090 GAMING OC 32G (GV-N5090GAMING OC-32GD),GPU [#1]: NVIDIA GeForce RTX 5090: GIGABYTE GeForce RTX 5090 GAMING OC 32G (GV-N5090GAMING OC-32GD),GPU [#1]: NVIDIA GeForce RTX 5090: GIGABYTE GeForce RTX 5090 GAMING OC 32G (GV-N5090GAMING OC-32GD),GPU [#1]: NVIDIA GeForce RTX 5090: GIGABYTE GeForce RTX 5090 GAMING OC 32G (GV-N5090GAMING OC-32GD),GPU [#1]: NVIDIA GeForce RTX 5090: GIGABYTE GeForce RTX 5090 GAMING OC 32G (GV-N5090GAMING OC-32GD),GPU [#1]: NVIDIA GeForce RTX 5090: GIGABYTE GeForce RTX 5090 GAMING OC 32G (GV-N5090GAMING OC-32GD),GPU [#1]: NVIDIA GeForce RTX 5090: GIGABYTE GeForce RTX 5090 GAMING OC 32G (GV-N5090GAMING OC-32GD),GPU [#1]: NVIDIA GeForce RTX 5090: GIGABYTE GeForce RTX 5090 GAMING OC 32G (GV-N5090GAMING OC-32GD),CPU [#0]: Intel Core Ultra 7 265KF: Enhanced,CPU [#0]: Intel Core Ultra 7 265KF: Enhanced,DDR5 DIMM [#1]: Micron CP32G64C40U5B.M8B1 (BANK 1/DIMMB2),DDR5 DIMM [#3]: Micron CP32G64C40U5B.M8B1 (BANK 0/DIMMA2),NUC126,
