Date,Time,"VR VCC 전류 (SVID IOUT) [A]","CPU 패키지 전력 소비 [W]","IA 코어 전력 소비 [W]","시스템 에이전트 전력 소비 [W]","PL1 전력 제한 (Static) [W]","PL2 전력 제한 (Static) [W]","GPU 전력 소비 [W]","GPU 라인 전력 소비 (avg) [W]","GPU PCIe +12V 입력 전력 소비 [W]","GPU 12VHPWR 전력 소비 [W]","GPU Unknown Rail (D6) 전력 소비 (sum) [W]","GPU Core (NVVDD) 입력 전력 소비 (sum) [W]","GPU Unknown Rail (D4) 전력 소비 (sum) [W]","GPU Misc0 입력 전력 소비 (sum) [W]","GPU Unknown Rail (D) 전력 소비 (sum) [W]","GPU Unknown Rail (10) 전력 소비 [W]","GPU Core (NVVDD) 출력 전력 소비 [W]","GPU Core (NVVDD) 출력 전력 소비 [W]","나머지 칩 전력 소비 [W]","PCH 전력 소비 [W]","총 전력 소비 [W]","총 전력 소비 [W]","T3 [°C]",
17.11.2025,11:52:33.057,4.078,13.255,4.265,2.869,250.0,250.0,15.504,6.192,3.020,13.713,10.368,6.431,3.937,6.357,6.244,0.639,5.605,5.605,0.000,0.000,0.000,0.000,31.0,
17.11.2025,11:52:34.056,12.235,18.825,9.634,2.964,250.0,250.0,16.439,8.463,3.346,21.914,15.668,9.711,5.957,9.589,6.417,0.711,5.706,5.614,0.000,0.000,0.000,0.000,31.0,
17.11.2025,11:52:35.055,5.438,14.245,5.136,2.905,250.0,250.0,26.807,9.413,3.854,25.182,18.000,11.164,6.836,11.030,6.229,0.632,5.597,5.605,0.000,0.000,0.000,0.000,31.0,
17.11.2025,11:52:36.065,14.953,19.523,10.420,2.917,250.0,250.0,20.499,9.554,3.878,25.674,18.324,11.356,6.968,11.221,6.262,0.676,5.586,5.597,0.000,0.000,0.000,0.000,31.0,
17.11.2025,11:52:37.061,19.032,38.584,29.126,3.263,250.0,250.0,22.606,5.538,2.863,11.398,8.849,5.483,3.366,5.422,6.215,0.636,5.579,5.571,0.000,0.000,0.000,0.000,31.0,
17.11.2025,11:52:38.061,20.391,28.858,20.184,3.236,250.0,250.0,18.034,24.260,8.828,72.655,50.540,31.331,19.209,30.952,9.985,0.874,9.111,9.118,0.000,0.000,0.000,0.000,31.0,
17.11.2025,11:52:39.056,17.672,24.521,16.896,3.197,250.0,250.0,73.924,21.506,8.848,62.133,44.025,27.297,16.728,26.968,9.989,0.871,9.118,9.079,0.000,0.000,0.000,0.000,31.0,
17.11.2025,11:52:40.056,16.313,27.142,19.679,3.049,250.0,250.0,75.632,21.703,8.848,62.887,44.489,27.591,16.898,27.261,9.980,0.871,9.109,9.098,0.000,0.000,0.625,0.000,31.0,
17.11.2025,11:52:41.062,16.313,28.224,20.675,3.167,250.0,250.0,71.930,22.241,8.889,64.876,45.745,28.366,17.379,28.024,10.016,0.897,9.119,9.098,0.000,0.000,0.000,0.000,31.0,
17.11.2025,11:52:42.064,19.032,32.366,24.444,3.370,250.0,250.0,78.941,23.212,8.913,68.443,47.967,29.738,18.229,29.384,10.158,0.967,9.191,9.129,0.000,0.000,0.000,0.000,31.0,
17.11.2025,11:52:43.060,27.188,29.830,22.113,3.270,250.0,250.0,99.642,34.635,8.899,87.695,59.715,37.025,22.690,36.587,41.962,15.100,26.862,9.811,0.000,0.000,0.000,0.000,31.0,
17.11.2025,11:52:44.061,24.469,26.475,18.818,3.155,250.0,250.0,102.610,29.932,8.874,94.317,63.747,39.533,24.214,39.058,10.157,0.897,9.260,9.260,0.000,0.000,0.000,0.000,31.0,
17.11.2025,11:52:45.059,17.672,28.555,20.974,3.139,250.0,250.0,87.034,46.421,8.810,76.701,52.807,32.740,20.067,32.350,117.216,32.167,85.049,6.303,0.001,0.000,0.000,0.000,31.0,
17.11.2025,11:52:46.061,12.235,28.563,20.934,3.146,250.0,250.0,79.687,24.243,8.790,76.551,52.684,32.670,20.014,32.269,6.748,0.716,6.032,5.958,0.000,0.000,0.000,0.000,31.0,
17.11.2025,11:52:47.062,19.032,30.801,23.070,3.249,250.0,250.0,83.181,36.303,8.813,74.921,51.689,32.057,19.632,31.668,69.184,12.496,56.688,5.885,0.000,0.000,0.000,0.000,31.0,
17.11.2025,11:52:48.061,10.875,37.229,29.010,3.661,250.0,250.0,78.628,27.247,8.874,75.724,52.221,32.378,19.843,31.989,22.802,3.131,19.671,5.834,0.000,0.000,0.000,0.000,31.0,
17.11.2025,11:52:49.060,25.829,31.674,23.855,3.310,250.0,250.0,78.176,23.989,8.851,75.726,52.194,32.369,19.825,31.980,6.589,0.799,5.790,5.766,0.000,0.000,0.000,0.000,31.0,
17.11.2025,11:52:50.064,19.032,28.041,20.466,3.155,250.0,250.0,81.479,33.625,8.899,58.644,41.758,25.890,15.868,25.574,31.273,9.829,21.444,97.074,0.000,0.000,0.000,0.000,31.0,
17.11.2025,11:52:51.060,17.672,29.472,21.750,3.222,250.0,250.0,78.558,45.664,8.778,73.752,50.951,31.592,19.359,31.215,117.549,32.452,85.097,5.894,0.000,0.000,0.000,0.000,31.0,
17.11.2025,11:52:52.054,24.469,27.333,19.617,3.212,250.0,250.0,78.843,23.954,8.815,75.545,52.081,32.297,19.784,31.908,6.663,0.813,5.850,5.783,0.000,0.000,0.000,0.000,31.0,
17.11.2025,11:52:53.062,12.235,28.877,21.299,3.139,250.0,250.0,81.866,27.801,8.814,61.823,43.654,27.062,16.592,26.733,42.403,15.718,26.685,8.523,0.000,0.000,0.000,0.000,31.0,
17.11.2025,11:52:54.057,12.235,25.983,18.431,3.097,250.0,250.0,78.904,46.718,8.814,72.252,50.038,31.032,19.006,30.655,124.684,34.648,90.036,6.012,0.000,0.000,0.375,0.000,31.0,
17.11.2025,11:52:55.060,23.110,26.592,19.033,3.094,250.0,250.0,77.853,23.028,8.789,72.160,49.975,30.995,18.980,30.618,6.490,0.722,5.768,5.783,0.000,0.000,2.125,0.000,31.0,
17.11.2025,11:52:56.061,21.750,24.066,16.501,3.096,250.0,250.0,80.266,44.659,8.799,70.234,48.788,30.248,18.540,29.883,116.959,33.671,83.288,6.182,0.000,0.000,0.000,0.000,31.0,
17.11.2025,11:52:57.062,14.953,27.589,19.997,3.114,250.0,250.0,76.881,23.030,8.815,72.129,49.956,30.978,18.978,30.601,6.509,0.712,5.797,5.826,0.000,0.000,0.000,0.000,31.0,
17.11.2025,11:52:58.061,14.953,27.589,19.997,3.114,250.0,250.0,76.766,23.204,8.787,72.897,50.438,31.274,19.164,30.897,6.409,0.651,5.758,5.766,0.000,0.000,0.000,0.000,31.0,
17.11.2025,11:52:59.061,25.829,26.099,18.567,3.099,250.0,250.0,77.750,22.905,8.775,71.667,49.653,30.789,18.864,30.412,6.532,0.716,5.816,5.826,0.000,0.000,0.000,0.000,31.0,
17.11.2025,11:53:0.061,28.547,25.317,17.765,3.122,250.0,250.0,81.052,21.756,8.778,66.966,46.793,29.013,17.780,28.672,6.897,0.698,6.199,5.766,0.000,0.000,1.000,0.000,31.0,
17.11.2025,11:53:1.058,20.391,27.148,19.625,3.068,250.0,250.0,79.833,26.039,8.763,74.227,51.238,31.772,19.466,31.395,18.812,2.645,16.167,5.902,0.001,0.000,2.250,0.000,31.0,
17.11.2025,11:53:2.054,20.391,27.741,20.145,3.111,250.0,250.0,80.587,23.142,8.775,72.594,50.230,31.144,19.086,30.767,6.514,0.731,5.783,5.792,0.000,0.000,0.000,0.000,31.0,
17.11.2025,11:53:3.054,20.391,28.978,21.403,3.104,250.0,250.0,80.975,22.723,8.798,70.873,49.191,30.504,18.687,30.127,6.598,0.744,5.854,5.851,0.000,0.000,0.000,0.000,31.0,
17.11.2025,11:53:4.062,25.829,26.726,19.197,3.080,250.0,250.0,81.108,43.726,8.773,66.951,46.750,28.986,17.764,28.633,116.740,33.483,83.257,5.928,0.000,0.000,0.000,0.000,31.0,
17.11.2025,11:53:5.059,19.032,26.370,18.819,3.105,250.0,250.0,77.628,24.532,8.780,77.944,53.513,33.179,20.334,32.778,6.506,0.722,5.784,5.783,0.000,0.000,0.000,0.000,31.0,
17.11.2025,11:53:6.060,17.672,27.635,20.114,3.075,250.0,250.0,81.387,38.749,8.776,73.351,50.700,31.442,19.258,31.065,83.355,29.136,54.219,6.190,0.000,0.000,0.000,2.000,31.0,
17.11.2025,11:53:7.054,21.750,25.938,18.348,3.094,250.0,250.0,77.613,22.689,8.790,70.775,49.119,30.452,18.667,30.087,6.591,0.757,5.834,5.818,0.000,0.000,0.000,0.000,31.0,
17.11.2025,11:53:8.054,20.391,26.133,18.625,3.084,250.0,250.0,81.322,27.084,8.801,80.685,55.227,34.245,20.982,33.832,15.624,3.825,11.799,5.818,0.000,0.000,0.000,0.000,31.0,
17.11.2025,11:53:9.061,20.391,27.726,20.180,3.081,250.0,250.0,77.131,23.055,8.786,72.177,49.977,30.988,18.989,30.623,6.582,0.725,5.857,5.851,0.001,0.000,0.000,0.000,31.0,
17.11.2025,11:53:10.061,17.672,26.925,19.360,3.074,250.0,250.0,80.047,23.500,8.847,73.819,51.045,31.651,19.394,31.261,6.596,0.804,5.792,5.792,0.000,0.000,0.000,0.000,31.0,
17.11.2025,11:53:11.061,31.266,25.559,18.001,3.092,250.0,250.0,78.777,36.178,8.885,74.257,51.333,31.827,19.506,31.450,69.255,12.462,56.793,6.012,0.000,0.000,0.000,0.000,31.0,
17.11.2025,11:53:12.062,23.110,26.816,19.266,3.111,250.0,250.0,78.283,23.307,8.944,73.039,50.589,31.372,19.217,30.995,6.543,0.713,5.830,5.826,0.000,0.000,0.000,0.000,31.0,
17.11.2025,11:53:13.062,19.032,27.287,19.725,3.109,250.0,250.0,81.246,18.861,8.788,56.182,40.156,24.900,15.256,24.608,6.465,0.656,5.809,5.792,0.000,0.000,0.000,0.000,31.0,
17.11.2025,11:53:14.055,27.188,25.392,17.857,3.103,250.0,250.0,78.170,35.457,8.778,72.689,50.296,31.192,19.104,30.815,67.849,11.978,55.871,5.995,0.000,0.000,0.000,0.000,31.0,
17.11.2025,11:53:15.062,16.313,26.324,18.755,3.099,250.0,250.0,81.423,50.300,8.798,57.545,40.976,25.415,15.561,25.111,63.049,23.161,39.888,203.491,0.000,0.000,0.000,0.000,31.0,
17.11.2025,11:53:16.061,20.391,27.164,19.585,3.111,250.0,250.0,78.002,22.922,8.816,71.685,49.711,30.829,18.882,30.452,6.493,0.667,5.826,5.859,0.000,0.000,0.000,0.000,31.0,
17.11.2025,11:53:17.062,17.672,26.399,18.837,3.085,250.0,250.0,77.459,22.882,8.799,71.592,49.633,30.774,18.859,30.397,6.471,0.662,5.809,5.826,0.000,0.000,0.000,0.000,31.0,
17.11.2025,11:53:18.062,19.032,27.339,19.788,3.095,250.0,250.0,80.732,43.048,8.829,67.798,47.322,29.338,17.984,28.985,112.070,32.780,79.290,6.083,0.000,0.000,0.000,0.000,31.0,
17.11.2025,11:53:19.062,20.391,28.280,20.721,3.136,250.0,250.0,77.584,22.676,8.785,70.805,49.130,30.460,18.670,30.096,6.487,0.661,5.826,5.842,0.000,0.000,0.000,0.000,31.0,
17.11.2025,11:53:20.061,12.235,27.369,19.823,3.091,250.0,250.0,80.556,23.416,8.781,73.644,50.904,31.560,19.344,31.183,6.468,0.667,5.801,5.809,0.000,0.000,0.000,0.000,31.0,
17.11.2025,11:53:21.061,17.672,28.124,20.562,3.079,250.0,250.0,78.605,22.930,8.815,71.665,49.669,30.798,18.871,30.433,6.575,0.681,5.894,5.902,0.000,0.000,0.000,0.000,31.0,
17.11.2025,11:53:22.062,25.829,28.038,20.509,3.069,250.0,250.0,77.859,23.423,8.767,73.665,50.896,31.559,19.337,31.170,6.493,0.667,5.826,5.851,0.000,0.000,0.000,2.375,31.0,
17.11.2025,11:53:23.063,19.032,27.716,20.199,3.095,250.0,250.0,81.870,27.567,8.726,72.543,50.168,31.108,19.060,30.731,28.588,8.578,20.010,6.157,0.000,0.000,1.125,0.000,31.0,
17.11.2025,11:53:24.061,0.000,29.089,21.533,3.109,250.0,250.0,78.302,23.585,8.776,74.234,51.262,31.791,19.471,31.402,6.525,0.666,5.859,5.859,0.000,0.000,0.000,0.000,31.0,
17.11.2025,11:53:25.061,24.469,25.415,17.840,3.086,250.0,250.0,82.198,23.772,8.783,74.991,51.748,32.081,19.667,31.692,6.473,0.664,5.809,5.809,0.000,0.000,0.000,0.000,31.0,
17.11.2025,11:53:26.062,17.672,24.737,17.203,3.073,250.0,250.0,78.857,42.308,8.814,72.006,49.891,30.941,18.950,30.564,102.860,31.816,71.044,6.190,0.000,0.000,0.000,0.000,31.0,
17.11.2025,11:53:27.061,9.516,27.989,20.469,3.074,250.0,250.0,77.813,27.597,8.786,73.900,51.052,31.660,19.392,31.271,27.004,3.553,23.451,5.902,0.000,0.000,0.000,0.000,31.0,
17.11.2025,11:53:28.062,20.391,26.730,19.215,3.093,250.0,250.0,78.342,23.449,8.788,73.638,50.873,31.545,19.328,31.168,6.622,0.720,5.902,5.902,0.000,0.000,0.000,0.000,31.0,
17.11.2025,11:53:29.061,19.032,27.574,20.014,3.095,250.0,250.0,81.283,23.153,8.776,72.618,50.242,31.152,19.090,30.788,6.511,0.669,5.842,5.842,0.000,0.000,0.000,0.000,31.0,
17.11.2025,11:53:30.061,13.594,26.161,18.646,3.090,250.0,250.0,78.161,23.025,8.778,72.140,49.958,30.974,18.984,30.609,6.490,0.664,5.826,5.826,0.000,0.000,0.000,0.000,31.0,
17.11.2025,11:53:31.059,13.594,25.250,17.703,3.086,250.0,250.0,77.711,27.380,8.825,67.320,47.000,29.141,17.859,28.789,32.959,10.666,22.293,8.947,0.000,0.000,0.000,0.000,31.0,
17.11.2025,11:53:32.058,21.750,26.673,19.159,3.061,250.0,250.0,77.652,23.530,8.836,73.969,51.122,31.702,19.420,31.325,6.532,0.673,5.859,5.859,0.000,0.000,0.000,0.000,31.0,
17.11.2025,11:53:33.055,14.953,26.548,19.016,3.092,250.0,250.0,77.810,23.130,8.888,72.431,50.214,31.128,19.086,30.751,6.485,0.659,5.826,5.834,0.000,0.000,0.000,0.000,31.0,
17.11.2025,11:53:34.054,17.672,27.049,19.564,3.056,250.0,250.0,81.879,46.853,8.897,72.443,50.189,31.130,19.059,30.753,124.997,34.864,90.133,6.063,0.001,0.000,0.000,0.000,31.0,
17.11.2025,11:53:35.055,13.594,28.177,20.560,3.108,250.0,250.0,77.917,41.667,8.864,73.407,50.794,31.491,19.303,31.113,97.846,24.294,73.552,6.004,0.000,0.000,0.375,0.000,31.0,
17.11.2025,11:53:36.061,12.235,26.479,19.008,3.062,250.0,250.0,54.531,32.183,8.813,66.737,46.646,28.924,17.722,28.572,59.276,10.460,48.816,5.868,0.000,0.000,0.000,0.000,31.0,
17.11.2025,11:53:37.057,20.391,26.401,18.892,3.071,250.0,250.0,75.619,27.048,8.792,66.675,46.603,28.899,17.704,28.546,33.675,4.079,29.596,5.910,0.000,0.000,0.000,0.000,31.0,
17.11.2025,11:53:38.061,9.516,26.393,18.918,3.028,250.0,250.0,75.795,21.725,8.821,67.100,46.901,29.075,17.826,28.722,6.492,0.658,5.834,5.826,0.000,0.000,0.000,0.000,31.0,
17.11.2025,11:53:39.061,28.547,25.084,17.607,3.040,250.0,250.0,77.124,46.076,8.875,90.869,61.537,38.164,23.373,37.702,96.996,30.667,66.329,6.250,0.000,0.000,0.000,0.000,31.0,
17.11.2025,11:53:40.058,17.672,26.790,19.346,3.023,250.0,250.0,78.559,21.916,8.875,67.749,47.315,29.333,17.982,28.981,6.532,0.664,5.868,5.859,0.000,0.000,0.000,0.000,31.0,
17.11.2025,11:53:41.059,13.594,25.651,18.127,3.074,250.0,250.0,73.084,21.708,8.848,66.990,46.830,29.035,17.795,28.682,6.502,0.676,5.826,5.894,0.000,0.000,0.000,0.000,31.0,
17.11.2025,11:53:42.061,21.750,25.302,17.821,3.027,250.0,250.0,71.834,23.680,8.821,57.352,40.879,25.342,15.537,25.038,16.708,4.395,12.313,30.418,0.000,0.000,0.000,0.000,31.0,
17.11.2025,11:53:43.055,16.313,25.577,18.189,2.978,250.0,250.0,69.182,21.652,8.825,66.846,46.726,28.977,17.749,28.624,6.475,0.666,5.809,5.826,0.000,0.000,0.000,0.000,31.0,
17.11.2025,11:53:44.062,4.078,26.807,19.336,3.017,250.0,250.0,62.400,14.180,8.753,38.223,29.129,18.056,11.073,17.837,6.480,0.709,5.771,5.766,0.000,0.000,0.000,0.000,31.0,
17.11.2025,11:53:45.060,9.516,24.554,17.012,3.139,250.0,250.0,74.213,23.586,8.813,73.931,51.085,31.678,19.407,31.301,6.852,0.874,5.978,5.936,0.000,0.000,0.000,0.000,31.0,
17.11.2025,11:53:46.054,12.235,27.994,20.411,3.118,250.0,250.0,77.896,23.000,8.819,72.002,49.877,30.929,18.948,30.564,6.511,0.669,5.842,5.842,0.000,0.000,0.000,0.000,31.0,
17.11.2025,11:53:47.057,27.188,26.350,18.757,3.137,250.0,250.0,79.529,23.579,8.880,74.134,51.260,31.788,19.472,31.410,6.502,0.668,5.834,5.842,0.000,0.000,0.000,0.000,31.0,
17.11.2025,11:53:48.062,27.188,26.761,19.153,3.152,250.0,250.0,83.085,31.967,8.806,71.334,49.506,30.699,18.807,30.322,46.101,17.175,28.926,17.995,0.000,0.000,0.000,0.000,31.0,
17.11.2025,11:53:49.057,31.266,25.135,17.352,3.301,250.0,250.0,79.627,22.997,8.851,71.876,49.848,30.908,18.940,30.531,6.559,0.665,5.894,5.894,0.000,0.000,0.000,0.000,31.0,
17.11.2025,11:53:50.058,27.188,32.579,24.386,3.639,250.0,250.0,77.507,23.122,8.817,72.424,50.177,31.107,19.070,30.730,6.523,0.672,5.851,5.851,0.000,0.000,0.000,0.000,31.0,
17.11.2025,11:53:51.062,29.907,27.567,19.841,3.235,250.0,250.0,80.953,40.864,8.768,47.248,34.643,21.483,13.160,21.227,6.958,0.752,6.206,248.198,0.000,0.000,0.000,0.000,31.0,
17.11.2025,11:53:52.054,12.235,27.305,19.751,3.094,250.0,250.0,78.511,23.813,8.852,74.908,51.727,32.068,19.659,31.679,6.658,0.736,5.922,5.919,0.000,0.000,0.000,0.000,31.0,
17.11.2025,11:53:53.062,28.547,28.551,20.884,3.223,250.0,250.0,81.510,22.720,8.819,70.826,49.198,30.510,18.688,30.145,6.573,0.703,5.870,5.868,0.000,0.000,0.000,0.000,31.0,
17.11.2025,11:53:54.061,21.750,27.550,19.923,3.121,250.0,250.0,80.166,74.286,8.822,69.291,48.234,29.906,18.328,29.542,44.509,16.518,27.991,449.722,0.000,0.000,0.000,0.000,31.0,
17.11.2025,11:53:55.067,35.344,28.689,21.123,3.167,250.0,250.0,77.026,23.618,8.839,73.978,51.136,31.711,19.425,31.322,6.937,0.858,6.079,5.894,0.000,0.000,0.000,0.000,31.0,
17.11.2025,11:53:56.061,23.110,29.226,21.608,3.157,250.0,250.0,77.436,23.725,8.889,74.571,51.540,31.963,19.577,31.574,6.624,0.735,5.889,5.885,0.000,0.000,0.000,0.000,31.0,
17.11.2025,11:53:57.061,17.672,27.514,19.873,3.165,250.0,250.0,81.630,42.212,8.885,73.792,51.044,31.645,19.399,31.268,99.913,31.345,68.568,6.259,0.000,0.000,0.000,0.000,31.0,
17.11.2025,11:53:58.057,12.235,27.697,20.091,3.149,250.0,250.0,78.630,22.951,8.789,71.770,49.736,30.838,18.898,30.461,6.563,0.669,5.894,5.894,0.000,0.000,0.000,0.000,31.0,
17.11.2025,11:53:59.057,16.313,29.401,21.628,3.267,250.0,250.0,82.131,40.219,8.809,73.279,50.675,31.421,19.254,31.044,90.761,30.043,60.718,6.182,0.000,0.000,0.000,0.000,31.0,
17.11.2025,11:54:0.061,12.235,32.270,24.537,3.257,250.0,250.0,78.163,23.297,8.791,73.120,50.565,31.351,19.214,30.974,6.548,0.663,5.885,5.859,0.000,0.000,0.000,0.000,31.0,
17.11.2025,11:54:1.061,17.672,32.513,24.802,3.224,250.0,250.0,80.660,23.068,8.804,72.215,49.994,31.003,18.991,30.626,6.569,0.675,5.894,5.910,0.000,0.000,0.000,0.000,31.0,
17.11.2025,11:54:2.061,17.672,27.727,20.163,3.128,250.0,250.0,81.834,23.162,8.802,72.429,50.158,31.107,19.051,30.730,6.691,0.687,6.004,5.962,0.000,0.000,0.000,0.000,31.0,
17.11.2025,11:54:3.061,9.516,29.118,21.405,3.247,250.0,250.0,78.752,23.104,8.840,72.317,50.106,31.069,19.037,30.692,6.553,0.668,5.885,5.877,0.000,0.000,0.000,0.000,31.0,
17.11.2025,11:54:4.060,19.032,28.651,20.905,3.269,250.0,250.0,81.181,22.669,8.838,70.600,49.044,30.409,18.635,30.044,6.591,0.672,5.919,5.936,0.000,0.000,0.000,0.000,31.0,
17.11.2025,11:54:5.061,19.032,27.250,19.655,3.132,250.0,250.0,76.720,22.504,8.790,70.075,48.689,30.189,18.500,29.824,6.541,0.664,5.877,5.894,0.001,0.000,0.000,0.000,31.0,
17.11.2025,11:54:6.062,20.391,27.177,19.634,3.130,250.0,250.0,79.796,37.465,8.786,69.284,48.181,29.876,18.305,29.523,82.319,17.371,64.948,6.055,0.000,0.000,0.000,0.000,31.0,
17.11.2025,11:54:7.060,13.594,26.882,19.326,3.134,250.0,250.0,75.739,22.737,8.777,70.981,49.221,30.525,18.696,30.160,6.560,0.675,5.885,5.894,0.000,0.000,2.125,0.000,31.0,
17.11.2025,11:54:8.061,16.313,24.569,16.982,3.121,250.0,250.0,79.731,24.661,8.777,72.108,49.914,30.950,18.964,30.586,14.654,1.972,12.682,6.004,0.000,0.000,0.000,0.000,31.0,
17.11.2025,11:54:9.061,17.672,28.754,21.162,3.122,250.0,250.0,80.110,46.496,8.764,71.396,49.482,30.686,18.796,30.309,124.683,34.504,90.179,6.158,0.000,0.000,0.000,0.000,31.0,
17.11.2025,11:54:10.061,21.750,26.838,19.313,3.100,250.0,250.0,75.951,22.738,8.801,70.910,49.221,30.523,18.698,30.158,6.581,0.679,5.902,5.910,0.000,0.000,0.000,0.000,31.0,
17.11.2025,11:54:11.061,20.391,28.789,21.251,3.098,250.0,250.0,76.713,22.775,8.824,71.111,49.345,30.595,18.750,30.230,6.513,0.662,5.851,5.868,0.000,0.000,0.000,0.000,31.0,
17.11.2025,11:54:12.062,24.469,28.260,20.704,3.088,250.0,250.0,79.540,40.336,8.825,71.772,49.766,30.855,18.911,30.478,93.375,21.880,71.495,6.004,0.000,0.000,0.000,0.000,31.0,
17.11.2025,11:54:13.061,10.875,26.052,18.546,3.120,250.0,250.0,76.829,22.956,8.786,71.793,49.760,30.850,18.910,30.473,6.554,0.669,5.885,5.885,0.000,0.000,0.000,0.000,31.0,
17.11.2025,11:54:14.056,23.110,28.345,20.807,3.098,250.0,250.0,80.236,24.322,8.789,70.771,49.102,30.441,18.661,30.077,14.715,1.973,12.742,5.945,0.000,0.000,0.000,0.000,31.0,
17.11.2025,11:54:15.054,12.235,26.373,18.796,3.136,250.0,250.0,76.202,22.807,8.824,71.209,49.395,30.624,18.771,30.259,6.554,0.669,5.885,5.885,0.000,0.000,0.000,0.000,31.0,
17.11.2025,11:54:16.062,16.313,27.807,20.249,3.099,250.0,250.0,80.138,22.962,8.804,71.756,49.723,30.833,18.890,30.468,6.610,0.682,5.928,5.928,0.000,0.000,0.250,0.000,31.0,
17.11.2025,11:54:17.061,17.672,27.702,20.118,3.103,250.0,250.0,76.628,23.039,8.813,72.075,49.933,30.962,18.971,30.597,6.573,0.679,5.894,5.894,0.000,0.000,0.000,0.000,31.0,
17.11.2025,11:54:18.062,19.032,27.432,19.889,3.134,250.0,250.0,80.133,45.865,8.873,72.465,50.207,31.128,19.079,30.751,119.948,34.043,85.905,6.250,0.000,0.000,0.000,0.000,31.0,
17.11.2025,11:54:19.062,13.594,27.855,20.294,3.078,250.0,250.0,76.229,29.722,8.883,69.784,48.553,30.100,18.453,29.735,42.868,5.586,37.282,5.979,0.000,0.000,0.000,0.000,31.0,
17.11.2025,11:54:20.062,31.266,25.078,17.556,3.099,250.0,250.0,76.677,22.743,8.862,70.910,49.255,30.546,18.709,30.169,6.548,0.663,5.885,5.885,0.000,0.000,0.000,0.000,31.0,
17.11.2025,11:54:21.060,16.313,28.757,21.258,3.082,250.0,250.0,80.193,21.966,8.779,67.896,47.365,29.373,17.992,29.020,6.681,0.677,6.004,5.877,0.000,0.000,0.000,0.000,31.0,
17.11.2025,11:54:22.062,13.594,27.823,20.219,3.100,250.0,250.0,76.458,24.457,8.792,71.788,49.739,30.841,18.898,30.464,14.035,1.807,12.228,5.979,0.000,0.000,0.000,0.000,31.0,
17.11.2025,11:54:23.054,19.032,27.262,19.817,3.063,250.0,250.0,76.596,22.800,8.743,71.240,49.375,30.610,18.765,30.246,6.561,0.667,5.894,5.894,0.000,0.000,0.000,0.000,31.0,
17.11.2025,11:54:24.056,25.829,27.798,20.203,3.132,250.0,250.0,80.094,22.800,8.779,71.190,49.355,30.605,18.750,30.240,6.600,0.672,5.928,5.945,0.000,0.000,1.250,0.000,31.0,
17.11.2025,11:54:25.061,24.469,26.365,18.826,3.097,250.0,250.0,80.094,22.806,8.779,71.190,49.355,30.605,18.750,30.240,6.600,0.672,5.928,5.945,0.000,0.000,0.000,0.000,31.0,
17.11.2025,11:54:26.062,17.672,26.702,19.140,3.118,250.0,250.0,77.221,22.854,8.814,72.416,50.157,31.106,19.051,30.729,6.571,0.677,5.894,5.910,0.000,0.000,0.000,0.000,31.0,
17.11.2025,11:54:27.062,19.032,29.031,21.472,3.124,250.0,250.0,77.221,23.133,8.814,72.416,50.157,31.106,19.051,30.729,6.571,0.677,5.894,5.910,0.000,0.000,0.000,0.000,31.0,
17.11.2025,11:54:28.061,23.110,30.312,22.712,3.146,250.0,250.0,80.792,22.743,8.837,70.850,49.193,30.501,18.692,30.136,6.629,0.675,5.954,5.962,0.000,0.000,0.000,0.000,31.0,
17.11.2025,11:54:29.057,14.953,29.458,21.944,3.096,250.0,250.0,80.004,22.962,8.837,71.451,49.547,30.725,18.822,30.361,6.994,0.709,6.285,5.885,0.000,0.000,0.000,0.000,31.0,
17.11.2025,11:54:30.055,14.953,25.902,18.329,3.117,250.0,250.0,76.080,32.480,8.797,70.996,49.257,30.537,18.720,30.172,55.160,7.848,47.312,6.004,0.000,0.000,0.000,0.000,31.0,
17.11.2025,11:54:31.055,19.032,27.813,20.267,3.107,250.0,250.0,76.919,23.031,8.801,72.066,49.912,30.957,18.955,30.580,6.571,0.677,5.894,5.902,0.000,0.000,0.000,0.000,31.0,
17.11.2025,11:54:32.055,21.750,28.412,20.849,3.126,250.0,250.0,80.451,21.844,8.784,59.397,42.111,26.115,15.996,25.799,16.961,4.444,12.517,6.314,0.000,0.000,0.000,0.000,31.0,
17.11.2025,11:54:33.061,17.672,27.518,19.940,3.113,250.0,250.0,76.865,22.921,8.799,71.652,49.653,30.789,18.864,30.412,6.567,0.673,5.894,5.910,0.000,0.000,0.000,0.000,31.0,
17.11.2025,11:54:34.061,17.672,26.949,19.364,3.125,250.0,250.0,80.721,46.871,8.823,72.587,50.239,31.155,19.084,30.778,124.983,34.743,90.240,6.081,0.000,0.000,0.000,0.000,31.0,
17.11.2025,11:54:35.061,25.829,28.917,21.354,3.136,250.0,250.0,77.611,22.987,8.798,71.908,49.802,30.880,18.922,30.503,6.571,0.677,5.894,5.910,0.000,0.000,0.000,2.375,31.0,
17.11.2025,11:54:36.062,17.672,28.245,20.652,3.136,250.0,250.0,80.637,41.814,8.788,72.456,50.156,31.098,19.058,30.733,99.897,25.397,74.500,6.055,0.000,0.000,0.000,0.000,31.0,
17.11.2025,11:54:37.061,14.953,27.076,19.505,3.116,250.0,250.0,77.255,23.390,8.745,73.458,50.739,31.463,19.276,31.086,6.602,0.674,5.928,5.928,0.000,0.000,0.000,0.000,31.0,
17.11.2025,11:54:38.062,12.235,27.696,20.090,3.117,250.0,250.0,77.551,24.040,8.793,75.923,52.318,32.442,19.876,32.040,6.559,0.665,5.894,5.894,0.000,0.000,0.000,0.000,31.0,
17.11.2025,11:54:39.056,17.672,27.647,20.205,3.051,250.0,250.0,75.693,22.136,8.780,68.532,47.745,29.603,18.142,29.250,6.667,0.688,5.979,5.979,0.000,0.000,0.000,0.000,31.0,
17.11.2025,11:54:40.057,28.547,26.170,18.596,3.095,250.0,250.0,75.873,22.330,8.815,69.314,48.258,29.921,18.337,29.556,6.590,0.671,5.919,5.919,0.000,0.000,2.125,0.000,31.0,
17.11.2025,11:54:41.055,12.235,24.682,17.193,3.070,250.0,250.0,75.986,22.254,8.766,69.097,48.079,29.810,18.269,29.445,6.583,0.673,5.910,5.910,0.000,0.000,0.000,0.000,31.0,
17.11.2025,11:54:42.056,20.391,25.841,18.259,3.104,250.0,250.0,79.532,47.067,8.863,80.263,55.019,34.113,20.906,33.712,115.894,33.087,82.807,6.004,0.000,0.000,0.000,0.000,31.0,
17.11.2025,11:54:43.062,13.594,27.313,19.807,3.079,250.0,250.0,72.920,22.311,8.802,69.247,48.199,29.890,18.309,29.526,6.606,0.687,5.919,5.919,0.000,0.000,0.000,0.000,31.0,
17.11.2025,11:54:44.062,13.594,24.968,17.481,3.067,250.0,250.0,73.163,22.397,8.827,69.496,48.369,29.995,18.374,29.630,6.656,0.686,5.970,5.970,0.000,0.000,0.000,0.000,31.0,
17.11.2025,11:54:45.062,16.313,26.046,18.533,3.079,250.0,250.0,73.211,44.039,8.762,68.721,47.842,29.666,18.176,29.301,115.971,33.205,82.766,5.979,0.000,0.000,0.000,0.000,31.0,
17.11.2025,11:54:46.059,16.313,26.023,18.415,3.185,250.0,250.0,60.190,26.302,8.737,46.599,34.223,21.228,12.995,20.973,6.494,0.660,5.834,105.274,0.001,0.000,0.000,0.000,31.0,
17.11.2025,11:54:47.056,33.985,24.852,17.258,3.105,250.0,250.0,78.848,23.647,8.792,74.370,51.344,31.833,19.511,31.456,6.620,0.692,5.928,5.928,0.000,0.000,0.000,0.000,31.0,
17.11.2025,11:54:48.059,13.594,27.216,19.693,3.114,250.0,250.0,80.819,35.894,8.802,71.356,49.485,30.683,18.802,30.306,71.713,12.887,58.826,6.081,0.000,0.000,0.000,0.000,31.0,
17.11.2025,11:54:49.054,17.672,26.961,19.404,3.105,250.0,250.0,77.402,23.018,8.829,71.977,49.879,30.929,18.950,30.552,6.577,0.667,5.910,5.910,0.000,0.000,0.000,0.000,31.0,
17.11.2025,11:54:50.064,13.594,28.597,20.863,3.263,250.0,250.0,80.253,23.059,8.851,72.064,49.949,30.976,18.973,30.599,6.618,0.682,5.936,5.945,0.000,0.000,0.000,0.000,31.0,
17.11.2025,11:54:51.061,13.594,28.597,20.863,3.263,250.0,250.0,79.866,42.727,8.836,72.298,50.079,31.052,19.027,30.687,104.541,31.757,72.784,6.208,0.000,0.000,0.000,0.000,31.0,
17.11.2025,11:54:52.062,36.704,31.098,22.970,3.628,250.0,250.0,77.178,22.757,8.875,70.910,49.237,30.534,18.703,30.169,6.605,0.669,5.936,5.936,0.000,0.000,0.000,0.000,31.0,
17.11.2025,11:54:53.061,29.907,27.612,19.967,3.180,250.0,250.0,80.792,41.733,8.815,71.073,49.317,30.575,18.742,30.210,101.235,26.059,75.176,6.123,0.000,0.000,0.000,0.000,31.0,
17.11.2025,11:54:54.058,12.235,26.717,19.130,3.107,250.0,250.0,77.649,23.013,8.776,71.963,49.828,30.901,18.927,30.524,6.609,0.673,5.936,5.995,0.001,0.000,0.000,0.000,31.0,
17.11.2025,11:54:55.059,12.235,29.415,21.820,3.167,250.0,250.0,79.337,29.996,8.790,71.748,49.704,30.822,18.882,30.457,14.057,3.075,10.982,61.442,0.000,0.000,0.000,0.000,31.0,
17.11.2025,11:54:56.058,12.235,26.244,18.583,3.179,250.0,250.0,78.886,23.544,8.798,73.904,51.056,31.655,19.401,31.278,6.701,0.753,5.948,5.945,0.000,0.000,0.000,0.000,31.0,
17.11.2025,11:54:57.057,12.235,29.205,21.575,3.174,250.0,250.0,81.073,43.199,8.811,72.259,50.038,31.025,19.013,30.648,107.073,28.823,78.250,6.046,0.001,0.000,0.000,0.000,31.0,
17.11.2025,11:54:58.056,24.469,28.665,21.036,3.182,250.0,250.0,77.465,22.970,8.799,71.823,49.760,30.855,18.905,30.491,6.577,0.667,5.910,5.910,0.000,0.000,0.000,0.000,31.0,
17.11.2025,11:54:59.070,12.235,33.279,25.540,3.257,250.0,250.0,81.844,23.387,8.750,73.285,50.640,31.398,19.242,31.021,6.771,0.727,6.044,5.995,0.000,0.000,0.000,0.000,31.0,
17.11.2025,11:55:0.068,12.235,26.708,19.154,3.135,250.0,250.0,77.802,22.843,8.738,71.395,49.443,30.657,18.786,30.292,6.597,0.669,5.928,5.928,0.000,0.000,0.000,0.000,31.0,
17.11.2025,11:55:1.067,13.594,28.100,20.487,3.171,250.0,250.0,79.592,23.185,8.774,72.565,50.220,31.134,19.086,30.757,6.664,0.677,5.987,5.987,0.000,0.000,0.000,0.000,31.0,
17.11.2025,11:55:2.065,17.672,26.238,18.618,3.157,250.0,250.0,78.221,23.058,8.777,72.161,49.968,30.986,18.982,30.609,6.590,0.671,5.919,5.919,0.001,0.000,0.000,0.000,31.0,
17.11.2025,11:55:3.061,19.032,29.334,21.727,3.149,250.0,250.0,77.574,22.930,8.786,71.621,49.634,30.780,18.854,30.403,6.632,0.678,5.954,5.954,0.000,0.000,0.000,0.000,31.0,
17.11.2025,11:55:4.060,17.672,27.685,20.051,3.163,250.0,250.0,81.048,22.189,8.802,68.805,47.926,29.712,18.214,29.359,6.579,0.669,5.910,5.910,0.000,0.000,0.000,0.000,31.0,
17.11.2025,11:55:5.058,10.875,27.331,19.700,3.194,250.0,250.0,77.470,23.329,8.849,73.031,50.559,31.343,19.216,30.966,6.667,0.688,5.979,5.987,0.000,0.000,0.000,0.000,31.0,
17.11.2025,11:55:6.055,10.875,29.187,21.591,3.130,250.0,250.0,80.927,15.900,8.802,44.251,32.859,20.377,12.482,20.133,7.095,0.717,6.378,5.910,0.000,0.000,0.000,0.000,31.0,
17.11.2025,11:55:7.065,19.032,27.375,19.807,3.144,250.0,250.0,76.859,23.140,8.787,72.407,50.119,31.070,19.049,30.693,6.647,0.685,5.962,5.979,0.000,0.000,0.000,0.000,31.0,
17.11.2025,11:55:8.061,13.594,26.289,18.751,3.082,250.0,250.0,77.343,22.937,8.774,71.695,49.672,30.805,18.867,30.428,6.597,0.669,5.928,5.936,0.000,0.000,0.000,0.000,31.0,
17.11.2025,11:55:9.059,25.829,28.618,21.040,3.109,250.0,250.0,78.424,24.692,8.776,72.230,50.015,31.009,19.006,30.632,14.611,1.905,12.706,6.030,0.000,0.000,0.000,0.000,31.0,
17.11.2025,11:55:10.056,8.156,28.019,20.515,3.076,250.0,250.0,77.496,23.116,8.773,72.334,50.059,31.039,19.020,30.662,6.647,0.685,5.962,5.979,0.001,0.000,0.000,0.000,31.0,
17.11.2025,11:55:11.067,12.235,26.510,18.966,3.115,250.0,250.0,79.873,20.350,8.779,61.389,43.366,26.889,16.477,26.561,7.057,0.714,6.343,5.919,0.000,0.000,0.000,0.000,31.0,
17.11.2025,11:55:12.062,12.235,26.919,19.364,3.080,250.0,250.0,77.831,23.210,8.838,72.611,50.277,31.183,19.094,30.806,6.658,0.688,5.970,5.979,0.000,0.000,0.000,0.000,31.0,
17.11.2025,11:55:13.060,12.235,26.741,19.190,3.105,250.0,250.0,77.320,23.005,8.789,71.904,49.793,30.878,18.915,30.513,6.650,0.688,5.962,5.962,0.000,0.000,0.000,0.000,31.0,
17.11.2025,11:55:14.055,13.594,26.742,19.248,3.087,250.0,250.0,80.548,47.713,8.849,75.752,52.193,32.361,19.832,31.972,124.969,34.666,90.303,6.234,0.000,0.000,0.000,0.000,31.0,
17.11.2025,11:55:15.065,20.391,28.220,20.654,3.095,250.0,250.0,77.618,23.776,8.863,74.716,51.628,32.021,19.607,31.631,6.672,0.691,5.981,5.954,0.000,0.000,0.000,0.000,31.0,
17.11.2025,11:55:16.062,20.391,27.559,20.043,3.086,250.0,250.0,81.568,40.341,8.801,72.784,50.358,31.221,19.137,30.844,92.085,21.140,70.945,6.098,0.000,0.000,0.000,0.000,31.0,
17.11.2025,11:55:17.061,19.032,30.436,22.913,3.086,250.0,250.0,78.950,23.243,8.861,72.737,50.377,31.245,19.132,30.868,6.629,0.675,5.954,5.954,0.000,0.000,0.375,0.000,31.0,
17.11.2025,11:55:18.060,12.235,27.673,20.132,3.089,250.0,250.0,79.368,22.715,8.871,70.751,49.151,30.473,18.678,30.108,6.597,0.669,5.928,5.928,0.000,0.000,0.000,0.000,31.0,
17.11.2025,11:55:19.057,16.313,29.861,22.291,3.113,250.0,250.0,77.224,23.328,8.849,73.020,50.551,31.345,19.206,30.968,6.673,0.678,5.995,5.995,0.000,0.000,0.000,0.000,31.0,
17.11.2025,11:55:20.056,17.672,29.795,22.265,3.074,250.0,250.0,81.600,22.092,8.840,68.303,47.659,29.552,18.107,29.199,6.661,0.725,5.936,5.936,0.000,0.000,0.000,0.375,31.0,
17.11.2025,11:55:21.054,17.672,28.027,20.541,3.079,250.0,250.0,77.781,22.882,8.816,71.379,49.504,30.700,18.804,30.323,6.660,0.681,5.979,5.970,0.000,0.000,0.000,0.375,31.0,
17.11.2025,11:55:22.068,24.469,27.988,20.437,3.076,250.0,250.0,80.614,22.863,8.774,71.307,49.441,30.654,18.787,30.289,6.683,0.679,6.004,6.012,0.000,0.000,0.000,0.000,31.0,
17.11.2025,11:55:23.067,23.110,28.562,21.020,3.086,250.0,250.0,77.102,20.349,8.760,61.672,43.516,26.983,16.533,26.654,6.712,0.713,5.999,5.945,0.000,0.000,0.000,0.000,31.0,
17.11.2025,11:55:24.065,16.313,27.756,20.238,3.083,250.0,250.0,81.102,29.834,8.836,73.446,50.797,31.497,19.300,31.120,38.625,5.053,33.572,6.098,0.000,0.000,0.000,0.000,31.0,
17.11.2025,11:55:25.063,20.391,26.815,19.329,3.047,250.0,250.0,77.908,23.228,8.845,72.713,50.364,31.233,19.131,30.856,6.597,0.669,5.928,5.945,0.000,0.000,0.000,0.000,31.0,
17.11.2025,11:55:26.058,24.469,27.309,19.783,3.053,250.0,250.0,81.498,23.081,8.870,72.083,49.975,30.982,18.993,30.605,6.659,0.680,5.979,5.979,0.000,0.000,2.250,0.000,31.0,
17.11.2025,11:55:27.060,23.110,26.586,19.069,3.078,250.0,250.0,81.499,27.709,8.908,72.179,50.052,31.033,19.019,30.668,29.569,3.914,25.655,6.089,0.000,0.000,0.000,0.000,31.0,
17.11.2025,11:55:28.056,10.875,27.686,20.171,3.044,250.0,250.0,77.338,22.905,8.869,71.451,49.578,30.746,18.832,30.369,6.623,0.678,5.945,5.962,0.000,0.000,0.000,0.000,31.0,
17.11.2025,11:55:29.065,10.875,27.396,19.914,3.051,250.0,250.0,80.721,22.892,8.895,71.294,49.492,30.692,18.800,30.327,6.695,0.683,6.012,6.030,0.000,0.000,0.000,0.000,31.0,
17.11.2025,11:55:30.059,12.235,26.247,18.774,3.050,250.0,250.0,77.052,23.055,8.772,72.045,49.899,30.936,18.963,30.560,6.708,0.710,5.998,5.954,0.000,0.000,0.000,0.000,31.0,
17.11.2025,11:55:31.059,10.875,26.685,19.176,3.051,250.0,250.0,81.053,37.393,8.799,71.661,49.655,30.790,18.865,30.425,78.838,15.914,62.924,6.063,0.000,0.000,0.000,0.000,31.0,
17.11.2025,11:55:32.060,10.875,26.075,18.540,3.084,250.0,250.0,77.309,23.327,8.846,73.048,50.572,31.360,19.212,30.971,6.645,0.675,5.970,5.970,0.000,0.000,2.375,0.000,31.0,
17.11.2025,11:55:33.058,8.156,28.158,20.585,3.121,250.0,250.0,80.095,46.381,8.859,70.722,49.120,30.457,18.663,30.092,124.862,34.600,90.262,6.174,0.000,0.000,0.000,2.000,31.0,
17.11.2025,11:55:34.053,16.313,26.627,19.149,3.095,250.0,250.0,77.313,22.652,8.832,70.477,48.948,30.343,18.605,29.979,6.674,0.687,5.987,5.987,0.000,0.000,0.000,0.000,31.0,
17.11.2025,11:55:35.053,19.032,25.549,17.931,3.137,250.0,250.0,72.173,47.428,8.966,121.200,80.245,49.757,30.488,49.163,27.393,3.593,23.800,79.674,0.000,0.000,0.000,0.000,31.0,
17.11.2025,11:55:36.055,19.032,26.534,19.036,3.080,250.0,250.0,84.345,47.641,8.944,75.635,52.237,32.384,19.853,31.995,124.630,34.740,89.890,6.098,0.000,0.000,0.000,0.000,31.0,
17.11.2025,11:55:37.054,17.672,29.034,21.480,3.106,250.0,250.0,79.179,23.856,8.847,74.791,51.656,32.025,19.631,31.636,6.886,0.686,6.200,6.200,0.000,0.000,0.000,0.000,31.0,
17.11.2025,11:55:38.064,21.750,24.729,17.189,3.092,250.0,250.0,82.513,46.715,8.881,72.029,49.944,30.971,18.973,30.594,124.799,34.682,90.117,6.158,0.000,0.000,0.000,0.000,31.0,
17.11.2025,11:55:39.061,17.672,28.036,20.489,3.082,250.0,250.0,76.316,34.716,8.844,67.177,46.934,29.109,17.825,28.756,71.232,15.060,56.172,6.046,0.000,0.000,0.000,0.000,31.0,
17.11.2025,11:55:40.063,9.516,26.059,18.546,3.071,250.0,250.0,76.209,21.716,8.807,66.875,46.725,28.974,17.751,28.634,6.693,0.681,6.012,6.004,0.000,0.000,0.000,0.000,31.0,
17.11.2025,11:55:41.065,17.672,26.170,18.656,3.068,250.0,250.0,75.924,21.747,8.869,66.977,46.831,29.040,17.791,28.687,6.654,0.675,5.979,5.970,0.000,0.000,0.000,0.000,31.0,
17.11.2025,11:55:42.065,19.032,24.493,17.031,3.071,250.0,250.0,77.680,44.088,8.820,68.972,48.036,29.782,18.254,29.430,115.689,32.986,82.703,6.208,0.000,0.000,0.000,0.000,31.0,
17.11.2025,11:55:43.067,14.953,25.928,18.415,3.069,250.0,250.0,78.372,29.513,8.833,66.395,46.446,28.804,17.642,28.451,46.102,17.345,28.757,6.352,0.000,0.000,0.000,0.000,31.0,
17.11.2025,11:55:44.058,27.188,26.225,18.690,3.077,250.0,250.0,73.008,18.057,8.775,52.553,37.942,23.523,14.419,23.243,7.086,0.717,6.369,5.945,0.000,0.000,0.000,0.000,31.0,
17.11.2025,11:55:45.068,12.235,25.919,18.441,3.042,250.0,250.0,70.151,21.423,8.784,65.868,46.100,28.589,17.511,28.236,6.597,0.669,5.928,5.945,0.000,0.000,0.000,0.000,31.0,
17.11.2025,11:55:46.054,13.594,25.387,17.911,3.013,250.0,250.0,72.449,12.950,8.751,33.111,25.970,16.100,9.870,15.904,6.942,0.708,6.234,5.910,0.000,0.000,0.000,0.000,31.0,
17.11.2025,11:55:47.070,17.672,25.543,18.105,3.052,250.0,250.0,58.473,23.279,8.790,72.842,50.412,31.252,19.160,30.875,6.733,0.726,6.007,5.995,0.000,0.000,0.000,0.000,31.0,
17.11.2025,11:55:48.063,14.953,26.615,19.045,3.106,250.0,250.0,78.297,23.008,8.813,71.861,49.815,30.887,18.928,30.522,6.646,0.676,5.970,5.962,0.000,0.000,0.000,0.000,31.0,
17.11.2025,11:55:49.064,23.110,24.130,16.631,3.065,250.0,250.0,77.075,23.226,8.835,72.658,50.308,31.204,19.104,30.827,6.664,0.677,5.987,5.995,0.000,0.000,0.000,0.000,31.0,
17.11.2025,11:55:50.063,21.750,26.416,18.913,3.071,250.0,250.0,80.587,36.504,8.930,76.303,52.593,32.616,19.977,32.227,67.977,24.975,43.002,6.438,0.000,0.000,0.000,0.000,31.0,
17.11.2025,11:55:51.061,24.469,30.245,22.614,3.145,250.0,250.0,76.694,22.784,8.991,70.823,49.262,30.539,18.723,30.174,6.664,0.685,5.979,5.995,0.000,0.000,0.000,0.000,31.0,
17.11.2025,11:55:52.067,12.235,29.866,21.976,3.368,250.0,250.0,80.879,46.474,8.810,70.963,49.236,30.526,18.710,30.161,124.987,34.659,90.328,6.361,0.000,0.000,0.000,2.375,31.0,
17.11.2025,11:55:53.054,16.313,31.535,23.604,3.462,250.0,250.0,77.008,23.186,8.786,72.539,50.213,31.145,19.068,30.768,6.671,0.676,5.995,5.995,0.000,0.000,0.000,0.000,31.0,
17.11.2025,11:55:54.067,23.110,28.168,20.588,3.098,250.0,250.0,80.801,22.862,8.763,71.277,49.411,30.639,18.772,30.262,6.728,0.690,6.038,6.038,0.000,0.000,0.000,0.000,31.0,
17.11.2025,11:55:55.064,17.672,26.346,18.867,3.070,250.0,250.0,77.963,23.557,8.812,73.977,51.113,31.692,19.421,31.315,6.639,0.677,5.962,5.962,0.000,0.000,0.000,1.625,31.0,
17.11.2025,11:55:56.065,19.032,27.378,19.794,3.102,250.0,250.0,78.091,23.320,8.812,72.992,50.525,31.327,19.198,30.950,6.694,0.690,6.004,6.004,0.000,0.000,0.000,0.000,31.0,
17.11.2025,11:55:57.058,19.032,25.893,18.409,3.064,250.0,250.0,80.748,32.634,8.885,68.701,47.906,29.707,18.199,29.355,58.121,21.455,36.666,7.346,0.000,0.000,0.000,0.000,31.0,
17.11.2025,11:55:58.056,19.032,28.554,21.007,3.083,250.0,250.0,76.866,23.342,8.932,72.958,50.552,31.350,19.202,30.973,6.713,0.683,6.030,6.030,0.000,0.000,0.000,1.375,31.0,
17.11.2025,11:55:59.069,24.469,27.150,19.604,3.097,250.0,250.0,80.694,50.430,8.859,52.412,37.868,23.481,14.387,23.189,57.625,21.144,36.481,228.850,0.000,0.000,0.000,0.000,31.0,
17.11.2025,11:56:0.068,21.750,26.580,19.060,3.105,250.0,250.0,76.893,22.916,8.861,71.424,49.559,30.733,18.826,30.368,6.694,0.690,6.004,6.004,0.000,0.000,0.000,0.000,31.0,
17.11.2025,11:56:1.055,10.875,26.065,18.496,3.086,250.0,250.0,80.359,33.663,8.802,72.138,49.968,30.986,18.982,30.609,59.514,8.728,50.786,6.114,0.000,0.000,1.375,0.000,31.0,
17.11.2025,11:56:2.067,13.594,28.665,21.109,3.121,250.0,250.0,78.102,22.917,8.798,71.478,49.556,30.723,18.833,30.358,6.704,0.692,6.012,6.012,0.000,0.000,0.000,0.000,31.0,
17.11.2025,11:56:3.068,17.672,27.861,20.296,3.089,250.0,250.0,77.853,23.362,8.787,73.174,50.605,31.382,19.223,30.993,6.737,0.715,6.022,5.979,0.000,0.000,0.000,0.000,31.0,
17.11.2025,11:56:4.062,17.672,25.922,18.414,3.102,250.0,250.0,79.756,27.954,8.864,71.752,49.777,30.861,18.916,30.484,31.387,4.221,27.166,6.114,0.001,0.000,0.000,0.000,31.0,
17.11.2025,11:56:5.058,20.391,25.731,18.165,3.114,250.0,250.0,80.085,28.288,8.864,71.341,49.515,30.706,18.809,30.341,6.774,0.795,5.979,59.753,0.000,0.000,0.000,0.000,31.0,
17.11.2025,11:56:6.059,19.032,26.681,19.119,3.131,250.0,250.0,80.085,28.288,8.864,71.341,49.515,30.706,18.809,30.341,6.774,0.795,5.979,59.753,0.000,0.000,0.000,0.000,31.0,
17.11.2025,11:56:7.060,24.469,26.104,18.500,3.115,250.0,250.0,79.127,23.289,8.836,72.881,50.452,31.275,19.177,30.898,6.685,0.681,6.004,6.004,0.000,0.000,0.000,0.000,31.0,
17.11.2025,11:56:8.058,12.235,26.859,19.317,3.108,250.0,250.0,81.366,26.248,8.834,72.771,50.376,31.230,19.146,30.853,21.579,2.918,18.661,6.114,0.000,0.000,0.000,0.000,31.0,
17.11.2025,11:56:9.053,13.594,27.377,19.776,3.126,250.0,250.0,78.353,23.125,8.799,72.292,50.052,31.030,19.022,30.653,6.701,0.689,6.012,6.004,0.000,0.000,0.000,0.000,31.0,
17.11.2025,11:56:10.068,23.110,26.659,19.094,3.113,250.0,250.0,83.239,45.888,8.790,72.636,50.276,31.178,19.098,30.801,119.880,34.008,85.872,6.343,0.001,0.000,0.000,0.000,31.0,
17.11.2025,11:56:11.067,13.594,27.181,19.631,3.115,250.0,250.0,77.835,23.132,8.836,72.285,50.078,31.058,19.020,30.681,6.681,0.677,6.004,6.004,0.000,0.000,0.000,0.000,31.0,
17.11.2025,11:56:12.067,12.235,26.618,19.031,3.126,250.0,250.0,81.136,23.176,8.888,72.316,50.139,31.086,19.053,30.708,6.747,0.692,6.055,6.081,0.000,0.000,0.000,0.000,31.0,
17.11.2025,11:56:13.064,19.032,26.447,18.868,3.133,250.0,250.0,79.388,23.366,8.960,73.064,50.644,31.399,19.245,31.022,6.666,0.679,5.987,5.995,0.000,0.000,0.000,0.000,31.0,
17.11.2025,11:56:14.060,14.953,25.106,17.596,3.098,250.0,250.0,78.097,30.469,8.912,54.624,39.269,24.353,14.916,24.048,6.847,0.698,6.149,124.872,0.001,0.000,0.000,0.000,31.0,
17.11.2025,11:56:15.058,20.391,24.938,17.372,3.114,250.0,250.0,79.801,23.449,8.885,73.393,50.784,31.489,19.295,31.112,6.757,0.736,6.021,6.021,0.000,0.000,0.000,0.000,31.0,
17.11.2025,11:56:16.054,13.594,28.449,20.871,3.112,250.0,250.0,77.010,23.741,8.814,74.607,51.484,31.924,19.560,31.547,6.737,0.733,6.004,6.004,0.000,0.000,0.000,0.000,31.0,
17.11.2025,11:56:17.065,19.032,28.077,20.474,3.134,250.0,250.0,80.218,40.607,8.789,71.993,49.870,30.924,18.946,30.547,94.364,30.421,63.943,6.276,0.000,0.000,0.000,0.000,31.0,
17.11.2025,11:56:18.067,17.672,27.093,19.513,3.152,250.0,250.0,77.169,23.344,8.790,73.099,50.540,31.343,19.197,30.966,6.738,0.708,6.030,6.030,0.000,0.000,0.000,0.000,31.0,
17.11.2025,11:56:19.062,17.672,27.093,19.513,3.152,250.0,250.0,77.622,23.552,8.798,73.951,51.069,31.667,19.402,31.290,6.675,0.680,5.995,5.995,0.000,0.000,0.000,0.000,31.0,
17.11.2025,11:56:20.061,36.704,26.523,19.010,3.087,250.0,250.0,80.654,32.535,8.801,73.958,51.086,31.678,19.408,31.301,51.509,7.061,44.448,6.098,0.000,0.000,0.000,0.000,31.0,
17.11.2025,11:56:21.055,25.829,25.772,18.171,3.111,250.0,250.0,77.553,23.402,8.770,73.336,50.709,31.445,19.264,31.056,6.714,0.702,6.012,6.012,0.000,0.000,0.000,0.000,31.0,
17.11.2025,11:56:22.065,16.313,27.982,20.431,3.103,250.0,250.0,80.851,47.040,8.811,73.047,50.522,31.335,19.187,30.958,125.127,34.726,90.401,6.285,0.000,0.000,0.000,0.000,31.0,
17.11.2025,11:56:23.063,25.829,24.888,17.326,3.141,250.0,250.0,81.147,47.154,8.842,73.378,50.755,31.473,19.282,31.096,125.121,34.816,90.305,6.471,0.000,0.000,0.000,0.000,31.0,
17.11.2025,11:56:24.061,24.469,25.337,17.756,3.128,250.0,250.0,79.805,23.156,8.800,72.404,50.125,31.074,19.051,30.697,6.691,0.687,6.004,6.030,0.000,0.000,0.000,0.000,31.0,
17.11.2025,11:56:25.055,13.594,27.088,19.499,3.118,250.0,250.0,80.456,39.618,8.774,72.636,50.263,31.175,19.088,30.798,88.518,29.841,58.677,6.412,0.000,0.000,0.000,0.000,31.0,
17.11.2025,11:56:26.055,13.594,27.155,19.567,3.118,250.0,250.0,76.979,23.076,8.735,72.186,49.942,30.966,18.976,30.589,6.681,0.677,6.004,6.004,0.000,0.000,0.000,0.000,31.0,
17.11.2025,11:56:27.068,10.875,25.901,18.350,3.116,250.0,250.0,80.676,22.912,8.808,71.415,49.519,30.703,18.816,30.338,6.723,0.685,6.038,6.072,0.000,0.000,0.375,0.000,31.0,
17.11.2025,11:56:28.066,16.313,28.453,20.882,3.117,250.0,250.0,77.575,23.106,8.801,72.226,49.999,31.003,18.996,30.627,6.690,0.686,6.004,6.030,0.000,0.000,0.000,0.000,31.0,
17.11.2025,11:56:29.063,19.032,27.969,20.395,3.140,250.0,250.0,80.954,23.221,8.824,72.420,50.163,31.107,19.056,30.730,6.908,0.779,6.129,6.098,0.000,0.000,0.000,0.000,31.0,
17.11.2025,11:56:30.059,27.188,27.628,19.998,3.149,250.0,250.0,77.605,23.481,8.751,73.702,50.896,31.556,19.340,31.179,6.681,0.677,6.004,6.021,0.000,0.000,0.000,0.000,31.0,
17.11.2025,11:56:31.069,12.235,27.198,19.599,3.153,250.0,250.0,81.184,22.996,8.798,71.601,49.635,30.780,18.855,30.404,6.900,0.754,6.146,6.089,0.000,0.000,0.000,0.000,31.0,
17.11.2025,11:56:32.064,12.235,27.346,19.815,3.100,250.0,250.0,77.577,23.724,8.754,74.591,51.475,31.924,19.551,31.535,6.697,0.685,6.012,6.012,0.000,0.000,0.000,0.000,31.0,
17.11.2025,11:56:33.062,9.516,26.379,18.797,3.139,250.0,250.0,81.178,38.096,8.778,72.571,50.214,31.145,19.069,30.768,81.151,17.026,64.125,6.114,0.000,0.000,0.000,0.000,31.0,
17.11.2025,11:56:34.062,17.672,27.058,19.477,3.118,250.0,250.0,77.881,23.953,8.766,75.287,51.907,32.181,19.726,31.792,6.930,0.917,6.013,6.012,0.000,0.000,0.000,0.000,31.0,
17.11.2025,11:56:35.059,24.469,25.867,18.236,3.176,250.0,250.0,81.352,21.283,8.775,49.373,35.935,22.289,13.646,22.021,17.465,4.595,12.870,25.866,0.000,0.000,0.000,0.000,31.0,
17.11.2025,11:56:36.058,27.188,26.898,19.335,3.148,250.0,250.0,78.323,23.289,8.889,72.777,50.428,31.274,19.154,30.897,6.718,0.680,6.038,6.038,0.000,0.000,0.000,1.500,31.0,
17.11.2025,11:56:37.056,23.110,27.317,19.700,3.124,250.0,250.0,78.876,23.199,8.882,72.424,50.198,31.130,19.068,30.753,6.764,0.716,6.048,6.004,0.000,0.000,0.000,0.000,31.0,
17.11.2025,11:56:38.070,25.829,27.744,20.174,3.110,250.0,250.0,80.887,34.401,8.790,71.737,49.709,30.821,18.888,30.456,63.716,10.251,53.465,6.182,0.000,0.000,0.000,0.000,31.0,
17.11.2025,11:56:39.084,10.875,25.919,18.324,3.144,250.0,250.0,78.480,23.274,8.802,72.851,50.407,31.253,19.154,30.876,6.692,0.680,6.012,6.012,0.000,0.000,0.000,0.000,31.0,
17.11.2025,11:56:40.084,10.875,26.523,18.958,3.128,250.0,250.0,80.932,13.316,8.717,34.484,26.793,16.616,10.177,16.420,6.974,0.707,6.267,6.004,0.000,0.000,0.000,0.000,31.0,
17.11.2025,11:56:41.074,12.235,27.119,19.513,3.137,250.0,250.0,75.389,21.770,8.760,67.135,46.858,29.058,17.800,28.705,6.692,0.680,6.012,6.004,0.000,0.000,0.000,0.000,31.0,
17.11.2025,11:56:42.073,23.110,25.000,17.469,3.100,250.0,250.0,79.094,29.926,8.764,67.179,46.901,29.078,17.823,28.725,47.331,6.529,40.802,6.123,0.000,0.000,0.000,0.000,31.0,
17.11.2025,11:56:43.072,17.672,24.887,17.340,3.129,250.0,250.0,75.789,21.895,8.786,67.512,47.111,29.218,17.893,28.865,6.766,0.685,6.081,6.038,0.000,0.000,0.000,0.000,31.0,
17.11.2025,11:56:44.075,28.547,28.212,20.636,3.140,250.0,250.0,76.396,46.871,8.798,68.725,47.855,29.678,18.177,29.313,6.940,0.857,6.083,252.284,0.000,0.000,0.000,0.000,31.0,
17.11.2025,11:56:45.073,12.235,25.674,18.085,3.137,250.0,250.0,75.938,43.781,8.771,67.475,47.079,29.201,17.878,28.848,116.170,33.225,82.945,6.216,0.000,0.000,0.000,0.000,31.0,
17.11.2025,11:56:46.069,14.953,29.636,22.072,3.108,250.0,250.0,72.954,29.354,8.759,67.357,46.996,29.134,17.862,28.782,44.266,5.887,38.379,6.114,0.000,0.000,0.000,0.000,31.0,
17.11.2025,11:56:47.071,16.313,25.982,18.457,3.113,250.0,250.0,73.597,40.988,8.750,67.534,47.109,29.217,17.892,28.864,102.181,28.378,73.803,6.149,0.000,0.000,0.000,0.000,31.0,
17.11.2025,11:56:48.072,23.110,24.268,16.737,3.058,250.0,250.0,64.826,17.527,8.707,50.961,36.902,22.879,14.023,22.599,6.617,0.672,5.945,5.962,0.000,0.000,0.000,0.000,31.0,
17.11.2025,11:56:49.070,13.594,26.499,18.917,3.145,250.0,250.0,72.497,23.258,8.777,72.585,50.237,31.145,19.092,30.768,6.926,0.792,6.134,6.123,0.000,0.000,0.000,0.000,31.0,
17.11.2025,11:56:50.082,23.110,29.312,21.827,3.096,250.0,250.0,81.485,35.395,8.785,88.549,60.065,37.237,22.828,36.788,46.708,17.486,29.222,6.285,0.000,0.000,0.000,0.000,31.0,
17.11.2025,11:56:51.076,21.750,26.694,19.099,3.109,250.0,250.0,76.816,22.907,8.785,71.413,49.503,30.696,18.807,30.332,6.738,0.683,6.055,6.055,0.000,0.000,0.000,0.000,31.0,
17.11.2025,11:56:52.071,16.313,24.826,17.249,3.129,250.0,250.0,81.036,46.206,8.775,71.979,49.848,30.906,18.942,30.541,122.423,34.030,88.393,6.225,0.000,0.000,0.000,0.500,31.0,
17.11.2025,11:56:53.079,24.469,27.335,19.716,3.144,250.0,250.0,78.285,23.144,8.737,72.372,50.083,31.054,19.029,30.678,6.722,0.684,6.038,6.038,0.000,0.000,1.000,0.000,31.0,
17.11.2025,11:56:54.076,24.469,31.831,23.720,3.585,250.0,250.0,81.089,31.715,8.747,74.178,51.163,31.728,19.435,31.351,6.692,0.680,6.012,87.162,0.000,0.000,0.000,0.000,31.0,
17.11.2025,11:56:55.073,13.594,31.623,23.782,3.346,250.0,250.0,77.105,22.942,8.766,71.562,49.591,30.754,18.837,30.377,6.738,0.683,6.055,6.055,0.000,0.000,0.000,0.000,31.0,
17.11.2025,11:56:56.084,24.469,26.814,19.244,3.165,250.0,250.0,80.417,24.863,8.753,67.681,47.185,29.260,17.925,28.907,19.059,4.840,14.219,10.804,0.000,0.000,0.000,0.000,31.0,
17.11.2025,11:56:57.077,13.594,26.088,18.446,3.152,250.0,250.0,77.050,23.065,8.773,72.029,49.878,30.926,18.952,30.562,6.738,0.683,6.055,6.055,0.000,0.000,0.000,0.000,31.0,
17.11.2025,11:56:58.080,20.391,27.586,19.992,3.154,250.0,250.0,80.077,47.115,8.786,73.657,50.907,31.571,19.336,31.194,124.773,34.669,90.104,6.158,0.000,0.000,0.000,1.250,31.0,
17.11.2025,11:56:59.080,16.313,26.549,18.954,3.179,250.0,250.0,78.550,22.558,8.824,70.059,48.706,30.197,18.509,29.832,6.710,0.680,6.030,6.030,0.000,0.000,0.000,0.000,31.0,
17.11.2025,11:57:0.077,13.594,26.547,18.974,3.136,250.0,250.0,78.247,26.858,8.814,72.638,50.275,31.182,19.093,30.805,24.825,3.268,21.557,6.123,0.000,0.000,0.000,0.000,31.0,
17.11.2025,11:57:1.078,17.672,27.024,19.404,3.163,250.0,250.0,77.210,22.858,8.778,71.240,49.402,30.636,18.766,30.259,6.729,0.691,6.038,6.038,0.000,0.000,0.000,0.000,31.0,
17.11.2025,11:57:2.072,21.750,26.841,19.247,3.174,250.0,250.0,80.375,23.152,8.740,72.331,50.046,31.030,19.016,30.665,6.799,0.701,6.098,6.098,0.000,0.000,0.000,0.000,31.0,
17.11.2025,11:57:3.070,23.110,27.598,19.932,3.169,250.0,250.0,77.431,38.670,8.743,48.964,35.719,22.146,13.573,21.877,7.345,0.916,6.429,220.987,0.000,0.000,0.000,0.000,31.0,
17.11.2025,11:57:4.085,20.391,27.061,19.510,3.123,250.0,250.0,80.294,22.862,8.803,71.215,49.391,30.624,18.767,30.259,6.749,0.686,6.063,6.063,0.000,0.000,0.000,0.000,31.0,
17.11.2025,11:57:5.070,17.672,28.549,20.945,3.156,250.0,250.0,81.305,32.038,8.775,72.181,49.969,30.983,18.986,30.606,51.334,6.905,44.429,6.216,0.000,0.000,1.000,0.000,31.0,
17.11.2025,11:57:6.082,13.594,27.337,19.756,3.143,250.0,250.0,77.335,23.411,8.812,73.278,50.671,31.421,19.250,31.044,6.793,0.721,6.072,6.046,0.000,0.000,0.000,0.000,31.0,
17.11.2025,11:57:7.080,23.110,28.532,20.949,3.134,250.0,250.0,81.312,22.986,8.836,71.678,49.683,30.804,18.879,30.440,6.737,0.682,6.055,6.063,0.000,0.000,0.000,0.000,31.0,
17.11.2025,11:57:8.071,17.672,26.227,18.633,3.155,250.0,250.0,81.407,36.870,8.828,67.309,47.003,29.147,17.856,28.795,81.774,29.157,52.617,6.216,0.000,0.000,0.000,0.000,31.0,
17.11.2025,11:57:9.075,19.032,28.769,21.168,3.141,250.0,250.0,77.331,22.704,8.772,70.630,49.024,30.401,18.623,30.024,6.749,0.686,6.063,6.063,0.000,0.000,0.000,0.000,31.0,
17.11.2025,11:57:10.073,14.953,26.351,18.773,3.122,250.0,250.0,81.098,33.156,8.784,72.253,50.011,31.008,19.003,30.631,56.861,8.282,48.579,6.149,0.001,0.000,0.000,0.000,31.0,
17.11.2025,11:57:11.085,19.032,26.424,18.821,3.124,250.0,250.0,77.474,23.108,8.798,72.186,49.985,30.997,18.988,30.620,6.729,0.683,6.046,6.046,0.000,0.000,0.000,0.000,31.0,
17.11.2025,11:57:12.083,28.547,25.527,17.983,3.130,250.0,250.0,80.902,23.435,8.831,73.363,50.744,31.467,19.277,31.078,6.760,0.688,6.072,6.072,0.000,0.000,0.000,0.000,31.0,
17.11.2025,11:57:13.077,19.032,29.551,21.952,3.135,250.0,250.0,81.523,23.086,8.853,71.945,49.866,30.923,18.943,30.547,6.827,0.704,6.123,6.123,0.000,0.000,0.000,0.000,31.0,
17.11.2025,11:57:14.078,19.032,28.839,21.242,3.135,250.0,250.0,81.309,37.211,8.856,73.197,50.646,31.406,19.240,31.029,75.781,14.843,60.938,6.174,0.000,0.000,0.000,0.000,31.0,
17.11.2025,11:57:15.072,19.032,27.141,19.555,3.147,250.0,250.0,81.370,22.264,8.786,43.801,32.524,20.172,12.352,19.928,7.306,0.912,6.394,70.460,0.000,0.000,0.000,0.000,31.0,
17.11.2025,11:57:16.085,17.672,27.861,20.325,3.104,250.0,250.0,79.266,23.696,8.802,74.407,51.372,31.852,19.520,31.475,6.738,0.683,6.055,6.055,0.000,0.000,0.000,0.000,31.0,
17.11.2025,11:57:17.100,21.750,28.304,20.717,3.121,250.0,250.0,81.612,23.101,8.833,72.068,49.936,30.961,18.975,30.596,6.776,0.695,6.081,6.089,0.000,0.000,0.000,0.000,31.0,
17.11.2025,11:57:18.091,23.110,26.040,18.501,3.121,250.0,250.0,81.414,22.895,8.823,71.249,49.427,30.653,18.774,30.288,6.808,0.694,6.114,6.123,0.000,0.000,0.000,0.000,31.0,
17.11.2025,11:57:19.091,17.672,28.457,20.847,3.115,250.0,250.0,80.501,14.345,8.797,38.080,29.041,18.003,11.038,17.783,7.337,0.832,6.505,6.038,0.000,0.000,0.000,0.000,31.0,
17.11.2025,11:57:20.090,21.750,28.140,20.579,3.090,250.0,250.0,78.380,23.014,8.857,71.715,49.741,30.847,18.894,30.470,6.768,0.687,6.081,6.081,0.000,0.000,0.000,0.000,31.0,
17.11.2025,11:57:21.086,10.875,26.515,18.964,3.114,250.0,250.0,81.325,68.327,8.905,60.801,43.062,26.696,16.366,26.380,27.976,8.031,19.945,445.104,0.000,0.000,0.000,2.375,31.0,
17.11.2025,11:57:22.102,27.188,28.481,20.950,3.083,250.0,250.0,78.041,23.246,8.870,72.612,50.297,31.197,19.100,30.820,6.745,0.690,6.055,6.072,0.000,0.000,0.000,0.000,31.0,
17.11.2025,11:57:23.105,25.829,27.841,20.299,3.103,250.0,250.0,80.931,30.200,8.882,72.088,49.982,30.991,18.991,30.614,42.141,5.591,36.550,6.165,0.000,0.000,0.000,0.000,31.0,
17.11.2025,11:57:24.103,13.594,26.732,19.162,3.101,250.0,250.0,81.223,46.147,8.795,67.568,47.148,29.240,17.908,28.887,46.086,17.057,29.029,169.753,0.000,0.000,0.000,0.000,31.0,
17.11.2025,11:57:25.117,12.235,27.637,20.087,3.100,250.0,250.0,77.960,23.163,8.830,72.320,50.088,31.059,19.029,30.682,6.773,0.692,6.081,6.081,0.000,0.000,0.000,0.000,31.0,
17.11.2025,11:57:26.101,23.110,27.612,20.120,3.061,250.0,250.0,81.147,46.604,8.846,71.487,49.586,30.744,18.842,30.367,125.006,34.675,90.331,6.158,0.000,0.000,0.000,0.000,31.0,
17.11.2025,11:57:27.114,16.313,26.692,19.146,3.116,250.0,250.0,77.179,23.126,8.868,72.069,49.970,30.991,18.979,30.615,6.846,0.731,6.115,6.072,0.000,0.000,0.000,0.000,31.0,
17.11.2025,11:57:28.109,16.313,29.029,21.468,3.101,250.0,250.0,80.947,23.079,8.810,71.996,49.875,30.924,18.951,30.560,6.788,0.690,6.098,6.098,0.000,0.000,2.125,0.000,31.0,
17.11.2025,11:57:29.106,25.829,26.334,18.685,3.159,250.0,250.0,81.056,23.459,8.858,73.388,50.746,31.473,19.273,31.096,6.816,0.693,6.123,6.123,0.000,0.000,0.000,0.000,31.0,
17.11.2025,11:57:30.103,23.110,30.316,22.746,3.130,250.0,250.0,79.061,23.142,8.782,72.314,50.066,31.044,19.022,30.667,6.737,0.682,6.055,6.055,0.000,0.000,0.000,0.000,31.0,
17.11.2025,11:57:31.104,13.594,27.448,19.864,3.134,250.0,250.0,81.271,23.097,8.794,71.933,49.837,30.899,18.938,30.534,6.957,0.789,6.168,6.123,0.000,0.000,0.000,0.000,31.0,
17.11.2025,11:57:32.118,23.110,28.379,20.829,3.111,250.0,250.0,77.730,23.098,8.782,72.151,49.959,30.977,18.982,30.600,6.737,0.682,6.055,6.055,0.000,0.000,0.000,0.000,31.0,
17.11.2025,11:57:33.114,36.704,25.743,18.173,3.109,250.0,250.0,81.156,23.269,8.808,72.722,50.336,31.203,19.133,30.826,6.787,0.698,6.089,6.089,0.000,0.000,0.000,0.000,31.0,
17.11.2025,11:57:34.113,20.391,28.018,20.486,3.135,250.0,250.0,81.331,23.333,8.799,72.830,50.386,31.241,19.145,30.864,6.972,0.762,6.210,6.123,0.000,0.000,0.000,0.000,31.0,
17.11.2025,11:57:35.107,14.953,29.273,21.659,3.131,250.0,250.0,78.489,44.276,8.808,78.227,53.712,33.301,20.411,32.900,6.915,0.725,6.190,201.571,0.000,0.000,0.000,0.000,31.0,
17.11.2025,11:57:36.103,24.469,26.732,19.156,3.110,250.0,250.0,81.573,23.217,8.771,72.581,50.222,31.139,19.083,30.762,6.767,0.686,6.081,6.081,0.000,0.000,2.125,0.000,31.0,
17.11.2025,11:57:37.103,12.235,27.226,19.714,3.094,250.0,250.0,81.444,23.565,8.808,73.825,51.018,31.629,19.389,31.252,6.805,0.699,6.106,6.114,0.000,0.000,0.000,0.000,31.0,
17.11.2025,11:57:38.115,20.391,28.192,20.680,3.079,250.0,250.0,81.850,44.880,8.769,72.239,50.000,31.009,18.991,30.632,115.417,31.286,84.131,6.327,0.000,0.000,0.000,0.000,31.0,
17.11.2025,11:57:39.111,19.032,27.731,20.172,3.111,250.0,250.0,77.780,23.055,8.734,72.014,49.844,30.913,18.931,30.536,6.748,0.685,6.063,6.081,0.000,0.000,0.000,0.000,31.0,
17.11.2025,11:57:40.112,23.110,27.617,20.006,3.121,250.0,250.0,80.285,33.420,8.736,67.517,47.086,29.198,17.888,28.845,64.366,12.153,52.213,6.199,0.000,0.000,0.000,0.000,31.0,
17.11.2025,11:57:41.115,17.672,25.138,17.620,3.095,250.0,250.0,77.383,27.850,8.758,67.856,47.310,29.327,17.983,28.975,36.050,4.336,31.714,6.190,0.000,0.000,0.000,0.000,31.0,
17.11.2025,11:57:42.112,17.672,26.521,18.993,3.068,250.0,250.0,76.670,27.850,8.760,67.483,47.083,29.204,17.879,28.851,6.826,0.703,6.123,6.106,0.000,0.000,0.000,0.000,31.0,
17.11.2025,11:57:43.115,12.235,27.013,19.491,3.104,250.0,250.0,76.723,21.997,8.805,67.870,47.342,29.361,17.981,29.009,6.767,0.686,6.081,6.063,0.000,0.000,0.000,0.000,31.0,
17.11.2025,11:57:44.114,17.672,25.938,18.399,3.093,250.0,250.0,76.579,21.997,8.794,45.597,33.654,20.873,12.781,20.617,30.520,9.241,21.279,75.601,0.000,0.000,0.000,2.375,31.0,
17.11.2025,11:57:45.114,20.391,25.903,18.405,3.071,250.0,250.0,76.579,27.896,8.794,45.597,33.654,20.873,12.781,20.617,30.520,9.241,21.279,75.601,0.000,0.000,0.000,0.000,31.0,
17.11.2025,11:57:46.105,13.594,27.835,20.373,3.042,250.0,250.0,77.106,23.064,8.819,44.290,32.861,20.372,12.489,20.129,16.909,4.400,12.509,57.858,0.000,0.000,0.000,0.000,31.0,
17.11.2025,11:57:47.103,19.032,27.390,19.857,3.043,250.0,250.0,74.009,22.240,8.783,68.440,47.685,29.572,18.113,29.220,7.265,0.735,6.530,6.055,0.000,0.000,0.000,0.000,31.0,
17.11.2025,11:57:48.129,12.235,26.797,19.391,3.022,250.0,250.0,74.069,22.557,8.756,69.991,48.637,30.155,18.482,29.790,6.847,0.784,6.063,6.063,0.000,0.000,0.000,0.000,31.0,
17.11.2025,11:57:49.128,17.672,25.539,17.940,3.148,250.0,250.0,62.838,23.122,8.734,72.239,49.981,30.987,18.994,30.610,6.790,0.692,6.098,6.098,0.000,0.000,0.000,0.000,31.0,
17.11.2025,11:57:50.127,17.672,28.001,20.422,3.098,250.0,250.0,77.931,20.329,8.747,61.464,43.378,26.903,16.475,26.574,6.813,0.690,6.123,6.123,0.000,0.000,0.000,0.000,31.0,
17.11.2025,11:57:51.123,23.110,26.182,18.665,3.083,250.0,250.0,81.683,23.247,8.798,72.610,50.242,31.156,19.086,30.779,6.838,0.711,6.127,6.123,0.001,0.000,0.000,0.000,31.0,
17.11.2025,11:57:52.123,19.032,26.869,19.370,3.104,250.0,250.0,77.343,22.027,8.790,67.933,47.385,29.387,17.998,29.034,6.833,0.721,6.112,6.072,0.000,0.000,0.000,0.000,31.0,
17.11.2025,11:57:53.120,24.469,27.788,20.229,3.111,250.0,250.0,80.724,22.890,8.795,71.316,49.444,30.658,18.786,30.293,6.766,0.685,6.081,6.081,0.000,0.000,0.000,0.000,31.0,
17.11.2025,11:57:54.125,23.110,28.066,20.306,3.256,250.0,250.0,80.862,46.902,8.819,72.532,50.210,31.132,19.078,30.755,125.142,34.684,90.458,6.208,0.000,0.000,0.000,0.000,31.0,
17.11.2025,11:57:55.121,24.469,35.116,27.028,3.591,250.0,250.0,76.982,23.126,8.772,72.178,49.972,30.985,18.987,30.608,6.816,0.693,6.123,6.123,0.000,0.000,0.000,0.000,31.0,
17.11.2025,11:57:56.122,19.032,28.228,20.698,3.078,250.0,250.0,77.529,23.378,8.738,73.246,50.605,31.386,19.219,31.009,6.749,0.686,6.063,6.081,0.000,0.000,0.000,0.000,31.0,
17.11.2025,11:57:57.120,25.829,27.637,20.072,3.098,250.0,250.0,80.976,23.574,8.748,73.951,51.048,31.654,19.394,31.265,6.787,0.689,6.098,6.106,0.000,0.000,0.000,0.000,31.0,
17.11.2025,11:57:58.119,25.829,27.637,20.072,3.098,250.0,250.0,80.811,47.514,8.773,74.789,51.576,31.978,19.598,31.589,125.229,34.592,90.637,6.378,0.000,0.000,0.000,0.000,31.0,
17.11.2025,11:57:59.132,40.782,28.157,20.568,3.121,250.0,250.0,77.562,23.837,8.796,74.912,51.695,32.048,19.647,31.659,6.766,0.685,6.081,6.081,0.000,0.000,0.000,0.000,31.0,
17.11.2025,11:58:0.131,38.063,28.646,21.087,3.103,250.0,250.0,81.089,23.554,8.825,73.765,50.976,31.610,19.366,31.221,6.816,0.693,6.123,6.140,0.000,0.000,0.250,0.000,31.0,
17.11.2025,11:58:1.129,13.594,26.498,18.995,3.076,250.0,250.0,80.284,14.996,8.751,40.692,30.631,18.993,11.638,18.761,7.210,0.730,6.480,6.072,0.000,0.000,0.000,0.000,31.0,
17.11.2025,11:58:2.127,36.704,25.502,17.920,3.103,250.0,250.0,77.549,23.390,8.771,73.232,50.630,31.387,19.243,31.010,6.766,0.685,6.081,6.098,0.000,0.000,0.000,0.000,31.0,
17.11.2025,11:58:3.121,17.672,26.917,19.393,3.116,250.0,250.0,81.305,47.135,8.756,74.204,51.209,31.758,19.451,31.370,124.192,34.574,89.618,6.216,0.000,0.000,0.000,0.375,31.0,
17.11.2025,11:58:4.118,20.391,26.596,19.062,3.093,250.0,250.0,77.760,23.268,8.769,72.776,50.342,31.216,19.126,30.839,6.766,0.685,6.081,6.081,0.000,0.000,0.000,0.000,31.0,
17.11.2025,11:58:5.121,24.469,27.266,19.749,3.081,250.0,250.0,80.651,30.257,8.848,71.896,49.852,30.915,18.937,30.538,42.717,5.604,37.113,6.149,0.000,0.000,0.000,0.000,31.0,
17.11.2025,11:58:6.118,19.032,25.828,18.240,3.110,250.0,250.0,77.412,23.088,8.871,71.968,49.912,30.951,18.961,30.574,6.777,0.688,6.089,6.089,0.000,0.000,0.000,0.000,31.0,
17.11.2025,11:58:7.132,17.672,27.761,20.189,3.094,250.0,250.0,81.686,23.170,8.892,72.237,50.073,31.053,19.020,30.676,6.814,0.691,6.123,6.123,0.001,0.000,0.000,0.000,31.0,
17.11.2025,11:58:8.130,13.594,27.316,19.757,3.143,250.0,250.0,80.916,45.220,8.820,70.534,48.988,30.377,18.611,30.000,119.308,33.934,85.374,6.250,0.000,0.000,0.000,0.000,31.0,
17.11.2025,11:58:9.127,16.313,28.495,20.907,3.088,250.0,250.0,77.163,22.950,8.854,71.473,49.569,30.738,18.831,30.361,6.786,0.688,6.098,6.098,0.000,0.000,0.000,0.000,31.0,
17.11.2025,11:58:10.125,23.110,28.248,20.729,3.112,250.0,250.0,80.637,23.059,8.809,71.885,49.817,30.889,18.928,30.512,6.814,0.691,6.123,6.123,0.000,0.000,0.000,0.000,31.0,
17.11.2025,11:58:11.120,14.953,27.652,20.106,3.091,250.0,250.0,78.927,23.443,8.799,73.366,50.728,31.456,19.272,31.067,6.812,0.698,6.114,6.114,0.000,0.000,0.000,0.000,31.0,
17.11.2025,11:58:12.118,12.235,26.634,19.089,3.078,250.0,250.0,80.982,45.142,8.809,71.484,49.574,30.739,18.835,30.362,117.530,33.630,83.900,6.556,0.000,0.000,0.000,0.000,31.0,
17.11.2025,11:58:13.126,12.235,25.784,18.275,3.097,250.0,250.0,77.051,23.183,8.832,72.305,50.081,31.050,19.031,30.674,6.871,0.725,6.146,6.114,0.000,0.000,0.000,0.000,31.0,
17.11.2025,11:58:14.124,23.110,28.353,20.765,3.113,250.0,250.0,80.508,40.036,8.796,71.249,49.409,30.642,18.767,30.266,92.484,21.335,71.149,6.267,0.000,0.000,0.000,0.000,31.0,
17.11.2025,11:58:15.120,24.469,28.988,21.463,3.099,250.0,250.0,76.766,23.184,8.825,72.364,50.108,31.079,19.029,30.702,6.806,0.692,6.114,6.123,0.000,0.000,0.000,0.000,31.0,
17.11.2025,11:58:16.120,13.594,27.533,20.011,3.083,250.0,250.0,80.984,45.430,8.873,72.720,50.369,31.228,19.141,30.851,117.281,33.618,83.663,6.556,0.000,0.000,0.000,0.000,31.0,
17.11.2025,11:58:17.122,29.907,28.085,20.528,3.083,250.0,250.0,77.743,23.272,8.833,72.647,50.282,31.188,19.094,30.811,6.876,0.727,6.149,6.114,0.000,0.000,0.000,0.000,31.0,
17.11.2025,11:58:18.124,19.032,27.784,20.266,3.067,250.0,250.0,81.102,47.018,8.802,72.935,50.472,31.300,19.172,30.923,125.107,34.710,90.397,6.361,0.000,0.000,0.000,0.000,31.0,
17.11.2025,11:58:19.120,23.110,28.909,21.376,3.112,250.0,250.0,79.855,23.337,8.800,72.985,50.492,31.314,19.178,30.937,6.782,0.693,6.089,6.098,0.000,0.000,0.000,0.000,31.0,
17.11.2025,11:58:20.117,14.953,29.427,21.844,3.097,250.0,250.0,80.516,23.271,8.786,72.738,50.312,31.204,19.108,30.827,6.803,0.689,6.114,6.123,0.000,0.000,0.000,0.000,31.0,
17.11.2025,11:58:21.131,19.032,27.891,20.378,3.060,250.0,250.0,80.619,46.416,8.849,70.465,48.963,30.356,18.607,29.991,125.299,34.805,90.494,6.335,0.000,0.000,0.000,0.000,31.0,
17.11.2025,11:58:22.121,13.594,26.568,19.076,3.095,250.0,250.0,77.308,23.055,8.861,71.827,49.819,30.894,18.925,30.517,6.800,0.694,6.106,6.106,0.000,0.000,0.000,0.000,31.0,
17.11.2025,11:58:23.125,9.516,26.289,18.738,3.085,250.0,250.0,80.726,24.397,8.812,71.186,49.378,30.616,18.762,30.251,14.373,1.832,12.541,6.216,0.000,0.000,0.000,0.000,31.0,
17.11.2025,11:58:24.120,35.344,27.757,20.231,3.100,250.0,250.0,80.343,19.670,8.767,58.707,41.707,25.860,15.847,25.555,7.012,0.738,6.274,6.234,0.000,0.000,0.000,0.000,31.0,
17.11.2025,11:58:25.122,13.594,28.079,20.477,3.108,250.0,250.0,77.221,23.132,8.781,72.167,49.958,30.975,18.983,30.610,6.848,0.699,6.149,6.149,0.000,0.000,0.000,0.000,31.0,
17.11.2025,11:58:26.130,17.672,27.392,19.949,3.064,250.0,250.0,80.187,40.295,8.789,70.407,48.892,30.321,18.571,29.956,93.986,30.683,63.303,8.038,0.000,0.000,0.000,0.000,31.0,
17.11.2025,11:58:27.117,21.750,27.948,20.408,3.083,250.0,250.0,77.549,23.116,8.810,72.108,49.960,30.981,18.979,30.604,6.802,0.688,6.114,6.114,0.000,0.000,0.000,0.000,31.0,
17.11.2025,11:58:28.118,13.594,28.879,21.293,3.111,250.0,250.0,80.915,23.020,8.790,71.713,49.691,30.809,18.882,30.433,6.864,0.706,6.158,6.158,0.000,0.000,0.000,0.000,31.0,
17.11.2025,11:58:29.131,19.032,28.243,20.723,3.083,250.0,250.0,77.307,23.015,8.897,71.589,49.683,30.807,18.876,30.442,6.872,0.726,6.146,6.114,0.000,0.000,0.000,0.000,31.0,
17.11.2025,11:58:30.123,21.750,27.881,20.348,3.074,250.0,250.0,80.490,38.515,8.866,70.515,49.000,30.390,18.610,30.025,85.638,29.471,56.167,6.471,0.000,0.000,0.000,0.000,31.0,
17.11.2025,11:58:31.127,17.672,26.713,19.221,3.108,250.0,250.0,76.862,22.752,8.831,70.704,49.081,30.440,18.641,30.076,6.805,0.691,6.114,6.132,0.000,0.000,0.000,0.000,31.0,
17.11.2025,11:58:32.124,19.032,27.980,20.446,3.068,250.0,250.0,80.154,45.332,8.839,72.535,50.231,31.141,19.090,30.764,117.156,33.464,83.692,6.403,0.000,0.000,0.000,0.000,31.0,
17.11.2025,11:58:33.123,17.672,28.936,21.356,3.119,250.0,250.0,76.414,22.848,8.763,71.120,49.315,30.579,18.736,30.202,6.823,0.700,6.123,6.123,0.000,0.000,0.000,0.000,31.0,
17.11.2025,11:58:34.123,17.672,27.279,19.764,3.091,250.0,250.0,80.207,33.709,8.766,71.480,49.535,30.713,18.822,30.336,60.434,22.664,37.770,6.573,0.000,0.000,0.000,0.000,31.0,
17.11.2025,11:58:35.118,12.235,27.262,19.681,3.132,250.0,250.0,77.803,23.011,8.800,71.720,49.701,30.820,18.881,30.443,6.813,0.690,6.123,6.114,0.000,0.000,0.000,0.000,31.0,
17.11.2025,11:58:36.129,20.391,28.075,20.502,3.090,250.0,250.0,80.847,23.377,8.801,73.042,50.519,31.321,19.198,30.944,6.881,0.699,6.182,6.182,0.000,0.000,0.000,0.000,31.0,
17.11.2025,11:58:37.129,20.391,27.972,20.433,3.113,250.0,250.0,80.114,18.659,8.763,48.619,35.482,21.998,13.484,21.743,14.901,3.289,11.612,6.702,0.000,0.000,0.000,0.000,31.0,
17.11.2025,11:58:38.124,19.032,28.099,20.547,3.108,250.0,250.0,77.835,23.445,8.885,73.246,50.695,31.434,19.261,31.057,6.858,0.700,6.158,6.158,0.001,0.000,0.000,0.000,31.0,
17.11.2025,11:58:39.125,23.110,27.472,19.904,3.109,250.0,250.0,81.500,58.621,8.835,66.351,46.437,28.796,17.641,28.443,98.101,30.900,67.201,193.502,0.000,0.000,0.000,0.000,31.0,
17.11.2025,11:58:40.124,16.313,26.859,19.270,3.112,250.0,250.0,78.692,23.225,8.887,72.469,50.202,31.138,19.064,30.761,6.805,0.691,6.114,6.114,0.000,0.000,0.000,0.000,31.0,
17.11.2025,11:58:41.121,10.875,27.859,20.364,3.098,250.0,250.0,77.679,21.977,8.799,67.771,47.294,29.323,17.971,28.970,6.777,0.688,6.089,6.089,0.000,0.000,0.000,0.000,31.0,
17.11.2025,11:58:42.123,17.672,26.851,19.302,3.084,250.0,250.0,76.497,21.990,8.800,67.772,47.286,29.318,17.968,28.965,6.831,0.699,6.132,6.132,0.000,0.000,0.000,0.000,31.0,
17.11.2025,11:58:43.122,21.750,27.863,20.374,3.087,250.0,250.0,76.649,22.082,8.863,68.103,47.529,29.471,18.058,29.118,6.789,0.691,6.098,6.098,0.000,0.000,0.000,0.000,31.0,
17.11.2025,11:58:44.120,20.391,26.949,19.416,3.069,250.0,250.0,79.728,27.642,8.901,68.171,47.590,29.516,18.074,29.163,34.369,4.115,30.254,6.267,0.000,0.000,0.000,0.000,31.0,
17.11.2025,11:58:45.122,10.875,27.592,20.043,3.074,250.0,250.0,76.925,21.984,8.886,67.681,47.279,29.309,17.970,28.956,6.818,0.695,6.123,6.123,0.000,0.000,0.000,0.000,31.0,
17.11.2025,11:58:46.128,17.672,25.921,18.442,3.089,250.0,250.0,73.311,21.935,8.873,67.524,47.175,29.244,17.931,28.891,6.797,0.699,6.098,6.123,0.000,0.000,0.000,0.000,31.0,
17.11.2025,11:58:47.122,19.032,26.358,18.860,3.055,250.0,250.0,73.226,22.015,8.800,67.885,47.343,29.364,17.979,29.012,6.805,0.691,6.114,6.158,0.000,0.000,0.000,0.000,31.0,
17.11.2025,11:58:48.121,20.391,27.570,20.050,3.048,250.0,250.0,73.460,21.779,8.862,66.909,46.773,29.005,17.768,28.652,6.822,0.699,6.123,6.182,0.000,0.000,0.000,0.000,31.0,
17.11.2025,11:58:49.130,23.110,26.328,18.871,3.037,250.0,250.0,60.990,23.313,8.878,72.668,50.345,31.211,19.134,30.834,6.946,0.753,6.193,6.165,0.000,0.000,0.000,0.000,31.0,
17.11.2025,11:58:50.130,12.235,27.565,19.967,3.148,250.0,250.0,77.110,23.047,8.898,71.787,49.796,30.875,18.921,30.510,6.786,0.688,6.098,6.114,0.000,0.000,0.000,0.000,31.0,
17.11.2025,11:58:51.131,20.391,27.691,20.142,3.084,250.0,250.0,80.999,32.457,8.871,72.283,50.084,31.059,19.025,30.682,53.160,7.438,45.722,6.242,0.000,0.000,0.000,0.000,31.0,
17.11.2025,11:58:52.126,25.829,24.509,16.998,3.076,250.0,250.0,77.883,22.666,8.908,70.301,48.890,30.312,18.578,29.947,6.803,0.689,6.114,6.114,0.000,0.000,2.125,0.000,31.0,
17.11.2025,11:58:53.123,25.829,26.298,18.772,3.098,250.0,250.0,80.057,23.150,8.967,72.080,50.022,31.018,19.004,30.653,6.818,0.695,6.123,6.123,0.000,0.000,0.000,0.250,31.0,
17.11.2025,11:58:54.122,21.750,26.943,19.368,3.110,250.0,250.0,80.789,46.501,8.967,70.937,49.313,30.578,18.735,30.213,125.010,34.678,90.332,6.250,0.000,0.000,0.000,0.500,31.0,
17.11.2025,11:58:55.129,17.672,27.510,19.985,3.067,250.0,250.0,77.489,23.312,8.909,72.708,50.388,31.237,19.151,30.860,6.854,0.696,6.158,6.158,0.001,0.000,0.000,0.000,31.0,
17.11.2025,11:58:56.125,17.672,30.732,22.773,3.453,250.0,250.0,77.880,23.199,8.870,72.351,50.143,31.090,19.053,30.714,6.820,0.697,6.123,6.123,0.000,0.000,0.000,0.000,31.0,
17.11.2025,11:58:57.124,21.750,27.147,19.279,3.357,250.0,250.0,81.471,35.006,8.833,68.111,47.524,29.461,18.063,29.108,71.313,26.327,44.986,6.335,0.000,0.000,0.000,0.000,31.0,
17.11.2025,11:58:58.122,29.907,28.155,20.637,3.109,250.0,250.0,77.610,23.037,8.905,71.677,49.747,30.843,18.904,30.466,6.843,0.703,6.140,6.140,0.000,0.000,0.000,0.000,31.0,
17.11.2025,11:58:59.119,16.313,33.312,25.390,3.421,250.0,250.0,80.635,46.970,8.895,72.763,50.408,31.259,19.149,30.882,125.020,34.604,90.416,6.302,0.000,0.000,0.000,0.000,31.0,
17.11.2025,11:59:0.130,19.032,27.519,19.868,3.162,250.0,250.0,77.454,23.672,8.919,74.088,51.246,31.776,19.470,31.399,6.840,0.700,6.140,6.140,0.000,0.000,0.000,0.000,31.0,
17.11.2025,11:59:1.126,13.594,30.514,22.774,3.293,250.0,250.0,81.873,42.594,8.918,71.132,49.406,30.636,18.770,30.271,105.213,32.108,73.105,6.386,0.000,0.000,0.000,0.000,31.0,
17.11.2025,11:59:2.119,14.953,31.387,23.690,3.212,250.0,250.0,77.402,23.387,8.885,73.050,50.585,31.368,19.217,30.991,6.822,0.699,6.123,6.132,0.000,0.000,0.750,0.000,31.0,
17.11.2025,11:59:3.118,17.672,27.831,20.257,3.129,250.0,250.0,81.488,44.759,8.860,73.362,50.769,31.478,19.291,31.101,113.135,32.841,80.294,6.462,0.000,0.000,0.000,1.125,31.0,
17.11.2025,11:59:4.129,23.110,25.504,17.948,3.113,250.0,250.0,77.361,22.764,8.910,70.642,49.100,30.447,18.653,30.082,6.834,0.694,6.140,6.140,0.000,0.000,0.000,0.000,31.0,
17.11.2025,11:59:5.125,20.391,29.585,22.035,3.115,250.0,250.0,80.835,30.079,8.852,68.757,47.914,29.706,18.208,29.354,45.704,17.018,28.686,6.590,0.000,0.000,0.000,0.000,31.0,
17.11.2025,11:59:6.124,10.875,28.772,21.221,3.099,250.0,250.0,77.691,23.119,8.893,71.997,49.929,30.957,18.972,30.580,6.852,0.694,6.158,6.158,0.000,0.000,0.000,0.000,31.0,
17.11.2025,11:59:7.121,19.032,26.015,18.474,3.076,250.0,250.0,81.404,37.128,8.940,71.519,49.660,30.793,18.867,30.428,77.264,27.831,49.433,6.547,0.000,0.000,0.000,0.000,31.0,
17.11.2025,11:59:8.119,13.594,28.397,20.826,3.109,250.0,250.0,77.125,23.544,8.895,73.617,50.952,31.593,19.359,31.204,6.834,0.694,6.140,6.149,0.000,0.000,0.000,0.000,31.0,
17.11.2025,11:59:9.132,19.032,26.399,18.841,3.111,250.0,250.0,81.351,26.196,8.819,66.995,46.810,29.022,17.788,28.669,28.652,8.389,20.263,6.556,0.000,0.000,0.125,0.000,31.0,
17.11.2025,11:59:10.123,16.313,27.908,20.349,3.096,250.0,250.0,81.351,26.196,8.819,66.995,46.810,29.022,17.788,28.669,28.652,8.389,20.263,6.556,0.000,0.000,0.000,0.000,31.0,
17.11.2025,11:59:11.131,14.953,27.420,19.838,3.110,250.0,250.0,80.840,23.128,8.831,72.206,50.021,31.021,19.000,30.644,60.518,22.616,37.902,6.662,0.000,0.000,0.000,0.000,31.0,
17.11.2025,11:59:12.126,21.750,25.815,18.309,3.089,250.0,250.0,80.840,33.942,8.831,72.206,50.021,31.021,19.000,30.644,60.518,22.616,37.902,6.662,0.000,0.000,0.000,0.000,31.0,
17.11.2025,11:59:13.122,24.469,26.482,18.925,3.101,250.0,250.0,77.295,23.310,8.842,72.796,50.397,31.252,19.145,30.875,6.830,0.698,6.132,6.132,0.000,0.000,0.000,0.000,31.0,
17.11.2025,11:59:14.119,23.110,27.111,19.553,3.100,250.0,250.0,78.978,23.184,8.868,72.045,49.937,30.961,18.976,30.596,7.118,0.814,6.304,6.216,0.000,0.000,0.000,0.000,31.0,
17.11.2025,11:59:15.119,19.032,25.734,18.232,3.080,250.0,250.0,76.966,22.910,8.856,71.252,49.449,30.656,18.793,30.291,6.834,0.694,6.140,6.140,0.000,0.000,0.000,0.000,31.0,
17.11.2025,11:59:16.131,10.875,27.057,19.507,3.090,250.0,250.0,80.764,23.446,9.001,72.919,50.571,31.359,19.212,30.982,7.102,0.807,6.295,6.208,0.000,0.000,0.000,0.125,31.0,
17.11.2025,11:59:17.125,29.907,26.449,18.934,3.091,250.0,250.0,77.354,22.960,8.981,71.307,49.564,30.736,18.828,30.371,6.838,0.698,6.140,6.140,0.000,0.000,0.000,0.000,31.0,
17.11.2025,11:59:18.123,13.594,28.685,21.077,3.140,250.0,250.0,77.549,19.583,8.896,58.151,41.441,25.695,15.746,25.390,7.114,0.829,6.285,6.285,0.000,0.000,2.250,0.000,31.0,
17.11.2025,11:59:19.121,12.235,26.889,19.369,3.080,250.0,250.0,80.394,23.040,8.820,71.729,49.710,30.827,18.883,30.451,6.892,0.702,6.190,6.190,0.000,0.000,0.000,0.000,31.0,
17.11.2025,11:59:20.116,17.672,28.119,20.552,3.138,250.0,250.0,77.114,23.332,8.837,72.902,50.454,31.289,19.165,30.912,6.817,0.694,6.123,6.123,0.000,0.000,0.000,0.000,31.0,
17.11.2025,11:59:21.130,25.829,25.804,18.211,3.106,250.0,250.0,80.793,44.807,8.864,73.882,51.073,31.665,19.408,31.288,112.788,30.485,82.303,6.310,0.000,0.000,0.000,0.000,31.0,
17.11.2025,11:59:22.130,12.235,26.607,19.101,3.094,250.0,250.0,77.579,26.738,8.937,85.823,58.477,36.258,22.219,35.820,6.832,0.700,6.132,6.182,0.000,0.000,0.000,0.000,31.0,
17.11.2025,11:59:23.128,17.672,23.850,16.281,3.080,250.0,250.0,75.461,22.263,8.881,68.710,47.898,29.699,18.199,29.335,6.863,0.698,6.165,6.182,0.000,0.000,0.000,0.000,31.0,
17.11.2025,11:59:24.128,17.672,28.613,21.046,3.146,250.0,250.0,81.105,44.830,8.916,73.411,50.819,31.505,19.314,31.128,113.332,32.994,80.338,6.547,0.000,0.000,0.000,0.000,31.0,
17.11.2025,11:59:25.126,17.672,28.613,21.046,3.146,250.0,250.0,78.083,23.781,8.880,74.538,51.498,31.930,19.568,31.541,6.848,0.699,6.149,6.158,0.000,0.000,0.000,0.000,31.0,
17.11.2025,11:59:26.124,21.750,27.775,20.192,3.127,250.0,250.0,81.173,42.889,8.881,63.009,44.424,27.548,16.876,27.207,42.035,15.434,26.601,156.871,0.000,0.000,0.000,0.000,31.0,
17.11.2025,11:59:27.125,17.672,27.822,20.223,3.151,250.0,250.0,77.559,23.123,8.846,72.005,49.901,30.949,18.952,30.572,6.901,0.702,6.199,6.199,0.000,0.000,0.000,0.000,31.0,
17.11.2025,11:59:28.118,24.469,27.392,19.785,3.143,250.0,250.0,80.158,22.489,8.899,69.552,48.468,30.059,18.409,29.694,6.834,0.694,6.140,6.140,0.000,0.000,0.000,0.000,31.0,
17.11.2025,11:59:29.130,27.188,27.115,19.523,3.124,250.0,250.0,78.757,29.796,8.875,73.150,50.648,31.413,19.235,31.036,38.697,5.041,33.656,6.208,0.000,0.000,0.000,0.000,31.0,
17.11.2025,11:59:30.122,17.672,28.343,20.775,3.143,250.0,250.0,80.907,68.749,8.918,65.303,45.814,28.415,17.399,28.074,19.075,4.891,14.184,455.418,0.000,0.000,0.000,0.000,31.0,
17.11.2025,11:59:31.125,23.110,26.817,19.196,3.152,250.0,250.0,78.171,23.162,8.934,72.079,50.013,31.015,18.998,30.638,6.880,0.698,6.182,6.182,0.000,0.000,0.000,0.000,31.0,
17.11.2025,11:59:32.124,33.985,25.789,18.209,3.129,250.0,250.0,81.165,19.482,8.816,57.861,41.253,25.584,15.669,25.279,7.022,0.712,6.310,6.310,0.000,0.000,0.000,0.000,31.0,
17.11.2025,11:59:33.123,29.907,28.220,20.624,3.155,250.0,250.0,77.760,24.765,8.860,72.106,49.975,30.994,18.981,30.617,14.940,1.954,12.986,6.234,0.000,0.000,2.125,0.000,31.0,
17.11.2025,11:59:34.119,23.110,25.679,18.134,3.101,250.0,250.0,77.752,24.358,8.834,76.771,52.878,32.787,20.091,32.386,6.843,0.694,6.149,6.149,0.000,0.000,0.000,1.250,31.0,
17.11.2025,11:59:35.121,10.875,28.471,20.838,3.160,250.0,250.0,81.545,23.169,8.880,72.143,50.015,31.013,19.002,30.648,6.902,0.712,6.190,6.190,0.000,0.000,0.000,0.000,31.0,
17.11.2025,11:59:36.117,17.672,27.713,20.080,3.176,250.0,250.0,81.059,27.164,8.809,41.042,30.853,19.138,11.715,18.907,7.265,0.735,6.530,126.650,0.000,0.000,0.375,0.000,31.0,
17.11.2025,11:59:37.119,19.032,25.535,17.982,3.117,250.0,250.0,78.394,23.442,8.905,73.152,50.660,31.415,19.245,31.025,6.900,0.701,6.199,6.216,0.000,0.000,0.000,0.000,31.0,
17.11.2025,11:59:38.129,17.672,27.452,19.888,3.123,250.0,250.0,79.521,23.072,8.955,71.776,49.826,30.895,18.931,30.530,6.835,0.703,6.132,6.140,0.000,0.000,1.250,0.000,31.0,
17.11.2025,11:59:39.126,24.469,25.894,18.313,3.153,250.0,250.0,79.278,26.455,8.872,54.455,39.158,24.274,14.884,23.982,7.462,0.787,6.675,84.002,0.001,0.000,0.000,0.000,31.0,
17.11.2025,11:59:40.123,12.235,25.899,18.325,3.155,250.0,250.0,78.266,23.275,8.945,72.491,50.267,31.164,19.103,30.787,6.894,0.712,6.182,6.208,0.000,0.000,0.000,0.000,31.0,
17.11.2025,11:59:41.120,17.672,26.941,19.369,3.122,250.0,250.0,81.081,23.174,8.844,71.914,49.851,30.912,18.939,30.536,7.304,0.739,6.565,6.132,0.000,0.000,0.000,0.000,31.0,
17.11.2025,11:59:42.120,20.391,26.818,19.241,3.145,250.0,250.0,77.703,16.511,8.816,46.369,34.149,21.172,12.977,20.928,7.282,0.735,6.547,6.132,0.000,0.000,0.000,0.000,31.0,
17.11.2025,11:59:43.118,24.469,25.930,18.331,3.132,250.0,250.0,77.426,27.133,8.835,59.782,42.384,26.285,16.099,25.969,7.200,0.729,6.471,77.570,0.000,0.000,0.000,0.000,31.0,
17.11.2025,11:59:44.129,10.875,26.555,18.987,3.129,250.0,250.0,76.705,24.110,8.894,68.400,47.734,29.597,18.137,29.244,16.433,1.802,14.631,6.225,0.000,0.000,0.000,0.625,31.0,
17.11.2025,11:59:45.131,13.594,25.724,18.153,3.116,250.0,250.0,77.065,22.247,8.919,68.575,47.848,29.665,18.183,29.312,6.889,0.699,6.190,6.190,0.000,0.000,0.000,0.000,31.0,
17.11.2025,11:59:46.122,19.032,26.707,19.178,3.084,250.0,250.0,77.297,45.506,8.948,73.724,51.060,31.658,19.402,31.281,116.249,32.929,83.320,6.489,0.000,0.000,0.000,0.000,31.0,
17.11.2025,11:59:47.116,21.750,24.878,17.319,3.117,250.0,250.0,80.448,21.793,8.931,66.844,46.782,29.003,17.779,28.651,6.880,0.698,6.182,6.182,0.000,0.000,0.000,0.000,31.0,
17.11.2025,11:59:48.121,13.594,25.986,18.414,3.127,250.0,250.0,73.679,43.898,8.845,67.746,47.288,29.316,17.972,28.964,116.309,33.263,83.046,6.234,0.000,0.000,0.000,0.000,31.0,
17.11.2025,11:59:49.118,14.953,25.914,18.373,3.082,250.0,250.0,73.303,40.268,8.865,66.411,46.471,28.816,17.655,28.476,99.878,31.155,68.723,6.234,0.000,0.000,0.000,0.000,31.0,
17.11.2025,11:59:50.130,19.032,24.578,17.080,3.082,250.0,250.0,73.541,13.720,8.798,35.900,27.729,17.187,10.542,16.979,6.927,0.711,6.216,6.216,0.000,0.000,0.000,1.625,31.0,
17.11.2025,11:59:51.123,10.875,26.027,18.451,3.118,250.0,250.0,62.352,23.106,8.869,71.940,49.875,30.924,18.951,30.559,6.880,0.698,6.182,6.182,0.000,0.000,0.000,0.000,31.0,
17.11.2025,11:59:52.122,23.110,26.563,18.926,3.201,250.0,250.0,81.086,40.258,8.920,72.525,50.281,31.186,19.095,30.809,91.737,20.876,70.861,6.293,0.000,0.000,0.000,0.000,31.0,
17.11.2025,11:59:53.119,29.907,27.760,20.131,3.169,250.0,250.0,77.920,23.077,8.884,71.812,49.815,30.891,18.924,30.527,6.872,0.698,6.174,6.174,0.000,0.000,0.000,0.000,31.0,
17.11.2025,11:59:54.131,28.547,25.746,18.157,3.153,250.0,250.0,81.450,45.521,8.879,73.129,50.644,31.396,19.248,31.019,117.208,33.583,83.625,6.480,0.000,0.000,0.000,0.000,31.0,
17.11.2025,11:59:55.128,9.516,27.483,19.875,3.147,250.0,250.0,78.112,23.206,8.837,72.373,50.140,31.083,19.057,30.706,6.851,0.693,6.158,6.158,0.000,0.000,1.500,0.000,31.0,
17.11.2025,11:59:56.123,35.344,27.331,19.708,3.161,250.0,250.0,81.264,23.634,8.861,73.936,51.117,31.694,19.423,31.317,6.891,0.709,6.182,6.208,0.000,0.000,0.000,0.000,31.0,
17.11.2025,11:59:57.120,31.266,29.623,21.869,3.242,250.0,250.0,77.863,23.378,8.812,73.038,50.536,31.344,19.192,30.967,6.853,0.704,6.149,6.182,0.000,0.000,0.000,0.000,31.0,
17.11.2025,11:59:58.128,21.750,34.142,26.014,3.658,250.0,250.0,81.386,39.364,8.907,72.884,50.496,31.309,19.187,30.932,86.811,18.728,68.083,6.302,0.000,0.000,0.000,0.000,31.0,
17.11.2025,11:59:59.123,28.547,28.389,20.695,3.223,250.0,250.0,78.799,23.307,8.896,72.561,50.275,31.167,19.108,30.790,7.057,0.714,6.343,6.158,0.000,0.000,0.000,0.000,31.0,
17.11.2025,12:0:0.125,24.469,30.849,23.117,3.244,250.0,250.0,81.886,23.320,8.872,72.692,50.351,31.213,19.138,30.836,6.930,0.705,6.225,6.234,0.000,0.000,0.000,0.000,31.0,
17.11.2025,12:0:1.121,28.547,30.124,22.367,3.288,250.0,250.0,79.132,23.360,8.879,72.927,50.501,31.309,19.192,30.932,6.851,0.693,6.158,6.158,0.000,0.000,0.000,0.000,31.0,
17.11.2025,12:0:2.125,27.188,27.513,19.783,3.243,250.0,250.0,83.650,37.375,9.008,77.765,53.571,33.213,20.358,32.812,70.380,12.593,57.787,6.259,0.000,0.000,0.000,0.000,31.0,
17.11.2025,12:0:3.119,20.391,28.950,21.246,3.232,250.0,250.0,81.001,23.582,8.835,73.812,51.014,31.635,19.379,31.258,6.863,0.698,6.165,6.165,0.000,0.000,0.000,0.000,31.0,
17.11.2025,12:0:4.118,13.594,29.480,21.726,3.250,250.0,250.0,82.879,34.747,8.801,73.066,50.541,31.339,19.202,30.962,63.656,10.197,53.459,6.250,0.000,0.000,0.375,0.000,31.0,
17.11.2025,12:0:5.118,21.750,27.231,19.523,3.231,250.0,250.0,80.265,24.109,8.801,75.811,52.262,32.408,19.854,32.007,6.880,0.698,6.182,6.182,0.000,0.000,2.125,0.000,31.0,
17.11.2025,12:0:6.119,12.235,28.666,21.063,3.178,250.0,250.0,83.170,38.812,8.862,75.165,51.885,32.169,19.716,31.780,81.152,17.080,64.072,6.234,0.000,0.000,0.000,0.000,31.0,
17.11.2025,12:0:7.117,27.188,26.216,18.561,3.194,250.0,250.0,79.370,23.452,8.822,73.309,50.694,31.438,19.256,31.061,6.883,0.709,6.174,6.174,0.000,0.000,0.000,0.000,31.0,
17.11.2025,12:0:8.117,13.594,25.520,17.869,3.172,250.0,250.0,82.458,39.924,8.848,73.041,50.541,31.344,19.197,30.967,89.515,29.901,59.614,6.276,0.000,0.000,0.000,0.000,31.0,
17.11.2025,12:0:9.122,21.750,26.889,19.266,3.169,250.0,250.0,79.482,23.673,8.857,74.087,51.204,31.753,19.451,31.376,6.900,0.701,6.199,6.199,0.000,0.000,0.000,0.000,31.0,
17.11.2025,12:0:10.118,9.516,27.414,19.775,3.145,250.0,250.0,82.586,18.477,8.822,50.977,36.988,22.941,14.047,22.660,7.214,0.751,6.463,13.902,0.000,0.000,0.000,0.000,31.0,
17.11.2025,12:0:11.118,14.953,28.595,21.024,3.152,250.0,250.0,79.283,23.988,8.821,75.302,51.932,32.202,19.730,31.813,6.933,0.717,6.216,6.216,0.000,0.000,0.000,0.000,31.0,
17.11.2025,12:0:12.125,21.750,28.543,20.979,3.083,250.0,250.0,83.435,37.920,8.772,71.399,49.496,30.692,18.804,30.315,81.637,28.793,52.844,6.446,0.000,0.000,0.000,0.000,31.0,
17.11.2025,12:0:13.121,17.672,29.153,21.579,3.147,250.0,250.0,80.482,24.020,8.862,75.331,51.962,32.230,19.732,31.841,7.007,0.789,6.218,6.225,0.000,0.000,0.000,0.000,31.0,
17.11.2025,12:0:14.116,17.672,28.218,20.534,3.168,250.0,250.0,78.712,23.687,8.784,74.197,51.237,31.776,19.461,31.387,6.921,0.747,6.174,6.182,0.000,0.000,0.000,0.000,31.0,
17.11.2025,12:0:15.124,12.235,25.181,17.680,3.092,250.0,250.0,82.560,37.286,8.846,72.557,50.248,31.160,19.088,30.783,76.915,15.199,61.716,6.352,0.000,0.000,0.000,0.000,31.0,
17.11.2025,12:0:16.119,19.032,26.079,18.510,3.109,250.0,250.0,79.501,23.214,8.861,72.292,50.097,31.067,19.030,30.690,6.942,0.751,6.191,6.216,0.001,0.000,0.000,0.000,31.0,
17.11.2025,12:0:17.123,24.469,28.867,21.310,3.116,250.0,250.0,82.542,40.454,8.797,68.459,47.694,29.572,18.122,29.219,97.531,32.619,64.912,7.612,0.000,0.000,0.000,2.375,31.0,
17.11.2025,12:0:18.124,21.750,30.137,22.576,3.091,250.0,250.0,80.503,23.716,8.798,74.278,51.278,31.795,19.483,31.418,6.949,0.750,6.199,6.216,0.001,0.000,0.000,0.000,31.0,
17.11.2025,12:0:19.124,17.672,28.967,21.260,3.200,250.0,250.0,82.511,46.712,8.810,71.555,49.611,30.768,18.843,30.391,125.288,34.775,90.513,6.565,0.000,0.000,0.000,0.000,31.0,
17.11.2025,12:0:20.123,25.829,26.492,19.014,3.066,250.0,250.0,78.229,23.446,8.803,73.290,50.659,31.414,19.245,31.037,6.898,0.699,6.199,6.216,0.000,0.000,0.000,0.000,31.0,
17.11.2025,12:0:21.123,20.391,27.512,20.009,3.038,250.0,250.0,82.470,44.567,8.872,74.169,51.262,31.784,19.478,31.407,111.147,29.949,81.198,6.403,0.000,0.000,0.000,0.000,31.0,
17.11.2025,12:0:22.124,17.672,27.295,19.840,3.032,250.0,250.0,80.474,23.537,8.859,73.485,50.825,31.521,19.304,31.144,6.999,0.779,6.220,6.234,0.000,0.000,0.000,0.000,31.0,
17.11.2025,12:0:23.118,14.953,26.464,18.968,3.039,250.0,250.0,82.143,46.990,8.990,72.476,50.276,31.179,19.097,30.802,125.278,34.805,90.473,6.522,0.000,0.000,0.000,0.000,31.0,
17.11.2025,12:0:24.124,10.875,26.008,18.560,3.031,250.0,250.0,78.877,23.800,8.908,74.496,51.476,31.919,19.557,31.530,6.947,0.765,6.182,6.216,0.000,0.000,0.000,0.000,31.0,
17.11.2025,12:0:25.117,8.156,25.258,17.778,3.042,250.0,250.0,82.660,35.244,8.978,72.399,50.226,31.142,19.084,30.766,66.745,11.637,55.108,6.352,0.000,0.000,0.000,0.000,31.0,
17.11.2025,12:0:26.124,17.672,26.316,18.817,3.024,250.0,250.0,82.345,34.393,8.835,64.730,45.431,28.171,17.260,27.831,22.897,5.903,16.994,105.878,0.000,0.000,0.000,0.000,31.0,
17.11.2025,12:0:27.124,23.110,25.525,18.082,3.040,250.0,250.0,79.117,24.188,8.811,75.939,52.326,32.448,19.878,32.047,7.095,0.807,6.288,6.242,0.000,0.000,0.000,0.000,31.0,
17.11.2025,12:0:28.125,10.875,27.349,19.853,3.029,250.0,250.0,83.276,41.731,8.849,74.458,51.423,31.882,19.541,31.505,96.652,23.522,73.130,6.352,0.000,0.000,0.000,0.000,31.0,
17.11.2025,12:0:29.123,17.672,26.712,19.261,3.058,250.0,250.0,79.568,23.504,8.860,73.456,50.813,31.505,19.308,31.128,6.888,0.698,6.190,6.190,0.000,0.000,0.000,0.000,31.0,
17.11.2025,12:0:30.124,23.110,24.237,16.721,3.076,250.0,250.0,83.158,23.764,8.868,74.223,51.303,31.808,19.495,31.419,7.131,0.822,6.309,6.259,0.000,0.000,0.000,0.000,31.0,
17.11.2025,12:0:31.124,12.235,27.088,19.548,3.090,250.0,250.0,79.196,23.777,8.893,74.413,51.415,31.882,19.533,31.505,6.960,0.748,6.212,6.208,0.000,0.000,0.000,0.000,31.0,
17.11.2025,12:0:32.124,10.875,26.200,18.638,3.078,250.0,250.0,81.038,23.629,8.930,73.758,51.052,31.655,19.397,31.278,6.992,0.754,6.238,6.234,0.001,0.000,0.000,0.000,31.0,
17.11.2025,12:0:33.124,10.875,27.755,20.202,3.084,250.0,250.0,82.980,44.220,8.832,74.137,51.225,31.764,19.461,31.375,109.521,29.609,79.912,6.361,0.000,0.000,0.000,0.000,31.0,
17.11.2025,12:0:34.123,19.032,27.481,20.001,3.069,250.0,250.0,80.697,23.401,8.845,73.104,50.573,31.362,19.211,30.973,6.878,0.696,6.182,6.182,0.000,0.000,0.000,0.000,31.0,
17.11.2025,12:0:35.124,10.875,26.958,19.414,3.092,250.0,250.0,81.839,23.562,8.819,73.627,50.876,31.549,19.327,31.172,7.009,0.771,6.238,6.234,0.000,0.000,0.000,0.000,31.0,
17.11.2025,12:0:36.124,19.032,27.122,19.603,3.065,250.0,250.0,82.186,15.027,8.786,40.735,30.678,19.029,11.649,18.797,7.209,0.729,6.480,6.182,0.000,0.000,0.000,0.000,31.0,
17.11.2025,12:0:37.134,23.110,25.417,17.961,3.040,250.0,250.0,82.186,15.027,8.786,40.735,30.678,19.029,11.649,18.797,7.209,0.729,6.480,6.182,0.000,0.000,0.000,0.000,31.0,
17.11.2025,12:0:38.135,25.829,27.162,19.714,2.998,250.0,250.0,78.549,13.814,8.792,36.261,27.954,17.329,10.625,17.122,6.922,0.706,6.216,6.216,0.000,0.000,0.000,0.000,31.0,
17.11.2025,12:0:39.138,13.594,25.225,17.725,3.047,250.0,250.0,82.505,24.152,8.871,51.371,37.241,23.090,14.151,22.822,7.230,0.733,6.497,69.510,0.000,0.000,0.000,0.000,31.0,
17.11.2025,12:0:40.135,20.391,25.575,18.124,2.998,250.0,250.0,75.331,23.756,8.857,74.334,51.352,31.845,19.507,31.456,7.005,0.806,6.199,6.199,0.000,0.000,0.000,0.000,31.0,
17.11.2025,12:0:41.149,13.594,26.484,19.002,3.040,250.0,250.0,82.431,23.604,8.834,73.790,51.011,31.632,19.379,31.243,6.958,0.724,6.234,6.234,0.000,0.000,0.000,0.000,31.0,
17.11.2025,12:0:42.155,14.953,25.744,18.302,3.024,250.0,250.0,82.795,47.008,8.835,72.616,50.273,31.165,19.108,30.788,125.470,34.844,90.626,6.352,0.000,0.000,0.000,0.000,31.0,
17.11.2025,12:0:43.149,13.594,27.692,20.210,3.053,250.0,250.0,79.271,24.032,8.810,75.416,52.011,32.242,19.769,31.853,6.998,0.769,6.229,6.225,0.000,0.000,0.000,0.000,31.0,
17.11.2025,12:0:44.151,14.953,25.418,17.983,2.975,250.0,250.0,79.182,21.928,8.819,67.469,47.103,29.205,17.898,28.852,6.878,0.696,6.182,6.182,0.000,0.000,0.000,0.000,31.0,
17.11.2025,12:0:45.150,17.672,26.905,19.501,2.989,250.0,250.0,76.796,22.257,8.882,68.647,47.874,29.690,18.184,29.325,6.888,0.698,6.190,6.190,0.000,0.000,0.000,0.000,31.0,
17.11.2025,12:0:46.154,17.672,25.528,18.090,3.005,250.0,250.0,80.706,22.539,8.856,69.707,48.500,30.080,18.420,29.716,6.939,0.705,6.234,6.234,0.000,0.000,0.000,0.000,31.0,
17.11.2025,12:0:47.154,17.672,25.074,17.658,3.021,250.0,250.0,80.468,42.052,8.918,71.160,49.452,30.668,18.784,30.303,102.291,31.245,71.046,6.650,0.000,0.000,0.000,0.000,31.0,
17.11.2025,12:0:48.148,20.391,24.180,16.787,2.964,250.0,250.0,77.634,22.187,8.879,68.305,47.659,29.551,18.108,29.199,6.957,0.707,6.250,6.250,0.000,0.000,0.000,0.000,31.0,
17.11.2025,12:0:49.149,27.188,25.413,17.967,2.990,250.0,250.0,74.056,33.115,8.866,44.957,33.296,20.650,12.646,20.407,30.202,9.159,21.043,129.924,0.000,0.000,0.000,0.000,31.0,
17.11.2025,12:0:50.154,19.032,26.601,19.117,3.054,250.0,250.0,70.689,22.250,8.818,68.727,47.874,29.687,18.187,29.334,6.846,0.697,6.149,6.182,0.000,0.000,0.000,0.000,31.0,
17.11.2025,12:0:51.155,14.953,26.601,19.117,3.054,250.0,250.0,73.595,22.652,8.785,70.285,48.814,30.273,18.541,29.909,6.863,0.698,6.165,6.182,0.000,0.000,0.000,0.375,31.0,
17.11.2025,12:0:52.155,20.391,26.342,18.793,3.114,250.0,250.0,63.413,23.823,8.785,74.704,51.542,31.963,19.579,31.574,6.924,0.749,6.175,6.234,0.000,0.000,0.000,0.000,31.0,
17.11.2025,12:0:53.154,17.672,26.500,19.068,3.038,250.0,250.0,78.798,23.753,8.845,74.422,51.411,31.875,19.536,31.486,6.880,0.698,6.182,6.190,0.000,0.000,0.000,0.000,31.0,
17.11.2025,12:0:54.155,16.313,26.992,19.477,3.074,250.0,250.0,82.767,23.692,8.830,73.978,51.104,31.692,19.412,31.303,7.146,0.849,6.297,6.310,0.000,0.000,0.000,0.000,31.0,
17.11.2025,12:0:55.155,10.875,27.474,19.979,3.046,250.0,250.0,81.966,82.741,8.795,71.667,49.683,30.804,18.879,30.440,78.991,28.202,50.789,459.159,0.000,0.000,0.000,0.000,31.0,
17.11.2025,12:0:56.154,13.594,25.736,18.255,3.048,250.0,250.0,79.958,24.206,8.811,76.052,52.407,32.490,19.917,32.100,7.018,0.759,6.259,6.250,0.000,0.000,0.000,0.000,31.0,
17.11.2025,12:0:57.155,21.750,25.736,18.255,3.048,250.0,250.0,82.809,23.778,8.796,74.423,51.384,31.862,19.522,31.473,7.013,0.759,6.254,6.293,0.000,0.000,0.000,2.375,31.0,
17.11.2025,12:0:58.155,21.750,25.736,18.255,3.048,250.0,250.0,78.910,23.574,8.823,73.665,50.921,31.569,19.352,31.192,6.983,0.766,6.217,6.250,0.000,0.000,0.000,1.250,31.0,
17.11.2025,12:0:59.155,12.235,29.539,21.583,3.452,250.0,250.0,78.773,23.691,8.807,74.186,51.241,31.770,19.471,31.381,6.909,0.701,6.208,6.234,0.000,0.000,0.000,0.000,31.0,
17.11.2025,12:1:0.154,20.391,26.281,18.785,3.082,250.0,250.0,78.532,23.714,8.806,74.264,51.278,31.792,19.486,31.404,6.949,0.749,6.200,6.216,0.000,0.000,0.000,0.000,31.0,
17.11.2025,12:1:1.147,19.032,26.281,18.785,3.082,250.0,250.0,81.913,23.581,8.857,73.403,50.777,31.490,19.287,31.101,7.293,0.892,6.401,6.310,0.000,0.000,0.000,0.000,31.0,
17.11.2025,12:1:2.148,23.110,28.125,20.619,3.059,250.0,250.0,78.674,23.686,8.821,74.151,51.225,31.763,19.462,31.374,6.923,0.707,6.216,6.216,0.000,0.000,0.000,0.000,31.0,
17.11.2025,12:1:3.156,20.391,27.448,19.853,3.108,250.0,250.0,81.531,36.067,8.860,71.584,49.649,30.781,18.868,30.416,72.082,12.888,59.194,6.352,0.000,0.000,0.000,0.000,31.0,
17.11.2025,12:1:4.155,12.235,25.968,18.509,3.058,250.0,250.0,78.170,23.126,8.833,71.988,49.890,30.931,18.959,30.554,6.937,0.703,6.234,6.234,0.000,0.000,0.000,1.625,31.0,
17.11.2025,12:1:5.150,21.750,27.320,19.763,3.069,250.0,250.0,81.844,47.103,8.784,73.005,50.489,31.310,19.179,30.933,125.444,34.794,90.650,6.446,0.000,0.000,0.000,0.000,31.0,
17.11.2025,12:1:6.161,31.266,25.979,18.445,3.085,250.0,250.0,79.724,23.008,8.808,71.576,49.618,30.765,18.853,30.401,6.923,0.707,6.216,6.216,0.000,0.000,0.000,0.000,31.0,
17.11.2025,12:1:7.158,19.032,31.488,23.869,3.191,250.0,250.0,80.855,23.211,8.857,72.206,50.029,31.019,19.010,30.654,7.017,0.715,6.302,6.302,0.000,0.000,0.000,0.000,31.0,
17.11.2025,12:1:8.156,23.110,26.457,18.965,3.053,250.0,250.0,77.589,23.018,8.854,71.587,49.651,30.792,18.859,30.415,6.906,0.698,6.208,6.208,0.000,0.000,0.000,0.000,31.0,
17.11.2025,12:1:9.171,16.313,26.861,19.277,3.122,250.0,250.0,80.650,23.102,8.867,71.821,49.794,30.875,18.919,30.511,6.977,0.710,6.267,6.276,0.000,0.000,0.000,0.000,31.0,
17.11.2025,12:1:10.169,19.032,26.758,19.258,3.077,250.0,250.0,81.205,19.141,8.856,48.915,35.720,22.145,13.575,21.877,7.350,0.743,6.607,25.626,0.000,0.000,0.000,0.000,31.0,
17.11.2025,12:1:11.167,21.750,27.147,19.625,3.071,250.0,250.0,78.650,46.954,8.919,72.554,50.289,31.187,19.102,30.810,125.145,34.792,90.353,6.394,0.000,0.000,0.000,0.000,31.0,
17.11.2025,12:1:12.164,19.032,25.616,18.121,3.079,250.0,250.0,79.283,23.915,8.849,74.943,51.738,32.084,19.654,31.695,6.988,0.739,6.249,6.216,0.000,0.000,0.000,0.000,31.0,
17.11.2025,12:1:13.177,17.672,28.707,21.172,3.098,250.0,250.0,82.637,26.180,8.848,74.538,51.490,31.923,19.567,31.533,18.793,2.629,16.164,6.318,0.000,0.000,0.000,0.000,31.0,
17.11.2025,12:1:14.177,17.672,29.247,21.574,3.212,250.0,250.0,80.751,23.669,8.847,73.892,51.080,31.674,19.406,31.298,7.128,0.880,6.248,6.234,0.000,0.000,0.000,0.000,31.0,
17.11.2025,12:1:15.170,17.672,29.015,21.346,3.168,250.0,250.0,82.325,20.182,8.811,60.351,42.748,26.506,16.242,26.189,7.387,0.745,6.642,6.199,0.000,0.000,0.000,0.000,31.0,
17.11.2025,12:1:16.171,21.750,28.153,20.546,3.151,250.0,250.0,78.613,23.166,8.846,72.110,49.973,30.986,18.987,30.609,6.949,0.715,6.234,6.250,0.000,0.000,0.000,0.000,31.0,
17.11.2025,12:1:17.174,25.829,28.529,20.946,3.121,250.0,250.0,80.765,18.499,8.784,53.533,38.511,23.881,14.630,23.601,7.369,0.745,6.624,7.310,0.000,0.000,0.000,0.000,31.0,
17.11.2025,12:1:18.172,13.594,25.017,17.547,3.065,250.0,250.0,78.707,23.130,8.832,71.974,49.886,30.931,18.955,30.567,6.958,0.716,6.242,6.242,0.000,0.000,0.000,1.125,31.0,
17.11.2025,12:1:19.173,19.032,28.871,21.228,3.149,250.0,250.0,80.385,18.122,8.825,52.435,37.883,23.493,14.390,23.213,7.238,0.733,6.505,6.505,0.000,0.000,0.000,0.000,31.0,
17.11.2025,12:1:20.170,23.110,27.102,19.669,3.009,250.0,250.0,77.986,38.594,8.920,72.159,50.039,31.025,19.014,30.649,83.926,17.716,66.210,6.285,0.000,0.000,0.000,0.000,31.0,
17.11.2025,12:1:21.168,21.750,26.537,19.074,3.084,250.0,250.0,78.062,24.140,8.803,75.773,52.232,32.380,19.852,31.991,7.065,0.810,6.255,6.242,0.000,0.000,0.000,0.000,31.0,
17.11.2025,12:1:22.172,21.750,26.520,18.999,3.057,250.0,250.0,81.301,39.019,8.859,72.879,50.452,31.292,19.160,30.915,85.149,17.968,67.181,6.335,0.000,0.000,0.000,0.000,31.0,
17.11.2025,12:1:23.171,17.672,25.491,17.966,3.082,250.0,250.0,76.883,22.964,8.830,71.402,49.511,30.703,18.808,30.338,6.918,0.702,6.216,6.216,0.000,0.000,0.000,0.000,31.0,
17.11.2025,12:1:24.176,14.953,25.087,17.639,3.031,250.0,250.0,76.975,46.777,8.847,71.947,49.873,30.931,18.942,30.554,125.147,34.698,90.449,6.386,0.000,0.000,0.125,0.000,31.0,
17.11.2025,12:1:25.172,19.032,26.102,18.617,3.062,250.0,250.0,77.994,22.656,8.859,70.200,48.794,30.256,18.538,29.892,6.906,0.698,6.208,6.208,0.000,0.000,0.000,1.250,31.0,
17.11.2025,12:1:26.173,21.750,25.724,18.219,3.044,250.0,250.0,76.644,45.176,8.858,71.891,49.824,30.891,18.933,30.527,117.242,33.496,83.746,6.352,0.000,0.000,0.000,0.000,31.0,
17.11.2025,12:1:27.180,14.953,25.907,18.402,3.067,250.0,250.0,76.012,23.064,8.860,71.692,49.733,30.837,18.896,30.460,6.954,0.704,6.250,6.250,0.000,0.000,0.000,0.000,31.0,
17.11.2025,12:1:28.181,27.188,27.302,19.797,3.059,250.0,250.0,80.987,22.874,8.814,71.019,49.299,30.563,18.736,30.198,6.937,0.703,6.234,6.234,0.000,0.000,0.000,0.000,31.0,
17.11.2025,12:1:29.180,17.672,25.597,18.074,3.099,250.0,250.0,78.689,24.472,8.870,76.955,52.973,32.849,20.124,32.448,7.119,0.849,6.270,6.267,0.000,0.000,0.000,0.000,31.0,
17.11.2025,12:1:30.193,10.875,26.555,18.952,3.165,250.0,250.0,83.279,14.749,8.784,39.295,29.780,18.463,11.317,18.243,7.454,0.754,6.700,6.700,0.000,0.000,0.000,0.000,31.0,
17.11.2025,12:1:31.180,27.188,26.415,18.825,3.107,250.0,250.0,79.302,22.919,8.853,71.138,49.372,30.615,18.757,30.238,6.975,0.708,6.267,6.267,0.000,0.000,0.000,0.000,31.0,
17.11.2025,12:1:32.186,12.235,27.935,20.326,3.166,250.0,250.0,81.655,33.990,8.879,72.903,50.495,31.313,19.182,30.924,59.952,8.795,51.157,6.302,0.000,0.000,0.000,0.000,31.0,
17.11.2025,12:1:33.180,10.875,25.926,18.377,3.085,250.0,250.0,82.053,23.143,8.880,72.022,49.930,30.957,18.973,30.593,6.927,0.702,6.225,6.225,0.000,0.000,0.000,0.000,31.0,
17.11.2025,12:1:34.179,20.391,27.020,19.386,3.161,250.0,250.0,79.044,39.888,8.883,75.579,52.141,32.325,19.816,31.936,85.937,18.161,67.776,6.327,0.000,0.000,0.000,0.000,31.0,
17.11.2025,12:1:35.188,13.594,28.215,20.555,3.184,250.0,250.0,82.852,23.124,8.860,71.963,49.887,30.932,18.955,30.567,6.927,0.702,6.225,6.225,0.000,0.000,0.000,0.000,31.0,
17.11.2025,12:1:36.186,27.188,29.212,21.586,3.151,250.0,250.0,77.934,24.911,8.799,48.734,35.572,22.054,13.518,21.798,17.518,4.560,12.958,63.601,0.000,0.000,0.000,0.000,31.0,
17.11.2025,12:1:37.187,17.672,27.125,19.507,3.170,250.0,250.0,78.301,23.202,8.816,72.282,50.046,31.030,19.016,30.665,6.955,0.705,6.250,6.259,0.000,0.000,0.000,0.000,31.0,
17.11.2025,12:1:38.187,28.547,25.897,18.390,3.045,250.0,250.0,81.946,23.857,8.864,74.761,51.614,32.002,19.612,31.625,6.929,0.704,6.225,6.234,0.000,0.000,0.000,0.000,31.0,
17.11.2025,12:1:39.179,29.907,29.220,21.546,3.177,250.0,250.0,81.887,25.395,9.014,75.442,52.335,32.452,19.883,32.061,11.356,1.023,10.333,10.052,0.000,0.000,0.000,0.375,31.0,
17.11.2025,12:1:40.183,13.594,52.547,44.242,3.735,250.0,250.0,106.914,31.086,9.092,97.425,65.822,40.817,25.005,40.318,11.103,0.981,10.122,10.172,0.000,0.000,0.000,0.000,31.0,
17.11.2025,12:1:41.187,20.391,31.983,24.260,3.208,250.0,250.0,104.596,31.797,9.169,100.119,67.539,41.880,25.659,41.380,11.064,0.983,10.081,10.092,0.000,0.000,0.000,0.000,31.0,
17.11.2025,12:1:42.185,20.391,29.391,21.778,3.139,250.0,250.0,97.858,38.103,9.037,77.138,53.207,32.993,20.214,32.603,74.418,13.755,60.663,7.007,0.000,0.000,0.000,0.000,31.0,
17.11.2025,12:1:43.186,33.985,29.614,21.957,3.159,250.0,250.0,81.312,25.130,8.933,78.997,54.271,33.656,20.615,33.255,7.461,0.851,6.610,6.653,0.000,0.000,0.000,0.000,31.0,
17.11.2025,12:1:44.185,28.547,39.741,31.772,3.380,250.0,250.0,98.505,31.076,9.166,97.379,65.841,40.829,25.012,40.342,11.057,0.976,10.081,10.072,0.000,0.000,0.000,0.000,31.0,
17.11.2025,12:1:45.186,16.313,26.223,18.736,3.054,250.0,250.0,105.479,49.920,9.102,93.919,63.678,39.485,24.193,39.011,109.771,30.856,78.915,10.273,0.000,0.000,0.000,0.500,31.0,
17.11.2025,12:1:46.184,27.188,27.508,19.924,3.126,250.0,250.0,92.521,26.229,9.090,72.097,50.157,31.097,19.060,30.719,21.616,2.336,19.280,6.841,0.000,0.000,0.000,0.000,31.0,
17.11.2025,12:1:47.186,19.032,27.508,19.924,3.126,250.0,250.0,80.124,23.249,8.946,71.909,49.936,30.966,18.970,30.589,7.298,0.720,6.578,6.578,0.000,0.000,0.000,0.000,31.0,
17.11.2025,12:1:48.180,13.594,28.266,20.681,3.167,250.0,250.0,80.977,22.619,9.055,69.743,48.650,30.171,18.479,29.806,7.000,0.715,6.285,6.285,0.000,0.000,0.000,0.000,31.0,
17.11.2025,12:1:49.188,19.032,27.804,20.180,3.151,250.0,250.0,79.510,22.732,8.885,70.367,48.946,30.344,18.602,29.979,6.967,0.708,6.259,6.259,0.000,0.000,0.000,0.000,31.0,
17.11.2025,12:1:50.193,23.110,32.999,25.118,3.371,250.0,250.0,77.141,25.731,8.872,81.627,55.903,34.661,21.242,34.247,7.224,0.896,6.328,6.310,0.000,0.000,0.000,0.000,31.0,
17.11.2025,12:1:51.193,17.672,31.827,24.091,3.231,250.0,250.0,98.503,38.380,9.012,90.224,61.353,38.041,23.312,37.578,56.969,20.678,36.291,10.342,0.000,0.000,0.000,0.000,31.0,
17.11.2025,12:1:52.187,12.235,27.780,20.153,3.157,250.0,250.0,101.527,34.454,9.066,80.744,55.562,34.461,21.101,34.047,11.708,1.245,10.463,86.141,0.000,0.000,0.000,0.000,31.0,
17.11.2025,12:1:53.185,14.953,27.229,19.537,3.220,250.0,250.0,78.957,23.517,8.965,72.939,50.554,31.348,19.206,30.959,7.304,0.711,6.593,6.593,0.000,0.000,0.000,0.000,31.0,
17.11.2025,12:1:54.186,14.953,26.631,19.077,3.084,250.0,250.0,79.786,34.620,9.091,109.116,72.903,45.202,27.701,44.655,15.446,2.039,13.407,6.638,0.000,0.000,0.000,0.000,31.0,
17.11.2025,12:1:55.186,21.750,25.355,17.839,3.099,250.0,250.0,81.671,23.547,8.979,73.383,50.835,31.527,19.308,31.150,7.000,0.715,6.285,6.285,0.000,0.000,0.000,0.000,31.0,
17.11.2025,12:1:56.186,20.391,27.768,20.302,3.037,250.0,250.0,79.055,21.816,8.968,66.629,46.711,28.961,17.750,28.620,7.079,0.718,6.361,6.361,0.000,0.000,0.000,0.000,31.0,
17.11.2025,12:1:57.186,23.110,27.768,20.302,3.037,250.0,250.0,79.627,25.034,8.892,78.915,54.205,33.614,20.591,33.201,7.279,0.830,6.449,6.361,0.000,0.000,0.000,0.000,31.0,
17.11.2025,12:1:58.184,13.594,29.685,21.997,3.167,250.0,250.0,80.639,23.505,8.879,73.150,50.638,31.397,19.241,31.020,7.218,0.925,6.293,6.293,0.000,0.000,0.000,0.000,31.0,
17.11.2025,12:1:59.179,19.032,31.384,23.432,3.507,250.0,250.0,82.308,22.527,8.849,69.215,48.227,29.900,18.327,29.547,7.464,0.746,6.718,6.276,0.000,0.000,0.000,0.000,31.0,
17.11.2025,12:2:0.186,12.235,29.739,21.706,3.478,250.0,250.0,80.721,34.805,8.882,73.099,50.582,31.360,19.222,30.983,63.752,10.053,53.699,6.420,0.000,0.000,0.000,0.000,31.0,
17.11.2025,12:2:1.179,20.391,27.601,19.946,3.153,250.0,250.0,79.943,23.202,8.894,72.152,50.014,31.017,18.997,30.641,7.004,0.719,6.285,6.302,0.000,0.000,0.000,0.000,31.0,
17.11.2025,12:2:2.181,19.032,26.631,19.134,3.095,250.0,250.0,82.326,26.424,8.883,71.755,49.788,30.877,18.911,30.500,23.582,3.156,20.426,6.361,0.000,0.000,0.000,0.000,31.0,
17.11.2025,12:2:3.181,12.235,29.737,22.029,3.196,250.0,250.0,80.067,23.750,8.919,74.255,51.325,31.830,19.495,31.441,6.984,0.708,6.276,6.267,0.000,0.000,0.250,0.000,31.0,
17.11.2025,12:2:4.186,16.313,28.096,20.491,3.166,250.0,250.0,83.565,25.657,8.917,75.301,52.008,32.255,19.753,31.866,15.046,1.958,13.088,6.378,0.000,0.000,0.000,0.000,31.0,
17.11.2025,12:2:5.186,17.672,29.149,21.488,3.190,250.0,250.0,80.362,23.780,8.908,74.313,51.360,31.850,19.510,31.461,7.033,0.723,6.310,6.335,0.000,0.000,0.000,0.000,31.0,
17.11.2025,12:2:6.179,17.672,25.450,17.900,3.095,250.0,250.0,82.333,23.576,8.851,73.609,50.916,31.576,19.340,31.187,7.012,0.749,6.263,6.259,0.000,0.000,0.000,0.000,31.0,
17.11.2025,12:2:7.180,12.235,25.923,18.376,3.083,250.0,250.0,78.718,47.500,8.873,74.541,51.503,31.936,19.567,31.547,125.313,34.701,90.612,6.403,0.000,0.000,0.000,2.250,31.0,
17.11.2025,12:2:8.178,20.391,25.549,18.068,3.073,250.0,250.0,78.067,23.457,8.883,73.135,50.622,31.390,19.232,31.013,7.003,0.718,6.285,6.285,0.000,0.000,0.500,0.000,31.0,
17.11.2025,12:2:9.181,19.032,26.103,18.515,3.107,250.0,250.0,81.335,15.799,8.873,43.354,32.349,20.061,12.288,19.817,7.330,0.740,6.590,6.590,0.000,0.000,0.500,0.000,31.0,
17.11.2025,12:2:10.180,20.391,25.596,18.036,3.144,250.0,250.0,78.839,23.387,8.894,72.800,50.426,31.275,19.151,30.898,7.051,0.724,6.327,6.327,0.000,0.000,0.125,0.000,31.0,
17.11.2025,12:2:11.186,23.110,27.608,20.028,3.122,250.0,250.0,80.710,20.895,8.906,62.937,44.416,27.541,16.875,27.212,7.294,0.810,6.484,6.480,0.000,0.000,0.000,2.375,31.0,
17.11.2025,12:2:12.190,16.313,26.621,19.051,3.141,250.0,250.0,80.665,38.918,8.832,73.156,50.601,31.384,19.217,31.008,84.310,17.827,66.483,6.361,0.000,0.000,0.000,0.000,31.0,
17.11.2025,12:2:13.191,21.750,28.245,20.601,3.164,250.0,250.0,78.714,21.686,8.785,66.324,46.406,28.775,17.631,28.422,7.078,0.717,6.361,6.361,0.001,0.000,0.000,0.000,31.0,
17.11.2025,12:2:14.190,21.750,26.168,18.603,3.092,250.0,250.0,81.287,23.563,8.847,73.479,50.831,31.520,19.311,31.131,7.081,0.729,6.352,6.352,0.000,0.000,0.000,0.000,31.0,
17.11.2025,12:2:15.184,20.391,26.976,19.449,3.076,250.0,250.0,80.238,20.593,8.876,55.452,39.748,24.649,15.099,24.357,7.322,0.740,6.582,23.109,0.000,0.000,0.000,0.000,31.0,
17.11.2025,12:2:16.180,19.032,27.010,19.519,3.036,250.0,250.0,78.238,23.480,8.927,73.138,50.659,31.414,19.245,31.038,7.031,0.713,6.318,6.318,0.001,0.000,0.000,0.000,31.0,
17.11.2025,12:2:17.194,21.750,27.204,19.662,3.104,250.0,250.0,82.009,21.538,8.959,65.544,46.041,28.543,17.498,28.202,7.164,0.761,6.403,6.267,0.000,0.000,0.000,0.000,31.0,
17.11.2025,12:2:18.190,19.032,25.756,18.281,3.027,250.0,250.0,78.143,23.687,9.076,73.770,51.150,31.717,19.433,31.328,7.031,0.713,6.318,6.335,0.000,0.000,0.000,0.000,31.0,
17.11.2025,12:2:19.184,14.953,25.047,17.614,3.024,250.0,250.0,81.587,23.599,9.023,73.550,50.980,31.616,19.364,31.227,6.974,0.707,6.267,6.285,0.000,0.000,0.000,0.000,31.0,
17.11.2025,12:2:20.185,13.594,25.015,17.550,3.037,250.0,250.0,77.782,41.515,8.904,72.599,50.307,31.200,19.107,30.824,97.873,24.132,73.741,6.463,0.000,0.000,0.000,0.000,31.0,
17.11.2025,12:2:21.186,20.391,25.397,17.933,3.034,250.0,250.0,77.497,23.311,8.870,72.549,50.260,31.172,19.088,30.795,7.027,0.717,6.310,6.318,0.000,0.000,0.000,0.000,31.0,
17.11.2025,12:2:22.182,19.032,26.221,18.761,3.022,250.0,250.0,81.116,24.927,8.893,72.033,49.945,30.963,18.982,30.586,15.705,2.197,13.508,6.454,0.000,0.000,0.000,0.000,31.0,
17.11.2025,12:2:23.179,10.875,28.279,20.838,3.017,250.0,250.0,78.829,23.126,8.908,71.843,49.853,30.909,18.944,30.532,6.994,0.709,6.285,6.285,0.000,0.000,0.000,0.000,31.0,
17.11.2025,12:2:24.186,13.594,24.854,17.362,3.034,250.0,250.0,80.030,23.835,8.981,41.936,31.508,19.539,11.969,19.295,7.324,0.886,6.438,90.470,0.000,0.000,0.000,0.000,31.0,
17.11.2025,12:2:25.186,14.953,25.532,18.067,3.041,250.0,250.0,77.466,25.108,8.903,73.231,50.705,31.442,19.263,31.053,15.062,2.013,13.049,6.361,0.000,0.000,0.000,0.000,31.0,
17.11.2025,12:2:26.192,12.235,27.351,19.907,3.018,250.0,250.0,79.390,23.219,8.919,72.158,50.041,31.026,19.015,30.661,7.028,0.718,6.310,6.310,0.000,0.000,0.000,0.000,31.0,
17.11.2025,12:2:27.185,14.953,25.152,17.695,3.029,250.0,250.0,79.092,34.794,8.918,68.878,48.042,29.794,18.248,29.429,69.082,25.613,43.469,6.463,0.000,0.000,0.000,0.000,31.0,
17.11.2025,12:2:28.186,17.672,25.396,17.931,3.040,250.0,250.0,77.911,34.794,8.970,74.194,51.343,31.833,19.510,31.456,7.071,0.728,6.343,6.343,0.000,0.000,0.000,0.000,31.0,
17.11.2025,12:2:29.188,17.672,26.004,18.508,3.025,250.0,250.0,82.366,23.779,8.873,76.190,52.522,32.574,19.948,32.185,7.061,0.776,6.285,6.285,0.000,0.000,2.375,0.000,31.0,
17.11.2025,12:2:30.188,10.875,27.580,20.126,3.041,250.0,250.0,82.366,24.270,8.873,76.190,52.522,32.574,19.948,32.185,7.061,0.776,6.285,6.285,0.000,0.000,0.000,0.000,31.0,
17.11.2025,12:2:31.183,27.188,26.499,18.985,3.035,250.0,250.0,82.292,46.568,8.896,76.906,52.955,32.835,20.120,32.446,117.510,33.541,83.969,6.505,0.000,0.000,0.000,0.000,31.0,
17.11.2025,12:2:32.180,12.235,26.666,19.189,3.066,250.0,250.0,79.048,23.766,8.960,74.175,51.314,31.817,19.497,31.440,7.077,0.775,6.302,6.302,0.000,0.000,0.000,0.000,31.0,
17.11.2025,12:2:33.193,17.672,24.055,16.593,3.038,250.0,250.0,81.989,55.848,8.909,74.258,51.360,31.848,19.512,31.459,56.068,20.548,35.520,228.996,0.000,0.000,0.000,0.000,31.0,
17.11.2025,12:2:34.189,24.469,25.705,18.202,3.048,250.0,250.0,78.560,23.646,8.887,73.838,51.065,31.668,19.397,31.278,7.011,0.718,6.293,6.310,0.000,0.000,0.000,0.000,31.0,
17.11.2025,12:2:35.185,19.032,24.944,17.468,3.052,250.0,250.0,82.186,47.055,8.857,72.859,50.436,31.278,19.158,30.901,125.289,34.621,90.668,6.480,0.000,0.000,0.000,0.000,31.0,
17.11.2025,12:2:36.189,13.594,26.717,19.250,3.052,250.0,250.0,78.795,24.346,8.862,76.529,52.743,32.704,20.039,32.303,6.994,0.709,6.285,6.293,0.000,0.000,0.000,0.000,31.0,
17.11.2025,12:2:37.184,10.875,25.533,18.081,3.046,250.0,250.0,82.012,24.941,8.872,72.559,50.247,31.165,19.082,30.788,15.132,1.992,13.140,6.438,0.000,0.000,0.000,0.000,31.0,
17.11.2025,12:2:38.181,13.594,26.075,18.578,3.064,250.0,250.0,78.135,23.357,8.872,72.769,50.387,31.241,19.146,30.865,6.994,0.709,6.285,6.302,0.000,0.000,0.000,0.000,31.0,
17.11.2025,12:2:39.181,19.032,25.496,17.954,3.073,250.0,250.0,79.284,23.756,8.955,74.200,51.346,31.839,19.507,31.449,6.983,0.707,6.276,6.302,0.000,0.000,0.000,0.000,31.0,
17.11.2025,12:2:40.179,10.875,25.994,18.555,3.027,250.0,250.0,82.525,23.617,8.911,73.335,50.765,31.480,19.285,31.091,7.451,0.897,6.554,6.403,0.000,0.000,0.000,0.000,31.0,
17.11.2025,12:2:41.190,31.266,25.420,17.972,3.026,250.0,250.0,78.294,23.353,9.008,72.615,50.381,31.248,19.133,30.871,6.994,0.709,6.285,6.285,0.000,0.000,0.000,0.000,31.0,
17.11.2025,12:2:42.186,31.266,25.420,17.972,3.026,250.0,250.0,81.234,28.082,8.970,73.333,50.816,31.514,19.302,31.124,29.684,3.826,25.858,6.394,0.000,0.000,0.000,0.000,31.0,
17.11.2025,12:2:43.184,21.750,25.887,18.375,3.025,250.0,250.0,78.229,23.226,8.920,72.131,50.025,31.020,19.005,30.655,7.078,0.726,6.352,6.352,0.000,0.000,0.000,0.000,31.0,
17.11.2025,12:2:44.186,21.750,24.201,16.770,3.031,250.0,250.0,81.135,22.691,8.838,70.228,48.831,30.274,18.557,29.909,6.994,0.709,6.285,6.285,0.000,0.000,0.000,0.000,31.0,
17.11.2025,12:2:45.186,21.750,24.672,17.186,3.042,250.0,250.0,78.210,23.320,8.900,72.418,50.206,31.131,19.075,30.753,7.161,0.767,6.394,6.394,0.000,0.000,0.000,0.000,31.0,
17.11.2025,12:2:46.182,21.750,27.737,20.294,3.024,250.0,250.0,78.107,23.534,9.033,73.249,50.794,31.491,19.303,31.113,7.022,0.712,6.310,6.310,0.000,0.000,0.000,0.000,31.0,
17.11.2025,12:2:47.182,13.594,25.390,17.917,3.038,250.0,250.0,81.394,35.658,8.968,69.133,48.216,29.898,18.318,29.545,73.058,15.745,57.313,6.386,0.000,0.000,0.000,0.000,31.0,
17.11.2025,12:2:48.181,21.750,22.913,15.498,2.990,250.0,250.0,79.152,24.082,8.980,68.404,47.794,29.640,18.154,29.275,16.008,1.747,14.261,6.556,0.000,0.000,0.000,0.000,31.0,
17.11.2025,12:2:49.181,10.875,25.588,18.196,2.966,250.0,250.0,77.587,22.178,8.955,68.016,47.530,29.464,18.066,29.111,7.146,0.734,6.412,6.343,0.000,0.000,0.000,0.000,31.0,
17.11.2025,12:2:50.181,12.235,25.621,18.171,3.002,250.0,250.0,77.442,22.328,8.910,68.746,47.969,29.748,18.221,29.382,7.011,0.709,6.302,6.285,0.000,0.000,0.000,0.000,31.0,
17.11.2025,12:2:51.182,21.750,26.348,18.948,2.989,250.0,250.0,80.717,13.771,8.849,35.800,27.704,17.170,10.534,16.962,7.213,0.733,6.480,6.267,0.000,0.000,0.000,0.000,31.0,
17.11.2025,12:2:52.187,19.032,25.487,18.098,2.971,250.0,250.0,71.394,22.047,8.834,67.770,47.306,29.327,17.979,28.974,6.976,0.709,6.267,6.327,0.000,0.000,0.000,0.000,31.0,
17.11.2025,12:2:53.188,17.672,27.328,20.004,2.948,250.0,250.0,70.713,22.113,8.834,68.015,47.453,29.425,18.028,29.072,6.977,0.710,6.267,6.352,0.000,0.000,0.000,0.000,31.0,
17.11.2025,12:2:54.181,19.032,25.836,18.386,2.982,250.0,250.0,73.739,24.900,8.873,78.614,54.018,33.498,20.520,33.097,7.031,0.746,6.285,6.318,0.000,0.000,0.000,0.000,31.0,
17.11.2025,12:2:55.179,13.594,25.121,17.637,3.071,250.0,250.0,64.076,23.494,8.874,73.271,50.720,31.454,19.266,31.065,6.988,0.712,6.276,6.310,0.000,0.000,0.000,0.000,31.0,
17.11.2025,12:2:56.179,28.547,26.057,18.591,3.035,250.0,250.0,81.949,23.613,8.919,73.547,50.892,31.562,19.330,31.185,7.119,0.758,6.361,6.454,0.000,0.000,0.000,0.000,31.0,
17.11.2025,12:2:57.185,21.750,26.753,19.315,3.001,250.0,250.0,78.733,23.191,8.956,72.047,49.992,31.002,18.990,30.625,7.002,0.709,6.293,6.293,0.000,0.000,0.000,0.000,31.0,
17.11.2025,12:2:58.186,12.235,26.962,19.440,3.079,250.0,250.0,81.686,27.269,8.872,72.842,50.432,31.271,19.161,30.894,26.328,3.418,22.910,6.565,0.000,0.000,0.000,0.000,31.0,
17.11.2025,12:2:59.181,17.672,27.536,20.089,2.988,250.0,250.0,77.829,23.374,8.902,72.645,50.343,31.218,19.125,30.841,7.176,0.778,6.398,6.310,0.000,0.000,0.000,0.000,31.0,
17.11.2025,12:3:0.180,14.953,27.321,19.841,3.058,250.0,250.0,82.020,40.582,8.893,72.235,50.072,31.048,19.024,30.671,93.700,30.583,63.117,6.480,0.000,0.000,0.000,0.000,31.0,
17.11.2025,12:3:1.186,17.672,29.481,21.402,3.566,250.0,250.0,78.617,23.446,8.970,72.944,50.560,31.348,19.212,30.971,7.058,0.723,6.335,6.335,0.000,0.000,0.000,0.000,31.0,
17.11.2025,12:3:2.190,27.188,28.335,20.683,3.163,250.0,250.0,82.028,27.108,8.884,51.571,37.380,23.178,14.202,22.898,7.252,0.789,6.463,98.464,0.000,0.000,2.125,0.000,31.0,
17.11.2025,12:3:3.187,9.516,26.850,19.406,3.033,250.0,250.0,78.481,23.718,8.960,74.024,51.227,31.763,19.464,31.386,7.023,0.713,6.310,6.310,0.000,0.000,0.000,0.000,31.0,
17.11.2025,12:3:4.179,13.594,25.713,18.263,3.021,250.0,250.0,82.412,15.181,8.947,40.999,30.955,19.196,11.759,18.964,7.274,0.786,6.488,6.446,0.000,0.000,0.000,0.000,31.0,
17.11.2025,12:3:5.186,25.829,27.282,19.804,3.027,250.0,250.0,79.304,23.407,9.051,72.754,50.489,31.305,19.184,30.928,7.022,0.712,6.310,6.310,0.000,0.000,1.125,0.000,31.0,
17.11.2025,12:3:6.184,20.391,26.262,18.782,3.039,250.0,250.0,81.976,23.544,8.971,73.266,50.757,31.478,19.279,31.101,7.106,0.728,6.378,6.378,0.000,0.000,0.000,0.000,31.0,
17.11.2025,12:3:7.179,14.953,26.037,18.618,3.001,250.0,250.0,82.126,20.286,8.875,60.854,43.082,26.716,16.366,26.400,7.119,0.751,6.368,6.327,0.000,0.000,0.000,0.000,31.0,
17.11.2025,12:3:8.193,23.110,28.753,21.249,3.047,250.0,250.0,77.994,35.586,8.937,72.807,50.460,31.288,19.172,30.911,67.879,11.853,56.026,6.530,0.000,0.000,0.000,0.000,31.0,
17.11.2025,12:3:9.185,17.672,25.875,18.411,3.017,250.0,250.0,80.503,23.688,8.976,73.865,51.148,31.713,19.435,31.336,7.034,0.724,6.310,6.343,0.000,0.000,0.000,0.000,31.0,
17.11.2025,12:3:10.184,12.235,28.785,21.285,3.055,250.0,250.0,79.391,25.003,8.985,72.183,50.098,31.063,19.035,30.686,15.749,2.230,13.519,6.480,0.000,0.000,0.000,0.000,31.0,
17.11.2025,12:3:11.182,20.391,26.556,19.113,3.028,250.0,250.0,80.384,23.568,8.974,73.428,50.874,31.551,19.323,31.174,7.011,0.709,6.302,6.335,0.000,0.000,0.000,0.000,31.0,
17.11.2025,12:3:12.179,25.829,28.555,21.055,3.032,250.0,250.0,79.536,27.875,8.908,72.575,50.294,31.191,19.103,30.814,29.674,3.808,25.866,6.514,0.000,0.000,0.000,0.000,31.0,
17.11.2025,12:3:13.183,9.516,27.433,19.988,3.011,250.0,250.0,78.905,30.904,8.946,71.652,49.744,30.849,18.895,30.472,7.049,0.714,6.335,84.386,0.000,0.000,0.000,0.000,31.0,
17.11.2025,12:3:14.184,19.032,25.833,18.335,3.038,250.0,250.0,80.512,23.355,8.901,72.615,50.327,31.204,19.123,30.827,7.081,0.729,6.352,6.386,0.000,0.000,0.000,0.000,31.0,
17.11.2025,12:3:15.195,28.547,30.448,22.909,3.110,250.0,250.0,78.993,32.090,8.863,79.462,54.464,33.775,20.689,33.374,7.086,0.717,6.369,76.105,0.000,0.000,0.000,0.000,31.0,
17.11.2025,12:3:16.211,23.110,28.905,21.413,3.044,250.0,250.0,81.114,23.506,8.910,73.213,50.709,31.450,19.259,31.072,7.050,0.715,6.335,6.352,0.000,0.000,0.000,0.000,31.0,
17.11.2025,12:3:17.211,23.110,25.314,17.912,3.010,250.0,250.0,82.431,25.111,8.959,73.133,50.664,31.417,19.247,31.028,15.136,2.017,13.119,6.386,0.000,0.000,0.000,0.000,31.0,
17.11.2025,12:3:18.224,14.953,27.379,19.819,3.080,250.0,250.0,79.568,21.351,8.887,64.947,45.643,28.297,17.346,27.956,7.049,0.714,6.335,6.335,0.000,0.000,0.000,0.000,31.0,
17.11.2025,12:3:19.224,20.391,26.603,19.182,3.005,250.0,250.0,81.595,23.349,8.951,72.570,50.313,31.197,19.116,30.820,7.079,0.718,6.361,6.361,0.001,0.000,0.000,0.000,31.0,
17.11.2025,12:3:20.222,21.750,26.279,18.759,3.040,250.0,250.0,81.586,32.259,8.899,73.182,50.695,31.432,19.263,31.055,50.769,6.638,44.131,6.522,0.000,0.000,0.000,0.000,31.0,
17.11.2025,12:3:21.221,16.313,26.393,18.913,3.036,250.0,250.0,81.377,31.583,8.824,56.686,40.481,25.097,15.384,24.793,39.416,13.923,25.493,65.737,0.000,0.000,0.000,0.000,31.0,
17.11.2025,12:3:22.218,13.594,25.645,18.193,3.023,250.0,250.0,78.241,23.312,8.824,72.445,50.169,31.104,19.065,30.727,7.175,0.737,6.438,6.438,0.000,0.000,0.000,0.000,31.0,
17.11.2025,12:3:23.221,21.750,24.756,17.323,2.993,250.0,250.0,80.797,48.549,8.839,81.179,55.572,34.457,21.115,34.044,121.950,34.306,87.644,6.386,0.000,0.000,0.000,0.000,31.0,
17.11.2025,12:3:24.219,14.953,27.553,20.071,3.030,250.0,250.0,79.264,23.534,8.943,73.298,50.760,31.478,19.282,31.101,7.069,0.726,6.343,6.343,0.000,0.000,0.000,0.000,31.0,
17.11.2025,12:3:25.231,21.750,24.890,17.464,2.995,250.0,250.0,79.281,51.056,8.916,75.281,51.960,32.214,19.746,31.825,58.032,21.349,36.683,174.554,0.001,0.000,0.000,0.000,31.0,
17.11.2025,12:3:26.228,13.594,26.560,19.084,3.024,250.0,250.0,78.577,23.490,9.055,73.029,50.664,31.413,19.251,31.036,7.051,0.716,6.335,6.352,0.000,0.000,0.000,0.000,31.0,
17.11.2025,12:3:27.236,19.032,26.084,18.660,3.009,250.0,250.0,77.908,23.132,9.027,71.732,49.859,30.913,18.946,30.536,7.002,0.709,6.293,6.302,0.000,0.000,0.000,0.000,31.0,
17.11.2025,12:3:28.239,20.391,28.148,20.710,3.000,250.0,250.0,81.161,23.997,8.985,74.618,51.632,32.016,19.616,31.626,7.482,0.899,6.583,6.514,0.000,0.000,0.000,0.000,31.0,
17.11.2025,12:3:29.234,13.594,25.924,18.482,3.029,250.0,250.0,78.183,23.395,8.860,72.889,50.464,31.287,19.177,30.910,7.022,0.712,6.310,6.318,0.000,0.000,0.000,0.000,31.0,
17.11.2025,12:3:30.233,27.188,27.275,19.814,3.029,250.0,250.0,81.632,23.889,8.862,74.692,51.591,31.993,19.598,31.604,7.080,0.719,6.361,6.386,0.000,0.000,0.000,0.000,31.0,
17.11.2025,12:3:31.232,13.594,26.284,18.797,3.017,250.0,250.0,81.842,14.040,8.877,36.946,28.412,17.621,10.791,17.413,7.022,0.712,6.310,6.293,0.000,0.000,0.000,0.000,31.0,
17.11.2025,12:3:32.229,19.032,25.066,17.617,3.039,250.0,250.0,77.824,23.292,8.924,72.320,50.151,31.103,19.048,30.726,7.112,0.726,6.386,6.429,0.000,0.000,0.000,0.000,31.0,
17.11.2025,12:3:33.239,9.516,25.755,18.294,3.005,250.0,250.0,77.878,23.573,8.972,73.424,50.848,31.535,19.313,31.158,7.082,0.747,6.335,6.318,0.000,0.000,0.000,0.000,31.0,
17.11.2025,12:3:34.229,12.235,28.106,20.637,3.031,250.0,250.0,81.907,47.042,8.968,72.521,50.297,31.185,19.112,30.808,125.465,34.767,90.698,6.598,0.000,0.000,0.000,0.000,31.0,
17.11.2025,12:3:35.232,16.313,27.902,20.456,3.003,250.0,250.0,78.448,23.556,8.958,73.374,50.821,31.509,19.312,31.132,7.058,0.723,6.335,6.335,0.000,0.000,0.000,0.000,31.0,
17.11.2025,12:3:36.230,21.750,27.185,19.737,3.034,250.0,250.0,81.873,47.083,8.943,72.847,50.479,31.306,19.173,30.929,125.320,34.733,90.587,6.514,0.000,0.000,0.000,0.000,31.0,
17.11.2025,12:3:37.226,9.516,25.379,17.892,3.030,250.0,250.0,79.266,23.144,8.851,71.926,49.878,30.925,18.953,30.548,7.022,0.712,6.310,6.310,0.000,0.000,0.000,0.000,31.0,
17.11.2025,12:3:38.237,13.594,26.893,19.456,3.021,250.0,250.0,79.390,23.331,8.883,72.343,50.148,31.093,19.055,30.716,7.299,0.786,6.513,6.471,0.000,0.000,0.000,0.000,31.0,
17.11.2025,12:3:39.234,13.594,29.085,21.597,3.029,250.0,250.0,81.203,47.259,8.933,73.267,50.749,31.469,19.280,31.091,125.609,34.772,90.837,6.582,0.000,0.000,0.000,0.000,31.0,
17.11.2025,12:3:40.239,23.110,29.085,21.597,3.029,250.0,250.0,77.901,23.232,8.947,72.192,50.075,31.057,19.018,30.680,7.022,0.712,6.310,6.310,0.000,0.000,0.000,0.000,31.0,
17.11.2025,12:3:41.226,35.344,25.559,18.037,3.044,250.0,250.0,81.689,23.441,8.991,72.773,50.466,31.293,19.173,30.916,7.176,0.730,6.446,6.446,0.000,0.000,0.000,0.000,31.0,
17.11.2025,12:3:42.234,24.469,25.135,17.685,3.027,250.0,250.0,77.889,23.120,8.907,71.788,49.814,30.890,18.924,30.525,7.022,0.712,6.310,6.310,0.000,0.000,0.000,0.000,31.0,
17.11.2025,12:3:43.234,12.235,26.238,18.796,3.037,250.0,250.0,80.775,24.981,8.872,72.771,50.395,31.246,19.149,30.869,15.050,1.953,13.097,6.403,0.000,0.000,0.000,0.000,31.0,
17.11.2025,12:3:44.232,10.875,25.697,18.178,3.042,250.0,250.0,80.857,33.632,8.870,90.575,61.315,38.020,23.295,37.558,7.215,0.905,6.310,62.256,0.000,0.000,0.000,0.000,31.0,
17.11.2025,12:3:45.240,8.156,26.251,18.787,3.048,250.0,250.0,77.840,23.376,8.866,72.567,50.259,31.163,19.096,30.798,7.276,0.818,6.458,6.463,0.000,0.000,0.000,0.000,31.0,
17.11.2025,12:3:46.238,20.391,27.712,20.240,3.030,250.0,250.0,80.724,39.971,8.876,60.894,43.102,26.730,16.372,26.402,7.049,0.714,6.335,203.237,0.000,0.000,0.000,0.000,31.0,
17.11.2025,12:3:47.235,13.594,28.319,20.886,3.041,250.0,250.0,77.292,43.878,8.872,67.642,47.247,29.292,17.955,28.939,116.186,32.892,83.294,6.463,0.000,0.000,0.000,0.000,31.0,
17.11.2025,12:3:48.240,19.032,26.737,19.255,3.016,250.0,250.0,77.164,22.098,8.967,67.757,47.379,29.376,18.003,29.024,7.067,0.724,6.343,6.343,0.000,0.000,0.000,0.000,31.0,
17.11.2025,12:3:49.238,13.594,27.365,19.924,3.028,250.0,250.0,76.554,25.894,9.030,74.274,51.431,31.895,19.536,31.505,17.483,4.427,13.056,6.302,0.000,0.000,0.000,0.000,31.0,
17.11.2025,12:3:50.227,24.469,25.462,18.051,3.004,250.0,250.0,80.106,22.350,9.104,68.558,47.970,29.749,18.221,29.384,7.087,0.726,6.361,6.335,0.000,0.000,0.000,0.000,31.0,
17.11.2025,12:3:51.229,16.313,24.267,16.776,3.016,250.0,250.0,76.545,44.207,8.910,68.835,48.011,29.772,18.239,29.407,116.267,33.159,83.108,6.361,0.000,0.000,0.000,2.500,31.0,
17.11.2025,12:3:52.230,21.750,23.872,16.434,3.013,250.0,250.0,76.393,43.988,8.837,67.864,47.358,29.366,17.992,29.014,116.492,33.266,83.226,6.463,0.000,0.000,0.000,0.000,31.0,
17.11.2025,12:3:53.235,13.594,27.355,19.927,2.988,250.0,250.0,74.008,29.698,8.845,67.483,47.137,29.231,17.906,28.878,45.621,16.794,28.827,6.259,0.000,0.000,0.000,0.000,31.0,
17.11.2025,12:3:54.234,9.516,25.070,17.709,2.974,250.0,250.0,73.619,44.301,8.934,68.824,48.004,29.769,18.235,29.416,116.683,33.182,83.501,6.463,0.001,0.000,0.000,0.000,31.0,
17.11.2025,12:3:55.234,19.032,24.360,16.894,3.014,250.0,250.0,62.973,45.037,8.934,74.247,51.337,31.833,19.504,31.456,113.389,33.056,80.333,6.285,0.000,0.000,0.000,0.000,31.0,
17.11.2025,12:3:56.227,17.672,26.085,18.553,3.123,250.0,250.0,75.163,23.390,8.971,72.742,50.429,31.277,19.152,30.900,7.040,0.713,6.327,6.352,0.000,0.000,0.000,0.000,31.0,
17.11.2025,12:3:57.226,20.391,23.637,16.188,3.003,250.0,250.0,81.377,35.652,8.931,72.440,50.219,31.145,19.074,30.768,60.567,22.645,37.922,22.810,0.000,0.000,0.000,0.000,31.0,
17.11.2025,12:3:58.238,14.953,25.855,18.412,3.020,250.0,250.0,78.464,23.321,8.883,72.546,50.258,31.171,19.087,30.795,7.062,0.719,6.343,6.343,0.000,0.000,0.000,0.000,31.0,
17.11.2025,12:3:59.231,13.594,25.435,17.997,3.017,250.0,250.0,81.445,23.198,8.872,71.926,49.870,30.924,18.946,30.560,7.203,0.732,6.471,6.471,0.000,0.000,0.000,0.000,31.0,
17.11.2025,12:4:0.233,19.032,27.816,20.352,3.022,250.0,250.0,81.028,22.256,8.835,68.528,47.786,29.635,18.151,29.270,7.022,0.712,6.310,6.310,0.000,0.000,0.000,0.000,31.0,
17.11.2025,12:4:1.241,28.547,25.428,17.970,3.020,250.0,250.0,77.171,44.266,8.863,72.160,50.018,31.011,19.007,30.634,112.139,30.111,82.028,6.692,0.000,0.000,0.000,0.000,31.0,
17.11.2025,12:4:2.235,17.672,29.043,21.253,3.294,250.0,250.0,77.491,23.575,8.837,73.449,50.797,31.502,19.295,31.113,7.163,0.734,6.429,6.429,0.000,0.000,0.000,1.000,31.0,
17.11.2025,12:4:3.235,20.391,28.756,20.804,3.437,250.0,250.0,81.656,40.947,8.874,55.910,40.021,24.819,15.202,24.527,37.779,13.255,24.524,164.558,0.000,0.000,0.000,0.000,31.0,
17.11.2025,12:4:4.230,10.875,26.427,18.998,3.023,250.0,250.0,79.662,23.422,8.907,72.914,50.522,31.323,19.199,30.946,7.039,0.712,6.327,6.327,0.000,0.000,0.000,0.000,31.0,
17.11.2025,12:4:5.227,10.875,26.984,19.485,3.026,250.0,250.0,81.466,23.610,8.848,73.414,50.783,31.496,19.287,31.119,7.336,0.811,6.525,6.480,0.000,0.000,0.000,0.000,31.0,
17.11.2025,12:4:6.225,17.672,26.674,19.202,3.020,250.0,250.0,77.389,23.366,8.823,72.767,50.361,31.228,19.133,30.851,7.071,0.719,6.352,6.352,0.000,0.000,0.000,0.000,31.0,
17.11.2025,12:4:7.234,19.032,26.297,18.870,3.017,250.0,250.0,80.894,23.366,8.870,71.493,49.605,30.764,18.841,30.387,19.767,2.703,17.064,6.633,0.000,0.000,0.000,0.000,31.0,
17.11.2025,12:4:8.239,24.469,26.628,19.122,3.038,250.0,250.0,80.894,25.613,8.870,71.493,49.605,30.764,18.841,30.387,19.767,2.703,17.064,6.633,0.000,0.000,0.000,1.125,31.0,
17.11.2025,12:4:9.235,17.672,25.090,17.650,3.044,250.0,250.0,77.581,23.401,8.886,72.889,50.464,31.285,19.179,30.908,7.031,0.713,6.318,6.335,0.000,0.000,0.000,0.000,31.0,
17.11.2025,12:4:10.230,20.391,25.830,18.324,3.047,250.0,250.0,80.359,25.570,8.908,71.681,49.742,30.840,18.902,30.463,19.266,2.605,16.661,6.633,0.000,0.000,0.000,0.000,31.0,
17.11.2025,12:4:11.231,24.469,26.853,19.361,3.057,250.0,250.0,77.300,23.235,8.933,72.205,50.083,31.054,19.029,30.678,7.023,0.713,6.310,6.318,0.000,0.000,0.000,0.000,31.0,
17.11.2025,12:4:12.229,20.391,25.365,17.852,3.048,250.0,250.0,81.040,23.410,8.947,72.713,50.419,31.261,19.158,30.884,7.134,0.731,6.403,6.446,0.000,0.000,0.000,0.000,31.0,
17.11.2025,12:4:13.236,17.672,25.625,18.189,3.024,250.0,250.0,77.532,23.420,8.992,72.865,50.525,31.337,19.188,30.960,7.012,0.710,6.302,6.310,0.001,0.000,0.000,0.000,31.0,
17.11.2025,12:4:14.232,10.875,26.201,18.762,3.043,250.0,250.0,81.163,23.370,8.933,72.560,50.300,31.187,19.113,30.810,7.147,0.727,6.420,6.505,0.000,0.000,0.000,0.000,31.0,
17.11.2025,12:4:15.238,20.391,25.932,18.408,3.061,250.0,250.0,81.416,47.486,8.863,74.420,51.423,31.886,19.537,31.509,125.423,34.755,90.668,6.378,0.000,0.000,0.000,0.000,31.0,
17.11.2025,12:4:16.235,25.829,26.749,19.295,3.018,250.0,250.0,77.849,25.090,8.860,73.153,50.611,31.383,19.228,31.006,15.045,1.966,13.079,6.573,0.000,0.000,0.000,0.000,31.0,
17.11.2025,12:4:17.234,20.391,27.482,20.079,3.002,250.0,250.0,81.202,14.697,8.798,39.548,29.957,18.572,11.385,18.352,7.023,0.713,6.310,6.310,0.000,0.000,0.000,0.000,31.0,
17.11.2025,12:4:18.232,10.875,27.539,20.013,3.037,250.0,250.0,78.212,23.557,8.901,73.341,50.756,31.470,19.286,31.093,7.160,0.757,6.403,6.403,0.001,0.000,0.000,0.000,31.0,
17.11.2025,12:4:19.233,19.032,25.224,17.841,3.005,250.0,250.0,78.463,23.191,8.870,72.104,49.977,30.988,18.989,30.623,7.023,0.713,6.310,6.310,0.000,0.000,0.000,0.000,31.0,
17.11.2025,12:4:20.246,14.953,26.458,18.985,3.018,250.0,250.0,81.063,23.718,8.898,73.880,51.110,31.697,19.413,31.308,7.207,0.744,6.463,6.463,0.000,0.000,0.000,0.000,31.0,
17.11.2025,12:4:21.242,23.110,28.201,20.722,3.028,250.0,250.0,82.221,29.857,8.901,49.102,35.893,22.250,13.643,21.982,7.102,0.768,6.334,132.594,0.001,0.000,0.000,0.000,31.0,
17.11.2025,12:4:22.257,12.235,26.979,19.540,3.028,250.0,250.0,78.616,23.507,8.863,73.267,50.697,31.443,19.254,31.066,7.067,0.724,6.343,6.343,0.000,0.000,2.125,0.000,31.0,
17.11.2025,12:4:23.262,10.875,25.622,18.163,3.012,250.0,250.0,81.670,47.311,8.847,73.709,50.964,31.604,19.360,31.227,125.455,34.857,90.598,6.489,0.000,0.000,0.000,0.000,31.0,
17.11.2025,12:4:24.259,17.672,27.136,19.676,3.013,250.0,250.0,78.374,23.373,8.799,72.861,50.406,31.257,19.149,30.880,7.031,0.713,6.318,6.318,0.001,0.000,0.000,0.000,31.0,
17.11.2025,12:4:25.261,19.032,26.304,18.817,3.035,250.0,250.0,81.695,26.747,8.799,72.142,49.981,30.985,18.996,30.608,24.725,3.232,21.493,6.505,0.000,0.000,0.000,0.000,31.0,
17.11.2025,12:4:26.259,13.594,27.135,19.656,3.018,250.0,250.0,78.298,23.234,8.885,72.211,50.066,31.042,19.024,30.677,7.049,0.714,6.335,6.335,0.000,0.000,0.000,0.000,31.0,
17.11.2025,12:4:27.271,12.235,25.060,17.654,2.986,250.0,250.0,81.460,19.015,8.836,55.999,40.059,24.844,15.215,24.539,7.183,0.890,6.293,6.293,0.000,0.000,0.000,0.000,31.0,
17.11.2025,12:4:28.272,12.235,25.681,18.297,2.992,250.0,250.0,78.120,47.006,8.874,72.759,50.396,31.242,19.154,30.865,125.227,34.747,90.480,6.318,0.000,0.000,0.000,0.000,31.0,
17.11.2025,12:4:29.269,12.235,25.681,18.297,2.992,250.0,250.0,79.174,23.220,8.871,72.128,49.986,30.991,18.995,30.614,7.061,0.718,6.343,6.489,0.000,0.000,0.000,0.000,31.0,
17.11.2025,12:4:30.269,13.594,25.171,17.755,2.992,250.0,250.0,77.487,23.330,8.835,72.635,50.276,31.180,19.096,30.803,7.051,0.716,6.335,6.369,0.000,0.000,0.000,0.000,31.0,
17.11.2025,12:4:31.266,10.875,25.316,17.897,2.986,250.0,250.0,81.330,46.662,8.898,71.197,49.439,30.660,18.779,30.283,125.529,34.867,90.662,6.302,0.000,0.000,0.000,0.000,31.0,
17.11.2025,12:4:32.260,24.469,25.465,18.016,2.991,250.0,250.0,77.912,23.192,8.931,71.966,49.921,30.959,18.962,30.583,7.090,0.729,6.361,6.420,0.000,0.000,0.000,0.000,31.0,
17.11.2025,12:4:33.258,13.594,24.332,16.930,2.985,250.0,250.0,77.686,23.562,8.979,73.373,50.841,31.519,19.322,31.142,7.052,0.717,6.335,6.335,0.000,0.000,0.000,0.000,31.0,
17.11.2025,12:4:34.270,13.594,26.381,18.931,3.019,250.0,250.0,80.960,23.611,9.081,73.371,50.902,31.563,19.339,31.174,7.109,0.723,6.386,6.463,0.000,0.000,0.000,0.000,31.0,
17.11.2025,12:4:35.268,12.235,25.098,17.595,3.022,250.0,250.0,78.881,23.336,9.059,72.451,50.315,31.203,19.112,30.826,7.031,0.713,6.318,6.327,0.000,0.000,0.000,0.000,31.0,
17.11.2025,12:4:36.264,16.313,24.950,17.504,3.045,250.0,250.0,81.302,23.572,8.981,73.307,50.790,31.500,19.290,31.123,7.154,0.734,6.420,6.420,0.000,0.000,0.000,0.000,31.0,
17.11.2025,12:4:37.261,24.469,26.680,19.209,3.052,250.0,250.0,81.797,23.273,8.896,72.382,50.178,31.121,19.057,30.744,7.022,0.712,6.310,6.310,0.000,0.000,0.000,0.000,31.0,
17.11.2025,12:4:38.257,13.594,25.711,18.178,3.049,250.0,250.0,78.024,23.602,8.886,73.517,50.886,31.556,19.330,31.167,7.135,0.732,6.403,6.403,0.000,0.000,0.000,0.000,31.0,
17.11.2025,12:4:39.271,21.750,25.970,18.557,3.012,250.0,250.0,81.275,43.162,8.860,77.308,53.213,32.998,20.215,32.597,72.293,26.506,45.787,61.838,0.000,0.000,0.000,0.000,31.0,
17.11.2025,12:4:40.270,21.750,26.012,18.497,3.036,250.0,250.0,77.804,23.479,8.896,73.114,50.632,31.403,19.229,31.026,7.067,0.715,6.352,6.352,0.000,0.000,0.000,0.000,31.0,
17.11.2025,12:4:41.258,16.313,26.326,18.872,3.013,250.0,250.0,81.718,27.729,8.881,49.952,36.379,22.555,13.824,22.287,13.188,2.883,10.305,97.033,0.000,0.000,0.000,0.000,31.0,
17.11.2025,12:4:42.258,25.829,26.487,19.045,3.044,250.0,250.0,78.778,23.717,8.908,73.899,51.121,31.701,19.420,31.312,7.183,0.737,6.446,6.446,0.000,0.000,0.000,0.000,31.0,
17.11.2025,12:4:43.268,20.391,26.875,19.378,3.021,250.0,250.0,82.151,30.364,8.899,58.419,41.606,25.797,15.809,25.493,28.435,8.248,20.187,70.747,0.000,0.000,0.000,0.000,31.0,
17.11.2025,12:4:44.264,13.594,25.586,18.164,3.026,250.0,250.0,78.394,23.800,8.922,74.309,51.388,31.866,19.522,31.477,7.079,0.718,6.361,6.361,0.000,0.000,0.000,0.000,31.0,
17.11.2025,12:4:45.261,19.032,26.891,19.414,3.044,250.0,250.0,82.047,46.919,8.909,72.144,50.030,31.022,19.008,30.645,125.452,34.662,90.790,6.530,0.000,0.000,0.000,1.625,31.0,
17.11.2025,12:4:46.257,20.391,26.495,19.007,3.039,250.0,250.0,78.041,23.615,8.898,73.638,50.958,31.597,19.361,31.208,7.066,0.723,6.343,6.361,0.000,0.000,0.000,0.000,31.0,
17.11.2025,12:4:47.268,17.672,26.495,19.007,3.039,250.0,250.0,81.594,36.246,8.856,71.301,49.491,30.692,18.799,30.315,73.350,26.909,46.441,6.310,0.000,0.000,0.000,0.000,31.0,
17.11.2025,12:4:48.268,24.469,26.997,19.486,3.078,250.0,250.0,78.632,23.313,8.869,72.544,50.247,31.152,19.095,30.776,7.045,0.718,6.327,6.352,0.000,0.000,0.000,0.000,31.0,
17.11.2025,12:4:49.270,23.110,26.501,19.049,3.053,250.0,250.0,80.840,36.074,8.906,69.173,48.214,29.896,18.318,29.531,45.567,16.796,28.771,65.566,0.000,0.000,0.000,0.000,31.0,
17.11.2025,12:4:50.271,14.953,25.701,18.219,3.015,250.0,250.0,77.255,22.751,9.015,70.058,48.830,30.278,18.552,29.913,7.219,0.739,6.480,6.429,0.000,0.000,0.000,0.000,31.0,
17.11.2025,12:4:51.270,16.313,25.701,18.219,3.015,250.0,250.0,77.892,22.452,8.933,69.134,48.219,29.895,18.324,29.530,7.073,0.721,6.352,6.343,0.000,0.000,0.000,0.000,31.0,
17.11.2025,12:4:52.268,19.032,25.734,18.298,3.029,250.0,250.0,79.874,22.457,8.857,69.012,48.089,29.821,18.268,29.456,7.308,0.743,6.565,6.454,0.000,0.000,0.000,0.000,31.0,
17.11.2025,12:4:53.267,20.391,26.197,18.743,3.035,250.0,250.0,78.174,16.092,8.810,44.920,33.273,20.637,12.636,20.381,6.983,0.707,6.276,6.293,0.000,0.000,0.000,0.000,31.0,
17.11.2025,12:4:54.264,24.469,24.616,17.219,2.985,250.0,250.0,74.034,22.296,8.820,68.738,47.883,29.693,18.190,29.340,6.994,0.709,6.285,6.310,0.001,0.000,0.000,0.000,31.0,
17.11.2025,12:4:55.264,13.594,25.562,18.116,3.004,250.0,250.0,73.902,22.228,8.830,68.449,47.723,29.594,18.129,29.229,7.002,0.709,6.293,6.318,0.000,0.000,0.000,0.000,31.0,
17.11.2025,12:4:56.263,5.438,25.741,18.351,3.001,250.0,250.0,64.588,13.300,8.865,34.163,26.693,16.546,10.147,16.351,7.004,0.762,6.242,6.225,0.001,0.000,1.750,0.000,31.0,
17.11.2025,12:4:57.259,16.313,26.898,19.374,3.080,250.0,250.0,71.598,23.283,9.004,72.305,50.201,31.120,19.081,30.743,7.031,0.713,6.318,6.318,0.000,0.000,0.000,0.000,31.0,
17.11.2025,12:4:58.257,17.672,25.121,17.588,3.075,250.0,250.0,80.663,23.499,9.038,73.017,50.656,31.412,19.244,31.023,7.111,0.733,6.378,6.378,0.000,0.000,0.000,0.000,31.0,
17.11.2025,12:4:59.269,17.672,27.070,19.554,3.064,250.0,250.0,80.952,22.340,8.954,62.121,43.902,27.232,16.670,26.904,12.494,2.829,9.665,12.626,0.000,0.000,0.000,0.000,31.0,
17.11.2025,12:5:0.267,31.266,26.153,18.661,3.072,250.0,250.0,77.256,23.449,8.868,73.024,50.557,31.350,19.207,30.961,7.080,0.719,6.361,6.361,0.000,0.000,0.000,0.000,31.0,
17.11.2025,12:5:1.269,17.672,26.962,19.443,3.085,250.0,250.0,77.928,23.718,8.896,74.069,51.217,31.762,19.455,31.373,7.040,0.713,6.327,6.327,0.000,0.000,0.000,0.000,31.0,
17.11.2025,12:5:2.260,16.313,27.386,19.842,3.107,250.0,250.0,83.091,39.102,8.848,72.910,50.457,31.296,19.161,30.919,85.571,29.382,56.189,6.285,0.000,0.000,0.000,0.000,31.0,
17.11.2025,12:5:3.271,29.907,28.344,20.763,3.124,250.0,250.0,77.936,40.608,8.891,71.017,49.315,30.576,18.739,30.211,95.326,30.597,64.729,6.674,0.000,0.000,0.375,0.000,31.0,
17.11.2025,12:5:4.268,19.032,29.513,21.556,3.499,250.0,250.0,77.468,24.956,8.931,72.378,50.187,31.116,19.071,30.739,15.208,2.002,13.206,6.718,0.000,0.000,0.000,0.000,31.0,
17.11.2025,12:5:5.269,12.235,26.958,19.166,3.264,250.0,250.0,78.282,22.859,9.008,70.654,49.214,30.517,18.697,30.140,7.022,0.712,6.310,6.318,0.000,0.000,0.000,0.000,31.0,
17.11.2025,12:5:6.262,10.875,25.530,18.060,3.069,250.0,250.0,78.853,23.516,8.970,73.158,50.687,31.428,19.259,31.051,7.099,0.730,6.369,6.412,0.000,0.000,0.000,0.000,31.0,
17.11.2025,12:5:7.257,16.313,25.826,18.310,3.091,250.0,250.0,81.349,15.568,8.951,38.949,29.669,18.389,11.280,18.169,8.705,1.247,7.458,12.860,0.000,0.000,0.000,0.000,31.0,
17.11.2025,12:5:8.270,13.594,25.670,18.137,3.050,250.0,250.0,77.377,24.030,8.932,75.189,51.952,32.210,19.742,31.820,7.054,0.719,6.335,6.352,0.000,0.000,0.000,0.000,31.0,
17.11.2025,12:5:9.265,12.235,25.348,17.888,3.044,250.0,250.0,81.519,25.206,8.885,73.354,50.787,31.494,19.293,31.105,15.230,2.011,13.219,6.683,0.000,0.000,0.000,0.000,31.0,
17.11.2025,12:5:10.263,17.672,25.849,18.361,3.056,250.0,250.0,77.250,23.271,8.900,72.374,50.160,31.106,19.054,30.729,7.030,0.712,6.318,6.327,0.000,0.000,0.000,0.000,31.0,
17.11.2025,12:5:11.261,12.235,24.064,16.551,3.046,250.0,250.0,80.810,24.488,8.947,71.068,49.384,30.620,18.764,30.255,14.580,1.798,12.782,6.683,0.000,0.000,0.000,0.000,31.0,
17.11.2025,12:5:12.271,19.032,27.061,19.574,3.046,250.0,250.0,77.240,23.208,8.934,72.098,50.003,31.014,18.989,30.637,7.035,0.717,6.318,6.335,0.000,0.000,0.000,0.500,31.0,
17.11.2025,12:5:13.270,17.672,27.018,19.572,3.046,250.0,250.0,80.665,23.227,8.832,72.171,49.997,31.002,18.995,30.626,7.126,0.732,6.394,6.394,0.000,0.000,1.000,0.000,31.0,
17.11.2025,12:5:14.270,10.875,27.672,20.113,3.060,250.0,250.0,77.019,23.466,8.860,73.125,50.615,31.380,19.235,31.003,7.055,0.720,6.335,6.335,0.000,0.000,0.000,0.000,31.0,
17.11.2025,12:5:15.266,20.391,26.342,18.898,3.040,250.0,250.0,80.797,29.082,8.822,72.647,50.299,31.186,19.113,30.809,35.654,4.689,30.965,6.633,0.000,0.000,0.000,0.000,31.0,
17.11.2025,12:5:16.261,20.391,27.370,19.848,3.080,250.0,250.0,76.830,23.453,8.845,72.994,50.517,31.324,19.193,30.947,7.182,0.797,6.385,6.343,0.000,0.000,0.000,0.000,31.0,
17.11.2025,12:5:17.258,12.235,27.774,20.239,3.054,250.0,250.0,80.741,17.105,8.813,48.783,35.633,22.094,13.539,21.826,7.023,0.713,6.310,6.310,0.000,0.000,0.000,0.000,31.0,
17.11.2025,12:5:18.268,19.032,28.373,20.775,3.104,250.0,250.0,77.046,23.141,8.856,71.853,49.819,30.895,18.924,30.518,7.093,0.732,6.361,6.361,0.000,0.000,0.000,0.000,31.0,
17.11.2025,12:5:19.262,13.594,26.753,19.262,3.056,250.0,250.0,80.347,41.879,8.870,72.099,49.988,30.999,18.989,30.622,100.220,25.261,74.959,6.786,0.000,0.000,0.000,0.000,31.0,
17.11.2025,12:5:20.260,28.547,25.869,18.401,3.045,250.0,250.0,76.844,23.301,8.990,72.358,50.211,31.128,19.083,30.752,7.073,0.730,6.343,6.343,0.000,0.000,0.375,0.000,31.0,
17.11.2025,12:5:21.260,12.235,28.500,20.984,3.087,250.0,250.0,80.055,33.581,8.952,70.984,49.345,30.592,18.753,30.227,60.189,8.836,51.353,6.582,0.000,0.000,0.000,0.000,31.0,
17.11.2025,12:5:22.257,25.829,25.498,18.046,3.050,250.0,250.0,76.454,23.620,8.870,73.681,50.976,31.604,19.372,31.227,7.064,0.721,6.343,6.343,0.000,0.000,0.000,0.000,31.0,
17.11.2025,12:5:23.258,10.875,26.157,18.645,3.049,250.0,250.0,80.105,44.264,8.797,71.646,49.648,30.785,18.863,30.421,113.077,32.929,80.148,6.327,0.000,0.000,0.000,0.000,31.0,
17.11.2025,12:5:24.260,2.719,24.201,16.688,3.069,250.0,250.0,76.380,23.688,8.857,73.811,51.029,31.646,19.383,31.257,7.212,0.797,6.415,6.471,0.000,0.000,0.000,0.000,31.0,
17.11.2025,12:5:25.270,12.235,26.582,19.077,3.061,250.0,250.0,77.404,23.086,8.847,71.689,49.688,30.817,18.871,30.440,7.059,0.716,6.343,6.394,0.000,0.000,0.000,0.000,31.0,
17.11.2025,12:5:26.268,21.750,25.160,17.647,3.078,250.0,250.0,78.993,22.898,8.858,71.013,49.287,30.561,18.726,30.185,7.011,0.709,6.302,6.327,0.000,0.000,1.000,0.000,31.0,
17.11.2025,12:5:27.270,23.110,26.938,19.480,3.031,250.0,250.0,76.957,23.204,8.869,72.016,49.925,30.954,18.971,30.577,7.137,0.734,6.403,6.454,0.001,0.000,0.000,0.000,31.0,
17.11.2025,12:5:28.268,12.235,26.096,18.555,3.053,250.0,250.0,79.373,23.330,8.835,72.651,50.297,31.197,19.100,30.820,7.030,0.712,6.318,6.343,0.000,0.000,0.000,0.000,31.0,
17.11.2025,12:5:29.264,23.110,25.413,17.970,3.031,250.0,250.0,78.519,40.975,8.869,71.388,49.524,30.703,18.821,30.339,96.659,23.250,73.409,6.786,0.000,0.000,0.000,0.000,31.0,
17.11.2025,12:5:30.262,19.032,26.924,19.434,3.044,250.0,250.0,76.887,22.916,8.870,71.017,49.293,30.565,18.728,30.200,7.058,0.715,6.343,6.369,0.000,0.000,0.000,0.000,31.0,
17.11.2025,12:5:31.262,13.594,25.887,18.399,3.052,250.0,250.0,79.907,24.794,8.810,44.706,33.107,20.532,12.575,20.289,7.238,0.733,6.505,93.447,0.000,0.000,0.000,0.000,31.0,
17.11.2025,12:5:32.259,17.672,28.294,20.845,3.038,250.0,250.0,76.782,23.329,8.893,72.560,50.263,31.171,19.092,30.794,7.078,0.735,6.343,6.361,0.000,0.000,0.000,0.000,31.0,
17.11.2025,12:5:33.259,16.313,24.500,17.058,3.023,250.0,250.0,81.113,20.185,8.785,60.617,42.880,26.587,16.293,26.258,7.049,0.714,6.335,6.335,0.000,0.000,0.000,2.375,31.0,
17.11.2025,12:5:34.269,21.750,25.634,18.181,3.019,250.0,250.0,77.274,47.121,8.819,73.391,50.758,31.476,19.282,31.099,124.925,34.424,90.501,6.539,0.000,0.000,0.000,0.000,31.0,
17.11.2025,12:5:35.266,20.391,24.635,17.102,3.050,250.0,250.0,80.609,23.336,8.907,72.584,50.309,31.192,19.117,30.815,7.049,0.714,6.335,6.335,0.000,0.000,0.000,0.000,31.0,
17.11.2025,12:5:36.264,24.469,24.944,17.521,3.037,250.0,250.0,78.294,33.272,8.872,73.461,50.818,31.512,19.306,31.123,55.562,7.845,47.717,6.505,0.000,0.000,0.000,0.000,31.0,
17.11.2025,12:5:37.260,10.875,25.790,18.264,3.066,250.0,250.0,78.939,23.571,8.880,73.492,50.840,31.528,19.312,31.139,7.079,0.718,6.361,6.361,0.000,0.000,0.000,0.000,31.0,
17.11.2025,12:5:38.277,17.672,25.537,18.028,3.054,250.0,250.0,81.371,23.631,8.801,73.818,51.005,31.632,19.373,31.243,7.049,0.714,6.335,6.335,0.000,0.000,0.000,0.000,31.0,
17.11.2025,12:5:39.274,17.672,25.752,18.292,3.047,250.0,250.0,78.611,40.192,8.794,72.701,50.300,31.184,19.116,30.807,91.260,20.524,70.736,6.497,0.000,0.000,0.000,0.000,31.0,
17.11.2025,12:5:40.300,25.829,25.752,18.292,3.047,250.0,250.0,80.461,23.617,8.896,73.672,50.954,31.599,19.355,31.222,7.066,0.723,6.343,6.343,0.000,0.000,0.000,0.000,31.0,
17.11.2025,12:5:41.303,16.313,27.719,20.199,3.096,250.0,250.0,80.092,27.473,8.816,68.440,47.707,29.587,18.120,29.235,33.050,10.375,22.675,6.726,0.000,0.000,0.000,0.000,31.0,
17.11.2025,12:5:42.299,23.110,26.271,18.802,3.059,250.0,250.0,78.702,23.413,9.041,72.754,50.477,31.305,19.172,30.928,7.057,0.714,6.343,6.343,0.001,0.000,0.000,0.000,31.0,
17.11.2025,12:5:43.299,16.313,23.966,16.463,3.045,250.0,250.0,79.946,22.982,8.953,49.063,35.880,22.239,13.641,21.971,7.059,0.741,6.318,63.950,0.000,0.000,0.000,0.000,31.0,
17.11.2025,12:5:44.294,25.829,25.548,18.099,3.027,250.0,250.0,80.291,45.246,9.017,72.929,50.580,31.357,19.223,30.980,115.919,31.359,84.560,6.530,0.000,0.000,0.000,0.000,31.0,
17.11.2025,12:5:45.292,17.672,25.579,18.067,3.067,250.0,250.0,78.141,23.940,8.871,74.923,51.743,32.080,19.663,31.691,7.035,0.717,6.318,6.361,0.000,0.000,0.000,0.000,31.0,
17.11.2025,12:5:46.291,21.750,24.926,17.506,3.004,250.0,250.0,82.133,41.345,8.890,67.586,47.220,29.283,17.937,28.930,103.641,31.692,71.949,6.318,0.000,0.000,0.000,0.000,31.0,
17.11.2025,12:5:47.288,12.235,26.737,19.214,3.061,250.0,250.0,77.535,24.087,8.820,75.450,52.045,32.273,19.772,31.883,7.099,0.730,6.369,6.429,0.000,0.000,0.000,0.000,31.0,
17.11.2025,12:5:48.296,12.235,24.277,16.791,3.030,250.0,250.0,81.934,47.006,8.884,72.643,50.333,31.205,19.128,30.828,125.363,34.778,90.585,6.310,0.001,0.000,0.000,0.000,31.0,
17.11.2025,12:5:49.288,14.953,25.172,17.693,3.052,250.0,250.0,81.934,47.006,8.884,72.643,50.333,31.205,19.128,30.828,125.363,34.778,90.585,6.310,0.000,0.000,0.000,0.000,31.0,
17.11.2025,12:5:50.294,21.750,24.427,16.954,3.046,250.0,250.0,78.501,23.772,8.858,74.288,51.322,31.824,19.498,31.447,7.067,0.715,6.352,6.352,0.000,0.000,1.125,0.000,31.0,
17.11.2025,12:5:51.295,8.156,24.723,17.295,3.023,250.0,250.0,77.656,22.123,8.844,67.875,47.373,29.377,17.996,29.013,7.182,0.736,6.446,6.386,0.000,0.000,0.000,0.000,31.0,
17.11.2025,12:5:52.294,17.672,24.824,17.381,3.004,250.0,250.0,76.447,22.419,8.845,69.100,48.142,29.848,18.294,29.483,7.062,0.719,6.343,6.352,0.000,0.000,0.000,0.000,31.0,
17.11.2025,12:5:53.289,24.469,25.626,18.205,3.009,250.0,250.0,77.271,45.421,8.870,73.643,50.964,31.600,19.364,31.211,116.117,32.978,83.139,6.327,0.000,0.000,0.000,0.000,31.0,
17.11.2025,12:5:54.293,23.110,28.469,21.047,3.014,250.0,250.0,79.514,22.030,8.828,67.226,46.956,29.124,17.832,28.771,7.438,0.755,6.683,6.683,0.000,0.000,0.000,0.000,31.0,
17.11.2025,12:5:55.292,14.953,25.651,18.192,3.017,250.0,250.0,73.330,22.246,8.784,68.533,47.749,29.603,18.146,29.250,7.036,0.718,6.318,6.318,0.000,0.000,0.000,0.000,31.0,
17.11.2025,12:5:56.291,9.516,24.829,17.428,2.988,250.0,250.0,73.570,22.257,8.832,68.511,47.751,29.609,18.142,29.256,7.063,0.720,6.343,6.343,0.000,0.000,0.000,0.000,31.0,
17.11.2025,12:5:57.289,17.672,25.448,17.935,3.099,250.0,250.0,73.628,22.344,8.866,68.805,47.971,29.743,18.228,29.378,7.055,0.720,6.335,6.335,0.000,0.000,0.000,0.000,31.0,
17.11.2025,12:5:58.301,24.469,27.009,19.574,3.027,250.0,250.0,61.664,47.083,8.909,72.928,50.504,31.319,19.185,30.942,125.330,34.633,90.697,6.386,0.000,0.000,0.000,0.000,31.0,
17.11.2025,12:5:59.300,16.313,26.980,19.474,3.039,250.0,250.0,74.971,23.074,8.880,71.625,49.678,30.806,18.872,30.441,7.049,0.714,6.335,6.335,0.000,0.000,0.000,0.000,31.0,
17.11.2025,12:6:0.290,39.422,26.579,19.089,3.044,250.0,250.0,81.802,47.248,8.858,73.391,50.784,31.484,19.300,31.107,125.445,34.668,90.777,6.667,0.000,0.000,0.000,0.000,31.0,
17.11.2025,12:6:1.293,39.422,26.579,19.089,3.044,250.0,250.0,78.687,24.065,8.812,75.307,51.958,32.214,19.744,31.825,7.175,0.737,6.438,6.438,0.000,0.000,0.000,0.000,31.0,
17.11.2025,12:6:2.291,25.829,26.275,18.805,3.050,250.0,250.0,82.828,20.269,8.771,39.359,29.810,18.483,11.327,18.251,7.022,0.712,6.310,62.643,0.000,0.000,0.000,0.000,31.0,
17.11.2025,12:6:3.297,16.313,26.772,19.288,3.040,250.0,250.0,78.750,23.710,8.821,74.071,51.168,31.734,19.434,31.345,7.083,0.722,6.361,6.361,0.000,0.000,0.000,0.000,31.0,
17.11.2025,12:6:4.292,14.953,29.532,21.897,3.171,250.0,250.0,82.130,15.323,8.847,41.889,31.426,19.483,11.943,19.251,7.039,0.712,6.327,6.318,0.000,0.000,0.000,0.000,31.0,
17.11.2025,12:6:5.289,19.032,32.950,24.894,3.543,250.0,250.0,78.110,25.380,8.918,73.853,51.096,31.682,19.414,31.293,15.496,2.141,13.355,6.556,0.000,0.000,0.000,0.000,31.0,
17.11.2025,12:6:6.289,14.953,25.645,18.151,3.062,250.0,250.0,78.995,23.397,8.885,72.863,50.451,31.279,19.172,30.902,7.039,0.712,6.327,6.343,0.000,0.000,0.000,0.000,31.0,
17.11.2025,12:6:7.300,13.594,23.670,16.236,3.019,250.0,250.0,81.093,47.505,8.907,74.198,51.309,31.814,19.495,31.437,125.651,34.828,90.823,6.590,0.000,0.000,0.000,1.625,31.0,
17.11.2025,12:6:8.291,23.110,27.069,19.562,3.027,250.0,250.0,77.438,23.263,8.846,72.363,50.127,31.080,19.047,30.704,7.058,0.715,6.343,6.343,0.000,0.000,0.000,0.000,31.0,
17.11.2025,12:6:9.289,25.829,26.381,18.964,3.042,250.0,250.0,80.907,23.103,8.810,71.811,49.755,30.857,18.898,30.480,7.049,0.714,6.335,6.318,0.001,0.000,0.000,0.000,31.0,
17.11.2025,12:6:10.290,25.829,27.779,20.226,3.067,250.0,250.0,77.755,23.085,8.832,71.647,49.670,30.796,18.874,30.431,7.096,0.718,6.378,6.403,0.000,0.000,0.000,2.500,31.0,
17.11.2025,12:6:11.290,13.594,25.504,18.071,3.049,250.0,250.0,81.152,47.039,8.775,72.837,50.376,31.230,19.146,30.853,125.302,34.708,90.594,6.565,0.000,0.000,0.000,0.000,31.0,
17.11.2025,12:6:12.308,17.672,27.823,20.325,3.043,250.0,250.0,80.396,22.053,8.868,67.691,47.291,29.326,17.965,28.973,7.039,0.712,6.327,6.335,0.000,0.000,0.000,0.000,31.0,
17.11.2025,12:6:13.305,16.313,25.527,17.980,3.072,250.0,250.0,78.844,24.833,8.885,71.977,49.901,30.950,18.951,30.573,15.287,2.020,13.267,6.522,0.000,0.000,0.000,0.000,31.0,
17.11.2025,12:6:14.317,19.032,32.478,24.785,3.276,250.0,250.0,78.249,23.672,8.826,73.926,51.104,31.689,19.415,31.300,7.058,0.715,6.343,6.343,0.000,0.000,0.000,0.000,31.0,
17.11.2025,12:6:15.313,17.672,28.723,21.129,3.140,250.0,250.0,78.840,47.205,8.863,73.292,50.712,31.449,19.263,31.060,125.401,34.697,90.704,6.607,0.000,0.000,2.250,0.000,31.0,
17.11.2025,12:6:16.307,25.829,26.645,19.114,3.111,250.0,250.0,79.805,23.255,8.896,72.290,50.122,31.088,19.034,30.711,7.039,0.712,6.327,6.327,0.000,0.000,0.000,0.000,31.0,
17.11.2025,12:6:17.318,24.469,27.617,20.084,3.079,250.0,250.0,79.766,23.425,8.849,72.903,50.478,31.297,19.181,30.920,7.119,0.733,6.386,6.386,0.000,0.000,0.000,0.000,31.0,
17.11.2025,12:6:18.315,10.875,29.391,21.859,3.126,250.0,250.0,81.835,50.483,8.783,62.292,43.883,27.213,16.670,26.885,7.177,0.816,6.361,304.746,0.000,0.000,0.000,0.000,31.0,
17.11.2025,12:6:19.312,19.032,27.928,20.417,3.059,250.0,250.0,77.950,23.306,8.860,72.476,50.214,31.133,19.081,30.756,7.088,0.727,6.361,6.361,0.000,0.000,0.000,2.125,31.0,
17.11.2025,12:6:20.311,19.032,25.917,18.406,3.061,250.0,250.0,81.387,13.735,8.811,35.827,27.691,17.162,10.529,16.954,7.030,0.712,6.318,6.318,0.000,0.000,0.000,0.000,31.0,
17.11.2025,12:6:21.308,17.672,26.798,19.331,3.066,250.0,250.0,77.928,23.509,8.845,73.093,50.571,31.356,19.215,30.979,7.247,0.773,6.474,6.539,0.000,0.000,0.000,0.000,31.0,
17.11.2025,12:6:22.306,20.391,27.551,20.025,3.074,250.0,250.0,81.415,46.927,8.808,72.264,50.031,31.025,19.006,30.648,125.490,34.801,90.689,6.505,0.000,0.000,0.000,0.000,31.0,
17.11.2025,12:6:23.305,21.750,27.036,19.541,3.055,250.0,250.0,78.384,23.388,8.815,72.878,50.418,31.258,19.160,30.881,7.057,0.714,6.343,6.352,0.000,0.000,0.000,0.000,31.0,
17.11.2025,12:6:24.306,24.469,25.526,18.058,3.059,250.0,250.0,81.900,23.198,8.850,72.017,49.922,30.950,18.972,30.573,7.137,0.734,6.403,6.420,0.000,0.000,0.000,0.000,31.0,
17.11.2025,12:6:25.305,12.235,28.213,20.682,3.053,250.0,250.0,81.755,38.558,8.847,65.162,45.702,28.331,17.371,27.990,81.905,28.973,52.932,28.366,0.000,0.000,0.000,0.000,31.0,
17.11.2025,12:6:26.304,12.235,25.742,18.268,3.070,250.0,250.0,78.593,26.607,8.839,85.104,57.971,35.949,22.022,35.511,7.098,0.720,6.378,6.480,0.000,0.000,0.000,0.000,31.0,
17.11.2025,12:6:27.318,19.032,24.122,16.596,3.059,250.0,250.0,79.411,23.609,8.898,73.613,50.923,31.577,19.346,31.200,7.084,0.723,6.361,6.361,0.000,0.000,0.000,0.000,31.0,
17.11.2025,12:6:28.316,24.469,26.459,18.944,3.063,250.0,250.0,81.718,45.222,8.929,71.575,49.680,30.802,18.878,30.437,117.803,33.633,84.170,6.310,0.000,0.000,0.000,0.000,31.0,
17.11.2025,12:6:29.313,20.391,26.472,19.018,3.035,250.0,250.0,78.397,23.393,9.016,72.652,50.405,31.264,19.141,30.887,7.097,0.728,6.369,6.369,0.000,0.000,0.000,0.000,31.0,
17.11.2025,12:6:30.312,14.953,26.796,19.306,3.061,250.0,250.0,81.623,25.443,8.899,42.735,31.975,19.824,12.151,19.580,7.094,0.784,6.310,105.078,0.000,0.000,0.000,0.000,31.0,
17.11.2025,12:6:31.312,23.110,24.707,17.269,3.023,250.0,250.0,77.843,23.680,8.861,73.817,51.036,31.641,19.395,31.264,7.175,0.737,6.438,6.438,0.000,0.000,0.000,0.000,31.0,
17.11.2025,12:6:32.310,17.672,27.377,19.848,3.059,250.0,250.0,81.550,45.076,8.802,72.759,50.353,31.214,19.139,30.837,115.533,31.150,84.383,6.590,0.000,0.000,0.000,0.000,31.0,
17.11.2025,12:6:33.319,12.235,26.664,19.166,3.057,250.0,250.0,77.462,23.492,8.853,73.238,50.672,31.418,19.254,31.041,7.056,0.721,6.335,6.335,0.000,0.000,0.000,0.000,31.0,
17.11.2025,12:6:34.330,19.032,26.400,18.914,3.061,250.0,250.0,81.634,23.338,8.850,72.322,50.106,31.073,19.033,30.696,7.387,0.819,6.568,6.522,0.001,0.000,0.000,0.000,31.0,
17.11.2025,12:6:35.325,9.516,27.266,19.830,3.031,250.0,250.0,77.670,23.342,8.883,72.659,50.324,31.204,19.120,30.827,7.040,0.713,6.327,6.327,0.000,0.000,0.000,0.000,31.0,
17.11.2025,12:6:36.325,20.391,27.936,20.400,3.052,250.0,250.0,81.126,23.072,8.820,71.614,49.641,30.781,18.860,30.405,7.107,0.721,6.386,6.386,0.000,0.000,0.000,0.000,31.0,
17.11.2025,12:6:37.323,24.469,26.040,18.591,3.040,250.0,250.0,80.867,47.208,8.806,73.199,50.622,31.394,19.228,31.018,125.579,34.836,90.743,6.658,0.000,0.000,0.000,0.000,31.0,
17.11.2025,12:6:38.323,21.750,26.750,19.296,3.027,250.0,250.0,77.798,23.226,8.836,72.203,50.024,31.019,19.005,30.642,7.085,0.724,6.361,6.361,0.000,0.000,0.000,0.000,31.0,
17.11.2025,12:6:39.327,27.188,27.439,19.980,3.027,250.0,250.0,80.759,37.439,8.822,78.085,53.631,33.263,20.368,32.862,70.514,26.043,44.471,6.327,0.000,0.000,0.000,0.000,31.0,
17.11.2025,12:6:40.324,14.953,25.034,17.550,3.027,250.0,250.0,77.532,23.583,8.835,73.522,50.822,31.519,19.303,31.142,7.121,0.735,6.386,6.446,0.000,0.000,0.000,0.000,31.0,
17.11.2025,12:6:41.321,28.547,25.725,18.201,3.066,250.0,250.0,80.106,22.973,8.759,71.358,49.449,30.661,18.788,30.297,7.039,0.712,6.327,6.335,0.000,0.000,0.000,0.000,31.0,
17.11.2025,12:6:42.321,12.235,26.469,19.011,3.022,250.0,250.0,78.102,47.002,8.789,72.611,50.231,31.145,19.086,30.781,125.285,34.702,90.583,6.811,0.000,0.000,0.000,0.000,31.0,
17.11.2025,12:6:43.335,16.313,26.971,19.527,3.022,250.0,250.0,78.212,23.305,8.846,72.548,50.234,31.147,19.087,30.782,7.030,0.712,6.318,6.343,0.000,0.000,0.000,0.000,31.0,
17.11.2025,12:6:44.350,24.469,24.808,17.363,3.013,250.0,250.0,80.507,23.620,8.846,73.702,50.944,31.585,19.359,31.208,7.080,0.719,6.361,6.394,0.000,0.000,0.000,0.000,31.0,
17.11.2025,12:6:45.348,20.391,25.954,18.468,3.005,250.0,250.0,81.651,75.726,8.837,70.355,48.899,30.313,18.586,29.948,51.376,18.469,32.907,447.571,0.000,0.000,0.000,0.000,31.0,
17.11.2025,12:6:46.341,12.235,26.705,19.229,3.061,250.0,250.0,78.059,23.423,8.800,73.023,50.492,31.311,19.181,30.934,7.067,0.715,6.352,6.352,0.000,0.000,0.000,0.000,31.0,
17.11.2025,12:6:47.344,19.032,27.457,19.967,3.035,250.0,250.0,81.310,45.488,8.797,72.757,50.339,31.217,19.122,30.840,117.670,33.584,84.086,6.463,0.000,0.000,0.000,0.000,31.0,
17.11.2025,12:6:48.342,20.391,25.198,17.757,3.020,250.0,250.0,77.826,23.302,8.809,72.540,50.207,31.126,19.081,30.749,7.076,0.724,6.352,6.361,0.000,0.000,0.000,2.250,31.0,
17.11.2025,12:6:49.336,13.594,25.012,17.542,3.037,250.0,250.0,81.168,34.373,8.783,51.701,37.380,23.188,14.192,22.908,58.098,21.278,36.820,69.387,0.000,0.000,0.000,0.000,31.0,
17.11.2025,12:6:50.351,13.594,26.492,18.991,3.054,250.0,250.0,77.498,23.951,8.858,74.947,51.719,32.069,19.650,31.693,7.096,0.718,6.378,6.378,0.000,0.000,0.000,0.000,31.0,
17.11.2025,12:6:51.366,14.953,25.651,18.124,3.096,250.0,250.0,80.138,44.141,8.852,68.629,47.849,29.670,18.179,29.306,116.308,33.009,83.299,6.310,0.000,0.000,0.000,0.000,31.0,
17.11.2025,12:6:52.365,13.594,24.234,16.804,3.016,250.0,250.0,77.015,22.286,8.940,68.400,47.764,29.617,18.147,29.252,7.157,0.728,6.429,6.429,0.000,0.000,0.000,0.000,31.0,
17.11.2025,12:6:53.352,17.672,25.398,18.007,2.991,250.0,250.0,76.410,22.115,8.919,67.864,47.415,29.408,18.007,29.055,7.067,0.715,6.352,6.352,0.000,0.000,0.000,0.000,31.0,
17.11.2025,12:6:54.354,20.391,24.602,17.160,3.026,250.0,250.0,79.963,22.105,8.809,67.858,47.350,29.357,17.993,29.004,7.138,0.735,6.403,6.403,0.000,0.000,0.000,0.000,31.0,
17.11.2025,12:6:55.355,20.391,26.261,18.810,3.016,250.0,250.0,77.050,13.277,8.759,34.163,26.625,16.512,10.113,16.305,7.002,0.709,6.293,6.293,0.000,0.000,0.000,0.000,31.0,
17.11.2025,12:6:56.359,19.032,27.929,20.484,2.986,250.0,250.0,73.753,22.268,8.809,68.606,47.813,29.649,18.164,29.284,7.023,0.713,6.310,6.310,0.001,0.000,0.000,0.000,31.0,
17.11.2025,12:6:57.361,17.672,26.692,19.324,2.995,250.0,250.0,71.455,22.211,8.845,68.354,47.655,29.549,18.106,29.196,7.040,0.713,6.327,6.327,0.000,0.000,0.000,0.000,31.0,
17.11.2025,12:6:58.359,12.235,25.747,18.274,3.035,250.0,250.0,74.247,13.436,8.821,34.731,27.015,16.751,10.264,16.556,6.995,0.719,6.276,6.234,0.000,0.000,0.000,0.000,31.0,
17.11.2025,12:6:59.356,12.235,23.260,15.742,3.096,250.0,250.0,59.829,25.060,8.893,72.916,50.506,31.320,19.186,30.931,15.126,1.977,13.149,6.598,0.000,0.000,0.000,0.000,31.0,
17.11.2025,12:7:0.356,20.391,27.115,19.621,3.072,250.0,250.0,79.382,23.176,8.980,71.912,49.934,30.963,18.971,30.586,7.039,0.712,6.327,6.335,0.000,0.000,0.000,0.000,31.0,
17.11.2025,12:7:1.353,17.672,27.124,19.610,3.084,250.0,250.0,80.412,23.185,8.906,71.959,49.906,30.952,18.954,30.575,7.107,0.721,6.386,6.386,0.000,0.000,0.000,0.000,31.0,
17.11.2025,12:7:2.352,19.032,26.520,19.045,3.055,250.0,250.0,80.687,17.347,8.779,49.700,36.198,22.448,13.750,22.180,7.045,0.735,6.310,6.327,0.000,0.000,0.000,0.000,31.0,
17.11.2025,12:7:3.367,17.672,26.955,19.475,3.045,250.0,250.0,80.446,25.160,8.824,72.816,50.391,31.251,19.140,30.875,15.835,2.319,13.516,6.633,0.000,0.000,0.000,0.000,31.0,
17.11.2025,12:7:4.381,20.391,25.477,17.989,3.030,250.0,250.0,77.942,23.333,8.788,72.694,50.288,31.187,19.101,30.810,7.057,0.714,6.343,6.352,0.000,0.000,0.000,0.000,31.0,
17.11.2025,12:7:5.372,14.953,33.723,25.782,3.470,250.0,250.0,81.728,25.553,8.834,71.623,49.664,30.795,18.869,30.418,19.354,2.584,16.770,6.616,0.000,0.000,0.000,0.000,31.0,
17.11.2025,12:7:6.372,12.235,29.945,22.183,3.283,250.0,250.0,77.721,23.198,8.849,72.080,49.954,30.972,18.982,30.595,7.080,0.719,6.361,6.386,0.000,0.000,0.000,0.000,31.0,
17.11.2025,12:7:7.376,23.110,25.612,18.140,3.066,250.0,250.0,81.210,14.852,8.831,39.866,30.147,18.688,11.459,18.468,7.325,0.948,6.377,6.412,0.000,0.000,0.000,0.000,31.0,
17.11.2025,12:7:8.375,10.875,27.075,19.614,3.039,250.0,250.0,77.706,23.087,8.832,71.646,49.685,30.805,18.880,30.428,7.106,0.720,6.386,6.386,0.000,0.000,0.000,0.000,31.0,
17.11.2025,12:7:9.371,27.188,27.868,20.328,3.074,250.0,250.0,81.218,17.846,8.787,51.601,37.371,23.179,14.192,22.898,7.049,0.714,6.335,6.335,0.000,0.000,0.000,0.000,31.0,
17.11.2025,12:7:10.367,17.672,27.967,20.459,3.063,250.0,250.0,78.450,23.545,8.811,73.442,50.776,31.487,19.289,31.110,7.087,0.726,6.361,6.361,0.000,0.000,0.000,0.000,31.0,
17.11.2025,12:7:11.366,16.313,26.202,18.755,3.060,250.0,250.0,81.874,23.858,8.817,74.509,51.434,31.891,19.543,31.515,7.203,0.740,6.463,6.463,0.000,0.000,0.000,2.375,31.0,
17.11.2025,12:7:12.377,19.032,28.488,20.970,3.049,250.0,250.0,81.834,47.170,8.897,72.826,50.445,31.279,19.166,30.902,125.759,34.934,90.825,6.667,0.000,0.000,0.000,0.000,31.0,
17.11.2025,12:7:13.376,13.594,25.284,17.761,3.083,250.0,250.0,81.221,23.469,8.847,73.172,50.612,31.391,19.221,31.014,7.049,0.714,6.335,6.335,0.000,0.000,0.000,0.000,31.0,
17.11.2025,12:7:14.376,23.110,27.054,19.555,3.068,250.0,250.0,81.358,23.437,8.991,72.794,50.485,31.305,19.180,30.928,7.143,0.723,6.420,6.403,0.000,0.000,0.000,0.000,31.0,
17.11.2025,12:7:15.373,13.594,25.830,18.286,3.085,250.0,250.0,81.687,24.170,8.948,53.534,38.617,23.952,14.665,23.660,7.080,0.753,6.327,64.166,0.000,0.000,0.000,0.000,31.0,
17.11.2025,12:7:16.373,19.032,27.245,19.754,3.067,250.0,250.0,77.824,23.533,8.857,73.387,50.761,31.471,19.290,31.094,7.057,0.714,6.343,6.352,0.000,0.000,0.000,1.750,31.0,
17.11.2025,12:7:17.367,19.032,28.717,21.141,3.108,250.0,250.0,81.569,45.497,8.820,63.149,44.443,27.561,16.882,27.221,7.727,0.933,6.794,251.441,0.000,0.000,0.000,0.000,42.0,
17.11.2025,12:7:18.368,17.672,27.912,20.451,3.070,250.0,250.0,77.854,23.352,8.801,72.705,50.307,31.204,19.103,30.827,7.096,0.727,6.369,6.378,0.000,0.000,0.000,0.000,42.0,
17.11.2025,12:7:19.397,23.110,28.070,20.532,3.048,250.0,250.0,80.909,26.110,8.853,67.036,46.858,29.058,17.800,28.705,28.235,8.103,20.132,6.318,0.000,0.000,0.000,0.000,42.0,
17.11.2025,12:7:20.395,31.266,26.113,18.651,3.030,250.0,250.0,77.729,23.142,8.833,71.903,49.844,30.904,18.940,30.527,7.057,0.714,6.343,6.352,0.000,0.000,0.000,0.000,42.0,
17.11.2025,12:7:21.392,21.750,27.121,19.675,3.007,250.0,250.0,80.734,23.193,8.846,72.094,49.964,30.975,18.989,30.598,7.057,0.714,6.343,6.352,0.000,0.000,0.000,0.000,42.0,
17.11.2025,12:7:22.389,12.235,25.631,18.247,2.992,250.0,250.0,80.737,28.896,8.893,72.487,50.229,31.144,19.085,30.779,34.895,4.597,30.298,6.556,0.000,0.000,0.000,0.000,42.0,
17.11.2025,12:7:23.385,19.032,26.040,18.580,2.987,250.0,250.0,77.009,23.111,8.866,71.776,49.761,30.858,18.903,30.493,7.057,0.714,6.343,6.343,0.000,0.000,0.000,0.000,42.0,
17.11.2025,12:7:24.384,12.235,26.822,19.435,2.993,250.0,250.0,80.506,23.016,8.821,71.393,49.536,30.714,18.822,30.337,7.088,0.727,6.361,6.361,0.000,0.000,0.000,0.000,42.0,
17.11.2025,12:7:25.382,17.672,26.412,18.954,3.021,250.0,250.0,80.328,26.182,8.833,71.885,49.837,30.906,18.931,30.529,22.127,2.937,19.190,6.642,0.000,0.000,2.125,0.000,42.0,
17.11.2025,12:7:26.393,21.750,26.136,18.675,3.016,250.0,250.0,76.888,23.347,8.813,72.638,50.272,31.173,19.099,30.796,7.160,0.757,6.403,6.361,0.000,0.000,0.000,0.000,42.0,
17.11.2025,12:7:27.392,21.750,27.295,19.855,3.010,250.0,250.0,80.970,24.914,8.850,72.206,50.038,31.027,19.011,30.650,15.376,2.007,13.369,6.607,0.000,0.000,0.000,0.000,42.0,
17.11.2025,12:7:28.386,20.391,26.197,18.747,3.022,250.0,250.0,77.307,23.160,8.894,71.927,49.881,30.928,18.953,30.563,7.057,0.714,6.343,6.343,0.000,0.000,0.000,0.000,42.0,
17.11.2025,12:7:29.392,17.672,25.876,18.416,3.027,250.0,250.0,77.524,23.197,8.821,72.059,49.926,30.957,18.969,30.592,7.123,0.720,6.403,6.403,0.000,0.000,0.000,0.000,42.0,
17.11.2025,12:7:30.394,21.750,25.312,17.868,2.989,250.0,250.0,81.023,30.939,8.858,46.358,34.174,21.182,12.992,20.926,10.885,1.996,8.889,143.130,0.000,0.000,0.000,0.000,42.0,
17.11.2025,12:7:31.387,13.594,27.329,19.835,3.047,250.0,250.0,77.228,23.319,8.781,72.598,50.231,31.142,19.089,30.766,7.100,0.722,6.378,6.378,0.000,0.000,2.125,0.000,42.0,
17.11.2025,12:7:32.388,19.032,25.896,18.454,3.036,250.0,250.0,77.228,23.319,8.781,72.598,50.231,31.142,19.089,30.766,7.100,0.722,6.378,6.378,0.000,0.000,0.000,0.000,42.0,
17.11.2025,12:7:33.387,24.469,25.040,17.596,3.023,250.0,250.0,81.288,25.041,8.830,73.185,50.616,31.390,19.226,31.013,14.796,1.872,12.924,6.556,0.000,0.000,0.000,0.000,42.0,
17.11.2025,12:7:34.393,12.235,26.012,18.518,3.044,250.0,250.0,78.281,23.133,8.857,71.844,49.814,30.895,18.919,30.518,7.066,0.714,6.352,6.352,0.000,0.000,0.000,0.000,42.0,
17.11.2025,12:7:35.385,20.391,26.698,19.202,3.058,250.0,250.0,80.932,28.696,8.871,73.350,50.756,31.470,19.286,31.094,32.787,4.335,28.452,6.556,0.000,0.000,0.000,0.000,42.0,
17.11.2025,12:7:36.387,19.032,24.416,16.940,3.030,250.0,250.0,78.343,23.425,8.868,72.900,50.479,31.294,19.185,30.917,7.132,0.754,6.378,6.343,0.000,0.000,0.000,2.000,42.0,
17.11.2025,12:7:37.383,10.875,28.360,20.859,3.068,250.0,250.0,81.456,23.835,8.977,74.223,51.356,31.842,19.514,31.466,7.229,0.766,6.463,6.514,0.000,0.000,0.000,0.000,42.0,
17.11.2025,12:7:38.392,12.235,26.346,18.868,3.041,250.0,250.0,78.494,23.564,8.988,73.351,50.841,31.518,19.323,31.141,7.066,0.714,6.352,6.343,0.000,0.000,0.000,0.000,42.0,
17.11.2025,12:7:39.389,14.953,25.813,18.356,3.053,250.0,250.0,82.740,23.502,8.990,73.002,50.597,31.377,19.220,31.000,7.183,0.737,6.446,6.463,0.000,0.000,0.000,0.000,42.0,
17.11.2025,12:7:40.390,17.672,28.060,20.562,3.024,250.0,250.0,81.517,22.465,8.895,69.235,48.261,29.923,18.338,29.557,7.049,0.714,6.335,6.343,0.000,0.000,0.000,0.000,42.0,
17.11.2025,12:7:41.387,19.032,26.313,18.815,3.059,250.0,250.0,78.421,23.499,8.885,73.180,50.651,31.405,19.246,31.028,7.096,0.718,6.378,6.403,0.000,0.000,0.000,0.000,42.0,
17.11.2025,12:7:42.385,19.032,27.112,19.665,3.014,250.0,250.0,81.429,39.259,8.879,72.817,50.417,31.266,19.151,30.889,86.186,18.041,68.145,6.794,0.000,0.000,0.000,0.000,42.0,
17.11.2025,12:7:43.385,23.110,28.172,20.692,3.052,250.0,250.0,77.656,23.398,8.860,72.859,50.441,31.269,19.172,30.892,7.066,0.714,6.352,6.352,0.000,0.000,1.000,0.000,42.0,
17.11.2025,12:7:44.384,19.032,25.997,18.550,3.026,250.0,250.0,81.083,23.089,8.871,71.631,49.671,30.797,18.874,30.432,7.115,0.721,6.394,6.386,0.000,0.000,0.000,0.000,42.0,
17.11.2025,12:7:45.396,19.032,26.551,19.096,3.022,250.0,250.0,80.469,46.929,8.958,71.697,49.781,30.868,18.913,30.503,125.878,34.828,91.050,6.811,0.000,0.000,0.000,0.000,42.0,
17.11.2025,12:7:46.393,19.032,26.551,19.096,3.022,250.0,250.0,77.636,23.386,8.922,72.728,50.405,31.260,19.145,30.883,7.078,0.717,6.361,6.361,0.000,0.000,0.000,0.000,42.0,
17.11.2025,12:7:47.387,24.469,29.123,21.670,3.006,250.0,250.0,81.755,23.417,8.872,72.872,50.459,31.285,19.174,30.908,7.106,0.720,6.386,6.386,0.000,0.000,0.000,2.375,42.0,
17.11.2025,12:7:48.385,27.188,26.562,19.109,3.015,250.0,250.0,81.526,37.659,8.881,70.337,48.890,30.316,18.574,29.952,81.647,28.922,52.725,6.343,0.000,0.000,0.000,0.000,42.0,
17.11.2025,12:7:49.386,21.750,25.905,18.478,3.002,250.0,250.0,78.243,23.449,8.824,73.079,50.553,31.344,19.209,30.967,7.078,0.717,6.361,6.361,0.000,0.000,0.000,0.000,42.0,
17.11.2025,12:7:50.384,17.672,26.282,18.818,3.007,250.0,250.0,81.675,24.902,8.824,72.389,50.120,31.083,19.037,30.706,15.194,1.994,13.200,6.471,0.000,0.000,0.000,0.000,42.0,
17.11.2025,12:7:51.382,13.594,25.572,18.151,2.975,250.0,250.0,79.940,23.253,8.886,72.289,50.102,31.071,19.031,30.694,7.057,0.714,6.343,6.343,0.000,0.000,0.000,0.000,42.0,
17.11.2025,12:7:52.396,13.594,24.755,17.327,3.005,250.0,250.0,77.641,44.057,8.834,68.022,47.458,29.421,18.037,29.069,116.625,33.219,83.406,6.480,0.000,0.000,0.000,0.000,42.0,
17.11.2025,12:7:53.393,21.750,22.659,15.268,2.959,250.0,250.0,77.021,22.254,8.818,68.390,47.673,29.557,18.116,29.204,7.192,0.729,6.463,6.403,0.000,0.000,0.000,0.000,42.0,
17.11.2025,12:7:54.385,16.313,25.229,17.838,2.975,250.0,250.0,76.937,22.163,8.893,68.077,47.522,29.464,18.058,29.112,7.078,0.717,6.361,6.352,0.000,0.000,0.000,0.000,42.0,
17.11.2025,12:7:55.386,19.032,25.252,17.813,2.983,250.0,250.0,76.674,27.399,8.822,67.709,47.262,29.306,17.956,28.953,33.836,10.903,22.933,6.310,0.000,0.000,0.000,0.000,42.0,
17.11.2025,12:7:56.392,21.750,25.053,17.689,2.984,250.0,250.0,80.702,18.221,8.773,52.676,38.015,23.577,14.438,23.284,7.566,0.764,6.802,6.318,0.000,0.000,0.000,0.000,42.0,
17.11.2025,12:7:57.398,14.953,26.021,18.612,2.978,250.0,250.0,74.190,22.307,8.820,68.720,47.879,29.686,18.193,29.333,7.048,0.721,6.327,6.343,0.000,0.000,0.000,0.000,42.0,
17.11.2025,12:7:58.399,20.391,26.627,19.240,2.944,250.0,250.0,73.473,19.401,8.882,57.518,41.048,25.457,15.591,25.152,7.022,0.712,6.310,6.318,0.000,0.000,0.000,0.000,42.0,
17.11.2025,12:7:59.407,4.078,26.315,18.884,2.998,250.0,250.0,73.817,13.448,8.834,34.730,27.021,16.760,10.261,16.552,7.032,0.722,6.310,6.259,0.000,0.000,0.000,0.000,42.0,
17.11.2025,12:8:0.407,10.875,25.652,18.198,3.032,250.0,250.0,74.312,23.545,8.992,73.268,50.776,31.479,19.297,31.102,7.111,0.751,6.360,6.318,0.000,0.000,0.000,0.000,42.0,
17.11.2025,12:8:1.403,14.953,26.906,19.426,3.024,250.0,250.0,82.208,24.194,8.991,75.675,52.293,32.429,19.864,32.027,7.127,0.724,6.403,6.403,0.000,0.000,0.000,0.000,42.0,
17.11.2025,12:8:2.400,21.750,26.432,19.011,3.041,250.0,250.0,80.466,79.565,8.930,86.868,59.099,36.650,22.449,36.201,34.778,11.473,23.305,475.898,0.000,0.000,0.000,0.000,42.0,
17.11.2025,12:8:3.398,33.985,29.065,21.440,3.116,250.0,250.0,81.262,25.777,8.847,75.565,52.119,32.310,19.809,31.920,15.307,2.013,13.294,6.582,0.000,0.000,0.000,0.000,42.0,
17.11.2025,12:8:4.405,17.672,27.875,20.302,3.120,250.0,250.0,78.834,23.414,8.862,72.922,50.485,31.305,19.180,30.928,7.058,0.715,6.343,6.343,0.000,0.000,0.000,0.000,42.0,
17.11.2025,12:8:5.405,27.188,27.020,19.589,3.045,250.0,250.0,78.269,15.627,8.828,42.898,32.039,19.870,12.169,19.626,7.259,0.941,6.318,6.318,0.000,0.000,0.000,0.000,42.0,
17.11.2025,12:8:6.405,28.547,27.606,19.938,3.194,250.0,250.0,83.444,31.193,8.934,72.805,50.458,31.279,19.179,30.902,45.941,5.969,39.972,6.489,0.000,0.000,0.000,0.000,42.0,
17.11.2025,12:8:7.402,17.672,34.603,26.402,3.638,250.0,250.0,79.809,24.137,8.869,75.259,51.953,32.215,19.738,31.826,7.504,0.930,6.574,6.505,0.000,0.000,0.000,0.000,42.0,
17.11.2025,12:8:8.403,21.750,28.683,21.038,3.192,250.0,250.0,79.429,23.818,8.872,74.445,51.437,31.896,19.541,31.506,7.066,0.714,6.352,6.352,0.000,0.000,0.000,0.000,42.0,
17.11.2025,12:8:9.399,19.032,26.323,18.776,3.078,250.0,250.0,82.364,62.059,8.868,60.979,43.142,26.754,16.388,26.437,62.986,23.126,39.860,312.050,0.000,0.000,0.000,0.000,42.0,
17.11.2025,12:8:10.400,24.469,27.038,19.485,3.079,250.0,250.0,80.959,38.136,8.834,75.605,52.124,32.330,19.794,31.941,76.983,15.113,61.870,6.769,0.000,0.000,0.000,0.000,42.0,
17.11.2025,12:8:11.399,19.032,25.115,17.637,3.061,250.0,250.0,79.982,24.189,8.839,75.886,52.323,32.445,19.878,32.043,7.057,0.714,6.343,6.361,0.000,0.000,0.000,0.000,42.0,
17.11.2025,12:8:12.411,17.672,29.512,21.883,3.151,250.0,250.0,82.536,24.224,8.760,41.381,31.034,19.247,11.787,19.015,7.341,0.870,6.471,96.336,0.000,0.000,0.000,0.000,42.0,
17.11.2025,12:8:13.398,20.391,25.903,18.447,3.021,250.0,250.0,77.671,23.630,8.852,73.684,50.964,31.596,19.368,31.219,7.113,0.727,6.386,6.394,0.000,0.000,0.000,2.500,42.0,
17.11.2025,12:8:14.408,24.469,27.728,20.232,3.070,250.0,250.0,78.211,57.025,8.913,77.832,53.539,33.196,20.343,32.794,7.039,0.712,6.327,329.553,0.000,0.000,0.000,0.000,42.0,
17.11.2025,12:8:15.404,25.829,25.333,17.880,3.030,250.0,250.0,81.316,23.472,8.884,73.044,50.581,31.366,19.215,30.989,7.114,0.720,6.394,6.412,0.000,0.000,0.000,0.000,42.0,
17.11.2025,12:8:16.397,23.110,25.063,17.587,3.035,250.0,250.0,77.778,23.391,8.920,72.786,50.441,31.269,19.172,30.892,7.041,0.714,6.327,6.343,0.000,0.000,0.000,0.000,42.0,
17.11.2025,12:8:17.402,12.235,24.690,17.243,3.022,250.0,250.0,81.453,48.070,8.869,56.931,40.661,25.205,15.456,24.900,22.681,5.875,16.806,263.316,0.000,0.000,0.500,0.000,42.0,
17.11.2025,12:8:18.401,14.953,28.005,20.474,3.084,250.0,250.0,78.359,23.410,8.874,72.765,50.412,31.252,19.160,30.875,7.166,0.737,6.429,6.429,0.000,0.000,0.000,0.000,42.0,
17.11.2025,12:8:19.397,12.235,27.068,19.613,3.023,250.0,250.0,81.841,54.163,8.906,54.302,39.073,24.230,14.843,23.938,7.049,0.714,6.335,362.240,0.000,0.000,0.000,0.000,42.0,
17.11.2025,12:8:20.410,20.391,26.260,18.774,3.025,250.0,250.0,79.779,23.276,8.873,72.326,50.126,31.083,19.043,30.706,7.107,0.721,6.386,6.386,0.000,0.000,0.000,0.000,42.0,
17.11.2025,12:8:21.411,14.953,26.971,19.491,3.052,250.0,250.0,82.066,47.236,8.908,73.050,50.580,31.369,19.211,30.992,125.752,34.855,90.897,6.743,0.000,0.000,0.000,0.000,42.0,
17.11.2025,12:8:22.408,12.235,26.659,19.161,3.039,250.0,250.0,78.343,23.294,8.982,72.325,50.201,31.128,19.073,30.750,7.066,0.714,6.352,6.352,0.000,0.000,0.000,0.000,42.0,
17.11.2025,12:8:23.407,25.829,24.662,17.202,3.018,250.0,250.0,81.691,33.354,8.989,70.759,49.217,30.522,18.695,30.145,59.246,21.830,37.416,6.718,0.000,0.000,2.250,0.000,42.0,
17.11.2025,12:8:24.402,19.032,24.497,17.057,3.051,250.0,250.0,78.445,23.467,8.933,72.968,50.553,31.351,19.202,30.974,7.119,0.733,6.386,6.446,0.000,0.000,0.000,0.000,42.0,
17.11.2025,12:8:25.400,20.391,24.717,17.217,3.033,250.0,250.0,81.305,23.391,8.849,72.791,50.401,31.257,19.144,30.880,7.125,0.722,6.403,6.335,0.000,0.000,0.000,0.000,42.0,
17.11.2025,12:8:26.399,19.032,26.489,18.969,3.075,250.0,250.0,78.540,23.716,8.912,73.950,51.149,31.716,19.433,31.326,7.124,0.721,6.403,6.429,0.000,0.000,0.000,0.000,42.0,
17.11.2025,12:8:27.410,24.469,23.971,16.484,3.046,250.0,250.0,79.204,23.797,8.895,74.331,51.383,31.863,19.520,31.486,7.067,0.715,6.352,6.361,0.000,0.000,0.000,0.000,42.0,
17.11.2025,12:8:28.410,16.313,27.078,19.571,3.078,250.0,250.0,82.186,13.959,8.860,36.467,28.106,17.430,10.676,17.222,7.248,0.913,6.335,6.335,0.000,0.000,0.000,0.000,42.0,
17.11.2025,12:8:29.408,17.672,23.357,15.912,3.015,250.0,250.0,78.733,23.473,8.933,72.938,50.536,31.336,19.200,30.959,7.137,0.725,6.412,6.556,0.000,0.000,0.000,0.000,42.0,
17.11.2025,12:8:30.408,19.032,26.139,18.722,3.032,250.0,250.0,79.196,23.414,8.937,72.833,50.494,31.314,19.180,30.936,7.049,0.714,6.335,6.352,0.000,0.000,0.125,0.000,42.0,
17.11.2025,12:8:31.422,12.235,26.803,19.329,3.007,250.0,250.0,80.559,26.800,8.958,72.972,50.577,31.363,19.214,30.973,23.605,3.099,20.506,6.734,0.000,0.000,0.000,0.000,42.0,
17.11.2025,12:8:32.420,13.594,26.217,18.743,3.033,250.0,250.0,78.198,23.918,8.914,74.760,51.671,32.042,19.629,31.652,7.070,0.718,6.352,6.369,0.000,0.000,0.000,0.000,42.0,
17.11.2025,12:8:33.417,16.313,23.358,15.874,3.048,250.0,250.0,82.617,47.286,8.921,73.333,50.773,31.486,19.287,31.109,125.646,34.755,90.891,6.658,0.001,0.000,0.000,0.000,42.0,
17.11.2025,12:8:34.416,24.469,26.443,18.958,3.037,250.0,250.0,78.463,23.161,8.810,71.981,49.870,30.929,18.941,30.552,7.083,0.722,6.361,6.361,0.000,0.000,1.000,0.000,42.0,
17.11.2025,12:8:35.421,24.469,26.549,18.921,3.089,250.0,250.0,80.049,45.663,8.835,73.588,50.876,31.546,19.330,31.157,117.483,33.602,83.881,6.335,0.000,0.000,0.000,0.000,42.0,
17.11.2025,12:8:36.426,14.953,24.863,17.422,3.020,250.0,250.0,78.390,23.332,8.848,72.557,50.249,31.156,19.093,30.791,7.118,0.724,6.394,6.394,0.000,0.000,0.000,0.000,42.0,
17.11.2025,12:8:37.425,17.672,25.185,17.693,3.044,250.0,250.0,81.885,23.611,8.854,44.655,33.105,20.531,12.574,20.287,8.714,1.248,7.466,78.674,0.000,0.000,0.000,0.000,42.0,
17.11.2025,12:8:38.425,12.235,25.334,17.875,3.026,250.0,250.0,78.360,23.457,8.897,72.950,50.522,31.322,19.200,30.945,7.152,0.723,6.429,6.429,0.000,0.000,0.000,0.000,42.0,
17.11.2025,12:8:39.423,9.516,25.881,18.436,3.028,250.0,250.0,82.280,40.510,8.847,69.149,48.159,29.864,18.295,29.499,97.398,30.829,66.569,6.489,0.000,0.000,0.000,0.000,42.0,
17.11.2025,12:8:40.438,20.391,26.459,19.012,3.017,250.0,250.0,78.672,23.838,8.837,74.492,51.462,31.911,19.551,31.522,7.110,0.724,6.386,6.386,0.000,0.000,0.000,0.000,42.0,
17.11.2025,12:8:41.437,21.750,25.726,18.239,3.021,250.0,250.0,82.165,47.610,8.900,74.707,51.620,32.009,19.611,31.632,125.449,34.641,90.808,6.726,0.000,0.000,0.000,0.000,42.0,
17.11.2025,12:8:42.435,14.953,24.839,17.399,3.033,250.0,250.0,78.364,23.549,8.908,73.334,50.770,31.484,19.286,31.107,7.106,0.720,6.386,6.386,0.000,0.000,0.000,0.000,42.0,
17.11.2025,12:8:43.435,12.235,26.571,19.126,2.997,250.0,250.0,81.700,37.662,8.902,67.183,46.978,29.138,17.840,28.785,85.721,29.377,56.344,6.352,0.000,0.000,0.000,0.000,42.0,
17.11.2025,12:8:44.432,16.313,24.827,17.412,3.016,250.0,250.0,78.408,30.159,8.945,74.155,51.324,31.823,19.501,31.434,38.897,5.070,33.827,6.616,0.000,0.000,0.000,0.000,42.0,
17.11.2025,12:8:45.432,17.672,25.248,17.754,3.018,250.0,250.0,79.272,36.016,9.089,74.258,51.463,31.916,19.547,31.527,7.110,0.749,6.361,128.138,0.000,0.000,0.000,0.000,42.0,
17.11.2025,12:8:46.429,19.032,24.942,17.497,3.031,250.0,250.0,80.736,23.821,8.979,74.272,51.393,31.867,19.526,31.478,7.117,0.731,6.386,6.463,0.000,0.000,0.000,0.000,42.0,
17.11.2025,12:8:47.437,12.235,26.347,18.871,3.016,250.0,250.0,78.501,23.264,9.027,72.180,50.120,31.071,19.049,30.695,7.067,0.715,6.352,6.361,0.000,0.000,0.000,0.000,42.0,
17.11.2025,12:8:48.438,12.235,24.645,17.230,3.038,250.0,250.0,82.494,29.222,8.921,73.922,51.130,31.699,19.431,31.322,34.592,4.576,30.016,6.616,0.000,0.000,0.000,1.250,42.0,
17.11.2025,12:8:49.438,17.672,26.476,18.965,3.023,250.0,250.0,78.100,23.423,8.857,72.934,50.513,31.319,19.194,30.942,7.058,0.715,6.343,6.352,0.000,0.000,0.375,0.000,42.0,
17.11.2025,12:8:50.433,16.313,25.088,17.647,3.039,250.0,250.0,81.768,23.257,8.959,72.153,50.071,31.045,19.026,30.680,7.115,0.721,6.394,6.403,0.000,0.000,0.375,0.000,42.0,
17.11.2025,12:8:51.432,21.750,27.932,20.451,3.040,250.0,250.0,82.037,24.631,8.902,67.815,47.389,29.387,18.002,29.022,19.726,5.004,14.722,6.343,0.001,0.000,0.000,0.000,42.0,
17.11.2025,12:8:52.430,20.391,27.097,19.634,3.045,250.0,250.0,78.968,23.851,8.908,74.494,51.475,31.926,19.549,31.537,7.115,0.729,6.386,6.386,0.000,0.000,0.000,0.000,42.0,
17.11.2025,12:8:53.429,28.547,25.817,18.327,3.030,250.0,250.0,77.870,22.248,8.819,68.352,47.654,29.548,18.106,29.184,7.186,0.740,6.446,6.446,0.000,0.000,0.000,0.000,42.0,
17.11.2025,12:8:54.442,10.875,24.489,17.093,3.002,250.0,250.0,77.003,22.392,8.980,68.875,48.054,29.803,18.251,29.438,7.079,0.718,6.361,6.361,0.000,0.000,0.000,0.000,42.0,
17.11.2025,12:8:55.438,19.032,25.468,18.037,3.016,250.0,250.0,79.903,29.544,8.867,67.590,47.213,29.267,17.946,28.914,44.652,16.421,28.231,6.335,0.000,0.000,0.000,0.000,42.0,
17.11.2025,12:8:56.440,17.672,26.075,18.589,3.017,250.0,250.0,77.157,22.398,8.882,68.933,48.054,29.793,18.261,29.440,7.115,0.729,6.386,6.386,0.000,0.000,0.000,2.125,42.0,
17.11.2025,12:8:57.440,24.469,25.064,17.637,3.002,250.0,250.0,77.173,13.517,8.783,35.022,27.171,16.852,10.319,16.644,7.030,0.712,6.318,6.318,0.000,0.000,0.000,0.000,42.0,
17.11.2025,12:8:58.437,16.313,24.958,17.592,2.973,250.0,250.0,71.301,21.822,8.870,66.833,46.750,28.989,17.761,28.637,7.031,0.713,6.318,6.318,0.000,0.000,0.000,0.000,42.0,
17.11.2025,12:8:59.434,25.829,26.130,18.759,2.966,250.0,250.0,73.901,21.822,8.979,68.292,47.702,29.580,18.122,29.227,7.031,0.713,6.318,6.335,0.000,0.000,1.875,0.000,42.0,
17.11.2025,12:9:0.434,17.672,24.586,17.060,3.085,250.0,250.0,61.097,23.555,8.932,73.442,50.844,31.532,19.312,31.155,6.951,0.717,6.234,6.429,0.000,0.000,0.000,0.000,42.0,
17.11.2025,12:9:1.436,20.391,26.988,19.554,3.016,250.0,250.0,61.097,23.555,8.932,73.442,50.844,31.532,19.312,31.155,6.951,0.717,6.234,6.429,0.000,0.000,0.000,0.000,42.0,
17.11.2025,12:9:2.432,12.235,26.706,19.258,3.033,250.0,250.0,78.501,23.428,8.941,72.913,50.515,31.323,19.192,30.946,7.050,0.715,6.335,6.352,0.000,0.000,0.000,2.375,42.0,
17.11.2025,12:9:3.430,12.235,26.287,18.854,3.006,250.0,250.0,82.022,23.409,8.868,72.744,50.378,31.243,19.135,30.866,7.174,0.728,6.446,6.505,0.000,0.000,0.000,0.000,42.0,
17.11.2025,12:9:4.439,23.110,24.678,17.151,3.040,250.0,250.0,78.280,22.542,8.832,69.595,48.439,30.034,18.405,29.682,7.050,0.715,6.335,6.335,0.000,0.000,0.000,0.000,42.0,
17.11.2025,12:9:5.434,21.750,27.596,20.156,3.025,250.0,250.0,78.671,23.617,8.880,73.548,50.887,31.558,19.329,31.169,7.167,0.738,6.429,6.463,0.000,0.000,0.000,0.000,42.0,
17.11.2025,12:9:6.429,17.672,26.939,19.460,3.037,250.0,250.0,77.924,23.175,8.894,71.981,49.913,30.950,18.963,30.585,7.058,0.715,6.343,6.352,0.000,0.000,2.000,0.000,42.0,
17.11.2025,12:9:7.432,33.985,29.702,21.938,3.313,250.0,250.0,81.272,23.422,8.892,72.872,50.467,31.287,19.180,30.910,7.112,0.726,6.386,6.386,0.000,0.000,0.000,0.000,42.0,
17.11.2025,12:9:8.432,12.235,32.445,24.578,3.374,250.0,250.0,81.734,23.252,9.039,72.114,50.084,31.059,19.025,30.682,7.087,0.718,6.369,6.343,0.000,0.000,0.000,0.000,42.0,
17.11.2025,12:9:9.443,21.750,27.291,19.851,3.008,250.0,250.0,77.826,35.728,9.102,73.905,51.249,31.773,19.476,31.396,66.826,11.557,55.269,6.726,0.000,0.000,0.000,0.000,42.0,
17.11.2025,12:9:10.442,19.032,26.561,19.130,3.000,250.0,250.0,79.397,23.415,9.030,72.759,50.485,31.305,19.180,30.928,7.058,0.715,6.343,6.343,0.000,0.000,0.000,0.000,42.0,
17.11.2025,12:9:11.431,17.672,24.995,17.543,3.003,250.0,250.0,80.839,45.275,8.911,71.931,49.908,30.952,18.956,30.575,117.514,33.619,83.895,6.489,0.000,0.000,0.000,0.000,42.0,
17.11.2025,12:9:12.442,14.953,24.708,17.263,3.029,250.0,250.0,77.895,23.523,8.884,73.309,50.737,31.454,19.283,31.077,7.067,0.715,6.352,6.352,0.000,0.000,0.000,2.375,42.0,
17.11.2025,12:9:13.438,19.032,25.726,18.301,2.999,250.0,250.0,81.382,23.471,8.871,72.898,50.465,31.293,19.172,30.916,7.316,0.809,6.507,6.463,0.000,0.000,1.125,0.000,42.0,
17.11.2025,12:9:14.438,9.516,27.234,19.803,3.014,250.0,250.0,78.100,23.388,8.900,72.756,50.416,31.254,19.162,30.877,7.079,0.718,6.361,6.361,0.000,0.000,0.000,0.000,42.0,
17.11.2025,12:9:15.433,23.110,25.766,18.323,3.028,250.0,250.0,81.560,46.866,8.897,71.680,49.741,30.842,18.899,30.465,125.694,34.812,90.882,6.751,0.000,0.000,0.000,0.000,42.0,
17.11.2025,12:9:16.433,23.110,25.766,18.323,3.028,250.0,250.0,78.351,23.664,8.894,73.842,51.066,31.661,19.405,31.284,7.066,0.714,6.352,6.352,0.000,0.000,0.000,0.000,42.0,
17.11.2025,12:9:17.434,23.110,27.765,20.289,3.035,250.0,250.0,81.843,23.675,8.932,73.711,51.017,31.639,19.378,31.262,7.183,0.737,6.446,6.446,0.000,0.000,0.000,0.000,42.0,
17.11.2025,12:9:18.433,25.829,28.276,20.757,3.075,250.0,250.0,80.262,33.558,8.906,76.673,52.791,32.732,20.059,32.343,7.149,0.753,6.396,97.774,0.000,0.000,0.000,0.000,42.0,
17.11.2025,12:9:19.429,23.110,25.205,17.770,3.037,250.0,250.0,78.778,23.816,8.891,74.309,51.363,31.851,19.512,31.475,7.167,0.738,6.429,6.429,0.000,0.000,0.000,0.000,42.0,
17.11.2025,12:9:20.442,13.594,25.655,18.173,3.026,250.0,250.0,82.032,46.983,8.845,72.494,50.201,31.122,19.079,30.746,125.374,34.763,90.611,6.598,0.000,0.000,0.000,0.000,42.0,
17.11.2025,12:9:21.438,23.110,27.380,19.932,3.022,250.0,250.0,77.609,23.667,8.944,73.779,51.060,31.665,19.395,31.288,7.078,0.717,6.361,6.378,0.000,0.000,0.000,0.000,42.0,
17.11.2025,12:9:22.434,8.156,25.055,17.609,3.037,250.0,250.0,81.939,28.397,8.903,68.283,47.665,29.555,18.110,29.203,37.960,13.337,24.623,6.335,0.000,0.000,0.000,0.000,42.0,
17.11.2025,12:9:23.429,10.875,26.373,18.931,3.026,250.0,250.0,78.367,23.718,9.028,73.898,51.191,31.744,19.447,31.367,7.078,0.717,6.361,6.352,0.000,0.000,0.000,0.000,42.0,
17.11.2025,12:9:24.434,23.110,27.703,20.211,3.037,250.0,250.0,82.189,23.555,8.934,73.197,50.700,31.444,19.256,31.067,7.244,0.747,6.497,6.463,0.000,0.000,0.000,2.375,42.0,
17.11.2025,12:9:25.435,28.547,27.657,20.183,3.060,250.0,250.0,81.889,23.284,8.899,70.144,48.821,30.264,18.557,29.899,8.752,1.225,7.527,8.749,0.000,0.000,0.000,0.000,42.0,
17.11.2025,12:9:26.438,24.469,26.190,18.661,3.046,250.0,250.0,77.966,23.524,8.850,73.331,50.744,31.466,19.278,31.077,7.066,0.714,6.352,6.361,0.000,0.000,0.000,0.000,42.0,
17.11.2025,12:9:27.437,20.391,27.893,20.403,3.050,250.0,250.0,81.818,23.604,8.896,73.455,50.837,31.524,19.313,31.146,7.206,0.743,6.463,6.454,0.000,0.000,0.000,0.000,42.0,
17.11.2025,12:9:28.433,23.110,25.186,17.766,3.013,250.0,250.0,75.219,23.311,8.871,72.471,50.207,31.140,19.067,30.763,7.105,0.727,6.378,6.378,0.000,0.000,0.000,0.000,42.0,
17.11.2025,12:9:29.434,23.110,28.622,21.063,3.082,250.0,250.0,83.053,31.909,8.919,88.307,60.002,37.202,22.800,36.752,28.469,8.335,20.134,8.170,0.000,0.000,0.000,0.000,42.0,
17.11.2025,12:9:30.434,17.672,27.616,20.110,3.067,250.0,250.0,78.868,23.588,8.916,73.527,50.873,31.550,19.323,31.173,7.078,0.717,6.361,6.361,0.000,0.000,0.000,0.000,30.0,
17.11.2025,12:9:31.433,20.391,28.585,21.131,3.036,250.0,250.0,82.532,23.739,9.052,73.881,51.192,31.749,19.443,31.360,7.149,0.737,6.412,6.412,0.000,0.000,0.000,0.000,30.0,
17.11.2025,12:9:32.431,12.235,25.221,17.692,3.068,250.0,250.0,82.139,35.409,8.955,73.235,50.727,31.447,19.280,31.070,66.424,11.425,54.999,6.530,0.000,0.000,0.000,0.000,30.0,
17.11.2025,12:9:33.428,23.110,26.044,18.545,3.048,250.0,250.0,79.130,23.526,8.968,73.204,50.727,31.455,19.272,31.066,7.108,0.730,6.378,6.352,0.000,0.000,0.000,0.000,30.0,
17.11.2025,12:9:34.436,9.516,26.257,18.773,3.064,250.0,250.0,82.443,23.921,8.848,74.784,51.624,32.012,19.612,31.623,7.143,0.723,6.420,6.420,0.000,0.000,0.000,2.250,30.0,
17.11.2025,12:9:35.435,13.594,26.991,19.515,3.022,250.0,250.0,81.932,47.157,8.873,72.806,50.411,31.260,19.151,30.883,125.730,34.790,90.940,6.726,0.000,0.000,0.000,0.000,30.0,
17.11.2025,12:9:36.431,12.235,25.750,18.343,3.021,250.0,250.0,78.207,23.524,8.826,73.343,50.725,31.450,19.275,31.073,7.083,0.722,6.361,6.386,0.000,0.000,0.000,0.000,30.0,
17.11.2025,12:9:37.433,13.594,26.165,18.658,3.034,250.0,250.0,81.128,16.758,8.862,47.319,34.778,21.567,13.211,21.311,7.095,0.760,6.335,6.343,0.000,0.000,0.000,0.000,30.0,
17.11.2025,12:9:38.431,12.235,24.982,17.545,3.024,250.0,250.0,79.094,23.515,8.896,73.261,50.712,31.448,19.264,31.071,7.066,0.714,6.352,6.369,0.000,0.000,0.000,0.000,30.0,
17.11.2025,12:9:39.428,24.469,24.613,17.180,2.995,250.0,250.0,82.524,23.451,8.895,72.882,50.480,31.295,19.185,30.918,7.174,0.728,6.446,6.505,0.000,0.000,0.375,0.000,30.0,
17.11.2025,12:9:40.442,17.672,25.414,17.992,3.001,250.0,250.0,78.989,23.419,8.894,72.901,50.488,31.304,19.184,30.928,7.067,0.715,6.352,6.361,0.000,0.000,0.000,0.000,30.0,
17.11.2025,12:9:41.437,19.032,25.782,18.326,2.992,250.0,250.0,82.365,23.675,8.858,73.633,50.923,31.578,19.345,31.201,7.321,0.812,6.509,6.573,0.000,0.000,0.250,0.000,30.0,
17.11.2025,12:9:42.440,20.391,25.845,18.442,3.011,250.0,250.0,80.632,45.869,8.909,80.931,55.443,34.384,21.059,33.971,57.629,21.213,36.416,108.734,0.000,0.000,0.000,0.000,30.0,
17.11.2025,12:9:43.437,20.391,26.871,19.396,3.011,250.0,250.0,80.981,23.904,8.894,74.733,51.632,32.017,19.615,31.628,7.078,0.717,6.361,6.361,0.000,0.000,0.000,0.000,30.0,
17.11.2025,12:9:44.434,13.594,25.416,17.952,3.021,250.0,250.0,81.880,23.661,8.893,73.731,50.994,31.618,19.376,31.241,7.164,0.735,6.429,6.429,0.000,0.000,0.000,0.000,30.0,
17.11.2025,12:9:45.430,19.032,26.035,18.566,3.029,250.0,250.0,80.765,22.574,8.948,69.582,48.518,30.085,18.433,29.719,7.058,0.715,6.343,6.343,0.000,0.000,0.000,0.000,30.0,
17.11.2025,12:9:46.429,9.516,26.735,19.258,3.036,250.0,250.0,80.889,23.680,8.882,73.788,51.050,31.654,19.396,31.264,7.164,0.726,6.438,6.438,0.000,0.000,2.125,0.000,30.0,
17.11.2025,12:9:47.437,17.672,24.840,17.399,3.017,250.0,250.0,82.033,19.873,8.986,59.195,42.149,26.130,16.019,25.814,7.048,0.713,6.335,6.335,0.000,0.000,0.000,0.000,30.0,
17.11.2025,12:9:48.436,16.313,27.714,20.278,3.030,250.0,250.0,78.512,23.587,8.835,73.539,50.843,31.524,19.319,31.147,7.131,0.728,6.403,6.403,0.000,0.000,0.000,0.000,30.0,
17.11.2025,12:9:49.434,17.672,27.260,19.731,3.040,250.0,250.0,81.919,23.311,8.821,72.349,50.093,31.070,19.023,30.693,7.270,0.748,6.522,6.522,0.000,0.000,0.000,0.000,30.0,
17.11.2025,12:9:50.446,16.313,26.492,19.061,3.025,250.0,250.0,80.301,31.199,8.834,73.235,50.671,31.421,19.250,31.044,7.050,0.715,6.335,83.437,0.000,0.000,0.000,0.000,30.0,
17.11.2025,12:9:51.461,17.672,27.954,20.509,3.018,250.0,250.0,79.511,23.401,8.834,72.829,50.414,31.262,19.152,30.885,7.121,0.727,6.394,6.394,0.000,0.000,0.000,0.000,30.0,
17.11.2025,12:9:52.474,20.391,27.430,19.931,3.032,250.0,250.0,82.607,23.792,8.905,74.103,51.250,31.784,19.466,31.395,7.254,0.749,6.505,6.505,0.000,0.000,0.000,0.000,30.0,
17.11.2025,12:9:53.470,12.235,26.342,18.927,3.012,250.0,250.0,81.960,43.236,8.905,71.136,49.408,30.637,18.771,30.260,108.263,32.328,75.935,6.718,0.000,0.000,0.000,0.000,30.0,
17.11.2025,12:9:54.468,25.829,26.065,18.575,3.021,250.0,250.0,75.869,22.173,9.024,67.949,47.534,29.472,18.062,29.119,7.095,0.717,6.378,6.378,0.000,0.000,0.000,0.000,30.0,
17.11.2025,12:9:55.469,29.907,25.907,18.438,3.063,250.0,250.0,80.232,22.529,8.979,69.115,48.232,29.908,18.324,29.543,7.349,0.751,6.598,6.489,0.000,0.000,0.000,1.625,30.0,
17.11.2025,12:9:56.472,19.032,26.502,19.017,3.056,250.0,250.0,77.353,22.294,8.917,68.529,47.806,29.642,18.164,29.289,7.113,0.719,6.394,6.369,0.000,0.000,0.000,0.000,30.0,
17.11.2025,12:9:57.472,20.391,25.670,18.174,3.032,250.0,250.0,80.143,44.340,8.821,69.012,48.060,29.806,18.254,29.441,116.595,33.084,83.511,6.820,0.000,0.000,0.000,0.000,30.0,
17.11.2025,12:9:58.474,16.313,25.105,17.677,3.023,250.0,250.0,75.799,22.141,8.834,68.064,47.480,29.444,18.036,29.092,7.048,0.721,6.327,6.361,0.000,0.000,0.000,0.000,30.0,
17.11.2025,12:9:59.465,19.032,27.001,19.592,2.955,250.0,250.0,72.132,22.259,8.919,68.414,47.749,29.603,18.146,29.251,7.068,0.725,6.343,6.369,0.001,0.000,0.000,0.000,30.0,
17.11.2025,12:10:0.468,17.672,26.558,19.152,2.990,250.0,250.0,73.886,22.323,8.930,68.634,47.889,29.697,18.192,29.332,7.080,0.719,6.361,6.394,0.000,0.000,0.000,0.000,30.0,
17.11.2025,12:10:1.463,14.953,25.176,17.647,3.093,250.0,250.0,68.848,23.316,8.919,72.413,50.179,31.116,19.063,30.739,7.163,0.802,6.361,6.403,0.000,0.000,0.000,0.000,30.0,
17.11.2025,12:10:2.463,12.235,27.100,19.612,3.051,250.0,250.0,70.501,23.290,8.858,72.463,50.184,31.126,19.058,30.749,7.057,0.714,6.343,6.343,0.000,0.000,0.000,0.000,30.0,
17.11.2025,12:10:3.461,12.235,26.474,19.044,3.028,250.0,250.0,80.585,23.353,8.879,72.474,50.226,31.142,19.084,30.766,7.244,0.781,6.463,6.471,0.000,0.000,0.000,0.000,30.0,
17.11.2025,12:10:4.472,19.032,24.857,17.389,3.025,250.0,250.0,78.410,23.404,8.922,72.826,50.459,31.284,19.175,30.907,7.057,0.714,6.343,6.352,0.000,0.000,0.000,0.000,30.0,
17.11.2025,12:10:5.488,13.594,26.678,19.225,3.010,250.0,250.0,80.722,21.435,8.827,45.095,33.364,20.686,12.678,20.442,7.436,0.778,6.658,58.387,0.000,0.000,0.000,0.000,30.0,
17.11.2025,12:10:6.486,13.594,28.481,21.009,3.021,250.0,250.0,78.221,23.329,8.848,72.450,50.196,31.124,19.072,30.747,7.194,0.731,6.463,6.463,0.000,0.000,0.000,0.000,30.0,
17.11.2025,12:10:7.483,16.313,27.815,20.351,3.041,250.0,250.0,79.850,23.628,8.821,73.751,50.967,31.604,19.363,31.227,7.087,0.718,6.369,6.369,0.000,0.000,0.000,0.000,30.0,
17.11.2025,12:10:8.477,14.953,26.868,19.363,3.038,250.0,250.0,80.803,32.118,8.869,72.273,50.089,31.062,19.027,30.685,51.205,6.654,44.551,6.769,0.000,0.000,0.000,0.000,30.0,
17.11.2025,12:10:9.485,16.313,34.322,26.269,3.552,250.0,250.0,81.473,23.691,8.965,73.806,51.112,31.691,19.421,31.302,7.111,0.725,6.386,6.386,0.000,0.000,0.000,1.125,30.0,
17.11.2025,12:10:10.486,19.032,26.918,19.404,3.087,250.0,250.0,80.111,23.561,8.918,73.439,50.826,31.521,19.305,31.144,7.057,0.714,6.343,6.343,0.000,0.000,0.000,0.000,30.0,
17.11.2025,12:10:11.483,19.032,26.445,19.005,2.990,250.0,250.0,77.752,23.443,8.943,72.857,50.487,31.303,19.184,30.926,7.152,0.723,6.429,6.429,0.000,0.000,0.000,0.000,30.0,
17.11.2025,12:10:12.483,24.469,28.451,21.026,3.030,250.0,250.0,80.198,23.370,8.821,72.804,50.379,31.236,19.143,30.859,7.057,0.714,6.343,6.343,0.000,0.000,0.000,0.000,30.0,
17.11.2025,12:10:13.479,14.953,26.095,18.640,3.041,250.0,250.0,79.502,46.616,8.857,71.042,49.317,30.585,18.732,30.208,125.451,34.735,90.716,6.522,0.000,0.000,0.000,0.000,30.0,
17.11.2025,12:10:14.477,10.875,26.937,19.453,3.014,250.0,250.0,77.531,23.521,8.869,73.307,50.725,31.447,19.278,31.070,7.079,0.718,6.361,6.361,0.000,0.000,0.000,0.000,30.0,
17.11.2025,12:10:15.486,24.469,26.222,18.759,3.035,250.0,250.0,81.850,23.155,8.907,71.808,49.832,30.899,18.933,30.522,7.123,0.720,6.403,6.403,0.000,0.000,1.250,0.000,30.0,
17.11.2025,12:10:16.483,12.235,27.112,19.660,3.067,250.0,250.0,81.952,47.629,8.941,74.353,51.406,31.872,19.534,31.495,126.066,35.033,91.033,6.556,0.000,0.000,0.000,0.000,30.0,
17.11.2025,12:10:17.479,12.235,28.032,20.499,3.082,250.0,250.0,77.794,23.446,8.954,72.916,50.543,31.332,19.211,30.955,7.083,0.722,6.361,6.386,0.000,0.000,0.000,0.000,30.0,
17.11.2025,12:10:18.492,12.235,26.770,19.280,3.042,250.0,250.0,81.413,23.333,8.964,72.357,50.195,31.134,19.061,30.757,7.202,0.739,6.463,6.463,0.000,0.000,0.000,2.500,30.0,
17.11.2025,12:10:19.504,16.313,27.075,19.634,3.016,250.0,250.0,78.305,23.346,8.822,72.694,50.328,31.213,19.115,30.836,7.049,0.714,6.335,6.352,0.000,0.000,0.000,0.000,30.0,
17.11.2025,12:10:20.495,19.032,27.316,19.805,3.065,250.0,250.0,81.901,23.788,8.834,74.261,51.314,31.822,19.492,31.433,7.137,0.734,6.403,6.446,0.000,0.000,0.000,0.000,30.0,
17.11.2025,12:10:21.492,12.235,25.985,18.536,3.046,250.0,250.0,81.718,46.432,8.846,84.744,57.759,35.812,21.947,35.387,106.738,32.194,74.544,6.343,0.000,0.000,0.000,0.000,30.0,
17.11.2025,12:10:22.498,24.469,28.702,21.215,3.037,250.0,250.0,79.730,23.517,8.878,73.251,50.690,31.432,19.258,31.055,7.102,0.724,6.378,6.403,0.000,0.000,0.000,0.000,30.0,
17.11.2025,12:10:23.512,19.032,26.977,19.496,3.043,250.0,250.0,81.527,23.485,8.871,73.021,50.547,31.339,19.208,30.962,7.214,0.743,6.471,6.471,0.000,0.000,0.000,0.000,30.0,
17.11.2025,12:10:24.510,20.391,26.507,19.031,3.063,250.0,250.0,80.527,52.586,8.857,70.934,49.273,30.546,18.727,30.181,8.574,1.296,7.278,300.194,0.000,0.000,0.000,0.000,30.0,
17.11.2025,12:10:25.511,19.032,24.538,17.066,3.039,250.0,250.0,78.986,23.179,8.881,71.975,49.910,30.948,18.962,30.571,7.086,0.717,6.369,6.369,0.000,0.000,0.000,0.000,30.0,
17.11.2025,12:10:26.510,23.110,25.638,18.189,3.025,250.0,250.0,81.622,47.333,8.819,73.214,50.643,31.404,19.239,31.027,126.069,34.976,91.093,6.845,0.000,0.000,0.000,0.000,30.0,
17.11.2025,12:10:27.507,17.672,26.191,18.707,3.033,250.0,250.0,78.585,23.143,8.797,71.946,49.837,30.899,18.938,30.534,7.066,0.714,6.352,6.352,0.000,0.000,0.000,0.000,30.0,
17.11.2025,12:10:28.507,16.313,26.496,19.002,3.043,250.0,250.0,81.331,25.094,8.820,71.578,49.637,30.781,18.856,30.404,17.193,2.399,14.794,6.480,0.000,0.000,0.000,0.125,30.0,
17.11.2025,12:10:29.520,12.235,25.969,18.512,3.012,250.0,250.0,78.155,23.773,8.811,74.305,51.330,31.825,19.505,31.436,7.078,0.717,6.361,6.361,0.000,0.000,0.000,0.000,30.0,
17.11.2025,12:10:30.518,17.672,24.732,17.231,3.048,250.0,250.0,81.566,36.207,8.880,72.722,50.378,31.243,19.135,30.866,71.136,12.701,58.435,6.573,0.000,0.000,0.000,0.000,30.0,
17.11.2025,12:10:31.519,17.672,27.319,19.885,3.011,250.0,250.0,77.879,23.491,8.980,73.102,50.656,31.413,19.243,31.036,7.066,0.714,6.352,6.352,0.000,0.000,0.000,0.000,30.0,
17.11.2025,12:10:32.516,10.875,27.045,19.610,3.049,250.0,250.0,81.508,28.969,8.928,68.810,47.998,29.757,18.241,29.404,40.088,14.258,25.830,6.378,0.000,0.000,0.000,0.000,30.0,
17.11.2025,12:10:33.519,17.672,26.134,18.666,3.003,250.0,250.0,78.136,23.660,8.866,73.832,51.057,31.660,19.397,31.271,7.078,0.717,6.361,6.361,0.000,0.000,0.000,2.000,30.0,
17.11.2025,12:10:34.520,33.985,27.385,19.974,3.030,250.0,250.0,82.042,25.179,8.806,73.278,50.663,31.414,19.249,31.037,15.346,2.000,13.346,6.650,0.000,0.000,0.000,0.000,30.0,
17.11.2025,12:10:35.519,19.032,27.102,19.628,3.027,250.0,250.0,78.057,23.306,8.842,72.511,50.195,31.123,19.072,30.759,7.086,0.717,6.369,6.386,0.000,0.000,0.000,0.000,30.0,
17.11.2025,12:10:36.518,19.032,26.614,19.115,3.031,250.0,250.0,80.688,24.879,8.818,72.306,50.077,31.048,19.029,30.671,15.167,2.001,13.166,6.505,0.001,0.000,0.000,0.000,30.0,
17.11.2025,12:10:37.510,16.313,24.935,17.513,3.032,250.0,250.0,78.334,22.152,8.855,68.071,47.513,29.466,18.047,29.113,7.057,0.714,6.343,6.343,0.000,0.000,0.000,0.000,30.0,
17.11.2025,12:10:38.508,16.313,26.927,19.457,3.012,250.0,250.0,80.351,28.950,8.869,71.528,49.622,30.772,18.850,30.395,36.461,4.915,31.546,6.539,0.000,0.000,0.000,0.000,30.0,
17.11.2025,12:10:39.517,25.829,25.342,17.918,2.987,250.0,250.0,78.614,23.383,8.990,72.664,50.414,31.263,19.151,30.886,7.057,0.714,6.343,6.343,0.000,0.000,0.000,0.000,30.0,
17.11.2025,12:10:40.515,13.594,25.668,18.241,3.004,250.0,250.0,78.520,23.484,8.872,73.071,50.572,31.352,19.220,30.975,7.155,0.769,6.386,6.463,0.000,0.000,0.000,0.000,30.0,
17.11.2025,12:10:41.514,16.313,25.646,18.226,2.988,250.0,250.0,77.892,23.586,8.856,73.511,50.850,31.534,19.316,31.157,7.107,0.721,6.386,6.420,0.000,0.000,0.000,0.000,30.0,
17.11.2025,12:10:42.511,20.391,27.249,19.786,3.033,250.0,250.0,78.421,23.491,8.847,73.239,50.670,31.414,19.256,31.037,7.049,0.714,6.335,6.352,0.000,0.000,0.000,0.000,30.0,
17.11.2025,12:10:43.522,23.110,28.742,21.292,3.009,250.0,250.0,80.577,24.426,8.812,73.741,50.968,31.608,19.360,31.231,10.976,1.363,9.613,6.590,0.000,0.000,0.000,0.000,30.0,
17.11.2025,12:10:44.533,27.188,24.309,16.839,2.997,250.0,250.0,77.644,23.108,8.857,71.705,49.731,30.840,18.891,30.463,7.105,0.719,6.386,6.386,0.000,0.000,0.000,0.000,30.0,
17.11.2025,12:10:45.528,21.750,27.104,19.718,2.990,250.0,250.0,77.644,23.108,8.857,71.705,49.731,30.840,18.891,30.463,7.105,0.719,6.386,6.386,0.000,0.000,0.000,0.000,30.0,
17.11.2025,12:10:46.525,17.672,24.278,16.847,3.027,250.0,250.0,80.891,34.000,8.873,72.702,50.342,31.219,19.123,30.843,60.189,8.852,51.337,6.522,0.000,0.000,0.000,0.000,30.0,
17.11.2025,12:10:47.550,28.547,26.615,19.180,3.011,250.0,250.0,81.423,23.394,8.867,73.673,50.946,31.591,19.355,31.202,7.278,0.739,6.539,6.539,0.000,0.000,0.000,0.000,30.0,
17.11.2025,12:10:48.548,13.594,26.541,19.058,3.014,250.0,250.0,81.423,23.673,8.867,73.673,50.946,31.591,19.355,31.202,7.278,0.739,6.539,6.539,0.000,0.000,0.250,0.000,30.0,
17.11.2025,12:10:49.548,21.750,27.103,19.616,3.053,250.0,250.0,82.042,22.029,8.908,67.447,47.171,29.245,17.926,28.892,7.175,0.823,6.352,6.352,0.000,0.000,0.000,1.375,30.0,
17.11.2025,12:10:50.557,10.875,28.561,20.952,3.192,250.0,250.0,78.131,23.703,8.907,73.900,51.123,31.702,19.421,31.325,7.126,0.723,6.403,6.403,0.000,0.000,0.000,0.000,30.0,
17.11.2025,12:10:51.556,9.516,26.887,19.275,3.118,250.0,250.0,81.570,23.119,8.869,71.790,49.790,30.875,18.915,30.498,7.057,0.714,6.343,6.343,0.000,0.000,1.000,0.000,30.0,
17.11.2025,12:10:52.555,17.672,33.179,25.408,3.282,250.0,250.0,77.886,23.407,8.833,72.847,50.407,31.255,19.152,30.879,7.140,0.728,6.412,6.412,0.000,0.000,0.000,0.000,30.0,
17.11.2025,12:10:53.554,10.875,27.534,20.017,3.096,250.0,250.0,82.292,21.707,8.817,66.378,46.473,28.820,17.653,28.467,7.057,0.714,6.343,6.352,0.000,0.000,0.000,0.000,30.0,
17.11.2025,12:10:54.569,16.313,27.682,20.102,3.119,250.0,250.0,78.450,27.312,8.932,76.357,52.664,32.657,20.007,32.268,21.787,2.895,18.892,6.658,0.000,0.000,0.000,0.000,30.0,
17.11.2025,12:10:55.553,19.032,27.664,20.171,3.010,250.0,250.0,77.875,22.231,8.885,68.304,47.667,29.551,18.116,29.198,7.100,0.722,6.378,6.386,0.000,0.000,0.000,0.000,30.0,
17.11.2025,12:10:56.558,23.110,24.305,16.852,3.002,250.0,250.0,77.351,22.339,8.882,68.775,47.950,29.733,18.217,29.369,7.057,0.714,6.343,6.352,0.000,0.000,0.000,1.750,30.0,
17.11.2025,12:10:57.559,14.953,25.667,18.240,3.018,250.0,250.0,76.771,66.274,8.890,87.340,59.348,36.801,22.547,36.364,28.810,8.407,20.403,353.831,0.000,0.000,0.000,0.000,30.0,
17.11.2025,12:10:58.556,21.750,25.673,18.240,2.987,250.0,250.0,80.369,21.982,8.793,67.318,46.998,29.140,17.858,28.787,7.251,0.746,6.505,6.429,0.000,0.000,0.000,0.000,30.0,
17.11.2025,12:10:59.559,21.750,25.673,18.240,2.987,250.0,250.0,76.874,21.960,8.797,67.392,47.042,29.176,17.866,28.824,7.071,0.719,6.352,6.361,0.000,0.000,0.000,0.000,30.0,
17.11.2025,12:11:0.561,21.750,24.461,17.033,2.954,250.0,250.0,73.196,38.928,8.871,68.259,47.615,29.530,18.085,29.177,90.506,23.502,67.004,6.726,0.000,0.000,0.000,0.000,30.0,
17.11.2025,12:11:1.565,20.391,25.883,18.510,2.973,250.0,250.0,74.086,26.247,8.847,69.333,48.280,29.937,18.343,29.572,25.802,2.989,22.813,6.556,0.000,0.000,0.000,0.000,30.0,
17.11.2025,12:11:2.560,20.391,25.703,18.271,2.982,250.0,250.0,73.283,13.436,8.818,34.640,26.954,16.712,10.242,16.505,7.091,0.722,6.369,6.310,0.000,0.000,0.000,0.000,30.0,
17.11.2025,12:11:3.556,20.391,25.365,17.865,3.070,250.0,250.0,62.679,23.185,8.894,71.949,49.887,30.941,18.946,30.564,7.122,0.728,6.394,6.429,0.000,0.000,0.000,0.000,30.0,
17.11.2025,12:11:4.566,12.235,26.620,19.162,3.002,250.0,250.0,77.495,23.446,8.928,72.955,50.552,31.348,19.204,30.959,7.079,0.718,6.361,6.361,0.000,0.000,0.000,0.000,30.0,
17.11.2025,12:11:5.567,17.672,26.283,18.864,3.003,250.0,250.0,80.821,35.121,8.819,74.619,51.473,31.911,19.562,31.523,63.484,23.362,40.122,6.335,0.000,0.000,0.000,0.000,30.0,
17.11.2025,12:11:6.566,20.391,24.737,17.288,3.014,250.0,250.0,77.163,23.476,8.838,73.094,50.581,31.358,19.223,30.981,7.142,0.739,6.403,6.403,0.000,0.000,0.000,0.000,30.0,
17.11.2025,12:11:7.561,19.032,24.511,17.067,2.998,250.0,250.0,80.830,23.294,8.822,72.517,50.207,31.133,19.074,30.756,7.049,0.714,6.335,6.335,0.000,0.000,0.000,0.000,30.0,
17.11.2025,12:11:8.559,23.110,27.267,19.820,3.003,250.0,250.0,81.558,23.550,8.832,73.399,50.756,31.479,19.277,31.102,7.126,0.723,6.403,6.403,0.000,0.000,0.000,0.000,30.0,
17.11.2025,12:11:9.559,16.313,24.808,17.373,2.993,250.0,250.0,80.784,35.481,8.808,72.711,50.324,31.203,19.121,30.826,67.597,11.759,55.838,6.624,0.000,0.000,0.000,0.000,30.0,
17.11.2025,12:11:10.568,21.750,29.094,21.346,3.272,250.0,250.0,77.945,23.953,8.857,74.890,51.701,32.057,19.644,31.680,7.181,0.796,6.385,6.343,0.000,0.000,0.000,0.000,30.0,
17.11.2025,12:11:11.565,23.110,30.117,22.190,3.450,250.0,250.0,81.408,23.248,8.841,72.054,49.921,30.956,18.965,30.580,7.347,0.796,6.551,6.463,0.000,0.000,0.000,2.375,30.0,
17.11.2025,12:11:12.565,10.875,25.351,17.870,3.008,250.0,250.0,77.320,23.506,8.854,73.229,50.659,31.416,19.243,31.027,7.134,0.773,6.361,6.361,0.000,0.000,0.000,0.000,30.0,
17.11.2025,12:11:13.567,20.391,26.015,18.603,3.023,250.0,250.0,77.754,28.821,8.806,74.197,51.216,31.755,19.461,31.378,7.057,0.714,6.343,57.281,0.000,0.000,0.000,0.000,30.0,
17.11.2025,12:11:14.562,25.829,26.736,19.258,3.033,250.0,250.0,80.762,23.417,8.793,72.861,50.409,31.249,19.160,30.872,7.202,0.782,6.420,6.420,0.000,0.000,0.000,0.000,30.0,
17.11.2025,12:11:15.558,19.032,25.652,18.174,3.038,250.0,250.0,79.279,23.529,8.833,73.363,50.734,31.457,19.277,31.080,7.078,0.726,6.352,6.394,0.000,0.000,0.000,0.000,30.0,
17.11.2025,12:11:16.555,12.235,24.854,17.384,3.041,250.0,250.0,81.557,47.111,8.858,72.684,50.349,31.211,19.138,30.834,125.626,34.684,90.942,6.786,0.000,0.000,2.500,0.000,30.0,
17.11.2025,12:11:17.555,17.672,25.160,17.705,3.016,250.0,250.0,78.837,23.104,8.845,71.736,49.744,30.841,18.903,30.464,7.078,0.717,6.361,6.352,0.000,0.000,0.000,0.000,30.0,
17.11.2025,12:11:18.557,24.469,29.312,21.801,3.073,250.0,250.0,78.072,35.347,8.784,53.686,38.619,23.940,14.679,23.648,7.193,0.730,6.463,175.727,0.000,0.000,2.125,0.000,30.0,
17.11.2025,12:11:19.569,23.110,28.119,20.693,3.000,250.0,250.0,78.116,23.625,8.835,73.657,50.926,31.579,19.347,31.202,7.144,0.724,6.420,6.420,0.000,0.000,0.000,0.000,30.0,
17.11.2025,12:11:20.580,13.594,26.275,18.855,2.988,250.0,250.0,78.864,22.021,8.799,67.610,47.210,29.283,17.927,28.930,7.050,0.715,6.335,6.352,0.000,0.000,0.000,0.000,30.0,
17.11.2025,12:11:21.579,19.032,26.548,19.104,2.997,250.0,250.0,80.499,40.059,8.821,73.603,50.895,31.563,19.332,31.174,89.295,19.681,69.614,6.616,0.000,0.000,0.000,0.000,30.0,
17.11.2025,12:11:22.576,14.953,26.154,18.722,2.998,250.0,250.0,78.376,23.424,8.893,72.888,50.481,31.300,19.181,30.923,7.096,0.718,6.378,6.378,0.001,0.000,0.000,0.000,30.0,
17.11.2025,12:11:23.572,19.032,25.440,18.055,2.983,250.0,250.0,81.589,43.182,8.888,72.459,50.190,31.120,19.070,30.755,106.282,28.166,78.116,6.777,0.000,0.000,2.125,0.000,30.0,
17.11.2025,12:11:24.584,23.110,26.186,18.754,3.014,250.0,250.0,78.015,23.404,8.892,72.835,50.439,31.285,19.154,30.908,7.083,0.722,6.361,6.361,0.000,0.000,0.000,0.000,30.0,
17.11.2025,12:11:25.570,21.750,25.047,17.658,2.965,250.0,250.0,82.671,45.197,8.941,73.038,50.612,31.387,19.225,31.010,115.522,31.034,84.488,6.718,0.000,0.000,0.000,0.000,30.0,
17.11.2025,12:11:26.582,20.391,26.164,18.792,2.980,250.0,250.0,77.659,23.910,8.904,74.706,51.625,32.014,19.611,31.625,7.113,0.727,6.386,6.386,0.000,0.000,0.000,0.000,30.0,
17.11.2025,12:11:27.577,12.235,25.740,18.304,2.986,250.0,250.0,78.400,33.736,8.966,79.598,54.661,33.900,20.761,33.487,21.395,5.621,15.774,63.197,0.000,0.000,0.000,0.000,30.0,
17.11.2025,12:11:28.577,14.953,24.740,17.264,3.039,250.0,250.0,81.523,36.510,8.822,73.077,50.570,31.359,19.211,30.970,72.294,13.052,59.242,6.505,0.000,0.000,0.000,0.000,30.0,
17.11.2025,12:11:29.574,16.313,26.176,18.790,2.976,250.0,250.0,78.069,23.235,8.771,72.317,50.036,31.025,19.011,30.648,7.086,0.717,6.369,6.369,0.000,0.000,0.000,0.000,30.0,
17.11.2025,12:11:30.571,17.672,27.752,20.268,3.058,250.0,250.0,81.406,45.632,8.808,73.164,50.613,31.379,19.234,31.002,117.797,33.595,84.202,6.530,0.000,0.000,0.000,0.000,30.0,
17.11.2025,12:11:31.572,12.235,26.876,19.431,2.982,250.0,250.0,78.043,23.425,8.878,72.914,50.501,31.317,19.184,30.940,7.079,0.718,6.361,6.361,0.001,0.000,0.000,0.000,30.0,
17.11.2025,12:11:32.573,23.110,26.395,18.961,2.990,250.0,250.0,81.037,24.685,8.852,77.103,53.015,32.875,20.140,32.486,8.021,1.077,6.944,6.335,0.000,0.000,0.000,0.000,30.0,
17.11.2025,12:11:33.572,23.110,25.292,17.938,2.975,250.0,250.0,78.066,23.884,8.834,74.653,51.542,31.966,19.576,31.577,7.138,0.726,6.412,6.412,0.001,0.000,0.000,0.000,30.0,
17.11.2025,12:11:34.582,21.750,27.148,19.686,3.019,250.0,250.0,82.336,34.325,8.856,73.754,50.994,31.618,19.376,31.241,60.357,8.848,51.509,6.700,0.000,0.000,0.000,0.000,30.0,
17.11.2025,12:11:35.582,20.391,26.991,19.531,3.004,250.0,250.0,78.710,23.218,8.817,72.224,50.009,31.011,18.998,30.634,7.067,0.715,6.352,6.352,0.000,0.000,0.000,0.000,30.0,
17.11.2025,12:11:36.578,19.032,24.044,16.655,3.008,250.0,250.0,81.841,43.565,8.795,76.469,52.648,32.639,20.009,32.250,103.237,31.740,71.497,6.361,0.001,0.000,0.000,0.000,30.0,
17.11.2025,12:11:37.580,24.469,26.522,19.049,3.001,250.0,250.0,78.379,23.191,8.806,72.115,49.948,30.970,18.978,30.594,7.067,0.715,6.352,6.361,0.000,0.000,0.000,0.000,30.0,
17.11.2025,12:11:38.577,19.032,27.329,19.918,3.016,250.0,250.0,81.781,47.676,8.866,81.701,55.920,34.675,21.245,34.250,17.218,4.299,12.919,205.667,0.000,0.000,0.000,0.000,30.0,
17.11.2025,12:11:39.579,12.235,23.227,15.824,2.983,250.0,250.0,77.987,23.576,8.807,73.481,50.812,31.508,19.304,31.119,7.133,0.730,6.403,6.463,0.000,0.000,0.000,0.000,30.0,
17.11.2025,12:11:40.576,21.750,26.215,18.754,3.026,250.0,250.0,80.812,23.276,8.883,72.373,50.153,31.094,19.059,30.717,7.058,0.715,6.343,6.361,0.000,0.000,0.000,2.250,30.0,
17.11.2025,12:11:41.575,19.032,24.552,17.134,2.992,250.0,250.0,77.736,45.139,8.882,71.291,49.493,30.693,18.800,30.328,117.732,33.616,84.116,6.438,0.000,0.000,0.000,0.000,30.0,
17.11.2025,12:11:42.576,12.235,27.202,19.745,3.028,250.0,250.0,77.611,23.729,8.785,74.122,51.192,31.749,19.443,31.360,7.106,0.720,6.386,6.429,0.000,0.000,0.000,0.000,30.0,
17.11.2025,12:11:43.570,23.110,25.246,17.814,2.996,250.0,250.0,81.354,23.084,8.788,71.728,49.707,30.823,18.884,30.446,7.057,0.714,6.343,6.352,0.000,0.000,0.000,0.000,30.0,
17.11.2025,12:11:44.599,12.235,24.838,17.429,3.009,250.0,250.0,77.529,37.832,8.761,72.538,50.188,31.117,19.071,30.740,79.601,16.099,63.502,6.700,0.000,0.000,0.000,0.000,30.0,
17.11.2025,12:11:45.598,19.032,26.615,19.149,3.015,250.0,250.0,77.494,23.790,8.795,74.331,51.316,31.825,19.491,31.436,7.144,0.724,6.420,6.420,0.000,0.000,0.000,0.000,30.0,
17.11.2025,12:11:46.593,19.032,27.297,19.845,3.031,250.0,250.0,81.394,37.968,8.817,72.044,49.912,30.954,18.958,30.577,80.820,28.429,52.391,6.777,0.000,0.000,1.000,0.000,30.0,
17.11.2025,12:11:47.587,23.110,26.215,18.811,2.991,250.0,250.0,78.129,23.103,8.881,71.619,49.692,30.815,18.877,30.438,7.147,0.735,6.412,6.412,0.000,0.000,0.000,0.000,30.0,
17.11.2025,12:11:48.597,17.672,25.999,18.480,3.029,250.0,250.0,81.668,22.627,8.937,61.556,43.535,26.992,16.543,26.676,17.667,4.568,13.099,6.692,0.000,0.000,1.375,0.000,30.0,
17.11.2025,12:11:49.600,21.750,24.542,17.122,3.004,250.0,250.0,77.922,23.590,8.874,73.538,50.861,31.541,19.320,31.164,7.109,0.723,6.386,6.386,0.000,0.000,0.000,0.000,30.0,
17.11.2025,12:11:50.592,24.469,26.104,18.644,3.045,250.0,250.0,81.545,37.913,8.806,70.732,49.120,30.457,18.663,30.092,53.542,19.723,33.819,64.181,0.000,0.000,0.000,0.000,30.0,
17.11.2025,12:11:51.592,17.672,23.133,15.629,3.036,250.0,250.0,78.282,23.485,8.799,73.169,50.614,31.387,19.227,30.998,7.124,0.721,6.403,6.403,0.000,0.000,0.000,0.000,30.0,
17.11.2025,12:11:52.598,29.907,26.717,19.268,3.025,250.0,250.0,81.713,37.395,8.780,60.451,42.779,26.529,16.250,26.200,9.326,1.425,7.901,174.314,0.000,0.000,0.000,0.000,30.0,
17.11.2025,12:11:53.593,19.032,27.817,20.354,3.017,250.0,250.0,78.733,22.922,8.822,70.964,49.249,30.539,18.710,30.174,7.164,0.726,6.438,6.438,0.000,0.000,0.000,0.000,30.0,
17.11.2025,12:11:54.594,17.672,25.515,18.091,2.997,250.0,250.0,80.855,44.040,8.905,67.483,47.157,29.245,17.912,28.893,117.227,33.428,83.799,6.352,0.000,0.000,0.000,0.000,30.0,
17.11.2025,12:11:55.591,12.235,26.428,18.993,3.003,250.0,250.0,77.927,23.370,8.835,72.785,50.364,31.234,19.130,30.857,7.066,0.714,6.352,6.361,0.000,0.000,0.000,0.000,30.0,
17.11.2025,12:11:56.585,12.235,25.235,17.835,3.010,250.0,250.0,77.904,22.210,8.841,68.192,47.564,29.497,18.067,29.144,7.181,0.735,6.446,6.429,0.000,0.000,0.000,0.000,30.0,
17.11.2025,12:11:57.590,23.110,25.227,17.852,2.940,250.0,250.0,73.384,21.851,8.780,67.035,46.813,29.021,17.792,28.669,7.022,0.712,6.310,6.361,0.000,0.000,0.000,0.000,30.0,
17.11.2025,12:11:58.600,23.110,26.297,18.849,2.999,250.0,250.0,77.032,35.160,8.831,76.600,52.711,32.679,20.032,32.290,33.376,10.618,22.758,61.708,0.001,0.000,0.000,0.000,30.0,
17.11.2025,12:11:59.587,21.750,22.768,15.384,2.975,250.0,250.0,79.538,22.011,8.772,67.537,47.133,29.229,17.904,28.876,7.137,0.725,6.412,6.386,0.000,0.000,0.000,0.000,30.0,
17.11.2025,12:12:0.590,19.032,27.403,19.949,2.992,250.0,250.0,76.179,40.165,8.824,67.427,47.088,29.194,17.894,28.842,97.818,27.062,70.756,6.743,0.000,0.000,0.000,0.000,30.0,
17.11.2025,12:12:1.589,10.875,24.351,16.978,2.941,250.0,250.0,70.485,14.153,8.797,37.361,28.623,17.743,10.880,17.535,7.127,0.809,6.318,6.335,0.000,0.000,0.000,0.000,30.0,
17.11.2025,12:12:2.585,17.672,26.260,18.857,2.964,250.0,250.0,72.890,25.713,8.798,58.789,41.746,25.892,15.854,25.575,36.809,30.380,6.429,6.859,0.000,0.000,0.000,0.000,30.0,
17.11.2025,12:12:3.598,17.672,26.667,19.276,2.994,250.0,250.0,64.614,13.137,8.870,33.489,26.271,16.293,9.978,16.098,7.054,0.727,6.327,6.267,0.000,0.000,0.000,0.000,30.0,
17.11.2025,12:12:4.590,19.032,26.131,18.686,3.003,250.0,250.0,71.009,31.600,8.872,68.831,47.986,29.753,18.233,29.388,15.980,3.761,12.219,80.972,0.000,0.000,0.000,0.000,30.0,
17.11.2025,12:12:5.587,20.391,24.878,17.494,2.988,250.0,250.0,78.643,23.072,8.797,71.621,49.623,30.765,18.858,30.400,7.126,0.723,6.403,6.403,0.000,0.000,0.000,0.000,30.0,
17.11.2025,12:12:6.590,13.594,25.551,18.122,2.971,250.0,250.0,77.180,23.143,8.821,71.921,49.844,30.903,18.941,30.539,7.057,0.714,6.343,6.343,0.000,0.000,0.000,0.000,30.0,
17.11.2025,12:12:7.586,17.672,26.328,18.878,2.993,250.0,250.0,80.049,23.316,8.870,72.481,50.212,31.129,19.083,30.752,7.118,0.724,6.394,6.394,0.000,0.000,0.000,0.000,30.0,
17.11.2025,12:12:8.587,21.750,24.858,17.473,2.999,250.0,250.0,81.459,44.686,8.892,72.660,50.334,31.214,19.120,30.838,113.535,30.646,82.889,6.734,0.000,0.000,0.000,0.000,30.0,
17.11.2025,12:12:9.593,35.344,28.475,21.020,3.017,250.0,250.0,78.213,23.657,8.897,73.792,51.051,31.654,19.397,31.265,7.078,0.717,6.361,6.361,0.000,0.000,0.000,0.000,30.0,
17.11.2025,12:12:10.605,16.313,28.429,20.968,3.020,250.0,250.0,82.129,23.202,8.929,71.928,49.910,30.948,18.962,30.571,7.166,0.728,6.438,6.438,0.000,0.000,0.000,0.000,30.0,
17.11.2025,12:12:11.614,23.110,30.512,22.553,3.460,250.0,250.0,78.767,31.824,8.860,70.135,48.780,30.246,18.534,29.881,7.277,0.934,6.343,97.251,0.000,0.000,0.000,0.000,30.0,
17.11.2025,12:12:12.612,27.188,35.026,27.034,3.475,250.0,250.0,81.093,23.603,8.881,73.497,50.850,31.533,19.317,31.144,7.182,0.736,6.446,6.446,0.000,0.000,0.000,0.000,30.0,
17.11.2025,12:12:13.606,21.750,28.284,20.722,3.099,250.0,250.0,78.405,23.334,8.809,72.652,50.295,31.183,19.112,30.806,7.066,0.714,6.352,6.352,0.000,0.000,0.000,0.000,30.0,
17.11.2025,12:12:14.601,17.672,25.166,17.728,3.029,250.0,250.0,81.344,23.783,8.769,74.310,51.289,31.804,19.485,31.415,7.155,0.735,6.420,6.446,0.000,0.000,0.000,0.000,30.0,
17.11.2025,12:12:15.615,14.953,28.808,21.303,3.016,250.0,250.0,81.522,23.123,8.795,71.869,49.802,30.880,18.922,30.503,7.057,0.714,6.343,6.343,0.000,0.000,0.000,0.000,30.0,
17.11.2025,12:12:16.611,13.594,25.868,18.466,3.005,250.0,250.0,77.739,23.073,8.818,71.560,49.607,30.763,18.844,30.399,7.153,0.724,6.429,6.429,0.000,0.000,0.000,0.000,30.0,
17.11.2025,12:12:17.609,27.188,27.727,20.238,3.028,250.0,250.0,80.569,44.907,8.809,75.733,52.165,32.351,19.814,31.963,110.884,32.586,78.298,6.463,0.000,0.000,0.000,0.000,30.0,
17.11.2025,12:12:18.608,17.672,26.015,18.614,2.997,250.0,250.0,78.015,23.462,8.821,73.097,50.574,31.365,19.209,30.988,7.095,0.717,6.378,6.378,0.000,0.000,0.000,0.000,30.0,
17.11.2025,12:12:19.602,13.594,28.566,21.115,2.983,250.0,250.0,81.080,47.150,8.872,72.848,50.450,31.286,19.164,30.909,125.564,34.703,90.861,6.845,0.000,0.000,0.000,0.000,30.0,
17.11.2025,12:12:20.603,12.235,26.705,19.289,2.990,250.0,250.0,77.702,23.090,8.819,71.705,49.710,30.823,18.887,30.446,7.078,0.717,6.361,6.352,0.000,0.000,0.000,2.375,30.0,
17.11.2025,12:12:21.614,23.110,28.020,20.595,2.986,250.0,250.0,81.449,23.326,8.809,72.553,50.229,31.144,19.085,30.767,7.126,0.723,6.403,6.420,0.000,0.000,0.000,0.000,30.0,
17.11.2025,12:12:22.611,12.235,25.870,18.443,3.024,250.0,250.0,81.017,23.513,8.797,73.350,50.711,31.445,19.266,31.069,7.068,0.716,6.352,6.352,0.000,0.000,0.000,0.000,30.0,
17.11.2025,12:12:23.607,12.235,24.930,17.473,3.025,250.0,250.0,77.557,23.390,8.820,72.818,50.378,31.240,19.138,30.863,7.125,0.731,6.394,6.394,0.000,0.000,0.000,0.000,30.0,
17.11.2025,12:12:24.605,21.750,26.026,18.583,3.021,250.0,250.0,81.556,23.397,8.808,72.778,50.362,31.221,19.141,30.844,7.184,0.738,6.446,6.446,0.000,0.000,0.000,0.000,30.0,
17.11.2025,12:12:25.602,27.188,27.394,19.902,3.061,250.0,250.0,80.751,36.352,8.804,71.987,49.866,30.916,18.950,30.539,72.866,26.799,46.067,6.726,0.000,0.000,0.000,0.000,30.0,
17.11.2025,12:12:26.617,13.594,24.932,17.410,3.055,250.0,250.0,78.062,21.963,8.769,67.416,47.063,29.186,17.877,28.833,7.066,0.714,6.352,6.352,0.001,0.000,0.000,0.000,30.0,
17.11.2025,12:12:27.630,17.672,25.328,17.867,3.036,250.0,250.0,81.835,23.321,8.809,72.519,50.207,31.133,19.074,30.756,7.144,0.724,6.420,6.420,0.000,0.000,0.000,0.000,30.0,
17.11.2025,12:12:28.618,17.672,26.768,19.308,3.043,250.0,250.0,79.517,23.633,8.821,73.798,50.994,31.622,19.372,31.234,7.066,0.714,6.352,6.352,0.000,0.000,0.000,1.250,30.0,
17.11.2025,12:12:29.617,19.032,26.457,18.974,3.039,250.0,250.0,78.617,23.202,8.833,72.068,49.922,30.952,18.970,30.588,7.136,0.724,6.412,6.412,0.000,0.000,0.000,1.250,30.0,
17.11.2025,12:12:30.619,23.110,25.561,18.056,3.043,250.0,250.0,78.617,23.202,8.833,72.068,49.922,30.952,18.970,30.588,7.136,0.724,6.412,6.412,0.000,0.000,0.000,0.000,30.0,
17.11.2025,12:12:31.628,10.875,26.059,18.556,3.042,250.0,250.0,77.880,23.743,8.850,74.124,51.215,31.760,19.455,31.371,7.108,0.722,6.386,6.438,0.000,0.000,0.000,0.000,30.0,
17.11.2025,12:12:32.627,20.391,26.062,18.646,3.026,250.0,250.0,77.880,23.743,8.850,74.124,51.215,31.760,19.455,31.371,7.108,0.722,6.386,6.438,0.000,0.000,0.000,2.250,30.0,
17.11.2025,12:12:33.624,19.032,28.181,20.654,3.052,250.0,250.0,81.792,44.623,8.883,72.968,50.520,31.333,19.187,30.956,112.792,30.537,82.255,6.802,0.000,0.000,0.000,0.000,30.0,
17.11.2025,12:12:34.623,17.672,25.591,18.137,3.061,250.0,250.0,77.779,23.830,8.919,74.408,51.452,31.905,19.547,31.528,7.079,0.718,6.361,6.386,0.000,0.000,0.000,0.000,30.0,
17.11.2025,12:12:35.624,17.672,26.032,18.516,3.038,250.0,250.0,80.245,23.418,8.932,72.788,50.427,31.268,19.159,30.891,7.145,0.725,6.420,6.429,0.000,0.000,0.000,0.000,30.0,
17.11.2025,12:12:36.622,12.235,24.880,17.440,3.055,250.0,250.0,81.897,64.097,8.896,70.614,49.070,30.420,18.650,30.055,72.443,26.535,45.908,288.384,0.000,0.000,0.000,0.000,30.0,
17.11.2025,12:12:37.622,14.953,25.841,18.320,3.082,250.0,250.0,78.233,23.702,8.783,74.042,51.117,31.696,19.421,31.319,7.111,0.725,6.386,6.420,0.000,0.000,0.000,0.000,30.0,
17.11.2025,12:12:38.621,17.672,27.344,19.840,3.048,250.0,250.0,81.544,65.904,8.778,66.838,46.680,28.949,17.731,28.597,69.143,25.559,43.584,323.180,0.000,0.000,0.000,0.000,30.0,
17.11.2025,12:12:39.622,20.391,24.601,17.145,3.054,250.0,250.0,81.324,45.250,8.806,80.385,55.051,34.129,20.922,33.716,104.915,31.839,73.076,9.663,0.000,0.000,0.000,0.000,30.0,
17.11.2025,12:12:40.617,17.672,25.562,18.028,3.055,250.0,250.0,78.447,23.589,8.857,73.468,50.836,31.523,19.313,31.134,7.165,0.736,6.429,6.429,0.000,0.000,0.000,0.000,30.0,
17.11.2025,12:12:41.617,32.625,27.190,19.698,3.073,250.0,250.0,81.069,46.922,8.832,73.259,50.657,31.418,19.239,31.041,124.119,34.524,89.595,6.539,0.000,0.000,0.000,0.000,30.0,
17.11.2025,12:12:42.625,12.235,27.077,19.549,3.052,250.0,250.0,78.751,23.375,8.842,72.766,50.370,31.238,19.132,30.861,7.086,0.717,6.369,6.369,0.000,0.000,0.000,0.000,30.0,
17.11.2025,12:12:43.626,12.235,27.077,19.549,3.052,250.0,250.0,81.878,47.309,8.856,73.629,50.913,31.571,19.342,31.194,125.426,34.622,90.804,6.734,0.000,0.000,0.000,0.000,30.0,
17.11.2025,12:12:44.624,20.391,24.546,17.110,3.045,250.0,250.0,78.058,23.426,8.833,72.964,50.492,31.307,19.185,30.930,7.090,0.721,6.369,6.369,0.000,0.000,0.000,0.000,30.0,
17.11.2025,12:12:45.622,17.672,25.208,17.750,3.015,250.0,250.0,81.521,23.536,8.783,73.221,50.614,31.377,19.237,31.001,7.329,0.821,6.508,6.463,0.000,0.000,0.000,0.000,30.0,
17.11.2025,12:12:46.619,19.032,26.102,18.642,2.996,250.0,250.0,78.373,23.310,8.817,72.556,50.224,31.138,19.086,30.761,7.079,0.718,6.361,6.361,0.000,0.000,0.000,0.000,30.0,
17.11.2025,12:12:47.631,23.110,26.133,18.660,3.015,250.0,250.0,81.876,23.539,8.795,73.352,50.718,31.450,19.268,31.061,7.161,0.732,6.429,6.429,0.000,0.000,0.000,0.000,30.0,
17.11.2025,12:12:48.617,25.829,28.042,20.582,3.024,250.0,250.0,82.751,29.775,8.879,69.332,48.294,29.942,18.352,29.577,43.510,15.899,27.611,6.352,0.000,0.000,0.000,0.500,30.0,
17.11.2025,12:12:49.616,10.875,26.985,19.538,3.027,250.0,250.0,79.355,23.452,8.855,73.075,50.561,31.357,19.204,30.980,7.066,0.714,6.352,6.361,0.000,0.000,0.000,0.000,30.0,
17.11.2025,12:12:50.630,19.032,27.085,19.655,3.024,250.0,250.0,82.547,23.586,8.818,73.522,50.813,31.514,19.299,31.137,7.154,0.725,6.429,6.446,0.001,0.000,0.375,0.000,30.0,
17.11.2025,12:12:51.624,12.235,25.481,17.957,3.042,250.0,250.0,82.073,23.788,8.797,74.264,51.276,31.796,19.480,31.419,7.182,0.736,6.446,6.480,0.000,0.000,0.000,0.000,30.0,
17.11.2025,12:12:52.616,21.750,25.409,17.975,3.046,250.0,250.0,78.851,23.663,8.796,73.942,51.066,31.665,19.401,31.288,7.057,0.714,6.343,6.361,0.000,0.000,0.000,0.000,30.0,
17.11.2025,12:12:53.628,17.672,26.288,18.753,3.073,250.0,250.0,82.399,23.440,8.844,72.943,50.496,31.309,19.187,30.932,7.136,0.733,6.403,6.420,0.000,0.000,0.000,0.000,30.0,
17.11.2025,12:12:54.625,16.313,26.021,18.552,3.022,250.0,250.0,82.028,45.649,8.806,73.299,50.700,31.442,19.258,31.053,117.680,33.605,84.075,6.573,0.000,0.000,0.000,1.250,30.0,
17.11.2025,12:12:55.623,10.875,26.712,19.252,3.033,250.0,250.0,79.469,23.484,8.820,73.016,50.510,31.327,19.183,30.951,7.266,0.818,6.448,6.505,0.000,0.000,0.000,0.000,30.0,
17.11.2025,12:12:56.621,14.953,26.342,18.874,3.029,250.0,250.0,82.925,18.118,8.977,52.446,37.968,23.543,14.425,23.251,7.110,0.733,6.377,6.352,0.000,0.000,0.000,0.000,30.0,
17.11.2025,12:12:57.621,14.953,24.903,17.455,3.017,250.0,250.0,76.900,22.496,8.966,69.226,48.288,29.941,18.347,29.576,7.117,0.731,6.386,6.386,0.000,0.000,0.000,0.000,30.0,
17.11.2025,12:12:58.620,12.235,26.490,19.042,3.012,250.0,250.0,77.964,22.565,8.967,69.510,48.464,30.046,18.418,29.681,7.095,0.717,6.378,6.378,0.000,0.000,0.000,0.000,30.0,
17.11.2025,12:12:59.616,20.391,25.296,17.893,2.994,250.0,250.0,80.488,29.492,8.859,68.758,47.936,29.722,18.214,29.357,42.726,15.548,27.178,6.624,0.000,0.000,0.000,0.000,30.0,
17.11.2025,12:13:0.628,14.953,25.691,18.272,3.004,250.0,250.0,78.596,22.407,8.812,69.032,48.065,29.805,18.260,29.452,7.122,0.719,6.403,6.403,0.000,0.000,0.000,0.000,30.0,
17.11.2025,12:13:1.627,19.032,27.664,20.261,2.993,250.0,250.0,77.176,38.111,8.834,68.469,47.731,29.599,18.132,29.234,86.148,29.467,56.681,6.811,0.001,0.000,0.000,0.000,30.0,
17.11.2025,12:13:2.624,19.032,27.080,19.698,2.958,250.0,250.0,73.710,22.135,8.835,68.063,47.482,29.445,18.037,29.081,7.039,0.712,6.327,6.327,0.000,0.000,0.000,0.000,30.0,
17.11.2025,12:13:3.624,21.750,26.610,19.181,2.972,250.0,250.0,70.061,22.217,8.819,68.374,47.659,29.556,18.103,29.204,7.057,0.714,6.343,6.343,0.000,0.000,0.000,0.000,30.0,
17.11.2025,12:13:4.620,8.156,25.006,17.572,3.033,250.0,250.0,68.801,13.392,8.833,34.530,26.899,16.674,10.225,16.479,7.002,0.726,6.276,6.276,0.000,0.000,0.000,0.000,30.0,
17.11.2025,12:13:5.618,17.672,26.615,19.149,3.040,250.0,250.0,66.767,23.556,8.906,73.378,50.789,31.497,19.292,31.120,7.080,0.719,6.361,6.420,0.000,0.000,0.000,0.000,30.0,
17.11.2025,12:13:6.617,17.672,25.230,17.764,3.041,250.0,250.0,79.156,23.133,8.927,71.791,49.813,30.884,18.929,30.507,7.066,0.714,6.352,6.343,0.000,0.000,0.000,0.000,30.0,
17.11.2025,12:13:7.632,14.953,25.687,18.259,3.013,250.0,250.0,77.921,23.402,8.845,72.807,50.399,31.253,19.146,30.877,7.140,0.728,6.412,6.412,0.000,0.000,0.000,0.000,30.0,
17.11.2025,12:13:8.650,17.672,29.261,21.838,3.006,250.0,250.0,80.887,23.277,8.871,72.396,50.160,31.098,19.062,30.721,7.057,0.714,6.343,6.352,0.000,0.000,0.000,0.000,30.0,
17.11.2025,12:13:9.662,9.516,27.349,19.927,3.007,250.0,250.0,78.826,23.633,8.812,73.704,50.954,31.594,19.360,31.205,7.135,0.723,6.412,6.429,0.000,0.000,0.000,0.000,30.0,
17.11.2025,12:13:10.659,27.188,25.929,18.451,3.001,250.0,250.0,81.129,23.269,8.894,72.326,50.150,31.095,19.055,30.718,7.049,0.714,6.335,6.352,0.000,0.000,0.000,0.000,30.0,
17.11.2025,12:13:11.658,19.032,27.062,19.692,2.985,250.0,250.0,79.108,45.290,8.851,72.104,49.970,30.981,18.989,30.604,117.520,33.630,83.890,6.361,0.000,0.000,0.000,1.000,30.0,
17.11.2025,12:13:12.650,25.829,29.225,21.663,3.113,250.0,250.0,78.499,23.477,8.805,73.139,50.602,31.373,19.229,30.996,7.112,0.726,6.386,6.403,0.000,0.000,0.000,0.000,30.0,
17.11.2025,12:13:13.647,24.469,33.480,25.422,3.544,250.0,250.0,81.909,28.288,8.796,61.364,43.326,26.862,16.464,26.546,7.057,0.714,6.343,85.405,0.000,0.000,0.000,0.000,30.0,
17.11.2025,12:13:14.661,21.750,27.198,19.710,3.032,250.0,250.0,82.806,23.288,8.795,72.462,50.163,31.104,19.059,30.728,7.096,0.718,6.378,6.378,0.000,0.000,0.000,1.750,30.0,
17.11.2025,12:13:15.656,10.875,27.989,20.579,2.964,250.0,250.0,81.882,47.116,8.818,72.797,50.374,31.245,19.129,30.869,125.632,34.759,90.873,6.667,0.000,0.000,0.000,0.000,30.0,
17.11.2025,12:13:16.656,19.032,27.065,19.648,2.997,250.0,250.0,78.385,23.484,8.890,73.148,50.638,31.401,19.237,31.012,7.079,0.718,6.361,6.361,0.000,0.000,0.000,0.000,30.0,
17.11.2025,12:13:17.655,12.235,28.788,21.357,3.021,250.0,250.0,81.717,25.126,8.942,72.977,50.544,31.335,19.209,30.959,15.390,2.097,13.293,6.514,0.000,0.000,0.000,0.000,30.0,
17.11.2025,12:13:18.649,24.469,27.147,19.654,3.027,250.0,250.0,82.083,33.097,8.941,77.041,53.067,32.903,20.164,32.514,7.225,0.882,6.343,91.886,0.000,0.000,0.000,0.000,30.0,
17.11.2025,12:13:19.661,16.313,28.440,21.042,2.984,250.0,250.0,78.348,23.415,8.942,72.796,50.457,31.283,19.174,30.906,7.105,0.719,6.386,6.386,0.000,0.000,0.000,0.000,30.0,
17.11.2025,12:13:20.657,19.032,27.401,19.986,2.991,250.0,250.0,82.278,23.604,8.868,73.649,50.923,31.580,19.343,31.191,7.066,0.714,6.352,6.352,0.000,0.000,0.000,0.000,30.0,
17.11.2025,12:13:21.656,16.313,25.151,17.708,2.998,250.0,250.0,78.010,46.603,8.853,74.753,51.622,32.016,19.606,31.627,120.356,34.123,86.233,6.845,0.000,0.000,0.000,0.000,30.0,
17.11.2025,12:13:22.655,23.110,25.675,18.213,3.015,250.0,250.0,77.967,23.883,8.794,72.666,50.296,31.189,19.107,30.812,9.734,1.201,8.533,6.497,0.000,0.000,0.000,0.000,30.0,
17.11.2025,12:13:23.651,20.391,26.395,18.946,3.011,250.0,250.0,81.147,23.817,8.779,63.052,44.364,27.513,16.851,27.172,22.000,5.715,16.285,6.444,0.000,0.000,0.000,0.000,30.0,
17.11.2025,12:13:24.650,23.110,26.738,19.291,3.041,250.0,250.0,78.376,23.491,8.804,73.220,50.651,31.409,19.242,31.032,7.086,0.717,6.369,6.378,0.000,0.000,0.000,0.250,30.0,
17.11.2025,12:13:25.649,20.391,26.508,19.064,3.007,250.0,250.0,80.085,67.656,8.791,58.530,41.589,25.793,15.796,25.477,11.611,2.153,9.458,477.363,0.000,0.000,0.000,0.000,30.0,
17.11.2025,12:13:26.661,12.235,25.067,17.615,3.055,250.0,250.0,79.232,23.351,8.816,72.631,50.269,31.172,19.097,30.796,7.154,0.734,6.420,6.420,0.000,0.000,0.000,0.000,30.0,
17.11.2025,12:13:27.647,21.750,25.139,17.653,3.024,250.0,250.0,78.099,22.489,8.931,69.276,48.310,29.960,18.350,29.595,7.057,0.714,6.343,6.352,0.000,0.000,0.000,0.000,30.0,
17.11.2025,12:13:28.654,10.875,26.325,18.822,3.034,250.0,250.0,80.938,23.155,8.892,71.854,49.830,30.899,18.931,30.522,7.114,0.728,6.386,6.394,0.000,0.000,0.000,0.000,30.0,
17.11.2025,12:13:29.652,16.313,24.938,17.470,3.043,250.0,250.0,81.378,24.912,8.831,72.410,50.154,31.106,19.048,30.729,15.151,1.987,13.164,6.539,0.000,0.000,0.000,0.000,30.0,
17.11.2025,12:13:30.648,17.672,26.640,19.198,3.010,250.0,250.0,77.684,23.793,8.794,74.420,51.365,31.849,19.516,31.472,7.079,0.718,6.361,6.361,0.001,0.000,0.375,0.000,30.0,
17.11.2025,12:13:31.648,23.110,26.058,18.599,3.028,250.0,250.0,81.794,23.291,8.805,72.424,50.136,31.095,19.041,30.718,7.139,0.727,6.412,6.412,0.000,0.000,0.000,0.000,30.0,
17.11.2025,12:13:32.660,12.235,27.802,20.324,3.035,250.0,250.0,77.477,71.510,8.814,84.774,57.721,35.791,21.930,35.354,46.791,17.536,29.255,377.130,0.000,0.000,0.000,0.000,30.0,
17.11.2025,12:13:33.660,17.672,25.401,17.954,3.041,250.0,250.0,81.550,25.130,8.840,73.216,50.634,31.403,19.231,31.027,15.233,1.986,13.247,6.480,0.000,0.000,0.000,0.000,30.0,
17.11.2025,12:13:34.657,23.110,27.159,19.654,3.063,250.0,250.0,78.892,22.281,8.817,68.508,47.783,29.634,18.149,29.269,7.148,0.754,6.394,6.352,0.000,0.000,0.000,0.000,30.0,
17.11.2025,12:13:35.653,9.516,26.336,18.902,3.043,250.0,250.0,81.119,23.593,8.840,73.513,50.824,31.518,19.306,31.141,7.174,0.736,6.438,6.438,0.000,0.000,0.000,0.000,30.0,
17.11.2025,12:13:36.662,12.235,26.532,19.067,3.013,250.0,250.0,81.613,39.085,8.826,74.012,51.124,31.702,19.422,31.325,83.893,17.638,66.255,6.650,0.000,0.000,0.000,0.000,30.0,
17.11.2025,12:13:37.660,12.235,25.924,18.499,2.995,250.0,250.0,78.421,23.648,8.831,73.818,51.012,31.631,19.381,31.242,7.095,0.717,6.378,6.378,0.000,0.000,0.000,0.000,30.0,
17.11.2025,12:13:38.661,13.594,26.322,18.840,3.029,250.0,250.0,81.819,23.334,8.820,72.504,50.187,31.121,19.066,30.744,7.236,0.765,6.471,6.429,0.000,0.000,0.000,0.000,30.0,
17.11.2025,12:13:39.658,12.235,27.075,19.601,3.031,250.0,250.0,81.417,25.888,8.810,51.555,37.335,23.156,14.179,22.876,8.553,1.236,7.317,83.864,0.000,0.000,0.000,0.000,30.0,
17.11.2025,12:13:40.657,28.547,25.465,17.996,3.035,250.0,250.0,79.581,23.573,8.841,73.489,50.821,31.511,19.310,31.135,7.103,0.725,6.378,6.412,0.000,0.000,0.000,0.000,30.0,
17.11.2025,12:13:41.671,28.547,25.749,18.280,3.032,250.0,250.0,81.818,42.648,8.928,72.911,50.508,31.318,19.190,30.941,102.968,26.583,76.385,6.751,0.000,0.000,0.000,0.000,30.0,
17.11.2025,12:13:42.669,17.672,25.512,18.039,3.062,250.0,250.0,78.141,23.415,9.011,72.734,50.457,31.288,19.169,30.911,7.096,0.718,6.378,6.386,0.000,0.000,0.000,0.000,30.0,
17.11.2025,12:13:43.667,12.235,26.048,18.579,3.047,250.0,250.0,82.665,39.175,8.999,69.417,48.421,30.023,18.398,29.658,90.247,30.046,60.201,6.343,0.000,0.000,0.000,0.000,30.0,
17.11.2025,12:13:44.668,24.469,26.752,19.248,3.052,250.0,250.0,78.319,23.206,8.930,72.011,49.964,30.975,18.989,30.598,7.105,0.719,6.386,6.386,0.000,0.000,0.000,0.000,30.0,
17.11.2025,12:13:45.664,14.953,26.357,18.867,3.041,250.0,250.0,81.280,23.431,8.818,72.932,50.453,31.290,19.163,30.913,7.139,0.736,6.403,6.463,0.000,0.000,0.000,0.000,30.0,
17.11.2025,12:13:46.676,25.829,25.235,17.767,3.028,250.0,250.0,78.204,23.623,8.870,73.694,50.958,31.593,19.365,31.216,7.079,0.718,6.361,6.378,0.001,0.000,0.000,0.000,30.0,
17.11.2025,12:13:47.675,16.313,25.663,18.219,3.032,250.0,250.0,81.783,23.390,8.882,72.654,50.337,31.212,19.125,30.835,7.184,0.738,6.446,6.489,0.000,0.000,1.000,0.000,30.0,
17.11.2025,12:13:48.673,17.672,27.322,19.845,3.039,250.0,250.0,82.351,25.233,8.910,79.780,54.770,33.964,20.806,33.551,7.088,0.719,6.369,6.369,0.000,0.000,2.125,0.000,30.0,
17.11.2025,12:13:49.676,35.344,32.576,24.936,3.187,250.0,250.0,81.737,37.048,8.942,75.150,51.902,32.187,19.715,31.798,72.107,12.825,59.282,6.573,0.000,0.000,0.000,0.000,30.0,
17.11.2025,12:13:50.671,10.875,26.576,19.041,3.054,250.0,250.0,80.000,24.159,8.896,75.671,52.221,32.373,19.848,31.984,7.107,0.721,6.386,6.386,0.000,0.000,0.000,0.000,30.0,
17.11.2025,12:13:51.671,10.875,25.965,18.534,3.004,250.0,250.0,83.490,35.441,8.947,71.902,49.917,30.957,18.960,30.580,68.191,24.890,43.301,6.769,0.000,0.000,0.000,0.000,30.0,
17.11.2025,12:13:52.670,13.594,25.766,18.297,3.063,250.0,250.0,80.442,24.197,8.830,75.867,52.299,32.423,19.876,32.034,7.124,0.730,6.394,6.394,0.000,0.000,0.000,0.750,30.0,
17.11.2025,12:13:53.670,25.829,25.206,17.740,3.007,250.0,250.0,82.630,23.757,8.830,74.250,51.283,31.795,19.488,31.407,7.080,0.719,6.361,6.361,0.000,0.000,0.000,0.000,30.0,
17.11.2025,12:13:54.671,19.032,26.552,19.008,3.060,250.0,250.0,80.176,23.786,8.868,74.209,51.287,31.800,19.487,31.411,7.174,0.728,6.446,6.446,0.000,0.000,0.000,0.000,30.0,
17.11.2025,12:13:55.674,14.953,25.801,18.321,3.036,250.0,250.0,81.117,24.126,8.904,75.561,52.127,32.329,19.798,31.940,7.107,0.721,6.386,6.386,0.000,0.000,0.000,0.000,30.0,
17.11.2025,12:13:56.672,12.235,26.393,18.951,3.043,250.0,250.0,82.837,41.440,8.887,65.994,46.238,28.669,17.569,28.329,42.283,15.399,26.884,134.150,0.000,0.000,0.000,0.000,30.0,
17.11.2025,12:13:57.675,19.032,25.375,17.870,3.046,250.0,250.0,80.453,22.743,8.924,70.199,48.854,30.292,18.562,29.927,7.136,0.733,6.403,6.403,0.000,0.000,0.000,0.000,30.0,
17.11.2025,12:13:58.678,25.829,26.721,19.287,3.005,250.0,250.0,78.441,22.535,8.840,69.493,48.368,29.996,18.372,29.631,7.125,0.722,6.403,6.403,0.000,0.000,0.000,0.500,30.0,
17.11.2025,12:13:59.680,12.235,26.205,18.773,2.988,250.0,250.0,78.187,22.606,8.814,69.839,48.558,30.107,18.451,29.754,7.087,0.718,6.369,6.369,0.000,0.000,0.000,0.000,30.0,
17.11.2025,12:14:0.684,20.391,24.806,17.309,3.027,250.0,250.0,81.253,37.146,8.776,69.424,48.277,29.941,18.336,29.576,80.277,18.003,62.274,6.573,0.000,0.000,0.000,2.500,30.0,
17.11.2025,12:14:1.680,23.110,23.454,16.036,3.001,250.0,250.0,78.412,22.730,8.826,70.211,48.809,30.270,18.539,29.905,7.154,0.725,6.429,6.429,0.000,0.000,0.000,0.000,30.0,
17.11.2025,12:14:2.685,12.235,23.622,16.215,2.995,250.0,250.0,74.759,14.443,8.865,38.046,29.085,18.039,11.046,17.820,7.595,0.767,6.828,6.335,0.000,0.000,0.000,0.000,30.0,
17.11.2025,12:14:3.681,20.391,24.693,17.293,2.991,250.0,250.0,74.069,22.264,8.937,68.445,47.774,29.625,18.149,29.272,7.049,0.714,6.335,6.343,0.000,0.000,0.000,0.000,30.0,
17.11.2025,12:14:4.681,9.516,25.279,17.810,3.009,250.0,250.0,73.917,22.362,9.001,68.741,48.000,29.758,18.242,29.405,7.066,0.714,6.352,6.343,0.000,0.000,0.000,0.000,30.0,
17.11.2025,12:14:5.681,16.313,25.423,17.897,3.123,250.0,250.0,63.712,45.281,8.965,73.628,50.964,31.607,19.357,31.230,115.214,30.999,84.215,6.633,0.000,0.000,1.000,0.000,30.0,
17.11.2025,12:14:6.685,17.672,26.765,19.268,3.051,250.0,250.0,78.866,24.474,8.901,76.894,52.977,32.851,20.126,32.449,7.077,0.716,6.361,6.386,0.000,0.000,0.000,0.000,30.0,
17.11.2025,12:14:7.679,13.594,26.550,19.074,3.052,250.0,250.0,83.880,44.152,8.877,62.587,44.142,27.373,16.769,27.032,7.750,1.004,6.746,239.238,0.001,0.000,0.000,0.000,30.0,
17.11.2025,12:14:8.682,20.391,25.693,18.179,3.075,250.0,250.0,79.810,23.853,8.853,74.507,51.459,31.908,19.551,31.519,7.137,0.734,6.403,6.454,0.000,0.000,0.000,0.125,30.0,
17.11.2025,12:14:9.681,9.516,24.138,16.667,3.047,250.0,250.0,82.775,23.682,8.815,73.972,51.098,31.684,19.414,31.308,7.078,0.717,6.361,6.369,0.000,0.000,0.000,0.000,30.0,
17.11.2025,12:14:10.684,21.750,25.507,17.979,3.052,250.0,250.0,79.129,32.264,8.911,77.365,53.240,33.020,20.220,32.619,11.569,2.099,9.470,74.127,0.000,0.000,0.500,0.000,30.0,
17.11.2025,12:14:11.680,19.032,25.426,17.971,3.041,250.0,250.0,79.723,32.264,8.864,77.499,53.325,33.059,20.266,32.658,7.155,0.735,6.420,6.463,0.000,0.000,0.375,1.125,30.0,
17.11.2025,12:14:12.680,17.672,25.694,18.189,3.061,250.0,250.0,79.723,24.644,8.864,77.499,53.325,33.059,20.266,32.658,7.155,0.735,6.420,6.463,0.000,0.000,0.000,0.000,30.0,
17.11.2025,12:14:13.687,16.313,29.532,21.683,3.342,250.0,250.0,80.157,24.068,8.839,75.380,52.003,32.242,19.761,31.853,7.106,0.720,6.386,6.386,0.000,0.000,0.000,0.000,30.0,
17.11.2025,12:14:14.686,17.672,31.284,23.353,3.402,250.0,250.0,83.560,46.310,8.873,69.043,48.101,29.828,18.273,29.464,32.010,9.940,22.070,195.501,0.000,0.000,0.000,0.000,30.0,
17.11.2025,12:14:15.687,16.313,25.890,18.441,3.037,250.0,250.0,79.544,45.095,8.885,70.987,49.315,30.576,18.739,30.211,117.754,33.666,84.088,6.726,0.000,0.000,0.000,0.000,30.0,
17.11.2025,12:14:16.684,16.313,25.315,17.851,3.024,250.0,250.0,79.572,23.423,8.851,72.911,50.454,31.288,19.166,30.912,7.122,0.719,6.403,6.403,0.000,0.000,0.000,0.000,30.0,
17.11.2025,12:14:17.686,16.313,29.582,22.006,3.120,250.0,250.0,82.668,15.268,8.782,41.510,31.151,19.312,11.839,19.081,7.286,0.854,6.432,6.429,0.000,0.000,0.000,2.375,30.0,
17.11.2025,12:14:18.686,17.672,26.181,18.713,3.048,250.0,250.0,79.359,23.545,8.805,73.297,50.696,31.431,19.265,31.055,7.230,0.788,6.442,6.438,0.000,0.000,0.000,0.000,30.0,
17.11.2025,12:14:19.685,24.469,25.995,18.531,3.029,250.0,250.0,80.134,23.650,8.905,73.710,50.995,31.623,19.372,31.234,7.141,0.761,6.380,6.378,0.000,0.000,0.000,0.000,30.0,
17.11.2025,12:14:20.683,23.110,25.892,18.429,3.033,250.0,250.0,79.219,36.941,8.819,73.226,50.650,31.401,19.249,31.024,74.237,14.104,60.133,6.573,0.000,0.000,0.000,0.000,30.0,
17.11.2025,12:14:21.686,17.672,27.140,19.683,3.023,250.0,250.0,79.859,24.121,8.845,75.528,52.083,32.288,19.795,31.899,7.203,0.831,6.372,6.369,0.000,0.000,0.000,0.000,30.0,
17.11.2025,12:14:22.686,12.235,24.199,16.756,3.039,250.0,250.0,82.575,24.142,8.831,75.557,52.087,32.295,19.792,31.906,7.249,0.791,6.458,6.454,0.000,0.000,0.000,0.000,30.0,
17.11.2025,12:14:23.684,20.391,26.765,19.251,3.040,250.0,250.0,79.527,16.922,8.789,47.896,35.108,21.775,13.333,21.507,7.220,0.849,6.371,6.369,0.000,0.000,2.125,0.000,30.0,
17.11.2025,12:14:24.680,10.875,25.040,17.545,3.051,250.0,250.0,82.709,33.742,8.793,72.657,50.257,31.172,19.085,30.795,59.038,8.683,50.355,6.590,0.000,0.000,0.000,0.000,30.0,
17.11.2025,12:14:25.681,20.391,25.823,18.344,3.048,250.0,250.0,79.705,23.837,8.855,74.329,51.349,31.843,19.506,31.454,7.294,0.845,6.449,6.446,0.000,0.000,0.000,0.000,30.0,
17.11.2025,12:14:26.678,13.594,25.619,18.160,3.026,250.0,250.0,79.809,23.207,8.870,72.042,49.995,30.997,18.998,30.632,7.086,0.717,6.369,6.369,0.000,0.000,0.000,0.000,30.0,
17.11.2025,12:14:27.681,19.032,25.142,17.671,3.045,250.0,250.0,82.739,24.061,8.919,75.154,51.902,32.182,19.720,31.793,7.224,0.791,6.433,6.497,0.000,0.000,0.000,0.000,30.0,
17.11.2025,12:14:28.684,23.110,26.037,18.587,3.007,250.0,250.0,79.614,23.738,9.004,74.005,51.218,31.759,19.459,31.382,7.086,0.717,6.369,6.386,0.000,0.000,0.000,0.000,30.0,
17.11.2025,12:14:29.684,20.391,28.075,20.612,3.040,250.0,250.0,81.304,18.584,8.863,53.926,38.837,24.080,14.757,23.788,7.614,0.769,6.845,6.361,0.000,0.000,0.000,0.000,30.0,
17.11.2025,12:14:30.678,14.953,28.075,20.612,3.040,250.0,250.0,81.922,47.468,8.893,74.000,51.182,31.742,19.440,31.353,125.620,34.750,90.870,6.828,0.000,0.000,0.000,0.000,30.0,
17.11.2025,12:14:31.686,24.469,24.544,17.013,3.087,250.0,250.0,79.608,23.906,8.810,74.755,51.593,31.996,19.597,31.607,7.151,0.756,6.395,6.403,0.000,0.000,0.000,0.000,30.0,
17.11.2025,12:14:32.684,24.469,24.544,17.013,3.087,250.0,250.0,82.992,38.654,8.782,74.412,51.346,31.845,19.501,31.456,81.239,17.008,64.231,6.726,0.000,0.000,0.000,0.000,30.0,
17.11.2025,12:14:33.686,20.391,24.907,17.480,3.051,250.0,250.0,79.702,24.234,8.837,75.973,52.337,32.453,19.884,32.064,7.181,0.777,6.404,6.429,0.000,0.000,0.000,0.000,30.0,
17.11.2025,12:14:34.687,13.594,24.579,17.011,3.080,250.0,250.0,83.487,41.510,8.882,68.991,48.081,29.812,18.269,29.459,102.618,31.568,71.050,6.369,0.000,0.000,0.000,0.000,30.0,
17.11.2025,12:14:35.679,12.235,25.390,17.906,3.068,250.0,250.0,79.574,24.579,8.935,77.118,53.151,32.964,20.187,32.562,7.196,0.790,6.406,6.480,0.000,0.000,0.000,0.000,30.0,
17.11.2025,12:14:36.684,2.719,26.316,18.819,3.058,250.0,250.0,79.901,24.286,8.931,76.046,52.448,32.527,19.921,32.138,7.213,0.844,6.369,6.420,0.000,0.000,0.000,0.000,30.0,
17.11.2025,12:14:37.680,17.672,26.657,19.155,3.073,250.0,250.0,84.025,45.319,8.853,76.512,52.710,32.687,20.023,32.285,111.661,30.012,81.649,6.802,0.000,0.000,0.000,0.000,30.0,
17.11.2025,12:14:38.680,21.750,28.779,21.272,3.067,250.0,250.0,80.407,24.266,8.847,76.123,52.470,32.535,19.935,32.146,7.106,0.720,6.386,6.386,0.000,0.000,1.125,0.000,30.0,
17.11.2025,12:14:39.686,20.391,28.779,21.272,3.067,250.0,250.0,83.705,47.090,8.796,72.921,50.434,31.269,19.165,30.892,125.411,34.641,90.770,6.598,0.000,0.000,0.000,0.000,30.0,
17.11.2025,12:14:40.690,17.672,23.636,16.126,3.101,250.0,250.0,80.681,24.502,8.839,76.972,52.996,32.861,20.135,32.460,7.178,0.774,6.404,6.403,0.000,0.000,0.000,0.000,30.0,
17.11.2025,12:14:41.685,19.032,24.834,17.340,3.061,250.0,250.0,83.795,40.353,8.806,74.151,51.204,31.750,19.454,31.361,90.015,30.102,59.913,6.777,0.000,0.000,0.000,0.000,30.0,
17.11.2025,12:14:42.687,24.469,25.350,17.804,3.086,250.0,250.0,80.453,24.148,8.843,75.546,52.105,32.314,19.791,31.925,7.250,0.792,6.458,6.454,0.000,0.000,0.000,0.000,30.0,
17.11.2025,12:14:43.685,19.032,25.735,18.223,3.083,250.0,250.0,84.156,23.941,8.829,74.723,51.575,31.978,19.597,31.589,7.306,0.797,6.509,6.505,0.000,0.000,0.000,0.000,30.0,
17.11.2025,12:14:44.687,19.032,25.735,18.223,3.083,250.0,250.0,80.304,24.093,8.818,75.460,52.035,32.271,19.764,31.882,7.158,0.772,6.386,6.386,0.000,0.000,0.000,0.000,30.0,
17.11.2025,12:14:45.685,21.750,25.195,17.694,3.069,250.0,250.0,83.078,29.411,8.768,67.053,46.821,29.026,17.795,28.674,44.613,16.375,28.238,6.743,0.000,0.000,0.000,0.000,30.0,
17.11.2025,12:14:46.684,19.032,25.282,17.787,3.042,250.0,250.0,79.608,23.923,8.772,74.737,51.548,31.959,19.589,31.571,7.314,0.839,6.475,6.429,0.000,0.000,0.000,0.000,30.0,
17.11.2025,12:14:47.682,17.672,25.200,17.734,3.035,250.0,250.0,79.792,24.241,8.810,76.022,52.391,32.483,19.908,32.094,7.159,0.772,6.387,6.386,0.000,0.000,0.000,0.000,30.0,
17.11.2025,12:14:48.685,20.391,25.732,18.321,3.023,250.0,250.0,83.340,30.286,8.818,65.310,45.784,28.395,17.389,28.054,7.088,0.719,6.369,94.939,0.000,0.000,0.000,0.000,30.0,
17.11.2025,12:14:49.681,10.875,25.530,18.022,3.042,250.0,250.0,80.412,23.820,8.854,74.392,51.378,31.862,19.516,31.473,7.149,0.737,6.412,6.429,0.000,0.000,0.000,0.000,30.0,
17.11.2025,12:14:50.694,17.672,28.301,20.853,3.048,250.0,250.0,83.225,26.500,8.861,59.989,42.530,26.371,16.159,26.055,7.652,0.841,6.811,69.726,0.000,0.000,0.000,0.000,30.0,
17.11.2025,12:14:51.681,13.594,26.034,18.499,3.046,250.0,250.0,79.666,23.746,8.854,74.095,51.188,31.736,19.452,31.359,7.166,0.737,6.429,6.446,0.000,0.000,0.000,0.000,30.0,
17.11.2025,12:14:52.681,17.672,24.126,16.667,3.045,250.0,250.0,81.421,24.228,8.905,75.928,52.383,32.486,19.897,32.097,7.096,0.718,6.378,6.394,0.000,0.000,0.000,0.000,30.0,
17.11.2025,12:14:53.679,20.391,25.628,18.102,3.066,250.0,250.0,83.218,47.723,8.795,75.085,51.769,32.107,19.662,31.718,125.651,34.771,90.880,6.794,0.000,0.000,0.000,0.000,30.0,
17.11.2025,12:14:54.686,13.594,27.133,19.637,3.070,250.0,250.0,80.112,23.774,8.781,74.285,51.275,31.793,19.482,31.417,7.145,0.725,6.420,6.420,0.000,0.000,0.000,0.000,30.0,
17.11.2025,12:14:55.687,21.750,26.481,18.967,3.077,250.0,250.0,83.815,34.227,8.766,83.632,57.003,35.348,21.655,34.923,7.303,0.738,6.565,86.342,0.000,0.000,0.000,0.000,30.0,
17.11.2025,12:14:56.687,19.032,26.381,18.905,3.048,250.0,250.0,80.599,23.999,8.784,75.097,51.794,32.110,19.684,31.721,7.177,0.739,6.438,6.446,0.000,0.000,0.000,0.000,30.0,
17.11.2025,12:14:57.685,17.672,26.032,18.510,3.052,250.0,250.0,84.017,41.975,8.806,68.836,47.940,29.727,18.213,29.374,81.409,28.716,52.693,54.038,0.000,0.000,1.375,0.000,30.0,
17.11.2025,12:14:58.687,23.110,26.888,19.368,3.054,250.0,250.0,79.735,24.125,8.782,75.617,52.083,32.292,19.791,31.903,7.186,0.773,6.413,6.412,0.000,0.000,0.000,0.000,30.0,
17.11.2025,12:14:59.687,16.313,26.659,19.151,3.070,250.0,250.0,84.089,22.420,8.791,69.122,48.122,29.836,18.286,29.472,7.095,0.717,6.378,6.378,0.000,0.000,0.000,0.000,30.0,
17.11.2025,12:15:0.685,10.875,24.563,17.146,3.023,250.0,250.0,75.511,22.105,8.793,67.882,47.349,29.353,17.996,29.000,7.143,0.757,6.386,6.386,0.000,0.000,0.000,0.000,30.0,
17.11.2025,12:15:1.680,21.750,27.371,19.867,3.035,250.0,250.0,80.007,44.850,8.857,71.056,49.335,30.596,18.739,30.231,116.563,33.085,83.478,6.556,0.000,0.000,0.000,0.000,30.0,
17.11.2025,12:15:2.687,19.032,26.617,19.129,3.036,250.0,250.0,78.041,22.227,8.808,68.290,47.611,29.515,18.096,29.163,7.171,0.725,6.446,6.446,0.000,0.000,0.000,0.000,30.0,
17.11.2025,12:15:3.679,21.750,26.089,18.590,3.056,250.0,250.0,77.234,22.003,8.773,67.546,47.134,29.229,17.905,28.876,7.095,0.717,6.378,6.378,0.000,0.000,0.000,0.000,30.0,
17.11.2025,12:15:4.683,12.235,24.461,17.068,2.992,250.0,250.0,77.067,22.077,8.798,67.826,47.312,29.336,17.976,28.983,7.086,0.717,6.369,6.369,0.000,0.000,0.000,0.000,30.0,
17.11.2025,12:15:5.685,17.672,25.630,18.164,3.001,250.0,250.0,71.080,22.854,8.898,70.671,49.130,30.459,18.671,30.094,7.114,0.728,6.386,6.386,0.000,0.000,0.000,0.000,30.0,
17.11.2025,12:15:6.685,13.594,24.198,16.808,3.003,250.0,250.0,74.270,22.038,8.866,67.556,47.189,29.255,17.934,28.902,7.136,0.733,6.403,6.403,0.000,0.000,0.000,0.000,30.0,
17.11.2025,12:15:7.684,13.594,24.963,17.391,3.131,250.0,250.0,61.631,35.418,8.810,64.955,45.565,28.256,17.309,27.903,43.380,15.892,27.488,74.625,0.000,0.000,0.000,0.000,30.0,
17.11.2025,12:15:8.684,19.032,24.814,17.265,3.080,250.0,250.0,76.110,23.276,8.813,72.358,50.117,31.072,19.045,30.695,7.127,0.724,6.403,6.403,0.000,0.000,0.000,0.000,30.0,
17.11.2025,12:15:9.684,13.594,24.273,16.815,3.048,250.0,250.0,82.311,46.032,8.860,78.577,53.958,33.456,20.502,33.055,112.702,32.675,80.027,6.505,0.000,0.000,0.000,0.000,30.0,
17.11.2025,12:15:10.686,17.672,25.475,17.932,3.064,250.0,250.0,79.391,23.906,8.873,74.622,51.532,31.960,19.572,31.571,7.235,0.803,6.432,6.463,0.000,0.000,0.000,0.000,30.0,
17.11.2025,12:15:11.686,12.235,27.502,20.033,3.095,250.0,250.0,82.793,23.624,8.946,73.606,50.968,31.607,19.361,31.218,7.078,0.717,6.361,6.378,0.000,0.000,0.000,0.000,30.0,
17.11.2025,12:15:12.686,17.672,24.098,16.547,3.079,250.0,250.0,79.325,25.769,8.908,75.541,52.139,32.332,19.807,31.943,15.216,2.022,13.194,6.590,0.000,0.000,0.000,0.000,30.0,
17.11.2025,12:15:13.679,17.672,27.977,20.486,3.074,250.0,250.0,79.325,23.867,8.941,74.494,51.499,31.930,19.569,31.553,7.129,0.726,6.403,6.429,0.000,0.000,0.000,0.000,30.0,
17.11.2025,12:15:14.685,19.032,27.020,19.484,3.071,250.0,250.0,83.111,47.015,8.942,72.382,50.179,31.124,19.055,30.747,125.489,34.800,90.689,6.743,0.000,0.000,0.000,0.000,30.0,
17.11.2025,12:15:15.682,16.313,29.919,21.910,3.487,250.0,250.0,78.825,29.499,8.872,73.971,51.131,31.709,19.422,31.320,35.977,4.818,31.159,6.607,0.000,0.000,0.000,0.000,30.0,
17.11.2025,12:15:16.686,25.829,29.070,21.298,3.297,250.0,250.0,78.576,23.254,8.848,72.184,50.020,31.016,19.004,30.639,7.199,0.776,6.423,6.429,0.000,0.000,0.000,0.000,30.0,
17.11.2025,12:15:17.682,19.032,28.009,20.473,3.061,250.0,250.0,80.952,54.086,8.831,59.094,41.958,26.014,15.944,25.698,28.724,8.343,20.381,305.872,0.000,0.000,0.000,0.000,30.0,
17.11.2025,12:15:18.679,20.391,27.579,20.037,3.116,250.0,250.0,80.297,23.630,8.821,73.638,50.881,31.547,19.334,31.170,7.231,0.789,6.442,6.446,0.000,0.000,0.000,0.000,30.0,
17.11.2025,12:15:19.679,24.469,25.936,18.460,3.027,250.0,250.0,79.195,23.762,8.820,74.202,51.228,31.762,19.466,31.386,7.179,0.784,6.395,6.394,0.000,0.000,0.000,0.000,30.0,
17.11.2025,12:15:20.679,35.344,25.818,18.280,3.064,250.0,250.0,79.846,24.122,8.831,75.597,52.098,32.306,19.792,31.917,7.147,0.760,6.387,6.386,0.000,0.000,0.000,0.000,30.0,
17.11.2025,12:15:21.679,10.875,27.182,19.672,3.071,250.0,250.0,82.703,25.104,8.844,72.987,50.487,31.313,19.174,30.937,15.390,2.051,13.339,6.514,0.000,0.000,0.000,0.000,30.0,
17.11.2025,12:15:22.679,14.953,25.327,17.812,3.054,250.0,250.0,78.436,23.421,8.820,72.907,50.437,31.283,19.154,30.906,7.157,0.770,6.387,6.386,0.000,0.000,0.000,0.000,30.0,
17.11.2025,12:15:23.686,16.313,27.359,19.883,3.032,250.0,250.0,82.158,46.896,8.820,71.870,49.816,30.889,18.927,30.512,125.728,34.829,90.899,6.667,0.000,0.000,0.000,0.000,30.0,
17.11.2025,12:15:24.680,19.032,26.578,19.133,3.033,250.0,250.0,78.354,23.860,8.844,74.540,51.464,31.911,19.553,31.535,7.173,0.769,6.404,6.403,0.000,0.000,0.000,0.000,30.0,
17.11.2025,12:15:25.684,21.750,25.196,17.703,3.025,250.0,250.0,82.739,27.678,8.869,73.409,50.789,31.497,19.292,31.120,27.615,3.638,23.977,6.573,0.000,0.000,0.000,0.000,30.0,
17.11.2025,12:15:26.687,17.672,26.388,18.960,3.044,250.0,250.0,79.044,23.777,8.856,74.210,51.284,31.799,19.485,31.410,7.164,0.769,6.395,6.394,0.000,0.000,0.000,0.000,30.0,
17.11.2025,12:15:27.687,17.672,25.745,18.255,3.047,250.0,250.0,82.933,35.492,8.855,74.554,51.492,31.933,19.559,31.544,65.201,10.863,54.338,6.582,0.000,0.000,0.000,0.000,30.0,
17.11.2025,12:15:28.687,12.235,27.674,20.143,3.052,250.0,250.0,79.254,23.850,8.918,74.465,51.464,31.919,19.545,31.530,7.126,0.723,6.403,6.403,0.000,0.000,0.000,0.000,30.0,
17.11.2025,12:15:29.685,23.110,26.932,19.434,3.060,250.0,250.0,82.890,42.393,8.905,74.714,51.630,32.009,19.621,31.620,99.277,24.891,74.386,6.878,0.000,0.000,0.000,0.000,30.0,
17.11.2025,12:15:30.684,21.750,26.667,19.167,3.049,250.0,250.0,79.620,24.112,8.870,75.354,52.001,32.244,19.757,31.854,7.287,0.829,6.458,6.463,0.000,0.000,0.000,0.000,30.0,
17.11.2025,12:15:31.687,17.672,25.641,18.208,3.054,250.0,250.0,83.465,47.386,8.872,73.777,51.001,31.627,19.374,31.250,125.592,34.694,90.898,6.777,0.000,0.000,0.000,0.000,30.0,
17.11.2025,12:15:32.686,20.391,27.546,20.028,3.035,250.0,250.0,79.661,23.925,8.882,74.720,51.615,32.002,19.613,31.613,7.189,0.786,6.403,6.429,0.000,0.000,0.000,0.000,30.0,
17.11.2025,12:15:33.681,13.594,27.330,19.836,3.082,250.0,250.0,83.362,47.080,8.918,72.816,50.462,31.286,19.176,30.909,125.279,34.726,90.553,6.674,0.000,0.000,0.000,0.000,30.0,
17.11.2025,12:15:34.685,10.875,26.580,19.040,3.040,250.0,250.0,78.986,23.894,8.896,74.598,51.545,31.960,19.585,31.571,7.177,0.771,6.406,6.429,0.000,0.000,0.000,0.000,30.0,
17.11.2025,12:15:35.686,23.110,26.194,18.747,3.021,250.0,250.0,83.500,27.550,8.912,69.872,48.646,30.158,18.488,29.793,31.622,9.741,21.881,6.386,0.000,0.000,0.000,0.000,30.0,
17.11.2025,12:15:36.681,12.235,26.195,18.738,3.037,250.0,250.0,79.905,23.474,8.924,72.984,50.565,31.353,19.212,30.976,7.151,0.722,6.429,6.429,0.000,0.000,0.000,0.000,30.0,
17.11.2025,12:15:37.687,23.110,27.262,19.779,3.018,250.0,250.0,82.814,42.478,8.927,76.587,52.779,32.731,20.048,32.330,97.497,30.960,66.537,6.386,0.000,0.000,0.000,0.000,30.0,
17.11.2025,12:15:38.684,17.672,25.174,17.685,3.059,250.0,250.0,79.651,23.921,8.845,74.765,51.629,32.016,19.613,31.626,7.155,0.769,6.386,6.403,0.000,0.000,0.000,0.625,30.0,
17.11.2025,12:15:39.683,25.829,26.785,19.277,3.062,250.0,250.0,83.501,24.273,8.798,76.101,52.428,32.512,19.916,32.111,7.200,0.737,6.463,6.463,0.000,0.000,0.000,0.000,30.0,
17.11.2025,12:15:40.685,23.110,27.473,19.978,3.041,250.0,250.0,83.461,47.901,8.795,75.414,51.988,32.244,19.744,31.855,126.047,34.920,91.127,6.878,0.000,0.000,1.125,0.000,30.0,
17.11.2025,12:15:41.681,23.110,27.206,19.766,3.027,250.0,250.0,80.095,23.774,8.819,74.290,51.304,31.809,19.495,31.420,7.107,0.721,6.386,6.386,0.001,0.000,0.000,0.000,30.0,
17.11.2025,12:15:42.686,20.391,25.988,18.487,3.057,250.0,250.0,82.842,23.769,8.797,74.223,51.246,31.774,19.472,31.385,7.172,0.726,6.446,6.446,0.000,0.000,0.000,0.000,30.0,
17.11.2025,12:15:43.686,19.032,24.598,17.092,3.075,250.0,250.0,83.012,23.396,8.792,72.727,50.333,31.201,19.132,30.824,7.233,0.744,6.489,6.489,0.000,0.000,0.000,2.500,30.0,
17.11.2025,12:15:44.680,10.875,24.598,17.092,3.075,250.0,250.0,79.988,25.758,8.818,81.793,55.918,34.676,21.242,34.263,7.204,0.741,6.463,6.463,0.000,0.000,0.000,0.000,30.0,
17.11.2025,12:15:45.680,21.750,27.851,20.370,3.039,250.0,250.0,81.984,46.243,8.782,57.878,41.170,25.521,15.649,25.217,40.507,14.608,25.899,207.202,0.000,0.000,0.000,0.000,30.0,
17.11.2025,12:15:46.693,20.391,27.500,19.988,3.065,250.0,250.0,79.461,23.754,8.819,74.159,51.220,31.761,19.459,31.372,7.159,0.730,6.429,6.429,0.000,0.000,0.000,0.000,30.0,
17.11.2025,12:15:47.687,23.110,27.419,19.942,3.044,250.0,250.0,82.592,23.761,8.795,74.229,51.259,31.786,19.473,31.397,7.127,0.724,6.403,6.420,0.000,0.000,0.000,0.000,30.0,
17.11.2025,12:15:48.684,19.032,27.971,20.480,3.062,250.0,250.0,79.522,23.915,8.784,74.875,51.625,32.015,19.610,31.627,7.107,0.721,6.386,6.394,0.000,0.000,0.000,0.000,30.0,
17.11.2025,12:15:49.681,16.313,25.601,18.149,3.039,250.0,250.0,79.508,24.224,8.842,75.884,52.296,32.430,19.866,32.029,7.213,0.733,6.480,6.471,0.000,0.000,0.000,0.000,30.0,
17.11.2025,12:15:50.686,10.875,26.069,18.555,3.062,250.0,250.0,82.282,22.968,8.845,71.116,49.402,30.627,18.775,30.262,7.123,0.720,6.403,6.403,0.000,0.000,2.375,0.000,30.0,
17.11.2025,12:15:51.685,14.953,26.441,18.937,3.058,250.0,250.0,82.027,24.215,8.869,75.835,52.292,32.431,19.861,32.042,7.180,0.734,6.446,6.463,0.000,0.000,0.000,0.000,30.0,
17.11.2025,12:15:52.685,17.672,27.324,19.831,3.077,250.0,250.0,82.935,23.625,8.830,73.694,50.955,31.596,19.359,31.207,7.105,0.719,6.386,6.403,0.000,0.000,0.000,0.000,30.0,
17.11.2025,12:15:53.686,23.110,25.796,18.314,3.043,250.0,250.0,79.211,35.131,8.846,69.203,48.192,29.878,18.314,29.525,70.453,26.108,44.345,6.449,0.000,0.000,0.375,0.000,30.0,
17.11.2025,12:15:54.687,12.235,26.081,18.579,3.065,250.0,250.0,78.999,23.992,8.908,75.017,51.809,32.124,19.685,31.747,7.115,0.721,6.394,6.403,0.000,0.000,0.000,0.000,30.0,
17.11.2025,12:15:55.682,14.953,27.366,19.927,3.010,250.0,250.0,83.067,28.283,8.894,73.948,51.127,31.707,19.420,31.330,29.913,3.841,26.072,6.582,0.001,0.000,0.000,0.000,30.0,
17.11.2025,12:15:56.686,19.032,26.269,18.803,3.037,250.0,250.0,78.696,23.528,8.881,73.246,50.697,31.432,19.265,31.055,7.136,0.724,6.412,6.429,0.000,0.000,0.000,0.000,30.0,
17.11.2025,12:15:57.686,20.391,27.048,19.540,3.016,250.0,250.0,82.138,43.474,8.979,73.445,50.868,31.542,19.326,31.165,106.427,32.164,74.263,6.556,0.000,0.000,0.000,0.000,30.0,
17.11.2025,12:15:58.682,14.953,27.321,19.905,3.012,250.0,250.0,82.138,43.474,8.979,73.445,50.868,31.542,19.326,31.165,106.427,32.164,74.263,6.556,0.000,0.000,0.000,0.000,30.0,
17.11.2025,12:15:59.688,19.032,25.745,18.290,3.035,250.0,250.0,79.169,24.283,9.017,76.008,52.485,32.547,19.938,32.158,7.124,0.721,6.403,6.429,0.000,0.000,1.500,0.000,30.0,
17.11.2025,12:16:0.683,14.953,26.077,18.577,3.028,250.0,250.0,83.199,23.706,8.968,73.768,51.076,31.672,19.404,31.283,7.194,0.740,6.454,6.497,0.000,0.000,0.000,2.500,30.0,
17.11.2025,12:16:1.678,23.110,25.443,18.030,2.993,250.0,250.0,78.507,22.410,8.980,68.870,48.088,29.824,18.264,29.458,7.113,0.719,6.394,6.386,0.000,0.000,0.000,0.000,30.0,
17.11.2025,12:16:2.686,20.391,26.464,19.076,2.989,250.0,250.0,78.221,25.618,8.803,56.125,40.125,24.880,15.245,24.576,7.395,0.873,6.522,71.637,0.000,0.000,0.000,0.000,30.0,
17.11.2025,12:16:3.683,17.672,25.128,17.642,3.012,250.0,250.0,81.288,36.448,8.766,68.681,47.822,29.653,18.169,29.289,77.787,17.010,60.777,6.522,0.000,0.000,0.000,0.000,30.0,
17.11.2025,12:16:4.684,24.469,25.211,17.781,3.020,250.0,250.0,77.793,22.661,8.780,69.985,48.629,30.162,18.467,29.797,7.174,0.736,6.438,6.438,0.000,0.000,0.000,0.000,30.0,
17.11.2025,12:16:5.686,19.032,27.048,19.635,2.982,250.0,250.0,78.103,36.446,8.842,69.116,48.132,29.847,18.285,29.483,77.142,16.611,60.531,6.471,0.000,0.000,2.125,0.000,30.0,
17.11.2025,12:16:6.686,16.313,26.906,19.567,2.966,250.0,250.0,74.199,58.946,8.789,62.492,44.007,27.296,16.711,26.968,20.577,5.315,15.262,362.046,0.000,0.000,0.000,0.000,30.0,
17.11.2025,12:16:7.681,27.188,26.473,19.048,2.985,250.0,250.0,74.249,22.336,8.838,68.610,47.828,29.652,18.176,29.300,7.295,0.934,6.361,6.361,0.000,0.000,0.000,0.000,30.0,
17.11.2025,12:16:8.679,12.235,24.404,16.866,3.125,250.0,250.0,74.289,13.594,8.763,35.258,27.303,16.928,10.375,16.733,7.099,0.721,6.378,6.378,0.000,0.000,0.000,0.000,30.0,
17.11.2025,12:16:9.679,20.391,25.631,18.122,3.037,250.0,250.0,61.060,24.454,8.833,76.817,52.874,32.786,20.088,32.385,7.179,0.785,6.394,6.394,0.000,0.000,0.000,0.000,30.0,
17.11.2025,12:16:10.679,13.594,25.628,18.163,3.041,250.0,250.0,80.040,23.398,8.829,72.859,50.414,31.269,19.145,30.893,7.095,0.717,6.378,6.378,0.000,0.000,0.000,0.000,30.0,
17.11.2025,12:16:11.679,8.156,27.285,19.850,3.036,250.0,250.0,79.093,35.584,8.832,73.485,50.813,31.502,19.311,31.125,67.152,11.729,55.423,6.471,0.000,0.000,0.000,0.000,30.0,
17.11.2025,12:16:12.685,10.875,26.435,18.968,3.024,250.0,250.0,79.291,23.946,8.833,74.880,51.673,32.034,19.639,31.645,7.163,0.734,6.429,6.429,0.000,0.000,0.000,0.000,30.0,
17.11.2025,12:16:13.686,14.953,26.285,18.760,3.074,250.0,250.0,78.830,24.337,8.807,76.378,52.585,32.610,19.975,32.209,7.199,0.786,6.413,6.412,0.000,0.000,0.000,0.000,30.0,
17.11.2025,12:16:14.686,19.032,27.039,19.559,3.036,250.0,250.0,79.495,23.518,8.793,73.361,50.709,31.441,19.268,31.065,7.087,0.718,6.369,6.369,0.000,0.000,0.000,0.000,30.0,
17.11.2025,12:16:15.686,20.391,27.476,19.962,3.087,250.0,250.0,82.603,41.496,8.778,72.331,50.066,31.045,19.021,30.668,98.216,31.231,66.985,6.624,0.000,0.000,0.000,0.000,30.0,
17.11.2025,12:16:16.683,19.032,32.160,24.053,3.558,250.0,250.0,79.465,23.854,8.747,74.481,51.403,31.870,19.533,31.481,7.261,0.828,6.433,6.505,0.000,0.000,0.000,1.125,30.0,
17.11.2025,12:16:17.686,23.110,27.656,20.045,3.146,250.0,250.0,79.414,23.801,8.748,74.406,51.336,31.830,19.506,31.453,7.150,0.747,6.403,6.429,0.000,0.000,0.000,1.625,30.0,
17.11.2025,12:16:18.685,12.235,26.623,19.130,3.047,250.0,250.0,78.813,23.743,8.772,74.176,51.190,31.742,19.448,31.365,7.161,0.783,6.378,6.412,0.000,0.000,0.000,0.000,30.0,
17.11.2025,12:16:19.686,17.672,25.543,18.085,3.032,250.0,250.0,82.826,46.896,8.783,75.034,51.752,32.086,19.666,31.697,121.639,33.569,88.070,6.667,0.000,0.000,0.000,0.000,30.0,
17.11.2025,12:16:20.686,16.313,25.543,18.085,3.032,250.0,250.0,79.945,23.734,8.767,74.175,51.208,31.758,19.450,31.369,7.105,0.719,6.386,6.403,0.000,0.000,0.000,0.000,30.0,
17.11.2025,12:16:21.687,19.032,27.481,20.003,3.021,250.0,250.0,82.783,47.373,8.850,73.881,51.073,31.672,19.401,31.295,125.437,34.685,90.752,6.683,0.000,0.000,0.000,2.500,30.0,
17.11.2025,12:16:22.686,19.032,25.510,18.054,3.014,250.0,250.0,79.629,23.677,8.863,73.853,51.065,31.662,19.403,31.286,7.114,0.720,6.394,6.412,0.000,0.000,0.000,0.000,30.0,
17.11.2025,12:16:23.685,20.391,26.590,19.116,3.022,250.0,250.0,82.717,30.216,8.873,73.174,50.642,31.405,19.237,31.016,40.640,14.499,26.141,6.530,0.000,0.000,0.000,0.000,30.0,
17.11.2025,12:16:24.682,9.516,27.034,19.575,3.031,250.0,250.0,79.318,23.982,8.843,74.987,51.758,32.090,19.668,31.701,7.164,0.735,6.429,6.446,0.000,0.000,0.000,0.000,30.0,
17.11.2025,12:16:25.683,24.469,24.950,17.463,3.022,250.0,250.0,79.735,23.965,8.756,75.040,51.728,32.084,19.644,31.695,7.159,0.772,6.387,6.386,0.000,0.000,0.625,0.000,30.0,
17.11.2025,12:16:26.686,20.391,25.861,18.399,3.030,250.0,250.0,82.528,42.402,8.757,75.821,52.191,32.369,19.822,31.980,98.154,24.052,74.102,6.769,0.000,0.000,0.000,0.000,30.0,
17.11.2025,12:16:27.681,14.953,25.880,18.409,3.060,250.0,250.0,79.065,23.683,8.782,73.882,51.020,31.640,19.380,31.264,7.213,0.775,6.438,6.438,0.000,0.000,0.000,0.000,30.0,
17.11.2025,12:16:28.686,14.953,25.945,18.421,3.043,250.0,250.0,83.152,45.893,8.876,73.913,51.090,31.679,19.411,31.302,117.920,33.580,84.340,6.819,0.000,0.000,0.000,0.000,30.0,
17.11.2025,12:16:29.681,17.672,26.370,18.891,3.029,250.0,250.0,79.871,23.760,8.807,74.119,51.180,31.739,19.441,31.362,7.248,0.791,6.457,6.454,0.000,0.000,0.000,0.000,30.0,
17.11.2025,12:16:30.680,23.110,25.829,18.388,3.054,250.0,250.0,83.282,89.272,8.900,71.141,49.399,30.636,18.763,30.272,113.977,33.190,80.787,455.651,0.000,0.000,0.000,0.000,30.0,
17.11.2025,12:16:31.686,17.672,25.436,17.935,3.038,250.0,250.0,79.467,23.735,8.905,73.944,51.133,31.711,19.422,31.334,7.233,0.792,6.441,6.438,0.000,0.000,0.000,0.000,30.0,
17.11.2025,12:16:32.685,12.235,24.267,16.746,3.065,250.0,250.0,80.810,24.169,8.842,75.682,52.168,32.353,19.815,31.964,7.214,0.776,6.438,6.438,0.000,0.000,0.000,0.000,30.0,
17.11.2025,12:16:33.686,12.235,25.574,18.073,3.035,250.0,250.0,82.883,34.352,8.754,56.232,40.146,24.892,15.254,24.588,32.123,10.007,22.116,109.405,0.000,0.000,0.000,0.000,30.0,
17.11.2025,12:16:34.686,17.672,27.262,19.747,3.081,250.0,250.0,79.714,24.072,8.867,75.223,51.904,32.192,19.712,31.803,7.272,0.797,6.475,6.471,0.000,0.000,0.000,0.000,30.0,
17.11.2025,12:16:35.679,20.391,26.794,19.302,3.054,250.0,250.0,83.075,47.608,8.915,74.726,51.632,32.015,19.617,31.638,125.340,34.537,90.803,6.853,0.000,0.000,0.000,0.000,30.0,
17.11.2025,12:16:36.680,17.672,25.903,18.440,3.052,250.0,250.0,79.687,23.879,8.903,74.480,51.481,31.922,19.559,31.545,7.229,0.779,6.450,6.446,0.000,0.000,0.000,0.000,30.0,
17.11.2025,12:16:37.680,17.672,25.903,18.440,3.052,250.0,250.0,79.943,24.057,8.904,75.234,51.944,32.215,19.729,31.826,7.147,0.727,6.420,6.420,0.000,0.000,0.000,0.000,30.0,
17.11.2025,12:16:38.686,24.469,26.188,18.761,3.033,250.0,250.0,83.544,47.689,8.869,74.873,51.700,32.055,19.645,31.666,125.673,34.769,90.904,6.734,0.001,0.000,0.000,0.000,30.0,
17.11.2025,12:16:39.686,17.672,26.032,18.519,3.052,250.0,250.0,79.686,23.653,8.857,73.754,51.000,31.626,19.374,31.237,7.135,0.723,6.412,6.412,0.000,0.000,0.125,0.000,30.0,
17.11.2025,12:16:40.685,17.672,26.795,19.243,3.069,250.0,250.0,83.010,47.592,8.822,74.450,51.404,31.871,19.533,31.482,125.806,35.014,90.792,6.743,0.000,0.000,0.000,0.000,30.0,
17.11.2025,12:16:41.685,21.750,26.663,19.210,3.041,250.0,250.0,79.562,23.845,8.865,74.425,51.426,31.886,19.540,31.497,7.180,0.734,6.446,6.446,0.000,0.000,0.000,0.000,30.0,
17.11.2025,12:16:42.685,19.032,26.097,18.635,3.037,250.0,250.0,83.629,17.928,8.892,51.760,37.521,23.268,14.253,22.988,7.105,0.719,6.386,6.386,0.000,0.000,0.000,0.000,30.0,
17.11.2025,12:16:43.685,19.032,26.606,19.097,3.043,250.0,250.0,79.481,24.103,8.915,75.165,51.903,32.179,19.724,31.790,7.397,0.845,6.552,6.556,0.000,0.000,0.000,0.000,30.0,
17.11.2025,12:16:44.681,19.032,27.074,19.591,3.053,250.0,250.0,79.634,23.562,8.962,73.280,50.771,31.481,19.290,31.105,7.144,0.724,6.420,6.446,0.000,0.000,0.000,0.000,30.0,
17.11.2025,12:16:45.686,16.313,24.059,16.508,3.071,250.0,250.0,82.966,40.877,8.963,74.135,51.289,31.799,19.490,31.410,92.491,21.002,71.489,6.700,0.000,0.000,0.000,0.000,30.0,
17.11.2025,12:16:46.686,19.032,25.917,18.429,3.060,250.0,250.0,79.610,23.909,8.958,74.618,51.567,31.982,19.585,31.594,7.163,0.734,6.429,6.454,0.000,0.000,0.000,0.000,30.0,
17.11.2025,12:16:47.687,16.313,25.952,18.461,3.068,250.0,250.0,83.316,15.226,8.856,41.064,30.916,19.164,11.752,18.932,7.595,0.767,6.828,6.386,0.001,0.000,0.000,0.000,30.0,
17.11.2025,12:16:48.683,12.235,25.246,17.734,3.050,250.0,250.0,79.534,45.227,8.830,73.359,50.731,31.460,19.271,31.071,115.403,31.038,84.365,6.743,0.000,0.000,0.000,0.000,30.0,
17.11.2025,12:16:49.686,17.672,26.172,18.706,3.040,250.0,250.0,79.787,23.880,8.901,74.572,51.513,31.941,19.572,31.564,7.155,0.726,6.429,6.429,0.000,0.000,0.000,0.000,30.0,
17.11.2025,12:16:50.679,12.235,25.506,18.060,3.030,250.0,250.0,82.835,23.777,8.924,74.172,51.292,31.806,19.486,31.417,7.135,0.723,6.412,6.403,0.000,0.000,0.000,0.000,30.0,
17.11.2025,12:16:51.685,17.672,25.809,18.316,3.021,250.0,250.0,80.315,40.721,8.963,75.679,52.247,32.401,19.846,32.012,89.748,19.784,69.964,6.565,0.000,0.000,0.000,0.000,30.0,
17.11.2025,12:16:52.685,10.875,25.575,18.134,3.016,250.0,250.0,79.808,24.193,8.990,75.667,52.261,32.409,19.852,32.008,7.155,0.726,6.429,6.429,0.000,0.000,0.000,0.000,30.0,
17.11.2025,12:16:53.684,19.032,25.133,17.659,3.046,250.0,250.0,83.679,35.375,8.949,73.331,50.799,31.496,19.303,31.119,66.020,23.928,42.092,6.709,0.000,0.000,0.000,0.000,30.0,
17.11.2025,12:16:54.685,16.313,27.672,20.121,3.059,250.0,250.0,80.324,24.245,8.928,75.875,52.350,32.465,19.885,32.076,7.206,0.743,6.463,6.463,0.000,0.000,0.000,0.000,30.0,
17.11.2025,12:16:55.687,19.032,25.678,18.229,3.035,250.0,250.0,83.216,20.707,8.844,59.965,42.502,26.360,16.142,26.044,7.105,0.719,6.386,12.998,0.000,0.000,0.000,0.000,30.0,
17.11.2025,12:16:56.693,19.032,25.362,17.911,3.014,250.0,250.0,79.967,24.090,8.869,75.341,51.984,32.241,19.743,31.852,7.204,0.741,6.463,6.463,0.000,0.000,0.000,0.000,30.0,
17.11.2025,12:16:57.686,10.875,27.189,19.723,3.042,250.0,250.0,80.132,24.391,8.870,76.579,52.762,32.715,20.047,32.314,7.115,0.721,6.394,6.394,0.000,0.000,0.000,0.000,30.0,
17.11.2025,12:16:58.682,17.672,24.165,16.709,3.019,250.0,250.0,83.158,46.170,8.914,74.869,51.703,32.059,19.644,31.670,118.009,33.729,84.280,6.828,0.000,0.000,0.000,0.000,30.0,
17.11.2025,12:16:59.685,23.110,26.948,19.459,3.037,250.0,250.0,79.501,23.650,8.870,73.694,50.966,31.603,19.363,31.214,7.172,0.726,6.446,6.446,0.001,0.000,0.000,0.000,30.0,
17.11.2025,12:17:0.684,17.672,25.812,18.286,3.052,250.0,250.0,82.857,28.071,8.913,86.448,58.829,36.480,22.349,36.030,7.433,0.750,6.683,16.797,0.000,0.000,0.375,0.000,30.0,
17.11.2025,12:17:1.682,12.235,25.592,18.097,3.037,250.0,250.0,79.856,23.967,8.832,74.905,51.694,32.052,19.642,31.675,7.206,0.743,6.463,6.463,0.000,0.000,0.000,0.000,30.0,
17.11.2025,12:17:2.682,10.875,27.751,20.266,3.067,250.0,250.0,83.232,22.375,8.844,68.870,47.986,29.757,18.229,29.393,7.135,0.732,6.403,6.403,0.000,0.000,0.000,2.375,30.0,
17.11.2025,12:17:3.681,20.391,26.157,18.684,3.049,250.0,250.0,75.787,30.208,8.822,70.305,48.850,30.293,18.557,29.928,7.325,0.922,6.403,80.674,0.000,0.000,0.000,0.000,30.0,
17.11.2025,12:17:4.687,19.032,24.816,17.283,3.037,250.0,250.0,79.364,56.329,8.819,59.379,42.146,26.130,16.016,25.813,7.124,0.738,6.386,370.742,0.000,0.000,0.000,0.000,30.0,
17.11.2025,12:17:5.686,17.672,26.621,19.202,3.029,250.0,250.0,79.327,22.490,8.844,69.218,48.203,29.885,18.318,29.533,7.211,0.731,6.480,6.480,0.000,0.000,0.000,0.000,30.0,
17.11.2025,12:17:6.684,20.391,25.321,17.880,2.998,250.0,250.0,77.779,22.490,8.903,69.248,48.250,29.925,18.325,29.560,7.142,0.722,6.420,6.403,0.000,0.000,0.000,0.000,30.0,
17.11.2025,12:17:7.687,20.391,24.890,17.398,3.006,250.0,250.0,77.550,22.247,8.996,68.217,47.678,29.565,18.113,29.200,7.118,0.732,6.386,6.463,0.000,0.000,0.000,0.000,30.0,
17.11.2025,12:17:8.682,17.672,24.562,17.160,2.982,250.0,250.0,71.262,44.102,8.961,68.140,47.601,29.521,18.080,29.169,116.377,33.035,83.342,6.794,0.000,0.000,0.000,0.000,30.0,
17.11.2025,12:17:9.679,19.032,24.711,17.327,2.972,250.0,250.0,74.145,32.765,9.076,67.677,47.393,29.389,18.004,29.024,60.223,10.581,49.642,6.642,0.000,0.000,0.000,0.000,30.0,
17.11.2025,12:17:10.686,17.672,24.297,16.858,3.015,250.0,250.0,66.261,24.121,8.894,75.405,52.047,32.267,19.780,31.878,7.236,0.804,6.432,6.463,0.000,0.000,0.000,2.375,30.0,
17.11.2025,12:17:11.684,17.672,25.839,18.275,3.145,250.0,250.0,79.255,23.035,8.918,71.243,49.516,30.707,18.809,30.330,7.219,0.772,6.447,6.386,0.000,0.000,0.000,0.000,30.0,
17.11.2025,12:17:12.683,16.313,26.153,18.651,3.042,250.0,250.0,79.337,25.440,8.895,74.217,51.295,31.802,19.493,31.413,15.335,2.038,13.297,6.616,0.000,0.000,0.000,0.000,30.0,
17.11.2025,12:17:13.683,23.110,25.216,17.725,3.064,250.0,250.0,79.042,23.869,8.916,74.497,51.480,31.918,19.562,31.542,7.173,0.769,6.404,6.429,0.000,0.000,0.000,0.000,30.0,
17.11.2025,12:17:14.685,19.032,24.961,17.452,3.074,250.0,250.0,79.700,34.794,8.880,58.354,41.546,25.762,15.784,25.458,22.128,5.770,16.358,127.895,0.000,0.000,0.000,0.000,30.0,
17.11.2025,12:17:15.679,20.391,22.996,15.485,3.062,250.0,250.0,80.512,47.199,8.999,73.093,50.684,31.432,19.252,31.043,125.449,34.805,90.644,6.590,0.001,0.000,0.000,0.000,30.0,
17.11.2025,12:17:16.679,13.594,24.138,16.645,3.056,250.0,250.0,79.329,23.731,9.002,73.852,51.123,31.704,19.419,31.327,7.217,0.779,6.438,6.446,0.000,0.000,0.000,0.000,30.0,
17.11.2025,12:17:17.686,17.672,25.041,17.518,3.046,250.0,250.0,79.682,23.797,8.945,74.239,51.345,31.835,19.510,31.446,7.123,0.720,6.403,6.403,0.000,0.000,0.000,0.000,30.0,
17.11.2025,12:17:18.679,21.750,29.629,21.944,3.229,250.0,250.0,83.839,47.940,8.919,76.073,52.469,32.532,19.937,32.143,125.368,34.695,90.673,6.590,0.000,0.000,0.000,0.000,30.0,
17.11.2025,12:17:19.679,14.953,32.956,24.877,3.533,250.0,250.0,80.045,24.259,8.857,76.025,52.406,32.501,19.905,32.112,7.185,0.772,6.413,6.412,0.000,0.000,0.000,0.000,30.0,
17.11.2025,12:17:20.679,16.313,25.922,18.440,3.062,250.0,250.0,81.330,33.693,8.847,76.881,52.905,32.803,20.102,32.414,52.724,19.265,33.459,7.533,0.000,0.000,0.000,0.000,30.0,
17.11.2025,12:17:21.681,17.672,26.018,18.532,3.022,250.0,250.0,80.731,24.151,8.957,75.403,52.091,32.303,19.788,31.902,7.289,0.796,6.493,6.489,0.000,0.000,0.000,0.000,30.0,
17.11.2025,12:17:22.685,21.750,27.641,20.189,3.062,250.0,250.0,80.056,23.754,8.931,73.981,51.186,31.745,19.441,31.356,7.241,0.817,6.424,6.420,0.000,0.000,0.000,1.250,30.0,
17.11.2025,12:17:23.678,21.750,26.552,19.040,3.027,250.0,250.0,80.906,20.677,8.870,62.159,43.876,27.199,16.677,26.871,7.179,0.785,6.394,6.761,0.000,0.000,0.000,0.000,30.0,
17.11.2025,12:17:24.681,20.391,25.371,17.901,3.036,250.0,250.0,81.665,24.323,8.844,76.199,52.497,32.551,19.946,32.162,7.276,0.793,6.483,6.480,0.000,0.000,2.125,0.000,30.0,
17.11.2025,12:17:25.686,20.391,26.890,19.427,3.026,250.0,250.0,79.796,23.960,8.857,74.885,51.692,32.050,19.642,31.661,7.195,0.772,6.423,6.420,0.000,0.000,0.000,0.000,30.0,
17.11.2025,12:17:26.687,17.672,23.847,16.412,3.037,250.0,250.0,82.969,15.617,8.839,42.694,31.941,19.804,12.137,19.560,7.339,0.825,6.514,6.514,0.000,0.000,0.000,0.000,30.0,
17.11.2025,12:17:27.686,10.875,27.254,19.793,3.047,250.0,250.0,81.172,24.156,8.944,75.492,52.118,32.321,19.797,31.932,7.248,0.781,6.467,6.463,0.000,0.000,0.000,0.000,30.0,
17.11.2025,12:17:28.686,14.953,25.376,17.854,3.054,250.0,250.0,80.150,24.101,8.921,75.321,52.013,32.259,19.754,31.869,7.210,0.787,6.423,6.454,0.000,0.000,0.000,0.000,30.0,
17.11.2025,12:17:29.680,12.235,24.651,17.158,3.049,250.0,250.0,83.218,23.703,8.905,73.617,50.947,31.590,19.357,31.213,7.499,0.756,6.743,6.403,0.000,0.000,1.500,0.000,30.0,
17.11.2025,12:17:30.686,14.953,24.852,17.376,3.027,250.0,250.0,79.714,62.562,9.100,55.219,39.755,24.657,15.098,24.352,17.523,4.517,13.006,422.389,0.000,0.000,0.000,0.000,30.0,
17.11.2025,12:17:31.686,17.672,26.720,19.254,3.022,250.0,250.0,78.976,23.701,9.042,73.658,51.049,31.653,19.396,31.276,7.238,0.789,6.449,6.463,0.000,0.000,0.000,1.125,30.0,
17.11.2025,12:17:32.680,19.032,26.261,18.771,3.062,250.0,250.0,82.866,45.602,8.879,60.498,42.858,26.573,16.285,26.245,28.903,8.261,20.642,216.876,0.000,0.000,0.000,0.000,30.0,
17.11.2025,12:17:33.687,13.594,25.787,18.354,3.019,250.0,250.0,79.082,23.591,8.908,73.232,50.704,31.436,19.268,31.059,7.379,0.874,6.505,6.547,0.000,0.000,0.000,0.000,30.0,
17.11.2025,12:17:34.686,16.313,26.308,18.804,3.041,250.0,250.0,79.202,23.666,8.904,73.776,51.020,31.640,19.380,31.264,7.125,0.722,6.403,6.429,0.000,0.000,0.000,0.000,30.0,
17.11.2025,12:17:35.687,20.391,26.291,18.853,3.013,250.0,250.0,83.109,28.065,8.895,74.439,51.436,31.892,19.544,31.503,28.178,3.696,24.482,6.582,0.000,0.000,0.000,0.000,30.0,
17.11.2025,12:17:36.686,16.313,27.102,19.612,3.041,250.0,250.0,79.759,23.559,8.969,73.224,50.722,31.445,19.277,31.068,7.220,0.778,6.442,6.446,0.000,0.000,0.000,0.000,30.0,
17.11.2025,12:17:37.686,19.032,26.519,19.022,3.039,250.0,250.0,84.429,22.431,8.874,69.015,48.130,29.843,18.287,29.490,7.132,0.729,6.403,6.403,0.000,0.000,0.000,0.000,30.0,
17.11.2025,12:17:38.686,13.594,26.076,18.592,3.068,250.0,250.0,80.287,24.229,8.967,75.733,52.291,32.425,19.866,32.024,7.262,0.796,6.466,6.463,0.000,0.000,0.000,0.000,30.0,
17.11.2025,12:17:39.686,21.750,26.122,18.670,3.047,250.0,250.0,83.702,47.326,8.896,73.291,50.731,31.450,19.281,31.074,125.829,34.790,91.039,6.878,0.000,0.000,0.000,0.000,30.0,
17.11.2025,12:17:40.686,14.953,26.919,19.389,3.083,250.0,250.0,79.982,24.747,8.983,77.698,53.527,33.199,20.328,32.797,7.257,0.786,6.471,6.429,0.000,0.000,0.000,0.000,30.0,
17.11.2025,12:17:41.686,19.032,26.270,18.760,3.066,250.0,250.0,83.593,46.477,8.884,76.103,52.452,32.529,19.923,32.140,117.972,33.748,84.224,6.794,0.000,0.000,0.000,0.000,30.0,
17.11.2025,12:17:42.685,23.110,25.125,17.611,3.038,250.0,250.0,79.981,24.135,8.911,75.460,52.087,32.300,19.787,31.911,7.222,0.776,6.446,6.446,0.000,0.000,0.000,1.625,30.0,
17.11.2025,12:17:43.685,21.750,25.356,17.888,3.073,250.0,250.0,83.720,47.431,8.946,74.380,51.446,31.902,19.544,31.513,124.982,34.449,90.533,6.616,0.000,0.000,0.000,0.000,30.0,
17.11.2025,12:17:44.681,12.235,24.931,17.399,3.055,250.0,250.0,80.302,24.110,8.951,75.293,52.016,32.250,19.766,31.861,7.248,0.782,6.466,6.463,0.000,0.000,0.000,0.000,30.0,
17.11.2025,12:17:45.681,14.953,26.805,19.342,3.033,250.0,250.0,83.734,18.834,8.895,55.239,39.646,24.584,15.062,24.291,7.113,0.719,6.394,6.394,0.000,0.000,0.000,0.000,30.0,
17.11.2025,12:17:46.687,9.516,26.083,18.620,3.063,250.0,250.0,79.145,23.688,8.893,73.730,50.994,31.622,19.372,31.234,7.275,0.782,6.493,6.489,0.000,0.000,1.375,0.000,30.0,
17.11.2025,12:17:47.679,12.235,25.325,17.835,3.046,250.0,250.0,79.979,24.167,8.860,75.659,52.164,32.349,19.815,31.960,7.215,0.777,6.438,6.438,0.000,0.000,0.000,0.000,30.0,
17.11.2025,12:17:48.684,23.110,26.258,18.734,3.066,250.0,250.0,83.066,45.739,8.880,73.280,50.709,31.436,19.273,31.059,118.029,33.799,84.230,6.692,0.001,0.000,0.000,0.000,30.0,
17.11.2025,12:17:49.678,12.235,25.361,17.872,3.043,250.0,250.0,79.511,23.649,8.858,73.522,50.845,31.531,19.314,31.154,7.383,0.838,6.545,6.497,0.000,0.000,0.000,0.000,30.0,
17.11.2025,12:17:50.686,21.750,24.987,17.525,3.024,250.0,250.0,79.081,23.605,8.943,73.475,50.859,31.536,19.323,31.160,7.153,0.724,6.429,6.446,0.000,0.000,0.000,0.000,30.0,
17.11.2025,12:17:51.686,13.594,26.153,18.690,3.059,250.0,250.0,82.401,66.352,8.991,64.975,45.675,28.329,17.346,27.989,60.793,22.781,38.012,348.631,0.000,0.000,0.000,0.000,30.0,
17.11.2025,12:17:52.684,12.235,26.374,18.853,3.043,250.0,250.0,79.830,23.761,9.037,73.702,51.079,31.673,19.406,31.296,7.423,0.839,6.584,6.573,0.000,0.000,0.000,0.000,30.0,
17.11.2025,12:17:53.686,17.672,25.394,17.890,3.089,250.0,250.0,80.192,24.171,8.994,75.567,52.190,32.369,19.821,31.980,7.173,0.727,6.446,6.446,0.000,0.000,0.000,0.000,30.0,
17.11.2025,12:17:54.686,20.391,27.924,20.383,3.059,250.0,250.0,83.877,23.525,9.035,73.014,50.645,31.406,19.239,31.017,7.202,0.739,6.463,6.489,0.000,0.000,0.000,0.000,30.0,
17.11.2025,12:17:55.685,19.032,27.742,20.261,3.060,250.0,250.0,80.366,23.937,8.892,74.793,51.645,32.032,19.613,31.644,7.155,0.726,6.429,6.438,0.000,0.000,0.000,0.000,30.0,
17.11.2025,12:17:56.684,19.032,27.180,19.712,3.032,250.0,250.0,83.243,24.105,8.833,75.434,52.019,32.264,19.755,31.875,7.199,0.736,6.463,6.471,0.000,0.000,0.000,0.000,30.0,
17.11.2025,12:17:57.682,20.391,26.338,18.857,3.036,250.0,250.0,83.447,47.667,8.848,74.882,51.693,32.054,19.639,31.665,125.478,34.673,90.805,6.930,0.000,0.000,0.000,0.000,30.0,
17.11.2025,12:17:58.686,21.750,25.858,18.409,3.026,250.0,250.0,80.079,47.667,8.968,74.631,51.616,32.010,19.606,31.621,7.155,0.726,6.429,6.446,0.000,0.000,0.000,0.000,30.0,
17.11.2025,12:17:59.686,17.672,26.817,19.318,3.033,250.0,250.0,80.079,23.921,8.968,74.631,51.616,32.010,19.606,31.621,7.155,0.726,6.429,6.446,0.000,0.000,0.000,0.000,30.0,
17.11.2025,12:18:0.686,10.875,25.876,18.389,3.028,250.0,250.0,83.320,44.204,8.868,73.568,50.880,31.554,19.326,31.177,109.157,32.447,76.710,8.357,0.000,0.000,0.000,0.000,30.0,
17.11.2025,12:18:1.684,14.953,25.839,18.389,3.058,250.0,250.0,78.989,24.032,8.897,75.126,51.884,32.177,19.707,31.788,7.154,0.725,6.429,6.429,0.000,0.000,0.000,0.000,30.0,
17.11.2025,12:18:2.684,10.875,25.691,18.182,3.043,250.0,250.0,83.362,45.926,8.879,74.070,51.197,31.741,19.456,31.364,117.874,33.696,84.178,6.802,0.000,0.000,0.250,0.000,30.0,
17.11.2025,12:18:3.685,19.032,25.600,18.083,3.059,250.0,250.0,79.261,24.278,8.859,76.062,52.424,32.510,19.914,32.121,7.228,0.790,6.438,6.438,0.000,0.000,0.000,0.000,30.0,
17.11.2025,12:18:4.682,19.032,25.571,18.097,3.048,250.0,250.0,82.925,22.494,8.769,69.367,48.247,29.916,18.331,29.564,7.160,0.731,6.429,6.429,0.000,0.000,0.000,0.000,30.0,
17.11.2025,12:18:5.685,14.953,26.538,19.086,3.005,250.0,250.0,75.818,22.089,8.782,67.796,47.273,29.319,17.954,28.966,7.178,0.732,6.446,6.446,0.000,0.000,0.000,0.000,30.0,
17.11.2025,12:18:6.678,19.032,27.292,19.894,3.002,250.0,250.0,76.835,21.961,8.781,67.351,47.014,29.154,17.860,28.802,7.122,0.719,6.403,6.403,0.000,0.000,0.000,0.000,30.0,
17.11.2025,12:18:7.684,16.313,26.832,19.333,3.029,250.0,250.0,79.815,22.276,8.821,68.343,47.652,29.542,18.110,29.189,7.280,0.741,6.539,6.539,0.000,0.000,0.000,0.000,30.0,
17.11.2025,12:18:8.685,17.672,24.524,17.092,3.023,250.0,250.0,77.868,22.091,8.833,67.723,47.274,29.311,17.963,28.958,7.191,0.728,6.463,6.463,0.000,0.000,2.125,0.000,30.0,
17.11.2025,12:18:9.682,21.750,25.251,17.808,3.005,250.0,250.0,76.951,22.459,8.890,69.091,48.154,29.858,18.296,29.493,7.196,0.784,6.412,6.412,0.000,0.000,0.000,0.000,30.0,
17.11.2025,12:18:10.684,17.672,26.036,18.673,3.003,250.0,250.0,70.566,39.124,8.799,68.520,47.744,29.607,18.137,29.254,91.364,23.868,67.496,6.454,0.000,0.000,0.000,0.000,30.0,
17.11.2025,12:18:11.688,20.391,25.648,18.201,2.978,250.0,250.0,73.221,22.011,8.786,67.492,47.097,29.197,17.900,28.844,7.173,0.727,6.446,6.446,0.000,0.000,0.000,0.000,30.0,
17.11.2025,12:18:12.684,17.672,24.346,16.815,3.108,250.0,250.0,63.975,47.016,8.859,72.677,50.338,31.212,19.126,30.835,125.163,34.579,90.584,6.786,0.000,0.000,0.000,0.000,30.0,
17.11.2025,12:18:13.684,19.032,27.322,19.838,3.063,250.0,250.0,79.318,23.952,8.868,74.864,51.690,32.049,19.641,31.660,7.168,0.756,6.412,6.412,0.000,0.000,0.000,0.000,30.0,
17.11.2025,12:18:14.686,16.313,28.584,21.082,3.038,250.0,250.0,82.420,24.525,8.866,60.605,42.909,26.611,16.298,26.295,17.771,4.642,13.129,28.126,0.000,0.000,0.000,0.000,30.0,
17.11.2025,12:18:15.685,21.750,25.571,18.114,3.050,250.0,250.0,78.286,13.993,8.816,36.678,28.220,17.499,10.721,17.291,7.174,0.728,6.446,6.361,0.000,0.000,0.000,0.000,30.0,
17.11.2025,12:18:16.684,25.829,24.449,17.023,3.011,250.0,250.0,75.470,47.687,8.925,75.058,51.847,32.159,19.688,31.770,125.262,34.639,90.623,6.904,0.000,0.000,0.000,0.000,30.0,
17.11.2025,12:18:17.680,9.516,27.433,19.905,3.068,250.0,250.0,79.860,23.996,8.978,74.956,51.815,32.125,19.690,31.736,7.126,0.723,6.403,6.412,0.000,0.000,2.125,1.750,30.0,
17.11.2025,12:18:18.686,21.750,26.524,19.002,3.086,250.0,250.0,83.394,23.933,8.857,74.634,51.542,31.959,19.583,31.582,7.318,0.809,6.509,6.539,0.000,0.000,0.000,0.000,30.0,
17.11.2025,12:18:19.686,23.110,31.251,23.309,3.433,250.0,250.0,79.377,23.811,8.809,74.406,51.388,31.864,19.524,31.475,7.106,0.720,6.386,6.429,0.000,0.000,1.125,0.000,30.0,
17.11.2025,12:18:20.683,14.953,29.300,21.476,3.347,250.0,250.0,82.865,23.904,8.810,74.615,51.499,31.930,19.569,31.553,7.273,0.790,6.483,6.522,0.000,0.000,0.000,0.000,30.0,
17.11.2025,12:18:21.686,23.110,26.693,19.177,3.070,250.0,250.0,79.582,23.253,8.772,72.325,50.049,31.033,19.016,30.668,7.126,0.723,6.403,6.412,0.001,0.000,0.000,0.000,30.0,
17.11.2025,12:18:22.686,12.235,25.546,18.042,3.033,250.0,250.0,81.569,23.557,8.816,73.293,50.680,31.426,19.254,31.050,7.267,0.793,6.474,6.514,0.000,0.000,0.000,0.000,30.0,
17.11.2025,12:18:23.683,19.032,25.771,18.320,3.046,250.0,250.0,79.061,24.041,8.817,75.216,51.856,32.158,19.698,31.769,7.224,0.777,6.447,6.446,0.000,0.000,0.000,0.000,30.0,
17.11.2025,12:18:24.680,23.110,25.041,17.520,3.048,250.0,250.0,82.412,47.509,8.794,74.336,51.314,31.824,19.490,31.435,125.585,34.806,90.779,6.726,0.000,0.000,0.000,0.000,30.0,
17.11.2025,12:18:25.687,12.235,26.594,19.098,3.083,250.0,250.0,79.100,23.572,8.808,73.374,50.725,31.451,19.274,31.075,7.272,0.797,6.475,6.471,0.000,0.000,0.000,0.000,30.0,
17.11.2025,12:18:26.679,13.594,27.392,19.870,3.066,250.0,250.0,78.583,23.874,8.780,74.636,51.478,31.926,19.552,31.537,7.202,0.770,6.432,6.429,0.000,0.000,2.125,0.000,30.0,
17.11.2025,12:18:27.686,31.266,27.297,19.757,3.093,250.0,250.0,82.308,46.867,8.745,72.112,49.910,30.945,18.965,30.580,125.407,34.751,90.656,6.598,0.000,0.000,0.000,0.000,30.0,
17.11.2025,12:18:28.686,19.032,25.718,18.225,3.074,250.0,250.0,78.791,23.994,8.807,75.032,51.754,32.092,19.662,31.703,7.221,0.771,6.450,6.446,0.000,0.000,0.000,2.250,30.0,
17.11.2025,12:18:29.685,17.672,26.205,18.616,3.084,250.0,250.0,82.954,46.772,8.782,72.697,50.291,31.190,19.101,30.813,124.142,34.381,89.761,6.565,0.000,0.000,0.000,0.000,30.0,
17.11.2025,12:18:30.686,25.829,27.355,19.868,3.074,250.0,250.0,78.988,23.976,8.820,74.867,51.685,32.049,19.636,31.660,7.301,0.860,6.441,6.438,0.000,0.000,0.000,0.000,30.0,
17.11.2025,12:18:31.686,25.829,27.355,19.868,3.074,250.0,250.0,83.362,28.064,8.795,72.166,49.998,30.998,19.000,30.622,31.213,9.500,21.713,6.633,0.000,0.000,0.000,0.000,30.0,
17.11.2025,12:18:32.685,21.750,27.518,19.997,3.109,250.0,250.0,79.911,24.314,8.793,76.120,52.415,32.501,19.914,32.112,7.396,0.896,6.500,6.497,0.000,0.000,0.000,0.000,30.0,
17.11.2025,12:18:33.686,10.875,24.620,17.104,3.062,250.0,250.0,80.268,23.722,8.783,74.039,51.121,31.698,19.423,31.321,7.218,0.773,6.445,6.403,0.000,0.000,0.000,0.000,30.0,
17.11.2025,12:18:34.683,14.953,28.204,20.690,3.073,250.0,250.0,81.673,45.586,8.808,76.531,52.680,32.661,20.019,32.272,113.095,33.978,79.117,6.700,0.000,0.000,0.000,0.000,30.0,
17.11.2025,12:18:35.681,12.235,25.548,18.059,3.040,250.0,250.0,79.392,23.615,8.746,73.608,50.832,31.522,19.310,31.133,7.242,0.745,6.497,6.514,0.000,0.000,0.000,0.000,30.0,
17.11.2025,12:18:36.687,25.829,26.531,19.013,3.051,250.0,250.0,78.795,23.703,8.820,73.970,51.105,31.692,19.413,31.315,7.144,0.724,6.420,6.429,0.000,0.000,0.000,0.000,30.0,
17.11.2025,12:18:37.685,23.110,27.298,19.814,3.044,250.0,250.0,82.692,23.657,8.792,73.717,50.924,31.577,19.347,31.188,7.251,0.746,6.505,6.522,0.001,0.000,0.000,0.000,30.0,
17.11.2025,12:18:38.684,29.907,26.703,19.199,3.059,250.0,250.0,80.567,24.400,8.845,76.575,52.716,32.689,20.027,32.300,7.192,0.738,6.454,6.463,0.000,0.000,0.000,2.500,30.0,
17.11.2025,12:18:39.687,21.750,27.141,19.685,3.027,250.0,250.0,83.922,23.555,8.882,73.175,50.662,31.416,19.246,31.027,7.297,0.750,6.547,6.547,0.000,0.000,0.000,0.000,30.0,
17.11.2025,12:18:40.684,20.391,28.028,20.479,3.094,250.0,250.0,82.865,23.737,8.906,74.005,51.184,31.744,19.440,31.354,7.161,0.758,6.403,6.420,0.000,0.000,0.000,0.000,30.0,
17.11.2025,12:18:41.685,25.829,26.578,19.072,3.090,250.0,250.0,79.639,24.254,8.844,75.993,52.375,32.478,19.897,32.089,7.201,0.738,6.463,6.463,0.000,0.000,0.000,0.000,30.0,
17.11.2025,12:18:42.680,16.313,27.866,20.345,3.065,250.0,250.0,83.564,21.148,8.760,64.072,44.995,27.900,17.095,27.572,7.342,0.744,6.598,6.403,0.000,0.000,0.000,0.000,30.0,
17.11.2025,12:18:43.680,10.875,28.197,20.683,3.071,250.0,250.0,79.269,24.162,8.833,75.623,52.141,32.325,19.816,31.936,7.222,0.733,6.489,6.505,0.000,0.000,0.000,0.000,30.0,
17.11.2025,12:18:44.686,12.235,27.572,20.052,3.060,250.0,250.0,79.977,23.476,8.853,73.048,50.548,31.349,19.199,30.972,7.172,0.726,6.446,6.446,0.000,0.000,0.000,0.000,30.0,
17.11.2025,12:18:45.686,19.032,25.597,18.095,3.080,250.0,250.0,83.127,20.450,8.810,61.485,43.444,26.938,16.506,26.610,7.143,0.723,6.420,6.420,0.000,0.000,1.000,0.000,30.0,
17.11.2025,12:18:46.685,16.313,25.546,18.076,3.073,250.0,250.0,79.162,23.699,8.805,73.721,50.939,31.582,19.357,31.205,7.437,0.850,6.587,6.505,0.000,0.000,0.000,0.000,30.0,
17.11.2025,12:18:47.679,20.391,27.130,19.584,3.072,250.0,250.0,79.255,23.817,8.844,74.348,51.364,31.851,19.513,31.462,7.173,0.727,6.446,6.446,0.000,0.000,0.000,0.000,30.0,
17.11.2025,12:18:48.686,25.829,26.398,18.874,3.064,250.0,250.0,82.845,36.222,8.802,69.037,48.053,29.799,18.254,29.447,76.022,27.422,48.600,6.786,0.000,0.000,0.000,0.000,30.0,
17.11.2025,12:18:49.680,13.594,26.676,19.157,3.100,250.0,250.0,79.273,23.755,8.785,74.182,51.224,31.758,19.466,31.382,7.163,0.734,6.429,6.429,0.000,0.000,2.250,0.000,30.0,
17.11.2025,12:18:50.681,16.313,28.166,20.648,3.087,250.0,250.0,83.281,47.473,8.760,73.949,51.043,31.651,19.392,31.263,125.991,35.025,90.966,6.692,0.000,0.000,0.000,0.000,30.0,
17.11.2025,12:18:51.686,21.750,27.427,19.893,3.108,250.0,250.0,81.312,24.075,8.768,75.444,51.977,32.233,19.744,31.844,7.156,0.727,6.429,6.429,0.000,0.000,0.000,0.000,30.0,
17.11.2025,12:18:52.686,9.516,25.662,18.111,3.099,250.0,250.0,80.997,24.142,8.857,75.522,52.079,32.292,19.787,31.903,7.241,0.744,6.497,6.497,0.000,0.000,0.000,0.000,30.0,
17.11.2025,12:18:53.684,24.469,27.604,19.994,3.128,250.0,250.0,81.310,24.113,8.856,75.477,52.068,32.289,19.779,31.900,7.164,0.726,6.438,6.438,0.000,0.000,0.000,0.000,30.0,
17.11.2025,12:18:54.686,12.235,27.289,19.788,3.067,250.0,250.0,81.662,32.088,8.820,74.518,51.428,31.887,19.541,31.511,48.169,6.237,41.932,6.837,0.000,0.000,0.000,0.000,30.0,
17.11.2025,12:18:55.682,27.188,27.664,20.131,3.120,250.0,250.0,79.792,23.473,8.854,73.013,50.525,31.326,19.199,30.949,7.200,0.737,6.463,6.463,0.000,0.000,0.000,0.000,30.0,
17.11.2025,12:18:56.681,17.672,25.499,17.956,3.084,250.0,250.0,82.698,23.725,8.807,74.054,51.131,31.706,19.425,31.317,7.176,0.738,6.438,6.463,0.000,0.000,0.000,0.000,30.0,
17.11.2025,12:18:57.684,13.594,24.732,17.254,3.090,250.0,250.0,78.822,20.716,8.776,62.579,44.084,27.337,16.747,27.008,7.106,0.720,6.386,6.412,0.000,0.000,0.000,0.000,30.0,
17.11.2025,12:18:58.695,27.188,27.158,19.584,3.103,250.0,250.0,79.273,23.758,8.795,74.039,51.129,31.700,19.429,31.323,7.319,0.803,6.516,6.530,0.000,0.000,0.000,0.000,30.0,
17.11.2025,12:18:59.701,13.594,27.029,19.455,3.127,250.0,250.0,82.040,23.796,8.879,74.255,51.312,31.818,19.494,31.429,7.164,0.726,6.438,6.446,0.000,0.000,0.000,0.000,30.0,
17.11.2025,12:19:0.694,21.750,26.052,18.533,3.105,250.0,250.0,80.773,15.515,8.866,42.126,31.586,19.586,12.000,19.354,7.615,0.770,6.845,6.403,0.000,0.000,0.000,0.000,30.0,
17.11.2025,12:19:1.703,17.672,26.476,18.898,3.106,250.0,250.0,80.243,26.061,8.892,74.702,51.584,31.983,19.601,31.607,17.840,2.506,15.334,6.565,0.000,0.000,0.000,0.000,30.0,
17.11.2025,12:19:2.699,24.469,26.960,19.463,3.072,250.0,250.0,80.419,23.961,8.869,74.891,51.705,32.059,19.646,31.682,7.155,0.726,6.429,6.446,0.000,0.000,0.000,0.000,30.0,
17.11.2025,12:19:3.701,21.750,29.598,21.976,3.162,250.0,250.0,82.333,29.499,8.902,75.113,51.857,32.149,19.708,31.760,34.464,4.533,29.931,6.573,0.000,0.000,0.000,0.000,30.0,
17.11.2025,12:19:4.711,27.188,30.489,22.760,3.289,250.0,250.0,79.546,23.798,8.784,74.333,51.305,31.813,19.492,31.424,7.184,0.730,6.454,6.463,0.001,0.000,0.000,0.000,30.0,
17.11.2025,12:19:5.710,12.235,27.483,19.817,3.180,250.0,250.0,83.516,24.441,8.830,76.651,52.756,32.713,20.043,32.324,7.331,0.741,6.590,6.429,0.000,0.000,0.000,0.000,30.0,
17.11.2025,12:19:6.710,13.594,26.839,19.247,3.160,250.0,250.0,77.242,22.687,8.827,70.039,48.699,30.189,18.510,29.825,7.170,0.724,6.446,6.446,0.001,0.000,0.000,0.000,30.0,
17.11.2025,12:19:7.718,13.594,23.736,16.200,3.081,250.0,250.0,77.486,22.470,8.853,69.200,48.196,29.885,18.311,29.520,7.151,0.722,6.429,6.429,0.000,0.000,0.000,0.000,30.0,
17.11.2025,12:19:8.716,24.469,26.519,19.052,3.034,250.0,250.0,78.702,25.491,8.869,63.773,44.874,27.827,17.047,27.487,7.222,0.819,6.403,50.594,0.000,0.000,0.000,1.125,30.0,
17.11.2025,12:19:9.714,13.594,25.065,17.603,3.049,250.0,250.0,78.938,22.336,8.879,68.563,47.818,29.649,18.169,29.297,7.246,0.749,6.497,6.497,0.000,0.000,0.000,0.000,30.0,
17.11.2025,12:19:10.728,17.672,24.210,16.767,3.029,250.0,250.0,74.152,22.231,8.852,68.279,47.622,29.531,18.091,29.179,7.164,0.735,6.429,6.429,0.000,0.000,0.000,0.000,30.0,
17.11.2025,12:19:11.729,24.469,24.508,17.066,3.018,250.0,250.0,73.880,44.117,8.892,68.335,47.686,29.565,18.121,29.212,116.429,33.188,83.241,6.505,0.000,0.000,0.000,0.000,30.0,
17.11.2025,12:19:12.740,29.907,25.422,17.984,3.000,250.0,250.0,74.144,29.645,8.912,69.493,48.401,30.011,18.390,29.658,42.396,15.591,26.805,6.794,0.000,0.000,0.000,0.000,30.0,
17.11.2025,12:19:13.733,23.110,25.359,17.812,3.122,250.0,250.0,63.995,47.210,8.877,74.038,51.173,31.734,19.439,31.345,124.527,34.430,90.097,6.438,0.000,0.000,0.000,0.000,30.0,
17.11.2025,12:19:14.741,24.469,26.812,19.300,3.065,250.0,250.0,79.174,39.948,8.855,72.357,50.130,31.082,19.048,30.718,90.326,19.962,70.364,6.633,0.000,0.000,0.000,0.000,30.0,
17.11.2025,12:19:15.734,17.672,26.603,19.101,3.062,250.0,250.0,79.433,23.819,8.938,74.169,51.292,31.801,19.491,31.424,7.316,0.867,6.449,6.446,0.000,0.000,2.375,0.000,30.0,
17.11.2025,12:19:16.732,21.750,26.906,19.465,3.048,250.0,250.0,79.631,24.266,8.903,75.992,52.414,32.504,19.910,32.103,7.202,0.772,6.430,6.429,0.001,0.000,0.000,0.000,30.0,
17.11.2025,12:19:17.742,19.032,27.055,19.503,3.087,250.0,250.0,83.343,39.136,8.830,77.023,52.984,32.852,20.132,32.464,80.234,28.255,51.979,6.607,0.000,0.000,0.000,0.000,30.0,
17.11.2025,12:19:18.749,9.516,27.485,19.936,3.121,250.0,250.0,79.911,23.477,8.791,73.132,50.564,31.357,19.207,30.980,7.154,0.725,6.429,6.429,0.000,0.000,0.000,0.000,30.0,
17.11.2025,12:19:19.749,21.750,25.984,18.420,3.092,250.0,250.0,82.821,53.584,8.808,69.997,48.646,30.162,18.484,29.797,77.754,27.891,49.863,174.438,0.000,0.000,2.375,0.000,30.0,
17.11.2025,12:19:20.748,14.953,31.687,23.515,3.648,250.0,250.0,80.141,24.018,8.846,74.987,51.742,32.088,19.654,31.699,7.310,0.826,6.484,6.539,0.000,0.000,0.000,0.000,30.0,
17.11.2025,12:19:21.743,20.391,29.065,21.410,3.199,250.0,250.0,79.870,23.900,8.818,74.715,51.554,31.968,19.586,31.579,7.170,0.750,6.420,6.446,0.000,0.000,0.000,0.000,30.0,
17.11.2025,12:19:22.748,20.391,26.873,19.372,3.074,250.0,250.0,82.733,23.841,8.804,74.334,51.309,31.813,19.496,31.437,7.331,0.838,6.493,6.556,0.000,0.000,0.000,0.000,30.0,
17.11.2025,12:19:23.749,12.235,26.984,19.521,3.089,250.0,250.0,79.178,23.814,8.914,74.229,51.338,31.839,19.499,31.450,7.205,0.776,6.429,6.463,0.000,0.000,0.000,0.000,30.0,
17.11.2025,12:19:24.749,20.391,28.138,20.556,3.094,250.0,250.0,82.947,23.227,8.904,71.705,49.789,30.874,18.915,30.509,7.579,0.768,6.811,6.412,0.000,0.000,0.000,0.000,30.0,
17.11.2025,12:19:25.746,19.032,24.811,17.300,3.094,250.0,250.0,79.396,23.909,8.938,74.290,51.374,31.855,19.519,31.478,7.532,0.931,6.601,6.573,0.000,0.000,0.000,0.000,30.0,
17.11.2025,12:19:26.748,12.235,27.027,19.492,3.079,250.0,250.0,79.379,23.720,8.850,73.985,51.119,31.699,19.420,31.322,7.183,0.771,6.412,6.438,0.000,0.000,0.000,0.000,30.0,
17.11.2025,12:19:27.748,17.672,26.308,18.835,3.053,250.0,250.0,81.349,49.066,8.745,38.833,29.493,18.279,11.214,18.060,8.461,1.179,7.282,349.115,0.000,0.000,0.000,0.000,30.0,
17.11.2025,12:19:28.749,25.829,26.578,19.093,3.024,250.0,250.0,79.360,23.760,8.808,74.077,51.156,31.726,19.430,31.337,7.280,0.805,6.475,6.505,0.000,0.000,0.000,0.000,30.0,
17.11.2025,12:19:29.749,12.235,27.848,20.375,3.074,250.0,250.0,80.306,24.002,8.855,75.056,51.805,32.126,19.679,31.737,7.169,0.765,6.404,6.429,0.000,0.000,0.000,0.000,30.0,
17.11.2025,12:19:30.746,13.594,26.226,18.728,3.047,250.0,250.0,82.020,23.748,8.831,74.028,51.138,31.706,19.432,31.330,7.258,0.784,6.474,6.497,0.000,0.000,0.000,0.000,30.0,
17.11.2025,12:19:31.750,12.235,26.473,18.964,3.049,250.0,250.0,79.161,24.195,8.856,75.755,52.240,32.399,19.841,32.010,7.202,0.773,6.429,6.446,0.000,0.000,0.000,0.000,30.0,
17.11.2025,12:19:32.748,17.672,26.196,18.717,3.036,250.0,250.0,83.124,38.053,8.879,84.060,57.361,35.563,21.798,35.138,65.666,23.862,41.804,6.403,0.000,0.000,2.250,0.000,30.0,
17.11.2025,12:19:33.742,10.875,26.570,19.117,3.035,250.0,250.0,78.415,33.524,8.866,74.114,51.220,31.765,19.455,31.376,55.878,7.905,47.973,6.692,0.000,0.000,0.000,0.000,30.0,
17.11.2025,12:19:34.746,8.156,25.702,18.230,3.011,250.0,250.0,79.325,24.007,8.842,75.049,51.779,32.105,19.674,31.728,7.224,0.777,6.447,6.446,0.000,0.000,0.000,0.000,30.0,
17.11.2025,12:19:35.742,19.032,26.031,18.555,3.044,250.0,250.0,82.772,34.949,8.817,69.351,48.273,29.929,18.344,29.564,59.745,21.948,37.797,25.721,0.000,0.000,0.000,0.000,30.0,
17.11.2025,12:19:36.748,16.313,28.191,20.720,3.021,250.0,250.0,79.602,23.604,8.845,73.458,50.803,31.503,19.300,31.114,7.267,0.783,6.484,6.480,0.000,0.000,0.000,0.000,30.0,
17.11.2025,12:19:37.748,19.032,25.238,17.769,3.031,250.0,250.0,80.470,23.964,8.856,74.871,51.688,32.049,19.639,31.660,7.224,0.791,6.433,6.429,0.000,0.000,0.000,0.000,30.0,
17.11.2025,12:19:38.741,10.875,25.695,18.276,3.025,250.0,250.0,81.495,23.942,8.869,74.650,51.557,31.972,19.585,31.583,7.334,0.801,6.533,6.530,0.000,0.000,0.000,0.000,30.0,
17.11.2025,12:19:39.751,21.750,25.463,17.914,3.061,250.0,250.0,80.008,24.271,8.857,76.032,52.409,32.496,19.913,32.107,7.227,0.778,6.449,6.446,0.000,0.000,0.000,0.000,30.0,
17.11.2025,12:19:40.745,13.594,26.876,19.425,3.012,250.0,250.0,82.797,21.601,8.773,43.837,32.567,20.204,12.363,19.960,7.339,0.800,6.539,63.628,0.000,0.000,0.000,0.000,30.0,
17.11.2025,12:19:41.742,19.032,25.763,18.293,3.033,250.0,250.0,79.287,23.770,8.785,74.156,51.201,31.751,19.450,31.374,7.257,0.782,6.475,6.471,0.000,0.000,0.375,0.000,30.0,
17.11.2025,12:19:42.750,21.750,25.509,18.074,3.027,250.0,250.0,79.120,24.455,8.795,76.792,52.846,32.768,20.078,32.367,7.227,0.780,6.447,6.446,0.000,0.000,0.000,0.000,30.0,
17.11.2025,12:19:43.744,23.110,27.052,19.596,3.018,250.0,250.0,82.987,23.767,8.807,74.236,51.262,31.793,19.469,31.404,7.134,0.722,6.412,6.429,0.000,0.000,0.000,0.000,30.0,
17.11.2025,12:19:44.748,20.391,26.673,19.186,3.057,250.0,250.0,79.184,44.207,8.832,73.746,50.963,31.606,19.357,31.217,109.762,32.484,77.278,6.828,0.000,0.000,0.000,0.000,30.0,
17.11.2025,12:19:45.749,17.672,26.695,19.240,3.043,250.0,250.0,79.710,36.010,8.846,73.889,51.066,31.666,19.400,31.289,68.675,12.007,56.668,6.590,0.000,0.000,0.000,0.000,30.0,
17.11.2025,12:19:46.749,25.829,24.144,16.668,3.037,250.0,250.0,80.743,23.752,9.023,73.947,51.218,31.759,19.459,31.383,7.152,0.723,6.429,6.429,0.000,0.000,1.625,0.000,30.0,
17.11.2025,12:19:47.745,19.032,27.473,20.003,3.023,250.0,250.0,82.362,19.701,8.952,58.225,41.514,25.741,15.773,25.436,7.482,0.756,6.726,6.403,0.000,0.000,0.000,0.000,30.0,
17.11.2025,12:19:48.757,17.672,24.911,17.461,3.030,250.0,250.0,79.473,48.098,8.907,76.668,52.842,32.768,20.074,32.366,125.255,34.589,90.666,6.845,0.000,0.000,0.000,0.000,30.0,
17.11.2025,12:19:49.768,19.032,28.147,20.652,3.041,250.0,250.0,80.494,24.071,8.846,75.331,51.963,32.231,19.732,31.842,7.156,0.727,6.429,6.454,0.000,0.000,0.000,0.000,30.0,
17.11.2025,12:19:50.768,14.953,25.588,18.177,3.022,250.0,250.0,83.570,47.495,8.855,74.397,51.408,31.873,19.535,31.484,125.283,34.747,90.536,6.828,0.000,0.000,0.000,0.000,30.0,
17.11.2025,12:19:51.767,19.032,26.779,19.253,3.034,250.0,250.0,80.445,23.927,8.784,74.876,51.618,32.006,19.612,31.629,7.156,0.727,6.429,6.429,0.000,0.000,0.000,0.000,30.0,
17.11.2025,12:19:52.762,16.313,27.806,20.385,3.031,250.0,250.0,82.060,47.325,8.857,73.472,50.830,31.519,19.311,31.130,125.691,34.826,90.865,6.751,0.000,0.000,0.250,0.000,30.0,
17.11.2025,12:19:53.759,19.032,26.837,19.308,3.036,250.0,250.0,80.188,23.887,8.843,74.603,51.507,31.939,19.568,31.550,7.198,0.735,6.463,6.463,0.000,0.000,0.000,0.000,30.0,
17.11.2025,12:19:54.772,32.625,26.189,18.772,3.007,250.0,250.0,83.174,23.818,8.880,74.365,51.366,31.850,19.516,31.473,7.153,0.724,6.429,6.429,0.000,0.000,0.000,0.000,30.0,
17.11.2025,12:19:55.780,16.313,25.497,18.010,3.029,250.0,250.0,80.524,19.291,8.848,56.998,40.719,25.245,15.474,24.941,7.136,0.724,6.412,6.412,0.000,0.000,0.000,0.000,30.0,
17.11.2025,12:19:56.774,12.235,25.285,17.840,3.050,250.0,250.0,79.876,24.391,8.892,76.464,52.711,32.684,20.027,32.283,7.193,0.730,6.463,6.463,0.000,0.000,0.000,0.000,30.0,
17.11.2025,12:19:57.781,23.110,23.928,16.476,3.023,250.0,250.0,84.091,18.797,8.796,55.150,39.556,24.523,15.033,24.231,7.135,0.723,6.412,6.412,0.000,0.000,0.000,0.000,30.0,
17.11.2025,12:19:58.785,53.016,41.963,33.915,3.450,250.0,250.0,79.789,31.826,8.960,100.132,67.410,41.800,25.610,41.301,11.351,1.009,10.342,10.342,0.000,0.000,0.000,0.125,30.0,
17.11.2025,12:19:59.774,24.469,41.963,33.915,3.450,250.0,250.0,101.146,50.547,8.947,100.535,67.677,41.965,25.712,41.453,104.227,31.819,72.408,10.733,0.000,0.000,1.000,0.000,30.0,
17.11.2025,12:20:0.783,14.953,31.187,23.370,3.346,250.0,250.0,107.757,31.880,8.993,100.260,67.521,41.866,25.655,41.355,11.384,1.001,10.383,10.383,0.000,0.000,0.000,0.000,30.0,
17.11.2025,12:20:1.776,21.750,28.299,20.800,3.026,250.0,250.0,107.757,31.880,8.993,100.260,67.521,41.866,25.655,41.355,11.384,1.001,10.383,10.383,0.000,0.000,0.000,0.000,30.0,
17.11.2025,12:20:2.784,21.750,27.852,20.397,3.033,250.0,250.0,97.728,24.348,8.794,75.652,52.136,32.335,19.801,31.946,7.851,0.739,7.112,7.111,0.000,0.000,0.000,0.125,30.0,
17.11.2025,12:20:3.782,19.032,23.953,16.535,3.018,250.0,250.0,83.731,49.884,8.833,46.794,34.405,21.325,13.080,21.069,7.873,0.917,6.956,337.590,0.000,0.000,0.000,0.000,30.0,
17.11.2025,12:20:4.783,13.594,28.638,21.164,3.053,250.0,250.0,80.051,24.097,8.811,75.385,51.988,32.239,19.749,31.850,7.213,0.733,6.480,6.522,0.000,0.000,0.000,0.000,30.0,
17.11.2025,12:20:5.779,21.750,25.598,18.143,3.032,250.0,250.0,81.925,48.745,8.799,84.967,57.855,35.877,21.978,35.439,117.894,33.535,84.359,6.751,0.000,0.000,0.000,0.000,30.0,
17.11.2025,12:20:6.774,12.235,26.698,19.210,3.048,250.0,250.0,78.673,23.541,8.810,73.335,50.706,31.438,19.268,31.061,7.171,0.725,6.446,6.446,0.000,0.000,0.000,0.000,30.0,
17.11.2025,12:20:7.784,21.750,25.252,17.773,2.999,250.0,250.0,78.897,24.289,8.834,73.618,50.877,31.545,19.332,31.168,7.238,0.800,6.438,13.035,0.000,0.000,0.000,0.000,30.0,
17.11.2025,12:20:8.786,23.110,25.293,17.856,3.022,250.0,250.0,77.826,22.219,8.891,68.172,47.586,29.507,18.079,29.143,7.183,0.729,6.454,6.446,0.000,0.000,0.000,0.000,30.0,
17.11.2025,12:20:9.775,20.391,23.452,16.042,2.979,250.0,250.0,78.478,53.507,8.868,86.089,58.603,36.331,22.272,35.893,80.001,28.015,51.986,127.011,0.000,0.000,0.000,0.500,30.0,
17.11.2025,12:20:10.773,16.313,23.824,16.378,3.007,250.0,250.0,78.748,22.130,8.975,67.689,47.334,29.351,17.983,28.998,7.239,0.734,6.505,6.489,0.000,0.000,0.000,0.000,30.0,
17.11.2025,12:20:11.779,27.188,24.773,17.382,2.958,250.0,250.0,76.755,22.292,9.035,68.351,47.780,29.628,18.152,29.263,7.143,0.723,6.420,6.429,0.000,0.000,0.000,0.000,30.0,
17.11.2025,12:20:12.783,23.110,27.604,20.152,3.005,250.0,250.0,77.140,22.627,8.941,69.617,48.530,30.087,18.443,29.722,7.205,0.742,6.463,6.522,0.000,0.000,0.000,0.000,30.0,
17.11.2025,12:20:13.784,13.594,24.743,17.347,2.970,250.0,250.0,74.015,39.717,8.809,67.348,47.042,29.172,17.870,28.819,95.727,25.928,69.799,6.658,0.001,0.000,0.000,0.000,30.0,
17.11.2025,12:20:14.785,12.235,24.061,16.565,3.086,250.0,250.0,73.093,27.609,8.795,68.000,47.422,29.406,18.016,29.042,34.422,4.106,30.316,6.565,0.000,0.000,0.000,0.000,30.0,
17.11.2025,12:20:15.779,12.235,26.148,18.699,3.027,250.0,250.0,62.610,23.223,8.809,72.190,50.007,31.008,18.999,30.631,7.070,0.718,6.352,6.446,0.000,0.000,0.000,2.375,30.0,
17.11.2025,12:20:16.782,16.313,26.495,19.024,3.040,250.0,250.0,80.558,32.546,8.835,62.756,44.222,27.421,16.801,27.093,44.190,16.269,27.921,49.947,0.000,0.000,0.000,0.000,30.0,
17.11.2025,12:20:17.782,12.235,26.329,18.833,3.053,250.0,250.0,80.561,23.394,8.817,72.744,50.340,31.207,19.133,30.831,7.200,0.737,6.463,6.463,0.000,0.000,0.000,0.000,30.0,
17.11.2025,12:20:18.776,13.594,25.233,17.778,3.004,250.0,250.0,80.907,31.181,8.827,51.233,37.119,23.019,14.100,22.739,10.625,1.621,9.004,133.526,0.000,0.000,0.000,0.000,30.0,
17.11.2025,12:20:19.774,27.188,25.233,17.778,3.004,250.0,250.0,78.262,23.671,8.892,73.740,51.021,31.636,19.385,31.247,7.170,0.724,6.446,6.446,0.000,0.000,0.000,0.000,30.0,
17.11.2025,12:20:20.788,31.266,27.081,19.391,3.221,250.0,250.0,81.058,47.466,8.840,74.019,51.164,31.731,19.433,31.342,125.662,34.789,90.873,6.811,0.000,0.000,0.000,0.000,30.0,
17.11.2025,12:20:21.783,21.750,30.752,22.722,3.562,250.0,250.0,77.228,23.199,8.841,72.008,49.896,30.936,18.960,30.559,7.170,0.724,6.446,6.446,0.000,0.000,0.000,0.000,30.0,
17.11.2025,12:20:22.778,14.953,26.791,19.305,3.034,250.0,250.0,78.806,23.155,8.791,71.894,49.786,30.867,18.919,30.503,7.173,0.727,6.446,6.446,0.000,0.000,0.000,0.000,30.0,
17.11.2025,12:20:23.779,17.672,25.242,17.795,3.023,250.0,250.0,80.698,23.314,8.876,72.300,50.105,31.067,19.038,30.690,7.271,0.749,6.522,6.522,0.000,0.000,0.000,0.000,30.0,
17.11.2025,12:20:24.772,17.672,25.242,17.795,3.023,250.0,250.0,77.563,23.350,8.939,72.486,50.276,31.167,19.109,30.791,7.153,0.724,6.429,6.429,0.000,0.000,0.000,0.000,30.0,
17.11.2025,12:20:25.775,14.953,25.177,17.705,3.035,250.0,250.0,81.140,26.219,8.853,58.968,41.868,25.959,15.909,25.655,10.276,1.619,8.657,64.426,0.000,0.000,0.000,0.000,30.0,
17.11.2025,12:20:26.772,9.516,23.848,16.433,3.012,250.0,250.0,77.576,46.759,8.937,71.532,49.675,30.804,18.871,30.427,125.244,34.697,90.547,6.853,0.000,0.000,0.000,0.000,30.0,
17.11.2025,12:20:27.786,24.469,24.515,17.063,3.019,250.0,250.0,77.414,23.367,8.855,72.641,50.284,31.186,19.098,30.810,7.170,0.724,6.446,6.454,0.000,0.000,0.000,0.000,30.0,
17.11.2025,12:20:28.784,13.594,23.139,15.647,3.041,250.0,250.0,81.069,22.318,8.859,68.628,47.853,29.675,18.178,29.322,7.125,0.722,6.403,6.412,0.000,0.000,0.000,0.000,30.0,
17.11.2025,12:20:29.778,21.750,23.139,15.647,3.041,250.0,250.0,77.391,23.500,8.910,72.850,50.475,31.294,19.181,30.917,7.415,0.841,6.574,6.547,0.000,0.000,0.000,0.000,30.0,
17.11.2025,12:20:30.811,23.110,26.364,18.946,3.018,250.0,250.0,78.128,23.238,8.907,72.099,49.998,30.998,19.000,30.621,7.151,0.722,6.429,6.454,0.000,0.000,0.000,0.000,30.0,
17.11.2025,12:20:31.781,66.610,41.938,33.806,3.517,250.0,250.0,77.972,30.718,8.996,98.820,66.601,41.291,25.310,40.793,7.487,0.956,6.531,10.393,0.000,0.000,2.125,2.500,30.0,
17.11.2025,12:20:32.779,39.422,76.992,68.065,4.133,250.0,250.0,101.192,31.934,9.131,100.121,67.514,41.863,25.651,41.364,11.617,1.139,10.478,10.463,0.000,0.000,0.000,0.000,30.0,
17.11.2025,12:20:33.780,17.672,76.992,68.065,4.133,250.0,250.0,108.078,31.737,9.195,99.534,67.191,41.663,25.528,41.151,11.365,1.002,10.363,10.383,0.000,0.000,0.000,0.000,30.0,
17.11.2025,12:20:34.801,12.235,28.427,20.842,3.104,250.0,250.0,95.414,24.685,8.954,76.446,52.767,32.724,20.043,32.323,8.339,0.780,7.559,6.912,0.000,0.000,0.000,0.000,30.0,
17.11.2025,12:20:35.798,17.672,25.804,18.291,3.106,250.0,250.0,81.981,40.268,8.782,76.367,52.559,32.590,19.969,32.189,86.678,18.448,68.230,6.870,0.000,0.000,0.000,0.000,30.0,
17.11.2025,12:20:36.797,21.750,28.275,20.660,3.130,250.0,250.0,81.180,24.369,8.818,76.387,52.598,32.618,19.980,32.229,7.296,0.833,6.463,6.471,0.000,0.000,0.000,0.000,30.0,
17.11.2025,12:20:37.800,9.516,25.975,18.430,3.068,250.0,250.0,84.629,45.953,8.815,74.213,51.247,31.776,19.471,31.400,117.825,33.619,84.206,6.955,0.000,0.000,0.000,0.000,30.0,
17.11.2025,12:20:38.801,17.672,27.841,20.276,3.097,250.0,250.0,80.097,25.465,8.841,76.470,52.669,32.658,20.011,32.257,12.587,1.597,10.990,6.573,0.000,0.000,0.000,0.000,30.0,
17.11.2025,12:20:39.798,20.391,27.799,20.289,3.069,250.0,250.0,80.450,23.960,8.853,74.864,51.685,32.046,19.639,31.657,7.195,0.732,6.463,6.463,0.000,0.000,0.000,0.000,30.0,
17.11.2025,12:20:40.789,19.032,25.082,17.579,3.050,250.0,250.0,82.201,48.405,8.892,77.840,53.534,33.194,20.340,32.793,125.366,34.654,90.712,6.726,0.000,0.000,0.000,0.000,30.0,
17.11.2025,12:20:41.789,24.469,24.862,17.348,3.085,250.0,250.0,80.329,24.424,8.903,76.541,52.756,32.716,20.040,32.315,7.236,0.739,6.497,6.497,0.000,0.000,2.375,2.125,30.0,
17.11.2025,12:20:42.799,12.235,26.808,19.219,3.128,250.0,250.0,83.997,23.771,8.895,74.135,51.257,31.780,19.477,31.403,7.164,0.726,6.438,6.438,0.000,0.000,0.000,0.000,30.0,
17.11.2025,12:20:43.797,19.032,27.205,19.703,3.082,250.0,250.0,79.743,43.343,8.854,73.193,50.647,31.399,19.248,31.022,106.180,28.179,78.001,6.709,0.000,0.000,0.000,0.000,30.0,
17.11.2025,12:20:44.798,19.032,26.839,19.290,3.085,250.0,250.0,79.183,23.778,8.882,74.099,51.219,31.759,19.460,31.370,7.242,0.737,6.505,6.505,0.000,0.000,0.000,0.000,30.0,
17.11.2025,12:20:45.797,19.032,27.700,20.235,3.067,250.0,250.0,80.100,24.469,8.893,76.780,52.888,32.795,20.093,32.406,7.189,0.735,6.454,6.454,0.000,0.000,0.125,0.000,30.0,
17.11.2025,12:20:46.791,36.704,27.217,19.715,3.056,250.0,250.0,83.905,18.135,8.855,52.515,37.969,23.547,14.422,23.267,7.164,0.726,6.438,6.446,0.000,0.000,0.000,0.000,30.0,
17.11.2025,12:20:47.799,17.672,27.249,19.680,3.049,250.0,250.0,79.819,47.713,8.890,75.816,52.300,32.427,19.873,32.038,124.495,34.444,90.051,6.794,0.000,0.000,0.000,0.000,30.0,
17.11.2025,12:20:48.800,16.313,25.390,17.950,3.029,250.0,250.0,80.121,23.937,8.864,74.727,51.594,31.999,19.595,31.610,7.239,0.742,6.497,6.505,0.000,0.000,0.000,0.000,30.0,
17.11.2025,12:20:49.800,28.547,25.650,18.132,3.057,250.0,250.0,83.101,21.551,8.818,65.679,46.032,28.539,17.493,28.199,7.153,0.724,6.429,6.446,0.000,0.000,0.000,0.000,30.0,
17.11.2025,12:20:50.792,24.469,27.142,19.675,3.037,250.0,250.0,80.027,24.109,8.790,75.468,52.014,32.255,19.759,31.866,7.218,0.738,6.480,6.505,0.000,0.000,2.375,0.000,30.0,
17.11.2025,12:20:51.801,9.516,26.105,18.561,3.077,250.0,250.0,83.825,71.103,8.812,61.175,43.236,26.807,16.429,26.478,52.875,19.052,33.823,422.339,0.000,0.000,0.000,0.000,30.0,
17.11.2025,12:20:52.800,21.750,26.437,18.980,3.019,250.0,250.0,79.836,24.352,8.865,76.090,52.448,32.524,19.924,32.123,7.483,0.882,6.601,6.582,0.000,0.000,1.125,0.000,30.0,
17.11.2025,12:20:53.790,17.672,28.447,20.879,3.103,250.0,250.0,82.301,16.655,8.863,44.101,32.769,20.324,12.445,20.080,7.516,0.874,6.642,12.938,0.000,0.000,0.000,0.000,30.0,
17.11.2025,12:20:54.799,19.032,25.783,18.322,3.048,250.0,250.0,82.983,23.556,8.922,73.269,50.724,31.452,19.272,31.076,7.193,0.730,6.463,6.463,0.000,0.000,0.000,0.000,30.0,
17.11.2025,12:20:55.800,19.032,25.591,18.109,3.039,250.0,250.0,82.540,47.619,8.986,74.734,51.684,32.046,19.638,31.657,125.421,34.700,90.721,6.598,0.000,0.000,0.000,0.000,30.0,
17.11.2025,12:20:56.798,19.032,25.530,18.028,3.044,250.0,250.0,80.276,24.432,8.926,76.549,52.775,32.725,20.050,32.324,7.251,0.780,6.471,6.471,0.000,0.000,0.000,0.000,30.0,
17.11.2025,12:20:57.798,14.953,25.984,18.441,3.074,250.0,250.0,83.722,49.989,8.943,83.888,57.271,35.516,21.755,35.091,125.430,34.669,90.761,6.565,0.000,0.000,0.000,0.000,30.0,
17.11.2025,12:20:58.788,10.875,27.710,20.271,3.029,250.0,250.0,81.058,24.318,8.905,76.139,52.499,32.552,19.947,32.163,7.253,0.781,6.472,6.471,0.000,0.000,0.000,0.000,30.0,
17.11.2025,12:20:59.800,10.875,26.499,18.966,3.064,250.0,250.0,83.750,47.664,8.883,74.500,51.470,31.923,19.547,31.534,125.916,34.824,91.092,6.947,0.000,0.000,0.000,0.000,30.0,
17.11.2025,12:21:0.798,16.313,25.605,18.121,3.038,250.0,250.0,79.940,24.089,8.868,75.317,51.977,32.224,19.753,31.835,7.218,0.738,6.480,6.480,0.000,0.000,0.000,0.000,30.0,
17.11.2025,12:21:1.790,21.750,25.458,17.968,3.045,250.0,250.0,79.444,23.880,8.906,74.519,51.503,31.932,19.571,31.543,7.183,0.729,6.454,6.454,0.000,0.000,0.000,0.000,30.0,
17.11.2025,12:21:2.796,9.516,26.566,18.965,3.133,250.0,250.0,82.152,26.344,8.903,62.600,44.162,27.378,16.784,27.049,34.533,11.220,23.313,7.502,0.000,0.000,0.375,0.000,30.0,
17.11.2025,12:21:3.790,13.594,28.050,20.567,3.041,250.0,250.0,80.529,24.111,8.929,75.304,51.989,32.241,19.748,31.852,7.281,0.791,6.490,6.489,0.000,0.000,0.000,0.000,30.0,
17.11.2025,12:21:4.790,21.750,26.457,18.957,3.055,250.0,250.0,80.244,24.202,8.883,75.753,52.247,32.404,19.843,32.015,7.204,0.757,6.447,6.463,0.000,0.000,0.000,0.000,30.0,
17.11.2025,12:21:5.798,9.516,28.646,21.129,3.059,250.0,250.0,83.513,48.070,8.892,76.411,52.663,32.658,20.005,32.257,125.505,34.996,90.509,6.802,0.000,0.000,0.000,0.000,30.0,
17.11.2025,12:21:6.793,20.391,26.555,19.109,3.030,250.0,250.0,79.825,23.641,8.879,73.485,50.835,31.524,19.311,31.148,7.353,0.826,6.527,6.522,0.000,0.000,0.000,0.000,30.0,
17.11.2025,12:21:7.790,24.469,28.437,20.938,3.054,250.0,250.0,81.521,17.582,8.800,50.206,36.508,22.641,13.867,22.360,7.499,0.756,6.743,6.446,0.000,0.000,0.000,0.000,30.0,
17.11.2025,12:21:8.789,19.032,24.240,16.789,3.050,250.0,250.0,80.362,36.443,8.846,75.264,51.903,32.184,19.719,31.796,69.053,12.234,56.819,6.616,0.000,0.000,0.000,0.000,30.0,
17.11.2025,12:21:9.792,16.313,25.869,18.375,3.043,250.0,250.0,76.087,22.375,8.869,68.802,47.957,29.742,18.215,29.377,7.170,0.724,6.446,6.446,0.000,0.000,0.000,0.000,30.0,
17.11.2025,12:21:10.803,19.032,24.363,16.970,2.988,250.0,250.0,80.697,44.214,8.928,68.269,47.668,29.562,18.106,29.197,116.825,33.074,83.751,6.760,0.000,0.000,0.000,0.000,30.0,
17.11.2025,12:21:11.792,20.391,26.846,19.349,3.010,250.0,250.0,77.142,22.137,8.952,67.716,47.334,29.351,17.983,28.998,7.268,0.738,6.530,6.497,0.000,0.000,0.000,0.000,30.0,
17.11.2025,12:21:12.801,21.750,25.185,17.766,2.971,250.0,250.0,76.941,22.258,8.878,68.329,47.673,29.557,18.116,29.204,7.191,0.728,6.463,6.446,0.000,0.000,0.000,0.000,30.0,
17.11.2025,12:21:13.802,16.313,25.656,18.281,2.966,250.0,250.0,77.469,36.459,8.880,68.843,47.983,29.755,18.228,29.402,77.465,16.816,60.649,6.565,0.000,0.000,2.375,0.000,30.0,
17.11.2025,12:21:14.802,19.032,26.186,18.855,2.906,250.0,250.0,73.966,31.474,8.925,68.021,47.509,29.456,18.053,29.104,53.489,19.726,33.763,6.692,0.000,0.000,0.000,0.000,30.0,
17.11.2025,12:21:15.790,13.594,27.394,20.058,2.941,250.0,250.0,73.912,47.694,8.925,65.582,45.992,28.514,17.478,28.174,21.407,5.549,15.858,239.462,0.000,0.000,0.000,0.000,30.0,
17.11.2025,12:21:16.802,16.313,26.285,18.811,3.012,250.0,250.0,65.524,14.418,8.931,38.216,29.229,18.131,11.098,17.911,7.154,0.773,6.381,6.361,0.000,0.000,0.000,0.000,30.0,
17.11.2025,12:21:17.798,19.032,31.390,23.901,3.098,250.0,250.0,72.366,23.983,8.940,74.837,51.699,32.064,19.635,31.675,7.260,0.797,6.463,6.463,0.000,0.000,0.000,0.000,30.0,
17.11.2025,12:21:18.799,20.391,27.386,19.869,3.045,250.0,250.0,82.872,46.194,8.969,78.080,53.740,33.326,20.414,32.925,113.951,33.084,80.867,6.582,0.000,0.000,0.000,0.000,30.0,
17.11.2025,12:21:19.797,12.235,27.339,19.806,3.047,250.0,250.0,79.344,23.934,8.978,74.601,51.602,31.994,19.608,31.605,7.245,0.782,6.463,6.463,0.000,0.000,2.375,0.000,30.0,
17.11.2025,12:21:20.798,16.313,26.150,18.657,3.039,250.0,250.0,83.358,34.128,8.878,72.318,50.111,31.070,19.041,30.705,61.209,9.199,52.010,6.734,0.000,0.000,0.000,0.000,30.0,
17.11.2025,12:21:21.794,31.266,27.285,19.802,3.046,250.0,250.0,79.654,23.653,8.832,73.698,50.947,31.587,19.360,31.210,7.223,0.777,6.446,6.446,0.000,0.000,0.000,0.000,30.0,
17.11.2025,12:21:22.804,24.469,31.673,23.809,3.365,250.0,250.0,82.805,23.901,8.774,74.424,51.357,31.847,19.510,31.458,7.543,0.896,6.647,6.556,0.000,0.000,0.000,0.000,30.0,
17.11.2025,12:21:23.796,14.953,30.321,22.306,3.485,250.0,250.0,79.258,24.135,8.843,75.492,52.071,32.283,19.788,31.894,7.247,0.767,6.480,6.480,0.000,0.000,0.000,0.000,30.0,
17.11.2025,12:21:24.792,17.672,27.280,19.775,3.058,250.0,250.0,83.837,24.202,8.905,75.519,52.124,32.330,19.794,31.940,7.438,0.863,6.575,6.530,0.000,0.000,0.000,0.000,30.0,
17.11.2025,12:21:25.800,8.156,26.715,19.253,3.037,250.0,250.0,80.169,23.884,8.844,74.622,51.515,31.950,19.565,31.561,7.170,0.724,6.446,6.446,0.001,0.000,0.000,0.000,30.0,
17.11.2025,12:21:26.797,12.235,27.219,19.764,3.025,250.0,250.0,82.195,23.968,8.843,74.724,51.582,31.982,19.600,31.594,7.415,0.847,6.568,6.522,0.000,0.000,0.000,0.000,30.0,
17.11.2025,12:21:27.797,20.391,26.949,19.449,3.046,250.0,250.0,83.149,85.906,8.938,92.469,62.546,38.788,23.758,38.315,69.863,25.774,44.089,454.516,0.000,0.000,0.000,0.000,30.0,
17.11.2025,12:21:28.800,13.594,27.815,20.351,3.018,250.0,250.0,79.301,24.267,8.918,75.953,52.385,32.477,19.908,32.088,7.219,0.739,6.480,6.505,0.000,0.000,0.000,0.000,30.0,
17.11.2025,12:21:29.800,17.672,26.361,18.855,3.038,250.0,250.0,83.886,23.650,8.846,73.703,50.958,31.601,19.357,31.224,7.183,0.729,6.454,6.446,0.000,0.000,0.000,0.000,30.0,
17.11.2025,12:21:30.797,10.875,26.323,18.850,3.036,250.0,250.0,80.180,23.604,8.815,73.376,50.728,31.462,19.266,31.086,7.373,0.791,6.582,6.556,0.000,0.000,0.000,0.000,30.0,
17.11.2025,12:21:31.791,24.469,27.337,19.875,3.061,250.0,250.0,83.607,30.004,8.796,40.430,30.484,18.900,11.584,18.681,7.723,0.819,6.904,155.721,0.000,0.000,0.000,0.000,30.0,
17.11.2025,12:21:32.791,14.953,26.794,19.262,3.050,250.0,250.0,79.836,23.974,8.879,74.851,51.685,32.047,19.638,31.658,7.233,0.736,6.497,6.514,0.000,0.000,0.000,0.000,30.0,
17.11.2025,12:21:33.802,19.032,26.188,18.683,3.042,250.0,250.0,82.716,23.943,8.906,74.806,51.661,32.035,19.626,31.646,7.154,0.725,6.429,6.446,0.001,0.000,0.000,0.000,30.0,
17.11.2025,12:21:34.799,10.875,25.252,17.797,3.040,250.0,250.0,80.609,48.051,8.893,76.233,52.563,32.586,19.977,32.197,125.590,34.771,90.819,6.878,0.000,0.000,0.000,0.000,30.0,
17.11.2025,12:21:35.793,19.032,25.970,18.521,3.025,250.0,250.0,79.952,23.890,8.797,74.653,51.522,31.949,19.573,31.560,7.192,0.729,6.463,6.463,0.001,0.000,0.000,0.000,30.0,
17.11.2025,12:21:36.792,24.469,26.411,18.902,3.034,250.0,250.0,83.239,37.032,8.785,73.473,50.781,31.492,19.289,31.103,74.417,14.141,60.276,6.565,0.000,0.000,0.000,0.000,30.0,
17.11.2025,12:21:37.803,20.391,27.096,19.631,3.038,250.0,250.0,79.130,23.628,8.772,73.672,50.904,31.566,19.338,31.177,7.192,0.729,6.463,6.463,0.000,0.000,0.000,0.000,30.0,
17.11.2025,12:21:38.795,21.750,25.949,18.453,3.049,250.0,250.0,82.584,25.962,8.819,76.192,52.465,32.531,19.934,32.143,15.483,2.195,13.288,6.573,0.000,0.000,0.000,0.125,30.0,
17.11.2025,12:21:39.797,28.547,28.141,20.712,3.039,250.0,250.0,80.048,23.779,8.906,74.106,51.244,31.773,19.471,31.384,7.211,0.731,6.480,6.480,0.000,0.000,0.000,0.000,30.0,
17.11.2025,12:21:40.790,19.032,26.460,18.986,3.034,250.0,250.0,82.996,42.160,8.891,74.327,51.376,31.856,19.520,31.467,98.668,31.111,67.557,6.828,0.000,0.000,0.000,0.000,30.0,
17.11.2025,12:21:41.791,17.672,29.206,21.699,3.027,250.0,250.0,79.585,23.707,8.951,73.802,51.086,31.675,19.411,31.298,7.193,0.730,6.463,6.463,0.000,0.000,0.000,0.000,30.0,
17.11.2025,12:21:42.790,21.750,28.678,21.247,3.048,250.0,250.0,83.047,29.829,8.876,47.571,34.911,21.651,13.260,21.395,7.538,0.846,6.692,135.551,0.000,0.000,0.000,0.000,30.0,
17.11.2025,12:21:43.802,28.547,26.243,18.725,3.029,250.0,250.0,79.538,24.153,8.818,75.520,52.062,32.282,19.780,31.894,7.340,0.801,6.539,6.497,0.000,0.000,0.000,0.000,30.0,
17.11.2025,12:21:44.801,17.672,26.336,18.890,3.048,250.0,250.0,79.018,24.153,8.808,74.440,51.389,31.861,19.528,31.472,7.172,0.726,6.446,6.463,0.000,0.000,0.000,0.000,30.0,
17.11.2025,12:21:45.799,12.235,27.274,19.800,3.025,250.0,250.0,79.018,23.830,8.808,74.440,51.389,31.861,19.528,31.472,7.172,0.726,6.446,6.463,0.000,0.000,0.000,0.000,30.0,
17.11.2025,12:21:46.800,17.672,26.446,18.942,3.034,250.0,250.0,83.081,46.761,8.780,74.603,51.460,31.906,19.554,31.530,121.451,33.493,87.958,6.870,0.000,0.000,0.000,0.000,30.0,
17.11.2025,12:21:47.797,27.188,26.117,18.644,3.001,250.0,250.0,79.626,24.011,8.892,75.037,51.808,32.120,19.688,31.731,7.183,0.729,6.454,6.463,0.000,0.000,0.000,0.000,30.0,
17.11.2025,12:21:48.787,10.875,28.068,20.601,3.031,250.0,250.0,82.963,42.471,8.889,76.112,52.455,32.530,19.925,32.129,98.026,24.193,73.833,6.616,0.000,0.000,0.000,0.000,30.0,
17.11.2025,12:21:49.793,10.875,26.075,18.584,3.029,250.0,250.0,79.440,24.270,8.926,76.009,52.424,32.512,19.912,32.111,7.172,0.726,6.446,6.463,0.000,0.000,0.000,0.000,30.0,
17.11.2025,12:21:50.789,23.110,27.266,19.856,3.015,250.0,250.0,82.974,40.418,8.983,73.391,50.853,31.537,19.316,31.149,91.089,20.416,70.673,6.769,0.000,0.000,0.000,0.000,30.0,
17.11.2025,12:21:51.800,21.750,25.915,18.416,3.026,250.0,250.0,79.482,24.106,8.904,75.383,52.017,32.260,19.757,31.872,7.202,0.731,6.471,6.463,0.000,0.000,0.000,0.000,30.0,
17.11.2025,12:21:52.788,21.750,26.986,19.526,3.048,250.0,250.0,79.188,21.811,8.833,66.388,46.493,28.826,17.667,28.473,7.492,0.758,6.734,6.446,0.000,0.000,0.000,0.000,30.0,
17.11.2025,12:21:53.790,23.110,27.509,20.033,3.045,250.0,250.0,82.681,23.971,8.819,74.921,51.697,32.051,19.646,31.662,7.214,0.743,6.471,6.489,0.000,0.000,0.000,0.000,30.0,
17.11.2025,12:21:54.790,8.156,26.258,18.755,3.040,250.0,250.0,82.714,23.785,8.845,73.995,51.115,31.699,19.416,31.322,7.433,0.813,6.620,6.590,0.000,0.000,0.000,0.000,30.0,
17.11.2025,12:21:55.801,21.750,26.754,19.312,3.006,250.0,250.0,79.387,23.891,8.803,74.674,51.520,31.954,19.566,31.566,7.183,0.729,6.454,6.454,0.000,0.000,0.000,0.125,30.0,
17.11.2025,12:21:56.798,20.391,26.741,19.277,3.029,250.0,250.0,82.642,46.212,8.821,74.427,51.385,31.867,19.518,31.478,118.926,33.941,84.985,6.769,0.000,0.000,0.000,0.000,30.0,
17.11.2025,12:21:57.798,16.313,27.294,19.867,3.020,250.0,250.0,79.399,24.252,8.822,75.986,52.364,32.474,19.890,32.085,7.212,0.732,6.480,6.480,0.000,0.000,0.000,0.000,30.0,
17.11.2025,12:21:58.789,12.235,27.003,19.544,3.014,250.0,250.0,82.584,24.604,8.721,45.331,33.430,20.725,12.705,20.482,7.544,0.894,6.650,89.552,0.000,0.000,0.000,0.000,30.0,
17.11.2025,12:21:59.804,17.672,25.447,18.036,3.014,250.0,250.0,79.377,23.839,8.770,74.434,51.351,31.845,19.506,31.456,7.276,0.792,6.484,6.480,0.000,0.000,0.000,0.000,30.0,
17.11.2025,12:22:0.811,17.672,24.720,17.220,3.022,250.0,250.0,79.571,24.074,8.793,75.351,51.961,32.215,19.746,31.826,7.191,0.728,6.463,6.463,0.001,0.000,0.000,0.000,30.0,
17.11.2025,12:22:1.808,14.953,27.701,20.240,3.027,250.0,250.0,81.321,31.265,8.807,70.704,49.110,30.458,18.652,30.094,22.998,5.981,17.017,58.830,0.000,0.000,0.000,0.000,30.0,
17.11.2025,12:22:2.811,17.672,27.715,20.250,3.057,250.0,250.0,82.459,14.478,8.793,38.025,29.039,18.004,11.035,17.784,7.623,0.770,6.853,6.853,0.000,0.000,0.000,0.000,30.0,
17.11.2025,12:22:3.814,23.110,27.890,20.414,3.012,250.0,250.0,79.927,26.032,8.891,76.482,52.698,32.673,20.025,32.284,15.371,2.103,13.268,6.522,0.001,0.000,0.000,0.000,30.0,
17.11.2025,12:22:4.810,23.110,27.521,20.044,3.029,250.0,250.0,79.939,24.180,8.999,75.450,52.111,32.319,19.792,31.930,7.347,0.837,6.510,6.505,0.000,0.000,0.000,0.000,30.0,
17.11.2025,12:22:5.817,13.594,27.134,19.664,3.009,250.0,250.0,83.668,31.360,8.988,62.197,43.967,27.261,16.706,26.933,10.661,1.683,8.978,106.230,0.000,0.000,0.000,0.000,30.0,
17.11.2025,12:22:6.809,10.875,25.662,18.233,2.995,250.0,250.0,80.060,23.910,8.854,74.615,51.522,31.946,19.576,31.570,7.262,0.798,6.464,6.489,0.000,0.000,0.000,0.000,30.0,
17.11.2025,12:22:7.811,10.875,25.662,18.233,2.995,250.0,250.0,82.857,22.761,8.768,58.866,41.778,25.910,15.868,25.594,21.616,5.647,15.969,7.596,0.000,0.000,0.250,0.000,30.0,
17.11.2025,12:22:8.812,19.032,27.191,19.743,3.010,250.0,250.0,80.185,24.037,8.821,75.120,51.828,32.132,19.696,31.743,7.262,0.782,6.480,6.505,0.001,0.000,0.000,0.000,30.0,
17.11.2025,12:22:9.805,19.032,26.133,18.677,3.013,250.0,250.0,83.042,44.308,8.905,73.082,50.609,31.381,19.228,31.004,111.031,32.688,78.343,6.811,0.000,0.000,0.000,0.000,30.0,
17.11.2025,12:22:10.812,19.032,26.420,18.955,3.052,250.0,250.0,80.184,44.239,8.887,68.833,47.997,29.761,18.236,29.408,116.193,32.951,83.242,6.878,0.000,0.000,0.000,0.000,30.0,
17.11.2025,12:22:11.811,20.391,28.082,20.727,2.939,250.0,250.0,78.421,22.405,8.879,68.797,47.964,29.739,18.225,29.374,7.260,0.746,6.514,6.556,0.000,0.000,0.000,0.000,30.0,
17.11.2025,12:22:12.811,21.750,26.089,18.699,2.946,250.0,250.0,78.184,22.527,8.878,69.331,48.288,29.943,18.345,29.591,7.210,0.730,6.480,6.471,0.000,0.000,0.000,0.000,30.0,
17.11.2025,12:22:13.808,17.672,26.578,19.202,2.967,250.0,250.0,76.950,47.176,8.869,80.111,54.927,34.058,20.869,33.657,116.184,32.903,83.281,6.904,0.000,0.000,0.000,0.000,30.0,
17.11.2025,12:22:14.810,24.469,27.701,20.266,2.993,250.0,250.0,81.176,27.767,8.865,68.255,47.607,29.522,18.085,29.170,34.797,4.155,30.642,6.573,0.000,0.000,1.000,0.000,30.0,
17.11.2025,12:22:15.811,17.672,25.011,17.588,3.014,250.0,250.0,74.113,39.020,8.792,59.358,42.109,26.114,15.995,25.798,7.730,1.157,6.573,196.572,0.000,0.000,0.000,0.000,30.0,
17.11.2025,12:22:16.812,19.032,23.261,15.838,2.973,250.0,250.0,73.650,42.097,8.830,76.910,52.919,32.809,20.110,32.420,7.195,0.783,6.412,182.578,0.000,0.000,0.000,0.000,30.0,
17.11.2025,12:22:17.803,36.704,24.674,17.296,2.977,250.0,250.0,73.548,15.045,8.756,40.622,30.605,18.980,11.625,18.749,7.282,0.735,6.547,6.547,0.000,0.000,0.000,0.000,30.0,
17.11.2025,12:22:18.810,14.953,26.866,19.317,3.113,250.0,250.0,63.520,19.920,8.808,59.415,42.164,26.150,16.014,25.834,7.205,0.760,6.445,6.403,0.000,0.000,0.000,0.000,30.0,
17.11.2025,12:22:19.812,29.907,27.714,20.298,3.004,250.0,250.0,78.788,47.272,8.827,73.826,51.033,31.640,19.393,31.263,125.097,34.620,90.477,6.539,0.000,0.000,0.000,0.000,30.0,
17.11.2025,12:22:20.810,21.750,25.314,17.874,3.014,250.0,250.0,79.145,23.642,8.831,73.631,50.902,31.557,19.345,31.180,7.254,0.787,6.467,6.463,0.000,0.000,0.000,0.000,30.0,
17.11.2025,12:22:21.811,21.750,26.052,18.641,2.968,250.0,250.0,82.337,21.046,8.804,63.739,44.819,27.791,17.028,27.463,7.182,0.728,6.454,6.454,0.000,0.000,0.000,0.000,30.0,
17.11.2025,12:22:22.808,25.829,26.574,19.135,3.000,250.0,250.0,79.398,14.545,8.779,38.199,29.129,18.061,11.068,17.853,7.729,0.825,6.904,6.904,0.000,0.000,0.000,0.000,30.0,
17.11.2025,12:22:23.807,13.594,28.407,20.935,3.029,250.0,250.0,79.469,24.104,8.816,75.442,52.015,32.259,19.756,31.870,7.203,0.732,6.471,6.480,0.000,0.000,0.000,0.000,30.0,
17.11.2025,12:22:24.811,17.672,32.171,24.200,3.477,250.0,250.0,83.990,24.070,8.866,75.318,51.957,32.224,19.733,31.836,7.154,0.725,6.429,6.454,0.000,0.000,0.000,0.000,30.0,
17.11.2025,12:22:25.811,35.344,29.440,21.625,3.320,250.0,250.0,79.845,24.138,8.912,75.256,51.971,32.233,19.738,31.844,7.415,0.831,6.584,6.598,0.000,0.000,0.000,0.000,30.0,
17.11.2025,12:22:26.811,19.032,27.413,19.905,3.055,250.0,250.0,83.214,18.135,8.907,52.027,37.696,23.368,14.328,23.088,7.747,0.877,6.870,6.446,0.000,0.000,0.000,0.000,30.0,
17.11.2025,12:22:27.811,10.875,26.142,18.690,3.015,250.0,250.0,79.964,24.338,8.927,76.181,52.538,32.582,19.956,32.193,7.234,0.737,6.497,6.530,0.000,0.000,0.000,0.000,30.0,
17.11.2025,12:22:28.804,19.032,25.535,18.046,3.067,250.0,250.0,82.423,32.830,8.925,78.468,53.914,33.429,20.485,33.029,20.151,5.045,15.106,59.751,0.000,0.000,0.000,0.000,30.0,
17.11.2025,12:22:29.805,25.829,26.300,18.806,3.050,250.0,250.0,81.244,24.235,8.832,75.855,52.299,32.422,19.877,32.033,7.256,0.742,6.514,6.522,0.000,0.000,0.000,0.000,30.0,
17.11.2025,12:22:30.811,20.391,26.446,18.991,3.041,250.0,250.0,83.270,45.550,8.814,61.691,43.537,26.995,16.542,26.667,94.209,30.780,63.429,82.835,0.000,0.000,0.000,0.000,30.0,
17.11.2025,12:22:31.811,12.235,25.609,18.144,3.062,250.0,250.0,79.197,24.116,8.842,75.345,51.973,32.227,19.746,31.838,7.329,0.795,6.534,6.530,0.000,0.000,0.000,0.000,30.0,
17.11.2025,12:22:32.810,24.469,25.924,18.453,3.032,250.0,250.0,83.132,17.033,8.796,47.870,35.083,21.759,13.324,21.491,7.782,0.827,6.955,6.446,0.000,0.000,0.000,0.000,30.0,
17.11.2025,12:22:33.811,17.672,26.568,19.103,3.048,250.0,250.0,79.720,23.947,8.906,74.660,51.589,31.989,19.600,31.612,7.269,0.747,6.522,6.573,0.000,0.000,0.000,0.000,30.0,
17.11.2025,12:22:34.812,32.625,27.112,19.604,3.027,250.0,250.0,79.232,23.545,8.924,73.213,50.687,31.430,19.257,31.054,7.207,0.736,6.471,6.471,0.000,0.000,0.000,0.000,30.0,
17.11.2025,12:22:35.811,23.110,26.564,19.153,3.014,250.0,250.0,79.895,23.423,8.863,72.832,50.413,31.268,19.145,30.891,7.182,0.728,6.454,6.454,0.001,0.000,0.000,0.000,30.0,
17.11.2025,12:22:36.811,17.672,26.439,18.969,3.003,250.0,250.0,83.291,24.168,8.866,75.559,52.113,32.316,19.797,31.927,7.299,0.793,6.506,6.505,0.000,0.000,0.000,0.000,30.0,
17.11.2025,12:22:37.812,10.875,26.083,18.644,3.026,250.0,250.0,79.606,23.839,8.880,74.356,51.363,31.848,19.515,31.472,7.247,0.781,6.466,6.463,0.001,0.000,0.000,0.000,30.0,
17.11.2025,12:22:38.810,12.235,27.393,19.925,3.005,250.0,250.0,79.124,23.773,8.853,74.178,51.261,31.792,19.469,31.403,7.168,0.730,6.438,6.438,0.000,0.000,0.000,0.000,30.0,
17.11.2025,12:22:39.805,23.110,26.904,19.511,3.013,250.0,250.0,82.983,47.542,8.804,74.781,51.585,31.981,19.604,31.593,125.255,34.639,90.616,6.565,0.000,0.000,0.000,0.000,30.0,
17.11.2025,12:22:40.812,17.672,25.579,18.134,3.009,250.0,250.0,79.316,23.738,8.828,74.040,51.140,31.717,19.423,31.328,7.211,0.731,6.480,6.480,0.000,0.000,0.000,0.000,30.0,
17.11.2025,12:22:41.811,20.391,26.862,19.374,3.046,250.0,250.0,83.097,44.890,8.868,75.497,52.066,32.285,19.781,31.896,110.897,29.955,80.942,6.718,0.000,0.000,0.000,0.000,30.0,
17.11.2025,12:22:42.811,12.235,26.217,18.708,3.036,250.0,250.0,80.559,27.514,8.892,88.318,59.993,37.198,22.795,36.748,7.365,0.851,6.514,6.471,0.000,0.000,0.000,0.000,30.0,
17.11.2025,12:22:43.811,17.672,25.133,17.639,3.028,250.0,250.0,81.639,24.070,8.816,75.325,51.940,32.217,19.723,31.828,7.196,0.733,6.463,6.463,0.000,0.000,0.000,0.000,30.0,
17.11.2025,12:22:44.804,24.469,25.568,18.131,2.999,250.0,250.0,80.346,45.434,8.773,49.767,36.219,22.460,13.759,22.192,7.351,0.761,6.590,286.470,0.000,0.000,0.000,0.000,30.0,
17.11.2025,12:22:45.807,10.875,26.769,19.277,3.029,250.0,250.0,83.058,45.764,8.803,73.570,50.849,31.530,19.319,31.141,117.751,33.670,84.081,6.930,0.000,0.000,0.000,0.000,30.0,
17.11.2025,12:22:46.805,19.032,26.277,18.841,3.024,250.0,250.0,79.873,23.889,8.807,74.437,51.381,31.864,19.517,31.475,7.423,0.852,6.571,6.565,0.000,0.000,0.000,0.000,30.0,
17.11.2025,12:22:47.806,19.032,24.654,17.174,3.018,250.0,250.0,79.676,24.127,8.870,75.398,52.009,32.258,19.751,31.869,7.317,0.827,6.490,6.480,0.000,0.000,0.000,0.000,30.0,
17.11.2025,12:22:48.809,19.032,26.214,18.795,3.021,250.0,250.0,83.299,70.048,8.862,64.163,45.089,27.965,17.124,27.624,28.885,8.260,20.625,451.882,0.000,0.000,0.000,0.000,30.0,
17.11.2025,12:22:49.810,16.313,24.386,16.886,3.035,250.0,250.0,80.117,23.602,8.936,73.312,50.771,31.486,19.285,31.109,7.295,0.802,6.493,6.530,0.000,0.000,0.000,0.000,30.0,
17.11.2025,12:22:50.810,23.110,27.017,19.596,3.018,250.0,250.0,80.663,19.729,8.840,58.501,41.643,25.818,15.825,25.502,7.359,0.743,6.616,6.446,0.000,0.000,0.000,0.000,30.0,
17.11.2025,12:22:51.811,23.110,27.640,20.094,3.048,250.0,250.0,81.307,26.320,8.830,77.675,53.417,33.120,20.297,32.719,15.258,2.032,13.226,6.624,0.000,0.000,0.000,0.000,30.0,
17.11.2025,12:22:52.811,19.032,25.492,18.022,3.028,250.0,250.0,79.586,24.043,8.791,75.178,51.827,32.146,19.681,31.757,7.254,0.787,6.467,6.539,0.000,0.000,0.000,0.000,30.0,
17.11.2025,12:22:53.811,12.235,26.416,18.935,3.078,250.0,250.0,80.109,24.080,8.831,75.319,51.948,32.209,19.739,31.820,7.234,0.779,6.455,6.471,0.000,0.000,0.000,0.000,30.0,
17.11.2025,12:22:54.812,21.750,25.926,18.431,3.031,250.0,250.0,83.531,33.989,8.792,70.649,49.038,30.415,18.623,30.050,62.825,22.997,39.828,6.674,0.000,0.000,0.000,0.000,30.0,
17.11.2025,12:22:55.803,16.313,25.880,18.395,3.034,250.0,250.0,80.081,23.841,8.854,74.324,51.335,31.829,19.506,31.453,7.279,0.795,6.484,6.547,0.000,0.000,0.000,0.000,30.0,
17.11.2025,12:22:56.803,19.032,26.097,18.665,3.001,250.0,250.0,79.900,24.118,8.830,75.425,51.997,32.250,19.747,31.861,7.288,0.787,6.501,6.497,0.000,0.000,0.000,0.000,30.0,
17.11.2025,12:22:57.811,19.032,26.830,19.357,3.051,250.0,250.0,83.987,47.890,8.929,75.740,52.253,32.404,19.849,32.015,125.490,34.578,90.912,6.726,0.000,0.000,0.000,0.000,30.0,
17.11.2025,12:22:58.811,17.672,26.956,19.504,2.999,250.0,250.0,79.809,23.792,8.867,74.084,51.198,31.750,19.448,31.373,7.338,0.812,6.526,6.522,0.000,0.000,0.000,0.000,30.0,
17.11.2025,12:22:59.810,20.391,26.597,19.098,3.034,250.0,250.0,79.982,23.944,8.842,74.766,51.625,32.006,19.619,31.617,7.253,0.790,6.463,6.463,0.000,0.000,0.000,0.000,30.0,
17.11.2025,12:23:0.811,12.235,26.949,19.501,3.023,250.0,250.0,82.852,16.565,8.760,46.336,34.131,21.164,12.967,20.908,7.378,0.745,6.633,6.633,0.000,0.000,0.000,0.000,30.0,
17.11.2025,12:23:1.812,16.313,26.450,18.956,3.034,250.0,250.0,81.182,45.512,8.791,74.185,51.198,31.744,19.454,31.368,115.859,31.404,84.455,6.658,0.000,0.000,0.000,0.000,30.0,
17.11.2025,12:23:2.803,14.953,25.153,17.728,2.994,250.0,250.0,79.883,23.745,8.780,74.114,51.171,31.728,19.443,31.351,7.201,0.738,6.463,6.463,0.000,0.000,0.000,0.000,30.0,
17.11.2025,12:23:3.804,13.594,27.152,19.722,3.007,250.0,250.0,81.235,17.587,8.816,50.352,36.618,22.707,13.911,22.427,7.257,0.735,6.522,6.522,0.000,0.000,0.000,0.000,30.0,
17.11.2025,12:23:4.809,17.672,26.435,19.002,3.014,250.0,250.0,81.333,24.075,8.851,75.078,51.811,32.119,19.692,31.731,7.469,0.890,6.579,6.530,0.000,0.000,0.000,0.000,30.0,
17.11.2025,12:23:5.812,13.594,26.167,18.739,3.014,250.0,250.0,80.143,23.735,8.840,74.022,51.150,31.718,19.432,31.342,7.191,0.728,6.463,6.463,0.000,0.000,0.000,0.000,30.0,
17.11.2025,12:23:6.812,12.235,24.907,17.422,3.014,250.0,250.0,83.565,33.906,8.824,73.853,51.027,31.646,19.381,31.258,58.258,8.676,49.582,6.556,0.000,0.000,0.000,0.000,30.0,
17.11.2025,12:23:7.810,20.391,25.923,18.498,3.011,250.0,250.0,80.142,24.003,8.776,75.074,51.764,32.101,19.663,31.712,7.227,0.738,6.489,6.489,0.000,0.000,0.000,0.000,30.0,
17.11.2025,12:23:8.811,21.750,26.201,18.769,3.023,250.0,250.0,83.948,70.715,8.788,65.942,46.140,28.610,17.530,28.269,84.379,29.313,55.066,343.111,0.000,0.000,0.000,0.000,30.0,
17.11.2025,12:23:9.808,31.266,24.695,17.221,3.018,250.0,250.0,80.606,23.711,8.852,73.904,51.069,31.669,19.400,31.281,7.218,0.738,6.480,6.497,0.000,0.000,0.000,0.000,30.0,
17.11.2025,12:23:10.812,17.672,27.573,20.122,3.007,250.0,250.0,83.555,14.468,8.818,38.005,29.033,18.008,11.025,17.789,7.774,0.870,6.904,6.454,0.000,0.000,0.000,0.000,30.0,
17.11.2025,12:23:11.811,17.672,25.333,17.853,3.009,250.0,250.0,79.790,24.811,8.934,77.995,53.666,33.271,20.395,32.870,7.218,0.738,6.480,6.539,0.000,0.000,0.000,0.000,30.0,
17.11.2025,12:23:12.809,14.953,25.498,18.048,3.019,250.0,250.0,77.832,31.969,8.974,60.692,43.038,26.684,16.354,26.368,20.960,5.480,15.480,95.664,0.000,0.000,0.000,0.000,30.0,
17.11.2025,12:23:13.810,17.672,24.188,16.775,2.978,250.0,250.0,80.697,22.612,9.000,69.344,48.373,29.999,18.374,29.634,7.406,0.756,6.650,6.582,0.000,0.000,0.000,0.000,30.0,
17.11.2025,12:23:14.811,16.313,26.148,18.723,3.003,250.0,250.0,78.132,22.533,8.950,69.299,48.326,29.964,18.362,29.599,7.194,0.731,6.463,6.446,0.000,0.000,0.000,0.000,30.0,
17.11.2025,12:23:15.807,10.875,24.679,17.305,2.971,250.0,250.0,78.368,22.673,8.876,69.898,48.649,30.160,18.489,29.795,7.210,0.764,6.446,6.446,0.000,0.000,0.000,0.000,30.0,
17.11.2025,12:23:16.878,19.032,26.024,18.569,2.980,250.0,250.0,77.551,40.824,8.876,69.622,48.465,30.049,18.416,29.697,98.218,27.120,71.098,6.674,0.000,0.000,0.000,0.000,30.0,
17.11.2025,12:23:17.869,35.344,27.127,19.747,2.974,250.0,250.0,74.882,52.785,8.973,101.144,67.902,42.113,25.789,41.603,116.661,33.346,83.315,7.006,0.000,0.000,0.000,0.000,30.0,
17.11.2025,12:23:18.874,23.110,26.453,18.993,3.020,250.0,250.0,74.436,22.684,9.000,69.852,48.681,30.184,18.497,29.831,7.173,0.727,6.446,6.446,0.000,0.000,0.000,0.000,30.0,
17.11.2025,12:23:19.875,4.078,25.849,18.392,3.026,250.0,250.0,70.371,14.768,8.965,39.571,30.095,18.655,11.440,18.435,7.078,0.717,6.361,6.361,0.000,0.000,0.000,0.000,30.0,
17.11.2025,12:23:20.874,20.391,26.223,18.693,3.100,250.0,250.0,68.147,24.073,8.951,75.208,51.941,32.217,19.724,31.828,7.195,0.732,6.463,6.471,0.000,0.000,0.000,0.000,30.0,
17.11.2025,12:23:21.874,16.313,26.889,19.384,3.024,250.0,250.0,83.879,33.175,8.917,54.875,39.409,24.443,14.966,24.151,47.582,17.508,30.074,69.825,0.000,0.000,0.000,0.000,30.0,
17.11.2025,12:23:22.870,16.313,24.285,16.822,3.037,250.0,250.0,80.053,47.580,8.978,74.559,51.566,31.970,19.596,31.581,125.435,34.684,90.751,6.683,0.000,0.000,0.000,0.000,30.0,
17.11.2025,12:23:23.869,12.235,25.541,18.060,3.027,250.0,250.0,80.236,23.780,8.894,74.093,51.224,31.763,19.461,31.374,7.241,0.736,6.505,6.505,0.000,0.000,0.000,0.000,30.0,
17.11.2025,12:23:24.874,21.750,25.763,18.294,3.044,250.0,250.0,83.459,24.160,8.877,75.614,52.153,32.339,19.814,31.951,7.194,0.731,6.463,6.463,0.000,0.000,0.000,0.000,30.0,
17.11.2025,12:23:25.869,17.672,31.969,23.947,3.499,250.0,250.0,80.855,24.304,8.978,76.081,52.510,32.563,19.947,32.162,7.176,0.730,6.446,6.446,0.000,0.000,0.000,0.000,30.0,
17.11.2025,12:23:26.874,14.953,28.632,20.898,3.257,250.0,250.0,80.505,42.531,9.047,70.362,49.030,30.401,18.629,30.036,105.512,32.028,73.484,6.777,0.000,0.000,0.000,0.000,30.0,
17.11.2025,12:23:27.874,17.672,25.125,17.682,3.013,250.0,250.0,80.531,24.223,8.978,75.720,52.278,32.417,19.861,32.028,7.228,0.739,6.489,6.489,0.000,0.000,0.000,0.000,30.0,
17.11.2025,12:23:28.873,13.594,27.426,19.993,3.022,250.0,250.0,83.122,24.212,8.928,75.758,52.278,32.417,19.861,32.028,7.193,0.730,6.463,6.463,0.000,0.000,0.000,0.000,30.0,
17.11.2025,12:23:29.874,17.672,26.757,19.306,3.013,250.0,250.0,80.645,21.326,8.805,64.832,45.499,28.204,17.295,27.863,7.164,0.726,6.438,6.438,0.000,0.000,0.000,0.000,30.0,
17.11.2025,12:23:30.873,17.672,26.266,18.745,3.064,250.0,250.0,80.255,24.291,8.858,76.099,52.447,32.521,19.926,32.132,7.223,0.743,6.480,6.480,0.000,0.000,0.000,0.000,30.0,
17.11.2025,12:23:31.874,19.032,26.210,18.762,3.034,250.0,250.0,84.005,19.927,8.785,59.448,42.187,26.160,16.027,25.843,7.183,0.729,6.454,6.454,0.001,0.000,0.000,0.000,30.0,
17.11.2025,12:23:32.871,20.391,24.835,17.314,3.077,250.0,250.0,80.817,42.707,8.955,76.700,52.878,32.784,20.094,32.383,98.313,24.326,73.987,6.650,0.000,0.000,0.000,0.000,30.0,
17.11.2025,12:23:33.868,28.547,27.208,19.738,3.038,250.0,250.0,79.733,23.718,8.864,73.907,51.087,31.673,19.414,31.296,7.222,0.742,6.480,6.497,0.001,0.000,0.000,0.000,30.0,
17.11.2025,12:23:34.869,17.672,26.414,18.883,3.054,250.0,250.0,80.484,24.302,8.939,76.115,52.497,32.556,19.941,32.155,7.180,0.734,6.446,6.454,0.000,0.000,0.000,0.000,30.0,
17.11.2025,12:23:35.869,12.235,25.984,18.529,3.032,250.0,250.0,83.785,40.409,8.998,75.831,52.370,32.475,19.895,32.074,87.811,29.854,57.957,6.828,0.000,0.000,0.000,0.000,30.0,
17.11.2025,12:23:36.874,25.829,26.278,18.798,3.046,250.0,250.0,80.487,43.825,8.988,78.878,54.268,33.653,20.615,33.252,100.950,25.785,75.165,6.700,0.000,0.000,0.000,0.000,30.0,
17.11.2025,12:23:37.874,17.672,26.292,18.798,3.049,250.0,250.0,80.886,24.601,8.938,77.195,53.192,32.977,20.215,32.576,7.205,0.734,6.471,6.505,0.000,0.000,0.000,0.000,30.0,
17.11.2025,12:23:38.874,19.032,26.004,18.561,3.052,250.0,250.0,80.938,24.322,8.828,76.251,52.521,32.560,19.961,32.171,7.239,0.742,6.497,6.454,0.000,0.000,0.000,0.000,30.0,
17.11.2025,12:23:39.874,20.391,25.605,18.079,3.067,250.0,250.0,84.463,24.229,8.854,75.758,52.212,32.375,19.837,31.986,7.354,0.820,6.534,6.556,0.000,0.000,0.000,0.000,30.0,
17.11.2025,12:23:40.873,25.829,24.720,17.216,3.045,250.0,250.0,80.583,24.051,8.926,75.140,51.909,32.179,19.730,31.790,7.192,0.729,6.463,6.454,0.000,0.000,0.000,0.000,30.0,
17.11.2025,12:23:41.873,10.875,26.553,19.077,3.012,250.0,250.0,80.526,24.437,8.907,76.476,52.716,32.692,20.024,32.291,7.409,0.751,6.658,6.446,0.000,0.000,0.000,0.000,30.0,
17.11.2025,12:23:42.874,21.750,26.366,18.896,3.043,250.0,250.0,84.345,28.156,8.892,76.044,52.433,32.513,19.920,32.124,26.521,3.493,23.028,6.590,0.000,0.000,0.000,0.000,30.0,
17.11.2025,12:23:43.874,23.110,25.798,18.374,3.001,250.0,250.0,80.879,28.156,8.856,74.645,51.544,31.960,19.584,31.583,7.192,0.729,6.463,6.463,0.000,0.000,0.000,0.000,30.0,
17.11.2025,12:23:44.875,24.469,25.767,18.299,3.014,250.0,250.0,80.879,23.902,8.856,74.645,51.544,31.960,19.584,31.583,7.192,0.729,6.463,6.463,0.000,0.000,0.000,0.000,30.0,
17.11.2025,12:23:45.874,21.750,28.262,20.836,3.039,250.0,250.0,83.380,67.813,8.948,61.471,43.506,26.977,16.529,26.648,7.851,0.929,6.922,478.345,0.000,0.000,0.000,0.000,30.0,
17.11.2025,12:23:46.874,10.875,24.800,17.310,3.061,250.0,250.0,80.456,32.798,8.906,76.268,52.587,32.610,19.977,32.221,49.411,6.489,42.922,6.590,0.000,0.000,0.000,0.000,30.0,
17.11.2025,12:23:47.872,28.547,24.571,17.069,3.032,250.0,250.0,80.831,23.812,8.905,74.250,51.326,31.826,19.500,31.449,7.200,0.737,6.463,6.463,0.000,0.000,0.000,0.000,30.0,
17.11.2025,12:23:48.869,21.750,26.437,18.947,3.058,250.0,250.0,84.173,47.771,8.818,75.459,52.043,32.264,19.779,31.875,125.426,34.681,90.745,6.616,0.000,0.000,0.000,0.000,30.0,
17.11.2025,12:23:49.868,24.469,26.046,18.594,3.031,250.0,250.0,80.023,24.442,8.882,76.674,52.815,32.746,20.069,32.357,7.209,0.746,6.463,6.463,0.000,0.000,0.000,0.000,30.0,
17.11.2025,12:23:50.873,21.750,28.698,21.192,3.065,250.0,250.0,81.423,21.616,8.931,65.815,46.179,28.632,17.547,28.291,7.162,0.724,6.438,6.438,0.000,0.000,0.000,0.000,30.0,
17.11.2025,12:23:51.874,17.672,26.058,18.566,3.034,250.0,250.0,82.363,45.614,8.981,73.425,50.859,31.532,19.327,31.155,117.134,33.482,83.652,6.590,0.000,0.000,0.000,0.000,30.0,
17.11.2025,12:23:52.874,17.672,27.009,19.520,3.065,250.0,250.0,79.468,31.073,8.897,74.272,51.331,31.830,19.501,31.453,43.398,5.709,37.689,6.650,0.000,0.000,0.000,0.000,30.0,
17.11.2025,12:23:53.874,23.110,25.881,18.427,3.034,250.0,250.0,79.885,24.313,8.821,76.021,52.398,32.492,19.906,32.103,7.428,0.860,6.568,6.530,0.000,0.000,0.000,0.000,30.0,
17.11.2025,12:23:54.873,19.032,27.441,19.949,3.051,250.0,250.0,79.138,24.102,8.797,75.351,51.946,32.220,19.726,31.832,7.340,0.834,6.506,6.471,0.000,0.000,0.000,0.000,30.0,
17.11.2025,12:23:55.874,21.750,25.803,18.297,3.065,250.0,250.0,82.751,23.727,8.870,73.822,51.039,31.652,19.387,31.263,7.353,0.827,6.526,6.530,0.000,0.000,0.000,0.000,30.0,
17.11.2025,12:23:56.873,10.875,25.586,18.096,3.057,250.0,250.0,79.805,20.848,8.846,62.930,44.364,27.515,16.849,27.186,7.170,0.724,6.446,6.446,0.000,0.000,0.000,0.000,30.0,
17.11.2025,12:23:57.873,14.953,27.284,19.768,3.075,250.0,250.0,80.976,39.323,8.938,73.161,50.678,31.428,19.250,31.051,86.015,18.124,67.891,6.692,0.000,0.000,0.000,0.000,30.0,
17.11.2025,12:23:58.872,19.032,26.591,19.104,3.061,250.0,250.0,79.862,23.880,8.938,74.534,51.501,31.933,19.568,31.557,7.153,0.724,6.429,6.463,0.000,0.000,0.000,0.000,30.0,
17.11.2025,12:23:59.869,20.391,26.654,19.156,3.060,250.0,250.0,83.574,24.152,8.964,75.341,52.036,32.264,19.772,31.875,7.378,0.842,6.536,6.514,0.000,0.000,0.000,0.000,30.0,
17.11.2025,12:24:0.866,17.672,27.269,19.750,3.070,250.0,250.0,82.910,23.291,8.943,72.056,50.043,31.026,19.017,30.649,7.359,0.743,6.616,6.454,0.000,0.000,0.000,0.000,30.0,
17.11.2025,12:24:1.873,17.672,26.790,19.251,3.041,250.0,250.0,80.574,41.218,8.794,74.068,51.153,31.720,19.433,31.343,94.493,22.106,72.387,6.683,0.000,0.000,0.000,0.000,30.0,
17.11.2025,12:24:2.874,19.032,28.226,20.738,3.057,250.0,250.0,80.191,24.683,8.843,77.507,53.326,33.063,20.263,32.661,7.351,0.841,6.510,6.463,0.000,0.000,0.000,0.000,30.0,
17.11.2025,12:24:3.866,19.032,26.628,19.200,3.017,250.0,250.0,83.977,45.639,8.868,72.968,50.501,31.314,19.187,30.937,117.930,33.732,84.198,6.751,0.000,0.000,0.000,0.000,30.0,
17.11.2025,12:24:4.886,19.032,24.992,17.505,3.034,250.0,250.0,79.677,23.981,8.841,74.789,51.607,32.004,19.603,31.616,7.413,0.845,6.568,6.522,0.001,0.000,0.000,0.000,30.0,
17.11.2025,12:24:5.885,19.032,27.008,19.531,3.032,250.0,250.0,82.328,48.700,8.893,84.931,57.896,35.896,22.000,35.471,117.629,33.625,84.004,6.650,0.000,0.000,0.000,0.000,30.0,
17.11.2025,12:24:6.883,16.313,25.780,18.335,3.034,250.0,250.0,80.619,23.813,8.951,74.060,51.242,31.771,19.471,31.394,7.372,0.829,6.543,6.497,0.000,0.000,0.000,0.000,30.0,
17.11.2025,12:24:7.889,16.313,25.780,18.335,3.034,250.0,250.0,80.985,24.059,8.905,75.096,51.844,32.156,19.688,31.767,7.316,0.807,6.509,6.505,0.000,0.000,0.000,0.000,30.0,
17.11.2025,12:24:8.887,25.829,24.846,17.363,3.011,250.0,250.0,80.097,24.335,8.937,76.133,52.513,32.563,19.950,32.174,7.304,0.790,6.514,6.471,0.000,0.000,0.000,0.000,30.0,
17.11.2025,12:24:9.888,19.032,26.944,19.525,3.017,250.0,250.0,83.263,21.355,8.796,62.437,43.990,27.284,16.706,26.955,7.197,0.751,6.446,12.990,0.000,0.000,0.000,0.000,30.0,
17.11.2025,12:24:10.888,13.594,26.184,18.722,3.018,250.0,250.0,79.821,23.711,8.830,73.748,50.968,31.601,19.367,31.224,7.417,0.833,6.584,6.539,0.000,0.000,0.000,0.000,30.0,
17.11.2025,12:24:11.886,20.391,27.415,19.977,3.051,250.0,250.0,79.707,23.762,8.869,74.100,51.212,31.755,19.457,31.379,7.192,0.729,6.463,6.463,0.000,0.000,0.000,0.000,30.0,
17.11.2025,12:24:12.885,19.032,28.335,20.796,3.045,250.0,250.0,83.380,24.396,8.918,76.242,52.580,32.606,19.974,32.205,7.437,0.836,6.601,6.556,0.000,0.000,0.000,0.000,30.0,
17.11.2025,12:24:13.896,17.672,27.608,20.154,3.045,250.0,250.0,83.340,24.045,8.819,75.187,51.856,32.149,19.707,31.760,7.252,0.781,6.471,6.471,0.000,0.000,0.000,0.000,30.0,
17.11.2025,12:24:14.885,17.672,25.636,18.140,3.075,250.0,250.0,80.906,44.287,8.816,68.788,47.919,29.709,18.210,29.356,116.689,33.192,83.497,6.692,0.000,0.000,0.000,0.000,30.0,
17.11.2025,12:24:15.893,12.235,25.208,17.767,3.007,250.0,250.0,77.498,22.302,8.792,68.481,47.712,29.588,18.124,29.235,7.280,0.750,6.530,6.530,0.000,0.000,1.625,0.000,30.0,
17.11.2025,12:24:16.896,19.032,25.545,18.116,3.012,250.0,250.0,77.570,22.479,8.819,69.196,48.180,29.878,18.302,29.513,7.210,0.730,6.480,6.480,0.000,0.000,0.000,0.000,30.0,
17.11.2025,12:24:17.884,21.750,24.820,17.341,3.026,250.0,250.0,77.639,22.272,8.829,68.458,47.718,29.584,18.134,29.232,7.162,0.724,6.438,6.438,0.000,0.000,0.000,0.000,30.0,
17.11.2025,12:24:18.891,25.829,27.131,19.622,3.093,250.0,250.0,81.004,22.400,8.829,68.951,48.028,29.782,18.246,29.418,7.153,0.724,6.429,6.438,0.000,0.000,0.000,0.000,30.0,
17.11.2025,12:24:19.882,19.032,25.392,17.969,2.990,250.0,250.0,74.119,22.612,8.867,69.727,48.522,30.083,18.439,29.719,7.151,0.722,6.429,6.463,0.000,0.000,0.000,0.000,30.0,
17.11.2025,12:24:20.897,17.672,25.423,18.025,2.988,250.0,250.0,71.362,22.282,8.877,68.426,47.736,29.599,18.137,29.234,7.173,0.735,6.438,6.463,0.000,0.000,0.000,0.000,30.0,
17.11.2025,12:24:21.895,19.032,24.536,17.141,2.989,250.0,250.0,73.961,14.105,8.875,36.998,28.445,17.633,10.812,17.426,7.230,0.785,6.445,6.403,0.000,0.000,0.000,0.000,30.0,
17.11.2025,12:24:22.892,23.110,26.439,18.910,3.111,250.0,250.0,63.335,23.807,8.986,74.168,51.319,31.819,19.500,31.442,7.186,0.748,6.438,6.463,0.000,0.000,0.000,0.000,30.0,
17.11.2025,12:24:23.894,19.032,27.453,19.970,3.034,250.0,250.0,83.475,23.696,8.874,73.670,50.932,31.587,19.345,31.210,7.395,0.820,6.575,6.556,0.000,0.000,0.000,0.000,30.0,
17.11.2025,12:24:24.889,17.672,27.812,20.325,3.035,250.0,250.0,82.073,24.200,8.867,75.775,52.255,32.398,19.857,32.010,7.181,0.735,6.446,6.471,0.000,0.003,0.000,0.000,30.0,
17.11.2025,12:24:25.887,23.110,28.432,20.939,3.033,250.0,250.0,80.007,23.935,8.905,74.690,51.597,31.992,19.605,31.615,7.223,0.743,6.480,6.497,0.000,0.000,0.000,0.000,30.0,
17.11.2025,12:24:26.898,16.313,28.522,20.946,3.109,250.0,250.0,83.438,24.257,8.879,75.882,52.334,32.451,19.883,32.062,7.314,0.860,6.454,6.446,0.000,0.000,0.000,0.000,30.0,
17.11.2025,12:24:27.909,32.625,32.577,24.531,3.561,250.0,250.0,79.836,24.953,8.852,69.275,48.258,29.923,18.335,29.558,16.514,3.931,12.583,12.299,0.000,0.000,0.000,0.000,30.0,
17.11.2025,12:24:28.898,19.032,27.350,19.793,3.107,250.0,250.0,79.305,23.762,8.866,74.076,51.202,31.745,19.457,31.368,7.215,0.744,6.471,6.471,0.000,0.000,0.000,0.000,30.0,
17.11.2025,12:24:29.906,21.750,26.790,19.328,3.034,250.0,250.0,83.002,37.371,8.889,72.003,49.931,30.962,18.969,30.585,77.834,27.952,49.882,6.700,0.000,0.000,0.000,0.000,30.0,
17.11.2025,12:24:30.902,14.953,27.408,19.919,3.018,250.0,250.0,79.596,23.795,8.914,74.188,51.284,31.801,19.483,31.412,7.204,0.741,6.463,6.463,0.001,0.000,0.000,0.000,30.0,
17.11.2025,12:24:31.901,19.032,25.423,17.978,3.032,250.0,250.0,83.299,24.338,8.856,76.075,52.435,32.513,19.922,32.124,7.448,0.846,6.602,6.556,0.000,0.000,0.000,0.000,30.0,
17.11.2025,12:24:32.901,23.110,27.559,20.115,3.029,250.0,250.0,79.219,24.052,8.819,75.228,51.882,32.174,19.708,31.785,7.224,0.744,6.480,6.480,0.000,0.000,0.000,0.000,30.0,
17.11.2025,12:24:33.906,23.110,28.500,20.783,3.248,250.0,250.0,82.734,47.795,8.816,74.913,51.687,32.052,19.635,31.664,126.089,34.862,91.227,7.006,0.000,0.000,0.000,0.000,30.0,
17.11.2025,12:24:34.914,21.750,32.245,24.678,3.118,250.0,250.0,79.450,23.633,8.819,73.624,50.895,31.560,19.335,31.172,7.222,0.742,6.480,6.480,0.000,0.000,0.000,0.000,30.0,
17.11.2025,12:24:35.925,21.750,27.847,20.362,3.009,250.0,250.0,80.005,19.822,8.870,58.871,41.886,25.979,15.907,25.663,7.258,0.736,6.522,6.522,0.000,0.000,0.000,0.000,30.0,
17.11.2025,12:24:36.914,28.547,26.197,18.740,3.052,250.0,250.0,85.026,24.515,8.909,76.764,52.909,32.804,20.105,32.403,7.336,0.805,6.531,6.582,0.000,0.000,0.000,0.000,30.0,
17.11.2025,12:24:37.926,16.313,26.948,19.531,2.995,250.0,250.0,83.406,32.460,8.830,58.416,41.545,25.759,15.786,25.443,41.460,14.831,26.629,65.902,0.000,0.000,0.000,0.000,30.0,
17.11.2025,12:24:38.927,16.313,27.490,19.996,3.031,250.0,250.0,80.763,23.549,8.820,73.196,50.614,31.389,19.225,31.013,7.336,0.835,6.501,6.565,0.000,0.000,0.000,0.000,30.0,
17.11.2025,12:24:39.929,20.391,26.885,19.438,3.013,250.0,250.0,79.392,23.594,8.820,73.509,50.812,31.513,19.299,31.136,7.196,0.733,6.463,6.463,0.000,0.000,0.000,0.000,30.0,
17.11.2025,12:24:40.914,20.391,25.297,17.824,3.025,250.0,250.0,83.413,24.279,8.856,75.919,52.332,32.449,19.883,32.060,7.356,0.805,6.551,6.582,0.000,0.000,0.000,0.000,30.0,
17.11.2025,12:24:41.928,19.032,27.120,19.703,3.004,250.0,250.0,79.845,23.944,8.909,74.743,51.638,32.014,19.624,31.625,7.201,0.730,6.471,6.480,0.000,0.000,0.000,0.000,30.0,
17.11.2025,12:24:42.922,21.750,25.153,17.651,3.022,250.0,250.0,83.441,47.933,8.955,75.741,52.284,32.420,19.864,32.019,125.630,34.835,90.795,6.786,0.000,0.000,0.000,0.000,30.0,
17.11.2025,12:24:43.915,14.953,26.564,19.190,2.988,250.0,250.0,79.223,23.762,8.968,73.955,51.187,31.746,19.441,31.357,7.230,0.741,6.489,6.505,0.000,0.000,0.000,0.000,30.0,
17.11.2025,12:24:44.920,17.672,29.277,21.743,3.046,250.0,250.0,83.978,24.315,9.001,75.944,52.418,32.503,19.915,32.115,7.333,0.800,6.533,6.582,0.000,0.000,0.000,0.000,30.0,
17.11.2025,12:24:45.921,17.672,24.609,17.192,3.037,250.0,250.0,82.672,47.150,9.066,58.989,42.058,26.075,15.983,25.759,42.772,15.791,26.981,208.024,0.000,0.000,0.000,0.000,30.0,
17.11.2025,12:24:46.915,12.235,28.169,20.667,3.049,250.0,250.0,81.700,23.387,8.908,72.566,50.297,31.193,19.104,30.816,7.239,0.734,6.505,6.505,0.000,0.000,0.000,0.000,30.0,
17.11.2025,12:24:47.922,20.391,25.971,18.508,3.020,250.0,250.0,82.977,47.505,8.880,74.229,51.293,31.801,19.492,31.424,125.676,34.827,90.849,6.582,0.000,0.000,0.000,0.000,30.0,
17.11.2025,12:24:48.916,9.516,27.633,20.154,3.037,250.0,250.0,79.873,23.821,8.856,74.202,51.262,31.793,19.469,31.404,7.352,0.827,6.525,6.522,0.000,0.000,0.000,0.000,30.0,
17.11.2025,12:24:49.923,13.594,26.424,18.983,3.014,250.0,250.0,83.186,23.847,8.830,55.724,39.907,24.743,15.164,24.439,19.331,4.931,14.400,30.996,0.000,0.000,0.000,0.000,30.0,
17.11.2025,12:24:50.929,13.594,26.437,18.974,3.048,250.0,250.0,79.734,24.280,8.877,75.873,52.309,32.435,19.874,32.047,7.408,0.839,6.569,6.565,0.000,0.000,0.000,0.000,30.0,
17.11.2025,12:24:51.934,17.672,25.939,18.464,3.017,250.0,250.0,79.462,23.608,8.916,73.468,50.844,31.522,19.322,31.146,7.197,0.734,6.463,6.463,0.000,0.000,0.000,0.000,30.0,
17.11.2025,12:24:52.935,21.750,26.673,19.220,3.043,250.0,250.0,82.861,47.234,8.916,75.459,52.093,32.301,19.792,31.912,122.495,34.344,88.151,6.878,0.000,0.000,0.000,0.000,30.0,
17.11.2025,12:24:53.936,21.750,29.145,21.633,3.057,250.0,250.0,79.480,23.540,9.034,73.083,50.693,31.430,19.263,31.053,7.191,0.728,6.463,6.463,0.000,0.000,0.000,0.000,30.0,
17.11.2025,12:24:54.936,20.391,28.353,20.898,3.033,250.0,250.0,83.509,77.398,8.927,74.906,51.734,32.088,19.646,31.699,34.805,11.341,23.464,485.366,0.000,0.000,0.000,0.000,30.0,
17.11.2025,12:24:55.929,19.032,25.199,17.718,3.002,250.0,250.0,79.804,24.105,8.865,75.332,51.964,32.213,19.751,31.824,7.301,0.792,6.509,6.505,0.000,0.000,0.000,0.000,30.0,
17.11.2025,12:24:56.935,13.594,25.307,17.800,3.046,250.0,250.0,78.785,23.845,8.841,74.387,51.383,31.858,19.525,31.469,7.240,0.735,6.505,6.505,0.000,0.000,0.000,0.000,30.0,
17.11.2025,12:24:57.936,20.391,26.693,19.276,3.015,250.0,250.0,83.144,43.666,8.911,64.797,45.531,28.235,17.296,27.882,31.575,9.740,21.835,180.864,0.000,0.000,0.000,0.000,30.0,
17.11.2025,12:24:58.937,14.953,25.796,18.310,3.040,250.0,250.0,79.264,24.189,8.904,75.582,52.146,32.337,19.809,31.948,7.322,0.800,6.522,6.522,0.000,0.000,0.000,0.000,30.0,
17.11.2025,12:24:59.936,21.750,25.063,17.620,3.023,250.0,250.0,83.050,35.630,8.838,70.851,49.204,30.514,18.690,30.138,70.607,26.037,44.570,6.853,0.000,0.000,0.000,0.000,30.0,
17.11.2025,12:25:0.932,24.469,27.805,20.328,3.054,250.0,250.0,79.619,23.594,8.875,73.365,50.765,31.479,19.286,31.091,7.293,0.800,6.493,6.489,0.001,0.000,2.125,0.000,30.0,
17.11.2025,12:25:1.930,16.313,26.342,18.869,3.044,250.0,250.0,82.748,45.047,8.877,75.952,52.370,32.467,19.903,32.078,110.958,32.674,78.284,6.913,0.000,0.000,0.000,0.000,30.0,
17.11.2025,12:25:2.932,16.313,26.590,19.088,3.088,250.0,250.0,79.693,23.812,8.940,74.161,51.298,31.805,19.493,31.416,7.257,0.790,6.467,6.497,0.000,0.000,0.000,0.000,30.0,
17.11.2025,12:25:3.933,24.469,25.603,18.059,3.084,250.0,250.0,82.790,24.060,8.889,47.602,34.946,21.669,13.277,21.413,7.550,0.781,6.769,77.705,0.001,0.000,0.000,0.000,30.0,
17.11.2025,12:25:4.936,13.594,26.542,19.016,3.065,250.0,250.0,79.827,38.097,8.868,74.113,51.219,31.764,19.455,31.375,78.795,15.663,63.132,6.590,0.000,0.000,0.000,0.000,30.0,
17.11.2025,12:25:5.937,19.032,25.190,17.746,3.030,250.0,250.0,79.946,24.050,8.921,75.114,51.874,32.175,19.699,31.786,7.234,0.788,6.446,6.463,0.000,0.000,0.000,0.000,30.0,
17.11.2025,12:25:6.936,17.672,25.537,18.012,3.083,250.0,250.0,82.354,25.495,8.979,74.317,51.429,31.886,19.543,31.497,15.365,2.070,13.295,6.565,0.000,0.000,0.000,0.000,30.0,
17.11.2025,12:25:7.936,23.110,26.736,19.270,3.013,250.0,250.0,83.449,23.276,9.002,72.002,50.007,31.016,18.991,30.639,7.330,0.740,6.590,6.446,0.000,0.000,0.000,0.000,30.0,
17.11.2025,12:25:8.933,17.672,27.836,20.365,3.039,250.0,250.0,80.150,23.836,8.916,74.204,51.322,31.824,19.498,31.435,7.313,0.795,6.518,6.530,0.000,0.000,0.000,0.000,30.0,
17.11.2025,12:25:9.931,19.032,26.952,19.571,2.995,250.0,250.0,79.708,23.841,8.831,74.400,51.388,31.869,19.519,31.480,7.228,0.764,6.464,6.463,0.000,0.000,0.000,0.000,30.0,
17.11.2025,12:25:10.936,19.032,27.160,19.655,3.063,250.0,250.0,82.790,40.346,8.795,75.322,51.935,32.201,19.734,31.812,88.419,34.728,53.691,6.828,0.000,0.000,0.000,0.000,30.0,
17.11.2025,12:25:11.941,21.750,26.513,19.034,3.034,250.0,250.0,79.621,23.657,8.867,73.649,50.923,31.579,19.344,31.203,7.254,0.788,6.466,6.497,0.000,0.000,0.000,0.000,30.0,
17.11.2025,12:25:12.936,17.672,26.080,18.556,3.058,250.0,250.0,83.113,38.455,8.870,75.034,51.812,32.126,19.686,31.737,79.331,15.981,63.350,6.624,0.000,0.000,0.000,0.000,30.0,
17.11.2025,12:25:13.937,17.672,27.538,20.065,3.041,250.0,250.0,79.970,24.382,8.906,76.363,52.637,32.640,19.997,32.251,7.274,0.793,6.481,6.480,0.000,0.000,0.000,0.000,30.0,
17.11.2025,12:25:14.934,14.953,28.145,20.668,3.043,250.0,250.0,83.571,24.235,8.879,75.904,52.349,32.464,19.885,32.063,7.178,0.732,6.446,6.446,0.000,0.000,0.000,0.000,30.0,
17.11.2025,12:25:15.937,17.672,25.631,18.143,3.042,250.0,250.0,76.878,22.326,8.916,68.474,47.795,29.638,18.157,29.273,7.249,0.735,6.514,6.514,0.000,0.000,0.000,0.000,30.0,
17.11.2025,12:25:16.936,24.469,26.406,18.935,3.027,250.0,250.0,77.523,22.395,8.939,68.777,47.981,29.754,18.227,29.401,7.201,0.730,6.471,6.471,0.000,0.000,0.000,0.000,30.0,
17.11.2025,12:25:17.933,20.391,28.204,20.677,3.044,250.0,250.0,77.704,22.326,8.864,68.585,47.824,29.650,18.174,29.298,7.200,0.737,6.463,6.463,0.000,0.000,0.000,0.000,30.0,
17.11.2025,12:25:18.935,17.672,25.877,18.391,3.049,250.0,250.0,77.623,33.825,8.843,94.694,63.901,39.628,24.273,39.142,30.662,9.233,21.429,6.446,0.000,0.000,0.000,0.000,30.0,
17.11.2025,12:25:19.935,20.391,26.586,19.143,3.018,250.0,250.0,79.915,22.259,8.854,68.350,47.667,29.561,18.106,29.208,7.195,0.741,6.454,6.454,0.000,0.000,0.000,0.000,30.0,
17.11.2025,12:25:20.936,19.032,24.471,17.088,2.992,250.0,250.0,71.752,44.134,8.854,68.102,47.514,29.459,18.055,29.107,116.687,33.425,83.262,6.870,0.000,0.000,0.000,2.125,30.0,
17.11.2025,12:25:21.932,20.391,27.279,19.882,2.987,250.0,250.0,74.255,15.024,8.835,40.265,30.405,18.857,11.548,18.625,7.493,0.937,6.556,6.718,0.000,0.000,0.000,0.000,30.0,
17.11.2025,12:25:22.932,17.672,28.128,20.677,2.982,250.0,250.0,74.296,13.261,8.789,33.977,26.538,16.455,10.083,16.248,7.086,0.717,6.369,6.352,0.000,0.000,0.000,0.000,30.0,
17.11.2025,12:25:23.937,21.750,26.801,19.284,3.112,250.0,250.0,64.279,24.059,8.829,75.276,51.928,32.204,19.724,31.815,7.177,0.731,6.446,6.463,0.000,0.000,0.000,0.000,30.0,
17.11.2025,12:25:24.935,10.875,26.702,19.220,3.041,250.0,250.0,83.084,86.987,8.817,72.741,50.357,31.218,19.139,30.842,113.688,33.102,80.586,429.378,0.000,0.000,0.000,0.000,30.0,
17.11.2025,12:25:25.938,10.875,24.717,17.223,3.027,250.0,250.0,79.498,23.810,8.843,74.274,51.308,31.815,19.493,31.438,7.214,0.743,6.471,6.497,0.000,0.000,0.000,0.000,30.0,
17.11.2025,12:25:26.936,27.188,26.820,19.299,3.060,250.0,250.0,79.896,22.250,8.837,68.314,47.656,29.546,18.110,29.194,7.200,0.729,6.471,6.446,0.000,0.000,0.000,0.000,30.0,
17.11.2025,12:25:27.934,16.313,30.561,22.896,3.224,250.0,250.0,83.096,27.734,8.853,74.697,51.563,31.970,19.593,31.594,26.235,3.412,22.823,6.598,0.000,0.000,1.250,0.000,30.0,
17.11.2025,12:25:28.931,21.750,31.534,23.399,3.584,250.0,250.0,79.736,24.082,8.891,75.287,51.958,32.213,19.745,31.824,7.204,0.741,6.463,6.489,0.000,0.000,0.000,0.000,30.0,
17.11.2025,12:25:29.935,23.110,25.072,17.615,3.038,250.0,250.0,79.668,14.221,8.828,37.129,28.489,17.667,10.822,17.459,7.688,0.775,6.913,6.446,0.000,0.000,0.000,0.000,30.0,
17.11.2025,12:25:30.928,20.391,26.289,18.805,3.037,250.0,250.0,80.036,24.002,8.886,74.928,51.745,32.079,19.666,31.690,7.250,0.736,6.514,6.530,0.000,0.000,0.000,0.000,30.0,
17.11.2025,12:25:31.938,16.313,24.135,16.674,3.055,250.0,250.0,83.311,14.752,8.730,39.042,29.611,18.367,11.244,18.147,7.719,0.781,6.938,6.938,0.000,0.000,0.000,0.000,30.0,
17.11.2025,12:25:32.936,27.188,27.192,19.684,3.048,250.0,250.0,79.476,23.837,8.831,74.369,51.349,31.847,19.502,31.458,7.250,0.736,6.514,6.514,0.000,0.000,0.000,0.000,30.0,
17.11.2025,12:25:33.937,25.829,26.696,19.233,3.021,250.0,250.0,79.503,24.043,8.818,75.222,51.886,32.164,19.722,31.775,7.199,0.752,6.447,6.446,0.000,0.000,0.000,0.000,30.0,
17.11.2025,12:25:34.936,21.750,25.661,18.219,3.006,250.0,250.0,82.871,41.114,8.793,72.854,50.392,31.246,19.146,30.869,95.616,30.811,64.805,6.607,0.000,0.000,0.000,0.000,30.0,
17.11.2025,12:25:35.936,17.672,26.023,18.542,3.044,250.0,250.0,79.335,41.114,8.805,74.504,51.427,31.891,19.536,31.502,7.222,0.742,6.480,6.480,0.000,0.000,0.000,0.000,30.0,
17.11.2025,12:25:36.937,9.516,24.083,16.640,3.037,250.0,250.0,79.335,23.859,8.805,74.504,51.427,31.891,19.536,31.502,7.222,0.742,6.480,6.480,0.000,0.000,0.000,0.000,30.0,
17.11.2025,12:25:37.935,21.750,24.690,17.252,3.024,250.0,250.0,78.956,23.565,8.807,73.409,50.759,31.469,19.290,31.093,7.183,0.729,6.454,6.454,0.000,0.000,0.000,0.000,30.0,
17.11.2025,12:25:38.936,20.391,26.986,19.537,3.023,250.0,250.0,81.839,47.651,8.880,74.813,51.666,32.038,19.628,31.649,125.645,34.799,90.846,6.547,0.000,0.000,0.000,0.000,30.0,
17.11.2025,12:25:39.937,13.594,25.238,17.828,3.001,250.0,250.0,78.587,28.592,8.886,74.481,51.451,31.902,19.549,31.525,30.794,4.063,26.731,6.539,0.000,0.000,0.000,0.000,30.0,
17.11.2025,12:25:40.937,13.594,27.636,20.115,3.037,250.0,250.0,79.735,23.954,8.858,74.804,51.653,32.028,19.625,31.651,7.228,0.762,6.466,6.463,0.001,0.000,0.000,0.000,30.0,
17.11.2025,12:25:41.936,13.594,26.638,19.202,3.012,250.0,250.0,79.273,23.756,8.810,74.147,51.198,31.750,19.448,31.373,7.187,0.733,6.454,6.454,0.000,0.000,0.000,0.000,30.0,
17.11.2025,12:25:42.937,20.391,26.265,18.792,3.024,250.0,250.0,82.949,40.182,8.874,75.962,52.392,32.491,19.901,32.089,86.748,18.554,68.194,6.616,0.000,0.000,0.000,0.000,30.0,
17.11.2025,12:25:43.936,17.672,26.828,19.417,3.013,250.0,250.0,80.269,23.722,8.884,73.937,51.116,31.699,19.417,31.322,7.192,0.738,6.454,6.463,0.000,0.000,0.000,0.000,30.0,
17.11.2025,12:25:44.936,17.672,28.468,20.974,3.037,250.0,250.0,83.255,31.981,8.869,81.161,55.560,34.451,21.109,34.038,38.918,13.497,25.421,6.786,0.000,0.000,0.000,0.000,30.0,
17.11.2025,12:25:45.937,20.391,26.196,18.749,3.020,250.0,250.0,79.531,30.306,8.893,74.269,51.335,31.829,19.506,31.440,39.610,5.252,34.358,6.573,0.000,0.000,0.000,0.000,30.0,
17.11.2025,12:25:46.936,14.953,25.669,18.225,3.040,250.0,250.0,79.634,23.602,8.822,73.538,50.835,31.525,19.310,31.136,7.192,0.729,6.463,6.471,0.001,0.000,0.000,0.000,30.0,
17.11.2025,12:25:47.936,21.750,26.952,19.406,3.059,250.0,250.0,82.903,33.785,8.843,75.189,51.839,32.150,19.689,31.762,55.680,20.457,35.223,7.014,0.000,0.000,0.000,0.000,30.0,
17.11.2025,12:25:48.937,20.391,27.366,19.875,3.055,250.0,250.0,79.260,23.843,8.770,74.461,51.374,31.852,19.522,31.464,7.253,0.790,6.463,6.480,0.000,0.000,0.000,0.000,30.0,
17.11.2025,12:25:49.936,23.110,26.311,18.825,3.065,250.0,250.0,79.405,23.718,8.809,73.942,51.091,31.678,19.413,31.301,7.237,0.790,6.447,6.471,0.000,0.000,1.125,0.000,30.0,
17.11.2025,12:25:50.936,19.032,26.224,18.756,3.054,250.0,250.0,83.166,24.128,8.871,75.389,52.019,32.252,19.767,31.863,7.292,0.791,6.501,6.539,0.000,0.000,1.125,0.000,30.0,
17.11.2025,12:25:51.935,9.516,25.069,17.598,3.020,250.0,250.0,79.855,21.655,8.947,65.942,46.269,28.692,17.577,28.339,7.170,0.724,6.446,6.446,0.000,0.000,0.000,0.000,30.0,
17.11.2025,12:25:52.937,21.750,27.261,19.702,3.051,250.0,250.0,83.446,24.234,8.934,75.658,52.223,32.375,19.848,31.985,7.374,0.831,6.543,6.565,0.000,0.000,0.000,0.000,30.0,
17.11.2025,12:25:53.936,13.594,27.204,19.766,3.033,250.0,250.0,80.758,24.016,9.076,74.887,51.828,32.140,19.688,31.751,7.170,0.724,6.446,6.446,0.001,0.000,0.000,0.000,30.0,
17.11.2025,12:25:54.936,20.391,25.484,17.988,3.026,250.0,250.0,84.016,24.077,8.913,75.086,51.845,32.150,19.695,31.761,7.373,0.796,6.577,6.573,0.000,0.000,0.000,0.000,30.0,
17.11.2025,12:25:55.936,16.313,25.436,17.948,3.015,250.0,250.0,80.039,24.030,8.811,75.134,51.828,32.133,19.695,31.744,7.245,0.781,6.464,6.463,0.000,0.000,0.000,0.000,30.0,
17.11.2025,12:25:56.936,23.110,25.442,17.977,3.010,250.0,250.0,83.221,35.455,8.831,74.674,51.542,31.955,19.587,31.566,64.888,10.618,54.270,6.616,0.000,0.000,0.000,0.000,30.0,
17.11.2025,12:25:57.936,17.672,25.384,17.944,3.027,250.0,250.0,80.551,24.108,8.844,75.375,51.992,32.230,19.762,31.841,7.268,0.771,6.497,6.497,0.000,0.000,0.000,0.000,30.0,
17.11.2025,12:25:58.934,24.469,26.867,19.362,3.040,250.0,250.0,83.917,24.054,8.844,40.162,30.374,18.830,11.544,18.610,7.934,0.996,6.938,96.302,0.000,0.000,0.000,0.000,30.0,
17.11.2025,12:25:59.936,27.188,25.136,17.675,3.024,250.0,250.0,80.176,24.170,8.914,75.501,52.115,32.316,19.799,31.927,7.311,0.803,6.508,6.505,0.000,0.000,0.000,0.000,30.0,
17.11.2025,12:26:0.931,9.516,26.567,19.139,3.031,250.0,250.0,83.954,22.868,8.879,70.646,49.135,30.461,18.674,30.096,7.170,0.724,6.446,6.446,0.000,0.000,0.000,0.000,30.0,
17.11.2025,12:26:1.938,9.516,25.827,18.334,3.019,250.0,250.0,79.771,17.884,8.770,51.306,37.198,23.060,14.138,22.780,7.446,0.754,6.692,6.692,0.000,0.000,0.000,0.000,30.0,
17.11.2025,12:26:2.936,13.594,25.828,18.388,3.005,250.0,250.0,82.026,24.654,8.841,77.380,53.234,33.002,20.232,32.601,7.352,0.801,6.551,6.547,0.000,0.000,0.000,0.000,30.0,
17.11.2025,12:26:3.936,20.391,26.989,19.584,2.995,250.0,250.0,84.408,41.688,8.842,72.501,50.228,31.143,19.085,30.766,98.668,31.029,67.639,6.976,0.000,0.000,0.000,0.000,30.0,
17.11.2025,12:26:4.936,17.672,25.486,17.981,3.025,250.0,250.0,80.492,23.965,8.789,74.819,51.616,32.010,19.606,31.621,7.333,0.807,6.526,6.522,0.000,0.000,0.000,0.000,30.0,
17.11.2025,12:26:5.944,17.672,25.486,17.981,3.025,250.0,250.0,81.580,23.609,8.814,73.580,50.852,31.529,19.323,31.153,7.191,0.728,6.463,6.454,0.000,0.000,0.000,0.000,30.0,
17.11.2025,12:26:6.937,23.110,26.527,19.042,3.033,250.0,250.0,79.948,33.512,8.888,74.470,51.451,31.911,19.540,31.522,55.357,7.655,47.702,6.624,0.000,0.000,0.000,0.000,30.0,
17.11.2025,12:26:7.936,17.672,26.268,18.785,3.050,250.0,250.0,80.280,24.432,8.868,76.623,52.773,32.726,20.047,32.337,7.232,0.769,6.463,6.480,0.000,0.000,0.000,0.000,30.0,
17.11.2025,12:26:8.937,20.391,23.511,16.045,3.030,250.0,250.0,83.668,47.908,8.889,75.509,52.088,32.308,19.780,31.919,125.872,34.953,90.919,6.845,0.000,0.000,0.000,0.000,30.0,
17.11.2025,12:26:9.936,14.953,25.474,18.039,3.037,250.0,250.0,80.173,23.811,8.818,74.300,51.308,31.815,19.493,31.426,7.212,0.732,6.480,6.530,0.000,0.000,0.000,0.000,30.0,
17.11.2025,12:26:10.936,23.110,26.342,18.857,3.042,250.0,250.0,82.918,23.557,8.793,73.407,50.726,31.456,19.270,31.079,7.192,0.729,6.463,6.454,0.000,0.000,0.000,0.000,30.0,
17.11.2025,12:26:11.936,20.391,25.550,18.047,3.051,250.0,250.0,79.751,32.321,8.796,75.179,51.852,32.145,19.707,31.756,48.581,6.277,42.304,6.616,0.000,0.000,0.000,0.000,30.0,
17.11.2025,12:26:12.935,17.672,26.481,19.012,3.026,250.0,250.0,80.156,24.001,8.882,74.943,51.734,32.078,19.656,31.701,7.281,0.776,6.505,6.454,0.000,0.000,0.000,0.000,30.0,
17.11.2025,12:26:13.936,20.391,25.756,18.288,3.034,250.0,250.0,83.273,46.892,8.917,75.752,52.284,32.423,19.861,32.034,120.421,33.957,86.464,6.811,0.000,0.000,0.000,0.000,30.0,
17.11.2025,12:26:14.937,17.672,25.583,18.124,3.039,250.0,250.0,80.472,23.977,8.877,74.899,51.704,32.060,19.644,31.684,7.203,0.732,6.471,6.497,0.000,0.000,0.000,0.000,30.0,
17.11.2025,12:26:15.935,16.313,25.006,17.509,3.036,250.0,250.0,83.534,41.297,8.939,73.616,50.986,31.615,19.371,31.226,95.192,30.608,64.584,6.837,0.000,0.000,0.000,0.000,30.0,
17.11.2025,12:26:16.936,13.594,27.672,20.103,3.097,250.0,250.0,80.493,24.176,8.918,75.565,52.158,32.341,19.817,31.952,7.250,0.745,6.505,6.505,0.000,0.000,0.000,0.000,30.0,
17.11.2025,12:26:17.936,14.953,24.695,17.217,3.048,250.0,250.0,82.671,22.568,8.844,69.569,48.410,30.016,18.394,29.663,7.171,0.725,6.446,6.446,0.000,0.000,0.000,0.000,30.0,
17.11.2025,12:26:18.937,19.032,26.316,18.829,3.053,250.0,250.0,75.177,31.356,8.817,73.195,50.610,31.379,19.231,31.003,7.162,0.724,6.438,84.998,0.000,0.000,0.000,0.000,30.0,
17.11.2025,12:26:19.936,16.313,25.137,17.687,2.978,250.0,250.0,80.714,44.221,8.794,68.439,47.689,29.572,18.117,29.219,116.761,33.055,83.706,6.853,0.000,0.000,0.000,0.000,30.0,
17.11.2025,12:26:20.935,21.750,25.959,18.512,3.012,250.0,250.0,77.812,22.153,8.794,67.922,47.362,29.370,17.992,29.018,7.271,0.741,6.530,6.530,0.000,0.000,0.000,0.000,30.0,
17.11.2025,12:26:21.932,17.672,24.616,17.173,3.010,250.0,250.0,77.772,18.257,8.880,52.854,38.193,23.683,14.510,23.391,7.265,0.735,6.530,6.530,0.000,0.000,0.000,0.000,30.0,
17.11.2025,12:26:22.930,17.672,26.207,18.854,2.953,250.0,250.0,73.955,22.316,8.868,68.559,47.815,29.647,18.168,29.282,7.185,0.731,6.454,6.454,0.000,0.000,0.000,0.000,30.0,
17.11.2025,12:26:23.934,19.032,25.241,17.853,2.982,250.0,250.0,74.209,38.012,8.877,68.347,47.681,29.567,18.114,29.214,85.922,20.805,65.117,6.480,0.000,0.000,0.000,0.000,30.0,
17.11.2025,12:26:24.936,13.594,26.775,19.356,2.992,250.0,250.0,72.300,14.128,8.754,36.901,28.321,17.554,10.767,17.347,7.465,0.756,6.709,6.709,0.000,0.000,0.000,0.000,30.0,
17.11.2025,12:26:25.936,16.313,24.729,17.237,3.085,250.0,250.0,63.927,23.925,8.832,74.745,51.599,31.993,19.606,31.604,7.204,0.741,6.463,6.463,0.001,0.000,0.000,0.000,30.0,
17.11.2025,12:26:26.936,12.235,25.895,18.364,3.064,250.0,250.0,80.225,23.903,8.792,74.755,51.555,31.965,19.590,31.589,7.171,0.725,6.446,6.446,0.000,0.000,0.000,0.000,30.0,
17.11.2025,12:26:27.936,21.750,25.652,18.184,3.025,250.0,250.0,83.765,23.952,8.782,74.827,51.614,32.004,19.610,31.615,7.267,0.737,6.530,6.530,0.000,0.000,0.000,1.250,30.0,
17.11.2025,12:26:28.936,20.391,25.131,17.670,3.052,250.0,250.0,80.357,23.837,8.857,74.409,51.417,31.879,19.538,31.489,7.170,0.724,6.446,6.446,0.000,0.000,0.000,0.000,30.0,
17.11.2025,12:26:29.936,16.313,29.567,21.763,3.331,250.0,250.0,83.376,35.267,8.865,69.840,48.600,30.143,18.457,29.778,70.163,25.999,44.164,6.658,0.000,0.000,0.000,0.000,30.0,
17.11.2025,12:26:30.936,12.235,31.812,23.851,3.444,250.0,250.0,79.835,47.727,8.902,75.176,51.906,32.181,19.725,31.792,125.503,34.880,90.623,6.582,0.000,0.000,0.000,0.000,30.0,
17.11.2025,12:26:31.935,19.032,25.217,17.687,3.055,250.0,250.0,80.481,24.113,8.829,75.509,52.057,32.272,19.785,31.883,7.171,0.725,6.446,6.454,0.000,0.000,0.000,0.000,30.0,
17.11.2025,12:26:32.937,20.391,25.843,18.372,3.036,250.0,250.0,83.163,31.385,8.821,75.745,52.215,32.375,19.840,31.986,43.146,5.639,37.507,6.573,0.000,0.000,0.000,0.000,30.0,
17.11.2025,12:26:33.936,17.672,26.621,19.178,3.001,250.0,250.0,80.264,24.048,8.821,75.236,51.887,32.172,19.715,31.783,7.193,0.730,6.463,6.480,0.000,0.000,0.000,0.000,30.0,
17.11.2025,12:26:34.936,21.750,24.963,17.493,3.028,250.0,250.0,82.842,29.624,8.857,52.734,38.102,23.631,14.471,23.339,7.540,0.763,6.777,120.027,0.000,0.000,0.000,0.000,30.0,
17.11.2025,12:26:35.935,19.032,23.803,16.333,3.026,250.0,250.0,80.700,24.160,8.918,75.437,52.068,32.281,19.787,31.892,7.333,0.777,6.556,6.556,0.000,0.000,2.125,0.000,30.0,
17.11.2025,12:26:36.936,17.672,26.781,19.305,3.053,250.0,250.0,81.133,22.792,8.897,70.338,48.954,30.356,18.598,29.991,7.171,0.725,6.446,6.446,0.000,0.000,0.000,0.000,30.0,
17.11.2025,12:26:37.937,16.313,25.390,17.895,3.043,250.0,250.0,83.183,24.324,8.942,76.130,52.519,32.569,19.950,32.180,7.223,0.743,6.480,6.505,0.000,0.000,0.000,0.000,30.0,
17.11.2025,12:26:38.937,23.110,26.468,18.999,3.051,250.0,250.0,84.439,47.789,8.944,75.375,52.056,32.272,19.784,31.883,125.414,34.747,90.667,6.743,0.000,0.000,0.000,0.000,30.0,
17.11.2025,12:26:39.936,16.313,27.292,19.767,3.071,250.0,250.0,80.812,24.512,8.937,76.879,52.982,32.858,20.124,32.457,7.212,0.741,6.471,6.463,0.000,0.000,0.000,0.000,30.0,
17.11.2025,12:26:40.929,14.953,25.186,17.691,3.079,250.0,250.0,84.136,25.637,8.819,61.276,43.298,26.854,16.444,26.526,7.676,0.984,6.692,57.802,0.000,0.000,0.000,0.000,30.0,
17.11.2025,12:26:41.936,13.594,25.849,18.340,3.054,250.0,250.0,79.858,23.869,8.834,74.354,51.345,31.836,19.509,31.459,7.405,0.803,6.602,6.539,0.000,0.000,0.000,0.000,30.0,
17.11.2025,12:26:42.936,24.469,24.872,17.309,3.099,250.0,250.0,79.928,23.608,8.809,73.575,50.841,31.520,19.321,31.143,7.193,0.730,6.463,6.480,0.000,0.000,0.000,0.000,30.0,
17.11.2025,12:26:43.935,16.313,24.922,17.475,3.054,250.0,250.0,82.171,71.231,8.867,73.960,51.136,31.712,19.424,31.323,7.581,0.907,6.674,480.723,0.000,0.000,0.375,0.000,30.0,
17.11.2025,12:26:44.937,16.313,26.746,19.231,3.054,250.0,250.0,81.320,31.627,8.879,76.431,52.657,32.646,20.011,32.257,43.408,5.677,37.731,6.573,0.000,0.000,0.000,0.000,30.0,
17.11.2025,12:26:45.936,13.594,26.319,18.783,3.082,250.0,250.0,80.250,24.204,8.880,75.773,52.263,32.403,19.860,32.014,7.192,0.738,6.454,6.463,0.000,0.000,0.000,0.000,30.0,
17.11.2025,12:26:46.936,13.594,25.522,18.043,3.087,250.0,250.0,84.382,24.066,8.980,75.018,51.857,32.148,19.709,31.759,7.337,0.820,6.517,6.514,0.000,0.000,0.000,0.000,30.0,
17.11.2025,12:26:47.936,19.032,25.792,18.281,3.056,250.0,250.0,80.536,23.527,8.943,73.142,50.680,31.419,19.261,31.042,7.170,0.724,6.446,6.446,0.000,0.000,0.000,0.000,30.0,
17.11.2025,12:26:48.937,10.875,24.049,16.547,3.064,250.0,250.0,83.310,24.223,8.857,75.744,52.232,32.382,19.850,31.993,7.333,0.824,6.509,6.505,0.000,0.000,1.500,2.375,30.0,
17.11.2025,12:26:49.934,25.829,26.737,19.221,3.073,250.0,250.0,83.269,21.454,8.858,65.105,45.691,28.340,17.351,27.999,7.355,0.866,6.489,6.489,0.000,0.000,0.000,0.000,30.0,
17.11.2025,12:26:50.944,19.032,26.428,18.955,3.054,250.0,250.0,80.777,24.358,8.843,76.279,52.563,32.591,19.972,32.202,7.313,0.805,6.508,6.505,0.000,0.000,0.000,0.000,30.0,
17.11.2025,12:26:51.948,14.953,25.204,17.711,3.068,250.0,250.0,83.956,36.973,8.866,73.777,51.021,31.636,19.385,31.247,73.555,13.649,59.906,6.683,0.000,0.000,0.000,0.000,30.0,
17.11.2025,12:26:52.946,33.985,25.046,17.534,3.050,250.0,250.0,80.929,24.123,8.928,75.392,52.061,32.284,19.777,31.883,7.211,0.731,6.480,6.480,0.000,0.000,0.000,0.000,30.0,
17.11.2025,12:26:53.959,23.110,28.855,21.288,3.110,250.0,250.0,84.362,32.476,8.883,60.451,42.850,26.574,16.276,26.246,17.397,4.483,12.914,108.686,0.000,0.000,0.000,0.000,30.0,
17.11.2025,12:26:54.945,23.110,25.266,17.781,3.057,250.0,250.0,80.683,24.443,8.831,76.691,52.787,32.737,20.050,32.336,7.260,0.780,6.480,6.480,0.000,0.000,0.000,0.000,30.0,
17.11.2025,12:26:55.952,13.594,25.869,18.388,3.048,250.0,250.0,84.406,24.048,8.828,75.120,51.807,32.129,19.678,31.740,7.324,0.791,6.533,6.530,0.000,0.000,0.000,0.000,30.0,
17.11.2025,12:26:56.951,28.547,25.748,18.260,3.036,250.0,250.0,80.452,23.999,8.804,75.043,51.751,32.095,19.656,31.707,7.224,0.760,6.464,6.480,0.000,0.000,0.000,0.000,30.0,
17.11.2025,12:26:57.949,29.907,26.892,19.454,3.026,250.0,250.0,83.842,47.956,8.820,75.811,52.267,32.409,19.858,32.020,125.760,34.679,91.081,6.853,0.000,0.000,0.000,0.000,30.0,
17.11.2025,12:26:58.947,16.313,25.596,18.081,3.069,250.0,250.0,80.396,24.053,8.913,75.136,51.878,32.172,19.706,31.783,7.242,0.779,6.463,6.463,0.000,0.000,0.000,0.000,30.0,
17.11.2025,12:26:59.946,17.672,25.941,18.446,3.057,250.0,250.0,84.216,24.125,8.928,75.343,52.025,32.261,19.764,31.872,7.285,0.785,6.500,6.489,0.000,0.000,0.000,0.000,30.0,
17.11.2025,12:27:0.950,24.469,26.571,19.073,3.080,250.0,250.0,84.053,75.429,9.013,74.000,51.254,31.779,19.475,31.390,72.104,26.468,45.636,393.174,0.000,0.000,0.000,0.000,30.0,
17.11.2025,12:27:1.956,17.672,27.247,19.722,3.061,250.0,250.0,80.610,23.643,9.014,73.479,50.922,31.577,19.345,31.200,7.205,0.734,6.471,6.480,0.000,0.000,0.000,0.000,30.0,
17.11.2025,12:27:2.955,16.313,26.437,18.960,3.084,250.0,250.0,83.608,81.597,8.904,75.339,52.006,32.251,19.755,31.862,60.757,22.625,38.132,474.339,0.000,0.000,0.000,0.000,30.0,
17.11.2025,12:27:3.954,19.032,25.347,17.861,3.037,250.0,250.0,80.482,35.316,8.960,118.131,78.374,48.595,29.779,48.013,7.372,0.849,6.523,6.565,0.000,0.000,0.000,0.000,30.0,
17.11.2025,12:27:4.953,17.672,26.888,19.397,3.064,250.0,250.0,80.328,24.082,8.884,74.981,51.783,32.106,19.677,31.717,7.606,0.769,6.837,6.463,0.000,0.000,0.000,0.250,30.0,
17.11.2025,12:27:5.953,19.032,27.950,20.458,3.053,250.0,250.0,84.461,25.949,8.919,73.889,51.129,31.706,19.423,31.317,18.273,2.553,15.720,6.556,0.000,0.000,0.000,0.000,30.0,
17.11.2025,12:27:6.949,19.032,26.305,18.811,3.063,250.0,250.0,81.845,32.701,8.908,73.422,50.843,31.528,19.315,31.139,7.191,0.728,6.463,97.474,0.000,0.000,0.000,0.000,30.0,
17.11.2025,12:27:7.959,13.594,25.781,18.308,3.061,250.0,250.0,81.971,36.182,8.882,74.078,51.204,31.754,19.450,31.377,69.259,12.200,57.059,6.556,0.000,0.000,0.000,0.000,30.0,
17.11.2025,12:27:8.956,17.672,26.843,19.305,3.057,250.0,250.0,84.467,32.492,8.894,65.573,45.981,28.518,17.463,28.178,13.060,2.838,10.222,104.189,0.000,0.000,0.000,0.000,30.0,
17.11.2025,12:27:9.955,21.750,28.524,21.052,3.078,250.0,250.0,80.467,24.063,8.953,75.155,51.902,32.191,19.711,31.802,7.217,0.737,6.480,6.480,0.000,0.000,0.000,0.000,30.0,
17.11.2025,12:27:10.950,24.469,27.075,19.538,3.067,250.0,250.0,83.455,23.968,8.943,74.691,51.645,32.018,19.627,31.629,7.313,0.804,6.509,6.505,0.000,0.000,0.000,0.000,30.0,
17.11.2025,12:27:11.949,25.829,27.572,20.080,3.055,250.0,250.0,83.889,23.594,8.867,73.187,50.631,31.389,19.242,31.012,7.524,0.909,6.615,6.565,0.000,0.000,0.000,0.000,30.0,
17.11.2025,12:27:12.947,10.875,27.205,19.719,3.040,250.0,250.0,82.998,23.835,8.833,74.422,51.386,31.867,19.519,31.478,7.191,0.728,6.463,6.463,0.000,0.000,0.000,0.000,30.0,
17.11.2025,12:27:13.945,21.750,25.933,18.395,3.076,250.0,250.0,80.504,24.152,8.895,75.389,52.044,32.280,19.764,31.891,7.353,0.806,6.547,6.547,0.000,0.000,0.000,0.000,30.0,
17.11.2025,12:27:14.958,17.672,25.573,18.081,3.075,250.0,250.0,83.152,24.130,8.969,75.340,52.045,32.273,19.772,31.884,7.278,0.781,6.497,6.463,0.000,0.000,0.000,0.000,30.0,
17.11.2025,12:27:15.957,19.032,25.029,17.548,3.041,250.0,250.0,80.626,47.710,8.918,74.935,51.755,32.088,19.667,31.699,125.694,34.977,90.717,6.650,0.000,0.000,0.000,0.000,30.0,
17.11.2025,12:27:16.957,12.235,27.834,20.332,3.065,250.0,250.0,80.141,24.332,9.052,76.030,52.536,32.580,19.956,32.178,7.252,0.781,6.471,6.480,0.000,0.000,0.000,0.000,30.0,
17.11.2025,12:27:17.959,12.235,27.853,20.340,3.093,250.0,250.0,84.079,47.665,8.908,74.774,51.640,32.020,19.620,31.643,125.665,34.776,90.889,6.718,0.001,0.000,0.000,0.000,30.0,
17.11.2025,12:27:18.955,19.032,26.909,19.308,3.109,250.0,250.0,76.613,22.743,8.860,70.190,48.815,30.264,18.551,29.899,7.192,0.729,6.463,6.463,0.000,0.000,0.000,0.000,30.0,
17.11.2025,12:27:19.954,16.313,25.524,18.058,3.056,250.0,250.0,78.077,22.586,8.943,69.532,48.462,30.045,18.417,29.680,7.170,0.724,6.446,6.446,0.000,0.000,0.000,0.000,30.0,
17.11.2025,12:27:20.958,20.391,26.658,19.194,3.034,250.0,250.0,81.739,43.133,8.966,69.349,48.360,29.994,18.366,29.629,109.969,32.423,77.546,6.726,0.000,0.000,0.000,0.000,30.0,
17.11.2025,12:27:21.959,21.750,25.761,18.254,3.050,250.0,250.0,77.992,22.496,8.966,69.125,48.215,29.897,18.318,29.544,7.218,0.738,6.480,6.463,0.000,0.000,0.000,0.000,30.0,
17.11.2025,12:27:22.960,14.953,24.882,17.442,2.988,250.0,250.0,76.687,22.439,8.994,53.090,38.371,23.797,14.574,23.505,7.218,0.729,6.489,47.619,0.000,0.000,0.000,0.000,30.0,
17.11.2025,12:27:23.960,19.032,23.859,16.503,2.952,250.0,250.0,72.487,22.513,9.048,69.106,48.257,29.922,18.335,29.557,7.232,0.767,6.465,6.446,0.000,0.000,0.000,0.000,30.0,
17.11.2025,12:27:24.963,17.672,25.077,17.725,2.974,250.0,250.0,74.902,22.427,9.004,68.874,48.090,29.817,18.273,29.464,7.151,0.722,6.429,6.446,0.000,0.000,0.000,0.000,30.0,
17.11.2025,12:27:25.967,4.078,23.408,16.018,2.968,250.0,250.0,65.616,13.400,8.892,34.387,26.845,16.647,10.198,16.451,7.113,0.719,6.394,6.352,0.000,0.000,0.000,0.000,30.0,
17.11.2025,12:27:26.967,23.110,26.760,19.137,3.133,250.0,250.0,73.180,24.052,8.890,75.173,51.896,32.175,19.721,31.787,7.211,0.765,6.446,6.454,0.000,0.000,0.000,0.000,30.0,
17.11.2025,12:27:27.969,19.032,26.620,19.134,3.069,250.0,250.0,83.081,24.816,8.891,46.114,34.032,21.097,12.935,20.841,21.510,5.661,15.849,61.234,0.000,0.000,0.000,0.000,30.0,
17.11.2025,12:27:28.968,23.110,25.164,17.667,3.049,250.0,250.0,80.492,24.303,8.923,76.047,52.466,32.533,19.933,32.132,7.264,0.801,6.463,6.463,0.000,0.000,0.000,0.000,30.0,
17.11.2025,12:27:29.960,19.032,27.860,20.378,3.022,250.0,250.0,81.653,68.628,8.933,65.576,46.022,28.540,17.482,28.188,33.604,10.692,22.912,424.330,0.000,0.000,0.000,0.000,30.0,
17.11.2025,12:27:30.982,13.594,32.389,24.482,3.450,250.0,250.0,81.517,24.223,8.954,75.597,52.187,32.365,19.822,31.976,7.397,0.821,6.576,6.530,0.000,0.000,0.000,0.000,30.0,
17.11.2025,12:27:31.982,32.625,29.501,21.700,3.293,250.0,250.0,80.225,24.086,8.955,75.210,51.953,32.220,19.733,31.831,7.249,0.785,6.464,6.463,0.000,0.000,0.000,0.000,30.0,
17.11.2025,12:27:32.980,20.391,27.699,20.216,3.041,250.0,250.0,83.877,47.933,8.924,76.977,53.048,32.892,20.156,32.491,124.132,34.338,89.794,6.582,0.000,0.000,1.625,0.000,30.0,
17.11.2025,12:27:33.978,21.750,25.363,17.863,3.020,250.0,250.0,80.585,24.240,8.922,75.805,52.298,32.430,19.868,32.041,7.276,0.795,6.481,6.480,0.000,0.000,0.000,0.000,30.0,
17.11.2025,12:27:34.981,21.750,26.671,19.200,3.021,250.0,250.0,84.189,88.116,8.878,69.673,48.513,30.076,18.437,29.711,102.539,31.612,70.927,470.791,0.000,0.000,0.000,0.000,30.0,
17.11.2025,12:27:35.976,13.594,27.392,19.899,3.049,250.0,250.0,79.583,23.999,8.817,74.948,51.725,32.068,19.657,31.679,7.297,0.789,6.508,6.505,0.000,0.000,0.000,0.625,30.0,
17.11.2025,12:27:36.983,10.875,27.496,20.063,3.020,250.0,250.0,80.238,23.898,8.882,74.622,51.541,31.965,19.576,31.576,7.182,0.728,6.454,6.454,0.001,0.000,0.000,0.000,30.0,
17.11.2025,12:27:37.983,9.516,27.199,19.710,3.045,250.0,250.0,83.971,23.898,8.892,74.944,51.749,32.093,19.656,31.704,7.324,0.791,6.533,6.530,0.000,0.000,0.000,0.000,30.0,
17.11.2025,12:27:38.983,12.235,24.530,17.071,3.039,250.0,250.0,83.971,24.022,8.892,74.944,51.749,32.093,19.656,31.704,7.324,0.791,6.533,6.530,0.000,0.000,0.000,0.000,30.0,
17.11.2025,12:27:39.985,12.235,27.303,19.825,3.042,250.0,250.0,81.153,24.308,8.854,76.163,52.461,32.536,19.925,32.148,7.263,0.775,6.488,6.463,0.000,0.000,0.000,0.000,30.0,
17.11.2025,12:27:40.976,21.750,24.571,17.052,3.056,250.0,250.0,84.090,41.875,8.863,71.690,49.709,30.819,18.890,30.455,100.703,31.338,69.365,6.922,0.000,0.000,0.000,0.000,30.0,
17.11.2025,12:27:41.995,21.750,27.594,20.057,3.050,250.0,250.0,80.396,24.050,8.830,75.225,51.889,32.178,19.711,31.789,7.197,0.734,6.463,6.480,0.000,0.000,0.000,0.000,30.0,
17.11.2025,12:27:42.999,14.953,25.905,18.418,3.052,250.0,250.0,84.280,47.752,8.845,75.154,51.846,32.145,19.701,31.756,125.672,34.783,90.889,6.726,0.000,0.000,1.125,0.000,30.0,
17.11.2025,12:27:43.999,19.032,26.473,18.972,3.058,250.0,250.0,80.749,24.319,8.946,76.039,52.457,32.527,19.930,32.138,7.301,0.792,6.509,6.547,0.000,0.000,0.000,0.000,30.0,
17.11.2025,12:27:44.992,17.672,25.632,18.099,3.077,250.0,250.0,80.572,24.360,8.908,76.367,52.640,32.641,19.999,32.240,7.170,0.724,6.446,6.463,0.000,0.000,0.000,0.000,30.0,
17.11.2025,12:27:45.999,29.907,26.457,18.973,3.044,250.0,250.0,81.200,23.839,8.891,74.266,51.329,31.825,19.504,31.436,7.302,0.818,6.484,6.530,0.000,0.000,0.000,0.000,30.0,
17.11.2025,12:27:46.994,12.235,26.145,18.672,3.057,250.0,250.0,82.786,16.816,8.970,47.057,34.695,21.507,13.188,21.251,7.525,0.765,6.760,6.446,0.000,0.000,0.000,0.000,30.0,
17.11.2025,12:27:47.993,10.875,26.318,18.849,3.050,250.0,250.0,80.652,25.913,8.907,76.057,52.474,32.542,19.932,32.141,15.245,2.049,13.196,6.590,0.001,0.000,0.000,0.000,30.0,
17.11.2025,12:27:48.993,9.516,26.275,18.746,3.051,250.0,250.0,80.401,23.961,9.014,74.730,51.688,32.048,19.640,31.659,7.191,0.728,6.463,6.446,0.000,0.000,0.000,0.000,30.0,
17.11.2025,12:27:49.999,28.547,26.443,18.955,3.069,250.0,250.0,82.746,24.169,8.898,75.523,52.103,32.308,19.795,31.919,7.308,0.800,6.508,6.530,0.000,0.000,0.000,0.000,30.0,
17.11.2025,12:27:50.992,13.594,26.643,19.165,3.039,250.0,250.0,80.731,23.937,8.910,74.724,51.638,32.017,19.621,31.640,7.183,0.729,6.454,6.454,0.000,0.000,0.000,0.000,30.0,
17.11.2025,12:27:51.999,13.594,25.268,17.761,3.067,250.0,250.0,81.183,24.043,8.960,74.917,51.778,32.106,19.672,31.728,7.356,0.796,6.560,6.556,0.000,0.000,0.000,0.000,30.0,
17.11.2025,12:27:52.999,19.032,23.997,16.525,3.060,250.0,250.0,82.742,24.157,8.919,75.520,52.103,32.317,19.786,31.928,7.260,0.780,6.480,6.480,0.000,0.000,0.000,0.000,30.0,
17.11.2025,12:27:53.998,19.032,25.289,17.747,3.044,250.0,250.0,82.431,47.076,8.881,72.671,50.334,31.214,19.120,30.838,125.538,34.719,90.819,6.624,0.000,0.000,0.000,0.000,30.0,
17.11.2025,12:27:54.999,19.032,27.829,20.339,3.045,250.0,250.0,79.962,24.160,8.928,75.455,52.092,32.293,19.799,31.905,7.309,0.791,6.518,6.514,0.000,0.000,1.125,0.000,30.0,
17.11.2025,12:27:55.999,12.235,27.955,20.456,3.065,250.0,250.0,80.974,24.331,9.036,76.110,52.561,32.589,19.972,32.200,7.191,0.728,6.463,6.463,0.000,0.000,0.000,0.000,30.0,
17.11.2025,12:27:56.999,16.313,26.777,19.292,3.043,250.0,250.0,82.843,39.326,8.943,72.868,50.511,31.318,19.193,30.941,86.361,29.533,56.828,6.769,0.000,0.000,0.000,2.375,30.0,
17.11.2025,12:27:58.000,20.391,26.731,19.270,3.055,250.0,250.0,79.788,24.165,8.896,75.342,51.998,32.242,19.756,31.853,7.507,0.872,6.635,6.547,0.001,0.000,0.000,0.000,30.0,
17.11.2025,12:27:58.999,12.235,25.925,18.413,3.049,250.0,250.0,82.148,23.485,8.830,73.090,50.570,31.360,19.210,30.971,7.183,0.729,6.454,6.454,0.000,0.000,0.000,0.000,30.0,
17.11.2025,12:27:59.999,24.469,28.326,20.816,3.056,250.0,250.0,79.773,28.301,8.935,76.450,52.719,32.685,20.034,32.296,26.653,3.592,23.061,6.582,0.000,0.000,0.000,0.000,30.0,
17.11.2025,12:28:0.998,13.594,27.029,19.554,3.066,250.0,250.0,80.369,24.266,8.979,75.880,52.373,32.476,19.897,32.087,7.245,0.765,6.480,6.480,0.000,0.000,0.000,0.000,30.0,
17.11.2025,12:28:1.997,20.391,26.820,19.291,3.050,250.0,250.0,84.003,19.116,8.957,55.926,40.120,24.878,15.242,24.586,7.399,0.749,6.650,6.650,0.000,0.000,0.000,0.000,30.0,
17.11.2025,12:28:2.998,17.672,28.101,20.626,3.055,250.0,250.0,80.378,40.671,9.064,74.591,51.636,32.025,19.611,31.635,90.778,20.207,70.571,6.590,0.000,0.000,0.000,0.000,30.0,
17.11.2025,12:28:3.993,10.875,27.255,19.699,3.092,250.0,250.0,80.251,23.811,8.955,74.177,51.320,31.818,19.502,31.441,7.210,0.739,6.471,6.480,0.000,0.000,0.000,0.000,30.0,
17.11.2025,12:28:4.999,19.032,25.504,17.989,3.070,250.0,250.0,83.366,35.626,8.943,54.502,39.224,24.318,14.906,24.026,7.443,0.760,6.683,175.459,0.000,0.000,0.000,0.000,30.0,
17.11.2025,12:28:5.995,17.672,26.932,19.455,3.071,250.0,250.0,80.482,25.605,8.882,76.890,52.962,32.840,20.122,32.439,12.678,1.604,11.074,6.556,0.000,0.000,0.000,0.000,30.0,
17.11.2025,12:28:6.999,24.469,26.903,19.336,3.105,250.0,250.0,82.621,24.214,9.027,75.638,52.252,32.404,19.848,32.003,7.245,0.787,6.458,6.480,0.000,0.000,0.000,0.000,30.0,
17.11.2025,12:28:7.993,24.469,26.903,19.336,3.105,250.0,250.0,82.106,19.822,9.054,58.552,41.812,25.933,15.879,25.616,7.464,0.755,6.709,6.446,0.000,0.000,0.000,0.000,30.0,
17.11.2025,12:28:8.999,20.391,28.421,20.861,3.102,250.0,250.0,80.739,41.998,9.255,74.287,51.582,31.988,19.594,31.599,97.540,23.899,73.641,6.590,0.000,0.000,0.000,0.000,30.0,
17.11.2025,12:28:9.999,20.391,26.061,18.521,3.076,250.0,250.0,80.809,24.394,9.366,75.939,52.660,32.654,20.006,32.265,7.284,0.794,6.490,6.480,0.000,0.000,0.000,0.000,30.0,
17.11.2025,12:28:10.998,19.032,26.553,19.060,3.081,250.0,250.0,84.579,23.215,9.299,71.570,49.942,30.966,18.976,30.600,7.175,0.729,6.446,6.446,0.000,0.000,0.000,0.000,30.0,
17.11.2025,12:28:11.999,16.313,25.276,17.741,3.068,250.0,250.0,80.682,33.731,9.039,75.775,52.373,32.475,19.898,32.086,54.531,7.625,46.906,6.598,0.000,0.000,0.000,0.000,30.0,
17.11.2025,12:28:12.999,13.594,26.613,19.185,3.040,250.0,250.0,80.206,24.197,8.991,75.576,52.216,32.371,19.845,31.982,7.245,0.748,6.497,6.497,0.000,0.000,0.000,0.000,30.0,
17.11.2025,12:28:13.998,19.032,29.375,21.828,3.082,250.0,250.0,83.741,22.261,8.912,68.266,47.689,29.573,18.116,29.207,7.192,0.729,6.463,6.463,0.000,0.000,0.000,0.000,30.0,
17.11.2025,12:28:14.999,19.032,25.991,18.473,3.068,250.0,250.0,80.383,23.542,8.955,73.059,50.631,31.395,19.236,31.018,7.291,0.744,6.547,6.547,0.000,0.000,0.000,0.000,30.0,
17.11.2025,12:28:15.998,19.032,27.333,19.824,3.100,250.0,250.0,83.534,24.284,8.996,75.959,52.452,32.527,19.925,32.125,7.196,0.733,6.463,6.463,0.000,0.000,0.000,0.000,30.0,
17.11.2025,12:28:16.992,20.391,27.480,19.915,3.071,250.0,250.0,83.893,45.777,8.982,73.244,50.780,31.493,19.287,31.116,117.927,33.723,84.204,7.010,0.000,0.000,0.000,0.000,30.0,
17.11.2025,12:28:17.998,19.032,26.378,18.898,3.073,250.0,250.0,80.685,23.949,8.910,74.683,51.603,31.998,19.605,31.621,7.268,0.738,6.530,6.530,0.000,0.000,0.000,0.000,30.0,
17.11.2025,12:28:19.002,19.032,26.482,18.943,3.095,250.0,250.0,80.355,24.275,8.946,75.980,52.434,32.511,19.923,32.122,7.189,0.735,6.454,6.454,0.000,0.000,0.000,0.000,30.0,
17.11.2025,12:28:19.991,25.829,26.967,19.470,3.071,250.0,250.0,84.022,47.667,8.970,74.645,51.618,32.004,19.614,31.615,125.705,34.849,90.856,6.794,0.000,0.000,0.000,0.000,30.0,
17.11.2025,12:28:20.998,20.391,28.970,21.438,3.038,250.0,250.0,77.145,22.577,8.849,69.478,48.390,30.000,18.390,29.635,7.247,0.742,6.505,6.530,0.000,0.000,0.000,0.000,30.0,
17.11.2025,12:28:21.999,21.750,25.912,18.396,3.053,250.0,250.0,79.163,22.723,8.892,70.063,48.763,30.238,18.525,29.874,7.206,0.735,6.471,6.463,0.000,0.000,0.000,0.000,30.0,
17.11.2025,12:28:22.998,14.953,24.933,17.509,3.015,250.0,250.0,78.515,22.789,9.003,70.236,48.935,30.336,18.599,29.971,7.182,0.728,6.454,6.446,0.000,0.000,0.000,1.125,30.0,
17.11.2025,12:28:23.996,19.032,24.485,17.006,3.050,250.0,250.0,82.432,22.738,8.990,69.933,48.741,30.215,18.526,29.850,7.313,0.740,6.573,6.497,0.000,0.000,0.000,0.000,30.0,
17.11.2025,12:28:24.999,21.750,25.832,18.319,3.064,250.0,250.0,78.775,32.703,8.987,67.184,47.030,29.157,17.873,28.804,60.591,22.669,37.922,6.811,0.000,0.000,0.000,0.000,30.0,
17.11.2025,12:28:25.999,20.391,24.445,16.966,3.046,250.0,250.0,72.020,22.902,8.943,70.351,48.965,30.365,18.600,30.000,7.679,0.775,6.904,6.438,0.000,0.000,0.000,0.000,30.0,
17.11.2025,12:28:26.999,17.672,26.067,18.646,3.006,250.0,250.0,72.419,22.720,8.868,70.131,48.795,30.248,18.547,29.883,7.144,0.724,6.420,6.438,0.000,0.000,0.000,0.000,30.0,
17.11.2025,12:28:27.999,13.594,23.903,16.453,3.031,250.0,250.0,73.105,13.551,8.893,34.896,27.161,16.841,10.320,16.634,7.192,0.746,6.446,6.378,0.000,0.000,0.000,0.000,30.0,
17.11.2025,12:28:28.993,23.110,25.616,18.071,3.134,250.0,250.0,68.521,24.267,9.028,75.880,52.427,32.514,19.913,32.125,7.162,0.724,6.438,6.454,0.000,0.000,0.000,0.000,30.0,
17.11.2025,12:28:29.999,17.672,26.417,18.913,3.075,250.0,250.0,84.449,24.699,8.906,77.396,53.283,33.038,20.245,32.649,7.456,0.823,6.633,6.556,0.000,0.000,0.000,1.000,30.0,
17.11.2025,12:28:31.000,21.750,28.572,21.022,3.069,250.0,250.0,80.529,24.426,8.942,76.577,52.799,32.740,20.059,32.339,7.171,0.725,6.446,6.463,0.000,0.000,0.000,0.000,30.0,
17.11.2025,12:28:31.999,14.953,24.738,17.221,3.070,250.0,250.0,81.144,24.335,8.966,76.211,52.595,32.608,19.987,32.219,7.162,0.724,6.438,6.438,0.000,0.000,2.250,0.000,30.0,
17.11.2025,12:28:32.999,23.110,32.231,24.077,3.643,250.0,250.0,82.770,45.953,8.953,74.384,51.447,31.899,19.548,31.510,117.604,33.618,83.986,6.582,0.000,0.000,0.000,0.000,30.0,
17.11.2025,12:28:33.999,19.032,26.907,19.153,3.287,250.0,250.0,80.492,47.631,8.966,74.803,51.706,32.064,19.642,31.675,125.425,34.604,90.821,6.607,0.000,0.000,0.000,0.000,30.0,
17.11.2025,12:28:34.998,9.516,24.412,16.875,3.104,250.0,250.0,80.629,24.156,8.895,75.607,52.160,32.346,19.814,31.957,7.170,0.724,6.446,6.446,0.000,0.000,0.000,0.000,30.0,
17.11.2025,12:28:35.992,17.672,27.106,19.530,3.131,250.0,250.0,83.448,24.957,8.938,66.960,46.872,29.059,17.813,28.707,22.070,5.754,16.316,7.082,0.000,0.000,0.000,0.000,30.0,
17.11.2025,12:28:36.999,19.032,26.843,19.302,3.083,250.0,250.0,80.694,24.129,8.893,75.441,52.073,32.292,19.781,31.890,7.222,0.742,6.480,6.480,0.000,0.000,0.000,0.000,30.0,
17.11.2025,12:28:37.998,17.672,26.874,19.317,3.130,250.0,250.0,83.974,15.681,8.898,42.531,31.866,19.759,12.107,19.515,7.634,0.772,6.862,6.862,0.000,0.000,0.000,0.000,30.0,
17.11.2025,12:28:38.999,17.672,26.244,18.750,3.071,250.0,250.0,80.026,26.961,8.932,74.974,51.808,32.131,19.677,31.742,21.910,2.899,19.011,6.522,0.000,0.000,2.125,0.000,30.0,
17.11.2025,12:28:39.999,23.110,24.639,17.102,3.107,250.0,250.0,80.373,24.168,8.944,75.555,52.176,32.352,19.824,31.963,7.201,0.738,6.463,6.463,0.000,0.000,0.000,0.000,30.0,
17.11.2025,12:28:40.999,14.953,27.365,19.858,3.079,250.0,250.0,83.912,29.568,8.950,48.634,35.615,22.083,13.532,21.827,7.473,0.755,6.718,130.090,0.000,0.000,0.000,0.000,30.0,
17.11.2025,12:28:41.999,21.750,25.655,18.174,3.053,250.0,250.0,80.355,24.631,9.016,77.189,53.221,33.000,20.221,32.599,7.268,0.738,6.530,6.530,0.000,0.000,0.000,0.000,30.0,
17.11.2025,12:28:42.998,10.875,26.462,18.968,3.051,250.0,250.0,80.339,24.158,8.893,75.595,52.159,32.345,19.814,31.956,7.183,0.729,6.454,6.454,0.000,0.000,0.000,0.000,30.0,
17.11.2025,12:28:43.999,12.235,26.178,18.684,3.039,250.0,250.0,83.533,46.082,8.869,74.840,51.689,32.044,19.645,31.655,117.703,33.735,83.968,6.674,0.000,0.000,0.000,0.000,30.0,
17.11.2025,12:28:44.998,10.875,27.439,19.908,3.051,250.0,250.0,79.933,23.923,8.896,74.686,51.593,31.997,19.596,31.608,7.193,0.730,6.463,6.463,0.000,0.000,0.000,0.000,30.0,
17.11.2025,12:28:46.002,12.235,28.112,20.651,3.042,250.0,250.0,82.896,39.735,8.854,72.557,50.255,31.162,19.093,30.785,88.948,29.847,59.101,6.751,0.000,0.000,0.000,0.000,30.0,
17.11.2025,12:28:46.999,9.516,26.676,19.193,3.024,250.0,250.0,80.335,24.015,8.868,75.000,51.783,32.103,19.680,31.714,7.251,0.746,6.505,6.505,0.000,0.000,0.000,0.000,30.0,
17.11.2025,12:28:47.991,14.953,25.152,17.658,3.043,250.0,250.0,80.426,23.945,8.852,74.834,51.658,32.037,19.621,31.648,7.170,0.724,6.446,6.463,0.000,0.000,0.000,0.000,30.0,
17.11.2025,12:28:48.998,31.266,26.269,18.784,3.048,250.0,250.0,83.090,17.787,8.805,51.102,37.090,22.992,14.098,22.712,7.310,0.738,6.572,6.454,0.000,0.000,0.000,0.000,30.0,
17.11.2025,12:28:49.997,10.875,26.938,19.473,3.070,250.0,250.0,81.251,36.408,8.878,74.766,51.629,32.017,19.612,31.628,69.453,12.334,57.119,6.642,0.000,0.000,0.000,0.000,30.0,
17.11.2025,12:28:50.998,21.750,30.865,23.267,3.120,250.0,250.0,80.477,24.148,8.857,75.515,52.085,32.289,19.796,31.900,7.286,0.781,6.505,6.463,0.000,0.000,0.000,0.000,30.0,
17.11.2025,12:28:52.000,19.032,27.331,19.843,3.083,250.0,250.0,83.852,30.282,8.893,73.654,50.940,31.590,19.350,31.213,40.121,14.280,25.841,6.938,0.000,0.000,2.125,0.000,30.0,
17.11.2025,12:28:52.992,20.391,25.401,17.867,3.095,250.0,250.0,80.029,23.923,9.001,74.456,51.512,31.935,19.577,31.547,7.316,0.823,6.493,6.565,0.000,0.000,0.000,2.500,30.0,
17.11.2025,12:28:53.999,20.391,25.096,17.546,3.077,250.0,250.0,80.826,23.780,8.941,74.117,51.270,31.797,19.473,31.408,7.170,0.724,6.446,6.454,0.000,0.000,0.000,0.000,30.0,
17.11.2025,12:28:55.001,19.032,25.349,17.926,3.034,250.0,250.0,82.848,26.501,9.046,75.766,52.365,32.471,19.894,32.070,18.241,4.699,13.542,6.913,0.000,0.000,0.000,0.000,30.0,
17.11.2025,12:28:55.999,19.032,26.466,18.926,3.073,250.0,250.0,80.634,30.481,9.016,76.878,53.034,32.883,20.151,32.494,36.886,4.912,31.974,6.582,0.000,0.000,0.000,0.000,30.0,
17.11.2025,12:28:56.999,20.391,26.224,18.742,3.050,250.0,250.0,83.715,21.433,8.930,64.756,45.531,28.236,17.295,27.895,7.622,0.769,6.853,6.446,0.000,0.000,0.000,0.000,30.0,
17.11.2025,12:28:57.999,13.594,26.568,19.100,3.051,250.0,250.0,80.308,45.994,8.905,74.627,51.562,31.980,19.582,31.591,117.481,33.547,83.934,6.726,0.000,0.000,0.000,0.000,30.0,
17.11.2025,12:28:58.993,12.235,27.307,19.740,3.075,250.0,250.0,80.184,23.853,8.881,74.373,51.393,31.871,19.522,31.482,7.263,0.783,6.480,6.480,0.000,0.000,0.000,0.000,30.0,
17.11.2025,12:28:59.996,17.672,26.487,18.978,3.080,250.0,250.0,84.454,40.977,8.844,75.071,51.811,32.130,19.681,31.741,91.928,20.891,71.037,6.633,0.000,0.000,0.000,0.000,30.0,
17.11.2025,12:29:0.998,19.032,26.369,18.857,3.058,250.0,250.0,80.191,24.151,8.958,75.373,52.085,32.290,19.795,31.900,7.302,0.794,6.508,6.505,0.000,0.000,0.000,0.000,30.0,
17.11.2025,12:29:1.999,9.516,24.037,16.557,3.068,250.0,250.0,84.552,25.517,8.859,58.461,41.608,25.795,15.813,25.490,33.644,10.603,23.041,11.855,0.000,0.000,0.000,0.000,30.0,
17.11.2025,12:29:2.991,24.469,26.735,19.175,3.080,250.0,250.0,80.973,23.922,8.919,74.557,51.536,31.958,19.578,31.569,7.299,0.791,6.508,6.505,0.000,0.000,0.000,0.000,30.0,
17.11.2025,12:29:3.998,17.672,26.832,19.331,3.097,250.0,250.0,83.954,23.863,8.916,74.455,51.456,31.907,19.549,31.518,7.186,0.732,6.454,6.454,0.000,0.000,0.000,0.000,30.0,
17.11.2025,12:29:4.998,19.032,25.464,17.963,3.048,250.0,250.0,80.003,46.543,8.893,75.322,51.996,32.241,19.755,31.852,119.384,32.643,86.741,6.598,0.001,0.000,0.000,1.250,30.0,
17.11.2025,12:29:5.998,19.032,25.340,17.825,3.056,250.0,250.0,80.269,24.240,8.869,75.859,52.303,32.430,19.873,32.041,7.270,0.787,6.483,6.480,0.000,0.000,0.000,0.000,30.0,
17.11.2025,12:29:6.996,19.032,26.616,19.130,3.037,250.0,250.0,83.948,35.110,8.854,60.269,42.699,26.483,16.216,26.167,52.374,19.019,33.355,65.659,0.000,0.000,0.000,0.000,30.0,
17.11.2025,12:29:7.999,16.313,26.575,19.087,3.092,250.0,250.0,80.273,23.606,8.884,73.355,50.760,31.477,19.283,31.100,7.337,0.803,6.534,6.530,0.000,0.000,0.000,0.000,30.0,
17.11.2025,12:29:8.998,23.110,26.910,19.413,3.056,250.0,250.0,81.766,24.106,8.854,75.397,51.999,32.244,19.755,31.855,7.244,0.780,6.464,6.463,0.000,0.000,0.000,0.000,30.0,
17.11.2025,12:29:9.999,13.594,26.255,18.746,3.057,250.0,250.0,80.427,24.066,8.868,75.107,51.846,32.141,19.705,31.752,7.349,0.798,6.551,6.547,0.000,0.000,0.000,0.000,30.0,
17.11.2025,12:29:10.999,25.829,27.334,19.893,3.023,250.0,250.0,79.616,23.738,8.915,73.863,51.104,31.691,19.413,31.314,7.294,0.793,6.501,6.497,0.000,0.000,0.000,0.000,30.0,
17.11.2025,12:29:11.999,17.672,27.726,20.231,3.049,250.0,250.0,80.527,23.718,8.808,73.964,51.113,31.697,19.416,31.308,7.201,0.730,6.471,6.471,0.000,0.000,0.000,0.000,30.0,
17.11.2025,12:29:13.000,19.032,25.063,17.556,3.058,250.0,250.0,83.745,19.977,8.834,59.404,42.192,26.155,16.037,25.839,7.433,0.750,6.683,6.446,0.000,0.000,0.000,0.000,30.0,
17.11.2025,12:29:13.998,14.953,27.108,19.600,3.073,250.0,250.0,81.035,24.142,8.843,75.359,51.985,32.242,19.743,31.853,7.412,0.820,6.592,6.573,0.000,0.000,0.000,0.000,30.0,
17.11.2025,12:29:14.999,24.469,27.016,19.536,3.067,250.0,250.0,81.893,23.846,8.905,74.400,51.421,31.886,19.535,31.509,7.170,0.724,6.446,6.463,0.000,0.000,0.000,0.000,30.0,
17.11.2025,12:29:15.993,20.391,25.138,17.614,3.055,250.0,250.0,82.585,43.968,8.817,59.667,42.306,26.238,16.068,25.922,27.722,7.829,19.893,205.223,0.000,0.000,0.000,0.000,30.0,
17.11.2025,12:29:17.000,21.750,26.596,19.145,3.037,250.0,250.0,80.531,34.611,8.872,75.065,51.808,32.123,19.685,31.747,60.107,8.764,51.343,6.590,0.000,0.000,0.000,0.000,30.0,
17.11.2025,12:29:17.999,12.235,27.277,19.690,3.097,250.0,250.0,80.531,37.115,8.885,75.726,52.232,32.390,19.842,31.989,71.749,12.898,58.851,6.590,0.000,0.000,0.000,0.000,30.0,
17.11.2025,12:29:18.999,21.750,25.269,17.738,3.092,250.0,250.0,80.303,24.155,8.953,75.357,52.060,32.286,19.774,31.897,7.364,0.837,6.527,6.497,0.000,0.000,0.000,0.000,30.0,
17.11.2025,12:29:19.994,23.110,27.611,20.114,3.067,250.0,250.0,83.358,37.922,8.919,60.730,43.037,26.691,16.346,26.362,24.799,6.397,18.402,147.534,0.000,0.000,0.000,0.000,30.0,
17.11.2025,12:29:20.991,19.032,24.367,16.877,3.074,250.0,250.0,81.481,23.900,8.867,74.249,51.317,31.817,19.500,31.440,7.628,0.918,6.710,6.556,0.000,0.000,0.000,0.000,30.0,
17.11.2025,12:29:21.999,20.391,26.016,18.470,3.065,250.0,250.0,79.699,22.569,8.832,69.483,48.363,29.996,18.367,29.631,7.243,0.738,6.505,6.530,0.000,0.000,0.000,0.000,30.0,
17.11.2025,12:29:22.999,17.672,24.296,16.822,3.045,250.0,250.0,78.388,27.665,8.916,71.439,49.601,30.758,18.843,30.393,30.072,3.550,26.522,6.556,0.000,0.000,0.000,0.000,30.0,
17.11.2025,12:29:23.998,21.750,26.882,19.476,3.012,250.0,250.0,78.321,22.532,9.001,69.221,48.304,29.948,18.356,29.596,7.212,0.741,6.471,6.471,0.000,0.000,0.000,0.000,30.0,
17.11.2025,12:29:24.999,21.750,25.930,18.510,3.004,250.0,250.0,80.926,30.578,8.924,66.350,46.490,28.833,17.657,28.480,48.936,17.719,31.217,11.178,0.000,0.000,0.000,0.000,30.0,
17.11.2025,12:29:25.999,17.672,24.473,17.009,3.026,250.0,250.0,78.893,22.632,8.962,69.529,48.468,30.051,18.417,29.687,7.340,0.750,6.590,6.530,0.000,0.000,0.000,0.000,30.0,
17.11.2025,12:29:26.998,19.032,24.343,16.921,2.995,250.0,250.0,74.784,44.297,8.931,68.772,47.982,29.750,18.232,29.385,116.674,33.346,83.328,6.573,0.001,0.000,0.000,0.000,30.0,
17.11.2025,12:29:27.999,21.750,26.303,18.868,2.982,250.0,250.0,75.096,25.588,8.839,40.924,30.806,19.095,11.711,18.863,7.463,0.754,6.709,110.722,0.000,0.000,0.000,0.000,30.0,
17.11.2025,12:29:28.991,20.391,24.795,17.408,2.983,250.0,250.0,74.751,25.333,8.828,64.663,45.385,28.141,17.244,27.800,17.463,4.359,13.104,26.346,0.000,0.000,0.000,0.000,30.0,
17.11.2025,12:29:29.999,10.875,27.888,20.396,3.077,250.0,250.0,61.058,24.207,8.794,75.970,52.281,32.425,19.856,32.037,7.143,0.723,6.420,6.420,0.000,0.000,0.000,0.000,30.0,
17.11.2025,12:29:31.000,10.875,27.602,20.104,3.052,250.0,250.0,84.215,40.718,8.946,74.777,51.687,32.046,19.641,31.656,90.965,20.357,70.608,6.497,0.000,0.000,0.000,1.250,30.0,
17.11.2025,12:29:31.995,16.313,25.137,17.608,3.066,250.0,250.0,80.612,24.489,9.101,76.638,52.941,32.825,20.116,32.423,7.194,0.731,6.463,6.463,0.000,0.000,0.000,0.000,30.0,
17.11.2025,12:29:32.999,21.750,26.571,18.998,3.157,250.0,250.0,80.672,24.509,8.943,76.890,52.990,32.859,20.131,32.458,7.182,0.728,6.454,6.454,0.000,0.000,0.000,0.000,30.0,
17.11.2025,12:29:34.000,12.235,32.603,24.447,3.598,250.0,250.0,84.765,14.631,8.819,38.538,29.358,18.213,11.145,17.994,7.671,0.775,6.896,6.896,0.000,0.000,0.000,0.000,30.0,
17.11.2025,12:29:34.999,19.032,28.538,21.033,3.076,250.0,250.0,80.242,44.082,8.893,74.384,51.414,31.877,19.537,31.488,108.316,32.420,75.896,6.590,0.000,0.000,0.000,0.000,30.0,
17.11.2025,12:29:35.999,17.672,27.552,20.051,3.035,250.0,250.0,79.784,35.780,8.868,74.561,51.495,31.928,19.567,31.539,66.645,11.522,55.123,6.556,0.000,0.000,0.000,0.000,30.0,
17.11.2025,12:29:36.998,14.953,25.086,17.591,3.051,250.0,250.0,80.531,24.223,8.846,75.836,52.284,32.420,19.864,32.019,7.247,0.782,6.465,6.463,0.000,0.000,0.000,0.000,30.0,
17.11.2025,12:29:37.997,16.313,24.567,17.047,3.041,250.0,250.0,83.590,44.994,8.873,80.020,54.851,34.012,20.839,33.611,105.511,27.817,77.694,6.709,0.000,0.000,0.000,0.000,30.0,
17.11.2025,12:29:38.998,10.875,25.914,18.421,3.067,250.0,250.0,80.739,23.883,8.879,74.493,51.475,31.918,19.557,31.529,7.248,0.782,6.466,6.480,0.000,0.000,0.000,0.000,30.0,
17.11.2025,12:29:39.994,20.391,27.452,19.997,3.036,250.0,250.0,80.739,23.883,8.879,74.493,51.475,31.918,19.557,31.529,7.248,0.782,6.466,6.480,0.000,0.000,0.000,0.000,30.0,
17.11.2025,12:29:40.999,13.594,25.481,18.018,3.051,250.0,250.0,83.766,39.414,9.025,76.235,52.628,32.634,19.994,32.246,82.357,17.410,64.947,6.658,0.000,0.000,0.375,0.000,30.0,
17.11.2025,12:29:41.999,10.875,25.765,18.281,3.036,250.0,250.0,80.548,24.216,8.852,75.747,52.216,32.381,19.835,31.992,7.300,0.820,6.480,6.539,0.000,0.000,0.000,0.000,30.0,
17.11.2025,12:29:42.996,13.594,28.793,21.279,3.054,250.0,250.0,83.830,47.545,8.977,74.368,51.464,31.909,19.555,31.532,125.390,34.733,90.657,6.862,0.000,0.000,0.000,0.000,30.0,
17.11.2025,12:29:43.998,17.672,27.357,19.911,3.036,250.0,250.0,79.892,24.312,8.830,76.089,52.422,32.506,19.916,32.117,7.345,0.811,6.534,6.547,0.000,0.000,0.000,0.000,30.0,
17.11.2025,12:29:44.994,13.594,25.676,18.185,3.041,250.0,250.0,79.883,23.824,8.845,74.348,51.342,31.838,19.504,31.450,7.203,0.740,6.463,6.505,0.000,0.000,0.000,0.000,30.0,
17.11.2025,12:29:45.998,12.235,26.979,19.454,3.095,250.0,250.0,79.524,24.513,8.882,76.903,52.960,32.839,20.121,32.450,7.247,0.799,6.448,6.480,0.000,0.000,0.000,0.000,30.0,
17.11.2025,12:29:46.998,14.953,24.919,17.382,3.085,250.0,250.0,83.460,19.664,8.873,58.093,41.424,25.690,15.734,25.373,7.504,0.812,6.692,6.446,0.000,0.000,0.000,0.000,30.0,
17.11.2025,12:29:47.999,17.672,24.015,16.522,3.086,250.0,250.0,80.043,27.893,8.957,76.308,52.634,32.638,19.996,32.236,24.775,3.287,21.488,6.616,0.000,0.000,0.000,0.000,30.0,
17.11.2025,12:29:48.999,23.110,25.996,18.453,3.077,250.0,250.0,80.353,24.482,8.916,76.732,52.872,32.781,20.091,32.392,7.265,0.794,6.471,6.505,0.000,0.000,0.000,0.000,30.0,
17.11.2025,12:29:49.999,27.188,25.491,17.999,3.065,250.0,250.0,80.708,24.080,8.892,75.289,51.971,32.221,19.750,31.832,7.191,0.728,6.463,6.463,0.000,0.000,0.000,0.000,30.0,
17.11.2025,12:29:50.999,21.750,27.285,19.763,3.074,250.0,250.0,84.310,46.883,8.912,74.783,51.671,32.045,19.626,31.656,121.721,34.094,87.627,6.692,0.000,0.000,0.000,0.000,30.0,
17.11.2025,12:29:51.998,16.313,25.861,18.414,3.072,250.0,250.0,81.607,31.112,8.920,78.013,53.692,33.293,20.399,32.892,38.660,5.043,33.617,6.590,0.000,0.000,0.000,0.000,30.0,
17.11.2025,12:29:52.999,21.750,25.400,17.874,3.076,250.0,250.0,81.252,23.994,8.905,74.901,51.723,32.071,19.652,31.682,7.261,0.780,6.481,6.480,0.000,0.000,0.000,0.000,30.0,
17.11.2025,12:29:53.998,12.235,25.768,18.277,3.057,250.0,250.0,84.154,55.302,8.887,70.032,48.748,30.221,18.527,29.856,80.485,28.526,51.959,185.777,0.000,0.000,0.000,0.000,30.0,
17.11.2025,12:29:54.998,23.110,26.096,18.565,3.085,250.0,250.0,81.029,24.018,8.919,75.016,51.825,32.138,19.687,31.749,7.191,0.728,6.463,6.463,0.000,0.000,0.000,0.000,30.0,
17.11.2025,12:29:55.991,20.391,26.586,19.077,3.072,250.0,250.0,83.499,43.254,8.891,75.456,52.058,32.287,19.771,31.898,102.772,26.454,76.318,6.633,0.000,0.000,0.000,0.000,30.0,
17.11.2025,12:29:56.994,24.469,25.877,18.368,3.091,250.0,250.0,80.490,24.067,8.918,75.197,51.912,32.197,19.715,31.808,7.232,0.769,6.463,6.463,0.000,0.000,0.000,0.125,30.0,
17.11.2025,12:29:57.999,14.953,26.172,18.691,3.071,250.0,250.0,83.663,47.875,8.884,75.625,52.172,32.354,19.818,31.953,125.651,34.871,90.780,6.642,0.000,0.000,0.000,0.000,30.0,
17.11.2025,12:29:58.999,14.953,26.172,18.691,3.071,250.0,250.0,80.612,24.062,8.918,75.223,51.925,32.202,19.723,31.813,7.182,0.728,6.454,6.454,0.000,0.000,0.000,0.000,31.0,
17.11.2025,12:29:59.999,23.110,28.162,20.636,3.071,250.0,250.0,83.480,24.000,8.873,74.876,51.692,32.059,19.633,31.670,7.333,0.790,6.543,6.530,0.000,0.000,0.000,2.375,31.0,
17.11.2025,12:30:0.991,14.953,27.264,19.771,3.046,250.0,250.0,79.372,24.331,8.917,76.160,52.532,32.570,19.962,32.181,7.250,0.787,6.463,6.489,0.000,0.000,0.000,2.375,31.0,
17.11.2025,12:30:1.994,14.953,27.660,20.150,3.069,250.0,250.0,83.732,28.495,8.941,74.619,51.565,31.975,19.590,31.598,30.039,3.958,26.081,6.582,0.000,0.000,0.875,0.000,31.0,
17.11.2025,12:30:2.999,27.188,27.062,19.608,3.034,250.0,250.0,80.456,24.000,8.963,74.886,51.766,32.108,19.658,31.719,7.210,0.730,6.480,6.480,0.000,0.000,0.000,0.000,31.0,
17.11.2025,12:30:3.999,24.469,26.495,18.964,3.071,250.0,250.0,84.222,19.324,9.167,49.872,36.524,22.648,13.876,22.379,7.573,0.890,6.683,23.630,0.000,0.000,2.375,0.000,31.0,
17.11.2025,12:30:4.999,16.313,24.962,17.489,3.041,250.0,250.0,81.170,24.247,9.195,75.529,52.314,32.432,19.882,32.043,7.289,0.797,6.492,6.497,0.000,0.000,0.000,0.000,31.0,
17.11.2025,12:30:5.998,23.110,27.747,20.213,3.097,250.0,250.0,84.389,16.988,8.952,47.572,35.020,21.712,13.308,21.443,7.707,0.777,6.930,6.463,0.000,0.000,0.000,0.000,31.0,
17.11.2025,12:30:6.999,19.032,27.494,19.984,3.065,250.0,250.0,81.246,25.477,8.911,74.442,51.443,31.898,19.545,31.509,15.241,1.945,13.296,6.539,0.000,0.000,0.000,0.000,31.0,
17.11.2025,12:30:7.998,13.594,27.116,19.638,3.073,250.0,250.0,84.294,24.180,8.962,75.594,52.207,32.369,19.838,31.980,7.191,0.728,6.463,6.463,0.000,0.000,0.000,1.250,31.0,
17.11.2025,12:30:8.992,21.750,27.750,20.230,3.053,250.0,250.0,80.973,47.993,8.961,76.018,52.455,32.523,19.932,32.134,125.665,34.923,90.742,6.573,0.000,0.000,0.000,0.000,31.0,
17.11.2025,12:30:9.994,14.953,24.496,16.985,3.069,250.0,250.0,81.042,23.894,8.898,74.511,51.476,31.920,19.556,31.531,7.280,0.787,6.493,6.489,0.000,0.000,0.000,0.000,31.0,
17.11.2025,12:30:10.991,21.750,26.463,19.014,3.030,250.0,250.0,84.147,21.308,8.896,64.102,45.075,27.947,17.128,27.618,7.683,1.039,6.644,6.948,0.001,0.000,0.000,0.000,31.0,
17.11.2025,12:30:11.999,24.469,27.259,19.737,3.054,250.0,250.0,80.806,43.120,8.924,75.029,51.823,32.126,19.697,31.737,102.611,26.414,76.197,6.642,0.000,0.000,0.375,0.000,31.0,
17.11.2025,12:30:12.999,16.313,26.266,18.833,3.041,250.0,250.0,80.654,24.542,8.936,76.945,53.025,32.874,20.151,32.473,7.270,0.786,6.484,6.480,0.000,0.000,0.000,0.000,31.0,
17.11.2025,12:30:13.993,25.829,25.588,18.078,3.059,250.0,250.0,83.984,30.241,8.897,74.251,51.315,31.821,19.494,31.445,39.314,5.172,34.142,6.556,0.000,0.000,0.000,0.000,31.0,
17.11.2025,12:30:14.999,23.110,27.755,20.224,3.049,250.0,250.0,80.824,18.763,8.916,54.498,39.219,24.323,14.896,24.031,7.500,0.757,6.743,6.743,0.000,0.000,0.000,0.000,31.0,
17.11.2025,12:30:15.997,28.547,25.618,18.113,3.048,250.0,250.0,84.422,24.236,8.864,75.792,52.262,32.407,19.855,32.019,7.323,0.805,6.518,6.514,0.000,0.000,0.000,0.000,31.0,
17.11.2025,12:30:16.999,20.391,26.992,19.536,3.043,250.0,250.0,80.434,24.770,8.916,77.792,53.536,33.199,20.337,32.798,7.331,0.741,6.590,6.463,0.000,0.000,0.000,0.000,31.0,
17.11.2025,12:30:18.001,17.672,26.763,19.270,3.051,250.0,250.0,84.375,47.127,8.962,77.224,53.214,33.001,20.213,32.600,119.679,32.717,86.962,6.700,0.000,0.000,0.000,0.000,31.0,
17.11.2025,12:30:18.999,19.032,27.542,20.019,3.077,250.0,250.0,81.278,24.291,8.928,76.035,52.440,32.521,19.919,32.132,7.213,0.733,6.480,6.505,0.000,0.000,1.000,0.000,31.0,
17.11.2025,12:30:19.991,12.235,24.319,16.814,3.032,250.0,250.0,81.571,23.938,8.899,74.740,51.632,32.020,19.612,31.631,7.192,0.729,6.463,6.463,0.000,0.000,0.000,0.000,31.0,
17.11.2025,12:30:20.998,20.391,25.607,18.170,3.027,250.0,250.0,84.120,23.973,8.855,74.720,51.585,31.992,19.593,31.603,7.402,0.827,6.575,6.573,0.001,0.000,0.000,0.000,31.0,
17.11.2025,12:30:21.999,17.672,25.654,18.151,3.045,250.0,250.0,80.567,24.344,8.856,76.299,52.563,32.595,19.968,32.207,7.223,0.743,6.480,6.505,0.000,0.000,0.000,0.000,31.0,
17.11.2025,12:30:22.998,23.110,25.206,17.741,3.050,250.0,250.0,80.629,24.410,8.925,76.539,52.754,32.707,20.047,32.319,7.171,0.725,6.446,6.463,0.000,0.000,0.000,0.000,31.0,
17.11.2025,12:30:24.002,17.672,25.206,17.727,3.044,250.0,250.0,84.601,14.556,8.905,38.595,29.465,18.263,11.202,18.043,7.330,0.740,6.590,6.429,0.001,0.000,0.000,0.000,31.0,
17.11.2025,12:30:25.000,17.672,26.494,18.973,3.038,250.0,250.0,75.619,22.735,8.963,70.062,48.805,30.266,18.539,29.901,7.183,0.729,6.454,6.446,0.000,0.000,0.000,0.000,31.0,
17.11.2025,12:30:25.998,19.032,25.435,17.990,3.023,250.0,250.0,79.268,52.154,9.081,96.869,65.330,40.507,24.823,40.021,96.514,30.542,65.972,51.878,0.000,0.000,0.000,0.000,31.0,
17.11.2025,12:30:26.993,19.032,24.859,17.435,3.026,250.0,250.0,81.597,38.757,9.038,70.812,49.330,30.591,18.739,30.213,86.130,20.728,65.402,6.590,0.000,0.000,0.000,0.000,31.0,
17.11.2025,12:30:27.999,29.907,25.264,17.797,3.046,250.0,250.0,78.725,22.655,9.110,69.554,48.577,30.114,18.463,29.749,7.241,0.736,6.505,6.505,0.000,0.000,0.000,2.500,31.0,
17.11.2025,12:30:28.992,23.110,24.809,17.367,3.003,250.0,250.0,75.556,22.374,8.964,68.743,47.977,29.752,18.225,29.387,7.126,0.723,6.403,6.438,0.000,0.000,0.000,0.000,31.0,
17.11.2025,12:30:29.999,25.829,26.111,18.671,2.983,250.0,250.0,74.698,22.485,8.868,69.178,48.200,29.883,18.317,29.531,7.204,0.741,6.463,6.463,0.000,0.000,0.000,0.000,31.0,
17.11.2025,12:30:30.992,16.313,24.516,17.134,2.987,250.0,250.0,74.792,34.936,8.877,68.914,48.031,29.784,18.247,29.432,69.750,14.027,55.723,6.573,0.000,0.000,0.000,0.000,31.0,
17.11.2025,12:30:32.000,16.313,24.625,17.053,3.079,250.0,250.0,64.168,47.755,8.941,75.658,52.221,32.383,19.838,31.981,124.873,34.487,90.386,6.786,0.000,0.000,0.000,0.000,31.0,
17.11.2025,12:30:32.993,21.750,26.671,19.122,3.112,250.0,250.0,79.772,24.058,8.941,75.178,51.913,32.198,19.715,31.809,7.183,0.729,6.454,6.454,0.000,0.000,0.000,0.000,31.0,
17.11.2025,12:30:33.999,14.953,26.520,19.012,3.070,250.0,250.0,83.880,44.925,8.880,75.571,52.126,32.316,19.810,31.927,110.978,29.963,81.015,6.667,0.000,0.000,0.000,0.000,31.0,
17.11.2025,12:30:34.999,14.953,29.220,21.446,3.307,250.0,250.0,80.645,24.015,8.957,74.950,51.796,32.118,19.678,31.729,7.223,0.743,6.480,6.480,0.000,0.000,0.000,0.000,31.0,
17.11.2025,12:30:35.999,24.469,32.311,24.294,3.533,250.0,250.0,84.179,45.939,8.993,77.041,53.109,32.933,20.176,32.544,113.839,32.975,80.864,6.913,0.000,0.000,0.000,0.000,31.0,
17.11.2025,12:30:36.999,10.875,25.342,17.885,3.037,250.0,250.0,80.766,29.008,8.945,79.009,54.317,33.685,20.632,33.284,26.819,3.526,23.293,6.573,0.000,0.000,0.000,0.000,31.0,
17.11.2025,12:30:37.998,23.110,26.228,18.710,3.053,250.0,250.0,81.388,23.831,8.880,74.336,51.377,31.865,19.512,31.476,7.198,0.735,6.463,6.463,0.000,0.000,0.000,2.375,31.0,
17.11.2025,12:30:39.000,13.594,26.998,19.535,3.043,250.0,250.0,83.862,45.820,8.866,73.750,50.999,31.625,19.374,31.248,117.794,33.645,84.149,6.751,0.000,0.000,0.000,0.000,31.0,
17.11.2025,12:30:39.991,21.750,26.638,19.118,3.069,250.0,250.0,80.110,24.009,8.929,74.988,51.794,32.119,19.675,31.730,7.196,0.733,6.463,6.463,0.000,0.000,0.000,0.000,31.0,
17.11.2025,12:30:40.999,14.953,27.091,19.607,3.057,250.0,250.0,83.341,21.841,8.954,66.472,46.603,28.894,17.709,28.554,7.323,0.741,6.582,6.582,0.000,0.000,2.125,0.000,31.0,
17.11.2025,12:30:41.998,10.875,25.761,18.307,3.053,250.0,250.0,80.995,24.374,8.881,76.125,52.466,32.535,19.931,32.146,7.555,0.974,6.581,6.547,0.000,0.000,0.000,0.000,31.0,
17.11.2025,12:30:42.995,24.469,26.207,18.684,3.074,250.0,250.0,80.625,23.877,8.884,74.401,51.404,31.871,19.533,31.482,7.378,0.745,6.633,6.438,0.000,0.000,0.000,0.000,31.0,
17.11.2025,12:30:43.999,10.875,26.649,19.173,3.054,250.0,250.0,81.033,24.080,8.899,75.187,51.899,32.187,19.712,31.798,7.299,0.791,6.508,6.522,0.000,0.000,0.000,0.000,31.0,
17.11.2025,12:30:44.999,17.672,26.323,18.796,3.061,250.0,250.0,81.582,24.055,8.896,75.222,51.916,32.187,19.729,31.798,7.170,0.724,6.446,6.463,0.000,0.000,0.000,0.000,31.0,
17.11.2025,12:30:45.995,17.672,24.887,17.370,3.073,250.0,250.0,82.985,34.305,8.867,70.757,49.173,30.492,18.681,30.115,64.020,23.451,40.569,6.930,0.000,0.000,0.000,0.000,31.0,
17.11.2025,12:30:46.994,13.594,26.122,18.633,3.084,250.0,250.0,80.336,23.920,8.929,74.559,51.543,31.959,19.584,31.570,7.277,0.805,6.472,6.505,0.000,0.000,0.000,0.000,31.0,
17.11.2025,12:30:47.999,16.313,26.827,19.309,3.063,250.0,250.0,83.515,23.097,8.945,71.293,49.556,30.734,18.822,30.357,7.407,0.749,6.658,6.446,0.000,0.000,0.000,0.000,31.0,
17.11.2025,12:30:48.999,20.391,25.687,18.223,3.048,250.0,250.0,80.854,23.886,9.075,74.242,51.432,31.892,19.540,31.503,7.327,0.802,6.525,6.522,0.000,0.000,0.000,0.000,31.0,
17.11.2025,12:30:49.999,20.391,26.582,19.112,3.043,250.0,250.0,81.096,24.040,8.953,74.956,51.800,32.118,19.682,31.729,7.359,0.743,6.616,6.446,0.000,0.000,0.000,0.000,31.0,
17.11.2025,12:30:50.995,24.469,27.523,19.967,3.068,250.0,250.0,80.656,24.358,8.918,76.134,52.495,32.550,19.945,32.161,7.418,0.872,6.546,6.539,0.000,0.000,0.000,0.000,31.0,
17.11.2025,12:30:51.995,20.391,26.610,19.094,3.044,250.0,250.0,79.434,24.474,8.822,76.797,52.861,32.777,20.084,32.388,7.268,0.794,6.474,6.471,0.000,0.000,0.000,0.000,31.0,
17.11.2025,12:30:52.998,17.672,26.426,18.949,3.065,250.0,250.0,80.182,23.924,8.866,74.720,51.592,31.993,19.599,31.604,7.200,0.737,6.463,6.463,0.000,0.000,0.000,0.000,31.0,
17.11.2025,12:30:53.998,12.235,25.980,18.484,3.060,250.0,250.0,82.357,38.999,8.892,73.802,51.037,31.643,19.394,31.267,83.683,29.118,54.565,6.590,0.000,0.000,0.000,0.000,31.0,
17.11.2025,12:30:54.998,9.516,24.834,17.311,3.057,250.0,250.0,80.090,23.863,8.902,74.344,51.402,31.869,19.533,31.480,7.296,0.787,6.509,6.505,0.000,0.000,0.000,0.000,31.0,
17.11.2025,12:30:55.999,21.750,26.738,19.304,3.041,250.0,250.0,83.284,37.426,8.983,98.297,66.174,41.038,25.136,40.540,43.729,16.073,27.656,6.633,0.000,0.000,0.000,0.000,31.0,
17.11.2025,12:30:56.999,19.032,27.161,19.623,3.059,250.0,250.0,80.773,24.050,8.990,75.069,51.871,32.170,19.701,31.781,7.219,0.739,6.480,6.480,0.000,0.000,0.000,2.375,31.0,
17.11.2025,12:30:57.998,9.516,26.672,19.190,3.046,250.0,250.0,84.043,23.883,8.881,74.581,51.517,31.938,19.579,31.549,7.170,0.724,6.446,6.446,0.000,0.000,0.000,0.000,31.0,
17.11.2025,12:30:58.999,19.032,26.831,19.362,3.061,250.0,250.0,79.577,37.224,8.943,74.541,51.515,31.949,19.566,31.560,73.774,13.778,59.996,6.616,0.000,0.000,0.000,0.000,31.0,
17.11.2025,12:30:59.999,20.391,27.191,19.682,3.062,250.0,250.0,81.819,23.878,8.856,74.505,51.452,31.912,19.540,31.523,7.260,0.793,6.467,6.471,0.000,0.000,0.000,0.000,31.0,
17.11.2025,12:31:0.999,16.313,26.726,19.204,3.085,250.0,250.0,82.120,23.927,8.918,74.636,51.565,31.975,19.590,31.586,7.266,0.736,6.530,6.463,0.000,0.000,0.000,0.000,31.0,
17.11.2025,12:31:1.996,29.907,25.666,18.152,3.080,250.0,250.0,80.167,43.486,8.916,74.809,51.683,32.053,19.630,31.664,104.736,27.614,77.122,6.633,0.000,0.000,0.000,0.000,31.0,
17.11.2025,12:31:2.999,9.516,26.162,18.661,3.107,250.0,250.0,81.622,23.796,8.963,74.143,51.291,31.800,19.491,31.423,7.191,0.728,6.463,6.463,0.000,0.000,0.000,0.000,31.0,
17.11.2025,12:31:3.992,20.391,28.419,20.828,3.100,250.0,250.0,81.962,45.121,9.060,71.020,49.443,30.656,18.787,30.291,117.512,33.446,84.066,6.930,0.000,0.000,0.000,0.000,31.0,
17.11.2025,12:31:5.014,19.032,25.599,18.109,3.066,250.0,250.0,80.152,23.941,9.013,74.626,51.626,32.019,19.607,31.630,7.214,0.751,6.463,6.463,0.000,0.000,0.750,0.000,31.0,
17.11.2025,12:31:6.015,19.032,26.231,18.707,3.073,250.0,250.0,83.914,40.011,8.951,76.401,52.685,32.673,20.012,32.272,85.232,18.118,67.114,6.650,0.000,0.000,0.000,0.000,31.0,
17.11.2025,12:31:7.017,19.032,26.584,19.065,3.092,250.0,250.0,80.188,23.781,8.942,74.112,51.271,31.793,19.478,31.416,7.170,0.724,6.446,6.454,0.000,0.000,0.000,0.000,31.0,
17.11.2025,12:31:8.017,24.469,25.400,17.859,3.095,250.0,250.0,83.385,47.293,8.917,73.576,50.930,31.575,19.355,31.198,125.299,34.759,90.540,6.786,0.000,0.000,0.000,0.000,31.0,
17.11.2025,12:31:9.016,13.594,26.106,18.638,3.106,250.0,250.0,79.836,24.062,8.920,75.097,51.875,32.163,19.712,31.774,7.286,0.802,6.484,6.505,0.000,0.000,0.000,0.000,31.0,
17.11.2025,12:31:10.011,13.594,27.384,19.829,3.088,250.0,250.0,83.552,43.413,8.918,73.667,50.992,31.624,19.368,31.234,105.691,32.111,73.580,6.947,0.000,0.000,0.000,0.000,31.0,
17.11.2025,12:31:11.024,16.313,25.085,17.534,3.098,250.0,250.0,80.121,23.747,9.025,73.801,51.131,31.705,19.426,31.328,7.276,0.779,6.497,6.505,0.000,0.000,0.000,0.000,31.0,
17.11.2025,12:31:12.039,16.313,25.951,18.463,3.065,250.0,250.0,80.064,24.230,9.134,75.660,52.328,32.447,19.881,32.058,7.171,0.725,6.446,6.446,0.000,0.000,0.000,0.000,31.0,
17.11.2025,12:31:13.038,31.266,25.904,18.445,3.051,250.0,250.0,80.062,24.110,8.992,75.349,52.067,32.288,19.779,31.887,7.155,0.726,6.429,6.429,0.000,0.000,0.000,0.000,31.0,
17.11.2025,12:31:14.039,13.594,26.317,18.784,3.073,250.0,250.0,80.489,47.999,8.919,75.744,52.263,32.410,19.853,32.021,125.998,34.925,91.073,6.786,0.000,0.000,0.000,0.000,31.0,
17.11.2025,12:31:15.039,19.032,24.901,17.424,3.052,250.0,250.0,80.075,23.996,8.930,74.941,51.765,32.100,19.665,31.711,7.192,0.729,6.463,6.463,0.000,0.000,0.000,0.000,31.0,
17.11.2025,12:31:16.038,9.516,26.720,19.230,3.053,250.0,250.0,84.378,39.855,8.929,75.227,51.957,32.215,19.742,31.826,86.042,18.088,67.954,6.573,0.000,0.000,0.000,0.000,31.0,
17.11.2025,12:31:17.050,21.750,26.191,18.693,3.090,250.0,250.0,81.491,23.835,8.942,74.243,51.347,31.837,19.510,31.460,7.252,0.747,6.505,6.505,0.000,0.000,0.000,0.000,31.0,
17.11.2025,12:31:18.038,20.391,27.495,19.977,3.063,250.0,250.0,79.976,23.926,8.951,74.684,51.612,32.003,19.609,31.614,7.171,0.725,6.446,6.446,0.000,0.000,0.000,0.000,31.0,
17.11.2025,12:31:19.050,17.672,26.589,19.099,3.074,250.0,250.0,83.775,85.184,8.929,73.297,50.772,31.477,19.295,31.101,100.449,31.296,69.153,436.071,0.000,0.000,0.000,0.000,31.0,
17.11.2025,12:31:20.050,25.829,27.350,19.886,3.036,250.0,250.0,80.582,24.154,8.941,75.489,52.106,32.318,19.788,31.929,7.234,0.737,6.497,6.497,0.000,0.000,0.000,0.000,31.0,
17.11.2025,12:31:21.053,24.469,27.808,20.333,3.029,250.0,250.0,80.750,24.272,8.941,76.012,52.414,32.505,19.909,32.104,7.188,0.734,6.454,6.454,0.000,0.000,0.000,0.000,31.0,
17.11.2025,12:31:22.050,25.829,26.516,19.074,3.003,250.0,250.0,83.865,47.949,8.902,76.120,52.481,32.546,19.935,32.145,125.364,34.634,90.730,6.633,0.000,0.000,0.000,0.000,31.0,
17.11.2025,12:31:23.049,10.875,25.939,18.464,3.059,250.0,250.0,80.490,24.544,8.843,77.096,53.052,32.900,20.152,32.499,7.194,0.731,6.463,6.505,0.000,0.000,0.000,0.000,31.0,
17.11.2025,12:31:24.047,12.235,26.640,19.192,3.007,250.0,250.0,84.001,36.257,8.857,72.845,50.448,31.273,19.175,30.896,71.114,26.325,44.789,6.853,0.000,0.000,0.000,0.000,31.0,
17.11.2025,12:31:25.039,27.188,26.504,18.978,3.059,250.0,250.0,80.420,24.905,8.952,78.097,53.736,33.328,20.408,32.927,7.516,0.880,6.636,6.573,0.000,0.000,0.000,0.000,31.0,
17.11.2025,12:31:26.039,20.391,25.018,17.542,3.030,250.0,250.0,77.657,34.484,9.017,66.207,46.461,28.804,17.657,28.463,25.191,6.708,18.483,97.852,0.000,0.000,0.000,0.000,31.0,
17.11.2025,12:31:27.050,14.953,23.471,16.042,3.026,250.0,250.0,78.781,44.370,8.866,69.368,48.313,29.963,18.350,29.598,116.333,32.976,83.357,6.573,0.000,0.000,0.000,0.000,31.0,
17.11.2025,12:31:28.038,14.953,26.163,18.659,3.033,250.0,250.0,78.229,22.552,8.880,69.410,48.346,29.973,18.373,29.609,7.231,0.734,6.497,6.471,0.000,0.000,0.000,0.000,31.0,
17.11.2025,12:31:29.040,25.829,25.013,17.514,3.050,250.0,250.0,77.815,32.675,8.838,78.278,53.737,33.328,20.409,32.927,7.162,0.724,6.438,84.910,0.000,0.000,0.000,0.000,31.0,
17.11.2025,12:31:30.050,21.750,25.458,18.004,3.028,250.0,250.0,77.922,32.135,8.879,69.694,48.511,30.079,18.432,29.727,54.743,8.446,46.297,6.539,0.000,0.000,0.000,0.000,31.0,
17.11.2025,12:31:31.050,17.672,25.321,17.958,2.999,250.0,250.0,74.712,24.375,8.866,44.013,32.714,20.279,12.435,20.036,7.311,0.738,6.573,90.783,0.000,0.000,0.000,0.000,31.0,
17.11.2025,12:31:32.050,17.672,25.803,18.401,2.986,250.0,250.0,74.973,16.390,8.928,45.589,33.764,20.944,12.820,20.687,7.378,0.745,6.633,6.412,0.000,0.000,0.000,0.000,31.0,
17.11.2025,12:31:33.053,9.516,26.623,19.134,3.026,250.0,250.0,74.973,16.390,8.928,45.589,33.764,20.944,12.820,20.687,7.378,0.745,6.633,6.412,0.000,0.000,0.000,0.000,31.0,
17.11.2025,12:31:34.046,13.594,26.422,18.854,3.130,250.0,250.0,65.374,14.654,8.975,39.129,29.823,18.494,11.329,18.274,7.078,0.717,6.361,6.361,0.000,0.000,0.000,0.000,31.0,
17.11.2025,12:31:35.042,17.672,26.993,19.477,3.112,250.0,250.0,73.073,28.249,9.109,75.427,52.176,32.353,19.823,31.964,27.541,3.597,23.944,6.556,0.000,0.000,0.000,0.000,31.0,
17.11.2025,12:31:36.051,23.110,28.948,20.995,3.438,250.0,250.0,80.488,24.376,9.036,76.303,52.665,32.656,20.009,32.267,7.183,0.729,6.454,6.454,0.000,0.000,1.250,0.000,31.0,
17.11.2025,12:31:37.049,23.110,32.146,24.261,3.386,250.0,250.0,80.004,24.167,9.039,75.485,52.182,32.353,19.829,31.964,7.183,0.729,6.454,6.454,0.000,0.000,0.000,0.000,31.0,
17.11.2025,12:31:38.048,21.750,25.725,18.218,3.085,250.0,250.0,83.254,23.958,8.893,74.868,51.701,32.057,19.644,31.680,7.153,0.724,6.429,6.429,0.000,0.000,0.000,0.000,31.0,
17.11.2025,12:31:39.046,14.953,26.685,19.163,3.081,250.0,250.0,80.611,23.719,8.892,73.739,51.000,31.626,19.374,31.249,7.392,0.817,6.575,6.530,0.000,0.000,0.000,0.000,31.0,
17.11.2025,12:31:40.051,9.516,26.851,19.324,3.080,250.0,250.0,79.888,23.844,8.866,74.416,51.400,31.873,19.527,31.496,7.200,0.737,6.463,6.463,0.000,0.000,0.125,0.000,31.0,
17.11.2025,12:31:41.049,19.032,26.108,18.608,3.058,250.0,250.0,83.826,29.786,9.035,75.825,52.383,32.487,19.896,32.099,34.784,4.699,30.085,6.565,0.000,0.000,0.000,2.000,31.0,
17.11.2025,12:31:42.048,20.391,27.127,19.575,3.069,250.0,250.0,80.657,24.344,9.012,76.188,52.589,32.609,19.980,32.220,7.191,0.728,6.463,6.463,0.000,0.000,0.000,0.000,31.0,
17.11.2025,12:31:43.048,23.110,28.594,21.061,3.102,250.0,250.0,84.420,24.079,9.073,75.055,51.934,32.204,19.730,31.815,7.240,0.743,6.497,6.497,0.000,0.000,0.000,0.000,31.0,
17.11.2025,12:31:44.045,10.875,24.799,17.271,3.077,250.0,250.0,84.702,21.625,9.012,65.469,46.010,28.528,17.482,28.187,7.556,0.762,6.794,6.446,0.000,0.000,0.000,0.000,31.0,
17.11.2025,12:31:45.047,21.750,25.359,17.903,3.080,250.0,250.0,80.165,24.175,8.990,75.275,52.012,32.248,19.764,31.859,7.521,0.899,6.622,6.565,0.000,0.000,0.000,0.000,31.0,
17.11.2025,12:31:46.039,20.391,25.420,17.924,3.053,250.0,250.0,81.319,24.251,8.858,75.958,52.348,32.464,19.884,32.075,7.227,0.780,6.447,6.471,0.000,0.000,2.125,0.000,31.0,
17.11.2025,12:31:47.044,13.594,25.436,17.927,3.067,250.0,250.0,83.275,31.149,8.831,74.524,51.466,31.908,19.558,31.519,43.551,5.735,37.816,6.582,0.000,0.000,0.000,0.000,31.0,
17.11.2025,12:31:48.046,10.875,26.727,19.197,3.086,250.0,250.0,80.186,24.065,8.876,75.238,51.920,32.200,19.720,31.811,7.201,0.730,6.471,6.480,0.000,0.000,0.000,0.000,31.0,
17.11.2025,12:31:49.038,10.875,27.386,19.875,3.066,250.0,250.0,83.688,24.170,8.913,75.502,52.107,32.304,19.803,31.915,7.355,0.789,6.566,6.446,0.000,0.000,0.000,0.000,31.0,
17.11.2025,12:31:50.045,13.594,26.272,18.743,3.099,250.0,250.0,80.013,38.899,8.915,75.061,51.832,32.145,19.687,31.756,81.487,17.069,64.418,6.616,0.000,0.000,0.000,0.000,31.0,
17.11.2025,12:31:51.053,21.750,27.071,19.541,3.102,250.0,250.0,81.023,24.330,8.929,76.106,52.501,32.561,19.940,32.172,7.315,0.826,6.489,6.463,0.000,0.000,0.000,0.000,31.0,
17.11.2025,12:31:52.056,19.032,25.344,17.823,3.079,250.0,250.0,84.773,30.522,8.819,75.284,51.919,32.194,19.725,31.806,39.429,5.291,34.138,6.616,0.000,0.000,2.125,0.000,31.0,
17.11.2025,12:31:53.062,21.750,25.801,18.308,3.085,250.0,250.0,81.120,24.006,8.902,74.941,51.746,32.088,19.658,31.699,7.258,0.784,6.474,6.505,0.000,0.000,0.000,0.000,31.0,
17.11.2025,12:31:54.060,28.547,24.931,17.421,3.052,250.0,250.0,84.047,24.533,8.857,77.073,53.061,32.902,20.159,32.501,7.156,0.727,6.429,6.463,0.000,0.000,0.000,0.000,31.0,
17.11.2025,12:31:55.054,13.594,26.904,19.399,3.048,250.0,250.0,80.442,25.808,8.856,75.641,52.158,32.337,19.821,31.948,15.366,2.087,13.279,6.590,0.000,0.000,0.000,0.000,31.0,
17.11.2025,12:31:56.062,21.750,25.838,18.311,3.078,250.0,250.0,80.191,24.177,8.977,75.545,52.162,32.352,19.810,31.964,7.246,0.783,6.463,6.463,0.000,0.000,0.000,0.000,31.0,
17.11.2025,12:31:57.055,21.750,24.800,17.252,3.081,250.0,250.0,84.224,48.037,8.983,76.212,52.598,32.618,19.980,32.229,125.529,34.795,90.734,6.692,0.000,0.000,0.000,0.000,31.0,
17.11.2025,12:31:58.061,21.750,24.800,17.252,3.081,250.0,250.0,81.371,24.161,9.121,75.374,52.163,32.348,19.815,31.947,7.195,0.732,6.463,6.454,0.000,0.000,0.000,0.000,31.0,
17.11.2025,12:31:59.062,10.875,25.149,17.665,3.057,250.0,250.0,82.465,25.564,9.061,74.558,51.612,32.006,19.606,31.617,15.289,2.017,13.272,6.598,0.000,0.000,0.000,0.000,31.0,
17.11.2025,12:32:0.061,21.750,27.374,19.834,3.110,250.0,250.0,80.665,24.265,8.879,75.981,52.378,32.472,19.906,32.083,7.246,0.780,6.466,6.463,0.000,0.000,0.000,0.000,31.0,
17.11.2025,12:32:1.055,21.750,24.970,17.463,3.062,250.0,250.0,82.909,47.779,8.869,75.381,52.009,32.246,19.763,31.857,125.514,34.691,90.823,6.642,0.000,0.000,0.000,0.000,31.0,
17.11.2025,12:32:2.055,25.829,25.565,17.997,3.097,250.0,250.0,80.041,23.899,8.842,74.538,51.459,31.908,19.551,31.531,7.329,0.821,6.508,6.505,0.000,0.000,0.000,0.000,31.0,
17.11.2025,12:32:3.058,12.235,27.482,19.946,3.054,250.0,250.0,84.180,70.081,8.862,72.109,49.982,30.997,18.985,30.621,21.265,5.577,15.688,446.721,0.000,0.000,0.000,0.000,31.0,
17.11.2025,12:32:4.059,19.032,25.320,17.863,3.062,250.0,250.0,80.294,24.032,8.976,74.910,51.776,32.111,19.665,31.722,7.325,0.807,6.518,6.514,0.000,0.000,2.125,0.000,31.0,
17.11.2025,12:32:5.060,10.875,25.146,17.630,3.058,250.0,250.0,81.823,49.111,8.917,82.568,56.474,35.012,21.462,34.587,23.432,6.111,17.321,205.229,0.000,0.000,0.000,0.000,31.0,
17.11.2025,12:32:6.057,13.594,27.947,20.439,3.069,250.0,250.0,80.039,24.063,9.014,75.001,51.853,32.162,19.691,31.773,7.314,0.805,6.509,6.505,0.000,0.000,0.000,0.000,31.0,
17.11.2025,12:32:7.060,16.313,26.130,18.623,3.055,250.0,250.0,83.183,23.205,8.919,71.868,49.895,30.940,18.955,30.575,7.209,0.729,6.480,6.480,0.000,0.000,0.000,0.000,31.0,
17.11.2025,12:32:8.058,21.750,26.562,19.011,3.070,250.0,250.0,84.349,24.108,8.950,75.229,51.964,32.228,19.736,31.839,7.315,0.806,6.509,6.505,0.001,0.000,0.375,0.000,31.0,
17.11.2025,12:32:9.056,21.750,23.895,16.403,3.103,250.0,250.0,89.336,24.522,8.915,76.892,52.997,32.863,20.134,32.462,7.247,0.781,6.466,6.463,0.000,0.000,0.000,0.000,31.0,
17.11.2025,12:32:10.060,21.750,23.794,16.301,3.055,250.0,250.0,82.189,22.254,8.952,56.470,40.426,25.068,15.358,24.764,22.419,5.795,16.624,6.661,0.000,0.000,0.000,0.000,31.0,
17.11.2025,12:32:11.063,13.594,26.461,18.931,3.079,250.0,250.0,81.577,23.956,8.951,74.631,51.596,31.990,19.606,31.601,7.341,0.824,6.517,6.505,0.000,0.000,0.000,0.000,31.0,
17.11.2025,12:32:12.054,12.235,24.724,17.218,3.059,250.0,250.0,80.559,24.195,9.071,75.554,52.238,32.390,19.848,32.001,7.192,0.729,6.463,6.463,0.000,0.000,0.000,0.000,31.0,
17.11.2025,12:32:13.055,21.750,26.900,19.378,3.098,250.0,250.0,85.579,30.730,8.970,70.401,49.019,30.398,18.621,30.021,46.544,17.227,29.317,6.786,0.000,0.000,0.000,0.000,31.0,
17.11.2025,12:32:14.055,20.391,26.805,19.253,3.073,250.0,250.0,80.837,24.222,8.974,75.677,52.252,32.396,19.856,32.007,7.278,0.786,6.492,6.505,0.000,0.000,0.000,0.000,31.0,
17.11.2025,12:32:15.054,21.750,25.787,18.262,3.096,250.0,250.0,80.770,24.322,8.965,76.106,52.508,32.563,19.945,32.174,7.246,0.782,6.464,6.463,0.000,0.000,0.000,1.125,31.0,
17.11.2025,12:32:16.060,12.235,26.521,19.022,3.067,250.0,250.0,84.229,47.926,8.903,75.906,52.356,32.461,19.895,32.072,125.510,34.795,90.715,6.650,0.000,0.000,0.000,0.000,31.0,
17.11.2025,12:32:17.055,12.235,26.058,18.542,3.098,250.0,250.0,80.354,23.632,8.902,73.550,50.898,31.562,19.336,31.185,7.210,0.730,6.480,6.463,0.000,0.000,0.000,0.000,31.0,
17.11.2025,12:32:18.062,21.750,27.469,19.875,3.106,250.0,250.0,81.070,30.890,8.900,76.252,52.561,32.591,19.970,32.190,7.447,0.865,6.582,71.544,0.000,0.000,0.000,0.000,31.0,
17.11.2025,12:32:19.055,20.391,27.508,19.971,3.109,250.0,250.0,81.597,23.770,8.910,73.873,51.095,31.687,19.408,31.298,7.428,0.850,6.578,6.573,0.000,0.000,0.000,0.000,31.0,
17.11.2025,12:32:20.056,20.391,26.110,18.627,3.064,250.0,250.0,80.256,23.824,8.986,74.184,51.341,31.837,19.504,31.448,7.235,0.781,6.454,6.471,0.000,0.000,0.000,0.000,31.0,
17.11.2025,12:32:21.058,16.313,25.604,18.081,3.085,250.0,250.0,83.622,23.634,8.936,73.385,50.822,31.516,19.306,31.127,7.349,0.806,6.543,6.547,0.001,0.000,0.000,0.000,31.0,
17.11.2025,12:32:22.056,21.750,24.622,17.090,3.068,250.0,250.0,79.353,24.031,8.888,75.047,51.823,32.126,19.697,31.737,7.256,0.793,6.463,6.480,0.000,0.000,0.000,0.000,31.0,
17.11.2025,12:32:23.060,10.875,27.478,19.952,3.096,250.0,250.0,83.338,28.917,8.819,46.453,34.205,21.215,12.990,20.960,31.203,9.586,21.617,82.119,0.001,0.000,0.000,0.000,31.0,
17.11.2025,12:32:24.062,19.032,27.044,19.550,3.064,250.0,250.0,78.811,24.105,8.853,74.953,51.748,32.084,19.664,31.695,7.745,0.956,6.789,6.565,0.000,0.000,0.000,0.000,31.0,
17.11.2025,12:32:25.061,21.750,26.308,18.809,3.068,250.0,250.0,80.156,24.121,8.865,75.398,52.001,32.250,19.751,31.862,7.289,0.775,6.514,6.505,0.000,0.000,0.375,0.000,31.0,
17.11.2025,12:32:26.062,20.391,26.350,18.902,3.027,250.0,250.0,80.073,23.728,8.951,73.892,51.130,31.701,19.429,31.325,7.196,0.733,6.463,6.463,0.000,0.000,0.000,0.000,31.0,
17.11.2025,12:32:27.061,20.391,25.639,18.164,3.022,250.0,250.0,83.570,29.378,8.868,52.499,37.954,23.537,14.417,23.245,37.106,12.649,24.457,59.044,0.000,0.000,0.000,0.000,31.0,
17.11.2025,12:32:28.061,16.313,25.215,17.768,3.001,250.0,250.0,76.876,22.865,8.912,70.566,49.083,30.437,18.646,30.060,7.229,0.740,6.489,6.489,0.000,0.000,0.000,0.000,31.0,
17.11.2025,12:32:29.061,23.110,24.331,16.885,3.014,250.0,250.0,78.022,22.226,8.887,68.172,47.582,29.497,18.085,29.144,7.209,0.729,6.480,6.480,0.000,0.000,0.000,0.000,31.0,
17.11.2025,12:32:30.063,14.953,25.149,17.680,3.004,250.0,250.0,77.452,22.542,8.889,69.409,48.347,29.978,18.369,29.613,7.182,0.728,6.454,6.454,0.000,0.000,0.000,0.000,31.0,
17.11.2025,12:32:31.061,16.313,25.296,17.853,3.018,250.0,250.0,80.212,43.694,8.878,69.172,48.190,29.882,18.308,29.529,113.163,32.957,80.206,6.658,0.000,0.000,0.000,0.000,31.0,
17.11.2025,12:32:32.061,17.672,24.621,17.214,2.997,250.0,250.0,74.872,22.741,8.817,70.265,48.835,30.283,18.552,29.919,7.153,0.724,6.429,6.429,0.000,0.000,0.000,0.000,31.0,
17.11.2025,12:32:33.061,13.594,25.092,17.652,2.987,250.0,250.0,74.463,22.461,8.840,69.113,48.137,29.850,18.287,29.498,7.204,0.733,6.471,6.471,0.000,0.000,0.000,0.000,31.0,
17.11.2025,12:32:34.062,23.110,26.238,18.838,2.981,250.0,250.0,74.628,22.077,8.817,67.671,47.218,29.279,17.939,28.926,7.220,0.740,6.480,6.480,0.000,0.000,0.000,0.000,31.0,
17.11.2025,12:32:35.059,4.078,26.979,19.573,3.001,250.0,250.0,72.301,13.489,8.778,34.835,27.055,16.775,10.280,16.580,7.109,0.740,6.369,6.369,0.000,0.000,0.000,0.000,31.0,
17.11.2025,12:32:36.057,8.156,25.577,18.008,3.104,250.0,250.0,65.439,27.331,8.814,50.360,36.584,22.690,13.894,22.411,15.978,3.621,12.357,86.604,0.000,0.000,0.000,0.000,31.0,
17.11.2025,12:32:37.055,17.672,26.742,19.279,3.058,250.0,250.0,80.375,24.335,8.771,76.326,52.523,32.573,19.950,32.185,7.266,0.794,6.472,6.489,0.000,0.000,0.000,0.000,31.0,
17.11.2025,12:32:38.060,21.750,30.181,22.010,3.620,250.0,250.0,83.725,29.379,8.794,65.716,46.036,28.546,17.490,28.206,39.070,13.836,25.234,20.860,0.000,0.000,0.000,0.000,31.0,
17.11.2025,12:32:39.062,10.875,29.450,21.744,3.232,250.0,250.0,80.225,24.663,8.854,77.343,53.221,32.998,20.223,32.609,7.383,0.797,6.586,6.616,0.000,0.000,0.000,0.000,31.0,
17.11.2025,12:32:40.061,25.829,27.045,19.554,3.051,250.0,250.0,80.958,23.657,8.818,73.769,50.973,31.605,19.368,31.228,7.172,0.726,6.446,6.463,0.000,0.000,0.000,0.000,31.0,
17.11.2025,12:32:41.062,13.594,25.718,18.224,3.073,250.0,250.0,83.787,29.260,8.819,56.433,40.328,25.007,15.321,24.703,17.274,4.318,12.956,87.440,0.000,0.000,0.000,0.000,31.0,
17.11.2025,12:32:42.053,16.313,24.110,16.568,3.074,250.0,250.0,80.482,24.260,8.865,75.958,52.353,32.464,19.889,32.075,7.257,0.786,6.471,6.480,0.000,0.000,0.000,0.000,31.0,
17.11.2025,12:32:43.062,24.469,25.722,18.228,3.066,250.0,250.0,83.909,43.804,8.904,76.658,52.830,32.760,20.070,32.359,103.897,27.102,76.795,6.667,0.000,0.000,0.000,0.000,31.0,
17.11.2025,12:32:44.061,19.032,25.134,17.650,3.057,250.0,250.0,80.398,24.659,8.890,77.413,53.298,33.056,20.242,32.655,7.270,0.790,6.480,6.497,0.000,0.000,0.000,0.000,31.0,
17.11.2025,12:32:45.060,20.391,23.913,16.400,3.074,250.0,250.0,84.026,23.695,8.826,73.894,51.055,31.660,19.395,31.272,7.192,0.729,6.463,6.463,0.000,0.000,0.000,0.000,31.0,
17.11.2025,12:32:46.061,25.829,25.535,18.039,3.042,250.0,250.0,79.593,32.125,8.753,59.082,41.905,25.992,15.913,25.676,20.645,5.364,15.281,102.643,0.000,0.000,0.000,0.375,31.0,
17.11.2025,12:32:47.060,21.750,24.735,17.264,3.075,250.0,250.0,79.807,38.784,8.781,76.384,52.583,32.604,19.979,32.215,79.319,15.944,63.375,6.658,0.000,0.000,0.000,0.000,31.0,
17.11.2025,12:32:48.061,16.313,25.993,18.475,3.074,250.0,250.0,80.767,23.904,8.782,74.575,51.472,31.917,19.555,31.528,7.372,0.866,6.506,6.463,0.000,0.000,0.000,0.000,31.0,
17.11.2025,12:32:49.061,14.953,25.442,17.893,3.069,250.0,250.0,82.266,33.897,8.768,74.144,51.170,31.732,19.438,31.356,57.789,21.020,36.769,6.786,0.000,0.000,0.000,0.000,31.0,
17.11.2025,12:32:50.061,28.547,24.617,17.140,3.043,250.0,250.0,80.073,24.048,8.814,75.177,51.864,32.159,19.705,31.770,7.260,0.788,6.472,6.471,0.000,0.000,0.000,0.000,31.0,
17.11.2025,12:32:51.056,20.391,25.668,18.182,3.050,250.0,250.0,83.751,30.609,8.828,70.773,49.137,30.474,18.663,30.109,7.364,0.850,6.514,83.382,0.000,0.000,0.000,0.000,31.0,
17.11.2025,12:32:52.055,21.750,28.014,20.527,3.046,250.0,250.0,79.959,23.875,8.879,74.311,51.362,31.851,19.511,31.462,7.420,0.845,6.575,6.530,0.000,0.000,0.000,0.000,31.0,
17.11.2025,12:32:53.054,20.391,24.789,17.286,3.052,250.0,250.0,84.034,24.935,8.829,78.577,53.935,33.447,20.488,33.034,7.170,0.724,6.446,6.702,0.000,0.000,0.000,0.000,31.0,
17.11.2025,12:32:54.061,23.110,25.729,18.260,3.058,250.0,250.0,79.728,23.811,8.815,74.226,51.262,31.790,19.472,31.401,7.317,0.808,6.509,6.514,0.000,0.000,0.000,0.000,31.0,
17.11.2025,12:32:55.062,21.750,25.085,17.582,3.069,250.0,250.0,83.182,32.881,8.796,63.649,44.739,27.743,16.996,27.402,7.312,0.739,6.573,124.858,0.000,0.000,0.000,0.000,31.0,
17.11.2025,12:32:56.060,20.391,25.613,18.124,3.016,250.0,250.0,79.962,47.281,8.829,73.685,50.936,31.580,19.356,31.203,125.310,34.683,90.627,6.598,0.000,0.000,0.000,0.000,31.0,
17.11.2025,12:32:57.061,13.594,25.640,18.193,3.045,250.0,250.0,81.465,23.824,8.865,74.343,51.356,31.844,19.512,31.468,7.192,0.729,6.463,6.463,0.000,0.000,0.000,2.500,31.0,
17.11.2025,12:32:58.062,19.032,26.346,18.834,3.021,250.0,250.0,81.711,24.297,8.854,76.003,52.392,32.485,19.907,32.097,7.333,0.808,6.525,6.565,0.000,0.000,0.000,0.000,31.0,
17.11.2025,12:32:59.061,21.750,27.277,19.875,3.011,250.0,250.0,82.669,23.919,8.851,74.689,51.574,31.982,19.592,31.593,7.225,0.778,6.447,6.463,0.000,0.000,0.000,0.000,31.0,
17.11.2025,12:33:0.062,12.235,27.539,20.070,3.020,250.0,250.0,79.608,23.913,8.794,74.625,51.495,31.925,19.570,31.536,7.327,0.819,6.508,6.530,0.000,0.000,0.000,0.000,31.0,
17.11.2025,12:33:1.057,19.032,28.161,20.676,3.048,250.0,250.0,83.084,46.277,8.833,75.718,52.201,32.362,19.839,31.973,117.636,33.514,84.122,6.573,0.000,0.000,0.000,0.000,31.0,
17.11.2025,12:33:2.061,19.032,26.529,19.015,3.036,250.0,250.0,80.095,24.027,8.821,75.153,51.842,32.151,19.691,31.762,7.193,0.730,6.463,6.463,0.000,0.000,0.000,0.000,31.0,
17.11.2025,12:33:3.055,19.032,26.322,18.833,3.044,250.0,250.0,83.165,35.974,8.853,74.657,51.553,31.967,19.586,31.578,67.378,11.734,55.644,6.794,0.000,0.000,0.000,0.000,31.0,
17.11.2025,12:33:4.061,20.391,26.799,19.314,3.062,250.0,250.0,79.809,23.871,8.831,74.523,51.459,31.916,19.543,31.527,7.217,0.737,6.480,6.480,0.000,0.000,0.000,0.000,31.0,
17.11.2025,12:33:5.064,17.672,25.493,18.022,3.037,250.0,250.0,83.440,81.481,8.937,62.025,43.841,27.188,16.653,26.860,84.079,29.178,54.901,461.148,0.000,0.000,0.000,0.375,31.0,
17.11.2025,12:33:6.061,20.391,26.361,18.897,3.037,250.0,250.0,79.810,24.221,8.916,75.746,52.253,32.397,19.856,32.008,7.259,0.745,6.514,6.514,0.000,0.000,0.000,0.000,31.0,
17.11.2025,12:33:7.061,27.188,27.321,19.882,2.999,250.0,250.0,82.296,16.498,8.856,46.054,34.009,21.083,12.926,20.827,7.296,0.740,6.556,6.633,0.000,0.000,0.000,0.000,31.0,
17.11.2025,12:33:8.061,24.469,26.912,19.458,3.023,250.0,250.0,80.557,24.035,8.829,75.056,51.776,32.100,19.676,31.712,7.318,0.753,6.565,6.565,0.000,0.000,0.000,0.000,31.0,
17.11.2025,12:33:9.061,28.547,26.298,18.838,3.021,250.0,250.0,80.130,23.756,8.807,74.144,51.200,31.748,19.452,31.359,7.193,0.730,6.463,6.463,0.000,0.000,0.000,0.000,31.0,
17.11.2025,12:33:10.060,32.625,24.980,17.504,3.034,250.0,250.0,82.763,24.260,8.861,76.011,52.385,32.484,19.901,32.095,7.194,0.731,6.463,6.480,0.000,0.000,0.000,0.000,31.0,
17.11.2025,12:33:11.057,23.110,27.367,19.900,3.059,250.0,250.0,84.060,24.021,8.854,74.958,51.738,32.078,19.660,31.690,7.300,0.744,6.556,6.633,0.000,0.000,0.000,0.000,31.0,
17.11.2025,12:33:12.057,10.875,26.184,18.713,3.029,250.0,250.0,79.918,24.224,8.867,75.873,52.298,32.423,19.875,32.034,7.197,0.734,6.463,6.471,0.000,0.000,0.375,0.000,31.0,
17.11.2025,12:33:13.057,29.907,27.196,19.717,3.031,250.0,250.0,83.457,45.279,8.865,73.488,50.842,31.521,19.321,31.145,115.472,31.047,84.425,6.667,0.000,0.000,0.000,0.000,31.0,
17.11.2025,12:33:14.065,13.594,25.631,18.152,3.032,250.0,250.0,79.610,24.114,8.893,75.412,52.032,32.270,19.762,31.881,7.211,0.731,6.480,6.471,0.000,0.000,0.000,0.000,31.0,
17.11.2025,12:33:15.062,28.547,25.964,18.464,3.049,250.0,250.0,83.449,24.114,8.857,74.175,51.263,31.788,19.475,31.399,7.259,0.745,6.514,6.573,0.000,0.000,0.000,0.000,31.0,
17.11.2025,12:33:16.061,16.313,24.431,16.957,3.015,250.0,250.0,81.086,23.805,8.859,77.373,53.249,33.019,20.230,32.618,7.249,0.735,6.514,6.480,0.000,0.000,0.000,0.000,31.0,
17.11.2025,12:33:17.058,31.266,25.629,18.149,3.047,250.0,250.0,81.086,24.633,8.859,77.373,53.249,33.019,20.230,32.618,7.249,0.735,6.514,6.480,0.000,0.000,2.250,0.000,31.0,
17.11.2025,12:33:18.060,13.594,28.550,21.053,3.057,250.0,250.0,77.749,21.772,8.808,66.469,46.530,28.850,17.680,28.497,7.210,0.730,6.480,6.463,0.000,0.000,0.000,0.000,31.0,
17.11.2025,12:33:19.054,25.829,26.083,18.545,3.066,250.0,250.0,81.702,31.817,8.860,76.992,53.013,32.878,20.135,32.477,43.580,5.712,37.868,6.658,0.000,0.000,0.000,0.000,31.0,
17.11.2025,12:33:20.062,19.032,25.719,18.232,3.044,250.0,250.0,79.929,23.909,8.905,74.607,51.548,31.967,19.581,31.578,7.210,0.730,6.480,6.480,0.000,0.000,0.000,2.375,31.0,
17.11.2025,12:33:21.061,23.110,24.103,16.607,3.053,250.0,250.0,83.367,24.101,8.915,75.128,51.886,32.165,19.721,31.776,7.419,0.795,6.624,6.582,0.000,0.000,0.000,0.000,31.0,
17.11.2025,12:33:22.061,14.953,28.513,20.999,3.048,250.0,250.0,80.202,24.047,8.930,75.132,51.893,32.169,19.724,31.780,7.192,0.729,6.463,6.463,0.000,0.000,2.375,0.000,31.0,
17.11.2025,12:33:23.061,14.953,26.953,19.387,3.097,250.0,250.0,83.497,24.247,8.856,75.746,52.230,32.385,19.845,31.996,7.397,0.781,6.616,6.616,0.000,0.000,0.000,0.000,31.0,
17.11.2025,12:33:24.061,24.469,25.650,18.162,3.059,250.0,250.0,82.582,27.969,8.856,61.065,43.182,26.777,16.405,26.461,7.297,0.758,6.539,82.352,0.000,0.000,0.000,0.000,31.0,
17.11.2025,12:33:25.060,24.469,28.541,21.066,3.072,250.0,250.0,79.299,24.345,8.869,76.193,52.509,32.563,19.946,32.174,7.317,0.752,6.565,6.565,0.000,0.000,0.000,0.000,31.0,
17.11.2025,12:33:26.053,17.672,24.340,16.859,3.062,250.0,250.0,79.548,24.270,8.891,75.999,52.399,32.494,19.905,32.106,7.210,0.730,6.480,6.480,0.000,0.000,0.000,0.000,31.0,
17.11.2025,12:33:27.061,17.672,27.794,20.269,3.075,250.0,250.0,82.242,24.085,8.903,75.164,51.906,32.189,19.717,31.800,7.305,0.749,6.556,6.556,0.000,0.000,0.000,0.000,31.0,
17.11.2025,12:33:28.055,10.875,26.335,18.788,3.058,250.0,250.0,79.278,23.692,8.952,73.735,51.036,31.650,19.386,31.273,7.201,0.738,6.463,6.489,0.000,0.000,0.000,0.000,31.0,
17.11.2025,12:33:29.060,20.391,25.314,17.835,3.052,250.0,250.0,83.034,14.181,8.999,36.878,28.444,17.640,10.804,17.433,7.454,0.754,6.700,6.700,0.000,0.000,0.000,0.000,31.0,
17.11.2025,12:33:30.054,17.672,24.180,16.726,3.008,250.0,250.0,76.160,22.401,9.109,68.642,48.012,29.770,18.242,29.405,7.182,0.728,6.454,6.463,0.000,0.000,0.000,0.000,31.0,
17.11.2025,12:33:31.060,20.391,26.734,19.278,3.040,250.0,250.0,80.746,44.391,9.059,69.010,48.194,29.884,18.310,29.532,116.644,33.195,83.449,6.633,0.000,0.000,0.000,2.500,31.0,
17.11.2025,12:33:32.060,21.750,25.688,18.206,3.039,250.0,250.0,78.067,22.942,8.893,70.770,49.191,30.505,18.686,30.128,7.357,0.810,6.547,6.530,0.000,0.000,0.000,0.000,31.0,
17.11.2025,12:33:33.057,13.594,27.279,19.854,3.024,250.0,250.0,77.998,29.747,8.897,82.342,56.268,34.887,21.381,34.474,7.192,0.729,6.463,44.838,0.000,0.000,0.000,0.000,31.0,
17.11.2025,12:33:34.061,12.235,24.537,17.087,2.998,250.0,250.0,77.657,15.153,8.885,39.873,30.187,18.724,11.463,18.492,7.483,0.783,6.700,8.940,0.000,0.000,0.000,0.000,31.0,
17.11.2025,12:33:35.066,19.032,25.214,17.806,3.017,250.0,250.0,74.262,13.931,8.903,36.319,28.048,17.388,10.660,17.181,7.191,0.728,6.463,6.429,0.000,0.000,0.000,0.000,31.0,
17.11.2025,12:33:36.061,10.875,26.373,18.862,3.048,250.0,250.0,74.295,22.538,8.892,69.416,48.348,29.979,18.369,29.614,7.162,0.724,6.438,6.438,0.000,0.000,0.000,0.000,31.0,
17.11.2025,12:33:37.062,19.032,26.666,19.153,3.115,250.0,250.0,74.782,23.789,8.868,74.135,51.241,31.770,19.471,31.381,7.263,0.791,6.472,6.497,0.000,0.000,0.000,0.000,31.0,
17.11.2025,12:33:38.060,19.032,29.044,21.310,3.283,250.0,250.0,81.702,66.977,8.941,67.611,47.271,29.313,17.958,28.948,7.456,0.832,6.624,454.812,0.000,0.000,0.000,0.375,31.0,
17.11.2025,12:33:39.062,25.829,32.141,23.989,3.592,250.0,250.0,79.752,24.432,8.902,66.838,46.774,28.998,17.776,28.645,19.870,4.979,14.891,6.649,0.000,0.000,0.000,0.000,31.0,
17.11.2025,12:33:40.063,20.391,25.115,17.611,3.068,250.0,250.0,79.633,23.454,8.817,72.831,50.403,31.253,19.150,30.876,7.321,0.804,6.517,6.565,0.000,0.000,0.000,0.000,31.0,
17.11.2025,12:33:41.065,27.188,26.641,19.161,3.057,250.0,250.0,82.158,19.285,8.796,56.918,40.613,25.181,15.432,24.889,7.285,0.779,6.506,6.446,0.000,0.000,0.000,0.000,31.0,
17.11.2025,12:33:42.061,27.188,26.641,19.161,3.057,250.0,250.0,79.096,47.354,8.842,73.990,51.140,31.707,19.433,31.330,125.309,34.770,90.539,6.480,0.000,0.000,2.250,0.000,31.0,
17.11.2025,12:33:43.058,20.391,25.937,18.429,3.050,250.0,250.0,79.605,24.108,8.939,75.287,51.995,32.237,19.758,31.849,7.265,0.785,6.480,6.480,0.000,0.000,0.000,0.000,31.0,
17.11.2025,12:33:44.055,19.032,26.445,18.952,3.059,250.0,250.0,83.432,66.686,8.899,54.990,39.499,24.495,15.004,24.191,45.737,17.006,28.731,408.308,0.000,0.000,0.000,0.000,31.0,
17.11.2025,12:33:45.061,23.110,27.390,19.909,3.056,250.0,250.0,79.685,23.822,8.901,74.132,51.263,31.786,19.477,31.397,7.356,0.796,6.560,6.556,0.000,0.000,0.000,0.000,31.0,
17.11.2025,12:33:46.055,24.469,25.713,18.195,3.066,250.0,250.0,83.020,23.904,8.840,74.587,51.514,31.941,19.573,31.553,7.284,0.779,6.505,6.463,0.000,0.000,0.000,0.000,31.0,
17.11.2025,12:33:47.060,14.953,26.293,18.793,3.063,250.0,250.0,79.998,23.858,8.794,74.346,51.315,31.817,19.498,31.440,7.424,0.898,6.526,6.522,0.000,0.000,0.000,0.000,31.0,
17.11.2025,12:33:48.061,14.953,25.968,18.508,3.053,250.0,250.0,82.868,23.735,8.832,74.038,51.142,31.713,19.429,31.336,7.196,0.733,6.463,6.463,0.001,0.000,0.000,0.000,31.0,
17.11.2025,12:33:49.061,20.391,29.371,21.680,3.183,250.0,250.0,80.464,88.330,8.966,73.424,50.876,31.547,19.329,31.158,117.518,33.659,83.859,432.962,0.000,0.000,0.000,0.000,31.0,
17.11.2025,12:33:50.062,24.469,29.873,22.228,3.208,250.0,250.0,82.489,24.021,8.939,74.953,51.768,32.098,19.670,31.722,7.296,0.822,6.474,6.471,0.000,0.000,0.000,0.000,31.0,
17.11.2025,12:33:51.060,33.985,26.648,19.099,3.114,250.0,250.0,80.771,41.679,8.922,69.170,48.226,29.898,18.328,29.533,103.024,31.658,71.366,6.667,0.000,0.000,0.000,0.000,31.0,
17.11.2025,12:33:52.060,10.875,25.731,18.194,3.111,250.0,250.0,79.349,23.927,9.071,74.395,51.513,31.948,19.565,31.559,7.343,0.809,6.534,6.530,0.000,0.000,0.000,0.000,31.0,
17.11.2025,12:33:53.062,19.032,26.906,19.319,3.104,250.0,250.0,83.134,23.759,8.984,73.978,51.206,31.756,19.450,31.367,7.191,0.728,6.463,6.463,0.000,0.000,0.000,0.000,31.0,
17.11.2025,12:33:54.061,25.829,25.795,18.267,3.126,250.0,250.0,83.531,42.063,8.912,73.422,50.832,31.522,19.310,31.133,99.338,24.757,74.581,6.828,0.000,0.000,0.000,0.000,31.0,
17.11.2025,12:33:55.060,17.672,24.854,17.296,3.095,250.0,250.0,79.462,24.050,8.879,74.917,51.716,32.072,19.644,31.683,7.454,0.838,6.616,6.683,0.000,0.000,0.000,0.000,31.0,
17.11.2025,12:33:56.056,20.391,27.588,20.083,3.041,250.0,250.0,80.378,24.214,8.865,75.693,52.210,32.376,19.834,31.987,7.345,0.839,6.506,6.489,0.000,0.000,0.000,0.000,31.0,
17.11.2025,12:33:57.062,21.750,25.716,18.191,3.081,250.0,250.0,83.834,41.857,8.935,74.177,51.299,31.807,19.492,31.418,97.294,23.735,73.559,6.853,0.000,0.000,0.000,0.000,31.0,
17.11.2025,12:33:58.061,12.235,27.036,19.547,3.050,250.0,250.0,80.212,23.728,8.885,73.963,51.128,31.701,19.427,31.325,7.192,0.729,6.463,6.471,0.001,0.000,0.000,0.000,31.0,
17.11.2025,12:33:59.061,21.750,28.974,21.480,3.076,250.0,250.0,82.991,29.193,8.861,59.395,42.169,26.148,16.021,25.832,35.373,11.726,23.647,42.762,0.000,0.000,0.000,0.000,31.0,
17.11.2025,12:34:0.062,23.110,25.970,18.465,3.045,250.0,250.0,79.078,24.487,8.901,76.545,52.755,32.715,20.040,32.327,7.508,0.935,6.573,6.573,0.000,0.000,0.000,0.000,31.0,
17.11.2025,12:34:1.054,14.953,25.594,18.122,3.052,250.0,250.0,79.779,24.000,8.903,74.938,51.747,32.088,19.659,31.699,7.244,0.781,6.463,6.480,0.000,0.000,0.000,0.000,31.0,
17.11.2025,12:34:2.062,27.188,27.476,19.950,3.044,250.0,250.0,83.524,22.891,8.894,54.496,39.166,24.287,14.879,23.995,7.692,1.040,6.652,47.814,0.000,0.000,0.000,0.000,31.0,
17.11.2025,12:34:3.061,19.032,25.925,18.450,3.043,250.0,250.0,79.816,23.993,8.901,74.820,51.686,32.052,19.634,31.663,7.309,0.753,6.556,6.556,0.000,0.000,0.000,0.000,31.0,
17.11.2025,12:34:4.054,16.313,28.931,21.448,3.035,250.0,250.0,79.399,23.968,8.949,74.766,51.687,32.048,19.639,31.671,7.221,0.741,6.480,6.480,0.000,0.000,0.000,0.000,31.0,
17.11.2025,12:34:5.054,12.235,27.185,19.702,3.079,250.0,250.0,83.604,25.778,8.923,75.434,52.059,32.277,19.782,31.889,15.392,2.009,13.383,6.633,0.000,0.000,0.000,0.000,31.0,
17.11.2025,12:34:6.062,24.469,26.290,18.800,3.053,250.0,250.0,79.631,23.504,8.935,73.038,50.588,31.373,19.215,30.996,7.209,0.729,6.480,6.480,0.000,0.000,0.000,0.000,31.0,
17.11.2025,12:34:7.060,19.032,28.623,21.124,3.043,250.0,250.0,83.302,71.700,9.008,65.402,45.955,28.497,17.458,28.144,28.795,8.393,20.402,464.942,0.000,0.000,0.000,0.000,31.0,
17.11.2025,12:34:8.054,21.750,26.920,19.469,3.013,250.0,250.0,79.638,24.067,8.876,75.038,51.792,32.115,19.677,31.726,7.402,0.760,6.642,6.642,0.000,0.000,0.000,0.000,31.0,
17.11.2025,12:34:9.058,14.953,26.337,18.875,3.044,250.0,250.0,80.204,23.984,8.843,74.876,51.678,32.042,19.636,31.653,7.285,0.738,6.547,6.547,0.000,0.000,0.000,0.000,31.0,
17.11.2025,12:34:10.056,19.032,26.035,18.551,3.052,250.0,250.0,82.789,63.821,8.854,79.371,54.461,33.768,20.693,33.367,7.192,0.729,6.463,393.308,0.000,0.000,0.000,0.000,31.0,
17.11.2025,12:34:11.059,21.750,23.846,16.398,3.037,250.0,250.0,80.560,23.881,8.852,74.268,51.301,31.816,19.485,31.427,7.529,0.845,6.684,6.598,0.000,0.000,2.125,0.000,31.0,
17.11.2025,12:34:12.053,12.235,27.477,19.958,3.053,250.0,250.0,80.362,24.171,8.905,75.614,52.172,32.359,19.813,31.970,7.201,0.730,6.471,6.471,0.000,0.000,0.000,0.000,31.0,
17.11.2025,12:34:13.061,28.547,26.340,18.858,3.053,250.0,250.0,83.586,32.107,8.946,69.976,48.745,30.220,18.525,29.855,54.112,19.952,34.160,6.582,0.000,0.000,0.000,0.000,31.0,
17.11.2025,12:34:14.062,23.110,26.578,19.132,3.035,250.0,250.0,80.094,24.183,9.049,75.476,52.162,32.352,19.810,31.963,7.250,0.736,6.514,6.514,0.000,0.000,0.000,0.000,31.0,
17.11.2025,12:34:15.061,23.110,25.285,17.791,3.050,250.0,250.0,80.018,24.489,9.038,76.703,52.929,32.823,20.106,32.434,7.193,0.730,6.463,6.471,0.000,0.000,0.000,0.000,31.0,
17.11.2025,12:34:16.057,10.875,27.730,20.246,3.015,250.0,250.0,83.644,40.473,8.953,75.633,52.216,32.380,19.836,31.991,88.448,19.144,69.304,6.828,0.000,0.000,0.000,0.000,31.0,
17.11.2025,12:34:17.061,17.672,26.457,18.986,3.056,250.0,250.0,80.074,24.220,8.954,75.763,52.297,32.433,19.864,32.044,7.192,0.729,6.463,6.463,0.000,0.000,0.000,0.000,31.0,
17.11.2025,12:34:18.068,20.391,26.019,18.521,3.055,250.0,250.0,81.830,28.416,8.854,66.375,46.455,28.802,17.653,28.462,7.477,0.980,6.497,72.606,0.000,0.000,0.000,0.000,31.0,
17.11.2025,12:34:19.061,16.313,26.946,19.384,3.090,250.0,250.0,80.070,35.775,8.834,76.316,52.542,32.582,19.960,32.194,64.273,10.328,53.945,6.777,0.000,0.000,0.000,0.000,31.0,
17.11.2025,12:34:20.062,14.953,26.013,18.553,3.057,250.0,250.0,80.087,24.023,8.909,74.946,51.769,32.105,19.664,31.716,7.280,0.750,6.530,6.565,0.000,0.000,0.000,0.000,31.0,
17.11.2025,12:34:21.062,12.235,26.189,18.690,3.056,250.0,250.0,80.207,24.020,8.920,75.011,51.808,32.123,19.685,31.746,7.210,0.730,6.480,6.489,0.000,0.000,0.125,0.000,31.0,
17.11.2025,12:34:22.061,21.750,27.814,20.305,3.041,250.0,250.0,83.381,29.146,8.892,48.659,35.614,22.078,13.536,21.810,7.549,0.763,6.786,125.774,0.000,0.000,0.000,0.000,31.0,
17.11.2025,12:34:23.061,20.391,27.796,20.320,3.051,250.0,250.0,80.062,24.557,9.038,76.883,53.038,32.887,20.151,32.486,7.268,0.738,6.530,6.547,0.000,0.000,0.000,0.000,31.0,
17.11.2025,12:34:24.060,12.235,27.925,20.459,3.032,250.0,250.0,80.210,24.233,8.952,75.823,52.325,32.445,19.880,32.056,7.184,0.730,6.454,6.480,0.000,0.000,0.000,0.000,31.0,
17.11.2025,12:34:25.059,20.391,25.640,18.164,3.037,250.0,250.0,81.562,47.326,8.834,75.603,52.131,32.326,19.805,31.937,122.853,34.092,88.761,6.922,0.000,0.000,0.000,0.000,31.0,
17.11.2025,12:34:26.056,20.391,26.538,19.138,3.004,250.0,250.0,79.903,24.238,8.807,75.883,52.281,32.424,19.857,32.035,7.288,0.774,6.514,6.514,0.000,0.000,0.000,0.000,31.0,
17.11.2025,12:34:27.061,21.750,25.782,18.278,3.052,250.0,250.0,83.806,45.504,8.842,74.100,51.201,31.748,19.453,31.359,115.763,31.082,84.681,6.811,0.000,0.000,0.000,0.000,31.0,
17.11.2025,12:34:28.062,27.188,25.775,18.323,3.023,250.0,250.0,79.947,23.708,8.866,73.731,50.975,31.610,19.365,31.233,7.371,0.811,6.560,6.556,0.000,0.000,0.000,0.000,31.0,
17.11.2025,12:34:29.061,13.594,26.015,18.541,3.025,250.0,250.0,80.242,24.238,8.872,75.844,52.292,32.418,19.874,32.029,7.275,0.767,6.508,6.505,0.000,0.000,0.000,0.000,31.0,
17.11.2025,12:34:30.062,13.594,27.909,20.439,3.018,250.0,250.0,80.608,22.560,8.844,69.493,48.365,29.994,18.371,29.629,7.214,0.734,6.480,6.480,0.000,0.000,0.000,0.000,31.0,
17.11.2025,12:34:31.054,20.391,25.900,18.457,3.018,250.0,250.0,78.045,22.286,8.841,68.418,47.718,29.587,18.131,29.234,7.223,0.734,6.489,6.489,0.000,0.000,0.000,0.000,31.0,
17.11.2025,12:34:32.060,9.516,25.796,18.395,3.006,250.0,250.0,77.698,22.274,8.844,68.413,47.703,29.585,18.118,29.232,7.191,0.728,6.463,6.463,0.000,0.000,0.000,0.000,31.0,
17.11.2025,12:34:33.060,23.110,23.879,16.372,3.029,250.0,250.0,79.086,47.319,8.898,80.762,55.348,34.313,21.035,33.900,116.245,32.942,83.303,6.446,0.000,0.000,0.000,0.000,31.0,
17.11.2025,12:34:34.056,21.750,23.830,16.399,3.005,250.0,250.0,80.001,22.769,8.879,70.078,48.762,30.242,18.520,29.877,7.403,0.881,6.522,6.522,0.000,0.000,0.000,0.000,31.0,
17.11.2025,12:34:35.058,20.391,24.598,17.194,2.995,250.0,250.0,74.099,22.273,8.953,68.281,47.690,29.572,18.118,29.208,7.212,0.732,6.480,6.480,0.000,0.000,0.000,0.500,31.0,
17.11.2025,12:34:36.061,31.266,25.072,17.685,2.977,250.0,250.0,74.015,37.218,9.023,68.244,47.697,29.581,18.116,29.228,81.944,29.001,52.943,6.403,0.000,0.000,0.000,0.000,31.0,
17.11.2025,12:34:37.062,17.672,24.562,17.146,2.985,250.0,250.0,74.228,44.234,9.124,68.194,47.746,29.609,18.137,29.244,116.933,33.262,83.671,6.420,0.000,0.000,0.000,0.000,31.0,
17.11.2025,12:34:38.057,28.547,27.574,20.095,3.026,250.0,250.0,73.782,24.351,9.066,76.093,52.576,32.606,19.970,32.217,7.253,0.779,6.474,6.471,0.000,0.000,0.000,0.000,31.0,
17.11.2025,12:34:39.062,19.032,28.046,20.497,3.082,250.0,250.0,83.336,44.699,8.986,75.019,51.849,32.152,19.697,31.763,110.545,33.792,76.753,6.438,0.000,0.000,0.000,0.000,31.0,
17.11.2025,12:34:40.053,36.704,29.810,21.861,3.419,250.0,250.0,80.606,47.985,8.968,76.049,52.497,32.549,19.948,32.160,125.543,34.796,90.747,6.590,0.000,0.000,0.000,0.000,31.0,
17.11.2025,12:34:41.060,20.391,28.801,20.971,3.386,250.0,250.0,79.670,23.449,8.966,72.722,50.415,31.260,19.155,30.883,7.286,0.781,6.505,6.522,0.000,0.000,0.000,0.000,31.0,
17.11.2025,12:34:42.055,14.953,26.182,18.710,3.059,250.0,250.0,82.545,23.644,8.955,73.576,50.940,31.590,19.350,31.201,7.182,0.728,6.454,6.463,0.000,0.000,0.000,0.000,31.0,
17.11.2025,12:34:43.056,13.594,26.978,19.471,3.054,250.0,250.0,79.166,28.172,9.076,77.148,53.240,33.017,20.223,32.616,24.790,3.286,21.504,6.820,0.000,0.000,0.000,0.000,31.0,
17.11.2025,12:34:44.060,12.235,27.680,20.159,3.055,250.0,250.0,80.277,23.488,9.038,72.723,50.484,31.297,19.187,30.920,7.333,0.799,6.534,6.565,0.000,0.000,0.000,0.000,31.0,
17.11.2025,12:34:45.054,10.875,27.856,20.327,3.080,250.0,250.0,80.931,23.957,8.977,74.729,51.667,32.038,19.629,31.650,7.197,0.734,6.463,6.480,0.000,0.000,0.000,0.000,31.0,
17.11.2025,12:34:46.060,10.875,24.625,17.187,3.038,250.0,250.0,82.114,44.336,9.041,75.104,51.937,32.205,19.732,31.816,108.339,29.126,79.213,6.845,0.000,0.000,0.000,0.000,31.0,
17.11.2025,12:34:47.059,9.516,26.565,19.056,3.085,250.0,250.0,80.125,24.189,8.992,75.456,52.126,32.331,19.795,31.942,7.331,0.813,6.518,6.582,0.000,0.000,0.000,0.000,31.0,
17.11.2025,12:34:48.060,16.313,25.986,18.430,3.078,250.0,250.0,81.296,24.175,8.943,75.579,52.179,32.351,19.828,31.962,7.218,0.755,6.463,6.471,0.000,0.000,0.000,0.000,31.0,
17.11.2025,12:34:49.061,23.110,25.532,18.042,3.100,250.0,250.0,82.436,83.814,8.941,73.351,50.810,31.502,19.308,31.125,94.198,30.454,63.744,434.709,0.000,0.000,0.000,0.000,31.0,
17.11.2025,12:34:50.060,12.235,26.521,18.994,3.080,250.0,250.0,80.323,24.013,8.882,74.850,51.693,32.059,19.634,31.670,7.365,0.796,6.569,6.616,0.000,0.000,0.000,0.500,31.0,
17.11.2025,12:34:51.061,24.469,26.450,18.945,3.069,250.0,250.0,80.126,24.073,8.967,75.152,51.924,32.205,19.719,31.815,7.245,0.781,6.464,6.463,0.000,0.000,0.000,1.250,31.0,
17.11.2025,12:34:52.053,19.032,26.361,18.843,3.059,250.0,250.0,83.266,24.247,8.915,75.758,52.279,32.417,19.862,32.028,7.342,0.809,6.533,6.530,0.000,0.000,0.000,0.000,31.0,
17.11.2025,12:34:53.061,20.391,26.869,19.323,3.097,250.0,250.0,80.694,24.207,8.893,75.718,52.249,32.405,19.844,32.015,7.242,0.778,6.464,6.463,0.000,0.000,0.000,0.000,31.0,
17.11.2025,12:34:54.055,19.032,26.686,19.154,3.078,250.0,250.0,83.172,47.388,8.891,73.614,50.931,31.585,19.346,31.196,125.742,34.788,90.954,6.828,0.000,0.000,0.000,0.000,31.0,
17.11.2025,12:34:55.062,24.469,25.463,17.998,3.054,250.0,250.0,79.919,23.939,8.869,74.697,51.593,31.996,19.597,31.607,7.274,0.794,6.480,6.480,0.000,0.000,0.000,0.000,31.0,
17.11.2025,12:34:56.060,17.672,26.419,18.917,3.039,250.0,250.0,79.406,23.656,8.798,73.757,50.962,31.601,19.361,31.212,7.201,0.730,6.471,6.471,0.000,0.000,0.000,0.000,31.0,
17.11.2025,12:34:57.062,12.235,27.278,19.825,3.055,250.0,250.0,82.880,29.006,8.828,70.748,49.141,30.471,18.670,30.094,37.591,12.923,24.668,6.930,0.001,0.000,0.000,0.000,31.0,
17.11.2025,12:34:58.061,14.953,25.411,17.939,3.035,250.0,250.0,79.575,23.966,8.872,74.667,51.576,31.977,19.599,31.588,7.363,0.747,6.616,6.650,0.000,0.000,0.000,0.000,31.0,
17.11.2025,12:34:59.061,13.594,27.097,19.595,3.036,250.0,250.0,79.846,23.968,8.955,74.795,51.689,32.049,19.640,31.660,7.195,0.732,6.463,6.505,0.000,0.000,0.000,0.000,31.0,
17.11.2025,12:35:0.061,12.235,26.040,18.606,3.009,250.0,250.0,79.583,23.994,9.026,74.826,51.761,32.104,19.657,31.715,7.183,0.729,6.454,6.489,0.000,0.000,0.000,0.000,31.0,
17.11.2025,12:35:1.061,10.875,26.270,18.796,3.074,250.0,250.0,82.705,35.857,8.961,55.195,39.645,24.585,15.060,24.281,28.007,8.017,19.990,134.830,0.000,0.000,0.000,0.000,31.0,
17.11.2025,12:35:2.061,17.672,26.399,18.916,3.036,250.0,250.0,81.103,24.167,8.904,75.500,52.107,32.307,19.800,31.918,7.277,0.747,6.530,6.582,0.000,0.000,2.250,0.000,31.0,
17.11.2025,12:35:3.062,19.032,26.814,19.328,3.061,250.0,250.0,80.554,23.993,8.904,74.917,51.748,32.091,19.657,31.702,7.204,0.733,6.471,6.505,0.000,0.000,0.000,0.000,31.0,
17.11.2025,12:35:4.061,21.750,24.301,16.792,3.035,250.0,250.0,80.168,23.749,8.887,74.039,51.189,31.736,19.453,31.359,7.183,0.729,6.454,6.463,0.000,0.000,0.000,0.000,31.0,
17.11.2025,12:35:5.061,16.313,25.606,18.194,3.028,250.0,250.0,84.278,25.531,8.903,74.476,51.479,31.920,19.559,31.531,15.284,1.996,13.288,6.878,0.000,0.000,2.125,0.000,31.0,
17.11.2025,12:35:6.060,19.032,27.630,20.103,3.046,250.0,250.0,80.213,23.915,8.954,74.527,51.534,31.961,19.573,31.572,7.241,0.736,6.505,6.547,0.000,0.000,0.000,0.000,31.0,
17.11.2025,12:35:7.061,21.750,26.608,19.159,3.038,250.0,250.0,83.698,47.879,8.891,75.960,52.374,32.482,19.892,32.093,125.318,34.748,90.570,6.463,0.000,0.000,0.000,0.000,31.0,
17.11.2025,12:35:8.061,19.032,26.145,18.643,3.035,250.0,250.0,83.698,47.879,8.891,75.960,52.374,32.482,19.892,32.093,125.318,34.748,90.570,6.463,0.000,0.000,0.000,0.000,31.0,
17.11.2025,12:35:9.061,23.110,25.463,18.021,3.040,250.0,250.0,80.155,24.386,8.882,76.427,52.671,32.662,20.009,32.261,7.234,0.787,6.447,6.480,0.000,0.000,0.000,0.000,31.0,
17.11.2025,12:35:10.062,12.235,24.980,17.520,3.031,250.0,250.0,80.155,24.386,8.882,76.427,52.671,32.662,20.009,32.261,7.234,0.787,6.447,6.480,0.000,0.000,0.000,0.000,31.0,
17.11.2025,12:35:11.061,21.750,25.811,18.328,3.038,250.0,250.0,80.021,37.579,8.796,76.154,52.453,32.529,19.924,32.140,7.314,0.749,6.565,6.582,0.000,0.000,0.000,0.000,31.0,
17.11.2025,12:35:12.061,19.032,24.361,16.957,3.004,250.0,250.0,80.021,24.320,8.796,76.154,52.453,32.529,19.924,32.140,7.314,0.749,6.565,6.582,0.000,0.000,0.000,0.000,31.0,
17.11.2025,12:35:13.061,10.875,28.361,20.821,3.048,250.0,250.0,79.582,24.036,8.785,75.185,51.832,32.145,19.687,31.756,7.237,0.740,6.497,6.497,0.000,0.000,0.000,0.000,31.0,
17.11.2025,12:35:14.061,16.313,25.371,17.928,3.017,250.0,250.0,83.487,41.853,8.878,73.376,50.780,31.491,19.289,31.114,98.542,31.104,67.438,6.522,0.000,0.000,0.000,0.000,31.0,
17.11.2025,12:35:15.056,28.547,27.561,20.085,3.050,250.0,250.0,80.239,24.300,8.938,75.873,52.362,32.469,19.893,32.068,7.382,0.749,6.633,6.633,0.000,0.000,0.000,0.000,31.0,
17.11.2025,12:35:16.054,17.672,25.936,18.445,3.022,250.0,250.0,80.366,24.485,8.892,76.784,52.901,32.808,20.093,32.406,7.237,0.740,6.497,6.497,0.000,0.000,0.000,0.000,31.0,
17.11.2025,12:35:17.062,14.953,27.222,19.779,3.048,250.0,250.0,82.214,22.218,8.821,68.201,47.582,29.503,18.079,29.150,7.192,0.729,6.463,6.463,0.000,0.000,0.000,0.000,31.0,
17.11.2025,12:35:18.061,21.750,28.460,20.919,3.047,250.0,250.0,82.304,27.252,8.852,75.049,51.807,32.124,19.683,31.736,23.350,3.117,20.233,6.565,0.000,0.000,0.000,0.000,31.0,
17.11.2025,12:35:19.061,16.313,26.169,18.703,3.050,250.0,250.0,79.658,24.500,8.829,76.883,52.938,32.825,20.113,32.424,7.242,0.737,6.505,6.505,0.000,0.000,0.000,0.000,31.0,
17.11.2025,12:35:20.055,20.391,25.472,18.008,3.038,250.0,250.0,84.138,45.784,8.911,73.671,50.991,31.620,19.371,31.231,117.706,33.580,84.126,6.633,0.000,0.000,0.000,0.000,31.0,
17.11.2025,12:35:21.056,16.313,26.541,19.056,3.029,250.0,250.0,80.360,23.656,8.887,73.607,50.923,31.572,19.351,31.195,7.254,0.740,6.514,6.514,0.000,0.000,0.000,0.000,31.0,
17.11.2025,12:35:22.060,21.750,24.553,17.153,3.007,250.0,250.0,83.656,66.062,8.900,71.609,49.706,30.820,18.886,30.455,111.019,32.543,78.476,228.211,0.000,0.000,0.000,0.000,31.0,
17.11.2025,12:35:23.062,20.391,27.566,20.097,3.046,250.0,250.0,79.695,25.763,8.986,75.252,51.993,32.248,19.745,31.859,15.440,2.030,13.410,6.667,0.000,0.000,0.000,0.000,31.0,
17.11.2025,12:35:24.061,13.594,25.999,18.521,3.035,250.0,250.0,79.785,23.988,8.914,74.787,51.667,32.031,19.636,31.642,7.317,0.744,6.573,6.573,0.000,0.000,0.000,0.000,31.0,
17.11.2025,12:35:25.060,17.672,26.501,18.961,3.073,250.0,250.0,79.744,23.897,8.923,74.513,51.495,31.937,19.558,31.548,7.245,0.740,6.505,6.505,0.000,0.000,0.000,0.000,31.0,
17.11.2025,12:35:26.061,8.156,26.315,18.857,3.020,250.0,250.0,80.973,24.162,8.839,75.649,52.145,32.334,19.811,31.945,7.210,0.730,6.480,6.480,0.000,0.000,0.000,0.000,31.0,
17.11.2025,12:35:27.060,24.469,25.884,18.429,3.029,250.0,250.0,83.527,15.655,8.815,43.015,32.124,19.916,12.208,19.672,7.170,0.724,6.446,6.463,0.000,0.000,0.000,0.000,31.0,
17.11.2025,12:35:28.058,23.110,24.710,17.238,3.041,250.0,250.0,79.615,40.442,8.824,76.110,52.400,32.494,19.906,32.105,88.070,29.749,58.321,6.446,0.000,0.000,0.000,0.000,31.0,
17.11.2025,12:35:29.057,19.032,26.941,19.470,3.049,250.0,250.0,79.882,23.582,8.790,73.377,50.707,31.449,19.258,31.073,7.317,0.787,6.530,6.530,0.000,0.000,0.000,0.000,31.0,
17.11.2025,12:35:30.065,19.032,26.818,19.381,3.023,250.0,250.0,79.856,24.215,8.793,75.893,52.277,32.421,19.856,32.032,7.200,0.729,6.471,6.480,0.000,0.000,0.000,0.000,31.0,
17.11.2025,12:35:31.061,16.313,26.110,18.605,3.038,250.0,250.0,83.302,18.612,8.853,54.301,39.083,24.232,14.851,23.939,7.203,0.757,6.446,6.454,0.000,0.000,0.000,0.000,31.0,
17.11.2025,12:35:32.061,16.313,26.110,18.605,3.038,250.0,250.0,79.850,24.387,8.805,76.423,52.603,32.619,19.984,32.230,7.315,0.790,6.525,6.573,0.000,0.000,0.000,0.000,31.0,
17.11.2025,12:35:33.061,20.391,24.911,17.484,3.022,250.0,250.0,80.093,38.073,8.803,68.473,47.704,29.583,18.121,29.230,86.192,29.361,56.831,6.438,0.000,0.000,0.000,0.000,31.0,
17.11.2025,12:35:34.060,10.875,25.364,17.884,3.004,250.0,250.0,78.021,32.099,8.765,69.004,48.025,29.780,18.245,29.427,55.470,8.683,46.787,6.802,0.000,0.000,0.000,0.000,31.0,
17.11.2025,12:35:35.062,21.750,24.686,17.267,2.990,250.0,250.0,77.398,22.680,8.756,69.933,48.588,30.135,18.453,29.771,7.305,0.749,6.556,6.556,0.000,0.000,0.000,0.000,31.0,
17.11.2025,12:35:36.060,16.313,25.372,17.917,3.009,250.0,250.0,77.695,22.817,8.767,70.558,48.995,30.382,18.613,30.017,7.188,0.734,6.454,6.463,0.000,0.000,0.000,0.000,31.0,
17.11.2025,12:35:37.061,17.672,25.070,17.699,2.998,250.0,250.0,77.779,13.589,8.754,34.928,27.096,16.802,10.294,16.607,7.493,0.793,6.700,6.420,0.000,0.000,0.000,0.000,31.0,
17.11.2025,12:35:38.061,17.672,26.696,19.271,2.991,250.0,250.0,71.959,22.243,8.791,68.347,47.646,29.543,18.103,29.179,7.182,0.728,6.454,6.454,0.000,0.000,0.000,0.000,31.0,
17.11.2025,12:35:39.055,13.594,24.760,17.379,2.997,250.0,250.0,70.979,22.262,8.779,68.404,47.667,29.553,18.114,29.200,7.216,0.745,6.471,6.471,0.000,0.000,0.375,0.000,31.0,
17.11.2025,12:35:40.055,14.953,27.573,20.085,3.053,250.0,250.0,76.917,13.553,8.730,35.157,27.226,16.885,10.341,16.678,7.077,0.716,6.361,6.361,0.000,0.000,0.000,0.000,31.0,
17.11.2025,12:35:41.068,9.516,17.804,9.173,3.401,250.0,250.0,40.938,10.573,4.063,28.512,20.201,12.526,7.675,12.380,7.032,0.722,6.310,6.310,0.000,0.002,0.000,0.000,31.0,
17.11.2025,12:35:42.061,2.719,19.810,9.942,3.281,250.0,250.0,29.065,7.180,3.256,16.363,12.168,7.545,4.623,7.460,7.052,0.736,6.316,6.276,0.000,0.000,0.000,0.000,31.0,
17.11.2025,12:35:43.058,2.719,15.496,6.110,3.027,250.0,250.0,19.990,6.424,3.040,13.757,10.420,6.457,3.963,6.384,6.978,0.711,6.267,6.267,0.000,0.000,0.000,0.000,31.0,
17.11.2025,12:35:44.062,4.078,11.549,2.544,2.831,250.0,250.0,17.309,6.631,3.137,14.468,10.923,6.776,4.147,6.691,6.957,0.707,6.250,6.250,0.000,0.000,0.000,1.875,31.0,
17.11.2025,12:35:45.056,1.359,14.198,5.024,2.988,250.0,250.0,17.886,6.568,3.148,14.232,10.787,6.690,4.097,6.605,6.941,0.707,6.234,6.234,0.000,0.000,0.000,0.000,31.0,
17.11.2025,12:35:46.057,1.359,11.220,2.251,2.808,250.0,250.0,17.996,7.280,3.221,16.890,12.468,7.738,4.730,7.640,6.940,0.706,6.234,6.234,0.000,0.000,0.000,0.000,31.0,
17.11.2025,12:35:47.055,1.359,11.797,2.822,2.846,250.0,250.0,17.439,6.990,3.209,15.775,11.778,7.302,4.476,7.216,6.955,0.739,6.216,6.234,0.000,0.000,0.000,0.000,31.0,
17.11.2025,12:35:48.062,1.359,11.240,2.267,2.837,250.0,250.0,17.681,6.454,3.005,13.968,10.533,6.533,4.000,6.447,6.922,0.706,6.216,6.208,0.000,0.000,0.000,0.000,31.0,
17.11.2025,12:35:49.066,1.359,11.577,2.563,2.840,250.0,250.0,17.888,6.394,2.956,13.796,10.402,6.449,3.953,6.364,6.910,0.702,6.208,6.199,0.000,0.000,0.000,0.000,31.0,
17.11.2025,12:35:50.063,1.359,13.314,4.285,2.895,250.0,250.0,17.735,6.422,3.125,13.757,10.468,6.494,3.974,6.421,6.901,0.702,6.199,6.182,0.000,0.000,0.000,0.000,31.0,
17.11.2025,12:35:51.063,1.359,12.522,3.487,2.889,250.0,250.0,19.821,9.474,3.751,24.774,17.692,10.967,6.725,10.845,6.892,0.702,6.190,6.199,0.000,0.001,0.000,0.000,31.0,
17.11.2025,12:35:52.062,2.719,18.798,9.409,3.111,250.0,250.0,22.910,6.463,3.187,13.869,10.578,6.555,4.023,6.481,6.882,0.700,6.182,6.174,0.000,0.000,0.000,0.000,31.0,
17.11.2025,12:35:53.062,13.594,12.898,3.855,2.912,250.0,250.0,19.923,7.645,3.100,18.469,13.366,8.283,5.083,8.185,6.889,0.707,6.182,6.182,0.000,0.000,0.000,0.000,31.0,
17.11.2025,12:35:54.061,5.438,15.611,6.405,3.010,250.0,250.0,22.703,9.250,3.800,23.918,17.183,10.657,6.526,10.534,6.855,0.697,6.158,6.174,0.000,0.000,0.000,0.000,31.0,
17.11.2025,12:35:55.062,1.359,16.487,7.291,2.923,250.0,250.0,24.074,9.058,3.658,23.256,16.686,10.342,6.344,10.220,6.959,0.806,6.153,6.158,0.000,0.000,0.000,0.000,31.0,
17.11.2025,12:35:56.055,1.359,11.439,2.407,2.869,250.0,250.0,21.852,6.381,3.053,13.710,10.402,6.449,3.953,6.376,6.865,0.700,6.165,6.140,0.000,0.000,0.000,0.000,31.0,
17.11.2025,12:35:57.064,1.359,12.194,3.100,2.911,250.0,250.0,20.323,6.262,2.943,13.391,10.129,6.288,3.841,6.215,6.837,0.697,6.140,6.140,0.000,0.000,0.000,0.000,31.0,
17.11.2025,12:35:58.070,10.875,11.384,2.330,2.884,250.0,250.0,21.115,11.957,3.947,34.127,23.591,14.628,8.963,14.445,6.865,0.725,6.140,6.140,0.000,0.000,0.000,0.000,31.0,
17.11.2025,12:35:59.059,9.516,13.863,4.783,2.938,250.0,250.0,24.336,6.426,2.966,14.014,10.533,6.533,4.000,6.459,6.817,0.694,6.123,6.123,0.000,0.000,0.000,0.000,31.0,
17.11.2025,12:36:0.055,1.359,13.103,3.994,2.903,250.0,250.0,17.640,6.813,3.101,15.374,11.452,7.101,4.351,7.015,6.808,0.694,6.114,6.114,0.000,0.000,0.000,0.000,31.0,
17.11.2025,12:36:1.063,2.719,12.021,2.992,2.893,250.0,250.0,18.090,6.684,3.041,14.934,11.157,6.912,4.245,6.826,6.806,0.692,6.114,6.114,0.000,0.000,0.000,0.000,31.0,
17.11.2025,12:36:2.062,2.719,11.565,2.495,2.895,250.0,250.0,22.920,13.184,4.260,38.534,26.512,16.442,10.070,16.247,6.836,0.719,6.117,6.106,0.000,0.000,0.000,0.000,31.0,
Date,Time,"VR VCC 전류 (SVID IOUT) [A]","CPU 패키지 전력 소비 [W]","IA 코어 전력 소비 [W]","시스템 에이전트 전력 소비 [W]","PL1 전력 제한 (Static) [W]","PL2 전력 제한 (Static) [W]","GPU 전력 소비 [W]","GPU 라인 전력 소비 (avg) [W]","GPU PCIe +12V 입력 전력 소비 [W]","GPU 12VHPWR 전력 소비 [W]","GPU Unknown Rail (D6) 전력 소비 (sum) [W]","GPU Core (NVVDD) 입력 전력 소비 (sum) [W]","GPU Unknown Rail (D4) 전력 소비 (sum) [W]","GPU Misc0 입력 전력 소비 (sum) [W]","GPU Unknown Rail (D) 전력 소비 (sum) [W]","GPU Unknown Rail (10) 전력 소비 [W]","GPU Core (NVVDD) 출력 전력 소비 [W]","GPU Core (NVVDD) 출력 전력 소비 [W]","나머지 칩 전력 소비 [W]","PCH 전력 소비 [W]","총 전력 소비 [W]","총 전력 소비 [W]","T3 [°C]",
,,CPU [#0]: Intel Core Ultra 7 265KF: Enhanced,CPU [#0]: Intel Core Ultra 7 265KF: Enhanced,CPU [#0]: Intel Core Ultra 7 265KF: Enhanced,CPU [#0]: Intel Core Ultra 7 265KF: Enhanced,CPU [#0]: Intel Core Ultra 7 265KF: Enhanced,CPU [#0]: Intel Core Ultra 7 265KF: Enhanced,GPU [#1]: NVIDIA GeForce RTX 5090: GIGABYTE GeForce RTX 5090 GAMING OC 32G (GV-N5090GAMING OC-32GD),GPU [#1]: NVIDIA GeForce RTX 5090: GIGABYTE GeForce RTX 5090 GAMING OC 32G (GV-N5090GAMING OC-32GD),GPU [#1]: NVIDIA GeForce RTX 5090: GIGABYTE GeForce RTX 5090 GAMING OC 32G (GV-N5090GAMING OC-32GD),GPU [#1]: NVIDIA GeForce RTX 5090: GIGABYTE GeForce RTX 5090 GAMING OC 32G (GV-N5090GAMING OC-32GD),GPU [#1]: NVIDIA GeForce RTX 5090: GIGABYTE GeForce RTX 5090 GAMING OC 32G (GV-N5090GAMING OC-32GD),GPU [#1]: NVIDIA GeForce RTX 5090: GIGABYTE GeForce RTX 5090 GAMING OC 32G (GV-N5090GAMING OC-32GD),GPU [#1]: NVIDIA GeForce RTX 5090: GIGABYTE GeForce RTX 5090 GAMING OC 32G (GV-N5090GAMING OC-32GD),GPU [#1]: NVIDIA GeForce RTX 5090: GIGABYTE GeForce RTX 5090 GAMING OC 32G (GV-N5090GAMING OC-32GD),GPU [#1]: NVIDIA GeForce RTX 5090: GIGABYTE GeForce RTX 5090 GAMING OC 32G (GV-N5090GAMING OC-32GD),GPU [#1]: NVIDIA GeForce RTX 5090: GIGABYTE GeForce RTX 5090 GAMING OC 32G (GV-N5090GAMING OC-32GD),GPU [#1]: NVIDIA GeForce RTX 5090: GIGABYTE GeForce RTX 5090 GAMING OC 32G (GV-N5090GAMING OC-32GD),GPU [#1]: NVIDIA GeForce RTX 5090: GIGABYTE GeForce RTX 5090 GAMING OC 32G (GV-N5090GAMING OC-32GD),CPU [#0]: Intel Core Ultra 7 265KF: Enhanced,CPU [#0]: Intel Core Ultra 7 265KF: Enhanced,DDR5 DIMM [#1]: Micron CP32G64C40U5B.M8B1 (BANK 1/DIMMB2),DDR5 DIMM [#3]: Micron CP32G64C40U5B.M8B1 (BANK 0/DIMMA2),NUC126,
