Date,Time,"VR VCC 전류 (SVID IOUT) [A]","CPU 패키지 전력 소비 [W]","IA 코어 전력 소비 [W]","시스템 에이전트 전력 소비 [W]","PL1 전력 제한 (Static) [W]","PL2 전력 제한 (Static) [W]","GPU 전력 소비 [W]","GPU 라인 전력 소비 (avg) [W]","GPU PCIe +12V 입력 전력 소비 [W]","GPU 12VHPWR 전력 소비 [W]","GPU Unknown Rail (D6) 전력 소비 (sum) [W]","GPU Core (NVVDD) 입력 전력 소비 (sum) [W]","GPU Unknown Rail (D4) 전력 소비 (sum) [W]","GPU Misc0 입력 전력 소비 (sum) [W]","GPU Unknown Rail (D) 전력 소비 (sum) [W]","GPU Unknown Rail (10) 전력 소비 [W]","GPU Core (NVVDD) 출력 전력 소비 [W]","GPU Core (NVVDD) 출력 전력 소비 [W]","PCH 전력 소비 [W]","나머지 칩 전력 소비 [W]","총 전력 소비 [W]","총 전력 소비 [W]","T3 [°C]",
6.11.2025,18:16:17.819,4.078,10.664,2.167,2.712,250.0,250.0,8.033,2.083,2.490,1.190,2.296,1.424,0.872,1.399,3.852,0.395,3.457,3.457,0.000,0.000,0.000,0.000,57.0,
6.11.2025,18:16:18.816,2.719,14.095,5.560,2.771,250.0,250.0,8.946,3.793,2.709,7.482,6.324,3.922,2.402,3.873,3.879,0.406,3.473,3.457,0.000,0.000,0.000,0.000,57.0,
6.11.2025,18:16:19.815,29.907,15.625,6.900,2.798,250.0,250.0,14.199,4.373,2.770,9.641,7.697,4.780,2.917,4.719,3.867,0.402,3.465,3.473,0.000,0.000,0.000,0.000,57.0,
6.11.2025,18:16:20.816,29.907,29.581,20.711,2.994,250.0,250.0,16.541,6.857,3.378,18.468,13.560,8.411,5.149,8.300,3.916,0.444,3.472,3.473,0.000,0.000,0.000,0.000,57.0,
6.11.2025,18:16:21.811,25.829,34.432,25.368,3.187,250.0,250.0,28.079,23.228,8.740,73.038,50.730,31.448,19.282,31.068,6.167,0.549,5.618,5.638,0.000,0.000,0.000,0.000,57.0,
6.11.2025,18:16:22.819,21.750,23.814,16.174,3.271,250.0,250.0,86.668,25.910,8.742,79.266,54.592,33.850,20.742,33.434,9.760,0.745,9.015,8.955,0.000,0.000,0.000,0.000,57.0,
6.11.2025,18:16:23.811,28.547,22.979,16.077,3.041,250.0,250.0,88.057,19.230,8.747,55.060,39.578,24.535,15.043,24.241,9.710,0.731,8.979,5.679,0.000,0.000,0.000,0.000,57.0,
6.11.2025,18:16:24.819,21.750,25.454,18.500,3.057,250.0,250.0,67.027,18.929,8.745,56.518,40.489,25.102,15.387,24.796,6.288,0.599,5.689,5.679,0.000,0.000,0.000,0.000,57.0,
6.11.2025,18:16:25.820,36.704,26.120,19.335,2.965,250.0,250.0,64.627,19.190,8.749,57.512,41.096,25.478,15.618,25.172,6.292,0.606,5.686,5.688,0.000,0.000,0.000,0.000,57.0,
6.11.2025,18:16:26.811,47.579,29.886,22.655,3.271,250.0,250.0,71.500,20.859,8.764,63.564,44.853,27.815,17.038,27.472,6.683,0.865,5.818,5.718,0.000,0.000,1.625,0.000,57.0,
6.11.2025,18:16:27.820,28.547,41.203,33.556,3.575,250.0,250.0,83.867,19.276,8.735,57.642,41.164,25.524,15.640,25.218,6.536,0.667,5.869,5.768,0.000,0.000,0.625,0.000,57.0,
6.11.2025,18:16:28.818,36.704,29.679,22.531,3.185,250.0,250.0,91.120,34.903,8.794,88.070,59.867,37.121,22.746,36.670,44.960,5.730,39.230,5.839,0.000,0.000,0.000,0.000,57.0,
6.11.2025,18:16:29.810,27.188,37.756,30.434,3.309,250.0,250.0,94.135,26.950,8.741,87.240,59.322,36.786,22.536,36.335,6.369,0.570,5.799,5.799,0.000,0.000,0.000,0.000,57.0,
6.11.2025,18:16:30.810,20.391,29.025,21.951,3.113,250.0,250.0,79.734,11.602,8.714,30.590,24.383,15.117,9.266,14.934,4.486,0.438,4.048,4.048,0.000,0.000,0.000,0.000,57.0,
6.11.2025,18:16:31.812,25.829,31.615,24.424,3.201,250.0,250.0,69.918,20.874,8.728,66.419,46.422,28.785,17.637,28.444,4.274,0.508,3.766,3.758,0.000,0.000,0.000,0.000,57.0,
6.11.2025,18:16:32.839,32.625,27.136,20.185,3.049,250.0,250.0,72.016,20.528,8.755,65.312,45.759,28.375,17.384,28.033,4.024,0.414,3.610,3.610,0.000,0.000,0.000,1.125,57.0,
6.11.2025,18:16:33.831,36.704,27.506,20.466,3.061,250.0,250.0,67.553,16.186,8.718,47.834,35.004,21.699,13.305,21.443,4.833,0.811,4.022,4.192,0.000,0.000,0.125,0.000,57.0,
6.11.2025,18:16:35.829,40.782,26.568,19.576,3.089,250.0,250.0,68.673,12.758,8.698,35.362,27.315,16.938,10.377,16.730,4.246,0.520,3.726,3.669,0.000,0.000,0.000,0.000,57.0,
6.11.2025,18:16:36.826,38.063,29.065,21.950,3.141,250.0,250.0,67.263,21.275,8.721,67.525,47.106,29.208,17.898,28.867,4.881,0.921,3.960,3.660,0.000,0.000,0.000,0.000,57.0,
6.11.2025,18:16:37.828,19.032,30.172,23.047,3.125,250.0,250.0,71.493,20.210,8.729,64.094,44.982,27.899,17.083,27.558,4.050,0.416,3.634,3.651,0.000,0.000,0.000,0.000,57.0,
6.11.2025,18:16:38.827,24.469,27.289,20.365,3.005,250.0,250.0,66.774,33.564,8.741,57.892,41.169,25.524,15.645,25.219,28.627,9.546,19.081,104.194,0.000,0.000,0.000,0.000,57.0,
6.11.2025,18:16:39.828,27.188,26.848,19.840,3.056,250.0,250.0,70.129,20.321,8.746,64.483,45.249,28.055,17.194,27.726,4.053,0.419,3.634,3.651,0.000,0.000,0.000,0.000,57.0,
6.11.2025,18:16:40.829,19.032,32.017,24.669,3.297,250.0,250.0,69.788,11.382,8.715,30.002,24.017,14.897,9.120,14.714,4.353,0.554,3.799,3.643,0.000,0.000,0.000,1.500,57.0,
6.11.2025,18:16:41.835,19.032,27.955,21.056,3.009,250.0,250.0,70.298,20.931,8.728,66.610,46.544,28.858,17.686,28.517,4.323,0.547,3.776,3.720,0.000,0.000,0.000,0.375,57.0,
6.11.2025,18:16:42.829,23.110,30.612,23.530,3.084,250.0,250.0,67.988,21.240,8.744,67.961,47.403,29.394,18.009,29.040,4.095,0.452,3.643,3.660,0.000,0.000,0.000,0.000,57.0,
6.11.2025,18:16:43.827,19.032,27.384,20.452,3.003,250.0,250.0,71.165,20.308,8.738,64.303,45.116,27.972,17.144,27.643,4.224,0.493,3.731,3.720,0.000,0.000,0.000,0.000,57.0,
6.11.2025,18:16:44.826,17.672,29.002,21.958,3.100,250.0,250.0,68.336,14.192,8.732,40.820,30.702,19.033,11.669,18.800,4.250,0.437,3.813,3.669,0.000,0.000,0.000,0.000,57.0,
6.11.2025,18:16:45.833,17.672,28.357,21.316,3.100,250.0,250.0,70.909,20.574,8.729,65.435,45.820,28.404,17.416,28.062,4.101,0.424,3.677,3.677,0.000,0.000,0.000,0.000,57.0,
6.11.2025,18:16:46.841,24.469,27.771,20.660,3.113,250.0,250.0,67.742,20.455,8.780,64.929,45.535,28.238,17.297,27.897,4.099,0.422,3.677,3.677,0.000,0.000,0.000,0.000,57.0,
6.11.2025,18:16:47.835,19.032,34.458,26.909,3.559,250.0,250.0,66.746,16.598,8.742,50.179,36.445,22.595,13.850,22.326,4.089,0.420,3.669,3.669,0.000,0.000,0.000,0.000,57.0,
6.11.2025,18:16:48.830,17.672,33.152,25.880,3.271,250.0,250.0,71.521,20.735,8.766,65.952,46.164,28.625,17.539,28.271,4.158,0.438,3.720,3.720,0.000,0.000,0.000,0.000,10.0,
6.11.2025,18:16:49.842,31.266,28.401,21.327,3.086,250.0,250.0,67.930,17.403,8.732,53.218,38.316,23.756,14.560,23.475,4.150,0.472,3.678,3.677,0.000,0.000,0.000,0.000,10.0,
6.11.2025,18:16:50.837,33.985,27.876,20.940,3.020,250.0,250.0,71.086,20.716,8.779,65.838,46.095,28.584,17.511,28.230,4.201,0.480,3.721,3.720,0.000,0.000,0.000,0.000,10.0,
6.11.2025,18:16:51.829,16.313,29.741,22.634,3.139,250.0,250.0,68.630,11.986,8.723,32.265,25.427,15.763,9.664,15.580,4.327,0.487,3.840,3.788,0.000,0.000,0.000,0.000,10.0,
6.11.2025,18:16:52.826,24.469,28.835,21.710,3.165,250.0,250.0,71.064,21.189,8.743,67.263,46.954,29.112,17.842,28.758,4.754,0.865,3.889,3.711,0.000,0.000,0.000,0.000,10.0,
6.11.2025,18:16:53.828,17.672,26.375,19.397,3.048,250.0,250.0,67.026,11.542,8.727,30.610,24.391,15.122,9.269,14.951,4.274,0.469,3.805,3.804,0.000,0.000,0.000,0.000,10.0,
6.11.2025,18:16:54.841,20.391,27.052,20.065,3.048,250.0,250.0,69.428,20.383,8.795,64.595,45.343,28.114,17.229,27.784,4.127,0.425,3.702,3.711,0.000,0.000,0.000,0.000,10.0,
6.11.2025,18:16:55.836,10.875,25.661,18.800,2.957,250.0,250.0,67.527,20.982,8.777,63.913,44.901,27.841,17.060,27.512,8.012,1.267,6.745,3.797,0.000,0.000,0.000,0.000,10.0,
6.11.2025,18:16:56.835,19.032,27.095,20.160,2.991,250.0,250.0,66.423,20.096,8.779,63.435,44.608,27.665,16.943,27.335,4.241,0.437,3.804,3.711,0.000,0.000,1.125,0.000,10.0,
6.11.2025,18:16:57.832,19.032,29.944,22.935,3.061,250.0,250.0,69.668,21.635,8.764,63.190,44.443,27.556,16.887,27.227,12.237,1.811,10.426,3.804,0.000,0.000,0.000,0.000,10.0,
6.11.2025,18:16:58.835,20.391,29.739,22.691,3.078,250.0,250.0,65.815,20.442,8.767,64.829,45.471,28.188,17.283,27.846,4.143,0.432,3.711,3.746,0.000,0.000,0.000,0.000,10.0,
6.11.2025,18:16:59.832,20.391,25.784,18.896,2.981,250.0,250.0,69.305,10.721,8.708,27.513,22.475,13.931,8.544,13.759,4.279,0.441,3.838,3.720,0.000,0.000,0.000,0.000,10.0,
6.11.2025,18:17:0.827,17.672,24.530,17.632,2.999,250.0,250.0,65.943,20.790,8.742,66.154,46.283,28.704,17.579,28.350,4.159,0.431,3.728,3.771,0.000,0.000,0.000,0.000,10.0,
6.11.2025,18:17:1.839,23.110,28.247,21.316,3.011,250.0,250.0,68.439,14.008,8.719,40.010,30.170,18.703,11.467,18.483,4.404,0.454,3.950,3.720,0.000,0.000,0.000,0.000,10.0,
6.11.2025,18:17:2.838,14.953,26.551,19.652,2.981,250.0,250.0,66.566,20.138,8.768,63.630,44.730,27.738,16.992,27.397,4.176,0.430,3.746,3.771,0.000,0.000,0.000,0.000,10.0,
6.11.2025,18:17:3.834,20.391,25.445,18.513,2.978,250.0,250.0,69.029,20.025,8.766,63.249,44.478,27.579,16.899,27.238,4.157,0.429,3.728,3.728,0.000,0.000,0.000,0.000,10.0,
6.11.2025,18:17:4.836,20.391,28.000,21.108,2.990,250.0,250.0,66.236,21.955,8.751,64.458,45.215,28.038,17.177,27.697,12.226,1.835,10.391,3.762,0.000,0.000,0.000,0.000,10.0,
6.11.2025,18:17:5.836,20.391,26.586,19.712,2.953,250.0,250.0,68.683,20.267,8.767,64.141,45.038,27.928,17.110,27.586,4.175,0.429,3.746,3.746,0.000,0.000,0.000,0.000,10.0,
6.11.2025,18:17:6.827,27.188,27.460,20.520,2.985,250.0,250.0,65.957,21.972,8.731,64.472,45.223,28.039,17.184,27.697,12.287,1.821,10.466,3.797,0.000,0.000,0.000,0.000,10.0,
6.11.2025,18:17:7.827,25.829,25.719,18.881,2.941,250.0,250.0,69.108,20.461,8.744,64.901,45.497,28.213,17.284,27.872,4.176,0.430,3.746,3.746,0.000,0.000,0.000,0.000,10.0,
6.11.2025,18:17:8.838,16.313,27.109,20.055,3.101,250.0,250.0,66.009,20.108,8.724,63.517,44.623,27.664,16.959,27.335,4.233,0.445,3.788,3.788,0.000,0.000,0.000,0.000,10.0,
6.11.2025,18:17:9.834,23.110,27.489,20.580,2.959,250.0,250.0,68.826,37.515,8.748,62.928,44.262,27.452,16.810,27.123,92.002,22.115,69.887,3.822,0.000,0.000,0.000,0.000,10.0,
6.11.2025,18:17:10.834,17.672,26.913,20.028,2.977,250.0,250.0,68.898,20.113,8.749,63.556,44.668,27.693,16.975,27.364,4.186,0.432,3.754,3.754,0.000,0.000,0.000,0.000,10.0,
6.11.2025,18:17:11.837,17.672,27.557,20.627,2.991,250.0,250.0,65.433,44.210,8.737,65.656,45.964,28.500,17.464,28.159,121.903,34.151,87.752,3.813,0.000,0.000,0.000,0.000,10.0,
6.11.2025,18:17:12.829,23.110,25.748,18.858,2.966,250.0,250.0,69.007,20.164,8.724,63.774,44.762,27.762,17.000,27.421,4.203,0.432,3.771,3.788,0.000,0.000,0.000,0.000,10.0,
6.11.2025,18:17:13.831,33.985,25.548,18.684,2.945,250.0,250.0,65.898,13.525,8.720,37.940,28.885,17.917,10.968,17.697,4.345,0.447,3.898,4.435,0.000,0.000,0.000,0.000,10.0,
6.11.2025,18:17:14.832,17.672,28.175,21.154,3.066,250.0,250.0,65.488,20.166,8.736,63.725,44.753,27.746,17.007,27.417,4.232,0.444,3.788,3.813,0.000,0.000,0.000,0.000,10.0,
6.11.2025,18:17:15.830,25.829,26.926,20.100,2.960,250.0,250.0,69.253,20.424,8.749,34.013,26.463,16.413,10.050,16.218,4.342,0.504,3.838,83.650,0.000,0.000,0.000,0.000,10.0,
6.11.2025,18:17:16.830,17.672,24.891,17.986,2.968,250.0,250.0,66.177,20.329,8.747,64.316,45.134,27.992,17.142,27.651,4.241,0.437,3.804,3.830,0.000,0.000,0.000,0.000,10.0,
6.11.2025,18:17:17.828,23.110,25.248,18.370,2.977,250.0,250.0,69.383,17.514,8.748,53.350,38.383,23.804,14.579,23.511,4.483,0.466,4.017,3.797,0.000,0.000,0.000,0.000,10.0,
6.11.2025,18:17:18.837,16.313,28.756,21.767,3.016,250.0,250.0,65.976,21.009,8.753,64.067,44.968,27.885,17.083,27.556,7.960,1.199,6.761,3.855,0.000,0.000,0.000,0.000,10.0,
6.11.2025,18:17:19.837,19.032,25.742,18.791,2.994,250.0,250.0,69.139,20.198,8.763,63.785,44.819,27.794,17.025,27.452,4.267,0.437,3.830,3.804,0.000,0.000,0.000,0.000,10.0,
6.11.2025,18:17:20.841,17.672,27.159,20.266,2.983,250.0,250.0,65.879,47.039,8.735,58.282,41.391,25.668,15.723,25.351,101.655,31.232,70.423,91.934,0.000,0.000,0.000,0.000,10.0,
6.11.2025,18:17:21.833,27.188,27.806,20.834,3.018,250.0,250.0,66.740,20.169,8.711,63.734,44.734,27.742,16.992,27.413,4.267,0.437,3.830,3.830,0.000,0.000,0.000,0.000,10.0,
6.11.2025,18:17:22.828,31.266,26.618,19.651,3.041,250.0,250.0,66.766,14.437,8.720,41.750,31.236,19.370,11.866,19.138,4.241,0.437,3.804,3.804,0.000,0.000,0.000,0.000,10.0,
6.11.2025,18:17:24.837,17.672,26.975,19.916,3.104,250.0,250.0,67.214,15.549,8.736,45.967,33.862,21.002,12.860,20.745,4.253,0.440,3.813,3.813,0.000,0.000,0.000,0.000,10.0,
6.11.2025,18:17:25.836,24.469,25.742,18.892,2.963,250.0,250.0,66.362,15.549,8.756,65.169,45.670,28.324,17.346,27.982,4.572,0.725,3.847,3.847,0.000,0.000,0.000,0.000,10.0,
6.11.2025,18:17:26.838,23.110,26.057,19.179,2.965,250.0,250.0,69.860,20.624,8.763,64.181,45.062,27.940,17.122,27.610,4.271,0.441,3.830,3.830,0.000,0.000,0.000,0.000,10.0,
6.11.2025,18:17:27.826,32.625,26.385,19.483,2.976,250.0,250.0,69.860,20.305,8.763,64.181,45.062,27.940,17.122,27.610,4.271,0.441,3.830,3.830,0.000,0.000,0.000,0.000,10.0,
6.11.2025,18:17:28.839,29.907,28.744,21.813,3.015,250.0,250.0,66.558,10.854,8.703,27.683,22.573,14.004,8.569,13.833,4.561,0.510,4.051,4.051,0.000,0.000,0.000,0.000,10.0,
6.11.2025,18:17:29.834,29.907,28.744,21.813,3.015,250.0,250.0,66.297,20.418,8.715,64.647,45.311,28.094,17.217,27.764,4.293,0.446,3.847,3.847,0.000,0.000,0.000,0.000,10.0,
6.11.2025,18:17:30.832,28.547,26.034,19.117,2.972,250.0,250.0,66.780,20.275,8.738,64.087,44.986,27.901,17.085,27.560,4.271,0.441,3.830,3.847,0.000,0.000,0.000,0.000,10.0,
6.11.2025,18:17:31.826,23.110,25.469,18.571,2.991,250.0,250.0,67.074,24.718,8.701,36.464,27.965,17.336,10.629,17.128,4.533,0.601,3.932,119.891,0.000,0.000,0.000,1.125,10.0,
6.11.2025,18:17:32.837,17.672,25.121,18.151,3.047,250.0,250.0,66.800,20.436,8.739,64.649,45.330,28.103,17.227,27.761,4.341,0.502,3.839,3.873,0.000,0.000,0.000,0.000,10.0,
6.11.2025,18:17:33.838,19.032,26.183,19.260,2.990,250.0,250.0,66.681,20.537,8.715,35.263,27.231,16.883,10.348,16.675,4.511,0.587,3.924,81.235,0.000,0.000,0.000,0.000,10.0,
6.11.2025,18:17:34.836,16.313,25.163,18.259,2.993,250.0,250.0,67.041,20.325,8.738,64.253,45.081,27.953,17.128,27.612,4.298,0.443,3.855,3.890,0.000,0.000,0.000,0.000,10.0,
6.11.2025,18:17:35.839,19.032,26.556,19.650,3.010,250.0,250.0,52.033,10.672,8.702,27.314,22.347,13.854,8.493,13.682,4.259,0.437,3.822,3.813,0.000,0.000,0.000,0.000,10.0,
6.11.2025,18:17:36.837,16.313,26.593,19.737,2.981,250.0,250.0,57.240,19.509,8.732,61.155,43.173,26.770,16.403,26.440,4.280,0.442,3.838,3.855,0.000,0.000,0.000,0.000,10.0,
6.11.2025,18:17:37.834,27.188,26.556,19.631,2.978,250.0,250.0,69.565,41.158,8.716,60.546,42.791,26.535,16.256,26.206,113.262,32.499,80.763,4.008,0.000,0.000,0.000,0.250,10.0,
6.11.2025,18:17:38.833,25.829,24.470,17.601,2.952,250.0,250.0,66.657,41.307,8.718,61.216,43.212,26.796,16.416,26.467,113.067,32.497,80.570,4.110,0.000,0.000,0.000,0.000,10.0,
6.11.2025,18:17:39.828,27.188,26.487,19.514,3.031,250.0,250.0,66.756,34.407,8.711,59.821,42.350,26.254,16.096,25.937,80.496,28.453,52.043,3.906,0.000,0.000,0.000,0.000,10.0,
6.11.2025,18:17:40.830,16.313,25.710,18.822,2.972,250.0,250.0,66.362,14.070,8.717,40.239,30.328,18.808,11.520,18.576,4.328,0.473,3.855,3.855,0.000,0.000,0.000,0.000,10.0,
6.11.2025,18:17:41.828,17.672,26.834,19.935,3.015,250.0,250.0,67.738,28.468,8.736,62.435,43.981,27.272,16.709,26.942,47.245,17.571,29.674,4.119,0.000,0.000,0.000,0.000,10.0,
6.11.2025,18:17:42.829,21.750,25.319,18.443,2.963,250.0,250.0,66.689,41.784,8.749,62.995,44.344,27.497,16.847,27.156,113.153,32.607,80.546,3.941,0.000,0.000,0.000,0.000,10.0,
6.11.2025,18:17:43.826,20.391,24.831,17.933,2.976,250.0,250.0,67.535,20.063,8.726,63.151,44.410,27.541,16.869,27.212,4.405,0.490,3.915,3.915,0.000,0.000,0.000,0.000,10.0,
6.11.2025,18:17:44.840,16.313,26.398,19.528,2.941,250.0,250.0,66.640,19.920,8.717,62.630,44.092,27.341,16.751,27.011,4.378,0.480,3.898,3.898,0.000,0.000,0.000,0.000,10.0,
6.11.2025,18:17:45.839,17.672,26.619,19.702,3.007,250.0,250.0,67.118,20.599,8.712,65.075,45.595,28.267,17.328,27.926,4.597,0.707,3.890,3.890,0.000,0.000,0.000,0.000,10.0,
6.11.2025,18:17:46.834,20.391,25.265,18.437,2.934,250.0,250.0,63.310,20.678,8.714,65.330,45.759,28.375,17.384,28.034,4.645,0.755,3.890,3.890,0.000,0.000,0.000,0.000,10.0,
6.11.2025,18:17:47.829,24.469,26.151,19.257,2.980,250.0,250.0,64.012,20.180,8.720,63.430,44.578,27.642,16.936,27.313,4.647,0.757,3.890,3.890,0.000,0.000,0.000,0.000,10.0,
6.11.2025,18:17:48.837,29.907,25.989,19.012,3.068,250.0,250.0,64.105,27.230,8.718,63.703,44.734,27.743,16.991,27.414,39.547,5.081,34.466,3.898,0.000,0.000,0.000,0.000,10.0,
6.11.2025,18:17:49.834,16.313,33.535,25.875,3.586,250.0,250.0,63.275,34.088,8.706,56.406,40.232,24.944,15.288,24.651,26.858,8.593,18.265,116.942,0.000,0.000,0.000,0.000,10.0,
6.11.2025,18:17:50.830,23.110,29.733,22.576,3.197,250.0,250.0,63.090,12.298,8.720,33.354,26.081,16.180,9.901,15.984,4.430,0.456,3.974,3.898,0.000,0.000,0.000,0.000,10.0,
6.11.2025,18:17:51.830,19.032,26.955,19.977,3.052,250.0,250.0,63.507,19.684,8.716,61.514,43.409,26.914,16.495,26.584,4.655,0.477,4.178,3.898,0.000,0.000,0.000,0.000,10.0,
6.11.2025,18:17:52.827,23.110,24.780,17.944,2.943,250.0,250.0,63.538,10.800,8.687,27.693,22.565,13.999,8.566,13.828,4.388,0.456,3.932,3.881,0.000,0.001,0.000,0.000,10.0,
6.11.2025,18:17:53.825,27.188,26.256,19.255,3.092,250.0,250.0,55.977,27.372,8.712,61.757,43.534,26.991,16.543,26.661,4.652,0.652,4.000,80.222,0.000,0.000,0.000,0.000,10.0,
6.11.2025,18:17:54.827,24.469,26.132,19.242,3.005,250.0,250.0,70.410,22.317,8.712,65.611,45.903,28.468,17.435,28.127,12.463,1.860,10.603,3.991,0.000,0.000,0.000,0.000,10.0,
6.11.2025,18:17:55.840,19.032,27.922,21.029,2.984,250.0,250.0,70.612,20.615,8.720,65.285,45.703,28.336,17.367,27.994,4.392,0.460,3.932,3.958,0.000,0.000,0.000,0.000,10.0,
6.11.2025,18:17:56.829,17.672,25.520,18.636,2.966,250.0,250.0,70.022,20.787,8.735,65.932,46.125,28.604,17.521,28.262,4.375,0.451,3.924,3.941,0.000,0.000,0.000,0.000,10.0,
6.11.2025,18:17:57.842,19.032,27.432,20.532,2.999,250.0,250.0,73.873,44.252,8.737,65.374,45.770,28.384,17.386,28.043,122.327,34.277,88.050,4.170,0.000,0.000,0.000,0.000,10.0,
6.11.2025,18:17:58.842,20.391,25.415,18.523,2.940,250.0,250.0,70.606,33.310,8.728,64.799,45.413,28.157,17.256,27.828,68.436,12.472,55.964,4.042,0.000,0.000,0.000,0.000,10.0,
6.11.2025,18:17:59.851,20.391,29.195,22.229,3.012,250.0,250.0,69.355,20.257,8.700,63.911,44.865,27.817,17.048,27.475,4.404,0.454,3.950,3.950,0.000,0.000,0.000,0.000,10.0,
6.11.2025,18:18:0.848,27.188,25.411,18.497,2.986,250.0,250.0,73.560,17.585,8.716,53.639,38.553,23.904,14.649,23.623,4.407,0.457,3.950,3.950,0.000,0.000,0.000,0.000,10.0,
6.11.2025,18:18:1.852,21.750,28.691,21.728,3.036,250.0,250.0,70.329,31.757,8.729,64.931,45.516,28.229,17.287,27.888,60.449,9.635,50.814,4.094,0.000,0.000,0.375,0.000,10.0,
6.11.2025,18:18:2.849,31.266,28.745,21.889,2.953,250.0,250.0,69.454,20.733,8.738,65.682,45.972,28.510,17.462,28.156,4.420,0.454,3.966,3.966,0.000,0.000,0.000,0.000,10.0,
6.11.2025,18:18:3.849,19.032,26.341,19.477,2.944,250.0,250.0,73.708,44.481,8.759,66.116,46.253,28.681,17.572,28.339,122.457,34.391,88.066,4.178,0.000,0.000,0.000,0.000,10.0,
6.11.2025,18:18:4.850,28.547,25.019,18.154,2.957,250.0,250.0,70.757,20.622,8.783,65.163,45.681,28.328,17.353,27.986,4.464,0.464,4.000,4.000,0.000,0.000,0.500,0.000,10.0,
6.11.2025,18:18:5.851,17.672,27.790,20.902,2.982,250.0,250.0,72.138,20.283,8.756,63.941,44.894,27.841,17.053,27.511,4.430,0.456,3.974,3.974,0.000,0.000,0.000,0.000,10.0,
6.11.2025,18:18:6.851,31.266,26.312,19.421,2.993,250.0,250.0,71.989,34.248,8.718,65.778,46.021,28.539,17.482,28.185,71.775,13.816,57.959,4.204,0.000,0.000,0.000,0.000,10.0,
6.11.2025,18:18:7.851,14.953,25.995,19.049,3.010,250.0,250.0,70.289,20.536,8.717,64.949,45.491,28.211,17.280,27.870,4.433,0.459,3.974,3.974,0.000,0.000,0.000,0.000,10.0,
6.11.2025,18:18:8.851,16.313,27.308,20.424,2.986,250.0,250.0,73.959,44.253,8.729,53.437,38.426,23.829,14.597,23.536,72.647,26.616,46.031,134.679,0.000,0.000,0.000,0.000,10.0,
6.11.2025,18:18:9.853,17.672,27.984,20.988,3.044,250.0,250.0,71.029,20.453,8.742,64.565,45.288,28.075,17.213,27.733,4.459,0.459,4.000,4.000,0.000,0.000,0.000,0.000,10.0,
6.11.2025,18:18:10.850,23.110,26.627,19.709,3.004,250.0,250.0,70.311,20.244,8.729,63.788,44.795,27.779,17.016,27.438,4.447,0.456,3.991,4.000,0.000,0.000,0.000,0.000,10.0,
6.11.2025,18:18:11.848,14.953,27.574,20.571,3.082,250.0,250.0,73.821,61.259,8.744,58.223,41.383,25.662,15.721,25.357,45.755,17.368,28.387,345.987,0.000,0.000,0.000,1.125,10.0,
6.11.2025,18:18:12.841,27.188,27.680,20.775,2.991,250.0,250.0,71.011,20.422,8.757,64.396,45.170,28.009,17.161,27.679,4.498,0.464,4.034,4.051,0.000,0.000,0.000,0.750,10.0,
6.11.2025,18:18:13.842,13.594,26.139,19.254,2.984,250.0,250.0,73.825,14.933,8.730,43.233,32.165,19.944,12.221,19.700,4.666,0.480,4.186,4.000,0.000,0.000,0.000,0.000,10.0,
6.11.2025,18:18:14.843,19.032,27.677,20.779,3.012,250.0,250.0,70.748,22.343,8.748,65.491,45.855,28.432,17.423,28.091,12.650,1.923,10.727,4.094,0.000,0.001,0.000,0.500,10.0,
6.11.2025,18:18:15.851,17.672,26.149,19.187,3.000,250.0,250.0,74.001,20.822,8.727,65.971,46.158,28.617,17.541,28.275,4.459,0.459,4.000,4.017,0.000,0.000,0.000,0.000,10.0,
6.11.2025,18:18:16.851,28.547,27.309,20.420,2.975,250.0,250.0,70.659,44.084,8.733,64.947,45.502,28.218,17.284,27.877,121.989,34.070,87.919,4.298,0.000,0.000,0.000,0.000,10.0,
6.11.2025,18:18:17.843,17.672,25.773,18.893,2.988,250.0,250.0,70.565,20.317,8.736,63.998,44.937,27.865,17.072,27.523,4.495,0.461,4.034,4.051,0.000,0.000,0.000,0.000,10.0,
6.11.2025,18:18:18.848,19.032,27.579,20.676,2.962,250.0,250.0,73.501,20.713,8.760,65.508,45.880,28.445,17.435,28.104,4.487,0.461,4.026,4.026,0.000,0.000,0.000,0.000,10.0,
6.11.2025,18:18:19.845,17.672,27.582,20.627,3.041,250.0,250.0,71.028,44.237,8.751,65.364,45.792,28.397,17.395,28.056,122.173,34.193,87.980,4.272,0.000,0.000,2.500,0.000,10.0,
6.11.2025,18:18:20.842,48.938,26.611,19.712,2.960,250.0,250.0,71.594,20.655,8.722,65.271,45.702,28.331,17.371,27.989,4.546,0.478,4.068,4.068,0.000,0.000,0.000,0.000,10.0,
6.11.2025,18:18:21.857,17.672,28.117,21.175,3.045,250.0,250.0,71.023,20.671,8.745,65.343,45.772,28.385,17.387,28.032,4.502,0.460,4.042,4.042,0.000,0.000,1.250,0.000,10.0,
6.11.2025,18:18:22.874,14.953,27.344,20.453,2.957,250.0,250.0,73.909,37.029,8.742,65.237,45.691,28.336,17.355,27.995,86.302,29.062,57.240,4.331,0.000,0.000,0.000,0.000,10.0,
6.11.2025,18:18:23.873,24.469,27.354,20.471,2.935,250.0,250.0,70.860,43.877,8.732,63.897,44.860,27.818,17.042,27.477,122.402,34.336,88.066,4.136,0.000,0.000,0.000,0.000,10.0,
6.11.2025,18:18:24.882,20.391,27.394,20.453,3.027,250.0,250.0,70.532,20.532,8.733,64.788,45.411,28.161,17.250,27.820,4.544,0.476,4.068,4.068,0.000,0.000,0.000,0.000,10.0,
6.11.2025,18:18:25.881,21.750,25.943,19.045,2.999,250.0,250.0,70.605,19.634,8.733,61.346,43.321,26.859,16.462,26.541,4.514,0.463,4.051,4.051,0.000,0.000,0.000,0.000,10.0,
6.11.2025,18:18:26.878,17.672,26.762,19.791,3.010,250.0,250.0,76.301,20.857,8.797,65.953,46.171,28.634,17.537,28.293,4.555,0.478,4.077,4.077,0.000,0.000,0.000,0.000,10.0,
6.11.2025,18:18:27.877,19.032,28.543,21.665,2.977,250.0,250.0,71.333,20.602,8.792,65.015,45.582,28.271,17.311,27.929,4.533,0.474,4.059,4.059,0.000,0.000,0.000,0.000,10.0,
6.11.2025,18:18:28.872,19.032,27.610,20.758,2.971,250.0,250.0,71.313,20.605,8.755,65.057,45.600,28.274,17.326,27.933,4.523,0.464,4.059,4.059,0.000,0.000,0.000,0.000,10.0,
6.11.2025,18:18:29.882,16.313,29.504,22.556,3.013,250.0,250.0,72.194,18.612,8.732,57.364,40.863,25.330,15.533,25.025,4.607,0.479,4.128,4.059,0.000,0.000,0.000,0.000,10.0,
6.11.2025,18:18:30.872,17.672,25.033,18.058,3.051,250.0,250.0,74.146,44.444,8.729,65.759,46.018,28.537,17.481,28.183,122.755,34.460,88.295,4.221,0.000,0.000,0.000,2.125,10.0,
6.11.2025,18:18:31.882,20.391,25.872,18.941,3.006,250.0,250.0,71.488,21.344,8.736,67.851,47.323,29.345,17.978,28.992,4.554,0.477,4.077,4.110,0.000,0.000,0.000,0.000,10.0,
6.11.2025,18:18:32.899,17.672,25.646,18.695,2.990,250.0,250.0,73.274,15.519,8.733,45.542,33.598,20.831,12.767,20.575,4.535,0.467,4.068,4.068,0.000,0.000,0.000,0.000,10.0,
6.11.2025,18:18:33.898,24.469,28.438,21.563,2.977,250.0,250.0,73.818,21.147,8.739,67.091,46.835,29.042,17.793,28.689,4.580,0.478,4.102,4.119,0.000,0.000,0.000,0.000,10.0,
6.11.2025,18:18:34.903,17.672,25.938,19.054,2.958,250.0,250.0,71.707,20.699,8.751,65.432,45.803,28.396,17.407,28.055,4.535,0.467,4.068,4.077,0.000,0.000,0.000,0.000,10.0,
6.11.2025,18:18:35.913,19.032,25.710,18.883,2.975,250.0,250.0,74.515,42.467,8.732,65.780,46.028,28.543,17.485,28.202,112.776,30.642,82.134,4.348,0.000,0.000,0.000,0.000,10.0,
6.11.2025,18:18:36.914,23.110,27.004,20.081,2.992,250.0,250.0,70.845,12.781,8.708,34.863,27.006,16.744,10.262,16.549,4.799,0.493,4.306,4.077,0.000,0.000,0.000,0.000,10.0,
6.11.2025,18:18:37.913,33.985,27.094,20.164,2.985,250.0,250.0,71.613,41.328,8.718,65.691,45.958,28.501,17.457,28.160,107.302,29.412,77.890,4.195,0.000,0.000,0.000,0.000,10.0,
6.11.2025,18:18:38.908,16.313,27.552,20.625,3.030,250.0,250.0,71.401,29.887,8.744,66.552,46.524,28.853,17.671,28.499,48.924,6.789,42.135,4.178,0.000,0.000,0.000,0.000,10.0,
6.11.2025,18:18:39.912,16.313,24.620,17.707,2.996,250.0,250.0,71.540,22.406,8.716,65.715,45.962,28.501,17.461,28.160,12.684,1.876,10.808,4.178,0.000,0.001,0.000,0.000,10.0,
6.11.2025,18:18:40.903,23.110,29.307,22.300,3.067,250.0,250.0,71.345,20.584,8.706,64.950,45.484,28.202,17.282,27.873,4.606,0.478,4.128,4.128,0.000,0.000,0.000,0.000,10.0,
6.11.2025,18:18:41.913,23.110,24.440,17.505,2.996,250.0,250.0,70.356,20.516,8.744,64.674,45.335,28.115,17.220,27.773,4.591,0.472,4.119,4.119,0.000,0.000,0.000,0.000,10.0,
6.11.2025,18:18:42.913,16.313,25.433,18.589,2.964,250.0,250.0,73.661,33.703,8.721,65.922,46.101,28.585,17.516,28.244,4.624,0.522,4.102,132.689,0.000,0.000,0.000,0.000,10.0,
6.11.2025,18:18:43.913,23.110,27.944,20.987,3.002,250.0,250.0,70.762,44.030,8.709,64.787,45.396,28.147,17.249,27.806,121.984,34.016,87.968,4.238,0.000,0.000,0.000,0.000,10.0,
6.11.2025,18:18:44.909,14.953,24.388,17.555,2.955,250.0,250.0,70.771,21.255,8.730,67.468,47.069,29.185,17.884,28.843,4.617,0.481,4.136,4.136,0.000,0.000,0.000,0.000,10.0,
6.11.2025,18:18:45.906,27.188,28.171,21.300,2.967,250.0,250.0,71.081,20.260,8.706,63.728,44.726,27.738,16.988,27.409,4.591,0.472,4.119,4.119,0.000,0.000,0.000,0.000,10.0,
6.11.2025,18:18:46.913,17.672,28.345,21.459,2.962,250.0,250.0,73.520,27.605,8.716,40.365,30.384,18.843,11.541,18.611,20.334,5.517,14.817,106.924,0.000,0.000,0.000,0.000,10.0,
6.11.2025,18:18:47.913,25.829,26.798,19.952,2.950,250.0,250.0,70.635,20.669,8.741,65.220,45.671,28.319,17.352,27.978,4.628,0.475,4.153,4.153,0.000,0.000,0.000,0.000,10.0,
6.11.2025,18:18:48.913,24.469,28.858,21.908,3.014,250.0,250.0,70.787,20.863,8.798,65.898,46.153,28.614,17.539,28.273,4.611,0.475,4.136,4.136,0.000,0.000,0.000,0.000,10.0,
6.11.2025,18:18:49.914,32.625,28.169,21.064,3.146,250.0,250.0,71.544,20.423,8.792,64.242,45.105,27.970,17.135,27.629,4.611,0.475,4.136,4.136,0.000,0.000,0.000,0.000,10.0,
6.11.2025,18:18:50.912,21.750,32.693,25.129,3.542,250.0,250.0,71.729,20.495,8.790,64.498,45.269,28.071,17.198,27.729,4.619,0.475,4.144,4.153,0.000,0.000,0.000,0.000,10.0,
6.11.2025,18:18:51.912,24.469,28.502,21.329,3.174,250.0,250.0,73.052,22.332,8.753,65.330,45.770,28.384,17.386,28.042,12.712,1.881,10.831,4.230,0.000,0.000,0.750,0.000,10.0,
6.11.2025,18:18:52.912,14.953,27.478,20.616,2.948,250.0,250.0,70.957,20.909,8.742,66.107,46.232,28.668,17.564,28.326,4.636,0.475,4.161,4.178,0.000,0.000,0.000,0.000,10.0,
6.11.2025,18:18:53.912,14.953,24.815,18.032,2.904,250.0,250.0,74.069,20.795,8.730,65.701,45.978,28.511,17.467,28.170,4.615,0.479,4.136,4.161,0.000,0.000,0.000,0.000,10.0,
6.11.2025,18:18:54.913,17.672,25.544,18.653,2.968,250.0,250.0,71.077,19.571,8.741,60.907,43.037,26.688,16.349,26.358,4.740,0.485,4.255,4.153,0.000,0.000,0.000,0.000,10.0,
6.11.2025,18:18:55.913,16.313,24.574,17.751,2.935,250.0,250.0,68.126,19.653,8.743,61.277,43.257,26.823,16.434,26.506,4.655,0.477,4.178,4.178,0.000,0.000,0.000,0.000,10.0,
6.11.2025,18:18:56.903,20.391,24.825,17.963,2.940,250.0,250.0,70.464,19.651,8.771,61.216,43.253,26.823,16.430,26.494,4.668,0.482,4.186,4.186,0.000,0.000,0.000,0.000,10.0,
6.11.2025,18:18:57.903,17.672,24.858,18.034,2.913,250.0,250.0,70.417,19.758,8.768,61.614,43.493,26.967,16.526,26.650,4.678,0.483,4.195,4.204,0.000,0.000,0.000,0.000,10.0,
6.11.2025,18:18:58.913,17.672,28.445,21.577,2.971,250.0,250.0,70.507,23.262,8.755,60.716,42.917,26.616,16.301,26.299,23.386,2.762,20.624,4.246,0.000,0.000,0.000,0.000,10.0,
6.11.2025,18:18:59.913,23.110,25.383,18.590,2.885,250.0,250.0,70.139,19.656,8.726,61.257,43.234,26.804,16.430,26.487,4.706,0.485,4.221,4.212,0.000,0.000,0.000,0.000,10.0,
6.11.2025,18:19:0.905,16.313,26.863,19.989,2.922,250.0,250.0,70.295,19.821,8.743,61.869,43.627,27.056,16.571,26.727,4.702,0.490,4.212,4.212,0.000,0.000,0.000,0.000,10.0,
6.11.2025,18:19:1.913,20.391,25.887,19.072,2.921,250.0,250.0,70.611,19.890,8.737,62.163,43.811,27.159,16.652,26.830,4.676,0.481,4.195,4.195,0.000,0.000,0.000,0.000,10.0,
6.11.2025,18:19:2.913,31.266,27.373,20.542,2.901,250.0,250.0,73.822,31.612,8.745,62.609,44.090,27.344,16.746,27.015,62.640,11.996,50.644,4.289,0.000,0.000,0.000,0.000,10.0,
6.11.2025,18:19:3.912,17.672,24.125,17.346,2.900,250.0,250.0,68.765,19.816,8.750,61.858,43.626,27.048,16.578,26.719,4.687,0.483,4.204,4.204,0.000,0.000,0.000,0.000,10.0,
6.11.2025,18:19:4.913,17.672,25.957,19.157,2.885,250.0,250.0,67.805,19.785,8.745,61.727,43.539,26.994,16.545,26.665,4.714,0.502,4.212,4.212,0.000,0.000,0.000,0.000,10.0,
6.11.2025,18:19:5.913,25.829,24.832,18.070,2.889,250.0,250.0,67.462,35.893,8.744,61.746,43.550,27.005,16.545,26.676,85.208,21.527,63.681,4.246,0.000,0.000,0.000,0.000,10.0,
6.11.2025,18:19:6.906,24.469,25.135,18.385,2.889,250.0,250.0,67.181,19.754,8.722,61.664,43.491,26.965,16.526,26.648,4.666,0.480,4.186,4.186,0.000,0.000,0.000,0.000,10.0,
6.11.2025,18:19:7.907,21.750,24.334,17.575,2.871,250.0,250.0,64.156,19.672,8.721,61.320,43.283,26.843,16.440,26.513,4.695,0.483,4.212,4.212,0.000,0.000,0.000,0.000,10.0,
6.11.2025,18:19:8.903,17.672,29.151,22.276,2.941,250.0,250.0,66.865,11.407,8.711,29.398,23.642,14.660,8.982,14.476,4.900,0.501,4.399,4.399,0.000,0.000,0.000,0.000,10.0,
6.11.2025,18:19:9.913,19.032,26.018,19.242,2.849,250.0,250.0,64.658,41.361,8.758,61.052,43.133,26.743,16.390,26.426,113.440,32.621,80.819,4.230,0.000,0.000,0.000,0.000,10.0,
6.11.2025,18:19:10.904,36.704,27.403,20.444,3.065,250.0,250.0,55.816,20.483,8.751,64.441,45.207,28.026,17.181,27.684,4.675,0.480,4.195,4.195,0.000,0.000,1.250,0.000,10.0,
6.11.2025,18:19:11.904,24.469,27.785,20.897,2.970,250.0,250.0,70.967,29.137,8.764,63.981,44.932,27.859,17.073,27.518,4.691,0.487,4.204,91.864,0.000,0.000,0.000,0.000,10.0,
6.11.2025,18:19:12.910,24.469,27.785,20.897,2.970,250.0,250.0,71.364,20.940,8.761,66.094,46.236,28.675,17.561,28.334,4.745,0.499,4.246,4.246,0.000,0.000,0.000,0.000,10.0,
6.11.2025,18:19:13.912,40.782,25.860,18.942,2.957,250.0,250.0,70.583,20.997,8.755,66.339,46.399,28.771,17.628,28.418,4.708,0.487,4.221,4.246,0.000,0.000,0.000,0.000,10.0,
6.11.2025,18:19:14.914,20.391,25.195,18.338,2.964,250.0,250.0,74.063,40.151,8.722,67.121,46.833,29.036,17.797,28.695,99.424,25.790,73.634,4.459,0.000,0.000,0.000,0.000,10.0,
6.11.2025,18:19:15.913,32.625,25.897,18.999,2.987,250.0,250.0,71.570,21.067,8.734,66.610,46.547,28.865,17.682,28.523,4.728,0.490,4.238,4.255,0.000,0.000,0.000,0.000,10.0,
6.11.2025,18:19:16.913,31.266,26.888,19.986,2.966,250.0,250.0,71.210,17.386,8.758,52.518,37.875,23.489,14.386,23.208,4.703,0.482,4.221,4.221,0.000,0.000,0.000,0.000,10.0,
6.11.2025,18:19:17.913,28.547,27.138,20.265,2.975,250.0,250.0,73.520,22.409,8.780,65.460,45.859,28.439,17.420,28.086,12.857,1.872,10.985,4.331,0.000,0.000,0.000,0.000,10.0,
6.11.2025,18:19:18.913,39.422,27.487,20.611,2.962,250.0,250.0,71.719,20.855,8.744,65.796,46.055,28.557,17.498,28.203,4.723,0.485,4.238,4.246,0.000,0.000,0.000,0.000,10.0,
6.11.2025,18:19:19.913,28.547,27.702,20.763,3.016,250.0,250.0,75.112,20.837,8.766,65.664,45.967,28.504,17.463,28.150,4.783,0.494,4.289,4.289,0.000,0.000,0.000,0.000,10.0,
6.11.2025,18:19:20.913,17.672,28.249,21.408,2.942,250.0,250.0,72.376,20.837,8.765,37.962,28.938,17.940,10.998,17.732,8.804,1.615,7.189,250.574,0.000,0.000,0.000,1.875,10.0,
6.11.2025,18:19:21.914,21.750,26.000,19.117,2.973,250.0,250.0,72.376,39.052,8.765,37.962,28.938,17.940,10.998,17.732,8.804,1.615,7.189,250.574,0.000,0.000,0.000,0.000,10.0,
6.11.2025,18:19:22.907,25.829,27.272,20.322,3.013,250.0,250.0,74.563,21.029,8.754,66.224,46.298,28.712,17.586,28.371,5.006,0.708,4.298,4.331,0.000,0.000,0.000,0.000,10.0,
6.11.2025,18:19:23.913,16.313,27.187,20.254,2.977,250.0,250.0,71.170,21.124,8.758,66.766,46.662,28.934,17.728,28.580,4.764,0.492,4.272,4.281,0.000,0.000,0.000,0.000,10.0,
6.11.2025,18:19:24.905,16.313,26.626,19.767,2.960,250.0,250.0,71.446,16.150,8.708,37.276,28.454,17.646,10.808,17.438,17.336,4.559,12.777,6.502,0.000,0.000,0.000,1.000,10.0,
6.11.2025,18:19:25.905,19.032,26.082,19.172,2.996,250.0,250.0,71.658,20.998,8.715,66.325,46.341,28.733,17.608,28.392,4.787,0.498,4.289,4.289,0.000,0.000,0.000,0.000,10.0,
6.11.2025,18:19:26.904,31.266,24.391,17.553,2.924,250.0,250.0,74.307,44.351,8.756,71.476,49.550,30.729,18.821,30.351,114.735,33.008,81.727,4.357,0.000,0.000,0.000,0.000,10.0,
6.11.2025,18:19:27.904,31.266,26.735,19.836,2.960,250.0,250.0,71.643,20.924,8.726,66.022,46.164,28.627,17.537,28.286,4.791,0.493,4.298,4.298,0.000,0.000,0.000,0.000,10.0,
6.11.2025,18:19:28.912,17.672,28.186,21.208,3.020,250.0,250.0,72.000,21.153,8.757,66.878,46.713,28.964,17.749,28.622,4.781,0.492,4.289,4.289,0.000,0.000,0.000,0.000,10.0,
6.11.2025,18:19:29.912,31.266,29.516,22.495,3.080,250.0,250.0,75.613,53.755,8.764,76.567,52.712,32.687,20.025,32.285,154.994,39.833,115.161,4.526,0.000,0.000,0.000,0.000,10.0,
6.11.2025,18:19:30.912,17.672,27.429,20.358,3.094,250.0,250.0,74.386,21.709,8.753,68.964,48.004,29.768,18.236,29.414,4.824,0.526,4.298,4.298,0.000,0.000,0.000,0.000,10.0,
6.11.2025,18:19:31.912,16.313,29.043,22.013,3.080,250.0,250.0,76.475,45.254,8.755,68.544,47.759,29.616,18.143,29.263,122.959,34.459,88.500,4.543,0.000,0.000,0.000,0.000,10.0,
6.11.2025,18:19:32.904,14.953,26.926,19.977,2.994,250.0,250.0,73.575,21.618,8.784,68.592,47.807,29.647,18.160,29.281,4.812,0.523,4.289,4.289,0.000,0.000,0.000,0.000,10.0,
6.11.2025,18:19:33.913,16.313,28.161,21.241,3.008,250.0,250.0,76.935,45.702,8.764,70.507,48.979,30.376,18.603,30.010,122.681,34.066,88.615,4.416,0.000,0.000,0.000,2.125,10.0,
6.11.2025,18:19:34.912,19.032,27.605,20.714,2.988,250.0,250.0,73.721,21.755,8.795,69.122,48.139,29.849,18.290,29.484,4.788,0.490,4.298,4.298,0.000,0.000,0.000,0.000,10.0,
6.11.2025,18:19:35.915,24.469,27.947,21.025,2.983,250.0,250.0,76.359,21.951,8.810,69.822,48.575,30.123,18.452,29.758,4.818,0.504,4.314,4.331,0.000,0.001,0.000,0.000,10.0,
6.11.2025,18:19:36.913,17.672,27.629,20.759,2.948,250.0,250.0,76.314,43.814,8.819,69.599,48.450,30.048,18.402,29.682,114.292,32.879,81.413,4.552,0.000,0.000,0.000,0.000,10.0,
6.11.2025,18:19:37.913,17.672,28.450,21.542,2.965,250.0,250.0,73.655,21.894,8.772,69.643,48.440,30.037,18.403,29.683,4.817,0.495,4.322,4.331,0.000,0.000,0.000,0.000,10.0,
6.11.2025,18:19:38.903,28.547,29.944,23.037,2.959,250.0,250.0,76.399,13.894,8.741,38.855,29.499,18.292,11.207,18.072,4.987,0.512,4.475,4.298,0.000,0.000,0.000,0.000,10.0,
6.11.2025,18:19:39.907,14.953,28.204,21.216,3.031,250.0,250.0,73.441,22.233,8.761,70.903,49.230,30.518,18.712,30.152,4.846,0.498,4.348,4.365,0.000,0.000,0.000,0.750,10.0,
6.11.2025,18:19:40.905,17.672,25.811,18.847,3.021,250.0,250.0,77.373,22.216,8.763,70.677,49.082,30.433,18.649,30.067,5.082,0.521,4.561,4.322,0.002,0.000,0.000,0.000,10.0,
6.11.2025,18:19:41.913,16.313,26.846,19.914,3.003,250.0,250.0,73.740,22.138,8.796,70.511,49.007,30.383,18.624,30.017,4.845,0.506,4.339,4.348,0.000,0.000,0.000,0.000,10.0,
6.11.2025,18:19:42.913,29.907,27.344,20.409,3.000,250.0,250.0,77.029,12.347,8.738,32.844,25.785,15.995,9.790,15.799,5.100,0.522,4.578,4.314,0.000,0.000,0.000,0.000,10.0,
6.11.2025,18:19:43.912,28.547,26.349,19.453,2.995,250.0,250.0,73.411,21.882,8.798,69.540,48.403,30.020,18.383,29.654,4.836,0.497,4.339,4.348,0.000,0.000,0.000,0.000,10.0,
6.11.2025,18:19:44.912,19.032,26.301,19.366,2.997,250.0,250.0,76.847,33.829,8.812,67.875,47.391,29.393,17.998,29.039,66.574,25.074,41.500,4.638,0.000,0.000,0.000,0.000,10.0,
6.11.2025,18:19:45.908,24.469,27.510,20.565,2.993,250.0,250.0,73.823,21.619,8.759,68.526,47.737,29.606,18.131,29.252,4.909,0.539,4.370,4.365,0.000,0.000,0.000,0.000,10.0,
6.11.2025,18:19:46.908,16.313,26.953,20.022,3.021,250.0,250.0,76.831,15.329,8.743,36.303,27.887,17.297,10.590,17.089,5.032,0.514,4.518,25.319,0.000,0.000,0.000,0.000,10.0,
6.11.2025,18:19:47.908,23.110,28.351,21.425,2.999,250.0,250.0,73.282,21.638,8.768,68.535,47.761,29.618,18.143,29.252,4.961,0.579,4.382,4.382,0.000,0.000,0.000,0.000,10.0,
6.11.2025,18:19:48.903,27.188,27.315,20.338,3.012,250.0,250.0,76.856,51.010,8.746,60.731,42.926,26.622,16.304,26.305,18.641,5.212,13.429,291.186,0.000,0.001,0.000,0.000,10.0,
6.11.2025,18:19:49.913,28.547,31.019,24.041,3.043,250.0,250.0,73.534,21.844,8.784,69.341,48.264,29.924,18.340,29.559,4.924,0.549,4.375,4.374,0.000,0.000,0.000,0.000,10.0,
6.11.2025,18:19:50.909,24.469,28.689,21.680,3.042,250.0,250.0,77.424,39.436,8.785,67.886,47.393,29.383,18.010,29.029,15.338,4.425,10.913,163.202,0.000,0.000,0.000,0.000,10.0,
6.11.2025,18:19:51.913,24.469,32.057,24.816,3.272,250.0,250.0,76.343,41.103,8.770,69.395,48.281,29.944,18.337,29.579,101.122,26.629,74.493,4.475,0.000,0.000,0.000,0.000,10.0,
6.11.2025,18:19:52.913,16.313,34.320,26.730,3.581,250.0,250.0,76.039,21.589,8.729,68.403,47.660,29.554,18.106,29.188,4.934,0.552,4.382,4.382,0.000,0.000,0.000,0.000,10.0,
6.11.2025,18:19:53.912,17.672,30.683,23.625,3.115,250.0,250.0,77.749,44.831,8.744,66.989,46.778,29.003,17.775,28.662,122.850,34.318,88.532,4.662,0.000,0.000,0.000,0.000,10.0,
6.11.2025,18:19:54.905,25.829,25.602,18.680,2.995,250.0,250.0,73.252,21.391,8.756,67.627,47.176,29.256,17.920,28.903,4.941,0.551,4.390,4.390,0.000,0.000,0.000,0.000,10.0,
6.11.2025,18:19:55.913,20.391,26.683,19.771,2.968,250.0,250.0,76.493,35.043,8.766,67.354,47.020,29.160,17.860,28.807,73.460,14.498,58.962,4.543,0.000,0.000,0.000,0.000,10.0,
6.11.2025,18:19:56.904,19.032,27.644,20.712,3.018,250.0,250.0,73.305,21.477,8.754,67.956,47.386,29.380,18.006,29.026,4.934,0.551,4.383,4.390,0.000,0.000,0.000,0.000,10.0,
6.11.2025,18:19:57.913,19.032,25.872,18.975,3.010,250.0,250.0,76.826,21.474,8.791,67.698,47.245,29.290,17.955,28.937,5.175,0.663,4.512,4.475,0.000,0.000,0.000,0.000,10.0,
6.11.2025,18:19:58.914,17.672,28.295,21.347,2.993,250.0,250.0,72.905,21.396,8.794,67.624,47.202,29.277,17.925,28.923,4.901,0.502,4.399,4.408,0.000,0.000,0.000,0.500,10.0,
6.11.2025,18:19:59.911,19.032,29.795,22.812,3.044,250.0,250.0,76.581,42.314,8.774,63.437,44.631,27.669,16.962,27.340,114.907,32.923,81.984,4.510,0.000,0.000,0.000,0.000,10.0,
6.11.2025,18:20:0.910,23.110,27.394,20.511,2.982,250.0,250.0,73.232,21.200,8.754,66.918,46.733,28.978,17.755,28.625,4.912,0.504,4.408,4.408,0.000,0.000,0.000,0.000,10.0,
6.11.2025,18:20:1.911,17.672,29.152,22.125,3.079,250.0,250.0,76.135,37.337,8.754,70.532,48.965,30.356,18.609,29.990,80.837,28.621,52.216,4.492,0.000,0.000,0.000,0.000,10.0,
6.11.2025,18:20:2.904,17.672,26.591,19.691,2.998,250.0,250.0,73.584,21.212,8.738,66.978,46.760,28.992,17.768,28.650,4.912,0.504,4.408,4.408,0.000,0.000,0.000,0.000,10.0,
6.11.2025,18:20:3.912,19.032,27.069,20.123,2.986,250.0,250.0,73.926,19.918,8.747,59.507,42.158,26.138,16.020,25.821,4.907,0.517,4.390,10.977,0.000,0.000,0.000,0.000,10.0,
6.11.2025,18:20:4.910,14.953,27.127,20.174,3.008,250.0,250.0,76.934,21.780,8.755,69.026,48.056,29.802,18.254,29.436,5.012,0.569,4.443,4.442,0.000,0.000,0.000,0.000,10.0,
6.11.2025,18:20:5.913,31.266,27.361,20.489,2.988,250.0,250.0,75.010,19.560,8.775,45.422,33.537,20.791,12.746,20.547,9.016,1.803,7.213,35.748,0.000,0.000,0.000,0.000,10.0,
6.11.2025,18:20:6.913,21.750,28.367,21.391,3.023,250.0,250.0,75.834,21.725,8.778,68.773,47.907,29.707,18.200,29.342,5.045,0.592,4.453,4.450,0.000,0.000,0.000,0.000,10.0,
6.11.2025,18:20:7.904,23.110,28.358,21.438,2.988,250.0,250.0,73.484,21.432,8.801,67.721,47.276,29.307,17.969,28.954,4.940,0.532,4.408,4.408,0.000,0.001,0.000,0.000,10.0,
6.11.2025,18:20:8.914,17.672,26.598,19.698,2.995,250.0,250.0,76.957,23.175,8.756,68.139,47.486,29.447,18.039,29.094,13.149,1.863,11.286,4.492,0.000,0.000,0.000,0.000,10.0,
6.11.2025,18:20:9.905,38.063,30.674,23.663,3.036,250.0,250.0,74.159,21.813,8.726,69.212,48.139,29.846,18.293,29.493,4.996,0.561,4.435,4.434,0.000,0.000,0.000,0.000,10.0,
6.11.2025,18:20:10.905,14.953,25.781,18.772,3.084,250.0,250.0,77.149,23.176,8.761,68.420,47.669,29.562,18.107,29.196,12.769,1.718,11.051,4.510,0.000,0.000,0.000,0.000,10.0,
6.11.2025,18:20:11.903,25.829,27.635,20.695,2.994,250.0,250.0,73.498,20.127,8.762,62.755,44.187,27.402,16.785,27.060,4.932,0.507,4.425,4.459,0.000,0.000,0.000,0.000,10.0,
6.11.2025,18:20:12.905,20.391,26.456,19.577,2.973,250.0,250.0,71.807,19.884,8.752,61.826,43.606,27.039,16.567,26.709,4.948,0.506,4.442,4.442,0.000,0.000,0.000,0.000,10.0,
6.11.2025,18:20:13.909,21.750,27.370,20.470,2.965,250.0,250.0,71.244,20.031,8.754,62.366,43.947,27.254,16.693,26.925,4.960,0.518,4.442,4.450,0.000,0.000,0.000,0.000,10.0,
6.11.2025,18:20:14.914,17.672,27.227,20.313,2.993,250.0,250.0,71.448,20.274,8.752,63.327,44.523,27.606,16.917,27.277,4.948,0.506,4.442,4.442,0.000,0.000,0.000,0.000,10.0,
6.11.2025,18:20:15.912,24.469,25.376,18.537,2.927,250.0,250.0,71.226,20.138,8.752,62.806,44.203,27.417,16.786,27.088,4.948,0.506,4.442,4.434,0.000,0.000,0.375,0.000,10.0,
6.11.2025,18:20:16.913,13.594,25.035,18.151,2.966,250.0,250.0,75.140,27.305,8.747,61.164,43.182,26.781,16.401,26.452,42.893,16.325,26.568,4.535,0.000,0.000,0.000,0.000,10.0,
6.11.2025,18:20:17.912,17.672,25.414,18.559,2.930,250.0,250.0,72.115,20.003,8.746,62.185,43.810,27.164,16.646,26.847,5.059,0.533,4.526,4.510,0.000,0.000,0.000,0.000,10.0,
6.11.2025,18:20:18.910,25.829,23.964,17.128,2.958,250.0,250.0,71.512,20.366,8.748,63.619,44.707,27.716,16.991,27.387,5.005,0.513,4.492,4.484,0.000,0.000,0.000,0.000,10.0,
6.11.2025,18:20:19.913,17.672,28.452,21.499,2.998,250.0,250.0,71.583,20.226,8.773,63.093,44.411,27.539,16.872,27.198,4.960,0.510,4.450,4.450,0.000,0.000,0.000,1.125,10.0,
6.11.2025,18:20:20.912,17.672,27.967,21.032,3.025,250.0,250.0,71.814,41.961,8.796,62.680,44.156,27.373,16.783,27.044,114.035,32.795,81.240,4.714,0.000,0.000,0.000,0.000,10.0,
6.11.2025,18:20:21.913,19.032,26.138,19.302,2.942,250.0,250.0,68.560,41.147,8.784,62.164,43.829,27.180,16.649,26.850,110.649,32.519,78.130,4.722,0.000,0.000,0.000,0.000,10.0,
6.11.2025,18:20:22.912,17.672,25.599,18.733,2.934,250.0,250.0,69.190,18.213,8.748,55.404,39.661,24.595,15.066,24.302,4.958,0.516,4.442,4.442,0.000,0.000,0.000,0.000,10.0,
6.11.2025,18:20:23.915,21.750,27.401,20.559,2.920,250.0,250.0,64.965,20.263,8.740,63.284,44.493,27.585,16.908,27.256,4.958,0.508,4.450,4.450,0.000,0.000,0.000,0.000,10.0,
6.11.2025,18:20:24.912,17.672,23.616,16.827,2.899,250.0,250.0,68.674,20.375,8.751,63.661,44.738,27.745,16.993,27.404,4.990,0.515,4.475,4.475,0.000,0.000,0.000,0.000,10.0,
6.11.2025,18:20:25.913,21.750,25.592,18.772,2.898,250.0,250.0,68.368,22.880,8.739,60.814,42.954,26.637,16.317,26.320,21.236,5.789,15.447,4.543,0.000,0.000,0.375,2.125,10.0,
6.11.2025,18:20:26.913,25.829,25.396,18.629,2.908,250.0,250.0,66.686,11.396,8.729,29.286,23.584,14.625,8.959,14.454,4.948,0.523,4.425,4.425,0.000,0.001,2.375,1.250,10.0,
6.11.2025,18:20:27.908,19.032,28.189,21.130,3.086,250.0,250.0,58.832,21.514,8.767,68.018,47.431,29.402,18.029,29.049,4.988,0.521,4.467,4.467,0.000,0.000,1.250,0.000,10.0,
6.11.2025,18:20:28.905,16.313,28.408,21.414,3.057,250.0,250.0,76.440,38.106,8.751,69.080,48.076,29.808,18.268,29.442,86.523,29.707,56.816,4.586,0.000,0.000,0.000,0.000,10.0,
6.11.2025,18:20:29.919,23.110,26.790,19.887,3.004,250.0,250.0,73.814,21.728,8.777,68.802,47.915,29.709,18.206,29.344,5.019,0.527,4.492,4.492,0.000,0.000,0.000,0.000,10.0,
6.11.2025,18:20:30.932,14.953,28.564,21.558,3.075,250.0,250.0,74.045,21.701,8.790,68.685,47.857,29.670,18.187,29.316,5.006,0.514,4.492,4.492,0.000,0.000,0.000,0.000,10.0,
6.11.2025,18:20:31.930,17.672,25.702,18.693,3.030,250.0,250.0,76.921,28.635,8.764,68.549,47.765,29.617,18.148,29.252,39.809,5.264,34.545,4.638,0.000,0.000,0.000,0.000,10.0,
6.11.2025,18:20:32.929,20.391,27.967,21.043,3.029,250.0,250.0,74.689,24.980,8.739,58.743,41.680,25.849,15.831,25.532,5.221,0.737,4.484,62.982,0.000,0.000,0.000,0.000,10.0,
6.11.2025,18:20:33.929,12.235,28.558,21.649,2.984,250.0,250.0,75.104,44.759,8.726,66.573,46.506,28.835,17.671,28.494,123.023,34.277,88.746,4.739,0.000,0.000,0.000,0.000,10.0,
6.11.2025,18:20:34.920,23.110,27.629,20.675,2.994,250.0,250.0,73.525,22.082,8.770,70.088,48.705,30.200,18.505,29.835,5.087,0.569,4.518,4.543,0.000,0.000,0.000,0.000,10.0,
6.11.2025,18:20:35.919,24.469,28.692,21.783,2.984,250.0,250.0,75.299,21.227,8.762,66.891,46.729,28.971,17.758,28.629,5.015,0.514,4.501,4.501,0.000,0.000,2.375,0.000,10.0,
6.11.2025,18:20:36.933,19.032,25.998,19.070,2.999,250.0,250.0,74.206,21.609,8.772,68.327,47.613,29.520,18.093,29.167,5.033,0.515,4.518,4.526,0.000,0.000,0.000,0.000,10.0,
6.11.2025,18:20:37.919,13.594,28.537,21.605,2.996,250.0,250.0,77.024,29.809,8.735,49.404,35.954,22.302,13.652,22.034,38.300,14.136,24.164,69.407,0.000,0.000,0.000,0.000,10.0,
6.11.2025,18:20:38.932,27.188,29.895,22.969,3.030,250.0,250.0,73.695,21.518,8.753,67.981,47.403,29.388,18.015,29.034,5.037,0.519,4.518,4.535,0.000,0.000,2.625,0.000,10.0,
6.11.2025,18:20:39.926,17.672,27.138,20.193,3.005,250.0,250.0,76.833,41.472,8.758,67.309,46.986,29.135,17.851,28.781,105.579,31.727,73.852,4.739,0.000,0.000,0.000,0.000,10.0,
6.11.2025,18:20:40.926,16.313,28.962,22.052,2.993,250.0,250.0,73.356,21.261,8.764,66.919,46.732,28.978,17.754,28.637,5.139,0.583,4.556,4.552,0.000,0.000,0.000,0.375,10.0,
6.11.2025,18:20:41.934,16.313,28.975,21.996,3.037,250.0,250.0,76.334,22.015,8.801,69.843,48.578,30.122,18.456,29.768,5.032,0.514,4.518,4.518,0.000,0.000,0.000,0.000,10.0,
6.11.2025,18:20:42.925,25.829,27.309,20.338,3.025,250.0,250.0,74.057,21.828,8.800,69.007,48.062,29.803,18.259,29.437,5.169,0.587,4.582,4.578,0.000,0.000,0.000,0.000,10.0,
6.11.2025,18:20:43.926,23.110,26.605,19.712,2.964,250.0,250.0,73.621,21.975,8.790,69.630,48.442,30.036,18.406,29.670,5.118,0.575,4.543,4.543,0.000,0.000,0.000,0.000,10.0,
6.11.2025,18:20:44.920,23.110,29.010,22.100,2.997,250.0,250.0,77.428,21.639,8.813,68.312,47.641,29.538,18.103,29.184,5.136,0.566,4.570,4.526,0.000,0.000,0.000,0.000,10.0,
6.11.2025,18:20:45.922,14.953,29.195,22.236,3.009,250.0,250.0,74.373,21.343,8.742,67.205,46.893,29.077,17.816,28.736,5.181,0.575,4.606,4.603,0.000,0.000,0.000,0.000,10.0,
6.11.2025,18:20:46.936,25.829,29.307,22.402,3.005,250.0,250.0,76.348,21.380,8.769,67.430,47.065,29.182,17.883,28.829,5.052,0.517,4.535,4.535,0.000,0.000,0.000,0.000,10.0,
6.11.2025,18:20:47.934,23.110,29.162,22.233,3.025,250.0,250.0,74.340,21.726,8.741,68.475,47.709,29.579,18.130,29.226,5.395,0.691,4.704,4.612,0.000,0.000,0.000,0.000,10.0,
6.11.2025,18:20:48.939,16.313,31.508,24.464,3.077,250.0,250.0,74.232,21.967,8.775,69.617,48.422,30.031,18.391,29.665,5.115,0.570,4.545,4.543,0.000,0.000,0.000,0.000,10.0,
6.11.2025,18:20:49.946,8.156,29.102,22.116,3.036,250.0,250.0,76.877,40.993,8.762,67.791,47.284,29.329,17.955,28.975,102.575,27.136,75.439,4.688,0.000,0.000,1.125,0.000,10.0,
6.11.2025,18:20:50.944,20.391,28.750,21.718,3.092,250.0,250.0,73.716,21.592,8.786,68.153,47.511,29.464,18.047,29.111,5.141,0.572,4.569,4.569,0.000,0.000,0.000,0.000,10.0,
6.11.2025,18:20:51.940,20.391,28.750,21.718,3.092,250.0,250.0,77.444,34.904,8.772,65.304,45.769,28.376,17.393,28.035,75.314,27.514,47.800,4.765,0.000,0.000,0.000,0.000,10.0,
6.11.2025,18:20:52.944,35.344,29.259,21.971,3.262,250.0,250.0,73.611,21.796,8.810,68.801,47.926,29.721,18.205,29.368,5.244,0.603,4.641,4.638,0.000,0.000,0.000,0.000,10.0,
6.11.2025,18:20:53.936,35.344,29.259,21.971,3.262,250.0,250.0,74.331,21.765,8.746,68.790,47.880,29.690,18.190,29.337,5.201,0.595,4.606,4.612,0.000,0.000,0.000,0.000,10.0,
6.11.2025,18:20:54.939,19.032,33.891,26.307,3.550,250.0,250.0,77.579,21.503,8.735,67.926,47.338,29.346,17.992,28.993,5.071,0.519,4.552,4.561,0.000,0.000,0.000,0.000,10.0,
6.11.2025,18:20:55.945,21.750,31.117,24.138,3.023,250.0,250.0,77.589,21.682,8.765,68.418,47.664,29.554,18.110,29.201,5.233,0.600,4.633,4.638,0.000,0.000,0.000,1.000,10.0,
6.11.2025,18:20:56.945,24.469,26.972,20.014,3.017,250.0,250.0,73.995,21.647,8.783,68.422,47.675,29.558,18.117,29.205,5.071,0.519,4.552,4.569,0.000,0.000,0.000,0.000,10.0,
6.11.2025,18:20:57.945,25.829,26.848,19.987,2.936,250.0,250.0,74.694,21.966,8.757,69.434,48.310,29.956,18.354,29.590,5.339,0.591,4.748,4.578,0.000,0.000,0.000,0.000,10.0,
6.11.2025,18:20:58.942,27.188,26.396,19.477,3.013,250.0,250.0,76.759,30.044,8.776,66.020,46.216,28.661,17.555,28.308,50.096,18.734,31.362,4.714,0.000,0.000,0.000,0.000,10.0,
6.11.2025,18:20:59.945,21.750,29.770,22.777,3.037,250.0,250.0,74.335,30.044,8.754,67.271,46.961,29.125,17.836,28.771,43.988,5.700,38.288,4.662,0.000,0.000,0.000,0.000,10.0,
6.11.2025,18:21:0.946,33.985,26.171,19.281,3.004,250.0,250.0,74.335,29.136,8.754,67.271,46.961,29.125,17.836,28.771,43.988,5.700,38.288,4.662,0.000,0.000,0.000,2.375,10.0,
6.11.2025,18:21:1.942,31.266,29.246,22.189,3.102,250.0,250.0,74.450,21.926,8.754,69.423,48.280,29.936,18.344,29.582,5.175,0.589,4.586,4.586,0.000,0.000,0.000,0.000,10.0,
6.11.2025,18:21:2.946,29.907,26.824,19.868,3.024,250.0,250.0,73.821,21.454,8.767,67.653,47.201,29.269,17.932,28.915,5.108,0.522,4.586,4.586,0.000,0.000,0.000,0.000,10.0,
6.11.2025,18:21:3.939,17.672,26.009,19.084,3.011,250.0,250.0,77.454,21.598,8.767,68.116,47.488,29.448,18.040,29.082,5.195,0.541,4.654,4.654,0.000,0.000,0.000,0.000,10.0,
6.11.2025,18:21:4.934,16.313,27.707,20.737,3.025,250.0,250.0,74.207,21.932,8.772,69.290,48.204,29.890,18.314,29.536,5.352,0.697,4.655,4.612,0.000,0.000,0.000,0.000,10.0,
6.11.2025,18:21:5.942,19.032,25.403,18.478,3.010,250.0,250.0,77.075,18.378,8.784,55.430,39.699,24.612,15.087,24.319,5.484,0.618,4.866,4.886,0.000,0.000,0.000,0.000,10.0,
6.11.2025,18:21:6.946,19.032,28.395,21.418,3.035,250.0,250.0,73.904,23.068,8.788,67.614,47.183,29.265,17.918,28.912,13.175,1.795,11.380,4.645,0.000,0.000,0.000,0.000,10.0,
6.11.2025,18:21:7.946,27.188,27.263,20.386,2.979,250.0,250.0,75.221,19.620,8.857,60.315,42.746,26.506,16.240,26.177,5.189,0.586,4.603,4.980,0.000,0.000,0.000,0.000,10.0,
6.11.2025,18:21:8.945,10.875,28.654,21.697,3.034,250.0,250.0,76.359,33.314,8.795,69.681,48.470,30.059,18.411,29.694,61.685,9.804,51.881,4.662,0.000,0.000,0.000,0.000,10.0,
6.11.2025,18:21:9.945,9.516,30.950,23.992,3.052,250.0,250.0,74.671,21.525,8.749,67.916,47.350,29.353,17.997,28.999,5.136,0.524,4.612,4.612,0.000,0.000,0.000,0.000,10.0,
6.11.2025,18:21:10.945,19.032,27.863,20.921,3.008,250.0,250.0,77.209,17.709,8.732,52.192,37.653,23.343,14.310,23.063,5.298,0.559,4.739,7.199,0.000,0.000,0.000,0.000,10.0,
6.11.2025,18:21:11.941,20.391,28.290,21.275,3.033,250.0,250.0,74.173,21.962,8.768,69.532,48.359,29.985,18.374,29.632,5.164,0.535,4.629,4.638,0.000,0.000,0.000,0.000,10.0,
6.11.2025,18:21:12.940,24.469,29.321,22.289,3.095,250.0,250.0,77.898,30.166,8.802,52.765,38.059,23.604,14.455,23.324,36.652,13.345,23.307,67.343,0.000,0.000,0.000,0.000,10.0,
6.11.2025,18:21:13.936,17.672,26.523,19.637,2.970,250.0,250.0,74.554,22.551,8.785,71.751,49.742,30.842,18.900,30.477,5.177,0.539,4.638,4.654,0.000,0.000,0.000,0.000,10.0,
6.11.2025,18:21:14.945,21.750,26.914,19.983,2.998,250.0,250.0,77.812,37.928,8.809,66.081,46.261,28.688,17.573,28.347,87.323,29.394,57.929,8.874,0.000,0.000,0.000,0.000,10.0,
6.11.2025,18:21:15.944,14.953,25.900,18.965,2.978,250.0,250.0,74.028,22.805,8.784,72.511,50.218,31.135,19.083,30.757,5.421,0.653,4.768,4.722,0.000,0.000,0.000,0.000,10.0,
6.11.2025,18:21:16.947,17.672,28.217,21.293,3.003,250.0,250.0,74.120,22.230,8.798,70.508,48.995,30.372,18.623,30.007,5.172,0.534,4.638,4.654,0.000,0.000,0.000,0.000,10.0,
6.11.2025,18:21:17.945,16.313,27.120,20.176,2.992,250.0,250.0,76.641,20.971,8.752,65.576,45.979,28.513,17.466,28.159,5.314,0.549,4.765,4.638,0.000,0.000,0.000,0.000,10.0,
6.11.2025,18:21:18.946,21.750,26.584,19.693,2.997,250.0,250.0,74.260,45.921,8.748,70.839,49.147,30.482,18.665,30.117,123.117,34.262,88.855,4.977,0.000,0.000,0.000,0.000,10.0,
6.11.2025,18:21:19.945,20.391,27.863,20.905,3.009,250.0,250.0,73.696,45.406,8.746,68.562,47.736,29.599,18.137,29.245,123.626,34.577,89.049,4.782,0.000,0.000,0.000,0.000,10.0,
6.11.2025,18:21:20.944,17.672,25.579,18.673,2.989,250.0,250.0,74.087,21.749,8.771,68.484,47.703,29.577,18.126,29.223,5.446,0.683,4.763,4.714,0.000,0.000,1.250,0.000,10.0,
6.11.2025,18:21:21.937,21.750,27.409,20.386,3.066,250.0,250.0,73.397,21.628,8.746,68.158,47.514,29.454,18.060,29.101,5.284,0.601,4.683,4.679,0.000,0.000,0.000,0.000,10.0,
6.11.2025,18:21:22.944,27.188,28.375,21.451,3.013,250.0,250.0,77.402,21.616,8.737,68.242,47.545,29.475,18.070,29.122,5.167,0.529,4.638,4.638,0.000,0.000,0.000,0.000,10.0,
6.11.2025,18:21:23.945,21.750,26.461,19.522,2.968,250.0,250.0,73.292,17.765,8.727,51.741,37.405,23.187,14.218,22.906,5.487,0.705,4.782,8.488,0.000,0.000,0.000,0.000,10.0,
6.11.2025,18:21:24.944,20.391,25.822,18.889,3.026,250.0,250.0,73.922,21.427,8.723,67.459,47.044,29.170,17.874,28.829,5.240,0.544,4.696,4.696,0.000,0.000,0.000,0.000,10.0,
6.11.2025,18:21:25.945,20.391,28.093,21.175,2.983,250.0,250.0,73.319,21.712,8.738,68.561,47.733,29.592,18.141,29.239,5.220,0.541,4.679,4.679,0.000,0.000,0.000,0.000,10.0,
6.11.2025,18:21:26.945,19.032,27.756,20.874,2.995,250.0,250.0,77.128,21.644,8.758,68.290,47.582,29.512,18.070,29.159,5.195,0.533,4.662,4.679,0.000,0.000,0.000,0.000,10.0,
6.11.2025,18:21:27.943,19.032,27.484,20.587,2.979,250.0,250.0,74.765,44.244,8.811,68.152,47.538,29.478,18.060,29.113,118.236,32.593,85.643,4.815,0.000,0.000,0.000,0.000,10.0,
6.11.2025,18:21:28.945,19.032,26.533,19.604,2.954,250.0,250.0,75.247,22.039,8.846,69.646,48.480,30.065,18.415,29.699,5.273,0.584,4.689,4.696,0.000,0.000,0.000,0.000,10.0,
6.11.2025,18:21:29.938,14.953,29.870,22.967,2.979,250.0,250.0,72.054,20.948,8.860,65.442,45.898,28.465,17.433,28.124,5.292,0.576,4.716,4.679,0.000,0.000,0.000,2.375,10.0,
6.11.2025,18:21:30.943,46.219,28.153,21.248,3.004,250.0,250.0,73.187,18.836,8.796,57.465,40.970,25.402,15.568,25.097,5.203,0.533,4.670,4.654,0.000,0.000,0.000,0.000,10.0,
6.11.2025,18:21:31.944,16.313,26.082,19.233,2.913,250.0,250.0,72.641,20.544,8.783,64.044,44.986,27.891,17.095,27.550,5.212,0.533,4.679,4.670,0.000,0.000,0.000,0.000,10.0,
6.11.2025,18:21:32.947,16.313,25.661,18.848,2.890,250.0,250.0,72.632,20.257,8.777,62.935,44.310,27.471,16.839,27.142,5.212,0.533,4.679,4.670,0.000,0.000,0.000,0.000,10.0,
6.11.2025,18:21:33.946,19.032,26.160,19.344,2.896,250.0,250.0,72.417,20.689,8.762,64.610,45.333,28.109,17.224,27.768,5.203,0.533,4.670,4.679,0.000,0.000,0.000,0.000,10.0,
6.11.2025,18:21:34.944,20.391,24.110,17.328,2.910,250.0,250.0,72.359,21.797,8.747,66.353,46.366,28.755,17.611,28.401,5.214,0.535,4.679,11.311,0.000,0.000,0.000,0.000,10.0,
6.11.2025,18:21:35.935,28.547,24.818,18.016,2.885,250.0,250.0,72.428,20.225,8.749,62.849,44.227,27.421,16.806,27.092,5.212,0.533,4.679,4.679,0.000,0.000,0.000,0.000,10.0,
6.11.2025,18:21:36.935,16.313,26.292,19.459,2.950,250.0,250.0,72.287,20.434,8.773,63.577,44.705,27.723,16.982,27.381,5.261,0.582,4.679,4.679,0.000,0.000,2.250,0.000,10.0,
6.11.2025,18:21:37.945,19.032,26.347,19.522,2.915,250.0,250.0,74.120,20.431,8.772,63.611,44.727,27.733,16.994,27.392,5.203,0.533,4.670,4.670,0.000,0.000,0.000,0.000,10.0,
6.11.2025,18:21:38.945,17.672,26.622,19.732,2.931,250.0,250.0,70.915,20.861,8.773,65.226,45.714,28.355,17.359,28.013,5.238,0.542,4.696,4.696,0.000,0.000,0.000,0.000,10.0,
6.11.2025,18:21:39.946,23.110,26.782,19.885,2.948,250.0,250.0,66.466,20.571,8.761,64.098,45.020,27.916,17.104,27.575,5.261,0.547,4.714,4.714,0.000,0.000,1.250,0.000,10.0,
6.11.2025,18:21:40.945,25.829,25.855,19.055,2.915,250.0,250.0,69.394,38.051,8.749,63.584,44.685,27.706,16.979,27.377,93.338,25.457,67.881,4.756,0.000,0.000,0.000,0.000,10.0,
6.11.2025,18:21:41.945,23.110,27.037,20.174,2.952,250.0,250.0,65.996,12.230,8.727,32.009,25.271,15.664,9.607,15.480,5.364,0.549,4.815,4.815,0.000,0.001,0.000,0.000,10.0,
6.11.2025,18:21:42.945,21.750,24.762,17.958,2.891,250.0,250.0,66.468,20.230,8.763,62.821,44.232,27.420,16.812,27.091,5.231,0.535,4.696,4.696,0.000,0.000,0.000,0.000,10.0,
6.11.2025,18:21:43.945,29.907,24.611,17.764,2.921,250.0,250.0,67.741,43.011,8.772,51.732,37.401,23.194,14.207,22.913,70.682,26.649,44.033,130.526,0.000,0.000,0.000,0.000,10.0,
6.11.2025,18:21:44.941,17.672,27.411,20.579,2.931,250.0,250.0,56.115,21.770,8.765,68.715,47.850,29.670,18.180,29.305,5.285,0.626,4.659,4.645,0.000,0.000,0.000,0.000,10.0,
6.11.2025,18:21:45.940,27.188,26.389,19.393,3.049,250.0,250.0,73.643,22.058,8.758,69.774,48.512,30.087,18.425,29.721,5.272,0.542,4.730,4.756,0.000,0.000,0.000,0.000,10.0,
6.11.2025,18:21:46.941,23.110,27.844,20.891,3.018,250.0,250.0,74.003,21.840,8.724,68.984,48.000,29.758,18.242,29.404,5.269,0.547,4.722,4.747,0.000,0.000,0.000,0.000,10.0,
6.11.2025,18:21:47.941,21.750,28.580,21.681,2.983,250.0,250.0,74.229,21.471,8.722,67.599,47.145,29.233,17.912,28.879,5.253,0.539,4.714,4.714,0.000,0.000,0.000,0.000,10.0,
6.11.2025,18:21:48.935,17.672,26.699,19.782,3.012,250.0,250.0,73.698,22.239,8.745,70.504,48.961,30.354,18.607,29.989,5.256,0.542,4.714,4.722,0.000,0.000,0.000,0.000,10.0,
6.11.2025,18:21:49.946,25.829,27.138,20.136,3.037,250.0,250.0,77.402,32.216,8.757,67.981,47.384,29.381,18.003,29.028,58.388,8.612,49.776,4.849,0.000,0.000,0.000,0.000,10.0,
6.11.2025,18:21:50.935,16.313,29.633,22.621,3.068,250.0,250.0,74.476,22.693,8.771,72.167,50.000,31.002,18.998,30.636,5.289,0.542,4.747,4.782,0.000,0.000,0.000,0.000,10.0,
6.11.2025,18:21:51.934,13.594,28.464,21.466,3.088,250.0,250.0,74.490,21.967,8.790,69.397,48.278,29.936,18.342,29.583,5.287,0.548,4.739,4.765,0.000,0.000,0.000,0.000,10.0,
6.11.2025,18:21:52.938,17.672,24.037,17.090,3.022,250.0,250.0,75.332,42.538,8.778,67.824,47.306,29.329,17.977,28.975,110.138,29.834,80.304,4.918,0.000,0.001,0.000,0.000,10.0,
6.11.2025,18:21:53.943,24.469,24.268,17.317,2.996,250.0,250.0,74.092,21.944,8.742,69.266,48.178,29.874,18.304,29.508,5.391,0.594,4.797,4.790,0.000,0.000,0.000,0.000,10.0,
6.11.2025,18:21:54.944,27.188,29.446,22.158,3.324,250.0,250.0,74.091,22.486,8.763,71.377,49.507,30.701,18.806,30.324,5.305,0.549,4.756,4.773,0.000,0.000,0.000,0.000,10.0,
6.11.2025,18:21:55.945,20.391,31.028,23.429,3.553,250.0,250.0,74.546,21.697,8.731,68.447,47.654,29.545,18.109,29.191,5.278,0.539,4.739,4.739,0.000,0.000,0.000,0.000,10.0,
6.11.2025,18:21:56.939,24.469,27.780,20.797,3.065,250.0,250.0,78.368,29.975,8.757,71.899,49.834,30.907,18.927,30.530,42.020,5.497,36.523,4.858,0.000,0.000,0.000,0.000,10.0,
6.11.2025,18:21:57.943,17.672,26.587,19.640,3.037,250.0,250.0,75.018,21.665,8.744,68.304,47.570,29.497,18.073,29.143,5.287,0.540,4.747,4.747,0.000,0.000,0.000,0.000,10.0,
6.11.2025,18:21:58.939,16.313,26.927,19.976,3.014,250.0,250.0,78.408,22.312,8.773,70.644,49.076,30.433,18.643,30.068,5.348,0.558,4.790,4.790,0.000,0.000,0.000,0.000,10.0,
6.11.2025,18:21:59.944,25.829,28.882,21.890,3.074,250.0,250.0,75.019,21.947,8.784,69.317,48.246,29.913,18.333,29.559,5.287,0.540,4.747,4.747,0.000,0.000,0.000,0.000,10.0,
6.11.2025,18:22:0.946,24.469,26.857,19.929,3.006,250.0,250.0,77.336,41.180,8.758,67.882,47.323,29.344,17.979,28.991,103.245,31.599,71.646,5.036,0.000,0.000,0.000,0.000,10.0,
6.11.2025,18:22:1.940,19.032,29.501,22.462,3.090,250.0,250.0,75.265,21.918,8.760,69.194,48.151,29.858,18.293,29.492,5.327,0.545,4.782,4.782,0.000,0.000,0.000,0.375,10.0,
6.11.2025,18:22:2.948,20.391,27.209,20.240,3.015,250.0,250.0,78.585,45.931,8.721,70.458,48.910,30.328,18.582,29.962,123.667,34.571,89.096,5.019,0.000,0.000,0.000,0.000,10.0,
6.11.2025,18:22:3.950,17.672,28.191,21.262,2.971,250.0,250.0,75.578,21.977,8.733,69.433,48.285,29.936,18.349,29.571,5.338,0.556,4.782,4.782,0.000,0.000,0.000,0.000,10.0,
6.11.2025,18:22:4.943,13.594,26.447,19.579,2.967,250.0,250.0,78.527,21.870,8.737,69.073,48.045,29.792,18.253,29.438,5.305,0.549,4.756,4.756,0.000,0.001,0.000,0.000,10.0,
6.11.2025,18:22:5.947,29.907,27.296,20.353,2.993,250.0,250.0,74.837,45.249,8.758,68.384,47.629,29.540,18.089,29.187,123.016,34.130,88.886,4.866,0.000,0.000,2.500,0.000,10.0,
6.11.2025,18:22:6.935,16.313,29.697,22.797,2.979,250.0,250.0,75.099,21.886,8.770,69.039,48.063,29.808,18.255,29.443,5.348,0.558,4.790,4.790,0.000,0.000,0.000,0.000,10.0,
6.11.2025,18:22:7.935,19.032,28.814,21.895,3.000,250.0,250.0,78.628,30.249,8.733,65.282,45.730,28.362,17.368,28.020,51.992,19.492,32.500,5.010,0.000,0.000,0.000,0.000,10.0,
6.11.2025,18:22:8.947,14.953,30.415,23.481,3.022,250.0,250.0,75.382,21.701,8.720,68.367,47.609,29.518,18.091,29.165,5.359,0.552,4.807,4.823,0.000,0.000,0.000,0.000,10.0,
6.11.2025,18:22:9.943,29.907,28.988,21.966,3.053,250.0,250.0,78.090,19.232,8.721,58.659,41.638,25.817,15.821,25.500,5.693,0.580,5.113,4.773,0.000,0.000,0.000,0.000,10.0,
6.11.2025,18:22:10.945,12.235,27.379,20.425,3.019,250.0,250.0,75.391,21.983,8.755,69.401,48.260,29.920,18.340,29.555,5.375,0.552,4.823,4.849,0.000,0.000,0.000,0.000,10.0,
6.11.2025,18:22:11.945,23.110,26.479,19.520,3.015,250.0,250.0,76.851,22.446,8.809,71.155,49.399,30.629,18.770,30.264,5.326,0.544,4.782,4.782,0.000,0.000,0.000,0.000,10.0,
6.11.2025,18:22:12.946,21.750,28.796,21.870,3.005,250.0,250.0,76.087,22.587,8.748,71.700,49.693,30.817,18.876,30.439,5.378,0.563,4.815,4.841,0.000,0.000,0.000,0.000,10.0,
6.11.2025,18:22:13.944,20.391,25.912,19.050,2.970,250.0,250.0,75.625,22.033,8.806,69.579,48.417,30.028,18.389,29.662,5.328,0.546,4.782,4.790,0.000,0.000,0.000,0.000,10.0,
6.11.2025,18:22:14.937,17.672,29.423,22.450,3.011,250.0,250.0,77.429,31.246,8.816,65.386,45.846,28.431,17.415,28.078,56.713,21.091,35.622,5.062,0.000,0.000,0.000,0.000,10.0,
6.11.2025,18:22:15.945,19.032,26.662,19.765,2.986,250.0,250.0,74.891,22.230,8.797,70.313,48.859,30.290,18.569,29.924,5.364,0.549,4.815,4.815,0.000,0.000,0.000,0.000,10.0,
6.11.2025,18:22:16.945,29.907,24.878,17.939,3.014,250.0,250.0,78.605,27.313,8.758,48.056,35.138,21.791,13.347,21.535,5.564,0.570,4.994,113.378,0.000,0.000,0.000,0.000,10.0,
6.11.2025,18:22:17.945,16.313,28.456,21.527,2.997,250.0,250.0,74.714,22.069,8.747,69.695,48.449,30.049,18.400,29.683,5.411,0.562,4.849,4.849,0.000,0.000,0.000,0.000,10.0,
6.11.2025,18:22:18.946,35.344,27.118,20.116,3.044,250.0,250.0,75.046,22.186,8.750,70.198,48.753,30.232,18.521,29.866,5.364,0.549,4.815,4.815,0.000,0.000,0.000,0.000,10.0,
6.11.2025,18:22:19.946,19.032,26.444,19.458,3.029,250.0,250.0,78.622,22.010,8.733,69.542,48.355,29.990,18.365,29.624,5.348,0.550,4.798,4.798,0.000,0.000,0.000,0.000,10.0,
6.11.2025,18:22:20.944,31.266,27.035,20.139,3.009,250.0,250.0,74.560,21.987,8.744,69.448,48.287,29.942,18.345,29.589,5.356,0.549,4.807,4.807,0.000,0.000,0.000,0.000,10.0,
6.11.2025,18:22:21.944,17.672,27.586,20.571,3.097,250.0,250.0,75.484,45.187,8.742,68.211,47.537,29.470,18.067,29.116,122.910,34.037,88.873,4.909,0.000,0.000,0.000,0.000,10.0,
6.11.2025,18:22:22.945,17.672,27.732,20.797,2.996,250.0,250.0,74.937,21.941,8.744,69.099,48.063,29.805,18.258,29.451,5.570,0.676,4.894,4.849,0.000,0.000,0.000,0.000,10.0,
6.11.2025,18:22:23.946,19.032,28.037,21.103,3.002,250.0,250.0,74.597,21.546,8.744,67.732,47.229,29.285,17.944,28.932,5.383,0.551,4.832,4.832,0.000,0.000,0.000,0.000,10.0,
6.11.2025,18:22:24.937,24.469,26.164,19.231,3.010,250.0,250.0,77.593,65.204,8.753,60.315,42.648,26.451,16.197,26.135,86.307,29.529,56.778,298.926,0.000,0.000,0.000,0.000,10.0,
6.11.2025,18:22:25.944,28.547,26.768,19.836,3.016,250.0,250.0,74.524,22.217,8.754,70.214,48.777,30.248,18.529,29.883,5.460,0.610,4.850,4.849,0.000,0.001,0.000,0.000,10.0,
6.11.2025,18:22:26.945,36.704,27.621,20.670,3.008,250.0,250.0,77.856,22.369,8.745,69.627,48.402,30.018,18.384,29.652,6.967,0.961,6.006,4.926,0.000,0.000,0.000,0.000,10.0,
6.11.2025,18:22:27.944,19.032,28.435,21.488,3.038,250.0,250.0,76.477,22.110,8.781,69.735,48.492,30.062,18.430,29.697,5.526,0.652,4.874,4.849,0.000,0.000,0.000,0.375,10.0,
6.11.2025,18:22:28.935,19.032,28.435,21.488,3.038,250.0,250.0,75.107,45.012,8.777,66.895,46.721,28.968,17.753,28.615,123.643,34.562,89.081,5.104,0.000,0.000,0.000,0.000,10.0,
6.11.2025,18:22:29.945,33.985,30.551,23.572,3.032,250.0,250.0,74.030,21.984,8.788,69.295,48.212,29.897,18.315,29.544,5.461,0.611,4.850,4.866,0.000,0.000,0.000,0.000,10.0,
6.11.2025,18:22:30.936,25.829,28.773,21.827,3.036,250.0,250.0,77.693,39.759,8.742,68.020,47.414,29.396,18.018,29.043,95.982,23.663,72.319,4.994,0.000,0.000,0.000,0.000,10.0,
6.11.2025,18:22:31.944,28.547,26.799,19.839,3.025,250.0,250.0,75.652,34.438,8.735,75.016,51.720,32.072,19.648,31.682,13.714,3.282,10.432,98.082,0.000,0.000,0.000,0.000,10.0,
6.11.2025,18:22:32.945,28.547,30.319,23.301,3.088,250.0,250.0,76.475,21.805,8.758,68.592,47.761,29.612,18.149,29.259,5.500,0.622,4.878,4.918,0.000,0.000,0.000,0.000,10.0,
6.11.2025,18:22:33.945,19.032,25.840,18.872,3.009,250.0,250.0,74.020,21.883,8.773,68.917,47.988,29.758,18.230,29.392,5.453,0.604,4.849,4.866,0.000,0.000,0.000,0.000,10.0,
6.11.2025,18:22:34.935,21.750,27.522,20.585,3.014,250.0,250.0,77.747,24.686,8.758,69.141,48.110,29.836,18.274,29.470,19.155,2.658,16.497,4.960,0.000,0.000,0.000,0.000,10.0,
6.11.2025,18:22:35.945,14.953,26.427,19.578,2.964,250.0,250.0,75.115,16.976,8.763,49.990,36.351,22.541,13.810,22.272,5.594,0.575,5.019,4.849,0.000,0.000,0.000,0.000,10.0,
6.11.2025,18:22:36.946,20.391,29.779,22.855,3.017,250.0,250.0,78.018,21.980,8.828,69.106,48.134,29.848,18.286,29.482,5.608,0.671,4.937,4.900,0.000,0.000,0.000,0.000,10.0,
6.11.2025,18:22:37.943,23.110,29.310,22.410,2.982,250.0,250.0,77.695,21.980,8.817,66.428,46.490,28.828,17.662,28.486,84.272,29.201,55.071,5.062,0.000,0.000,0.000,0.000,10.0,
6.11.2025,18:22:38.947,16.313,28.170,21.217,2.994,250.0,250.0,77.695,37.032,8.817,66.428,46.490,28.828,17.662,28.486,84.272,29.201,55.071,5.062,0.000,0.000,0.000,0.000,10.0,
6.11.2025,18:22:39.946,23.110,27.882,20.900,3.057,250.0,250.0,74.855,22.131,8.781,69.802,48.533,30.089,18.444,29.724,5.520,0.624,4.896,4.892,0.000,0.000,0.000,1.375,10.0,
6.11.2025,18:22:40.934,27.188,27.321,20.303,3.055,250.0,250.0,77.608,13.522,8.725,36.722,28.165,17.456,10.709,17.248,5.588,0.569,5.019,5.019,0.000,0.000,0.000,0.250,10.0,
6.11.2025,18:22:41.941,19.032,26.887,19.959,3.004,250.0,250.0,74.841,22.232,8.759,70.220,48.766,30.236,18.530,29.883,5.518,0.622,4.896,4.892,0.000,0.000,0.000,0.000,10.0,
6.11.2025,18:22:42.945,17.672,28.042,21.065,3.063,250.0,250.0,78.139,24.553,8.732,37.260,28.470,17.653,10.817,17.446,5.701,0.640,5.061,113.753,0.000,0.000,0.000,0.000,10.0,
6.11.2025,18:22:43.944,20.391,26.989,20.055,3.004,250.0,250.0,74.078,21.847,8.782,68.675,47.838,29.663,18.175,29.297,5.564,0.643,4.921,4.918,0.000,0.000,0.000,0.000,10.0,
6.11.2025,18:22:44.935,36.704,26.817,19.898,2.998,250.0,250.0,74.532,21.926,8.778,69.069,48.066,29.799,18.267,29.446,5.480,0.605,4.875,4.874,0.000,0.000,0.000,0.000,10.0,
6.11.2025,18:22:45.936,17.672,27.872,20.940,2.962,250.0,250.0,77.991,43.751,8.782,68.286,47.603,29.517,18.086,29.164,115.554,33.048,82.506,4.969,0.000,0.000,0.000,0.000,10.0,
6.11.2025,18:22:46.937,19.032,26.500,19.596,3.010,250.0,250.0,74.567,37.731,8.797,65.534,45.916,28.474,17.442,28.133,89.054,23.289,65.765,4.909,0.000,0.000,0.000,0.000,10.0,
6.11.2025,18:22:47.944,17.672,27.458,20.561,2.977,250.0,250.0,72.739,21.543,8.759,67.572,47.169,29.240,17.929,28.886,5.481,0.563,4.918,4.909,0.000,0.000,0.000,0.500,10.0,
6.11.2025,18:22:48.934,16.313,27.184,20.327,2.954,250.0,250.0,72.842,41.139,8.746,66.838,46.700,28.956,17.744,28.602,104.413,29.126,75.287,4.977,0.000,0.000,0.000,0.000,10.0,
6.11.2025,18:22:49.936,19.032,28.656,21.749,2.976,250.0,250.0,72.775,21.306,8.763,66.652,46.585,28.887,17.698,28.545,5.500,0.566,4.934,4.926,0.000,0.000,0.000,0.000,10.0,
6.11.2025,18:22:50.936,24.469,26.730,19.841,2.944,250.0,250.0,72.761,21.422,8.749,67.113,46.862,29.056,17.806,28.714,5.499,0.565,4.934,4.926,0.000,0.000,0.000,0.000,10.0,
6.11.2025,18:22:51.945,31.266,28.233,21.299,3.012,250.0,250.0,73.274,21.704,8.785,68.151,47.535,29.472,18.063,29.118,5.489,0.563,4.926,4.934,0.000,0.000,0.000,0.000,10.0,
6.11.2025,18:22:52.947,23.110,29.921,23.037,2.993,250.0,250.0,73.064,20.891,8.773,65.089,45.639,28.293,17.346,27.952,5.455,0.555,4.900,4.909,0.000,0.000,1.125,0.000,10.0,
6.11.2025,18:22:53.941,13.594,26.893,19.973,2.936,250.0,250.0,72.593,21.203,8.785,66.280,46.374,28.751,17.623,28.409,5.456,0.556,4.900,4.900,0.000,0.000,0.000,0.000,10.0,
6.11.2025,18:22:54.942,16.313,25.582,18.679,2.978,250.0,250.0,73.321,69.625,8.775,71.659,49.695,30.814,18.881,30.436,5.488,0.605,4.883,475.010,0.000,0.000,0.000,0.000,10.0,
6.11.2025,18:22:55.945,25.829,26.433,19.619,2.926,250.0,250.0,72.517,26.145,8.789,67.560,47.173,29.250,17.923,28.896,28.448,3.382,25.066,4.960,0.000,0.000,0.000,0.000,10.0,
6.11.2025,18:22:56.944,27.188,32.349,25.006,3.332,250.0,250.0,70.250,16.871,8.742,49.497,36.051,22.356,13.695,22.088,5.696,0.616,5.080,4.883,0.000,0.000,0.000,0.000,10.0,
6.11.2025,18:22:57.945,17.672,31.953,24.631,3.349,250.0,250.0,66.436,21.420,8.822,67.075,46.893,29.072,17.821,28.719,5.440,0.557,4.883,4.918,0.000,0.000,2.375,0.000,10.0,
6.11.2025,18:22:58.945,20.391,25.615,18.781,2.950,250.0,250.0,69.844,31.015,8.845,66.519,46.548,28.867,17.681,28.514,54.097,8.805,45.292,4.977,0.000,0.000,0.000,0.000,10.0,
6.11.2025,18:22:59.945,21.750,29.140,22.222,2.994,250.0,250.0,70.080,66.761,8.829,58.017,41.319,25.616,15.703,25.311,5.631,0.680,4.951,481.557,0.000,0.000,0.000,0.000,10.0,
6.11.2025,18:23:0.944,21.750,24.450,17.613,2.933,250.0,250.0,69.864,21.626,8.843,67.683,47.280,29.326,17.954,28.972,5.646,0.576,5.070,4.909,0.000,0.000,0.000,0.000,10.0,
6.11.2025,18:23:1.941,21.750,28.006,21.134,2.958,250.0,250.0,67.096,13.225,8.805,35.624,27.556,17.086,10.470,16.878,5.472,0.563,4.909,4.883,0.000,0.000,1.125,0.000,10.0,
6.11.2025,18:23:2.938,29.907,26.967,19.921,3.137,250.0,250.0,60.389,46.509,8.828,72.492,50.231,31.152,19.079,30.775,123.700,34.510,89.190,5.130,0.000,0.000,0.000,0.000,10.0,
6.11.2025,18:23:3.936,23.110,29.862,22.914,3.035,250.0,250.0,74.960,22.415,8.762,70.868,49.190,30.494,18.696,30.128,5.543,0.616,4.927,4.926,0.000,0.000,0.000,0.500,10.0,
6.11.2025,18:23:4.946,23.110,27.658,20.685,3.032,250.0,250.0,78.288,44.716,8.769,67.715,47.231,29.286,17.945,28.933,121.044,33.840,87.204,5.189,0.000,0.000,0.000,0.000,10.0,
6.11.2025,18:23:5.944,20.391,27.716,20.762,3.029,250.0,250.0,74.989,22.179,8.767,69.945,48.604,30.141,18.463,29.776,5.572,0.620,4.952,4.951,0.000,0.000,0.000,0.000,10.0,
6.11.2025,18:23:6.938,14.953,27.956,21.023,3.043,250.0,250.0,77.520,24.299,8.799,71.713,49.732,30.839,18.893,30.473,13.755,1.942,11.813,5.036,0.000,0.000,0.000,0.000,10.0,
6.11.2025,18:23:7.945,25.829,28.516,21.568,2.990,250.0,250.0,75.713,22.049,8.811,69.433,48.335,29.976,18.359,29.611,5.511,0.568,4.943,4.943,0.000,0.000,0.000,0.000,10.0,
6.11.2025,18:23:8.944,21.750,27.639,20.714,3.010,250.0,250.0,76.802,45.411,8.780,68.605,47.787,29.625,18.162,29.272,123.406,34.143,89.263,5.070,0.000,0.000,0.000,0.000,10.0,
6.11.2025,18:23:9.940,31.266,29.699,22.684,3.058,250.0,250.0,74.934,22.566,8.795,71.358,49.498,30.688,18.810,30.323,5.605,0.628,4.977,4.977,0.000,0.000,1.250,0.000,10.0,
6.11.2025,18:23:10.945,27.188,27.098,20.083,3.081,250.0,250.0,78.354,28.563,8.781,62.970,44.331,27.490,16.841,27.149,46.248,17.463,28.785,5.578,0.000,0.000,0.000,0.000,10.0,
6.11.2025,18:23:11.939,23.110,29.411,22.465,3.038,250.0,250.0,74.918,22.159,8.785,69.848,48.571,30.118,18.453,29.752,5.546,0.577,4.969,4.969,0.000,0.000,0.000,0.000,10.0,
6.11.2025,18:23:12.944,17.672,28.555,21.593,3.021,250.0,250.0,77.972,27.008,8.731,48.611,35.448,21.986,13.462,21.718,5.645,0.575,5.070,108.830,0.000,0.000,0.000,0.000,10.0,
6.11.2025,18:23:13.948,21.750,29.027,22.080,3.044,250.0,250.0,75.016,21.820,8.792,68.494,47.732,29.592,18.140,29.239,5.605,0.624,4.981,5.002,0.000,0.000,0.000,0.000,10.0,
6.11.2025,18:23:14.944,33.985,29.356,22.371,3.059,250.0,250.0,75.104,22.148,8.820,69.813,48.552,30.106,18.446,29.752,5.519,0.568,4.951,4.951,0.000,0.000,0.000,0.000,10.0,
6.11.2025,18:23:15.944,21.750,26.947,19.961,3.033,250.0,250.0,76.552,34.100,8.795,65.224,45.737,28.354,17.383,28.013,71.176,26.600,44.576,5.146,0.000,0.000,0.000,0.000,10.0,
6.11.2025,18:23:16.941,14.953,27.671,20.737,2.998,250.0,250.0,75.619,22.303,8.788,70.365,48.889,30.313,18.576,29.948,5.588,0.619,4.969,4.977,0.000,0.000,0.000,0.000,10.0,
6.11.2025,18:23:17.934,25.829,27.096,20.153,3.008,250.0,250.0,78.032,42.649,8.758,68.159,47.471,29.440,18.031,29.087,110.205,29.609,80.596,5.130,0.000,0.000,0.000,0.000,10.0,
6.11.2025,18:23:18.936,17.672,27.856,20.930,2.992,250.0,250.0,74.321,22.076,8.769,69.471,48.317,29.957,18.360,29.604,5.630,0.632,4.998,5.019,0.000,0.000,0.000,0.000,10.0,
6.11.2025,18:23:19.934,17.672,29.238,22.238,3.065,250.0,250.0,78.312,31.099,8.765,78.951,54.137,33.568,20.569,33.167,5.983,0.752,5.231,69.864,0.000,0.000,0.000,0.000,10.0,
6.11.2025,18:23:20.945,17.672,30.547,23.605,3.031,250.0,250.0,74.681,22.570,8.767,71.361,49.491,30.691,18.800,30.326,5.636,0.638,4.998,4.994,0.000,0.000,0.000,0.000,10.0,
6.11.2025,18:23:21.944,23.110,28.731,21.699,3.095,250.0,250.0,78.869,40.297,8.780,69.240,48.186,29.874,18.312,29.520,96.945,30.656,66.289,5.172,0.000,0.000,0.000,0.000,10.0,
6.11.2025,18:23:22.939,24.469,29.288,22.329,3.036,250.0,250.0,75.074,22.052,8.789,69.431,48.314,29.956,18.358,29.590,5.553,0.576,4.977,4.977,0.000,0.000,0.000,0.000,10.0,
6.11.2025,18:23:23.939,23.110,27.310,20.332,3.008,250.0,250.0,78.940,24.018,8.806,70.674,49.090,30.436,18.654,30.070,13.700,1.893,11.807,5.053,0.000,0.000,0.000,0.000,10.0,
6.11.2025,18:23:24.940,33.985,28.851,21.878,3.041,250.0,250.0,75.399,22.075,8.803,69.483,48.352,29.981,18.371,29.616,5.571,0.569,5.002,5.002,0.000,0.000,1.750,0.000,10.0,
6.11.2025,18:23:25.939,27.188,29.404,22.485,2.996,250.0,250.0,78.209,23.596,8.754,69.111,48.094,29.821,18.273,29.455,13.702,1.907,11.795,5.053,0.000,0.000,0.000,0.000,10.0,
6.11.2025,18:23:26.936,17.672,29.683,22.763,3.035,250.0,250.0,75.373,22.410,8.756,70.814,49.122,30.455,18.667,30.090,5.604,0.618,4.986,4.985,0.000,0.000,0.000,0.000,10.0,
6.11.2025,18:23:27.938,17.672,28.615,21.613,3.022,250.0,250.0,78.487,22.068,8.767,69.348,48.231,29.913,18.318,29.548,5.747,0.681,5.066,5.062,0.000,0.000,0.000,0.000,10.0,
6.11.2025,18:23:28.945,19.032,27.552,20.591,3.024,250.0,250.0,75.148,21.881,8.755,68.784,47.898,29.694,18.204,29.341,5.572,0.578,4.994,4.994,0.000,0.000,0.000,0.000,10.0,
6.11.2025,18:23:29.942,20.391,27.586,20.606,3.084,250.0,250.0,76.145,19.316,8.767,58.960,41.858,25.958,15.900,25.641,5.546,0.569,4.977,4.985,0.000,0.000,0.000,0.000,10.0,
6.11.2025,18:23:30.944,13.594,29.186,22.159,3.058,250.0,250.0,75.441,22.536,8.810,71.262,49.454,30.662,18.792,30.297,5.546,0.569,4.977,4.994,0.000,0.000,0.000,0.125,10.0,
6.11.2025,18:23:31.939,17.672,28.820,21.832,3.049,250.0,250.0,78.442,35.276,8.782,68.635,47.810,29.644,18.166,29.290,72.632,13.769,58.863,5.172,0.000,0.000,0.000,0.000,10.0,
6.11.2025,18:23:32.936,25.829,25.869,18.960,3.010,250.0,250.0,74.741,21.996,8.817,69.124,48.138,29.850,18.288,29.485,5.611,0.584,5.027,5.036,0.000,0.000,0.000,0.000,10.0,
6.11.2025,18:23:33.937,17.672,25.357,18.412,3.001,250.0,250.0,74.895,21.855,8.773,68.664,47.832,29.662,18.170,29.297,5.575,0.573,5.002,5.002,0.000,0.000,0.000,0.375,10.0,
6.11.2025,18:23:34.945,21.750,28.715,21.787,3.011,250.0,250.0,78.348,42.855,8.777,64.818,45.470,28.201,17.269,27.859,115.476,32.986,82.490,5.206,0.000,0.000,0.000,0.000,10.0,
6.11.2025,18:23:35.942,17.672,28.179,21.245,3.022,250.0,250.0,75.241,24.200,8.780,71.413,49.532,30.718,18.814,30.353,13.629,1.844,11.785,5.130,0.000,0.000,0.000,0.000,10.0,
6.11.2025,18:23:36.944,21.750,27.443,20.492,3.046,250.0,250.0,75.185,22.218,8.818,70.006,48.678,30.181,18.497,29.828,5.574,0.572,5.002,5.019,0.000,0.000,0.000,0.000,10.0,
6.11.2025,18:23:37.935,17.672,27.947,20.988,3.030,250.0,250.0,75.923,22.084,8.791,69.489,48.345,29.984,18.361,29.619,5.615,0.596,5.019,5.019,0.000,0.000,0.000,0.000,10.0,
6.11.2025,18:23:38.938,17.672,27.297,20.345,3.026,250.0,250.0,79.180,43.460,8.815,69.069,48.100,29.825,18.275,29.471,109.943,32.107,77.836,11.161,0.000,0.000,0.000,0.000,10.0,
6.11.2025,18:23:39.945,17.672,26.934,19.939,3.065,250.0,250.0,75.509,24.033,8.781,70.724,49.118,30.458,18.660,30.093,13.689,1.861,11.828,5.121,0.000,0.000,0.000,0.000,10.0,
6.11.2025,18:23:40.937,31.266,28.871,21.930,3.000,250.0,250.0,75.214,21.906,8.752,68.743,47.848,29.666,18.182,29.313,5.740,0.629,5.111,5.070,0.000,0.000,0.000,0.000,10.0,
6.11.2025,18:23:41.945,20.391,28.152,21.159,3.069,250.0,250.0,75.054,22.256,8.762,70.227,48.762,30.243,18.519,29.878,5.581,0.571,5.010,5.010,0.000,0.000,0.000,0.000,10.0,
6.11.2025,18:23:42.945,27.188,27.398,20.488,2.976,250.0,250.0,76.253,45.235,8.777,67.762,47.275,29.315,17.960,28.962,123.541,34.222,89.319,5.214,0.000,0.000,0.000,0.000,10.0,
6.11.2025,18:23:43.945,17.672,27.146,20.164,3.023,250.0,250.0,74.616,22.293,8.817,70.213,48.819,30.271,18.548,29.905,5.650,0.588,5.062,5.062,0.000,0.000,0.000,0.000,10.0,
6.11.2025,18:23:44.937,13.594,28.273,21.333,3.005,250.0,250.0,78.689,44.850,8.846,71.713,49.769,30.863,18.906,30.485,116.380,32.056,84.324,5.154,0.000,0.000,0.000,0.000,10.0,
6.11.2025,18:23:45.937,19.032,29.348,22.395,3.027,250.0,250.0,76.083,22.202,8.853,69.839,48.604,30.132,18.472,29.766,5.644,0.582,5.062,5.062,0.000,0.000,0.000,1.000,10.0,
6.11.2025,18:23:46.940,21.750,31.559,24.430,3.170,250.0,250.0,76.080,22.383,8.828,70.593,49.052,30.411,18.641,30.045,5.607,0.580,5.027,5.045,0.000,0.000,0.000,0.375,10.0,
6.11.2025,18:23:47.938,19.032,36.014,28.528,3.489,250.0,250.0,89.217,40.052,8.919,94.487,63.907,39.629,24.278,39.154,60.944,8.736,52.208,8.256,0.000,0.001,0.000,0.000,10.0,
6.11.2025,18:23:48.935,25.829,32.076,24.920,3.226,250.0,250.0,101.621,29.429,8.867,93.771,63.423,39.336,24.087,38.861,8.906,0.781,8.125,8.136,0.000,0.000,0.000,0.000,10.0,
6.11.2025,18:23:49.944,32.625,30.502,23.481,3.051,250.0,250.0,97.608,45.967,8.782,75.428,52.021,32.264,19.757,31.874,116.844,33.803,83.041,5.858,0.000,0.000,0.000,0.000,10.0,
6.11.2025,18:23:50.944,31.266,36.122,28.861,3.299,250.0,250.0,93.431,40.102,8.881,93.164,63.083,39.116,23.967,38.652,62.808,23.130,39.678,8.537,0.000,0.000,0.000,0.000,10.0,
6.11.2025,18:23:51.944,17.672,39.900,32.445,3.444,250.0,250.0,101.741,29.637,8.946,94.379,63.852,39.597,24.255,39.121,9.009,0.803,8.206,8.206,0.000,0.000,0.000,0.000,10.0,
6.11.2025,18:23:52.945,31.266,28.531,21.564,3.016,250.0,250.0,103.055,29.773,8.921,94.620,63.993,39.686,24.307,39.210,9.424,0.826,8.598,8.146,0.000,0.000,0.000,0.000,10.0,
6.11.2025,18:23:53.945,17.672,25.405,18.486,3.020,250.0,250.0,99.974,31.911,8.941,81.395,55.870,34.639,21.231,34.224,9.456,1.060,8.396,63.898,0.000,0.000,0.000,0.000,10.0,
6.11.2025,18:23:54.940,31.266,29.243,22.131,3.119,250.0,250.0,96.139,36.027,8.795,72.440,50.166,31.106,19.060,30.741,71.158,12.681,58.477,5.649,0.000,0.000,0.000,0.000,10.0,
6.11.2025,18:23:55.944,14.953,26.557,19.584,3.078,250.0,250.0,78.591,22.880,8.824,71.963,49.901,30.945,18.956,30.567,6.125,0.685,5.440,5.399,0.000,0.000,0.000,0.000,10.0,
6.11.2025,18:23:56.942,23.110,25.724,18.720,3.032,250.0,250.0,76.369,22.177,8.774,69.713,48.473,30.058,18.415,29.693,5.763,0.646,5.117,5.113,0.000,0.000,0.000,0.000,10.0,
6.11.2025,18:23:57.934,21.750,33.690,26.080,3.607,250.0,250.0,76.174,38.238,8.762,71.134,49.328,30.581,18.747,30.216,84.242,17.641,66.601,5.130,0.000,0.000,0.000,0.000,10.0,
6.11.2025,18:23:58.945,21.750,31.301,23.952,3.352,250.0,250.0,75.936,22.341,8.774,70.341,48.854,30.284,18.570,29.919,5.773,0.648,5.125,5.121,0.000,0.000,0.000,0.000,10.0,
6.11.2025,18:23:59.945,25.829,28.838,21.857,3.018,250.0,250.0,79.278,20.681,8.792,63.990,44.985,27.901,17.084,27.559,5.704,0.617,5.087,5.087,0.000,0.000,0.000,0.000,10.0,
6.11.2025,18:24:0.943,17.672,25.598,18.632,3.059,250.0,250.0,75.789,22.270,8.825,70.000,48.683,30.182,18.501,29.816,5.779,0.638,5.141,5.138,0.000,0.000,0.000,0.000,10.0,
6.11.2025,18:24:1.946,28.547,26.548,19.519,3.115,250.0,250.0,75.981,22.216,8.805,69.892,48.605,30.145,18.460,29.780,5.686,0.582,5.104,5.104,0.000,0.000,0.000,0.000,10.0,
6.11.2025,18:24:2.937,31.266,26.183,19.244,3.017,250.0,250.0,78.729,22.216,8.780,69.929,48.616,30.144,18.472,29.779,5.672,0.577,5.095,5.095,0.000,0.000,0.000,0.000,10.0,
6.11.2025,18:24:3.942,20.391,25.926,18.990,3.006,250.0,250.0,70.628,20.960,8.789,65.095,45.652,28.310,17.342,27.956,5.681,0.586,5.095,5.095,0.000,0.000,0.000,0.000,10.0,
6.11.2025,18:24:4.940,16.313,24.752,17.901,2.945,250.0,250.0,73.774,43.269,8.820,66.793,46.716,28.966,17.750,28.625,114.838,32.764,82.074,5.342,0.000,0.000,0.000,0.000,10.0,
6.11.2025,18:24:5.944,16.313,25.516,18.630,2.971,250.0,250.0,77.598,42.968,8.826,65.610,45.985,28.520,17.465,28.179,114.837,32.755,82.082,5.426,0.000,0.000,0.000,0.000,10.0,
6.11.2025,18:24:6.945,19.032,26.939,20.059,2.961,250.0,250.0,74.271,42.745,8.823,64.574,45.346,28.127,17.219,27.786,115.074,32.830,82.244,5.426,0.000,0.000,0.000,1.125,10.0,
6.11.2025,18:24:7.936,19.032,26.939,20.059,2.961,250.0,250.0,74.356,51.141,8.884,96.880,65.261,40.466,24.795,39.979,114.837,32.811,82.026,5.470,0.000,0.000,0.000,1.000,10.0,
6.11.2025,18:24:8.944,43.501,25.865,19.038,2.951,250.0,250.0,74.156,20.714,8.874,63.968,45.001,27.905,17.096,27.563,5.786,0.597,5.189,5.163,0.000,0.000,0.000,0.000,10.0,
6.11.2025,18:24:9.944,32.625,27.856,20.835,3.080,250.0,250.0,73.254,38.267,8.867,65.517,45.955,28.499,17.456,28.158,91.478,24.365,67.113,5.257,0.000,0.000,0.000,0.000,10.0,
6.11.2025,18:24:10.945,33.985,24.889,18.013,2.960,250.0,250.0,73.046,20.671,8.804,63.934,44.933,27.859,17.074,27.530,5.724,0.594,5.130,5.130,0.000,0.000,0.000,0.000,10.0,
6.11.2025,18:24:11.936,33.985,25.457,18.518,2.996,250.0,250.0,72.925,20.579,8.800,63.616,44.737,27.741,16.996,27.400,5.694,0.581,5.113,5.113,0.000,0.000,0.000,0.000,10.0,
6.11.2025,18:24:12.945,19.032,26.495,19.595,2.976,250.0,250.0,69.868,20.579,8.792,64.091,45.033,27.922,17.111,27.581,5.685,0.581,5.104,5.113,0.000,0.000,0.000,0.000,10.0,
6.11.2025,18:24:13.940,17.672,25.592,18.807,2.892,250.0,250.0,69.868,20.701,8.792,64.091,45.033,27.922,17.111,27.581,5.685,0.581,5.104,5.113,0.000,0.000,0.000,0.000,10.0,
6.11.2025,18:24:14.937,21.750,27.611,20.775,2.926,250.0,250.0,69.570,76.224,8.808,58.249,41.421,25.686,15.735,25.369,58.762,22.265,36.497,469.446,0.000,0.000,0.000,0.000,10.0,
6.11.2025,18:24:15.935,27.188,25.437,18.625,2.898,250.0,250.0,66.025,20.806,8.843,64.466,45.286,28.078,17.208,27.737,5.672,0.577,5.095,5.095,0.000,0.000,0.000,0.000,10.0,
6.11.2025,18:24:16.943,40.782,25.914,19.064,2.916,250.0,250.0,70.069,21.948,8.775,63.659,44.733,27.744,16.989,27.403,12.526,1.393,11.133,5.121,0.000,0.000,0.000,0.000,10.0,
6.11.2025,18:24:17.944,16.313,26.475,19.708,2.909,250.0,250.0,69.371,24.585,8.832,52.145,37.682,23.367,14.315,23.075,38.934,14.199,24.735,8.570,0.000,0.000,0.000,0.000,10.0,
6.11.2025,18:24:18.939,20.391,26.328,19.521,2.890,250.0,250.0,66.495,20.953,8.839,65.013,45.622,28.282,17.340,27.941,5.696,0.592,5.104,5.104,0.000,0.000,0.000,0.000,10.0,
6.11.2025,18:24:19.941,35.344,27.506,20.534,3.025,250.0,250.0,55.416,22.183,8.819,69.807,48.565,30.114,18.451,29.761,5.629,0.576,5.053,5.053,0.000,0.000,0.000,0.000,10.0,
6.11.2025,18:24:20.939,25.829,27.100,20.114,3.061,250.0,250.0,74.980,30.484,8.789,48.420,35.376,21.938,13.438,21.669,6.231,0.864,5.367,142.750,0.000,0.000,0.000,0.000,10.0,
6.11.2025,18:24:21.945,14.953,28.470,21.527,3.028,250.0,250.0,75.420,36.736,8.816,87.276,59.318,36.786,22.532,36.335,55.577,12.301,43.276,5.146,0.000,0.000,0.000,1.750,10.0,
6.11.2025,18:24:22.945,17.672,27.193,20.180,3.077,250.0,250.0,76.985,28.465,8.863,69.436,48.347,29.978,18.369,29.625,37.419,4.927,32.492,5.198,0.000,0.000,0.000,0.875,10.0,
6.11.2025,18:24:23.945,14.953,25.946,19.042,2.982,250.0,250.0,75.113,22.273,8.853,69.926,48.659,30.165,18.494,29.799,5.834,0.658,5.176,5.172,0.000,0.000,0.000,0.000,10.0,
6.11.2025,18:24:24.947,32.625,24.981,18.091,2.985,250.0,250.0,74.732,22.480,8.815,70.821,49.195,30.506,18.689,30.129,5.743,0.597,5.146,5.154,0.000,0.000,0.000,2.125,10.0,
6.11.2025,18:24:25.945,25.829,27.803,20.855,3.004,250.0,250.0,78.291,26.619,8.792,65.498,45.919,28.475,17.444,28.122,6.092,0.622,5.470,59.760,0.000,0.000,0.000,0.000,10.0,
6.11.2025,18:24:26.944,28.547,26.511,19.628,2.986,250.0,250.0,75.788,22.668,8.804,71.506,49.612,30.764,18.848,30.386,5.779,0.590,5.189,5.206,0.000,0.000,0.000,0.000,10.0,
6.11.2025,18:24:27.944,17.672,30.068,23.116,3.015,250.0,250.0,75.799,22.806,8.795,72.093,49.960,30.975,18.985,30.610,5.735,0.589,5.146,5.172,0.000,0.000,0.000,0.000,10.0,
6.11.2025,18:24:28.945,24.469,26.534,19.602,2.984,250.0,250.0,79.281,22.415,8.761,40.686,30.595,18.969,11.626,18.750,5.986,0.611,5.375,82.793,0.000,0.000,0.000,0.000,10.0,
6.11.2025,18:24:29.944,20.391,30.679,23.686,3.056,250.0,250.0,75.577,38.493,8.835,73.398,50.795,31.500,19.295,31.122,82.354,17.240,65.114,5.274,0.000,0.000,0.000,0.000,10.0,
6.11.2025,18:24:30.937,16.313,26.736,19.748,3.016,250.0,250.0,75.351,22.776,8.790,71.894,49.827,30.900,18.927,30.522,5.855,0.650,5.205,5.189,0.000,0.000,0.000,0.000,10.0,
6.11.2025,18:24:31.945,21.750,27.000,20.053,3.051,250.0,250.0,78.318,28.798,8.778,46.329,34.124,21.166,12.958,20.910,6.118,0.624,5.494,131.476,0.000,0.000,0.000,0.000,10.0,
6.11.2025,18:24:32.945,17.672,27.488,20.477,3.060,250.0,250.0,75.290,22.400,8.799,70.520,48.982,30.366,18.616,30.000,5.771,0.599,5.172,5.180,0.000,0.000,0.000,0.000,10.0,
6.11.2025,18:24:33.945,25.829,25.901,18.982,3.004,250.0,250.0,74.522,22.283,8.838,70.075,48.722,30.205,18.517,29.840,5.733,0.587,5.146,5.163,0.000,0.001,0.000,0.000,10.0,
6.11.2025,18:24:34.943,17.672,26.180,19.250,3.024,250.0,250.0,77.605,22.674,8.772,71.410,49.517,30.706,18.811,30.329,5.981,0.690,5.291,5.231,0.000,0.000,0.000,0.000,10.0,
6.11.2025,18:24:35.944,17.672,26.057,19.131,2.994,250.0,250.0,74.674,22.947,8.814,72.564,50.262,31.173,19.089,30.796,5.782,0.602,5.180,5.206,0.000,0.000,0.000,0.000,10.0,
6.11.2025,18:24:36.936,19.032,27.423,20.479,3.031,250.0,250.0,77.950,23.334,8.818,73.954,51.121,31.701,19.420,31.323,5.920,0.603,5.317,5.163,0.000,0.000,0.000,0.375,10.0,
6.11.2025,18:24:37.938,21.750,27.535,20.620,2.993,250.0,250.0,76.445,22.719,8.774,71.722,49.709,30.821,18.888,30.456,5.798,0.592,5.206,5.222,0.000,0.000,2.500,0.000,10.0,
6.11.2025,18:24:38.941,21.750,25.673,18.706,3.026,250.0,250.0,75.437,22.058,8.835,69.156,48.152,29.860,18.292,29.507,5.792,0.594,5.198,5.198,0.000,0.000,0.625,0.000,10.0,
6.11.2025,18:24:39.944,25.829,29.830,22.860,3.041,250.0,250.0,78.893,22.106,8.860,69.113,48.145,29.852,18.293,29.499,5.929,0.621,5.308,5.437,0.000,0.000,0.000,0.000,10.0,
6.11.2025,18:24:40.946,31.266,29.422,22.428,3.048,250.0,250.0,75.140,29.332,8.822,70.868,49.210,30.517,18.693,30.140,39.916,5.259,34.657,5.240,0.000,0.000,0.000,1.125,10.0,
6.11.2025,18:24:41.934,17.672,28.097,21.052,3.084,250.0,250.0,76.086,22.203,8.831,69.708,48.491,30.071,18.420,29.706,5.800,0.602,5.198,5.198,0.000,0.000,0.000,0.375,10.0,
6.11.2025,18:24:42.943,19.032,25.115,18.175,3.045,250.0,250.0,79.041,22.612,8.822,71.301,49.485,30.680,18.805,30.314,5.768,0.588,5.180,5.180,0.000,0.000,0.000,0.000,10.0,
6.11.2025,18:24:43.944,16.313,27.631,20.633,3.044,250.0,250.0,75.640,44.130,8.766,70.773,49.131,30.468,18.663,30.090,114.015,32.732,81.283,5.375,0.000,0.000,0.000,0.000,10.0,
6.11.2025,18:24:44.942,21.750,27.458,20.569,2.995,250.0,250.0,75.394,22.536,8.838,70.910,49.253,30.541,18.712,30.176,5.851,0.629,5.222,5.222,0.000,0.000,0.000,0.000,10.0,
6.11.2025,18:24:45.936,17.672,25.271,18.374,3.000,250.0,250.0,78.254,22.484,8.803,70.816,49.177,30.490,18.687,30.125,5.776,0.587,5.189,5.189,0.000,0.000,0.000,0.375,10.0,
6.11.2025,18:24:46.936,24.469,26.086,19.133,3.006,250.0,250.0,76.173,46.158,8.825,70.947,49.259,30.549,18.710,30.184,123.904,34.455,89.449,5.299,0.000,0.000,0.000,0.000,10.0,
6.11.2025,18:24:47.945,25.829,27.744,20.783,3.042,250.0,250.0,75.348,22.507,8.814,70.877,49.216,30.516,18.700,30.151,5.800,0.602,5.198,5.198,0.000,0.000,0.000,0.000,10.0,
6.11.2025,18:24:48.945,20.391,27.885,20.966,3.018,250.0,250.0,79.013,46.777,8.791,73.084,50.569,31.357,19.212,30.979,124.175,34.432,89.743,5.426,0.000,0.001,0.000,0.000,10.0,
6.11.2025,18:24:49.936,17.672,30.092,23.086,3.060,250.0,250.0,75.418,44.141,8.725,69.288,48.178,29.874,18.304,29.521,115.969,33.070,82.899,5.579,0.000,0.000,0.000,0.000,10.0,
6.11.2025,18:24:50.936,32.625,27.778,20.817,3.029,250.0,250.0,75.161,23.651,8.750,69.439,48.281,29.943,18.338,29.577,13.442,1.793,11.649,5.299,0.000,0.000,0.000,0.000,10.0,
6.11.2025,18:24:51.945,17.672,29.509,22.407,3.124,250.0,250.0,75.246,22.248,8.787,69.864,48.566,30.116,18.450,29.751,5.859,0.645,5.214,5.222,0.000,0.000,0.000,0.500,10.0,
6.11.2025,18:24:52.935,10.875,26.021,19.125,3.005,250.0,250.0,76.492,22.013,8.778,69.013,48.045,29.797,18.248,29.432,5.797,0.591,5.206,5.222,0.000,0.000,0.000,0.000,10.0,
6.11.2025,18:24:53.946,23.110,28.228,21.228,3.039,250.0,250.0,77.614,22.047,8.816,69.118,48.135,29.848,18.287,29.483,5.788,0.590,5.198,5.206,0.000,0.000,0.000,0.000,10.0,
6.11.2025,18:24:54.959,23.110,25.355,18.425,3.010,250.0,250.0,74.901,28.637,8.849,70.728,49.134,30.467,18.667,30.101,36.540,4.881,31.659,5.342,0.000,0.000,0.000,0.000,10.0,
6.11.2025,18:24:55.960,14.953,26.439,19.539,3.010,250.0,250.0,74.904,21.947,8.814,68.587,47.794,29.634,18.160,29.281,5.955,0.685,5.270,5.291,0.000,0.000,0.750,0.000,10.0,
6.11.2025,18:24:56.961,28.547,28.691,21.731,3.011,250.0,250.0,74.569,21.774,8.786,68.018,47.431,29.408,18.023,29.055,5.894,0.659,5.235,5.231,0.000,0.000,0.000,0.000,10.0,
6.11.2025,18:24:57.959,17.672,25.767,18.872,2.981,250.0,250.0,77.263,21.926,8.753,68.698,47.826,29.655,18.171,29.302,5.816,0.594,5.222,5.222,0.000,0.000,0.000,0.000,10.0,
6.11.2025,18:24:58.965,25.829,27.581,20.579,3.052,250.0,250.0,74.694,32.910,8.751,72.646,50.292,31.189,19.103,30.811,55.500,7.912,47.588,5.308,0.000,0.000,0.500,0.000,10.0,
6.11.2025,18:24:59.959,46.219,37.919,30.251,3.615,250.0,250.0,74.639,22.418,8.773,70.481,48.934,30.347,18.587,29.982,5.916,0.664,5.252,5.248,0.000,0.000,0.000,0.000,10.0,
6.11.2025,18:25:0.963,23.110,32.496,25.256,3.296,250.0,250.0,78.358,22.397,8.821,70.431,48.949,30.343,18.606,29.978,5.814,0.600,5.214,5.214,0.000,0.000,0.000,0.000,10.0,
6.11.2025,18:25:1.961,25.829,29.060,22.022,3.064,250.0,250.0,75.190,45.864,8.807,69.511,48.360,29.987,18.373,29.634,124.309,34.699,89.610,5.350,0.000,0.000,0.000,0.000,10.0,
6.11.2025,18:25:2.968,19.032,28.231,21.332,2.978,250.0,250.0,75.072,22.290,8.798,69.954,48.628,30.146,18.482,29.781,5.921,0.654,5.267,5.266,0.000,0.000,0.000,1.375,10.0,
6.11.2025,18:25:3.972,23.110,28.295,21.372,2.996,250.0,250.0,74.830,21.983,8.799,68.879,47.959,29.732,18.227,29.379,5.816,0.594,5.222,5.222,0.000,0.000,0.000,0.000,10.0,
6.11.2025,18:25:4.969,19.032,27.985,21.061,2.973,250.0,250.0,74.990,45.965,8.822,70.097,48.742,30.217,18.525,29.852,123.990,34.458,89.532,5.410,0.000,0.000,0.000,0.000,10.0,
6.11.2025,18:25:5.974,27.188,25.487,18.613,2.981,250.0,250.0,75.627,22.674,8.789,71.425,49.548,30.725,18.823,30.360,5.913,0.661,5.252,5.248,0.000,0.000,0.000,0.000,10.0,
6.11.2025,18:25:6.977,35.344,27.310,20.439,2.967,250.0,250.0,75.933,21.673,8.764,67.690,47.264,29.307,17.957,28.953,5.796,0.590,5.206,5.206,0.000,0.000,0.000,0.000,10.0,
6.11.2025,18:25:7.990,29.907,26.795,19.842,2.990,250.0,250.0,78.936,22.565,8.804,70.944,49.261,30.546,18.715,30.180,5.956,0.661,5.295,5.291,0.000,0.000,0.000,0.000,10.0,
6.11.2025,18:25:8.987,20.391,28.722,21.831,2.996,250.0,250.0,75.814,19.793,8.805,60.415,42.783,26.531,16.252,26.202,5.857,0.634,5.223,5.222,0.000,0.000,0.000,0.000,10.0,
6.11.2025,18:25:10.002,20.391,28.480,21.533,3.011,250.0,250.0,78.565,22.380,8.814,70.220,48.815,30.261,18.554,29.896,5.966,0.655,5.311,5.308,0.000,0.000,0.000,0.000,10.0,
6.11.2025,18:25:10.993,21.750,27.133,20.198,2.994,250.0,250.0,78.226,29.162,8.763,80.542,55.121,34.188,20.933,33.774,24.995,7.074,17.921,8.306,0.000,0.000,0.000,0.000,10.0,
6.11.2025,18:25:11.994,17.672,28.745,21.771,3.052,250.0,250.0,77.562,22.167,8.748,69.525,48.337,29.976,18.361,29.611,5.919,0.650,5.269,5.274,0.000,0.000,0.000,0.000,10.0,
6.11.2025,18:25:12.992,17.672,26.036,19.118,3.004,250.0,250.0,77.199,30.457,8.754,69.030,48.040,29.794,18.246,29.428,6.240,0.635,5.605,88.799,0.000,0.000,0.000,0.000,10.0,
6.11.2025,18:25:13.988,16.313,26.500,19.556,2.991,250.0,250.0,78.693,22.690,8.754,71.478,49.556,30.723,18.833,30.357,5.956,0.664,5.292,5.291,0.000,0.000,0.000,0.000,10.0,
6.11.2025,18:25:14.986,17.672,27.352,20.393,3.027,250.0,250.0,79.037,41.864,8.775,69.940,48.617,30.142,18.475,29.777,103.660,31.453,72.207,5.597,0.000,0.000,0.000,0.000,10.0,
6.11.2025,18:25:15.984,27.188,26.270,19.324,3.009,250.0,250.0,75.288,22.144,8.799,69.360,48.274,29.929,18.345,29.576,5.939,0.654,5.285,5.282,0.000,0.001,0.000,0.000,10.0,
6.11.2025,18:25:16.981,27.188,28.978,22.076,2.993,250.0,250.0,75.532,22.852,8.898,71.989,49.962,30.981,18.981,30.615,5.913,0.646,5.267,5.266,0.000,0.000,0.000,0.000,10.0,
6.11.2025,18:25:17.982,17.672,27.400,20.474,2.982,250.0,250.0,79.885,43.876,8.866,70.061,48.749,30.226,18.523,29.860,113.446,32.621,80.825,5.588,0.000,0.000,0.000,1.000,10.0,
6.11.2025,18:25:18.992,17.672,28.008,21.054,3.008,250.0,250.0,75.876,32.515,8.849,70.542,49.018,30.397,18.621,30.032,56.167,8.249,47.918,5.358,0.000,0.000,0.000,0.500,10.0,
6.11.2025,18:25:19.995,17.672,29.280,22.325,3.025,250.0,250.0,76.322,22.393,8.795,70.322,48.861,30.304,18.557,29.938,5.933,0.650,5.283,5.291,0.000,0.000,1.750,0.250,10.0,
6.11.2025,18:25:20.994,20.391,29.515,22.511,3.073,250.0,250.0,79.482,20.637,8.780,63.623,44.758,27.757,17.001,27.416,5.895,0.646,5.249,5.248,0.000,0.000,0.000,0.250,10.0,
6.11.2025,18:25:21.995,14.953,26.165,19.225,3.005,250.0,250.0,72.616,21.358,8.802,64.823,45.475,28.196,17.279,27.867,7.913,0.851,7.062,5.317,0.000,0.000,0.000,0.000,10.0,
6.11.2025,18:25:22.995,19.032,26.790,19.924,2.957,250.0,250.0,73.795,21.591,8.811,65.143,45.681,28.322,17.359,27.981,8.646,0.967,7.679,5.324,0.000,0.000,0.000,0.000,10.0,
6.11.2025,18:25:23.991,23.110,23.840,16.956,2.966,250.0,250.0,73.408,39.630,8.804,76.914,52.936,32.826,20.110,32.424,83.446,28.872,54.574,5.393,0.000,0.000,0.000,0.000,10.0,
6.11.2025,18:25:24.987,23.110,25.845,19.000,2.942,250.0,250.0,71.039,17.683,8.804,52.282,37.786,23.433,14.353,23.152,5.873,0.599,5.274,5.274,0.000,0.000,0.000,0.000,10.0,
6.11.2025,18:25:25.994,24.469,25.529,18.682,2.952,250.0,250.0,72.842,20.981,8.838,64.964,45.586,28.263,17.323,27.922,5.834,0.594,5.240,5.240,0.000,0.000,0.000,0.000,10.0,
6.11.2025,18:25:26.996,24.469,25.502,18.604,2.958,250.0,250.0,73.483,20.670,8.823,63.763,44.827,27.797,17.030,27.468,5.861,0.595,5.266,5.266,0.000,0.000,0.000,0.000,10.0,
6.11.2025,18:25:27.995,28.547,25.476,18.595,2.979,250.0,250.0,73.460,20.951,8.836,64.806,45.484,28.199,17.285,27.858,5.882,0.608,5.274,5.274,0.000,0.000,0.000,0.000,10.0,
6.11.2025,18:25:28.994,14.953,28.043,21.138,3.005,250.0,250.0,74.483,34.574,8.768,96.644,65.058,40.337,24.721,39.851,32.555,10.679,21.876,5.248,0.000,0.000,0.375,0.000,10.0,
6.11.2025,18:25:30.000,19.032,27.599,20.674,2.954,250.0,250.0,76.822,19.390,8.756,44.755,33.106,20.525,12.581,20.281,6.129,0.659,5.470,41.638,0.000,0.000,0.000,2.125,10.0,
6.11.2025,18:25:30.986,21.750,27.195,20.299,2.971,250.0,250.0,70.911,20.747,8.817,64.072,45.032,27.921,17.111,27.580,5.843,0.595,5.248,5.248,0.000,0.000,0.000,0.000,10.0,
6.11.2025,18:25:31.996,19.032,26.998,20.192,2.913,250.0,250.0,68.087,20.959,8.840,64.852,45.527,28.223,17.304,27.882,5.852,0.595,5.257,5.257,0.000,0.000,0.000,0.000,10.0,
6.11.2025,18:25:32.987,23.110,25.874,19.067,2.907,250.0,250.0,70.633,21.125,8.866,65.404,45.875,28.439,17.436,28.097,5.929,0.654,5.275,5.274,0.000,0.000,2.000,0.000,10.0,
6.11.2025,18:25:33.991,29.907,26.564,19.685,2.934,250.0,250.0,70.059,21.689,8.775,64.882,45.502,28.215,17.287,27.873,9.534,1.007,8.527,5.291,0.000,0.000,0.000,0.000,10.0,
6.11.2025,18:25:34.996,19.032,25.620,18.842,2.893,250.0,250.0,70.476,37.495,8.750,53.781,38.636,23.954,14.682,23.674,6.048,0.664,5.384,199.379,0.000,0.000,0.000,0.000,10.0,
6.11.2025,18:25:36.006,20.391,26.403,19.552,2.915,250.0,250.0,67.833,20.955,8.828,64.827,45.503,28.211,17.292,27.870,5.859,0.602,5.257,5.299,0.000,0.000,0.000,0.000,10.0,
6.11.2025,18:25:37.006,16.313,24.485,17.562,3.035,250.0,250.0,58.694,22.061,8.756,69.197,48.133,29.852,18.281,29.486,5.809,0.603,5.206,5.291,0.000,0.000,0.000,0.000,10.0,
6.11.2025,18:25:38.000,19.032,27.040,20.043,3.056,250.0,250.0,69.109,22.784,8.813,71.840,49.807,30.883,18.924,30.505,5.887,0.605,5.282,5.291,0.000,0.001,0.000,0.000,10.0,
6.11.2025,18:25:38.999,23.110,28.465,21.472,3.053,250.0,250.0,78.378,13.036,8.779,34.143,26.626,16.511,10.115,16.303,6.305,0.641,5.664,5.274,0.000,0.000,0.000,0.000,10.0,
6.11.2025,18:25:40.001,17.672,27.944,20.990,3.030,250.0,250.0,75.742,22.337,8.839,69.927,48.644,30.163,18.481,29.798,6.069,0.693,5.376,5.375,0.000,0.000,0.000,1.750,10.0,
6.11.2025,18:25:41.014,24.469,28.957,21.952,3.037,250.0,250.0,75.105,22.469,8.839,70.584,49.050,30.422,18.628,30.056,5.901,0.602,5.299,5.308,0.000,0.000,1.125,0.000,10.0,
6.11.2025,18:25:42.026,25.829,27.348,20.330,3.093,250.0,250.0,79.139,22.446,8.815,70.476,48.989,30.368,18.621,30.002,5.920,0.603,5.317,5.350,0.000,0.000,0.000,0.000,10.0,
6.11.2025,18:25:43.016,17.672,28.760,21.781,3.033,250.0,250.0,75.682,22.378,8.777,70.302,48.832,30.273,18.559,29.908,5.906,0.607,5.299,5.317,0.000,0.000,0.000,0.000,10.0,
6.11.2025,18:25:44.026,21.750,27.752,20.809,3.020,250.0,250.0,75.553,22.251,8.791,69.826,48.532,30.093,18.439,29.740,5.895,0.604,5.291,5.299,0.000,0.000,1.125,0.000,10.0,
6.11.2025,18:25:45.021,16.313,27.270,20.400,2.994,250.0,250.0,78.818,22.642,8.793,71.077,49.340,30.599,18.741,30.221,6.150,0.750,5.400,5.350,0.000,0.000,0.000,0.000,10.0,
6.11.2025,18:25:46.017,36.704,27.251,20.377,2.965,250.0,250.0,79.579,28.456,8.779,58.332,41.476,25.712,15.764,25.407,6.067,0.632,5.435,96.955,0.000,0.001,0.000,0.000,10.0,
6.11.2025,18:25:47.017,17.672,27.740,20.806,3.003,250.0,250.0,75.776,22.686,8.825,71.323,49.497,30.692,18.805,30.315,6.028,0.674,5.354,5.350,0.000,0.000,0.000,0.000,10.0,
6.11.2025,18:25:48.014,16.313,30.655,23.682,3.016,250.0,250.0,79.726,45.685,8.804,64.701,45.407,28.163,17.244,27.822,46.134,17.552,28.582,172.437,0.000,0.000,0.000,0.000,10.0,
6.11.2025,18:25:49.016,33.985,29.078,22.111,3.020,250.0,250.0,76.072,22.363,8.865,70.114,48.770,30.239,18.531,29.885,5.946,0.613,5.333,5.333,0.000,0.000,0.000,0.000,10.0,
6.11.2025,18:25:50.013,28.547,28.261,21.314,3.003,250.0,250.0,78.967,22.608,8.877,70.920,49.282,30.556,18.726,30.191,6.066,0.669,5.397,5.393,0.000,0.000,0.000,0.250,10.0,
6.11.2025,18:25:51.023,23.110,27.889,20.855,3.086,250.0,250.0,75.664,22.654,8.806,71.290,49.471,30.670,18.801,30.304,5.938,0.614,5.324,5.324,0.000,0.000,2.000,0.000,10.0,
6.11.2025,18:25:52.023,33.985,30.773,23.786,3.077,250.0,250.0,79.442,22.302,8.838,69.833,48.592,30.125,18.467,29.760,6.024,0.663,5.361,5.358,0.000,0.000,0.000,0.000,10.0,
6.11.2025,18:25:53.021,24.469,27.551,20.635,2.964,250.0,250.0,75.742,22.559,8.802,70.908,49.211,30.518,18.693,30.153,5.999,0.650,5.349,5.308,0.000,0.000,0.000,0.000,10.0,
6.11.2025,18:25:54.022,31.266,28.547,21.608,3.020,250.0,250.0,79.247,38.015,8.859,67.534,47.172,29.255,17.917,28.902,87.422,29.671,57.751,5.664,0.000,0.000,0.000,0.000,10.0,
6.11.2025,18:25:55.030,27.188,26.608,19.681,3.008,250.0,250.0,75.265,22.633,8.870,71.082,49.390,30.619,18.771,30.254,5.999,0.657,5.342,5.342,0.000,0.000,0.000,0.000,10.0,
6.11.2025,18:25:56.038,17.672,28.482,21.578,2.980,250.0,250.0,75.350,22.469,8.840,70.501,48.996,30.382,18.614,30.016,6.003,0.679,5.324,5.333,0.000,0.000,0.000,0.000,10.0,
6.11.2025,18:25:57.038,20.391,28.195,21.255,3.015,250.0,250.0,79.143,18.217,8.780,54.028,38.841,24.080,14.761,23.787,6.285,0.637,5.648,5.324,0.000,0.000,0.000,0.000,10.0,
6.11.2025,18:25:58.033,17.672,25.312,18.409,2.973,250.0,250.0,75.735,46.413,8.773,71.810,49.774,30.859,18.915,30.494,123.990,34.326,89.664,5.528,0.000,0.000,0.375,0.000,10.0,
6.11.2025,18:25:59.033,16.313,29.416,22.490,3.010,250.0,250.0,76.331,22.928,8.822,72.278,50.083,31.061,19.022,30.684,5.988,0.664,5.324,5.350,0.000,0.000,0.000,0.000,10.0,
6.11.2025,18:26:0.038,21.750,26.354,19.384,3.037,250.0,250.0,79.727,18.329,8.824,54.353,39.067,24.226,14.841,23.933,6.361,0.646,5.715,5.324,0.000,0.000,0.000,0.375,10.0,
6.11.2025,18:26:1.034,27.188,36.962,29.309,3.607,250.0,250.0,76.158,14.398,8.827,39.340,29.852,18.507,11.345,18.287,6.249,0.635,5.614,5.324,0.000,0.000,0.000,0.750,10.0,
6.11.2025,18:26:2.032,23.110,33.664,26.343,3.301,250.0,250.0,77.212,32.731,8.886,72.539,50.282,31.183,19.099,30.805,54.541,7.714,46.827,5.435,0.000,0.000,0.000,0.000,10.0,
6.11.2025,18:26:3.029,23.110,33.664,26.343,3.301,250.0,250.0,76.769,22.706,8.896,71.315,49.548,30.725,18.823,30.347,6.017,0.672,5.345,5.375,0.000,0.000,0.000,0.000,10.0,
6.11.2025,18:26:4.039,40.782,27.301,20.371,3.033,250.0,250.0,80.027,22.326,8.849,70.001,48.696,30.202,18.494,29.837,5.928,0.604,5.324,5.324,0.000,0.000,0.000,0.000,10.0,
6.11.2025,18:26:5.039,32.625,28.400,21.429,3.037,250.0,250.0,75.827,22.607,8.827,70.994,49.289,30.565,18.724,30.199,6.050,0.680,5.370,5.367,0.000,0.000,0.000,0.000,10.0,
6.11.2025,18:26:6.039,20.391,29.007,22.040,3.046,250.0,250.0,77.706,22.603,8.793,71.058,49.321,30.582,18.739,30.204,5.981,0.614,5.367,5.367,0.000,0.000,0.000,0.000,10.0,
6.11.2025,18:26:7.039,40.782,26.922,19.945,3.041,250.0,250.0,79.987,25.031,8.800,70.873,49.194,30.510,18.684,30.145,18.298,2.494,15.804,5.511,0.000,0.000,0.000,0.000,10.0,
6.11.2025,18:26:8.039,24.469,29.415,22.435,3.052,250.0,250.0,76.298,23.051,8.850,72.565,50.281,31.170,19.111,30.793,6.172,0.734,5.438,5.393,0.000,0.000,0.000,0.000,10.0,
6.11.2025,18:26:9.033,31.266,27.871,20.919,3.000,250.0,250.0,79.887,19.783,8.837,60.218,42.687,26.471,16.216,26.142,5.956,0.606,5.350,5.350,0.000,0.000,0.000,0.000,10.0,
6.11.2025,18:26:10.032,24.469,30.035,22.984,3.092,250.0,250.0,78.829,22.656,8.816,71.236,49.437,30.651,18.786,30.286,5.987,0.612,5.375,5.375,0.000,0.000,0.000,0.000,10.0,
6.11.2025,18:26:11.039,17.672,27.449,20.478,3.044,250.0,250.0,79.834,29.493,8.822,69.608,48.443,30.038,18.405,29.672,42.205,5.516,36.689,5.528,0.000,0.000,0.000,1.500,10.0,
6.11.2025,18:26:12.038,29.907,28.688,21.692,3.056,250.0,250.0,75.645,22.950,8.848,72.296,50.106,31.070,19.036,30.705,6.035,0.666,5.369,5.367,0.000,0.000,0.000,0.000,10.0,
6.11.2025,18:26:13.030,17.672,27.700,20.689,3.119,250.0,250.0,79.263,43.526,8.874,70.167,48.826,30.280,18.546,29.914,111.599,30.100,81.499,5.452,0.000,0.000,0.000,0.000,10.0,
6.11.2025,18:26:14.038,27.188,26.804,19.826,3.024,250.0,250.0,76.260,43.526,8.789,70.643,49.062,30.414,18.648,30.049,6.087,0.673,5.414,5.410,0.000,0.000,0.000,1.000,10.0,
6.11.2025,18:26:15.039,10.875,28.296,21.318,3.055,250.0,250.0,76.260,22.519,8.789,70.643,49.062,30.414,18.648,30.049,6.087,0.673,5.414,5.410,0.000,0.000,0.000,0.000,10.0,
6.11.2025,18:26:16.032,28.547,31.051,24.099,3.029,250.0,250.0,79.734,24.409,8.762,53.428,38.454,23.848,14.606,23.555,37.832,13.563,24.269,5.774,0.000,0.001,0.000,0.000,10.0,
6.11.2025,18:26:17.031,16.313,27.387,20.426,3.056,250.0,250.0,75.921,22.656,8.790,71.239,49.413,30.644,18.769,30.279,6.019,0.618,5.401,5.384,0.000,0.000,0.000,0.000,10.0,
6.11.2025,18:26:18.029,16.313,26.385,19.386,3.048,250.0,250.0,76.154,21.727,8.852,67.469,47.164,29.252,17.912,28.898,6.184,0.630,5.554,5.358,0.000,0.000,0.000,0.000,10.0,
6.11.2025,18:26:19.039,19.032,27.869,20.940,3.032,250.0,250.0,77.406,22.261,8.800,69.690,48.470,30.052,18.418,29.699,6.029,0.619,5.410,5.426,0.000,0.000,0.000,0.000,10.0,
6.11.2025,18:26:20.029,25.829,29.312,22.324,3.069,250.0,250.0,75.944,22.477,8.810,70.508,48.984,30.374,18.610,30.009,6.026,0.625,5.401,5.426,0.000,0.000,1.125,0.000,10.0,
6.11.2025,18:26:21.029,19.032,27.006,19.984,3.056,250.0,250.0,75.992,22.456,8.772,70.540,48.980,30.372,18.608,30.007,5.950,0.608,5.342,5.375,0.000,0.000,0.000,0.500,10.0,
6.11.2025,18:26:22.030,17.672,26.311,19.345,3.050,250.0,250.0,79.368,40.974,8.764,56.198,40.136,24.893,15.243,24.588,38.119,13.671,24.448,163.682,0.000,0.000,0.000,0.000,10.0,
6.11.2025,18:26:23.030,16.313,29.013,21.979,3.112,250.0,250.0,76.003,22.521,8.794,70.695,49.091,30.437,18.654,30.071,6.028,0.618,5.410,5.410,0.000,0.000,0.000,0.000,10.0,
6.11.2025,18:26:24.030,17.672,28.017,21.039,2.994,250.0,250.0,79.086,44.157,8.814,68.990,48.056,29.796,18.260,29.431,116.229,33.143,83.086,5.766,0.000,0.000,0.000,0.000,10.0,
6.11.2025,18:26:25.028,24.469,26.962,20.041,3.024,250.0,250.0,75.923,23.033,8.802,72.650,50.298,31.197,19.101,30.819,6.032,0.622,5.410,5.401,0.000,0.000,0.000,0.000,10.0,
6.11.2025,18:26:26.040,24.469,27.048,20.133,3.009,250.0,250.0,79.422,23.197,8.890,73.253,50.718,31.449,19.269,31.071,5.978,0.611,5.367,5.367,0.000,0.000,0.000,0.000,10.0,
6.11.2025,18:26:27.039,16.313,29.161,22.239,3.013,250.0,250.0,75.750,46.913,8.843,73.503,50.864,31.537,19.327,31.159,124.174,34.370,89.804,5.546,0.000,0.000,0.000,0.000,10.0,
6.11.2025,18:26:28.035,31.266,28.963,21.980,3.025,250.0,250.0,76.038,23.051,8.801,72.686,50.331,31.207,19.124,30.829,6.053,0.627,5.426,5.426,0.000,0.000,0.875,0.000,10.0,
6.11.2025,18:26:29.030,9.516,28.554,21.633,3.020,250.0,250.0,78.606,23.151,8.795,73.135,50.618,31.390,19.228,31.000,5.986,0.611,5.375,5.375,0.000,0.000,0.000,1.000,10.0,
6.11.2025,18:26:30.038,27.188,30.075,23.075,3.044,250.0,250.0,75.990,22.874,8.762,72.049,49.906,30.945,18.961,30.579,6.053,0.618,5.435,5.435,0.000,0.000,0.000,1.250,10.0,
6.11.2025,18:26:31.038,20.391,29.750,22.750,3.078,250.0,250.0,77.998,23.400,8.776,74.089,51.192,31.741,19.451,31.351,6.006,0.613,5.393,5.393,0.000,0.000,0.000,0.000,10.0,
6.11.2025,18:26:32.038,25.829,27.708,20.745,3.016,250.0,250.0,77.241,22.834,8.786,71.722,49.711,30.827,18.884,30.450,6.254,0.716,5.538,5.452,0.000,0.000,0.000,0.000,10.0,
6.11.2025,18:26:33.036,25.829,27.807,20.889,3.019,250.0,250.0,75.982,22.744,8.800,71.530,49.610,30.767,18.843,30.389,6.043,0.625,5.418,5.418,0.000,0.000,0.000,0.000,10.0,
6.11.2025,18:26:34.036,16.313,26.841,19.910,3.013,250.0,250.0,79.199,23.605,8.773,46.687,34.302,21.267,13.035,21.011,6.382,0.650,5.732,78.210,0.000,0.000,0.000,0.000,10.0,
6.11.2025,18:26:35.031,19.032,27.444,20.475,3.019,250.0,250.0,75.518,46.554,8.836,72.006,49.917,30.956,18.961,30.578,124.408,34.639,89.769,5.470,0.000,0.000,0.000,0.000,10.0,
6.11.2025,18:26:36.030,17.672,26.166,19.223,3.006,250.0,250.0,75.879,22.598,8.798,70.921,49.243,30.535,18.708,30.157,6.071,0.619,5.452,5.478,0.000,0.000,0.000,0.000,10.0,
6.11.2025,18:26:37.038,31.266,27.332,20.390,3.012,250.0,250.0,76.028,22.552,8.800,70.809,49.155,30.484,18.671,30.119,6.023,0.622,5.401,5.435,0.000,0.000,0.000,0.000,10.0,
6.11.2025,18:26:38.036,17.672,28.454,21.520,3.009,250.0,250.0,79.728,18.235,8.772,54.070,38.831,24.076,14.755,23.795,6.206,0.660,5.546,5.642,0.000,0.000,0.000,0.000,10.0,
6.11.2025,18:26:39.035,16.313,24.968,18.046,3.006,250.0,250.0,75.756,70.245,8.750,65.877,46.101,28.581,17.520,28.240,10.946,2.164,8.782,485.488,0.000,0.000,0.000,0.000,10.0,
6.11.2025,18:26:40.032,19.032,29.297,22.382,2.964,250.0,250.0,74.824,42.966,8.814,65.238,45.748,28.370,17.378,28.029,115.276,32.766,82.510,5.528,0.000,0.000,0.000,0.000,10.0,
6.11.2025,18:26:41.034,16.313,26.046,19.143,2.966,250.0,250.0,74.189,42.897,8.804,64.975,45.576,28.260,17.316,27.919,115.280,32.702,82.578,5.554,0.000,0.000,0.000,0.000,10.0,
6.11.2025,18:26:42.030,19.032,26.306,19.359,3.030,250.0,250.0,74.322,27.535,8.776,65.625,45.963,28.501,17.462,28.160,37.559,13.243,24.316,5.741,0.000,0.000,0.000,0.000,10.0,
6.11.2025,18:26:43.039,20.391,26.017,19.142,2.981,250.0,250.0,74.212,42.474,8.801,64.304,45.152,27.997,17.155,27.668,114.082,32.417,81.665,5.502,0.000,0.000,0.000,0.000,10.0,
6.11.2025,18:26:44.038,17.672,26.538,19.649,2.982,250.0,250.0,73.803,21.000,8.804,64.814,45.475,28.196,17.279,27.855,6.072,0.628,5.444,5.435,0.000,0.000,0.000,0.000,10.0,
6.11.2025,18:26:45.037,20.391,26.765,19.880,2.954,250.0,250.0,73.819,20.913,8.775,64.530,45.284,28.082,17.202,27.741,6.046,0.620,5.426,5.426,0.000,0.000,1.875,0.000,10.0,
6.11.2025,18:26:46.039,17.672,28.094,21.212,2.951,250.0,250.0,74.577,21.196,8.771,65.599,45.951,28.494,17.457,28.140,6.055,0.620,5.435,5.435,0.000,0.000,0.000,0.000,10.0,
6.11.2025,18:26:47.038,19.032,26.204,19.343,2.962,250.0,250.0,74.271,21.229,8.801,65.704,46.022,28.537,17.485,28.195,6.055,0.620,5.435,5.435,0.000,0.000,0.000,0.000,10.0,
6.11.2025,18:26:48.032,19.032,25.934,19.034,2.960,250.0,250.0,74.718,21.605,8.825,67.001,46.840,29.042,17.798,28.688,6.211,0.718,5.493,5.435,0.000,0.000,0.000,0.000,10.0,
6.11.2025,18:26:49.038,29.907,30.260,23.236,3.105,250.0,250.0,69.028,24.962,8.829,69.848,48.617,30.140,18.477,29.775,19.229,2.530,16.699,5.478,0.000,0.000,0.000,0.000,10.0,
6.11.2025,18:26:50.028,19.032,31.982,24.764,3.229,250.0,250.0,73.034,12.632,8.826,32.346,25.542,15.841,9.701,15.645,6.356,0.650,5.706,5.706,0.000,0.000,2.375,0.000,10.0,
6.11.2025,18:26:51.028,33.985,27.870,20.885,3.075,250.0,250.0,73.001,20.839,8.801,64.243,45.120,27.976,17.144,27.647,6.026,0.616,5.410,5.410,0.000,0.000,0.000,0.000,10.0,
6.11.2025,18:26:52.032,28.547,27.333,20.271,3.112,250.0,250.0,68.409,20.976,8.813,64.723,45.421,28.169,17.252,27.827,6.062,0.627,5.435,5.435,0.000,0.000,0.000,0.000,10.0,
6.11.2025,18:26:53.027,17.672,27.209,20.331,2.931,250.0,250.0,70.651,42.861,8.763,64.944,45.524,28.238,17.286,27.896,115.229,32.969,82.260,5.502,0.000,0.000,0.000,0.125,10.0,
6.11.2025,18:26:54.030,17.672,26.323,19.489,2.921,250.0,250.0,70.660,12.451,8.775,32.033,25.312,15.701,9.611,15.505,6.095,0.665,5.430,5.384,0.000,0.000,0.500,0.000,10.0,
6.11.2025,18:26:55.038,17.672,28.627,21.608,3.090,250.0,250.0,57.847,45.937,8.859,69.928,48.654,30.167,18.487,29.802,123.940,34.108,89.832,5.588,0.000,0.000,0.000,0.000,10.0,
6.11.2025,18:26:56.029,21.750,28.140,21.227,3.027,250.0,250.0,77.020,22.753,8.875,71.371,49.553,30.721,18.832,30.356,6.169,0.679,5.490,5.486,0.000,0.000,0.000,0.000,10.0,
6.11.2025,18:26:57.040,24.469,28.973,22.021,3.014,250.0,250.0,76.753,22.740,8.850,71.378,49.544,30.723,18.821,30.358,6.132,0.671,5.461,5.461,0.000,0.000,0.000,0.000,10.0,
6.11.2025,18:26:58.038,27.188,26.878,19.893,3.025,250.0,250.0,77.903,22.493,8.801,70.540,49.016,30.387,18.629,30.022,6.046,0.620,5.426,5.444,0.000,0.000,0.000,0.000,10.0,
6.11.2025,18:26:59.037,21.750,27.469,20.569,2.982,250.0,250.0,75.917,47.658,8.861,85.487,58.224,36.102,22.122,35.664,19.246,4.954,14.292,191.633,0.000,0.000,0.000,0.000,10.0,
6.11.2025,18:27:0.035,20.391,28.965,21.983,3.046,250.0,250.0,76.344,23.559,8.841,70.332,48.891,30.324,18.567,29.958,11.579,1.520,10.059,5.520,0.000,0.000,0.000,0.000,10.0,
6.11.2025,18:27:1.034,17.672,28.022,21.012,3.059,250.0,250.0,78.254,30.645,8.865,89.844,60.954,37.790,23.164,37.340,21.477,2.657,18.820,5.537,0.000,0.000,0.000,0.000,58.0,
6.11.2025,18:27:2.038,33.985,27.742,20.731,3.098,250.0,250.0,76.452,22.834,8.893,71.630,49.753,30.856,18.897,30.478,6.163,0.681,5.482,5.502,0.000,0.001,0.000,0.000,58.0,
6.11.2025,18:27:3.034,16.313,34.047,26.429,3.568,250.0,250.0,77.145,24.667,8.966,72.510,50.331,31.217,19.114,30.839,14.083,1.853,12.230,5.528,0.000,0.000,0.000,0.000,58.0,
6.11.2025,18:27:4.030,14.953,28.150,21.003,3.210,250.0,250.0,77.315,26.507,8.890,61.049,43.220,26.798,16.422,26.469,6.517,0.675,5.842,69.188,0.000,0.000,0.000,0.000,58.0,
6.11.2025,18:27:5.032,17.672,26.690,19.783,2.979,250.0,250.0,79.679,22.427,8.829,70.177,48.782,30.244,18.538,29.879,6.160,0.678,5.482,5.502,0.000,0.000,0.000,0.000,58.0,
6.11.2025,18:27:6.039,21.750,27.635,20.720,2.991,250.0,250.0,76.514,22.847,8.793,71.847,49.803,30.883,18.920,30.505,6.120,0.676,5.444,5.478,0.000,0.000,0.000,0.000,58.0,
6.11.2025,18:27:7.039,20.391,28.590,21.640,2.994,250.0,250.0,77.120,22.836,8.815,71.818,49.795,30.878,18.917,30.501,6.092,0.665,5.427,5.452,0.000,0.000,0.000,0.000,58.0,
6.11.2025,18:27:8.038,19.032,29.214,22.281,3.031,250.0,250.0,76.799,14.534,8.838,39.630,30.044,18.628,11.416,18.395,6.472,0.739,5.733,5.444,0.000,0.000,0.000,0.000,58.0,
6.11.2025,18:27:9.032,17.672,27.773,20.826,3.003,250.0,250.0,80.257,22.827,8.911,71.490,49.661,30.796,18.865,30.430,6.309,0.757,5.552,5.502,0.000,0.000,0.000,0.000,58.0,
6.11.2025,18:27:10.030,20.391,29.414,22.431,3.049,250.0,250.0,76.743,22.538,8.851,70.428,48.975,30.367,18.608,30.001,6.322,0.724,5.598,5.511,0.000,0.000,0.000,0.000,58.0,
6.11.2025,18:27:11.031,20.391,27.823,20.815,3.071,250.0,250.0,77.028,23.007,8.902,72.273,50.125,31.081,19.044,30.716,6.229,0.715,5.514,5.470,0.000,0.000,0.000,0.000,58.0,
6.11.2025,18:27:12.039,24.469,28.950,21.986,3.002,250.0,250.0,77.363,22.621,8.959,70.859,49.290,30.566,18.724,30.200,6.077,0.616,5.461,5.461,0.000,0.000,0.000,0.000,58.0,
6.11.2025,18:27:13.039,28.547,26.872,19.984,2.984,250.0,250.0,80.448,46.687,8.903,72.711,50.409,31.254,19.155,30.876,123.979,34.349,89.630,5.605,0.000,0.000,0.000,0.000,58.0,
6.11.2025,18:27:14.038,25.829,27.385,20.462,2.979,250.0,250.0,76.676,58.796,8.836,63.737,44.843,27.808,17.035,27.467,37.024,13.194,23.830,324.184,0.000,0.001,0.000,0.000,58.0,
6.11.2025,18:27:15.040,20.391,27.757,20.865,3.015,250.0,250.0,76.931,43.661,8.829,71.376,49.546,30.727,18.819,30.361,110.713,29.733,80.980,5.528,0.000,0.000,0.000,0.000,58.0,
6.11.2025,18:27:16.038,12.235,27.755,20.798,3.002,250.0,250.0,77.455,22.866,8.850,71.791,49.804,30.884,18.920,30.506,6.197,0.683,5.514,5.511,0.000,0.000,0.000,0.000,58.0,
6.11.2025,18:27:17.038,21.750,27.636,20.688,3.005,250.0,250.0,79.662,17.805,8.823,52.232,37.798,23.432,14.366,23.151,6.307,0.676,5.631,5.630,0.000,0.000,0.000,0.000,58.0,
6.11.2025,18:27:18.039,24.469,29.935,22.955,3.056,250.0,250.0,78.549,47.608,8.888,74.334,51.412,31.878,19.534,31.488,126.458,35.709,90.749,5.630,0.000,0.000,0.750,0.000,58.0,
6.11.2025,18:27:19.035,21.750,28.004,20.860,3.175,250.0,250.0,78.037,23.030,8.891,72.325,50.163,31.102,19.061,30.736,6.261,0.714,5.547,5.502,0.000,0.000,0.250,0.000,58.0,
6.11.2025,18:27:20.040,28.547,29.580,22.484,3.099,250.0,250.0,77.512,23.147,8.856,72.828,50.454,31.284,19.170,30.906,6.246,0.729,5.517,5.478,0.000,0.000,0.000,0.000,58.0,
6.11.2025,18:27:21.029,16.313,29.784,22.811,3.075,250.0,250.0,77.199,19.716,8.840,59.615,42.329,26.239,16.090,25.922,6.334,0.644,5.690,5.461,0.000,0.000,0.000,0.000,58.0,
6.11.2025,18:27:22.033,17.672,27.666,20.631,3.049,250.0,250.0,77.817,46.552,8.843,73.100,50.627,31.395,19.232,31.005,122.808,34.270,88.538,5.698,0.000,0.000,0.000,2.000,58.0,
6.11.2025,18:27:23.035,23.110,26.914,19.954,3.039,250.0,250.0,77.213,22.608,8.816,70.915,49.239,30.528,18.711,30.162,6.110,0.624,5.486,5.486,0.000,0.000,0.000,0.000,58.0,
6.11.2025,18:27:24.034,24.469,26.931,19.979,3.014,250.0,250.0,76.178,22.404,8.791,70.162,48.765,30.244,18.521,29.878,6.099,0.629,5.470,5.486,0.000,0.000,0.000,0.000,58.0,
6.11.2025,18:27:25.030,28.547,26.776,19.901,3.003,250.0,250.0,79.382,22.628,8.830,70.727,49.142,30.475,18.667,30.097,6.428,0.653,5.775,5.486,0.000,0.000,0.000,0.000,58.0,
6.11.2025,18:27:26.030,24.469,28.382,21.367,3.041,250.0,250.0,76.875,28.516,8.849,71.415,49.563,30.732,18.831,30.366,34.922,4.673,30.249,5.562,0.000,0.000,0.000,0.000,58.0,
6.11.2025,18:27:27.041,16.313,24.358,17.447,2.997,250.0,250.0,76.601,22.907,8.810,72.008,49.906,30.945,18.961,30.579,6.179,0.677,5.502,5.502,0.000,0.000,0.000,0.000,58.0,
6.11.2025,18:27:28.036,23.110,28.363,21.441,3.020,250.0,250.0,80.116,22.512,8.805,70.573,49.015,30.398,18.617,30.032,6.100,0.622,5.478,5.478,0.000,0.000,0.000,0.000,58.0,
6.11.2025,18:27:29.034,17.672,27.957,21.005,3.017,250.0,250.0,76.888,13.035,8.726,33.904,26.429,16.393,10.036,16.198,6.455,0.705,5.750,5.750,0.000,0.000,0.000,0.000,58.0,
6.11.2025,18:27:30.034,29.907,26.931,19.944,3.021,250.0,250.0,76.639,36.096,8.790,73.351,50.745,31.458,19.287,31.081,70.320,12.641,57.679,5.605,0.000,0.000,0.000,0.000,58.0,
6.11.2025,18:27:31.031,17.672,25.711,18.754,3.035,250.0,250.0,76.866,22.858,8.789,71.809,49.778,30.863,18.915,30.485,6.207,0.678,5.529,5.528,0.000,0.000,0.000,0.000,58.0,
6.11.2025,18:27:32.035,17.672,26.998,20.037,3.055,250.0,250.0,80.071,47.309,8.878,74.740,51.671,32.034,19.637,31.643,124.333,34.338,89.995,5.826,0.000,0.000,0.000,0.000,58.0,
6.11.2025,18:27:33.030,17.672,27.411,20.466,2.991,250.0,250.0,77.292,23.051,8.841,72.352,50.160,31.100,19.060,30.723,6.364,0.776,5.588,5.546,0.000,0.000,0.000,0.000,58.0,
6.11.2025,18:27:34.030,19.032,27.364,20.438,3.014,250.0,250.0,79.305,23.191,8.901,73.025,50.620,31.386,19.234,31.009,6.118,0.624,5.494,5.494,0.000,0.000,0.000,0.000,58.0,
6.11.2025,18:27:35.038,23.110,25.611,18.719,2.970,250.0,250.0,77.447,46.090,8.968,70.535,49.117,30.450,18.667,30.084,123.753,34.190,89.563,5.571,0.000,0.000,0.000,0.000,58.0,
6.11.2025,18:27:36.043,17.672,26.294,19.366,2.982,250.0,250.0,76.621,22.715,8.872,71.144,49.424,30.651,18.773,30.274,6.222,0.682,5.540,5.571,0.000,0.000,0.000,2.125,58.0,
6.11.2025,18:27:37.041,17.672,27.497,20.584,2.992,250.0,250.0,79.935,22.733,8.824,71.376,49.529,30.709,18.820,30.344,6.112,0.626,5.486,5.502,0.000,0.000,0.000,0.000,58.0,
6.11.2025,18:27:38.039,27.188,27.032,20.138,2.993,250.0,250.0,76.173,22.727,8.849,71.217,49.441,30.658,18.783,30.293,6.239,0.692,5.547,5.554,0.000,0.000,0.000,0.000,58.0,
6.11.2025,18:27:39.038,23.110,29.380,22.371,3.060,250.0,250.0,80.097,22.930,8.835,72.074,49.974,30.986,18.988,30.608,6.164,0.627,5.537,5.511,0.000,0.000,0.000,0.000,58.0,
6.11.2025,18:27:40.038,19.032,29.511,22.521,3.029,250.0,250.0,76.276,45.995,8.885,70.057,48.756,30.238,18.518,29.873,123.951,34.231,89.720,5.724,0.000,0.000,0.000,0.000,58.0,
6.11.2025,18:27:41.033,19.032,29.511,22.521,3.029,250.0,250.0,76.542,22.762,8.908,71.277,49.507,30.703,18.804,30.337,6.246,0.689,5.557,5.588,0.000,0.000,0.000,0.000,58.0,
6.11.2025,18:27:42.029,21.750,26.416,19.477,3.016,250.0,250.0,76.175,23.042,8.896,72.396,50.209,31.134,19.075,30.757,6.205,0.676,5.529,5.546,0.000,0.000,0.000,0.000,58.0,
6.11.2025,18:27:43.029,33.985,27.169,20.151,3.085,250.0,250.0,79.560,22.712,8.859,71.249,49.473,30.680,18.793,30.303,6.124,0.622,5.502,5.511,0.000,0.000,0.000,0.000,58.0,
6.11.2025,18:27:44.040,21.750,26.682,19.707,3.040,250.0,250.0,76.627,46.161,8.843,70.539,49.023,30.393,18.630,30.027,124.164,34.377,89.787,5.826,0.000,0.000,0.000,0.000,58.0,
6.11.2025,18:27:45.032,17.672,26.657,19.747,2.999,250.0,250.0,76.907,44.525,8.855,70.249,48.843,30.277,18.566,29.912,116.443,33.161,83.282,5.664,0.000,0.000,0.000,0.000,58.0,
6.11.2025,18:27:46.036,19.032,25.837,18.908,3.002,250.0,250.0,76.429,45.876,8.845,69.463,48.360,29.983,18.377,29.617,124.254,34.368,89.886,5.605,0.000,0.000,0.000,2.375,58.0,
6.11.2025,18:27:47.038,24.469,25.757,18.802,3.011,250.0,250.0,76.146,22.208,8.893,69.213,48.220,29.898,18.322,29.533,6.230,0.681,5.549,5.546,0.000,0.000,0.000,0.000,58.0,
6.11.2025,18:27:48.037,28.547,28.113,21.213,2.986,250.0,250.0,79.725,23.417,8.964,73.706,51.067,31.666,19.401,31.276,6.292,0.740,5.552,5.511,0.000,0.000,0.000,0.000,58.0,
6.11.2025,18:27:49.035,17.672,27.483,20.530,3.024,250.0,250.0,76.424,46.584,8.924,72.491,50.298,31.181,19.117,30.803,123.653,34.147,89.506,5.715,0.000,0.000,0.000,0.000,58.0,
6.11.2025,18:27:50.033,21.750,29.751,22.749,3.040,250.0,250.0,76.714,22.997,8.886,72.217,50.105,31.072,19.033,30.694,6.214,0.677,5.537,5.537,0.000,0.000,0.000,0.000,58.0,
6.11.2025,18:27:51.030,16.313,30.934,23.960,3.026,250.0,250.0,80.953,22.645,8.922,59.645,42.357,26.272,16.085,25.956,20.713,5.613,15.100,5.783,0.000,0.000,0.000,0.000,58.0,
6.11.2025,18:27:52.030,21.750,30.133,23.176,3.049,250.0,250.0,76.952,22.790,8.903,71.387,49.596,30.757,18.839,30.379,6.244,0.687,5.557,5.554,0.000,0.000,0.000,0.000,58.0,
6.11.2025,18:27:53.038,19.032,27.352,20.318,3.102,250.0,250.0,75.872,22.293,8.887,69.585,48.454,30.049,18.405,29.684,6.164,0.627,5.537,5.537,0.000,0.000,0.000,0.000,58.0,
6.11.2025,18:27:54.037,17.672,26.342,19.379,3.012,250.0,250.0,80.009,39.783,8.949,69.639,48.540,30.094,18.446,29.728,93.394,21.804,71.590,5.648,0.000,0.000,0.000,0.000,58.0,
6.11.2025,18:27:55.038,27.188,26.865,19.946,3.000,250.0,250.0,76.785,22.919,8.927,71.872,49.905,30.947,18.958,30.569,6.233,0.686,5.547,5.546,0.000,0.000,0.000,0.000,58.0,
6.11.2025,18:27:56.035,21.750,26.031,19.124,2.979,250.0,250.0,76.785,22.919,8.927,71.872,49.905,30.947,18.958,30.569,6.233,0.686,5.547,5.546,0.000,0.000,0.000,0.000,58.0,
6.11.2025,18:27:57.032,17.672,26.248,19.310,3.005,250.0,250.0,76.129,21.336,8.997,65.788,46.214,28.660,17.554,28.306,6.153,0.625,5.528,5.537,0.000,0.000,0.000,0.000,58.0,
6.11.2025,18:27:58.033,17.672,26.535,19.680,2.938,250.0,250.0,75.393,21.264,8.982,65.522,46.025,28.538,17.487,28.197,6.174,0.637,5.537,5.537,0.000,0.000,0.000,0.000,58.0,
6.11.2025,18:27:59.034,24.469,26.189,19.315,2.963,250.0,250.0,74.488,21.079,8.931,64.843,45.581,28.255,17.326,27.914,6.186,0.640,5.546,5.571,0.000,0.001,0.000,0.000,58.0,
6.11.2025,18:28:0.029,21.750,27.078,20.159,3.002,250.0,250.0,74.600,21.053,8.876,64.770,45.497,28.215,17.282,27.873,6.224,0.636,5.588,5.571,0.000,0.000,0.000,0.000,58.0,
6.11.2025,18:28:1.039,20.391,26.183,19.268,2.992,250.0,250.0,74.805,32.631,8.901,66.102,46.334,28.736,17.598,28.383,62.213,22.875,39.338,5.826,0.000,0.000,0.000,0.000,58.0,
6.11.2025,18:28:2.038,16.313,27.696,20.706,3.052,250.0,250.0,75.223,28.157,8.899,67.122,46.964,29.119,17.845,28.778,38.448,13.678,24.770,5.945,0.000,0.000,0.000,0.000,58.0,
6.11.2025,18:28:3.038,21.750,25.345,18.437,2.987,250.0,250.0,71.613,21.493,8.910,66.449,46.555,28.864,17.691,28.511,6.209,0.688,5.521,5.528,0.000,0.000,0.500,0.000,58.0,
6.11.2025,18:28:4.039,32.625,26.703,19.605,3.163,250.0,250.0,74.968,21.234,8.953,65.442,45.961,28.503,17.458,28.162,6.164,0.627,5.537,5.537,0.000,0.000,0.000,0.000,58.0,
6.11.2025,18:28:5.038,20.391,32.301,24.771,3.543,250.0,250.0,74.826,21.168,8.933,65.205,45.808,28.406,17.402,28.052,6.164,0.627,5.537,5.546,0.000,0.000,0.000,0.000,58.0,
6.11.2025,18:28:6.038,21.750,30.171,23.180,3.034,250.0,250.0,74.457,16.750,8.956,33.396,26.250,16.278,9.972,16.082,6.334,0.670,5.664,43.898,0.000,0.000,0.000,0.000,58.0,
6.11.2025,18:28:7.039,17.672,26.893,20.034,2.936,250.0,250.0,67.736,21.488,8.985,66.235,46.470,28.811,17.659,28.469,6.361,0.646,5.715,5.528,0.000,0.000,0.000,0.000,58.0,
6.11.2025,18:28:8.039,20.391,26.893,20.026,2.949,250.0,250.0,69.702,22.106,8.934,68.817,48.035,29.781,18.254,29.428,6.147,0.627,5.520,5.520,0.000,0.000,0.000,0.000,58.0,
6.11.2025,18:28:9.038,21.750,24.101,17.245,2.949,250.0,250.0,70.318,21.731,8.871,67.391,47.109,29.213,17.896,28.860,6.203,0.641,5.562,5.562,0.000,0.000,0.000,0.000,58.0,
6.11.2025,18:28:10.038,23.110,27.402,20.507,2.966,250.0,250.0,71.281,13.236,8.861,34.680,27.000,16.741,10.259,16.545,6.307,0.643,5.664,5.664,0.000,0.000,0.000,0.000,58.0,
6.11.2025,18:28:11.038,19.032,24.717,17.883,2.950,250.0,250.0,68.205,21.585,8.901,66.834,46.797,29.024,17.773,28.671,6.160,0.632,5.528,5.528,0.000,0.000,0.000,0.000,58.0,
6.11.2025,18:28:12.040,13.594,29.009,22.134,2.929,250.0,250.0,68.719,13.204,8.860,34.483,26.878,16.667,10.211,16.472,6.374,0.650,5.724,5.724,0.000,0.000,0.000,0.000,58.0,
6.11.2025,18:28:13.037,19.032,25.866,18.752,3.220,250.0,250.0,55.407,23.315,9.033,73.319,50.871,31.546,19.325,31.157,6.176,0.630,5.546,5.546,0.000,0.000,0.000,0.000,58.0,
6.11.2025,18:28:14.031,31.266,27.626,20.629,3.049,250.0,250.0,80.493,47.249,8.964,74.621,51.630,32.011,19.619,31.621,124.109,34.179,89.930,5.809,0.000,0.000,0.000,0.000,58.0,
6.11.2025,18:28:15.035,13.594,29.493,22.455,3.069,250.0,250.0,76.999,23.486,8.866,74.072,51.225,31.766,19.459,31.388,6.242,0.645,5.597,5.597,0.000,0.000,0.000,0.375,58.0,
6.11.2025,18:28:16.029,21.750,27.392,20.427,3.059,250.0,250.0,80.049,24.240,8.929,74.328,51.424,31.890,19.534,31.501,6.284,0.738,5.546,12.223,0.000,0.000,0.000,0.000,58.0,
6.11.2025,18:28:17.038,17.672,27.131,20.156,3.060,250.0,250.0,78.207,23.461,8.884,73.969,51.168,31.729,19.439,31.352,6.234,0.637,5.597,5.597,0.000,0.000,0.000,0.000,58.0,
6.11.2025,18:28:18.038,23.110,27.016,20.011,3.062,250.0,250.0,76.712,22.838,8.871,71.629,49.716,30.826,18.890,30.448,6.204,0.633,5.571,5.588,0.000,0.000,0.000,0.000,58.0,
6.11.2025,18:28:19.037,20.391,26.506,19.516,3.051,250.0,250.0,77.285,23.041,8.888,72.419,50.217,31.139,19.078,30.762,6.177,0.631,5.546,5.554,0.000,0.000,0.000,0.000,58.0,
6.11.2025,18:28:20.034,31.266,28.263,21.262,3.085,250.0,250.0,80.495,18.056,8.956,45.561,33.725,20.913,12.812,20.669,6.551,0.801,5.750,24.822,0.000,0.000,0.000,0.000,58.0,
6.11.2025,18:28:21.032,24.469,27.055,20.047,3.060,250.0,250.0,77.686,45.031,8.905,71.497,49.668,30.797,18.871,30.432,117.135,33.535,83.600,5.868,0.000,0.000,0.000,0.000,58.0,
6.11.2025,18:28:22.049,24.469,27.666,20.622,3.106,250.0,250.0,77.387,32.140,8.857,74.157,51.268,31.796,19.472,31.406,49.388,6.406,42.982,5.673,0.000,0.000,0.000,0.000,58.0,
6.11.2025,18:28:23.057,24.469,27.366,20.436,3.045,250.0,250.0,76.834,23.094,8.839,72.629,50.302,31.192,19.110,30.815,6.223,0.635,5.588,5.605,0.000,0.000,0.000,0.000,58.0,
6.11.2025,18:28:24.055,38.063,29.641,22.683,3.012,250.0,250.0,80.893,23.200,8.848,72.847,50.441,31.285,19.156,30.907,6.475,0.657,5.818,5.562,0.000,0.000,0.000,0.000,58.0,
6.11.2025,18:28:25.049,14.953,28.057,21.097,3.005,250.0,250.0,77.457,27.210,8.798,71.309,49.455,30.669,18.786,30.304,28.559,3.691,24.868,5.664,0.000,0.000,0.000,0.000,58.0,
6.11.2025,18:28:26.044,23.110,27.329,20.448,2.997,250.0,250.0,77.112,22.539,8.818,70.567,48.997,30.389,18.608,30.023,6.203,0.632,5.571,5.588,0.000,0.000,0.000,0.000,58.0,
6.11.2025,18:28:27.052,31.266,26.834,19.856,3.020,250.0,250.0,80.018,46.195,8.787,70.443,48.919,30.328,18.591,29.962,124.582,34.586,89.996,5.758,0.000,0.000,0.000,0.000,58.0,
6.11.2025,18:28:28.044,14.953,27.520,20.501,3.042,250.0,250.0,76.226,23.118,8.845,72.675,50.335,31.219,19.116,30.842,6.280,0.691,5.589,5.588,0.000,0.000,0.000,0.000,58.0,
6.11.2025,18:28:29.061,23.110,28.904,21.991,2.972,250.0,250.0,80.485,44.009,8.830,68.240,47.575,29.502,18.073,29.137,116.523,33.453,83.070,5.690,0.000,0.000,1.250,0.000,58.0,
6.11.2025,18:28:30.060,16.313,31.751,24.747,3.073,250.0,250.0,78.425,22.324,8.842,69.702,48.508,30.074,18.434,29.708,6.203,0.632,5.571,5.571,0.000,0.000,0.000,0.000,58.0,
6.11.2025,18:28:31.067,21.750,30.234,23.239,3.072,250.0,250.0,78.508,22.725,8.853,71.087,49.359,30.601,18.758,30.236,6.352,0.693,5.659,5.656,0.000,0.000,0.000,0.000,58.0,
6.11.2025,18:28:32.066,24.469,27.862,20.884,3.036,250.0,250.0,80.166,69.611,8.815,63.657,44.762,27.756,17.006,27.415,17.054,4.599,12.455,472.594,0.000,0.000,2.250,0.000,58.0,
6.11.2025,18:28:33.062,21.750,28.381,21.399,3.025,250.0,250.0,76.841,22.585,8.841,70.638,49.071,30.433,18.638,30.068,6.281,0.683,5.598,5.597,0.000,0.000,0.000,0.000,58.0,
6.11.2025,18:28:34.061,27.188,28.651,21.698,3.026,250.0,250.0,79.744,22.647,8.882,70.781,49.183,30.503,18.680,30.138,6.338,0.705,5.633,5.630,0.000,0.000,0.000,0.000,58.0,
6.11.2025,18:28:35.063,17.672,28.931,21.984,3.036,250.0,250.0,80.145,42.269,8.934,57.714,41.181,25.533,15.648,25.228,6.857,0.853,6.004,234.739,0.000,0.000,0.000,0.000,58.0,
6.11.2025,18:28:36.070,27.188,26.616,19.718,2.984,250.0,250.0,77.241,22.897,8.894,71.698,49.776,30.862,18.914,30.485,6.348,0.706,5.642,5.648,0.000,0.000,0.000,0.000,58.0,
6.11.2025,18:28:37.070,17.672,28.946,21.975,3.007,250.0,250.0,80.201,23.054,8.818,72.303,50.095,31.067,19.028,30.690,6.477,0.693,5.784,5.588,0.000,0.000,0.375,0.000,58.0,
6.11.2025,18:28:38.065,16.313,27.431,20.480,3.035,250.0,250.0,76.599,27.698,8.875,71.477,49.621,30.767,18.854,30.389,30.647,4.105,26.542,5.706,0.000,0.000,0.000,0.000,58.0,
6.11.2025,18:28:39.069,25.829,28.168,21.234,2.994,250.0,250.0,76.664,22.882,8.855,71.701,49.748,30.852,18.896,30.475,6.328,0.703,5.625,5.639,0.000,0.000,0.000,0.000,58.0,
6.11.2025,18:28:40.062,32.625,28.708,21.721,3.034,250.0,250.0,80.385,26.874,8.870,47.751,35.016,21.710,13.306,21.454,29.947,9.277,20.670,60.738,0.000,0.000,0.000,0.000,58.0,
6.11.2025,18:28:41.063,14.953,27.068,20.061,3.043,250.0,250.0,79.456,22.602,8.946,70.547,49.084,30.437,18.647,30.071,6.326,0.709,5.617,5.639,0.000,0.000,0.000,0.000,58.0,
6.11.2025,18:28:42.060,14.953,28.530,21.550,3.065,250.0,250.0,76.916,23.200,8.980,72.629,50.405,31.257,19.148,30.879,6.550,0.826,5.724,5.605,0.000,0.000,0.000,0.000,58.0,
6.11.2025,18:28:43.059,23.110,28.676,21.741,3.008,250.0,250.0,80.941,23.147,9.038,72.436,50.306,31.192,19.114,30.815,6.451,0.743,5.708,5.664,0.000,0.000,0.000,0.375,58.0,
6.11.2025,18:28:44.070,29.907,28.483,21.487,3.053,250.0,250.0,77.567,22.693,8.976,70.941,49.343,30.602,18.741,30.237,6.240,0.635,5.605,5.605,0.000,0.000,0.000,0.000,58.0,
6.11.2025,18:28:45.066,28.547,27.606,20.743,2.964,250.0,250.0,80.247,25.850,8.903,70.411,48.989,30.370,18.619,30.004,22.741,3.048,19.693,5.724,0.000,0.000,0.000,0.000,58.0,
6.11.2025,18:28:46.069,16.313,27.411,20.480,2.987,250.0,250.0,77.128,22.889,8.842,71.803,49.784,30.869,18.915,30.504,6.286,0.688,5.598,5.597,0.000,0.000,0.000,0.000,58.0,
6.11.2025,18:28:47.066,20.391,26.483,19.604,2.973,250.0,250.0,80.482,22.980,8.805,72.098,49.954,30.978,18.976,30.600,6.368,0.708,5.660,5.656,0.000,0.000,0.000,0.000,58.0,
6.11.2025,18:28:48.065,20.391,28.491,21.543,2.989,250.0,250.0,78.876,16.803,8.823,48.161,35.268,21.864,13.404,21.608,6.521,0.662,5.859,5.859,0.000,0.001,0.000,0.000,58.0,
6.11.2025,18:28:49.065,14.953,28.499,21.621,2.974,250.0,250.0,78.856,22.929,8.917,71.764,49.818,30.894,18.924,30.516,6.397,0.730,5.667,5.664,0.000,0.000,0.000,0.000,58.0,
6.11.2025,18:28:50.064,31.266,30.080,23.135,2.989,250.0,250.0,76.623,22.874,8.891,71.681,49.764,30.854,18.910,30.477,6.266,0.636,5.630,5.630,0.000,0.000,0.000,0.000,58.0,
6.11.2025,18:28:51.063,17.672,27.446,20.477,3.021,250.0,250.0,80.195,37.019,8.868,72.852,50.453,31.282,19.171,30.905,75.461,14.980,60.481,5.741,0.000,0.000,0.000,0.000,58.0,
6.11.2025,18:28:52.059,25.829,31.133,24.181,3.035,250.0,250.0,77.420,22.711,8.868,71.000,49.330,30.585,18.745,30.219,6.352,0.693,5.659,5.656,0.000,0.000,0.000,0.000,58.0,
6.11.2025,18:28:53.070,20.391,27.205,20.269,2.974,250.0,250.0,80.005,35.049,8.904,43.123,32.213,19.970,12.243,19.725,6.726,0.731,5.995,200.866,0.000,0.000,0.000,0.000,58.0,
6.11.2025,18:28:54.069,20.391,27.247,20.327,2.996,250.0,250.0,77.422,22.982,8.819,72.106,49.990,30.993,18.997,30.615,6.311,0.647,5.664,5.681,0.000,0.001,0.000,0.000,58.0,
6.11.2025,18:28:55.069,17.672,29.290,22.388,2.993,250.0,250.0,78.697,18.667,8.769,55.574,39.790,24.669,15.121,24.376,6.380,0.648,5.732,5.614,0.000,0.000,0.000,0.000,58.0,
6.11.2025,18:28:56.066,17.672,28.205,21.259,3.023,250.0,250.0,79.597,22.719,8.855,71.061,49.353,30.601,18.752,30.236,6.328,0.655,5.673,5.673,0.000,0.000,0.000,0.000,58.0,
6.11.2025,18:28:57.068,28.547,27.173,20.185,3.030,250.0,250.0,76.975,22.786,8.852,71.408,49.561,30.728,18.833,30.363,6.251,0.637,5.614,5.614,0.000,0.000,0.000,0.000,58.0,
6.11.2025,18:28:58.061,12.235,27.320,20.385,3.013,250.0,250.0,80.430,37.322,8.863,69.591,48.442,30.039,18.403,29.674,81.087,28.854,52.233,6.030,0.000,0.000,0.000,0.000,58.0,
6.11.2025,18:28:59.065,17.672,28.567,21.572,3.047,250.0,250.0,76.455,35.899,8.846,71.466,49.598,30.760,18.838,30.382,71.680,13.081,58.599,5.741,0.000,0.000,0.000,0.000,58.0,
6.11.2025,18:29:0.062,20.391,26.426,19.533,2.977,250.0,250.0,76.576,22.871,8.853,71.676,49.732,30.837,18.895,30.460,6.302,0.646,5.656,5.648,0.000,0.000,0.000,0.000,58.0,
6.11.2025,18:29:1.071,23.110,28.561,21.506,3.109,250.0,250.0,77.139,22.804,8.855,71.462,49.590,30.747,18.843,30.370,6.267,0.637,5.630,5.639,0.000,0.000,0.000,0.000,58.0,
6.11.2025,18:29:2.069,24.469,28.652,21.682,3.038,250.0,250.0,80.298,38.173,8.843,73.172,50.643,31.396,19.247,31.019,80.605,28.522,52.083,6.200,0.000,0.000,0.000,0.000,58.0,
6.11.2025,18:29:3.069,20.391,27.095,20.142,3.037,250.0,250.0,77.408,23.244,8.903,73.052,50.610,31.374,19.236,30.996,6.308,0.652,5.656,5.656,0.000,0.000,0.000,0.000,58.0,
6.11.2025,18:29:4.063,29.907,28.402,21.427,3.008,250.0,250.0,77.306,22.519,8.874,70.329,48.899,30.327,18.572,29.962,6.288,0.640,5.648,5.648,0.000,0.000,0.000,0.000,58.0,
6.11.2025,18:29:5.069,21.750,32.406,25.133,3.262,250.0,250.0,78.797,22.940,8.983,71.861,49.906,30.946,18.960,30.581,6.267,0.637,5.630,5.630,0.000,0.000,0.000,0.000,58.0,
6.11.2025,18:29:6.066,33.985,38.308,30.789,3.528,250.0,250.0,77.056,26.439,8.922,43.992,32.742,20.311,12.431,20.067,6.722,0.684,6.038,112.484,0.000,0.000,0.000,2.375,58.0,
6.11.2025,18:29:7.068,19.032,27.441,20.495,3.000,250.0,250.0,77.193,47.367,8.900,74.907,51.769,32.094,19.675,31.705,124.430,34.487,89.943,5.758,0.000,0.000,0.000,0.000,58.0,
6.11.2025,18:29:8.067,19.032,29.603,22.665,3.000,250.0,250.0,77.138,23.064,8.840,72.440,50.187,31.125,19.062,30.747,6.298,0.650,5.648,5.648,0.000,0.000,0.000,2.125,58.0,
6.11.2025,18:29:9.065,21.750,29.417,22.384,3.077,250.0,250.0,79.145,24.410,8.840,71.399,49.551,30.729,18.822,30.351,14.354,1.904,12.450,5.698,0.000,0.000,0.000,0.000,58.0,
6.11.2025,18:29:10.070,23.110,27.160,20.206,2.994,250.0,250.0,76.915,22.637,8.851,70.782,49.167,30.494,18.673,30.129,6.307,0.643,5.664,5.664,0.000,0.001,0.000,0.000,58.0,
6.11.2025,18:29:11.069,33.985,28.414,21.525,3.000,250.0,250.0,80.632,18.855,8.819,56.105,40.145,24.890,15.255,24.597,6.466,0.657,5.809,5.809,0.000,0.000,0.000,0.000,58.0,
6.11.2025,18:29:12.070,17.672,28.210,21.215,3.031,250.0,250.0,77.328,22.744,8.890,70.969,49.310,30.577,18.733,30.200,6.521,0.786,5.735,5.715,0.000,0.001,0.000,0.375,58.0,
6.11.2025,18:29:13.066,25.829,26.355,19.466,2.981,250.0,250.0,77.903,22.911,8.838,71.826,49.805,30.878,18.927,30.513,6.327,0.687,5.640,5.664,0.000,0.000,0.000,0.000,58.0,
6.11.2025,18:29:14.063,25.829,26.355,19.466,2.981,250.0,250.0,75.966,21.597,8.948,66.720,46.742,28.986,17.756,28.633,6.277,0.638,5.639,5.630,0.000,0.000,0.000,0.000,58.0,
6.11.2025,18:29:15.065,33.985,28.335,21.370,2.989,250.0,250.0,79.254,23.874,8.911,66.262,46.432,28.787,17.645,28.446,18.256,1.989,16.267,5.741,0.000,0.000,0.000,0.000,58.0,
6.11.2025,18:29:16.063,27.188,26.230,19.422,2.909,250.0,250.0,75.673,21.793,8.901,67.460,47.164,29.250,17.914,28.897,6.342,0.644,5.698,5.664,0.000,0.001,0.000,0.000,58.0,
6.11.2025,18:29:17.067,23.110,27.769,20.900,2.953,250.0,250.0,75.503,21.363,8.843,65.900,46.165,28.624,17.541,28.283,6.310,0.646,5.664,5.656,0.000,0.000,0.000,0.000,58.0,
6.11.2025,18:29:18.070,33.985,27.069,20.217,2.951,250.0,250.0,75.673,34.891,8.844,70.777,49.154,30.481,18.673,30.103,12.446,2.718,9.728,115.987,0.000,0.000,0.000,0.000,58.0,
6.11.2025,18:29:19.070,19.032,25.828,18.938,2.967,250.0,250.0,78.735,21.500,8.941,66.267,46.471,28.816,17.655,28.462,6.347,0.649,5.698,5.698,0.000,0.000,0.000,0.000,58.0,
6.11.2025,18:29:20.070,19.032,27.980,21.032,3.006,250.0,250.0,75.339,21.517,8.917,66.407,46.524,28.848,17.676,28.507,6.307,0.643,5.664,5.673,0.000,0.000,0.000,2.125,58.0,
6.11.2025,18:29:21.064,16.313,26.170,19.302,2.934,250.0,250.0,75.440,21.599,8.889,66.713,46.700,28.953,17.747,28.612,6.364,0.679,5.685,5.648,0.000,0.000,0.000,0.000,58.0,
6.11.2025,18:29:22.070,29.907,27.015,20.064,3.035,250.0,250.0,77.293,43.032,8.876,64.666,45.424,28.167,17.257,27.826,116.018,33.042,82.976,6.072,0.000,0.000,0.000,0.000,58.0,
6.11.2025,18:29:23.070,19.032,27.950,21.066,2.982,250.0,250.0,72.625,21.517,8.864,66.228,46.382,28.762,17.620,28.409,6.634,0.672,5.962,5.639,0.000,0.000,0.000,0.000,58.0,
6.11.2025,18:29:24.069,23.110,27.657,20.816,2.932,250.0,250.0,71.921,21.312,8.798,65.785,46.068,28.566,17.502,28.213,6.276,0.637,5.639,5.639,0.000,0.000,0.000,0.000,58.0,
6.11.2025,18:29:25.070,25.829,26.180,19.304,2.949,250.0,250.0,68.688,43.278,8.820,65.984,46.204,28.651,17.553,28.310,115.733,33.026,82.707,5.792,0.000,0.000,0.000,0.000,58.0,
6.11.2025,18:29:26.070,23.110,26.130,19.326,2.937,250.0,250.0,71.525,19.337,8.796,58.023,41.312,25.619,15.693,25.314,6.440,0.708,5.732,5.732,0.000,0.000,0.000,0.000,58.0,
6.11.2025,18:29:27.072,23.110,26.469,19.657,2.926,250.0,250.0,71.011,21.054,8.866,64.732,45.447,28.179,17.268,27.851,6.276,0.637,5.639,5.639,0.000,0.000,0.000,0.000,58.0,
6.11.2025,18:29:28.063,21.750,26.003,19.205,2.881,250.0,250.0,68.514,21.271,8.940,65.409,45.920,28.477,17.443,28.136,6.348,0.657,5.691,5.690,0.000,0.000,0.000,0.000,58.0,
6.11.2025,18:29:29.068,24.469,25.705,18.882,2.898,250.0,250.0,68.973,21.559,8.941,66.637,46.686,28.947,17.739,28.606,6.224,0.636,5.588,5.588,0.000,0.000,1.125,0.000,58.0,
6.11.2025,18:29:30.070,17.672,30.444,23.425,3.078,250.0,250.0,65.311,20.915,8.821,64.021,45.024,27.924,17.100,27.583,6.457,0.691,5.766,5.766,0.000,0.000,0.000,0.000,58.0,
6.11.2025,18:29:31.070,27.188,28.366,21.418,3.019,250.0,250.0,77.520,23.112,8.820,72.530,50.236,31.145,19.091,30.767,6.412,0.703,5.709,5.706,0.000,0.000,0.000,0.000,58.0,
6.11.2025,18:29:32.067,27.188,28.683,21.761,3.002,250.0,250.0,76.927,22.872,8.817,71.726,49.726,30.834,18.892,30.469,6.299,0.643,5.656,5.656,0.000,0.000,0.000,0.000,58.0,
6.11.2025,18:29:33.062,35.344,27.235,20.231,3.063,250.0,250.0,80.011,42.295,8.822,68.983,48.037,29.786,18.251,29.421,106.910,31.873,75.037,5.826,0.000,0.000,0.000,0.000,58.0,
6.11.2025,18:29:34.059,31.266,28.784,21.810,3.009,250.0,250.0,77.216,25.852,8.888,69.848,48.610,30.135,18.475,29.769,23.517,3.220,20.297,5.758,0.000,0.000,0.000,0.000,58.0,
6.11.2025,18:29:35.069,24.469,27.500,20.577,3.017,250.0,250.0,77.114,23.026,8.897,72.117,50.029,31.018,19.011,30.641,6.419,0.718,5.701,5.706,0.000,0.000,0.000,0.000,58.0,
6.11.2025,18:29:36.068,27.188,27.788,20.900,2.979,250.0,250.0,76.620,23.026,8.893,71.968,49.923,30.952,18.971,30.587,6.529,0.713,5.816,5.664,0.000,0.000,0.000,0.000,58.0,
6.11.2025,18:29:37.070,33.985,27.392,20.469,3.036,250.0,250.0,76.620,23.002,8.893,71.968,49.923,30.952,18.971,30.587,6.529,0.713,5.816,5.664,0.000,0.000,0.000,0.000,58.0,
6.11.2025,18:29:38.065,19.032,28.324,21.309,3.037,250.0,250.0,80.642,42.483,8.901,70.598,49.090,30.438,18.652,30.073,105.542,32.015,73.527,5.995,0.000,0.000,0.000,0.000,58.0,
6.11.2025,18:29:39.060,24.469,28.113,21.147,3.036,250.0,250.0,76.325,22.646,8.902,70.737,49.164,30.479,18.685,30.114,6.343,0.645,5.698,5.690,0.000,0.000,0.000,0.000,58.0,
6.11.2025,18:29:40.069,35.344,30.609,23.636,3.043,250.0,250.0,80.252,43.451,8.900,72.686,50.379,31.233,19.146,30.855,107.655,31.761,75.894,6.004,0.000,0.000,0.000,0.000,58.0,
6.11.2025,18:29:41.069,36.704,29.257,22.304,3.013,250.0,250.0,76.448,23.035,8.828,72.253,50.071,31.055,19.016,30.678,6.374,0.698,5.676,5.706,0.000,0.000,0.000,0.000,58.0,
6.11.2025,18:29:42.059,38.063,28.613,21.654,3.029,250.0,250.0,76.788,12.684,8.800,32.401,25.559,15.854,9.705,15.658,6.617,0.672,5.945,5.630,0.000,0.000,0.000,0.500,58.0,
6.11.2025,18:29:43.063,25.829,28.520,21.526,3.032,250.0,250.0,79.860,23.213,8.827,72.876,50.454,31.283,19.171,30.905,6.438,0.719,5.719,5.741,0.000,0.000,0.000,0.000,58.0,
6.11.2025,18:29:44.070,28.547,28.103,21.117,3.065,250.0,250.0,77.452,23.058,8.854,72.297,50.122,31.077,19.045,30.699,6.405,0.707,5.698,5.681,0.000,0.000,0.000,0.000,58.0,
6.11.2025,18:29:45.074,16.313,29.033,22.086,3.005,250.0,250.0,80.920,46.916,8.842,73.321,50.734,31.461,19.273,31.083,124.309,34.299,90.010,5.826,0.000,0.000,0.000,0.000,58.0,
6.11.2025,18:29:46.068,25.829,30.279,23.365,3.036,250.0,250.0,77.102,23.536,8.809,74.101,51.207,31.747,19.460,31.369,6.479,0.770,5.709,5.706,0.000,0.000,1.750,0.000,58.0,
6.11.2025,18:29:47.064,21.750,27.474,20.531,3.022,250.0,250.0,80.571,45.598,8.772,74.445,51.402,31.869,19.533,31.480,116.341,33.014,83.327,5.792,0.000,0.000,0.000,0.000,58.0,
6.11.2025,18:29:48.076,29.907,28.471,21.512,3.001,250.0,250.0,77.128,23.760,8.793,75.006,51.760,32.088,19.672,31.698,6.435,0.717,5.718,5.715,0.000,0.000,0.000,0.000,58.0,
6.11.2025,18:29:49.092,36.704,27.437,20.469,3.041,250.0,250.0,81.057,47.111,8.851,74.228,51.301,31.810,19.491,31.433,124.078,34.106,89.972,5.842,0.000,0.000,0.000,0.000,58.0,
6.11.2025,18:29:50.101,17.672,29.566,22.576,3.063,250.0,250.0,77.043,24.960,8.906,73.294,50.759,31.481,19.278,31.104,14.512,2.027,12.485,5.750,0.000,0.000,0.000,0.000,58.0,
6.11.2025,18:29:51.094,25.829,28.361,21.423,3.027,250.0,250.0,77.307,23.573,8.924,74.205,51.326,31.828,19.498,31.439,6.408,0.709,5.699,5.698,0.000,0.000,0.000,0.000,58.0,
6.11.2025,18:29:52.092,20.391,28.096,21.046,3.115,250.0,250.0,79.570,23.610,8.965,74.299,51.417,31.883,19.534,31.505,6.415,0.750,5.665,5.664,0.000,0.000,0.000,0.375,58.0,
6.11.2025,18:29:53.094,16.313,28.103,21.136,3.060,250.0,250.0,79.848,43.346,8.895,72.087,49.999,31.003,18.996,30.638,107.987,28.957,79.030,5.868,0.000,0.000,0.000,0.000,58.0,
6.11.2025,18:29:54.096,17.672,28.136,21.112,3.050,250.0,250.0,77.653,23.368,8.808,73.527,50.844,31.522,19.322,31.145,6.383,0.659,5.724,5.750,0.000,0.000,0.000,0.000,58.0,
6.11.2025,18:29:55.101,28.547,27.172,20.248,3.033,250.0,250.0,79.636,23.138,8.820,72.612,50.294,31.187,19.107,30.810,6.393,0.652,5.741,5.766,0.000,0.000,0.000,0.000,58.0,
6.11.2025,18:29:56.101,16.313,26.821,19.893,2.999,250.0,250.0,77.328,23.215,8.775,72.992,50.496,31.313,19.183,30.936,6.363,0.648,5.715,5.732,0.000,0.000,0.000,0.000,58.0,
6.11.2025,18:29:57.101,28.547,26.428,19.532,2.972,250.0,250.0,81.085,46.362,8.848,70.995,49.297,30.567,18.730,30.202,124.463,34.273,90.190,6.055,0.000,0.000,0.000,0.000,58.0,
6.11.2025,18:29:58.095,19.032,27.698,20.796,2.984,250.0,250.0,77.562,23.155,8.856,72.649,50.341,31.210,19.131,30.833,6.384,0.652,5.732,5.766,0.000,0.000,0.000,0.000,58.0,
6.11.2025,18:29:59.101,17.672,25.441,18.595,2.976,250.0,250.0,77.451,22.982,8.846,72.051,49.954,30.973,18.981,30.596,6.346,0.648,5.698,5.724,0.000,0.000,0.000,0.000,58.0,
6.11.2025,18:30:0.101,23.110,28.408,21.342,3.062,250.0,250.0,80.463,26.119,8.812,48.628,35.545,22.037,13.508,21.768,16.436,4.205,12.231,78.018,0.000,0.000,0.000,0.000,58.0,
6.11.2025,18:30:1.102,25.829,29.547,22.587,3.058,250.0,250.0,77.280,46.976,8.824,73.642,50.931,31.587,19.344,31.209,124.162,34.174,89.988,5.902,0.000,0.000,0.000,0.000,58.0,
6.11.2025,18:30:2.101,14.953,27.091,20.096,3.046,250.0,250.0,77.772,23.278,8.774,73.136,50.588,31.371,19.217,30.981,6.475,0.706,5.769,5.766,0.000,0.000,0.000,0.000,58.0,
6.11.2025,18:30:3.102,17.672,25.357,18.476,3.007,250.0,250.0,79.078,23.277,8.784,73.194,50.631,31.392,19.239,31.015,6.403,0.696,5.707,5.706,0.000,0.000,0.000,0.000,58.0,
6.11.2025,18:30:4.101,19.032,27.304,20.359,3.022,250.0,250.0,77.773,44.254,8.829,75.978,52.359,32.470,19.889,32.080,107.399,32.055,75.344,6.140,0.000,0.000,0.000,0.000,58.0,
6.11.2025,18:30:5.098,17.672,29.630,22.678,3.003,250.0,250.0,77.480,22.854,8.823,71.564,49.637,30.773,18.864,30.408,6.373,0.649,5.724,5.724,0.000,0.000,0.000,0.000,58.0,
6.11.2025,18:30:6.093,35.344,26.003,19.066,3.003,250.0,250.0,80.770,46.876,8.834,72.846,50.450,31.279,19.171,30.901,124.689,34.567,90.122,5.902,0.000,0.000,0.000,0.000,58.0,
6.11.2025,18:30:7.098,27.188,34.159,26.749,3.404,250.0,250.0,77.875,23.028,8.832,72.122,49.983,30.993,18.990,30.615,6.488,0.719,5.769,5.766,0.000,0.000,0.000,0.000,58.0,
6.11.2025,18:30:8.097,16.313,32.084,24.569,3.470,250.0,250.0,78.137,22.791,8.795,71.285,49.453,30.663,18.790,30.298,6.442,0.700,5.742,5.741,0.000,0.000,0.000,0.000,58.0,
6.11.2025,18:30:9.093,27.188,27.376,20.512,2.984,250.0,250.0,81.286,24.386,8.759,40.058,30.223,18.737,11.486,18.517,6.672,0.677,5.995,102.734,0.000,0.000,0.000,0.000,58.0,
6.11.2025,18:30:10.101,27.188,30.808,23.751,3.068,250.0,250.0,77.226,25.639,8.796,75.961,52.359,32.470,19.889,32.081,14.520,2.009,12.511,5.792,0.000,0.000,0.000,0.000,58.0,
6.11.2025,18:30:11.101,27.188,26.132,19.238,2.999,250.0,250.0,77.374,23.192,8.794,72.817,50.390,31.252,19.138,30.875,6.453,0.703,5.750,5.750,0.000,0.000,2.500,0.000,58.0,
6.11.2025,18:30:12.095,16.313,29.043,22.025,3.055,250.0,250.0,80.658,20.818,8.781,63.477,44.676,27.708,16.968,27.367,6.748,0.685,6.063,5.706,0.000,0.000,0.000,0.000,58.0,
6.11.2025,18:30:13.102,17.672,27.754,20.885,2.958,250.0,250.0,76.490,37.044,8.829,71.849,49.810,30.882,18.928,30.517,76.895,15.166,61.729,5.834,0.000,0.000,2.375,0.000,58.0,
6.11.2025,18:30:14.100,28.547,26.171,19.339,2.945,250.0,250.0,77.459,27.017,8.905,71.922,49.922,30.959,18.963,30.581,26.560,3.526,23.034,5.801,0.000,0.000,0.000,0.000,58.0,
6.11.2025,18:30:15.094,24.469,28.669,21.762,2.955,250.0,250.0,80.214,23.196,8.869,72.794,50.430,31.274,19.156,30.896,6.405,0.673,5.732,5.732,0.000,0.000,0.000,0.000,58.0,
6.11.2025,18:30:16.105,23.110,27.190,20.285,2.957,250.0,250.0,78.378,22.891,8.840,71.583,49.656,30.787,18.869,30.422,6.487,0.717,5.770,5.775,0.000,0.000,0.000,0.000,58.0,
6.11.2025,18:30:17.101,16.313,27.123,20.274,2.942,250.0,250.0,79.694,22.952,8.817,71.858,49.827,30.897,18.930,30.519,6.455,0.711,5.744,5.766,0.000,0.000,0.000,0.000,58.0,
6.11.2025,18:30:18.111,17.672,27.510,20.611,2.957,250.0,250.0,78.457,22.849,8.817,71.483,49.590,30.755,18.835,30.377,6.440,0.707,5.733,5.758,0.000,0.000,0.000,0.000,58.0,
6.11.2025,18:30:19.107,17.672,26.402,19.564,2.968,250.0,250.0,77.275,41.853,8.828,70.575,49.042,30.402,18.640,30.037,102.484,31.388,71.096,6.038,0.000,0.000,0.000,0.000,58.0,
6.11.2025,18:30:20.119,17.672,28.315,21.296,3.051,250.0,250.0,77.935,23.393,8.881,73.430,50.838,31.521,19.317,31.144,6.505,0.721,5.784,5.792,0.000,0.000,0.000,0.000,58.0,
6.11.2025,18:30:21.108,23.110,24.831,17.938,2.978,250.0,250.0,77.881,23.319,8.816,73.179,50.652,31.409,19.243,31.032,6.556,0.760,5.796,5.750,0.000,0.000,0.000,0.000,58.0,
6.11.2025,18:30:22.118,17.672,26.938,19.972,3.031,250.0,250.0,80.403,16.972,8.833,48.506,35.487,22.010,13.477,21.741,6.803,0.748,6.055,6.055,0.000,0.000,0.000,0.000,58.0,
6.11.2025,18:30:23.116,28.547,26.283,19.386,2.970,250.0,250.0,77.925,24.584,8.845,71.961,49.891,30.935,18.956,30.558,14.441,1.913,12.528,5.809,0.000,0.000,0.000,0.250,58.0,
6.11.2025,18:30:24.115,16.313,29.468,22.511,3.000,250.0,250.0,77.793,22.772,8.830,71.135,49.399,30.631,18.768,30.254,6.472,0.711,5.761,5.758,0.000,0.000,0.000,0.000,58.0,
6.11.2025,18:30:25.123,28.547,26.449,19.615,2.948,250.0,250.0,77.468,23.190,8.829,72.750,50.373,31.237,19.136,30.859,6.481,0.720,5.761,5.758,0.000,0.000,0.000,0.000,58.0,
6.11.2025,18:30:26.124,17.672,28.767,21.891,2.969,250.0,250.0,80.316,19.742,8.748,43.067,32.059,19.884,12.175,19.640,20.179,5.219,14.960,21.488,0.000,0.000,0.000,2.250,58.0,
6.11.2025,18:30:27.122,17.672,28.841,21.923,2.984,250.0,250.0,78.851,23.001,8.770,72.114,49.960,30.977,18.983,30.600,6.421,0.655,5.766,5.766,0.000,0.000,0.000,0.000,58.0,
6.11.2025,18:30:28.133,32.625,26.457,19.557,2.967,250.0,250.0,78.230,20.877,8.819,63.801,44.880,27.832,17.048,27.491,6.521,0.662,5.859,5.859,0.000,0.000,0.000,0.375,58.0,
6.11.2025,18:30:29.135,17.672,26.917,20.047,2.975,250.0,250.0,78.396,23.115,8.834,72.340,50.123,31.077,19.046,30.712,6.602,0.748,5.854,5.809,0.000,0.000,0.000,0.000,20.0,
6.11.2025,18:30:30.133,31.266,25.831,18.882,3.013,250.0,250.0,77.298,23.439,8.826,73.707,50.979,31.611,19.368,31.221,6.463,0.705,5.758,5.758,0.000,0.000,0.000,0.000,20.0,
6.11.2025,18:30:31.132,21.750,28.140,21.152,3.034,250.0,250.0,81.436,24.087,8.808,76.129,52.475,32.535,19.940,32.145,6.522,0.727,5.795,5.792,0.000,0.000,0.000,0.000,20.0,
6.11.2025,18:30:32.133,17.672,26.188,19.278,2.974,250.0,250.0,73.579,21.333,8.811,65.722,46.043,28.547,17.496,28.206,6.389,0.648,5.741,5.732,0.000,0.000,0.000,0.000,20.0,
6.11.2025,18:30:33.129,23.110,25.045,18.188,2.926,250.0,250.0,74.740,21.665,8.811,66.983,46.822,29.034,17.788,28.680,6.394,0.653,5.741,5.741,0.000,0.000,0.000,0.000,20.0,
6.11.2025,18:30:34.132,16.313,27.174,20.364,2.900,250.0,250.0,75.080,21.575,8.829,66.621,46.607,28.899,17.708,28.546,6.401,0.651,5.750,5.741,0.000,0.000,0.000,0.000,20.0,
6.11.2025,18:30:35.148,19.032,27.696,20.880,2.923,250.0,250.0,75.093,21.560,8.793,66.591,46.571,28.876,17.695,28.523,6.391,0.650,5.741,5.766,0.000,0.000,0.000,0.000,20.0,
6.11.2025,18:30:36.143,14.953,26.363,19.499,2.934,250.0,250.0,75.359,21.547,8.841,66.499,46.526,28.846,17.680,28.505,6.414,0.656,5.758,5.750,0.000,0.000,0.000,0.000,20.0,
6.11.2025,18:30:37.141,16.313,24.384,17.546,2.933,250.0,250.0,75.464,21.402,8.887,65.855,46.167,28.631,17.536,28.278,6.444,0.661,5.783,5.775,0.000,0.000,0.125,0.000,20.0,
6.11.2025,18:30:38.141,17.672,27.227,20.386,2.961,250.0,250.0,75.107,23.275,8.876,66.111,46.317,28.719,17.598,28.378,15.463,1.692,13.771,5.826,0.000,0.000,0.000,0.000,20.0,
6.11.2025,18:30:39.140,27.188,26.210,19.303,2.983,250.0,250.0,74.993,21.794,8.827,67.432,47.094,29.208,17.886,28.855,6.437,0.662,5.775,5.766,0.000,0.000,0.000,0.625,20.0,
6.11.2025,18:30:40.151,20.391,27.141,20.172,3.016,250.0,250.0,75.663,18.602,8.770,44.042,32.668,20.255,12.413,20.011,20.657,5.533,15.124,6.552,0.000,0.000,0.125,0.000,20.0,
6.11.2025,18:30:41.151,19.032,27.443,20.580,2.993,250.0,250.0,72.113,21.701,8.832,67.165,46.915,29.094,17.821,28.741,6.362,0.647,5.715,5.715,0.000,0.000,0.000,0.000,20.0,
6.11.2025,18:30:42.153,23.110,27.949,21.056,2.950,250.0,250.0,68.859,21.271,8.841,65.450,45.888,28.449,17.439,28.108,6.396,0.655,5.741,5.741,0.000,0.000,0.000,0.000,20.0,
6.11.2025,18:30:43.140,19.032,25.416,18.607,2.918,250.0,250.0,71.654,21.309,8.844,65.568,45.963,28.506,17.457,28.165,6.412,0.654,5.758,5.758,0.000,0.000,0.000,0.000,20.0,
6.11.2025,18:30:44.144,9.516,26.278,19.395,2.947,250.0,250.0,72.063,37.372,8.843,66.849,46.760,28.989,17.771,28.635,85.042,20.505,64.537,5.792,0.000,0.000,0.000,0.000,20.0,
6.11.2025,18:30:45.150,24.469,25.289,18.484,2.907,250.0,250.0,71.826,21.674,8.826,67.018,46.851,29.058,17.793,28.705,6.380,0.648,5.732,5.732,0.000,0.000,0.000,1.000,20.0,
6.11.2025,18:30:46.146,20.391,26.998,20.174,2.949,250.0,250.0,69.556,21.432,8.838,66.033,46.250,28.678,17.572,28.325,6.428,0.662,5.766,5.766,0.000,0.000,0.000,0.000,20.0,
6.11.2025,18:30:47.145,29.907,27.290,20.300,3.076,250.0,250.0,61.203,28.941,8.857,71.906,49.882,30.928,18.954,30.563,36.236,4.800,31.436,5.842,0.000,0.000,0.000,0.000,20.0,
6.11.2025,18:30:48.142,19.032,26.697,19.711,3.041,250.0,250.0,77.475,23.163,8.830,72.664,50.323,31.207,19.116,30.830,6.439,0.656,5.783,5.783,0.000,0.000,0.000,1.625,20.0,
6.11.2025,18:30:49.153,17.672,29.305,22.267,3.066,250.0,250.0,77.881,23.409,8.815,73.657,50.932,31.577,19.355,31.200,6.403,0.653,5.750,5.750,0.000,0.000,0.000,0.375,20.0,
6.11.2025,18:30:50.151,27.188,27.182,20.209,3.020,250.0,250.0,78.133,22.684,8.819,70.884,49.217,30.514,18.703,30.149,6.401,0.651,5.750,5.750,0.000,0.000,0.000,0.000,20.0,
6.11.2025,18:30:51.140,23.110,27.859,20.913,3.028,250.0,250.0,77.338,45.065,8.876,71.459,49.616,30.768,18.848,30.391,117.398,33.416,83.982,5.894,0.000,0.000,2.000,0.000,20.0,
6.11.2025,18:30:52.153,27.188,28.930,21.856,3.152,250.0,250.0,77.795,23.355,8.829,73.395,50.790,31.497,19.293,31.119,6.428,0.662,5.766,5.775,0.000,0.000,0.000,0.000,20.0,
6.11.2025,18:30:53.151,19.032,29.280,22.323,3.000,250.0,250.0,80.813,22.900,8.851,71.675,49.707,30.822,18.885,30.445,6.426,0.660,5.766,5.766,0.000,0.000,0.000,0.000,20.0,
6.11.2025,18:30:54.146,14.953,27.984,21.039,3.035,250.0,250.0,77.641,46.931,8.824,72.892,50.448,31.283,19.165,30.906,124.938,34.676,90.262,5.919,0.000,0.000,0.000,0.000,20.0,
6.11.2025,18:30:55.148,29.907,25.687,18.756,2.998,250.0,250.0,77.979,27.142,8.842,74.450,51.458,31.910,19.548,31.521,23.905,3.161,20.744,5.877,0.000,0.000,0.000,0.000,20.0,
6.11.2025,18:30:56.147,27.188,25.166,18.263,2.994,250.0,250.0,77.953,23.172,8.876,72.660,50.349,31.212,19.137,30.835,6.430,0.655,5.775,5.792,0.000,0.000,0.000,0.000,20.0,
6.11.2025,18:30:57.153,17.672,27.041,20.107,2.980,250.0,250.0,81.644,33.382,8.937,111.732,74.447,46.156,28.291,45.597,6.416,0.666,5.750,5.826,0.000,0.000,1.625,0.000,20.0,
6.11.2025,18:30:58.153,17.672,27.041,20.107,2.980,250.0,250.0,75.085,24.709,8.832,57.524,41.026,25.433,15.593,25.128,6.721,0.683,6.038,60.107,0.000,0.000,1.625,0.000,20.0,
6.11.2025,18:30:59.151,33.985,32.295,25.348,3.016,250.0,250.0,78.828,47.402,9.012,75.076,51.949,32.205,19.744,31.815,124.136,34.153,89.983,5.945,0.000,0.000,0.000,0.000,20.0,
6.11.2025,18:31:0.147,27.188,32.832,25.844,3.031,250.0,250.0,78.135,23.168,9.004,72.499,50.327,31.205,19.122,30.839,6.440,0.657,5.783,5.809,0.000,0.000,0.000,0.000,20.0,
6.11.2025,18:31:1.146,17.672,26.354,19.435,2.999,250.0,250.0,78.531,23.254,8.929,72.884,50.527,31.322,19.205,30.944,6.451,0.668,5.783,5.826,0.000,0.000,0.000,0.000,20.0,
6.11.2025,18:31:2.155,28.547,26.587,19.574,3.065,250.0,250.0,79.345,23.187,8.833,72.699,50.350,31.228,19.122,30.850,6.496,0.703,5.793,5.792,0.000,0.000,0.000,0.000,20.0,
6.11.2025,18:31:3.157,17.672,28.818,21.795,3.081,250.0,250.0,77.945,23.224,8.804,72.787,50.385,31.249,19.136,30.871,6.610,0.784,5.826,5.783,0.000,0.000,0.000,0.000,20.0,
6.11.2025,18:31:4.164,16.313,26.759,19.745,3.048,250.0,250.0,77.419,35.084,8.802,73.314,50.723,31.449,19.274,31.072,65.155,10.996,54.159,5.894,0.000,0.000,0.000,0.000,20.0,
6.11.2025,18:31:5.164,17.672,27.942,21.022,3.015,250.0,250.0,77.331,23.276,8.927,72.920,50.548,31.344,19.204,30.967,6.518,0.708,5.810,5.809,0.000,0.000,0.000,0.000,20.0,
6.11.2025,18:31:6.163,21.750,28.302,21.344,3.051,250.0,250.0,80.877,29.284,8.927,48.156,35.286,21.879,13.407,21.623,31.781,9.994,21.787,80.000,0.000,0.000,0.500,0.000,20.0,
6.11.2025,18:31:7.160,20.391,26.579,19.629,2.998,250.0,250.0,77.956,23.226,8.952,72.643,50.385,31.244,19.141,30.866,6.584,0.722,5.862,5.859,0.000,0.000,0.000,0.000,20.0,
6.11.2025,18:31:8.164,25.829,26.692,19.732,3.070,250.0,250.0,77.493,23.282,8.954,72.880,50.534,31.343,19.191,30.965,6.564,0.735,5.829,5.826,0.000,0.000,0.000,0.000,20.0,
6.11.2025,18:31:9.159,21.750,34.008,26.471,3.530,250.0,250.0,77.820,22.892,8.915,71.485,49.640,30.780,18.860,30.414,6.514,0.712,5.802,5.801,0.000,0.000,0.000,0.000,20.0,
6.11.2025,18:31:10.156,29.907,33.396,25.961,3.402,250.0,250.0,78.482,36.235,8.943,71.645,49.774,30.868,18.906,30.490,33.947,11.243,22.704,83.826,0.000,0.000,0.000,0.000,20.0,
6.11.2025,18:31:11.163,20.391,27.132,20.158,3.034,250.0,250.0,79.875,44.136,8.912,64.881,45.575,28.261,17.314,27.920,72.100,26.837,45.263,104.297,0.000,0.000,0.000,0.000,20.0,
6.11.2025,18:31:12.164,19.032,25.591,18.639,3.032,250.0,250.0,77.276,28.799,8.924,58.948,41.949,26.012,15.937,25.695,45.496,16.916,28.580,19.537,0.000,0.000,1.125,0.000,20.0,
6.11.2025,18:31:13.161,25.829,28.685,21.644,3.066,250.0,250.0,77.540,22.849,8.913,71.245,49.497,30.697,18.800,30.331,6.564,0.727,5.837,5.877,0.000,0.000,1.125,0.000,20.0,
6.11.2025,18:31:14.163,17.672,26.111,19.184,3.033,250.0,250.0,77.672,23.140,8.906,72.448,50.232,31.150,19.082,30.772,6.503,0.720,5.783,5.809,0.000,0.001,0.000,0.000,20.0,
6.11.2025,18:31:15.163,19.032,29.767,22.783,3.031,250.0,250.0,80.644,15.437,8.867,42.674,31.929,19.800,12.129,19.555,6.814,0.691,6.123,5.792,0.000,0.000,0.000,0.000,20.0,
6.11.2025,18:31:16.161,20.391,27.127,20.162,3.028,250.0,250.0,77.796,46.853,8.938,72.830,50.481,31.309,19.172,30.932,124.451,34.255,90.196,5.962,0.000,0.000,0.000,0.250,20.0,
6.11.2025,18:31:17.153,23.110,26.889,19.955,3.028,250.0,250.0,78.347,24.260,8.884,71.167,49.425,30.645,18.780,30.280,13.754,1.807,11.947,5.910,0.000,0.000,0.000,0.000,20.0,
6.11.2025,18:31:18.163,24.469,26.635,19.664,3.049,250.0,250.0,78.810,23.418,8.890,73.433,50.825,31.518,19.307,31.140,6.604,0.742,5.862,5.859,0.000,0.000,0.000,0.000,20.0,
6.11.2025,18:31:19.164,19.032,25.114,18.174,3.005,250.0,250.0,77.710,23.132,8.911,72.432,50.224,31.150,19.074,30.773,6.474,0.665,5.809,5.809,0.000,0.000,0.000,0.000,20.0,
6.11.2025,18:31:20.162,17.672,29.066,22.069,3.068,250.0,250.0,77.710,23.132,8.911,72.432,50.224,31.150,19.074,30.773,6.474,0.665,5.809,5.809,0.000,0.000,0.000,0.000,20.0,
6.11.2025,18:31:21.155,21.750,28.145,21.141,3.028,250.0,250.0,82.005,30.199,8.952,73.397,50.822,31.520,19.302,31.143,6.515,0.706,5.809,73.820,0.000,0.000,0.000,0.500,20.0,
6.11.2025,18:31:22.154,31.266,28.273,21.337,3.054,250.0,250.0,77.907,22.720,8.959,70.691,49.179,30.498,18.681,30.120,6.599,0.719,5.880,5.877,0.000,0.001,0.000,2.375,20.0,
6.11.2025,18:31:23.163,21.750,27.205,20.168,3.104,250.0,250.0,77.776,23.097,9.033,72.016,50.048,31.032,19.016,30.655,6.663,0.775,5.888,5.842,0.000,0.000,0.000,0.000,20.0,
6.11.2025,18:31:24.168,24.469,26.443,19.473,3.011,250.0,250.0,77.857,23.190,8.923,72.562,50.314,31.201,19.113,30.824,6.559,0.714,5.845,5.842,0.000,0.000,0.000,0.000,20.0,
6.11.2025,18:31:25.163,19.032,28.299,21.401,3.009,250.0,250.0,81.440,13.724,8.852,36.029,27.832,17.259,10.573,17.052,6.801,0.763,6.038,6.038,0.000,0.000,0.000,0.000,20.0,
6.11.2025,18:31:26.155,17.672,28.443,21.457,3.027,250.0,250.0,75.903,23.049,8.862,72.179,50.023,31.016,19.007,30.651,6.474,0.665,5.809,5.809,0.000,0.000,0.000,0.000,20.0,
6.11.2025,18:31:27.163,32.625,25.867,18.982,2.983,250.0,250.0,79.251,20.344,8.921,61.547,43.542,27.000,16.542,26.683,6.638,0.710,5.928,5.928,0.000,0.001,0.000,0.000,20.0,
6.11.2025,18:31:28.153,17.672,27.730,20.778,3.028,250.0,250.0,78.338,36.629,8.865,72.540,50.270,31.180,19.090,30.803,73.784,13.875,59.909,5.970,0.000,0.000,0.000,0.000,20.0,
6.11.2025,18:31:29.157,27.188,29.434,22.470,3.011,250.0,250.0,77.032,22.942,8.914,71.599,49.703,30.823,18.880,30.458,6.593,0.730,5.863,5.859,0.000,0.000,0.000,0.000,20.0,
6.11.2025,18:31:30.162,16.313,30.151,23.109,3.077,250.0,250.0,77.188,22.817,8.913,71.229,49.478,30.685,18.793,30.307,6.474,0.656,5.818,5.818,0.000,0.000,0.000,0.000,20.0,
6.11.2025,18:31:31.164,19.032,29.064,22.147,2.995,250.0,250.0,81.318,31.627,8.889,74.477,51.490,31.924,19.566,31.546,46.103,17.309,28.794,6.174,0.000,0.000,2.250,0.000,20.0,
6.11.2025,18:31:32.160,16.313,27.600,20.631,3.028,250.0,250.0,78.055,23.874,8.912,75.163,51.920,32.199,19.721,31.809,6.572,0.727,5.845,5.877,0.000,0.001,0.000,0.000,20.0,
6.11.2025,18:31:33.155,21.750,29.002,21.966,3.073,250.0,250.0,77.482,23.864,8.892,75.182,51.932,32.194,19.738,31.804,6.535,0.716,5.819,5.834,0.000,0.000,0.000,0.000,20.0,
6.11.2025,18:31:34.158,17.672,27.867,20.910,3.022,250.0,250.0,81.343,23.301,8.838,72.885,50.462,31.292,19.170,30.915,6.762,0.766,5.996,5.928,0.000,0.000,0.000,0.000,20.0,
6.11.2025,18:31:35.156,17.672,28.422,21.510,3.020,250.0,250.0,80.627,23.492,8.841,73.763,51.011,31.629,19.382,31.252,6.598,0.696,5.902,5.842,0.000,0.000,0.000,0.000,20.0,
6.11.2025,18:31:36.155,17.672,27.201,20.217,3.018,250.0,250.0,77.611,24.400,8.878,73.099,50.621,31.385,19.236,31.008,11.912,1.481,10.431,5.945,0.000,0.000,0.000,0.000,20.0,
6.11.2025,18:31:37.166,20.391,27.709,20.770,3.003,250.0,250.0,81.109,38.475,8.923,73.011,50.592,31.363,19.229,30.985,82.328,28.679,53.649,5.995,0.000,0.000,0.000,0.000,20.0,
6.11.2025,18:31:38.155,20.391,27.947,20.989,3.026,250.0,250.0,77.413,23.719,8.945,74.559,51.572,31.975,19.597,31.598,6.535,0.676,5.859,5.877,0.000,0.000,0.000,0.000,20.0,
6.11.2025,18:31:39.163,25.829,28.277,21.345,3.030,250.0,250.0,77.346,23.353,8.877,73.274,50.720,31.444,19.276,31.067,6.512,0.686,5.826,5.842,0.000,0.000,0.000,0.000,20.0,
6.11.2025,18:31:40.163,25.829,28.452,21.414,3.078,250.0,250.0,80.474,18.643,8.800,55.020,39.441,24.459,14.982,24.166,6.716,0.712,6.004,6.134,0.000,0.000,0.000,0.000,20.0,
6.11.2025,18:31:41.158,31.266,27.898,20.942,3.015,250.0,250.0,77.325,45.905,8.789,64.597,45.325,28.110,17.215,27.769,93.354,30.473,62.881,80.536,0.000,0.000,0.000,0.000,20.0,
6.11.2025,18:31:42.155,20.391,29.686,22.672,3.075,250.0,250.0,77.130,23.551,8.918,73.873,51.123,31.699,19.424,31.321,6.631,0.734,5.897,5.894,0.000,0.000,0.000,0.000,20.0,
6.11.2025,18:31:43.156,20.391,26.999,20.065,3.024,250.0,250.0,79.906,23.384,8.954,73.298,50.796,31.493,19.303,31.115,6.515,0.664,5.851,5.851,0.000,0.000,0.000,0.000,20.0,
6.11.2025,18:31:44.163,21.750,29.110,22.091,3.059,250.0,250.0,77.831,46.911,8.937,72.976,50.585,31.361,19.224,30.984,124.495,34.337,90.158,6.055,0.000,0.000,0.000,0.000,20.0,
6.11.2025,18:31:45.163,16.313,27.370,20.447,3.044,250.0,250.0,77.386,23.488,9.037,73.485,50.969,31.604,19.365,31.214,6.650,0.730,5.920,5.910,0.000,0.000,0.000,0.000,20.0,
6.11.2025,18:31:46.163,17.672,27.298,20.278,3.053,250.0,250.0,80.738,23.264,9.022,72.770,50.514,31.314,19.200,30.937,6.517,0.666,5.851,5.851,0.000,0.000,2.250,0.000,20.0,
6.11.2025,18:31:47.164,21.750,28.431,21.468,3.030,250.0,250.0,77.193,27.359,8.922,44.983,33.369,20.693,12.676,20.437,24.815,6.624,18.191,82.882,0.000,0.000,0.000,0.000,20.0,
6.11.2025,18:31:48.160,17.672,26.403,19.462,3.039,250.0,250.0,76.946,23.361,8.855,73.268,50.712,31.450,19.262,31.072,6.551,0.666,5.885,5.885,0.000,0.000,0.000,0.000,20.0,
6.11.2025,18:31:49.160,16.313,28.163,21.198,3.017,250.0,250.0,81.216,23.623,8.891,74.301,51.363,31.848,19.515,31.470,6.502,0.660,5.842,5.842,0.000,0.000,0.375,0.000,20.0,
6.11.2025,18:31:50.163,19.032,27.377,20.381,3.066,250.0,250.0,76.432,21.706,8.863,66.824,46.749,28.995,17.754,28.642,6.637,0.683,5.954,5.954,0.000,0.000,0.000,0.000,20.0,
6.11.2025,18:31:51.163,20.391,27.067,20.205,2.949,250.0,250.0,75.594,22.189,8.887,68.752,47.954,29.737,18.217,29.384,6.543,0.666,5.877,5.877,0.000,0.000,0.000,0.000,20.0,
6.11.2025,18:31:52.165,19.032,27.893,20.903,3.042,250.0,250.0,75.644,21.696,8.852,66.870,46.766,29.002,17.764,28.649,6.593,0.724,5.869,5.868,0.000,0.000,0.000,0.000,20.0,
6.11.2025,18:31:53.163,16.313,26.913,20.021,2.996,250.0,250.0,75.130,21.369,8.958,65.563,46.017,28.535,17.482,28.194,6.541,0.664,5.877,5.859,0.000,0.000,0.000,0.000,20.0,
6.11.2025,18:31:54.164,17.672,26.913,19.995,2.977,250.0,250.0,75.279,21.461,8.898,65.959,46.232,28.662,17.570,28.322,6.554,0.669,5.885,5.859,0.000,0.000,0.000,0.000,20.0,
6.11.2025,18:31:55.163,23.110,26.118,19.240,2.963,250.0,250.0,75.147,21.508,8.888,66.181,46.371,28.751,17.620,28.398,6.513,0.662,5.851,5.842,0.000,0.000,0.000,0.000,20.0,
6.11.2025,18:31:56.163,17.672,27.215,20.314,2.978,250.0,250.0,77.254,44.440,8.932,70.438,49.028,30.399,18.629,30.033,115.514,32.700,82.814,5.910,0.000,0.000,0.000,0.000,20.0,
6.11.2025,18:31:57.153,14.953,27.493,20.641,2.932,250.0,250.0,76.981,21.794,8.815,67.120,46.905,29.078,17.827,28.725,6.770,0.689,6.081,5.928,0.000,0.000,1.125,0.000,20.0,
6.11.2025,18:31:58.158,25.829,26.205,19.352,2.963,250.0,250.0,75.691,21.715,8.829,66.957,46.806,29.024,17.782,28.683,6.535,0.667,5.868,5.995,0.000,0.001,0.000,0.000,20.0,
6.11.2025,18:31:59.163,23.110,24.727,17.932,2.914,250.0,250.0,72.563,23.752,8.872,65.707,46.053,28.559,17.494,28.218,18.309,2.014,16.295,5.995,0.000,0.000,0.000,0.000,20.0,
6.11.2025,18:32:0.164,19.032,25.672,18.747,2.962,250.0,250.0,72.418,40.584,8.874,66.177,46.353,28.747,17.606,28.394,101.835,28.079,73.756,6.021,0.000,0.000,0.000,0.000,20.0,
6.11.2025,18:32:1.163,38.063,27.040,20.185,2.942,250.0,250.0,69.109,22.037,8.888,68.054,47.520,29.471,18.049,29.118,6.726,0.907,5.819,5.818,0.000,0.000,0.000,0.000,20.0,
6.11.2025,18:32:2.164,23.110,28.038,21.119,3.007,250.0,250.0,69.757,21.697,8.835,66.905,46.779,29.007,17.772,28.654,6.587,0.700,5.887,5.842,0.000,0.000,0.000,0.000,20.0,
6.11.2025,18:32:3.164,17.672,25.575,18.742,2.904,250.0,250.0,71.984,21.671,8.840,66.838,46.754,28.985,17.769,28.632,6.522,0.663,5.859,5.851,0.000,0.000,0.000,0.000,20.0,
6.11.2025,18:32:4.163,21.750,25.380,18.572,2.919,250.0,250.0,72.288,30.592,8.851,64.995,45.622,28.291,17.331,27.938,53.429,19.723,33.706,6.038,0.000,0.000,0.000,0.000,20.0,
6.11.2025,18:32:5.165,16.313,28.998,22.008,3.065,250.0,250.0,61.112,22.904,8.878,71.587,49.674,30.807,18.867,30.430,6.484,0.658,5.826,5.826,0.000,0.000,0.000,0.000,20.0,
6.11.2025,18:32:6.163,27.188,27.765,20.799,3.039,250.0,250.0,79.209,46.009,8.922,73.247,50.726,31.460,19.266,31.083,119.691,32.750,86.941,6.004,0.000,0.000,0.000,0.000,20.0,
6.11.2025,18:32:7.159,16.313,28.464,21.517,3.019,250.0,250.0,77.982,23.047,8.952,72.013,49.999,31.003,18.996,30.626,6.513,0.662,5.851,5.851,0.000,0.000,0.000,0.000,20.0,
6.11.2025,18:32:8.158,20.391,26.782,19.855,3.010,250.0,250.0,81.215,40.831,9.032,72.512,50.346,31.223,19.123,30.846,94.612,22.303,72.309,6.004,0.000,0.000,0.000,0.000,20.0,
6.11.2025,18:32:9.164,21.750,27.219,20.225,3.023,250.0,250.0,77.327,23.618,8.948,74.061,51.251,31.778,19.473,31.401,6.672,0.750,5.922,5.919,0.000,0.000,0.000,2.375,20.0,
6.11.2025,18:32:10.154,29.907,31.887,24.280,3.616,250.0,250.0,77.913,31.510,8.879,72.745,50.399,31.250,19.149,30.872,47.939,6.185,41.754,5.928,0.000,0.001,0.000,0.000,20.0,
6.11.2025,18:32:11.163,0.000,30.279,22.938,3.343,250.0,250.0,77.704,23.590,8.783,74.150,51.204,31.750,19.454,31.372,6.632,0.735,5.897,5.928,0.000,0.000,0.000,0.000,20.0,
6.11.2025,18:32:12.329,20.391,26.889,19.844,3.088,250.0,250.0,77.620,23.046,8.864,72.049,49.968,30.979,18.989,30.601,6.565,0.714,5.851,5.877,0.000,0.000,0.000,1.000,20.0,
6.11.2025,18:32:13.332,32.625,27.277,20.341,3.003,250.0,250.0,80.629,23.406,8.910,73.175,50.682,31.427,19.255,31.050,6.793,0.752,6.041,5.979,0.000,0.000,0.000,0.000,20.0,
6.11.2025,18:32:14.334,44.860,30.918,23.960,3.038,250.0,250.0,87.805,35.502,8.877,73.704,50.995,31.615,19.380,31.238,6.703,0.699,6.004,125.804,0.000,0.000,0.375,0.000,20.0,
6.11.2025,18:32:15.327,25.829,30.922,23.824,3.106,250.0,250.0,78.477,23.106,8.912,72.075,50.005,31.004,19.001,30.639,6.731,0.784,5.947,5.962,0.000,0.000,1.625,0.000,20.0,
6.11.2025,18:32:16.333,17.672,28.564,21.604,3.054,250.0,250.0,78.551,22.987,8.899,71.824,49.833,30.898,18.935,30.520,6.548,0.663,5.885,5.868,0.000,0.000,0.000,2.125,20.0,
6.11.2025,18:32:17.334,16.313,28.743,21.750,3.043,250.0,250.0,81.390,23.233,8.876,72.549,50.281,31.171,19.110,30.794,6.775,0.805,5.970,5.995,0.000,0.000,0.000,0.000,20.0,
6.11.2025,18:32:18.335,31.266,32.644,25.500,3.225,250.0,250.0,81.108,23.381,8.876,73.214,50.700,31.438,19.262,31.061,6.689,0.726,5.963,5.885,0.000,0.000,0.000,0.000,20.0,
6.11.2025,18:32:19.333,23.110,28.943,21.875,3.113,250.0,250.0,81.461,23.963,8.853,75.492,52.092,32.309,19.783,31.920,6.626,0.729,5.897,5.928,0.000,0.000,0.000,0.000,20.0,
6.11.2025,18:32:20.334,20.391,29.756,22.732,3.072,250.0,250.0,81.127,46.518,8.838,71.338,49.495,30.692,18.803,30.327,124.780,34.570,90.210,6.123,0.000,0.000,0.000,0.000,20.0,
6.11.2025,18:32:21.340,21.750,28.276,21.321,3.036,250.0,250.0,77.836,23.216,8.878,72.636,50.340,31.222,19.118,30.844,6.608,0.714,5.894,5.910,0.000,0.000,0.000,0.000,20.0,
6.11.2025,18:32:22.335,32.625,28.934,21.913,3.069,250.0,250.0,81.053,43.604,8.909,65.594,46.020,28.537,17.483,28.184,88.524,29.618,58.906,64.268,0.000,0.000,0.000,2.250,20.0,
6.11.2025,18:32:23.331,24.469,28.164,21.208,3.017,250.0,250.0,77.550,23.093,8.884,72.143,50.025,31.018,19.007,30.641,6.632,0.687,5.945,5.945,0.000,0.000,0.000,0.000,20.0,
6.11.2025,18:32:24.330,17.672,29.539,22.589,3.023,250.0,250.0,77.671,23.115,8.884,72.295,50.124,31.080,19.044,30.703,6.561,0.667,5.894,5.894,0.000,0.000,0.000,0.000,20.0,
6.11.2025,18:32:25.328,0.000,27.413,20.478,3.029,250.0,250.0,81.611,23.186,8.838,72.496,50.205,31.138,19.067,30.760,6.683,0.688,5.995,5.995,0.000,0.000,0.000,0.000,20.0,
6.11.2025,18:32:26.338,20.391,29.724,22.771,2.994,250.0,250.0,77.982,23.386,8.901,73.330,50.773,31.479,19.294,31.102,6.550,0.665,5.885,5.885,0.000,0.000,0.000,0.000,20.0,
6.11.2025,18:32:27.335,23.110,27.850,20.894,3.040,250.0,250.0,78.972,46.725,8.825,72.555,50.244,31.151,19.093,30.774,124.322,34.247,90.075,5.962,0.000,0.000,0.000,0.000,20.0,
6.11.2025,18:32:28.329,14.953,26.055,19.120,3.024,250.0,250.0,77.200,23.486,8.885,73.665,50.973,31.609,19.364,31.232,6.600,0.672,5.928,5.928,0.000,0.000,0.000,0.000,20.0,
6.11.2025,18:32:29.335,20.391,26.208,19.203,3.041,250.0,250.0,78.256,23.011,8.859,71.922,49.878,30.932,18.946,30.555,6.561,0.667,5.894,5.894,0.000,0.000,1.750,0.000,20.0,
6.11.2025,18:32:30.337,20.391,30.269,23.296,3.060,250.0,250.0,81.873,45.902,9.021,74.688,51.686,32.051,19.635,31.661,117.079,32.052,85.027,6.123,0.000,0.000,0.000,0.000,20.0,
6.11.2025,18:32:31.331,17.672,29.774,22.720,3.080,250.0,250.0,78.425,23.224,8.945,72.588,50.341,31.220,19.121,30.843,6.601,0.682,5.919,5.979,0.000,0.000,0.000,0.000,20.0,
6.11.2025,18:32:32.327,17.672,30.409,23.458,3.054,250.0,250.0,78.061,23.060,8.996,71.985,49.994,30.997,18.997,30.620,6.557,0.663,5.894,5.894,0.000,0.000,0.000,0.000,20.0,
6.11.2025,18:32:33.333,23.110,29.579,22.646,3.008,250.0,250.0,81.321,44.455,8.871,73.503,50.854,31.534,19.320,31.157,111.587,30.000,81.587,6.140,0.000,0.000,0.000,0.000,20.0,
6.11.2025,18:32:34.336,21.750,28.637,21.631,3.043,250.0,250.0,78.949,23.830,8.813,75.071,51.814,32.128,19.686,31.738,6.569,0.675,5.894,5.910,0.000,0.000,0.000,0.000,20.0,
6.11.2025,18:32:35.337,23.110,27.369,20.431,3.042,250.0,250.0,81.893,64.219,8.828,59.124,41.992,26.045,15.947,25.728,19.339,4.980,14.359,425.846,0.000,0.000,0.000,0.000,20.0,
6.11.2025,18:32:36.329,25.829,27.885,20.924,3.018,250.0,250.0,78.277,23.061,8.823,71.780,49.772,30.861,18.911,30.484,6.941,0.795,6.146,6.098,0.000,0.000,0.500,0.000,20.0,
6.11.2025,18:32:37.332,21.750,30.102,23.176,3.005,250.0,250.0,77.539,23.405,8.879,73.377,50.796,31.498,19.298,31.109,6.588,0.678,5.910,5.919,0.000,0.000,0.000,0.000,20.0,
6.11.2025,18:32:38.326,19.032,27.599,20.621,3.012,250.0,250.0,81.666,21.525,8.878,66.187,46.374,28.755,17.619,28.414,6.562,0.668,5.894,5.894,0.000,0.000,0.000,0.000,20.0,
6.11.2025,18:32:39.340,17.672,31.995,24.968,3.086,250.0,250.0,78.357,42.056,8.908,71.236,49.487,30.691,18.796,30.326,102.465,31.597,70.868,6.182,0.000,0.000,0.000,0.000,20.0,
6.11.2025,18:32:40.337,25.829,26.529,19.562,3.024,250.0,250.0,77.749,23.181,8.869,72.421,50.178,31.116,19.062,30.739,6.743,0.762,5.981,5.936,0.000,0.000,0.000,0.000,20.0,
6.11.2025,18:32:41.335,16.313,28.595,21.608,3.059,250.0,250.0,81.267,16.432,8.826,46.698,34.345,21.288,13.057,21.032,6.577,0.667,5.910,5.922,0.000,0.000,0.000,0.000,20.0,
6.11.2025,18:32:42.330,23.110,28.924,21.929,3.056,250.0,250.0,77.701,23.185,8.825,71.429,49.557,30.730,18.827,30.352,8.053,1.036,7.017,6.021,0.000,0.000,0.250,0.000,20.0,
6.11.2025,18:32:43.328,16.313,28.793,21.822,3.020,250.0,250.0,79.965,23.112,8.798,72.323,50.077,31.048,19.029,30.683,6.628,0.717,5.911,5.910,0.000,0.000,0.000,0.000,20.0,
6.11.2025,18:32:44.339,19.032,29.772,22.824,3.025,250.0,250.0,78.773,45.752,8.873,74.258,51.349,31.842,19.507,31.464,117.106,33.531,83.575,6.021,0.000,0.000,0.000,0.000,20.0,
6.11.2025,18:32:45.338,13.594,26.832,19.864,3.029,250.0,250.0,78.153,23.435,8.901,73.352,50.786,31.492,19.294,31.115,6.725,0.752,5.973,5.962,0.000,0.000,0.000,0.000,20.0,
6.11.2025,18:32:46.331,21.750,27.740,20.806,3.013,250.0,250.0,78.094,23.379,8.903,73.271,50.750,31.463,19.287,31.085,6.565,0.671,5.894,5.902,0.000,0.000,0.000,0.375,20.0,
6.11.2025,18:32:47.328,25.829,29.169,22.219,3.028,250.0,250.0,81.616,46.330,8.852,71.111,49.367,30.611,18.756,30.234,124.237,33.919,90.318,5.894,0.000,0.000,0.000,0.000,20.0,
6.11.2025,18:32:48.339,16.313,27.105,20.198,3.016,250.0,250.0,78.040,23.094,8.805,72.235,50.040,31.034,19.006,30.657,6.608,0.680,5.928,5.945,0.000,0.000,0.000,0.000,20.0,
6.11.2025,18:32:49.340,21.750,28.788,21.749,3.087,250.0,250.0,77.864,23.365,8.830,73.268,50.696,31.435,19.261,31.058,6.601,0.707,5.894,5.902,0.000,0.000,0.000,0.125,20.0,
6.11.2025,18:32:50.336,14.953,28.044,21.114,3.013,250.0,250.0,80.635,43.569,8.835,66.529,46.546,28.860,17.686,28.507,116.415,32.908,83.507,5.902,0.000,0.000,0.000,0.000,20.0,
6.11.2025,18:32:51.333,16.313,28.833,21.782,3.081,250.0,250.0,79.369,43.111,8.854,67.323,47.041,29.167,17.874,28.814,113.064,32.497,80.567,5.910,0.000,0.000,0.000,0.000,20.0,
6.11.2025,18:32:52.335,20.391,27.229,20.252,3.024,250.0,250.0,78.393,23.055,8.814,72.035,49.905,30.946,18.959,30.581,6.675,0.727,5.948,5.962,0.000,0.000,0.000,0.000,20.0,
6.11.2025,18:32:53.329,20.391,27.229,20.252,3.024,250.0,250.0,77.987,23.103,8.895,72.237,50.086,31.055,19.031,30.690,6.562,0.668,5.894,5.910,0.000,0.000,0.000,0.000,20.0,
6.11.2025,18:32:54.328,36.704,27.896,20.992,2.982,250.0,250.0,80.788,38.714,8.874,63.588,44.759,27.749,17.010,27.421,95.762,30.445,65.317,6.218,0.000,0.000,1.125,0.000,20.0,
6.11.2025,18:32:55.337,42.141,27.256,20.364,2.988,250.0,250.0,78.596,22.912,8.900,71.345,49.553,30.730,18.823,30.353,6.707,0.742,5.965,6.004,0.000,0.000,0.000,0.000,20.0,
6.11.2025,18:32:56.333,43.501,27.945,20.948,3.029,250.0,250.0,77.617,23.384,8.813,73.347,50.733,31.465,19.268,31.087,6.611,0.717,5.894,5.910,0.000,0.000,1.625,0.000,20.0,
6.11.2025,18:32:57.331,25.829,25.895,18.977,3.001,250.0,250.0,77.518,16.017,8.756,44.979,33.282,20.641,12.641,20.397,6.787,0.689,6.098,5.902,0.000,0.000,0.000,0.000,20.0,
6.11.2025,18:32:58.333,14.953,25.500,18.567,3.038,250.0,250.0,81.945,23.773,8.813,74.643,51.546,31.962,19.584,31.572,6.732,0.734,5.998,6.149,0.000,0.000,0.000,0.000,20.0,
6.11.2025,18:32:59.333,23.110,28.791,21.806,3.017,250.0,250.0,77.278,22.945,8.812,71.603,49.653,30.790,18.863,30.413,6.674,0.726,5.948,5.970,0.000,0.000,0.000,0.000,20.0,
6.11.2025,18:33:0.330,33.985,29.057,22.064,3.056,250.0,250.0,77.833,23.000,8.870,71.861,49.835,30.903,18.932,30.538,6.577,0.667,5.910,5.910,0.000,0.000,0.000,0.000,20.0,
6.11.2025,18:33:1.333,19.032,28.812,21.865,3.010,250.0,250.0,79.085,34.087,8.885,64.198,45.140,27.987,17.153,27.646,71.913,26.665,45.248,6.038,0.000,0.000,1.500,0.000,20.0,
6.11.2025,18:33:2.329,17.672,26.988,19.980,3.105,250.0,250.0,78.109,23.194,8.900,72.415,50.217,31.136,19.081,30.770,6.721,0.731,5.990,5.979,0.000,0.000,0.000,0.000,20.0,
6.11.2025,18:33:3.328,19.032,24.979,18.024,3.016,250.0,250.0,78.305,23.465,8.879,73.542,50.906,31.567,19.339,31.177,6.657,0.728,5.929,5.928,0.000,0.000,0.000,0.000,20.0,
6.11.2025,18:33:4.339,17.672,26.776,19.770,3.051,250.0,250.0,81.647,33.651,8.826,62.065,43.787,27.154,16.633,26.825,65.058,23.720,41.338,21.108,0.000,0.000,0.000,0.000,20.0,
6.11.2025,18:33:5.328,17.672,29.155,22.253,2.996,250.0,250.0,78.009,41.632,8.844,71.720,49.749,30.848,18.901,30.483,99.861,25.173,74.688,6.055,0.000,0.000,0.125,0.000,20.0,
6.11.2025,18:33:6.340,23.110,28.130,21.173,3.024,250.0,250.0,76.458,21.765,8.853,66.778,46.700,28.957,17.743,28.616,6.903,0.704,6.199,6.199,0.000,0.000,0.000,0.000,20.0,
6.11.2025,18:33:7.328,17.672,26.531,19.589,3.021,250.0,250.0,76.633,21.909,8.941,67.497,47.220,29.275,17.945,28.922,6.655,0.676,5.979,5.979,0.000,0.000,0.000,0.000,20.0,
6.11.2025,18:33:8.340,16.313,25.909,18.997,2.993,250.0,250.0,76.318,22.116,8.890,68.386,47.726,29.593,18.133,29.239,6.622,0.677,5.945,5.945,0.000,0.000,0.000,0.000,20.0,
6.11.2025,18:33:9.336,17.672,26.772,19.890,2.975,250.0,250.0,75.889,21.719,8.900,66.854,46.785,29.006,17.779,28.665,6.626,0.681,5.945,5.945,0.000,0.000,0.000,0.000,20.0,
6.11.2025,18:33:10.331,17.672,28.068,21.083,3.058,250.0,250.0,75.824,21.662,8.887,66.678,46.673,28.944,17.729,28.590,6.597,0.669,5.928,5.928,0.000,0.000,0.625,0.375,20.0,
6.11.2025,18:33:11.340,24.469,27.642,20.732,2.990,250.0,250.0,75.435,21.799,8.830,67.239,46.992,29.135,17.857,28.782,6.610,0.674,5.936,5.936,0.000,0.000,0.000,1.250,20.0,
6.11.2025,18:33:12.338,21.750,34.470,26.816,3.607,250.0,250.0,75.897,21.475,8.884,65.950,46.219,28.662,17.557,28.321,6.611,0.675,5.936,5.936,0.000,0.000,0.375,0.000,20.0,
6.11.2025,18:33:13.337,23.110,31.408,24.152,3.312,250.0,250.0,77.751,43.799,8.904,67.929,47.452,29.426,18.026,29.073,115.635,32.655,82.980,5.910,0.000,0.000,0.000,0.000,20.0,
6.11.2025,18:33:14.337,44.860,26.537,19.602,3.005,250.0,250.0,79.318,44.166,8.896,74.760,51.679,32.048,19.631,31.658,108.548,31.835,76.713,5.894,0.000,0.000,0.000,1.500,20.0,
6.11.2025,18:33:15.338,19.032,28.691,21.746,3.018,250.0,250.0,73.418,13.404,8.923,34.970,27.231,16.886,10.345,16.678,6.555,0.670,5.885,5.894,0.000,0.000,0.000,0.000,20.0,
6.11.2025,18:33:16.334,20.391,27.011,20.079,2.989,250.0,250.0,69.692,21.496,9.006,65.940,46.297,28.709,17.588,28.368,6.569,0.675,5.894,5.910,0.000,0.000,0.000,0.000,20.0,
6.11.2025,18:33:17.331,20.391,27.278,20.431,2.954,250.0,250.0,71.794,21.687,8.957,66.727,46.743,28.990,17.753,28.637,6.557,0.663,5.894,5.945,0.000,0.000,0.000,0.000,20.0,
6.11.2025,18:33:18.332,14.953,25.819,18.962,2.947,250.0,250.0,71.243,21.919,8.873,67.639,47.262,29.312,17.950,28.958,6.602,0.683,5.919,5.987,0.000,0.000,0.000,0.000,20.0,
6.11.2025,18:33:19.335,55.735,25.952,19.130,2.931,250.0,250.0,72.672,43.379,8.826,66.348,46.438,28.791,17.647,28.450,115.703,32.790,82.913,5.885,0.000,0.000,0.000,0.000,20.0,
6.11.2025,18:33:20.335,17.672,26.694,19.783,3.002,250.0,250.0,72.228,21.664,8.826,66.798,46.707,28.967,17.740,28.614,6.549,0.664,5.885,5.894,0.000,0.000,0.000,0.000,20.0,
6.11.2025,18:33:21.334,16.313,26.173,19.302,2.926,250.0,250.0,67.440,12.816,8.814,32.848,25.850,16.031,9.819,15.836,6.561,0.684,5.877,5.842,0.000,0.000,0.000,0.000,20.0,
6.11.2025,18:33:22.332,20.391,26.324,19.348,3.051,250.0,250.0,65.885,12.816,8.841,72.298,50.097,31.069,19.028,30.691,14.728,1.941,12.787,6.158,0.000,0.000,0.000,0.000,20.0,
6.11.2025,18:33:23.337,17.672,27.001,19.965,3.102,250.0,250.0,78.268,23.823,8.900,74.844,51.710,32.063,19.647,31.673,6.696,0.692,6.004,6.004,0.000,0.000,0.000,0.000,20.0,
6.11.2025,18:33:24.334,17.672,26.665,19.718,3.030,250.0,250.0,78.268,23.823,8.900,74.844,51.710,32.063,19.647,31.673,6.696,0.692,6.004,6.004,0.000,0.000,0.000,0.000,20.0,
6.11.2025,18:33:25.334,16.313,27.160,20.221,3.022,250.0,250.0,78.283,23.207,8.815,72.620,50.308,31.188,19.120,30.810,6.628,0.674,5.954,5.954,0.000,0.000,0.000,2.125,20.0,
6.11.2025,18:33:26.329,27.188,27.474,20.547,3.007,250.0,250.0,81.840,35.391,8.793,47.117,34.625,21.464,13.161,21.208,6.579,0.669,5.910,194.384,0.000,0.000,0.000,0.000,20.0,
6.11.2025,18:33:27.342,17.672,28.423,21.492,2.995,250.0,250.0,78.421,20.947,8.837,55.513,39.764,24.658,15.106,24.365,6.816,0.753,6.063,27.598,0.000,0.000,0.000,0.000,20.0,
6.11.2025,18:33:28.335,27.188,27.606,20.628,3.041,250.0,250.0,78.498,45.625,8.817,74.040,51.170,31.727,19.443,31.338,116.722,33.012,83.710,6.267,0.000,0.000,0.000,0.000,20.0,
6.11.2025,18:33:29.332,17.672,27.571,20.646,3.002,250.0,250.0,78.279,23.548,8.826,73.890,51.077,31.673,19.404,31.296,6.669,0.690,5.979,5.979,0.000,0.000,0.000,0.000,20.0,
6.11.2025,18:33:30.327,19.032,32.433,25.398,3.048,250.0,250.0,84.469,23.416,8.853,73.415,50.791,31.487,19.304,31.110,6.629,0.684,5.945,5.945,0.000,0.000,0.000,0.000,20.0,
6.11.2025,18:33:31.342,14.953,26.859,19.909,3.018,250.0,250.0,78.685,21.890,8.923,54.824,39.405,24.430,14.975,24.137,6.588,0.669,5.919,39.027,0.000,0.000,0.000,2.375,20.0,
6.11.2025,18:33:32.351,23.110,28.344,21.357,3.058,250.0,250.0,77.368,23.956,8.927,75.018,51.842,32.143,19.699,31.753,6.972,0.849,6.123,6.234,0.000,0.000,0.000,0.000,20.0,
6.11.2025,18:33:33.351,20.391,26.546,19.520,3.089,250.0,250.0,78.955,24.013,8.890,75.559,52.157,32.336,19.821,31.946,6.723,0.776,5.947,5.970,0.000,0.000,0.000,0.000,20.0,
6.11.2025,18:33:34.347,28.547,27.918,20.969,3.019,250.0,250.0,80.721,26.168,8.866,78.178,53.776,33.342,20.434,32.940,13.911,1.792,12.119,6.318,0.000,0.000,0.000,0.000,20.0,
6.11.2025,18:33:35.351,20.391,27.279,20.275,3.053,250.0,250.0,78.932,24.388,8.854,77.043,53.054,32.894,20.160,32.493,6.699,0.734,5.965,5.987,0.000,0.000,0.000,0.000,20.0,
6.11.2025,18:33:36.342,16.313,27.096,20.136,3.037,250.0,250.0,81.942,33.187,8.867,55.493,39.791,24.674,15.117,24.381,58.083,21.364,36.719,47.384,0.000,0.000,0.000,0.000,20.0,
6.11.2025,18:33:37.348,25.829,27.191,20.259,3.017,250.0,250.0,78.046,30.016,8.923,76.479,52.749,32.709,20.040,32.319,35.277,4.715,30.562,6.386,0.000,0.000,0.000,0.000,20.0,
6.11.2025,18:33:38.347,20.391,26.955,19.973,3.027,250.0,250.0,77.945,24.832,8.916,78.617,54.081,33.533,20.548,33.131,6.736,0.738,5.998,6.021,0.000,0.000,0.000,0.375,20.0,
6.11.2025,18:33:39.346,14.953,26.092,19.190,3.003,250.0,250.0,81.326,35.148,8.878,52.875,38.182,23.675,14.507,23.395,15.394,3.610,11.784,159.175,0.000,0.000,0.000,0.000,20.0,
6.11.2025,18:33:40.349,16.313,29.106,22.027,3.107,250.0,250.0,78.215,46.035,8.987,76.635,52.894,32.799,20.095,32.397,115.230,31.115,84.115,6.081,0.000,0.000,0.000,0.000,20.0,
6.11.2025,18:33:41.343,20.391,27.934,20.928,3.093,250.0,250.0,78.214,24.111,8.939,75.851,52.376,32.478,19.898,32.076,6.730,0.746,5.984,6.030,0.000,0.000,0.000,0.000,20.0,
6.11.2025,18:33:42.351,24.469,26.398,19.396,3.066,250.0,250.0,77.972,22.823,8.818,71.183,49.391,30.631,18.760,30.266,6.617,0.672,5.945,5.945,0.000,0.000,0.000,0.000,20.0,
6.11.2025,18:33:43.351,23.110,27.459,20.520,3.034,250.0,250.0,81.525,44.960,8.830,71.683,49.721,30.834,18.887,30.469,116.592,33.194,83.398,5.995,0.000,0.000,0.500,0.000,20.0,
6.11.2025,18:33:44.350,17.672,27.206,20.180,3.089,250.0,250.0,78.480,24.687,8.832,75.179,51.899,32.180,19.719,31.790,10.614,1.457,9.157,6.046,0.000,0.000,0.000,0.000,20.0,
6.11.2025,18:33:45.343,25.829,29.377,22.414,3.044,250.0,250.0,77.538,23.040,8.804,71.852,49.800,30.875,18.925,30.498,6.802,0.752,6.050,6.046,0.000,0.000,0.000,0.000,20.0,
6.11.2025,18:33:46.343,20.391,27.911,20.976,3.049,250.0,250.0,77.916,23.124,8.837,72.264,50.081,31.059,19.022,30.681,6.659,0.680,5.979,5.979,0.000,0.000,0.000,0.000,20.0,
6.11.2025,18:33:47.341,14.953,26.118,19.100,3.054,250.0,250.0,79.078,25.356,8.810,49.172,35.851,22.239,13.612,21.971,16.854,4.495,12.359,68.200,0.000,0.000,0.000,0.000,20.0,
6.11.2025,18:33:48.340,17.672,24.063,17.109,3.046,250.0,250.0,79.342,29.962,8.874,73.747,51.017,31.630,19.387,31.252,38.759,5.103,33.656,6.199,0.000,0.000,0.000,0.000,20.0,
6.11.2025,18:33:49.351,14.953,29.502,22.539,3.019,250.0,250.0,77.765,23.303,8.886,72.893,50.503,31.319,19.184,30.942,6.662,0.683,5.979,5.979,0.000,0.000,0.000,0.000,20.0,
6.11.2025,18:33:50.340,16.313,29.712,22.684,3.095,250.0,250.0,77.616,23.263,8.838,72.813,50.413,31.268,19.145,30.890,6.645,0.675,5.970,5.970,0.000,0.000,0.000,0.000,20.0,
6.11.2025,18:33:51.351,17.672,26.346,19.246,3.120,250.0,250.0,80.095,27.697,8.764,58.483,41.563,25.776,15.787,25.459,6.605,0.669,5.936,87.928,0.000,0.000,0.000,0.000,20.0,
6.11.2025,18:33:52.353,33.985,26.655,19.607,3.100,250.0,250.0,78.275,28.064,8.764,71.733,49.707,30.817,18.890,30.452,32.024,4.221,27.803,6.234,0.000,0.000,0.000,0.000,20.0,
6.11.2025,18:33:53.346,33.985,25.593,18.679,3.035,250.0,250.0,78.890,24.367,8.839,47.898,35.101,21.763,13.338,21.495,6.626,0.672,5.954,81.986,0.000,0.000,0.000,0.000,20.0,
6.11.2025,18:33:54.342,19.032,28.751,21.762,3.040,250.0,250.0,78.056,23.210,8.840,72.323,50.142,31.086,19.056,30.708,6.913,0.819,6.094,6.123,0.000,0.000,0.000,2.125,20.0,
6.11.2025,18:33:55.350,16.313,28.892,21.886,3.029,250.0,250.0,77.829,23.276,8.854,72.780,50.418,31.254,19.164,30.877,6.706,0.711,5.995,5.995,0.000,0.000,0.000,0.000,20.0,
6.11.2025,18:33:56.351,20.391,27.932,20.976,3.055,250.0,250.0,81.649,41.320,8.819,75.318,51.978,32.224,19.754,31.834,93.455,21.692,71.763,6.361,0.000,0.000,0.000,0.500,20.0,
6.11.2025,18:33:57.352,23.110,26.026,19.072,3.025,250.0,250.0,78.280,23.604,8.818,74.051,51.171,31.728,19.443,31.350,6.737,0.741,5.996,6.004,0.000,0.000,0.000,0.000,20.0,
6.11.2025,18:33:58.351,17.672,27.816,20.835,3.051,250.0,250.0,78.441,23.808,8.818,74.738,51.608,31.995,19.613,31.605,6.852,0.848,6.004,5.995,0.000,0.000,0.000,0.000,20.0,
6.11.2025,18:33:59.353,19.032,27.954,20.989,3.052,250.0,250.0,82.098,42.413,8.823,71.513,49.601,30.756,18.845,30.379,104.135,31.312,72.823,5.945,0.000,0.000,0.000,0.000,20.0,
6.11.2025,18:34:0.351,10.875,29.321,22.267,3.084,250.0,250.0,78.046,23.705,8.872,74.374,51.413,31.877,19.536,31.500,6.736,0.731,6.005,6.004,0.000,0.000,0.000,0.000,20.0,
6.11.2025,18:34:1.351,24.469,28.308,21.262,3.135,250.0,250.0,82.122,46.893,8.881,72.641,50.335,31.221,19.114,30.844,124.741,34.191,90.550,6.412,0.000,0.000,0.000,0.000,20.0,
6.11.2025,18:34:2.348,21.750,28.935,21.966,3.028,250.0,250.0,78.624,23.576,8.971,73.728,51.065,31.661,19.404,31.284,6.795,0.737,6.058,6.055,0.000,0.000,0.000,0.000,20.0,
6.11.2025,18:34:3.351,32.625,26.709,19.704,3.086,250.0,250.0,82.525,28.480,8.973,67.618,47.335,29.351,17.984,28.998,6.683,0.721,5.962,71.178,0.000,0.000,0.000,0.000,20.0,
6.11.2025,18:34:4.347,17.672,25.910,18.964,3.022,250.0,250.0,79.030,34.499,8.882,72.658,50.332,31.219,19.113,30.841,62.912,9.742,53.170,6.123,0.000,0.000,0.000,0.000,20.0,
6.11.2025,18:34:5.347,23.110,28.017,20.985,3.065,250.0,250.0,78.817,23.294,8.817,72.876,50.438,31.268,19.170,30.891,6.740,0.742,5.998,5.995,0.000,0.000,0.000,0.625,20.0,
6.11.2025,18:34:6.343,19.032,25.693,18.770,3.040,250.0,250.0,81.780,21.084,8.801,64.484,45.291,28.078,17.213,27.737,6.637,0.675,5.962,5.962,0.000,0.000,0.000,0.000,20.0,
6.11.2025,18:34:7.350,17.672,28.536,21.509,3.068,250.0,250.0,78.304,25.110,8.852,73.354,50.767,31.483,19.284,31.093,15.077,2.173,12.904,6.114,0.000,0.000,0.000,0.000,20.0,
6.11.2025,18:34:8.352,35.344,27.067,20.141,3.044,250.0,250.0,79.556,23.241,8.850,72.678,50.334,31.215,19.119,30.838,6.697,0.718,5.979,5.979,0.000,0.000,0.000,0.000,20.0,
6.11.2025,18:34:9.352,16.313,28.568,21.569,3.072,250.0,250.0,81.684,23.446,8.891,73.317,50.779,31.490,19.289,31.101,6.781,0.748,6.033,6.030,0.000,0.000,2.625,0.000,20.0,
6.11.2025,18:34:10.344,21.750,30.334,23.264,3.089,250.0,250.0,78.778,23.525,8.848,73.783,51.026,31.640,19.386,31.251,6.656,0.677,5.979,6.004,0.000,0.001,0.000,0.000,20.0,
6.11.2025,18:34:11.345,17.672,29.135,22.102,3.106,250.0,250.0,82.526,74.599,8.900,62.519,44.140,27.363,16.777,27.034,63.063,23.224,39.839,433.134,0.000,0.000,0.000,0.000,20.0,
6.11.2025,18:34:12.350,31.266,28.274,21.251,3.085,250.0,250.0,79.601,23.788,8.870,74.716,51.621,32.015,19.606,31.625,6.684,0.680,6.004,6.055,0.000,0.000,0.000,0.000,20.0,
6.11.2025,18:34:13.343,25.829,33.655,26.017,3.614,250.0,250.0,82.322,81.858,8.853,65.545,45.954,28.501,17.453,28.160,69.169,25.679,43.490,485.776,0.000,0.000,0.000,0.000,20.0,
6.11.2025,18:34:14.351,17.672,30.102,22.752,3.315,250.0,250.0,78.860,44.039,8.827,68.637,47.841,29.666,18.175,29.301,115.992,32.922,83.070,5.962,0.000,0.000,0.000,0.000,20.0,
6.11.2025,18:34:15.351,17.672,26.990,20.032,3.060,250.0,250.0,79.157,23.094,8.827,72.091,49.969,30.980,18.989,30.603,6.713,0.683,6.030,6.055,0.000,0.000,0.000,0.000,20.0,
6.11.2025,18:34:16.341,25.829,27.870,20.905,3.034,250.0,250.0,82.219,33.281,8.839,73.110,50.596,31.378,19.218,31.001,16.714,4.389,12.325,85.238,0.000,0.000,0.000,0.000,20.0,
6.11.2025,18:34:17.351,16.313,26.815,19.812,3.062,250.0,250.0,78.813,23.425,8.900,73.227,50.711,31.442,19.269,31.064,6.761,0.698,6.063,6.114,0.000,0.000,0.000,0.000,20.0,
6.11.2025,18:34:18.351,24.469,26.675,19.729,3.027,250.0,250.0,78.726,23.745,8.876,74.590,51.538,31.965,19.573,31.576,6.664,0.677,5.987,6.004,0.000,0.000,0.000,0.000,20.0,
6.11.2025,18:34:19.352,17.672,26.006,19.037,3.045,250.0,250.0,82.460,24.760,8.829,72.016,49.912,30.950,18.962,30.573,15.005,1.989,13.016,6.352,0.000,0.000,0.000,0.000,20.0,
6.11.2025,18:34:20.346,38.063,32.629,25.590,3.067,250.0,250.0,78.726,23.246,8.830,72.455,50.191,31.115,19.076,30.738,6.972,0.819,6.153,6.106,0.000,0.000,0.375,0.000,20.0,
6.11.2025,18:34:21.357,20.391,28.895,21.843,3.112,250.0,250.0,81.455,23.187,8.855,72.469,50.214,31.134,19.080,30.769,6.676,0.681,5.995,5.995,0.000,0.000,0.000,0.000,20.0,
6.11.2025,18:34:22.355,17.672,29.463,22.491,3.038,250.0,250.0,78.859,23.773,8.877,74.459,51.478,31.920,19.558,31.530,6.922,0.818,6.104,6.063,0.000,0.000,0.000,0.000,20.0,
6.11.2025,18:34:23.344,17.672,27.565,20.592,3.028,250.0,250.0,83.056,23.948,8.989,75.226,52.030,32.259,19.771,31.869,6.672,0.677,5.995,5.995,0.000,0.000,0.000,0.000,20.0,
6.11.2025,18:34:24.351,20.391,25.763,18.832,3.037,250.0,250.0,77.618,22.195,9.028,68.306,47.772,29.615,18.157,29.262,6.836,0.696,6.140,6.140,0.000,0.000,0.000,0.000,20.0,
6.11.2025,18:34:25.350,21.750,27.466,20.538,3.008,250.0,250.0,77.433,21.965,9.108,67.460,47.302,29.322,17.980,28.969,6.729,0.683,6.046,6.046,0.000,0.000,0.000,0.000,20.0,
6.11.2025,18:34:26.356,17.672,26.678,19.792,2.989,250.0,250.0,77.333,22.167,9.030,68.368,47.803,29.636,18.167,29.283,6.688,0.684,6.004,6.004,0.000,0.000,0.000,0.250,20.0,
6.11.2025,18:34:27.369,24.469,25.022,18.070,3.016,250.0,250.0,76.920,21.888,8.971,67.324,47.141,29.223,17.918,28.870,6.707,0.686,6.021,6.021,0.000,0.000,0.000,0.000,20.0,
6.11.2025,18:34:28.377,19.032,27.346,20.454,2.974,250.0,250.0,76.592,21.653,8.864,66.563,46.597,28.888,17.709,28.535,6.683,0.679,6.004,6.004,0.000,0.000,0.000,0.000,20.0,
6.11.2025,18:34:29.377,21.750,26.710,19.739,3.056,250.0,250.0,76.671,21.952,8.828,67.735,47.285,29.323,17.962,28.970,6.701,0.689,6.012,6.012,0.000,0.000,0.000,0.000,20.0,
6.11.2025,18:34:30.375,32.625,26.748,19.868,2.987,250.0,250.0,76.823,22.132,8.849,68.370,47.694,29.576,18.118,29.223,6.724,0.686,6.038,6.038,0.000,0.000,0.000,0.000,20.0,
6.11.2025,18:34:31.382,25.829,26.300,19.320,3.019,250.0,250.0,76.660,66.077,8.955,78.585,54.042,33.513,20.529,33.111,49.381,17.806,31.575,333.276,0.000,0.000,0.000,0.000,20.0,
6.11.2025,18:34:32.387,23.110,27.221,20.273,3.041,250.0,250.0,79.926,30.470,8.903,62.421,44.049,27.313,16.736,26.984,56.023,20.446,35.577,6.250,0.000,0.000,0.000,0.000,20.0,
6.11.2025,18:34:33.373,36.704,27.320,20.392,2.979,250.0,250.0,73.821,18.651,8.965,54.987,39.547,24.528,15.019,24.235,6.635,0.673,5.962,5.962,0.000,0.000,0.000,0.000,20.0,
6.11.2025,18:34:34.383,25.829,26.596,19.754,2.959,250.0,250.0,73.727,22.125,8.977,68.316,47.735,29.600,18.135,29.235,6.635,0.673,5.962,5.979,0.000,0.000,0.000,0.000,20.0,
6.11.2025,18:34:35.382,42.141,26.768,19.844,2.987,250.0,250.0,73.766,21.977,8.911,67.770,47.363,29.375,17.988,29.022,6.664,0.677,5.987,6.012,0.000,0.000,0.000,0.000,20.0,
6.11.2025,18:34:36.389,17.672,25.705,18.853,2.958,250.0,250.0,72.127,21.986,8.860,67.762,47.323,29.346,17.977,28.981,6.736,0.739,5.997,6.140,0.000,0.000,0.000,0.000,20.0,
6.11.2025,18:34:37.407,21.750,26.945,20.069,2.948,250.0,250.0,72.873,40.066,8.819,66.881,46.753,28.987,17.766,28.634,98.438,30.740,67.698,5.945,0.000,0.000,0.000,0.000,20.0,
6.11.2025,18:34:38.413,20.391,25.042,18.217,2.948,250.0,250.0,69.219,18.942,8.835,56.258,40.237,24.956,15.281,24.651,6.618,0.673,5.945,5.962,0.000,0.000,0.000,0.000,20.0,
6.11.2025,18:34:39.409,24.469,29.373,22.379,3.092,250.0,250.0,60.707,21.916,8.886,67.393,47.107,29.214,17.893,28.861,6.840,0.930,5.910,6.127,0.000,0.000,0.000,0.000,20.0,
6.11.2025,18:34:40.408,17.672,28.136,21.103,3.095,250.0,250.0,79.135,23.149,8.922,72.142,50.054,31.033,19.021,30.656,6.782,0.749,6.033,6.098,0.000,0.000,0.000,0.000,20.0,
6.11.2025,18:34:41.413,35.344,27.793,20.720,3.113,250.0,250.0,77.667,23.037,8.846,71.880,49.838,30.905,18.933,30.540,6.707,0.703,6.004,6.012,0.000,0.000,0.000,0.000,20.0,
6.11.2025,18:34:42.413,19.032,27.491,20.494,3.077,250.0,250.0,81.329,46.461,8.851,71.065,49.346,30.601,18.745,30.223,124.861,34.350,90.511,6.055,0.000,0.000,0.000,0.000,20.0,
6.11.2025,18:34:43.415,19.032,27.140,20.149,3.064,250.0,250.0,77.569,24.502,8.824,71.826,49.790,30.869,18.921,30.504,14.051,1.856,12.195,6.182,0.000,0.000,0.000,0.000,20.0,
6.11.2025,18:34:44.413,19.032,29.013,22.030,3.042,250.0,250.0,77.818,23.583,8.855,73.919,51.119,31.697,19.422,31.319,6.733,0.728,6.005,6.030,0.000,0.000,0.000,0.000,20.0,
6.11.2025,18:34:45.413,16.313,29.024,22.036,3.069,250.0,250.0,78.796,28.152,8.827,63.198,44.512,27.604,16.908,27.262,6.700,0.720,5.980,79.811,0.000,0.000,0.000,0.000,20.0,
6.11.2025,18:34:46.413,16.313,29.024,22.036,3.069,250.0,250.0,79.942,45.815,8.954,72.014,49.990,30.999,18.991,30.622,120.159,33.077,87.082,6.259,0.000,0.000,0.000,0.000,20.0,
6.11.2025,18:34:47.414,33.985,26.793,19.841,3.023,250.0,250.0,78.096,23.021,9.031,71.637,49.797,30.873,18.924,30.508,6.710,0.689,6.021,6.021,0.000,0.000,0.000,0.000,20.0,
6.11.2025,18:34:48.414,51.657,29.901,22.865,3.064,250.0,250.0,79.862,19.006,8.961,56.320,40.371,25.032,15.339,24.728,6.662,0.675,5.987,5.987,0.000,0.000,0.000,0.000,20.0,
6.11.2025,18:34:49.416,19.032,27.896,20.966,3.038,250.0,250.0,79.078,24.932,8.920,67.376,47.129,29.220,17.909,28.867,21.861,5.766,16.095,6.174,0.000,0.000,2.000,1.125,20.0,
6.11.2025,18:34:50.408,35.344,29.862,22.798,3.088,250.0,250.0,77.255,40.228,8.862,71.469,49.589,30.751,18.838,30.386,93.125,21.456,71.669,6.140,0.000,0.001,0.000,0.000,20.0,
6.11.2025,18:34:51.405,14.953,27.361,20.396,3.059,250.0,250.0,77.956,23.591,8.897,73.922,51.137,31.714,19.423,31.324,6.742,0.730,6.012,6.012,0.000,0.000,0.000,0.000,20.0,
6.11.2025,18:34:52.412,20.391,28.091,21.066,3.082,250.0,250.0,82.085,46.649,8.803,71.717,49.731,30.837,18.894,30.460,124.830,34.342,90.488,6.386,0.000,0.000,0.000,0.000,20.0,
6.11.2025,18:34:53.411,33.985,29.072,22.057,3.080,250.0,250.0,77.407,37.397,8.813,72.772,50.371,31.240,19.131,30.862,77.342,15.222,62.120,6.098,0.000,0.000,0.000,0.000,20.0,
6.11.2025,18:34:54.405,14.953,28.125,21.126,3.048,250.0,250.0,78.002,23.081,8.814,72.094,49.966,30.978,18.988,30.601,6.682,0.678,6.004,6.004,0.000,0.000,0.000,0.375,20.0,
6.11.2025,18:34:55.413,28.547,27.539,20.595,3.050,250.0,250.0,81.934,15.284,8.847,42.064,31.525,19.552,11.973,19.320,6.783,0.788,5.995,5.995,0.000,0.000,0.000,0.000,20.0,
6.11.2025,18:34:56.413,19.032,29.329,22.202,3.172,250.0,250.0,78.184,22.859,8.911,71.088,49.389,30.621,18.768,30.256,6.740,0.685,6.055,6.081,0.000,0.000,0.000,0.000,20.0,
6.11.2025,18:34:57.412,28.547,26.352,19.367,3.026,250.0,250.0,78.639,23.068,8.849,72.013,49.933,30.960,18.973,30.583,6.681,0.677,6.004,6.004,0.000,0.000,0.000,0.000,20.0,
6.11.2025,18:34:58.406,17.672,26.256,19.345,3.034,250.0,250.0,80.594,23.149,8.847,72.158,50.016,31.020,18.996,30.643,6.807,0.693,6.114,6.199,0.000,0.000,0.000,0.000,20.0,
6.11.2025,18:34:59.408,32.625,28.415,21.484,3.015,250.0,250.0,80.434,23.125,8.852,72.074,49.963,30.988,18.975,30.611,6.790,0.692,6.098,6.208,0.000,0.000,0.000,0.000,20.0,
6.11.2025,18:35:0.409,17.672,29.528,22.431,3.104,250.0,250.0,78.758,23.263,8.837,72.760,50.388,31.243,19.145,30.866,6.682,0.678,6.004,6.030,0.000,0.000,0.000,0.000,20.0,
6.11.2025,18:35:1.413,19.032,27.316,20.406,3.028,250.0,250.0,82.401,23.275,8.847,72.522,50.244,31.151,19.093,30.774,6.940,0.776,6.164,6.234,0.000,0.000,0.000,0.375,20.0,
6.11.2025,18:35:2.409,19.032,29.936,22.802,3.137,250.0,250.0,78.059,23.066,8.911,71.940,49.903,30.944,18.959,30.579,6.701,0.680,6.021,6.021,0.000,0.000,0.000,0.000,20.0,
6.11.2025,18:35:3.407,25.829,26.770,19.821,3.047,250.0,250.0,81.607,23.348,8.884,73.040,50.595,31.365,19.230,30.988,6.687,0.683,6.004,6.004,0.000,0.000,0.000,0.000,20.0,
6.11.2025,18:35:4.404,21.750,27.783,20.801,3.057,250.0,250.0,78.119,33.786,8.892,72.940,50.550,31.341,19.209,30.964,58.836,8.572,50.264,6.293,0.000,0.000,0.000,0.000,20.0,
6.11.2025,18:35:5.409,19.032,27.252,20.289,3.027,250.0,250.0,78.146,23.219,8.831,72.484,50.207,31.124,19.083,30.747,6.805,0.699,6.106,6.106,0.000,0.000,0.000,0.000,20.0,
6.11.2025,18:35:6.406,16.313,27.677,20.703,3.013,250.0,250.0,80.716,23.351,8.846,73.103,50.585,31.368,19.217,30.990,6.693,0.681,6.012,6.012,0.000,0.000,0.000,0.000,20.0,
6.11.2025,18:35:7.402,23.110,28.071,21.099,3.066,250.0,250.0,78.397,46.705,8.836,72.823,50.420,31.265,19.155,30.888,123.705,34.284,89.421,6.250,0.000,0.000,0.000,0.000,20.0,
6.11.2025,18:35:8.413,19.032,26.999,20.003,3.054,250.0,250.0,77.782,23.232,8.883,72.543,50.273,31.171,19.102,30.794,6.747,0.692,6.055,6.055,0.000,0.001,0.000,0.000,20.0,
6.11.2025,18:35:9.414,17.672,28.176,21.195,3.034,250.0,250.0,78.439,23.530,8.874,73.717,50.993,31.618,19.375,31.241,6.720,0.682,6.038,6.038,0.000,0.000,0.000,0.000,20.0,
6.11.2025,18:35:10.413,16.313,27.961,20.961,3.069,250.0,250.0,78.496,31.053,8.997,69.912,48.720,30.215,18.505,29.850,6.683,0.679,6.004,90.966,0.000,0.000,0.000,0.000,20.0,
6.11.2025,18:35:11.413,23.110,27.253,20.303,3.012,250.0,250.0,78.496,31.053,8.997,69.912,48.720,30.215,18.505,29.850,6.683,0.679,6.004,90.966,0.000,0.000,0.000,0.000,20.0,
6.11.2025,18:35:12.407,19.032,27.649,20.702,3.024,250.0,250.0,78.201,46.597,8.909,72.500,50.282,31.180,19.102,30.802,123.542,34.037,89.505,6.114,0.000,0.000,0.500,0.000,20.0,
6.11.2025,18:35:13.413,20.391,26.612,19.562,3.093,250.0,250.0,77.258,23.551,8.912,73.740,51.048,31.654,19.394,31.265,6.713,0.683,6.030,6.072,0.000,0.000,0.000,0.000,20.0,
6.11.2025,18:35:14.404,29.907,28.945,21.962,3.078,250.0,250.0,81.518,23.149,8.903,72.233,50.106,31.074,19.032,30.696,6.703,0.682,6.021,6.038,0.000,0.000,0.000,0.000,20.0,
6.11.2025,18:35:15.403,16.313,35.599,27.938,3.599,250.0,250.0,77.734,23.724,8.803,74.555,51.474,31.914,19.560,31.537,6.685,0.681,6.004,6.030,0.000,0.000,0.000,0.000,20.0,
6.11.2025,18:35:16.403,21.750,29.482,22.284,3.216,250.0,250.0,77.989,46.830,8.854,74.899,51.705,32.060,19.645,31.682,121.497,33.619,87.878,6.463,0.000,0.001,0.000,0.000,20.0,
6.11.2025,18:35:17.415,19.032,27.320,20.432,3.005,250.0,250.0,78.031,23.190,8.881,72.376,50.181,31.112,19.069,30.735,6.734,0.688,6.046,6.072,0.000,0.000,0.000,0.000,20.0,
6.11.2025,18:35:18.413,24.469,28.713,21.772,3.031,250.0,250.0,80.808,27.310,8.888,68.496,47.784,29.632,18.152,29.279,31.229,9.658,21.571,8.409,0.000,0.000,0.000,0.000,20.0,
6.11.2025,18:35:19.404,39.422,27.796,20.834,3.015,250.0,250.0,78.219,29.856,8.926,73.327,50.794,31.497,19.297,31.119,38.668,4.968,33.700,6.267,0.000,0.000,0.000,0.000,20.0,
6.11.2025,18:35:20.404,14.953,27.139,20.111,3.082,250.0,250.0,77.755,23.696,8.927,74.277,51.382,31.864,19.518,31.474,6.730,0.684,6.046,6.063,0.000,0.000,0.000,0.000,20.0,
6.11.2025,18:35:21.406,17.672,26.522,19.536,3.040,250.0,250.0,81.801,23.255,8.877,72.691,50.367,31.240,19.127,30.863,6.683,0.679,6.004,6.021,0.000,0.000,0.000,0.000,20.0,
6.11.2025,18:35:22.414,17.672,29.528,22.532,3.046,250.0,250.0,77.869,46.872,8.813,75.011,51.741,32.081,19.660,31.704,121.622,33.551,88.071,6.463,0.000,0.000,0.000,0.000,20.0,
6.11.2025,18:35:23.414,10.875,27.036,20.086,3.046,250.0,250.0,78.338,23.962,8.819,75.357,51.992,32.230,19.762,31.841,6.768,0.687,6.081,6.081,0.000,0.000,0.000,0.000,20.0,
6.11.2025,18:35:24.412,32.625,26.804,19.837,3.049,250.0,250.0,81.561,24.209,8.900,76.239,52.581,32.611,19.970,32.221,6.767,0.736,6.031,6.030,0.000,0.000,0.000,0.000,20.0,
6.11.2025,18:35:25.403,16.313,27.893,20.929,3.034,250.0,250.0,81.016,40.747,8.834,59.552,42.252,26.204,16.048,25.887,76.897,27.599,49.298,74.903,0.000,0.000,0.000,0.000,20.0,
6.11.2025,18:35:26.413,20.391,30.300,23.337,3.046,250.0,250.0,78.392,24.132,8.849,75.943,52.362,32.474,19.888,32.084,6.818,0.736,6.082,6.081,0.000,0.000,0.000,0.000,20.0,
6.11.2025,18:35:27.410,20.391,28.721,21.732,3.022,250.0,250.0,77.620,23.428,8.818,73.410,50.767,31.475,19.292,31.098,6.702,0.681,6.021,6.021,0.000,0.000,0.000,0.000,20.0,
6.11.2025,18:35:28.411,16.313,27.401,20.469,3.020,250.0,250.0,81.459,47.257,8.818,74.165,51.243,31.776,19.467,31.398,124.721,34.163,90.558,6.259,0.000,0.000,0.000,0.000,20.0,
6.11.2025,18:35:29.410,29.907,28.129,21.218,2.991,250.0,250.0,77.428,23.761,8.804,74.489,51.432,31.894,19.538,31.517,6.898,0.754,6.144,6.140,0.000,0.000,0.000,0.000,20.0,
6.11.2025,18:35:30.403,19.032,27.784,20.826,3.024,250.0,250.0,77.674,23.746,8.806,74.529,51.461,31.909,19.552,31.531,6.802,0.729,6.073,6.072,0.000,0.000,0.000,0.000,20.0,
6.11.2025,18:35:31.404,14.953,29.454,22.507,3.020,250.0,250.0,77.301,23.764,8.842,74.574,51.517,31.950,19.567,31.560,6.790,0.734,6.056,6.055,0.000,0.000,0.000,0.000,20.0,
6.11.2025,18:35:32.403,16.313,28.871,21.829,3.091,250.0,250.0,81.660,37.053,8.823,60.226,42.659,26.450,16.209,26.134,43.920,16.208,27.712,102.191,0.000,0.000,0.000,0.000,20.0,
6.11.2025,18:35:33.404,16.313,26.474,19.511,3.011,250.0,250.0,78.323,46.186,8.872,73.092,50.609,31.378,19.231,31.000,120.695,33.047,87.648,6.293,0.000,0.000,0.000,2.125,20.0,
6.11.2025,18:35:34.414,25.829,28.644,21.726,3.031,250.0,250.0,78.502,23.403,8.883,73.117,50.634,31.403,19.231,31.025,6.808,0.750,6.058,6.123,0.000,0.000,0.000,0.000,20.0,
6.11.2025,18:35:35.403,13.594,28.559,21.586,3.023,250.0,250.0,78.856,23.714,8.900,74.325,51.412,31.880,19.532,31.490,6.770,0.732,6.038,6.063,0.000,0.000,0.000,0.000,20.0,
6.11.2025,18:35:36.412,19.032,27.385,20.464,3.001,250.0,250.0,82.079,47.433,8.825,72.317,50.091,31.057,19.034,30.692,117.700,33.587,84.113,26.914,0.000,0.000,0.000,0.000,20.0,
6.11.2025,18:35:37.413,17.672,25.763,18.807,3.045,250.0,250.0,79.055,37.256,8.836,72.594,50.280,31.183,19.097,30.805,76.645,14.829,61.816,6.480,0.000,0.000,0.000,0.000,20.0,
6.11.2025,18:35:38.415,19.032,27.380,20.409,3.016,250.0,250.0,77.564,23.229,8.835,72.519,50.237,31.155,19.082,30.778,6.807,0.744,6.063,6.072,0.000,0.000,0.000,0.000,20.0,
6.11.2025,18:35:39.413,29.907,28.287,21.303,3.036,250.0,250.0,78.716,23.053,8.863,71.926,49.879,30.928,18.951,30.563,6.692,0.680,6.012,6.038,0.000,0.001,2.375,0.000,20.0,
6.11.2025,18:35:40.404,17.672,28.477,21.463,3.083,250.0,250.0,81.714,39.891,8.949,75.552,52.190,32.366,19.824,31.977,85.783,18.023,67.760,6.489,0.000,0.000,0.000,1.500,20.0,
6.11.2025,18:35:41.409,20.391,31.843,24.791,3.112,250.0,250.0,78.885,23.441,8.910,73.221,50.720,31.452,19.268,31.062,6.846,0.754,6.092,6.089,0.000,0.000,0.000,0.000,20.0,
6.11.2025,18:35:42.405,17.672,26.000,18.998,3.068,250.0,250.0,75.639,21.696,8.895,66.668,46.670,28.934,17.736,28.581,6.718,0.680,6.038,6.038,0.000,0.000,0.000,0.000,20.0,
6.11.2025,18:35:43.407,23.110,27.172,20.247,2.997,250.0,250.0,77.013,21.953,8.848,67.711,47.291,29.320,17.971,28.967,6.701,0.680,6.021,6.021,0.000,0.000,0.000,0.000,20.0,
6.11.2025,18:35:44.408,17.672,24.941,18.025,3.009,250.0,250.0,75.948,21.819,8.834,67.162,46.935,29.103,17.832,28.750,6.757,0.694,6.063,6.063,0.000,0.000,0.000,0.000,20.0,
6.11.2025,18:35:45.414,24.469,25.846,18.958,2.981,250.0,250.0,75.985,22.005,8.824,67.890,47.385,29.378,18.007,29.025,6.745,0.690,6.055,6.055,0.000,0.000,0.000,0.000,20.0,
6.11.2025,18:35:46.413,17.672,25.116,18.258,2.944,250.0,250.0,75.981,21.729,8.801,66.868,46.745,28.980,17.765,28.627,6.729,0.683,6.046,6.046,0.000,0.000,0.000,0.000,20.0,
6.11.2025,18:35:47.414,21.750,28.533,21.658,2.969,250.0,250.0,76.251,39.509,8.854,87.614,59.510,36.907,22.603,36.457,16.791,4.303,12.488,109.568,0.000,0.000,0.000,0.000,20.0,
6.11.2025,18:35:48.411,21.750,25.498,18.645,2.962,250.0,250.0,76.424,21.701,8.835,66.754,46.679,28.945,17.734,28.592,6.718,0.680,6.038,6.038,0.000,0.000,0.000,0.000,20.0,
6.11.2025,18:35:49.415,23.110,29.507,22.585,2.973,250.0,250.0,79.682,28.037,8.900,68.015,47.513,29.463,18.050,29.110,36.490,4.358,32.132,6.343,0.000,0.000,0.000,0.000,20.0,
6.11.2025,18:35:50.415,19.032,29.267,22.322,3.025,250.0,250.0,76.874,25.389,8.801,45.100,33.372,20.694,12.678,20.438,7.343,0.896,6.447,98.122,0.000,0.000,0.000,0.000,20.0,
6.11.2025,18:35:51.414,20.391,26.261,19.435,2.961,250.0,250.0,69.827,21.858,8.806,67.323,47.030,29.161,17.869,28.807,6.764,0.708,6.056,6.055,0.000,0.000,2.625,0.000,20.0,
6.11.2025,18:35:52.414,17.672,28.321,21.375,2.995,250.0,250.0,72.478,21.786,8.781,67.123,46.879,29.065,17.814,28.712,6.711,0.681,6.030,6.063,0.000,0.001,0.000,0.000,20.0,
6.11.2025,18:35:53.412,31.266,28.880,21.953,3.023,250.0,250.0,73.599,43.772,8.831,67.635,47.239,29.284,17.955,28.930,115.867,32.801,83.066,6.114,0.000,0.000,0.000,0.000,20.0,
6.11.2025,18:35:54.407,23.110,25.503,18.583,2.965,250.0,250.0,73.562,15.921,8.769,44.395,32.924,20.419,12.505,20.175,7.011,0.709,6.302,6.004,0.000,0.000,0.000,0.000,20.0,
6.11.2025,18:35:55.413,19.032,27.081,20.264,2.961,250.0,250.0,70.151,43.631,8.903,67.045,46.917,29.085,17.832,28.732,115.779,32.807,82.972,6.242,0.000,0.001,0.000,2.250,20.0,
6.11.2025,18:35:56.413,17.672,27.739,20.856,2.948,250.0,250.0,73.026,25.378,8.901,80.627,55.319,34.309,21.010,33.895,6.812,0.750,6.062,6.098,0.000,0.000,0.000,0.000,20.0,
6.11.2025,18:35:57.413,25.829,29.275,22.119,3.198,250.0,250.0,68.189,23.490,8.912,73.584,50.952,31.594,19.358,31.204,6.645,0.675,5.970,6.004,0.000,0.000,0.000,0.000,20.0,
6.11.2025,18:35:58.416,19.032,31.206,24.044,3.218,250.0,250.0,79.902,18.582,8.823,53.949,38.815,24.069,14.746,23.777,6.931,0.680,6.251,7.775,0.000,0.000,0.000,0.000,20.0,
6.11.2025,18:35:59.414,20.391,29.089,21.980,3.142,250.0,250.0,80.880,47.618,8.801,75.266,51.912,32.194,19.718,31.805,124.924,34.517,90.407,6.636,0.000,0.000,0.000,0.000,20.0,
6.11.2025,18:36:0.414,21.750,29.364,22.234,3.134,250.0,250.0,81.753,23.932,8.779,75.068,51.780,32.110,19.670,31.720,7.039,0.743,6.296,6.114,0.000,0.000,0.000,0.000,20.0,
6.11.2025,18:36:1.411,23.110,30.248,23.209,3.102,250.0,250.0,81.636,23.421,8.838,73.336,50.729,31.462,19.267,31.085,6.720,0.682,6.038,6.055,0.000,0.000,0.000,1.375,20.0,
6.11.2025,18:36:2.406,17.672,28.534,21.530,3.096,250.0,250.0,78.289,23.311,8.839,72.905,50.482,31.297,19.185,30.920,6.711,0.681,6.030,6.055,0.000,0.000,0.000,0.000,20.0,
6.11.2025,18:36:3.405,31.266,27.580,20.530,3.071,250.0,250.0,78.822,23.103,8.851,72.104,49.973,30.986,18.987,30.621,6.728,0.682,6.046,6.046,0.000,0.000,0.000,0.000,20.0,
6.11.2025,18:36:4.414,20.391,26.784,19.810,3.063,250.0,250.0,78.073,23.412,8.873,72.890,50.487,31.305,19.182,30.928,7.087,0.799,6.288,6.285,0.000,0.000,0.000,0.000,20.0,
6.11.2025,18:36:5.411,28.547,26.962,19.959,3.093,250.0,250.0,81.403,17.232,8.813,49.570,36.138,22.400,13.738,22.132,6.738,0.683,6.055,6.055,0.000,0.000,0.000,0.000,20.0,
6.11.2025,18:36:6.405,19.032,26.764,19.737,3.046,250.0,250.0,78.747,14.600,8.840,39.469,29.940,18.567,11.373,18.335,6.720,0.682,6.038,6.038,0.000,0.000,0.000,0.000,20.0,
6.11.2025,18:36:7.409,14.953,28.034,21.093,3.056,250.0,250.0,78.870,23.902,8.838,74.947,51.726,32.075,19.651,31.685,6.965,0.796,6.169,6.165,0.000,0.000,0.000,0.000,20.0,
6.11.2025,18:36:8.410,24.469,28.594,21.543,3.059,250.0,250.0,79.016,24.396,8.849,76.932,52.982,32.851,20.131,32.461,6.839,0.747,6.092,6.081,0.000,0.000,0.000,0.000,20.0,
6.11.2025,18:36:9.404,19.032,27.772,20.815,3.067,250.0,250.0,82.162,44.418,8.845,64.053,45.060,27.936,17.124,27.595,57.738,21.191,36.547,138.094,0.000,0.000,0.000,0.000,20.0,
6.11.2025,18:36:10.414,23.110,27.422,20.338,3.120,250.0,250.0,78.189,23.705,8.886,73.977,51.169,31.731,19.438,31.341,7.150,0.852,6.298,6.208,0.000,0.000,0.000,0.000,20.0,
6.11.2025,18:36:11.414,23.110,29.559,22.556,3.056,250.0,250.0,79.453,23.313,8.922,72.778,50.462,31.288,19.174,30.911,6.760,0.688,6.072,6.072,0.000,0.000,0.000,0.000,20.0,
6.11.2025,18:36:12.407,17.672,28.411,21.349,3.126,250.0,250.0,80.528,22.845,8.874,71.051,49.340,30.590,18.750,30.225,6.766,0.685,6.081,6.089,0.000,0.001,0.000,0.000,20.0,
6.11.2025,18:36:13.407,17.672,26.286,19.291,3.097,250.0,250.0,79.407,22.025,8.863,67.937,47.453,29.427,18.026,29.061,6.718,0.680,6.038,6.046,0.000,0.000,0.000,0.000,20.0,
6.11.2025,18:36:14.406,25.829,28.828,21.831,3.039,250.0,250.0,80.311,45.471,8.835,50.624,36.771,22.804,13.967,22.524,17.042,4.545,12.497,265.100,0.000,0.000,0.000,0.000,20.0,
6.11.2025,18:36:15.412,23.110,29.289,22.141,3.252,250.0,250.0,80.003,22.998,8.877,71.515,49.634,30.781,18.853,30.403,6.883,0.758,6.125,6.149,0.000,0.000,1.625,0.250,20.0,
6.11.2025,18:36:16.414,20.391,33.565,25.924,3.575,250.0,250.0,76.865,23.036,8.900,71.760,49.808,30.880,18.928,30.503,6.749,0.686,6.063,6.081,0.000,0.000,0.000,0.000,20.0,
6.11.2025,18:36:17.406,14.953,29.782,22.592,3.197,250.0,250.0,76.486,17.820,8.909,51.758,37.527,23.262,14.265,22.982,6.720,0.682,6.038,6.055,0.000,0.000,0.000,0.000,20.0,
6.11.2025,18:36:18.413,17.672,25.676,18.741,3.014,250.0,250.0,80.667,33.164,9.006,71.760,49.863,30.926,18.937,30.549,57.107,8.229,48.878,6.386,0.000,0.000,0.000,0.000,20.0,
6.11.2025,18:36:19.413,21.750,29.882,22.868,3.050,250.0,250.0,76.226,23.074,8.993,71.740,49.848,30.911,18.937,30.546,6.819,0.696,6.123,6.123,0.000,0.000,0.000,0.000,20.0,
6.11.2025,18:36:20.409,31.266,27.334,20.424,3.033,250.0,250.0,76.517,22.773,8.905,70.786,49.196,30.510,18.686,30.145,6.728,0.682,6.046,6.046,0.000,0.000,0.000,0.000,20.0,
6.11.2025,18:36:21.404,17.672,26.835,19.854,3.023,250.0,250.0,80.123,22.788,8.845,70.557,49.019,30.396,18.623,30.019,7.102,0.839,6.263,6.216,0.000,0.000,0.000,0.000,20.0,
6.11.2025,18:36:22.414,17.672,25.161,18.195,3.078,250.0,250.0,76.637,23.101,8.824,72.065,49.956,30.972,18.984,30.595,6.766,0.685,6.081,6.081,0.000,0.000,0.000,0.000,20.0,
6.11.2025,18:36:23.413,17.672,26.266,19.303,3.020,250.0,250.0,76.625,23.095,8.826,72.063,49.952,30.976,18.976,30.599,6.748,0.685,6.063,6.063,0.000,0.000,0.000,0.000,20.0,
6.11.2025,18:36:24.413,19.032,26.312,19.400,3.007,250.0,250.0,79.901,43.226,8.859,72.249,50.084,31.053,19.031,30.676,107.133,31.826,75.307,6.038,0.000,0.000,0.000,0.000,20.0,
6.11.2025,18:36:25.409,32.625,27.065,20.110,3.010,250.0,250.0,76.826,25.440,8.793,71.308,49.442,30.660,18.782,30.283,19.494,2.711,16.783,6.149,0.000,0.000,0.000,0.000,20.0,
6.11.2025,18:36:26.406,32.625,27.065,20.110,3.010,250.0,250.0,80.161,21.163,8.779,41.470,31.115,19.299,11.816,19.067,6.737,0.682,6.055,66.608,0.000,0.000,0.000,0.000,20.0,
6.11.2025,18:36:27.405,38.063,27.803,20.864,3.008,250.0,250.0,77.593,23.205,8.861,72.256,50.083,31.060,19.023,30.683,6.948,0.764,6.184,6.182,0.000,0.000,0.000,0.000,20.0,
6.11.2025,18:36:28.405,27.188,26.667,19.739,3.016,250.0,250.0,78.710,19.993,8.825,60.171,42.642,26.438,16.204,26.121,6.738,0.683,6.055,6.055,0.000,0.000,2.375,0.000,20.0,
6.11.2025,18:36:29.404,24.469,27.919,20.996,2.968,250.0,250.0,79.004,30.106,8.822,73.981,51.139,31.715,19.424,31.326,39.158,5.122,34.036,6.335,0.000,0.000,0.000,0.000,20.0,
6.11.2025,18:36:30.413,28.547,29.119,22.138,3.068,250.0,250.0,78.290,23.256,8.827,72.456,50.186,31.117,19.069,30.740,6.990,0.819,6.171,6.190,0.000,0.000,0.000,0.000,20.0,
6.11.2025,18:36:31.413,21.750,25.281,18.345,3.006,250.0,250.0,77.587,22.970,8.809,71.501,49.582,30.747,18.835,30.382,6.859,0.758,6.101,6.123,0.000,0.000,0.000,0.000,20.0,
6.11.2025,18:36:32.407,17.672,27.800,20.826,3.027,250.0,250.0,76.914,23.827,8.847,74.837,51.682,32.041,19.641,31.652,6.746,0.691,6.055,6.081,0.000,0.000,0.000,0.000,20.0,
6.11.2025,18:36:33.405,28.547,28.002,20.976,3.091,250.0,250.0,82.125,37.272,8.856,71.723,49.757,30.859,18.898,30.482,78.045,27.948,50.097,6.055,0.000,0.000,0.000,0.000,20.0,
6.11.2025,18:36:34.406,17.672,26.550,19.617,3.031,250.0,250.0,77.913,23.373,8.856,72.967,50.509,31.317,19.192,30.940,6.887,0.761,6.126,6.174,0.000,0.000,0.000,0.000,20.0,
6.11.2025,18:36:35.407,19.032,24.710,17.779,3.026,250.0,250.0,78.199,23.261,8.787,72.734,50.340,31.212,19.128,30.835,6.748,0.685,6.063,6.081,0.000,0.000,0.000,0.000,20.0,
6.11.2025,18:36:36.408,14.953,25.804,18.781,3.049,250.0,250.0,80.320,25.350,8.813,72.514,50.225,31.150,19.075,30.773,17.341,2.426,14.915,6.267,0.000,0.000,0.000,0.000,20.0,
6.11.2025,18:36:37.408,24.469,25.906,19.003,2.983,250.0,250.0,77.590,23.284,8.811,72.714,50.340,31.211,19.129,30.834,6.840,0.756,6.084,6.123,0.000,0.000,0.500,0.000,20.0,
6.11.2025,18:36:38.404,23.110,29.116,22.189,2.986,250.0,250.0,77.382,23.266,8.811,72.732,50.337,31.222,19.115,30.845,6.758,0.686,6.072,6.081,0.000,0.000,0.000,0.000,20.0,
6.11.2025,18:36:39.407,17.672,26.245,19.357,2.992,250.0,250.0,76.895,29.888,8.958,90.398,61.305,38.020,23.285,37.558,16.574,1.945,14.629,6.208,0.000,0.000,0.000,1.125,20.0,
6.11.2025,18:36:40.413,19.032,29.430,22.409,3.036,250.0,250.0,78.285,27.898,8.868,71.917,49.896,30.935,18.961,30.558,30.795,4.085,26.710,6.259,0.000,0.001,0.000,0.000,20.0,
6.11.2025,18:36:41.413,19.032,28.305,21.384,3.020,250.0,250.0,77.423,23.063,8.890,71.851,49.854,30.913,18.941,30.536,6.776,0.695,6.081,6.098,0.000,0.000,0.000,0.000,20.0,
6.11.2025,18:36:42.406,29.907,26.742,19.706,3.097,250.0,250.0,81.142,20.639,8.867,55.248,39.640,24.583,15.057,24.279,6.737,0.682,6.055,25.242,0.000,0.000,0.000,0.000,20.0,
6.11.2025,18:36:43.414,21.750,25.921,19.000,3.005,250.0,250.0,78.063,13.904,8.836,36.749,28.264,17.523,10.741,17.315,6.781,0.735,6.046,6.046,0.000,0.000,0.000,0.000,20.0,
6.11.2025,18:36:44.405,19.032,28.300,21.269,3.073,250.0,250.0,77.999,23.968,8.820,71.090,49.333,30.586,18.747,30.221,12.339,1.556,10.783,6.199,0.000,0.000,0.000,0.375,57.0,
6.11.2025,18:36:45.406,29.907,25.327,18.428,2.989,250.0,250.0,77.162,23.241,8.847,72.512,50.227,31.148,19.079,30.771,6.844,0.704,6.140,6.140,0.000,0.000,0.000,0.000,57.0,
6.11.2025,18:36:46.413,17.672,25.524,18.579,3.009,250.0,250.0,77.616,23.359,8.847,72.825,50.421,31.270,19.151,30.892,7.053,0.972,6.081,6.081,0.000,0.000,0.000,0.000,57.0,
6.11.2025,18:36:47.409,21.750,28.975,22.084,2.991,250.0,250.0,81.326,40.051,8.830,73.690,50.959,31.593,19.366,31.216,89.175,19.278,69.897,6.505,0.000,0.000,0.000,0.000,57.0,
6.11.2025,18:36:48.404,24.469,26.303,19.341,3.022,250.0,250.0,77.656,23.440,8.896,73.276,50.732,31.456,19.276,31.079,6.793,0.695,6.098,6.098,0.000,0.001,0.000,0.000,57.0,
6.11.2025,18:36:49.406,14.953,28.941,22.021,3.001,250.0,250.0,80.736,23.327,8.858,72.904,50.483,31.307,19.176,30.930,6.766,0.685,6.081,6.081,0.000,0.000,0.000,0.000,57.0,
6.11.2025,18:36:50.406,17.672,28.501,21.505,3.040,250.0,250.0,80.736,23.327,8.858,72.904,50.483,31.307,19.176,30.930,6.766,0.685,6.081,6.081,0.000,0.001,0.000,0.000,57.0,
6.11.2025,18:36:51.413,17.672,26.881,19.937,3.015,250.0,250.0,78.191,22.923,8.845,71.226,49.437,30.650,18.787,30.285,6.901,0.702,6.199,6.199,0.000,0.000,0.000,0.000,57.0,
6.11.2025,18:36:52.413,24.469,27.968,21.034,3.030,250.0,250.0,78.020,23.608,8.834,73.905,51.086,31.676,19.410,31.299,6.847,0.707,6.140,6.174,0.000,0.000,0.000,0.000,57.0,
6.11.2025,18:36:53.413,17.672,26.772,19.773,3.072,250.0,250.0,81.625,29.418,8.785,65.809,46.067,28.565,17.502,28.225,6.766,0.685,6.081,85.698,0.000,0.000,0.000,0.000,57.0,
6.11.2025,18:36:54.412,16.313,29.560,22.578,3.029,250.0,250.0,77.500,23.144,8.787,72.165,49.983,30.990,18.993,30.612,6.865,0.707,6.158,6.182,0.000,0.000,0.000,0.000,57.0,
6.11.2025,18:36:55.406,23.110,27.075,20.198,3.002,250.0,250.0,77.240,23.221,8.835,72.484,50.201,31.135,19.066,30.758,6.803,0.697,6.106,6.123,0.000,0.000,0.000,0.000,57.0,
6.11.2025,18:36:56.403,16.313,25.832,18.861,3.036,250.0,250.0,78.739,57.255,8.870,78.617,54.011,33.494,20.517,33.081,6.769,0.688,6.081,330.419,0.000,0.000,0.000,0.000,57.0,
6.11.2025,18:36:57.413,16.313,27.251,20.226,3.060,250.0,250.0,77.713,23.376,8.846,72.820,50.422,31.271,19.151,30.894,7.051,0.758,6.293,6.250,0.000,0.000,0.000,0.000,57.0,
6.11.2025,18:36:58.410,21.750,28.610,21.678,3.044,250.0,250.0,77.731,23.563,8.812,73.787,51.021,31.640,19.381,31.251,6.807,0.693,6.114,6.123,0.000,0.000,0.000,0.000,57.0,
6.11.2025,18:36:59.414,27.188,25.280,18.283,3.055,250.0,250.0,82.107,14.764,8.745,40.128,30.276,18.768,11.508,18.548,6.792,0.694,6.098,6.081,0.000,0.000,2.500,0.000,57.0,
6.11.2025,18:37:0.413,19.032,27.899,20.921,3.047,250.0,250.0,76.439,42.545,8.822,84.091,57.369,35.570,21.799,35.144,88.286,29.358,58.928,6.081,0.000,0.000,0.000,0.000,57.0,
6.11.2025,18:37:1.413,19.032,26.964,20.045,2.972,250.0,250.0,77.863,44.450,8.832,70.281,48.861,30.302,18.559,29.937,115.745,32.605,83.140,6.242,0.000,0.000,0.000,0.000,57.0,
6.11.2025,18:37:2.413,20.391,25.155,18.267,2.988,250.0,250.0,74.486,36.103,8.929,69.759,48.599,30.136,18.463,29.771,74.520,26.800,47.720,6.335,0.000,0.000,0.000,0.000,57.0,
6.11.2025,18:37:3.413,33.985,26.841,19.906,3.000,250.0,250.0,78.989,42.038,8.862,74.548,51.512,31.939,19.573,31.562,98.166,30.533,67.633,6.055,0.000,0.000,0.000,0.000,57.0,
6.11.2025,18:37:4.413,16.313,26.733,19.934,2.930,250.0,250.0,76.992,38.351,8.977,69.424,48.434,30.037,18.397,29.672,86.179,29.174,57.005,6.208,0.000,0.000,0.000,0.000,57.0,
6.11.2025,18:37:5.414,14.953,24.154,17.262,2.954,250.0,250.0,76.371,41.373,8.991,70.217,48.914,30.330,18.584,29.965,100.189,27.569,72.620,6.352,0.000,0.000,0.000,0.000,57.0,
6.11.2025,18:37:6.412,17.672,26.555,19.752,2.928,250.0,250.0,76.745,44.497,9.002,70.105,48.856,30.287,18.569,29.922,115.987,32.808,83.179,6.259,0.000,0.001,0.000,0.000,57.0,
6.11.2025,18:37:7.414,19.032,27.614,20.749,2.942,250.0,250.0,76.093,22.509,8.859,69.603,48.458,30.053,18.405,29.688,6.913,0.714,6.199,6.199,0.000,0.000,0.000,0.375,57.0,
6.11.2025,18:37:8.413,17.672,23.814,16.896,2.969,250.0,250.0,76.595,22.653,8.823,70.238,48.839,30.275,18.564,29.909,6.864,0.706,6.158,6.158,0.000,0.000,0.000,0.000,57.0,
6.11.2025,18:37:9.404,16.313,27.128,20.285,2.917,250.0,250.0,73.607,44.314,8.871,69.576,48.457,30.041,18.416,29.676,115.951,32.851,83.100,6.199,0.000,0.000,1.250,0.000,57.0,
6.11.2025,18:37:10.403,28.547,27.644,20.742,2.984,250.0,250.0,70.515,22.717,8.931,70.521,49.060,30.427,18.633,30.062,6.738,0.683,6.055,6.055,0.000,0.000,0.000,0.000,57.0,
6.11.2025,18:37:11.413,27.188,28.695,21.774,3.027,250.0,250.0,74.745,28.728,8.951,77.588,53.454,33.149,20.305,32.747,27.483,4.457,23.026,6.114,0.000,0.000,0.000,1.000,57.0,
6.11.2025,18:37:12.413,23.110,38.450,30.993,3.372,250.0,250.0,71.115,28.795,8.861,38.959,29.631,18.375,11.256,18.143,6.721,0.683,6.038,149.285,0.000,0.000,0.000,0.000,57.0,
6.11.2025,18:37:13.414,28.547,24.852,17.993,2.942,250.0,250.0,73.009,22.539,8.859,69.857,48.637,30.152,18.485,29.787,6.768,0.696,6.072,6.072,0.000,0.000,0.000,0.000,57.0,
6.11.2025,18:37:14.414,17.672,26.383,19.620,2.888,250.0,250.0,73.769,43.297,8.930,65.798,46.149,28.619,17.530,28.278,115.813,32.928,82.885,6.038,0.000,0.000,0.000,0.000,57.0,
6.11.2025,18:37:15.408,23.110,27.925,20.946,3.037,250.0,250.0,62.969,14.286,8.836,38.272,29.210,18.105,11.105,17.885,6.723,0.712,6.011,6.004,0.000,0.000,1.125,0.000,57.0,
6.11.2025,18:37:16.407,20.391,25.531,18.521,3.078,250.0,250.0,71.919,22.156,8.898,68.320,47.702,29.581,18.121,29.216,6.780,0.699,6.081,6.158,0.000,0.000,0.000,0.000,57.0,
6.11.2025,18:37:17.414,23.110,31.306,24.070,3.272,250.0,250.0,77.854,23.972,8.788,75.425,52.009,32.255,19.754,31.865,6.757,0.685,6.072,6.106,0.000,0.000,0.000,0.000,57.0,
6.11.2025,18:37:18.415,19.032,33.776,26.184,3.571,250.0,250.0,78.380,23.483,8.871,73.425,50.805,31.497,19.308,31.120,6.832,0.749,6.083,6.140,0.000,0.000,0.000,0.000,57.0,
6.11.2025,18:37:19.413,24.469,28.308,21.287,3.107,250.0,250.0,78.189,23.270,8.858,72.699,50.351,31.215,19.136,30.838,6.757,0.685,6.072,6.089,0.000,0.000,0.000,0.000,57.0,
6.11.2025,18:37:20.414,23.110,30.489,23.473,3.056,250.0,250.0,82.110,29.973,8.881,69.480,48.402,30.020,18.382,29.654,44.350,16.310,28.040,6.216,0.000,0.000,0.000,0.000,57.0,
6.11.2025,18:37:21.413,19.032,29.803,22.755,3.099,250.0,250.0,77.713,32.689,8.845,72.261,50.073,31.046,19.027,30.669,54.339,7.546,46.793,6.293,0.000,0.000,2.375,0.000,57.0,
6.11.2025,18:37:22.406,19.032,27.452,20.484,3.019,250.0,250.0,77.449,25.125,8.825,73.542,50.875,31.543,19.332,31.166,14.861,2.006,12.855,6.242,0.000,0.000,0.000,0.000,57.0,
6.11.2025,18:37:23.405,17.672,27.575,20.579,3.047,250.0,250.0,78.688,23.668,8.863,74.120,51.233,31.774,19.459,31.384,6.863,0.737,6.126,6.123,0.000,0.000,0.000,0.000,57.0,
6.11.2025,18:37:24.416,21.750,26.528,19.609,2.988,250.0,250.0,77.758,23.283,8.860,72.713,50.378,31.232,19.146,30.855,6.777,0.688,6.089,6.089,0.000,0.000,0.000,0.000,57.0,
6.11.2025,18:37:25.413,29.907,26.314,19.369,3.035,250.0,250.0,81.695,22.891,8.898,50.980,37.019,22.953,14.066,22.685,32.384,10.211,22.173,7.542,0.000,0.000,0.000,0.000,57.0,
6.11.2025,18:37:26.408,17.672,26.070,19.160,3.001,250.0,250.0,78.953,23.316,8.905,72.770,50.419,31.268,19.151,30.891,6.815,0.692,6.123,6.123,0.000,0.000,0.000,0.000,57.0,
6.11.2025,18:37:27.410,29.907,28.748,21.782,2.992,250.0,250.0,82.066,46.829,8.919,72.490,50.270,31.165,19.105,30.787,124.707,34.427,90.280,6.140,0.000,0.000,0.000,0.000,57.0,
6.11.2025,18:37:28.411,20.391,27.422,20.543,2.983,250.0,250.0,78.495,22.988,8.884,71.531,49.652,30.789,18.863,30.412,6.813,0.690,6.123,6.123,0.000,0.000,2.250,0.000,57.0,
6.11.2025,18:37:29.409,8.156,26.318,19.401,2.993,250.0,250.0,81.006,34.414,8.869,72.651,50.328,31.211,19.117,30.834,62.378,9.396,52.982,6.369,0.000,0.000,0.000,0.000,57.0,
6.11.2025,18:37:30.406,17.672,27.695,20.757,3.031,250.0,250.0,78.624,23.465,8.901,73.334,50.781,31.484,19.297,31.106,6.813,0.690,6.123,6.123,0.000,0.001,0.000,0.000,57.0,
6.11.2025,18:37:31.412,20.391,26.778,19.844,3.007,250.0,250.0,82.070,23.285,8.863,72.723,50.378,31.232,19.146,30.855,6.777,0.688,6.089,6.098,0.000,0.000,0.000,0.000,57.0,
6.11.2025,18:37:32.413,19.032,27.013,20.002,3.036,250.0,250.0,77.941,35.719,8.857,68.690,47.911,29.709,18.202,29.344,74.198,26.712,47.486,6.081,0.000,0.000,0.000,2.125,57.0,
6.11.2025,18:37:33.414,32.625,27.969,21.055,3.009,250.0,250.0,80.187,46.866,8.797,72.749,50.357,31.227,19.130,30.850,124.543,34.169,90.374,6.463,0.000,0.001,0.000,0.000,57.0,
6.11.2025,18:37:34.412,16.313,26.526,19.607,2.979,250.0,250.0,77.748,23.320,8.872,72.825,50.443,31.276,19.167,30.898,6.796,0.690,6.106,6.123,0.000,0.000,0.000,0.000,57.0,
6.11.2025,18:37:35.416,27.188,26.230,19.308,3.015,250.0,250.0,81.642,41.107,8.858,73.084,50.607,31.377,19.230,31.000,95.219,22.601,72.618,6.480,0.000,0.000,0.000,0.000,57.0,
6.11.2025,18:37:36.413,19.032,27.347,20.376,3.010,250.0,250.0,78.317,23.261,8.920,72.521,50.272,31.171,19.101,30.794,6.844,0.730,6.114,6.140,0.000,0.000,0.000,0.000,57.0,
6.11.2025,18:37:37.413,13.594,29.376,22.412,3.031,250.0,250.0,81.756,46.607,8.884,72.015,49.951,30.976,18.975,30.598,124.074,34.084,89.990,6.522,0.000,0.000,0.000,0.000,57.0,
6.11.2025,18:37:38.408,25.829,25.931,19.014,3.023,250.0,250.0,78.247,23.647,8.860,74.064,51.200,31.752,19.448,31.375,6.814,0.700,6.114,6.140,0.000,0.000,0.000,2.125,57.0,
6.11.2025,18:37:39.410,23.110,27.424,20.469,3.039,250.0,250.0,82.062,24.992,8.908,72.837,50.462,31.297,19.165,30.919,14.994,1.974,13.020,6.343,0.000,0.000,0.000,0.000,57.0,
6.11.2025,18:37:40.414,16.313,29.089,22.112,3.069,250.0,250.0,77.757,23.881,8.884,74.956,51.773,32.106,19.667,31.716,6.794,0.688,6.106,6.123,0.000,0.000,0.000,0.000,57.0,
6.11.2025,18:37:41.406,24.469,27.074,20.071,3.034,250.0,250.0,80.453,23.454,8.991,73.073,50.677,31.419,19.258,31.041,6.933,0.717,6.216,6.216,0.000,0.000,0.000,0.000,57.0,
6.11.2025,18:37:42.414,13.594,25.908,18.938,3.083,250.0,250.0,80.599,23.785,8.895,74.557,51.552,31.961,19.591,31.571,6.806,0.692,6.114,6.114,0.000,0.000,0.000,0.000,57.0,
6.11.2025,18:37:43.413,17.672,26.852,19.889,2.999,250.0,250.0,80.219,38.708,8.946,72.814,50.496,31.318,19.178,30.940,83.517,29.039,54.478,6.352,0.000,0.000,0.000,1.375,57.0,
6.11.2025,18:37:44.413,19.032,27.427,20.471,3.013,250.0,250.0,78.712,23.188,8.862,72.322,50.118,31.083,19.035,30.706,6.815,0.692,6.123,6.123,0.000,0.000,0.000,0.000,57.0,
6.11.2025,18:37:45.407,33.985,24.432,17.509,2.986,250.0,250.0,82.022,31.225,8.862,54.788,39.343,24.393,14.950,24.101,6.821,0.715,6.106,132.171,0.000,0.000,0.000,0.000,57.0,
6.11.2025,18:37:46.414,28.547,27.124,20.211,2.987,250.0,250.0,78.628,23.518,8.851,73.560,50.877,31.549,19.328,31.172,6.845,0.696,6.149,6.149,0.000,0.000,0.000,0.000,57.0,
6.11.2025,18:37:47.404,16.313,29.453,22.554,2.981,250.0,250.0,82.243,26.130,8.852,57.992,41.319,25.620,15.699,25.315,6.786,0.688,6.098,72.934,0.000,0.000,0.250,0.000,57.0,
6.11.2025,18:37:48.405,16.313,26.668,19.742,3.002,250.0,250.0,78.507,23.182,8.898,72.202,50.076,31.051,19.025,30.674,6.866,0.708,6.158,6.158,0.000,0.000,0.000,0.000,57.0,
6.11.2025,18:37:49.413,23.110,28.394,21.456,2.999,250.0,250.0,78.068,23.426,9.043,73.037,50.675,31.430,19.245,31.052,6.825,0.702,6.123,6.123,0.000,0.000,0.000,0.000,57.0,
6.11.2025,18:37:50.413,19.032,29.134,22.188,3.041,250.0,250.0,81.831,23.405,9.029,72.996,50.638,31.398,19.240,31.021,6.803,0.689,6.114,6.123,0.000,0.001,0.000,0.000,57.0,
6.11.2025,18:37:51.413,31.266,29.440,22.434,3.045,250.0,250.0,78.775,47.198,9.057,73.428,50.944,31.592,19.352,31.214,125.065,34.598,90.467,6.267,0.000,0.000,0.375,2.375,57.0,
6.11.2025,18:37:52.409,23.110,27.763,20.756,3.064,250.0,250.0,78.488,23.435,8.959,73.121,50.685,31.436,19.249,31.058,6.837,0.697,6.140,6.174,0.000,0.000,0.000,0.000,57.0,
6.11.2025,18:37:53.411,17.672,25.544,18.650,3.003,250.0,250.0,81.934,45.289,8.863,72.716,50.363,31.230,19.133,30.853,116.689,31.799,84.890,6.352,0.000,0.000,0.000,0.000,57.0,
6.11.2025,18:37:54.406,16.313,28.242,21.292,3.010,250.0,250.0,78.064,23.311,8.837,72.791,50.402,31.256,19.146,30.879,6.821,0.698,6.123,6.158,0.000,0.000,0.000,0.000,57.0,
6.11.2025,18:37:55.413,20.391,26.694,19.748,2.997,250.0,250.0,81.644,47.087,8.863,73.237,50.689,31.423,19.266,31.046,125.111,34.513,90.598,6.123,0.000,0.001,0.000,0.000,57.0,
6.11.2025,18:37:56.411,17.672,26.994,20.079,3.021,250.0,250.0,78.006,23.152,8.905,72.161,50.049,31.034,19.015,30.657,6.794,0.688,6.106,6.114,0.000,0.000,0.000,0.000,57.0,
6.11.2025,18:37:57.409,23.110,27.830,20.865,3.037,250.0,250.0,81.878,23.564,8.898,73.537,50.898,31.559,19.339,31.182,6.989,0.787,6.202,6.250,0.000,0.000,1.250,0.000,57.0,
6.11.2025,18:37:58.403,23.110,27.830,20.865,3.037,250.0,250.0,78.527,23.173,8.872,72.230,50.071,31.048,19.023,30.683,6.833,0.693,6.140,6.140,0.000,0.000,0.000,0.000,57.0,
6.11.2025,18:37:59.404,33.985,26.053,19.175,2.971,250.0,250.0,81.807,41.667,8.847,68.059,47.502,29.456,18.046,29.103,104.542,31.328,73.214,6.571,0.000,0.001,0.000,0.000,57.0,
6.11.2025,18:38:0.407,27.188,29.631,22.617,3.079,250.0,250.0,78.067,23.378,8.848,73.051,50.572,31.365,19.207,30.988,6.815,0.692,6.123,6.123,0.000,0.000,0.000,0.000,57.0,
6.11.2025,18:38:1.406,35.344,25.047,18.075,3.011,250.0,250.0,81.211,42.018,8.789,50.544,36.695,22.749,13.946,22.481,17.525,4.534,12.991,229.929,0.000,0.000,0.000,2.125,57.0,
6.11.2025,18:38:2.413,40.782,30.526,23.559,3.028,250.0,250.0,77.875,23.612,8.787,73.775,50.985,31.613,19.372,31.224,7.096,0.848,6.248,6.174,0.000,0.000,0.000,0.000,57.0,
6.11.2025,18:38:3.406,25.829,29.057,22.081,3.072,250.0,250.0,77.558,23.163,8.823,72.267,50.058,31.040,19.018,30.675,6.813,0.690,6.123,6.123,0.000,0.000,0.000,0.000,57.0,
6.11.2025,18:38:4.413,27.188,27.979,21.003,3.004,250.0,250.0,81.837,43.270,8.875,72.062,49.987,31.003,18.984,30.625,107.328,28.466,78.862,6.505,0.000,0.000,0.000,0.000,57.0,
6.11.2025,18:38:5.407,25.829,25.868,18.936,3.018,250.0,250.0,77.763,23.285,8.876,72.635,50.329,31.215,19.114,30.838,6.849,0.700,6.149,6.149,0.000,0.000,0.000,0.000,57.0,
6.11.2025,18:38:6.414,38.063,27.320,20.418,3.014,250.0,250.0,81.846,29.253,8.833,56.481,40.362,25.028,15.334,24.724,42.720,15.788,26.932,36.326,0.000,0.000,0.000,0.000,57.0,
6.11.2025,18:38:7.409,13.594,27.316,20.313,3.060,250.0,250.0,78.323,23.522,8.778,73.634,50.883,31.545,19.338,31.167,6.858,0.700,6.158,6.158,0.000,0.000,1.125,0.000,57.0,
6.11.2025,18:38:8.405,28.547,28.637,21.708,3.034,250.0,250.0,81.040,51.615,8.800,62.837,44.245,27.436,16.809,27.095,46.394,17.325,29.069,236.138,0.000,0.000,0.000,0.000,57.0,
6.11.2025,18:38:9.415,21.750,27.202,20.202,3.054,250.0,250.0,78.190,47.266,8.827,74.069,51.191,31.737,19.454,31.360,124.826,34.431,90.395,6.369,0.000,0.000,0.000,0.000,57.0,
6.11.2025,18:38:10.409,29.907,28.007,20.966,3.079,250.0,250.0,78.172,25.099,8.854,73.374,50.767,31.483,19.284,31.105,14.901,2.000,12.901,6.318,0.000,0.000,0.000,0.000,57.0,
6.11.2025,18:38:11.407,35.344,26.503,19.553,3.037,250.0,250.0,78.805,23.848,8.874,74.808,51.672,32.038,19.634,31.660,6.821,0.698,6.123,6.149,0.000,0.001,0.000,0.000,57.0,
6.11.2025,18:38:12.407,19.032,31.127,24.107,3.090,250.0,250.0,82.089,47.329,9.007,73.550,50.987,31.617,19.370,31.228,125.492,34.755,90.737,6.547,0.000,0.000,0.000,0.000,57.0,
6.11.2025,18:38:13.407,20.391,28.812,21.797,3.083,250.0,250.0,79.127,23.621,8.921,73.826,51.096,31.682,19.414,31.293,6.896,0.761,6.135,6.182,0.000,0.000,2.375,0.000,57.0,
6.11.2025,18:38:14.413,32.625,26.579,19.640,3.026,250.0,250.0,78.336,23.423,8.908,73.163,50.677,31.431,19.246,31.054,6.813,0.690,6.123,6.123,0.000,0.000,0.000,0.000,57.0,
6.11.2025,18:38:15.413,20.391,29.495,22.487,3.046,250.0,250.0,81.580,45.395,8.921,72.597,50.329,31.208,19.121,30.831,117.340,33.414,83.926,6.259,0.000,0.000,0.000,0.000,57.0,
6.11.2025,18:38:16.413,23.110,27.566,20.587,3.050,250.0,250.0,78.489,22.185,8.836,68.484,47.747,29.608,18.139,29.255,6.814,0.691,6.123,6.158,0.000,0.000,0.000,0.000,57.0,
6.11.2025,18:38:17.405,21.750,27.439,20.498,3.021,250.0,250.0,77.638,22.010,8.847,67.791,47.329,29.349,17.980,28.996,6.834,0.694,6.140,6.140,0.000,0.000,0.000,0.000,57.0,
6.11.2025,18:38:18.414,19.032,26.402,19.498,2.989,250.0,250.0,76.553,43.685,8.855,67.037,46.887,29.067,17.820,28.714,116.062,32.804,83.258,6.343,0.000,0.000,0.000,0.000,57.0,
6.11.2025,18:38:19.412,27.188,29.019,21.847,3.237,250.0,250.0,73.991,21.853,8.885,67.190,46.986,29.137,17.849,28.784,6.794,0.688,6.106,6.106,0.000,0.000,0.000,0.000,57.0,
6.11.2025,18:38:20.413,19.032,36.911,29.320,3.545,250.0,250.0,76.134,30.382,8.905,69.531,48.434,30.034,18.400,29.669,6.804,0.690,6.114,85.234,0.000,0.000,0.000,0.000,57.0,
6.11.2025,18:38:21.406,21.750,24.791,17.939,2.967,250.0,250.0,78.981,33.016,8.917,67.346,47.106,29.201,17.905,28.848,62.369,22.836,39.533,6.098,0.000,0.000,0.000,0.000,57.0,
6.11.2025,18:38:22.409,28.547,27.828,20.888,3.003,250.0,250.0,76.986,43.676,8.934,67.025,46.924,29.095,17.829,28.742,115.975,32.794,83.181,6.259,0.000,0.000,0.000,0.000,57.0,
6.11.2025,18:38:23.410,17.672,25.202,18.262,3.017,250.0,250.0,76.370,21.767,8.880,66.715,46.676,28.948,17.728,28.595,6.946,0.711,6.235,6.234,0.000,0.000,0.000,0.000,57.0,
6.11.2025,18:38:24.414,25.829,26.504,19.612,3.003,250.0,250.0,76.271,21.946,8.833,67.504,47.141,29.237,17.904,28.884,6.889,0.707,6.182,6.182,0.000,0.000,0.000,0.000,57.0,
6.11.2025,18:38:25.404,14.953,27.116,20.171,2.996,250.0,250.0,76.305,17.486,8.827,50.500,36.715,22.768,13.947,22.487,6.766,0.685,6.081,6.081,0.000,0.000,0.000,0.000,57.0,
6.11.2025,18:38:26.413,19.032,27.201,20.308,3.001,250.0,250.0,73.186,17.486,8.886,67.803,47.367,29.370,17.997,29.017,6.786,0.688,6.098,6.098,0.000,0.000,0.000,0.000,57.0,
6.11.2025,18:38:27.413,21.750,31.956,24.957,3.066,250.0,250.0,73.186,22.011,8.886,67.803,47.367,29.370,17.997,29.017,6.786,0.688,6.098,6.098,0.000,0.000,0.000,0.000,57.0,
6.11.2025,18:38:28.406,23.110,27.985,21.062,2.987,250.0,250.0,70.120,21.662,8.910,66.434,46.533,28.855,17.678,28.501,6.787,0.689,6.098,6.140,0.000,0.000,0.000,0.000,57.0,
6.11.2025,18:38:29.417,27.188,25.961,19.142,2.924,250.0,250.0,73.129,22.178,8.905,68.306,47.702,29.572,18.130,29.219,6.855,0.697,6.158,6.234,0.000,0.000,0.000,0.000,57.0,
6.11.2025,18:38:30.413,21.750,26.991,20.093,2.982,250.0,250.0,73.356,16.580,8.792,46.636,34.328,21.286,13.042,21.029,7.299,0.743,6.556,6.089,0.000,0.000,0.000,0.000,57.0,
6.11.2025,18:38:31.413,17.672,27.080,20.232,2.933,250.0,250.0,73.467,21.695,8.849,66.619,46.609,28.906,17.703,28.553,6.795,0.697,6.098,6.123,0.000,0.000,0.000,1.000,57.0,
6.11.2025,18:38:32.409,19.032,25.290,18.455,2.914,250.0,250.0,70.063,34.631,8.901,116.023,77.105,47.812,29.293,47.229,6.789,0.725,6.064,6.369,0.000,0.000,0.000,0.000,57.0,
6.11.2025,18:38:33.411,17.672,27.768,20.686,3.139,250.0,250.0,60.568,29.163,8.883,71.926,49.883,30.927,18.956,30.562,37.013,4.821,32.192,6.463,0.000,0.000,0.000,0.000,57.0,
6.11.2025,18:38:34.407,20.391,27.268,20.336,3.024,250.0,250.0,78.281,23.214,8.887,72.384,50.165,31.111,19.054,30.734,6.816,0.693,6.123,6.174,0.000,0.000,0.000,0.000,57.0,
6.11.2025,18:38:35.405,20.391,25.816,18.817,3.053,250.0,250.0,80.840,23.221,8.918,72.395,50.223,31.137,19.086,30.760,6.786,0.688,6.098,6.114,0.000,0.000,0.000,1.125,57.0,
6.11.2025,18:38:36.408,20.391,26.624,19.650,3.051,250.0,250.0,77.789,57.742,8.981,63.210,44.569,27.640,16.929,27.311,89.049,29.663,59.386,210.682,0.000,0.000,0.000,0.000,57.0,
6.11.2025,18:38:37.406,16.313,26.637,19.678,3.034,250.0,250.0,77.855,23.145,9.078,71.891,49.987,30.993,18.994,30.616,6.854,0.696,6.158,6.182,0.000,0.000,0.000,0.000,57.0,
6.11.2025,18:38:38.403,16.313,27.775,20.826,3.035,250.0,250.0,77.827,23.818,8.911,74.647,51.593,31.998,19.595,31.608,6.842,0.702,6.140,6.140,0.000,0.000,0.000,0.000,57.0,
6.11.2025,18:38:39.413,19.032,28.141,21.148,3.052,250.0,250.0,81.130,22.965,8.827,48.755,35.624,22.086,13.538,21.830,6.956,0.807,6.149,65.073,0.000,0.000,0.000,0.000,57.0,
6.11.2025,18:38:40.413,21.750,30.843,23.814,3.085,250.0,250.0,78.117,23.692,8.853,74.215,51.295,31.807,19.488,31.417,6.850,0.701,6.149,6.149,0.000,0.000,0.500,0.000,57.0,
6.11.2025,18:38:41.413,21.750,29.933,22.856,3.116,250.0,250.0,79.385,25.530,8.873,48.456,35.470,21.997,13.473,21.729,7.046,0.888,6.158,91.206,0.000,0.000,0.000,0.375,57.0,
6.11.2025,18:38:42.405,27.188,28.920,21.926,3.102,250.0,250.0,80.970,24.254,8.886,76.285,52.601,32.617,19.984,32.216,6.886,0.704,6.182,6.182,0.000,0.000,0.000,0.000,57.0,
6.11.2025,18:38:43.407,28.547,29.951,22.918,3.064,250.0,250.0,81.755,45.619,8.897,75.269,51.973,32.223,19.750,31.834,114.885,32.740,82.145,6.471,0.000,0.000,0.000,0.000,57.0,
6.11.2025,18:38:44.404,17.672,26.583,19.568,3.060,250.0,250.0,77.811,44.945,8.875,75.764,52.262,32.404,19.858,32.014,110.947,29.615,81.332,6.378,0.000,0.000,0.000,0.000,57.0,
6.11.2025,18:38:45.410,28.547,27.673,20.678,3.039,250.0,250.0,78.329,23.302,8.885,72.723,50.391,31.245,19.146,30.867,6.813,0.690,6.123,6.140,0.000,0.000,0.000,0.000,57.0,
6.11.2025,18:38:46.413,23.110,27.092,20.173,3.018,250.0,250.0,78.820,23.421,8.874,73.113,50.617,31.388,19.229,31.010,6.928,0.703,6.225,6.123,0.000,0.000,0.000,0.625,57.0,
6.11.2025,18:38:47.416,20.391,28.297,21.267,3.098,250.0,250.0,82.080,26.225,8.835,74.349,51.369,31.848,19.521,31.471,19.266,2.855,16.411,6.327,0.000,0.000,0.000,0.000,57.0,
6.11.2025,18:38:48.413,16.313,28.003,20.997,3.070,250.0,250.0,79.020,23.564,8.824,73.785,51.008,31.632,19.376,31.254,6.813,0.690,6.123,6.132,0.000,0.000,0.000,0.000,57.0,
6.11.2025,18:38:49.406,23.110,28.376,21.451,3.012,250.0,250.0,82.098,46.776,8.867,71.991,49.913,30.948,18.965,30.583,125.000,34.476,90.524,6.489,0.000,0.000,0.000,0.000,57.0,
6.11.2025,18:38:50.406,25.829,32.277,25.207,3.084,250.0,250.0,78.116,23.322,8.870,72.803,50.429,31.275,19.154,30.898,6.825,0.693,6.132,6.140,0.000,0.000,0.000,0.000,57.0,
6.11.2025,18:38:51.403,29.907,27.604,20.625,3.059,250.0,250.0,79.790,20.888,8.854,63.484,44.706,27.716,16.990,27.386,6.811,0.697,6.114,6.123,0.000,0.000,0.000,0.000,57.0,
6.11.2025,18:38:52.413,19.032,27.869,20.887,3.095,250.0,250.0,80.988,30.680,8.851,73.405,50.791,31.487,19.304,31.110,42.746,5.631,37.115,6.361,0.000,0.000,0.000,0.000,57.0,
6.11.2025,18:38:53.414,17.672,27.676,20.676,3.035,250.0,250.0,76.839,23.131,8.850,72.118,49.987,30.993,18.994,30.616,6.814,0.691,6.123,6.123,0.000,0.000,0.000,0.000,57.0,
6.11.2025,18:38:54.413,17.672,29.699,22.701,3.064,250.0,250.0,81.373,40.024,8.839,72.058,49.948,30.969,18.979,30.604,91.211,20.461,70.750,6.420,0.000,0.000,0.000,0.000,57.0,
6.11.2025,18:38:55.413,25.829,28.305,21.363,3.045,250.0,250.0,78.499,23.359,8.878,72.838,50.462,31.295,19.167,30.917,6.940,0.779,6.161,6.158,0.000,0.000,0.000,0.000,57.0,
6.11.2025,18:38:56.404,19.032,26.914,19.931,3.056,250.0,250.0,79.254,23.217,8.823,72.461,50.196,31.123,19.073,30.746,6.813,0.690,6.123,6.123,0.000,0.000,0.000,0.250,57.0,
6.11.2025,18:38:57.414,16.313,26.050,19.077,3.051,250.0,250.0,81.845,53.543,8.885,49.190,35.925,22.279,13.646,22.011,6.813,0.690,6.123,369.866,0.000,0.000,0.000,0.000,57.0,
6.11.2025,18:38:58.414,27.188,26.890,19.936,3.036,250.0,250.0,78.505,21.148,8.958,64.052,45.095,27.960,17.135,27.631,7.180,0.895,6.285,6.285,0.000,0.000,0.000,0.000,57.0,
6.11.2025,18:38:59.413,19.032,26.553,19.598,3.034,250.0,250.0,79.170,29.745,8.946,71.922,49.935,30.969,18.966,30.591,39.772,14.152,25.620,6.573,0.000,0.000,0.000,0.000,57.0,
6.11.2025,18:39:0.413,16.313,27.762,20.718,3.108,250.0,250.0,78.357,23.623,8.932,73.759,51.059,31.658,19.401,31.281,6.943,0.718,6.225,6.259,0.000,0.000,0.500,0.000,57.0,
6.11.2025,18:39:1.413,17.672,29.407,22.340,3.149,250.0,250.0,78.539,23.499,8.835,73.494,50.843,31.526,19.317,31.148,6.834,0.694,6.140,6.158,0.000,0.000,0.000,0.000,57.0,
6.11.2025,18:39:2.413,14.953,26.704,19.691,3.078,250.0,250.0,82.741,28.636,8.823,43.678,32.518,20.165,12.353,19.921,6.860,0.728,6.132,135.181,0.000,0.000,0.000,0.000,57.0,
6.11.2025,18:39:3.413,19.032,28.221,21.243,3.062,250.0,250.0,78.467,36.015,8.872,73.693,50.988,31.610,19.378,31.233,68.944,12.130,56.814,6.489,0.000,0.000,0.000,0.000,57.0,
6.11.2025,18:39:4.414,24.469,27.592,20.648,3.003,250.0,250.0,78.937,23.323,8.885,72.667,50.361,31.237,19.124,30.859,6.947,0.780,6.167,6.208,0.000,0.001,0.000,0.000,57.0,
6.11.2025,18:39:5.412,17.672,26.969,19.971,3.078,250.0,250.0,78.013,23.587,8.971,73.700,51.072,31.673,19.399,31.283,6.818,0.695,6.123,6.140,0.000,0.000,0.000,0.000,57.0,
6.11.2025,18:39:6.414,33.985,26.490,19.521,3.053,250.0,250.0,81.834,25.729,8.860,72.633,50.319,31.209,19.110,30.832,18.962,2.538,16.424,6.403,0.000,0.000,0.000,0.000,57.0,
6.11.2025,18:39:7.414,17.672,26.876,19.866,3.066,250.0,250.0,78.583,23.648,8.857,73.978,51.143,31.715,19.428,31.326,6.931,0.740,6.191,6.165,0.000,0.000,0.000,0.000,57.0,
6.11.2025,18:39:8.414,32.625,28.489,21.504,3.034,250.0,250.0,81.652,46.763,8.904,72.124,50.028,31.024,19.004,30.647,124.745,34.204,90.541,6.412,0.000,0.000,0.000,0.000,57.0,
6.11.2025,18:39:9.413,13.594,25.939,18.983,3.052,250.0,250.0,78.245,23.282,8.857,72.521,50.246,31.165,19.081,30.787,6.933,0.708,6.225,6.293,0.000,0.000,0.000,0.000,57.0,
6.11.2025,18:39:10.409,27.188,29.442,22.420,3.070,250.0,250.0,78.225,23.692,8.801,74.219,51.268,31.793,19.475,31.416,6.865,0.700,6.165,6.216,0.000,0.000,0.000,0.000,57.0,
6.11.2025,18:39:11.405,19.032,30.168,23.068,3.117,250.0,250.0,81.864,25.435,8.821,58.351,41.497,25.733,15.764,25.417,16.971,4.421,12.550,44.827,0.000,0.000,0.000,0.000,57.0,
6.11.2025,18:39:12.408,19.032,27.892,20.918,3.051,250.0,250.0,78.753,23.606,8.893,73.781,51.073,31.671,19.402,31.281,6.889,0.707,6.182,6.182,0.000,0.000,0.000,0.000,57.0,
6.11.2025,18:39:13.413,21.750,25.906,18.928,3.048,250.0,250.0,82.218,23.523,8.890,73.567,50.915,31.571,19.344,31.193,6.815,0.692,6.123,6.123,0.000,0.000,0.000,0.000,57.0,
6.11.2025,18:39:14.413,24.469,26.414,19.421,3.051,250.0,250.0,78.055,47.084,8.893,73.179,50.673,31.413,19.260,31.036,124.951,34.206,90.745,6.480,0.000,0.000,0.000,0.000,57.0,
6.11.2025,18:39:15.405,17.672,25.985,19.018,3.066,250.0,250.0,78.960,23.478,8.832,73.293,50.704,31.446,19.258,31.069,6.964,0.714,6.250,6.250,0.000,0.000,0.000,0.000,57.0,
6.11.2025,18:39:16.410,24.469,28.084,21.109,3.044,250.0,250.0,81.750,23.527,8.807,73.658,50.929,31.584,19.345,31.195,6.814,0.691,6.123,6.123,0.000,0.000,0.000,0.000,57.0,
6.11.2025,18:39:17.410,14.953,25.379,18.380,3.051,250.0,250.0,78.622,40.067,8.769,72.490,50.162,31.106,19.056,30.729,91.059,20.355,70.704,6.242,0.000,0.000,0.000,0.000,57.0,
6.11.2025,18:39:18.410,14.953,27.421,20.501,3.007,250.0,250.0,78.249,23.154,8.785,72.214,50.014,31.018,18.996,30.641,6.857,0.699,6.158,6.158,0.000,0.000,0.000,0.000,57.0,
6.11.2025,18:39:19.404,24.469,27.923,20.874,3.111,250.0,250.0,78.205,36.591,8.831,69.954,48.666,30.168,18.498,29.803,76.933,27.575,49.358,6.123,0.000,0.000,2.625,2.000,57.0,
6.11.2025,18:39:20.404,27.188,37.171,29.556,3.593,250.0,250.0,78.480,23.496,8.898,73.335,50.786,31.492,19.294,31.102,6.910,0.711,6.199,6.234,0.000,0.000,0.000,0.000,57.0,
6.11.2025,18:39:21.413,32.625,30.795,23.346,3.427,250.0,250.0,78.963,23.728,8.894,74.283,51.361,31.843,19.518,31.466,6.855,0.697,6.158,6.208,0.000,0.000,0.000,0.000,57.0,
6.11.2025,18:39:22.411,21.750,30.761,23.721,3.109,250.0,250.0,82.366,33.756,8.837,66.110,46.307,28.719,17.588,28.366,6.823,0.700,6.123,127.982,0.000,0.000,0.000,0.000,57.0,
6.11.2025,18:39:23.414,24.469,27.601,20.563,3.067,250.0,250.0,78.764,23.459,8.796,73.140,50.603,31.379,19.224,30.990,7.091,0.797,6.294,6.276,0.000,0.000,0.000,0.000,57.0,
6.11.2025,18:39:24.413,13.594,25.854,18.897,3.073,250.0,250.0,78.300,23.640,8.765,74.082,51.155,31.718,19.437,31.341,6.862,0.704,6.158,6.182,0.000,0.000,0.000,0.000,57.0,
6.11.2025,18:39:25.413,17.672,26.668,19.643,3.066,250.0,250.0,82.750,38.013,8.853,74.144,51.251,31.781,19.470,31.404,78.546,27.806,50.740,6.140,0.000,0.000,0.000,0.000,57.0,
6.11.2025,18:39:26.413,17.672,26.503,19.537,3.055,250.0,250.0,79.606,23.726,8.822,74.316,51.354,31.842,19.512,31.452,6.866,0.708,6.158,6.234,0.000,0.000,0.000,0.000,57.0,
6.11.2025,18:39:27.404,23.110,29.323,22.327,3.049,250.0,250.0,79.125,23.482,8.861,73.416,50.802,31.499,19.303,31.121,6.833,0.693,6.140,6.149,0.000,0.000,0.000,0.250,57.0,
6.11.2025,18:39:28.403,20.391,29.660,22.707,3.048,250.0,250.0,81.895,40.286,8.868,68.818,47.971,29.741,18.230,29.388,94.644,30.303,64.341,10.552,0.000,0.000,0.000,0.000,57.0,
6.11.2025,18:39:29.413,25.829,26.487,19.411,3.118,250.0,250.0,79.215,23.550,8.870,73.506,50.870,31.544,19.326,31.155,6.996,0.760,6.236,6.234,0.000,0.000,0.000,0.000,57.0,
6.11.2025,18:39:30.413,20.391,27.121,20.163,3.055,250.0,250.0,79.395,23.522,8.835,73.588,50.891,31.554,19.337,31.177,6.844,0.695,6.149,6.149,0.000,0.000,0.000,0.000,57.0,
6.11.2025,18:39:31.414,32.625,26.679,19.684,3.055,250.0,250.0,81.922,47.237,8.883,73.310,50.754,31.475,19.279,31.097,125.566,34.805,90.761,6.446,0.000,0.000,0.000,0.000,57.0,
6.11.2025,18:39:32.409,32.625,26.679,19.684,3.085,250.0,250.0,79.049,23.321,8.870,72.747,50.385,31.246,19.139,30.869,6.885,0.703,6.182,6.182,0.000,0.000,0.000,0.000,57.0,
6.11.2025,18:39:33.405,35.344,29.416,22.327,3.128,250.0,250.0,81.162,15.351,8.774,42.187,31.576,19.573,12.003,19.341,6.967,0.844,6.123,6.123,0.000,0.000,0.000,0.000,57.0,
6.11.2025,18:39:34.408,24.469,28.749,21.737,3.079,250.0,250.0,74.590,22.225,8.927,68.516,47.847,29.670,18.177,29.304,6.833,0.693,6.140,6.140,0.000,0.000,0.000,0.000,57.0,
6.11.2025,18:39:35.414,24.469,23.991,17.043,3.029,250.0,250.0,76.829,22.066,8.932,67.919,47.465,29.424,18.041,29.071,6.833,0.693,6.140,6.140,0.000,0.000,0.000,0.000,57.0,
6.11.2025,18:39:36.407,21.750,25.571,18.682,3.023,250.0,250.0,76.192,21.950,8.907,67.453,47.151,29.235,17.916,28.894,6.879,0.697,6.182,6.182,0.000,0.000,0.000,0.000,57.0,
6.11.2025,18:39:37.413,24.469,26.339,19.391,3.003,250.0,250.0,75.967,21.798,8.854,66.878,46.768,29.000,17.768,28.660,6.928,0.703,6.225,6.190,0.000,0.000,0.000,0.000,57.0,
6.11.2025,18:39:38.404,24.469,25.598,18.709,3.020,250.0,250.0,76.236,22.100,8.905,67.918,47.452,29.423,18.029,29.070,6.987,0.720,6.267,6.225,0.000,0.000,0.000,0.000,57.0,
6.11.2025,18:39:39.405,16.313,25.905,19.011,2.972,250.0,250.0,76.786,22.096,8.845,68.084,47.523,29.471,18.052,29.106,6.862,0.697,6.165,6.158,0.000,0.000,0.000,0.000,57.0,
6.11.2025,18:39:40.406,17.672,28.736,21.686,3.076,250.0,250.0,76.141,21.936,8.861,67.442,47.127,29.218,17.909,28.865,6.878,0.704,6.174,6.182,0.000,0.000,0.000,0.000,57.0,
6.11.2025,18:39:41.404,24.469,25.611,18.723,3.011,250.0,250.0,77.285,22.294,8.920,68.777,47.987,29.759,18.228,29.406,6.852,0.694,6.158,6.158,0.000,0.000,0.000,0.000,57.0,
6.11.2025,18:39:42.406,24.469,25.536,18.449,3.123,250.0,250.0,78.515,21.913,8.846,67.171,46.969,29.116,17.853,28.763,7.140,1.000,6.140,6.132,0.000,0.000,0.000,0.000,57.0,
6.11.2025,18:39:43.407,29.907,27.520,20.523,3.065,250.0,250.0,77.642,21.956,8.934,67.491,47.204,29.277,17.927,28.924,6.833,0.693,6.140,6.132,0.000,0.000,0.000,0.000,57.0,
6.11.2025,18:39:44.405,19.032,29.951,22.931,3.099,250.0,250.0,72.159,22.928,8.967,71.107,49.464,30.667,18.797,30.302,6.908,0.772,6.136,6.158,0.000,0.000,0.000,0.000,57.0,
6.11.2025,18:39:45.406,23.110,29.884,22.759,3.165,250.0,250.0,75.378,22.635,8.919,70.021,48.753,30.238,18.515,29.873,6.892,0.734,6.158,6.242,0.000,0.000,0.000,0.125,57.0,
6.11.2025,18:39:46.413,17.672,28.711,21.604,3.114,250.0,250.0,76.145,46.130,8.912,76.015,52.461,32.526,19.935,32.136,116.454,33.318,83.136,6.403,0.000,0.000,0.000,0.000,57.0,
6.11.2025,18:39:47.414,31.266,29.723,22.616,3.146,250.0,250.0,69.490,22.075,8.849,68.098,47.514,29.461,18.053,29.108,6.766,0.685,6.081,6.140,0.000,0.000,0.000,1.500,57.0,
6.11.2025,18:39:48.408,23.110,31.139,24.094,3.073,250.0,250.0,77.407,22.236,8.856,68.640,47.879,29.690,18.189,29.324,6.813,0.690,6.123,6.158,0.000,0.000,0.000,0.000,57.0,
6.11.2025,18:39:49.408,17.672,26.618,19.813,2.932,250.0,250.0,74.200,13.204,8.813,33.998,26.553,16.467,10.086,16.271,6.885,0.703,6.182,6.081,0.000,0.000,0.000,0.000,57.0,
6.11.2025,18:39:50.408,17.672,28.417,21.477,3.015,250.0,250.0,63.291,24.548,8.838,45.825,33.857,21.000,12.857,20.744,7.122,0.719,6.403,88.114,0.000,0.000,0.000,0.000,57.0,
6.11.2025,18:39:51.409,16.313,29.082,22.081,3.101,250.0,250.0,79.455,24.915,8.872,78.607,54.041,33.515,20.526,33.113,7.082,0.826,6.256,6.310,0.000,0.000,0.750,0.000,57.0,
6.11.2025,18:39:52.414,25.829,27.860,20.811,3.115,250.0,250.0,83.541,45.508,8.870,73.377,50.775,31.490,19.285,31.113,117.013,33.201,83.812,6.140,0.000,0.000,0.000,0.000,57.0,
6.11.2025,18:39:53.412,17.672,28.867,21.860,3.046,250.0,250.0,79.412,23.718,8.910,74.120,51.247,31.780,19.467,31.402,6.991,0.771,6.220,6.276,0.000,0.000,0.375,0.000,57.0,
6.11.2025,18:39:54.413,24.469,27.697,20.742,3.030,250.0,250.0,79.380,23.664,8.860,74.097,51.237,31.772,19.465,31.395,6.825,0.693,6.132,6.165,0.000,0.000,0.000,0.000,57.0,
6.11.2025,18:39:55.414,19.032,26.388,19.435,3.015,250.0,250.0,82.301,56.790,8.869,59.928,42.512,26.365,16.147,26.048,40.395,14.517,25.878,307.242,0.000,0.000,0.000,0.000,57.0,
6.11.2025,18:39:56.417,25.829,27.965,21.012,3.057,250.0,250.0,79.392,23.418,8.872,72.911,50.485,31.308,19.177,30.931,7.137,0.845,6.292,6.225,0.000,0.000,0.000,0.000,57.0,
6.11.2025,18:39:57.409,17.672,27.208,20.246,3.060,250.0,250.0,82.875,24.079,9.045,75.451,52.180,32.360,19.820,31.971,6.905,0.746,6.159,6.158,0.000,0.000,1.125,0.000,57.0,
6.11.2025,18:39:58.412,16.313,28.529,21.401,3.146,250.0,250.0,80.941,23.911,9.044,74.673,51.697,32.058,19.639,31.669,7.037,0.775,6.262,6.259,0.000,0.000,0.000,0.000,57.0,
6.11.2025,18:39:59.413,17.672,27.487,20.555,3.038,250.0,250.0,83.842,24.278,8.931,54.281,39.074,24.234,14.840,23.942,6.998,0.793,6.205,63.486,0.000,0.000,0.000,0.000,57.0,
6.11.2025,18:40:0.412,23.110,30.551,23.427,3.124,250.0,250.0,81.269,23.552,8.919,73.569,50.946,31.590,19.356,31.200,6.878,0.696,6.182,6.182,0.000,0.000,0.000,0.000,57.0,
6.11.2025,18:40:1.411,19.032,29.442,22.482,3.059,250.0,250.0,83.319,27.547,8.914,74.720,51.656,32.026,19.630,31.637,25.282,3.375,21.907,6.327,0.000,0.000,0.000,0.000,57.0,
6.11.2025,18:40:2.407,17.672,29.410,22.428,3.027,250.0,250.0,80.588,23.980,8.872,75.106,51.840,32.150,19.690,31.761,7.081,0.862,6.219,6.216,0.000,0.000,0.000,0.000,57.0,
6.11.2025,18:40:3.405,17.672,27.271,20.251,3.103,250.0,250.0,83.859,45.708,8.948,73.479,50.899,31.562,19.337,31.185,117.580,33.537,84.043,6.514,0.000,0.000,0.000,0.000,57.0,
6.11.2025,18:40:4.406,24.469,27.189,20.266,3.041,250.0,250.0,79.666,23.683,9.031,73.952,51.240,31.774,19.466,31.397,6.888,0.698,6.190,6.190,0.000,0.000,0.000,0.000,57.0,
6.11.2025,18:40:5.413,33.985,27.113,20.146,3.024,250.0,250.0,82.260,23.683,9.011,73.602,51.023,31.637,19.386,31.247,6.862,0.697,6.165,6.165,0.000,0.000,0.000,0.000,57.0,
6.11.2025,18:40:6.410,25.829,26.878,19.914,3.025,250.0,250.0,82.260,23.579,9.011,73.602,51.023,31.637,19.386,31.247,6.862,0.697,6.165,6.165,0.000,0.000,0.000,0.000,57.0,
6.11.2025,18:40:7.413,27.188,28.627,21.663,3.065,250.0,250.0,80.524,47.142,9.090,73.285,50.854,31.537,19.317,31.160,124.802,34.308,90.494,6.573,0.000,0.000,0.000,0.000,57.0,
6.11.2025,18:40:8.413,14.953,25.828,18.850,3.053,250.0,250.0,80.495,23.684,9.053,73.023,50.673,31.429,19.244,31.051,8.032,1.007,7.025,6.302,0.000,0.000,0.000,0.000,57.0,
6.11.2025,18:40:9.413,16.313,27.314,20.307,3.075,250.0,250.0,79.823,23.636,9.028,73.730,51.100,31.690,19.410,31.300,6.942,0.764,6.178,6.216,0.000,0.000,0.000,2.125,57.0,
6.11.2025,18:40:10.414,24.469,30.007,22.965,3.121,250.0,250.0,83.842,22.320,8.887,47.835,35.099,21.765,13.334,21.509,7.191,0.728,6.463,60.391,0.000,0.000,0.000,2.125,57.0,
6.11.2025,18:40:11.411,17.672,28.306,21.370,3.032,250.0,250.0,79.939,31.720,8.898,73.201,50.694,31.427,19.267,31.049,48.152,6.161,41.991,6.361,0.000,0.000,0.000,0.500,57.0,
6.11.2025,18:40:12.411,17.672,27.993,20.894,3.092,250.0,250.0,79.751,23.740,8.912,74.276,51.369,31.856,19.513,31.467,6.914,0.748,6.166,6.182,0.000,0.000,0.000,0.375,57.0,
6.11.2025,18:40:13.411,17.672,29.775,22.852,3.022,250.0,250.0,83.528,47.623,8.962,75.206,51.988,32.235,19.753,31.845,124.819,34.377,90.442,6.598,0.000,0.000,0.000,0.000,57.0,
6.11.2025,18:40:14.414,20.391,26.310,19.377,2.992,250.0,250.0,79.697,23.869,8.939,74.737,51.691,32.053,19.638,31.675,6.878,0.696,6.182,6.199,0.000,0.000,0.000,0.875,57.0,
6.11.2025,18:40:15.412,20.391,29.960,22.958,3.049,250.0,250.0,83.487,47.126,8.973,76.803,52.986,32.856,20.130,32.467,120.221,34.022,86.199,6.598,0.000,0.000,0.875,0.000,57.0,
6.11.2025,18:40:16.413,29.907,26.418,19.556,2.991,250.0,250.0,79.966,24.883,9.068,78.298,53.953,33.458,20.495,33.044,7.104,0.789,6.315,6.310,0.000,0.000,0.000,0.000,57.0,
6.11.2025,18:40:17.410,14.953,27.866,20.867,3.028,250.0,250.0,80.917,24.648,9.065,77.614,53.537,33.194,20.343,32.804,6.872,0.698,6.174,6.174,0.000,0.000,0.000,0.000,57.0,
6.11.2025,18:40:18.406,17.672,27.040,20.093,3.005,250.0,250.0,80.664,48.262,8.950,77.456,53.361,33.090,20.271,32.688,125.230,34.603,90.627,6.343,0.000,0.000,0.000,0.375,57.0,
6.11.2025,18:40:19.416,27.188,28.176,21.272,3.015,250.0,250.0,79.311,24.284,8.899,76.350,52.657,32.654,20.003,32.252,6.921,0.738,6.183,6.182,0.000,0.000,0.000,0.000,57.0,
6.11.2025,18:40:20.414,16.313,30.618,23.569,3.073,250.0,250.0,83.257,81.550,8.983,66.556,46.662,28.933,17.729,28.592,84.518,29.243,55.275,449.013,0.000,0.000,0.000,2.500,57.0,
6.11.2025,18:40:21.407,27.188,26.050,19.108,3.048,250.0,250.0,79.650,24.767,8.971,78.093,53.759,33.329,20.430,32.927,6.966,0.731,6.235,6.234,0.000,0.000,0.000,0.000,57.0,
6.11.2025,18:40:22.413,25.829,35.302,27.728,3.545,250.0,250.0,79.551,24.276,8.981,76.237,52.615,32.623,19.992,32.234,6.944,0.753,6.191,6.190,0.000,0.000,1.750,0.000,57.0,
6.11.2025,18:40:23.415,17.672,31.113,23.792,3.328,250.0,250.0,80.996,43.310,8.969,65.727,46.142,28.611,17.531,28.270,51.124,18.499,32.625,135.602,0.000,0.000,0.000,0.000,57.0,
6.11.2025,18:40:24.412,27.188,26.870,19.921,3.008,250.0,250.0,80.203,24.263,8.922,76.163,52.551,32.587,19.964,32.186,7.006,0.761,6.245,6.242,0.000,0.000,0.000,0.000,57.0,
6.11.2025,18:40:25.411,10.875,28.799,21.901,2.993,250.0,250.0,79.061,23.528,8.846,73.513,50.848,31.526,19.322,31.149,6.936,0.753,6.183,6.199,0.000,0.000,0.000,0.000,57.0,
6.11.2025,18:40:26.406,16.313,28.148,21.219,3.002,250.0,250.0,82.063,23.581,8.881,73.596,50.913,31.569,19.344,31.192,7.017,0.771,6.246,6.285,0.000,0.000,0.500,0.000,57.0,
6.11.2025,18:40:27.412,19.032,28.233,21.284,3.025,250.0,250.0,81.881,23.100,8.891,47.038,34.584,21.447,13.137,21.191,7.212,0.783,6.429,70.290,0.000,0.000,0.000,0.000,57.0,
6.11.2025,18:40:28.416,19.032,28.628,21.741,2.979,250.0,250.0,79.283,23.524,8.906,73.329,50.772,31.483,19.289,31.105,7.028,0.774,6.254,6.302,0.000,0.000,0.000,0.000,57.0,
6.11.2025,18:40:29.412,28.547,29.223,22.284,3.008,250.0,250.0,80.231,22.117,8.961,68.033,47.573,29.502,18.071,29.149,6.851,0.693,6.158,6.182,0.000,0.000,0.000,0.000,57.0,
6.11.2025,18:40:30.413,17.672,30.277,23.289,3.059,250.0,250.0,82.479,43.592,9.117,71.805,49.955,30.978,18.977,30.601,109.166,32.255,76.911,6.158,0.000,0.000,0.000,0.000,57.0,
6.11.2025,18:40:31.413,29.907,28.222,21.211,3.088,250.0,250.0,79.889,23.878,9.080,74.604,51.676,32.040,19.636,31.651,6.941,0.750,6.191,6.208,0.000,0.000,0.000,0.000,57.0,
6.11.2025,18:40:32.409,28.547,30.094,23.081,3.066,250.0,250.0,82.984,47.128,8.912,73.061,50.626,31.396,19.230,31.019,125.200,34.510,90.690,6.633,0.000,0.000,0.000,0.000,57.0,
6.11.2025,18:40:33.408,17.672,28.979,22.072,3.004,250.0,250.0,79.809,23.725,8.891,74.240,51.344,31.834,19.510,31.445,6.897,0.698,6.199,6.190,0.000,0.000,0.000,0.000,57.0,
6.11.2025,18:40:34.404,20.391,28.081,21.110,3.032,250.0,250.0,82.880,47.155,8.825,73.485,50.832,31.522,19.310,31.145,124.910,34.264,90.646,6.607,0.000,0.000,0.000,0.000,57.0,
6.11.2025,18:40:35.414,28.547,27.811,20.915,3.019,250.0,250.0,78.622,23.541,8.879,73.452,50.855,31.536,19.319,31.146,6.995,0.758,6.237,6.234,0.000,0.000,0.000,0.000,57.0,
6.11.2025,18:40:36.406,19.032,29.165,22.213,2.999,250.0,250.0,82.408,33.792,8.898,73.380,50.806,31.509,19.297,31.131,58.217,8.592,49.625,6.471,0.000,0.000,0.000,0.000,57.0,
6.11.2025,18:40:37.403,17.672,27.014,20.018,3.042,250.0,250.0,80.769,45.785,8.863,73.723,50.998,31.624,19.374,31.247,117.718,33.630,84.088,6.582,0.000,0.000,0.000,0.000,57.0,
6.11.2025,18:40:38.404,23.110,26.400,19.493,3.003,250.0,250.0,79.916,23.525,8.878,73.374,50.780,31.483,19.297,31.106,7.046,0.800,6.246,6.242,0.000,0.000,0.000,0.000,57.0,
6.11.2025,18:40:39.413,31.266,27.918,20.954,3.030,250.0,250.0,82.617,31.466,8.874,64.406,45.269,28.072,17.197,27.731,29.062,8.592,20.470,64.987,0.000,0.000,0.000,0.000,57.0,
6.11.2025,18:40:40.411,16.313,30.210,23.221,3.064,250.0,250.0,80.285,23.819,8.938,74.463,51.491,31.929,19.562,31.539,7.010,0.757,6.253,6.250,0.000,0.000,0.000,0.000,57.0,
6.11.2025,18:40:41.411,19.032,30.263,23.295,3.065,250.0,250.0,83.299,39.422,8.888,67.025,46.891,29.072,17.819,28.731,10.760,1.724,9.036,174.274,0.000,0.002,0.000,0.000,57.0,
6.11.2025,18:40:42.410,17.672,27.692,20.745,3.014,250.0,250.0,80.331,23.755,8.889,74.379,51.419,31.889,19.530,31.499,6.879,0.697,6.182,6.190,0.000,0.000,0.000,0.000,57.0,
6.11.2025,18:40:43.408,20.391,28.125,21.168,3.018,250.0,250.0,80.838,23.775,8.946,74.230,51.352,31.841,19.511,31.463,7.060,0.780,6.280,6.285,0.000,0.000,0.000,0.000,57.0,
6.11.2025,18:40:44.413,23.110,28.050,21.073,3.014,250.0,250.0,82.396,46.268,8.972,73.722,51.071,31.673,19.398,31.283,120.018,33.739,86.279,6.522,0.000,0.000,0.000,0.000,57.0,
6.11.2025,18:40:45.407,24.469,25.419,18.543,2.993,250.0,250.0,79.308,23.475,8.982,73.183,50.740,31.457,19.283,31.079,6.907,0.708,6.199,6.208,0.000,0.000,0.000,0.000,57.0,
6.11.2025,18:40:46.405,29.907,25.870,18.944,2.995,250.0,250.0,82.337,38.809,8.920,73.742,51.036,31.646,19.390,31.269,82.875,28.826,54.049,6.335,0.000,0.000,0.000,0.000,57.0,
6.11.2025,18:40:47.413,19.032,26.729,19.773,3.038,250.0,250.0,78.704,23.521,8.950,73.321,50.809,31.506,19.303,31.129,6.977,0.756,6.221,6.234,0.000,0.000,0.000,0.000,57.0,
6.11.2025,18:40:48.413,24.469,26.002,19.153,2.968,250.0,250.0,82.737,88.158,8.915,69.369,48.349,29.984,18.365,29.618,110.853,32.586,78.267,455.272,0.000,0.000,0.000,0.000,57.0,
6.11.2025,18:40:49.404,19.032,26.436,19.459,3.026,250.0,250.0,79.701,23.692,8.938,73.919,51.161,31.729,19.432,31.340,7.060,0.806,6.254,6.285,0.000,0.000,0.000,0.000,57.0,
6.11.2025,18:40:50.413,23.110,28.916,21.966,3.028,250.0,250.0,82.853,20.143,8.962,60.429,42.916,26.611,16.305,26.282,6.871,0.706,6.165,6.182,0.000,0.000,0.000,0.500,57.0,
6.11.2025,18:40:51.413,23.110,25.202,18.199,3.060,250.0,250.0,79.626,22.183,8.917,68.355,47.715,29.590,18.125,29.237,6.863,0.698,6.165,6.165,0.000,0.000,0.000,0.000,57.0,
6.11.2025,18:40:52.413,16.313,25.804,18.929,2.987,250.0,250.0,77.288,17.623,8.991,50.739,36.964,22.923,14.041,22.642,6.881,0.716,6.165,6.165,0.000,0.000,0.000,0.000,57.0,
6.11.2025,18:40:53.413,23.110,25.609,18.728,2.974,250.0,250.0,78.262,43.844,9.018,67.947,47.547,29.485,18.062,29.120,115.497,32.457,83.040,6.267,0.000,0.000,0.000,0.000,57.0,
6.11.2025,18:40:54.414,24.469,27.412,20.534,2.942,250.0,250.0,77.669,22.172,9.130,67.958,47.611,29.524,18.087,29.170,6.987,0.720,6.267,6.267,0.000,0.000,1.250,0.000,31.0,
6.11.2025,18:40:55.406,17.672,27.212,20.398,2.931,250.0,250.0,77.092,22.143,8.982,67.963,47.521,29.472,18.049,29.119,7.015,0.722,6.293,6.293,0.000,0.000,0.000,0.000,31.0,
6.11.2025,18:40:56.415,25.829,27.780,20.913,2.949,250.0,250.0,77.540,22.238,8.955,68.472,47.832,29.664,18.168,29.298,6.897,0.698,6.199,6.199,0.000,0.000,0.000,0.000,31.0,
6.11.2025,18:40:57.413,17.672,24.813,17.907,2.950,250.0,250.0,77.292,28.202,9.015,74.380,51.500,31.935,19.565,31.557,28.810,8.466,20.344,6.450,0.000,0.000,0.000,0.000,31.0,
6.11.2025,18:40:58.414,24.469,24.207,17.416,2.909,250.0,250.0,77.668,44.354,9.009,69.898,48.751,30.223,18.528,29.858,115.558,32.445,83.113,6.158,0.000,0.000,1.750,2.375,31.0,
6.11.2025,18:40:59.406,17.672,26.519,19.632,2.923,250.0,250.0,80.828,22.201,9.045,68.148,47.683,29.560,18.123,29.207,6.986,0.719,6.267,6.267,0.000,0.000,0.000,0.250,31.0,
6.11.2025,18:41:0.414,21.750,26.417,19.547,2.948,250.0,250.0,74.495,22.086,9.022,67.831,47.462,29.437,18.025,29.084,6.898,0.699,6.199,6.199,0.000,0.000,0.000,0.000,31.0,
6.11.2025,18:41:1.414,19.032,28.288,21.383,2.997,250.0,250.0,71.630,28.559,9.042,67.453,47.251,29.301,17.950,28.948,39.715,4.701,35.014,6.216,0.000,0.000,0.000,0.000,31.0,
6.11.2025,18:41:2.413,19.032,26.330,19.486,2.926,250.0,250.0,73.989,15.320,8.956,41.972,31.560,19.574,11.986,19.342,6.833,0.693,6.140,6.140,0.000,0.000,0.000,0.000,31.0,
6.11.2025,18:41:3.414,16.313,29.786,22.979,2.941,250.0,250.0,74.219,22.178,9.106,68.140,47.708,29.584,18.124,29.231,6.861,0.696,6.165,6.165,0.000,0.000,2.500,0.000,31.0,
6.11.2025,18:41:4.407,17.672,26.035,19.201,2.937,250.0,250.0,72.949,22.199,9.083,68.215,47.747,29.610,18.137,29.245,6.885,0.703,6.182,6.182,0.000,0.000,0.000,0.000,31.0,
6.11.2025,18:41:5.413,27.188,26.652,19.781,2.928,250.0,250.0,70.880,34.699,8.984,68.091,47.617,29.528,18.089,29.162,69.545,13.990,55.555,6.429,0.000,0.000,0.000,0.000,31.0,
6.11.2025,18:41:6.414,24.469,27.830,20.950,3.000,250.0,250.0,73.966,13.157,8.967,33.656,26.441,16.393,10.048,16.197,6.880,0.715,6.165,6.106,0.000,0.000,0.000,0.000,31.0,
6.11.2025,18:41:7.415,16.313,28.704,21.703,3.079,250.0,250.0,63.994,36.670,9.031,74.509,51.583,31.987,19.596,31.598,70.961,12.463,58.498,6.471,0.000,0.000,0.500,0.000,31.0,
6.11.2025,18:41:8.414,21.750,27.287,20.334,3.025,250.0,250.0,80.744,23.674,9.031,73.916,51.203,31.754,19.449,31.376,6.900,0.701,6.199,6.208,0.000,0.000,0.000,0.000,31.0,
6.11.2025,18:41:9.413,14.953,28.548,21.577,3.038,250.0,250.0,81.889,21.789,8.938,66.742,46.764,28.999,17.765,28.645,6.937,0.703,6.234,6.165,0.000,0.000,0.000,0.000,31.0,
6.11.2025,18:41:10.413,14.953,28.548,21.577,3.038,250.0,250.0,78.644,23.796,8.887,74.460,51.474,31.914,19.560,31.524,6.948,0.706,6.242,6.250,0.000,0.000,0.000,2.125,31.0,
6.11.2025,18:41:11.410,25.829,29.478,22.492,3.013,250.0,250.0,82.748,30.853,8.871,57.735,41.167,25.529,15.638,25.212,21.932,5.768,16.164,90.515,0.000,0.001,0.000,0.000,31.0,
6.11.2025,18:41:12.412,39.422,30.323,23.257,3.107,250.0,250.0,79.362,23.551,8.888,73.545,50.889,31.561,19.328,31.184,6.938,0.713,6.225,6.234,0.000,0.000,0.000,0.000,31.0,
6.11.2025,18:41:13.406,19.032,29.644,22.665,3.048,250.0,250.0,79.922,25.319,8.913,50.767,36.910,22.887,14.023,22.619,15.692,3.671,12.021,65.682,0.000,0.000,0.000,0.000,31.0,
6.11.2025,18:41:14.407,19.032,28.493,21.583,2.986,250.0,250.0,79.254,23.404,8.997,72.713,50.451,31.288,19.163,30.911,7.091,0.787,6.304,6.335,0.000,0.000,0.000,0.000,31.0,
6.11.2025,18:41:15.407,19.032,25.673,18.680,3.060,250.0,250.0,80.169,33.306,9.081,70.820,49.332,30.595,18.737,30.230,48.546,17.788,30.758,27.177,0.000,0.000,2.250,0.000,31.0,
6.11.2025,18:41:16.413,14.953,27.641,20.719,3.029,250.0,250.0,79.758,23.392,9.005,72.836,50.535,31.329,19.206,30.951,6.919,0.703,6.216,6.216,0.000,0.000,0.000,0.000,31.0,
6.11.2025,18:41:17.413,36.704,26.909,19.913,3.050,250.0,250.0,81.115,24.205,9.024,75.798,52.389,32.478,19.911,32.088,7.100,0.935,6.165,6.165,0.000,0.000,0.000,0.000,31.0,
6.11.2025,18:41:18.409,17.672,27.135,20.119,3.048,250.0,250.0,79.098,25.557,8.914,74.856,51.718,32.073,19.645,31.684,15.147,1.988,13.159,6.386,0.000,0.000,0.000,0.000,31.0,
6.11.2025,18:41:19.413,19.032,25.801,18.904,2.999,250.0,250.0,78.995,23.367,8.899,72.862,50.480,31.308,19.172,30.931,6.907,0.699,6.208,6.208,0.000,0.000,0.125,0.000,31.0,
6.11.2025,18:41:20.409,20.391,28.223,21.236,3.026,250.0,250.0,81.725,29.675,8.906,69.067,48.157,29.860,18.297,29.507,43.325,15.952,27.373,6.302,0.000,0.000,0.000,0.000,31.0,
6.11.2025,18:41:21.406,32.625,28.093,21.138,3.017,250.0,250.0,78.781,23.860,9.051,74.552,51.620,32.016,19.604,31.626,6.949,0.715,6.234,6.234,0.000,0.000,0.000,0.000,31.0,
6.11.2025,18:41:22.405,17.672,27.787,20.760,3.088,250.0,250.0,82.294,25.184,8.898,45.298,33.542,20.796,12.746,20.540,6.879,0.697,6.182,96.262,0.000,0.000,0.000,0.000,31.0,
6.11.2025,18:41:23.408,32.625,26.924,19.934,3.036,250.0,250.0,79.288,22.348,8.931,47.968,35.180,21.812,13.368,21.556,6.871,0.697,6.174,60.922,0.000,0.000,0.000,0.000,31.0,
6.11.2025,18:41:24.413,29.907,34.007,26.455,3.551,250.0,250.0,79.182,38.905,8.981,74.926,51.818,32.135,19.683,31.745,81.705,17.041,64.664,6.352,0.000,0.000,0.000,0.000,31.0,
6.11.2025,18:41:25.407,17.672,29.828,22.555,3.280,250.0,250.0,79.603,23.723,8.990,74.133,51.320,31.824,19.496,31.446,6.907,0.699,6.208,6.208,0.000,0.000,0.750,0.000,31.0,
6.11.2025,18:41:26.408,31.266,25.694,18.784,2.994,250.0,250.0,79.032,23.608,8.919,73.774,51.058,31.662,19.396,31.273,6.898,0.699,6.199,6.199,0.000,0.000,0.000,0.000,31.0,
6.11.2025,18:41:27.412,16.313,26.745,19.826,3.008,250.0,250.0,82.449,23.858,8.920,74.595,51.571,31.979,19.592,31.590,7.018,0.725,6.293,6.293,0.000,0.000,0.375,0.000,31.0,
6.11.2025,18:41:28.413,19.032,28.896,21.921,3.014,250.0,250.0,79.208,23.855,8.944,74.631,51.613,32.007,19.606,31.618,6.950,0.716,6.234,6.234,0.000,0.000,0.000,0.000,31.0,
6.11.2025,18:41:29.410,24.469,26.377,19.482,2.986,250.0,250.0,79.792,23.548,8.983,73.455,50.903,31.569,19.334,31.192,6.912,0.704,6.208,6.216,0.000,0.000,0.000,0.000,31.0,
6.11.2025,18:41:30.413,17.672,30.095,23.079,3.046,250.0,250.0,83.310,35.675,8.923,74.976,51.815,32.129,19.686,31.739,65.565,23.727,41.838,6.347,0.000,0.000,0.000,0.000,31.0,
6.11.2025,18:41:31.413,19.032,29.297,22.347,3.043,250.0,250.0,79.842,23.448,8.961,72.993,50.603,31.370,19.233,30.992,7.021,0.768,6.253,6.285,0.000,0.000,0.000,2.375,31.0,
6.11.2025,18:41:32.414,16.313,27.159,20.194,3.032,250.0,250.0,78.785,23.701,8.920,74.069,51.246,31.775,19.471,31.386,6.957,0.748,6.209,6.225,0.000,0.000,0.000,0.000,31.0,
6.11.2025,18:41:33.414,17.672,28.780,21.717,3.116,250.0,250.0,78.570,23.417,8.885,73.082,50.609,31.383,19.226,30.993,6.889,0.707,6.182,6.216,0.000,0.000,0.000,0.000,31.0,
6.11.2025,18:41:34.407,16.313,28.235,21.263,3.048,250.0,250.0,81.809,29.963,8.846,71.507,49.609,30.760,18.849,30.395,41.738,15.112,26.626,6.190,0.000,0.000,2.125,0.500,31.0,
6.11.2025,18:41:35.407,16.313,28.188,21.233,3.030,250.0,250.0,78.522,28.700,8.894,72.556,50.277,31.179,19.098,30.802,33.923,4.448,29.475,6.352,0.000,0.000,0.000,0.000,31.0,
6.11.2025,18:41:36.413,14.953,26.184,19.200,3.047,250.0,250.0,78.492,23.558,8.958,73.437,50.857,31.536,19.321,31.159,7.016,0.779,6.237,6.285,0.000,0.000,0.000,0.000,31.0,
6.11.2025,18:41:37.413,19.032,29.463,22.495,3.040,250.0,250.0,78.681,23.317,8.952,72.601,50.362,31.221,19.141,30.843,6.918,0.702,6.216,6.216,0.000,0.000,1.625,2.250,31.0,
6.11.2025,18:41:38.414,17.672,27.450,20.550,3.005,250.0,250.0,82.100,13.651,8.962,35.047,27.284,16.918,10.366,16.722,7.325,0.760,6.565,6.565,0.000,0.000,0.000,0.000,31.0,
6.11.2025,18:41:39.405,23.110,28.788,21.805,3.062,250.0,250.0,78.677,41.344,8.985,72.658,50.421,31.256,19.165,30.879,96.808,23.369,73.439,6.463,0.000,0.000,0.000,0.000,31.0,
6.11.2025,18:41:40.413,21.750,27.454,20.431,3.065,250.0,250.0,78.821,23.402,8.892,72.904,50.511,31.320,19.191,30.943,7.008,0.763,6.245,6.242,0.000,0.000,0.000,0.500,31.0,
6.11.2025,18:41:41.413,17.672,27.071,20.111,3.044,250.0,250.0,82.204,25.119,8.862,45.053,33.356,20.684,12.672,20.440,7.095,0.905,6.190,95.937,0.000,0.001,0.000,0.000,31.0,
6.11.2025,18:41:42.413,21.750,30.541,23.439,3.117,250.0,250.0,78.322,46.946,8.899,72.281,50.122,31.074,19.048,30.697,125.372,34.427,90.945,6.598,0.000,0.000,0.000,0.000,31.0,
6.11.2025,18:41:43.413,23.110,28.921,21.963,3.051,250.0,250.0,78.654,45.544,8.900,72.940,50.541,31.340,19.201,30.963,117.477,33.317,84.160,6.598,0.000,0.000,0.000,0.000,31.0,
6.11.2025,18:41:44.413,19.032,29.159,22.176,3.041,250.0,250.0,79.359,23.690,8.896,74.036,51.202,31.746,19.456,31.369,6.990,0.773,6.217,6.216,0.000,0.000,0.000,0.000,31.0,
6.11.2025,18:41:45.410,25.829,28.125,21.153,3.076,250.0,250.0,82.598,23.690,8.837,45.971,33.919,21.027,12.892,20.771,11.713,2.349,9.364,56.629,0.000,0.000,0.000,0.000,31.0,
6.11.2025,18:41:46.411,29.907,28.379,21.425,3.015,250.0,250.0,82.598,22.347,8.837,45.971,33.919,21.027,12.892,20.771,11.713,2.349,9.364,56.629,0.000,0.001,0.000,0.000,31.0,
6.11.2025,18:41:47.405,31.266,28.440,21.430,3.069,250.0,250.0,79.335,25.272,8.983,73.864,51.155,31.718,19.437,31.329,14.932,1.943,12.989,6.369,0.000,0.000,0.000,0.000,31.0,
6.11.2025,18:41:48.415,14.953,26.555,19.634,3.010,250.0,250.0,79.901,23.282,8.910,72.421,50.240,31.147,19.093,30.770,6.996,0.758,6.238,6.250,0.000,0.000,0.000,0.000,31.0,
6.11.2025,18:41:49.413,19.032,24.674,17.684,3.057,250.0,250.0,82.544,20.650,8.900,62.435,44.085,27.330,16.755,27.001,6.897,0.698,6.199,6.199,0.000,0.000,0.000,0.000,31.0,
6.11.2025,18:41:50.404,28.547,30.099,23.079,3.098,250.0,250.0,79.268,45.593,8.871,73.104,50.614,31.386,19.228,30.997,117.688,33.507,84.181,6.352,0.000,0.000,0.000,0.000,31.0,
6.11.2025,18:41:51.405,20.391,28.379,21.354,3.065,250.0,250.0,78.916,23.678,8.902,73.924,51.162,31.725,19.437,31.336,7.022,0.769,6.253,6.250,0.000,0.000,0.000,0.000,31.0,
6.11.2025,18:41:52.414,16.313,27.495,20.549,3.058,250.0,250.0,81.626,23.171,8.931,72.081,50.015,31.019,18.996,30.641,6.906,0.698,6.208,6.216,0.000,0.000,0.000,0.000,31.0,
6.11.2025,18:41:53.412,24.469,26.083,19.062,3.110,250.0,250.0,79.504,17.582,8.895,43.992,32.716,20.291,12.425,20.047,7.378,0.745,6.633,22.701,0.000,0.000,0.000,0.000,31.0,
6.11.2025,18:41:54.410,24.469,27.639,20.616,3.055,250.0,250.0,79.251,28.278,8.960,73.314,50.797,31.491,19.306,31.114,30.687,4.042,26.645,6.420,0.000,0.000,0.000,0.000,31.0,
6.11.2025,18:41:55.407,17.672,29.915,22.981,3.059,250.0,250.0,78.907,23.853,8.907,74.638,51.595,31.987,19.608,31.598,6.983,0.757,6.226,6.234,0.000,0.000,0.000,0.000,31.0,
6.11.2025,18:41:56.408,27.188,28.342,21.302,3.105,250.0,250.0,83.222,23.392,8.841,72.985,50.556,31.357,19.199,30.980,6.899,0.700,6.199,6.199,0.000,0.001,0.000,0.375,31.0,
6.11.2025,18:41:57.413,23.110,28.200,21.136,3.113,250.0,250.0,79.797,48.107,8.889,76.763,52.907,32.804,20.103,32.402,125.348,34.639,90.709,6.505,0.000,0.000,0.000,0.000,31.0,
6.11.2025,18:41:58.405,21.750,31.353,24.154,3.222,250.0,250.0,80.505,24.588,8.876,77.478,53.333,33.064,20.269,32.662,6.969,0.710,6.259,6.259,0.000,0.000,0.000,0.000,31.0,
6.11.2025,18:41:59.413,25.829,27.755,20.794,3.069,250.0,250.0,79.498,24.382,8.910,76.663,52.855,32.777,20.078,32.375,6.955,0.705,6.250,6.250,0.000,0.000,0.000,0.000,31.0,
6.11.2025,18:42:0.411,17.672,29.149,22.108,3.112,250.0,250.0,83.624,24.367,8.907,76.647,52.845,32.771,20.074,32.370,6.919,0.703,6.216,6.216,0.000,0.001,0.000,0.000,31.0,
6.11.2025,18:42:1.413,31.266,31.048,23.986,3.120,250.0,250.0,79.670,29.848,9.027,59.759,42.511,26.352,16.159,26.035,7.260,0.882,6.378,104.121,0.000,0.000,2.375,0.000,31.0,
6.11.2025,18:42:2.413,16.313,29.824,22.723,3.151,250.0,250.0,79.488,24.516,9.078,76.684,52.952,32.835,20.117,32.445,7.357,0.892,6.465,6.335,0.000,0.000,0.000,0.000,31.0,
6.11.2025,18:42:3.413,32.625,26.896,19.895,3.058,250.0,250.0,79.820,24.748,8.963,78.010,53.735,33.310,20.425,32.908,6.950,0.716,6.234,6.234,0.000,0.000,1.500,0.000,31.0,
6.11.2025,18:42:4.413,19.032,25.163,18.236,3.032,250.0,250.0,81.012,28.632,8.948,53.123,38.383,23.805,14.578,23.512,7.172,0.726,6.446,109.630,0.000,0.000,0.000,0.000,31.0,
6.11.2025,18:42:5.407,14.953,25.384,18.363,3.054,250.0,250.0,81.310,25.702,8.914,75.448,52.097,32.300,19.797,31.910,15.113,1.989,13.124,6.327,0.000,0.000,0.000,0.000,31.0,
6.11.2025,18:42:6.410,17.672,26.341,19.413,3.008,250.0,250.0,79.403,23.978,8.878,75.189,51.919,32.194,19.725,31.804,6.924,0.708,6.216,6.225,0.000,0.000,0.000,0.000,31.0,
6.11.2025,18:42:7.410,24.469,28.391,21.411,3.041,250.0,250.0,83.127,36.167,8.877,74.709,51.614,32.003,19.611,31.613,68.306,11.879,56.427,6.633,0.000,0.000,0.000,0.000,31.0,
6.11.2025,18:42:8.409,17.672,26.575,19.596,3.032,250.0,250.0,79.556,23.930,8.885,74.938,51.763,32.095,19.668,31.705,6.992,0.757,6.235,6.267,0.000,0.000,0.000,0.000,31.0,
6.11.2025,18:42:9.404,17.672,27.847,20.889,3.043,250.0,250.0,78.167,21.982,8.865,67.578,47.225,29.283,17.942,28.929,6.897,0.698,6.199,6.208,0.000,0.000,0.000,0.000,31.0,
6.11.2025,18:42:10.413,14.953,26.626,19.609,3.066,250.0,250.0,77.650,22.394,8.949,69.080,48.194,29.881,18.313,29.515,6.898,0.699,6.199,6.216,0.000,0.000,0.000,0.000,31.0,
6.11.2025,18:42:11.414,24.469,28.335,21.356,3.077,250.0,250.0,77.897,22.901,8.948,70.895,49.321,30.579,18.742,30.213,6.996,0.720,6.276,6.318,0.000,0.000,0.000,0.000,31.0,
6.11.2025,18:42:12.412,21.750,28.080,21.073,3.093,250.0,250.0,78.304,44.151,8.875,68.659,47.903,29.706,18.197,29.341,116.217,32.821,83.396,6.394,0.000,0.000,0.000,0.000,31.0,
6.11.2025,18:42:13.414,20.391,25.800,18.816,3.040,250.0,250.0,76.024,35.659,8.798,53.766,38.680,23.983,14.697,23.702,16.897,4.283,12.614,159.171,0.000,0.000,2.375,0.000,31.0,
6.11.2025,18:42:14.409,20.391,29.016,22.089,3.046,250.0,250.0,74.754,21.954,8.822,67.535,47.149,29.234,17.915,28.893,6.897,0.698,6.199,6.199,0.000,0.000,0.000,0.000,31.0,
6.11.2025,18:42:15.410,17.672,28.129,21.145,3.034,250.0,250.0,74.861,21.975,8.882,67.542,47.208,29.265,17.943,28.912,6.898,0.699,6.199,6.199,0.000,0.000,0.000,0.500,31.0,
6.11.2025,18:42:16.407,23.110,26.772,19.851,3.007,250.0,250.0,76.876,32.542,8.920,84.351,57.561,35.694,21.867,35.256,23.290,5.975,17.315,35.194,0.000,0.000,0.000,0.000,31.0,
6.11.2025,18:42:17.406,21.750,25.981,19.056,3.011,250.0,250.0,80.737,44.037,8.895,68.317,47.698,29.579,18.119,29.226,116.088,32.851,83.237,6.361,0.000,0.000,0.000,0.000,31.0,
6.11.2025,18:42:18.409,21.750,27.108,20.241,2.946,250.0,250.0,74.740,68.574,8.845,63.078,44.422,27.549,16.873,27.221,60.634,22.630,38.004,376.483,0.000,0.000,0.000,0.000,31.0,
6.11.2025,18:42:19.406,16.313,27.301,20.397,2.935,250.0,250.0,70.939,22.349,8.847,69.009,48.089,29.815,18.274,29.462,6.897,0.698,6.199,6.199,0.000,0.000,0.000,0.000,31.0,
6.11.2025,18:42:20.412,17.672,28.750,21.787,3.033,250.0,250.0,74.186,22.153,8.813,68.263,47.611,29.528,18.083,29.175,6.920,0.704,6.216,6.216,0.000,0.000,2.625,0.000,31.0,
6.11.2025,18:42:21.406,17.672,25.404,18.497,2.989,250.0,250.0,74.382,22.274,8.822,68.632,47.840,29.665,18.175,29.300,7.009,0.722,6.287,6.285,0.000,0.001,0.000,0.000,31.0,
6.11.2025,18:42:22.416,28.547,25.536,18.640,3.002,250.0,250.0,73.749,14.100,8.815,37.404,28.669,17.776,10.893,17.556,6.861,0.696,6.165,6.165,0.000,0.000,0.000,0.000,31.0,
6.11.2025,18:42:23.413,16.313,26.231,19.337,2.960,250.0,250.0,71.617,22.060,8.891,67.877,47.424,29.409,18.015,29.043,6.879,0.697,6.182,6.182,0.000,0.000,0.500,0.000,31.0,
6.11.2025,18:42:24.412,27.188,28.862,21.887,3.043,250.0,250.0,73.051,13.166,8.976,33.673,26.462,16.403,10.059,16.207,6.879,0.705,6.174,6.123,0.000,0.000,0.000,0.000,31.0,
6.11.2025,18:42:25.405,23.110,34.403,26.787,3.599,250.0,250.0,59.774,47.328,8.993,73.939,51.203,31.754,19.449,31.377,124.996,34.520,90.476,6.573,0.000,0.000,0.375,0.000,31.0,
6.11.2025,18:42:26.403,27.188,29.050,21.862,3.208,250.0,250.0,79.759,23.820,8.897,74.456,51.477,31.916,19.561,31.526,7.056,0.840,6.216,6.250,0.000,0.000,0.000,0.000,31.0,
6.11.2025,18:42:27.413,28.547,24.926,17.933,3.079,250.0,250.0,83.425,39.634,8.803,64.965,45.607,28.276,17.331,27.935,7.121,0.778,6.343,189.177,0.000,0.000,0.000,0.000,31.0,
6.11.2025,18:42:28.414,16.313,27.601,20.628,3.028,250.0,250.0,80.365,44.551,8.860,74.183,51.290,31.799,19.491,31.421,110.943,29.876,81.067,6.582,0.000,0.000,0.000,0.000,31.0,
6.11.2025,18:42:29.411,14.953,25.676,18.765,3.035,250.0,250.0,80.278,23.935,8.839,74.930,51.749,32.084,19.665,31.695,7.026,0.773,6.253,6.335,0.000,0.000,0.000,0.000,31.0,
6.11.2025,18:42:30.407,17.672,29.202,22.142,3.104,250.0,250.0,79.123,23.720,8.892,74.127,51.274,31.792,19.482,31.403,6.989,0.754,6.235,6.250,0.000,0.000,0.000,0.500,31.0,
6.11.2025,18:42:31.405,19.032,27.789,20.779,3.041,250.0,250.0,82.353,23.787,8.863,74.467,51.454,31.905,19.549,31.527,6.939,0.749,6.190,6.225,0.000,0.000,0.000,0.000,31.0,
6.11.2025,18:42:32.413,19.032,26.624,19.626,3.108,250.0,250.0,79.706,16.920,8.819,47.941,35.158,21.798,13.360,21.529,7.200,0.729,6.471,6.199,0.000,0.000,0.000,0.000,31.0,
6.11.2025,18:42:33.415,20.391,24.950,17.982,3.035,250.0,250.0,79.323,47.027,8.876,72.720,50.402,31.247,19.155,30.869,125.301,34.746,90.555,6.403,0.000,0.000,0.000,0.000,31.0,
6.11.2025,18:42:34.415,25.829,28.223,21.219,3.027,250.0,250.0,79.729,24.308,8.913,76.259,52.609,32.625,19.985,32.235,7.083,0.794,6.289,6.285,0.000,0.000,0.000,0.000,31.0,
6.11.2025,18:42:35.413,23.110,27.087,20.161,3.020,250.0,250.0,80.304,23.657,8.829,73.948,51.128,31.707,19.421,31.317,6.995,0.758,6.237,6.234,0.000,0.000,0.000,0.000,31.0,
6.11.2025,18:42:36.414,23.110,26.831,19.876,3.042,250.0,250.0,82.807,19.122,8.863,56.587,40.484,25.103,15.381,24.810,6.897,0.698,6.199,6.199,0.000,0.000,0.000,0.000,31.0,
6.11.2025,18:42:37.413,13.594,27.199,20.245,3.012,250.0,250.0,79.243,23.773,8.863,74.296,51.354,31.842,19.512,31.453,7.064,0.776,6.288,6.285,0.000,0.000,0.000,0.000,31.0,
6.11.2025,18:42:38.414,17.672,25.095,18.173,3.017,250.0,250.0,80.535,24.064,8.871,75.422,52.063,32.282,19.781,31.892,7.037,0.775,6.262,6.259,0.000,0.000,0.000,0.000,31.0,
6.11.2025,18:42:39.413,17.672,29.491,22.509,3.041,250.0,250.0,83.383,18.166,8.860,52.909,38.232,23.711,14.521,23.430,6.897,0.698,6.199,6.199,0.000,0.000,0.000,0.500,31.0,
6.11.2025,18:42:40.412,14.953,29.715,22.709,3.059,250.0,250.0,80.516,25.338,8.852,74.024,51.168,31.726,19.442,31.349,15.187,1.999,13.188,6.446,0.000,0.000,0.000,0.000,31.0,
6.11.2025,18:42:41.413,33.985,26.741,19.809,3.018,250.0,250.0,80.375,23.690,8.825,74.108,51.204,31.754,19.450,31.365,6.961,0.711,6.250,6.267,0.000,0.000,0.000,0.000,31.0,
6.11.2025,18:42:42.413,17.672,28.937,21.906,3.085,250.0,250.0,82.504,23.944,8.800,75.131,51.831,32.148,19.683,31.758,6.928,0.703,6.225,6.234,0.000,0.000,0.000,0.000,31.0,
6.11.2025,18:42:43.405,17.672,28.937,21.906,3.085,250.0,250.0,79.889,47.380,8.839,74.490,51.474,31.917,19.557,31.527,124.799,34.280,90.519,6.394,0.000,0.000,0.000,0.000,31.0,
6.11.2025,18:42:44.414,32.625,28.495,21.533,3.016,250.0,250.0,80.563,23.723,8.877,74.193,51.302,31.814,19.488,31.436,6.939,0.705,6.234,6.242,0.000,0.000,0.000,0.000,31.0,
6.11.2025,18:42:45.413,28.547,26.873,19.921,3.053,250.0,250.0,83.467,23.511,8.845,73.438,50.803,31.504,19.299,31.127,6.929,0.704,6.225,6.234,0.000,0.000,0.000,0.000,31.0,
6.11.2025,18:42:46.413,33.985,25.407,18.451,3.024,250.0,250.0,79.980,33.033,8.934,72.487,50.270,31.165,19.105,30.787,17.368,4.533,12.835,82.843,0.000,0.000,0.000,0.000,31.0,
6.11.2025,18:42:47.415,47.579,27.840,20.858,3.035,250.0,250.0,79.805,23.721,8.913,73.916,51.141,31.712,19.429,31.335,7.186,0.795,6.391,6.394,0.000,0.000,0.000,0.000,31.0,
6.11.2025,18:42:48.413,29.907,27.041,20.117,3.024,250.0,250.0,80.065,24.024,8.920,75.316,52.015,32.258,19.757,31.869,6.933,0.708,6.225,6.234,0.000,0.000,0.000,0.000,31.0,
6.11.2025,18:42:49.406,47.579,28.344,21.406,3.031,250.0,250.0,83.961,34.839,8.832,75.808,52.277,32.413,19.864,32.024,60.296,8.825,51.471,6.582,0.000,0.000,1.000,0.000,31.0,
6.11.2025,18:42:50.412,17.672,27.805,20.818,3.033,250.0,250.0,80.312,24.132,8.784,75.825,52.266,32.402,19.864,32.012,6.959,0.709,6.250,6.250,0.000,0.000,0.375,0.000,31.0,
6.11.2025,18:42:51.406,27.188,27.976,20.915,3.099,250.0,250.0,79.481,23.856,8.850,74.770,51.638,32.027,19.611,31.638,6.908,0.700,6.208,6.208,0.000,0.000,0.000,0.000,31.0,
6.11.2025,18:42:52.407,23.110,28.559,21.598,3.038,250.0,250.0,79.370,24.066,8.826,75.585,52.130,32.323,19.807,31.933,6.919,0.703,6.216,6.216,0.000,0.000,0.000,0.000,31.0,
6.11.2025,18:42:53.408,20.391,27.274,20.207,3.114,250.0,250.0,83.550,23.832,8.858,74.488,51.453,31.901,19.552,31.524,7.102,0.759,6.343,6.343,0.000,0.000,0.000,0.000,31.0,
6.11.2025,18:42:54.404,23.110,27.003,20.017,3.062,250.0,250.0,79.416,23.828,8.862,74.622,51.554,31.967,19.587,31.577,6.939,0.705,6.234,6.234,0.000,0.000,0.000,0.375,31.0,
6.11.2025,18:42:55.403,19.032,27.905,20.992,3.038,250.0,250.0,83.493,48.157,8.885,76.990,53.045,32.896,20.149,32.494,125.295,34.478,90.817,6.522,0.000,0.000,0.000,0.000,31.0,
6.11.2025,18:42:56.414,23.110,27.906,20.931,3.042,250.0,250.0,82.356,31.697,8.840,65.451,45.875,28.442,17.433,28.102,56.066,20.589,35.477,10.698,0.000,0.000,0.000,0.000,31.0,
6.11.2025,18:42:57.413,25.829,25.832,18.807,3.056,250.0,250.0,79.563,23.691,8.821,74.019,51.154,31.722,19.432,31.332,7.052,0.725,6.327,6.327,0.000,0.000,0.000,0.000,31.0,
6.11.2025,18:42:58.413,20.391,24.562,17.640,3.038,250.0,250.0,79.797,23.537,8.820,73.557,50.860,31.538,19.322,31.161,6.939,0.705,6.234,6.234,0.000,0.000,0.000,0.000,31.0,
6.11.2025,18:42:59.414,19.032,26.584,19.579,3.054,250.0,250.0,78.907,23.918,8.808,75.044,51.779,32.106,19.673,31.717,6.920,0.704,6.216,6.216,0.000,0.000,0.000,0.000,31.0,
6.11.2025,18:43:0.412,32.625,27.268,20.279,3.068,250.0,250.0,83.143,40.015,8.817,77.696,53.405,33.110,20.295,32.709,83.843,28.977,54.866,6.430,0.000,0.000,0.000,0.000,31.0,
6.11.2025,18:43:1.412,28.547,27.239,20.262,3.054,250.0,250.0,80.434,25.669,8.853,74.951,51.766,32.101,19.665,31.712,15.626,2.316,13.310,6.386,0.000,0.000,0.000,0.000,31.0,
6.11.2025,18:43:2.404,21.750,29.175,22.204,3.051,250.0,250.0,80.574,23.872,8.846,74.778,51.632,32.016,19.616,31.626,6.988,0.753,6.235,6.234,0.000,0.000,0.000,0.000,31.0,
6.11.2025,18:43:3.406,16.313,28.030,20.984,3.111,250.0,250.0,82.844,47.280,8.826,74.015,51.158,31.727,19.431,31.338,124.833,34.268,90.565,6.633,0.000,0.000,0.000,0.000,31.0,
6.11.2025,18:43:4.414,23.110,27.190,20.204,3.034,250.0,250.0,80.011,23.958,8.785,75.162,51.813,32.134,19.679,31.745,6.999,0.764,6.235,6.267,0.000,0.000,0.000,1.375,31.0,
6.11.2025,18:43:5.413,17.672,26.951,20.025,3.025,250.0,250.0,79.077,23.742,8.800,74.315,51.323,31.826,19.497,31.437,6.988,0.753,6.235,6.250,0.000,0.000,0.000,0.000,31.0,
6.11.2025,18:43:6.414,19.032,26.467,19.476,3.030,250.0,250.0,81.940,21.072,8.823,64.076,45.064,27.943,17.121,27.614,6.928,0.712,6.216,6.225,0.000,0.000,0.000,0.000,31.0,
6.11.2025,18:43:7.414,17.672,26.365,19.401,3.068,250.0,250.0,80.765,23.931,8.880,74.769,51.645,32.021,19.624,31.631,7.201,0.861,6.340,6.343,0.000,0.000,0.000,0.000,31.0,
6.11.2025,18:43:8.412,19.032,26.052,19.036,3.074,250.0,250.0,80.040,24.416,8.893,76.796,52.920,32.813,20.107,32.424,6.987,0.753,6.234,6.234,0.000,0.000,0.000,1.500,31.0,
6.11.2025,18:43:9.406,32.625,26.828,19.823,3.055,250.0,250.0,83.694,25.637,8.856,52.359,37.898,23.500,14.398,23.220,6.918,0.702,6.216,82.304,0.000,0.000,0.000,0.000,31.0,
6.11.2025,18:43:10.408,19.032,29.630,22.562,3.159,250.0,250.0,79.130,26.792,8.964,74.466,51.525,31.944,19.581,31.555,21.785,2.946,18.839,6.310,0.000,0.000,0.000,0.000,31.0,
6.11.2025,18:43:11.407,19.032,28.952,21.895,3.100,250.0,250.0,78.813,23.430,8.833,73.114,50.599,31.372,19.227,30.994,6.953,0.703,6.250,6.250,0.000,0.000,0.000,0.000,31.0,
6.11.2025,18:43:12.415,24.469,30.457,23.408,3.121,250.0,250.0,80.703,20.026,8.770,46.875,34.423,21.343,13.080,21.087,7.030,0.712,6.318,40.622,0.000,0.000,0.000,0.000,31.0,
6.11.2025,18:43:13.413,19.032,26.889,19.894,3.066,250.0,250.0,80.196,23.056,8.818,71.639,49.667,30.800,18.867,30.435,7.014,0.712,6.302,6.302,0.000,0.000,0.000,0.000,31.0,
6.11.2025,18:43:14.414,28.547,27.598,20.643,3.033,250.0,250.0,79.309,23.120,8.857,71.937,49.886,30.929,18.957,30.552,6.927,0.702,6.225,6.225,0.000,0.000,2.375,0.000,31.0,
6.11.2025,18:43:15.412,17.672,28.197,21.166,3.098,250.0,250.0,78.497,23.120,8.851,72.297,50.099,31.062,19.037,30.697,121.461,33.307,88.154,6.446,0.000,0.000,0.000,0.000,31.0,
6.11.2025,18:43:16.413,20.391,27.293,20.311,3.079,250.0,250.0,78.322,46.141,8.818,72.019,49.905,30.943,18.962,30.566,6.953,0.703,6.250,6.250,0.000,0.001,0.000,0.000,31.0,
6.11.2025,18:43:17.404,25.829,26.300,19.328,3.058,250.0,250.0,78.322,23.137,8.818,72.019,49.905,30.943,18.962,30.566,6.953,0.703,6.250,6.250,0.000,0.000,0.000,0.000,31.0,
6.11.2025,18:43:18.404,14.953,27.614,20.571,3.071,250.0,250.0,81.274,25.776,8.844,71.335,49.503,30.695,18.808,30.318,20.907,2.823,18.084,6.446,0.000,0.000,0.000,0.000,31.0,
6.11.2025,18:43:19.408,20.391,28.408,21.449,3.033,250.0,250.0,77.867,23.108,8.862,71.874,49.845,30.910,18.935,30.532,6.938,0.704,6.234,6.250,0.000,0.000,0.000,0.000,31.0,
6.11.2025,18:43:20.408,23.110,29.443,22.371,3.130,250.0,250.0,81.533,22.622,8.839,69.755,48.569,30.121,18.448,29.756,7.249,0.735,6.514,6.234,0.000,0.000,2.375,0.000,31.0,
6.11.2025,18:43:21.410,21.750,28.573,21.549,3.088,250.0,250.0,78.972,47.851,8.842,75.987,52.398,32.489,19.909,32.099,125.063,34.440,90.623,6.658,0.000,0.000,0.000,0.000,31.0,
6.11.2025,18:43:22.413,21.750,25.800,18.770,3.087,250.0,250.0,79.009,23.800,8.802,74.504,51.462,31.910,19.552,31.520,6.977,0.710,6.267,6.293,0.000,0.000,0.000,0.000,31.0,
6.11.2025,18:43:23.404,20.391,28.292,21.284,3.086,250.0,250.0,81.532,16.008,8.777,44.626,33.088,20.520,12.568,20.275,7.002,0.709,6.293,6.225,0.000,0.000,0.000,0.000,31.0,
6.11.2025,18:43:24.405,19.032,28.489,21.552,2.989,250.0,250.0,78.079,40.283,8.882,75.322,51.988,32.242,19.746,31.853,88.119,19.101,69.018,6.556,0.000,0.000,0.000,0.000,31.0,
6.11.2025,18:43:25.414,20.391,28.762,21.828,3.013,250.0,250.0,80.135,23.294,8.818,72.634,50.291,31.192,19.099,30.815,6.927,0.702,6.225,6.234,0.000,0.000,0.000,0.000,31.0,
6.11.2025,18:43:26.410,35.344,31.837,24.709,3.183,250.0,250.0,78.577,22.904,8.835,71.029,49.302,30.576,18.726,30.211,7.007,0.722,6.285,6.343,0.000,0.000,0.000,0.000,31.0,
6.11.2025,18:43:27.413,19.032,35.813,28.156,3.582,250.0,250.0,77.627,23.074,8.827,71.604,49.669,30.800,18.869,30.435,7.087,0.773,6.314,6.361,0.000,0.000,0.000,0.000,31.0,
6.11.2025,18:43:28.413,20.391,30.305,23.275,3.123,250.0,250.0,78.352,22.121,8.814,68.034,47.464,29.431,18.033,29.078,7.024,0.714,6.310,6.310,0.000,0.000,0.000,0.000,31.0,
6.11.2025,18:43:29.412,21.750,28.839,21.872,3.046,250.0,250.0,77.724,22.867,8.898,70.826,49.242,30.539,18.703,30.174,7.001,0.716,6.285,6.285,0.000,0.000,0.000,0.000,31.0,
6.11.2025,18:43:30.411,19.032,27.429,20.475,3.018,250.0,250.0,78.428,22.665,8.849,70.165,48.792,30.264,18.528,29.898,6.953,0.703,6.250,6.250,0.000,0.000,0.000,0.000,31.0,
6.11.2025,18:43:31.410,16.313,27.262,20.358,2.973,250.0,250.0,77.684,22.577,8.910,69.777,48.604,30.134,18.470,29.769,6.938,0.704,6.234,6.234,0.000,0.000,0.000,0.000,31.0,
6.11.2025,18:43:32.414,17.672,26.897,20.006,2.987,250.0,250.0,77.394,22.689,8.981,70.148,48.883,30.304,18.579,29.939,6.919,0.703,6.216,6.216,0.000,0.000,0.000,0.000,31.0,
6.11.2025,18:43:33.408,14.953,25.748,18.746,3.069,250.0,250.0,76.938,22.682,8.980,70.124,48.852,30.300,18.552,29.935,6.928,0.703,6.225,6.225,0.000,0.000,0.000,0.000,31.0,
6.11.2025,18:43:34.404,29.907,29.336,22.469,2.959,250.0,250.0,77.938,36.818,8.934,70.435,49.011,30.398,18.613,30.033,77.118,16.414,60.704,6.522,0.000,0.001,0.000,1.125,31.0,
6.11.2025,18:43:35.407,17.672,28.516,21.530,3.024,250.0,250.0,79.997,22.586,8.874,69.747,48.560,30.105,18.455,29.739,7.035,0.725,6.310,6.310,0.000,0.000,0.000,0.000,31.0,
6.11.2025,18:43:36.404,16.313,27.758,20.897,2.934,250.0,250.0,73.522,22.588,8.839,69.831,48.586,30.130,18.456,29.765,6.996,0.720,6.276,6.276,0.000,0.000,0.000,0.000,31.0,
6.11.2025,18:43:37.412,24.469,26.334,19.491,2.957,250.0,250.0,73.305,39.100,8.850,69.026,48.112,29.834,18.278,29.468,90.545,23.320,67.225,6.343,0.000,0.000,0.000,0.000,31.0,
6.11.2025,18:43:38.405,14.953,25.707,18.851,2.963,250.0,250.0,73.281,36.673,8.849,68.749,47.925,29.715,18.210,29.362,78.676,27.869,50.807,6.573,0.000,0.000,0.000,0.000,31.0,
6.11.2025,18:43:39.408,14.953,25.585,18.707,2.931,250.0,250.0,73.400,43.839,8.887,70.266,48.895,30.323,18.572,29.958,112.466,32.371,80.095,6.556,0.000,0.000,0.000,0.000,31.0,
6.11.2025,18:43:40.404,19.032,28.615,21.792,2.940,250.0,250.0,70.138,22.019,8.877,67.718,47.306,29.341,17.965,28.987,6.889,0.699,6.190,6.216,0.000,0.001,0.000,0.000,31.0,
6.11.2025,18:43:41.404,19.032,25.702,18.893,2.915,250.0,250.0,74.061,22.152,8.950,68.068,47.558,29.490,18.068,29.137,6.961,0.711,6.250,6.327,0.000,0.000,0.000,0.000,31.0,
6.11.2025,18:43:42.419,21.750,26.884,19.847,3.101,250.0,250.0,61.059,14.357,8.815,38.424,29.298,18.163,11.135,17.943,6.826,0.694,6.132,6.140,0.000,0.000,0.000,0.000,31.0,
6.11.2025,18:43:43.416,21.750,26.657,19.719,3.019,250.0,250.0,76.235,17.797,8.832,51.546,37.369,23.163,14.206,22.882,6.889,0.699,6.190,6.199,0.000,0.000,0.000,0.000,31.0,
6.11.2025,18:43:44.408,24.469,27.700,20.772,3.016,250.0,250.0,81.101,23.417,8.863,72.945,50.522,31.324,19.198,30.946,7.024,0.757,6.267,6.327,0.000,0.000,0.000,0.000,31.0,
6.11.2025,18:43:45.406,19.032,28.952,22.082,2.955,250.0,250.0,77.556,23.325,8.842,72.745,50.376,31.246,19.130,30.868,6.907,0.699,6.208,6.225,0.000,0.000,0.000,0.000,31.0,
6.11.2025,18:43:46.413,21.750,26.599,19.658,3.005,250.0,250.0,81.219,22.997,8.911,71.362,49.574,30.740,18.834,30.363,6.956,0.706,6.250,6.276,0.000,0.000,0.000,0.000,31.0,
6.11.2025,18:43:47.413,20.391,26.166,19.240,3.004,250.0,250.0,77.353,23.454,9.012,73.072,50.674,31.417,19.257,31.039,6.919,0.703,6.216,6.234,0.000,0.000,0.000,0.000,31.0,
6.11.2025,18:43:48.414,36.704,28.062,21.183,2.969,250.0,250.0,81.387,46.882,8.952,72.004,49.995,31.008,18.987,30.631,125.388,34.696,90.692,6.463,0.000,0.000,0.000,0.000,31.0,
6.11.2025,18:43:49.413,43.501,28.033,21.169,2.962,250.0,250.0,77.442,23.307,9.059,72.415,50.320,31.200,19.120,30.823,6.946,0.704,6.242,6.242,0.000,0.000,0.000,0.000,31.0,
6.11.2025,18:43:50.407,16.313,28.622,21.713,2.986,250.0,250.0,81.270,27.910,8.952,72.461,50.291,31.181,19.110,30.803,29.913,3.890,26.023,6.480,0.000,0.000,0.000,0.000,31.0,
6.11.2025,18:43:51.419,20.391,28.532,21.567,3.023,250.0,250.0,77.180,23.165,8.862,72.110,49.989,30.993,18.996,30.616,6.928,0.703,6.225,6.225,0.000,0.000,0.000,0.000,31.0,
6.11.2025,18:43:52.415,20.391,29.347,22.411,3.021,250.0,250.0,80.710,24.718,8.921,71.547,49.675,30.800,18.875,30.435,15.218,1.975,13.243,6.489,0.000,0.001,0.000,0.000,31.0,
6.11.2025,18:43:53.412,20.391,28.475,21.558,2.984,250.0,250.0,77.837,23.208,8.945,72.136,50.060,31.049,19.011,30.671,6.973,0.714,6.259,6.259,0.000,0.000,0.000,0.375,31.0,
6.11.2025,18:43:54.413,19.032,27.526,20.632,2.974,250.0,250.0,80.801,40.954,9.053,71.084,49.468,30.679,18.789,30.314,96.758,23.294,73.464,6.633,0.000,0.000,0.000,0.000,31.0,
6.11.2025,18:43:55.413,16.313,26.787,19.880,2.976,250.0,250.0,77.706,23.532,9.057,73.276,50.852,31.527,19.325,31.149,6.946,0.704,6.242,6.242,0.000,0.000,2.375,0.000,31.0,
6.11.2025,18:43:56.414,23.110,26.088,19.200,2.979,250.0,250.0,80.794,46.787,8.985,71.796,49.881,30.937,18.944,30.560,125.036,34.246,90.790,6.692,0.000,0.000,0.000,0.000,31.0,
6.11.2025,18:43:57.411,16.313,27.621,20.753,2.977,250.0,250.0,77.325,22.923,8.962,71.064,49.408,30.638,18.770,30.260,6.938,0.704,6.234,6.250,0.000,0.000,0.000,0.000,31.0,
6.11.2025,18:43:58.406,14.953,27.719,20.804,3.012,250.0,250.0,81.035,44.868,8.973,70.575,49.120,30.466,18.654,30.101,117.223,33.226,83.997,6.343,0.000,0.000,0.000,0.000,31.0,
6.11.2025,18:43:59.410,10.875,28.207,21.226,3.009,250.0,250.0,80.230,22.964,8.923,71.273,49.522,30.702,18.820,30.336,6.918,0.702,6.216,6.234,0.000,0.000,0.000,0.375,31.0,
6.11.2025,18:44:0.409,24.469,30.799,23.818,3.054,250.0,250.0,78.376,63.160,8.918,62.947,44.386,27.525,16.861,27.197,66.692,24.113,42.579,310.378,0.000,0.000,2.500,0.000,31.0,
6.11.2025,18:44:1.419,20.391,26.816,19.891,3.028,250.0,250.0,78.085,23.684,9.001,73.865,51.171,31.735,19.436,31.345,6.987,0.720,6.267,6.310,0.000,0.000,0.000,0.000,31.0,
6.11.2025,18:44:2.413,21.750,27.969,20.979,3.063,250.0,250.0,78.112,23.190,8.968,72.077,50.031,31.022,19.009,30.657,6.946,0.704,6.242,6.242,0.000,0.000,0.000,0.000,31.0,
6.11.2025,18:44:3.408,20.391,27.321,20.385,2.984,250.0,250.0,80.949,75.590,8.969,72.389,50.242,31.153,19.089,30.776,34.655,11.548,23.107,473.974,0.000,0.000,0.000,0.000,31.0,
6.11.2025,18:44:4.406,16.313,26.583,19.665,3.000,250.0,250.0,77.721,23.063,9.021,71.471,49.702,30.817,18.885,30.452,6.986,0.710,6.276,6.310,0.000,0.000,0.000,0.000,31.0,
6.11.2025,18:44:5.403,24.469,27.175,20.294,2.974,250.0,250.0,76.868,23.351,8.949,72.715,50.415,31.257,19.158,30.880,6.945,0.703,6.242,6.242,0.000,0.000,0.000,0.000,31.0,
6.11.2025,18:44:6.414,25.829,27.840,20.914,2.998,250.0,250.0,81.244,43.298,8.898,71.762,49.810,30.882,18.928,30.504,107.877,28.831,79.046,6.438,0.000,0.000,0.000,0.000,31.0,
6.11.2025,18:44:7.413,14.953,26.583,19.637,3.015,250.0,250.0,79.740,23.426,8.876,73.057,50.586,31.374,19.212,30.997,6.953,0.703,6.250,6.250,0.000,0.000,0.000,2.250,31.0,
6.11.2025,18:44:8.413,19.032,28.978,22.074,2.984,250.0,250.0,79.559,23.224,8.897,72.032,49.963,30.988,18.975,30.610,7.229,0.825,6.404,6.318,0.000,0.000,0.000,0.000,31.0,
6.11.2025,18:44:9.413,23.110,27.298,20.375,2.988,250.0,250.0,76.985,23.159,8.971,71.921,49.960,30.977,18.983,30.599,6.964,0.714,6.250,6.250,0.000,0.000,0.000,0.000,31.0,
6.11.2025,18:44:10.413,19.032,28.869,21.943,3.012,250.0,250.0,80.828,22.003,8.917,45.223,33.499,20.771,12.728,20.527,7.050,0.715,6.335,64.260,0.000,0.000,0.000,0.000,31.0,
6.11.2025,18:44:11.413,19.032,29.282,22.221,3.098,250.0,250.0,77.783,33.801,8.934,72.287,50.151,31.101,19.050,30.723,59.726,8.565,51.161,6.310,0.000,0.000,0.000,0.000,31.0,
6.11.2025,18:44:12.414,16.313,25.003,18.106,2.981,250.0,250.0,78.357,23.024,8.899,71.487,49.635,30.777,18.858,30.411,6.963,0.713,6.250,6.250,0.000,0.000,0.000,0.000,31.0,
6.11.2025,18:44:13.414,17.672,28.062,21.151,2.985,250.0,250.0,80.427,47.951,8.825,58.550,41.617,25.808,15.809,25.504,22.619,5.846,16.773,258.155,0.000,0.000,0.000,0.000,31.0,
6.11.2025,18:44:14.418,23.110,27.518,20.585,3.030,250.0,250.0,76.612,23.041,8.873,71.579,49.658,30.797,18.861,30.420,6.977,0.710,6.267,6.267,0.000,0.000,1.250,0.000,31.0,
6.11.2025,18:44:15.410,16.313,27.521,20.583,2.977,250.0,250.0,78.900,23.081,8.842,71.779,49.778,30.868,18.910,30.503,6.937,0.703,6.234,6.250,0.000,0.000,0.000,0.000,31.0,
6.11.2025,18:44:16.406,14.953,26.982,20.073,2.997,250.0,250.0,78.703,23.348,8.923,72.751,50.422,31.273,19.149,30.896,6.918,0.702,6.216,6.225,0.000,0.000,0.000,0.000,31.0,
6.11.2025,18:44:17.407,24.469,27.718,20.781,3.024,250.0,250.0,77.756,19.522,8.881,57.514,41.029,25.448,15.581,25.144,7.544,0.894,6.650,6.533,0.000,0.000,0.000,0.000,31.0,
6.11.2025,18:44:18.404,23.110,27.194,20.336,2.984,250.0,250.0,77.193,23.334,9.021,72.358,50.235,31.149,19.086,30.771,7.191,0.821,6.370,6.343,0.000,0.000,0.000,0.000,31.0,
6.11.2025,18:44:19.413,19.032,24.639,17.730,2.988,250.0,250.0,80.572,22.290,8.934,68.649,47.934,29.723,18.211,29.357,6.936,0.702,6.234,6.225,0.000,0.000,0.000,0.000,31.0,
6.11.2025,18:44:20.406,19.032,30.492,23.530,3.027,250.0,250.0,77.235,46.779,8.925,71.696,49.781,30.874,18.907,30.496,125.227,34.368,90.859,6.658,0.000,0.000,0.000,0.000,31.0,
6.11.2025,18:44:21.408,17.672,26.445,19.469,3.019,250.0,250.0,77.148,22.875,8.873,70.958,49.286,30.558,18.728,30.193,6.953,0.703,6.250,6.250,0.000,0.000,0.000,0.000,31.0,
6.11.2025,18:44:22.406,17.672,26.445,19.469,3.019,250.0,250.0,80.114,62.863,8.837,55.553,39.783,24.671,15.112,24.367,7.484,0.826,6.658,445.343,0.000,0.000,0.000,1.250,31.0,
6.11.2025,18:44:23.413,25.829,29.576,22.673,2.989,250.0,250.0,78.009,22.860,8.906,70.797,49.199,30.512,18.687,30.147,7.010,0.725,6.285,6.335,0.000,0.000,0.000,0.000,31.0,
6.11.2025,18:44:24.404,25.829,29.576,22.673,2.989,250.0,250.0,76.513,22.879,8.871,70.992,49.310,30.569,18.741,30.204,6.936,0.702,6.234,6.234,0.000,0.000,0.000,0.000,31.0,
6.11.2025,18:44:25.413,23.110,27.458,20.628,2.948,250.0,250.0,80.501,23.539,8.871,71.469,49.603,30.753,18.850,30.388,9.532,1.170,8.362,6.394,0.000,0.000,0.000,0.000,31.0,
6.11.2025,18:44:26.418,29.907,28.561,21.672,2.961,250.0,250.0,76.948,23.497,8.921,73.300,50.764,31.478,19.286,31.089,6.946,0.704,6.242,6.242,0.000,0.000,0.000,0.000,31.0,
6.11.2025,18:44:27.405,32.625,27.151,20.285,2.968,250.0,250.0,79.323,23.249,8.925,72.303,50.148,31.099,19.049,30.721,6.986,0.710,6.276,6.276,0.000,0.000,0.000,0.000,31.0,
6.11.2025,18:44:28.407,23.110,31.907,24.686,3.272,250.0,250.0,77.293,23.300,8.876,72.548,50.273,31.174,19.099,30.797,6.981,0.714,6.267,6.267,0.000,0.001,0.000,0.000,31.0,
6.11.2025,18:44:29.414,12.235,34.199,26.618,3.526,250.0,250.0,77.664,23.231,8.865,72.341,50.143,31.091,19.052,30.714,6.937,0.703,6.234,6.234,0.000,0.000,0.000,0.000,31.0,
6.11.2025,18:44:30.413,25.829,27.613,20.757,2.973,250.0,250.0,79.136,43.560,8.847,75.523,52.085,32.290,19.795,31.901,56.934,20.815,36.119,101.292,0.000,0.000,0.000,0.000,31.0,
6.11.2025,18:44:31.413,29.907,30.422,23.497,2.998,250.0,250.0,79.465,36.311,8.886,72.601,50.315,31.194,19.121,30.817,71.857,12.581,59.276,6.463,0.000,0.000,0.000,0.000,31.0,
6.11.2025,18:44:32.410,14.953,29.088,22.168,3.008,250.0,250.0,77.984,23.107,8.935,71.763,49.815,30.890,18.925,30.525,6.978,0.719,6.259,6.259,0.000,0.000,0.000,0.000,31.0,
6.11.2025,18:44:33.408,25.829,28.562,21.604,3.028,250.0,250.0,77.451,23.339,8.961,72.662,50.393,31.246,19.147,30.868,6.938,0.704,6.234,6.234,0.000,0.000,0.000,0.000,31.0,
6.11.2025,18:44:34.412,17.672,27.952,21.079,2.985,250.0,250.0,77.583,54.167,8.948,72.231,50.152,31.092,19.060,30.714,7.138,0.922,6.216,315.200,0.000,0.000,0.000,0.000,31.0,
6.11.2025,18:44:35.405,17.672,27.355,20.437,2.996,250.0,250.0,81.389,41.393,8.857,72.341,50.127,31.079,19.048,30.702,97.603,23.739,73.864,6.573,0.000,0.000,0.000,0.000,31.0,
6.11.2025,18:44:36.413,16.313,27.996,21.123,2.981,250.0,250.0,77.954,23.180,8.887,72.098,50.013,31.008,19.005,30.631,6.954,0.704,6.250,6.250,0.000,0.000,2.375,0.000,31.0,
6.11.2025,18:44:37.415,17.672,29.296,22.355,3.019,250.0,250.0,77.836,23.254,8.899,72.399,50.184,31.115,19.069,30.750,6.940,0.706,6.234,6.242,0.000,0.000,0.000,0.000,31.0,
6.11.2025,18:44:38.413,31.266,27.476,20.535,3.003,250.0,250.0,81.023,29.798,8.946,72.171,50.075,31.055,19.020,30.677,39.795,5.139,34.656,6.446,0.000,0.000,0.000,0.000,31.0,
6.11.2025,18:44:39.410,17.672,27.747,20.859,3.017,250.0,250.0,78.043,23.372,8.937,72.781,50.457,31.284,19.173,30.907,6.953,0.711,6.242,6.276,0.000,0.000,0.000,0.000,31.0,
6.11.2025,18:44:40.404,27.188,28.530,21.518,3.051,250.0,250.0,79.366,23.153,8.907,71.996,49.972,30.981,18.991,30.604,6.922,0.706,6.216,6.234,0.000,0.000,0.000,0.000,31.0,
6.11.2025,18:44:41.403,14.953,26.874,19.999,3.001,250.0,250.0,79.801,29.654,8.905,41.109,30.973,19.208,11.765,18.976,7.332,0.869,6.463,150.941,0.000,0.000,0.000,0.000,31.0,
6.11.2025,18:44:42.413,20.391,27.290,20.324,3.045,250.0,250.0,77.971,36.976,8.972,72.917,50.578,31.365,19.213,30.975,74.617,14.253,60.364,6.505,0.000,0.000,0.000,0.375,31.0,
6.11.2025,18:44:43.414,20.391,26.888,19.869,3.060,250.0,250.0,77.930,23.939,8.845,75.043,51.801,32.117,19.684,31.728,6.953,0.703,6.250,6.267,0.000,0.000,0.000,0.000,31.0,
6.11.2025,18:44:44.414,17.672,24.753,17.884,2.997,250.0,250.0,77.958,22.302,8.872,68.552,47.821,29.657,18.164,29.291,7.166,0.737,6.429,6.335,0.000,0.000,0.000,0.000,31.0,
6.11.2025,18:44:45.414,21.750,25.755,18.848,2.971,250.0,250.0,76.862,43.837,8.909,68.178,47.606,29.526,18.080,29.173,115.237,32.329,82.908,6.429,0.000,0.000,0.000,0.000,31.0,
6.11.2025,18:44:46.412,14.953,27.033,20.141,2.975,250.0,250.0,77.113,43.111,8.885,68.227,47.634,29.540,18.094,29.174,111.610,31.430,80.180,6.335,0.000,0.000,0.000,0.000,31.0,
6.11.2025,18:44:47.408,27.188,26.705,19.826,2.945,250.0,250.0,76.633,32.231,8.949,67.700,47.349,29.362,17.987,28.997,57.753,9.892,47.861,6.463,0.000,0.000,0.000,0.000,31.0,
6.11.2025,18:44:48.411,19.032,25.616,18.772,2.973,250.0,250.0,76.771,22.230,8.939,68.297,47.717,29.590,18.127,29.225,7.044,0.726,6.318,6.318,0.000,0.001,0.000,0.000,31.0,
6.11.2025,18:44:49.419,17.672,25.154,18.295,2.957,250.0,250.0,76.695,44.038,8.912,68.623,47.894,29.696,18.198,29.343,115.656,32.459,83.197,6.403,0.000,0.000,0.000,0.000,31.0,
6.11.2025,18:44:50.413,25.829,28.448,21.503,2.985,250.0,250.0,74.196,33.180,8.935,75.097,51.876,32.162,19.714,31.773,6.927,0.702,6.225,98.393,0.000,0.001,0.000,0.000,31.0,
6.11.2025,18:44:51.413,0.000,27.295,20.401,2.961,250.0,250.0,77.385,22.176,8.840,68.328,47.669,29.559,18.110,29.206,6.918,0.702,6.216,6.216,0.000,0.000,0.000,0.000,31.0,
6.11.2025,18:44:52.413,28.547,24.453,17.575,2.959,250.0,250.0,77.299,22.082,8.871,67.859,47.399,29.391,18.008,29.038,6.990,0.713,6.277,6.276,0.000,0.000,0.000,0.000,31.0,
6.11.2025,18:44:53.414,24.469,28.737,21.823,2.995,250.0,250.0,73.679,59.832,8.883,62.793,44.270,27.456,16.814,27.127,29.149,8.690,20.459,352.683,0.000,0.000,0.000,0.000,31.0,
6.11.2025,18:44:54.416,0.000,26.443,19.645,2.878,250.0,250.0,73.970,24.458,9.004,58.609,41.791,25.915,15.876,25.599,16.831,4.301,12.530,34.126,0.000,0.000,0.000,0.000,31.0,
6.11.2025,18:44:55.411,19.032,25.361,18.568,2.902,250.0,250.0,74.392,22.161,8.945,68.177,47.644,29.546,18.098,29.181,6.906,0.698,6.208,6.208,0.000,0.000,0.000,0.000,31.0,
6.11.2025,18:44:56.422,24.469,24.780,17.981,2.891,250.0,250.0,72.081,22.474,8.922,69.357,48.352,29.985,18.367,29.620,6.951,0.717,6.234,6.234,0.000,0.000,2.250,0.000,31.0,
6.11.2025,18:44:57.421,14.953,24.415,17.585,2.907,250.0,250.0,74.967,13.622,8.803,35.376,27.409,17.001,10.408,16.793,7.049,0.714,6.335,6.335,0.000,0.000,0.000,0.000,31.0,
6.11.2025,18:44:58.419,20.391,24.931,18.151,2.911,250.0,250.0,71.144,35.995,8.849,67.936,47.425,29.404,18.021,29.051,76.454,16.153,60.301,6.352,0.000,0.000,0.000,0.000,31.0,
6.11.2025,18:44:59.431,13.594,24.686,17.907,2.872,250.0,250.0,63.097,35.995,8.856,39.479,29.950,18.573,11.377,18.353,7.049,0.714,6.335,6.182,0.000,0.000,0.000,0.000,31.0,
6.11.2025,18:45:0.433,17.672,27.828,20.793,3.085,250.0,250.0,63.097,14.687,8.856,39.479,29.950,18.573,11.377,18.353,7.049,0.714,6.335,6.182,0.000,0.000,0.000,0.000,31.0,
6.11.2025,18:45:1.426,17.672,27.537,20.594,3.024,250.0,250.0,78.697,23.385,8.961,72.814,50.497,31.319,19.178,30.941,6.945,0.703,6.242,6.250,0.000,0.000,0.000,0.750,31.0,
6.11.2025,18:45:2.422,23.110,28.754,21.786,3.048,250.0,250.0,82.471,25.535,8.973,67.904,47.491,29.440,18.051,29.086,24.098,6.332,17.766,6.208,0.000,0.000,0.000,0.000,31.0,
6.11.2025,18:45:3.435,16.313,27.400,20.489,2.987,250.0,250.0,78.593,23.856,9.073,74.454,51.588,31.988,19.600,31.611,6.986,0.719,6.267,6.276,0.000,0.000,0.000,0.000,31.0,
6.11.2025,18:45:4.444,19.032,26.887,20.044,2.943,250.0,250.0,79.177,23.375,9.191,72.555,50.483,31.313,19.170,30.935,6.936,0.702,6.234,6.234,0.000,0.000,0.000,0.000,31.0,
6.11.2025,18:45:5.442,25.829,27.974,21.078,2.988,250.0,250.0,81.942,45.503,9.097,73.317,50.879,31.545,19.334,31.167,116.616,31.774,84.842,6.463,0.000,0.000,0.000,0.000,31.0,
6.11.2025,18:45:6.436,28.547,28.925,22.020,2.993,250.0,250.0,82.146,23.253,8.987,72.315,50.188,31.125,19.063,30.748,6.936,0.702,6.234,6.234,0.000,0.000,0.000,0.000,31.0,
6.11.2025,18:45:7.435,23.110,26.578,19.673,2.987,250.0,250.0,78.272,47.779,8.876,75.436,52.062,32.282,19.780,31.892,125.388,34.392,90.996,6.683,0.000,0.000,0.000,0.000,31.0,
6.11.2025,18:45:8.438,20.391,26.771,19.836,3.018,250.0,250.0,78.548,23.986,8.802,75.238,51.899,32.181,19.718,31.792,6.982,0.715,6.267,6.267,0.000,0.000,0.000,0.000,31.0,
6.11.2025,18:45:9.446,16.313,28.774,21.841,2.972,250.0,250.0,81.729,32.540,8.888,77.916,53.591,33.228,20.363,32.838,7.126,0.910,6.216,84.326,0.000,0.000,0.000,0.000,31.0,
6.11.2025,18:45:10.445,23.110,27.297,20.325,3.038,250.0,250.0,78.316,29.211,9.000,74.210,51.388,31.860,19.528,31.471,34.148,4.383,29.765,6.352,0.000,0.000,0.000,1.125,31.0,
6.11.2025,18:45:11.444,16.313,29.144,22.248,3.006,250.0,250.0,77.865,23.584,8.951,73.587,50.980,31.616,19.364,31.226,6.939,0.705,6.234,6.234,0.000,0.000,0.000,0.000,31.0,
6.11.2025,18:45:12.444,21.750,28.907,21.899,3.100,250.0,250.0,79.139,45.575,9.003,75.275,52.060,32.286,19.774,31.897,114.409,30.816,83.593,6.633,0.000,0.000,0.000,0.000,31.0,
6.11.2025,18:45:13.444,17.672,27.572,20.611,3.015,250.0,250.0,78.760,24.031,8.904,75.328,52.021,32.257,19.764,31.867,6.961,0.711,6.250,6.250,0.000,0.000,0.000,0.000,31.0,
6.11.2025,18:45:14.443,19.032,26.552,19.637,3.012,250.0,250.0,78.766,16.835,8.941,47.681,35.078,21.748,13.330,21.491,6.929,0.704,6.225,6.225,0.000,0.000,0.000,2.125,31.0,
6.11.2025,18:45:15.444,16.313,28.430,21.486,3.040,250.0,250.0,81.867,23.415,8.872,72.798,50.419,31.264,19.155,30.886,7.197,0.826,6.371,6.361,0.000,0.000,0.125,0.000,31.0,
6.11.2025,18:45:16.443,19.032,27.418,20.482,3.006,250.0,250.0,78.221,23.253,8.921,72.378,50.187,31.118,19.069,30.753,6.937,0.703,6.234,6.234,0.000,0.000,0.000,0.000,31.0,
6.11.2025,18:45:17.452,14.953,27.578,20.679,2.978,250.0,250.0,78.392,23.494,8.971,73.256,50.765,31.474,19.291,31.097,6.928,0.703,6.225,6.234,0.000,0.000,0.000,0.000,31.0,
6.11.2025,18:45:18.443,27.188,27.179,20.292,2.970,250.0,250.0,81.875,45.467,8.938,72.948,50.571,31.356,19.215,30.979,117.100,33.178,83.922,6.463,0.000,0.000,0.000,0.000,31.0,
6.11.2025,18:45:19.445,23.110,25.179,18.270,2.968,250.0,250.0,78.717,46.948,8.873,72.450,50.222,31.136,19.086,30.759,125.200,34.600,90.600,6.556,0.000,0.001,0.000,0.000,31.0,
6.11.2025,18:45:20.442,40.782,28.502,21.554,3.019,250.0,250.0,77.514,23.314,8.877,72.611,50.326,31.209,19.117,30.832,6.954,0.704,6.250,6.259,0.000,0.000,0.000,0.000,31.0,
6.11.2025,18:45:21.450,19.032,27.379,20.501,2.991,250.0,250.0,79.224,35.552,8.849,73.302,50.738,31.456,19.282,31.079,7.586,0.894,6.692,125.642,0.000,0.001,0.000,0.000,31.0,
6.11.2025,18:45:22.434,14.953,28.243,21.332,2.981,250.0,250.0,80.319,32.331,8.864,55.738,39.922,24.755,15.167,24.451,29.795,8.981,20.814,94.819,0.000,0.000,0.000,0.000,31.0,
6.11.2025,18:45:23.444,23.110,29.737,22.711,3.028,250.0,250.0,78.039,23.249,8.850,72.367,50.151,31.101,19.050,30.724,6.982,0.715,6.267,6.285,0.000,0.000,0.000,0.000,31.0,
6.11.2025,18:45:24.444,20.391,27.684,20.837,2.959,250.0,250.0,78.172,23.098,8.913,71.742,49.800,30.878,18.922,30.513,6.974,0.707,6.267,6.267,0.000,0.000,0.000,0.000,31.0,
6.11.2025,18:45:25.446,23.110,27.218,20.306,2.984,250.0,250.0,81.763,46.894,8.913,72.712,50.407,31.255,19.152,30.877,124.606,34.125,90.481,6.412,0.000,0.000,0.000,0.000,31.0,
6.11.2025,18:45:26.444,14.953,28.282,21.396,2.971,250.0,250.0,78.001,23.517,8.962,73.219,50.753,31.465,19.288,31.088,7.049,0.756,6.293,6.293,0.000,0.000,0.000,0.000,31.0,
6.11.2025,18:45:27.438,17.672,27.483,20.601,2.959,250.0,250.0,79.108,23.707,9.024,73.945,51.232,31.772,19.460,31.394,6.986,0.719,6.267,6.267,0.000,0.000,0.000,0.000,31.0,
6.11.2025,18:45:28.445,27.188,26.354,19.504,2.942,250.0,250.0,78.661,23.658,9.156,73.671,51.155,31.716,19.439,31.339,6.937,0.703,6.234,6.234,0.000,0.000,0.000,0.000,31.0,
6.11.2025,18:45:29.444,23.110,32.026,24.673,3.365,250.0,250.0,81.997,32.438,9.097,101.295,68.192,42.284,25.908,41.773,14.807,1.739,13.068,6.216,0.000,0.000,0.000,0.000,31.0,
6.11.2025,18:45:30.439,17.672,33.974,26.555,3.407,250.0,250.0,78.938,23.549,8.937,73.400,50.864,31.534,19.330,31.157,6.994,0.718,6.276,6.276,0.000,0.000,0.000,0.000,31.0,
6.11.2025,18:45:31.437,17.672,26.865,19.943,2.976,250.0,250.0,78.424,23.370,8.898,72.801,50.440,31.281,19.159,30.904,6.975,0.708,6.267,6.267,0.000,0.000,0.000,0.000,31.0,
6.11.2025,18:45:32.445,24.469,28.861,21.897,3.060,250.0,250.0,78.809,23.482,8.898,73.269,50.734,31.453,19.281,31.075,6.936,0.702,6.234,6.234,0.000,0.001,0.000,0.000,31.0,
6.11.2025,18:45:33.444,20.391,28.266,21.371,2.992,250.0,250.0,80.275,23.404,8.883,72.980,50.568,31.359,19.209,30.969,6.919,0.703,6.216,6.234,0.000,0.000,0.000,0.000,31.0,
6.11.2025,18:45:34.443,24.469,27.755,20.863,2.958,250.0,250.0,79.343,69.160,8.944,63.001,44.446,27.557,16.889,27.228,94.127,30.124,64.003,315.284,0.000,0.000,0.000,0.000,31.0,
6.11.2025,18:45:35.449,19.032,27.506,20.651,2.987,250.0,250.0,78.647,23.327,8.910,72.376,50.185,31.124,19.061,30.746,7.223,0.818,6.405,6.420,0.000,0.000,0.000,0.000,31.0,
6.11.2025,18:45:36.436,27.188,28.710,21.799,2.970,250.0,250.0,82.008,22.691,8.958,70.022,48.818,30.271,18.547,29.905,7.078,0.717,6.361,6.234,0.000,0.000,0.000,0.000,31.0,
6.11.2025,18:45:37.443,20.391,24.992,18.074,2.990,250.0,250.0,78.886,24.264,8.887,73.815,51.062,31.660,19.402,31.282,10.050,1.231,8.819,6.429,0.000,0.000,1.125,0.000,31.0,
6.11.2025,18:45:38.443,20.391,28.216,21.363,2.954,250.0,250.0,80.098,23.643,8.861,73.915,51.113,31.698,19.415,31.320,6.937,0.703,6.234,6.234,0.000,0.000,0.000,0.000,31.0,
6.11.2025,18:45:39.441,13.594,25.879,18.955,2.977,250.0,250.0,79.253,44.619,8.934,69.378,48.383,30.002,18.381,29.637,117.564,33.532,84.032,6.343,0.000,0.000,0.000,0.000,31.0,
6.11.2025,18:45:40.436,23.110,28.181,21.223,3.040,250.0,250.0,79.351,23.382,8.887,72.829,50.461,31.287,19.174,30.910,6.985,0.709,6.276,6.302,0.000,0.000,0.000,0.000,31.0,
6.11.2025,18:45:41.445,17.672,26.356,19.389,3.038,250.0,250.0,82.243,23.731,8.986,74.109,51.326,31.826,19.500,31.449,6.942,0.708,6.234,6.234,0.000,0.000,0.000,0.000,31.0,
6.11.2025,18:45:42.445,20.391,27.950,20.957,3.034,250.0,250.0,78.073,36.809,8.949,73.673,51.001,31.623,19.378,31.245,72.930,13.344,59.586,6.361,0.000,0.000,0.000,0.000,31.0,
6.11.2025,18:45:43.445,19.032,29.894,22.963,3.007,250.0,250.0,78.647,23.524,8.824,73.456,50.819,31.509,19.310,31.132,6.966,0.707,6.259,6.259,0.000,0.000,0.000,0.000,31.0,
6.11.2025,18:45:44.442,16.313,24.428,17.514,3.004,250.0,250.0,81.827,23.588,8.850,73.725,50.981,31.614,19.367,31.237,6.937,0.703,6.234,6.234,0.000,0.000,0.000,0.000,31.0,
6.11.2025,18:45:45.439,14.953,26.006,19.091,3.005,250.0,250.0,79.125,36.184,8.811,72.238,50.046,31.035,19.011,30.658,71.816,12.591,59.225,6.412,0.000,0.000,0.000,0.000,31.0,
6.11.2025,18:45:46.435,23.110,26.369,19.475,2.974,250.0,250.0,78.271,23.291,8.859,72.462,50.224,31.137,19.087,30.760,7.036,0.726,6.310,6.310,0.000,0.000,0.000,0.000,31.0,
6.11.2025,18:45:47.444,21.750,26.037,19.119,2.991,250.0,250.0,77.938,23.375,8.921,72.773,50.462,31.295,19.167,30.917,6.975,0.708,6.267,6.267,0.000,0.000,0.000,0.000,31.0,
6.11.2025,18:45:48.445,13.594,27.780,20.855,2.999,250.0,250.0,81.598,23.172,8.955,72.018,50.001,31.001,19.000,30.636,6.937,0.703,6.234,6.234,0.000,0.000,0.000,0.000,31.0,
6.11.2025,18:45:49.443,19.032,29.747,22.853,2.971,250.0,250.0,78.663,23.252,9.006,72.171,50.130,31.079,19.051,30.702,7.035,0.725,6.310,6.310,0.000,0.000,0.000,0.000,31.0,
6.11.2025,18:45:50.444,17.672,28.458,21.448,3.057,250.0,250.0,79.021,23.085,8.955,71.676,49.783,30.872,18.911,30.495,6.946,0.704,6.242,6.267,0.000,0.000,0.000,0.000,31.0,
6.11.2025,18:45:51.436,23.110,27.340,20.377,3.066,250.0,250.0,80.087,26.129,8.901,61.485,43.500,26.972,16.528,26.655,7.225,0.762,6.463,62.803,0.000,0.000,0.625,0.000,31.0,
6.11.2025,18:45:52.442,17.672,26.117,19.191,3.003,250.0,250.0,77.932,39.781,8.796,71.131,49.358,30.605,18.753,30.228,91.270,29.760,61.510,6.394,0.000,0.000,0.000,0.000,31.0,
6.11.2025,18:45:53.444,17.672,28.804,21.809,3.062,250.0,250.0,78.782,23.816,8.862,74.495,51.475,31.915,19.560,31.526,7.005,0.712,6.293,6.318,0.000,0.000,0.000,0.375,31.0,
6.11.2025,18:45:54.445,19.032,27.926,21.035,2.997,250.0,250.0,82.845,18.278,8.811,53.367,38.467,23.856,14.611,23.563,6.938,0.704,6.234,6.234,0.000,0.000,0.000,0.000,31.0,
6.11.2025,18:45:55.442,21.750,26.764,19.843,2.992,250.0,250.0,79.140,25.795,8.872,75.806,52.307,32.436,19.871,32.034,15.098,2.032,13.066,6.429,0.000,0.000,0.000,0.000,31.0,
6.11.2025,18:45:56.437,23.110,28.291,21.434,2.957,250.0,250.0,82.577,23.371,8.860,72.862,50.466,31.295,19.171,30.917,6.946,0.704,6.242,6.250,0.000,0.000,0.000,0.000,31.0,
6.11.2025,18:45:57.435,27.188,24.805,17.871,2.967,250.0,250.0,82.418,42.128,8.909,75.036,51.865,32.162,19.703,31.772,97.734,23.977,73.757,6.369,0.000,0.000,0.000,0.000,31.0,
6.11.2025,18:45:58.440,31.266,27.032,20.135,2.961,250.0,250.0,78.742,23.672,8.935,73.889,51.154,31.720,19.434,31.343,6.987,0.720,6.267,6.267,0.000,0.000,0.000,0.000,31.0,
6.11.2025,18:45:59.436,17.672,27.297,20.461,2.966,250.0,250.0,78.200,23.774,8.876,74.400,51.424,31.884,19.540,31.507,6.937,0.703,6.234,6.234,0.000,0.000,1.250,0.000,31.0,
6.11.2025,18:46:0.442,23.110,29.320,22.282,3.043,250.0,250.0,83.275,38.597,8.828,72.595,50.289,31.184,19.105,30.806,83.288,28.862,54.426,6.590,0.000,0.000,0.000,0.875,31.0,
6.11.2025,18:46:1.444,24.469,26.083,19.167,3.020,250.0,250.0,78.586,22.314,8.842,68.720,47.916,29.714,18.202,29.361,7.037,0.727,6.310,6.310,0.000,0.000,2.375,0.000,31.0,
6.11.2025,18:46:2.444,17.672,27.879,20.975,2.973,250.0,250.0,77.257,28.940,8.839,68.656,47.860,29.670,18.190,29.317,40.243,4.799,35.444,6.378,0.000,0.000,0.000,0.000,31.0,
6.11.2025,18:46:3.446,17.672,27.879,20.975,2.973,250.0,250.0,73.927,34.875,8.921,101.025,67.833,42.061,25.772,41.550,27.684,7.836,19.848,6.225,0.000,0.000,0.000,0.000,31.0,
6.11.2025,18:46:4.441,23.110,25.572,18.713,2.951,250.0,250.0,77.192,41.358,8.875,68.913,48.053,29.799,18.254,29.433,101.932,31.135,70.797,6.386,0.000,0.000,0.000,0.000,31.0,
6.11.2025,18:46:5.438,40.782,26.070,19.230,2.941,250.0,250.0,77.637,13.417,8.812,34.573,26.901,16.683,10.218,16.487,7.142,0.722,6.420,6.208,0.000,0.000,0.000,0.000,31.0,
6.11.2025,18:46:6.445,20.391,25.060,18.217,2.899,250.0,250.0,73.921,53.309,8.826,48.420,35.422,21.968,13.454,21.700,11.117,1.936,9.181,361.065,0.000,0.001,0.000,0.000,31.0,
6.11.2025,18:46:7.444,32.625,25.186,18.285,2.960,250.0,250.0,75.500,44.026,8.801,68.346,47.658,29.552,18.106,29.187,116.009,32.668,83.341,6.590,0.000,0.000,0.000,0.000,31.0,
6.11.2025,18:46:8.436,24.469,26.447,19.588,2.981,250.0,250.0,80.290,22.447,8.862,69.184,48.216,29.899,18.317,29.534,7.063,0.728,6.335,6.335,0.000,0.000,0.000,0.750,31.0,
6.11.2025,18:46:9.434,17.672,26.272,19.357,2.961,250.0,250.0,77.825,22.360,8.877,68.916,48.049,29.791,18.258,29.438,6.995,0.710,6.285,6.285,0.000,0.000,0.000,0.500,31.0,
6.11.2025,18:46:10.435,29.907,29.063,22.140,2.988,250.0,250.0,73.973,22.303,8.924,68.694,47.954,29.732,18.222,29.366,6.946,0.704,6.242,6.242,0.000,0.000,0.000,0.000,31.0,
6.11.2025,18:46:11.444,27.188,27.117,20.318,2.932,250.0,250.0,74.451,22.347,8.910,68.871,48.044,29.788,18.256,29.435,6.956,0.706,6.250,6.250,0.000,0.000,0.000,0.000,31.0,
6.11.2025,18:46:12.439,13.594,28.539,21.594,2.999,250.0,250.0,74.500,22.688,8.987,70.049,48.826,30.273,18.553,29.907,6.999,0.714,6.285,6.285,0.000,0.000,0.000,0.375,31.0,
6.11.2025,18:46:13.438,23.110,26.903,20.072,2.939,250.0,250.0,74.487,32.169,8.973,53.224,38.463,23.846,14.617,23.554,25.227,6.721,18.506,108.561,0.000,0.000,0.000,0.000,31.0,
6.11.2025,18:46:14.434,23.110,25.538,18.669,2.953,250.0,250.0,75.061,22.399,8.935,69.101,48.199,29.884,18.315,29.531,6.907,0.699,6.208,6.208,0.000,0.000,0.000,0.000,31.0,
6.11.2025,18:46:15.437,20.391,26.501,19.591,2.981,250.0,250.0,71.122,22.478,8.873,69.417,48.353,29.979,18.374,29.626,6.955,0.705,6.250,6.250,0.000,0.000,0.000,2.375,31.0,
6.11.2025,18:46:16.436,14.953,25.251,18.458,2.921,250.0,250.0,74.708,18.001,8.849,52.041,37.709,23.378,14.331,23.097,7.107,0.721,6.386,6.386,0.000,0.001,0.000,0.000,31.0,
6.11.2025,18:46:17.435,20.391,26.272,19.394,2.994,250.0,250.0,63.884,23.539,8.875,73.528,50.882,31.552,19.330,31.174,6.907,0.699,6.208,6.234,0.000,0.000,0.000,0.000,31.0,
6.11.2025,18:46:18.445,17.672,28.530,21.566,3.024,250.0,250.0,79.501,55.868,8.883,53.263,38.429,23.828,14.601,23.535,7.364,0.918,6.446,381.414,0.000,0.000,0.000,0.000,31.0,
6.11.2025,18:46:19.445,17.672,27.489,20.523,3.008,250.0,250.0,78.249,23.661,8.908,73.907,51.133,31.707,19.426,31.329,6.965,0.715,6.250,6.267,0.000,0.000,0.000,0.000,31.0,
6.11.2025,18:46:20.436,17.672,30.011,23.019,3.056,250.0,250.0,78.249,23.661,8.908,73.907,51.133,31.707,19.426,31.329,6.965,0.715,6.250,6.267,0.000,0.000,0.000,0.375,31.0,
6.11.2025,18:46:21.435,25.829,27.915,21.010,2.998,250.0,250.0,81.936,39.288,8.899,55.201,39.614,24.565,15.049,24.273,7.617,0.899,6.718,210.043,0.000,0.000,0.000,0.000,31.0,
6.11.2025,18:46:22.444,23.110,30.039,23.041,3.052,250.0,250.0,79.077,23.369,8.908,72.805,50.450,31.292,19.158,30.915,6.953,0.703,6.250,6.250,0.000,0.000,0.000,0.000,31.0,
6.11.2025,18:46:23.444,19.032,26.601,19.642,3.008,250.0,250.0,83.135,21.771,8.909,62.065,43.857,27.204,16.653,26.875,11.913,2.324,9.589,8.325,0.000,0.000,0.000,0.000,31.0,
6.11.2025,18:46:24.444,16.313,25.339,18.473,2.972,250.0,250.0,79.052,23.305,8.834,72.602,50.280,31.176,19.104,30.799,6.977,0.710,6.267,6.302,0.000,0.000,0.000,0.000,31.0,
6.11.2025,18:46:25.445,20.391,26.079,19.224,2.959,250.0,250.0,82.050,33.028,8.846,68.712,47.919,29.713,18.206,29.348,60.601,22.561,38.040,6.335,0.000,0.000,0.000,0.375,31.0,
6.11.2025,18:46:26.445,16.313,25.995,19.087,2.956,250.0,250.0,78.602,23.286,8.845,72.360,50.137,31.084,19.053,30.707,7.166,0.794,6.372,6.343,0.000,0.000,0.000,0.000,31.0,
6.11.2025,18:46:27.443,23.110,27.595,20.747,2.961,250.0,250.0,77.484,23.745,8.912,74.232,51.342,31.838,19.504,31.460,6.966,0.732,6.234,6.234,0.000,0.000,0.000,0.000,31.0,
6.11.2025,18:46:28.438,24.469,29.352,22.458,2.962,250.0,250.0,81.661,23.539,8.948,73.363,50.814,31.511,19.303,31.134,7.017,0.732,6.285,6.285,0.000,0.000,0.000,0.000,31.0,
6.11.2025,18:46:29.441,28.547,27.990,21.134,2.940,250.0,250.0,80.273,24.138,8.901,75.754,52.268,32.415,19.853,32.025,6.967,0.733,6.234,6.234,0.000,0.000,0.000,0.000,31.0,
6.11.2025,18:46:30.445,21.750,26.719,19.683,3.071,250.0,250.0,80.866,39.814,8.849,74.599,51.532,31.949,19.583,31.560,86.854,18.590,68.264,6.361,0.000,0.000,0.000,0.000,31.0,
6.11.2025,18:46:31.439,24.469,37.001,29.432,3.527,250.0,250.0,78.434,32.807,8.878,75.028,51.821,32.140,19.681,31.750,51.241,6.864,44.377,6.285,0.000,0.000,0.000,0.000,31.0,
6.11.2025,18:46:32.449,28.547,29.259,22.097,3.195,250.0,250.0,80.466,24.116,8.876,75.666,52.219,32.374,19.845,31.984,6.975,0.733,6.242,6.242,0.000,0.000,0.000,0.000,31.0,
6.11.2025,18:46:33.438,21.750,27.606,20.646,3.009,250.0,250.0,80.473,23.876,8.974,74.418,51.484,31.920,19.564,31.543,7.271,0.909,6.362,6.318,0.000,0.000,0.000,0.000,31.0,
6.11.2025,18:46:34.445,21.750,27.941,21.111,2.938,250.0,250.0,79.696,23.964,8.900,75.069,51.868,32.163,19.705,31.773,6.966,0.732,6.234,6.234,0.000,0.000,0.000,0.000,31.0,
6.11.2025,18:46:35.444,19.032,27.265,20.441,2.912,250.0,250.0,81.209,45.989,8.997,74.647,51.641,32.029,19.612,31.639,117.424,33.284,84.140,6.480,0.000,0.000,0.125,0.000,31.0,
6.11.2025,18:46:36.451,19.032,28.098,21.188,2.968,250.0,250.0,79.955,23.642,8.976,73.790,51.112,31.688,19.424,31.310,6.941,0.707,6.234,6.234,0.000,0.000,0.000,0.000,31.0,
6.11.2025,18:46:37.438,24.469,26.877,19.944,2.978,250.0,250.0,82.420,23.336,8.982,72.477,50.304,31.190,19.114,30.813,7.070,0.727,6.343,6.335,0.000,0.000,0.000,0.000,31.0,
6.11.2025,18:46:38.444,25.829,28.133,21.277,2.958,250.0,250.0,78.972,23.412,8.889,72.999,50.571,31.356,19.215,30.979,6.936,0.702,6.234,6.234,0.000,0.000,0.000,0.000,31.0,
6.11.2025,18:46:39.439,17.672,28.304,21.455,2.944,250.0,250.0,81.984,32.183,8.877,74.550,51.505,31.943,19.562,31.553,48.691,6.247,42.444,6.454,0.000,0.000,0.000,0.000,31.0,
6.11.2025,18:46:40.435,27.188,29.322,22.406,2.998,250.0,250.0,78.840,23.666,8.883,73.973,51.156,31.723,19.433,31.334,6.954,0.704,6.250,6.250,0.000,0.000,0.000,0.000,31.0,
6.11.2025,18:46:41.437,23.110,25.045,18.144,2.969,250.0,250.0,82.330,23.736,8.886,73.978,51.171,31.728,19.443,31.351,7.199,0.803,6.396,6.403,0.000,0.000,0.000,0.000,31.0,
6.11.2025,18:46:42.445,17.672,28.654,21.654,3.035,250.0,250.0,80.269,47.081,8.850,73.146,50.632,31.397,19.235,31.019,124.924,34.343,90.581,6.683,0.000,0.000,0.000,0.000,31.0,
6.11.2025,18:46:43.446,25.829,26.291,19.397,2.991,250.0,250.0,78.537,23.439,8.937,73.053,50.625,31.388,19.237,31.010,6.945,0.703,6.242,6.250,0.000,0.000,0.000,0.000,31.0,
6.11.2025,18:46:44.444,13.594,29.345,22.359,3.031,250.0,250.0,81.963,47.361,8.996,73.728,51.079,31.675,19.404,31.285,125.368,34.606,90.762,6.709,0.000,0.000,0.000,0.000,31.0,
6.11.2025,18:46:45.444,17.672,28.461,21.571,2.976,250.0,250.0,78.659,23.808,8.939,74.417,51.473,31.916,19.557,31.539,6.981,0.714,6.267,6.276,0.000,0.000,0.000,0.000,31.0,
6.11.2025,18:46:46.444,25.829,28.021,21.133,2.971,250.0,250.0,82.239,47.178,8.885,73.473,50.853,31.537,19.316,31.147,125.027,34.241,90.786,6.514,0.000,0.000,0.000,0.000,31.0,
6.11.2025,18:46:47.438,20.391,27.723,20.828,2.972,250.0,250.0,78.700,23.463,8.862,73.192,50.661,31.417,19.244,31.039,6.976,0.709,6.267,6.267,0.000,0.000,0.000,0.000,31.0,
6.11.2025,18:46:48.439,33.985,28.419,21.578,2.933,250.0,250.0,78.268,23.364,8.880,72.836,50.455,31.281,19.174,30.904,6.937,0.703,6.234,6.234,0.000,0.000,0.000,0.000,31.0,
6.11.2025,18:46:49.445,14.953,28.171,21.296,2.947,250.0,250.0,82.178,47.569,8.948,74.787,51.708,32.069,19.639,31.680,125.162,34.530,90.632,6.530,0.000,0.000,0.000,0.000,31.0,
6.11.2025,18:46:50.436,17.672,29.288,22.332,2.992,250.0,250.0,78.295,23.481,8.871,73.262,50.710,31.446,19.264,31.068,6.966,0.707,6.259,6.259,0.000,0.000,0.000,0.000,31.0,
6.11.2025,18:46:51.439,21.750,26.175,19.302,2.981,250.0,250.0,81.810,25.142,8.884,73.280,50.728,31.462,19.266,31.085,15.141,1.980,13.161,6.429,0.000,0.000,0.375,0.000,31.0,
6.11.2025,18:46:52.436,19.032,28.373,21.428,2.975,250.0,250.0,78.150,23.332,8.835,72.745,50.362,31.234,19.128,30.857,6.953,0.703,6.250,6.250,0.000,0.000,0.000,0.000,31.0,
6.11.2025,18:46:53.449,17.672,29.250,22.332,3.003,250.0,250.0,78.902,52.498,8.910,90.396,61.287,38.003,23.284,37.553,39.130,13.902,25.228,187.286,0.000,0.000,0.000,0.000,31.0,
6.11.2025,18:46:54.444,19.032,27.811,20.911,2.970,250.0,250.0,79.281,23.455,8.874,73.072,50.605,31.371,19.234,30.994,7.039,0.721,6.318,6.318,0.000,0.000,0.000,0.000,31.0,
6.11.2025,18:46:55.444,17.672,27.911,21.031,2.964,250.0,250.0,78.452,23.492,8.902,73.294,50.757,31.480,19.277,31.102,6.940,0.706,6.234,6.234,0.000,0.000,1.250,0.000,31.0,
6.11.2025,18:46:56.444,32.625,28.260,21.410,2.948,250.0,250.0,82.259,47.258,9.022,73.238,50.804,31.503,19.301,31.113,125.463,34.812,90.651,6.674,0.000,0.000,0.000,0.000,31.0,
6.11.2025,18:46:57.438,29.907,31.385,24.454,2.979,250.0,250.0,78.339,23.621,9.082,73.599,51.050,31.655,19.395,31.278,6.945,0.703,6.242,6.259,0.000,0.000,0.000,0.000,31.0,
6.11.2025,18:46:58.439,17.672,25.224,18.329,2.986,250.0,250.0,82.363,23.639,9.101,73.534,51.028,31.637,19.391,31.259,7.047,0.729,6.318,6.343,0.000,0.000,0.000,0.000,31.0,
6.11.2025,18:46:59.437,17.672,25.262,18.343,2.977,250.0,250.0,79.060,23.445,9.070,72.936,50.644,31.404,19.240,31.014,6.945,0.703,6.242,6.250,0.000,0.000,0.000,0.000,31.0,
6.11.2025,18:47:0.445,17.672,28.839,21.920,2.988,250.0,250.0,81.818,23.347,8.935,72.634,50.374,31.245,19.129,30.867,6.996,0.720,6.276,6.293,0.000,0.000,0.000,0.000,31.0,
6.11.2025,18:47:1.439,24.469,30.399,23.322,3.114,250.0,250.0,79.931,23.689,8.900,74.006,51.193,31.738,19.455,31.361,6.984,0.717,6.267,6.267,0.000,0.000,0.000,0.000,31.0,
6.11.2025,18:47:2.436,25.829,28.141,21.099,3.090,250.0,250.0,83.883,24.283,8.936,76.049,52.477,32.538,19.939,32.149,7.195,0.817,6.378,6.352,0.000,0.000,0.000,1.000,31.0,
6.11.2025,18:47:3.442,19.032,28.738,21.769,3.019,250.0,250.0,83.097,18.884,8.916,55.393,39.796,24.675,15.121,24.370,7.164,0.735,6.429,6.242,0.000,0.000,0.000,0.000,31.0,
6.11.2025,18:47:4.436,24.469,27.653,20.725,3.007,250.0,250.0,79.675,23.911,8.975,74.494,51.543,31.963,19.580,31.573,7.309,0.885,6.424,6.369,0.000,0.000,0.000,0.000,31.0,
6.11.2025,18:47:5.445,24.469,25.896,18.987,2.972,250.0,250.0,79.915,24.021,9.001,75.040,51.892,32.180,19.712,31.790,7.125,0.779,6.346,6.343,0.000,0.000,0.000,0.000,31.0,
6.11.2025,18:47:6.435,24.469,28.045,21.079,2.993,250.0,250.0,83.134,19.344,8.937,57.305,40.975,25.409,15.566,25.104,6.949,0.707,6.242,6.242,0.000,0.000,0.000,0.000,31.0,
6.11.2025,18:47:7.440,24.469,27.060,20.173,2.976,250.0,250.0,81.802,49.628,8.876,70.461,49.001,30.387,18.614,30.009,71.887,26.308,45.579,145.161,0.000,0.000,0.000,0.000,31.0,
6.11.2025,18:47:8.445,25.829,29.030,22.060,3.048,250.0,250.0,79.978,23.909,8.926,74.722,51.657,32.039,19.618,31.650,7.082,0.769,6.313,6.310,0.000,0.001,0.000,0.000,31.0,
6.11.2025,18:47:9.440,21.750,27.901,20.944,2.971,250.0,250.0,83.958,40.503,8.888,74.987,51.786,32.106,19.680,31.717,89.653,19.623,70.030,6.556,0.000,0.000,0.000,0.000,31.0,
6.11.2025,18:47:10.444,20.391,31.246,24.285,3.027,250.0,250.0,79.901,23.824,8.852,74.515,51.489,31.923,19.566,31.534,7.036,0.743,6.293,6.293,0.000,0.000,0.000,0.375,31.0,
6.11.2025,18:47:11.442,19.032,31.077,24.018,3.105,250.0,250.0,83.552,36.189,8.961,62.014,43.865,27.196,16.669,26.867,84.931,29.208,55.723,6.454,0.000,0.000,0.000,0.250,31.0,
6.11.2025,18:47:12.465,27.188,27.116,20.150,3.000,250.0,250.0,79.774,24.161,8.886,75.707,52.229,32.389,19.840,32.000,7.092,0.779,6.313,6.378,0.000,0.000,0.000,0.375,31.0,
6.11.2025,18:47:13.463,17.672,26.934,19.995,3.018,250.0,250.0,80.012,23.652,8.907,73.848,51.107,31.694,19.413,31.304,6.983,0.707,6.276,6.285,0.000,0.000,0.000,0.000,31.0,
6.11.2025,18:47:14.454,32.625,29.977,22.982,3.065,250.0,250.0,83.819,54.466,8.857,69.080,48.127,29.837,18.290,29.484,81.571,28.796,52.775,177.838,0.000,0.000,0.000,2.250,31.0,
6.11.2025,18:47:15.455,17.672,31.976,24.840,3.133,250.0,250.0,79.903,23.566,8.873,73.443,50.833,31.515,19.318,31.138,7.094,0.781,6.313,6.352,0.000,0.000,0.000,0.000,31.0,
6.11.2025,18:47:16.451,27.188,27.760,20.863,2.999,250.0,250.0,80.273,23.557,8.850,73.567,50.891,31.550,19.341,31.172,6.967,0.708,6.259,6.267,0.000,0.000,0.000,2.375,31.0,
6.11.2025,18:47:17.462,17.672,26.776,19.848,2.999,250.0,250.0,83.506,23.900,8.909,74.495,51.499,31.939,19.560,31.550,7.321,0.831,6.490,6.403,0.000,0.000,0.000,0.000,31.0,
6.11.2025,18:47:18.457,27.188,28.136,21.192,2.993,250.0,250.0,80.382,44.247,8.894,68.928,48.061,29.801,18.260,29.448,116.189,32.907,83.282,6.700,0.000,0.000,0.000,0.000,31.0,
6.11.2025,18:47:19.455,25.829,27.141,20.258,2.940,250.0,250.0,80.203,22.399,8.920,68.977,48.116,29.836,18.280,29.483,7.032,0.714,6.318,6.310,0.000,0.000,0.000,2.125,31.0,
6.11.2025,18:47:20.454,21.750,26.287,19.395,2.972,250.0,250.0,78.656,22.480,8.979,69.207,48.283,29.936,18.347,29.583,7.062,0.727,6.335,6.343,0.000,0.000,0.000,0.000,31.0,
6.11.2025,18:47:21.473,24.469,27.850,20.927,2.968,250.0,250.0,78.181,22.795,8.936,70.394,49.009,30.395,18.614,30.029,7.099,0.721,6.378,6.378,0.000,0.000,0.000,0.000,31.0,
6.11.2025,18:47:22.476,23.110,27.576,20.704,2.957,250.0,250.0,78.435,23.990,8.907,70.299,48.921,30.341,18.580,29.976,13.246,1.429,11.817,6.386,0.000,0.000,0.000,0.000,31.0,
6.11.2025,18:47:23.467,24.469,26.059,19.177,2.937,250.0,250.0,78.084,22.533,8.856,69.494,48.400,30.006,18.394,29.641,7.090,0.729,6.361,6.361,0.000,0.000,2.500,0.000,31.0,
6.11.2025,18:47:24.474,5.438,26.100,19.251,2.944,250.0,250.0,78.114,22.394,8.837,68.999,48.082,29.814,18.268,29.461,7.068,0.725,6.343,6.343,0.000,0.000,0.000,0.000,31.0,
6.11.2025,18:47:25.481,20.391,26.888,20.022,2.961,250.0,250.0,78.328,22.685,8.885,69.944,48.693,30.185,18.508,29.820,7.246,0.928,6.318,6.318,0.000,0.000,0.000,0.000,31.0,
6.11.2025,18:47:26.472,23.110,25.930,19.044,2.983,250.0,250.0,78.070,22.625,8.922,69.854,48.661,30.176,18.485,29.811,7.019,0.717,6.302,6.302,0.000,0.001,0.000,0.000,31.0,
6.11.2025,18:47:27.469,21.750,26.397,19.512,2.956,250.0,250.0,75.304,22.359,8.859,68.990,48.101,29.823,18.278,29.458,6.927,0.702,6.225,6.225,0.000,0.000,0.000,0.000,31.0,
6.11.2025,18:47:28.494,17.672,25.734,18.883,2.931,250.0,250.0,74.653,22.383,8.858,69.075,48.139,29.853,18.286,29.488,6.946,0.704,6.242,6.242,0.000,0.000,0.500,0.000,31.0,
6.11.2025,18:47:29.495,14.953,28.037,21.203,2.900,250.0,250.0,75.334,22.448,8.896,69.220,48.258,29.919,18.339,29.554,7.005,0.720,6.285,6.285,0.000,0.000,0.000,0.000,31.0,
6.11.2025,18:47:30.493,17.672,28.819,21.930,2.959,250.0,250.0,72.023,21.642,8.833,66.267,46.418,28.789,17.629,28.435,6.918,0.702,6.216,6.216,0.000,0.000,0.000,0.000,31.0,
6.11.2025,18:47:31.489,25.829,28.033,21.002,3.125,250.0,250.0,74.955,22.799,8.822,70.698,49.112,30.453,18.659,30.088,6.956,0.714,6.242,6.242,0.000,0.000,0.000,0.000,31.0,
6.11.2025,18:47:32.496,24.469,34.378,26.830,3.527,250.0,250.0,71.955,22.294,8.871,68.760,47.940,29.728,18.212,29.375,6.918,0.702,6.216,6.216,0.000,0.000,0.000,0.000,31.0,
6.11.2025,18:47:33.491,21.750,27.361,20.426,2.997,250.0,250.0,75.186,13.697,8.760,35.728,27.602,17.114,10.488,16.906,7.078,0.717,6.361,6.216,0.000,0.000,0.000,0.000,31.0,
6.11.2025,18:47:34.491,21.750,29.436,22.394,3.099,250.0,250.0,63.575,23.738,8.861,74.285,51.338,31.840,19.498,31.451,6.937,0.703,6.234,6.234,0.000,0.001,0.000,0.000,31.0,
6.11.2025,18:47:35.487,27.188,27.584,20.675,2.995,250.0,250.0,83.944,42.830,8.899,76.321,52.620,32.621,19.999,32.232,99.580,24.868,74.712,6.446,0.000,0.000,0.000,0.000,31.0,
6.11.2025,18:47:36.489,24.469,29.943,23.006,3.003,250.0,250.0,81.014,24.374,8.874,76.706,52.831,32.755,20.076,32.365,6.939,0.705,6.234,6.250,0.000,0.000,0.000,0.000,31.0,
6.11.2025,18:47:37.482,17.672,27.531,20.624,2.972,250.0,250.0,84.040,34.721,8.849,75.942,52.359,32.460,19.899,32.070,59.616,8.618,50.998,6.403,0.000,0.000,0.000,0.000,31.0,
6.11.2025,18:47:38.483,17.672,27.531,20.624,2.972,250.0,250.0,80.128,23.788,8.885,74.414,51.430,31.893,19.537,31.515,6.974,0.707,6.267,6.259,0.000,0.000,0.000,0.375,31.0,
6.11.2025,18:47:39.492,32.625,28.052,21.131,3.006,250.0,250.0,83.582,20.050,8.816,59.385,42.140,26.129,16.011,25.825,7.423,0.884,6.539,7.343,0.000,0.000,0.375,0.000,31.0,
6.11.2025,18:47:40.490,32.625,28.275,21.299,3.030,250.0,250.0,80.411,47.821,8.842,75.948,52.354,32.466,19.888,32.065,124.985,34.610,90.375,6.674,0.000,0.000,0.000,0.000,31.0,
6.11.2025,18:47:41.484,23.110,29.914,22.984,3.009,250.0,250.0,80.749,24.135,8.846,75.748,52.225,32.384,19.841,31.994,6.997,0.712,6.285,6.318,0.000,0.000,0.000,0.000,31.0,
6.11.2025,18:47:42.485,27.188,27.361,20.367,3.024,250.0,250.0,80.158,24.012,8.909,75.235,51.951,32.220,19.731,31.831,6.985,0.718,6.267,6.267,0.000,0.000,0.000,0.000,31.0,
6.11.2025,18:47:43.484,16.313,27.951,20.963,3.063,250.0,250.0,83.256,48.405,8.941,57.802,41.241,25.578,15.663,25.273,50.291,18.241,32.050,208.969,0.000,0.000,0.000,0.000,31.0,
6.11.2025,18:47:44.482,23.110,29.467,22.521,2.984,250.0,250.0,80.736,23.765,9.016,74.092,51.320,31.824,19.496,31.435,7.082,0.776,6.306,6.302,0.000,0.000,0.000,0.000,31.0,
6.11.2025,18:47:45.495,17.672,28.296,21.378,2.993,250.0,250.0,80.233,24.016,8.934,75.236,51.983,32.225,19.758,31.835,6.966,0.707,6.259,6.259,0.000,0.000,0.000,0.000,31.0,
6.11.2025,18:47:46.503,23.110,27.074,20.202,2.971,250.0,250.0,83.922,45.855,8.875,75.941,52.371,32.479,19.892,32.089,115.201,31.001,84.200,6.497,0.000,0.000,0.000,0.000,31.0,
6.11.2025,18:47:47.490,28.547,28.327,21.429,2.975,250.0,250.0,80.418,23.862,8.861,74.656,51.566,31.972,19.594,31.595,7.045,0.760,6.285,6.285,0.000,0.000,0.000,0.000,31.0,
6.11.2025,18:47:48.487,32.625,26.655,19.723,2.996,250.0,250.0,82.172,23.926,8.935,74.742,51.667,32.035,19.632,31.645,7.126,0.767,6.359,6.352,0.000,0.000,0.000,0.000,31.0,
6.11.2025,18:47:49.489,17.672,28.056,21.105,3.004,250.0,250.0,81.372,24.000,8.875,75.224,51.930,32.210,19.720,31.821,6.974,0.707,6.267,6.267,0.000,0.000,0.000,0.000,31.0,
6.11.2025,18:47:50.487,17.672,28.585,21.596,3.035,250.0,250.0,83.836,25.704,8.936,75.387,52.079,32.292,19.787,31.902,15.113,2.020,13.093,6.429,0.000,0.000,0.000,2.125,31.0,
6.11.2025,18:47:51.485,17.672,28.391,21.493,3.003,250.0,250.0,80.007,24.275,8.873,76.231,52.548,32.578,19.970,32.189,7.027,0.757,6.270,6.310,0.000,0.000,0.000,0.000,31.0,
6.11.2025,18:47:52.497,25.829,29.449,22.513,2.999,250.0,250.0,83.824,46.343,8.805,73.415,50.770,31.486,19.284,31.109,120.995,33.862,87.133,6.573,0.000,0.000,0.000,0.000,31.0,
6.11.2025,18:47:53.500,19.032,29.950,22.895,3.074,250.0,250.0,80.824,23.816,8.907,74.472,51.472,31.917,19.555,31.540,7.003,0.710,6.293,6.293,0.000,0.000,0.000,0.000,31.0,
6.11.2025,18:47:54.494,20.391,26.708,19.789,2.981,250.0,250.0,83.500,21.641,8.796,45.565,33.649,20.867,12.782,20.611,7.575,0.959,6.616,58.990,0.000,0.000,0.000,0.000,31.0,
6.11.2025,18:47:55.492,21.750,28.488,21.616,2.965,250.0,250.0,80.081,23.720,8.868,74.061,51.207,31.753,19.454,31.364,7.081,0.775,6.306,6.327,0.000,0.000,0.000,0.000,31.0,
6.11.2025,18:47:56.492,27.188,27.536,20.648,2.960,250.0,250.0,79.943,24.261,8.899,76.073,52.458,32.534,19.924,32.144,7.138,0.828,6.310,6.302,0.000,0.000,0.000,0.625,31.0,
6.11.2025,18:47:57.495,19.032,27.988,21.063,2.975,250.0,250.0,80.525,21.111,8.957,63.988,45.080,27.950,17.130,27.621,7.066,0.714,6.352,6.250,0.000,0.000,0.000,0.000,31.0,
6.11.2025,18:47:58.493,16.313,26.193,19.317,2.969,250.0,250.0,81.926,29.820,8.968,55.244,39.700,24.622,15.078,24.329,30.550,9.231,21.319,69.155,0.000,0.000,0.000,0.000,31.0,
6.11.2025,18:47:59.496,16.313,26.707,19.812,2.972,250.0,250.0,81.926,29.820,8.968,55.244,39.700,24.622,15.078,24.329,30.550,9.231,21.319,69.155,0.000,0.001,0.000,0.000,31.0,
6.11.2025,18:48:0.491,16.313,31.538,24.569,3.021,250.0,250.0,79.585,35.024,8.861,86.180,58.666,36.377,22.289,35.939,47.842,17.640,30.202,6.242,0.000,0.000,0.000,0.000,31.0,
6.11.2025,18:48:1.491,21.750,28.002,21.037,3.014,250.0,250.0,80.409,25.478,8.825,74.719,51.591,31.984,19.607,31.594,15.062,2.026,13.036,6.335,0.000,0.000,0.000,0.000,31.0,
6.11.2025,18:48:2.486,16.313,25.345,18.400,3.002,250.0,250.0,79.465,24.077,8.827,75.454,52.066,32.280,19.786,31.890,7.078,0.768,6.310,6.310,0.000,0.000,0.000,0.000,31.0,
6.11.2025,18:48:3.490,17.672,30.469,23.545,3.030,250.0,250.0,83.080,23.904,8.868,74.878,51.711,32.073,19.638,31.683,6.967,0.708,6.259,6.259,0.000,0.000,0.000,0.000,31.0,
6.11.2025,18:48:4.490,20.391,25.084,18.198,2.943,250.0,250.0,79.442,17.010,8.885,48.405,35.463,21.990,13.473,21.722,6.953,0.703,6.250,6.250,0.000,0.000,0.000,0.875,31.0,
6.11.2025,18:48:5.492,23.110,27.865,20.958,2.964,250.0,250.0,79.627,47.529,8.884,74.766,51.656,32.035,19.621,31.646,125.098,34.456,90.642,6.480,0.000,0.000,0.000,0.000,31.0,
6.11.2025,18:48:6.488,20.391,27.484,20.594,2.981,250.0,250.0,79.696,24.024,8.995,75.051,51.897,32.188,19.709,31.798,7.129,0.783,6.346,6.343,0.000,0.000,0.000,0.000,31.0,
6.11.2025,18:48:7.486,20.391,27.397,20.469,3.001,250.0,250.0,83.641,24.179,9.057,75.652,52.314,32.433,19.881,32.044,7.059,0.773,6.286,6.285,0.000,0.000,0.000,0.000,31.0,
6.11.2025,18:48:8.488,25.829,27.191,20.244,3.014,250.0,250.0,79.934,28.362,8.995,62.983,44.475,27.579,16.896,27.251,6.989,0.739,6.250,81.458,0.000,0.000,2.500,0.000,31.0,
6.11.2025,18:48:9.495,19.032,28.856,21.893,3.019,250.0,250.0,79.851,45.551,8.884,74.233,51.340,31.836,19.504,31.447,115.882,31.235,84.647,6.505,0.000,0.000,0.000,0.000,31.0,
6.11.2025,18:48:10.493,17.672,28.675,21.631,3.082,250.0,250.0,79.409,23.750,8.837,74.223,51.293,31.806,19.487,31.416,7.070,0.764,6.306,6.302,0.000,0.000,1.125,0.000,31.0,
6.11.2025,18:48:11.492,20.391,29.024,22.039,3.072,250.0,250.0,83.966,26.305,8.911,59.950,42.573,26.392,16.181,26.075,7.272,0.944,6.328,68.427,0.000,0.000,0.000,0.000,31.0,
6.11.2025,18:48:12.489,32.625,26.784,19.809,3.024,250.0,250.0,82.519,24.626,8.996,77.281,53.291,33.044,20.247,32.642,7.202,0.823,6.379,6.352,0.000,0.000,0.000,0.000,31.0,
6.11.2025,18:48:13.484,29.907,28.150,21.162,3.053,250.0,250.0,80.557,24.924,8.975,78.560,54.076,33.530,20.546,33.128,7.066,0.772,6.294,6.293,0.000,0.000,0.000,0.000,31.0,
6.11.2025,18:48:14.491,24.469,28.273,21.291,3.057,250.0,250.0,84.688,26.465,9.001,78.193,53.848,33.390,20.458,32.988,15.188,2.064,13.124,6.394,0.000,0.000,0.000,0.000,31.0,
6.11.2025,18:48:15.491,14.953,29.170,22.161,3.051,250.0,250.0,81.449,24.845,9.032,78.148,53.855,33.387,20.468,32.985,7.108,0.770,6.338,6.361,0.000,0.000,0.000,0.000,31.0,
6.11.2025,18:48:16.490,29.907,28.198,21.205,3.054,250.0,250.0,81.360,24.762,8.949,77.985,53.700,33.292,20.408,32.890,7.048,0.762,6.286,6.302,0.000,0.000,0.000,0.375,31.0,
6.11.2025,18:48:17.492,39.422,28.263,21.241,3.064,250.0,250.0,82.285,25.123,8.888,56.159,40.234,24.945,15.289,24.640,7.326,0.783,6.543,66.425,0.000,0.000,1.250,0.000,31.0,
6.11.2025,18:48:18.502,25.829,27.507,20.550,3.019,250.0,250.0,83.537,27.892,8.872,43.027,32.133,19.929,12.204,19.685,7.297,0.834,6.463,128.474,0.000,0.000,0.000,0.000,31.0,
6.11.2025,18:48:19.499,23.110,27.309,20.400,3.008,250.0,250.0,79.711,26.254,8.951,75.179,51.953,32.218,19.735,31.829,18.147,2.544,15.603,6.378,0.000,0.001,0.000,0.000,31.0,
6.11.2025,18:48:20.501,17.672,28.471,21.439,3.069,250.0,250.0,79.708,24.254,8.993,76.014,52.496,32.547,19.949,32.158,7.034,0.716,6.318,6.318,0.000,0.000,0.000,0.000,31.0,
6.11.2025,18:48:21.497,16.313,25.502,18.588,2.997,250.0,250.0,80.393,24.157,9.014,75.623,52.262,32.411,19.851,32.022,7.034,0.716,6.318,6.318,0.000,0.000,0.000,2.250,31.0,
6.11.2025,18:48:22.508,21.750,25.262,18.350,3.006,250.0,250.0,79.830,23.944,8.929,74.937,51.765,32.105,19.660,31.716,7.014,0.712,6.302,6.302,0.000,0.000,0.000,0.000,31.0,
6.11.2025,18:48:23.508,19.032,26.888,19.849,3.081,250.0,250.0,83.927,43.758,8.919,71.136,49.452,30.662,18.790,30.297,110.818,32.395,78.423,6.683,0.000,0.000,0.000,2.375,31.0,
6.11.2025,18:48:24.508,16.313,27.391,20.469,3.011,250.0,250.0,81.053,24.318,8.885,76.366,52.649,32.648,20.001,32.259,7.031,0.721,6.310,6.310,0.000,0.000,0.000,0.000,31.0,
6.11.2025,18:48:25.508,20.391,25.822,18.872,3.037,250.0,250.0,81.405,22.040,8.850,67.697,47.326,29.336,17.990,28.983,6.974,0.707,6.267,6.267,0.000,0.000,0.000,0.000,31.0,
6.11.2025,18:48:26.508,23.110,25.533,18.575,3.003,250.0,250.0,83.260,24.276,8.933,75.841,52.361,32.469,19.892,32.067,7.372,0.831,6.541,6.454,0.000,0.000,0.000,0.000,31.0,
6.11.2025,18:48:27.507,23.110,27.950,21.048,2.999,250.0,250.0,81.153,23.990,8.981,75.024,51.874,32.164,19.710,31.787,7.025,0.715,6.310,6.310,0.000,0.000,0.000,0.000,31.0,
6.11.2025,18:48:28.507,19.032,25.244,18.264,3.026,250.0,250.0,84.106,20.819,8.989,62.569,44.253,27.432,16.821,27.103,7.378,0.745,6.633,6.267,0.000,0.000,0.000,0.000,31.0,
6.11.2025,18:48:29.503,20.391,28.179,21.241,3.005,250.0,250.0,81.448,44.125,9.065,73.903,51.234,31.770,19.464,31.381,108.928,29.410,79.518,6.573,0.000,0.000,0.000,0.000,31.0,
6.11.2025,18:48:30.504,16.313,27.286,20.292,3.045,250.0,250.0,80.966,36.746,8.992,75.585,52.225,32.387,19.838,31.997,69.979,12.324,57.655,6.480,0.000,0.000,0.000,0.000,31.0,
6.11.2025,18:48:31.499,19.032,26.518,19.556,3.041,250.0,250.0,80.420,29.667,8.948,75.875,52.389,32.483,19.906,32.094,34.265,4.518,29.747,6.446,0.000,0.000,0.000,0.000,31.0,
6.11.2025,18:48:32.507,17.672,27.604,20.611,3.060,250.0,250.0,81.003,23.658,8.846,73.937,51.112,31.694,19.418,31.304,6.995,0.710,6.285,6.285,0.000,0.000,0.000,0.000,31.0,
6.11.2025,18:48:33.513,23.110,31.693,24.337,3.354,250.0,250.0,83.458,47.494,8.857,74.514,51.480,31.927,19.553,31.538,125.162,34.390,90.772,6.751,0.000,0.000,0.000,0.000,31.0,
6.11.2025,18:48:34.523,23.110,32.314,24.760,3.528,250.0,250.0,81.292,24.372,8.921,76.504,52.749,32.708,20.041,32.307,7.084,0.765,6.319,6.318,0.000,0.000,0.000,0.750,31.0,
6.11.2025,18:48:35.526,28.547,27.900,20.910,3.033,250.0,250.0,83.880,23.358,8.860,40.433,30.532,18.935,11.597,18.703,7.210,0.730,6.480,90.099,0.000,0.000,0.000,0.000,31.0,
6.11.2025,18:48:36.526,16.313,25.139,18.300,2.934,250.0,250.0,80.506,13.546,8.859,35.088,27.265,16.909,10.356,16.702,7.022,0.712,6.310,6.234,0.000,0.000,0.000,0.000,31.0,
6.11.2025,18:48:37.524,20.391,26.497,19.600,2.969,250.0,250.0,71.431,18.292,8.873,53.331,38.491,23.863,14.628,23.582,6.953,0.703,6.250,6.250,0.000,0.000,0.000,0.000,31.0,
6.11.2025,18:48:38.524,21.750,24.926,18.050,2.948,250.0,250.0,78.689,22.338,8.881,68.854,48.018,29.780,18.238,29.414,6.966,0.707,6.259,6.259,0.000,0.000,0.000,0.000,31.0,
6.11.2025,18:48:39.531,17.672,24.482,17.659,2.940,250.0,250.0,77.273,32.401,8.932,82.697,56.540,35.062,21.478,34.637,6.982,0.732,6.250,70.702,0.000,0.000,0.000,0.000,31.0,
6.11.2025,18:48:40.533,17.672,28.399,21.477,2.989,250.0,250.0,76.560,22.357,8.880,68.926,48.061,29.799,18.262,29.446,6.966,0.707,6.259,6.259,0.000,0.000,0.000,0.000,31.0,
6.11.2025,18:48:41.533,17.672,26.159,19.306,2.949,250.0,250.0,78.072,22.406,8.885,69.093,48.168,29.867,18.301,29.502,6.983,0.707,6.276,6.276,0.000,0.000,0.000,0.000,31.0,
6.11.2025,18:48:42.535,35.344,29.542,22.531,3.043,250.0,250.0,78.404,22.499,8.858,69.482,48.386,30.005,18.381,29.640,6.983,0.707,6.276,6.276,0.000,0.000,0.000,0.000,31.0,
6.11.2025,18:48:43.529,23.110,24.786,17.916,2.942,250.0,250.0,78.632,22.230,8.882,68.347,47.706,29.576,18.130,29.223,7.051,0.716,6.335,6.335,0.000,0.000,0.000,0.000,31.0,
6.11.2025,18:48:44.530,17.672,26.441,19.486,3.049,250.0,250.0,79.727,22.636,8.857,69.884,48.633,30.154,18.479,29.801,7.136,0.822,6.314,6.285,0.000,0.000,0.000,0.000,31.0,
6.11.2025,18:48:45.534,16.313,24.948,18.069,2.966,250.0,250.0,78.472,22.438,8.870,69.236,48.242,29.909,18.333,29.556,6.985,0.718,6.267,6.267,0.000,0.000,0.000,0.000,31.0,
6.11.2025,18:48:46.528,17.672,25.514,18.676,2.914,250.0,250.0,74.550,41.390,8.787,68.935,47.999,29.764,18.235,29.411,102.215,31.487,70.728,6.335,0.000,0.000,0.000,0.000,31.0,
6.11.2025,18:48:47.529,16.313,26.026,19.163,2.961,250.0,250.0,74.542,28.906,8.823,45.382,33.540,20.795,12.745,20.551,30.782,9.342,21.440,85.664,0.000,0.000,0.000,0.000,31.0,
6.11.2025,18:48:48.531,19.032,28.388,21.422,3.024,250.0,250.0,76.459,22.450,8.848,69.310,48.273,29.938,18.335,29.572,6.974,0.707,6.267,6.276,0.000,0.000,0.000,0.000,31.0,
6.11.2025,18:48:49.529,23.110,24.065,17.178,2.971,250.0,250.0,73.630,28.080,8.871,69.732,48.552,30.107,18.445,29.742,34.452,4.086,30.366,6.446,0.000,0.000,0.000,0.000,31.0,
6.11.2025,18:48:50.543,23.110,28.510,21.594,2.988,250.0,250.0,74.339,22.485,8.841,37.591,28.766,17.843,10.923,17.624,10.293,3.941,6.352,82.674,0.000,0.000,0.000,0.000,31.0,
6.11.2025,18:48:51.539,23.110,28.169,21.366,2.938,250.0,250.0,74.178,22.327,8.982,68.736,47.997,29.757,18.240,29.404,6.945,0.703,6.242,6.267,0.000,0.000,0.000,0.000,31.0,
6.11.2025,18:48:52.534,31.266,28.142,21.064,3.139,250.0,250.0,63.482,23.708,8.997,74.037,51.271,31.795,19.476,31.405,6.922,0.748,6.174,6.250,0.000,0.000,0.000,0.000,31.0,
6.11.2025,18:48:53.529,27.188,26.326,19.397,3.005,250.0,250.0,73.706,47.602,8.987,75.750,52.340,32.461,19.879,32.072,124.019,33.950,90.069,6.497,0.000,0.000,0.000,2.375,31.0,
6.11.2025,18:48:54.538,14.953,27.020,20.063,3.035,250.0,250.0,80.610,24.614,8.879,77.450,53.339,33.070,20.269,32.668,7.075,0.784,6.291,6.310,0.000,0.000,0.000,0.000,31.0,
6.11.2025,18:48:55.538,33.985,27.237,20.307,3.014,250.0,250.0,84.970,48.116,8.854,76.818,52.916,32.809,20.107,32.419,125.277,34.579,90.698,6.683,0.000,0.001,0.000,0.375,31.0,
6.11.2025,18:48:57.430,27.188,34.238,27.344,3.014,250.0,250.0,84.155,47.997,8.840,76.130,52.460,32.535,19.925,32.145,125.630,34.681,90.949,6.674,0.000,0.000,0.000,0.000,31.0,
6.11.2025,18:48:57.530,27.188,34.238,27.344,3.014,250.0,250.0,84.155,47.997,8.840,76.130,52.460,32.535,19.925,32.145,125.630,34.681,90.949,6.674,0.000,0.000,0.000,0.000,31.0,
6.11.2025,18:48:58.529,16.313,30.721,23.762,3.023,250.0,250.0,80.676,23.899,8.823,74.868,51.681,32.048,19.633,31.658,6.994,0.709,6.285,6.293,0.000,0.000,0.000,0.000,31.0,
6.11.2025,18:48:59.538,32.625,27.028,20.097,3.003,250.0,250.0,83.609,36.169,8.889,46.410,34.226,21.219,13.007,20.963,7.205,0.785,6.420,202.565,0.000,0.000,0.000,0.000,31.0,
6.11.2025,18:49:0.538,19.032,29.525,22.535,3.041,250.0,250.0,81.031,23.528,8.899,73.327,50.779,31.490,19.289,31.113,7.034,0.716,6.318,6.318,0.000,0.000,0.000,0.000,31.0,
6.11.2025,18:49:1.540,25.829,26.373,19.445,3.022,250.0,250.0,83.611,25.076,8.886,78.938,54.206,33.611,20.595,33.197,7.075,0.808,6.267,7.178,0.001,0.000,0.000,0.000,31.0,
6.11.2025,18:49:2.535,17.672,26.796,19.794,3.082,250.0,250.0,83.919,24.490,8.899,76.973,53.039,32.888,20.151,32.498,7.058,0.723,6.335,6.335,0.000,0.000,0.000,0.000,31.0,
6.11.2025,18:49:3.540,17.672,26.531,19.610,2.979,250.0,250.0,80.464,15.990,8.764,41.830,31.330,19.430,11.900,19.198,7.229,0.749,6.480,12.991,0.000,0.000,0.000,0.000,31.0,
6.11.2025,18:49:4.531,19.032,28.134,21.164,3.020,250.0,250.0,80.229,23.508,8.817,73.295,50.711,31.437,19.274,31.060,7.068,0.716,6.352,6.352,0.000,0.000,0.000,0.000,31.0,
6.11.2025,18:49:5.531,16.313,26.355,19.457,3.000,250.0,250.0,80.005,24.072,8.876,75.456,52.079,32.297,19.782,31.907,7.013,0.711,6.302,6.302,0.000,0.000,0.000,0.000,31.0,
6.11.2025,18:49:6.531,16.313,28.290,21.364,3.023,250.0,250.0,83.063,26.561,8.838,73.650,50.931,31.581,19.350,31.192,21.820,2.897,18.923,6.429,0.000,0.000,0.000,0.375,31.0,
6.11.2025,18:49:7.535,17.672,25.714,18.748,2.999,250.0,250.0,78.971,23.617,8.873,73.718,51.014,31.631,19.383,31.254,7.004,0.711,6.293,6.293,0.000,0.000,0.000,0.000,31.0,
6.11.2025,18:49:8.539,16.313,25.965,19.053,2.995,250.0,250.0,80.181,31.677,8.801,41.908,31.393,19.461,11.932,19.229,7.608,0.941,6.667,168.834,0.000,0.000,0.000,0.000,31.0,
6.11.2025,18:49:9.538,28.547,25.306,18.354,3.024,250.0,250.0,83.309,24.213,8.874,75.860,52.351,32.465,19.886,32.063,7.120,0.734,6.386,6.386,0.000,0.000,0.000,0.000,31.0,
6.11.2025,18:49:10.537,17.672,29.788,22.730,3.093,250.0,250.0,80.486,23.606,8.862,73.690,50.976,31.610,19.366,31.221,7.013,0.711,6.302,6.310,0.000,0.001,0.000,0.000,31.0,
6.11.2025,18:49:11.539,27.188,29.096,22.108,3.036,250.0,250.0,81.879,23.744,8.876,74.097,51.236,31.771,19.465,31.382,7.162,0.724,6.438,6.285,0.000,0.000,0.000,0.000,31.0,
6.11.2025,18:49:12.538,16.313,29.711,22.712,3.071,250.0,250.0,81.926,23.781,8.985,74.192,51.363,31.848,19.515,31.458,7.052,0.717,6.335,6.343,0.000,0.000,0.000,0.000,31.0,
6.11.2025,18:49:13.535,19.032,28.316,21.454,2.963,250.0,250.0,79.807,24.253,8.975,76.072,52.538,32.577,19.961,32.175,6.976,0.709,6.267,6.285,0.000,0.000,0.000,0.000,31.0,
6.11.2025,18:49:14.532,25.829,27.578,20.598,3.039,250.0,250.0,84.163,24.112,9.060,75.365,52.137,32.334,19.803,31.944,7.070,0.727,6.343,6.335,0.000,0.000,0.000,0.000,31.0,
6.11.2025,18:49:15.535,27.188,29.036,22.106,3.015,250.0,250.0,84.579,47.936,8.975,76.091,52.542,32.580,19.962,32.191,125.164,34.428,90.736,6.692,0.000,0.001,0.000,0.000,31.0,
6.11.2025,18:49:16.538,23.110,24.922,17.977,3.010,250.0,250.0,80.605,23.696,9.096,73.766,51.172,31.736,19.436,31.347,7.036,0.718,6.318,6.335,0.000,0.000,0.000,0.000,31.0,
6.11.2025,18:49:17.540,17.672,26.884,19.945,2.988,250.0,250.0,79.746,23.870,8.997,74.607,51.621,32.007,19.614,31.630,6.967,0.708,6.259,6.285,0.000,0.000,0.000,0.000,31.0,
6.11.2025,18:49:18.539,16.313,27.325,20.367,3.010,250.0,250.0,79.196,42.676,8.911,70.460,49.025,30.394,18.631,30.028,7.631,0.913,6.718,204.054,0.000,0.000,0.000,0.000,31.0,
6.11.2025,18:49:19.538,14.953,26.210,19.330,2.996,250.0,250.0,79.878,23.769,8.984,74.173,51.351,31.848,19.503,31.459,7.024,0.714,6.310,6.327,0.000,0.000,0.000,0.000,31.0,
6.11.2025,18:49:20.539,24.469,27.971,20.981,3.043,250.0,250.0,79.360,24.092,8.963,75.477,52.151,32.340,19.811,31.939,6.975,0.708,6.267,6.285,0.000,0.000,0.000,0.000,31.0,
6.11.2025,18:49:21.533,16.313,27.361,20.411,3.010,250.0,250.0,84.212,47.417,9.013,80.170,55.052,34.141,20.911,33.727,117.315,33.448,83.867,6.530,0.000,0.000,0.000,0.000,31.0,
6.11.2025,18:49:22.533,16.313,27.361,20.411,3.010,250.0,250.0,80.579,24.601,9.109,77.181,53.312,33.064,20.248,32.662,7.053,0.726,6.327,6.327,0.000,0.000,0.000,0.000,31.0,
6.11.2025,18:49:23.538,23.110,28.350,21.354,3.072,250.0,250.0,83.540,36.970,9.017,50.441,36.772,22.799,13.973,22.531,7.336,0.831,6.505,199.496,0.000,0.000,0.000,0.000,31.0,
6.11.2025,18:49:24.540,31.266,27.777,20.859,2.999,250.0,250.0,80.105,24.803,9.044,78.055,53.795,33.363,20.432,32.962,7.031,0.713,6.318,6.318,0.000,0.000,0.000,0.000,31.0,
6.11.2025,18:49:25.539,39.422,27.327,20.324,3.046,250.0,250.0,81.092,23.737,8.982,74.102,51.293,31.810,19.483,31.421,6.996,0.711,6.285,6.285,0.000,0.000,2.125,0.000,31.0,
6.11.2025,18:49:26.538,20.391,25.897,19.033,2.983,250.0,250.0,81.666,23.971,8.897,74.794,51.681,32.048,19.633,31.658,7.317,0.842,6.475,6.369,0.000,0.000,0.000,0.000,31.0,
6.11.2025,18:49:27.530,28.547,29.090,22.095,3.018,250.0,250.0,79.793,23.548,8.896,73.454,50.853,31.537,19.316,31.147,6.994,0.709,6.285,6.285,0.000,0.000,0.000,0.000,31.0,
6.11.2025,18:49:28.548,32.625,29.582,22.692,2.984,250.0,250.0,82.691,32.148,8.945,74.535,51.541,31.959,19.582,31.582,48.474,6.186,42.288,6.386,0.000,0.000,0.000,0.000,31.0,
6.11.2025,18:49:29.554,25.829,26.368,19.424,3.034,250.0,250.0,79.133,24.895,8.935,78.539,54.018,33.496,20.522,33.082,7.024,0.714,6.310,6.310,0.000,0.000,0.000,0.000,31.0,
6.11.2025,18:49:30.595,24.469,28.734,21.699,3.047,250.0,250.0,83.755,29.440,8.934,75.588,52.204,32.372,19.832,31.982,33.537,4.415,29.122,6.412,0.000,0.000,0.000,0.000,31.0,
6.11.2025,18:49:31.545,42.141,28.507,21.550,3.030,250.0,250.0,82.209,23.639,8.863,73.836,51.062,31.660,19.402,31.283,6.999,0.714,6.285,6.285,0.000,0.000,0.000,1.000,31.0,
6.11.2025,18:49:32.549,25.829,30.741,23.771,3.029,250.0,250.0,80.408,23.832,8.863,74.487,51.471,31.920,19.551,31.530,7.081,0.762,6.319,6.335,0.000,0.000,0.000,0.000,31.0,
6.11.2025,18:49:33.546,21.750,28.375,21.353,3.060,250.0,250.0,83.787,37.937,8.896,72.578,50.302,31.194,19.108,30.816,79.946,16.302,63.644,6.582,0.000,0.000,0.000,0.000,31.0,
6.11.2025,18:49:34.546,23.110,26.801,19.866,3.012,250.0,250.0,80.013,23.737,8.864,74.181,51.273,31.796,19.477,31.418,7.012,0.710,6.302,6.335,0.000,0.000,0.000,0.000,31.0,
6.11.2025,18:49:35.545,19.032,30.876,23.485,3.374,250.0,250.0,83.420,30.568,8.897,72.633,50.347,31.223,19.124,30.846,43.046,5.628,37.418,6.514,0.000,0.000,0.000,0.000,31.0,
6.11.2025,18:49:36.559,17.672,34.426,26.882,3.506,250.0,250.0,79.699,24.129,8.986,75.540,52.191,32.359,19.832,31.969,7.045,0.760,6.285,6.327,0.000,0.000,0.000,0.000,31.0,
6.11.2025,18:49:37.569,17.672,29.059,22.115,3.016,250.0,250.0,83.057,25.879,9.108,75.748,52.406,32.498,19.908,32.096,15.273,2.094,13.179,6.480,0.000,0.000,0.000,0.000,31.0,
6.11.2025,18:49:38.570,17.672,27.820,20.848,3.041,250.0,250.0,79.796,23.972,9.082,74.809,51.816,32.125,19.691,31.735,7.065,0.763,6.302,6.335,0.000,0.000,0.000,0.000,31.0,
6.11.2025,18:49:39.570,19.032,26.271,19.322,3.041,250.0,250.0,83.335,28.126,8.913,76.874,52.974,32.849,20.125,32.459,25.273,3.349,21.924,6.522,0.000,0.000,0.000,0.125,31.0,
6.11.2025,18:49:40.569,28.547,29.574,22.426,3.140,250.0,250.0,84.488,77.405,8.823,64.045,45.016,27.913,17.103,27.572,81.574,28.576,52.998,420.426,0.000,0.000,0.000,0.000,31.0,
6.11.2025,18:49:41.567,35.344,29.222,22.217,3.060,250.0,250.0,80.374,25.735,8.859,75.590,52.149,32.336,19.813,31.946,15.083,2.020,13.063,6.489,0.000,0.000,0.000,0.000,31.0,
6.11.2025,18:49:42.565,25.829,27.883,20.976,3.013,250.0,250.0,79.987,24.070,8.991,75.252,52.004,32.256,19.748,31.866,7.121,0.774,6.347,6.343,0.000,0.000,0.000,0.000,31.0,
6.11.2025,18:49:43.562,17.672,28.357,21.280,3.117,250.0,250.0,82.949,15.841,8.922,43.659,32.571,20.199,12.372,19.955,7.153,0.724,6.429,6.429,0.000,0.000,0.000,0.000,31.0,
6.11.2025,18:49:44.563,17.672,29.416,22.494,3.022,250.0,250.0,80.227,28.461,8.990,76.494,52.787,32.729,20.058,32.339,27.379,3.589,23.790,6.454,0.000,0.000,0.000,0.000,31.0,
6.11.2025,18:49:45.564,17.672,28.374,21.367,3.042,250.0,250.0,80.638,24.021,8.930,75.146,51.920,32.191,19.729,31.802,7.085,0.767,6.318,6.318,0.000,0.000,0.000,0.000,31.0,
6.11.2025,18:49:46.571,16.313,27.646,20.688,3.017,250.0,250.0,83.494,45.354,8.916,74.061,51.234,31.775,19.459,31.386,115.093,30.656,84.437,6.522,0.000,0.000,0.000,0.000,31.0,
6.11.2025,18:49:47.569,28.547,25.881,18.917,3.029,250.0,250.0,79.886,45.354,8.929,75.051,51.848,32.148,19.700,31.771,7.102,0.767,6.335,6.335,0.000,0.000,2.375,0.000,31.0,
6.11.2025,18:49:48.570,29.907,27.409,20.521,2.994,250.0,250.0,79.886,23.999,8.929,75.051,51.848,32.148,19.700,31.771,7.102,0.767,6.335,6.335,0.000,0.000,0.000,0.000,31.0,
6.11.2025,18:49:49.569,27.188,26.111,19.156,3.011,250.0,250.0,83.782,46.969,8.943,72.404,50.221,31.148,19.073,30.770,125.310,34.542,90.768,6.514,0.000,0.000,0.000,0.000,31.0,
6.11.2025,18:49:50.564,14.953,27.408,20.462,3.046,250.0,250.0,79.796,23.629,8.893,73.655,50.960,31.600,19.360,31.223,7.127,0.781,6.346,6.343,0.000,0.000,0.000,0.000,31.0,
6.11.2025,18:49:51.562,16.313,26.917,19.965,3.002,250.0,250.0,83.603,47.236,8.937,76.983,53.072,32.905,20.167,32.504,120.542,34.254,86.288,6.709,0.000,0.000,0.000,0.000,31.0,
6.11.2025,18:49:52.570,16.313,27.157,20.199,3.012,250.0,250.0,80.578,24.139,8.977,75.503,52.158,32.337,19.821,31.948,7.140,0.809,6.331,6.361,0.000,0.000,0.000,0.000,31.0,
6.11.2025,18:49:53.563,14.953,30.405,23.400,3.048,250.0,250.0,79.927,24.507,9.002,76.947,53.089,32.920,20.169,32.518,7.054,0.761,6.293,6.318,0.000,0.000,0.000,0.000,31.0,
6.11.2025,18:49:54.567,19.032,26.127,19.255,2.929,250.0,250.0,79.994,22.679,8.935,69.932,48.711,30.213,18.498,29.848,7.155,0.802,6.353,6.343,0.000,0.000,0.000,0.000,31.0,
6.11.2025,18:49:55.569,23.110,24.382,17.557,2.945,250.0,250.0,77.535,23.136,8.958,71.403,49.641,30.781,18.860,30.403,7.471,1.127,6.344,6.369,0.000,0.000,0.000,0.000,31.0,
6.11.2025,18:49:56.567,27.188,26.197,19.339,2.923,250.0,250.0,77.835,22.415,8.898,69.001,48.113,29.835,18.278,29.482,7.078,0.734,6.344,6.386,0.000,0.000,0.000,0.000,31.0,
6.11.2025,18:49:57.566,16.313,26.539,19.695,2.947,250.0,250.0,77.991,22.852,8.993,70.521,49.106,30.445,18.661,30.079,7.179,0.826,6.353,6.361,0.000,0.000,0.000,0.000,31.0,
6.11.2025,18:49:58.563,17.672,24.490,17.666,2.926,250.0,250.0,78.353,23.113,9.050,71.420,49.710,30.825,18.885,30.460,7.198,0.810,6.388,6.386,0.000,0.000,0.000,0.000,31.0,
6.11.2025,18:49:59.564,16.313,25.761,18.877,2.968,250.0,250.0,78.537,23.118,9.100,71.412,49.737,30.839,18.898,30.474,7.180,0.826,6.354,6.361,0.000,0.000,0.500,0.000,31.0,
6.11.2025,18:50:0.567,33.985,28.120,21.136,3.028,250.0,250.0,78.701,23.579,9.192,72.864,50.693,31.436,19.257,31.046,7.464,1.110,6.354,6.378,0.000,0.000,0.125,0.000,31.0,
6.11.2025,18:50:1.562,14.953,26.631,19.692,3.021,250.0,250.0,78.453,22.937,9.203,70.716,49.362,30.606,18.756,30.240,7.087,0.784,6.303,6.318,0.000,0.000,0.000,0.000,31.0,
6.11.2025,18:50:2.563,20.391,26.666,19.814,2.980,250.0,250.0,78.088,23.186,9.168,71.698,49.966,30.984,18.982,30.606,7.075,0.789,6.286,6.310,0.000,0.000,0.000,2.125,31.0,
6.11.2025,18:50:3.571,19.032,28.794,21.851,3.016,250.0,250.0,74.304,38.554,8.987,69.032,48.188,29.880,18.308,29.527,87.632,21.774,65.858,6.352,0.000,0.000,0.000,0.000,31.0,
6.11.2025,18:50:4.561,17.672,26.190,19.348,2.929,250.0,250.0,74.136,63.092,8.982,56.725,40.606,25.182,15.424,24.877,7.190,0.804,6.386,444.748,0.000,0.000,0.000,0.000,31.0,
6.11.2025,18:50:5.570,17.672,26.164,19.323,2.921,250.0,250.0,71.914,22.430,8.960,69.099,48.218,29.900,18.318,29.535,6.994,0.709,6.285,6.285,0.000,0.000,0.000,0.000,31.0,
6.11.2025,18:50:6.566,17.672,25.998,19.224,2.924,250.0,250.0,74.443,22.936,8.957,71.026,49.400,30.636,18.764,30.271,7.009,0.724,6.285,6.285,0.000,0.000,0.000,0.000,31.0,
6.11.2025,18:50:7.567,17.672,27.279,20.465,2.907,250.0,250.0,74.467,28.800,8.994,54.669,39.362,24.409,14.953,24.105,7.490,0.756,6.734,106.529,0.000,0.000,0.000,0.000,31.0,
6.11.2025,18:50:8.567,20.391,26.957,20.152,2.878,250.0,250.0,72.049,22.480,8.997,69.254,48.334,29.970,18.364,29.605,6.997,0.712,6.285,6.285,0.000,0.000,0.000,0.000,31.0,
6.11.2025,18:50:9.563,16.313,24.585,17.631,3.063,250.0,250.0,62.048,24.100,8.950,75.499,52.157,32.344,19.813,31.955,6.997,0.712,6.285,6.285,0.000,0.000,0.000,0.000,31.0,
6.11.2025,18:50:10.562,17.672,29.104,22.080,3.076,250.0,250.0,83.813,69.398,9.036,65.588,46.124,28.600,17.524,28.247,7.706,0.961,6.745,483.453,0.000,0.000,0.000,0.000,31.0,
6.11.2025,18:50:11.570,16.313,29.850,22.835,3.053,250.0,250.0,80.670,24.266,8.953,76.043,52.491,32.554,19.937,32.165,7.081,0.729,6.352,6.352,0.000,0.000,0.000,0.000,31.0,
6.11.2025,18:50:12.566,23.110,28.165,21.239,3.035,250.0,250.0,79.821,24.027,8.864,75.285,51.964,32.228,19.736,31.838,7.013,0.711,6.302,6.327,0.000,0.000,0.000,0.000,31.0,
6.11.2025,18:50:13.567,16.313,29.814,22.691,3.116,250.0,250.0,83.669,58.654,8.913,67.735,47.362,29.370,17.992,29.005,98.825,31.037,67.788,188.511,0.000,0.000,0.000,0.000,31.0,
6.11.2025,18:50:14.566,29.907,29.266,22.297,3.023,250.0,250.0,80.431,24.141,8.929,75.514,52.145,32.332,19.813,31.942,7.167,0.786,6.381,6.403,0.000,0.000,0.000,0.000,31.0,
6.11.2025,18:50:15.569,21.750,26.745,19.837,3.020,250.0,250.0,79.895,23.939,8.901,74.858,51.715,32.066,19.649,31.689,7.082,0.768,6.314,6.352,0.000,0.000,0.000,0.000,31.0,
6.11.2025,18:50:16.569,16.313,27.096,20.212,2.964,250.0,250.0,80.338,22.116,8.902,67.925,47.481,29.444,18.037,29.091,6.995,0.710,6.285,6.293,0.000,0.000,0.000,1.125,31.0,
6.11.2025,18:50:17.569,19.032,28.511,21.554,2.994,250.0,250.0,81.559,28.713,8.890,75.045,51.826,32.140,19.686,31.750,30.656,4.079,26.577,6.480,0.000,0.000,0.000,0.000,31.0,
6.11.2025,18:50:18.566,16.313,28.405,21.493,2.992,250.0,250.0,79.743,23.696,8.863,74.041,51.191,31.742,19.449,31.352,7.004,0.711,6.293,6.318,0.000,0.000,0.000,0.000,31.0,
6.11.2025,18:50:19.567,32.625,28.411,21.482,2.996,250.0,250.0,79.539,25.597,8.859,75.032,51.791,32.118,19.673,31.729,7.203,0.918,6.285,22.362,0.000,0.000,0.000,0.000,31.0,
6.11.2025,18:50:20.568,17.672,30.066,23.018,3.102,250.0,250.0,81.285,23.771,8.960,74.107,51.295,31.807,19.488,31.417,7.139,0.801,6.338,6.361,0.000,0.000,0.000,2.250,31.0,
6.11.2025,18:50:21.564,20.391,28.388,21.472,3.026,250.0,250.0,79.227,23.670,8.925,73.872,51.130,31.708,19.422,31.330,7.000,0.715,6.285,6.310,0.000,0.000,0.000,0.000,31.0,
6.11.2025,18:50:22.560,19.032,26.831,19.876,3.033,250.0,250.0,82.601,20.528,8.902,61.513,43.517,26.981,16.536,26.652,7.447,0.755,6.692,6.285,0.000,0.001,0.000,0.000,31.0,
6.11.2025,18:50:23.569,23.110,28.097,21.045,3.086,250.0,250.0,79.642,24.014,8.983,74.997,51.850,32.157,19.693,31.768,7.149,0.785,6.364,6.394,0.000,0.000,0.000,0.000,31.0,
6.11.2025,18:50:24.570,28.547,25.575,18.628,3.041,250.0,250.0,79.631,23.854,9.007,74.379,51.510,31.941,19.569,31.552,7.121,0.775,6.346,6.343,0.000,0.000,0.000,0.000,31.0,
6.11.2025,18:50:25.569,17.672,25.465,18.544,3.031,250.0,250.0,79.939,23.858,8.972,74.457,51.519,31.944,19.575,31.554,7.114,0.784,6.330,6.327,0.000,0.000,0.000,0.000,31.0,
6.11.2025,18:50:26.569,19.032,26.504,19.541,3.002,250.0,250.0,81.184,24.002,8.875,75.193,51.937,32.197,19.740,31.807,6.994,0.709,6.285,6.285,0.000,0.000,0.000,0.000,31.0,
6.11.2025,18:50:27.566,19.032,24.993,18.083,3.012,250.0,250.0,81.395,32.461,8.838,75.314,51.977,32.228,19.749,31.839,7.207,0.922,6.285,90.255,0.000,0.000,0.000,0.000,31.0,
6.11.2025,18:50:28.565,19.032,26.693,19.741,3.015,250.0,250.0,79.731,26.648,8.889,75.771,52.280,32.422,19.858,32.032,19.393,2.760,16.633,6.446,0.000,0.000,0.000,0.750,31.0,
6.11.2025,18:50:29.561,19.032,25.066,18.145,3.028,250.0,250.0,80.423,24.188,9.033,75.656,52.320,32.444,19.876,32.042,7.091,0.764,6.327,6.327,0.000,0.000,0.000,0.000,31.0,
6.11.2025,18:50:30.559,33.985,28.961,21.896,3.069,250.0,250.0,80.318,23.994,9.034,74.957,51.865,32.154,19.711,31.765,7.073,0.762,6.311,6.310,0.000,0.000,0.000,0.000,31.0,
6.11.2025,18:50:31.570,19.032,29.811,22.828,3.070,250.0,250.0,80.997,47.239,9.033,73.522,50.981,31.609,19.372,31.232,124.977,34.357,90.620,6.683,0.000,0.000,0.000,0.000,31.0,
6.11.2025,18:50:32.569,21.750,28.453,21.422,3.076,250.0,250.0,79.945,24.024,8.959,75.078,51.898,32.188,19.710,31.799,7.117,0.771,6.346,6.369,0.000,0.000,0.000,0.000,31.0,
6.11.2025,18:50:33.570,17.672,29.191,22.238,3.009,250.0,250.0,84.013,23.761,8.945,74.214,51.350,31.840,19.510,31.451,6.995,0.710,6.285,6.310,0.000,0.000,0.000,0.000,31.0,
6.11.2025,18:50:34.568,25.829,26.648,19.758,2.990,250.0,250.0,79.881,24.545,8.881,45.753,33.819,20.965,12.854,20.709,7.016,0.749,6.267,88.439,0.000,0.000,0.000,0.000,31.0,
6.11.2025,18:50:35.562,23.110,27.722,20.821,3.011,250.0,250.0,80.186,23.698,8.899,73.889,51.122,31.703,19.419,31.326,7.119,0.773,6.346,6.386,0.000,0.000,2.375,0.000,31.0,
6.11.2025,18:50:36.565,23.110,32.752,25.337,3.398,250.0,250.0,79.277,23.622,8.875,73.628,50.935,31.583,19.352,31.206,7.129,0.799,6.330,6.378,0.000,0.000,0.000,0.000,31.0,
6.11.2025,18:50:37.565,17.672,31.760,24.348,3.414,250.0,250.0,79.098,45.684,8.985,73.764,51.096,31.678,19.418,31.301,116.916,33.049,83.867,6.769,0.000,0.000,0.000,0.375,31.0,
6.11.2025,18:50:38.562,17.672,27.594,20.696,2.971,250.0,250.0,79.694,23.957,8.902,74.838,51.714,32.073,19.641,31.684,7.167,0.803,6.364,6.386,0.000,0.000,0.000,0.000,31.0,
6.11.2025,18:50:39.566,21.750,27.530,20.652,2.959,250.0,250.0,81.791,23.640,8.904,73.806,51.053,31.662,19.391,31.284,6.994,0.709,6.285,6.310,0.000,0.001,0.000,0.000,31.0,
6.11.2025,18:50:40.561,16.313,30.061,23.114,3.039,250.0,250.0,80.518,24.097,8.874,53.358,38.477,23.864,14.613,23.571,7.510,0.759,6.751,63.191,0.000,0.000,0.000,0.875,31.0,
6.11.2025,18:50:41.563,16.313,26.178,19.248,2.977,250.0,250.0,80.210,47.014,8.851,73.146,50.616,31.387,19.229,31.009,124.734,34.092,90.642,6.438,0.000,0.000,0.000,0.000,31.0,
6.11.2025,18:50:42.570,31.266,28.936,21.981,3.029,250.0,250.0,79.801,23.911,8.865,74.744,51.636,32.021,19.615,31.631,7.125,0.770,6.355,6.352,0.000,0.000,0.000,0.000,31.0,
6.11.2025,18:50:43.569,19.032,27.468,20.610,2.954,250.0,250.0,79.704,23.644,8.892,73.720,51.022,31.631,19.391,31.254,7.099,0.768,6.331,6.327,0.000,0.000,0.000,0.000,31.0,
6.11.2025,18:50:44.568,13.594,27.214,20.264,3.019,250.0,250.0,82.662,25.423,8.890,71.470,49.632,30.778,18.854,30.413,17.594,4.580,13.014,9.006,0.000,0.000,0.000,0.000,31.0,
6.11.2025,18:50:45.565,17.672,27.911,21.005,2.971,250.0,250.0,79.900,23.701,8.989,73.830,51.132,31.709,19.423,31.332,7.126,0.780,6.346,6.343,0.000,0.000,0.000,0.000,31.0,
6.11.2025,18:50:46.565,19.032,28.829,21.965,2.965,250.0,250.0,79.720,23.828,9.025,74.364,51.492,31.925,19.567,31.535,7.044,0.759,6.285,6.285,0.000,0.000,0.000,0.000,31.0,
6.11.2025,18:50:47.564,17.672,27.595,20.669,2.995,250.0,250.0,83.642,37.272,8.959,74.985,51.842,32.143,19.699,31.753,73.411,26.666,46.745,6.522,0.000,0.000,0.000,0.000,31.0,
6.11.2025,18:50:48.563,21.750,26.084,19.138,2.994,250.0,250.0,80.123,25.261,8.891,73.533,50.891,31.557,19.334,31.167,15.426,2.265,13.161,6.386,0.000,0.000,0.000,0.000,31.0,
6.11.2025,18:50:49.569,24.469,28.013,21.280,2.950,250.0,250.0,80.201,24.078,8.802,75.486,52.057,32.286,19.771,31.897,7.081,0.762,6.319,6.318,0.000,0.001,0.000,0.500,31.0,
6.11.2025,18:50:50.569,25.829,30.120,22.990,3.060,250.0,250.0,80.608,24.344,8.868,76.474,52.730,32.700,20.030,32.298,7.013,0.711,6.302,6.318,0.000,0.000,0.000,0.000,31.0,
6.11.2025,18:50:51.570,17.672,26.768,19.816,2.988,250.0,250.0,83.099,26.921,8.904,62.042,43.829,27.185,16.644,26.856,37.369,12.815,24.554,9.016,0.000,0.000,0.000,0.000,31.0,
6.11.2025,18:50:52.569,17.672,30.586,23.603,3.038,250.0,250.0,80.694,23.981,8.887,74.957,51.778,32.104,19.674,31.715,7.134,0.765,6.369,6.429,0.000,0.000,0.000,0.250,31.0,
6.11.2025,18:50:53.565,19.032,26.794,19.876,2.988,250.0,250.0,79.420,23.828,8.910,74.462,51.463,31.907,19.556,31.530,7.047,0.720,6.327,6.352,0.000,0.000,0.000,0.000,31.0,
6.11.2025,18:50:54.568,17.672,28.849,21.978,2.995,250.0,250.0,79.683,23.754,8.873,74.245,51.333,31.832,19.501,31.442,7.002,0.709,6.293,6.310,0.000,0.000,0.000,0.000,31.0,
6.11.2025,18:50:55.567,16.313,27.884,20.987,2.973,250.0,250.0,82.871,47.580,8.862,74.444,51.447,31.908,19.539,31.519,125.639,34.720,90.919,6.802,0.000,0.000,0.000,0.000,31.0,
6.11.2025,18:50:56.570,27.188,25.184,18.251,2.973,250.0,250.0,79.498,24.951,8.878,72.574,50.293,31.179,19.114,30.802,15.114,1.973,13.141,6.446,0.000,0.000,0.000,0.000,31.0,
6.11.2025,18:50:57.571,17.672,26.409,19.559,2.960,250.0,250.0,79.522,23.471,8.865,73.116,50.628,31.390,19.238,31.012,7.052,0.717,6.335,6.361,0.000,0.000,0.000,0.000,31.0,
6.11.2025,18:50:58.570,14.953,28.073,21.148,2.983,250.0,250.0,79.488,23.739,8.867,74.167,51.281,31.796,19.485,31.419,7.022,0.712,6.310,6.335,0.000,0.000,0.000,0.000,31.0,
6.11.2025,18:50:59.564,25.829,27.595,20.704,2.989,250.0,250.0,79.897,22.782,8.892,70.319,48.946,30.360,18.586,29.994,7.211,0.731,6.480,6.302,0.000,0.000,0.000,0.000,31.0,
6.11.2025,18:51:0.562,17.672,28.249,21.266,3.026,250.0,250.0,81.413,24.018,8.927,75.143,51.939,32.206,19.733,31.817,7.030,0.720,6.310,6.352,0.000,0.000,0.000,0.000,31.0,
6.11.2025,18:51:1.569,17.672,27.318,20.401,2.996,250.0,250.0,80.142,23.810,8.941,74.317,51.430,31.891,19.539,31.501,7.067,0.724,6.343,6.343,0.000,0.000,0.000,0.000,31.0,
6.11.2025,18:51:2.569,19.032,28.526,21.540,3.048,250.0,250.0,80.151,24.145,8.917,75.651,52.228,32.387,19.841,31.997,7.049,0.722,6.327,6.327,0.000,0.000,0.000,0.000,31.0,
6.11.2025,18:51:3.564,14.953,27.714,20.796,2.964,250.0,250.0,81.140,24.120,8.845,75.657,52.200,32.360,19.840,31.970,7.013,0.711,6.302,6.302,0.000,0.000,0.000,0.000,31.0,
6.11.2025,18:51:4.566,25.829,28.454,21.553,2.999,250.0,250.0,83.387,48.973,8.937,80.278,55.107,34.163,20.944,33.749,124.997,34.303,90.694,6.556,0.000,0.000,0.000,0.000,31.0,
6.11.2025,18:51:5.562,25.829,28.454,21.553,2.999,250.0,250.0,79.949,35.642,8.949,75.072,51.873,32.168,19.705,31.779,65.229,10.872,54.357,6.412,0.000,0.000,0.000,0.000,31.0,
6.11.2025,18:51:6.562,29.907,26.583,19.697,2.981,250.0,250.0,78.993,47.005,8.891,78.641,54.050,33.514,20.536,33.112,117.350,33.219,84.131,6.607,0.000,0.000,0.000,0.000,31.0,
6.11.2025,18:51:7.561,17.672,27.178,20.291,2.979,250.0,250.0,79.289,35.531,8.921,68.850,48.028,29.778,18.250,29.425,72.719,26.737,45.982,6.616,0.000,0.000,0.000,0.000,31.0,
6.11.2025,18:51:8.568,16.313,28.283,21.343,2.967,250.0,250.0,79.481,24.261,9.039,75.763,52.368,32.468,19.900,32.078,7.305,0.832,6.473,6.386,0.000,0.000,0.000,0.000,31.0,
6.11.2025,18:51:9.560,19.032,28.181,21.258,2.972,250.0,250.0,80.084,24.104,8.976,75.428,52.125,32.322,19.803,31.932,7.060,0.725,6.335,6.335,0.000,0.000,0.000,0.000,31.0,
6.11.2025,18:51:10.562,17.672,27.362,20.471,3.017,250.0,250.0,79.544,23.821,9.038,74.295,51.455,31.908,19.547,31.531,7.051,0.716,6.335,6.335,0.000,0.000,0.000,0.000,31.0,
6.11.2025,18:51:11.569,32.625,28.061,21.066,3.037,250.0,250.0,79.012,22.217,8.901,68.269,47.676,29.563,18.113,29.198,7.057,0.722,6.335,6.335,0.000,0.000,0.000,0.000,31.0,
6.11.2025,18:51:12.571,24.469,27.957,21.003,3.030,250.0,250.0,77.731,22.547,8.853,69.614,48.472,30.053,18.419,29.699,7.023,0.713,6.310,6.310,0.000,0.000,0.000,0.250,31.0,
6.11.2025,18:51:13.573,17.672,28.986,22.074,3.016,250.0,250.0,77.739,22.135,8.913,67.916,47.458,29.430,18.028,29.077,7.091,0.730,6.361,6.343,0.000,0.000,0.000,0.000,31.0,
6.11.2025,18:51:14.567,53.016,27.130,20.294,2.896,250.0,250.0,77.528,22.315,8.888,68.609,47.869,29.683,18.186,29.330,7.097,0.736,6.361,6.386,0.000,0.000,0.000,0.000,31.0,
6.11.2025,18:51:15.571,20.391,27.044,20.152,2.956,250.0,250.0,77.382,25.997,8.940,69.670,48.558,30.114,18.444,29.749,24.048,2.824,21.224,6.403,0.000,0.000,0.000,0.000,31.0,
6.11.2025,18:51:16.570,20.391,26.409,19.604,2.907,250.0,250.0,77.842,22.348,8.904,68.708,47.935,29.723,18.212,29.370,7.123,0.737,6.386,6.386,0.000,0.000,0.000,0.000,31.0,
6.11.2025,18:51:17.570,23.110,23.275,16.360,2.941,250.0,250.0,77.363,42.303,8.978,68.527,47.886,29.694,18.192,29.329,106.978,29.832,77.146,6.463,0.000,0.000,0.000,0.000,31.0,
6.11.2025,18:51:18.569,20.391,24.451,17.674,2.903,250.0,250.0,77.514,23.156,8.998,69.005,48.185,29.878,18.307,29.513,10.644,1.118,9.526,6.386,0.000,0.000,0.000,0.000,31.0,
6.11.2025,18:51:19.574,21.750,26.526,19.608,2.952,250.0,250.0,77.716,22.429,8.936,69.026,48.153,29.861,18.292,29.496,7.090,0.729,6.361,6.343,0.000,0.000,0.000,0.000,31.0,
6.11.2025,18:51:20.570,19.032,26.974,20.068,3.012,250.0,250.0,74.898,22.384,8.877,69.002,48.120,29.834,18.286,29.469,6.975,0.708,6.267,6.302,0.000,0.000,0.000,0.000,31.0,
6.11.2025,18:51:21.570,16.313,25.871,19.001,2.913,250.0,250.0,73.646,22.316,8.887,68.702,47.918,29.713,18.205,29.359,7.023,0.721,6.302,6.327,0.000,0.000,0.375,0.000,31.0,
6.11.2025,18:51:22.560,20.391,24.452,17.662,2.901,250.0,250.0,74.283,22.357,8.976,68.736,48.014,29.776,18.238,29.411,7.029,0.727,6.302,6.361,0.000,0.000,0.000,0.000,31.0,
6.11.2025,18:51:23.568,17.672,27.097,20.228,2.963,250.0,250.0,74.783,42.008,8.899,68.843,48.024,29.779,18.245,29.414,105.064,31.861,73.203,6.743,0.000,0.000,0.000,0.000,31.0,
6.11.2025,18:51:24.563,23.110,27.207,20.395,2.906,250.0,250.0,74.893,20.076,8.867,59.812,42.467,26.331,16.136,26.014,7.433,0.750,6.683,6.267,0.000,0.000,0.000,0.000,31.0,
6.11.2025,18:51:25.567,27.188,26.593,19.772,2.899,250.0,250.0,71.614,22.348,8.851,68.872,48.003,29.769,18.234,29.415,7.016,0.714,6.302,6.302,0.000,0.001,0.000,0.000,31.0,
6.11.2025,18:51:26.562,17.672,25.265,18.474,2.856,250.0,250.0,71.975,13.555,8.824,35.214,27.314,16.934,10.380,16.738,6.954,0.720,6.234,6.234,0.000,0.000,0.000,0.000,31.0,
6.11.2025,18:51:27.569,17.672,25.021,18.140,2.975,250.0,250.0,66.345,23.569,8.900,73.526,50.903,31.565,19.338,31.187,6.994,0.709,6.285,6.285,0.000,0.000,0.000,0.000,31.0,
6.11.2025,18:51:28.571,29.907,24.818,17.923,2.996,250.0,250.0,79.798,47.200,8.897,73.611,50.954,31.595,19.359,31.218,124.963,34.430,90.533,6.438,0.000,0.000,0.000,0.125,31.0,
6.11.2025,18:51:29.560,13.594,27.218,20.291,2.956,250.0,250.0,79.838,26.828,8.925,78.667,54.116,33.556,20.560,33.154,16.456,2.408,14.048,6.386,0.000,0.000,0.000,0.000,31.0,
6.11.2025,18:51:30.561,16.313,27.168,20.196,3.049,250.0,250.0,82.347,24.061,8.988,75.292,52.057,32.277,19.780,31.887,7.011,0.709,6.302,6.302,0.000,0.000,0.000,0.000,31.0,
6.11.2025,18:51:31.570,21.750,25.508,18.553,3.013,250.0,250.0,81.741,24.061,8.983,76.771,52.964,32.838,20.126,32.448,7.043,0.757,6.286,6.285,0.000,0.000,0.000,0.000,31.0,
6.11.2025,18:51:32.570,19.032,27.201,20.359,2.982,250.0,250.0,81.741,24.450,8.983,76.771,52.964,32.838,20.126,32.448,7.043,0.757,6.286,6.285,0.000,0.000,0.000,0.000,31.0,
6.11.2025,18:51:33.571,23.110,27.601,20.527,3.080,250.0,250.0,79.665,18.329,9.022,53.258,38.537,23.893,14.644,23.612,7.011,0.709,6.302,6.302,0.000,0.000,0.000,0.000,31.0,
6.11.2025,18:51:34.570,17.672,27.357,20.451,3.009,250.0,250.0,80.117,23.738,8.851,74.099,51.213,31.760,19.453,31.382,7.118,0.771,6.347,6.386,0.000,0.000,0.000,2.125,31.0,
6.11.2025,18:51:35.570,25.829,25.913,18.976,2.999,250.0,250.0,81.720,23.892,8.814,74.844,51.651,32.028,19.623,31.651,7.005,0.712,6.293,6.302,0.000,0.000,0.000,0.000,31.0,
6.11.2025,18:51:36.566,17.672,25.363,18.478,2.966,250.0,250.0,80.689,25.389,8.781,45.388,33.528,20.790,12.738,20.534,16.478,3.858,12.620,79.175,0.000,0.000,1.125,0.000,31.0,
6.11.2025,18:51:37.569,23.110,27.937,21.019,3.000,250.0,250.0,82.641,24.253,8.842,75.903,52.343,32.460,19.883,32.059,7.309,0.860,6.449,6.420,0.000,0.000,0.000,0.125,31.0,
6.11.2025,18:51:38.570,17.672,34.981,27.520,3.468,250.0,250.0,80.012,24.082,8.925,75.372,52.056,32.273,19.783,31.884,7.095,0.767,6.328,6.335,0.000,0.000,0.000,0.000,31.0,
6.11.2025,18:51:39.584,20.391,32.051,24.709,3.322,250.0,250.0,79.206,23.657,8.867,73.829,51.078,31.677,19.401,31.287,7.056,0.762,6.294,6.318,0.000,0.000,0.000,0.000,31.0,
6.11.2025,18:51:40.581,21.750,26.866,19.958,2.993,250.0,250.0,79.605,18.060,8.846,52.059,37.673,23.363,14.310,23.082,7.491,0.757,6.734,6.285,0.000,0.000,0.000,0.000,31.0,
6.11.2025,18:51:41.577,20.391,27.183,20.247,2.991,250.0,250.0,83.037,23.981,8.866,74.767,51.658,32.028,19.630,31.638,7.396,0.887,6.509,6.429,0.000,0.000,0.000,0.000,31.0,
6.11.2025,18:51:42.575,25.829,26.420,19.529,2.990,250.0,250.0,81.017,40.013,8.849,74.354,51.367,31.847,19.520,31.470,88.135,29.548,58.587,6.454,0.000,0.000,0.000,0.000,31.0,
6.11.2025,18:51:43.591,14.953,27.243,20.281,3.014,250.0,250.0,78.877,41.663,8.855,74.819,51.673,32.046,19.627,31.657,95.783,22.820,72.963,6.386,0.000,0.000,0.000,0.000,31.0,
6.11.2025,18:51:44.600,17.672,26.578,19.709,2.971,250.0,250.0,79.331,24.276,8.830,76.208,52.520,32.566,19.954,32.164,7.080,0.719,6.361,6.361,0.000,0.000,0.000,0.000,31.0,
6.11.2025,18:51:45.601,16.313,26.625,19.767,2.965,250.0,250.0,79.149,24.313,8.853,76.355,52.612,32.624,19.988,32.234,7.060,0.717,6.343,6.343,0.000,0.001,0.000,0.500,31.0,
6.11.2025,18:51:46.597,19.032,29.827,22.765,3.123,250.0,250.0,79.171,23.959,8.876,74.979,51.775,32.102,19.673,31.725,7.060,0.725,6.335,6.335,0.000,0.000,0.000,0.000,31.0,
6.11.2025,18:51:47.608,19.032,26.703,19.758,2.998,250.0,250.0,79.631,24.291,8.961,76.187,52.576,32.604,19.972,32.202,7.041,0.714,6.327,6.327,0.000,0.000,0.000,0.000,31.0,
6.11.2025,18:51:48.623,23.110,25.463,18.543,2.988,250.0,250.0,79.646,24.299,8.826,76.381,52.618,32.632,19.986,32.242,7.004,0.711,6.293,6.293,0.000,0.000,0.000,0.000,31.0,
6.11.2025,18:51:49.631,25.829,30.894,23.843,3.106,250.0,250.0,83.246,28.584,8.829,75.333,51.981,32.223,19.758,31.834,29.747,3.827,25.920,6.386,0.000,0.000,0.000,0.000,31.0,
6.11.2025,18:51:50.633,21.750,29.570,22.529,3.062,250.0,250.0,79.519,24.323,8.807,76.418,52.647,32.638,20.009,32.248,7.059,0.716,6.343,6.343,0.000,0.000,0.000,0.000,31.0,
6.11.2025,18:51:51.624,27.188,25.817,18.831,3.068,250.0,250.0,79.167,24.363,8.793,76.396,52.631,32.636,19.995,32.234,7.323,1.021,6.302,6.302,0.000,0.000,0.000,0.000,31.0,
6.11.2025,18:51:52.623,19.032,25.736,18.770,3.010,250.0,250.0,83.036,19.395,8.816,55.219,39.600,24.555,15.045,24.262,8.634,1.104,7.530,9.187,0.000,0.000,0.000,0.000,31.0,
6.11.2025,18:51:53.624,27.188,26.418,19.441,3.065,250.0,250.0,79.581,44.353,8.909,73.813,51.064,31.666,19.398,31.289,110.315,32.198,78.117,6.760,0.000,0.000,0.000,0.000,31.0,
6.11.2025,18:51:54.623,17.672,28.729,21.807,2.990,250.0,250.0,79.650,23.933,9.010,74.731,51.714,32.073,19.641,31.684,7.052,0.717,6.335,6.369,0.000,0.000,0.000,0.000,31.0,
6.11.2025,18:51:55.632,17.672,25.218,18.259,3.037,250.0,250.0,80.012,23.914,9.009,74.705,51.696,32.057,19.639,31.667,7.022,0.712,6.310,6.327,0.000,0.000,2.375,0.000,31.0,
6.11.2025,18:51:56.629,14.953,27.435,20.520,2.987,250.0,250.0,83.951,14.229,8.913,37.404,28.725,17.810,10.915,17.590,7.322,0.740,6.582,6.285,0.000,0.000,0.000,0.000,31.0,
6.11.2025,18:51:57.627,21.750,28.302,21.364,3.032,250.0,250.0,80.542,24.031,8.859,75.233,51.947,32.213,19.734,31.823,7.060,0.717,6.343,6.378,0.000,0.000,0.000,0.000,31.0,
6.11.2025,18:51:58.632,23.110,26.156,19.255,2.997,250.0,250.0,79.223,24.054,8.828,75.427,52.030,32.260,19.770,31.870,7.013,0.711,6.302,6.327,0.000,0.000,0.000,0.000,31.0,
6.11.2025,18:51:59.633,14.953,25.186,18.203,3.025,250.0,250.0,83.580,37.501,8.837,51.243,37.160,23.042,14.118,22.761,7.258,0.829,6.429,203.335,0.000,0.000,0.000,0.000,31.0,
6.11.2025,18:52:0.632,19.032,30.373,23.399,3.071,250.0,250.0,79.994,24.803,8.868,78.184,53.766,33.332,20.434,32.930,7.080,0.728,6.352,6.361,0.000,0.000,0.000,0.000,31.0,
6.11.2025,18:52:1.632,19.032,26.772,19.792,3.037,250.0,250.0,83.872,23.766,8.850,74.073,51.200,31.752,19.448,31.362,7.332,0.742,6.590,6.310,0.000,0.000,0.000,0.000,31.0,
6.11.2025,18:52:2.629,17.672,28.246,21.243,3.028,250.0,250.0,79.436,27.904,8.886,74.310,51.389,31.861,19.528,31.472,27.580,3.580,24.000,6.429,0.000,0.000,0.250,0.000,31.0,
6.11.2025,18:52:3.623,21.750,27.426,20.448,3.086,250.0,250.0,79.842,24.230,8.891,75.976,52.423,32.509,19.914,32.119,7.060,0.717,6.343,6.352,0.000,0.000,0.000,0.000,31.0,
6.11.2025,18:52:4.629,17.672,27.656,20.692,3.018,250.0,250.0,83.173,31.091,8.898,73.164,50.684,31.423,19.261,31.046,17.452,4.569,12.883,61.533,0.000,0.000,0.000,1.375,31.0,
6.11.2025,18:52:5.633,28.547,27.253,20.268,3.056,250.0,250.0,80.186,24.157,8.859,75.660,52.183,32.351,19.832,31.962,7.189,0.845,6.344,6.343,0.000,0.000,0.000,0.000,31.0,
6.11.2025,18:52:6.630,19.032,26.240,19.302,3.014,250.0,250.0,80.300,23.597,8.846,73.636,50.926,31.578,19.348,31.200,7.049,0.714,6.335,6.335,0.000,0.000,0.000,0.000,31.0,
6.11.2025,18:52:7.632,31.266,28.804,21.864,2.998,250.0,250.0,83.188,47.621,8.826,75.080,51.814,32.133,19.681,31.744,125.112,34.288,90.824,6.709,0.000,0.000,0.000,0.000,31.0,
6.11.2025,18:52:8.629,17.672,26.595,19.700,2.984,250.0,250.0,79.211,25.257,8.888,73.763,51.033,31.640,19.393,31.263,15.108,2.025,13.083,6.378,0.000,0.000,0.000,0.000,31.0,
6.11.2025,18:52:9.624,24.469,25.390,18.451,3.008,250.0,250.0,79.748,39.108,8.850,72.783,50.398,31.242,19.156,30.864,85.699,17.943,67.756,6.386,0.000,0.000,0.000,0.000,31.0,
6.11.2025,18:52:10.631,20.391,25.087,18.030,3.122,250.0,250.0,80.410,24.011,8.876,75.206,51.922,32.200,19.722,31.810,7.030,0.712,6.318,6.318,0.000,0.000,0.000,0.000,31.0,
6.11.2025,18:52:11.622,19.032,28.066,21.101,3.049,250.0,250.0,81.993,18.670,8.842,54.692,39.315,24.379,14.936,24.074,7.057,0.714,6.343,6.343,0.000,0.000,0.000,0.000,31.0,
6.11.2025,18:52:12.622,14.953,27.255,20.243,3.033,250.0,250.0,80.443,44.522,8.850,69.212,48.221,29.902,18.319,29.549,117.350,33.374,83.976,6.463,0.000,0.000,0.000,0.000,31.0,
6.11.2025,18:52:13.622,19.032,28.112,21.172,3.018,250.0,250.0,80.356,23.943,8.839,74.877,51.688,32.045,19.643,31.656,7.152,0.788,6.364,6.378,0.000,0.000,0.000,0.000,31.0,
6.11.2025,18:52:14.634,17.672,27.715,20.778,3.007,250.0,250.0,83.636,33.341,8.827,60.295,42.721,26.491,16.230,26.162,17.302,4.523,12.779,118.079,0.000,0.000,0.000,0.000,31.0,
6.11.2025,18:52:15.632,14.953,28.155,21.212,3.025,250.0,250.0,80.194,23.648,8.869,73.710,50.998,31.620,19.378,31.242,7.147,0.782,6.365,6.369,0.000,0.001,0.000,0.000,31.0,
6.11.2025,18:52:16.632,16.313,26.491,19.546,2.996,250.0,250.0,82.550,19.973,8.897,59.655,42.414,26.303,16.111,25.985,7.028,0.718,6.310,6.310,0.000,0.000,0.000,0.000,31.0,
6.11.2025,18:52:17.632,17.672,25.599,18.703,2.983,250.0,250.0,80.979,23.936,8.899,74.752,51.647,32.025,19.622,31.648,7.177,0.780,6.397,6.412,0.000,0.000,0.000,0.000,31.0,
6.11.2025,18:52:18.633,24.469,28.449,21.517,2.981,250.0,250.0,83.112,47.080,8.998,84.237,57.580,35.705,21.875,35.267,16.452,4.024,12.428,194.235,0.000,0.000,0.000,0.000,31.0,
6.11.2025,18:52:19.630,20.391,27.015,20.096,3.008,250.0,250.0,80.941,34.348,8.925,73.580,50.939,31.586,19.353,31.197,60.708,9.004,51.704,6.489,0.000,0.000,0.000,2.375,31.0,
6.11.2025,18:52:20.630,14.953,29.974,22.940,3.086,250.0,250.0,79.663,24.018,8.845,75.135,51.888,32.176,19.712,31.786,7.129,0.773,6.356,6.378,0.000,0.000,0.000,0.000,31.0,
6.11.2025,18:52:21.635,21.750,27.076,20.063,3.035,250.0,250.0,84.146,15.713,8.785,43.061,32.131,19.922,12.209,19.690,7.510,0.759,6.751,6.310,0.000,0.000,0.000,0.000,31.0,
6.11.2025,18:52:22.632,21.750,27.963,20.994,3.067,250.0,250.0,80.446,24.267,8.855,76.027,52.420,32.499,19.921,32.109,7.226,0.861,6.365,6.386,0.000,0.000,0.000,0.000,31.0,
6.11.2025,18:52:23.631,19.032,28.300,21.339,3.020,250.0,250.0,84.597,30.572,8.912,75.838,52.336,32.456,19.880,32.054,38.875,5.052,33.823,6.497,0.000,0.000,0.000,0.000,31.0,
6.11.2025,18:52:24.628,13.594,26.342,19.403,2.990,250.0,250.0,84.400,23.938,8.928,74.766,51.680,32.050,19.630,31.661,7.147,0.782,6.365,6.369,0.000,0.000,0.000,0.000,31.0,
6.11.2025,18:52:25.632,13.594,25.730,18.780,3.011,250.0,250.0,84.719,31.436,9.046,74.922,51.851,32.160,19.691,31.770,44.237,5.797,38.440,6.446,0.000,0.000,0.000,0.000,31.0,
6.11.2025,18:52:26.632,32.625,26.110,19.179,3.004,250.0,250.0,83.386,23.987,8.962,74.989,51.845,32.144,19.701,31.755,7.067,0.724,6.343,6.343,0.000,0.000,1.125,0.125,31.0,
6.11.2025,18:52:27.632,17.672,28.201,21.303,2.982,250.0,250.0,80.493,46.214,8.900,75.382,52.053,32.279,19.774,31.890,117.528,33.309,84.219,6.802,0.000,0.000,0.000,0.000,31.0,
6.11.2025,18:52:28.632,19.032,25.564,18.647,2.981,250.0,250.0,80.059,24.011,8.937,75.070,51.877,32.166,19.711,31.776,7.116,0.770,6.346,6.343,0.000,0.000,0.000,0.000,31.0,
6.11.2025,18:52:29.625,17.672,27.597,20.685,2.946,250.0,250.0,79.572,56.595,8.924,53.136,38.376,23.796,14.580,23.504,9.114,1.104,8.010,385.404,0.000,0.000,0.000,0.000,31.0,
6.11.2025,18:52:30.632,17.672,28.215,21.272,3.025,250.0,250.0,77.455,41.213,9.010,101.660,68.296,42.348,25.948,41.837,58.364,21.343,37.021,6.302,0.000,0.000,0.000,0.000,31.0,
6.11.2025,18:52:31.632,19.032,27.740,20.857,2.957,250.0,250.0,74.266,22.188,8.943,68.151,47.631,29.536,18.095,29.170,7.022,0.712,6.310,6.310,0.000,0.000,0.000,0.000,31.0,
6.11.2025,18:52:32.631,14.953,26.501,19.578,3.005,250.0,250.0,78.668,30.418,8.935,77.721,53.486,33.167,20.319,32.766,7.002,0.709,6.293,63.782,0.000,0.000,0.000,0.000,31.0,
6.11.2025,18:52:33.651,20.391,26.559,19.720,2.941,250.0,250.0,79.894,39.133,8.997,79.207,54.466,33.771,20.695,33.357,22.739,5.799,16.940,115.358,0.000,0.000,0.000,0.000,31.0,
6.11.2025,18:52:34.651,21.750,25.742,18.888,2.930,250.0,250.0,79.135,28.337,8.913,68.913,48.070,29.801,18.269,29.448,36.755,4.378,32.377,6.446,0.000,0.000,0.000,0.000,31.0,
6.11.2025,18:52:35.652,14.953,24.508,17.625,2.968,250.0,250.0,77.975,22.511,8.853,69.423,48.359,29.990,18.369,29.625,7.068,0.716,6.352,6.352,0.000,0.000,0.000,0.000,31.0,
6.11.2025,18:52:36.652,25.829,26.596,19.694,2.972,250.0,250.0,79.816,30.697,8.909,77.371,53.279,33.036,20.243,32.634,37.448,12.991,24.457,6.598,0.000,0.000,0.000,0.000,31.0,
6.11.2025,18:52:37.649,21.750,26.288,19.405,2.965,250.0,250.0,78.569,22.368,8.934,68.785,47.999,29.759,18.240,29.405,7.090,0.721,6.369,6.378,0.000,0.001,0.000,0.000,31.0,
6.11.2025,18:52:38.645,23.110,25.738,18.907,2.930,250.0,250.0,74.197,44.241,8.888,68.984,48.114,29.831,18.283,29.466,116.163,32.950,83.213,6.514,0.000,0.000,0.000,0.000,31.0,
6.11.2025,18:52:39.639,29.907,34.169,26.686,3.520,250.0,250.0,71.624,22.414,8.968,68.763,47.999,29.764,18.235,29.411,7.351,0.744,6.607,6.293,0.000,0.000,1.625,0.000,31.0,
6.11.2025,18:52:40.639,17.672,32.029,24.829,3.215,250.0,250.0,73.928,22.189,8.957,68.147,47.622,29.528,18.094,29.175,7.014,0.712,6.302,6.343,0.000,0.000,2.625,0.000,31.0,
6.11.2025,18:52:41.653,16.313,27.715,20.888,2.925,250.0,250.0,73.997,38.281,8.945,68.282,47.701,29.580,18.121,29.227,87.268,21.568,65.700,6.420,0.000,0.000,0.000,0.000,31.0,
6.11.2025,18:52:42.652,23.110,28.203,21.295,2.985,250.0,250.0,74.284,44.261,8.849,69.072,48.136,29.846,18.290,29.481,116.094,32.834,83.260,6.743,0.000,0.000,0.000,0.000,31.0,
6.11.2025,18:52:43.640,17.672,26.917,20.121,2.907,250.0,250.0,74.158,13.472,8.813,34.623,26.946,16.713,10.233,16.505,7.311,0.738,6.573,6.267,0.000,0.000,0.000,0.000,31.0,
6.11.2025,18:52:44.653,17.672,27.159,20.126,3.100,250.0,250.0,63.506,46.954,8.910,73.052,50.602,31.374,19.228,30.996,124.568,34.154,90.414,6.242,0.000,0.000,0.000,0.000,31.0,
6.11.2025,18:52:45.665,25.829,25.886,18.976,2.992,250.0,250.0,75.652,23.926,8.917,74.875,51.748,32.091,19.657,31.701,6.995,0.710,6.285,6.285,0.000,0.000,0.000,0.000,31.0,
6.11.2025,18:52:46.664,25.829,26.989,20.055,2.999,250.0,250.0,82.351,23.668,8.916,73.631,50.966,31.607,19.359,31.217,7.301,0.829,6.472,6.386,0.000,0.001,0.125,0.000,31.0,
6.11.2025,18:52:47.656,16.313,27.135,20.212,3.004,250.0,250.0,83.443,66.494,8.935,61.570,43.552,27.013,16.539,26.684,58.256,21.329,36.927,364.137,0.000,0.000,0.000,0.000,31.0,
6.11.2025,18:52:48.661,16.313,28.505,21.533,3.022,250.0,250.0,80.004,23.679,8.961,73.824,51.125,31.705,19.420,31.316,7.052,0.717,6.335,6.335,0.000,0.000,0.375,0.000,31.0,
6.11.2025,18:52:49.663,29.907,26.127,19.226,2.997,250.0,250.0,82.921,24.846,8.866,57.401,40.963,25.407,15.556,25.102,34.340,11.189,23.151,6.480,0.000,0.000,0.000,0.000,31.0,
6.11.2025,18:52:50.654,24.469,29.270,22.192,3.127,250.0,250.0,80.106,23.596,8.864,73.506,50.876,31.551,19.325,31.161,7.137,0.734,6.403,6.403,0.000,0.000,0.000,0.000,31.0,
6.11.2025,18:52:51.663,16.313,28.608,21.659,3.012,250.0,250.0,80.143,23.938,8.839,74.938,51.747,32.083,19.664,31.693,7.045,0.718,6.327,6.327,0.000,0.001,0.000,0.000,31.0,
6.11.2025,18:52:52.664,21.750,27.095,20.067,3.077,250.0,250.0,83.078,23.797,8.806,74.356,51.356,31.846,19.510,31.468,7.116,0.722,6.394,6.394,0.000,0.000,0.000,0.000,31.0,
6.11.2025,18:52:53.663,21.750,27.095,20.067,3.077,250.0,250.0,83.136,32.019,8.839,65.946,46.191,28.642,17.549,28.301,43.314,15.890,27.424,38.098,0.000,0.000,0.000,0.000,31.0,
6.11.2025,18:52:54.653,25.829,29.005,22.080,3.026,250.0,250.0,80.572,23.804,8.854,74.394,51.408,31.877,19.531,31.487,7.069,0.717,6.352,6.352,0.000,0.000,0.000,0.000,31.0,
6.11.2025,18:52:55.663,27.188,28.218,21.279,3.024,250.0,250.0,83.798,18.058,8.755,52.328,37.800,23.447,14.353,23.166,7.153,0.724,6.429,6.429,0.000,0.000,0.000,0.000,31.0,
6.11.2025,18:52:56.660,28.547,27.929,20.937,3.026,250.0,250.0,80.135,47.583,8.858,74.948,51.756,32.096,19.660,31.707,125.043,34.432,90.611,6.718,0.000,0.000,0.000,0.000,31.0,
6.11.2025,18:52:57.653,24.469,26.317,19.403,3.020,250.0,250.0,79.939,23.557,8.771,73.552,50.834,31.523,19.311,31.134,7.051,0.716,6.335,6.343,0.000,0.000,0.000,0.000,31.0,
6.11.2025,18:52:58.656,20.391,26.968,20.039,2.990,250.0,250.0,79.574,23.948,8.790,74.985,51.739,32.078,19.661,31.688,7.092,0.764,6.328,6.352,0.000,0.000,0.000,0.000,31.0,
6.11.2025,18:52:59.663,17.672,27.680,20.728,3.005,250.0,250.0,83.287,25.673,8.828,75.316,51.958,32.224,19.734,31.834,15.193,2.045,13.148,6.446,0.000,0.000,0.000,0.875,31.0,
6.11.2025,18:53:0.663,19.032,26.584,19.633,3.025,250.0,250.0,79.509,23.875,8.856,74.660,51.572,31.978,19.594,31.601,7.067,0.715,6.352,6.352,0.000,0.000,0.000,0.000,31.0,
6.11.2025,18:53:1.660,32.625,31.544,24.502,3.091,250.0,250.0,83.648,41.922,8.956,75.913,52.420,32.502,19.918,32.113,95.432,22.549,72.883,6.530,0.000,0.000,0.000,0.000,31.0,
6.11.2025,18:53:2.654,17.672,29.285,22.367,3.016,250.0,250.0,79.893,24.154,8.881,75.673,52.216,32.387,19.829,31.997,7.107,0.771,6.336,6.343,0.000,0.000,0.000,0.000,31.0,
6.11.2025,18:53:3.663,17.672,29.686,22.685,3.080,250.0,250.0,83.477,27.514,8.917,75.657,52.225,32.377,19.848,31.988,23.828,3.207,20.621,6.471,0.000,0.000,2.625,0.000,31.0,
6.11.2025,18:53:4.663,29.907,28.997,22.028,3.032,250.0,250.0,83.313,37.638,8.840,62.135,43.842,27.182,16.660,26.853,49.289,17.984,31.305,92.292,0.000,0.000,0.000,0.000,31.0,
6.11.2025,18:53:5.663,17.672,26.820,19.880,3.023,250.0,250.0,78.998,23.546,8.804,73.390,50.759,31.473,19.286,31.096,7.146,0.782,6.364,6.361,0.000,0.000,0.375,1.000,31.0,
6.11.2025,18:53:6.658,17.672,25.454,18.491,3.021,250.0,250.0,82.986,34.786,8.809,75.323,51.944,32.219,19.725,31.829,60.791,9.088,51.703,6.429,0.000,0.000,0.000,0.000,31.0,
6.11.2025,18:53:7.654,23.110,27.401,20.460,3.023,250.0,250.0,83.299,23.989,8.845,75.137,51.875,32.175,19.700,31.786,7.031,0.721,6.310,6.310,0.000,0.001,0.000,0.000,31.0,
6.11.2025,18:53:8.664,31.266,26.101,19.175,2.998,250.0,250.0,80.878,23.950,8.904,74.833,51.730,32.071,19.659,31.681,7.129,0.768,6.361,6.361,0.000,0.000,0.000,0.000,31.0,
6.11.2025,18:53:9.663,24.469,26.462,19.512,3.026,250.0,250.0,83.469,47.279,8.891,73.850,51.086,31.679,19.407,31.301,125.009,34.322,90.687,6.556,0.000,0.000,0.000,0.000,31.0,
6.11.2025,18:53:10.660,27.188,28.639,21.667,3.065,250.0,250.0,79.384,24.015,8.876,75.125,51.887,32.172,19.715,31.782,7.124,0.778,6.346,6.343,0.000,0.000,0.000,0.000,31.0,
6.11.2025,18:53:11.654,19.032,28.428,21.492,2.992,250.0,250.0,83.829,35.779,8.915,73.695,51.017,31.633,19.384,31.244,67.384,24.544,42.840,7.130,0.000,0.000,0.000,0.375,31.0,
6.11.2025,18:53:12.656,16.313,29.366,22.361,3.041,250.0,250.0,80.309,24.080,8.953,75.258,52.011,32.254,19.757,31.865,7.163,0.782,6.381,6.378,0.000,0.000,0.000,0.000,31.0,
6.11.2025,18:53:13.657,16.313,28.458,21.455,3.069,250.0,250.0,83.604,23.686,8.841,73.998,51.157,31.722,19.435,31.345,7.022,0.712,6.310,6.318,0.000,0.000,2.375,0.000,31.0,
6.11.2025,18:53:14.654,31.266,28.909,22.037,2.999,250.0,250.0,80.090,23.707,8.881,73.904,51.139,31.709,19.430,31.320,7.150,0.786,6.364,6.386,0.000,0.000,0.000,0.000,31.0,
6.11.2025,18:53:15.663,19.032,29.280,22.256,3.047,250.0,250.0,83.137,47.535,8.979,74.577,51.611,32.000,19.611,31.610,125.117,34.279,90.838,6.726,0.000,0.000,0.000,0.250,31.0,
6.11.2025,18:53:16.663,16.313,25.205,18.287,3.006,250.0,250.0,80.646,24.048,8.914,75.237,51.976,32.235,19.741,31.845,7.093,0.765,6.328,6.343,0.000,0.000,0.000,0.000,31.0,
6.11.2025,18:53:17.655,25.829,28.229,21.277,3.032,250.0,250.0,83.452,24.048,8.949,74.515,51.551,31.961,19.590,31.571,15.263,2.093,13.170,6.438,0.000,0.000,0.500,0.000,31.0,
6.11.2025,18:53:18.658,20.391,25.688,18.697,3.023,250.0,250.0,83.452,25.510,8.949,74.515,51.551,31.961,19.590,31.571,15.263,2.093,13.170,6.438,0.000,0.000,0.000,0.000,31.0,
6.11.2025,18:53:19.654,14.953,27.802,20.880,3.012,250.0,250.0,79.130,23.831,8.890,74.403,51.434,31.891,19.543,31.513,7.139,0.784,6.355,6.361,0.000,0.000,0.000,0.000,31.0,
6.11.2025,18:53:20.664,19.032,29.332,22.311,3.103,250.0,250.0,83.328,43.194,8.907,75.212,51.957,32.214,19.743,31.824,102.797,26.495,76.302,6.489,0.000,0.000,0.000,0.000,31.0,
6.11.2025,18:53:21.660,14.953,27.510,20.550,3.025,250.0,250.0,80.000,31.265,8.846,58.661,41.754,25.896,15.858,25.579,7.446,0.754,6.692,121.165,0.000,0.000,0.000,2.375,31.0,
6.11.2025,18:53:22.657,17.672,27.946,20.991,3.028,250.0,250.0,81.849,24.188,8.875,75.806,52.312,32.439,19.873,32.037,7.096,0.753,6.343,6.343,0.000,0.000,0.000,0.000,31.0,
6.11.2025,18:53:23.653,23.110,27.438,20.443,3.060,250.0,250.0,83.333,26.039,8.891,76.570,52.788,32.732,20.056,32.330,15.281,2.093,13.188,6.463,0.000,0.000,0.000,0.000,31.0,
6.11.2025,18:53:24.663,12.235,27.323,20.413,3.009,250.0,250.0,80.236,24.236,8.902,76.004,52.425,32.512,19.913,32.110,7.078,0.743,6.335,6.335,0.000,0.000,0.000,0.000,31.0,
6.11.2025,18:53:25.667,24.469,26.249,19.259,3.031,250.0,250.0,83.094,48.278,8.938,77.307,53.277,33.033,20.244,32.644,125.431,34.790,90.641,6.471,0.000,0.000,0.000,0.000,31.0,
6.11.2025,18:53:26.663,17.672,27.562,20.665,2.989,250.0,250.0,80.109,23.664,8.896,73.820,51.057,31.654,19.403,31.277,7.086,0.725,6.361,6.361,0.000,0.000,0.000,0.000,31.0,
6.11.2025,18:53:27.660,24.469,26.692,19.741,2.996,250.0,250.0,81.787,19.818,8.892,56.369,40.349,25.022,15.327,24.717,7.328,0.908,6.420,12.844,0.000,0.000,0.000,0.000,31.0,
6.11.2025,18:53:28.654,20.391,28.360,21.486,2.966,250.0,250.0,80.567,24.425,8.849,76.752,52.863,32.779,20.084,32.390,7.096,0.753,6.343,6.343,0.000,0.000,0.000,0.000,31.0,
6.11.2025,18:53:29.656,28.547,26.945,20.007,3.002,250.0,250.0,83.215,26.074,8.817,76.905,52.936,32.823,20.113,32.434,15.146,2.025,13.121,6.420,0.000,0.000,0.000,0.375,31.0,
6.11.2025,18:53:30.653,14.953,30.527,23.491,3.092,250.0,250.0,79.884,24.069,8.799,75.450,52.030,32.265,19.765,31.876,7.082,0.747,6.335,6.335,0.000,0.000,0.000,0.000,31.0,
6.11.2025,18:53:31.663,16.313,28.873,21.945,3.008,250.0,250.0,83.032,30.470,8.792,51.877,37.522,23.267,14.255,22.986,7.575,0.764,6.811,130.853,0.000,0.000,0.500,0.000,31.0,
6.11.2025,18:53:32.663,19.032,27.721,20.746,3.029,250.0,250.0,79.729,24.054,8.850,75.287,51.961,32.226,19.735,31.837,7.106,0.737,6.369,6.429,0.000,0.000,0.000,0.000,31.0,
6.11.2025,18:53:33.667,21.750,29.991,23.024,3.070,250.0,250.0,79.794,23.861,8.865,74.610,51.550,31.972,19.578,31.583,7.055,0.720,6.335,6.343,0.000,0.000,0.000,0.000,31.0,
6.11.2025,18:53:34.662,27.188,28.248,21.334,3.000,250.0,250.0,83.399,33.706,8.975,75.318,52.053,32.279,19.774,31.890,55.139,7.555,47.584,6.489,0.000,0.000,0.000,0.000,31.0,
6.11.2025,18:53:35.654,17.672,27.274,20.306,2.991,250.0,250.0,80.237,24.221,8.865,75.946,52.379,32.472,19.907,32.083,7.069,0.717,6.352,6.420,0.000,0.000,0.000,0.000,31.0,
6.11.2025,18:53:36.656,33.985,29.133,22.242,2.988,250.0,250.0,80.076,23.817,8.917,74.372,51.446,31.898,19.548,31.509,7.060,0.717,6.343,6.361,0.000,0.000,0.000,0.000,31.0,
6.11.2025,18:53:37.654,17.672,26.583,19.639,3.023,250.0,250.0,83.099,30.860,8.818,72.218,50.037,31.033,19.004,30.655,7.425,0.751,6.674,81.982,0.000,0.000,0.000,0.000,31.0,
6.11.2025,18:53:38.658,25.829,29.358,22.516,2.954,250.0,250.0,79.474,24.087,8.816,75.479,52.038,32.274,19.764,31.885,7.108,0.722,6.386,6.394,0.000,0.000,0.000,0.000,31.0,
6.11.2025,18:53:39.661,17.672,28.232,21.307,2.939,250.0,250.0,82.993,34.704,8.850,58.681,41.744,25.888,15.856,25.571,81.720,28.572,53.148,7.007,0.000,0.000,0.000,0.000,31.0,
6.11.2025,18:53:40.663,28.547,32.710,25.553,3.203,250.0,250.0,80.226,30.326,8.886,74.968,51.777,32.108,19.669,31.719,38.808,5.066,33.742,6.514,0.000,0.000,0.000,2.250,31.0,
6.11.2025,18:53:41.663,19.032,37.956,30.416,3.519,250.0,250.0,80.787,24.206,8.891,75.805,52.306,32.435,19.871,32.033,7.159,0.778,6.381,6.403,0.000,0.000,0.000,0.000,31.0,
6.11.2025,18:53:42.658,25.829,28.736,21.609,3.141,250.0,250.0,82.335,24.281,8.940,76.136,52.555,32.593,19.962,32.191,7.049,0.714,6.335,6.335,0.000,0.000,0.000,2.125,10.0,
6.11.2025,18:53:43.653,17.672,25.397,18.416,3.055,250.0,250.0,82.099,23.811,8.870,74.149,51.264,31.789,19.475,31.411,7.341,0.872,6.469,6.471,0.000,0.000,0.000,0.000,10.0,
6.11.2025,18:53:44.663,24.469,28.222,21.257,3.032,250.0,250.0,80.216,24.431,8.858,76.757,52.859,32.780,20.079,32.390,7.113,0.769,6.344,6.361,0.000,0.000,0.000,0.000,10.0,
6.11.2025,18:53:45.663,16.313,27.458,20.584,2.944,250.0,250.0,84.075,20.905,8.928,63.051,44.495,27.594,16.901,27.265,7.238,0.733,6.505,6.335,0.000,0.000,0.000,0.000,10.0,
6.11.2025,18:53:46.663,24.469,25.827,18.974,2.964,250.0,250.0,78.115,22.490,8.964,69.125,48.243,29.916,18.327,29.563,7.180,0.734,6.446,6.403,0.000,0.000,0.000,0.000,10.0,
6.11.2025,18:53:47.664,29.907,23.941,17.103,2.939,250.0,250.0,77.829,22.535,8.954,69.372,48.373,29.991,18.382,29.638,7.125,0.722,6.403,6.386,0.000,0.000,0.000,0.000,10.0,
6.11.2025,18:53:48.666,25.829,26.015,19.126,2.959,250.0,250.0,77.903,37.292,9.074,68.803,48.101,29.826,18.275,29.473,81.429,18.281,63.148,6.514,0.000,0.000,2.375,0.000,10.0,
6.11.2025,18:53:49.657,23.110,24.465,17.694,2.894,250.0,250.0,78.123,44.504,8.997,69.720,48.632,30.151,18.481,29.786,116.247,32.734,83.513,6.777,0.000,0.000,0.000,0.000,10.0,
6.11.2025,18:53:50.665,24.469,28.294,21.282,3.025,250.0,250.0,75.339,27.576,8.976,68.012,47.572,29.501,18.071,29.136,7.204,0.886,6.318,60.078,0.000,0.000,0.000,0.000,10.0,
6.11.2025,18:53:51.665,17.672,26.368,19.522,2.941,250.0,250.0,81.832,44.675,8.916,70.734,49.213,30.510,18.703,30.144,115.939,32.559,83.380,6.650,0.000,0.000,0.000,0.000,10.0,
6.11.2025,18:53:52.663,16.313,25.946,19.104,2.947,250.0,250.0,78.277,41.458,8.921,69.206,48.263,29.925,18.338,29.559,101.899,27.947,73.952,6.573,0.000,0.000,0.000,0.000,10.0,
6.11.2025,18:53:53.657,14.953,28.726,21.831,2.957,250.0,250.0,78.039,22.405,8.916,68.974,48.115,29.831,18.284,29.466,7.062,0.719,6.343,6.343,0.000,0.000,2.250,0.000,10.0,
6.11.2025,18:53:54.662,14.953,26.762,19.887,2.938,250.0,250.0,77.947,22.362,8.937,68.773,48.011,29.774,18.237,29.408,7.069,0.726,6.343,6.343,0.000,0.000,0.000,0.000,10.0,
6.11.2025,18:53:55.656,20.391,25.086,18.296,2.915,250.0,250.0,74.680,44.101,8.892,68.373,47.727,29.589,18.138,29.236,116.348,32.953,83.395,6.361,0.000,0.000,0.000,0.000,10.0,
6.11.2025,18:53:56.655,19.032,25.603,18.799,2.917,250.0,250.0,74.938,16.118,8.909,44.708,33.214,20.591,12.623,20.346,7.171,0.725,6.446,6.446,0.000,0.000,0.250,0.000,10.0,
6.11.2025,18:53:57.662,31.266,26.040,19.227,2.902,250.0,250.0,71.851,22.133,8.912,67.950,47.485,29.443,18.042,29.090,7.039,0.712,6.327,6.327,0.000,0.000,0.000,0.000,10.0,
6.11.2025,18:53:58.656,17.672,26.281,19.486,2.891,250.0,250.0,74.192,44.098,8.951,68.627,47.930,29.716,18.214,29.362,115.903,32.758,83.145,6.378,0.000,0.000,0.000,0.000,10.0,
6.11.2025,18:53:59.656,17.672,25.546,18.700,2.902,250.0,250.0,70.726,22.061,8.887,67.754,47.349,29.362,17.987,28.997,6.994,0.709,6.285,6.285,0.000,0.000,0.000,0.000,10.0,
6.11.2025,18:54:0.659,27.188,28.407,21.476,3.008,250.0,250.0,73.661,22.044,8.864,67.652,47.265,29.302,17.963,28.949,7.053,0.718,6.335,6.335,0.000,0.000,0.000,0.000,10.0,
6.11.2025,18:54:1.656,16.313,25.836,18.862,3.091,250.0,250.0,61.258,23.378,8.953,72.787,50.481,31.299,19.182,30.922,6.955,0.705,6.250,6.250,0.000,0.000,0.000,0.000,10.0,
6.11.2025,18:54:2.665,23.110,29.777,22.716,3.122,250.0,250.0,79.597,23.675,8.911,73.824,51.074,31.672,19.402,31.295,7.108,0.770,6.338,6.352,0.000,0.000,0.000,0.000,10.0,
6.11.2025,18:54:3.663,19.032,26.957,19.992,3.010,250.0,250.0,81.975,19.375,8.866,57.262,40.892,25.355,15.537,25.050,7.238,0.733,6.505,6.310,0.000,0.000,0.000,0.000,10.0,
6.11.2025,18:54:4.661,19.032,28.109,21.189,3.002,250.0,250.0,82.346,36.652,8.952,74.010,51.250,31.783,19.467,31.394,71.597,12.535,59.062,6.471,0.000,0.000,0.000,0.000,10.0,
6.11.2025,18:54:5.663,19.032,27.451,20.528,2.985,250.0,250.0,80.158,24.387,8.901,76.552,52.788,32.732,20.056,32.330,7.084,0.765,6.319,6.343,0.000,0.000,0.000,0.000,10.0,
6.11.2025,18:54:6.659,17.672,27.601,20.632,3.015,250.0,250.0,83.242,44.730,8.917,67.779,47.390,29.392,17.998,29.038,28.295,8.122,20.173,190.197,0.000,0.000,0.000,0.000,10.0,
6.11.2025,18:54:7.660,17.672,25.895,18.972,3.017,250.0,250.0,81.171,34.180,8.900,73.433,50.853,31.527,19.326,31.150,60.076,8.863,51.213,6.463,0.000,0.000,0.000,0.000,10.0,
6.11.2025,18:54:8.656,17.672,28.193,21.197,3.048,250.0,250.0,79.869,23.897,8.984,74.620,51.630,32.013,19.617,31.635,7.065,0.722,6.343,6.343,0.000,0.000,0.000,0.375,10.0,
6.11.2025,18:54:9.655,23.110,28.426,21.541,2.988,250.0,250.0,80.230,23.725,8.960,74.027,51.248,31.779,19.469,31.390,7.030,0.712,6.318,6.318,0.000,0.000,0.000,0.000,10.0,
6.11.2025,18:54:10.663,36.704,30.242,23.151,3.097,250.0,250.0,82.366,47.453,9.044,74.106,51.350,31.843,19.507,31.465,125.291,34.530,90.761,6.633,0.000,0.000,0.000,0.000,10.0,
6.11.2025,18:54:11.656,17.672,30.434,23.406,3.069,250.0,250.0,79.866,23.822,9.033,74.273,51.445,31.902,19.543,31.513,7.080,0.728,6.352,6.352,0.000,0.000,0.125,0.000,10.0,
6.11.2025,18:54:12.663,19.032,28.437,21.426,3.093,250.0,250.0,79.843,23.926,9.034,74.697,51.704,32.055,19.649,31.665,7.058,0.715,6.343,6.343,0.000,0.000,0.000,0.000,10.0,
6.11.2025,18:54:13.659,16.313,25.507,18.538,3.012,250.0,250.0,83.409,25.639,8.941,75.157,51.966,32.216,19.750,31.826,15.056,1.961,13.095,6.420,0.000,0.000,0.000,0.000,10.0,
6.11.2025,18:54:14.664,13.594,29.604,22.649,3.047,250.0,250.0,79.851,23.599,8.826,73.632,50.900,31.564,19.336,31.187,7.092,0.731,6.361,6.361,0.000,0.000,0.000,0.000,10.0,
6.11.2025,18:54:15.662,20.391,25.798,18.858,3.014,250.0,250.0,79.369,23.744,8.912,74.137,51.281,31.801,19.480,31.423,7.039,0.712,6.327,6.327,0.000,0.000,0.000,0.000,10.0,
6.11.2025,18:54:16.662,23.110,25.526,18.623,3.009,250.0,250.0,82.406,40.463,8.895,73.006,50.578,31.369,19.209,30.992,91.982,29.845,62.137,6.616,0.000,0.000,0.000,0.000,10.0,
6.11.2025,18:54:17.659,23.110,26.672,19.702,3.019,250.0,250.0,79.562,23.762,8.945,74.116,51.287,31.802,19.485,31.412,7.101,0.732,6.369,6.369,0.000,0.000,0.000,0.000,10.0,
6.11.2025,18:54:18.655,14.953,26.314,19.384,3.007,250.0,250.0,78.965,24.017,8.950,75.135,51.925,32.190,19.735,31.800,7.050,0.715,6.335,6.335,0.001,0.000,0.000,0.000,10.0,
6.11.2025,18:54:19.664,47.579,26.970,20.019,3.032,250.0,250.0,81.187,47.391,8.900,74.512,51.507,31.944,19.563,31.554,124.731,34.081,90.650,6.471,0.000,0.000,0.000,0.000,10.0,
6.11.2025,18:54:20.669,23.110,27.995,20.951,3.102,250.0,250.0,79.303,23.866,8.920,74.559,51.541,31.959,19.582,31.581,7.088,0.745,6.343,6.343,0.000,0.000,0.000,0.000,10.0,
6.11.2025,18:54:21.663,25.829,32.629,25.353,3.266,250.0,250.0,83.616,29.267,8.922,49.991,36.435,22.587,13.848,22.319,25.970,6.993,18.977,86.631,0.000,0.000,0.000,2.250,10.0,
6.11.2025,18:54:22.656,17.672,29.901,22.828,3.137,250.0,250.0,79.673,30.525,8.876,73.427,50.831,31.521,19.310,31.132,41.838,5.498,36.340,6.480,0.000,0.000,0.000,0.000,10.0,
6.11.2025,18:54:23.656,24.469,30.583,23.636,3.026,250.0,250.0,79.549,23.862,8.860,74.579,51.531,31.948,19.583,31.559,7.109,0.766,6.343,6.343,0.000,0.000,0.000,0.000,10.0,
6.11.2025,18:54:24.657,14.953,26.079,19.164,2.993,250.0,250.0,83.808,15.554,8.890,42.488,31.845,19.747,12.098,19.503,7.324,0.742,6.582,6.318,0.000,0.000,0.000,0.000,10.0,
6.11.2025,18:54:25.660,19.032,27.749,20.828,3.015,250.0,250.0,80.026,24.540,8.963,76.982,53.080,32.915,20.165,32.525,7.172,0.783,6.389,6.429,0.000,0.001,0.000,0.000,10.0,
6.11.2025,18:54:26.660,19.032,27.749,20.828,3.015,250.0,250.0,82.238,24.466,8.950,76.602,52.850,32.770,20.080,32.368,7.300,0.835,6.465,6.446,0.000,0.001,0.000,0.000,10.0,
6.11.2025,18:54:27.652,29.907,29.264,22.267,3.032,250.0,250.0,80.217,24.231,8.914,75.958,52.422,32.501,19.921,32.111,7.060,0.717,6.343,6.361,0.000,0.000,0.000,2.000,10.0,
6.11.2025,18:54:28.663,28.547,25.550,18.634,2.993,250.0,250.0,82.931,24.430,8.917,76.737,52.908,32.812,20.096,32.410,7.040,0.713,6.327,6.343,0.000,0.000,0.000,0.000,10.0,
6.11.2025,18:54:29.656,19.032,25.834,18.907,3.018,250.0,250.0,80.863,49.069,8.928,80.762,55.381,34.332,21.049,33.918,124.750,34.272,90.478,6.820,0.000,0.000,2.375,0.000,10.0,
6.11.2025,18:54:30.663,35.344,23.968,17.017,3.029,250.0,250.0,79.906,23.841,8.908,74.395,51.441,31.897,19.544,31.507,7.167,0.777,6.390,6.386,0.000,0.000,0.000,0.000,10.0,
6.11.2025,18:54:31.654,25.829,28.327,21.219,3.111,250.0,250.0,81.935,24.194,8.962,75.785,52.336,32.451,19.885,32.062,7.057,0.714,6.343,6.343,0.000,0.000,0.000,0.000,10.0,
6.11.2025,18:54:32.660,33.985,27.929,20.987,3.035,250.0,250.0,82.458,23.226,8.930,46.015,34.006,21.085,12.921,20.841,7.438,0.924,6.514,73.585,0.000,0.000,0.000,0.000,10.0,
6.11.2025,18:54:33.653,17.672,30.342,23.347,3.062,250.0,250.0,80.553,24.147,8.973,75.433,52.140,32.324,19.816,31.935,7.213,0.789,6.424,6.420,0.000,0.000,0.000,0.000,10.0,
6.11.2025,18:54:34.654,16.313,25.872,18.944,3.001,250.0,250.0,80.955,24.242,9.092,75.825,52.425,32.512,19.913,32.122,7.100,0.764,6.336,6.335,0.000,0.001,0.000,0.000,10.0,
6.11.2025,18:54:35.654,23.110,27.056,20.134,3.022,250.0,250.0,84.171,47.877,9.048,75.736,52.367,32.475,19.892,32.085,125.222,34.454,90.768,6.726,0.000,0.000,0.000,0.000,10.0,
6.11.2025,18:54:36.664,31.266,25.979,19.043,3.011,250.0,250.0,80.162,24.029,8.914,74.957,51.788,32.110,19.678,31.732,7.359,0.875,6.484,6.394,0.000,0.000,0.000,2.125,10.0,
6.11.2025,18:54:37.664,25.829,25.962,18.967,3.052,250.0,250.0,80.139,24.061,8.889,75.291,51.996,32.233,19.763,31.843,7.122,0.770,6.352,6.352,0.001,0.000,1.000,0.750,10.0,
6.11.2025,18:54:38.665,29.907,26.399,19.481,2.992,250.0,250.0,81.015,24.085,8.858,47.061,34.606,21.457,13.149,21.201,7.461,0.803,6.658,79.594,0.000,0.000,0.000,0.000,10.0,
6.11.2025,18:54:39.663,16.313,27.723,20.742,3.022,250.0,250.0,79.257,24.438,9.023,76.500,52.823,32.755,20.068,32.353,7.213,0.840,6.373,6.429,0.000,0.000,0.000,0.000,10.0,
6.11.2025,18:54:40.656,20.391,26.606,19.688,3.034,250.0,250.0,83.695,24.078,8.986,75.116,51.946,32.215,19.731,31.826,7.266,0.857,6.409,6.429,0.000,0.000,0.000,0.000,10.0,
6.11.2025,18:54:41.655,16.313,26.765,19.796,3.018,250.0,250.0,80.381,23.585,8.937,73.486,50.893,31.558,19.335,31.181,7.058,0.723,6.335,6.343,0.000,0.000,0.000,0.000,10.0,
6.11.2025,18:54:42.671,21.750,28.352,21.092,3.270,250.0,250.0,79.754,22.797,8.974,70.420,49.064,30.418,18.646,30.053,7.030,0.712,6.318,6.335,0.000,0.000,0.000,0.000,10.0,
6.11.2025,18:54:43.684,31.266,34.313,26.653,3.605,250.0,250.0,80.039,47.296,8.972,73.540,50.952,31.594,19.358,31.205,125.357,34.658,90.699,6.624,0.000,0.000,0.000,0.000,10.0,
6.11.2025,18:54:44.681,24.469,28.450,21.436,3.087,250.0,250.0,79.968,23.913,8.889,74.766,51.669,32.039,19.630,31.650,7.066,0.723,6.343,6.352,0.000,0.000,0.000,0.000,10.0,
6.11.2025,18:54:45.679,19.032,27.852,20.876,3.047,250.0,250.0,83.021,31.698,8.887,70.571,49.082,30.436,18.646,30.070,51.313,18.549,32.764,6.667,0.000,0.000,0.000,0.000,10.0,
6.11.2025,18:54:46.685,21.750,27.269,20.350,2.986,250.0,250.0,83.021,31.698,8.887,70.571,49.082,30.436,18.646,30.070,51.313,18.549,32.764,6.667,0.000,0.000,0.000,0.000,10.0,
6.11.2025,18:54:47.677,13.594,28.039,21.087,3.012,250.0,250.0,80.161,39.373,8.879,63.661,44.818,27.787,17.031,27.458,7.662,0.860,6.802,188.773,0.000,0.000,0.000,0.000,10.0,
6.11.2025,18:54:48.676,17.672,24.855,17.958,3.011,250.0,250.0,79.935,24.238,8.854,75.774,52.268,32.418,19.850,32.028,7.384,0.874,6.510,6.420,0.000,0.000,0.000,0.000,10.0,
6.11.2025,18:54:49.678,17.672,26.335,19.328,3.059,250.0,250.0,80.404,23.789,8.914,74.294,51.375,31.860,19.515,31.470,7.058,0.715,6.343,6.343,0.000,0.000,1.750,0.000,10.0,
6.11.2025,18:54:50.678,19.032,30.622,23.570,3.085,250.0,250.0,83.018,40.371,8.963,76.780,52.945,32.833,20.112,32.431,86.478,29.238,57.240,6.692,0.000,0.000,0.000,0.000,10.0,
6.11.2025,18:54:51.688,19.032,27.521,20.558,3.046,250.0,250.0,79.814,23.869,8.838,74.580,51.506,31.936,19.570,31.547,7.164,0.775,6.389,6.386,0.000,0.000,1.250,0.000,10.0,
6.11.2025,18:54:52.695,16.313,29.016,22.031,3.064,250.0,250.0,81.337,18.580,8.876,54.156,39.005,24.181,14.824,23.888,7.201,0.730,6.471,6.471,0.000,0.000,0.000,0.000,10.0,
6.11.2025,18:54:53.693,19.032,26.094,19.034,3.088,250.0,250.0,81.858,40.579,8.876,74.041,51.211,31.754,19.457,31.364,91.311,20.491,70.820,6.463,0.000,0.000,0.000,0.000,10.0,
6.11.2025,18:54:54.692,19.032,26.093,19.193,2.976,250.0,250.0,80.908,22.273,8.891,68.471,47.821,29.646,18.175,29.293,7.050,0.715,6.335,6.335,0.000,0.000,0.000,0.000,10.0,
6.11.2025,18:54:55.695,29.907,29.719,22.762,3.013,250.0,250.0,77.769,24.485,8.907,76.368,52.660,32.651,20.009,32.261,7.609,0.829,6.780,6.777,0.000,0.000,0.000,0.000,10.0,
6.11.2025,18:54:56.687,17.672,26.517,19.575,3.057,250.0,250.0,79.972,23.794,8.927,74.265,51.388,31.863,19.525,31.473,7.076,0.724,6.352,6.352,0.000,0.000,0.000,0.000,10.0,
6.11.2025,18:54:57.689,23.110,25.697,18.718,3.051,250.0,250.0,83.884,47.549,8.996,74.341,51.466,31.912,19.554,31.523,125.593,34.788,90.805,6.514,0.000,0.000,0.000,0.000,10.0,
6.11.2025,18:54:58.694,19.032,25.840,18.858,3.018,250.0,250.0,80.082,24.102,8.974,75.315,52.047,32.283,19.764,31.893,7.178,0.788,6.390,6.386,0.000,0.000,0.000,0.000,10.0,
6.11.2025,18:54:59.691,28.547,26.476,19.576,3.017,250.0,250.0,80.709,23.287,8.979,72.243,50.189,31.115,19.074,30.737,7.101,0.766,6.335,6.335,0.000,0.000,0.000,0.000,10.0,
6.11.2025,18:55:0.684,29.907,29.904,22.837,3.084,250.0,250.0,83.908,48.752,8.888,79.107,54.367,33.710,20.657,33.307,125.366,34.727,90.639,6.751,0.000,0.000,0.000,0.000,10.0,
6.11.2025,18:55:1.693,23.110,29.219,22.250,3.040,250.0,250.0,80.452,24.458,8.819,76.899,52.931,32.820,20.111,32.418,7.098,0.720,6.378,6.386,0.000,0.000,2.625,0.000,10.0,
6.11.2025,18:55:2.689,27.188,28.085,21.085,3.044,250.0,250.0,83.313,24.105,8.839,75.332,51.975,32.232,19.743,31.842,7.371,0.747,6.624,6.343,0.000,0.000,0.000,0.000,10.0,
6.11.2025,18:55:3.688,17.672,28.426,21.439,3.053,250.0,250.0,79.465,28.339,8.905,77.227,53.206,32.998,20.208,32.596,25.880,3.374,22.506,6.489,0.000,0.000,0.000,0.000,10.0,
6.11.2025,18:55:4.697,17.672,25.588,18.706,3.003,250.0,250.0,76.798,23.374,8.911,72.680,50.405,31.261,19.144,30.883,7.059,0.716,6.343,6.335,0.000,0.000,0.000,0.000,10.0,
6.11.2025,18:55:5.686,25.829,24.063,17.157,2.981,250.0,250.0,78.353,23.166,8.940,71.880,49.926,30.957,18.969,30.591,7.032,0.714,6.318,6.335,0.000,0.000,0.000,0.000,10.0,
6.11.2025,18:55:6.685,16.313,26.400,19.465,2.996,250.0,250.0,77.867,23.515,8.914,73.231,50.751,31.471,19.280,31.082,7.041,0.714,6.327,6.335,0.000,0.000,0.000,0.500,10.0,
6.11.2025,18:55:7.694,21.750,24.922,18.042,2.978,250.0,250.0,79.427,22.536,8.883,69.412,48.388,30.008,18.380,29.643,7.155,0.726,6.429,6.335,0.000,0.000,0.000,0.000,10.0,
6.11.2025,18:55:8.698,28.547,24.201,17.298,3.002,250.0,250.0,76.907,23.365,8.919,72.636,50.396,31.242,19.154,30.864,7.051,0.716,6.335,6.335,0.000,0.000,1.125,0.000,10.0,
6.11.2025,18:55:9.686,32.625,25.639,18.727,2.974,250.0,250.0,77.545,22.970,8.904,71.173,49.461,30.668,18.793,30.303,7.032,0.714,6.318,6.335,0.000,0.000,1.125,0.000,10.0,
6.11.2025,18:55:10.693,17.672,28.184,21.114,3.155,250.0,250.0,77.973,23.066,8.887,71.539,49.674,30.803,18.871,30.425,7.054,0.719,6.335,6.352,0.000,0.000,0.000,0.000,10.0,
6.11.2025,18:55:11.686,17.672,27.757,20.684,3.092,250.0,250.0,79.662,44.877,8.945,91.887,62.247,38.599,23.648,38.124,89.356,29.504,59.852,6.607,0.000,0.000,0.000,0.000,10.0,
6.11.2025,18:55:12.695,13.594,26.074,19.178,2.991,250.0,250.0,79.222,22.439,8.890,69.144,48.212,29.892,18.320,29.527,7.040,0.713,6.327,6.327,0.000,0.000,0.000,0.000,10.0,
6.11.2025,18:55:13.695,16.313,25.357,18.396,3.027,250.0,250.0,70.922,22.111,8.912,67.847,47.417,29.403,18.014,29.050,7.060,0.717,6.343,6.343,0.000,0.000,0.000,0.000,10.0,
6.11.2025,18:55:14.694,17.672,25.915,19.027,2.985,250.0,250.0,73.584,43.532,8.865,69.116,48.168,29.863,18.305,29.510,112.555,31.992,80.563,6.378,0.000,0.000,0.000,0.000,10.0,
6.11.2025,18:55:15.686,17.672,26.548,19.693,2.941,250.0,250.0,74.107,66.480,8.841,57.505,41.014,25.425,15.589,25.121,32.218,10.000,22.218,426.866,0.000,0.000,0.000,0.000,10.0,
6.11.2025,18:55:16.695,19.032,27.696,20.813,2.952,250.0,250.0,74.865,21.177,8.863,64.337,45.257,28.069,17.188,27.727,7.012,0.710,6.302,6.302,0.000,0.000,0.000,1.125,10.0,
6.11.2025,18:55:17.684,13.594,27.131,20.268,2.959,250.0,250.0,70.833,22.483,8.903,69.278,48.299,29.949,18.350,29.596,7.062,0.727,6.335,6.335,0.000,0.000,0.000,0.000,10.0,
6.11.2025,18:55:18.695,23.110,25.251,18.410,2.952,250.0,250.0,74.087,15.061,8.874,40.499,30.589,18.964,11.625,18.732,7.379,0.814,6.565,6.565,0.000,0.000,0.000,0.000,10.0,
6.11.2025,18:55:19.695,24.469,27.038,20.056,3.077,250.0,250.0,63.891,24.321,9.002,76.219,52.652,32.649,20.003,32.247,7.052,0.717,6.335,6.335,0.000,0.000,0.000,1.625,10.0,
6.11.2025,18:55:20.695,38.063,29.707,22.616,3.145,250.0,250.0,76.272,24.336,8.999,76.276,52.682,32.669,20.013,32.267,7.057,0.722,6.335,6.335,0.000,0.001,0.000,0.000,10.0,
6.11.2025,18:55:21.695,19.032,29.284,22.176,3.155,250.0,250.0,83.160,23.666,8.973,73.778,51.103,31.682,19.421,31.304,7.039,0.712,6.327,6.327,0.000,0.000,0.000,0.000,10.0,
6.11.2025,18:55:22.694,24.469,26.746,19.748,3.054,250.0,250.0,79.729,16.192,8.904,44.799,33.265,20.621,12.644,20.376,7.352,0.745,6.607,6.607,0.000,0.000,0.000,0.000,10.0,
6.11.2025,18:55:23.694,17.672,28.323,21.305,3.089,250.0,250.0,80.298,36.619,8.888,75.677,52.218,32.378,19.840,31.988,69.369,12.216,57.153,6.463,0.000,0.000,0.000,0.000,10.0,
6.11.2025,18:55:24.697,13.594,28.342,21.349,3.069,250.0,250.0,79.904,24.021,8.916,75.148,51.917,32.200,19.717,31.811,7.067,0.715,6.352,6.369,0.000,0.000,1.125,0.000,10.0,
6.11.2025,18:55:25.693,20.391,26.871,19.944,3.030,250.0,250.0,83.685,45.738,8.912,73.555,50.923,31.579,19.344,31.189,117.587,33.557,84.030,6.700,0.000,0.000,0.000,0.000,10.0,
6.11.2025,18:55:26.697,24.469,28.008,21.067,3.039,250.0,250.0,80.012,30.464,8.926,75.263,51.995,32.244,19.751,31.854,39.074,5.133,33.941,6.463,0.000,0.000,0.000,0.000,10.0,
6.11.2025,18:55:27.694,21.750,27.748,20.783,3.020,250.0,250.0,79.630,23.846,8.924,74.493,51.504,31.942,19.562,31.553,7.066,0.723,6.343,6.352,0.000,0.000,0.000,0.000,10.0,
6.11.2025,18:55:28.687,19.032,28.032,21.079,3.022,250.0,250.0,83.219,23.959,8.951,74.833,51.743,32.088,19.655,31.698,7.119,0.776,6.343,6.386,0.000,0.000,0.000,0.000,10.0,
6.11.2025,18:55:29.689,14.953,27.155,20.256,3.015,250.0,250.0,81.383,43.776,8.912,72.565,50.299,31.187,19.112,30.822,109.053,32.051,77.002,6.760,0.000,0.000,0.000,0.000,10.0,
6.11.2025,18:55:30.695,16.313,30.463,23.372,3.110,250.0,250.0,79.303,23.592,8.885,73.483,50.850,31.535,19.315,31.158,7.149,0.784,6.365,6.394,0.000,0.000,0.000,1.375,10.0,
6.11.2025,18:55:31.694,20.391,28.001,21.009,3.045,250.0,250.0,83.272,70.538,8.888,66.715,46.718,28.969,17.749,28.616,24.455,6.368,18.087,458.818,0.000,0.000,0.000,0.000,10.0,
6.11.2025,18:55:32.695,16.313,29.416,22.442,3.053,250.0,250.0,79.854,23.819,8.890,74.354,51.418,31.884,19.534,31.494,7.125,0.773,6.352,6.369,0.000,0.000,0.000,0.000,10.0,
6.11.2025,18:55:33.700,19.032,28.009,21.016,3.098,250.0,250.0,83.402,47.501,8.872,74.647,51.565,31.971,19.594,31.594,125.108,34.379,90.729,6.556,0.000,0.000,0.000,0.375,10.0,
6.11.2025,18:55:34.695,33.985,28.371,21.358,3.050,250.0,250.0,81.954,23.921,8.936,74.781,51.698,32.051,19.647,31.662,7.049,0.714,6.335,6.335,0.000,0.000,0.000,0.000,10.0,
6.11.2025,18:55:35.687,16.313,28.231,21.297,3.047,250.0,250.0,80.838,23.869,8.961,74.060,51.279,31.795,19.484,31.405,7.631,0.990,6.641,6.446,0.000,0.000,0.000,0.000,10.0,
6.11.2025,18:55:36.688,20.391,25.994,19.027,3.037,250.0,250.0,82.122,24.221,8.959,75.896,52.418,32.498,19.920,32.109,7.039,0.712,6.327,6.327,0.000,0.000,0.000,0.375,10.0,
6.11.2025,18:55:37.685,29.907,27.514,20.478,3.068,250.0,250.0,80.084,23.587,8.877,73.411,50.801,31.506,19.295,31.128,7.211,0.778,6.433,6.429,0.000,0.000,1.250,0.000,10.0,
6.11.2025,18:55:38.695,17.672,28.263,21.295,3.041,250.0,250.0,83.019,21.316,8.838,64.870,45.559,28.245,17.314,27.904,7.049,0.714,6.335,6.335,0.000,0.000,0.000,0.000,10.0,
6.11.2025,18:55:39.695,20.391,25.853,18.946,3.038,250.0,250.0,79.133,23.856,8.909,74.392,51.442,31.905,19.537,31.515,7.218,0.786,6.432,6.429,0.000,0.000,0.000,0.000,10.0,
6.11.2025,18:55:40.696,17.672,29.706,22.647,3.112,250.0,250.0,79.332,23.696,8.993,73.820,51.133,31.707,19.426,31.330,7.099,0.747,6.352,6.352,0.000,0.001,0.000,0.000,10.0,
6.11.2025,18:55:41.686,24.469,27.389,20.468,3.017,250.0,250.0,83.314,47.260,8.966,73.579,50.954,31.597,19.357,31.220,125.212,34.415,90.797,6.505,0.000,0.000,0.000,0.000,10.0,
6.11.2025,18:55:42.685,14.953,27.783,20.734,3.089,250.0,250.0,80.063,23.586,9.057,73.291,50.837,31.530,19.307,31.152,7.154,0.773,6.381,6.378,0.000,0.001,0.000,0.000,10.0,
6.11.2025,18:55:43.694,33.985,30.058,22.872,3.270,250.0,250.0,79.683,24.093,8.996,75.174,51.981,32.223,19.758,31.834,7.311,0.788,6.523,6.343,0.000,0.000,1.250,0.000,10.0,
6.11.2025,18:55:44.694,14.953,34.489,26.848,3.607,250.0,250.0,83.537,30.737,8.952,46.158,34.147,21.172,12.975,20.915,7.548,0.762,6.786,147.954,0.000,0.000,0.000,2.000,10.0,
6.11.2025,18:55:45.689,17.672,27.814,20.759,3.097,250.0,250.0,80.536,23.735,8.914,73.979,51.195,31.747,19.448,31.357,7.155,0.774,6.381,6.403,0.000,0.000,0.000,0.000,10.0,
6.11.2025,18:55:46.691,16.313,29.604,22.641,3.034,250.0,250.0,82.999,46.366,8.875,74.219,51.302,31.816,19.486,31.426,119.865,33.792,86.073,6.802,0.000,0.001,0.000,0.000,10.0,
6.11.2025,18:55:47.686,19.032,27.501,20.471,3.044,250.0,250.0,80.231,23.944,8.848,74.926,51.724,32.081,19.643,31.692,7.084,0.723,6.361,6.361,0.000,0.000,0.000,0.000,10.0,
6.11.2025,18:55:48.686,17.672,26.502,19.544,3.030,250.0,250.0,79.856,31.567,8.926,77.410,53.291,33.041,20.250,32.651,7.567,0.841,6.726,74.970,0.000,0.000,0.000,0.000,10.0,
6.11.2025,18:55:49.687,24.469,28.346,21.407,3.059,250.0,250.0,80.056,23.995,8.957,74.930,51.794,32.116,19.678,31.726,7.157,0.768,6.389,6.438,0.000,0.000,0.000,0.000,10.0,
6.11.2025,18:55:50.692,17.672,29.432,22.350,3.146,250.0,250.0,80.297,24.111,8.932,75.461,52.115,32.313,19.802,31.923,7.104,0.743,6.361,6.361,0.000,0.000,0.000,0.000,10.0,
6.11.2025,18:55:51.688,23.110,25.234,18.194,3.069,250.0,250.0,82.621,18.116,8.912,52.285,37.890,23.498,14.392,23.205,7.323,0.741,6.582,6.335,0.000,0.000,0.000,0.000,10.0,
6.11.2025,18:55:52.694,19.032,24.629,17.588,3.138,250.0,250.0,81.122,23.785,8.925,74.220,51.338,31.835,19.503,31.446,7.100,0.722,6.378,6.378,0.000,0.000,0.000,0.000,10.0,
6.11.2025,18:55:53.694,19.032,27.173,20.219,3.054,250.0,250.0,82.602,27.230,8.923,78.777,54.117,33.560,20.557,33.147,7.049,0.714,6.335,29.121,0.000,0.000,0.000,0.000,10.0,
6.11.2025,18:55:54.694,23.110,28.217,21.225,3.059,250.0,250.0,79.965,23.796,8.889,74.320,51.387,31.867,19.520,31.477,7.072,0.720,6.352,6.352,0.000,0.000,0.000,0.000,10.0,
6.11.2025,18:55:55.694,23.110,29.375,22.373,3.034,250.0,250.0,83.547,23.889,8.937,74.584,51.562,31.977,19.585,31.588,7.125,0.722,6.403,6.403,0.000,0.000,0.000,0.000,10.0,
6.11.2025,18:55:56.694,20.391,28.383,21.401,3.048,250.0,250.0,83.778,51.589,8.946,70.727,49.213,30.519,18.694,30.153,10.678,1.744,8.934,286.285,0.000,0.000,0.000,1.000,10.0,
6.11.2025,18:55:57.695,25.829,26.880,19.930,3.033,250.0,250.0,80.046,24.064,9.009,75.194,51.986,32.231,19.755,31.841,7.117,0.731,6.386,6.386,0.000,0.000,0.000,0.000,10.0,
6.11.2025,18:55:58.689,23.110,27.998,21.028,3.038,250.0,250.0,80.158,23.865,8.926,74.571,51.552,31.966,19.586,31.576,7.065,0.722,6.343,6.343,0.000,0.000,0.000,1.000,10.0,
6.11.2025,18:55:59.695,19.032,27.547,20.603,3.015,250.0,250.0,81.311,31.970,8.966,74.593,51.607,31.997,19.610,31.608,47.434,6.177,41.257,6.454,0.000,0.000,0.000,0.000,10.0,
6.11.2025,18:56:0.686,17.672,30.913,23.879,3.113,250.0,250.0,79.376,23.922,8.876,74.833,51.695,32.049,19.646,31.660,7.059,0.716,6.343,6.343,0.000,0.000,1.125,1.125,10.0,
6.11.2025,18:56:1.687,16.313,28.310,21.283,3.066,250.0,250.0,83.707,39.929,8.924,72.842,50.480,31.308,19.172,30.931,89.470,29.712,59.758,6.692,0.000,0.000,0.000,0.000,10.0,
6.11.2025,18:56:2.695,17.672,27.571,20.534,3.108,250.0,250.0,80.180,24.012,8.885,75.113,51.876,32.165,19.711,31.788,7.089,0.720,6.369,6.403,0.000,0.000,0.000,0.000,10.0,
6.11.2025,18:56:3.687,28.547,28.410,21.464,3.015,250.0,250.0,83.177,15.854,8.832,43.617,32.496,20.145,12.351,19.901,7.434,0.751,6.683,6.327,0.001,0.000,0.000,0.000,10.0,
6.11.2025,18:56:4.686,16.313,28.095,21.179,3.016,250.0,250.0,79.099,47.488,8.956,74.545,51.566,31.972,19.594,31.583,125.022,34.500,90.522,6.616,0.000,0.000,0.000,0.375,10.0,
6.11.2025,18:56:5.695,14.953,26.470,19.518,3.013,250.0,250.0,79.211,23.887,8.958,74.594,51.588,31.982,19.606,31.593,7.081,0.729,6.352,6.386,0.000,0.000,0.000,0.000,10.0,
6.11.2025,18:56:6.694,17.672,27.468,20.481,3.061,250.0,250.0,79.407,24.079,9.032,75.249,52.042,32.272,19.770,31.883,7.081,0.720,6.361,6.378,0.000,0.000,0.000,0.000,10.0,
6.11.2025,18:56:7.695,27.188,27.709,20.724,3.031,250.0,250.0,83.059,27.174,8.934,57.471,41.038,25.454,15.584,25.149,7.293,0.754,6.539,83.528,0.000,0.000,0.000,0.000,10.0,
6.11.2025,18:56:8.689,27.188,27.709,20.724,3.031,250.0,250.0,79.945,24.210,8.876,75.884,52.355,32.460,19.895,32.071,7.081,0.729,6.352,6.394,0.000,0.000,0.000,0.500,10.0,
6.11.2025,18:56:9.687,33.985,27.861,20.868,3.061,250.0,250.0,82.733,13.443,8.837,34.659,26.981,16.736,10.245,16.528,7.054,0.719,6.335,6.335,0.000,0.000,0.000,0.000,10.0,
6.11.2025,18:56:10.686,25.829,26.091,19.188,2.989,250.0,250.0,80.431,24.160,8.912,75.167,51.909,32.192,19.717,31.802,7.560,0.774,6.786,6.786,0.000,0.000,0.000,0.000,10.0,
6.11.2025,18:56:11.686,16.313,31.976,24.815,3.186,250.0,250.0,83.567,23.661,8.910,73.809,51.083,31.677,19.406,31.288,7.050,0.715,6.335,6.335,0.000,0.000,0.000,0.000,10.0,
6.11.2025,18:56:12.684,17.672,28.113,21.070,3.090,250.0,250.0,79.833,23.594,8.937,73.404,50.842,31.533,19.309,31.155,7.183,0.786,6.397,6.394,0.000,0.000,0.000,0.000,10.0,
6.11.2025,18:56:13.695,36.704,29.264,22.190,3.118,250.0,250.0,82.801,23.855,8.939,74.511,51.537,31.955,19.582,31.566,7.058,0.715,6.343,6.343,0.000,0.000,0.000,0.000,10.0,
6.11.2025,18:56:14.696,12.235,27.719,20.746,3.061,250.0,250.0,79.208,31.752,8.863,75.655,52.182,32.366,19.816,31.976,45.111,5.905,39.206,6.446,0.000,0.000,0.000,0.000,10.0,
6.11.2025,18:56:15.694,36.704,27.681,20.623,3.086,250.0,250.0,79.603,23.767,8.886,74.209,51.313,31.815,19.498,31.425,7.083,0.722,6.361,6.361,0.000,0.001,0.000,0.000,10.0,
6.11.2025,18:56:16.686,20.391,27.003,20.039,3.060,250.0,250.0,82.857,45.546,8.845,72.689,50.334,31.220,19.114,30.843,117.810,33.553,84.257,6.794,0.000,0.000,0.000,0.000,10.0,
6.11.2025,18:56:17.694,14.953,27.485,20.561,3.037,250.0,250.0,79.161,23.434,8.864,72.891,50.479,31.295,19.184,30.918,7.164,0.783,6.381,6.386,0.000,0.000,2.500,0.000,10.0,
6.11.2025,18:56:18.686,14.953,27.827,20.817,3.040,250.0,250.0,82.787,23.751,8.863,74.105,51.220,31.761,19.459,31.372,7.191,0.728,6.463,6.343,0.000,0.000,0.000,0.000,10.0,
6.11.2025,18:56:19.695,25.829,28.700,21.704,3.048,250.0,250.0,79.183,46.904,8.923,72.932,50.538,31.343,19.195,30.965,124.261,34.316,89.945,6.624,0.000,0.000,0.000,0.000,10.0,
6.11.2025,18:56:20.694,19.032,27.261,20.288,3.031,250.0,250.0,78.986,22.270,8.874,68.441,47.760,29.615,18.145,29.250,7.117,0.731,6.386,6.378,0.000,0.000,0.000,1.500,10.0,
6.11.2025,18:56:21.694,17.672,29.504,22.526,3.076,250.0,250.0,77.438,22.205,8.836,68.272,47.628,29.536,18.092,29.171,7.083,0.722,6.361,6.352,0.000,0.000,0.000,0.000,10.0,
6.11.2025,18:56:22.693,19.032,27.239,20.342,3.007,250.0,250.0,76.802,22.429,8.851,69.128,48.168,29.863,18.305,29.510,7.063,0.720,6.343,6.343,0.000,0.000,0.000,0.000,10.0,
6.11.2025,18:56:23.694,19.032,27.935,20.943,3.038,250.0,250.0,76.948,22.065,8.826,67.767,47.311,29.337,17.974,28.984,7.057,0.714,6.343,6.335,0.000,0.000,0.000,0.000,10.0,
6.11.2025,18:56:24.686,17.672,27.184,20.305,2.959,250.0,250.0,77.011,22.270,8.862,68.518,47.802,29.643,18.159,29.278,7.049,0.714,6.335,6.335,0.000,0.000,0.000,0.000,10.0,
6.11.2025,18:56:25.695,21.750,28.688,21.830,2.967,250.0,250.0,77.354,22.270,8.888,75.503,52.086,32.291,19.795,31.902,7.039,0.712,6.327,61.655,0.000,0.000,0.000,0.000,10.0,
6.11.2025,18:56:26.684,19.032,26.574,19.703,2.984,250.0,250.0,77.354,29.620,8.888,75.503,52.086,32.291,19.795,31.902,7.039,0.712,6.327,61.655,0.000,0.000,0.000,0.000,10.0,
6.11.2025,18:56:27.694,19.032,27.450,20.582,2.961,250.0,250.0,78.794,35.661,8.994,67.527,47.260,29.311,17.949,28.958,7.096,0.718,6.378,6.378,0.000,0.000,0.000,0.000,10.0,
6.11.2025,18:56:28.695,19.032,28.614,21.676,2.976,250.0,250.0,78.794,22.057,8.994,67.527,47.260,29.311,17.949,28.958,7.096,0.718,6.378,6.378,0.000,0.000,0.000,0.000,10.0,
6.11.2025,18:56:29.694,20.391,25.800,18.933,2.963,250.0,250.0,76.882,22.336,8.934,68.684,47.942,29.725,18.217,29.372,7.069,0.726,6.343,6.343,0.000,0.000,0.000,0.000,10.0,
6.11.2025,18:56:30.696,23.110,24.558,17.709,2.976,250.0,250.0,73.252,22.237,8.935,68.281,47.698,29.578,18.120,29.213,7.089,0.720,6.369,6.369,0.000,0.000,0.000,0.000,10.0,
6.11.2025,18:56:31.695,24.469,26.779,19.874,2.973,250.0,250.0,73.623,29.301,8.848,64.948,45.588,28.261,17.327,27.920,41.508,14.981,26.527,17.100,0.000,0.000,0.000,0.000,10.0,
6.11.2025,18:56:32.694,19.032,27.812,20.967,2.943,250.0,250.0,70.783,22.302,8.849,68.691,47.888,29.697,18.191,29.344,7.023,0.713,6.310,6.310,0.000,0.000,0.000,0.000,10.0,
6.11.2025,18:56:33.691,23.110,25.858,18.934,2.972,250.0,250.0,73.640,22.021,8.888,67.537,47.200,29.275,17.925,28.922,7.058,0.715,6.343,6.343,0.000,0.000,0.000,0.000,10.0,
6.11.2025,18:56:34.692,20.391,26.499,19.681,2.939,250.0,250.0,73.476,40.029,8.862,67.701,47.290,29.319,17.971,28.966,96.904,26.544,70.360,6.378,0.000,0.000,0.000,0.000,10.0,
6.11.2025,18:56:35.687,20.391,25.288,18.505,2.900,250.0,250.0,70.994,20.755,8.841,62.719,44.231,27.423,16.808,27.094,7.049,0.714,6.335,6.335,0.000,0.000,0.000,0.000,10.0,
6.11.2025,18:56:36.695,24.469,26.689,19.672,3.097,250.0,250.0,60.122,23.879,8.824,71.966,49.893,30.933,18.960,30.556,10.699,1.406,9.293,6.259,0.000,0.000,1.125,0.000,10.0,
6.11.2025,18:56:37.697,16.313,28.515,21.529,3.029,250.0,250.0,78.624,23.644,8.901,73.765,51.042,31.650,19.392,31.260,7.049,0.714,6.335,6.335,0.000,0.000,0.250,0.000,10.0,
6.11.2025,18:56:38.695,20.391,26.483,19.605,3.002,250.0,250.0,83.185,45.719,8.975,73.713,51.052,31.656,19.396,31.279,117.281,33.174,84.107,6.556,0.000,0.000,0.000,0.000,10.0,
6.11.2025,18:56:39.689,17.672,27.532,20.553,3.028,250.0,250.0,79.440,24.048,8.931,75.169,51.942,32.200,19.742,31.810,7.155,0.788,6.367,6.378,0.000,0.000,0.000,0.000,10.0,
6.11.2025,18:56:40.685,24.469,31.176,24.184,3.088,250.0,250.0,82.569,19.725,8.852,56.223,40.237,24.944,15.293,24.640,7.257,0.774,6.483,12.550,0.000,0.000,0.000,0.000,10.0,
6.11.2025,18:56:41.694,23.110,29.309,22.347,3.012,250.0,250.0,79.230,24.139,8.851,75.596,52.148,32.343,19.805,31.954,7.150,0.786,6.364,6.394,0.000,0.000,0.000,0.000,10.0,
6.11.2025,18:56:42.692,20.391,28.071,21.126,3.039,250.0,250.0,82.334,40.988,8.888,52.766,38.132,23.650,14.482,23.357,7.434,0.789,6.645,233.738,0.000,0.000,0.000,0.000,10.0,
6.11.2025,18:56:43.696,19.032,28.337,21.343,3.047,250.0,250.0,78.566,23.647,8.907,73.547,50.915,31.566,19.349,31.189,7.282,0.827,6.455,6.429,0.000,0.000,0.000,0.000,10.0,
6.11.2025,18:56:44.694,17.672,26.408,19.473,3.026,250.0,250.0,78.438,24.733,8.871,77.924,53.593,33.239,20.354,32.837,7.080,0.744,6.336,6.352,0.000,0.000,0.000,0.000,10.0,
6.11.2025,18:56:45.695,21.750,30.173,22.908,3.286,250.0,250.0,81.193,44.524,8.837,74.895,51.694,32.058,19.636,31.668,109.883,32.370,77.513,6.683,0.000,0.000,0.000,0.000,10.0,
6.11.2025,18:56:46.695,19.032,33.348,25.823,3.494,250.0,250.0,78.921,25.905,8.825,76.205,52.505,32.562,19.943,32.160,15.205,2.052,13.153,6.438,0.000,0.000,0.000,0.000,10.0,
6.11.2025,18:56:47.692,17.672,27.462,20.537,2.980,250.0,250.0,78.842,23.872,8.814,74.648,51.541,31.959,19.582,31.569,7.125,0.779,6.346,6.361,0.000,0.000,0.000,0.000,10.0,
6.11.2025,18:56:48.684,27.188,26.319,19.397,3.003,250.0,250.0,81.702,32.265,8.801,58.011,41.299,25.608,15.691,25.291,15.920,3.647,12.273,116.112,0.000,0.000,0.000,0.000,10.0,
6.11.2025,18:56:49.688,16.313,27.251,20.375,2.983,250.0,250.0,78.546,23.679,8.883,73.828,51.068,31.661,19.407,31.284,7.128,0.725,6.403,6.403,0.000,0.000,0.000,0.000,10.0,
6.11.2025,18:56:50.687,21.750,27.461,20.429,3.085,250.0,250.0,82.776,25.111,8.837,57.844,41.217,25.561,15.656,25.244,7.503,0.981,6.522,61.743,0.000,0.000,0.000,0.000,10.0,
6.11.2025,18:56:51.694,21.750,27.388,20.459,2.990,250.0,250.0,78.978,23.651,8.922,73.562,50.921,31.575,19.346,31.186,7.286,0.811,6.475,6.429,0.000,0.000,0.000,0.000,10.0,
6.11.2025,18:56:52.694,19.032,27.377,20.444,3.027,250.0,250.0,78.774,38.222,9.058,91.357,61.979,38.436,23.543,37.974,56.757,12.413,44.344,6.361,0.000,0.000,0.000,0.000,10.0,
6.11.2025,18:56:53.689,21.750,27.880,20.936,3.033,250.0,250.0,80.588,23.910,8.890,74.724,51.652,32.031,19.621,31.641,7.091,0.730,6.361,6.361,0.000,0.000,0.000,0.000,10.0,
6.11.2025,18:56:54.686,17.672,26.620,19.725,2.978,250.0,250.0,79.331,23.567,8.813,73.532,50.847,31.533,19.314,31.144,7.067,0.715,6.352,6.352,0.000,0.000,0.000,0.000,10.0,
6.11.2025,18:56:55.698,20.391,27.697,20.760,2.974,250.0,250.0,81.756,42.868,8.797,68.187,47.544,29.481,18.063,29.128,110.409,32.130,78.279,6.658,0.000,0.000,0.375,0.000,10.0,
6.11.2025,18:56:56.695,17.672,28.449,21.524,2.991,250.0,250.0,78.866,36.463,8.803,72.830,50.395,31.252,19.143,30.874,72.463,13.046,59.417,6.412,0.000,0.000,0.000,0.000,10.0,
6.11.2025,18:56:57.692,17.672,28.249,21.354,2.969,250.0,250.0,78.533,23.770,8.796,74.339,51.326,31.829,19.497,31.440,7.059,0.716,6.343,6.352,0.000,0.000,0.000,0.000,10.0,
6.11.2025,18:56:58.690,16.313,27.960,21.086,2.970,250.0,250.0,82.724,45.484,8.836,72.828,50.424,31.260,19.164,30.883,117.347,33.441,83.906,6.751,0.000,0.000,0.000,0.000,10.0,
6.11.2025,18:56:59.685,23.110,27.843,20.962,2.952,250.0,250.0,78.744,33.602,8.838,74.451,51.424,31.889,19.535,31.512,55.942,7.914,48.028,6.489,0.000,0.000,0.000,0.000,10.0,
6.11.2025,18:57:0.688,20.391,27.423,20.436,3.037,250.0,250.0,78.326,23.689,8.836,73.855,51.063,31.665,19.398,31.276,7.181,0.775,6.406,6.438,0.000,0.001,0.000,0.000,10.0,
6.11.2025,18:57:1.687,19.032,25.981,19.029,2.991,250.0,250.0,82.651,23.166,8.802,71.886,49.853,30.913,18.940,30.547,7.192,0.729,6.463,6.335,0.000,0.000,0.000,0.000,10.0,
6.11.2025,18:57:2.695,31.266,28.430,21.486,3.020,250.0,250.0,79.498,23.442,8.776,73.059,50.517,31.330,19.187,30.952,7.107,0.721,6.386,6.386,0.000,0.000,0.000,0.000,10.0,
6.11.2025,18:57:3.694,20.391,27.196,20.233,3.059,250.0,250.0,80.987,23.494,8.802,73.281,50.677,31.423,19.254,31.046,7.058,0.715,6.343,6.343,0.000,0.000,0.000,0.000,10.0,
6.11.2025,18:57:4.694,16.313,25.975,18.976,3.038,250.0,250.0,81.186,27.547,8.829,75.211,51.914,32.186,19.728,31.797,24.672,3.274,21.398,6.463,0.000,0.000,0.000,0.000,10.0,
6.11.2025,18:57:5.695,16.313,26.806,19.915,2.972,250.0,250.0,82.137,23.784,8.887,74.247,51.338,31.835,19.503,31.445,7.115,0.763,6.352,6.352,0.000,0.001,2.250,0.000,20.0,
6.11.2025,18:57:6.696,16.313,27.431,20.494,3.007,250.0,250.0,79.796,45.673,8.838,73.448,50.801,31.498,19.303,31.120,117.569,33.540,84.029,6.582,0.000,0.000,0.000,0.000,20.0,
6.11.2025,18:57:7.697,19.032,26.120,19.193,2.983,250.0,250.0,79.170,23.657,8.850,73.739,51.006,31.626,19.380,31.236,7.174,0.785,6.389,6.386,0.000,0.000,0.000,2.125,20.0,
6.11.2025,18:57:8.694,28.547,25.781,18.866,2.996,250.0,250.0,83.620,21.218,8.845,64.467,45.313,28.100,17.213,27.758,7.066,0.714,6.352,6.352,0.000,0.000,1.000,0.000,20.0,
6.11.2025,18:57:9.695,19.032,26.273,19.384,2.956,250.0,250.0,79.155,34.109,8.826,71.041,49.320,30.583,18.737,30.218,62.868,23.018,39.850,6.630,0.000,0.000,0.000,0.000,20.0,
6.11.2025,18:57:10.696,25.829,28.254,21.234,3.073,250.0,250.0,79.671,47.700,8.816,75.308,51.954,32.217,19.737,31.828,125.331,34.533,90.798,6.480,0.000,0.000,0.000,2.250,20.0,
6.11.2025,18:57:11.695,23.110,27.901,21.001,3.004,250.0,250.0,81.818,24.256,8.856,76.116,52.487,32.547,19.940,32.158,7.057,0.714,6.343,6.343,0.000,0.000,0.000,0.000,20.0,
6.11.2025,18:57:12.691,25.829,27.572,20.658,3.007,250.0,250.0,81.156,37.515,8.847,71.142,49.394,30.625,18.769,30.260,79.770,28.004,51.766,6.573,0.000,0.000,0.000,0.000,20.0,
6.11.2025,18:57:13.689,27.188,28.290,21.320,3.029,250.0,250.0,80.172,23.637,8.889,73.596,50.928,31.582,19.346,31.205,7.211,0.804,6.407,6.403,0.000,0.000,0.000,0.000,20.0,
6.11.2025,18:57:14.694,21.750,27.743,20.752,3.005,250.0,250.0,79.620,23.482,8.922,73.107,50.650,31.413,19.237,31.035,7.058,0.715,6.343,6.343,0.000,0.000,0.000,0.000,20.0,
6.11.2025,18:57:15.686,25.829,28.093,21.204,2.978,250.0,250.0,83.022,46.076,8.864,74.937,51.767,32.100,19.667,31.710,117.548,33.611,83.937,6.616,0.000,0.000,0.000,0.000,20.0,
6.11.2025,18:57:16.694,25.829,26.939,20.034,3.003,250.0,250.0,79.429,23.736,8.802,74.076,51.147,31.718,19.429,31.341,7.213,0.823,6.390,6.420,0.000,0.000,0.000,0.000,20.0,
6.11.2025,18:57:17.694,31.266,28.495,21.550,2.997,250.0,250.0,82.329,40.479,8.825,55.404,39.710,24.625,15.085,24.321,7.247,0.733,6.514,222.323,0.000,0.000,0.000,0.000,20.0,
6.11.2025,18:57:18.694,23.110,26.394,19.488,3.008,250.0,250.0,80.412,24.931,8.811,72.533,50.222,31.133,19.089,30.756,15.144,1.976,13.168,6.480,0.000,0.000,0.000,2.125,20.0,
6.11.2025,18:57:19.709,33.985,26.417,19.517,2.967,250.0,250.0,78.837,23.679,8.862,73.784,51.030,31.643,19.387,31.254,7.198,0.782,6.416,6.429,0.000,0.000,0.000,0.500,20.0,
6.11.2025,18:57:20.707,20.391,30.078,23.078,3.067,250.0,250.0,79.559,45.139,8.878,68.988,48.119,29.841,18.278,29.476,7.511,0.760,6.751,232.783,0.000,0.000,0.000,0.000,20.0,
6.11.2025,18:57:21.706,21.750,27.878,20.876,3.028,250.0,250.0,79.399,37.362,8.924,72.568,50.309,31.198,19.111,30.821,77.130,14.894,62.236,6.429,0.000,0.000,0.375,0.375,20.0,
6.11.2025,18:57:22.704,24.469,28.015,21.019,3.086,250.0,250.0,78.920,23.556,8.913,73.380,50.819,31.517,19.302,31.140,7.067,0.715,6.352,6.352,0.000,0.000,0.000,0.000,20.0,
6.11.2025,18:57:23.718,24.469,29.310,22.352,3.006,250.0,250.0,83.516,25.306,8.937,73.897,51.156,31.721,19.435,31.332,15.065,1.946,13.119,6.446,0.000,0.000,0.000,0.000,20.0,
6.11.2025,18:57:24.710,23.110,26.274,19.317,3.009,250.0,250.0,79.525,23.711,8.863,74.040,51.183,31.732,19.451,31.355,7.068,0.716,6.352,6.352,0.000,0.000,0.000,0.000,20.0,
6.11.2025,18:57:25.711,33.985,28.688,21.811,2.974,250.0,250.0,78.876,67.272,8.928,150.821,98.562,61.120,37.442,60.379,124.591,34.208,90.383,6.285,0.000,0.000,0.000,0.000,20.0,
6.11.2025,18:57:26.707,17.672,27.709,20.697,3.036,250.0,250.0,80.697,24.344,8.801,76.198,52.494,32.553,19.941,32.164,7.338,0.726,6.612,6.612,0.000,0.000,0.000,0.000,20.0,
6.11.2025,18:57:27.712,20.391,25.214,18.307,3.012,250.0,250.0,80.961,23.857,8.859,74.593,51.531,31.960,19.571,31.571,7.068,0.716,6.352,6.352,0.000,0.000,0.000,0.750,20.0,
6.11.2025,18:57:28.715,27.188,28.613,21.673,3.022,250.0,250.0,83.898,24.389,8.948,76.474,52.755,32.715,20.040,32.313,7.127,0.733,6.394,6.394,0.001,0.000,0.000,2.125,20.0,
6.11.2025,18:57:29.710,25.829,29.393,22.425,3.004,250.0,250.0,81.841,24.105,8.886,75.528,52.124,32.319,19.805,31.930,7.059,0.716,6.343,6.343,0.000,0.000,0.000,0.000,20.0,
6.11.2025,18:57:30.707,17.672,29.386,22.390,3.079,250.0,250.0,82.908,23.932,8.848,53.861,38.791,24.052,14.739,23.760,7.550,0.764,6.786,60.163,0.000,0.000,2.500,0.000,20.0,
6.11.2025,18:57:31.706,27.188,28.712,21.733,3.032,250.0,250.0,80.915,23.865,8.835,74.584,51.505,31.935,19.570,31.558,7.125,0.731,6.394,6.412,0.000,0.000,0.500,0.000,20.0,
6.11.2025,18:57:32.708,17.672,27.551,20.506,3.091,250.0,250.0,82.031,23.977,8.800,75.017,51.753,32.096,19.657,31.706,7.193,0.730,6.463,6.352,0.000,0.000,0.000,0.000,20.0,
6.11.2025,18:57:33.706,17.672,25.487,18.636,2.967,250.0,250.0,81.929,47.368,8.827,74.018,51.164,31.731,19.433,31.341,125.265,34.488,90.777,6.633,0.000,0.000,0.000,0.000,20.0,
6.11.2025,18:57:34.706,21.750,26.406,19.529,2.998,250.0,250.0,80.384,23.509,8.876,73.086,50.614,31.377,19.237,30.999,7.254,0.798,6.456,6.394,0.000,0.000,1.125,0.000,20.0,
6.11.2025,18:57:35.707,19.032,26.396,19.430,3.015,250.0,250.0,82.350,50.102,8.902,48.563,35.564,22.054,13.510,21.785,7.576,0.765,6.811,335.494,0.000,0.000,0.000,0.000,20.0,
6.11.2025,18:57:36.703,20.391,27.524,20.520,3.047,250.0,250.0,81.857,24.188,8.973,75.648,52.266,32.405,19.861,32.015,7.154,0.734,6.420,6.403,0.000,0.000,0.000,0.000,20.0,
6.11.2025,18:57:37.705,21.750,25.969,19.041,3.018,250.0,250.0,83.957,22.301,8.910,68.585,47.864,29.680,18.184,29.327,7.051,0.716,6.335,6.361,0.000,0.000,0.000,0.000,20.0,
6.11.2025,18:57:38.710,16.313,25.171,18.298,2.961,250.0,250.0,75.507,22.417,8.881,69.040,48.126,29.840,18.286,29.486,7.073,0.721,6.352,6.361,0.000,0.000,0.000,0.000,20.0,
6.11.2025,18:57:39.714,17.672,26.189,19.307,2.969,250.0,250.0,77.904,22.613,8.827,69.806,48.581,30.126,18.455,29.760,7.098,0.729,6.369,6.378,0.000,0.000,0.000,0.000,20.0,
6.11.2025,18:57:40.710,23.110,27.116,20.171,3.019,250.0,250.0,77.255,22.170,8.801,68.133,47.522,29.473,18.049,29.119,7.106,0.728,6.378,6.386,0.000,0.000,0.000,0.500,20.0,
6.11.2025,18:57:41.711,28.547,27.137,20.230,2.992,250.0,250.0,76.907,22.361,8.832,68.843,47.974,29.751,18.223,29.386,7.116,0.730,6.386,6.369,0.000,0.000,0.000,0.000,20.0,
6.11.2025,18:57:42.702,17.672,26.530,19.563,3.044,250.0,250.0,77.569,22.441,8.879,69.144,48.185,29.880,18.305,29.515,7.075,0.723,6.352,6.352,0.000,0.000,0.000,0.000,20.0,
6.11.2025,18:57:43.705,17.672,25.197,18.287,2.956,250.0,250.0,77.635,22.477,8.817,69.334,48.273,29.930,18.343,29.565,7.076,0.724,6.352,6.352,0.000,0.000,0.000,0.000,20.0,
6.11.2025,18:57:44.710,16.313,26.654,19.801,2.963,250.0,250.0,77.580,22.177,8.921,68.117,47.574,29.504,18.070,29.150,7.049,0.714,6.335,6.335,0.000,0.000,0.000,0.000,20.0,
6.11.2025,18:57:45.715,19.032,26.659,19.833,2.950,250.0,250.0,78.451,34.222,8.867,68.353,47.693,29.568,18.125,29.215,66.877,24.106,42.771,6.650,0.000,0.000,0.000,0.000,20.0,
6.11.2025,18:57:46.706,36.704,32.280,24.890,3.391,250.0,250.0,76.669,13.598,8.817,34.922,27.132,16.829,10.303,16.621,7.369,0.745,6.624,6.624,0.000,0.000,0.000,0.000,20.0,
6.11.2025,18:57:47.702,17.672,27.487,20.304,3.239,250.0,250.0,73.073,22.396,8.845,69.006,48.098,29.821,18.277,29.456,7.059,0.724,6.335,6.335,0.000,0.000,0.000,0.000,20.0,
6.11.2025,18:57:48.700,17.672,24.644,17.800,2.913,250.0,250.0,73.528,22.491,8.815,69.399,48.308,29.953,18.355,29.600,7.069,0.726,6.343,6.343,0.000,0.000,0.000,0.000,20.0,
6.11.2025,18:57:49.717,32.625,24.952,18.171,2.897,250.0,250.0,73.642,30.827,8.833,69.115,48.135,29.850,18.285,29.497,49.075,6.905,42.170,6.403,0.000,0.001,0.000,0.000,20.0,
6.11.2025,18:57:50.716,21.750,28.741,21.832,2.995,250.0,250.0,74.399,15.092,8.880,38.131,29.114,18.047,11.067,17.827,7.369,0.745,6.624,13.116,0.000,0.000,0.000,0.000,20.0,
6.11.2025,18:57:51.726,13.594,28.373,21.487,2.963,250.0,250.0,71.752,22.527,8.854,69.509,48.400,30.019,18.381,29.653,7.058,0.723,6.335,6.335,0.000,0.000,0.000,0.000,20.0,
6.11.2025,18:57:52.716,13.594,28.373,21.487,2.963,250.0,250.0,71.736,18.004,8.894,51.719,37.537,23.279,14.258,22.999,7.482,1.044,6.438,6.386,0.000,0.000,0.000,0.000,20.0,
6.11.2025,18:57:53.727,27.188,26.744,19.821,3.036,250.0,250.0,64.918,22.421,8.859,69.083,48.175,29.875,18.300,29.509,7.040,0.713,6.327,6.327,0.000,0.000,0.000,0.000,20.0,
6.11.2025,18:57:54.726,42.141,26.299,19.295,3.084,250.0,250.0,80.076,47.152,8.858,73.325,50.748,31.466,19.282,31.089,125.014,34.303,90.711,6.726,0.000,0.000,0.000,0.000,20.0,
6.11.2025,18:57:55.726,23.110,27.196,20.316,2.987,250.0,250.0,80.296,24.122,8.871,75.509,52.109,32.317,19.792,31.927,7.138,0.773,6.365,6.420,0.000,0.000,0.000,0.000,20.0,
6.11.2025,18:57:56.725,20.391,27.753,20.800,3.022,250.0,250.0,83.681,28.708,8.959,92.748,62.780,38.926,23.854,38.452,7.491,0.757,6.734,6.378,0.000,0.000,0.000,0.000,20.0,
6.11.2025,18:57:57.723,27.188,28.449,21.501,3.007,250.0,250.0,77.673,23.705,8.896,73.973,51.169,31.731,19.438,31.342,7.071,0.719,6.352,6.361,0.000,0.000,0.000,0.000,20.0,
6.11.2025,18:57:58.726,14.953,27.078,20.163,3.003,250.0,250.0,83.893,24.147,8.886,75.402,52.059,32.283,19.776,31.893,7.416,0.749,6.667,6.335,0.000,0.000,0.000,0.000,20.0,
6.11.2025,18:57:59.724,20.391,26.389,19.486,2.998,250.0,250.0,80.425,23.907,8.978,74.546,51.582,31.982,19.600,31.604,7.181,0.775,6.406,6.420,0.000,0.000,0.000,0.000,20.0,
6.11.2025,18:58:0.725,46.219,29.142,22.196,3.030,250.0,250.0,80.552,24.010,8.942,75.102,51.902,32.183,19.719,31.794,7.057,0.714,6.343,6.343,0.000,0.000,0.000,0.000,20.0,
6.11.2025,18:58:1.722,20.391,27.555,20.520,3.090,250.0,250.0,83.801,24.134,8.857,75.503,52.106,32.303,19.803,31.914,7.209,0.803,6.406,6.438,0.000,0.001,0.000,0.000,20.0,
6.11.2025,18:58:2.720,25.829,25.804,18.805,3.062,250.0,250.0,80.766,23.939,8.820,74.867,51.673,32.035,19.638,31.646,7.149,0.785,6.364,6.412,0.000,0.000,0.000,0.000,20.0,
6.11.2025,18:58:3.726,20.391,27.082,20.072,3.061,250.0,250.0,81.286,23.932,8.847,74.899,51.708,32.066,19.642,31.677,7.066,0.714,6.352,6.352,0.000,0.000,0.000,0.000,20.0,
6.11.2025,18:58:4.726,24.469,26.387,19.429,3.018,250.0,250.0,83.907,24.104,8.910,75.366,52.042,32.272,19.770,31.882,7.193,0.778,6.415,6.412,0.000,0.000,0.000,0.000,20.0,
6.11.2025,18:58:5.722,14.953,27.997,21.076,3.028,250.0,250.0,79.890,24.104,8.851,45.029,33.372,20.697,12.675,20.441,7.446,0.754,6.692,6.692,0.000,0.000,0.000,0.000,20.0,
6.11.2025,18:58:6.720,19.032,26.507,19.520,3.041,250.0,250.0,79.890,16.265,8.851,45.029,33.372,20.697,12.675,20.441,7.446,0.754,6.692,6.692,0.000,0.000,0.000,0.000,20.0,
6.11.2025,18:58:7.715,17.672,25.263,18.324,3.018,250.0,250.0,83.977,26.900,8.872,73.610,50.932,31.581,19.351,31.192,23.517,3.104,20.413,6.429,0.000,0.000,0.000,0.000,20.0,
6.11.2025,18:58:8.726,19.032,28.617,21.705,3.019,250.0,250.0,80.132,23.790,8.896,74.233,51.346,31.840,19.506,31.450,7.115,0.721,6.394,6.394,0.000,0.000,0.000,0.000,20.0,
6.11.2025,18:58:9.726,19.032,24.212,17.253,3.020,250.0,250.0,80.027,15.951,8.826,43.839,32.601,20.225,12.376,19.981,7.473,0.755,6.718,6.718,0.000,0.000,2.375,0.000,20.0,
6.11.2025,18:58:10.727,14.953,29.523,22.472,3.070,250.0,250.0,81.305,24.460,8.920,76.712,52.892,32.794,20.098,32.405,7.186,0.780,6.406,6.403,0.000,0.000,0.000,0.000,20.0,
6.11.2025,18:58:11.725,19.032,25.926,18.999,2.996,250.0,250.0,80.116,23.960,8.869,74.873,51.709,32.060,19.649,31.671,7.185,0.778,6.407,6.403,0.000,0.000,0.000,0.000,20.0,
6.11.2025,18:58:12.724,36.704,28.467,21.539,3.042,250.0,250.0,80.065,24.044,8.866,75.274,51.961,32.214,19.747,31.824,7.100,0.748,6.352,6.352,0.000,0.000,0.000,0.000,20.0,
6.11.2025,18:58:13.720,17.672,26.234,19.243,3.047,250.0,250.0,83.308,48.347,8.881,77.824,53.553,33.214,20.339,32.812,125.085,34.500,90.585,6.674,0.000,0.000,0.000,0.000,20.0,
6.11.2025,18:58:14.719,19.032,26.011,19.045,3.060,250.0,250.0,79.828,24.124,8.885,75.528,52.115,32.318,19.797,31.929,7.150,0.797,6.353,6.369,0.000,0.000,0.000,0.000,20.0,
6.11.2025,18:58:15.720,19.032,28.157,21.210,2.998,250.0,250.0,84.234,25.866,8.943,75.932,52.409,32.502,19.907,32.100,15.204,2.035,13.169,6.463,0.000,0.000,0.000,0.000,20.0,
6.11.2025,18:58:16.725,17.672,26.014,19.078,3.004,250.0,250.0,80.496,24.358,8.810,76.495,52.675,32.659,20.016,32.269,7.148,0.804,6.344,6.361,0.000,0.000,0.000,0.000,20.0,
6.11.2025,18:58:17.726,14.953,25.762,18.857,2.987,250.0,250.0,79.825,24.631,8.812,77.559,53.338,33.076,20.262,32.675,7.112,0.768,6.344,6.361,0.000,0.000,0.000,0.000,20.0,
6.11.2025,18:58:18.727,31.266,26.954,20.027,3.014,250.0,250.0,83.701,46.556,8.822,76.827,52.882,32.793,20.089,32.404,117.513,33.510,84.003,6.718,0.000,0.000,0.000,0.000,20.0,
6.11.2025,18:58:19.726,6.797,27.314,20.418,2.976,250.0,250.0,80.233,25.170,8.827,79.543,54.572,33.841,20.731,33.439,7.174,0.802,6.372,6.403,0.000,0.000,0.000,0.000,20.0,
6.11.2025,18:58:20.725,24.469,29.537,22.490,3.078,250.0,250.0,83.522,23.695,8.885,73.975,51.149,31.719,19.430,31.330,7.057,0.714,6.343,6.343,0.000,0.000,0.000,0.000,20.0,
6.11.2025,18:58:21.723,19.032,28.597,21.666,3.004,250.0,250.0,79.878,24.140,8.899,75.499,52.133,32.332,19.801,31.942,7.185,0.756,6.429,6.429,0.000,0.000,0.000,0.000,20.0,
6.11.2025,18:58:22.721,19.032,29.047,22.078,3.010,250.0,250.0,80.516,23.874,9.090,74.413,51.566,31.979,19.587,31.589,7.080,0.719,6.361,6.361,0.000,0.000,0.000,0.000,20.0,
6.11.2025,18:58:23.724,14.953,29.779,22.834,3.027,250.0,250.0,83.330,27.098,8.999,69.892,48.722,30.210,18.512,29.857,29.078,8.517,20.561,6.633,0.000,0.000,1.125,0.375,20.0,
6.11.2025,18:58:24.720,16.313,27.520,20.567,3.011,250.0,250.0,80.072,23.970,9.017,74.862,51.787,32.119,19.668,31.729,7.079,0.718,6.361,6.361,0.000,0.000,0.000,2.250,20.0,
6.11.2025,18:58:25.717,23.110,28.059,21.127,2.986,250.0,250.0,83.303,47.018,8.957,74.574,51.579,31.980,19.599,31.602,122.712,33.821,88.891,6.463,0.000,0.000,0.000,0.375,20.0,
6.11.2025,18:58:26.725,17.672,28.181,21.264,3.014,250.0,250.0,79.322,23.645,8.819,73.823,51.026,31.645,19.381,31.255,7.075,0.723,6.352,6.352,0.000,0.000,0.000,0.375,20.0,
6.11.2025,18:58:27.727,20.391,27.514,20.607,2.996,250.0,250.0,82.611,42.699,8.868,74.687,51.595,31.991,19.604,31.614,101.075,25.528,75.547,6.480,0.000,0.000,0.250,0.000,20.0,
6.11.2025,18:58:28.726,27.188,27.964,20.995,3.002,250.0,250.0,79.692,23.870,8.867,74.622,51.563,31.970,19.593,31.593,7.068,0.716,6.352,6.352,0.000,0.000,0.000,0.000,20.0,
6.11.2025,18:58:29.726,29.907,27.706,20.815,2.972,250.0,250.0,82.540,23.958,8.886,74.846,51.712,32.072,19.640,31.683,7.154,0.725,6.429,6.429,0.000,0.000,0.000,0.000,20.0,
6.11.2025,18:58:30.725,19.032,28.048,21.049,3.061,250.0,250.0,80.014,24.592,8.958,77.288,53.279,33.031,20.248,32.629,7.068,0.716,6.352,6.352,0.000,0.000,0.000,0.000,20.0,
6.11.2025,18:58:31.723,19.032,27.367,20.490,2.969,250.0,250.0,83.328,24.465,9.007,76.641,52.890,32.793,20.097,32.391,7.184,0.778,6.406,6.463,0.000,0.000,0.000,0.000,20.0,
6.11.2025,18:58:32.721,19.032,29.154,22.230,2.997,250.0,250.0,79.795,23.808,8.968,74.304,51.401,31.870,19.531,31.493,7.079,0.718,6.361,6.352,0.000,0.000,0.000,2.125,20.0,
6.11.2025,18:58:33.720,31.266,27.520,20.536,3.030,250.0,250.0,83.418,24.646,8.874,77.242,53.175,32.971,20.204,32.582,7.465,0.894,6.571,6.480,0.000,0.000,1.125,0.000,20.0,
6.11.2025,18:58:34.721,17.672,27.442,20.473,3.034,250.0,250.0,83.434,48.111,8.878,76.784,52.918,32.810,20.108,32.408,125.225,34.386,90.839,6.751,0.000,0.000,0.000,0.000,20.0,
6.11.2025,18:58:35.734,17.672,27.448,20.579,2.989,250.0,250.0,79.520,24.040,8.851,75.199,51.908,32.187,19.721,31.798,7.159,0.780,6.379,6.412,0.000,0.000,0.000,1.750,20.0,
6.11.2025,18:58:36.732,13.594,26.260,19.322,3.000,250.0,250.0,79.549,23.666,8.974,73.731,51.081,31.679,19.402,31.302,7.066,0.714,6.352,6.361,0.000,0.000,0.000,0.000,20.0,
6.11.2025,18:58:37.735,24.469,28.050,21.137,3.007,250.0,250.0,79.101,23.976,8.946,74.838,51.726,32.082,19.644,31.693,7.201,0.788,6.413,6.429,0.000,0.000,0.000,0.000,20.0,
6.11.2025,18:58:38.735,25.829,28.979,22.035,2.983,250.0,250.0,83.040,32.675,8.947,64.405,45.313,28.094,17.219,27.753,10.336,1.546,8.790,114.348,0.000,0.000,0.000,0.000,20.0,
6.11.2025,18:58:39.732,17.672,27.449,20.545,3.009,250.0,250.0,79.008,23.762,8.862,74.147,51.249,31.776,19.473,31.399,7.156,0.770,6.386,6.403,0.000,0.000,0.000,0.000,20.0,
6.11.2025,18:58:40.747,17.672,29.606,22.548,3.117,250.0,250.0,82.441,23.717,8.871,73.670,50.952,31.596,19.356,31.219,7.577,0.766,6.811,6.352,0.000,0.000,0.000,0.000,20.0,
6.11.2025,18:58:41.747,17.672,27.606,20.640,3.003,250.0,250.0,78.701,45.746,8.906,75.336,51.997,32.244,19.753,31.855,115.379,30.950,84.429,6.616,0.000,0.000,0.000,0.000,20.0,
6.11.2025,18:58:42.741,23.110,27.458,20.480,3.044,250.0,250.0,79.260,23.383,8.909,72.652,50.365,31.239,19.126,30.862,7.137,0.734,6.403,6.403,0.000,0.000,0.000,0.000,20.0,
6.11.2025,18:58:43.736,20.391,28.703,21.729,3.047,250.0,250.0,82.884,23.805,8.935,74.320,51.408,31.882,19.526,31.492,7.066,0.714,6.352,6.352,0.000,0.000,0.000,0.000,20.0,
6.11.2025,18:58:44.734,19.032,26.248,19.294,3.013,250.0,250.0,79.147,23.663,8.970,73.575,50.978,31.607,19.371,31.229,7.229,0.780,6.449,6.446,0.000,0.000,0.000,0.000,20.0,
6.11.2025,18:58:45.735,14.953,26.937,20.012,3.002,250.0,250.0,82.604,23.545,9.015,73.250,50.794,31.494,19.300,31.116,7.066,0.714,6.352,6.352,0.000,0.000,0.000,0.000,20.0,
6.11.2025,18:58:46.746,16.313,27.980,21.035,3.003,250.0,250.0,78.759,38.394,9.044,74.656,51.690,32.049,19.641,31.672,79.349,15.953,63.396,6.489,0.000,0.000,0.000,0.000,20.0,
6.11.2025,18:58:47.738,21.750,28.654,21.594,3.120,250.0,250.0,81.524,21.555,8.877,65.618,46.037,28.551,17.486,28.197,7.171,0.725,6.446,6.446,0.000,0.000,0.000,0.000,20.0,
6.11.2025,18:58:48.746,23.110,33.615,25.966,3.609,250.0,250.0,79.974,23.640,8.826,73.671,50.941,31.587,19.354,31.209,7.204,0.798,6.406,6.403,0.000,0.000,0.000,0.000,20.0,
6.11.2025,18:58:49.747,17.672,28.746,21.588,3.201,250.0,250.0,82.506,72.385,8.872,68.711,47.912,29.714,18.198,29.348,34.364,10.945,23.419,452.362,0.000,0.000,0.000,0.000,20.0,
6.11.2025,18:58:50.745,17.672,27.760,20.695,3.117,250.0,250.0,79.126,26.003,8.814,74.419,51.394,31.873,19.521,31.484,18.042,2.551,15.491,6.446,0.000,0.000,0.000,0.000,20.0,
6.11.2025,18:58:51.741,31.266,27.559,20.643,3.026,250.0,250.0,78.862,23.592,8.862,73.498,50.853,31.537,19.316,31.159,7.151,0.770,6.381,6.394,0.000,0.000,1.125,0.000,20.0,
6.11.2025,18:58:52.743,0.000,28.882,21.847,3.054,250.0,250.0,82.579,23.868,8.913,74.545,51.531,31.956,19.575,31.567,7.116,0.764,6.352,6.361,0.000,0.000,0.000,0.000,20.0,
6.11.2025,18:58:53.740,25.829,28.958,21.946,3.109,250.0,250.0,82.834,35.978,8.935,73.772,51.073,31.666,19.407,31.289,68.581,11.889,56.692,6.480,0.000,0.000,0.000,0.000,20.0,
6.11.2025,18:58:54.739,19.032,28.729,21.790,3.031,250.0,250.0,79.581,24.356,8.905,76.435,52.701,32.682,20.019,32.280,7.078,0.717,6.361,6.378,0.000,0.000,0.000,0.000,20.0,
6.11.2025,18:58:55.745,28.547,27.150,20.227,2.976,250.0,250.0,77.657,22.147,8.923,67.934,47.472,29.436,18.036,29.083,7.114,0.728,6.386,6.361,0.000,0.000,0.000,0.000,20.0,
6.11.2025,18:58:56.744,17.672,25.981,19.105,2.993,250.0,250.0,77.242,22.234,8.859,68.355,47.694,29.576,18.118,29.222,7.078,0.717,6.361,6.361,0.000,0.000,0.000,0.000,20.0,
6.11.2025,18:58:57.743,21.750,27.577,20.677,2.964,250.0,250.0,76.804,22.100,8.827,67.875,47.377,29.368,18.009,29.015,7.086,0.717,6.369,6.361,0.000,0.000,2.375,0.000,20.0,
6.11.2025,18:58:58.743,25.829,25.737,18.898,2.940,250.0,250.0,76.837,22.181,8.799,68.215,47.558,29.494,18.064,29.141,7.087,0.718,6.369,6.369,0.000,0.000,0.000,0.000,20.0,
6.11.2025,18:58:59.747,19.032,27.039,20.133,2.967,250.0,250.0,77.035,22.376,8.895,68.862,48.031,29.780,18.251,29.415,7.087,0.726,6.361,6.352,0.000,0.000,0.000,0.000,20.0,
6.11.2025,18:59:0.742,19.032,28.874,21.927,3.043,250.0,250.0,77.178,22.104,8.922,67.804,47.388,29.380,18.008,29.027,7.078,0.717,6.361,6.352,0.000,0.000,0.000,0.000,20.0,
6.11.2025,18:59:1.741,25.829,26.992,20.011,3.039,250.0,250.0,76.927,22.011,8.875,67.513,47.178,29.252,17.926,28.911,7.057,0.714,6.343,6.343,0.000,0.000,0.000,0.000,20.0,
6.11.2025,18:59:2.740,28.547,26.943,19.925,3.097,250.0,250.0,80.229,22.258,8.835,68.409,47.716,29.586,18.130,29.221,7.136,0.724,6.412,6.412,0.000,0.000,0.000,0.000,20.0,
6.11.2025,18:59:3.731,17.672,26.072,19.167,2.975,250.0,250.0,74.390,22.206,8.789,68.343,47.647,29.548,18.099,29.195,7.049,0.714,6.335,6.335,0.000,0.000,0.000,0.000,20.0,
6.11.2025,18:59:4.732,17.672,27.154,20.281,2.941,250.0,250.0,73.975,22.493,8.908,69.318,48.325,29.972,18.353,29.606,7.058,0.723,6.335,6.335,0.000,0.000,0.000,0.000,20.0,
6.11.2025,18:59:5.747,20.391,26.176,19.367,2.949,250.0,250.0,73.923,22.285,8.926,68.495,47.824,29.649,18.175,29.296,7.070,0.727,6.343,6.343,0.000,0.000,0.000,0.000,20.0,
6.11.2025,18:59:6.744,19.032,28.477,21.555,3.006,250.0,250.0,74.203,44.296,8.958,69.094,48.217,29.900,18.317,29.535,116.268,32.932,83.336,6.403,0.000,0.000,0.000,0.000,20.0,
6.11.2025,18:59:7.746,23.110,24.200,17.355,2.945,250.0,250.0,74.179,30.610,9.007,67.715,47.387,29.387,18.000,29.034,49.564,18.041,31.523,6.446,0.000,0.000,0.000,0.000,20.0,
6.11.2025,18:59:8.743,14.953,26.562,19.723,2.931,250.0,250.0,70.980,22.126,8.975,67.862,47.457,29.429,18.028,29.076,7.049,0.714,6.335,6.335,0.000,0.000,0.000,0.000,20.0,
6.11.2025,18:59:9.745,27.188,25.352,18.493,2.961,250.0,250.0,73.740,31.958,8.995,81.439,55.852,34.634,21.218,34.208,38.445,7.126,31.319,6.343,0.000,0.000,0.000,0.000,20.0,
6.11.2025,18:59:10.740,35.344,28.876,21.728,3.142,250.0,250.0,65.881,23.580,8.811,73.507,50.815,31.516,19.299,31.138,7.179,0.815,6.364,6.361,0.000,0.001,0.000,0.000,20.0,
6.11.2025,18:59:11.731,14.953,29.402,22.407,3.042,250.0,250.0,79.418,23.689,8.830,74.005,51.141,31.712,19.429,31.334,7.050,0.715,6.335,6.343,0.000,0.000,0.000,0.000,20.0,
6.11.2025,18:59:12.735,16.313,29.817,22.802,3.079,250.0,250.0,82.732,36.945,8.805,74.077,51.183,31.740,19.443,31.351,73.171,13.484,59.687,6.505,0.000,0.001,1.125,0.000,20.0,
6.11.2025,18:59:13.731,25.829,27.379,20.457,3.024,250.0,250.0,78.733,24.071,8.788,75.462,52.017,32.257,19.760,31.867,7.087,0.726,6.361,6.386,0.000,0.000,0.000,0.000,20.0,
6.11.2025,18:59:14.745,14.953,28.560,21.580,3.063,250.0,250.0,79.350,23.762,8.864,74.229,51.307,31.819,19.488,31.430,7.066,0.714,6.352,6.352,0.000,0.000,0.000,0.000,20.0,
6.11.2025,18:59:15.733,21.750,28.618,21.668,3.019,250.0,250.0,82.904,42.678,8.811,73.763,50.998,31.621,19.377,31.231,102.226,26.085,76.141,6.530,0.000,0.000,0.000,0.000,20.0,
6.11.2025,18:59:16.735,16.313,27.423,20.432,3.023,250.0,250.0,78.796,23.581,8.859,73.479,50.837,31.522,19.315,31.145,7.110,0.724,6.386,6.429,0.000,0.000,0.000,0.000,20.0,
6.11.2025,18:59:17.733,20.391,26.701,19.744,3.045,250.0,250.0,78.297,23.680,8.873,73.907,51.112,31.697,19.415,31.319,7.063,0.720,6.343,6.352,0.000,0.000,0.000,0.000,20.0,
6.11.2025,18:59:18.746,14.953,28.389,21.405,3.043,250.0,250.0,80.352,25.042,8.826,72.914,50.470,31.290,19.180,30.913,15.180,1.985,13.195,6.463,0.000,0.000,0.000,0.000,20.0,
6.11.2025,18:59:19.741,35.344,25.063,18.104,3.045,250.0,250.0,78.794,23.423,8.787,72.993,50.486,31.309,19.177,30.932,7.080,0.719,6.361,6.386,0.000,0.000,0.000,0.125,20.0,
6.11.2025,18:59:20.738,17.672,29.767,22.691,3.117,250.0,250.0,78.442,23.728,8.790,74.204,51.228,31.763,19.465,31.374,7.051,0.716,6.335,6.352,0.000,0.000,0.000,0.000,20.0,
6.11.2025,18:59:21.735,19.032,27.842,20.809,3.094,250.0,250.0,82.436,19.126,8.796,49.123,35.827,22.223,13.604,21.954,7.644,0.944,6.700,24.442,0.000,0.000,0.375,0.000,20.0,
6.11.2025,18:59:22.749,19.032,27.080,20.004,3.144,250.0,250.0,79.281,23.809,8.806,74.430,51.372,31.857,19.515,31.480,7.119,0.733,6.386,6.386,0.000,0.000,0.000,0.000,20.0,
6.11.2025,18:59:23.747,0.000,27.611,20.641,3.017,250.0,250.0,79.031,24.220,8.837,75.986,52.382,32.483,19.899,32.081,7.086,0.725,6.361,6.361,0.000,0.000,0.000,0.000,20.0,
6.11.2025,18:59:24.757,19.032,24.329,17.427,3.031,250.0,250.0,81.054,23.467,8.784,73.139,50.581,31.361,19.220,30.984,7.108,0.722,6.386,6.386,0.000,0.000,0.000,0.000,20.0,
6.11.2025,18:59:25.756,19.032,26.517,19.545,3.020,250.0,250.0,81.743,23.476,8.772,73.261,50.624,31.398,19.226,31.021,7.057,0.714,6.343,6.343,0.000,0.001,0.000,0.000,20.0,
6.11.2025,18:59:26.752,20.391,26.321,19.339,3.034,250.0,250.0,78.888,38.647,8.799,72.198,50.039,31.022,19.017,30.644,83.998,28.972,55.026,6.751,0.000,0.000,0.000,0.000,20.0,
6.11.2025,18:59:27.752,27.188,27.525,20.627,3.013,250.0,250.0,79.409,23.547,8.809,73.416,50.759,31.475,19.284,31.098,7.116,0.722,6.394,6.394,0.000,0.000,0.000,0.000,20.0,
6.11.2025,18:59:28.752,19.032,26.170,19.201,3.031,250.0,250.0,82.519,23.824,8.856,74.263,51.315,31.825,19.490,31.436,7.351,0.744,6.607,6.352,0.000,0.000,1.375,0.000,20.0,
6.11.2025,18:59:29.751,31.266,26.170,19.201,3.031,250.0,250.0,79.105,23.881,8.848,74.588,51.516,31.946,19.570,31.557,7.183,0.786,6.397,6.420,0.000,0.000,0.000,0.000,20.0,
6.11.2025,18:59:30.757,31.266,27.051,20.060,3.046,250.0,250.0,79.225,23.434,8.857,72.928,50.501,31.310,19.191,30.933,7.108,0.730,6.378,6.403,0.000,0.000,0.000,0.000,20.0,
6.11.2025,18:59:31.758,35.344,29.765,22.755,3.076,250.0,250.0,82.126,23.699,8.870,73.884,51.096,31.687,19.409,31.310,7.191,0.728,6.463,6.352,0.000,0.000,0.000,0.000,20.0,
6.11.2025,18:59:32.752,27.188,30.271,23.250,3.086,250.0,250.0,78.720,46.386,8.883,73.239,50.697,31.438,19.259,31.048,121.396,33.292,88.104,6.505,0.000,0.000,0.000,0.000,20.0,
6.11.2025,18:59:33.767,19.032,29.354,22.293,3.125,250.0,250.0,78.504,23.607,8.835,73.677,50.927,31.583,19.344,31.206,7.067,0.715,6.352,6.361,0.000,0.000,0.000,0.000,20.0,
6.11.2025,18:59:34.766,21.750,26.620,19.695,3.039,250.0,250.0,80.590,18.974,8.776,55.607,39.816,24.687,15.129,24.395,7.499,0.756,6.743,6.335,0.000,0.000,0.000,0.000,20.0,
6.11.2025,18:59:35.779,14.953,28.442,21.456,3.034,250.0,250.0,79.516,25.730,8.790,75.629,52.133,32.329,19.804,31.940,15.105,1.987,13.118,6.463,0.000,0.000,0.000,0.000,20.0,
6.11.2025,18:59:36.789,21.750,28.671,21.701,3.055,250.0,250.0,78.906,23.716,8.812,74.046,51.155,31.722,19.433,31.333,7.139,0.778,6.361,6.378,0.000,0.000,0.000,0.000,20.0,
6.11.2025,18:59:37.780,32.625,28.206,21.226,3.025,250.0,250.0,81.237,23.833,8.836,74.542,51.472,31.917,19.555,31.540,7.058,0.715,6.343,6.352,0.000,0.000,0.000,0.000,20.0,
6.11.2025,18:59:38.790,20.391,27.949,21.002,3.034,250.0,250.0,79.163,46.894,8.875,72.144,50.029,31.015,19.014,30.638,125.278,34.366,90.912,6.667,0.000,0.000,0.000,0.000,20.0,
6.11.2025,18:59:39.789,27.188,28.698,21.811,2.985,250.0,250.0,80.028,24.045,8.860,75.196,51.914,32.183,19.731,31.794,7.184,0.778,6.406,6.403,0.000,0.000,0.000,0.000,20.0,
6.11.2025,18:59:40.789,28.547,27.593,20.644,3.023,250.0,250.0,79.719,24.019,8.836,75.167,51.873,32.168,19.705,31.779,7.136,0.749,6.387,6.386,0.000,0.000,0.000,0.125,20.0,
6.11.2025,18:59:41.787,36.704,28.401,21.384,3.056,250.0,250.0,78.893,23.775,8.823,74.279,51.311,31.814,19.497,31.436,7.117,0.764,6.353,6.352,0.000,0.000,0.000,0.000,20.0,
6.11.2025,18:59:42.782,17.672,26.659,19.671,3.041,250.0,250.0,82.757,88.961,8.804,69.968,48.661,30.171,18.490,29.817,110.725,32.167,78.558,462.246,0.000,0.000,0.000,0.000,20.0,
6.11.2025,18:59:43.780,28.547,29.312,22.291,3.067,250.0,250.0,80.568,23.947,8.825,74.796,51.629,32.022,19.607,31.632,7.251,0.794,6.457,6.454,0.000,0.000,0.000,0.000,20.0,
6.11.2025,18:59:44.793,21.750,26.730,19.806,3.009,250.0,250.0,79.937,23.897,8.832,74.748,51.605,31.995,19.610,31.606,7.099,0.721,6.378,6.378,0.000,0.000,0.000,0.000,20.0,
6.11.2025,18:59:45.788,20.391,27.081,20.103,3.023,250.0,250.0,79.132,23.662,8.847,73.892,51.066,31.664,19.402,31.286,7.058,0.715,6.343,6.343,0.000,0.000,0.000,0.000,20.0,
6.11.2025,18:59:46.788,21.750,25.424,18.493,3.012,250.0,250.0,79.452,23.662,8.847,74.976,51.748,32.085,19.663,31.708,7.110,0.766,6.344,6.361,0.000,0.000,0.000,0.000,20.0,
6.11.2025,18:59:47.788,31.266,26.638,19.714,3.011,250.0,250.0,79.452,23.961,8.847,74.976,51.748,32.085,19.663,31.708,7.110,0.766,6.344,6.361,0.000,0.000,0.000,0.000,20.0,
6.11.2025,18:59:48.788,14.953,28.359,21.410,3.020,250.0,250.0,82.904,47.309,8.777,74.006,51.121,31.695,19.426,31.317,125.035,34.386,90.649,6.683,0.000,0.000,0.000,0.000,20.0,
6.11.2025,18:59:49.780,33.985,27.541,20.341,3.213,250.0,250.0,79.181,23.679,8.765,73.915,51.043,31.648,19.395,31.271,7.167,0.777,6.390,6.420,0.000,0.001,0.000,0.000,20.0,
6.11.2025,18:59:50.791,19.032,36.718,29.127,3.579,250.0,250.0,79.496,45.672,8.775,73.646,50.892,31.555,19.337,31.177,117.287,33.428,83.859,6.769,0.000,0.000,0.000,0.000,20.0,
6.11.2025,18:59:51.786,25.829,28.842,21.769,3.119,250.0,250.0,79.685,80.591,8.787,66.613,46.582,28.879,17.703,28.526,69.430,25.476,43.954,469.963,0.000,0.000,0.000,0.000,20.0,
6.11.2025,18:59:52.780,16.313,26.837,19.855,3.056,250.0,250.0,79.737,30.426,8.828,74.810,51.638,32.027,19.611,31.638,39.612,5.175,34.437,6.480,0.000,0.000,0.000,0.000,20.0,
6.11.2025,18:59:53.789,24.469,30.328,23.342,3.036,250.0,250.0,79.650,24.075,8.849,75.344,52.000,32.252,19.748,31.863,7.146,0.774,6.372,6.403,0.000,0.000,0.000,0.000,20.0,
6.11.2025,18:59:54.786,19.032,27.518,20.584,3.010,250.0,250.0,80.672,22.133,8.887,67.522,47.227,29.287,17.940,28.934,7.596,0.768,6.828,6.343,0.000,0.000,0.000,1.625,20.0,
6.11.2025,18:59:55.781,16.313,27.892,21.000,2.990,250.0,250.0,80.176,30.368,8.824,74.258,51.310,31.813,19.497,31.424,40.038,5.191,34.847,6.480,0.000,0.000,0.000,0.000,20.0,
6.11.2025,18:59:56.787,17.672,26.588,19.646,3.000,250.0,250.0,79.663,23.831,8.751,74.493,51.417,31.880,19.537,31.491,7.169,0.788,6.381,6.403,0.000,0.000,0.000,0.000,20.0,
6.11.2025,18:59:57.788,14.953,27.502,20.578,3.009,250.0,250.0,80.055,24.364,8.785,76.566,52.703,32.673,20.030,32.283,7.108,0.722,6.386,6.386,0.000,0.000,0.000,0.000,20.0,
6.11.2025,18:59:58.780,19.032,28.509,21.555,3.008,250.0,250.0,80.485,24.465,8.754,76.996,52.967,32.844,20.123,32.442,7.080,0.719,6.361,6.361,0.000,0.000,0.000,0.000,20.0,
6.11.2025,18:59:59.790,27.188,27.266,20.382,2.974,250.0,250.0,83.250,29.450,8.791,56.786,40.544,25.141,15.403,24.836,7.768,0.966,6.802,107.461,0.000,0.000,0.000,0.000,20.0,
6.11.2025,19:0:0.786,25.829,28.737,21.700,3.057,250.0,250.0,79.275,48.560,8.825,78.593,54.011,33.483,20.528,33.081,125.308,34.696,90.612,6.463,0.000,0.000,0.000,0.000,20.0,
6.11.2025,19:0:1.781,24.469,26.214,19.274,3.006,250.0,250.0,79.951,24.077,8.828,75.377,51.998,32.251,19.747,31.861,7.146,0.734,6.412,6.412,0.000,0.000,0.000,0.000,20.0,
6.11.2025,19:0:2.788,17.672,27.431,20.526,3.011,250.0,250.0,79.603,23.993,8.849,75.107,51.862,32.152,19.710,31.763,7.067,0.715,6.352,6.352,0.000,0.000,0.000,0.000,20.0,
6.11.2025,19:0:3.786,16.313,27.210,20.223,3.046,250.0,250.0,82.437,15.789,8.794,43.092,32.145,19.932,12.213,19.687,7.597,0.769,6.828,6.828,0.000,0.000,0.000,0.000,20.0,
6.11.2025,19:0:4.783,20.391,28.391,21.473,2.998,250.0,250.0,79.068,43.189,8.804,76.546,52.707,32.683,20.024,32.281,101.158,25.658,75.500,6.530,0.000,0.000,0.000,0.000,20.0,
6.11.2025,19:0:5.781,23.110,27.273,20.324,2.994,250.0,250.0,78.641,47.912,8.788,76.099,52.419,32.508,19.911,32.119,125.416,34.752,90.664,6.446,0.000,0.000,0.000,0.000,20.0,
6.11.2025,19:0:6.793,25.829,25.983,19.079,3.011,250.0,250.0,79.530,24.029,8.752,75.127,51.787,32.111,19.676,31.722,7.336,0.821,6.515,6.438,0.000,0.000,0.000,0.000,20.0,
6.11.2025,19:0:7.788,17.672,28.056,21.104,3.026,250.0,250.0,79.929,24.015,8.815,75.240,51.905,32.177,19.728,31.788,7.068,0.716,6.352,6.361,0.000,0.000,0.000,0.000,20.0,
6.11.2025,19:0:8.782,24.469,28.432,21.455,2.998,250.0,250.0,82.157,25.317,8.826,71.837,49.827,30.892,18.935,30.527,17.622,4.569,13.053,7.084,0.000,0.000,0.750,0.000,20.0,
6.11.2025,19:0:9.782,17.672,28.952,22.021,3.016,250.0,250.0,79.204,23.863,8.814,74.510,51.441,31.896,19.545,31.519,7.231,0.800,6.431,6.446,0.000,0.000,0.000,0.000,20.0,
6.11.2025,19:0:10.788,24.469,30.394,23.424,3.062,250.0,250.0,82.042,23.868,8.803,74.694,51.560,31.975,19.585,31.586,7.059,0.716,6.343,6.361,0.000,0.000,0.000,0.000,20.0,
6.11.2025,19:0:11.788,14.953,28.343,21.397,3.004,250.0,250.0,79.729,47.257,8.762,75.324,51.911,32.190,19.721,31.801,123.135,34.228,88.907,6.590,0.000,0.000,0.000,0.000,20.0,
6.11.2025,19:0:12.787,19.032,26.905,19.992,2.997,250.0,250.0,79.049,24.219,8.763,75.976,52.343,32.457,19.886,32.056,7.140,0.737,6.403,6.429,0.000,0.000,0.000,0.000,20.0,
6.11.2025,19:0:13.778,17.672,27.255,20.331,2.997,250.0,250.0,79.512,44.235,8.775,68.999,48.044,29.793,18.251,29.428,116.279,32.690,83.589,6.505,0.000,0.000,0.000,0.000,20.0,
6.11.2025,19:0:14.777,16.313,28.094,21.169,2.984,250.0,250.0,77.341,22.380,8.809,68.895,47.991,29.759,18.232,29.394,7.191,0.728,6.463,6.335,0.000,0.000,0.000,1.750,20.0,
6.11.2025,19:0:15.777,17.672,25.122,18.312,2.952,250.0,250.0,73.989,22.406,8.800,69.094,48.112,29.834,18.278,29.481,7.057,0.714,6.343,6.343,0.000,0.000,0.000,0.000,20.0,
6.11.2025,19:0:16.790,17.672,25.613,18.730,2.936,250.0,250.0,77.985,22.440,8.887,69.152,48.189,29.878,18.311,29.525,7.057,0.714,6.343,6.343,0.000,0.000,0.000,0.000,20.0,
6.11.2025,19:0:17.780,17.672,24.841,18.034,2.939,250.0,250.0,77.306,22.132,8.871,67.979,47.468,29.425,18.043,29.072,7.057,0.714,6.343,6.343,0.000,0.000,0.000,0.000,20.0,
6.11.2025,19:0:18.788,28.547,26.095,19.218,2.943,250.0,250.0,77.516,22.433,8.875,69.023,48.124,29.841,18.283,29.476,7.181,0.838,6.343,6.343,0.000,0.000,2.375,0.375,20.0,
6.11.2025,19:0:19.779,24.469,26.669,19.839,2.950,250.0,250.0,77.355,22.586,8.772,69.737,48.488,30.074,18.414,29.708,7.161,0.818,6.343,6.343,0.000,0.001,0.000,0.000,20.0,
6.11.2025,19:0:20.788,10.875,26.340,19.294,3.071,250.0,250.0,81.452,36.233,8.734,49.642,36.102,22.383,13.719,22.115,41.542,14.781,26.761,126.550,0.000,0.000,0.000,0.000,20.0,
6.11.2025,19:0:21.787,17.672,24.958,18.118,2.941,250.0,250.0,77.769,22.349,8.771,68.911,47.977,29.745,18.232,29.392,7.062,0.719,6.343,6.343,0.000,0.000,0.000,0.000,20.0,
6.11.2025,19:0:22.788,20.391,26.320,19.397,2.986,250.0,250.0,71.525,22.214,8.756,68.350,47.630,29.535,18.095,29.170,7.110,0.724,6.386,6.386,0.000,0.000,0.000,0.000,20.0,
6.11.2025,19:0:23.788,17.672,26.448,19.572,2.998,250.0,250.0,74.065,32.709,8.773,69.111,48.112,29.839,18.273,29.473,58.543,10.135,48.408,6.429,0.000,0.000,0.000,0.000,20.0,
6.11.2025,19:0:24.781,14.953,26.338,19.504,2.932,250.0,250.0,74.412,16.998,8.748,48.048,35.169,21.807,13.362,21.538,7.350,0.743,6.607,6.607,0.000,0.000,0.000,2.375,20.0,
6.11.2025,19:0:25.786,17.672,25.685,18.853,2.909,250.0,250.0,73.677,22.294,8.789,68.691,47.841,29.667,18.174,29.314,7.062,0.719,6.343,6.343,0.000,0.000,0.000,0.000,20.0,
6.11.2025,19:0:26.781,25.829,25.292,18.432,2.936,250.0,250.0,70.327,23.983,8.820,68.167,47.553,29.478,18.075,29.125,16.111,1.750,14.361,6.394,0.000,0.000,0.000,0.000,20.0,
6.11.2025,19:0:27.783,12.235,26.176,19.370,2.937,250.0,250.0,73.588,21.971,8.745,67.533,47.105,29.217,17.888,28.864,7.022,0.712,6.310,6.310,0.000,0.000,0.000,0.000,20.0,
6.11.2025,19:0:28.783,19.032,26.461,19.384,3.106,250.0,250.0,63.538,23.718,8.738,74.150,51.179,31.734,19.445,31.357,7.108,0.772,6.336,6.361,0.000,0.000,0.000,0.000,20.0,
6.11.2025,19:0:29.789,35.344,27.305,20.333,3.059,250.0,250.0,76.058,30.928,8.755,58.960,41.841,25.942,15.899,25.638,42.560,15.656,26.904,47.122,0.000,0.000,0.000,0.000,20.0,
6.11.2025,19:0:30.788,25.829,30.163,23.058,3.119,250.0,250.0,79.539,23.747,8.794,74.086,51.183,31.741,19.442,31.352,7.214,0.807,6.407,6.438,0.000,0.000,0.000,0.000,20.0,
6.11.2025,19:0:31.785,20.391,27.662,20.712,3.024,250.0,250.0,79.091,23.850,8.786,74.580,51.473,31.918,19.555,31.541,7.130,0.768,6.362,6.386,0.000,0.000,0.000,0.000,20.0,
6.11.2025,19:0:32.787,42.141,28.174,21.143,3.096,250.0,250.0,83.043,47.847,8.787,76.146,52.451,32.517,19.934,32.128,124.926,34.304,90.622,6.658,0.000,0.000,0.000,0.000,20.0,
6.11.2025,19:0:33.787,24.469,27.520,20.457,3.131,250.0,250.0,80.244,23.941,8.789,74.959,51.722,32.068,19.654,31.678,7.095,0.717,6.378,6.352,0.000,0.000,0.000,0.375,20.0,
6.11.2025,19:0:34.783,14.953,26.590,19.587,3.086,250.0,250.0,83.122,39.846,8.763,73.691,50.913,31.565,19.348,31.188,88.244,18.920,69.324,6.505,0.000,0.000,0.000,0.000,20.0,
6.11.2025,19:0:35.788,24.469,26.435,19.460,3.075,250.0,250.0,79.120,23.612,8.747,73.706,50.912,31.569,19.343,31.192,7.130,0.769,6.361,6.386,0.000,0.000,0.000,0.000,20.0,
6.11.2025,19:0:36.785,21.750,26.273,19.256,3.079,250.0,250.0,82.697,44.514,8.756,72.252,50.014,31.016,18.998,30.639,113.347,32.601,80.746,6.769,0.000,0.000,0.000,0.000,20.0,
6.11.2025,19:0:37.785,27.188,26.692,19.729,3.034,250.0,250.0,79.540,24.033,8.800,75.235,51.896,32.179,19.717,31.790,7.156,0.784,6.372,6.403,0.000,0.000,0.000,0.000,20.0,
6.11.2025,19:0:38.784,17.672,27.964,20.921,3.071,250.0,250.0,79.860,23.561,8.862,73.436,50.817,31.513,19.304,31.123,7.095,0.726,6.369,6.369,0.000,0.000,0.000,0.000,20.0,
6.11.2025,19:0:39.783,23.110,26.402,19.452,3.050,250.0,250.0,82.238,27.657,8.885,67.209,47.004,29.152,17.852,28.799,7.520,0.828,6.692,62.627,0.000,0.000,0.000,0.000,20.0,
6.11.2025,19:0:40.779,17.672,30.057,22.998,3.134,250.0,250.0,81.090,24.067,8.898,75.302,51.987,32.244,19.743,31.855,7.142,0.780,6.362,6.361,0.000,0.000,0.000,2.375,20.0,
6.11.2025,19:0:41.789,14.953,25.641,18.656,3.057,250.0,250.0,82.115,23.730,8.804,74.150,51.222,31.766,19.456,31.388,7.078,0.717,6.361,6.361,0.000,0.000,0.000,0.000,20.0,
6.11.2025,19:0:42.788,27.188,27.813,20.808,3.064,250.0,250.0,83.759,26.826,8.768,65.319,45.763,28.373,17.390,28.032,34.012,10.899,23.113,6.590,0.000,0.000,0.000,0.000,20.0,
6.11.2025,19:0:43.788,14.953,29.691,22.725,3.079,250.0,250.0,80.296,23.792,8.792,74.288,51.311,31.817,19.494,31.427,7.196,0.790,6.406,6.403,0.000,0.000,0.000,0.000,20.0,
6.11.2025,19:0:44.790,35.344,27.434,20.416,3.052,250.0,250.0,80.295,23.994,8.775,75.203,51.856,32.153,19.703,31.764,7.066,0.714,6.352,6.352,0.000,0.000,0.000,0.000,20.0,
6.11.2025,19:0:45.789,16.313,25.081,18.145,3.049,250.0,250.0,83.372,23.803,8.765,74.340,51.316,31.817,19.499,31.439,7.217,0.793,6.424,6.420,0.000,0.000,0.000,0.875,20.0,
6.11.2025,19:0:46.779,25.829,26.195,19.176,3.064,250.0,250.0,79.918,23.563,8.777,73.529,50.836,31.517,19.319,31.139,7.078,0.717,6.361,6.361,0.000,0.000,0.000,0.000,20.0,
6.11.2025,19:0:47.782,25.829,26.336,19.343,3.040,250.0,250.0,81.027,21.952,8.803,66.431,46.473,28.815,17.658,28.474,8.066,1.099,6.967,6.734,0.000,0.000,0.000,0.000,20.0,
6.11.2025,19:0:48.788,17.672,27.577,20.646,3.053,250.0,250.0,80.528,23.680,8.755,73.927,51.065,31.669,19.396,31.279,7.164,0.775,6.389,6.386,0.000,0.000,0.000,0.000,20.0,
6.11.2025,19:0:49.788,23.110,26.888,19.873,3.050,250.0,250.0,83.254,30.529,8.766,73.577,50.864,31.539,19.325,31.161,7.330,0.740,6.590,75.394,0.000,0.000,0.000,0.000,20.0,
6.11.2025,19:0:50.785,23.110,34.005,26.641,3.363,250.0,250.0,80.048,32.516,8.789,74.398,51.366,31.847,19.519,31.457,50.662,6.527,44.135,6.463,0.000,0.000,0.000,2.250,20.0,
6.11.2025,19:0:51.790,27.188,33.886,26.219,3.628,250.0,250.0,80.066,47.432,8.799,74.400,51.378,31.854,19.524,31.477,125.199,34.552,90.647,6.489,0.000,0.000,0.000,0.000,20.0,
6.11.2025,19:0:52.788,19.032,26.624,19.509,3.173,250.0,250.0,79.940,23.987,8.793,75.105,51.801,32.120,19.681,31.731,7.130,0.768,6.362,6.378,0.000,0.000,0.000,0.000,20.0,
6.11.2025,19:0:53.787,36.704,27.399,20.418,3.063,250.0,250.0,82.740,22.444,8.766,68.959,48.011,29.771,18.240,29.406,7.274,0.735,6.539,6.738,0.000,0.001,0.000,0.000,20.0,
6.11.2025,19:0:54.788,21.750,27.701,20.793,3.004,250.0,250.0,79.294,28.208,8.788,73.501,50.804,31.505,19.299,31.128,30.298,3.938,26.360,6.454,0.000,0.000,0.000,0.000,20.0,
6.11.2025,19:0:55.784,32.625,25.690,18.755,3.038,250.0,250.0,80.132,24.209,8.766,75.950,52.319,32.441,19.878,32.051,7.158,0.772,6.386,6.369,0.000,0.000,0.000,0.000,20.0,
6.11.2025,19:0:56.783,24.469,28.706,21.701,3.031,250.0,250.0,83.645,23.987,8.742,75.071,51.763,32.102,19.661,31.713,7.196,0.789,6.407,6.429,0.000,0.000,0.000,0.000,20.0,
6.11.2025,19:0:57.788,23.110,27.695,20.760,3.038,250.0,250.0,80.192,24.523,8.731,77.200,53.078,32.918,20.160,32.516,7.130,0.768,6.362,6.369,0.000,0.000,0.000,0.000,20.0,
6.11.2025,19:0:58.779,17.672,26.970,20.010,2.998,250.0,250.0,83.302,38.893,8.763,74.559,51.453,31.909,19.544,31.519,82.351,17.121,65.230,6.480,0.000,0.000,0.000,0.000,20.0,
6.11.2025,19:0:59.789,21.750,26.659,19.751,3.001,250.0,250.0,79.369,23.853,8.784,74.597,51.494,31.928,19.566,31.539,7.117,0.731,6.386,6.386,0.000,0.000,0.000,0.000,20.0,
6.11.2025,19:1:0.789,28.547,28.749,21.718,3.099,250.0,250.0,83.220,21.443,8.789,65.165,45.709,28.337,17.372,27.996,7.266,0.736,6.530,6.530,0.000,0.000,0.000,0.000,20.0,
6.11.2025,19:1:1.789,35.344,27.997,21.042,3.015,250.0,250.0,79.543,23.711,8.845,74.004,51.149,31.719,19.430,31.341,7.116,0.722,6.394,6.394,0.000,0.000,0.000,0.000,20.0,
6.11.2025,19:1:2.785,17.672,28.603,21.611,3.103,250.0,250.0,83.068,45.457,8.857,72.812,50.416,31.267,19.149,30.890,117.264,33.192,84.072,6.650,0.000,0.000,0.000,0.000,20.0,
6.11.2025,19:1:3.779,14.953,26.112,19.127,3.016,250.0,250.0,79.717,23.375,8.829,72.682,50.326,31.203,19.123,30.826,7.164,0.735,6.429,6.429,0.000,0.000,0.000,0.000,20.0,
6.11.2025,19:1:4.780,21.750,26.754,19.839,3.016,250.0,250.0,79.374,23.454,8.799,73.111,50.564,31.361,19.203,30.984,7.079,0.718,6.361,6.361,0.000,0.000,0.000,0.000,20.0,
6.11.2025,19:1:5.789,21.750,27.231,20.264,3.063,250.0,250.0,83.500,42.209,8.799,75.887,52.288,32.429,19.859,32.039,97.115,23.644,73.471,6.556,0.000,0.000,0.000,0.000,20.0,
6.11.2025,19:1:6.780,21.750,26.887,19.924,3.032,250.0,250.0,83.184,19.850,8.788,59.019,41.925,26.004,15.921,25.687,7.399,0.749,6.650,6.361,0.000,0.000,0.000,0.000,20.0,
6.11.2025,19:1:7.788,16.313,27.040,20.076,3.020,250.0,250.0,79.568,36.997,8.836,75.856,52.296,32.434,19.862,32.045,71.049,12.595,58.454,6.539,0.000,0.000,0.000,0.000,20.0,
6.11.2025,19:1:8.789,16.313,24.246,17.324,3.039,250.0,250.0,80.972,23.779,8.811,74.307,51.328,31.829,19.499,31.440,7.097,0.719,6.378,6.378,0.000,0.000,0.000,0.000,20.0,
6.11.2025,19:1:9.788,16.313,27.721,20.749,3.055,250.0,250.0,82.554,24.215,8.822,75.887,52.308,32.434,19.874,32.045,7.179,0.775,6.404,6.420,0.000,0.000,0.000,0.375,20.0,
6.11.2025,19:1:10.789,16.313,27.721,20.749,3.055,250.0,250.0,83.790,47.247,8.796,71.397,49.516,30.703,18.813,30.338,93.431,30.223,63.208,76.049,0.000,0.000,0.000,0.000,20.0,
6.11.2025,19:1:11.783,27.188,29.186,22.166,3.079,250.0,250.0,79.501,24.131,8.835,75.590,52.141,32.326,19.815,31.937,7.125,0.722,6.403,6.412,0.000,0.000,0.000,0.000,20.0,
6.11.2025,19:1:12.781,17.672,27.420,20.312,3.138,250.0,250.0,75.584,23.671,8.763,73.942,51.060,31.663,19.397,31.286,7.097,0.719,6.378,6.403,0.000,0.000,0.000,0.000,20.0,
6.11.2025,19:1:13.788,27.188,22.894,16.003,2.980,250.0,250.0,78.851,47.968,8.777,76.550,52.701,32.675,20.026,32.286,125.055,34.360,90.695,6.556,0.000,0.000,1.125,0.000,20.0,
6.11.2025,19:1:14.789,25.829,27.733,20.741,3.038,250.0,250.0,80.482,23.961,8.775,75.030,51.749,32.094,19.655,31.704,7.106,0.720,6.386,6.386,0.000,0.000,0.000,0.000,20.0,
6.11.2025,19:1:15.779,23.110,28.734,21.783,3.045,250.0,250.0,84.122,24.074,8.789,75.185,51.860,32.163,19.697,31.773,7.454,0.754,6.700,6.361,0.000,0.000,0.000,0.000,20.0,
6.11.2025,19:1:16.782,20.391,27.804,20.784,3.041,250.0,250.0,80.412,23.687,8.835,73.826,51.039,31.653,19.386,31.263,7.221,0.789,6.432,6.429,0.000,0.000,0.000,0.000,20.0,
6.11.2025,19:1:17.782,24.469,26.945,20.017,3.022,250.0,250.0,79.639,24.349,8.787,76.490,52.664,32.655,20.009,32.266,7.129,0.767,6.362,6.361,0.000,0.000,0.000,0.000,20.0,
6.11.2025,19:1:18.781,21.750,25.854,18.877,3.056,250.0,250.0,83.774,31.690,8.778,76.422,52.622,32.630,19.992,32.240,43.823,5.785,38.038,6.573,0.000,0.000,0.000,0.000,20.0,
6.11.2025,19:1:19.779,17.672,30.064,23.095,3.045,250.0,250.0,80.139,23.731,8.787,74.144,51.201,31.753,19.448,31.376,7.106,0.720,6.386,6.386,0.000,0.000,0.000,2.125,20.0,
6.11.2025,19:1:20.788,27.188,26.696,19.723,3.037,250.0,250.0,83.368,23.792,8.765,74.317,51.288,31.807,19.481,31.417,7.213,0.790,6.423,6.420,0.000,0.000,0.000,0.000,20.0,
6.11.2025,19:1:21.788,24.469,28.510,21.514,3.082,250.0,250.0,80.291,50.101,8.766,69.445,48.348,29.974,18.374,29.609,7.230,0.733,6.497,282.030,0.000,0.000,0.000,0.000,20.0,
6.11.2025,19:1:22.785,21.750,28.261,21.227,3.074,250.0,250.0,83.155,24.072,8.826,75.254,51.937,32.210,19.727,31.820,7.252,0.794,6.458,6.446,0.000,0.000,0.000,0.125,20.0,
6.11.2025,19:1:23.781,19.032,26.228,19.297,3.037,250.0,250.0,79.532,24.072,8.815,75.092,51.809,32.125,19.684,31.736,7.222,0.790,6.432,6.429,0.000,0.000,0.000,0.000,20.0,
6.11.2025,19:1:24.779,27.188,25.422,18.495,3.008,250.0,250.0,79.532,24.013,8.815,75.092,51.809,32.125,19.684,31.736,7.222,0.790,6.432,6.429,0.000,0.000,0.000,0.000,20.0,
6.11.2025,19:1:25.782,19.032,28.434,21.474,3.020,250.0,250.0,79.830,23.768,8.921,74.150,51.286,31.801,19.485,31.424,7.113,0.751,6.362,6.386,0.000,0.000,0.000,0.000,20.0,
6.11.2025,19:1:26.778,24.469,26.808,19.836,3.029,250.0,250.0,82.363,32.114,8.944,75.572,52.177,32.355,19.822,31.966,46.807,17.289,29.518,6.692,0.000,0.000,0.000,0.000,20.0,
6.11.2025,19:1:27.788,17.672,26.817,19.907,2.995,250.0,250.0,79.681,23.843,8.886,74.433,51.448,31.901,19.547,31.511,7.149,0.780,6.369,6.403,0.000,0.001,0.000,0.000,20.0,
6.11.2025,19:1:28.789,40.782,28.703,21.771,3.032,250.0,250.0,83.543,25.545,8.804,74.657,51.536,31.951,19.585,31.562,15.383,2.019,13.364,6.590,0.000,0.000,0.000,0.000,20.0,
6.11.2025,19:1:29.788,25.829,28.464,21.516,3.010,250.0,250.0,80.447,23.731,8.878,73.985,51.177,31.731,19.446,31.341,7.164,0.775,6.389,6.429,0.000,0.000,2.250,0.000,20.0,
6.11.2025,19:1:30.789,25.829,26.267,19.342,3.001,250.0,250.0,76.463,22.160,8.859,68.075,47.519,29.464,18.055,29.111,7.079,0.718,6.361,6.361,0.000,0.000,0.000,0.000,20.0,
6.11.2025,19:1:31.787,20.391,28.318,21.345,3.039,250.0,250.0,79.899,39.859,8.870,67.668,47.274,29.317,17.957,28.964,96.013,30.330,65.683,6.514,0.000,0.000,0.000,0.000,20.0,
6.11.2025,19:1:32.783,20.391,25.825,18.877,2.999,250.0,250.0,76.881,27.154,8.836,67.512,47.155,29.245,17.910,28.892,32.706,10.133,22.573,6.582,0.000,0.000,0.000,0.000,20.0,
6.11.2025,19:1:33.785,14.953,26.125,19.209,3.026,250.0,250.0,75.931,24.850,8.874,52.812,38.154,23.660,14.494,23.368,23.398,5.935,17.463,40.338,0.000,0.000,0.000,0.000,20.0,
6.11.2025,19:1:34.786,16.313,25.447,18.605,2.955,250.0,250.0,74.975,23.170,8.828,71.984,49.913,30.946,18.967,30.569,7.068,0.716,6.352,6.352,0.000,0.000,0.000,0.000,20.0,
6.11.2025,19:1:35.785,16.313,25.255,18.357,2.954,250.0,250.0,79.268,44.657,8.876,97.120,65.429,40.574,24.855,40.087,80.304,28.303,52.001,9.018,0.000,0.000,0.000,0.000,20.0,
6.11.2025,19:1:36.780,23.110,23.405,16.551,2.977,250.0,250.0,76.653,38.245,8.791,70.998,49.277,30.555,18.722,30.190,83.712,19.563,64.149,6.497,0.000,0.000,0.000,0.000,20.0,
6.11.2025,19:1:37.785,17.672,26.047,19.147,2.968,250.0,250.0,76.742,22.665,8.800,70.027,48.692,30.196,18.496,29.831,7.110,0.724,6.386,6.386,0.000,0.000,0.000,0.000,20.0,
6.11.2025,19:1:38.782,17.672,26.284,19.382,2.957,250.0,250.0,77.101,23.180,8.803,72.041,49.934,30.964,18.970,30.598,7.068,0.716,6.352,6.352,0.000,0.000,0.000,0.000,20.0,
6.11.2025,19:1:39.787,16.313,25.001,18.161,2.915,250.0,250.0,73.774,23.258,8.838,72.311,50.121,31.081,19.040,30.704,7.068,0.716,6.352,6.352,0.000,0.000,0.000,0.000,20.0,
6.11.2025,19:1:40.788,16.313,26.004,19.207,2.942,250.0,250.0,74.154,22.724,8.841,70.213,48.847,30.283,18.564,29.918,7.101,0.732,6.369,6.369,0.000,0.000,0.000,0.000,20.0,
6.11.2025,19:1:41.786,21.750,26.245,19.399,2.908,250.0,250.0,73.294,44.899,8.837,71.257,49.471,30.676,18.795,30.299,116.587,33.037,83.550,6.480,0.000,0.000,0.000,0.000,20.0,
6.11.2025,19:1:42.788,14.953,27.936,21.062,2.943,250.0,250.0,73.853,19.940,8.802,59.486,42.227,26.184,16.043,25.867,7.172,0.726,6.446,6.446,0.000,0.000,0.000,0.000,20.0,
6.11.2025,19:1:43.788,24.469,27.385,20.489,2.990,250.0,250.0,70.962,22.803,8.841,70.584,49.056,30.422,18.634,30.057,7.049,0.714,6.335,6.335,0.000,0.000,0.000,0.000,20.0,
6.11.2025,19:1:44.788,17.672,25.229,18.419,2.944,250.0,250.0,73.341,22.685,8.838,70.105,48.761,30.230,18.531,29.865,7.081,0.720,6.361,6.361,0.000,0.000,0.000,0.000,20.0,
6.11.2025,19:1:45.788,19.032,27.824,20.823,3.041,250.0,250.0,77.494,15.891,8.857,43.878,32.667,20.255,12.412,20.010,7.238,0.733,6.505,6.352,0.000,0.000,0.000,0.000,20.0,
6.11.2025,19:1:46.788,14.953,27.030,20.124,3.000,250.0,250.0,79.369,24.072,8.899,75.300,51.990,32.246,19.744,31.857,7.117,0.731,6.386,6.446,0.000,0.000,0.000,0.000,20.0,
6.11.2025,19:1:47.789,42.141,25.832,18.848,3.030,250.0,250.0,83.394,42.489,8.972,76.353,52.695,32.679,20.016,32.277,97.645,30.709,66.936,6.607,0.000,0.000,0.000,0.000,20.0,
6.11.2025,19:1:48.788,16.313,27.482,20.508,3.055,250.0,250.0,83.593,23.750,8.989,73.854,51.155,31.721,19.434,31.331,7.323,0.741,6.582,6.369,0.000,0.000,0.000,0.000,20.0,
6.11.2025,19:1:49.785,20.391,26.504,19.610,2.999,250.0,250.0,79.048,23.983,8.959,74.539,51.551,31.965,19.586,31.588,7.560,1.065,6.495,6.522,0.000,0.001,0.000,0.000,20.0,
6.11.2025,19:1:50.782,27.188,31.391,24.331,3.089,250.0,250.0,83.037,20.757,8.840,62.510,44.099,27.344,16.755,27.015,7.324,0.742,6.582,6.361,0.000,0.000,0.000,0.000,20.0,
6.11.2025,19:1:51.788,23.110,26.897,19.961,3.027,250.0,250.0,79.595,38.261,8.853,74.748,51.622,32.008,19.614,31.631,78.744,15.528,63.216,6.650,0.000,0.000,0.625,0.000,20.0,
6.11.2025,19:1:52.779,27.188,31.945,24.600,3.335,250.0,250.0,79.635,23.905,8.877,74.725,51.625,32.010,19.615,31.632,7.088,0.719,6.369,6.386,0.000,0.000,0.000,0.000,20.0,
6.11.2025,19:1:53.787,24.469,39.655,32.025,3.615,250.0,250.0,80.827,23.605,8.899,73.572,50.913,31.573,19.340,31.195,7.087,0.726,6.361,6.386,0.000,0.000,0.000,0.000,20.0,
6.11.2025,19:1:54.784,16.313,28.911,21.881,3.069,250.0,250.0,80.631,27.837,8.906,69.256,48.278,29.933,18.345,29.568,33.767,10.804,22.963,6.547,0.000,0.000,0.000,0.375,20.0,
6.11.2025,19:1:55.781,17.672,26.501,19.506,3.034,250.0,250.0,79.253,23.964,8.933,74.856,51.726,32.075,19.651,31.685,7.145,0.725,6.420,6.420,0.000,0.000,0.000,0.000,20.0,
6.11.2025,19:1:56.780,19.032,26.797,19.811,3.063,250.0,250.0,82.933,21.068,8.864,63.758,44.882,27.834,17.048,27.505,7.171,0.725,6.446,6.446,0.000,0.000,0.000,0.000,20.0,
6.11.2025,19:1:57.782,14.953,27.435,20.491,3.030,250.0,250.0,78.827,23.559,8.873,73.321,50.757,31.477,19.280,31.087,7.174,0.728,6.446,6.446,0.000,0.000,0.000,0.000,20.0,
6.11.2025,19:1:58.788,29.907,27.987,21.026,3.062,250.0,250.0,82.571,28.700,8.886,72.746,50.413,31.256,19.157,30.879,33.500,10.678,22.822,6.661,0.000,0.000,0.000,0.000,20.0,
6.11.2025,19:1:59.788,17.672,27.275,20.322,3.044,250.0,250.0,78.950,23.622,8.872,73.585,50.906,31.568,19.338,31.191,7.166,0.737,6.429,6.429,0.000,0.000,0.000,0.000,20.0,
6.11.2025,19:2:0.789,24.469,30.610,23.561,3.097,250.0,250.0,82.477,34.540,8.823,85.414,58.167,36.070,22.097,35.633,7.067,0.715,6.352,85.058,0.000,0.000,0.000,0.000,20.0,
6.11.2025,19:2:1.790,36.704,26.302,19.338,3.034,250.0,250.0,79.601,25.479,8.798,74.548,51.463,31.912,19.551,31.523,15.257,1.989,13.268,6.480,0.000,0.001,0.000,0.000,20.0,
6.11.2025,19:2:2.789,33.985,27.757,20.670,3.132,250.0,250.0,82.610,23.709,8.848,73.993,51.148,31.714,19.434,31.337,7.116,0.730,6.386,6.386,0.000,0.000,0.000,0.000,20.0,
6.11.2025,19:2:3.789,17.672,27.983,21.044,3.033,250.0,250.0,79.578,32.631,8.825,72.270,50.078,31.052,19.026,30.675,53.915,19.817,34.098,6.556,0.000,0.001,0.000,1.125,20.0,
6.11.2025,19:2:4.786,36.704,28.026,21.094,3.032,250.0,250.0,79.186,23.764,8.824,74.171,51.249,31.777,19.472,31.387,7.167,0.738,6.429,6.429,0.000,0.000,0.000,0.000,20.0,
6.11.2025,19:2:5.786,27.188,26.157,19.169,3.028,250.0,250.0,83.404,35.354,8.790,72.398,50.129,31.090,19.039,30.713,67.413,24.479,42.934,6.556,0.000,0.000,0.000,0.000,20.0,
6.11.2025,19:2:6.782,16.313,29.587,22.667,3.023,250.0,250.0,79.735,24.113,8.838,75.359,51.976,32.237,19.739,31.847,7.314,0.865,6.449,6.505,0.000,0.000,0.000,0.000,20.0,
6.11.2025,19:2:7.788,32.625,28.964,21.939,3.051,250.0,250.0,83.126,50.514,8.837,60.221,42.674,26.460,16.214,26.143,7.437,0.940,6.497,309.717,0.000,0.000,0.000,0.250,20.0,
6.11.2025,19:2:8.789,17.672,28.157,21.226,3.044,250.0,250.0,79.467,23.738,8.916,73.994,51.201,31.751,19.450,31.374,7.149,0.771,6.378,6.394,0.000,0.000,0.000,0.000,20.0,
6.11.2025,19:2:9.788,25.829,27.438,20.456,3.012,250.0,250.0,83.063,30.978,8.949,74.066,51.244,31.781,19.463,31.391,43.099,5.536,37.563,6.683,0.000,0.000,1.125,0.000,20.0,
6.11.2025,19:2:10.787,28.547,28.385,21.361,3.105,250.0,250.0,79.802,23.936,8.872,74.864,51.696,32.054,19.642,31.677,7.087,0.718,6.369,6.386,0.000,0.000,0.000,0.000,20.0,
6.11.2025,19:2:11.790,19.032,27.795,20.825,3.045,250.0,250.0,82.970,23.668,8.849,73.633,50.938,31.585,19.353,31.196,7.271,0.788,6.483,6.582,0.000,0.000,0.000,0.000,20.0,
6.11.2025,19:2:12.784,19.032,30.945,23.827,3.121,250.0,250.0,79.408,23.557,8.812,73.401,50.771,31.482,19.289,31.093,7.170,0.724,6.446,6.378,0.000,0.000,0.000,2.125,20.0,
6.11.2025,19:2:13.778,25.829,28.492,21.520,3.080,250.0,250.0,82.479,23.836,8.776,74.345,51.311,31.818,19.493,31.441,7.325,0.792,6.533,6.522,0.000,0.000,0.000,0.000,20.0,
6.11.2025,19:2:14.788,16.313,31.917,24.844,3.099,250.0,250.0,79.130,24.042,8.861,75.155,51.876,32.162,19.714,31.773,7.225,0.796,6.429,6.429,0.000,0.000,0.000,0.000,20.0,
6.11.2025,19:2:15.787,19.032,28.708,21.739,3.070,250.0,250.0,83.028,47.056,8.821,72.642,50.294,31.194,19.100,30.817,125.618,34.792,90.826,6.454,0.000,0.000,0.000,0.000,20.0,
6.11.2025,19:2:16.788,16.313,29.734,22.581,3.154,250.0,250.0,79.297,23.787,8.920,74.163,51.300,31.807,19.493,31.417,7.182,0.778,6.404,6.403,0.000,0.000,0.000,0.000,20.0,
6.11.2025,19:2:17.785,19.032,25.138,18.179,3.048,250.0,250.0,79.618,23.799,8.837,74.387,51.381,31.861,19.520,31.484,7.078,0.717,6.361,6.361,0.000,0.000,0.000,0.000,20.0,
6.11.2025,19:2:18.784,12.235,27.492,20.465,3.073,250.0,250.0,81.041,23.699,8.873,73.862,51.090,31.679,19.411,31.289,7.189,0.777,6.412,6.412,0.000,0.000,0.000,0.000,20.0,
6.11.2025,19:2:19.788,28.547,26.369,19.401,3.029,250.0,250.0,83.162,43.046,8.837,72.874,50.455,31.283,19.172,30.906,105.139,27.400,77.739,6.650,0.000,0.000,0.000,0.000,20.0,
6.11.2025,19:2:20.788,24.469,31.018,23.931,3.149,250.0,250.0,79.768,24.177,8.887,75.607,52.185,32.363,19.822,31.974,7.244,0.797,6.447,6.446,0.000,0.000,0.000,0.000,20.0,
6.11.2025,19:2:21.780,20.391,26.968,19.988,3.048,250.0,250.0,81.497,23.912,8.850,74.728,51.614,32.003,19.611,31.614,7.156,0.770,6.386,6.386,0.000,0.000,0.000,0.000,20.0,
6.11.2025,19:2:22.788,19.032,29.391,22.304,3.126,250.0,250.0,83.311,23.696,8.837,73.864,51.057,31.661,19.396,31.272,7.213,0.780,6.433,6.446,0.000,0.000,0.000,0.000,20.0,
6.11.2025,19:2:23.788,16.313,29.670,22.660,3.086,250.0,250.0,83.577,15.707,8.782,43.282,32.258,20.003,12.255,19.771,7.170,0.724,6.446,6.378,0.000,0.000,0.000,0.000,20.0,
6.11.2025,19:2:24.787,23.110,26.353,19.405,3.038,250.0,250.0,80.066,23.787,8.862,74.171,51.271,31.795,19.476,31.405,7.211,0.788,6.423,6.471,0.000,0.000,0.000,0.000,20.0,
6.11.2025,19:2:25.790,14.953,26.950,19.992,3.017,250.0,250.0,79.054,24.092,8.868,75.402,52.035,32.271,19.764,31.881,7.146,0.767,6.379,6.403,0.000,0.000,0.000,0.000,20.0,
6.11.2025,19:2:26.787,21.750,29.741,22.776,3.038,250.0,250.0,83.133,38.949,8.822,74.482,51.438,31.895,19.543,31.517,82.494,17.074,65.420,6.802,0.000,0.000,0.000,0.000,20.0,
6.11.2025,19:2:27.788,14.953,29.786,22.807,3.025,250.0,250.0,80.006,23.654,8.827,73.802,51.028,31.644,19.384,31.267,7.106,0.720,6.386,6.378,0.000,0.000,0.000,2.125,20.0,
6.11.2025,19:2:28.780,23.110,29.589,22.625,3.046,250.0,250.0,80.216,47.593,8.851,74.596,51.526,31.953,19.573,31.563,125.666,34.725,90.941,6.539,0.000,0.000,2.250,0.000,20.0,
6.11.2025,19:2:29.789,17.672,27.952,21.059,2.967,250.0,250.0,75.792,41.170,8.850,73.870,51.074,31.672,19.402,31.295,94.394,21.871,72.523,6.751,0.000,0.000,0.000,0.000,20.0,
6.11.2025,19:2:30.788,20.391,30.032,23.024,3.097,250.0,250.0,79.333,23.881,8.826,74.578,51.503,31.941,19.562,31.552,7.205,0.789,6.416,6.438,0.000,0.000,0.000,0.000,20.0,
6.11.2025,19:2:31.786,19.032,28.156,21.184,3.044,250.0,250.0,82.762,21.596,8.848,65.792,46.128,28.607,17.521,28.266,7.209,0.729,6.480,6.378,0.000,0.000,0.000,0.000,20.0,
6.11.2025,19:2:32.786,28.547,27.795,20.757,3.072,250.0,250.0,80.120,33.002,8.918,73.116,50.653,31.412,19.241,31.034,54.457,7.544,46.913,6.734,0.000,0.000,0.000,0.375,20.0,
6.11.2025,19:2:33.781,17.672,28.465,21.475,3.082,250.0,250.0,79.569,24.208,8.983,75.657,52.273,32.406,19.867,32.017,7.222,0.790,6.432,6.429,0.000,0.000,0.000,0.000,20.0,
6.11.2025,19:2:34.781,20.391,30.143,23.075,3.091,250.0,250.0,83.381,29.381,8.995,69.697,48.612,30.139,18.473,29.773,17.477,4.564,12.913,53.163,0.000,0.000,0.000,0.000,20.0,
6.11.2025,19:2:35.780,20.391,26.436,19.476,3.034,250.0,250.0,79.566,26.735,8.885,72.935,50.522,31.336,19.186,30.959,23.534,3.069,20.465,6.454,0.000,0.000,0.000,0.000,20.0,
6.11.2025,19:2:36.788,23.110,26.144,19.190,3.032,250.0,250.0,79.043,23.711,8.835,73.909,51.084,31.680,19.404,31.290,7.234,0.785,6.449,6.446,0.000,0.000,0.000,0.000,20.0,
6.11.2025,19:2:37.788,19.032,28.056,21.124,3.046,250.0,250.0,82.731,17.386,8.800,49.733,36.240,22.464,13.776,22.196,7.123,0.720,6.403,6.403,0.000,0.000,0.000,0.000,20.0,
6.11.2025,19:2:38.789,24.469,28.023,21.085,2.995,250.0,250.0,79.080,25.328,8.882,73.893,51.101,31.682,19.419,31.305,15.237,1.990,13.247,6.522,0.000,0.000,0.000,0.000,20.0,
6.11.2025,19:2:39.787,16.313,28.057,21.180,3.005,250.0,250.0,82.797,23.495,8.932,73.106,50.663,31.418,19.245,31.041,7.086,0.717,6.369,6.369,0.000,0.000,0.500,0.000,20.0,
6.11.2025,19:2:40.779,23.110,30.882,23.850,3.052,250.0,250.0,79.434,25.176,8.919,73.232,50.717,31.442,19.275,31.065,15.277,1.980,13.297,6.556,0.000,0.000,0.000,0.000,20.0,
6.11.2025,19:2:41.788,21.750,27.966,21.004,3.061,250.0,250.0,82.755,22.090,8.924,67.700,47.338,29.358,17.980,29.005,7.106,0.720,6.386,6.386,0.000,0.000,0.000,0.000,20.0,
6.11.2025,19:2:42.789,29.907,28.435,21.400,3.061,250.0,250.0,78.722,47.482,8.888,74.199,51.300,31.810,19.490,31.433,125.485,34.469,91.016,6.726,0.000,0.000,0.500,0.000,20.0,
6.11.2025,19:2:43.789,23.110,27.949,21.026,3.038,250.0,250.0,79.353,23.856,8.912,74.378,51.439,31.898,19.541,31.508,7.220,0.791,6.429,6.446,0.000,0.000,0.000,0.375,20.0,
6.11.2025,19:2:44.790,23.110,27.949,21.026,3.038,250.0,250.0,82.781,60.096,8.859,60.562,42.895,26.599,16.296,26.282,68.665,25.347,43.318,282.139,0.000,0.000,0.000,0.000,42.0,
6.11.2025,19:2:45.789,23.110,30.027,23.011,3.049,250.0,250.0,79.446,36.907,8.846,68.711,47.903,29.704,18.199,29.351,79.863,17.744,62.119,6.633,0.000,0.000,0.000,0.000,42.0,
6.11.2025,19:2:46.788,24.469,28.530,21.572,3.041,250.0,250.0,79.036,22.479,8.848,69.014,48.097,29.820,18.277,29.467,7.326,0.744,6.582,6.616,0.000,0.000,0.000,0.000,42.0,
6.11.2025,19:2:47.786,16.313,25.575,18.692,2.966,250.0,250.0,77.049,22.262,8.849,68.189,47.586,29.504,18.082,29.150,7.305,0.749,6.556,6.650,0.000,0.000,2.375,0.000,42.0,
6.11.2025,19:2:48.783,19.032,26.003,19.093,2.990,250.0,250.0,77.005,33.333,8.883,67.550,47.206,29.264,17.942,28.911,63.454,11.266,52.188,6.667,0.000,0.000,0.000,0.000,42.0,
6.11.2025,19:2:49.787,14.953,24.514,17.650,2.958,250.0,250.0,77.134,24.304,8.838,68.804,47.953,29.736,18.217,29.383,16.648,1.848,14.800,6.811,0.000,0.000,0.000,0.000,42.0,
6.11.2025,19:2:50.783,17.672,25.118,18.241,2.971,250.0,250.0,77.183,36.327,8.860,68.675,47.886,29.696,18.190,29.343,76.983,16.450,60.533,6.658,0.000,0.000,0.375,0.000,42.0,
6.11.2025,19:2:51.789,14.953,28.198,21.228,3.027,250.0,250.0,77.289,33.673,8.837,68.940,48.031,29.781,18.250,29.428,63.386,11.233,52.153,6.692,0.000,0.000,0.000,0.000,42.0,
6.11.2025,19:2:52.788,24.469,25.481,18.548,3.007,250.0,250.0,77.080,43.510,8.906,68.498,47.802,29.641,18.161,29.288,113.215,32.164,81.051,6.378,0.000,0.000,0.000,0.000,42.0,
6.11.2025,19:2:53.782,19.032,33.376,26.136,3.291,250.0,250.0,78.004,42.037,8.931,68.158,47.607,29.518,18.089,29.165,106.253,29.370,76.883,6.394,0.000,0.000,0.000,0.000,42.0,
6.11.2025,19:2:54.778,20.391,32.331,24.999,3.396,250.0,250.0,77.083,23.947,8.934,67.874,47.437,29.417,18.020,29.064,16.145,1.740,14.405,6.438,0.000,0.000,0.000,0.000,42.0,
6.11.2025,19:2:55.783,17.672,34.803,27.287,3.491,250.0,250.0,70.712,43.896,8.954,67.413,47.165,29.244,17.921,28.903,116.403,32.959,83.444,6.556,0.000,0.000,0.000,0.000,42.0,
6.11.2025,19:2:56.778,13.594,25.912,19.047,2.976,250.0,250.0,70.815,13.402,8.916,34.395,26.865,16.659,10.206,16.463,7.075,0.714,6.361,6.361,0.000,0.000,0.000,0.000,42.0,
6.11.2025,19:2:57.783,28.547,26.146,19.227,2.972,250.0,250.0,73.530,21.977,8.893,67.358,47.095,29.201,17.894,28.848,7.067,0.715,6.352,6.352,0.000,0.000,0.000,0.000,42.0,
6.11.2025,19:2:58.785,25.829,24.842,18.028,2.945,250.0,250.0,73.994,44.098,8.822,68.396,47.695,29.569,18.126,29.216,116.354,33.010,83.344,6.446,0.000,0.000,0.000,0.000,42.0,
6.11.2025,19:2:59.789,14.953,25.188,18.312,2.910,250.0,250.0,70.648,22.120,8.834,67.968,47.441,29.411,18.030,29.058,7.057,0.714,6.343,6.343,0.000,0.000,0.000,0.000,42.0,
6.11.2025,19:3:0.785,29.907,26.097,19.282,2.937,250.0,250.0,73.944,22.032,8.857,67.532,47.185,29.253,17.932,28.900,7.130,0.727,6.403,6.403,0.000,0.000,0.250,0.000,42.0,
6.11.2025,19:3:1.783,16.313,27.709,20.778,2.996,250.0,250.0,63.855,23.435,8.921,72.918,50.537,31.330,19.207,30.952,7.067,0.715,6.352,6.352,0.000,0.000,0.000,0.000,42.0,
6.11.2025,19:3:2.788,25.829,26.573,19.518,3.176,250.0,250.0,79.339,23.841,8.901,74.472,51.487,31.922,19.565,31.544,7.078,0.717,6.361,6.361,0.000,0.000,0.000,0.000,42.0,
6.11.2025,19:3:3.786,17.672,29.998,22.891,3.134,250.0,250.0,82.839,23.841,8.912,72.956,50.539,31.343,19.196,30.966,125.380,34.467,90.913,6.480,0.000,0.000,0.000,0.000,42.0,
6.11.2025,19:3:4.786,19.032,28.532,21.550,3.050,250.0,250.0,82.839,47.115,8.912,72.956,50.539,31.343,19.196,30.966,125.380,34.467,90.913,6.480,0.000,0.000,0.000,0.000,42.0,
6.11.2025,19:3:5.782,21.750,26.473,19.544,3.025,250.0,250.0,79.334,23.735,8.958,73.965,51.199,31.747,19.452,31.369,7.106,0.720,6.386,6.446,0.000,0.000,0.000,2.375,42.0,
6.11.2025,19:3:6.784,14.953,27.277,20.292,3.052,250.0,250.0,82.984,36.903,8.896,48.003,35.211,21.831,13.380,21.563,7.066,0.714,6.352,206.013,0.000,0.000,1.625,0.000,42.0,
6.11.2025,19:3:7.783,16.313,25.177,18.210,3.022,250.0,250.0,79.813,23.902,8.848,74.581,51.520,31.949,19.571,31.560,7.250,0.793,6.457,6.489,0.000,0.000,0.000,0.000,42.0,
6.11.2025,19:3:8.780,39.422,28.222,21.269,3.014,250.0,250.0,79.620,23.691,8.850,73.940,51.127,31.699,19.428,31.322,7.078,0.717,6.361,6.386,0.000,0.000,0.000,0.000,42.0,
6.11.2025,19:3:9.789,17.672,26.860,19.969,2.994,250.0,250.0,82.676,36.565,8.870,47.765,35.039,21.726,13.313,21.458,7.230,0.733,6.497,203.014,0.000,0.000,0.000,0.000,42.0,
6.11.2025,19:3:10.788,24.469,27.769,20.835,2.997,250.0,250.0,78.931,46.458,8.912,74.428,51.458,31.907,19.551,31.529,120.027,32.714,87.313,6.743,0.000,0.001,0.000,0.000,42.0,
6.11.2025,19:3:11.802,25.829,30.000,23.003,3.067,250.0,250.0,79.941,23.816,8.924,74.279,51.383,31.865,19.518,31.475,7.141,0.754,6.387,6.429,0.000,0.000,0.000,0.000,42.0,
6.11.2025,19:3:12.797,27.188,26.406,19.383,3.079,250.0,250.0,83.429,47.433,8.899,74.053,51.217,31.763,19.454,31.385,125.448,34.596,90.852,6.658,0.000,0.000,0.000,0.000,42.0,
6.11.2025,19:3:13.793,16.313,26.952,19.981,3.015,250.0,250.0,79.855,23.763,8.827,74.134,51.222,31.758,19.464,31.380,7.211,0.779,6.432,6.429,0.000,0.000,0.000,0.000,42.0,
6.11.2025,19:3:14.796,31.266,27.405,20.465,3.045,250.0,250.0,83.046,24.036,8.846,75.246,51.922,32.190,19.732,31.800,7.134,0.770,6.364,6.361,0.000,0.000,0.000,0.000,42.0,
6.11.2025,19:3:15.804,14.953,28.156,21.179,3.006,250.0,250.0,79.686,35.589,8.824,76.333,52.581,32.600,19.981,32.210,63.402,9.874,53.528,6.556,0.000,0.000,0.000,0.000,42.0,
6.11.2025,19:3:16.806,21.750,26.821,19.907,3.007,250.0,250.0,79.838,24.617,8.893,77.310,53.242,33.016,20.226,32.615,7.225,0.802,6.423,6.420,0.000,0.001,0.000,0.000,42.0,
6.11.2025,19:3:17.797,24.469,26.475,19.573,3.001,250.0,250.0,79.673,24.496,8.932,76.865,52.990,32.860,20.130,32.459,7.167,0.778,6.389,6.386,0.000,0.000,0.000,0.000,42.0,
6.11.2025,19:3:18.798,27.188,28.699,21.737,3.004,250.0,250.0,82.677,73.047,8.914,71.608,49.736,30.837,18.899,30.460,33.672,10.778,22.894,452.670,0.000,0.000,0.000,1.125,42.0,
6.11.2025,19:3:19.811,31.266,27.626,20.696,3.017,250.0,250.0,79.281,30.661,8.953,75.318,52.039,32.275,19.764,31.886,39.964,5.207,34.757,6.446,0.000,0.000,0.000,0.000,42.0,
6.11.2025,19:3:20.811,25.829,27.721,20.760,3.013,250.0,250.0,78.504,24.317,8.954,76.157,52.567,32.594,19.973,32.204,7.169,0.779,6.390,6.386,0.000,0.000,0.000,0.000,42.0,
6.11.2025,19:3:21.819,29.907,27.806,20.818,3.057,250.0,250.0,82.702,23.725,8.874,74.047,51.201,31.748,19.453,31.370,7.088,0.719,6.369,6.386,0.000,0.000,0.000,0.000,42.0,
6.11.2025,19:3:22.820,23.110,29.501,22.557,3.031,250.0,250.0,79.669,23.467,8.837,72.939,50.504,31.308,19.196,30.930,7.194,0.731,6.463,6.573,0.000,0.000,2.375,0.000,42.0,
6.11.2025,19:3:23.818,27.188,29.028,22.026,3.075,250.0,250.0,79.425,24.198,8.813,75.890,52.298,32.435,19.863,32.045,7.106,0.720,6.386,6.420,0.000,0.000,0.000,0.000,42.0,
6.11.2025,19:3:24.813,35.344,30.541,23.601,3.011,250.0,250.0,82.827,23.880,8.862,74.396,51.417,31.880,19.537,31.490,7.292,0.770,6.522,6.633,0.000,0.000,0.000,0.000,42.0,
6.11.2025,19:3:25.813,19.032,26.778,19.804,3.033,250.0,250.0,79.825,23.954,8.888,74.871,51.719,32.069,19.650,31.691,7.111,0.725,6.386,6.429,0.000,0.000,0.000,0.000,42.0,
6.11.2025,19:3:26.813,17.672,27.247,20.321,3.006,250.0,250.0,83.374,34.110,8.859,75.132,51.857,32.154,19.703,31.777,57.381,8.251,49.130,6.853,0.000,0.000,0.000,0.875,42.0,
6.11.2025,19:3:27.819,21.750,27.038,20.082,3.039,250.0,250.0,79.588,23.977,8.937,74.907,51.781,32.106,19.675,31.717,7.106,0.720,6.386,6.429,0.000,0.000,0.000,0.000,42.0,
6.11.2025,19:3:28.819,16.313,26.607,19.627,3.061,250.0,250.0,83.038,31.142,8.833,49.810,36.275,22.489,13.786,22.221,30.784,9.413,21.371,96.434,0.000,0.000,0.000,0.000,42.0,
6.11.2025,19:3:29.820,20.391,25.104,18.135,3.042,250.0,250.0,80.492,45.137,8.939,75.424,52.121,32.315,19.806,31.926,112.141,30.090,82.051,6.556,0.000,0.000,0.000,0.000,42.0,
6.11.2025,19:3:30.814,17.672,29.069,22.025,3.112,250.0,250.0,80.011,23.960,8.865,74.843,51.691,32.047,19.644,31.657,7.194,0.731,6.463,6.463,0.000,0.000,0.000,0.000,42.0,
6.11.2025,19:3:31.814,17.672,28.007,21.020,3.056,250.0,250.0,82.911,23.845,8.837,74.507,51.476,31.915,19.561,31.526,7.114,0.720,6.394,6.394,0.000,0.000,0.000,0.000,42.0,
6.11.2025,19:3:32.812,14.953,26.774,19.757,3.068,250.0,250.0,79.705,47.488,8.849,74.586,51.532,31.956,19.576,31.567,125.190,34.679,90.511,6.429,0.000,0.000,0.000,0.000,42.0,
6.11.2025,19:3:33.809,17.672,29.435,22.389,3.107,250.0,250.0,79.685,23.655,8.906,73.458,50.867,31.538,19.329,31.160,7.404,0.829,6.575,6.489,0.000,0.000,0.000,0.000,42.0,
6.11.2025,19:3:34.820,31.266,28.033,21.100,3.044,250.0,250.0,79.698,23.933,8.859,74.728,51.622,32.013,19.609,31.623,7.205,0.742,6.463,6.463,0.000,0.000,0.000,0.000,42.0,
6.11.2025,19:3:35.820,21.750,25.560,18.591,3.038,250.0,250.0,79.192,24.252,8.833,76.048,52.429,32.514,19.915,32.124,7.126,0.723,6.403,6.403,0.000,0.000,0.000,0.000,42.0,
6.11.2025,19:3:36.822,16.313,25.886,18.935,3.041,250.0,250.0,83.224,20.614,8.800,62.189,43.887,27.214,16.673,26.885,7.068,0.716,6.352,6.352,0.000,0.000,0.000,0.000,42.0,
6.11.2025,19:3:37.816,16.313,28.874,21.860,3.045,250.0,250.0,79.965,23.926,8.823,74.760,51.605,32.002,19.603,31.612,7.194,0.731,6.463,6.463,0.000,0.000,0.000,0.000,42.0,
6.11.2025,19:3:38.814,19.032,26.809,19.847,3.037,250.0,250.0,79.232,23.895,8.809,74.681,51.543,31.958,19.585,31.581,7.164,0.726,6.438,6.463,0.000,0.000,0.500,0.000,42.0,
6.11.2025,19:3:39.818,19.032,25.728,18.811,3.013,250.0,250.0,83.400,17.646,8.785,50.798,36.884,22.870,14.014,22.589,7.078,0.717,6.361,6.361,0.000,0.000,0.000,0.000,42.0,
6.11.2025,19:3:40.820,17.672,29.152,22.129,3.077,250.0,250.0,79.555,28.580,8.857,69.103,48.151,29.857,18.294,29.492,37.841,13.096,24.745,6.361,0.000,0.000,0.000,0.000,42.0,
6.11.2025,19:3:41.820,14.953,27.615,20.639,3.022,250.0,250.0,79.627,23.908,8.810,74.582,51.500,31.932,19.568,31.543,7.308,0.818,6.490,6.530,0.000,0.000,0.000,0.000,42.0,
6.11.2025,19:3:42.820,25.829,28.931,21.915,3.101,250.0,250.0,79.943,23.738,8.870,74.091,51.223,31.763,19.460,31.386,7.095,0.717,6.378,6.394,0.000,0.000,0.000,0.000,42.0,
6.11.2025,19:3:43.818,10.875,28.428,21.492,3.017,250.0,250.0,83.013,26.293,8.905,73.637,50.950,31.587,19.363,31.210,20.309,2.765,17.544,6.658,0.000,0.000,0.000,0.000,42.0,
6.11.2025,19:3:44.818,20.391,28.888,21.937,3.002,250.0,250.0,75.323,13.615,8.749,35.351,27.355,16.965,10.390,16.757,7.123,0.720,6.403,6.335,0.000,0.000,0.000,0.000,42.0,
6.11.2025,19:3:45.820,16.313,28.758,21.774,3.038,250.0,250.0,79.443,24.024,8.823,75.227,51.896,32.184,19.712,31.794,7.105,0.719,6.386,6.394,0.000,0.000,0.000,0.000,42.0,
6.11.2025,19:3:46.817,20.391,27.931,21.028,3.037,250.0,250.0,82.882,24.004,8.823,74.931,51.726,32.070,19.656,31.681,7.316,0.791,6.525,6.522,0.000,0.000,0.000,0.000,42.0,
6.11.2025,19:3:47.815,23.110,29.247,22.275,3.039,250.0,250.0,79.996,23.751,8.810,74.162,51.233,31.774,19.459,31.384,7.138,0.726,6.412,6.412,0.000,0.000,0.000,0.000,42.0,
6.11.2025,19:3:48.815,14.953,27.436,20.460,3.021,250.0,250.0,79.040,23.620,8.809,73.708,50.963,31.602,19.361,31.213,7.086,0.717,6.369,6.369,0.000,0.000,0.000,0.000,42.0,
6.11.2025,19:3:49.815,20.391,28.503,21.573,3.028,250.0,250.0,81.102,35.195,8.845,55.600,39.828,24.701,15.127,24.409,53.531,19.640,33.891,76.374,0.000,0.000,0.000,0.000,42.0,
6.11.2025,19:3:50.812,17.672,29.645,22.636,3.054,250.0,250.0,78.014,31.053,8.797,47.548,34.865,21.621,13.244,21.365,10.235,1.635,8.600,142.624,0.000,0.000,0.000,0.000,42.0,
6.11.2025,19:3:51.813,28.547,29.357,22.391,3.040,250.0,250.0,80.142,14.036,8.796,36.434,28.055,17.388,10.667,17.180,7.576,0.884,6.692,6.692,0.000,0.000,0.000,0.000,42.0,
6.11.2025,19:3:52.819,21.750,25.834,18.879,3.031,250.0,250.0,79.708,32.980,8.820,73.332,50.723,31.451,19.272,31.074,54.139,7.401,46.738,6.853,0.000,0.000,1.000,0.000,42.0,
6.11.2025,19:3:53.819,17.672,29.615,22.579,3.117,250.0,250.0,79.793,23.978,8.782,75.006,51.716,32.065,19.651,31.688,7.217,0.778,6.439,6.438,0.000,0.000,0.000,0.000,42.0,
6.11.2025,19:3:54.820,17.672,27.211,20.226,3.036,250.0,250.0,83.036,35.557,8.781,69.399,48.306,29.953,18.353,29.588,72.318,26.520,45.798,6.550,0.000,0.000,0.000,0.000,42.0,
6.11.2025,19:3:55.811,21.750,32.502,24.969,3.502,250.0,250.0,80.352,23.842,8.794,74.369,51.354,31.844,19.510,31.454,7.270,0.787,6.483,6.556,0.000,0.000,0.000,0.000,42.0,
6.11.2025,19:3:56.822,16.313,32.556,25.152,3.392,250.0,250.0,81.560,23.583,8.844,73.517,50.860,31.538,19.322,31.149,7.105,0.719,6.386,6.386,0.000,0.000,0.000,0.000,42.0,
6.11.2025,19:3:57.822,19.032,27.149,20.186,3.052,250.0,250.0,82.094,24.084,8.802,75.211,51.880,32.179,19.701,31.789,7.367,0.807,6.560,6.539,0.000,0.000,0.000,0.000,42.0,
6.11.2025,19:3:58.819,24.469,26.924,20.022,3.012,250.0,250.0,80.761,20.991,8.786,63.618,44.763,27.755,17.008,27.414,7.095,0.717,6.378,6.378,0.000,0.000,0.000,0.000,42.0,
6.11.2025,19:3:59.819,16.313,28.398,21.428,3.034,250.0,250.0,82.680,25.622,8.787,75.084,51.802,32.121,19.681,31.731,15.134,1.990,13.144,6.751,0.000,0.000,0.000,0.000,42.0,
6.11.2025,19:4:0.828,14.953,28.844,21.774,3.120,250.0,250.0,79.576,23.413,8.794,72.899,50.441,31.272,19.169,30.895,7.122,0.719,6.403,6.412,0.000,0.000,0.000,0.000,42.0,
6.11.2025,19:4:1.828,19.032,29.870,22.858,3.062,250.0,250.0,83.263,34.093,8.808,74.925,51.712,32.061,19.651,31.672,57.615,8.376,49.239,6.870,0.000,0.000,0.000,0.000,42.0,
6.11.2025,19:4:2.826,17.672,26.679,19.750,3.021,250.0,250.0,80.396,23.959,8.847,74.764,51.631,32.023,19.608,31.634,7.253,0.786,6.467,6.573,0.000,0.000,0.000,0.000,42.0,
6.11.2025,19:4:3.841,17.672,28.579,21.524,3.115,250.0,250.0,79.717,22.153,8.827,67.937,47.408,29.399,18.009,29.046,7.213,0.733,6.480,6.480,0.000,0.000,0.000,0.000,42.0,
6.11.2025,19:4:4.847,14.953,25.208,18.327,2.967,250.0,250.0,78.368,22.278,8.845,68.415,47.720,29.594,18.126,29.229,7.192,0.729,6.463,6.463,0.000,0.000,0.000,0.000,42.0,
6.11.2025,19:4:5.848,20.391,25.470,18.588,2.970,250.0,250.0,77.776,22.260,8.889,68.320,47.684,29.562,18.122,29.209,7.182,0.736,6.446,6.446,0.000,0.000,0.000,0.000,42.0,
6.11.2025,19:4:6.851,17.672,28.585,21.695,2.975,250.0,250.0,77.218,22.264,8.785,68.444,47.701,29.572,18.129,29.219,7.171,0.725,6.446,6.446,0.000,0.000,0.000,0.000,42.0,
6.11.2025,19:4:7.842,17.672,26.192,19.302,2.980,250.0,250.0,77.145,22.341,8.798,68.722,47.887,29.696,18.191,29.331,7.171,0.725,6.446,6.446,0.000,0.000,0.000,0.000,42.0,
6.11.2025,19:4:8.842,24.469,25.320,18.402,2.987,250.0,250.0,77.333,22.250,8.772,68.448,47.694,29.568,18.126,29.215,7.134,0.722,6.412,6.412,0.000,0.000,0.000,0.000,42.0,
6.11.2025,19:4:9.843,16.313,25.726,18.829,3.012,250.0,250.0,77.739,22.425,8.858,69.053,48.127,29.840,18.287,29.475,7.112,0.726,6.386,6.386,0.000,0.000,0.000,0.375,42.0,
6.11.2025,19:4:10.845,20.391,28.113,21.127,3.045,250.0,250.0,77.183,22.205,8.845,68.234,47.594,29.518,18.076,29.165,7.113,0.719,6.394,6.394,0.000,0.000,0.000,0.000,42.0,
6.11.2025,19:4:11.851,16.313,27.404,20.493,3.014,250.0,250.0,78.558,33.129,8.832,80.085,54.892,34.040,20.852,33.627,38.316,13.402,24.914,22.330,0.000,0.000,0.000,0.000,42.0,
6.11.2025,19:4:12.851,16.313,26.167,19.227,3.007,250.0,250.0,75.675,44.272,8.828,69.390,48.312,29.961,18.351,29.596,115.920,32.852,83.068,6.446,0.000,0.000,0.000,0.000,42.0,
6.11.2025,19:4:13.845,42.141,26.385,19.480,2.988,250.0,250.0,74.275,15.340,8.745,42.000,31.449,19.504,11.945,19.272,7.066,0.714,6.352,6.352,0.000,0.000,0.000,0.000,42.0,
6.11.2025,19:4:14.843,23.110,26.499,19.636,2.983,250.0,250.0,72.992,22.180,8.807,68.225,47.572,29.500,18.072,29.135,7.067,0.715,6.352,6.352,0.000,0.000,0.000,0.000,42.0,
6.11.2025,19:4:15.844,24.469,25.840,18.922,2.966,250.0,250.0,72.146,44.091,8.768,68.761,47.890,29.696,18.194,29.331,115.729,32.554,83.175,6.811,0.000,0.000,0.000,0.000,42.0,
6.11.2025,19:4:16.851,24.469,23.268,16.446,2.938,250.0,250.0,74.028,19.600,8.758,58.019,41.283,25.601,15.682,25.297,7.510,0.759,6.751,6.343,0.000,0.000,0.000,0.000,42.0,
6.11.2025,19:4:17.852,17.672,25.748,18.880,2.986,250.0,250.0,73.928,22.153,8.795,68.124,47.503,29.454,18.049,29.101,7.066,0.723,6.343,6.369,0.000,0.000,0.000,0.000,42.0,
6.11.2025,19:4:18.850,28.547,26.998,20.115,2.989,250.0,250.0,70.114,17.141,8.798,48.455,35.450,21.978,13.472,21.709,7.595,0.840,6.755,6.361,0.000,0.000,0.000,0.000,42.0,
6.11.2025,19:4:19.851,0.000,26.318,19.286,3.130,250.0,250.0,63.268,41.676,8.797,74.189,51.235,31.768,19.467,31.391,96.566,23.245,73.321,6.777,0.000,0.000,0.625,0.000,42.0,
6.11.2025,19:4:20.851,23.110,30.493,23.407,3.100,250.0,250.0,79.577,23.663,8.824,73.818,51.035,31.646,19.389,31.256,7.126,0.732,6.394,6.412,0.000,0.000,0.000,0.125,42.0,
6.11.2025,19:4:21.851,29.907,27.678,20.699,3.076,250.0,250.0,83.172,23.621,8.827,73.688,50.959,31.603,19.356,31.213,7.086,0.717,6.369,6.394,0.000,0.000,0.000,0.000,42.0,
6.11.2025,19:4:22.850,19.032,27.701,20.705,3.066,250.0,250.0,79.179,16.931,8.794,47.968,35.138,21.786,13.352,21.517,7.193,0.730,6.463,6.369,0.000,0.000,0.000,0.000,42.0,
6.11.2025,19:4:23.841,19.032,27.701,20.705,3.066,250.0,250.0,79.991,47.577,8.837,74.895,51.710,32.063,19.647,31.685,125.167,34.305,90.862,6.598,0.000,0.000,0.000,0.000,42.0,
6.11.2025,19:4:24.842,29.907,27.178,20.197,3.040,250.0,250.0,79.944,24.153,8.848,75.604,52.146,32.334,19.812,31.945,7.205,0.776,6.429,6.429,0.000,0.000,0.000,0.000,42.0,
6.11.2025,19:4:25.850,31.266,25.910,18.978,3.028,250.0,250.0,83.591,26.362,8.841,44.995,33.319,20.665,12.654,20.409,17.304,4.541,12.763,88.128,0.000,0.000,0.000,0.000,42.0,
6.11.2025,19:4:26.845,38.063,26.063,19.069,3.031,250.0,250.0,79.143,23.676,8.891,73.500,50.848,31.535,19.313,31.158,7.508,0.923,6.585,6.497,0.000,0.000,0.000,0.000,42.0,
6.11.2025,19:4:27.852,47.579,26.104,19.168,3.029,250.0,250.0,80.270,23.629,8.967,73.512,50.934,31.583,19.351,31.193,7.174,0.771,6.403,6.403,0.000,0.000,2.625,0.000,42.0,
6.11.2025,19:4:28.845,35.344,24.844,17.899,3.035,250.0,250.0,81.124,47.011,8.914,73.057,50.606,31.385,19.221,31.008,124.781,34.251,90.530,6.361,0.000,0.000,0.000,0.000,42.0,
6.11.2025,19:4:29.843,19.032,28.046,21.063,3.041,250.0,250.0,79.244,23.555,8.799,73.381,50.734,31.463,19.271,31.086,7.191,0.753,6.438,6.438,0.000,0.000,0.000,0.000,42.0,
6.11.2025,19:4:30.851,17.672,27.411,20.483,3.041,250.0,250.0,79.250,23.324,8.804,72.612,50.257,31.166,19.091,30.789,7.078,0.717,6.361,6.361,0.000,0.000,1.125,0.000,42.0,
6.11.2025,19:4:31.843,17.672,28.881,21.781,3.131,250.0,250.0,82.967,24.012,8.869,75.051,51.816,32.131,19.685,31.742,7.201,0.781,6.420,6.420,0.000,0.000,0.000,0.000,42.0,
6.11.2025,19:4:32.846,24.469,27.646,20.675,3.056,250.0,250.0,81.989,22.716,8.810,59.767,42.386,26.284,16.102,25.968,16.463,3.988,12.475,14.917,0.000,0.000,0.000,0.000,42.0,
6.11.2025,19:4:33.847,16.313,26.079,19.029,3.085,250.0,250.0,80.155,31.235,8.846,73.435,50.802,31.503,19.299,31.126,45.270,5.943,39.327,6.802,0.000,0.000,0.000,0.000,42.0,
6.11.2025,19:4:34.843,29.907,25.595,18.707,3.015,250.0,250.0,79.019,23.850,8.839,74.540,51.491,31.929,19.562,31.539,7.104,0.743,6.361,6.394,0.000,0.000,0.000,0.375,42.0,
6.11.2025,19:4:35.846,17.672,26.132,19.219,2.981,250.0,250.0,83.076,47.406,8.873,74.384,51.406,31.873,19.533,31.496,125.054,34.265,90.789,6.386,0.000,0.000,0.000,0.000,42.0,
6.11.2025,19:4:36.851,28.547,28.040,21.068,3.025,250.0,250.0,79.769,23.708,8.864,73.939,51.127,31.699,19.428,31.322,7.139,0.727,6.412,6.420,0.000,0.000,0.000,0.000,42.0,
6.11.2025,19:4:37.861,21.750,25.995,19.062,3.013,250.0,250.0,82.100,42.833,8.847,73.778,51.018,31.631,19.387,31.253,102.821,26.233,76.588,6.777,0.000,0.000,0.000,0.000,42.0,
6.11.2025,19:4:38.870,23.110,27.246,20.312,3.037,250.0,250.0,79.173,23.812,8.799,74.263,51.285,31.800,19.485,31.423,7.252,0.786,6.466,6.556,0.000,0.000,0.000,0.000,42.0,
6.11.2025,19:4:39.858,16.313,26.549,19.631,2.999,250.0,250.0,79.304,23.812,8.788,73.598,50.873,31.546,19.327,31.157,7.137,0.734,6.403,6.429,0.000,0.000,0.000,0.000,42.0,
6.11.2025,19:4:40.868,38.063,26.560,19.665,2.991,250.0,250.0,80.951,45.087,8.822,72.554,50.233,31.144,19.089,30.767,115.789,31.131,84.658,6.683,0.000,0.000,0.000,0.000,42.0,
6.11.2025,19:4:41.868,20.391,30.916,23.841,3.073,250.0,250.0,80.951,45.087,8.822,72.554,50.233,31.144,19.089,30.767,115.789,31.131,84.658,6.683,0.000,0.000,0.000,0.000,42.0,
6.11.2025,19:4:42.865,17.672,27.912,20.950,3.034,250.0,250.0,79.661,23.783,8.873,74.099,51.223,31.763,19.460,31.386,7.276,0.802,6.474,6.471,0.000,0.000,0.000,2.125,42.0,
6.11.2025,19:4:43.866,14.953,27.750,20.765,3.074,250.0,250.0,80.182,24.185,8.885,75.735,52.255,32.402,19.853,32.012,7.159,0.773,6.386,6.386,0.000,0.000,0.000,0.000,42.0,
6.11.2025,19:4:44.860,17.672,27.740,20.823,3.001,250.0,250.0,83.223,40.572,8.845,73.305,50.719,31.456,19.263,31.078,92.293,30.127,62.166,6.463,0.000,0.000,0.375,0.000,42.0,
6.11.2025,19:4:45.858,23.110,27.829,20.874,3.021,250.0,250.0,79.652,23.884,8.798,74.733,51.563,31.979,19.584,31.590,7.105,0.719,6.386,6.386,0.000,0.000,0.000,0.000,42.0,
6.11.2025,19:4:46.870,17.672,27.430,20.480,3.004,250.0,250.0,82.664,23.522,8.826,73.345,50.736,31.466,19.270,31.089,7.067,0.715,6.352,6.352,0.000,0.000,0.000,0.000,42.0,
6.11.2025,19:4:47.866,38.063,27.483,20.560,3.014,250.0,250.0,78.877,25.212,8.826,73.423,50.780,31.488,19.292,31.110,15.335,2.044,13.291,6.530,0.000,0.000,0.000,0.000,42.0,
6.11.2025,19:4:48.870,21.750,28.619,21.719,3.027,250.0,250.0,79.175,23.702,8.873,73.847,51.083,31.670,19.413,31.292,7.215,0.800,6.415,6.412,0.000,0.000,0.000,0.000,42.0,
6.11.2025,19:4:49.863,24.469,27.383,20.437,3.002,250.0,250.0,78.712,23.685,8.873,73.871,51.089,31.678,19.411,31.301,7.114,0.720,6.394,6.394,0.000,0.000,0.000,0.000,42.0,
6.11.2025,19:4:50.862,16.313,28.022,21.077,3.034,250.0,250.0,82.956,23.982,8.905,74.676,51.618,32.003,19.615,31.614,7.482,1.046,6.436,6.429,0.000,0.000,0.000,0.000,42.0,
6.11.2025,19:4:51.871,16.313,28.895,21.876,3.068,250.0,250.0,83.319,29.868,8.883,70.961,49.318,30.582,18.736,30.216,41.814,14.977,26.837,6.361,0.000,0.001,0.000,0.000,42.0,
6.11.2025,19:4:52.858,44.860,27.985,20.984,3.068,250.0,250.0,79.032,24.686,8.902,76.014,52.442,32.522,19.920,32.120,9.182,1.153,8.029,6.573,0.000,0.000,0.000,0.000,42.0,
6.11.2025,19:4:53.858,19.032,28.273,21.322,3.034,250.0,250.0,82.588,16.443,8.786,43.667,32.473,20.140,12.333,19.896,7.510,0.759,6.751,12.118,0.000,0.001,0.000,0.000,42.0,
6.11.2025,19:4:54.871,17.672,25.581,18.594,3.026,250.0,250.0,79.051,24.055,8.861,75.218,51.918,32.190,19.728,31.800,7.186,0.780,6.406,6.463,0.000,0.000,0.000,0.000,42.0,
6.11.2025,19:4:55.869,21.750,27.187,20.319,2.996,250.0,250.0,82.221,22.860,8.873,70.185,48.829,30.268,18.561,29.903,7.269,0.917,6.352,7.443,0.000,0.000,0.000,0.000,42.0,
6.11.2025,19:4:56.862,25.829,27.278,20.321,3.011,250.0,250.0,79.444,24.236,8.896,75.855,52.327,32.443,19.884,32.054,7.226,0.794,6.432,6.446,0.000,0.000,0.000,0.000,42.0,
6.11.2025,19:4:57.871,23.110,32.548,24.965,3.595,250.0,250.0,79.190,23.786,8.885,74.201,51.295,31.804,19.491,31.414,7.177,0.773,6.404,6.412,0.000,0.000,0.000,0.000,42.0,
6.11.2025,19:4:58.857,16.313,32.062,24.824,3.264,250.0,250.0,82.578,45.121,8.881,75.077,51.830,32.137,19.693,31.747,112.693,32.346,80.347,6.463,0.000,0.000,0.000,0.000,42.0,
6.11.2025,19:4:59.868,17.672,26.540,19.635,2.989,250.0,250.0,79.061,13.966,8.802,36.631,28.178,17.466,10.712,17.258,7.134,0.722,6.412,6.343,0.000,0.000,0.000,0.000,42.0,
6.11.2025,19:5:0.881,17.672,27.636,20.700,3.033,250.0,250.0,78.440,24.171,8.886,75.619,52.201,32.365,19.836,31.976,7.192,0.786,6.406,6.446,0.000,0.000,0.000,0.000,42.0,
6.11.2025,19:5:1.880,16.313,27.750,20.697,3.046,250.0,250.0,79.932,23.643,8.878,73.687,50.979,31.614,19.365,31.224,7.136,0.724,6.412,6.412,0.000,0.000,0.000,0.000,42.0,
6.11.2025,19:5:2.876,20.391,25.791,18.854,3.041,250.0,250.0,81.787,29.841,8.847,74.032,51.157,31.716,19.441,31.339,37.673,4.944,32.729,6.530,0.000,0.000,0.375,0.000,42.0,
6.11.2025,19:5:3.890,25.829,28.365,21.303,3.111,250.0,250.0,79.448,23.741,8.869,72.613,50.302,31.198,19.104,30.821,8.984,1.057,7.927,6.530,0.000,0.000,0.000,0.000,42.0,
6.11.2025,19:5:4.892,23.110,26.763,19.857,3.018,250.0,250.0,79.437,23.692,8.908,73.820,51.078,31.667,19.411,31.289,7.160,0.731,6.429,6.429,0.000,0.000,0.000,0.000,42.0,
6.11.2025,19:5:5.888,23.110,26.466,19.498,3.038,250.0,250.0,82.878,22.781,8.847,70.414,48.976,30.365,18.611,30.000,7.107,0.721,6.386,6.386,0.000,0.000,0.000,0.000,42.0,
6.11.2025,19:5:6.901,19.032,27.093,20.157,2.996,250.0,250.0,79.083,23.571,8.844,73.052,50.552,31.353,19.199,30.976,7.612,0.958,6.654,6.505,0.000,0.000,0.000,0.000,42.0,
6.11.2025,19:5:7.896,24.469,28.543,21.546,3.076,250.0,250.0,81.509,24.069,8.846,75.352,51.992,32.239,19.753,31.850,7.126,0.723,6.403,6.403,0.000,0.000,0.000,0.000,42.0,
6.11.2025,19:5:8.897,28.547,26.988,20.060,3.029,250.0,250.0,82.254,23.757,8.849,74.052,51.193,31.743,19.450,31.354,7.222,0.733,6.489,6.489,0.000,0.000,0.000,0.000,42.0,
6.11.2025,19:5:9.899,32.625,25.320,18.373,3.003,250.0,250.0,82.319,23.952,8.831,74.919,51.701,32.067,19.634,31.677,7.146,0.768,6.378,6.403,0.000,0.000,0.000,0.000,42.0,
6.11.2025,19:5:10.891,19.032,30.774,23.791,3.048,250.0,250.0,79.287,42.988,8.895,75.497,52.105,32.307,19.798,31.917,101.265,25.673,75.592,6.828,0.000,0.000,0.000,1.000,42.0,
6.11.2025,19:5:11.888,24.469,37.650,30.382,3.294,250.0,250.0,80.459,24.035,8.869,75.118,51.852,32.155,19.697,31.766,7.196,0.742,6.454,6.497,0.000,0.000,0.000,0.000,42.0,
6.11.2025,19:5:12.904,17.672,33.758,26.524,3.267,250.0,250.0,85.144,25.148,8.937,79.336,54.514,33.806,20.708,33.404,7.185,0.767,6.418,6.403,0.000,0.000,0.000,0.000,42.0,
6.11.2025,19:5:13.902,25.829,30.659,23.501,3.165,250.0,250.0,83.858,47.605,9.040,74.788,51.751,32.087,19.664,31.710,125.161,34.232,90.929,6.692,0.000,0.000,0.000,0.000,42.0,
6.11.2025,19:5:14.893,13.594,31.842,24.816,3.103,250.0,250.0,80.565,25.730,9.029,75.333,52.095,32.296,19.799,31.907,15.090,1.940,13.150,6.658,0.000,0.000,0.000,0.000,42.0,
6.11.2025,19:5:15.899,16.313,31.014,23.913,3.141,250.0,250.0,80.695,24.591,8.946,77.250,53.237,33.008,20.229,32.607,7.115,0.721,6.394,6.403,0.000,0.000,0.000,0.000,42.0,
6.11.2025,19:5:16.895,19.032,29.588,22.599,3.099,250.0,250.0,83.713,33.021,8.884,76.926,52.982,32.855,20.127,32.465,49.580,6.468,43.112,6.811,0.000,0.000,0.375,1.125,42.0,
6.11.2025,19:5:17.895,25.829,28.529,21.534,3.040,250.0,250.0,80.149,23.928,8.910,74.659,51.602,31.996,19.606,31.606,7.230,0.783,6.447,6.446,0.000,0.000,0.000,0.000,42.0,
6.11.2025,19:5:18.910,19.032,29.083,22.147,3.026,250.0,250.0,81.294,19.018,8.884,55.968,40.100,24.865,15.235,24.560,7.095,0.717,6.378,6.378,0.000,0.000,0.000,0.000,42.0,
6.11.2025,19:5:19.904,16.313,27.382,20.393,3.030,250.0,250.0,79.145,32.462,8.915,73.750,51.036,31.648,19.388,31.259,51.006,6.578,44.428,6.616,0.000,0.000,0.000,0.000,42.0,
6.11.2025,19:5:20.913,20.391,29.573,22.640,3.056,250.0,250.0,78.702,23.932,8.995,74.626,51.643,32.018,19.625,31.629,7.184,0.764,6.420,6.420,0.000,0.000,0.000,0.000,42.0,
6.11.2025,19:5:21.913,19.032,26.935,19.981,3.040,250.0,250.0,80.379,44.189,8.948,68.672,47.960,29.736,18.224,29.370,116.155,32.605,83.550,6.667,0.000,0.000,0.000,0.000,42.0,
6.11.2025,19:5:22.913,28.547,25.848,18.903,3.017,250.0,250.0,77.953,22.368,8.967,68.605,47.909,29.707,18.202,29.354,7.222,0.733,6.489,6.489,0.000,0.000,0.000,0.000,42.0,
6.11.2025,19:5:23.913,19.032,27.327,20.404,2.999,250.0,250.0,77.299,22.365,8.921,68.662,47.917,29.712,18.205,29.359,7.204,0.741,6.463,6.463,0.000,0.000,0.000,0.000,42.0,
6.11.2025,19:5:24.914,19.032,24.759,17.872,2.955,250.0,250.0,77.408,22.238,8.846,68.267,47.622,29.533,18.089,29.180,7.192,0.729,6.463,6.463,0.000,0.000,0.000,0.000,42.0,
6.11.2025,19:5:25.906,16.313,23.932,17.031,2.980,250.0,250.0,77.135,22.133,8.932,67.826,47.413,29.392,18.021,29.039,7.143,0.723,6.420,6.420,0.000,0.000,0.000,0.000,42.0,
6.11.2025,19:5:26.906,16.313,25.024,18.167,2.963,250.0,250.0,77.102,22.099,8.908,67.763,47.346,29.365,17.981,29.012,7.113,0.719,6.394,6.386,0.000,0.000,0.000,0.000,42.0,
6.11.2025,19:5:27.907,23.110,26.535,19.612,2.988,250.0,250.0,76.987,22.129,9.004,67.764,47.396,29.394,18.002,29.041,7.143,0.723,6.420,6.403,0.000,0.000,0.000,0.125,42.0,
6.11.2025,19:5:28.910,25.829,26.113,19.241,2.974,250.0,250.0,79.996,29.368,8.956,68.894,48.089,29.823,18.266,29.458,41.669,5.052,36.617,6.853,0.000,0.000,0.000,0.000,42.0,
6.11.2025,19:5:29.902,28.547,26.410,19.566,2.969,250.0,250.0,77.013,22.249,8.870,68.288,47.648,29.546,18.102,29.193,7.145,0.725,6.420,6.556,0.000,0.000,0.000,0.000,42.0,
6.11.2025,19:5:30.914,23.110,27.451,20.534,2.977,250.0,250.0,73.547,42.069,8.872,68.180,47.591,29.512,18.079,29.147,106.379,29.421,76.958,6.547,0.000,0.000,0.000,0.000,42.0,
6.11.2025,19:5:31.904,17.672,29.303,22.492,2.940,250.0,250.0,73.481,33.342,8.865,67.568,47.205,29.267,17.938,28.914,63.470,11.448,52.022,6.726,0.000,0.000,0.000,0.000,42.0,
6.11.2025,19:5:32.913,19.032,25.450,18.524,2.975,250.0,250.0,73.763,20.552,8.845,38.754,29.464,18.276,11.188,18.057,18.213,4.516,13.697,44.511,0.000,0.000,0.000,0.000,42.0,
6.11.2025,19:5:33.905,17.672,27.384,20.581,2.926,250.0,250.0,74.152,22.572,8.936,69.579,48.501,30.073,18.428,29.707,7.066,0.714,6.352,6.361,0.000,0.000,0.000,0.000,42.0,
6.11.2025,19:5:34.912,17.672,25.441,18.571,2.937,250.0,250.0,70.591,22.051,8.910,67.596,47.257,29.304,17.953,28.951,7.067,0.715,6.352,6.403,0.000,0.000,0.000,0.000,42.0,
6.11.2025,19:5:35.913,17.672,25.803,18.956,2.961,250.0,250.0,73.394,21.877,9.032,66.840,46.862,29.057,17.805,28.704,7.057,0.714,6.343,6.352,0.000,0.001,0.000,0.000,42.0,
6.11.2025,19:5:36.913,23.110,27.083,20.061,3.105,250.0,250.0,58.982,23.644,9.009,73.588,51.009,31.628,19.381,31.239,7.061,0.773,6.288,6.463,0.000,0.000,0.000,0.000,42.0,
6.11.2025,19:5:37.913,17.672,27.604,20.576,3.065,250.0,250.0,76.255,23.826,8.982,74.295,51.415,31.879,19.536,31.501,7.124,0.721,6.403,6.403,0.000,0.000,0.000,0.625,42.0,
6.11.2025,19:5:38.912,17.672,27.711,20.756,3.023,250.0,250.0,82.741,24.123,8.871,75.554,52.133,32.329,19.804,31.939,7.108,0.722,6.386,6.386,0.000,0.000,0.000,0.000,42.0,
6.11.2025,19:5:39.914,28.547,28.857,21.921,3.033,250.0,250.0,79.287,31.349,8.873,57.106,40.756,25.279,15.477,24.975,35.923,12.175,23.748,69.179,0.000,0.000,0.000,0.000,42.0,
6.11.2025,19:5:40.909,23.110,29.308,22.259,3.099,250.0,250.0,78.853,45.009,8.861,71.613,49.677,30.801,18.876,30.436,116.663,32.934,83.729,6.505,0.000,0.000,0.000,0.000,42.0,
6.11.2025,19:5:41.913,24.469,29.466,22.493,3.073,250.0,250.0,79.210,23.509,8.921,73.025,50.590,31.374,19.216,30.997,7.234,0.737,6.497,6.497,0.000,0.000,0.000,0.000,42.0,
6.11.2025,19:5:42.913,21.750,28.062,20.972,3.123,250.0,250.0,78.561,23.382,8.916,72.652,50.365,31.236,19.129,30.859,7.130,0.727,6.403,6.403,0.000,0.000,0.000,0.000,42.0,
6.11.2025,19:5:43.904,19.032,29.140,22.098,3.142,250.0,250.0,78.986,24.812,8.979,78.014,53.720,33.315,20.405,32.913,7.194,0.786,6.408,6.386,0.000,0.000,0.000,1.500,42.0,
6.11.2025,19:5:44.913,17.672,28.098,21.084,3.087,250.0,250.0,81.799,57.492,8.966,59.034,42.012,26.047,15.965,25.743,56.087,20.498,35.589,284.974,0.000,0.000,0.000,0.000,42.0,
6.11.2025,19:5:45.916,20.391,29.287,22.113,3.181,250.0,250.0,79.227,33.508,9.020,72.501,50.358,31.218,19.140,30.841,57.819,21.028,36.791,6.361,0.000,0.000,2.000,0.000,42.0,
6.11.2025,19:5:46.911,25.829,28.269,21.166,3.151,250.0,250.0,80.625,33.966,8.922,73.220,50.718,31.451,19.267,31.061,59.133,8.640,50.493,6.751,0.000,0.000,0.000,0.000,42.0,
6.11.2025,19:5:47.910,23.110,29.103,22.070,3.103,250.0,250.0,79.749,23.933,8.914,74.676,51.634,32.016,19.618,31.626,7.182,0.736,6.446,6.480,0.000,0.000,0.000,0.000,42.0,
6.11.2025,19:5:48.914,16.313,27.657,20.618,3.077,250.0,250.0,81.465,23.925,8.898,74.758,51.664,32.040,19.624,31.651,7.107,0.721,6.386,6.403,0.000,0.000,1.250,0.000,42.0,
6.11.2025,19:5:49.913,19.032,27.926,20.981,3.027,250.0,250.0,81.363,22.708,8.956,70.042,48.811,30.271,18.540,29.905,7.086,0.717,6.369,6.386,0.000,0.000,0.000,0.250,42.0,
6.11.2025,19:5:50.909,24.469,29.284,22.229,3.103,250.0,250.0,79.258,29.201,8.959,46.774,34.481,21.381,13.100,21.125,7.568,0.842,6.726,131.050,0.000,0.000,0.000,0.000,42.0,
6.11.2025,19:5:51.907,17.672,29.019,22.013,3.041,250.0,250.0,79.644,23.849,9.019,74.274,51.434,31.895,19.539,31.517,7.164,0.735,6.429,6.480,0.000,0.000,0.000,0.000,42.0,
6.11.2025,19:5:52.913,12.235,29.155,22.233,3.005,250.0,250.0,81.653,23.829,8.935,74.368,51.435,31.900,19.535,31.511,7.103,0.725,6.378,6.403,0.000,0.000,0.000,0.000,42.0,
6.11.2025,19:5:53.913,14.953,30.494,23.497,3.077,250.0,250.0,80.748,23.667,8.911,73.795,51.071,31.670,19.401,31.281,7.088,0.719,6.369,6.369,0.000,0.000,0.000,0.000,42.0,
6.11.2025,19:5:54.912,29.907,27.453,20.515,3.019,250.0,250.0,78.882,42.006,8.901,65.793,46.136,28.610,17.526,28.269,7.078,0.717,6.361,210.666,0.000,0.000,0.000,0.000,42.0,
6.11.2025,19:5:55.913,17.672,26.441,19.507,3.011,250.0,250.0,79.568,48.095,8.957,76.280,52.647,32.647,20.000,32.245,125.711,34.782,90.929,6.751,0.000,0.000,0.000,0.000,42.0,
6.11.2025,19:5:56.913,13.594,27.214,20.284,2.992,250.0,250.0,79.113,23.737,8.956,73.892,51.153,31.717,19.436,31.340,7.206,0.743,6.463,6.463,0.000,0.000,0.000,0.000,42.0,
6.11.2025,19:5:57.914,17.672,26.679,19.629,3.092,250.0,250.0,80.130,24.568,9.010,77.064,53.143,32.950,20.193,32.560,7.168,0.739,6.429,6.429,0.000,0.001,0.000,0.000,42.0,
6.11.2025,19:5:58.907,23.110,33.150,25.581,3.550,250.0,250.0,77.929,47.885,8.984,76.048,52.525,32.569,19.956,32.167,124.989,34.287,90.702,6.624,0.000,0.000,0.000,0.000,42.0,
6.11.2025,19:5:59.912,23.110,29.807,22.637,3.184,250.0,250.0,79.896,36.550,8.990,72.215,50.141,31.095,19.046,30.717,73.233,26.992,46.241,6.828,0.000,0.000,0.000,0.000,42.0,
6.11.2025,19:6:0.904,19.032,28.006,21.039,3.047,250.0,250.0,79.223,23.873,8.995,74.373,51.465,31.908,19.557,31.531,7.215,0.744,6.471,6.471,0.000,0.000,0.000,0.000,42.0,
6.11.2025,19:6:1.904,27.188,25.830,18.888,3.020,250.0,250.0,79.341,25.410,8.868,74.286,51.341,31.839,19.502,31.450,15.172,1.984,13.188,6.471,0.000,0.000,0.000,2.125,42.0,
6.11.2025,19:6:2.915,13.594,30.345,23.176,3.175,250.0,250.0,79.378,24.468,8.860,76.832,52.916,32.811,20.105,32.421,7.154,0.725,6.429,6.429,0.000,0.000,0.000,0.000,42.0,
6.11.2025,19:6:3.914,21.750,26.146,19.123,3.064,250.0,250.0,81.032,47.373,8.807,76.731,52.859,32.780,20.079,32.378,121.766,33.435,88.331,6.565,0.000,0.000,0.000,0.000,42.0,
6.11.2025,19:6:4.914,20.391,27.574,20.655,3.015,250.0,250.0,79.511,23.835,8.910,74.385,51.442,31.900,19.542,31.523,7.106,0.720,6.386,6.438,0.000,0.000,0.000,0.000,42.0,
6.11.2025,19:6:5.905,20.391,27.574,20.655,3.015,250.0,250.0,78.804,23.676,8.859,73.824,51.049,31.652,19.397,31.275,7.156,0.769,6.387,6.394,0.000,0.000,0.000,0.125,42.0,
6.11.2025,19:6:6.904,35.344,26.227,19.267,3.043,250.0,250.0,82.285,47.584,8.882,76.151,52.503,32.560,19.943,32.171,123.527,34.132,89.395,6.573,0.000,0.000,0.000,0.000,42.0,
6.11.2025,19:6:7.912,33.985,26.616,19.677,3.007,250.0,250.0,79.410,23.691,8.879,73.681,50.989,31.620,19.369,31.231,7.274,0.808,6.466,6.590,0.000,0.000,0.000,1.000,42.0,
6.11.2025,19:6:8.904,32.625,27.582,20.621,3.024,250.0,250.0,78.654,23.512,8.856,73.185,50.642,31.402,19.240,31.025,7.172,0.768,6.404,6.429,0.000,0.000,0.000,0.000,42.0,
6.11.2025,19:6:9.905,47.579,27.376,20.418,3.032,250.0,250.0,81.523,21.623,8.799,41.257,31.010,19.229,11.781,18.997,7.246,0.885,6.361,70.661,0.000,0.000,0.000,0.000,42.0,
6.11.2025,19:6:10.913,21.750,26.841,19.882,3.008,250.0,250.0,79.496,23.721,8.848,73.879,51.082,31.674,19.408,31.284,7.259,0.793,6.466,6.514,0.000,0.000,0.000,0.500,42.0,
6.11.2025,19:6:11.914,24.469,29.315,22.279,3.102,250.0,250.0,79.286,23.529,8.836,73.249,50.670,31.424,19.246,31.046,7.189,0.777,6.412,6.438,0.000,0.000,0.000,0.000,42.0,
6.11.2025,19:6:12.911,17.672,28.027,21.022,3.075,250.0,250.0,78.817,24.307,8.874,76.187,52.516,32.561,19.955,32.171,7.190,0.782,6.408,6.429,0.000,0.000,0.000,0.000,42.0,
6.11.2025,19:6:14.925,20.391,26.546,19.495,3.074,250.0,250.0,80.261,33.412,8.860,111.256,74.090,45.944,28.146,45.385,7.054,0.719,6.335,6.335,0.000,0.000,0.000,0.000,42.0,
6.11.2025,19:6:15.922,24.469,27.745,20.799,3.026,250.0,250.0,82.114,14.412,8.762,38.187,29.110,18.050,11.060,17.842,7.302,0.797,6.505,6.505,0.000,0.001,0.000,0.000,42.0,
6.11.2025,19:6:16.923,23.110,29.025,22.025,3.040,250.0,250.0,80.190,43.996,8.824,75.052,51.805,32.123,19.682,31.733,106.855,28.216,78.639,7.034,0.000,0.000,1.875,0.000,42.0,
6.11.2025,19:6:17.926,16.313,28.073,21.116,3.034,250.0,250.0,80.699,24.033,8.825,75.127,51.850,32.152,19.698,31.763,7.232,0.785,6.447,6.446,0.000,0.000,0.000,0.000,42.0,
6.11.2025,19:6:18.924,19.032,27.933,21.000,3.012,250.0,250.0,80.699,24.033,8.825,75.127,51.850,32.152,19.698,31.763,7.232,0.785,6.447,6.446,0.000,0.001,0.000,0.500,42.0,
6.11.2025,19:6:19.923,17.672,27.701,20.703,3.048,250.0,250.0,80.244,23.705,8.869,73.958,51.135,31.705,19.430,31.328,7.114,0.720,6.394,6.394,0.000,0.000,0.000,0.000,42.0,
6.11.2025,19:6:20.934,31.266,25.916,18.985,3.009,250.0,250.0,83.167,14.217,8.821,37.608,28.788,17.852,10.936,17.644,7.078,0.717,6.361,6.361,0.000,0.000,0.000,0.125,42.0,
6.11.2025,19:6:21.934,33.985,30.074,23.069,3.110,250.0,250.0,79.279,28.873,8.922,76.213,52.585,32.605,19.980,32.215,29.858,3.900,25.958,6.497,0.000,0.000,0.000,0.000,42.0,
6.11.2025,19:6:22.936,36.704,26.817,19.802,3.056,250.0,250.0,79.780,23.987,8.996,74.773,51.725,32.077,19.648,31.688,7.249,0.783,6.466,6.463,0.000,0.000,0.000,0.000,42.0,
6.11.2025,19:6:23.945,25.829,30.011,22.955,3.125,250.0,250.0,78.445,23.992,9.010,74.736,51.716,32.067,19.649,31.677,7.281,0.824,6.457,6.505,0.000,0.000,0.000,0.000,42.0,
6.11.2025,19:6:24.935,16.313,27.521,20.511,3.067,250.0,250.0,79.368,23.913,8.837,74.725,51.596,31.992,19.604,31.602,7.171,0.768,6.403,6.429,0.000,0.000,0.000,0.000,42.0,
6.11.2025,19:6:25.935,21.750,26.812,19.692,3.140,250.0,250.0,84.070,25.863,8.824,56.717,40.524,25.123,15.401,24.819,7.498,0.993,6.505,72.229,0.000,0.000,0.000,0.000,42.0,
6.11.2025,19:6:26.944,17.672,27.571,20.627,3.055,250.0,250.0,79.679,25.707,8.849,75.272,51.950,32.219,19.731,31.830,15.298,2.056,13.242,6.624,0.000,0.000,0.000,1.000,42.0,
6.11.2025,19:6:27.944,33.985,27.093,20.061,3.094,250.0,250.0,79.664,24.459,8.871,76.725,52.875,32.791,20.084,32.390,7.212,0.808,6.404,6.429,0.000,0.000,0.000,0.000,42.0,
6.11.2025,19:6:28.936,13.594,26.122,19.186,3.019,250.0,250.0,83.375,42.228,8.871,72.941,50.548,31.344,19.204,30.967,100.980,31.165,69.815,6.440,0.000,0.000,0.000,0.000,42.0,
6.11.2025,19:6:29.939,21.750,27.477,20.540,3.001,250.0,250.0,79.789,19.680,8.860,58.498,41.656,25.832,15.824,25.528,7.108,0.756,6.352,6.386,0.000,0.000,0.000,0.375,42.0,
6.11.2025,19:6:30.937,35.344,25.777,18.853,3.009,250.0,250.0,79.864,24.138,8.995,75.236,52.006,32.253,19.753,31.864,7.358,0.850,6.508,6.556,0.000,0.000,0.000,0.000,42.0,
6.11.2025,19:6:31.946,17.672,30.902,23.751,3.192,250.0,250.0,79.465,24.677,8.908,77.449,53.339,33.072,20.267,32.682,7.301,0.864,6.437,6.454,0.000,0.000,0.000,0.000,42.0,
6.11.2025,19:6:32.946,29.907,32.563,25.471,3.150,250.0,250.0,84.038,23.943,8.851,74.863,51.699,32.064,19.635,31.674,7.139,0.769,6.370,6.369,0.000,0.000,0.000,0.000,42.0,
6.11.2025,19:6:33.947,21.750,27.482,20.454,3.068,250.0,250.0,79.837,47.605,8.797,75.134,51.821,32.139,19.682,31.750,124.989,34.110,90.879,6.751,0.000,0.000,0.000,0.000,42.0,
6.11.2025,19:6:34.936,23.110,27.880,20.899,3.030,250.0,250.0,79.512,24.001,8.800,75.034,51.765,32.101,19.664,31.711,7.245,0.793,6.452,6.446,0.000,0.000,0.000,0.000,42.0,
6.11.2025,19:6:35.937,32.625,27.942,20.896,3.106,250.0,250.0,81.803,24.137,8.809,75.585,52.115,32.318,19.797,31.929,7.197,0.776,6.421,6.420,0.000,0.000,0.000,0.000,42.0,
6.11.2025,19:6:36.940,24.469,29.584,22.625,3.052,250.0,250.0,82.290,48.013,8.822,76.139,52.460,32.532,19.928,32.131,125.662,34.744,90.918,6.794,0.000,0.000,0.000,0.000,42.0,
6.11.2025,19:6:37.941,21.750,29.092,22.099,3.047,250.0,250.0,79.286,24.286,8.810,76.111,52.445,32.513,19.932,32.124,7.242,0.793,6.449,6.446,0.000,0.000,0.000,0.000,42.0,
6.11.2025,19:6:38.937,17.672,26.735,19.781,3.031,250.0,250.0,80.597,23.952,8.785,74.949,51.705,32.057,19.648,31.668,7.142,0.722,6.420,6.420,0.000,0.000,2.000,0.000,42.0,
6.11.2025,19:6:39.942,19.032,25.395,18.441,3.049,250.0,250.0,81.222,22.711,8.812,70.178,48.790,30.250,18.540,29.885,7.125,0.722,6.403,6.403,0.000,0.000,0.250,0.000,42.0,
6.11.2025,19:6:40.944,17.672,27.015,20.134,2.973,250.0,250.0,75.212,22.406,8.823,69.024,48.081,29.810,18.271,29.457,7.105,0.719,6.386,6.386,0.000,0.000,0.000,0.000,42.0,
6.11.2025,19:6:41.937,17.672,27.737,20.721,3.085,250.0,250.0,76.969,22.606,8.785,69.787,48.525,30.086,18.439,29.733,7.143,0.723,6.420,6.420,0.000,0.000,1.250,0.000,42.0,
6.11.2025,19:6:42.937,19.032,24.381,17.399,3.068,250.0,250.0,76.856,22.615,8.879,69.679,48.526,30.087,18.439,29.721,7.183,0.729,6.454,6.454,0.000,0.000,0.000,0.000,42.0,
6.11.2025,19:6:43.945,17.672,26.660,19.744,3.012,250.0,250.0,77.228,22.127,8.910,67.779,47.365,29.369,17.996,29.016,7.201,0.730,6.471,6.429,0.000,0.000,0.000,0.000,42.0,
6.11.2025,19:6:44.936,17.672,26.609,19.645,3.006,250.0,250.0,77.379,22.346,9.004,68.547,47.898,29.696,18.202,29.342,7.172,0.726,6.446,6.429,0.000,0.000,0.000,0.000,42.0,
6.11.2025,19:6:45.943,17.672,26.763,19.836,3.029,250.0,250.0,76.944,22.440,8.945,68.919,48.105,29.825,18.280,29.460,7.202,0.739,6.463,6.463,0.000,0.000,0.000,0.000,42.0,
6.11.2025,19:6:46.945,23.110,25.518,18.607,3.001,250.0,250.0,77.261,22.241,8.855,68.281,47.635,29.537,18.098,29.184,7.189,0.735,6.454,6.446,0.000,0.000,0.000,0.000,42.0,
6.11.2025,19:6:47.947,23.110,26.119,19.216,3.008,250.0,250.0,77.324,22.516,8.808,69.436,48.341,29.971,18.370,29.606,7.114,0.720,6.394,6.403,0.000,0.000,0.000,0.000,42.0,
6.11.2025,19:6:48.936,23.110,25.879,18.972,2.983,250.0,250.0,77.604,21.559,8.824,65.378,45.867,28.442,17.425,28.101,7.595,0.767,6.828,6.361,0.000,0.000,2.000,0.000,42.0,
6.11.2025,19:6:49.936,24.469,28.032,21.146,2.966,250.0,250.0,73.871,22.321,8.858,68.702,47.892,29.697,18.195,29.344,7.079,0.718,6.361,6.369,0.000,0.000,0.000,0.000,42.0,
6.11.2025,19:6:50.935,17.672,24.852,17.959,2.999,250.0,250.0,74.189,22.197,8.869,68.164,47.571,29.499,18.072,29.147,7.114,0.720,6.394,6.420,0.000,0.000,0.000,0.000,42.0,
6.11.2025,19:6:51.946,16.313,26.511,19.648,2.972,250.0,250.0,74.078,42.027,8.886,68.232,47.634,29.540,18.094,29.175,106.038,29.069,76.969,6.633,0.000,0.000,0.000,0.000,42.0,
6.11.2025,19:6:52.945,19.032,28.297,21.369,3.009,250.0,250.0,71.414,22.582,8.889,69.566,48.469,30.051,18.418,29.686,7.187,0.733,6.454,6.369,0.000,0.000,0.000,0.500,42.0,
6.11.2025,19:6:53.938,13.594,26.979,20.080,2.950,250.0,250.0,74.903,44.258,8.839,69.063,48.116,29.836,18.280,29.483,116.203,32.922,83.281,6.556,0.000,0.000,0.000,0.000,42.0,
6.11.2025,19:6:54.944,25.829,24.560,17.748,2.924,250.0,250.0,72.059,13.996,8.822,36.743,28.252,17.523,10.729,17.316,7.100,0.722,6.378,6.378,0.000,0.000,0.000,0.000,42.0,
6.11.2025,19:6:55.935,38.063,28.785,21.750,3.118,250.0,250.0,68.097,47.621,8.799,74.939,51.710,32.063,19.647,31.685,125.335,34.459,90.876,6.700,0.000,0.000,0.000,0.000,42.0,
6.11.2025,19:6:56.944,23.110,26.279,19.298,3.056,250.0,250.0,80.508,23.847,8.804,74.540,51.461,31.914,19.547,31.524,7.135,0.723,6.412,6.412,0.000,0.000,0.000,0.000,42.0,
6.11.2025,19:6:57.945,17.672,26.290,19.307,3.030,250.0,250.0,81.481,23.798,8.778,74.372,51.343,31.843,19.500,31.454,7.140,0.728,6.412,6.412,0.002,0.000,0.000,0.000,42.0,
6.11.2025,19:6:58.945,24.469,28.137,21.179,3.036,250.0,250.0,83.584,47.681,8.825,75.394,52.016,32.247,19.769,31.857,124.965,34.120,90.845,6.777,0.000,0.000,0.000,0.000,42.0,
6.11.2025,19:6:59.937,21.750,28.121,20.985,3.202,250.0,250.0,80.245,23.646,8.850,73.645,50.941,31.587,19.354,31.209,7.221,0.789,6.432,6.429,0.000,0.001,0.000,0.000,42.0,
6.11.2025,19:7:0.945,36.704,38.651,30.983,3.616,250.0,250.0,80.464,24.326,8.798,76.347,52.583,32.601,19.982,32.212,7.172,0.777,6.395,6.394,0.000,0.000,0.000,0.375,42.0,
6.11.2025,19:7:1.947,17.672,28.777,21.661,3.168,250.0,250.0,84.261,25.903,8.794,76.021,52.379,32.484,19.895,32.094,15.389,2.062,13.327,6.582,0.000,0.000,0.000,0.000,42.0,
6.11.2025,19:7:2.945,17.672,28.476,21.491,3.039,250.0,250.0,83.196,51.333,8.745,55.669,39.815,24.688,15.127,24.396,24.858,6.711,18.147,295.172,0.000,0.000,0.000,0.000,42.0,
6.11.2025,19:7:3.944,38.063,29.114,22.109,3.084,250.0,250.0,80.058,23.726,8.776,74.030,51.114,31.695,19.419,31.318,7.230,0.780,6.450,6.446,0.000,0.000,0.000,0.000,42.0,
6.11.2025,19:7:4.944,16.313,26.007,19.035,3.012,250.0,250.0,80.476,21.289,8.826,64.720,45.450,28.184,17.266,27.842,7.106,0.720,6.386,6.386,0.000,0.000,0.000,0.000,42.0,
6.11.2025,19:7:5.939,17.672,27.554,20.596,3.035,250.0,250.0,82.042,24.112,8.810,75.487,52.058,32.272,19.786,31.882,7.197,0.759,6.438,6.429,0.000,0.000,0.000,0.000,42.0,
6.11.2025,19:7:6.938,24.469,26.136,19.209,3.025,250.0,250.0,83.290,23.760,8.796,43.944,32.638,20.246,12.392,20.002,7.519,0.869,6.650,84.543,0.000,0.000,0.000,0.000,42.0,
6.11.2025,19:7:7.943,17.672,25.782,18.830,3.019,250.0,250.0,79.680,24.264,8.858,75.967,52.379,32.481,19.898,32.092,7.250,0.784,6.466,6.463,0.000,0.000,0.000,0.000,42.0,
6.11.2025,19:7:8.941,25.829,28.639,21.721,3.012,250.0,250.0,83.421,14.088,8.832,36.705,28.242,17.512,10.730,17.304,7.592,0.806,6.786,6.369,0.000,0.000,0.000,0.000,42.0,
6.11.2025,19:7:9.944,16.313,26.847,19.911,2.984,250.0,250.0,79.916,42.784,8.832,74.455,51.429,31.889,19.540,31.500,101.707,25.840,75.867,6.777,0.000,0.000,0.000,0.000,42.0,
6.11.2025,19:7:10.935,17.672,28.359,21.287,3.086,250.0,250.0,80.178,24.053,8.796,75.283,51.921,32.197,19.724,31.807,7.185,0.781,6.404,6.429,0.000,0.000,0.000,0.000,42.0,
6.11.2025,19:7:11.945,20.391,26.128,19.199,3.034,250.0,250.0,81.915,23.460,8.820,73.096,50.562,31.357,19.205,30.980,7.096,0.718,6.378,6.386,0.000,0.000,1.125,0.000,42.0,
6.11.2025,19:7:12.945,13.594,27.999,20.952,3.067,250.0,250.0,80.163,42.612,8.793,75.348,51.963,32.229,19.734,31.839,99.712,25.027,74.685,6.786,0.000,0.000,0.000,0.000,42.0,
6.11.2025,19:7:13.944,28.547,29.438,22.462,3.043,250.0,250.0,80.017,24.049,8.847,75.243,51.936,32.206,19.730,31.816,7.148,0.736,6.412,6.412,0.000,0.000,0.500,2.500,42.0,
6.11.2025,19:7:14.940,21.750,30.913,23.939,3.067,250.0,250.0,82.553,20.898,8.823,63.230,44.527,27.606,16.921,27.277,7.106,0.720,6.386,6.386,0.000,0.000,0.000,0.000,42.0,
6.11.2025,19:7:15.935,21.750,28.489,21.536,3.023,250.0,250.0,80.373,25.263,8.845,73.725,50.988,31.615,19.373,31.237,15.126,1.968,13.158,6.598,0.000,0.000,0.000,0.000,42.0,
6.11.2025,19:7:16.938,16.313,26.781,19.786,3.034,250.0,250.0,82.193,23.608,8.842,73.625,50.915,31.576,19.339,31.187,7.106,0.720,6.386,6.386,0.000,0.000,0.000,0.250,42.0,
6.11.2025,19:7:17.935,16.313,26.648,19.728,3.035,250.0,250.0,80.216,41.067,8.857,74.935,51.759,32.100,19.659,31.710,92.498,2.627,89.871,6.658,0.000,0.000,0.000,0.000,42.0,
6.11.2025,19:7:18.934,29.907,28.103,21.137,3.042,250.0,250.0,80.024,23.466,8.893,73.014,50.572,31.358,19.214,30.981,7.114,0.720,6.394,6.394,0.000,0.000,0.000,0.000,42.0,
6.11.2025,19:7:19.944,25.829,28.217,21.268,3.027,250.0,250.0,83.590,47.264,8.873,73.658,50.954,31.592,19.362,31.215,125.199,34.509,90.690,6.590,0.000,0.000,0.000,0.000,42.0,
6.11.2025,19:7:20.942,24.469,27.837,20.754,3.111,250.0,250.0,80.143,23.599,8.872,73.448,50.824,31.521,19.303,31.144,7.221,0.780,6.441,6.438,0.000,0.000,0.000,0.000,42.0,
6.11.2025,19:7:21.946,24.469,27.457,20.490,3.025,250.0,250.0,83.234,27.160,8.922,62.569,44.162,27.391,16.771,27.063,7.106,0.720,6.386,70.510,0.000,0.000,0.000,0.000,42.0,
6.11.2025,19:7:22.938,36.704,26.043,18.989,3.099,250.0,250.0,80.729,24.282,8.995,75.913,52.447,32.525,19.922,32.135,7.182,0.736,6.446,6.514,0.000,0.000,0.000,0.125,42.0,
6.11.2025,19:7:23.937,23.110,25.835,18.857,3.062,250.0,250.0,83.091,23.934,8.900,74.766,51.686,32.054,19.632,31.665,7.114,0.720,6.394,6.403,0.000,0.000,0.000,0.000,42.0,
6.11.2025,19:7:24.936,21.750,27.851,20.888,3.055,250.0,250.0,81.073,24.184,8.862,75.705,52.242,32.397,19.845,31.995,7.157,0.728,6.429,6.480,0.000,0.000,0.000,0.000,42.0,
6.11.2025,19:7:25.944,19.032,28.060,21.036,3.062,250.0,250.0,83.717,47.339,8.850,74.101,51.216,31.759,19.457,31.369,125.119,34.247,90.872,6.403,0.000,0.000,0.000,2.250,42.0,
6.11.2025,19:7:26.944,19.032,28.368,21.409,3.031,250.0,250.0,79.430,24.169,8.885,75.700,52.233,32.384,19.849,31.995,7.115,0.721,6.394,6.412,0.000,0.000,0.000,0.000,42.0,
6.11.2025,19:7:27.944,19.032,24.926,17.962,3.050,250.0,250.0,83.158,23.745,8.933,73.896,51.150,31.722,19.428,31.333,7.213,0.733,6.480,6.556,0.000,0.000,0.000,0.000,42.0,
6.11.2025,19:7:28.945,17.672,27.108,20.172,2.990,250.0,250.0,79.752,23.619,8.921,73.544,50.927,31.574,19.353,31.197,7.124,0.721,6.403,6.429,0.000,0.000,0.000,2.125,42.0,
6.11.2025,19:7:29.936,20.391,28.787,21.842,3.029,250.0,250.0,83.098,39.796,8.954,74.966,51.810,32.135,19.675,31.746,85.906,17.989,67.917,6.862,0.000,0.000,0.000,0.000,42.0,
6.11.2025,19:7:30.955,17.672,29.650,22.547,3.123,250.0,250.0,79.800,23.726,8.944,73.937,51.176,31.728,19.448,31.351,7.135,0.723,6.412,6.403,0.000,0.000,0.000,0.000,42.0,
6.11.2025,19:7:31.945,21.750,29.634,22.655,3.058,250.0,250.0,80.747,23.771,8.906,74.094,51.237,31.774,19.463,31.384,7.194,0.731,6.463,6.463,0.000,0.000,0.000,0.000,42.0,
6.11.2025,19:7:32.945,23.110,27.959,21.034,3.019,250.0,250.0,83.121,70.674,8.774,62.365,43.954,27.261,16.693,26.933,31.584,9.828,21.756,457.590,0.000,0.001,0.000,0.000,42.0,
6.11.2025,19:7:33.935,24.469,28.222,21.139,3.124,250.0,250.0,79.753,23.811,8.782,74.373,51.334,31.827,19.507,31.450,7.193,0.739,6.454,6.454,0.000,0.000,0.000,0.000,42.0,
6.11.2025,19:7:34.945,29.907,28.512,21.583,3.015,250.0,250.0,83.452,23.453,8.820,73.045,50.553,31.342,19.211,30.965,7.105,0.719,6.386,6.386,0.000,0.000,0.000,0.000,42.0,
6.11.2025,19:7:35.944,16.313,27.639,20.691,3.009,250.0,250.0,79.606,23.875,8.838,74.502,51.453,31.909,19.544,31.520,7.243,0.746,6.497,6.497,0.000,0.000,0.000,1.125,42.0,
6.11.2025,19:7:36.944,29.907,27.851,20.893,3.021,250.0,250.0,82.741,43.439,8.861,73.327,50.745,31.469,19.276,31.079,25.639,6.928,18.711,168.359,0.000,0.000,0.000,0.000,42.0,
6.11.2025,19:7:37.944,17.672,27.649,20.672,3.033,250.0,250.0,79.318,23.650,8.834,73.759,51.003,31.629,19.374,31.239,7.127,0.724,6.403,6.403,0.000,0.000,0.000,1.625,42.0,
6.11.2025,19:7:38.946,17.672,27.823,20.903,3.002,250.0,250.0,82.592,23.830,8.823,74.335,51.351,31.845,19.506,31.455,7.241,0.736,6.505,6.505,0.000,0.000,0.000,0.000,42.0,
6.11.2025,19:7:39.935,23.110,30.463,23.474,3.038,250.0,250.0,81.241,68.233,8.899,68.551,47.836,29.666,18.170,29.313,24.145,6.421,17.724,431.604,0.000,0.000,0.000,0.000,42.0,
6.11.2025,19:7:40.945,17.672,29.715,22.697,3.082,250.0,250.0,81.338,23.820,8.864,74.329,51.374,31.859,19.515,31.470,7.180,0.734,6.446,6.429,0.000,0.000,0.000,0.000,42.0,
6.11.2025,19:7:41.944,20.391,28.452,21.429,3.059,250.0,250.0,83.066,47.077,8.842,73.059,50.581,31.367,19.214,30.977,125.064,34.292,90.772,6.598,0.000,0.000,0.000,0.000,42.0,
6.11.2025,19:7:42.942,17.672,28.065,21.024,3.112,250.0,250.0,79.295,23.730,8.840,74.062,51.189,31.736,19.453,31.359,7.123,0.720,6.403,6.412,0.000,0.000,0.000,0.000,42.0,
6.11.2025,19:7:43.937,17.672,28.773,21.789,3.069,250.0,250.0,82.926,24.264,8.877,76.018,52.427,32.513,19.914,32.111,7.171,0.725,6.446,6.438,0.000,0.000,0.000,0.125,42.0,
6.11.2025,19:7:44.945,19.032,27.549,20.527,3.080,250.0,250.0,83.186,28.226,8.878,75.575,52.166,32.342,19.824,31.952,27.445,3.528,23.917,6.633,0.000,0.000,0.000,0.000,42.0,
6.11.2025,19:7:45.945,20.391,28.538,21.537,3.052,250.0,250.0,79.635,23.559,8.851,73.399,50.785,31.491,19.294,31.114,7.114,0.720,6.394,6.429,0.000,0.001,0.000,0.000,42.0,
6.11.2025,19:7:46.944,23.110,28.088,21.088,3.034,250.0,250.0,82.569,41.988,8.851,74.388,51.391,31.867,19.524,31.489,97.988,30.721,67.267,6.394,0.000,0.000,0.000,0.000,42.0,
6.11.2025,19:7:47.938,19.032,26.849,19.871,3.051,250.0,250.0,79.182,23.687,8.843,73.892,51.084,31.678,19.406,31.300,7.126,0.723,6.403,6.420,0.000,0.000,1.875,0.000,42.0,
6.11.2025,19:7:48.942,19.032,26.849,19.871,3.051,250.0,250.0,83.159,23.607,8.861,73.453,50.821,31.507,19.314,31.130,7.262,0.796,6.466,6.463,0.000,0.000,0.000,0.000,42.0,
6.11.2025,19:7:49.938,29.907,26.931,20.015,3.041,250.0,250.0,82.917,34.801,8.859,47.699,34.990,21.701,13.289,21.433,36.469,12.404,24.065,127.101,0.000,0.000,0.000,2.125,42.0,
6.11.2025,19:7:50.945,28.547,29.640,22.666,3.021,250.0,250.0,79.623,24.126,8.924,75.218,51.951,32.220,19.731,31.831,7.477,1.048,6.429,6.429,0.000,0.000,0.000,0.000,42.0,
6.11.2025,19:7:51.945,16.313,29.378,22.348,3.108,250.0,250.0,83.468,24.573,8.985,76.964,53.094,32.928,20.166,32.526,7.289,0.797,6.492,6.489,0.000,0.000,0.000,0.000,42.0,
6.11.2025,19:7:52.945,23.110,29.472,22.408,3.119,250.0,250.0,83.523,47.397,9.054,73.755,51.133,31.707,19.426,31.317,125.369,34.323,91.046,6.837,0.000,0.000,0.000,0.000,42.0,
6.11.2025,19:7:53.944,16.313,29.103,22.074,3.098,250.0,250.0,79.767,23.723,8.944,73.919,51.164,31.728,19.436,31.339,7.142,0.722,6.420,6.420,0.000,0.000,0.000,0.000,42.0,
6.11.2025,19:7:54.936,20.391,28.048,21.058,3.060,250.0,250.0,79.767,23.723,8.944,73.919,51.164,31.728,19.436,31.339,7.142,0.722,6.420,6.420,0.000,0.000,0.000,0.000,42.0,
6.11.2025,19:7:55.937,23.110,27.639,20.648,3.026,250.0,250.0,83.184,25.461,8.853,73.642,50.929,31.576,19.353,31.199,16.184,2.358,13.826,6.692,0.000,0.000,0.000,0.000,42.0,
6.11.2025,19:7:56.941,17.672,27.539,20.622,3.005,250.0,250.0,77.736,22.199,8.769,68.256,47.560,29.493,18.067,29.140,7.142,0.722,6.420,6.420,0.000,0.000,2.375,0.000,42.0,
6.11.2025,19:7:57.935,17.672,26.226,19.399,2.964,250.0,250.0,77.371,43.314,8.802,67.473,47.092,29.209,17.883,28.856,113.728,32.338,81.390,6.369,0.000,0.000,0.000,0.000,42.0,
6.11.2025,19:7:58.942,17.672,26.619,19.731,2.963,250.0,250.0,77.983,33.778,8.782,72.200,50.025,31.013,19.012,30.635,36.842,12.600,24.242,52.430,0.000,0.000,0.000,0.000,42.0,
6.11.2025,19:7:59.942,28.547,28.077,21.211,2.966,250.0,250.0,80.742,25.474,8.879,69.509,48.412,30.018,18.394,29.665,21.607,2.366,19.241,6.650,0.000,0.001,0.000,2.375,42.0,
6.11.2025,19:8:0.945,17.672,28.434,21.543,2.959,250.0,250.0,77.635,22.285,8.809,68.417,47.696,29.570,18.126,29.217,7.273,0.751,6.522,6.471,0.000,0.000,0.000,0.000,42.0,
6.11.2025,19:8:1.944,23.110,33.866,26.584,3.304,250.0,250.0,77.827,22.303,8.830,68.482,47.748,29.600,18.148,29.247,7.246,0.749,6.497,6.480,0.000,0.000,0.125,0.000,42.0,
6.11.2025,19:8:2.939,27.188,34.608,26.961,3.603,250.0,250.0,77.438,41.956,8.847,70.675,49.112,30.461,18.651,30.096,102.448,28.005,74.443,6.820,0.000,0.000,0.000,0.000,42.0,
6.11.2025,19:8:3.944,19.032,26.809,19.832,3.038,250.0,250.0,77.579,22.966,8.830,71.025,49.321,30.581,18.740,30.216,7.246,0.823,6.423,6.454,0.000,0.000,0.000,0.000,42.0,
6.11.2025,19:8:4.944,16.313,27.423,20.524,2.985,250.0,250.0,77.300,22.397,8.849,68.949,48.046,29.795,18.251,29.442,7.116,0.722,6.394,6.403,0.000,0.000,0.000,0.000,42.0,
6.11.2025,19:8:5.935,17.672,25.221,18.384,2.948,250.0,250.0,74.021,22.310,8.820,68.659,47.853,29.671,18.182,29.306,7.103,0.725,6.378,6.403,0.000,0.000,0.000,0.000,42.0,
6.11.2025,19:8:6.944,16.313,24.618,17.723,2.960,250.0,250.0,74.253,23.071,8.897,71.362,49.586,30.748,18.838,30.371,7.225,0.838,6.387,6.454,0.000,0.000,0.000,0.000,42.0,
6.11.2025,19:8:7.944,13.594,27.159,20.338,2.948,250.0,250.0,74.592,22.590,8.843,69.567,48.424,30.023,18.401,29.671,7.252,0.839,6.413,6.463,0.000,0.000,0.000,0.000,42.0,
6.11.2025,19:8:8.937,17.672,26.635,19.733,2.959,250.0,250.0,73.774,58.941,8.861,52.314,37.839,23.464,14.375,23.172,31.364,9.625,21.739,366.660,0.000,0.000,0.000,0.000,42.0,
6.11.2025,19:8:9.945,21.750,24.438,17.619,2.935,250.0,250.0,73.824,22.797,8.818,70.393,48.924,30.340,18.584,29.975,7.273,0.809,6.464,6.386,0.000,0.000,0.000,0.000,42.0,
6.11.2025,19:8:10.945,42.141,25.444,18.628,2.938,250.0,250.0,74.373,22.563,8.809,69.676,48.464,30.050,18.414,29.697,7.069,0.717,6.352,6.378,0.000,0.000,0.000,0.000,42.0,
6.11.2025,19:8:11.944,14.953,29.077,21.971,3.146,250.0,250.0,61.790,35.916,8.857,76.692,52.831,32.755,20.076,32.365,64.513,10.402,54.111,6.556,0.000,0.000,0.500,0.000,42.0,
6.11.2025,19:8:12.945,17.672,29.546,22.507,3.125,250.0,250.0,72.413,24.217,8.885,75.835,52.333,32.454,19.879,32.052,7.169,0.774,6.395,6.394,0.000,0.000,0.000,0.000,42.0,
6.11.2025,19:8:13.945,32.625,27.875,20.873,3.039,250.0,250.0,83.246,24.618,8.898,74.630,51.571,31.975,19.596,31.598,10.693,1.244,9.449,6.530,0.000,0.000,0.000,0.000,42.0,
6.11.2025,19:8:14.936,17.672,30.059,23.086,3.077,250.0,250.0,82.869,23.766,8.912,74.110,51.261,31.784,19.477,31.407,7.161,0.774,6.387,6.386,0.000,0.000,0.000,0.000,42.0,
6.11.2025,19:8:15.938,23.110,29.786,22.744,3.068,250.0,250.0,80.042,24.250,8.948,75.792,52.338,32.453,19.885,32.063,7.271,0.787,6.484,6.480,0.000,0.000,0.000,0.000,42.0,
6.11.2025,19:8:16.945,24.469,29.707,22.731,3.053,250.0,250.0,83.806,22.597,8.946,69.552,48.503,30.074,18.429,29.708,7.176,0.772,6.404,6.403,0.000,0.000,1.750,0.000,42.0,
6.11.2025,19:8:17.943,19.032,27.580,20.631,3.053,250.0,250.0,79.481,48.244,8.996,77.108,53.159,32.964,20.195,32.575,125.364,34.459,90.905,6.718,0.000,0.000,0.000,0.000,42.0,
6.11.2025,19:8:18.942,16.313,27.242,20.287,3.015,250.0,250.0,80.580,24.523,8.862,76.918,52.963,32.846,20.117,32.445,7.293,0.800,6.493,6.489,0.000,0.000,0.000,0.000,42.0,
6.11.2025,19:8:19.945,27.188,29.251,22.258,3.037,250.0,250.0,83.076,21.028,8.868,63.695,44.839,27.801,17.038,27.472,7.095,0.717,6.378,6.378,0.000,0.000,0.000,0.000,42.0,
6.11.2025,19:8:20.939,16.313,26.603,19.646,3.046,250.0,250.0,79.540,48.049,8.840,76.426,52.663,32.657,20.006,32.267,125.468,34.666,90.802,6.692,0.000,0.000,0.000,0.000,42.0,
6.11.2025,19:8:21.945,31.266,30.491,23.438,3.110,250.0,250.0,79.668,24.327,8.852,76.179,52.515,32.563,19.952,32.161,7.282,0.798,6.484,6.480,0.000,0.000,0.000,0.000,42.0,
6.11.2025,19:8:22.945,19.032,26.384,19.364,3.064,250.0,250.0,83.313,23.637,8.922,73.671,50.988,31.615,19.373,31.238,7.088,0.719,6.369,6.386,0.000,0.000,0.000,0.000,42.0,
6.11.2025,19:8:23.946,25.829,29.108,22.134,3.054,250.0,250.0,79.918,32.038,8.870,73.951,51.145,31.712,19.433,31.322,48.668,6.201,42.467,6.616,0.000,0.000,1.750,0.000,42.0,
6.11.2025,19:8:24.945,20.391,29.322,22.392,2.997,250.0,250.0,83.279,23.476,8.907,73.020,50.587,31.360,19.227,30.982,7.127,0.724,6.403,6.420,0.000,0.000,0.000,0.000,42.0,
6.11.2025,19:8:25.935,23.110,26.678,19.719,3.048,250.0,250.0,79.466,49.536,8.877,64.133,45.092,27.968,17.124,27.628,11.346,1.984,9.362,281.850,0.000,0.000,0.000,0.000,42.0,
6.11.2025,19:8:26.935,19.032,25.180,18.252,3.020,250.0,250.0,79.701,23.490,8.846,72.942,50.491,31.305,19.186,30.928,7.329,0.814,6.515,6.539,0.000,0.000,0.000,0.000,42.0,
6.11.2025,19:8:27.943,27.188,28.715,21.708,3.062,250.0,250.0,82.812,23.477,8.802,73.123,50.590,31.369,19.221,30.992,7.134,0.722,6.412,6.403,0.000,0.000,0.000,0.000,42.0,
6.11.2025,19:8:28.945,17.672,26.359,19.436,3.005,250.0,250.0,78.934,24.974,8.789,47.408,34.771,21.562,13.209,21.306,7.650,0.772,6.878,87.390,0.000,0.000,0.000,0.000,42.0,
6.11.2025,19:8:29.941,33.985,26.509,19.552,3.043,250.0,250.0,79.031,23.772,8.888,74.099,51.242,31.775,19.467,31.397,7.194,0.731,6.463,6.463,0.000,0.000,0.000,0.000,42.0,
6.11.2025,19:8:30.939,20.391,27.743,20.849,3.019,250.0,250.0,79.008,17.162,8.827,48.872,35.711,22.152,13.559,21.883,7.115,0.729,6.386,6.386,0.000,0.000,0.000,0.000,20.0,
6.11.2025,19:8:31.935,23.110,31.346,24.257,3.079,250.0,250.0,83.275,37.168,8.876,75.543,52.137,32.332,19.805,31.930,72.174,12.655,59.519,6.709,0.000,0.000,0.000,0.000,20.0,
6.11.2025,19:8:32.938,24.469,27.124,20.115,3.093,250.0,250.0,79.475,24.128,8.876,75.433,52.063,32.282,19.781,31.892,7.244,0.780,6.464,6.463,0.000,0.000,0.000,0.000,20.0,
6.11.2025,19:8:33.945,21.750,27.353,20.398,3.057,250.0,250.0,82.243,17.986,8.831,49.268,35.950,22.295,13.655,22.026,7.337,0.959,6.378,13.164,0.000,0.000,0.000,0.000,20.0,
6.11.2025,19:8:34.945,19.032,25.520,18.515,3.043,250.0,250.0,80.267,23.933,8.849,74.666,51.563,31.970,19.593,31.593,7.301,0.801,6.500,6.497,0.000,0.000,0.000,0.000,20.0,
6.11.2025,19:8:35.947,21.750,28.035,21.066,3.049,250.0,250.0,79.844,23.640,8.896,73.665,50.979,31.605,19.374,31.227,7.128,0.725,6.403,6.403,0.000,0.000,0.000,0.000,20.0,
6.11.2025,19:8:36.942,36.704,27.980,21.049,3.033,250.0,250.0,83.103,14.188,8.895,37.405,28.723,17.808,10.915,17.588,7.091,0.722,6.369,6.369,0.000,0.000,0.000,2.125,20.0,
6.11.2025,19:8:37.944,19.032,27.653,20.685,3.023,250.0,250.0,79.347,45.279,9.006,71.264,49.564,30.734,18.830,30.357,118.085,33.562,84.523,6.862,0.000,0.000,0.000,0.000,20.0,
6.11.2025,19:8:38.945,19.032,26.584,19.653,3.031,250.0,250.0,79.293,29.691,9.104,75.478,52.244,32.399,19.845,31.997,34.603,4.513,30.090,6.642,0.000,0.000,0.000,0.000,20.0,
6.11.2025,19:8:39.945,19.032,27.370,20.380,3.023,250.0,250.0,79.142,24.014,8.967,74.898,51.771,32.109,19.662,31.720,7.272,0.798,6.474,6.471,0.000,0.000,0.000,0.000,20.0,
6.11.2025,19:8:40.945,25.829,28.672,21.672,3.093,250.0,250.0,79.517,23.865,8.932,74.453,51.484,31.925,19.559,31.547,7.165,0.770,6.395,6.420,0.000,0.000,0.000,0.000,20.0,
6.11.2025,19:8:41.938,21.750,26.050,19.037,3.048,250.0,250.0,81.300,23.791,8.873,74.283,51.359,31.845,19.514,31.455,7.095,0.717,6.378,6.394,0.000,0.000,0.000,0.000,20.0,
6.11.2025,19:8:42.940,20.391,28.638,21.653,3.093,250.0,250.0,81.358,36.003,8.893,73.962,51.146,31.717,19.429,31.340,68.374,11.880,56.494,6.794,0.000,0.000,0.000,0.000,20.0,
6.11.2025,19:8:43.945,17.672,29.297,22.281,3.054,250.0,250.0,79.403,24.354,8.832,76.321,52.588,32.609,19.979,32.208,7.251,0.794,6.457,6.505,0.000,0.000,0.000,0.000,20.0,
6.11.2025,19:8:44.945,31.266,27.235,20.308,3.019,250.0,250.0,80.771,23.832,8.905,74.371,51.411,31.881,19.530,31.503,7.156,0.769,6.387,6.403,0.000,0.000,0.000,0.000,20.0,
6.11.2025,19:8:45.953,21.750,26.541,19.615,3.027,250.0,250.0,81.352,54.570,8.801,41.748,31.322,19.424,11.898,19.192,7.078,0.717,6.361,399.162,0.000,0.000,0.000,1.000,20.0,
6.11.2025,19:8:46.935,23.110,27.886,20.933,3.022,250.0,250.0,79.349,24.127,8.846,75.403,52.010,32.260,19.750,31.871,7.310,0.801,6.509,6.505,0.000,0.000,0.000,0.000,20.0,
6.11.2025,19:8:47.936,19.032,27.193,20.177,3.041,250.0,250.0,80.178,23.869,8.868,74.549,51.502,31.938,19.564,31.549,7.143,0.723,6.420,6.429,0.000,0.000,0.000,0.000,20.0,
6.11.2025,19:8:48.937,19.032,27.744,20.808,2.989,250.0,250.0,80.243,23.970,8.849,74.923,51.732,32.074,19.658,31.684,7.182,0.778,6.404,6.420,0.000,0.000,0.000,1.000,20.0,
6.11.2025,19:8:49.935,27.188,26.938,20.044,3.010,250.0,250.0,82.721,17.964,8.784,52.030,37.622,23.322,14.300,23.041,7.086,0.717,6.369,6.369,0.000,0.000,0.000,0.000,20.0,
6.11.2025,19:8:50.944,17.672,28.001,20.959,3.081,250.0,250.0,79.863,28.367,8.836,74.107,51.206,31.756,19.450,31.379,30.196,4.116,26.080,6.547,0.000,0.000,1.625,0.000,20.0,
6.11.2025,19:8:51.944,20.391,28.868,21.945,3.010,250.0,250.0,79.557,24.097,8.813,75.435,52.028,32.271,19.757,31.881,7.187,0.775,6.412,6.412,0.000,0.001,0.000,0.000,20.0,
6.11.2025,19:8:52.940,36.704,28.645,21.629,3.055,250.0,250.0,83.298,14.253,8.816,37.728,28.870,17.902,10.968,17.682,7.095,0.717,6.378,6.378,0.000,0.000,0.000,0.000,20.0,
6.11.2025,19:8:53.935,19.032,27.158,20.247,3.016,250.0,250.0,80.164,23.636,8.837,73.583,50.899,31.555,19.344,31.178,7.252,0.786,6.466,6.463,0.000,0.000,0.000,0.000,20.0,
6.11.2025,19:8:54.945,32.625,27.171,20.290,2.983,250.0,250.0,81.001,23.743,8.813,74.171,51.229,31.767,19.462,31.389,7.105,0.719,6.386,6.386,0.000,0.000,0.000,0.000,20.0,
6.11.2025,19:8:55.945,17.672,28.306,21.377,2.988,250.0,250.0,80.523,31.219,8.800,69.276,48.232,29.914,18.318,29.548,50.635,18.238,32.397,6.828,0.000,0.000,0.000,0.000,20.0,
6.11.2025,19:8:56.945,31.266,27.677,20.738,2.987,250.0,250.0,80.225,43.367,8.780,73.452,50.783,31.485,19.298,31.107,106.119,28.141,77.978,6.530,0.000,0.000,0.000,0.000,20.0,
6.11.2025,19:8:57.941,36.704,25.545,18.643,2.977,250.0,250.0,79.239,23.616,8.848,73.532,50.879,31.550,19.329,31.161,7.214,0.784,6.430,6.429,0.000,0.000,0.000,0.000,20.0,
6.11.2025,19:8:58.939,20.391,26.887,20.050,2.946,250.0,250.0,81.330,23.437,8.937,72.842,50.493,31.309,19.184,30.932,7.125,0.722,6.403,6.420,0.000,0.000,0.000,0.000,20.0,
6.11.2025,19:8:59.934,19.032,29.148,22.191,2.999,250.0,250.0,78.858,14.261,8.876,37.696,28.887,17.909,10.978,17.689,7.095,0.717,6.378,6.386,0.000,0.000,0.000,0.000,20.0,
6.11.2025,19:9:0.939,38.063,28.379,21.388,3.063,250.0,250.0,78.558,23.542,9.011,73.162,50.747,31.461,19.286,31.083,7.122,0.719,6.403,6.429,0.000,0.000,0.000,0.000,20.0,
6.11.2025,19:9:1.945,16.313,24.783,17.864,2.994,250.0,250.0,79.804,39.190,8.974,74.001,51.227,31.766,19.461,31.377,84.289,29.154,55.135,6.514,0.000,0.000,0.000,0.000,20.0,
6.11.2025,19:9:2.944,29.907,31.833,24.515,3.344,250.0,250.0,79.543,22.458,9.054,66.671,46.772,28.998,17.774,28.645,10.142,1.423,8.719,6.386,0.000,0.000,0.000,0.000,20.0,
6.11.2025,19:9:3.945,16.313,36.793,29.227,3.523,250.0,250.0,79.298,44.825,8.936,73.721,51.052,31.656,19.396,31.266,112.823,32.744,80.079,6.582,0.000,0.000,0.000,0.000,20.0,
6.11.2025,19:9:4.937,17.672,25.634,18.721,2.992,250.0,250.0,78.766,25.516,8.890,74.589,51.544,31.969,19.575,31.579,15.221,1.998,13.223,6.573,0.000,0.000,0.000,0.000,20.0,
6.11.2025,19:9:5.940,16.313,25.955,18.981,3.002,250.0,250.0,80.893,23.662,8.839,73.770,51.001,31.628,19.373,31.238,7.170,0.773,6.397,6.429,0.000,0.000,0.000,1.000,20.0,
6.11.2025,19:9:6.945,23.110,26.857,19.984,2.977,250.0,250.0,80.356,44.770,8.912,72.466,50.250,31.151,19.099,30.774,114.157,30.684,83.473,6.734,0.000,0.000,0.000,0.000,20.0,
6.11.2025,19:9:7.940,24.469,28.255,21.322,2.984,250.0,250.0,79.355,23.413,8.877,72.810,50.437,31.275,19.162,30.898,7.125,0.722,6.403,6.420,0.000,0.000,0.000,0.000,20.0,
6.11.2025,19:9:8.940,17.672,26.759,19.898,2.968,250.0,250.0,79.902,34.308,8.889,56.954,40.701,25.245,15.456,24.940,21.652,5.679,15.973,127.594,0.000,0.000,0.000,0.000,20.0,
6.11.2025,19:9:9.938,20.391,27.300,20.314,3.013,250.0,250.0,78.877,23.460,8.922,72.501,50.293,31.179,19.114,30.802,7.635,0.962,6.673,6.522,0.000,0.000,0.000,0.000,20.0,
6.11.2025,19:9:10.946,25.829,28.617,21.591,3.067,250.0,250.0,78.803,23.535,8.934,73.156,50.680,31.425,19.255,31.048,7.194,0.731,6.463,6.463,0.000,0.000,0.000,0.000,20.0,
6.11.2025,19:9:11.945,32.625,29.626,22.653,3.042,250.0,250.0,80.201,23.642,8.896,73.637,50.964,31.603,19.361,31.214,7.158,0.729,6.429,6.429,0.000,0.000,0.000,0.000,20.0,
6.11.2025,19:9:12.939,23.110,29.456,22.542,2.996,250.0,250.0,80.369,23.909,8.883,74.607,51.552,31.963,19.589,31.573,7.223,0.743,6.480,6.480,0.000,0.000,0.000,0.000,20.0,
6.11.2025,19:9:13.943,39.422,26.306,19.377,3.021,250.0,250.0,80.138,53.161,8.907,74.865,51.718,32.077,19.641,31.688,51.388,18.420,32.968,209.941,0.000,0.000,0.000,0.000,20.0,
6.11.2025,19:9:14.934,17.672,26.244,19.379,2.969,250.0,250.0,73.075,22.039,8.882,67.545,47.203,29.261,17.942,28.908,7.123,0.720,6.403,6.403,0.000,0.000,0.000,0.000,20.0,
6.11.2025,19:9:15.945,20.391,25.794,18.895,2.960,250.0,250.0,76.176,22.089,8.921,67.596,47.266,29.315,17.951,28.962,7.202,0.731,6.471,6.471,0.000,0.000,0.000,0.000,20.0,
6.11.2025,19:9:16.947,19.032,24.769,17.875,2.975,250.0,250.0,76.370,44.106,8.930,68.800,48.017,29.779,18.238,29.414,115.756,32.550,83.206,6.369,0.000,0.000,0.000,0.000,20.0,
6.11.2025,19:9:17.945,23.110,26.331,19.436,2.967,250.0,250.0,76.420,39.766,8.942,83.697,57.175,35.461,21.714,35.035,61.007,22.465,38.542,33.622,0.000,0.000,0.000,0.000,20.0,
6.11.2025,19:9:18.936,21.750,25.994,19.134,2.955,250.0,250.0,75.895,22.116,8.845,67.898,47.405,29.388,18.017,29.035,7.095,0.717,6.378,6.378,0.000,0.000,0.000,1.125,20.0,
6.11.2025,19:9:19.945,13.594,27.461,20.582,2.975,250.0,250.0,73.707,22.248,8.823,68.412,47.711,29.583,18.128,29.218,7.110,0.724,6.386,6.386,0.000,0.000,0.000,0.000,20.0,
6.11.2025,19:9:20.946,16.313,27.655,20.635,3.024,250.0,250.0,76.672,21.914,8.901,67.043,46.909,29.081,17.828,28.728,7.125,0.722,6.403,6.403,0.000,0.000,0.000,0.000,20.0,
6.11.2025,19:9:21.934,20.391,25.241,18.408,2.969,250.0,250.0,76.540,22.251,8.950,68.250,47.701,29.571,18.130,29.217,7.118,0.732,6.386,6.454,0.000,0.000,2.500,0.000,20.0,
6.11.2025,19:9:22.945,14.953,25.293,18.351,2.991,250.0,250.0,74.050,75.379,9.006,62.340,44.075,27.329,16.746,27.001,47.997,17.536,30.461,471.300,0.000,0.000,0.000,0.000,20.0,
6.11.2025,19:9:23.944,21.750,28.212,21.351,2.965,250.0,250.0,70.148,21.978,9.067,67.013,46.986,29.136,17.850,28.783,7.291,0.735,6.556,6.361,0.000,0.000,0.000,2.500,20.0,
6.11.2025,19:9:24.934,14.953,22.247,15.360,2.936,250.0,250.0,73.321,22.218,9.061,68.059,47.632,29.542,18.090,29.189,7.097,0.719,6.378,6.412,0.000,0.000,0.000,2.125,20.0,
6.11.2025,19:9:25.935,25.829,24.888,18.054,2.946,250.0,250.0,73.511,22.174,8.992,67.899,47.500,29.454,18.046,29.089,7.148,0.736,6.412,6.463,0.000,0.000,0.000,0.000,20.0,
6.11.2025,19:9:26.945,17.672,25.149,18.303,2.922,250.0,250.0,71.130,20.040,8.888,59.639,42.367,26.274,16.093,25.957,7.417,0.750,6.667,6.352,0.000,0.000,0.000,0.000,20.0,
6.11.2025,19:9:27.944,19.032,27.687,20.876,2.905,250.0,250.0,71.783,21.936,8.874,67.175,46.970,29.122,17.848,28.769,7.079,0.727,6.352,6.446,0.000,0.001,0.000,0.000,20.0,
6.11.2025,19:9:28.943,17.672,25.617,18.651,3.054,250.0,250.0,58.414,23.572,8.931,73.459,50.899,31.565,19.334,31.176,6.997,0.712,6.285,6.361,0.000,0.000,0.000,0.000,20.0,
6.11.2025,19:9:29.939,17.672,25.617,18.651,3.054,250.0,250.0,79.077,45.223,8.912,71.824,49.852,30.909,18.943,30.544,117.430,33.276,84.154,6.386,0.000,0.000,0.000,0.000,20.0,
6.11.2025,19:9:30.936,21.750,26.259,19.303,3.036,250.0,250.0,80.210,24.111,9.011,75.309,52.077,32.299,19.778,31.909,7.144,0.732,6.412,6.438,0.000,0.000,0.000,0.000,20.0,
6.11.2025,19:9:31.944,28.547,28.361,21.323,3.075,250.0,250.0,79.602,23.929,8.962,74.719,51.692,32.050,19.642,31.661,7.088,0.719,6.369,6.386,0.000,0.000,0.000,0.000,20.0,
6.11.2025,19:9:32.944,38.063,27.133,20.157,3.032,250.0,250.0,82.660,45.175,8.907,71.974,49.940,30.969,18.971,30.592,117.000,32.979,84.021,6.394,0.000,0.000,0.000,0.000,20.0,
6.11.2025,19:9:33.945,24.469,28.834,21.903,3.045,250.0,250.0,78.816,25.175,8.897,69.410,48.371,29.999,18.372,29.634,20.034,5.067,14.967,6.994,0.000,0.000,0.000,0.000,20.0,
6.11.2025,19:9:34.944,31.266,25.889,18.947,2.996,250.0,250.0,79.434,25.503,8.887,74.552,51.534,31.958,19.576,31.568,15.231,2.037,13.194,6.497,0.000,0.000,0.000,0.000,20.0,
6.11.2025,19:9:35.944,19.032,26.671,19.726,3.022,250.0,250.0,78.935,24.356,8.888,76.343,52.649,32.644,20.005,32.254,7.189,0.785,6.404,6.403,0.000,0.000,0.000,0.125,20.0,
6.11.2025,19:9:36.945,17.672,26.138,19.225,3.020,250.0,250.0,79.922,23.708,8.947,73.873,51.134,31.708,19.426,31.331,7.126,0.723,6.403,6.403,0.000,0.000,0.000,0.000,20.0,
6.11.2025,19:9:37.945,23.110,27.023,20.027,3.006,250.0,250.0,80.835,47.377,9.056,73.880,51.212,31.759,19.453,31.370,125.227,34.335,90.892,6.582,0.000,0.000,0.000,0.000,20.0,
6.11.2025,19:9:38.945,23.110,26.073,19.158,3.015,250.0,250.0,79.411,23.949,8.985,74.662,51.663,32.035,19.628,31.646,7.214,0.775,6.439,6.438,0.000,0.000,0.000,0.000,20.0,
6.11.2025,19:9:39.939,23.110,25.830,18.877,3.001,250.0,250.0,82.188,23.949,8.852,48.639,35.597,22.071,13.526,21.803,7.106,0.720,6.386,206.576,0.000,0.000,0.000,0.000,20.0,
6.11.2025,19:9:40.941,29.907,28.207,21.257,3.010,250.0,250.0,82.188,37.128,8.852,48.639,35.597,22.071,13.526,21.803,7.106,0.720,6.386,206.576,0.000,0.000,0.000,0.000,20.0,
6.11.2025,19:9:41.935,31.266,29.104,22.078,3.082,250.0,250.0,80.435,23.855,8.975,74.208,51.353,31.842,19.511,31.465,7.365,0.855,6.510,6.463,0.000,0.000,0.000,0.000,20.0,
6.11.2025,19:9:42.945,21.750,29.209,22.184,3.069,250.0,250.0,79.165,23.795,8.866,74.273,51.334,31.833,19.501,31.456,7.148,0.754,6.394,6.394,0.000,0.000,0.000,0.000,20.0,
6.11.2025,19:9:43.938,32.625,25.705,18.750,3.021,250.0,250.0,82.953,36.096,8.915,73.532,50.909,31.573,19.336,31.195,69.483,25.538,43.945,6.530,0.000,0.000,0.000,0.000,20.0,
6.11.2025,19:9:44.934,28.547,26.765,19.847,3.010,250.0,250.0,79.824,23.347,8.888,72.529,50.261,31.174,19.087,30.797,7.153,0.724,6.429,6.429,0.000,0.000,0.000,0.000,20.0,
6.11.2025,19:9:45.945,14.953,26.917,19.925,3.042,250.0,250.0,79.222,24.284,8.978,75.956,52.439,32.520,19.919,32.130,7.232,0.828,6.404,6.438,0.000,0.000,0.000,0.000,20.0,
6.11.2025,19:9:46.944,20.391,28.587,21.642,3.023,250.0,250.0,79.785,24.645,9.149,77.194,53.338,33.078,20.260,32.676,7.159,0.772,6.387,6.438,0.000,0.000,0.000,0.000,20.0,
6.11.2025,19:9:47.945,19.032,26.441,19.507,3.031,250.0,250.0,83.896,14.706,9.073,38.845,29.708,18.424,11.284,18.204,7.575,0.985,6.590,6.369,0.000,0.000,0.000,0.000,20.0,
6.11.2025,19:9:48.937,21.750,24.723,17.767,3.019,250.0,250.0,79.471,72.149,9.149,63.105,44.639,27.677,16.962,27.337,98.411,30.888,67.523,335.802,0.000,0.000,0.000,0.000,20.0,
6.11.2025,19:9:49.944,17.672,25.679,18.729,3.010,250.0,250.0,79.251,24.080,9.024,75.076,51.934,32.208,19.726,31.818,7.263,0.840,6.423,6.489,0.000,0.000,0.000,0.000,20.0,
6.11.2025,19:9:50.945,16.313,27.815,20.917,2.996,250.0,250.0,81.485,17.539,8.878,50.207,36.568,22.678,13.890,22.410,7.190,0.803,6.387,6.378,0.000,0.000,0.000,0.000,20.0,
6.11.2025,19:9:51.940,25.829,29.483,22.399,3.073,250.0,250.0,79.593,37.788,8.964,75.103,51.915,32.191,19.724,31.802,75.658,14.474,61.184,6.862,0.000,0.000,0.000,0.000,20.0,
6.11.2025,19:9:52.935,14.953,28.557,21.618,3.038,250.0,250.0,79.504,23.921,9.051,74.498,51.593,31.988,19.605,31.598,7.207,0.801,6.406,6.463,0.000,0.000,0.000,0.000,20.0,
6.11.2025,19:9:53.946,31.266,28.692,21.677,3.077,250.0,250.0,82.844,24.229,9.037,75.703,52.340,32.461,19.879,32.072,7.186,0.791,6.395,6.420,0.000,0.000,0.000,0.000,20.0,
6.11.2025,19:9:54.935,23.110,26.181,19.214,3.037,250.0,250.0,79.965,36.689,9.056,74.665,51.703,32.054,19.649,31.664,70.722,0.881,69.841,6.658,0.000,0.000,0.000,0.000,20.0,
6.11.2025,19:9:55.945,17.672,27.767,20.761,3.029,250.0,250.0,79.848,24.497,9.023,76.688,52.927,32.813,20.114,32.424,7.257,0.836,6.421,6.463,0.000,0.000,0.000,0.000,20.0,
6.11.2025,19:9:56.945,13.594,28.411,21.403,3.082,250.0,250.0,82.835,24.474,9.024,76.569,52.885,32.796,20.089,32.394,7.253,0.821,6.432,6.480,0.000,0.000,0.000,0.000,20.0,
6.11.2025,19:9:57.945,20.391,24.474,17.547,3.031,250.0,250.0,79.821,24.212,9.073,75.538,52.264,32.411,19.853,32.009,7.252,0.785,6.467,6.463,0.000,0.000,1.125,0.000,20.0,
6.11.2025,19:9:58.945,24.469,26.967,19.960,3.033,250.0,250.0,80.470,24.412,8.941,76.450,52.750,32.702,20.048,32.313,7.238,0.797,6.441,6.438,0.000,0.001,0.000,2.125,20.0,
6.11.2025,19:9:59.938,17.672,26.348,19.397,3.034,250.0,250.0,83.443,24.244,8.910,75.929,52.395,32.491,19.904,32.101,7.162,0.775,6.387,6.386,0.000,0.000,0.000,0.000,20.0,
6.11.2025,19:10:0.945,28.547,24.978,18.026,3.009,250.0,250.0,79.073,28.849,8.912,44.326,32.966,20.444,12.522,20.188,7.265,0.879,6.386,134.606,0.000,0.000,0.000,0.000,20.0,
6.11.2025,19:10:1.939,17.672,31.073,23.987,3.135,250.0,250.0,79.470,24.541,9.022,76.814,53.010,32.873,20.137,32.483,7.291,0.798,6.493,6.489,0.000,0.000,0.000,0.375,20.0,
6.11.2025,19:10:2.944,23.110,28.862,21.811,3.094,250.0,250.0,76.403,14.081,8.918,36.905,28.393,17.610,10.783,17.402,7.174,0.728,6.446,6.446,0.000,0.000,0.000,0.000,20.0,
6.11.2025,19:10:3.944,28.547,30.097,23.093,3.085,250.0,250.0,83.442,25.079,8.914,55.566,39.864,24.723,15.141,24.430,11.808,2.342,9.466,58.540,0.000,0.000,0.000,0.000,20.0,
6.11.2025,19:10:4.947,35.344,30.184,22.798,3.371,250.0,250.0,78.476,42.450,8.829,40.335,30.467,18.899,11.568,18.667,7.207,0.787,6.420,281.317,0.000,0.000,1.125,0.250,20.0,
6.11.2025,19:10:5.942,17.672,32.138,24.717,3.394,250.0,250.0,79.350,39.659,8.836,81.796,55.944,34.685,21.259,34.271,76.709,27.342,49.367,6.378,0.000,0.000,0.000,0.000,20.0,
6.11.2025,19:10:6.937,25.829,26.947,19.984,3.016,250.0,250.0,79.501,24.137,8.811,75.540,52.090,32.293,19.797,31.904,7.219,0.739,6.480,6.497,0.000,0.000,0.000,0.000,20.0,
6.11.2025,19:10:7.937,17.672,28.368,21.331,3.085,250.0,250.0,82.607,22.705,8.875,70.050,48.774,30.242,18.532,29.889,7.144,0.724,6.420,6.403,0.000,0.000,0.000,0.000,20.0,
6.11.2025,19:10:8.945,17.672,29.280,22.305,3.055,250.0,250.0,79.874,24.236,8.922,75.820,52.343,32.460,19.883,32.070,7.202,0.739,6.463,6.463,0.000,0.000,0.000,0.000,20.0,
6.11.2025,19:10:9.946,23.110,25.082,18.140,3.034,250.0,250.0,83.399,22.746,8.934,69.991,48.758,30.232,18.526,29.879,7.371,0.747,6.624,6.394,0.000,0.000,0.000,0.000,20.0,
6.11.2025,19:10:10.939,17.672,25.788,18.802,3.051,250.0,250.0,79.540,23.990,8.956,74.830,51.731,32.078,19.653,31.689,7.219,0.739,6.480,6.522,0.000,0.000,0.000,0.000,20.0,
6.11.2025,19:10:11.937,19.032,28.520,21.464,3.121,250.0,250.0,79.587,23.806,8.922,74.221,51.337,31.839,19.498,31.450,7.179,0.733,6.446,6.429,0.000,0.000,0.000,0.000,20.0,
6.11.2025,19:10:12.942,13.594,26.697,19.627,3.086,250.0,250.0,83.713,24.151,8.949,75.535,52.184,32.350,19.834,31.960,7.142,0.730,6.412,6.412,0.000,0.000,2.500,0.000,20.0,
6.11.2025,19:10:13.937,17.672,25.370,18.432,3.053,250.0,250.0,79.695,23.337,8.820,72.608,50.265,31.166,19.099,30.801,7.113,0.719,6.394,6.386,0.000,0.000,0.000,0.000,20.0,
6.11.2025,19:10:14.936,27.188,26.792,19.769,3.076,250.0,250.0,79.633,48.327,8.869,66.900,46.788,29.010,17.778,28.669,17.374,4.483,12.891,250.509,0.000,0.000,0.000,0.000,20.0,
6.11.2025,19:10:15.946,16.313,26.634,19.651,3.044,250.0,250.0,79.580,23.896,8.924,74.526,51.532,31.956,19.576,31.567,7.203,0.732,6.471,6.471,0.000,0.000,0.000,0.000,20.0,
6.11.2025,19:10:16.945,19.032,27.009,20.035,3.028,250.0,250.0,79.704,23.817,8.822,74.375,51.372,31.855,19.517,31.466,7.166,0.737,6.429,6.429,0.000,0.000,0.000,0.000,20.0,
6.11.2025,19:10:17.944,27.188,29.163,22.192,3.035,250.0,250.0,80.988,47.908,8.858,53.651,38.645,23.964,14.681,23.672,7.394,0.847,6.547,300.819,0.000,0.000,0.000,0.000,20.0,
6.11.2025,19:10:18.945,21.750,27.911,20.939,3.045,250.0,250.0,81.499,23.706,8.895,73.868,51.090,31.683,19.407,31.306,7.185,0.739,6.446,6.446,0.000,0.000,0.000,0.000,20.0,
6.11.2025,19:10:19.939,17.672,25.274,18.327,3.024,250.0,250.0,80.299,24.305,8.980,76.129,52.567,32.602,19.965,32.212,7.106,0.720,6.386,6.386,0.000,0.000,0.000,0.000,20.0,
6.11.2025,19:10:20.940,17.672,29.535,22.570,3.053,250.0,250.0,83.017,33.747,8.922,70.519,49.071,30.429,18.642,30.063,61.507,22.633,38.874,6.811,0.000,0.000,0.000,0.000,20.0,
6.11.2025,19:10:21.940,17.672,27.254,20.204,3.077,250.0,250.0,79.272,23.581,8.864,73.380,50.795,31.497,19.298,31.120,7.195,0.732,6.463,6.463,0.000,0.000,0.000,0.000,20.0,
6.11.2025,19:10:22.944,16.313,27.634,20.693,3.032,250.0,250.0,79.495,23.636,8.873,73.628,50.953,31.599,19.354,31.209,7.143,0.723,6.420,6.454,0.000,0.000,0.000,0.000,20.0,
6.11.2025,19:10:23.959,20.391,27.931,20.884,3.099,250.0,250.0,79.123,23.692,8.906,73.857,51.110,31.688,19.422,31.311,7.113,0.719,6.394,6.403,0.000,0.000,0.000,0.000,20.0,
6.11.2025,19:10:24.953,14.953,26.137,19.166,3.019,250.0,250.0,82.347,47.059,8.970,72.583,50.360,31.224,19.136,30.846,125.409,34.641,90.768,6.658,0.000,0.000,0.000,0.000,20.0,
6.11.2025,19:10:25.966,17.672,29.941,22.991,3.052,250.0,250.0,79.039,23.876,8.923,74.509,51.506,31.936,19.570,31.559,7.172,0.769,6.403,6.412,0.000,0.000,0.000,0.000,20.0,
6.11.2025,19:10:26.976,19.032,28.399,21.419,3.021,250.0,250.0,82.600,32.472,8.933,75.509,52.149,32.344,19.805,31.954,48.617,6.244,42.373,6.794,0.000,0.000,0.000,0.000,20.0,
6.11.2025,19:10:27.973,31.266,28.792,21.858,3.030,250.0,250.0,78.898,23.776,8.948,74.122,51.302,31.811,19.491,31.421,7.125,0.722,6.403,6.420,0.000,0.000,0.000,0.000,20.0,
6.11.2025,19:10:28.973,17.672,27.172,20.282,2.985,250.0,250.0,82.881,23.744,8.914,73.635,50.966,31.600,19.366,31.222,7.562,0.881,6.681,6.616,0.000,0.000,0.000,0.000,20.0,
6.11.2025,19:10:29.976,14.953,27.978,21.078,2.991,250.0,250.0,79.153,23.838,8.932,74.313,51.402,31.871,19.531,31.481,7.199,0.778,6.421,6.454,0.000,0.000,0.000,0.000,20.0,
6.11.2025,19:10:30.972,17.672,27.196,20.170,3.055,250.0,250.0,82.641,33.670,8.982,53.070,38.352,23.781,14.571,23.501,50.502,17.893,32.609,73.442,0.000,0.000,0.000,0.000,20.0,
6.11.2025,19:10:31.973,17.672,27.498,20.588,2.992,250.0,250.0,76.031,22.014,9.093,67.179,47.108,29.217,17.891,28.864,7.171,0.725,6.446,6.446,0.000,0.000,0.000,0.000,20.0,
6.11.2025,19:10:32.973,19.032,27.066,20.207,2.970,250.0,250.0,77.240,22.247,9.218,67.939,47.661,29.557,18.104,29.203,7.171,0.725,6.446,6.446,0.000,0.000,0.000,0.000,20.0,
6.11.2025,19:10:33.977,16.313,26.664,19.737,2.999,250.0,250.0,77.303,22.285,9.080,68.153,47.703,29.581,18.122,29.228,7.244,0.747,6.497,6.497,0.000,0.000,0.000,0.000,20.0,
6.11.2025,19:10:34.976,14.953,26.517,19.712,2.914,250.0,250.0,76.986,22.202,8.995,67.859,47.471,29.435,18.036,29.081,7.295,0.739,6.556,6.556,0.000,0.000,0.000,0.000,20.0,
6.11.2025,19:10:35.981,16.313,25.313,18.398,2.955,250.0,250.0,76.456,38.085,8.887,67.399,47.119,29.209,17.910,28.856,87.372,21.332,66.040,6.726,0.000,0.000,0.000,2.250,20.0,
6.11.2025,19:10:36.976,19.032,26.632,19.782,2.939,250.0,250.0,76.022,22.133,8.852,67.830,47.354,29.370,17.984,29.017,7.221,0.741,6.480,6.480,0.000,0.000,0.000,0.000,20.0,
6.11.2025,19:10:37.975,20.391,26.917,20.069,2.945,250.0,250.0,75.984,23.309,8.898,67.006,46.877,29.064,17.813,28.723,14.087,1.538,12.549,6.539,0.000,0.000,0.000,0.000,20.0,
6.11.2025,19:10:38.971,21.750,26.999,20.116,2.954,250.0,250.0,75.631,21.944,8.934,67.125,46.968,29.120,17.848,28.779,7.133,0.730,6.403,6.403,0.000,0.000,0.000,0.000,20.0,
6.11.2025,19:10:39.972,23.110,26.022,19.173,2.941,250.0,250.0,76.391,22.153,8.913,67.963,47.494,29.441,18.053,29.088,7.100,0.722,6.378,6.378,0.000,0.000,0.000,0.000,20.0,
6.11.2025,19:10:40.971,17.672,27.641,20.719,2.999,250.0,250.0,73.590,21.990,8.949,67.287,47.081,29.191,17.890,28.850,7.126,0.723,6.403,6.403,0.000,0.000,0.000,0.000,20.0,
6.11.2025,19:10:41.973,20.391,26.766,19.890,2.947,250.0,250.0,73.784,42.657,8.923,67.955,47.482,29.446,18.036,29.093,109.586,32.157,77.429,6.463,0.000,0.000,0.000,0.000,20.0,
6.11.2025,19:10:42.970,19.032,26.582,19.756,2.921,250.0,250.0,74.405,17.614,8.866,50.616,36.809,22.823,13.986,22.554,7.067,0.715,6.352,6.352,0.000,0.000,0.000,0.000,20.0,
6.11.2025,19:10:43.969,21.750,25.559,18.633,2.997,250.0,250.0,71.235,22.268,8.867,68.450,47.758,29.610,18.148,29.256,7.090,0.729,6.361,6.412,0.000,0.000,0.000,0.000,20.0,
6.11.2025,19:10:44.972,16.313,26.106,19.266,2.942,250.0,250.0,71.100,43.934,8.906,67.777,47.377,29.379,17.998,29.025,116.184,32.912,83.272,6.514,0.000,0.000,0.000,0.000,20.0,
6.11.2025,19:10:45.974,27.188,24.509,17.675,2.947,250.0,250.0,73.369,22.340,8.963,68.662,47.957,29.734,18.223,29.369,7.058,0.715,6.343,6.378,0.000,0.000,0.000,0.000,20.0,
6.11.2025,19:10:46.972,19.032,24.715,17.721,3.021,250.0,250.0,73.917,46.563,8.950,74.393,51.459,31.908,19.551,31.518,120.524,32.826,87.698,6.802,0.000,0.000,0.000,0.000,20.0,
6.11.2025,19:10:47.969,17.672,28.176,21.210,3.033,250.0,250.0,81.721,23.563,9.025,73.256,50.827,31.517,19.310,31.139,7.086,0.717,6.369,6.386,0.000,0.000,0.000,0.000,20.0,
6.11.2025,19:10:48.968,20.391,26.467,19.512,3.025,250.0,250.0,80.768,23.793,8.940,74.077,51.260,31.791,19.469,31.402,7.236,0.795,6.441,6.522,0.000,0.000,0.000,0.000,20.0,
6.11.2025,19:10:49.975,19.032,28.479,21.519,3.035,250.0,250.0,82.238,23.132,8.877,71.789,49.805,30.886,18.919,30.508,7.086,0.717,6.369,6.369,0.000,0.000,0.000,0.000,20.0,
6.11.2025,19:10:50.966,27.188,27.301,20.288,3.078,250.0,250.0,77.972,23.870,8.829,74.572,51.508,31.940,19.568,31.550,7.164,0.769,6.395,6.403,0.000,0.000,0.000,0.000,20.0,
6.11.2025,19:10:51.975,25.829,28.238,21.283,3.035,250.0,250.0,80.151,24.101,8.839,75.333,51.985,32.226,19.759,31.837,7.284,0.818,6.466,6.463,0.000,0.000,0.000,0.000,20.0,
6.11.2025,19:10:52.975,20.391,26.889,19.920,3.054,250.0,250.0,79.385,23.665,8.852,73.793,51.025,31.635,19.390,31.257,7.157,0.770,6.387,6.386,0.000,0.000,0.000,0.000,20.0,
6.11.2025,19:10:53.977,23.110,30.442,23.432,3.028,250.0,250.0,82.896,45.142,8.885,74.076,51.228,31.766,19.462,31.377,113.916,30.697,83.219,6.794,0.000,0.000,0.000,0.000,20.0,
6.11.2025,19:10:54.977,31.266,27.552,20.665,3.016,250.0,250.0,79.163,23.887,8.910,74.509,51.506,31.936,19.570,31.559,7.225,0.793,6.432,6.429,0.000,0.000,0.000,0.000,20.0,
6.11.2025,19:10:55.970,20.391,27.961,20.953,3.041,250.0,250.0,82.355,39.374,8.994,72.525,50.333,31.210,19.123,30.833,86.957,29.382,57.575,6.811,0.000,0.000,0.000,0.000,20.0,
6.11.2025,19:10:56.966,19.032,28.269,21.280,3.049,250.0,250.0,78.815,23.676,9.004,73.613,51.006,31.631,19.375,31.254,7.223,0.791,6.432,6.429,0.000,0.000,0.000,0.000,20.0,
6.11.2025,19:10:57.978,17.672,28.067,21.125,3.047,250.0,250.0,83.093,31.457,8.889,77.832,53.532,33.193,20.339,32.804,7.130,0.768,6.362,73.724,0.000,0.000,0.000,2.000,20.0,
6.11.2025,19:10:58.977,25.829,26.601,19.661,3.043,250.0,250.0,79.718,23.829,8.864,74.295,51.351,31.848,19.503,31.459,7.252,0.785,6.467,6.463,0.000,0.000,0.000,0.000,20.0,
6.11.2025,19:10:59.975,19.032,26.431,19.464,3.026,250.0,250.0,82.565,43.476,8.798,66.716,46.638,28.918,17.720,28.565,90.380,29.743,60.637,56.642,0.000,0.000,1.625,0.000,20.0,
6.11.2025,19:11:0.976,23.110,27.726,20.641,3.108,250.0,250.0,79.280,23.667,8.871,73.751,51.015,31.629,19.386,31.251,7.171,0.733,6.438,6.429,0.000,0.000,0.000,0.000,20.0,
6.11.2025,19:11:1.975,17.672,27.868,20.913,3.012,250.0,250.0,82.936,23.481,8.875,73.025,50.564,31.356,19.208,30.979,7.210,0.730,6.480,6.386,0.000,0.000,0.000,0.000,20.0,
6.11.2025,19:11:2.972,25.829,28.139,21.175,3.047,250.0,250.0,79.328,23.857,8.848,74.470,51.448,31.905,19.543,31.516,7.185,0.731,6.454,6.471,0.000,0.000,0.000,0.000,20.0,
6.11.2025,19:11:3.968,17.672,27.572,20.627,3.007,250.0,250.0,79.678,24.252,8.911,75.980,52.433,32.516,19.917,32.114,7.124,0.721,6.403,6.403,0.000,0.000,0.000,0.000,20.0,
6.11.2025,19:11:4.978,19.032,25.252,18.321,3.003,250.0,250.0,82.984,41.290,8.943,74.206,51.349,31.839,19.510,31.450,94.364,21.968,72.396,6.870,0.000,0.000,0.000,0.000,20.0,
6.11.2025,19:11:5.970,27.188,32.525,24.957,3.572,250.0,250.0,78.490,23.676,8.838,73.625,50.927,31.574,19.353,31.196,7.345,0.797,6.548,6.556,0.000,0.000,1.000,0.000,20.0,
6.11.2025,19:11:6.966,33.985,30.429,23.144,3.278,250.0,250.0,78.967,23.628,8.877,73.629,50.961,31.599,19.362,31.222,7.114,0.720,6.394,6.403,0.000,0.000,0.000,0.000,20.0,
6.11.2025,19:11:7.977,33.985,30.429,23.144,3.278,250.0,250.0,82.863,23.750,8.826,74.026,51.158,31.720,19.438,31.342,7.213,0.733,6.480,6.565,0.000,0.000,0.000,0.000,20.0,
6.11.2025,19:11:8.965,24.469,26.461,19.550,3.013,250.0,250.0,79.075,23.766,8.894,74.127,51.247,31.772,19.475,31.395,7.159,0.730,6.429,6.429,0.000,0.000,0.000,0.125,20.0,
6.11.2025,19:11:9.975,27.188,27.302,20.389,3.002,250.0,250.0,80.173,21.410,8.888,65.099,45.742,28.369,17.373,28.028,7.106,0.720,6.386,6.386,0.000,0.000,0.000,0.000,20.0,
6.11.2025,19:11:10.972,29.907,26.838,19.868,3.025,250.0,250.0,82.084,42.073,8.822,74.415,51.391,31.864,19.527,31.487,98.302,24.164,74.138,6.624,0.000,0.000,0.000,0.000,20.0,
6.11.2025,19:11:11.977,17.672,30.001,22.992,3.059,250.0,250.0,79.319,23.674,8.857,73.741,50.998,31.618,19.380,31.241,7.229,0.780,6.449,6.446,0.000,0.000,0.000,0.000,20.0,
6.11.2025,19:11:12.976,35.344,27.064,20.115,3.012,250.0,250.0,82.294,33.555,8.810,68.161,47.538,29.477,18.061,29.124,63.930,23.472,40.458,6.522,0.000,0.000,0.000,0.000,20.0,
6.11.2025,19:11:13.976,25.829,29.212,22.216,3.040,250.0,250.0,79.274,23.784,8.790,74.324,51.304,31.814,19.490,31.437,7.134,0.722,6.412,6.412,0.000,0.000,0.000,0.000,20.0,
6.11.2025,19:11:14.975,32.625,26.605,19.705,2.977,250.0,250.0,78.901,23.927,8.850,74.826,51.679,32.042,19.637,31.665,7.095,0.717,6.378,6.378,0.000,0.000,0.000,0.000,20.0,
6.11.2025,19:11:15.976,16.313,28.592,21.647,3.011,250.0,250.0,82.666,24.056,8.887,75.088,51.856,32.160,19.696,31.771,7.302,0.801,6.501,6.497,0.000,0.000,0.000,1.000,20.0,
6.11.2025,19:11:16.977,23.110,26.388,19.473,2.985,250.0,250.0,82.137,22.655,8.841,48.416,35.391,21.946,13.445,21.690,7.254,0.885,6.369,62.315,0.000,0.000,0.000,0.000,20.0,
6.11.2025,19:11:17.976,17.672,28.879,21.961,3.008,250.0,250.0,75.721,22.655,8.969,42.964,32.154,19.936,12.218,19.693,7.161,0.732,6.429,7.222,0.000,0.000,0.000,0.000,20.0,
6.11.2025,19:11:18.976,27.188,29.009,22.052,2.989,250.0,250.0,82.049,33.936,8.941,72.104,50.042,31.025,19.017,30.648,46.506,17.361,29.145,34.567,0.000,0.000,0.000,0.250,20.0,
6.11.2025,19:11:19.970,23.110,27.625,20.730,2.984,250.0,250.0,79.747,23.582,8.882,73.167,50.654,31.417,19.237,31.039,7.446,0.896,6.550,6.530,0.000,0.000,0.000,0.000,20.0,
6.11.2025,19:11:20.969,24.469,27.335,20.401,3.011,250.0,250.0,79.747,23.582,8.882,73.167,50.654,31.417,19.237,31.039,7.446,0.896,6.550,6.530,0.000,0.000,0.000,1.000,20.0,
6.11.2025,19:11:21.976,27.188,31.140,24.083,3.106,250.0,250.0,79.108,23.930,8.799,74.872,51.663,32.037,19.626,31.647,7.125,0.722,6.403,6.403,0.000,0.000,0.000,0.000,20.0,
6.11.2025,19:11:22.967,19.032,28.018,21.067,3.012,250.0,250.0,82.728,23.627,8.810,73.585,50.877,31.553,19.324,31.176,7.240,0.783,6.457,6.463,0.000,0.000,0.000,0.000,20.0,
6.11.2025,19:11:23.976,19.032,27.985,20.936,3.087,250.0,250.0,78.310,23.483,8.851,73.096,50.588,31.373,19.215,30.996,7.155,0.768,6.387,6.403,0.000,0.000,0.000,0.000,20.0,
6.11.2025,19:11:24.977,17.672,26.471,19.526,3.019,250.0,250.0,82.761,25.225,8.861,73.417,50.806,31.506,19.300,31.116,15.333,2.046,13.287,6.582,0.000,0.000,0.000,0.000,20.0,
6.11.2025,19:11:25.976,20.391,29.331,22.372,3.050,250.0,250.0,78.994,23.450,8.810,73.051,50.534,31.337,19.197,30.960,7.106,0.720,6.386,6.394,0.000,0.000,0.000,0.000,20.0,
6.11.2025,19:11:26.975,21.750,28.783,21.815,3.030,250.0,250.0,82.144,28.428,8.871,50.635,36.802,22.820,13.982,22.551,7.633,0.780,6.853,113.358,0.000,0.000,0.000,0.000,20.0,
6.11.2025,19:11:27.970,17.672,29.449,22.443,3.054,250.0,250.0,78.825,23.377,8.880,72.537,50.269,31.169,19.100,30.792,7.262,0.796,6.466,6.497,0.000,0.000,0.000,0.000,20.0,
6.11.2025,19:11:28.966,17.672,27.796,20.872,3.018,250.0,250.0,78.565,24.010,8.942,74.994,51.848,32.143,19.705,31.754,7.156,0.769,6.387,6.403,0.000,0.000,0.000,0.000,20.0,
6.11.2025,19:11:29.979,24.469,27.958,20.997,3.028,250.0,250.0,82.626,24.317,8.872,76.267,52.574,32.603,19.971,32.214,7.144,0.763,6.381,6.378,0.000,0.000,0.000,0.000,20.0,
6.11.2025,19:11:30.978,16.313,28.164,21.216,3.052,250.0,250.0,78.116,29.447,8.886,73.321,50.760,31.471,19.289,31.094,36.537,12.388,24.149,6.573,0.000,0.000,0.000,0.125,20.0,
6.11.2025,19:11:31.979,12.235,28.361,21.265,3.136,250.0,250.0,78.726,24.394,8.899,76.274,52.594,32.608,19.986,32.218,7.452,0.899,6.553,6.463,0.000,0.000,0.000,0.000,20.0,
6.11.2025,19:11:32.973,21.750,29.063,21.956,3.145,250.0,250.0,78.815,24.486,8.876,76.877,52.958,32.839,20.119,32.437,7.173,0.760,6.413,6.412,0.000,0.000,0.000,0.000,20.0,
6.11.2025,19:11:33.970,17.672,28.375,21.384,3.066,250.0,250.0,82.675,27.372,8.814,56.971,40.672,25.217,15.455,24.925,7.156,0.766,6.390,87.351,0.000,0.000,0.500,0.000,20.0,
6.11.2025,19:11:34.969,28.547,26.477,19.553,3.037,250.0,250.0,80.073,24.425,8.923,76.500,52.757,32.716,20.041,32.326,7.263,0.791,6.472,6.463,0.000,0.000,1.625,0.000,20.0,
6.11.2025,19:11:35.976,17.672,27.047,20.065,3.056,250.0,250.0,82.944,25.151,8.851,79.474,54.551,33.831,20.720,33.417,7.138,0.751,6.387,6.386,0.000,0.000,0.000,0.000,20.0,
6.11.2025,19:11:36.979,23.110,28.996,21.992,3.044,250.0,250.0,80.260,23.928,8.849,74.682,51.597,31.996,19.601,31.606,7.249,0.789,6.460,6.454,0.000,0.000,0.000,0.000,20.0,
6.11.2025,19:11:37.976,14.953,27.278,20.310,3.032,250.0,250.0,79.019,23.845,8.815,74.518,51.461,31.909,19.552,31.532,7.115,0.721,6.394,6.429,0.000,0.000,0.000,1.125,20.0,
6.11.2025,19:11:38.976,17.672,28.769,21.785,3.059,250.0,250.0,82.205,39.468,8.814,73.994,51.138,31.710,19.428,31.320,85.732,17.757,67.975,6.811,0.000,0.000,0.000,0.000,20.0,
6.11.2025,19:11:39.977,23.110,29.232,22.267,3.058,250.0,250.0,79.267,23.770,8.801,74.238,51.276,31.790,19.486,31.413,7.136,0.724,6.412,6.420,0.000,0.000,0.000,0.000,20.0,
6.11.2025,19:11:40.973,33.985,26.724,19.751,3.059,250.0,250.0,82.574,42.451,8.862,70.511,49.024,30.406,18.618,30.041,105.330,31.660,73.670,6.386,0.000,0.000,0.000,0.000,20.0,
6.11.2025,19:11:41.965,31.266,30.442,23.295,3.129,250.0,250.0,79.111,24.268,8.912,75.993,52.436,32.518,19.918,32.116,7.162,0.733,6.429,6.463,0.000,0.000,0.000,0.000,20.0,
6.11.2025,19:11:42.966,27.188,28.860,21.852,3.087,250.0,250.0,83.421,44.668,8.936,72.814,50.494,31.305,19.189,30.927,113.308,32.719,80.589,6.403,0.000,0.000,0.000,0.000,20.0,
6.11.2025,19:11:43.976,17.672,28.521,21.457,3.153,250.0,250.0,79.749,23.913,8.945,74.597,51.583,31.979,19.604,31.590,7.173,0.727,6.446,6.489,0.000,0.000,0.000,0.000,20.0,
6.11.2025,19:11:44.976,17.672,28.415,21.404,3.044,250.0,250.0,82.785,23.431,8.822,72.955,50.483,31.300,19.183,30.923,7.122,0.719,6.403,6.403,0.000,0.000,0.000,0.000,20.0,
6.11.2025,19:11:45.979,32.625,26.452,19.465,3.068,250.0,250.0,78.901,46.285,8.838,74.871,51.692,32.047,19.645,31.658,118.643,33.515,85.128,6.811,0.000,0.000,0.000,0.000,20.0,
6.11.2025,19:11:46.976,24.469,28.209,21.284,3.011,250.0,250.0,78.830,23.615,8.848,73.564,50.883,31.557,19.326,31.180,7.173,0.727,6.446,6.446,0.000,0.000,0.000,0.000,20.0,
6.11.2025,19:11:47.976,20.391,27.863,20.897,3.051,250.0,250.0,82.137,24.190,8.899,75.763,52.301,32.428,19.873,32.038,7.105,0.719,6.386,6.386,0.000,0.001,0.000,0.000,20.0,
6.11.2025,19:11:48.975,17.672,26.269,19.383,2.983,250.0,250.0,75.593,22.220,8.835,68.220,47.601,29.518,18.083,29.165,7.170,0.732,6.438,6.438,0.000,0.000,0.000,0.000,20.0,
6.11.2025,19:11:49.978,23.110,27.688,20.819,2.953,250.0,250.0,76.608,22.207,8.871,68.147,47.570,29.501,18.069,29.148,7.163,0.725,6.438,6.438,0.000,0.000,0.000,0.000,20.0,
6.11.2025,19:11:50.975,31.266,27.185,20.246,3.010,250.0,250.0,76.584,21.976,8.812,67.365,47.050,29.168,17.882,28.815,7.134,0.731,6.403,6.403,0.000,0.000,0.000,0.000,20.0,
6.11.2025,19:11:51.974,17.672,30.816,23.814,3.069,250.0,250.0,76.474,22.318,8.836,68.513,47.769,29.619,18.150,29.266,7.258,0.744,6.514,6.514,0.000,0.000,0.000,0.000,20.0,
6.11.2025,19:11:52.970,17.672,26.648,19.608,3.071,250.0,250.0,76.653,22.493,8.802,69.301,48.245,29.919,18.326,29.554,7.171,0.725,6.446,6.446,0.000,0.000,0.000,0.000,20.0,
6.11.2025,19:11:53.977,21.750,36.012,28.714,3.278,250.0,250.0,77.344,41.370,8.789,69.992,48.662,30.169,18.493,29.803,100.600,27.895,72.705,6.590,0.000,0.000,0.000,0.000,20.0,
6.11.2025,19:11:54.976,19.032,31.710,24.529,3.213,250.0,250.0,76.632,28.734,8.822,74.194,51.255,31.785,19.470,31.396,32.017,9.855,22.162,6.378,0.000,0.000,0.000,0.000,20.0,
6.11.2025,19:11:55.976,24.469,26.936,20.029,2.995,250.0,250.0,79.486,21.967,8.860,67.244,47.005,29.146,17.859,28.793,7.164,0.726,6.438,6.438,0.000,0.000,0.000,0.000,20.0,
6.11.2025,19:11:56.978,17.672,24.328,17.459,2.954,250.0,250.0,76.573,44.069,8.797,68.001,47.432,29.406,18.026,29.053,116.644,33.073,83.571,6.692,0.000,0.000,0.000,0.000,20.0,
6.11.2025,19:11:57.976,16.313,26.370,19.513,2.950,250.0,250.0,72.812,17.342,8.754,49.672,36.165,22.426,13.739,22.146,7.078,0.717,6.361,6.361,0.000,0.000,0.000,0.000,20.0,
6.11.2025,19:11:58.975,17.672,25.909,19.083,2.935,250.0,250.0,73.112,22.060,8.747,67.829,47.272,29.317,17.955,28.964,7.078,0.717,6.361,6.361,0.000,0.000,0.000,0.000,20.0,
6.11.2025,19:11:59.972,19.032,27.559,20.719,2.931,250.0,250.0,73.596,22.037,8.760,67.685,47.215,29.285,17.930,28.932,7.087,0.718,6.369,6.386,0.000,0.000,0.000,0.000,20.0,
6.11.2025,19:12:0.969,25.829,25.040,18.183,2.933,250.0,250.0,70.082,22.005,8.795,67.459,47.093,29.205,17.888,28.852,7.133,0.729,6.404,6.489,0.000,0.000,1.000,0.000,20.0,
6.11.2025,19:12:1.969,25.829,27.972,21.026,3.007,250.0,250.0,73.424,21.186,8.857,64.100,45.085,27.958,17.127,27.629,7.378,0.745,6.633,6.352,0.000,0.000,0.000,0.000,20.0,
6.11.2025,19:12:2.966,20.391,26.966,20.045,3.019,250.0,250.0,71.970,22.252,8.880,68.370,47.701,29.582,18.119,29.229,7.096,0.718,6.378,6.446,0.000,0.000,0.000,0.000,20.0,
6.11.2025,19:12:3.966,16.313,27.516,20.428,3.146,250.0,250.0,60.496,13.693,8.960,35.229,27.415,16.997,10.418,16.789,7.387,0.745,6.642,6.352,0.000,0.000,0.000,0.000,20.0,
6.11.2025,19:12:4.981,19.032,27.632,20.699,3.022,250.0,250.0,79.468,37.177,8.924,75.908,52.386,32.486,19.900,32.084,71.738,12.518,59.220,6.607,0.000,0.000,0.000,0.000,20.0,
6.11.2025,19:12:5.974,21.750,26.084,19.136,3.031,250.0,250.0,79.385,23.679,8.835,73.849,51.046,31.654,19.392,31.265,7.145,0.725,6.420,6.463,0.000,0.000,0.000,2.125,20.0,
6.11.2025,19:12:6.969,27.188,31.335,24.294,3.071,250.0,250.0,79.951,23.871,8.851,74.586,51.521,31.950,19.571,31.560,7.145,0.767,6.378,6.378,0.000,0.000,0.000,0.000,20.0,
6.11.2025,19:12:7.974,19.032,31.021,23.437,3.563,250.0,250.0,78.685,23.999,8.790,75.108,51.812,32.131,19.681,31.742,7.163,0.768,6.395,6.394,0.000,0.000,0.000,0.000,20.0,
6.11.2025,19:12:8.976,17.672,30.203,22.972,3.289,250.0,250.0,78.877,23.767,8.813,74.229,51.262,31.782,19.480,31.405,7.157,0.770,6.387,6.386,0.000,0.000,0.000,0.000,20.0,
6.11.2025,19:12:9.978,14.953,26.665,19.742,2.980,250.0,250.0,78.819,22.953,8.821,71.059,49.344,30.595,18.749,30.229,7.184,0.815,6.369,6.369,0.000,0.000,0.000,0.000,20.0,
6.11.2025,19:12:10.969,33.985,26.185,19.211,3.040,250.0,250.0,79.434,27.210,8.784,46.066,33.942,21.043,12.899,20.787,32.801,10.368,22.433,62.974,0.000,0.000,0.000,0.375,20.0,
6.11.2025,19:12:11.977,19.032,28.146,21.128,3.073,250.0,250.0,76.621,26.112,8.845,43.961,32.681,20.267,12.414,20.011,29.940,8.968,20.972,63.061,0.000,0.000,0.000,0.000,20.0,
6.11.2025,19:12:12.977,19.032,28.594,21.647,3.034,250.0,250.0,79.572,23.940,8.821,74.757,51.598,31.998,19.600,31.608,7.270,0.787,6.483,6.480,0.000,0.000,0.000,0.000,20.0,
6.11.2025,19:12:13.973,28.547,28.534,21.609,2.988,250.0,250.0,79.438,23.885,8.783,74.682,51.530,31.957,19.573,31.567,7.176,0.773,6.403,6.403,0.000,0.000,2.500,0.000,20.0,
6.11.2025,19:12:14.971,17.672,28.349,21.398,3.036,250.0,250.0,79.941,36.375,8.772,74.700,51.562,31.969,19.593,31.579,28.333,8.223,20.110,88.908,0.000,0.000,0.000,0.000,20.0,
6.11.2025,19:12:15.969,16.313,27.558,20.573,3.016,250.0,250.0,80.903,23.596,8.773,73.632,50.863,31.545,19.318,31.168,7.123,0.720,6.403,6.412,0.000,0.000,0.000,0.000,20.0,
6.11.2025,19:12:16.971,17.672,26.384,19.472,2.994,250.0,250.0,81.099,18.293,8.750,53.312,38.394,23.812,14.582,23.520,7.086,0.717,6.369,6.386,0.000,0.000,0.000,0.000,20.0,
6.11.2025,19:12:17.968,21.750,26.602,19.678,3.011,250.0,250.0,80.491,41.278,8.835,72.744,50.382,31.235,19.147,30.858,96.383,23.069,73.314,6.811,0.000,0.001,0.000,0.000,20.0,
6.11.2025,19:12:18.966,19.032,27.662,20.691,3.042,250.0,250.0,79.412,23.523,8.799,73.223,50.635,31.401,19.234,31.012,7.233,0.783,6.450,6.463,0.000,0.000,0.000,0.000,20.0,
6.11.2025,19:12:19.967,28.547,26.740,19.764,3.044,250.0,250.0,79.099,23.734,8.795,74.094,51.178,31.738,19.440,31.349,7.159,0.773,6.386,6.429,0.000,0.000,0.000,0.000,20.0,
6.11.2025,19:12:20.981,27.188,30.016,22.965,3.126,250.0,250.0,78.601,23.969,8.775,75.013,51.751,32.083,19.668,31.693,7.150,0.772,6.378,6.403,0.000,0.000,0.000,0.000,20.0,
6.11.2025,19:12:21.973,24.469,27.003,20.023,3.041,250.0,250.0,82.182,46.421,8.824,76.288,52.545,32.588,19.957,32.199,117.686,33.520,84.166,6.438,0.000,0.000,1.000,0.000,20.0,
6.11.2025,19:12:22.968,24.469,26.086,19.125,3.043,250.0,250.0,79.545,23.890,8.788,74.599,51.489,31.933,19.556,31.543,7.222,0.790,6.432,6.547,0.000,0.000,0.000,0.000,20.0,
6.11.2025,19:12:23.977,28.547,28.138,21.076,3.097,250.0,250.0,78.913,23.846,8.825,74.375,51.369,31.849,19.520,31.472,7.271,0.821,6.450,6.505,0.000,0.000,0.000,0.000,20.0,
6.11.2025,19:12:24.977,23.110,27.412,20.526,2.999,250.0,250.0,78.913,23.648,8.833,73.653,50.920,31.579,19.341,31.189,7.254,0.797,6.457,6.454,0.000,0.000,0.000,0.000,20.0,
6.11.2025,19:12:25.976,23.110,25.102,18.106,3.040,250.0,250.0,79.728,23.791,8.924,74.185,51.333,31.828,19.505,31.438,7.158,0.771,6.387,6.386,0.000,0.000,0.000,0.000,20.0,
6.11.2025,19:12:26.974,27.188,24.743,17.791,3.014,250.0,250.0,78.783,23.889,8.922,74.559,51.546,31.962,19.584,31.585,7.166,0.771,6.395,6.394,0.000,0.000,0.000,0.000,20.0,
6.11.2025,19:12:27.976,17.672,26.669,19.724,3.027,250.0,250.0,76.421,23.473,8.900,73.010,50.572,31.355,19.217,30.978,7.156,0.770,6.386,6.386,0.000,0.000,0.000,0.000,20.0,
6.11.2025,19:12:28.975,21.750,27.418,20.470,3.007,250.0,250.0,81.674,45.521,8.843,72.763,50.394,31.251,19.143,30.874,117.568,33.292,84.276,6.802,0.000,0.000,0.000,0.000,20.0,
6.11.2025,19:12:29.977,19.032,26.370,19.433,3.035,250.0,250.0,78.431,24.070,8.771,75.323,51.936,32.203,19.733,31.813,7.238,0.789,6.449,6.446,0.000,0.000,0.000,0.000,20.0,
6.11.2025,19:12:30.972,28.547,30.383,23.332,3.102,250.0,250.0,79.374,23.714,8.762,74.051,51.139,31.708,19.431,31.318,7.172,0.785,6.387,6.386,0.000,0.000,0.000,0.000,20.0,
6.11.2025,19:12:31.973,20.391,24.627,17.695,3.035,250.0,250.0,82.920,25.861,8.770,62.336,43.925,27.239,16.686,26.910,7.086,0.717,6.369,58.573,0.000,0.000,0.000,0.000,20.0,
6.11.2025,19:12:32.975,27.188,27.922,20.966,2.997,250.0,250.0,79.891,13.530,8.819,34.833,27.081,16.791,10.290,16.584,7.209,0.729,6.480,6.480,0.000,0.000,0.000,0.000,20.0,
6.11.2025,19:12:33.976,38.063,29.018,22.017,3.060,250.0,250.0,79.436,25.439,8.815,80.269,55.051,34.134,20.917,33.732,7.421,0.789,6.632,6.629,0.000,0.001,0.000,0.000,20.0,
6.11.2025,19:12:34.976,19.032,27.062,20.122,3.044,250.0,250.0,81.076,24.550,8.844,77.162,53.115,32.940,20.175,32.539,7.163,0.769,6.394,6.394,0.000,0.000,0.000,0.000,20.0,
6.11.2025,19:12:35.972,12.235,27.790,20.846,3.005,250.0,250.0,82.935,22.392,8.839,68.815,47.974,29.749,18.225,29.396,7.265,0.735,6.530,6.386,0.000,0.000,0.000,0.000,20.0,
6.11.2025,19:12:36.967,21.750,26.767,19.874,3.001,250.0,250.0,79.718,36.656,8.863,75.864,52.336,32.451,19.885,32.062,69.238,12.159,57.079,6.624,0.000,0.000,0.000,0.000,20.0,
6.11.2025,19:12:37.966,16.313,26.611,19.660,2.983,250.0,250.0,80.334,23.741,8.823,74.057,51.188,31.740,19.448,31.350,7.177,0.739,6.438,6.446,0.000,0.000,0.000,0.000,20.0,
6.11.2025,19:12:38.969,23.110,27.457,20.537,3.000,250.0,250.0,79.902,23.682,8.846,73.886,51.085,31.675,19.410,31.298,7.107,0.721,6.386,6.403,0.000,0.000,0.000,0.000,20.0,
6.11.2025,19:12:39.967,23.110,24.384,17.496,2.963,250.0,250.0,82.410,22.015,8.887,67.386,47.150,29.236,17.914,28.883,7.153,0.724,6.429,6.386,0.000,0.000,0.000,0.000,20.0,
6.11.2025,19:12:40.976,19.032,27.787,20.752,3.059,250.0,250.0,79.173,23.717,8.808,66.525,46.543,28.866,17.677,28.513,7.324,0.742,6.582,25.586,0.000,0.000,0.000,0.000,20.0,
6.11.2025,19:12:41.969,23.110,27.157,20.311,2.961,250.0,250.0,78.771,45.518,8.823,73.290,50.692,31.430,19.262,31.052,116.973,33.151,83.822,6.683,0.000,0.000,0.000,0.000,20.0,
6.11.2025,19:12:42.969,19.032,27.556,20.560,3.035,250.0,250.0,79.015,23.854,8.809,74.496,51.427,31.888,19.539,31.511,7.194,0.731,6.463,6.480,0.000,0.000,0.000,0.000,20.0,
6.11.2025,19:12:43.969,24.469,25.425,18.554,2.974,250.0,250.0,79.045,23.959,8.822,74.869,51.677,32.038,19.639,31.649,7.194,0.765,6.429,6.505,0.000,0.000,0.000,0.000,20.0,
6.11.2025,19:12:44.968,16.313,28.003,21.079,2.989,250.0,250.0,82.878,20.348,8.805,60.995,43.151,26.756,16.395,26.427,7.291,0.735,6.556,6.369,0.000,0.000,0.000,2.500,20.0,
6.11.2025,19:12:45.969,17.672,25.920,19.016,2.963,250.0,250.0,79.287,22.066,8.862,67.501,47.178,29.259,17.919,28.906,7.324,0.742,6.582,6.386,0.000,0.000,0.000,0.000,20.0,
6.11.2025,19:12:46.969,23.110,27.393,20.511,2.959,250.0,250.0,79.551,16.602,8.839,46.724,34.406,21.330,13.076,21.074,7.095,0.717,6.378,6.378,0.000,0.000,0.000,0.000,20.0,
6.11.2025,19:12:47.968,17.672,25.999,19.063,2.984,250.0,250.0,80.232,45.760,8.918,73.251,50.747,31.466,19.281,31.088,117.994,33.506,84.488,6.862,0.000,0.000,0.000,0.000,20.0,
6.11.2025,19:12:48.966,31.266,25.951,19.059,2.975,250.0,250.0,79.976,24.024,9.089,74.659,51.694,32.053,19.641,31.676,7.476,0.917,6.559,6.471,0.000,0.000,0.000,0.000,20.0,
6.11.2025,19:12:49.968,31.266,25.951,19.059,2.975,250.0,250.0,83.717,23.755,8.929,74.093,51.248,31.780,19.468,31.403,7.115,0.721,6.394,6.394,0.000,0.000,0.000,0.000,20.0,
6.11.2025,19:12:50.975,14.953,27.162,20.148,3.065,250.0,250.0,79.949,19.097,8.968,56.192,40.289,24.978,15.311,24.686,7.087,0.718,6.369,6.369,0.000,0.000,0.000,0.000,20.0,
6.11.2025,19:12:51.976,14.953,27.162,20.148,3.065,250.0,250.0,80.138,47.580,8.893,74.700,51.631,32.011,19.620,31.621,125.231,34.302,90.929,6.862,0.000,0.000,1.125,0.000,20.0,
6.11.2025,19:12:52.973,40.782,26.609,19.686,2.962,250.0,250.0,80.254,23.618,8.858,73.494,50.838,31.527,19.311,31.150,7.271,0.805,6.466,6.463,0.000,0.000,0.000,0.000,20.0,
6.11.2025,19:12:53.970,25.829,25.831,18.935,2.971,250.0,250.0,80.705,23.595,8.835,73.547,50.865,31.541,19.324,31.151,7.136,0.724,6.412,6.412,0.000,0.000,0.000,0.000,20.0,
6.11.2025,19:12:54.968,33.985,27.586,20.619,3.054,250.0,250.0,82.099,24.162,8.883,75.587,52.177,32.358,19.819,31.968,7.225,0.847,6.378,6.378,0.000,0.000,0.000,2.125,20.0,
6.11.2025,19:12:55.997,23.110,26.030,19.090,3.004,250.0,250.0,79.929,44.898,8.821,75.497,52.068,32.290,19.778,31.901,110.986,29.835,81.151,6.650,0.000,0.000,0.000,0.000,20.0,
6.11.2025,19:12:57.008,21.750,28.029,21.069,2.993,250.0,250.0,79.804,23.734,8.884,73.783,51.042,31.655,19.387,31.278,7.383,0.864,6.519,6.547,0.000,0.000,0.000,0.000,20.0,
6.11.2025,19:12:58.017,27.188,25.442,18.533,2.997,250.0,250.0,79.556,23.906,8.971,74.572,51.588,31.990,19.598,31.600,7.156,0.769,6.387,6.429,0.000,0.000,0.000,0.000,20.0,
6.11.2025,19:12:59.013,19.032,26.367,19.465,2.981,250.0,250.0,79.595,23.797,8.909,74.134,51.309,31.811,19.498,31.434,7.239,0.734,6.505,6.394,0.000,0.000,0.000,0.000,20.0,
6.11.2025,19:13:0.025,16.313,28.188,21.270,3.008,250.0,250.0,83.566,25.524,8.889,74.545,51.521,31.945,19.576,31.556,15.311,2.047,13.264,6.582,0.000,0.000,0.000,0.000,20.0,
6.11.2025,19:13:1.027,24.469,25.454,18.496,2.991,250.0,250.0,79.926,24.153,8.887,75.446,52.068,32.290,19.778,31.900,7.309,0.826,6.483,6.547,0.000,0.000,0.000,0.000,20.0,
6.11.2025,19:13:2.022,16.313,29.745,22.713,3.099,250.0,250.0,79.926,24.153,8.887,75.446,52.068,32.290,19.778,31.900,7.309,0.826,6.483,6.547,0.000,0.000,0.000,0.000,20.0,
6.11.2025,19:13:3.020,29.907,27.104,20.152,3.026,250.0,250.0,79.721,23.759,8.884,74.091,51.233,31.774,19.459,31.385,7.173,0.769,6.404,6.420,0.000,0.000,0.000,0.000,20.0,
6.11.2025,19:13:4.018,35.344,28.075,21.081,3.048,250.0,250.0,79.459,24.454,8.921,76.749,52.921,32.809,20.112,32.419,7.105,0.719,6.386,6.403,0.000,0.000,0.000,0.000,20.0,
6.11.2025,19:13:5.018,16.313,26.158,19.226,3.039,250.0,250.0,83.833,46.002,8.908,72.813,50.470,31.305,19.165,30.928,119.924,33.718,86.206,6.582,0.000,0.000,0.125,0.000,20.0,
6.11.2025,19:13:6.033,28.547,26.513,19.544,2.996,250.0,250.0,79.867,24.681,8.846,77.331,53.232,33.005,20.227,32.603,7.559,1.110,6.449,6.446,0.000,0.000,1.125,0.000,20.0,
6.11.2025,19:13:7.034,17.672,25.112,18.213,3.009,250.0,250.0,77.730,22.852,8.795,70.687,49.094,30.438,18.656,30.073,7.194,0.799,6.395,6.394,0.000,0.000,0.000,0.000,20.0,
6.11.2025,19:13:8.050,17.672,24.963,18.068,2.940,250.0,250.0,77.393,22.911,8.794,70.982,49.256,30.546,18.710,30.181,7.129,0.743,6.386,6.386,0.000,0.000,0.500,0.000,20.0,
6.11.2025,19:13:9.059,17.672,24.031,17.130,2.975,250.0,250.0,78.091,22.425,8.773,69.144,48.125,29.839,18.286,29.486,7.106,0.720,6.386,6.386,0.000,0.000,1.250,0.000,20.0,
6.11.2025,19:13:10.058,21.750,29.964,22.480,3.520,250.0,250.0,77.724,22.390,8.833,68.932,48.032,29.786,18.246,29.421,7.123,0.720,6.403,6.403,0.000,0.000,0.000,0.000,20.0,
6.11.2025,19:13:11.060,24.469,29.010,21.811,3.226,250.0,250.0,78.061,22.318,8.872,68.622,47.871,29.677,18.194,29.324,7.114,0.720,6.394,6.394,0.000,0.000,0.000,0.000,20.0,
6.11.2025,19:13:12.070,24.469,26.061,19.137,3.002,250.0,250.0,77.499,22.502,8.953,69.211,48.289,29.940,18.349,29.575,7.143,0.731,6.412,6.412,0.000,0.000,2.625,0.000,20.0,
6.11.2025,19:13:13.070,31.266,24.897,17.999,2.973,250.0,250.0,77.729,22.361,8.942,68.749,47.974,29.751,18.223,29.398,7.096,0.718,6.378,6.378,0.000,0.000,0.000,0.000,20.0,
6.11.2025,19:13:14.069,23.110,24.462,17.660,2.890,250.0,250.0,77.191,22.364,8.895,68.784,47.975,29.752,18.223,29.387,7.114,0.720,6.394,6.394,0.000,0.000,0.000,0.000,20.0,
6.11.2025,19:13:15.069,17.672,26.389,19.483,2.948,250.0,250.0,77.375,22.304,8.908,68.513,47.822,29.653,18.169,29.300,7.134,0.731,6.403,6.403,0.000,0.000,0.000,0.000,20.0,
6.11.2025,19:13:16.063,21.750,25.860,19.077,2.902,250.0,250.0,74.255,22.396,8.831,68.979,48.054,29.796,18.258,29.443,7.106,0.720,6.386,6.386,0.000,0.000,0.000,0.000,20.0,
6.11.2025,19:13:17.067,19.032,26.538,19.724,2.883,250.0,250.0,74.521,44.899,8.797,71.449,49.562,30.733,18.829,30.367,116.318,32.862,83.456,6.616,0.000,0.000,0.375,0.000,20.0,
6.11.2025,19:13:18.069,17.672,24.508,17.690,2.889,250.0,250.0,74.670,14.354,8.774,38.071,29.050,18.006,11.044,17.786,7.225,0.775,6.450,6.361,0.000,0.000,0.000,0.000,20.0,
6.11.2025,19:13:19.070,19.032,25.148,18.415,2.859,250.0,250.0,74.501,14.572,8.818,38.530,29.361,18.201,11.160,17.981,7.653,0.822,6.831,6.361,0.000,0.000,0.000,0.000,20.0,
6.11.2025,19:13:20.070,20.391,25.519,18.723,2.883,250.0,250.0,71.332,22.972,8.849,71.147,49.408,30.638,18.770,30.260,7.129,0.771,6.358,6.386,0.000,0.000,0.000,0.000,20.0,
6.11.2025,19:13:21.071,16.313,24.441,17.645,2.878,250.0,250.0,74.058,23.115,8.824,71.687,49.721,30.831,18.890,30.466,7.145,0.773,6.372,6.446,0.000,0.000,0.000,0.000,20.0,
6.11.2025,19:13:22.071,21.750,25.641,18.657,3.049,250.0,250.0,72.613,13.834,8.773,36.140,27.856,17.275,10.581,17.055,7.177,0.806,6.371,6.310,0.000,0.000,0.000,0.000,20.0,
6.11.2025,19:13:23.067,19.032,28.615,21.523,3.113,250.0,250.0,64.061,24.590,8.924,77.267,53.218,33.000,20.218,32.610,7.135,0.771,6.364,6.394,0.000,0.000,1.250,0.000,20.0,
6.11.2025,19:13:24.070,21.750,28.425,21.530,3.019,250.0,250.0,82.168,24.665,8.826,77.548,53.335,33.070,20.265,32.680,7.243,0.797,6.446,6.446,0.000,0.000,0.000,0.000,20.0,
6.11.2025,19:13:25.064,20.391,26.594,19.644,3.010,250.0,250.0,84.242,22.352,8.811,67.291,47.021,29.160,17.861,28.806,7.459,0.917,6.542,9.656,0.000,0.000,0.000,0.000,20.0,
6.11.2025,19:13:26.063,28.547,25.182,18.215,3.004,250.0,250.0,80.162,37.187,8.811,76.394,52.603,32.623,19.980,32.233,71.320,12.616,58.704,6.582,0.000,0.000,0.000,0.000,20.0,
6.11.2025,19:13:27.070,19.032,26.178,19.283,2.980,250.0,250.0,83.115,25.503,8.916,78.196,53.735,33.327,20.408,32.926,7.289,0.903,6.386,12.944,0.000,0.000,0.000,0.000,20.0,
6.11.2025,19:13:28.071,31.266,26.337,19.453,2.998,250.0,250.0,79.453,23.589,8.880,73.444,50.833,31.524,19.309,31.135,7.164,0.726,6.438,6.438,0.000,0.000,0.000,0.000,20.0,
6.11.2025,19:13:29.070,19.032,29.437,22.548,2.988,250.0,250.0,82.790,45.510,8.918,66.365,46.487,28.830,17.657,28.477,86.484,29.315,57.169,85.396,0.000,0.000,0.000,0.000,20.0,
6.11.2025,19:13:30.070,19.032,27.219,20.288,2.990,250.0,250.0,79.854,23.885,8.850,74.625,51.535,31.955,19.580,31.566,7.154,0.725,6.429,6.429,0.000,0.001,0.000,0.000,20.0,
6.11.2025,19:13:31.069,35.344,28.175,21.268,2.995,250.0,250.0,82.874,47.548,8.810,74.825,51.644,32.028,19.616,31.639,125.170,34.363,90.807,6.582,0.000,0.000,0.500,0.000,20.0,
6.11.2025,19:13:32.069,17.672,28.515,21.502,3.104,250.0,250.0,80.095,23.923,8.848,74.799,51.655,32.035,19.620,31.645,7.118,0.724,6.394,6.394,0.000,0.000,0.000,0.000,20.0,
6.11.2025,19:13:33.065,17.672,27.841,20.787,3.066,250.0,250.0,83.302,23.976,8.887,74.808,51.674,32.044,19.630,31.655,7.300,0.793,6.507,6.463,0.000,0.000,0.000,0.000,20.0,
6.11.2025,19:13:34.061,19.032,28.431,21.490,3.045,250.0,250.0,83.717,27.560,8.826,49.481,36.071,22.365,13.706,22.097,23.421,6.114,17.307,76.215,0.000,0.000,0.500,0.000,20.0,
6.11.2025,19:13:35.059,25.829,28.418,21.495,3.006,250.0,250.0,79.950,23.899,8.911,74.625,51.584,31.983,19.601,31.605,7.136,0.724,6.412,6.412,0.000,0.000,0.000,0.000,9.0,
6.11.2025,19:13:36.060,21.750,26.092,19.138,3.021,250.0,250.0,83.483,46.223,8.991,74.912,51.806,32.128,19.678,31.739,118.182,32.319,85.863,6.616,0.000,0.001,0.000,0.000,9.0,
6.11.2025,19:13:37.070,20.391,24.184,17.216,3.046,250.0,250.0,82.862,23.688,8.922,73.824,51.097,31.683,19.414,31.293,7.123,0.720,6.403,6.403,0.000,0.000,0.000,0.000,9.0,
6.11.2025,19:13:38.070,21.750,27.089,20.138,3.040,250.0,250.0,80.172,24.294,8.861,75.916,52.342,32.457,19.885,32.067,7.435,0.844,6.591,6.539,0.000,0.000,0.000,0.000,9.0,
6.11.2025,19:13:39.070,14.953,27.695,20.744,2.994,250.0,250.0,81.405,23.551,8.813,73.412,50.772,31.483,19.289,31.093,7.122,0.719,6.403,6.403,0.000,0.000,0.000,0.000,9.0,
6.11.2025,19:13:40.062,21.750,26.353,19.406,3.024,250.0,250.0,80.872,47.589,8.803,74.701,51.572,31.983,19.589,31.593,125.434,34.509,90.925,6.777,0.000,0.000,0.000,0.000,9.0,
6.11.2025,19:13:41.061,21.750,27.091,20.182,2.986,250.0,250.0,79.429,23.888,8.841,74.574,51.515,31.949,19.566,31.559,7.184,0.738,6.446,6.505,0.000,0.000,0.000,0.000,9.0,
6.11.2025,19:13:42.069,25.829,30.170,23.155,3.088,250.0,250.0,83.074,18.551,8.864,54.048,38.930,24.131,14.799,23.838,7.258,0.736,6.522,6.386,0.000,0.000,2.375,0.000,9.0,
6.11.2025,19:13:43.067,16.313,28.532,21.523,3.041,250.0,250.0,79.447,45.633,8.898,75.220,51.944,32.203,19.741,31.814,114.854,30.614,84.240,6.802,0.000,0.000,0.000,0.000,9.0,
6.11.2025,19:13:44.062,17.672,28.397,21.468,2.998,250.0,250.0,79.688,24.045,8.897,75.160,51.914,32.183,19.731,31.794,7.172,0.726,6.446,6.429,0.000,0.000,0.500,0.000,9.0,
6.11.2025,19:13:45.060,20.391,26.643,19.762,2.963,250.0,250.0,83.278,23.718,8.849,73.810,51.035,31.646,19.389,31.268,7.362,0.746,6.616,6.463,0.000,0.000,0.000,0.000,9.0,
6.11.2025,19:13:46.070,24.469,30.266,23.360,2.989,250.0,250.0,81.519,24.227,8.850,75.788,52.265,32.401,19.864,32.011,7.278,0.748,6.530,6.530,0.000,0.000,0.000,0.000,9.0,
6.11.2025,19:13:47.068,29.907,28.652,21.756,2.995,250.0,250.0,83.162,22.869,8.800,70.793,49.180,30.497,18.683,30.119,7.113,0.719,6.394,6.394,0.000,0.001,0.000,0.000,9.0,
6.11.2025,19:13:48.065,24.469,27.682,20.698,3.031,250.0,250.0,83.098,23.829,8.810,74.244,51.289,31.808,19.481,31.418,7.387,0.877,6.510,6.463,0.000,0.000,0.000,0.000,9.0,
6.11.2025,19:13:49.061,19.032,29.678,22.738,3.023,250.0,250.0,78.652,14.117,8.788,37.227,28.540,17.698,10.842,17.478,7.105,0.719,6.386,6.386,0.000,0.000,0.000,0.000,9.0,
6.11.2025,19:13:50.059,20.391,27.055,20.147,3.006,250.0,250.0,79.788,23.518,8.883,73.220,50.695,31.439,19.256,31.062,7.113,0.719,6.394,6.394,0.000,0.000,0.000,0.000,9.0,
6.11.2025,19:13:51.070,19.032,27.693,20.723,3.022,250.0,250.0,82.701,23.548,8.832,73.268,50.686,31.431,19.255,31.041,7.250,0.783,6.467,6.463,0.000,0.000,0.000,0.000,9.0,
6.11.2025,19:13:52.070,19.032,28.443,21.437,3.056,250.0,250.0,82.893,45.885,8.845,74.146,51.244,31.773,19.471,31.396,117.609,33.302,84.307,6.760,0.000,0.000,0.000,0.000,9.0,
6.11.2025,19:13:53.069,20.391,28.418,21.452,3.049,250.0,250.0,79.762,23.998,8.821,75.050,51.773,32.102,19.671,31.725,7.202,0.772,6.430,6.429,0.000,0.000,0.000,1.375,9.0,
6.11.2025,19:13:54.060,21.750,29.359,22.423,3.013,250.0,250.0,83.182,45.628,8.833,73.186,50.647,31.408,19.239,31.019,117.546,33.218,84.328,6.853,0.000,0.000,0.000,0.000,9.0,
6.11.2025,19:13:55.063,20.391,27.394,20.444,2.998,250.0,250.0,79.755,23.950,8.833,74.843,51.669,32.033,19.636,31.643,7.205,0.775,6.430,6.429,0.000,0.000,1.875,0.000,9.0,
6.11.2025,19:13:56.071,29.907,26.372,19.485,2.984,250.0,250.0,83.240,24.067,8.810,75.080,51.804,32.126,19.678,31.737,7.472,0.895,6.577,6.489,0.000,0.000,0.000,0.000,9.0,
6.11.2025,19:13:57.070,27.188,27.735,20.761,3.011,250.0,250.0,79.956,23.701,8.849,73.969,51.124,31.701,19.423,31.324,7.113,0.719,6.394,6.394,0.000,0.000,0.000,0.000,9.0,
6.11.2025,19:13:58.070,20.391,27.270,20.330,2.998,250.0,250.0,83.426,25.752,8.925,75.295,52.006,32.256,19.750,31.866,15.384,2.024,13.360,6.658,0.000,0.000,0.000,0.000,9.0,
6.11.2025,19:13:59.069,19.032,26.822,19.925,2.988,250.0,250.0,80.033,23.491,8.835,73.149,50.625,31.385,19.240,31.008,7.122,0.719,6.403,6.420,0.000,0.000,0.000,0.000,9.0,
6.11.2025,19:14:0.069,31.266,28.623,21.723,2.984,250.0,250.0,83.126,24.070,8.957,75.139,51.914,32.200,19.714,31.811,7.241,0.784,6.457,6.480,0.000,0.000,0.000,0.000,9.0,
6.11.2025,19:14:1.069,10.875,30.656,23.636,3.081,250.0,250.0,79.558,24.050,8.838,75.140,51.856,32.153,19.703,31.763,7.321,0.740,6.581,6.403,0.000,0.000,0.000,0.000,9.0,
6.11.2025,19:14:2.070,27.188,29.604,22.646,3.021,250.0,250.0,80.059,23.866,8.799,74.537,51.462,31.907,19.555,31.517,7.213,0.783,6.430,6.454,0.000,0.000,0.000,0.000,9.0,
6.11.2025,19:14:3.065,24.469,27.780,20.749,3.047,250.0,250.0,83.373,24.238,8.810,75.861,52.275,32.409,19.866,32.020,7.300,0.800,6.500,6.539,0.000,0.000,0.375,0.000,9.0,
6.11.2025,19:14:4.062,17.672,28.890,21.975,3.007,250.0,250.0,80.140,23.860,8.788,74.555,51.463,31.907,19.556,31.518,7.185,0.756,6.429,6.446,0.000,0.000,0.000,0.000,9.0,
6.11.2025,19:14:5.072,17.672,27.661,20.745,3.007,250.0,250.0,83.258,46.941,8.834,72.465,50.192,31.125,19.067,30.748,125.159,34.342,90.817,6.658,0.000,0.000,0.000,0.000,9.0,
6.11.2025,19:14:6.069,29.907,26.475,19.505,3.010,250.0,250.0,79.334,22.602,8.802,69.772,48.541,30.099,18.442,29.746,7.106,0.720,6.386,6.403,0.000,0.000,0.000,0.000,9.0,
6.11.2025,19:14:7.061,19.032,26.358,19.413,3.021,250.0,250.0,82.578,41.544,8.798,74.089,51.179,31.734,19.445,31.357,96.107,22.927,73.180,6.624,0.000,0.000,0.000,0.000,9.0,
6.11.2025,19:14:8.070,28.547,28.296,21.352,3.023,250.0,250.0,83.085,41.000,8.783,72.718,50.334,31.208,19.126,30.831,95.246,30.444,64.802,6.505,0.000,0.000,0.000,0.000,9.0,
6.11.2025,19:14:9.070,23.110,27.231,20.346,3.009,250.0,250.0,79.381,23.739,8.799,74.086,51.182,31.736,19.446,31.347,7.193,0.789,6.404,6.403,0.000,0.000,0.000,0.000,9.0,
6.11.2025,19:14:10.069,25.829,28.343,21.357,3.034,250.0,250.0,82.365,23.741,8.787,74.003,51.111,31.693,19.418,31.316,7.296,0.804,6.492,6.489,0.000,0.000,0.000,0.000,9.0,
6.11.2025,19:14:11.070,21.750,37.911,30.287,3.612,250.0,250.0,82.112,24.571,8.763,59.543,42.243,26.192,16.051,25.875,7.138,0.752,6.386,52.766,0.000,0.000,0.000,0.000,9.0,
6.11.2025,19:14:12.066,27.188,28.969,21.735,3.287,250.0,250.0,79.938,25.184,8.796,73.416,50.766,31.479,19.287,31.102,15.209,1.980,13.229,6.573,0.000,0.000,0.000,0.000,9.0,
6.11.2025,19:14:13.069,27.188,27.515,20.546,3.019,250.0,250.0,82.789,43.185,8.821,71.128,49.386,30.627,18.759,30.250,108.150,32.207,75.943,6.582,0.000,0.000,0.000,0.000,9.0,
6.11.2025,19:14:14.067,19.032,27.275,20.261,3.065,250.0,250.0,79.933,24.001,8.848,74.891,51.695,32.054,19.641,31.676,7.337,0.804,6.533,6.530,0.000,0.000,0.000,0.000,9.0,
6.11.2025,19:14:15.061,14.953,30.209,23.232,3.041,250.0,250.0,83.606,47.585,8.825,74.505,51.441,31.896,19.545,31.519,125.657,34.747,90.910,6.802,0.000,0.000,0.000,0.000,9.0,
6.11.2025,19:14:16.069,32.625,27.492,20.616,2.973,250.0,250.0,79.854,24.082,8.851,75.272,51.949,32.206,19.743,31.817,7.266,0.817,6.449,6.446,0.000,0.000,0.000,0.000,9.0,
6.11.2025,19:14:17.063,19.032,26.824,19.907,2.994,250.0,250.0,83.657,41.383,8.819,70.159,48.779,30.244,18.535,29.879,100.267,31.085,69.182,6.878,0.000,0.000,0.000,2.250,9.0,
6.11.2025,19:14:18.061,17.672,27.201,20.267,2.983,250.0,250.0,80.269,23.999,8.787,75.096,51.798,32.118,19.680,31.741,7.164,0.726,6.438,6.446,0.000,0.000,0.000,0.000,9.0,
6.11.2025,19:14:19.069,20.391,26.178,19.284,3.003,250.0,250.0,83.522,30.549,8.822,67.062,46.862,29.054,17.808,28.713,47.486,17.519,29.967,12.194,0.000,0.000,0.000,0.000,9.0,
6.11.2025,19:14:20.070,16.313,26.117,19.132,3.008,250.0,250.0,79.810,23.964,8.897,74.868,51.736,32.076,19.660,31.687,7.142,0.722,6.420,6.429,0.000,0.000,0.000,0.000,9.0,
6.11.2025,19:14:21.070,19.032,35.893,28.653,3.272,250.0,250.0,83.661,23.802,8.906,73.981,51.179,31.734,19.445,31.345,7.445,0.844,6.601,6.539,0.000,0.000,0.000,0.000,9.0,
6.11.2025,19:14:22.069,21.750,31.459,24.389,3.112,250.0,250.0,83.642,31.222,8.948,64.335,45.288,28.084,17.204,27.743,7.557,0.975,6.582,105.501,0.000,0.000,0.000,0.000,9.0,
6.11.2025,19:14:23.066,16.313,26.298,19.431,2.974,250.0,250.0,77.429,22.730,8.846,70.198,48.827,30.282,18.545,29.917,7.143,0.723,6.420,6.403,0.000,0.000,0.000,0.000,9.0,
6.11.2025,19:14:24.069,19.032,25.601,18.722,2.963,250.0,250.0,78.082,22.554,8.825,69.585,48.427,30.028,18.399,29.675,7.105,0.719,6.386,6.386,0.000,0.000,0.000,0.000,9.0,
6.11.2025,19:14:25.070,17.672,26.957,20.128,2.922,250.0,250.0,77.956,22.355,8.816,68.826,47.967,29.745,18.222,29.379,7.105,0.719,6.386,6.386,0.000,0.000,0.000,0.000,9.0,
6.11.2025,19:14:26.071,17.672,25.890,19.075,2.945,250.0,250.0,77.955,22.490,8.839,69.315,48.281,29.938,18.343,29.572,7.105,0.719,6.386,6.403,0.000,0.000,0.000,0.000,9.0,
6.11.2025,19:14:27.069,16.313,27.744,20.872,2.943,250.0,250.0,78.235,22.505,8.850,69.372,48.322,29.958,18.364,29.592,7.105,0.719,6.386,6.386,0.000,0.000,0.000,0.000,9.0,
6.11.2025,19:14:28.070,20.391,24.778,17.900,2.940,250.0,250.0,77.915,33.064,8.857,78.464,53.902,33.417,20.485,33.015,7.105,0.719,6.386,88.286,0.000,0.000,0.000,0.000,9.0,
6.11.2025,19:14:29.069,23.110,25.895,19.082,2.948,250.0,250.0,78.139,34.910,8.839,71.357,49.516,30.698,18.818,30.333,7.095,0.717,6.378,125.344,0.000,0.001,0.000,0.000,9.0,
6.11.2025,19:14:30.071,29.907,25.875,19.000,2.958,250.0,250.0,81.181,22.518,8.812,69.264,48.233,29.907,18.326,29.542,7.280,0.750,6.530,6.530,0.000,0.000,0.000,0.000,9.0,
6.11.2025,19:14:31.060,20.391,27.000,20.065,3.024,250.0,250.0,77.731,23.978,8.761,40.156,30.284,18.778,11.506,18.558,7.433,0.750,6.683,96.873,0.000,0.000,0.000,0.000,9.0,
6.11.2025,19:14:32.069,21.750,27.299,20.474,2.920,250.0,250.0,74.423,22.296,8.777,68.677,47.839,29.661,18.178,29.308,7.078,0.717,6.361,6.361,0.000,0.000,0.000,0.000,9.0,
6.11.2025,19:14:33.070,32.625,28.392,21.550,2.945,250.0,250.0,74.022,22.269,8.778,68.571,47.767,29.624,18.143,29.271,7.086,0.717,6.369,6.369,0.000,0.000,0.000,0.000,9.0,
6.11.2025,19:14:34.068,16.313,27.535,20.629,2.983,250.0,250.0,74.016,22.499,8.779,69.432,48.319,29.963,18.356,29.598,7.086,0.717,6.369,6.369,0.000,0.000,0.000,0.000,9.0,
6.11.2025,19:14:35.070,16.313,24.479,17.679,2.905,250.0,250.0,71.553,22.258,8.802,68.467,47.725,29.592,18.133,29.239,7.117,0.731,6.386,6.386,0.000,0.000,1.250,0.000,9.0,
6.11.2025,19:14:36.061,17.672,25.587,18.776,2.927,250.0,250.0,70.955,39.574,8.791,68.012,47.452,29.426,18.026,29.060,94.250,25.114,69.136,6.471,0.000,0.000,0.000,0.000,9.0,
6.11.2025,19:14:37.065,19.032,25.019,18.160,2.933,250.0,250.0,73.368,22.200,8.813,68.297,47.629,29.537,18.092,29.171,7.057,0.714,6.343,6.343,0.000,0.000,0.000,0.000,9.0,
6.11.2025,19:14:38.062,16.313,26.497,19.490,3.072,250.0,250.0,63.671,23.530,8.789,73.395,50.745,31.469,19.276,31.080,7.088,0.719,6.369,6.369,0.000,0.000,0.000,0.000,9.0,
6.11.2025,19:14:39.069,17.672,28.198,21.304,2.996,250.0,250.0,79.910,18.763,8.781,54.892,39.393,24.424,14.969,24.131,7.331,0.741,6.590,6.378,0.000,0.000,0.000,0.500,9.0,
6.11.2025,19:14:40.070,17.672,28.198,21.304,2.996,250.0,250.0,79.415,23.727,8.813,73.913,51.078,31.667,19.411,31.290,7.290,0.798,6.492,6.514,0.000,0.000,0.000,0.000,9.0,
6.11.2025,19:14:41.065,33.985,28.602,21.641,3.039,250.0,250.0,80.935,23.503,8.787,73.245,50.647,31.408,19.239,31.030,7.125,0.722,6.403,6.420,0.000,0.000,0.000,0.000,9.0,
6.11.2025,19:14:42.068,19.032,29.077,22.000,3.088,250.0,250.0,80.808,18.565,8.803,54.300,39.032,24.212,14.820,23.919,7.087,0.718,6.369,6.386,0.000,0.000,0.000,0.000,9.0,
6.11.2025,19:14:43.062,16.313,26.715,19.790,3.022,250.0,250.0,83.267,23.988,8.875,74.951,51.756,32.098,19.658,31.708,7.201,0.772,6.429,6.429,0.000,0.000,0.000,0.000,9.0,
6.11.2025,19:14:44.063,31.266,29.062,22.125,3.034,250.0,250.0,80.040,21.028,8.828,63.732,44.845,27.809,17.036,27.468,7.086,0.717,6.369,6.386,0.000,0.000,0.000,0.000,9.0,
6.11.2025,19:14:45.069,23.110,28.874,21.819,3.084,250.0,250.0,81.784,23.591,8.833,73.325,50.732,31.457,19.275,31.080,7.326,0.793,6.533,6.556,0.000,0.000,0.000,0.000,9.0,
6.11.2025,19:14:46.074,21.750,27.096,20.120,3.054,250.0,250.0,79.383,23.717,8.798,74.082,51.160,31.722,19.438,31.333,7.114,0.720,6.394,6.403,0.000,0.000,0.000,0.000,9.0,
6.11.2025,19:14:47.070,32.625,29.445,22.475,3.041,250.0,250.0,82.753,23.779,8.802,74.141,51.212,31.752,19.460,31.375,7.260,0.794,6.466,6.530,0.000,0.000,0.000,0.000,9.0,
6.11.2025,19:14:48.069,32.625,26.281,19.304,3.058,250.0,250.0,79.756,24.248,8.849,75.973,52.382,32.483,19.899,32.082,7.190,0.778,6.412,6.429,0.000,0.001,0.000,0.000,9.0,
6.11.2025,19:14:49.070,17.672,27.076,20.096,3.043,250.0,250.0,79.862,24.245,8.853,76.032,52.421,32.512,19.909,32.122,7.105,0.719,6.386,6.394,0.000,0.000,0.000,0.000,9.0,
6.11.2025,19:14:50.071,16.313,27.491,20.504,3.052,250.0,250.0,83.555,47.071,8.812,72.861,50.429,31.270,19.159,30.892,125.256,34.304,90.952,6.777,0.000,0.000,0.000,0.000,9.0,
6.11.2025,19:14:51.070,28.547,28.320,21.377,3.017,250.0,250.0,79.734,47.071,8.863,74.001,51.170,31.727,19.443,31.349,7.242,0.810,6.432,6.429,0.000,0.000,0.000,0.000,9.0,
6.11.2025,19:14:52.069,17.672,28.578,21.552,3.091,250.0,250.0,79.488,23.747,8.854,74.629,51.551,31.973,19.578,31.584,7.441,1.038,6.403,6.403,0.000,0.000,0.000,0.000,9.0,
6.11.2025,19:14:53.070,27.188,25.205,18.271,3.001,250.0,250.0,79.488,23.945,8.854,74.629,51.551,31.973,19.578,31.584,7.441,1.038,6.403,6.403,0.000,0.000,0.000,0.000,9.0,
6.11.2025,19:14:54.069,20.391,29.538,22.534,3.028,250.0,250.0,79.095,24.225,8.827,75.914,52.316,32.436,19.880,32.047,7.221,0.833,6.388,6.386,0.000,0.000,0.000,0.000,9.0,
6.11.2025,19:14:55.070,16.313,28.922,21.927,3.064,250.0,250.0,80.633,33.261,8.766,73.022,50.495,31.314,19.181,30.937,56.179,7.981,48.198,6.539,0.000,0.000,0.000,0.000,9.0,
6.11.2025,19:14:56.067,17.672,27.248,20.307,3.016,250.0,250.0,79.091,23.671,8.776,73.791,50.986,31.609,19.377,31.232,7.242,0.784,6.458,6.454,0.000,0.000,0.000,0.000,9.0,
6.11.2025,19:14:57.078,21.750,27.543,20.560,3.033,250.0,250.0,79.742,23.758,8.812,74.220,51.268,31.793,19.475,31.415,7.105,0.719,6.386,6.386,0.000,0.000,0.000,0.000,9.0,
6.11.2025,19:14:58.090,21.750,26.980,20.066,3.015,250.0,250.0,79.397,23.766,8.845,74.174,51.264,31.790,19.474,31.413,7.148,0.745,6.403,6.403,0.000,0.000,0.000,0.000,9.0,
6.11.2025,19:14:59.087,17.672,24.735,17.840,2.978,250.0,250.0,79.320,23.614,8.828,73.671,50.939,31.586,19.353,31.196,7.095,0.717,6.378,6.378,0.000,0.000,0.000,0.000,9.0,
6.11.2025,19:15:0.085,31.266,25.432,18.465,3.021,250.0,250.0,82.921,47.643,8.815,74.786,51.622,32.013,19.609,31.624,125.574,34.770,90.804,6.811,0.000,0.000,0.000,0.000,9.0,
6.11.2025,19:15:1.085,19.032,26.184,19.280,3.014,250.0,250.0,79.549,24.247,8.817,75.984,52.370,32.467,19.903,32.077,7.206,0.783,6.423,6.438,0.000,0.000,0.000,0.000,9.0,
6.11.2025,19:15:2.086,16.313,30.453,23.408,3.104,250.0,250.0,81.640,24.024,8.800,75.207,51.872,32.160,19.712,31.770,7.158,0.777,6.381,6.403,0.000,0.000,0.000,0.000,9.0,
6.11.2025,19:15:3.083,23.110,26.828,19.871,3.013,250.0,250.0,80.156,37.378,8.827,68.460,47.731,29.593,18.138,29.240,17.766,4.657,13.109,136.257,0.000,0.000,0.000,0.000,9.0,
6.11.2025,19:15:4.084,17.672,29.570,22.574,3.084,250.0,250.0,79.549,32.449,8.799,71.077,49.340,30.592,18.748,30.227,54.654,20.061,34.593,6.394,0.000,0.000,0.000,0.000,9.0,
6.11.2025,19:15:5.081,14.953,27.044,20.084,3.032,250.0,250.0,78.843,24.382,8.849,76.439,52.662,32.654,20.008,32.264,7.234,0.784,6.450,6.480,0.000,0.000,0.000,0.000,9.0,
6.11.2025,19:15:6.093,33.985,28.551,21.584,3.035,250.0,250.0,79.022,24.380,8.851,76.391,52.612,32.626,19.986,32.237,7.323,0.781,6.542,6.446,0.000,0.000,0.000,0.000,9.0,
6.11.2025,19:15:7.101,19.032,27.020,20.038,3.044,250.0,250.0,83.532,25.219,8.900,79.176,54.395,33.727,20.668,33.313,7.766,0.901,6.865,6.480,0.000,0.000,0.000,0.000,9.0,
6.11.2025,19:15:8.094,27.188,27.633,20.676,3.018,250.0,250.0,81.595,23.565,8.900,73.338,50.799,31.500,19.299,31.110,7.155,0.752,6.403,6.394,0.000,0.000,0.000,0.000,9.0,
6.11.2025,19:15:9.090,17.672,27.725,20.798,3.024,250.0,250.0,79.465,54.415,8.860,79.267,54.412,33.740,20.672,33.338,7.556,0.837,6.719,298.754,0.000,0.000,0.000,0.000,9.0,
6.11.2025,19:15:10.102,14.953,27.303,20.363,3.019,250.0,250.0,79.710,41.789,8.814,74.291,51.326,31.823,19.503,31.445,97.055,30.663,66.392,6.582,0.000,0.000,0.000,0.000,9.0,
6.11.2025,19:15:11.096,23.110,26.936,19.992,3.016,250.0,250.0,79.315,23.754,8.791,73.955,51.121,31.698,19.423,31.308,7.388,0.845,6.543,6.471,0.000,0.000,0.000,0.000,9.0,
6.11.2025,19:15:12.100,21.750,29.203,22.119,3.119,250.0,250.0,79.168,23.595,8.859,73.438,50.805,31.498,19.307,31.121,7.240,0.790,6.450,6.446,0.000,0.000,0.000,0.000,9.0,
6.11.2025,19:15:13.102,25.829,31.655,23.991,3.649,250.0,250.0,83.679,19.169,8.808,56.557,40.437,25.067,15.370,24.762,7.149,0.762,6.387,6.386,0.000,0.000,0.000,0.875,9.0,
6.11.2025,19:15:14.102,21.750,31.045,23.649,3.415,250.0,250.0,79.520,24.521,8.800,51.622,37.357,23.170,14.187,22.890,7.679,0.775,6.904,71.830,0.000,0.000,0.000,0.000,9.0,
6.11.2025,19:15:15.093,23.110,26.975,20.018,3.030,250.0,250.0,80.087,47.656,8.869,75.035,51.817,32.125,19.692,31.736,125.328,34.474,90.854,6.633,0.000,0.000,0.000,0.000,9.0,
6.11.2025,19:15:16.093,23.110,26.698,19.744,3.002,250.0,250.0,79.471,23.817,8.810,74.321,51.329,31.834,19.495,31.445,7.246,0.796,6.450,6.446,0.000,0.000,0.000,0.000,9.0,
6.11.2025,19:15:17.100,17.672,28.041,21.129,3.017,250.0,250.0,80.884,23.859,8.850,74.504,51.476,31.923,19.553,31.533,7.176,0.772,6.404,6.403,0.000,0.000,0.000,0.000,9.0,
6.11.2025,19:15:18.102,17.672,25.361,18.425,3.007,250.0,250.0,81.377,44.881,8.839,75.164,51.872,32.163,19.709,31.774,111.243,32.582,78.661,6.802,0.000,0.001,0.000,0.000,9.0,
6.11.2025,19:15:19.101,16.313,25.713,18.755,3.012,250.0,250.0,79.778,24.417,8.878,76.468,52.711,32.681,20.030,32.291,7.305,0.804,6.501,6.497,0.000,0.000,0.000,0.000,9.0,
6.11.2025,19:15:20.093,17.672,24.635,17.709,3.006,250.0,250.0,80.450,24.357,8.815,76.449,52.664,32.658,20.006,32.268,7.143,0.723,6.420,6.429,0.000,0.000,0.000,0.750,9.0,
6.11.2025,19:15:21.102,40.782,27.254,20.327,3.032,250.0,250.0,80.185,47.682,8.777,74.810,51.625,32.010,19.615,31.633,125.796,34.754,91.042,6.760,0.000,0.000,0.000,0.000,9.0,
6.11.2025,19:15:22.101,19.032,29.009,22.000,3.060,250.0,250.0,79.356,23.685,8.774,73.858,51.025,31.640,19.385,31.250,7.205,0.742,6.463,6.505,0.000,0.000,0.000,0.000,9.0,
6.11.2025,19:15:23.102,25.829,29.989,22.939,3.106,250.0,250.0,80.186,24.136,8.799,75.634,52.139,32.325,19.814,31.936,7.144,0.724,6.420,6.429,0.000,0.000,0.000,0.000,9.0,
6.11.2025,19:15:24.101,19.032,28.062,21.071,3.030,250.0,250.0,83.183,24.087,8.763,75.211,51.853,32.151,19.702,31.761,7.424,0.834,6.590,6.582,0.000,0.000,0.000,0.000,57.0,
6.11.2025,19:15:25.100,24.469,28.018,21.041,3.058,250.0,250.0,80.048,23.874,8.774,74.631,51.492,31.927,19.565,31.550,7.179,0.733,6.446,6.446,0.000,0.000,0.000,0.000,57.0,
6.11.2025,19:15:26.100,14.953,25.223,18.315,3.014,250.0,250.0,83.810,24.186,8.874,75.764,52.284,32.413,19.871,32.023,7.115,0.721,6.394,6.403,0.000,0.000,0.000,0.000,57.0,
6.11.2025,19:15:27.102,23.110,27.964,20.991,3.026,250.0,250.0,80.578,47.455,8.805,74.137,51.217,31.764,19.453,31.375,125.543,34.754,90.789,6.718,0.000,0.000,0.000,0.000,57.0,
6.11.2025,19:15:28.100,31.266,27.633,20.670,3.032,250.0,250.0,80.478,24.039,8.825,75.195,51.897,32.175,19.722,31.786,7.172,0.726,6.446,6.446,0.000,0.000,0.000,0.000,57.0,
6.11.2025,19:15:29.100,20.391,26.158,19.217,3.025,250.0,250.0,83.648,47.958,8.873,89.614,60.811,37.706,23.105,37.244,107.907,31.972,75.935,6.412,0.000,0.000,0.000,0.000,57.0,
6.11.2025,19:15:30.101,21.750,24.664,17.685,3.017,250.0,250.0,80.126,23.874,8.941,74.307,51.405,31.872,19.533,31.495,7.321,0.766,6.555,6.547,0.000,0.000,0.000,0.000,57.0,
6.11.2025,19:15:31.103,21.750,27.987,21.124,2.978,250.0,250.0,83.667,24.345,8.845,76.383,52.636,32.640,19.996,32.251,7.141,0.729,6.412,6.412,0.000,0.000,0.000,0.000,57.0,
6.11.2025,19:15:32.101,23.110,30.810,23.770,3.045,250.0,250.0,80.172,36.656,8.833,70.355,48.907,30.332,18.575,29.967,76.135,27.469,48.666,7.318,0.000,0.000,0.375,0.000,57.0,
6.11.2025,19:15:33.101,20.391,27.806,20.882,3.020,250.0,250.0,79.922,23.886,8.792,74.600,51.495,31.932,19.563,31.543,7.242,0.785,6.457,6.454,0.000,0.000,0.000,0.000,57.0,
6.11.2025,19:15:34.101,24.469,27.638,20.680,3.029,250.0,250.0,83.231,23.650,8.837,73.749,51.010,31.629,19.381,31.239,7.126,0.723,6.403,6.403,0.000,0.001,0.000,1.750,57.0,
6.11.2025,19:15:35.102,16.313,26.066,19.140,2.989,250.0,250.0,79.737,21.311,8.805,64.830,45.508,28.226,17.282,27.885,7.096,0.718,6.378,6.378,0.000,0.000,0.000,2.125,57.0,
6.11.2025,19:15:36.093,23.110,27.357,20.428,2.985,250.0,250.0,82.635,44.074,8.848,74.655,51.565,31.971,19.594,31.581,107.983,28.904,79.079,6.565,0.000,0.000,0.000,0.000,57.0,
6.11.2025,19:15:37.095,17.672,27.091,20.144,3.047,250.0,250.0,79.552,23.912,8.873,74.603,51.557,31.969,19.588,31.580,7.244,0.780,6.464,6.463,0.000,0.000,0.000,0.000,57.0,
6.11.2025,19:15:38.093,24.469,26.777,19.836,3.010,250.0,250.0,79.435,23.760,8.862,74.177,51.270,31.794,19.476,31.417,7.107,0.721,6.386,6.386,0.000,0.000,0.000,0.000,57.0,
6.11.2025,19:15:39.094,17.672,25.934,19.024,3.007,250.0,250.0,80.168,14.085,8.786,36.865,28.316,17.562,10.754,17.342,7.323,0.741,6.582,6.582,0.000,0.000,0.000,0.000,57.0,
6.11.2025,19:15:40.094,27.188,27.807,20.825,3.011,250.0,250.0,83.514,24.559,8.861,76.967,52.996,32.864,20.132,32.475,7.407,0.880,6.527,6.480,0.000,0.000,0.000,0.000,57.0,
6.11.2025,19:15:41.111,17.672,25.532,18.666,2.997,250.0,250.0,75.430,22.111,8.812,67.876,47.374,29.374,18.000,29.021,7.126,0.723,6.403,6.403,0.000,0.000,0.000,0.000,57.0,
6.11.2025,19:15:42.110,23.110,27.710,20.718,3.015,250.0,250.0,77.220,22.181,8.774,68.159,47.521,29.464,18.057,29.111,7.150,0.730,6.420,6.420,0.000,0.000,0.000,0.000,57.0,
6.11.2025,19:15:43.112,14.953,24.651,17.728,2.998,250.0,250.0,76.757,42.164,8.823,67.368,47.050,29.179,17.871,28.826,107.951,30.004,77.947,6.616,0.000,0.000,0.500,0.000,57.0,
6.11.2025,19:15:44.117,16.313,27.521,20.654,2.939,250.0,250.0,75.753,34.001,8.820,62.115,43.825,27.179,16.646,26.850,7.576,0.893,6.683,139.427,0.000,0.000,1.375,0.000,57.0,
6.11.2025,19:15:45.118,17.672,26.572,19.748,2.923,250.0,250.0,76.769,41.848,8.838,67.489,47.138,29.238,17.900,28.885,106.186,29.093,77.093,6.616,0.000,0.000,0.000,0.000,57.0,
6.11.2025,19:15:46.119,20.391,25.378,18.480,2.979,250.0,250.0,75.184,33.983,8.780,84.306,57.440,35.619,21.821,35.193,34.176,11.023,23.153,28.318,0.000,0.000,0.000,1.000,57.0,
6.11.2025,19:15:47.122,21.750,26.181,19.297,3.010,250.0,250.0,75.356,22.393,8.725,69.070,48.053,29.796,18.257,29.431,7.106,0.720,6.386,6.386,0.000,0.000,0.000,0.000,57.0,
6.11.2025,19:15:48.123,16.313,25.154,18.205,2.984,250.0,250.0,77.550,32.560,8.744,72.394,50.083,31.054,19.029,30.677,7.096,0.718,6.378,99.422,0.000,0.000,0.000,2.375,57.0,
6.11.2025,19:15:49.121,17.672,27.588,20.732,2.980,250.0,250.0,76.269,22.101,8.760,67.936,47.369,29.368,18.001,29.015,7.086,0.717,6.369,6.386,0.000,0.000,0.000,0.000,57.0,
6.11.2025,19:15:50.122,14.953,23.218,16.391,2.923,250.0,250.0,73.826,44.432,8.776,69.584,48.403,30.016,18.387,29.650,116.336,32.939,83.397,6.828,0.000,0.001,0.000,0.000,57.0,
6.11.2025,19:15:51.119,17.672,26.641,19.743,2.990,250.0,250.0,71.343,22.289,8.823,68.618,47.833,29.656,18.177,29.303,7.057,0.714,6.343,6.369,0.000,0.000,0.000,0.000,57.0,
6.11.2025,19:15:52.120,28.547,29.115,22.212,2.983,250.0,250.0,73.951,23.019,8.911,68.422,47.755,29.612,18.143,29.259,10.803,1.133,9.670,6.480,0.000,0.000,0.000,0.000,31.0,
6.11.2025,19:15:53.121,25.829,26.694,19.873,2.904,250.0,250.0,73.435,15.634,8.810,35.341,27.373,16.974,10.399,16.778,7.191,0.728,6.463,26.286,0.000,0.000,0.000,0.000,31.0,
6.11.2025,19:15:54.119,17.672,28.194,21.259,3.017,250.0,250.0,71.466,22.524,8.860,69.456,48.334,29.976,18.358,29.611,7.098,0.729,6.369,6.446,0.000,0.000,2.500,0.000,31.0,
6.11.2025,19:15:55.117,17.672,25.174,18.264,2.951,250.0,250.0,74.006,19.201,8.774,56.820,40.561,25.143,15.418,24.838,7.057,0.714,6.343,6.343,0.000,0.000,0.000,0.000,31.0,
6.11.2025,19:15:56.114,17.672,25.955,18.987,3.059,250.0,250.0,60.628,46.928,8.717,40.624,30.572,18.956,11.616,18.736,7.011,0.709,6.302,326.036,0.000,0.000,0.000,0.000,31.0,
6.11.2025,19:15:57.111,19.032,26.885,19.903,3.056,250.0,250.0,79.540,36.860,8.777,73.878,51.050,31.655,19.395,31.266,73.048,13.316,59.732,6.480,0.000,0.000,0.000,0.000,31.0,
6.11.2025,19:15:58.126,20.391,26.781,19.825,3.041,250.0,250.0,79.769,23.744,8.805,74.100,51.198,31.749,19.449,31.372,7.162,0.724,6.438,6.438,0.000,0.000,0.000,0.000,31.0,
6.11.2025,19:15:59.125,13.594,27.674,20.733,3.012,250.0,250.0,83.273,22.980,8.791,71.247,49.460,30.663,18.797,30.298,7.086,0.717,6.369,6.369,0.000,0.000,0.000,0.000,31.0,
6.11.2025,19:16:0.125,23.110,25.796,18.808,3.028,250.0,250.0,80.734,32.859,8.824,74.197,51.272,31.795,19.477,31.406,52.556,7.232,45.324,6.505,0.000,0.000,0.000,0.500,31.0,
6.11.2025,19:16:1.133,21.750,27.559,20.515,3.107,250.0,250.0,80.349,23.957,8.832,74.898,51.703,32.063,19.640,31.674,7.177,0.774,6.403,6.403,0.000,0.000,0.000,0.000,31.0,
6.11.2025,19:16:2.132,24.469,27.891,20.939,3.048,250.0,250.0,83.890,67.257,8.831,59.308,42.107,26.107,16.000,25.790,7.736,0.891,6.845,478.953,0.000,0.000,0.000,0.000,31.0,
6.11.2025,19:16:3.128,17.672,29.816,22.755,3.108,250.0,250.0,79.070,23.524,8.811,73.202,50.635,31.396,19.239,31.019,7.244,0.795,6.449,6.446,0.000,0.000,0.000,0.000,31.0,
6.11.2025,19:16:4.128,24.469,24.758,17.753,3.049,250.0,250.0,81.370,47.499,8.776,74.586,51.481,31.923,19.558,31.534,125.317,34.508,90.809,6.497,0.000,0.000,0.000,0.125,31.0,
6.11.2025,19:16:5.123,29.907,25.716,18.750,3.037,250.0,250.0,79.779,23.621,8.774,73.605,50.852,31.533,19.319,31.156,7.232,0.743,6.489,6.505,0.000,0.000,0.000,0.000,31.0,
6.11.2025,19:16:6.132,32.625,25.429,18.429,3.041,250.0,250.0,80.158,23.488,8.801,73.178,50.619,31.389,19.230,31.011,7.126,0.723,6.403,6.403,0.000,0.000,0.000,0.000,31.0,
6.11.2025,19:16:7.133,19.032,25.823,18.883,3.040,250.0,250.0,82.929,23.887,8.811,74.556,51.473,31.918,19.555,31.528,7.323,0.741,6.582,6.386,0.000,0.000,1.125,0.000,31.0,
6.11.2025,19:16:8.135,19.032,26.151,19.218,3.023,250.0,250.0,80.570,39.044,8.810,72.585,50.254,31.162,19.092,30.785,85.526,17.663,67.863,6.700,0.000,0.000,0.000,0.000,31.0,
6.11.2025,19:16:9.150,25.829,28.465,21.479,3.025,250.0,250.0,80.611,23.931,8.765,74.899,51.661,32.031,19.630,31.641,7.131,0.728,6.403,6.420,0.000,0.000,0.000,0.000,31.0,
6.11.2025,19:16:10.146,17.672,26.767,19.872,2.982,250.0,250.0,84.064,27.224,8.767,61.082,43.189,26.781,16.408,26.464,27.586,7.774,19.812,34.375,0.000,0.000,0.000,0.000,31.0,
6.11.2025,19:16:11.144,17.672,28.861,21.829,3.093,250.0,250.0,79.944,24.330,8.757,76.379,52.594,32.618,19.976,32.228,7.145,0.725,6.420,6.463,0.000,0.000,0.375,0.000,31.0,
6.11.2025,19:16:12.142,21.750,24.673,17.754,3.004,250.0,250.0,83.643,21.257,8.780,64.474,45.269,28.075,17.194,27.734,7.330,0.740,6.590,6.386,0.000,0.001,0.000,1.000,31.0,
6.11.2025,19:16:13.141,20.391,26.291,19.313,3.033,250.0,250.0,79.077,32.374,8.860,75.044,51.830,32.143,19.687,31.753,48.878,6.310,42.568,6.667,0.000,0.000,2.375,0.000,31.0,
6.11.2025,19:16:14.154,25.829,31.860,24.309,3.518,250.0,250.0,79.314,23.784,8.866,74.182,51.278,31.799,19.479,31.421,7.179,0.733,6.446,6.454,0.000,0.000,0.000,0.000,31.0,
6.11.2025,19:16:15.154,23.110,34.927,27.507,3.424,250.0,250.0,79.451,23.680,8.912,73.790,51.072,31.673,19.399,31.296,7.113,0.727,6.386,6.429,0.000,0.000,0.000,1.125,31.0,
6.11.2025,19:16:16.163,25.829,28.504,21.568,3.013,250.0,250.0,80.956,24.078,8.877,75.379,52.022,32.255,19.767,31.865,7.113,0.727,6.386,6.386,0.000,0.000,0.000,0.000,31.0,
6.11.2025,19:16:17.164,17.672,26.143,19.253,2.998,250.0,250.0,79.792,24.009,8.830,74.912,51.726,32.081,19.645,31.691,7.369,0.812,6.557,6.471,0.000,0.000,0.000,1.250,31.0,
6.11.2025,19:16:18.164,14.953,26.398,19.437,2.991,250.0,250.0,80.181,23.680,8.800,73.918,51.072,31.663,19.409,31.286,7.124,0.721,6.403,6.403,0.000,0.000,0.000,0.000,31.0,
6.11.2025,19:16:19.164,9.516,25.871,18.923,3.017,250.0,250.0,82.837,21.022,8.780,63.751,44.831,27.796,17.035,27.455,7.097,0.719,6.378,6.378,0.000,0.000,0.125,0.000,31.0,
6.11.2025,19:16:20.164,17.672,27.723,20.786,3.019,250.0,250.0,79.761,23.970,8.813,74.953,51.700,32.054,19.646,31.664,7.202,0.739,6.463,6.463,0.000,0.000,0.000,0.000,31.0,
6.11.2025,19:16:21.164,16.313,31.068,24.000,3.070,250.0,250.0,75.402,23.811,8.828,74.360,51.363,31.848,19.515,31.470,7.151,0.731,6.420,6.420,0.000,0.000,2.250,0.000,31.0,
6.11.2025,19:16:22.160,28.547,26.246,19.333,3.003,250.0,250.0,83.677,24.243,8.813,76.037,52.410,32.493,19.917,32.104,7.127,0.724,6.403,6.403,0.000,0.000,0.000,0.375,31.0,
6.11.2025,19:16:23.162,21.750,25.629,18.686,3.027,250.0,250.0,82.974,35.251,8.787,73.110,50.600,31.383,19.217,31.006,14.922,3.264,11.658,108.562,0.000,0.000,0.000,0.250,31.0,
6.11.2025,19:16:24.159,19.032,28.337,21.374,3.055,250.0,250.0,79.667,59.106,8.749,66.228,46.304,28.715,17.589,28.374,25.875,6.969,18.906,343.347,0.000,0.000,0.000,0.000,31.0,
6.11.2025,19:16:25.158,28.547,27.042,20.104,3.010,250.0,250.0,80.910,23.926,8.788,74.829,51.647,32.025,19.622,31.635,7.144,0.724,6.420,6.429,0.000,0.000,0.000,0.000,31.0,
6.11.2025,19:16:26.154,24.469,27.023,20.137,2.983,250.0,250.0,78.940,23.754,8.750,74.258,51.263,31.790,19.473,31.413,7.097,0.719,6.378,6.394,0.000,0.000,0.000,0.000,31.0,
6.11.2025,19:16:27.164,28.547,27.926,20.963,3.009,250.0,250.0,83.118,35.707,8.813,75.453,52.039,32.263,19.776,31.873,65.143,10.751,54.392,6.573,0.000,0.001,0.000,0.000,31.0,
6.11.2025,19:16:28.163,24.469,25.860,18.918,3.009,250.0,250.0,79.693,23.508,8.798,73.270,50.656,31.411,19.245,31.034,7.125,0.722,6.403,6.412,0.000,0.000,0.000,0.000,31.0,
6.11.2025,19:16:29.161,35.344,27.098,20.163,3.020,250.0,250.0,82.426,23.423,8.824,72.849,50.431,31.264,19.167,30.887,7.174,0.728,6.446,6.463,0.000,0.000,0.000,0.000,31.0,
6.11.2025,19:16:30.158,32.625,28.281,21.343,2.995,250.0,250.0,79.411,23.745,8.850,74.125,51.225,31.765,19.460,31.388,7.115,0.721,6.394,6.403,0.000,0.000,0.500,0.375,31.0,
6.11.2025,19:16:31.157,36.704,28.871,21.829,3.105,250.0,250.0,82.820,39.987,8.774,65.656,45.971,28.505,17.466,28.164,98.806,31.115,67.691,7.718,0.000,0.000,0.000,0.000,31.0,
6.11.2025,19:16:32.162,27.188,27.314,20.399,3.016,250.0,250.0,79.608,23.594,8.775,73.512,50.810,31.508,19.302,31.131,7.229,0.779,6.450,6.446,0.000,0.000,0.000,0.000,31.0,
6.11.2025,19:16:33.166,27.188,27.314,20.399,3.016,250.0,250.0,82.897,47.321,8.777,73.863,51.023,31.638,19.385,31.261,125.271,34.559,90.712,6.724,0.000,0.000,0.000,0.000,31.0,
6.11.2025,19:16:34.163,47.579,29.484,22.475,3.069,250.0,250.0,79.618,25.985,8.774,74.244,51.266,31.792,19.474,31.415,18.211,2.560,15.651,6.463,0.000,0.000,0.000,0.000,31.0,
6.11.2025,19:16:35.167,25.829,27.968,21.016,3.009,250.0,250.0,79.890,23.919,8.842,74.794,51.650,32.023,19.627,31.633,7.114,0.720,6.394,6.394,0.000,0.000,0.000,0.000,31.0,
6.11.2025,19:16:36.163,33.985,27.204,20.268,3.009,250.0,250.0,83.191,23.867,8.801,74.513,51.445,31.899,19.546,31.510,7.248,0.782,6.466,6.463,0.000,0.000,0.000,0.000,31.0,
6.11.2025,19:16:37.162,23.110,27.016,20.057,3.014,250.0,250.0,79.230,23.585,8.836,73.472,50.825,31.510,19.315,31.132,7.182,0.785,6.397,6.394,0.000,0.000,0.000,1.125,31.0,
6.11.2025,19:16:38.163,21.750,26.735,19.813,2.989,250.0,250.0,83.239,47.712,8.839,75.295,51.958,32.212,19.746,31.823,125.183,34.161,91.022,6.878,0.000,0.000,0.000,0.000,31.0,
6.11.2025,19:16:39.159,16.313,26.664,19.779,2.973,250.0,250.0,79.954,23.877,8.814,74.632,51.528,31.954,19.574,31.565,7.152,0.749,6.403,6.403,0.000,0.000,0.000,0.000,31.0,
6.11.2025,19:16:40.160,17.672,27.863,20.954,3.016,250.0,250.0,83.143,38.825,8.827,75.546,52.105,32.310,19.795,31.920,80.579,16.532,64.047,6.590,0.000,0.000,0.000,0.000,31.0,
6.11.2025,19:16:41.161,17.672,27.051,20.145,2.987,250.0,250.0,80.262,23.963,8.825,74.868,51.678,32.046,19.632,31.656,7.238,0.789,6.449,6.446,0.000,0.000,0.000,0.000,31.0,
6.11.2025,19:16:42.164,24.469,28.576,21.525,3.087,250.0,250.0,79.904,24.157,8.792,75.683,52.166,32.347,19.819,31.957,7.193,0.772,6.421,6.420,0.000,0.000,0.000,0.000,31.0,
6.11.2025,19:16:43.167,20.391,27.980,21.018,3.051,250.0,250.0,79.904,24.157,8.792,75.683,52.166,32.347,19.819,31.957,7.193,0.772,6.421,6.420,0.000,0.000,0.000,0.000,31.0,
6.11.2025,19:16:44.163,23.110,29.103,22.115,3.067,250.0,250.0,82.244,23.727,8.788,74.053,51.140,31.709,19.431,31.332,7.251,0.785,6.466,6.489,0.000,0.000,0.000,0.250,31.0,
6.11.2025,19:16:45.155,19.032,28.143,21.159,3.025,250.0,250.0,82.244,23.744,8.788,74.053,51.140,31.709,19.431,31.332,7.251,0.785,6.466,6.489,0.000,0.000,0.000,0.000,31.0,
6.11.2025,19:16:46.164,36.704,26.541,19.611,3.023,250.0,250.0,79.568,23.767,8.802,74.162,51.243,31.776,19.467,31.386,7.194,0.779,6.415,6.446,0.000,0.000,0.000,0.000,31.0,
6.11.2025,19:16:47.163,19.032,28.203,21.300,3.008,250.0,250.0,82.898,47.496,8.815,74.137,51.234,31.773,19.461,31.395,125.641,34.581,91.060,6.862,0.000,0.000,0.000,0.000,31.0,
6.11.2025,19:16:48.163,20.391,28.984,22.050,3.016,250.0,250.0,79.405,23.786,8.829,74.290,51.322,31.821,19.501,31.431,7.125,0.722,6.403,6.412,0.000,0.000,0.000,0.000,31.0,
6.11.2025,19:16:49.154,19.032,27.356,20.460,2.981,250.0,250.0,83.156,24.054,8.817,75.020,51.775,32.110,19.665,31.720,7.435,0.884,6.551,6.565,0.000,0.000,0.000,0.500,31.0,
6.11.2025,19:16:50.158,21.750,26.836,19.922,2.987,250.0,250.0,79.767,23.528,8.792,73.351,50.723,31.449,19.274,31.071,7.113,0.719,6.394,6.394,0.000,0.000,0.000,0.000,31.0,
6.11.2025,19:16:51.155,16.313,25.558,18.594,2.998,250.0,250.0,83.041,23.976,8.802,74.917,51.693,32.060,19.633,31.671,7.252,0.786,6.466,6.480,0.000,0.000,0.000,0.000,31.0,
6.11.2025,19:16:52.157,23.110,28.960,21.969,3.057,250.0,250.0,80.168,23.606,8.867,73.569,50.900,31.563,19.337,31.185,7.122,0.719,6.403,6.394,0.000,0.000,0.000,0.000,31.0,
6.11.2025,19:16:53.153,17.672,27.739,20.755,3.051,250.0,250.0,83.678,23.909,8.850,74.466,51.450,31.902,19.548,31.513,7.401,0.873,6.528,6.556,0.000,0.000,0.000,0.000,31.0,
6.11.2025,19:16:54.154,17.672,29.310,22.241,3.118,250.0,250.0,80.141,23.946,8.891,74.718,51.653,32.027,19.626,31.637,7.231,0.781,6.450,6.446,0.000,0.000,0.000,0.000,31.0,
6.11.2025,19:16:55.166,33.985,25.263,18.282,3.044,250.0,250.0,82.579,24.437,8.830,76.767,52.859,32.772,20.087,32.383,7.142,0.753,6.389,6.386,0.000,0.000,0.000,0.000,31.0,
6.11.2025,19:16:56.157,19.032,26.745,19.814,3.013,250.0,250.0,80.478,24.504,8.819,76.955,52.961,32.836,20.125,32.447,7.249,0.850,6.399,6.394,0.000,0.000,0.000,0.000,31.0,
6.11.2025,19:16:57.158,24.469,28.668,21.715,3.021,250.0,250.0,79.944,24.398,8.830,76.480,52.679,32.664,20.015,32.274,7.283,0.807,6.476,6.471,0.000,0.000,0.000,0.000,31.0,
6.11.2025,19:16:58.156,19.032,27.118,20.142,3.036,250.0,250.0,79.638,23.133,8.824,71.733,49.758,30.851,18.907,30.486,7.183,0.777,6.406,6.403,0.000,0.000,0.000,0.000,31.0,
6.11.2025,19:16:59.168,23.110,27.421,20.589,2.953,250.0,250.0,78.675,23.310,8.923,72.309,50.192,31.119,19.073,30.742,7.168,0.762,6.406,6.403,0.000,0.000,2.375,0.000,31.0,
6.11.2025,19:17:0.163,25.829,23.622,16.828,2.889,250.0,250.0,77.669,23.043,8.936,71.283,49.552,30.725,18.827,30.347,7.180,0.772,6.408,6.403,0.000,0.000,0.000,0.000,31.0,
6.11.2025,19:17:1.162,16.313,25.563,18.757,2.918,250.0,250.0,77.335,22.977,9.046,70.899,49.374,30.618,18.756,30.253,7.205,0.788,6.417,6.412,0.000,0.000,0.000,0.000,31.0,
6.11.2025,19:17:2.163,17.672,29.567,22.627,2.982,250.0,250.0,77.624,23.055,9.047,71.130,49.524,30.706,18.818,30.341,7.262,0.794,6.468,6.463,0.000,0.000,0.000,0.000,31.0,
6.11.2025,19:17:3.156,17.672,27.249,20.345,2.992,250.0,250.0,77.562,22.731,8.911,70.059,48.770,30.241,18.529,29.875,7.260,0.854,6.406,6.403,0.000,0.000,0.000,0.000,31.0,
6.11.2025,19:17:4.163,20.391,27.855,21.036,2.896,250.0,250.0,77.180,22.942,8.866,70.940,49.318,30.580,18.738,30.203,7.187,0.780,6.407,6.403,0.000,0.000,0.000,0.000,31.0,
6.11.2025,19:17:5.164,19.032,25.101,18.285,2.911,250.0,250.0,77.431,23.247,8.866,72.151,50.051,31.029,19.022,30.652,7.158,0.769,6.389,6.386,0.000,0.000,0.000,0.000,31.0,
6.11.2025,19:17:6.167,17.672,26.655,19.904,2.880,250.0,250.0,80.856,25.784,8.878,70.687,49.149,30.476,18.673,30.110,21.612,2.477,19.135,6.642,0.000,0.000,0.000,0.000,31.0,
6.11.2025,19:17:7.163,16.313,24.847,18.018,2.917,250.0,250.0,77.396,22.824,8.889,70.517,49.060,30.413,18.647,30.048,7.150,0.778,6.372,6.369,0.000,0.000,0.000,0.000,31.0,
6.11.2025,19:17:8.155,43.501,26.560,19.779,2.880,250.0,250.0,70.528,22.649,8.922,69.789,48.614,30.145,18.469,29.780,7.182,0.775,6.407,6.403,0.000,0.000,0.000,0.000,31.0,
6.11.2025,19:17:9.163,17.672,26.815,19.945,2.949,250.0,250.0,73.473,22.910,8.902,70.815,49.249,30.538,18.711,30.173,7.162,0.773,6.389,6.386,0.000,0.000,0.000,0.000,31.0,
6.11.2025,19:17:10.163,25.829,24.840,18.060,2.868,250.0,250.0,73.682,44.409,8.936,69.381,48.369,29.993,18.376,29.640,116.401,32.975,83.426,6.590,0.000,0.000,0.000,0.000,31.0,
6.11.2025,19:17:11.163,29.907,27.056,20.300,2.895,250.0,250.0,73.367,22.625,8.937,69.779,48.628,30.161,18.467,29.795,7.066,0.714,6.352,6.352,0.000,0.000,0.000,0.000,31.0,
6.11.2025,19:17:12.165,16.313,29.370,22.499,2.935,250.0,250.0,70.830,25.942,8.910,68.169,47.611,29.517,18.094,29.164,25.737,2.980,22.757,6.480,0.000,0.000,0.000,0.000,31.0,
6.11.2025,19:17:13.163,21.750,27.713,20.914,2.909,250.0,250.0,73.663,17.625,8.827,50.413,36.684,22.743,13.941,22.474,7.389,0.823,6.566,6.394,0.000,0.000,0.000,0.375,31.0,
6.11.2025,19:17:14.168,40.782,28.187,21.113,3.126,250.0,250.0,63.305,14.938,8.888,39.933,30.246,18.756,11.490,18.524,7.595,0.767,6.828,6.352,0.000,0.000,0.000,0.000,31.0,
6.11.2025,19:17:15.158,40.782,31.699,24.653,3.111,250.0,250.0,79.150,46.856,8.955,72.125,50.073,31.049,19.024,30.672,124.906,34.414,90.492,6.853,0.000,0.000,0.000,0.000,31.0,
6.11.2025,19:17:16.166,24.469,33.795,26.412,3.377,250.0,250.0,77.976,23.377,8.932,72.613,50.352,31.219,19.133,30.842,7.116,0.722,6.394,6.446,0.000,0.000,0.000,0.000,31.0,
6.11.2025,19:17:17.166,14.953,31.704,24.322,3.364,250.0,250.0,77.874,23.608,8.886,73.543,50.881,31.556,19.325,31.179,7.134,0.731,6.403,6.438,0.000,0.000,0.000,0.000,31.0,
6.11.2025,19:17:18.162,29.907,26.479,19.596,2.963,250.0,250.0,81.885,45.683,8.896,73.327,50.767,31.480,19.287,31.090,117.662,31.877,85.785,6.658,0.000,0.000,0.000,0.000,31.0,
6.11.2025,19:17:19.158,14.953,27.415,20.555,2.967,250.0,250.0,81.653,23.685,8.947,73.831,51.110,31.691,19.419,31.313,7.086,0.717,6.369,6.369,0.000,0.000,0.000,0.000,31.0,
6.11.2025,19:17:20.154,21.750,26.509,19.653,2.940,250.0,250.0,79.186,23.865,8.984,74.367,51.464,31.911,19.553,31.534,7.189,0.744,6.445,6.463,0.000,0.000,0.000,0.000,31.0,
6.11.2025,19:17:21.168,19.032,24.654,17.779,2.950,250.0,250.0,82.685,46.984,8.899,72.593,50.314,31.201,19.113,30.824,125.122,34.525,90.597,6.650,0.000,0.000,0.000,0.000,31.0,
6.11.2025,19:17:22.163,17.672,29.784,22.833,3.038,250.0,250.0,77.783,23.521,8.890,73.178,50.674,31.425,19.249,31.047,7.159,0.730,6.429,6.429,0.000,0.000,0.000,0.125,31.0,
6.11.2025,19:17:23.165,20.391,30.097,23.191,3.003,250.0,250.0,82.048,19.012,8.854,55.927,40.059,24.840,15.219,24.535,7.149,0.763,6.386,6.386,0.000,0.000,0.500,0.000,31.0,
6.11.2025,19:17:24.160,21.750,28.898,21.974,2.980,250.0,250.0,78.902,23.939,8.926,74.680,51.633,32.015,19.618,31.625,7.211,0.740,6.471,6.471,0.000,0.000,0.000,0.000,31.0,
6.11.2025,19:17:25.157,25.829,27.761,20.913,2.951,250.0,250.0,82.545,46.500,8.904,73.173,50.693,31.426,19.267,31.048,121.908,33.883,88.025,6.674,0.000,0.000,0.000,2.125,31.0,
6.11.2025,19:17:26.157,24.469,25.938,19.046,2.949,250.0,250.0,78.898,23.644,8.834,73.710,50.964,31.603,19.361,31.226,7.159,0.730,6.429,6.429,0.000,0.000,0.000,0.000,31.0,
6.11.2025,19:17:27.154,19.032,30.061,23.151,2.994,250.0,250.0,80.978,67.515,8.829,63.379,44.610,27.665,16.945,27.336,89.196,29.547,59.649,307.995,0.000,0.000,0.000,0.000,31.0,
6.11.2025,19:17:28.164,17.672,25.319,18.458,2.955,250.0,250.0,78.887,24.996,8.874,72.692,50.351,31.223,19.128,30.845,15.193,1.985,13.208,6.463,0.000,0.000,0.000,0.000,31.0,
6.11.2025,19:17:29.155,21.750,26.652,19.743,2.971,250.0,250.0,78.041,23.438,8.839,72.972,50.515,31.319,19.196,30.942,7.105,0.719,6.386,6.386,0.000,0.000,0.000,0.000,31.0,
6.11.2025,19:17:30.166,24.469,26.945,20.097,2.960,250.0,250.0,79.619,18.212,8.824,52.820,38.121,23.638,14.483,23.358,7.200,0.729,6.471,6.471,0.000,0.000,0.000,0.000,31.0,
6.11.2025,19:17:31.165,25.829,28.350,21.487,2.958,250.0,250.0,81.668,25.312,8.851,73.855,51.074,31.672,19.402,31.283,15.216,1.998,13.218,6.547,0.000,0.000,0.000,0.000,31.0,
6.11.2025,19:17:32.156,16.313,27.916,20.888,3.027,250.0,250.0,77.885,23.507,8.927,73.136,50.680,31.429,19.251,31.039,7.105,0.719,6.386,6.403,0.000,0.000,0.000,0.000,31.0,
6.11.2025,19:17:33.160,20.391,29.584,22.697,3.009,250.0,250.0,78.151,54.435,8.912,86.754,59.026,36.603,22.423,36.153,21.140,5.546,15.594,252.201,0.000,0.000,0.000,0.000,31.0,
6.11.2025,19:17:34.168,16.313,29.100,22.201,2.973,250.0,250.0,78.386,23.250,8.880,72.136,50.008,31.007,19.001,30.643,7.177,0.731,6.446,6.471,0.000,0.000,0.000,0.000,31.0,
6.11.2025,19:17:35.315,25.829,27.038,20.125,2.969,250.0,250.0,77.745,22.611,8.877,69.771,48.591,30.124,18.467,29.758,7.079,0.718,6.361,6.369,0.000,0.000,0.000,0.000,31.0,
6.11.2025,19:17:36.320,17.672,27.409,20.557,2.942,250.0,250.0,80.351,37.893,8.835,72.471,50.209,31.128,19.081,30.751,79.892,16.112,63.780,6.667,0.000,0.000,0.000,0.000,31.0,
6.11.2025,19:17:37.317,31.266,28.616,21.683,2.983,250.0,250.0,77.944,23.502,8.850,73.160,50.640,31.406,19.234,31.029,7.142,0.722,6.420,6.412,0.000,0.000,0.000,0.000,31.0,
6.11.2025,19:17:38.318,32.625,24.948,18.084,2.942,250.0,250.0,79.141,23.450,8.899,72.984,50.564,31.356,19.208,30.967,7.078,0.717,6.361,6.361,0.000,0.000,0.000,0.000,31.0,
6.11.2025,19:17:39.317,17.672,27.692,20.867,2.947,250.0,250.0,80.416,46.289,8.868,72.913,50.487,31.314,19.173,30.937,121.361,33.302,88.059,6.480,0.000,0.000,0.000,0.000,31.0,
6.11.2025,19:17:40.312,17.672,28.790,21.903,2.928,250.0,250.0,79.301,23.544,8.847,73.390,50.767,31.472,19.295,31.095,7.096,0.718,6.378,6.378,0.000,0.000,0.000,1.125,31.0,
6.11.2025,19:17:41.323,23.110,28.360,21.422,3.024,250.0,250.0,79.685,37.644,8.805,70.147,48.748,30.224,18.524,29.859,81.777,28.712,53.065,6.582,0.000,0.000,0.000,0.000,31.0,
6.11.2025,19:17:42.316,19.032,25.264,18.434,2.965,250.0,250.0,77.698,23.076,8.820,71.566,49.627,30.774,18.853,30.397,7.153,0.733,6.420,6.420,0.000,0.000,0.000,0.000,31.0,
6.11.2025,19:17:43.315,17.672,27.990,21.079,2.960,250.0,250.0,77.607,23.182,8.847,71.918,49.885,30.932,18.953,30.555,7.152,0.723,6.429,6.429,0.000,0.000,0.000,0.000,31.0,
6.11.2025,19:17:44.313,28.547,28.445,21.558,2.975,250.0,250.0,77.875,23.530,8.920,73.244,50.739,31.468,19.271,31.091,7.095,0.717,6.378,6.378,0.000,0.000,0.000,0.000,31.0,
6.11.2025,19:17:45.313,31.266,27.763,20.930,2.927,250.0,250.0,81.557,23.665,8.898,73.728,51.016,31.637,19.379,31.259,7.153,0.724,6.429,6.429,0.000,0.000,0.375,0.000,31.0,
6.11.2025,19:17:46.324,23.110,28.063,21.178,2.934,250.0,250.0,77.994,23.309,8.956,72.375,50.210,31.141,19.069,30.764,7.096,0.718,6.378,6.386,0.000,0.000,0.000,0.000,31.0,
6.11.2025,19:17:47.318,19.032,28.879,22.030,2.936,250.0,250.0,81.355,23.362,8.932,72.403,50.215,31.144,19.071,30.767,7.360,0.744,6.616,6.369,0.000,0.000,0.000,0.000,31.0,
6.11.2025,19:17:48.315,19.032,26.458,19.616,2.917,250.0,250.0,77.568,51.885,8.924,65.905,46.202,28.648,17.554,28.307,17.403,4.363,13.040,288.503,0.000,0.000,0.125,0.000,31.0,
6.11.2025,19:17:49.311,20.391,27.487,20.669,2.947,250.0,250.0,77.261,26.870,8.876,67.323,47.067,29.179,17.888,28.826,31.527,9.732,21.795,6.489,0.000,0.001,0.000,0.000,31.0,
6.11.2025,19:17:50.324,14.953,29.363,22.467,2.961,250.0,250.0,77.239,23.106,8.929,71.380,49.593,30.754,18.839,30.376,7.354,0.821,6.533,6.480,0.000,0.000,0.000,0.000,31.0,
6.11.2025,19:17:51.322,17.672,26.962,19.994,3.003,250.0,250.0,77.117,23.536,8.915,73.271,50.757,31.474,19.283,31.084,7.096,0.718,6.378,6.386,0.000,0.000,0.000,0.000,31.0,
6.11.2025,19:17:52.323,17.672,28.460,21.556,2.968,250.0,250.0,81.244,43.826,8.983,71.431,49.651,30.784,18.867,30.418,110.645,32.346,78.299,6.837,0.000,0.000,0.000,0.000,31.0,
6.11.2025,19:17:53.321,16.313,27.003,20.175,2.959,250.0,250.0,77.305,23.438,8.942,72.840,50.485,31.301,19.184,30.924,7.134,0.731,6.403,6.438,0.000,0.000,0.000,0.000,31.0,
6.11.2025,19:17:54.319,17.672,32.651,25.656,3.028,250.0,250.0,81.277,18.171,8.960,50.010,36.461,22.613,13.848,22.333,7.244,0.866,6.378,12.998,0.000,0.000,0.000,0.000,31.0,
6.11.2025,19:17:55.316,19.032,26.332,19.495,2.954,250.0,250.0,77.587,42.319,9.082,72.389,50.319,31.200,19.119,30.823,101.880,25.961,75.919,6.497,0.000,0.000,0.000,0.000,31.0,
6.11.2025,19:17:56.314,21.750,26.191,19.282,2.962,250.0,250.0,77.968,23.312,9.015,72.310,50.213,31.143,19.070,30.766,7.106,0.720,6.386,6.386,0.000,0.000,0.000,1.125,31.0,
6.11.2025,19:17:57.315,31.266,28.172,21.296,2.984,250.0,250.0,81.678,46.357,8.899,72.842,50.473,31.291,19.182,30.914,121.713,33.412,88.301,6.547,0.000,0.000,0.000,0.000,31.0,
6.11.2025,19:17:58.324,17.672,27.172,20.286,2.965,250.0,250.0,77.957,23.336,8.847,72.571,50.275,31.168,19.107,30.790,7.106,0.720,6.386,6.386,0.000,0.000,0.000,0.000,31.0,
6.11.2025,19:17:59.322,13.594,27.245,20.368,2.974,250.0,250.0,81.765,23.565,8.860,73.388,50.785,31.484,19.301,31.107,7.172,0.754,6.418,6.378,0.000,0.000,0.000,0.000,31.0,
6.11.2025,19:18:0.319,4.078,26.120,19.219,2.953,250.0,250.0,78.372,36.968,8.908,72.428,50.216,31.145,19.071,30.768,75.199,14.312,60.887,6.743,0.000,0.000,0.000,0.000,31.0,
6.11.2025,19:18:1.321,16.313,27.392,20.425,3.064,250.0,250.0,78.017,23.720,8.934,73.904,51.160,31.721,19.439,31.331,7.140,0.728,6.412,6.429,0.000,0.000,0.000,0.000,31.0,
6.11.2025,19:18:2.317,23.110,24.936,18.010,2.971,250.0,250.0,82.192,25.159,8.873,46.692,34.373,21.314,13.059,21.058,7.291,0.735,6.556,91.642,0.000,0.000,0.000,0.000,31.0,
6.11.2025,19:18:3.315,20.391,28.880,21.931,3.047,250.0,250.0,78.516,23.634,8.907,73.593,50.925,31.582,19.343,31.193,7.165,0.727,6.438,6.463,0.000,0.000,0.000,0.000,31.0,
6.11.2025,19:18:4.324,23.110,27.762,20.885,2.964,250.0,250.0,78.378,23.521,8.874,73.191,50.687,31.425,19.262,31.047,7.143,0.731,6.412,6.438,0.000,0.000,0.000,0.000,31.0,
6.11.2025,19:18:5.324,19.032,26.009,19.172,2.921,250.0,250.0,78.877,23.413,8.925,72.812,50.470,31.305,19.165,30.928,7.067,0.715,6.352,6.394,0.000,0.000,0.000,0.000,31.0,
6.11.2025,19:18:6.320,20.391,28.254,21.375,2.951,250.0,250.0,80.958,75.968,8.919,88.428,60.075,37.249,22.826,36.799,33.369,10.498,22.871,438.642,0.000,0.000,0.000,0.000,31.0,
6.11.2025,19:18:7.319,16.313,26.773,19.901,2.966,250.0,250.0,81.495,24.957,8.879,72.553,50.267,31.168,19.099,30.803,15.137,1.978,13.159,6.530,0.000,0.000,0.000,0.000,31.0,
6.11.2025,19:18:8.318,23.110,27.689,20.851,2.955,250.0,250.0,77.933,23.449,8.902,72.938,50.544,31.344,19.200,30.954,7.113,0.719,6.394,6.386,0.000,0.000,0.000,0.000,31.0,
6.11.2025,19:18:9.318,17.672,27.293,20.424,2.960,250.0,250.0,82.401,45.293,9.024,71.981,50.015,31.019,18.996,30.642,117.299,33.289,84.010,6.658,0.000,0.000,0.000,0.000,31.0,
6.11.2025,19:18:10.311,28.547,25.538,18.675,2.945,250.0,250.0,78.782,23.593,8.967,73.379,50.863,31.543,19.320,31.153,7.145,0.725,6.420,6.420,0.000,0.000,0.000,0.000,31.0,
6.11.2025,19:18:11.325,19.032,27.120,20.159,3.049,250.0,250.0,78.130,23.584,8.893,73.459,50.857,31.532,19.325,31.155,7.113,0.719,6.394,6.394,0.000,0.000,0.000,0.000,31.0,
6.11.2025,19:18:12.309,21.750,27.381,20.473,2.997,250.0,250.0,80.913,27.289,8.848,56.728,40.544,25.141,15.403,24.836,7.086,0.717,6.369,87.218,0.000,0.000,0.000,0.000,31.0,
6.11.2025,19:18:13.310,38.063,27.362,20.419,3.002,250.0,250.0,78.985,31.174,8.881,72.784,50.416,31.267,19.149,30.890,45.941,5.958,39.983,6.471,0.000,0.000,0.000,0.000,31.0,
6.11.2025,19:18:14.322,23.110,28.663,21.655,3.059,250.0,250.0,80.511,22.205,8.895,68.052,47.526,29.472,18.054,29.119,7.252,0.891,6.361,6.423,0.000,0.000,0.000,2.125,31.0,
6.11.2025,19:18:15.324,17.672,26.603,19.706,3.006,250.0,250.0,76.789,22.467,8.881,69.073,48.148,29.850,18.298,29.497,7.224,0.744,6.480,6.480,0.000,0.000,0.000,2.250,31.0,
6.11.2025,19:18:16.318,23.110,26.850,19.989,2.959,250.0,250.0,77.524,22.268,8.931,68.262,47.683,29.564,18.119,29.211,7.217,0.737,6.480,6.480,0.000,0.000,0.000,0.000,31.0,
6.11.2025,19:18:17.312,24.469,29.811,22.265,3.512,250.0,250.0,73.739,22.211,8.945,68.188,47.636,29.534,18.102,29.181,7.078,0.717,6.361,6.369,0.000,0.000,0.000,0.000,31.0,
6.11.2025,19:18:18.312,17.672,29.095,21.871,3.269,250.0,250.0,76.878,22.107,8.968,67.715,47.368,29.370,17.998,29.017,7.114,0.720,6.394,6.403,0.000,0.000,0.000,0.000,31.0,
6.11.2025,19:18:19.313,20.391,23.994,17.198,2.923,250.0,250.0,76.690,22.074,8.922,67.607,47.269,29.309,17.960,28.956,7.145,0.725,6.420,6.429,0.000,0.000,0.000,0.000,31.0,
6.11.2025,19:18:20.310,27.188,27.206,20.287,2.967,250.0,250.0,76.698,22.217,8.872,68.183,47.592,29.512,18.080,29.159,7.165,0.727,6.438,6.446,0.002,0.000,0.000,0.375,31.0,
6.11.2025,19:18:21.322,16.313,27.474,20.524,3.015,250.0,250.0,76.843,44.155,8.861,68.601,47.845,29.669,18.176,29.303,116.255,32.825,83.430,6.582,0.000,0.000,0.000,0.000,31.0,
6.11.2025,19:18:22.321,16.313,27.474,20.524,3.015,250.0,250.0,76.658,28.241,8.836,68.143,47.545,29.489,18.056,29.136,37.369,4.399,32.970,6.471,0.000,0.000,0.000,0.000,31.0,
6.11.2025,19:18:23.319,29.907,27.466,20.588,2.988,250.0,250.0,76.717,22.219,8.922,68.132,47.597,29.515,18.082,29.150,7.172,0.726,6.446,6.446,0.000,0.000,0.000,0.000,31.0,
6.11.2025,19:18:24.318,32.625,26.301,19.345,3.015,250.0,250.0,73.332,40.276,8.914,67.077,46.940,29.099,17.841,28.746,98.814,27.140,71.674,6.514,0.000,0.000,0.000,0.000,31.0,
6.11.2025,19:18:25.319,33.985,27.414,20.586,2.920,250.0,250.0,73.641,20.895,8.898,63.182,44.563,27.632,16.931,27.291,7.057,0.714,6.343,6.343,0.000,0.000,0.000,0.000,31.0,
6.11.2025,19:18:26.322,16.313,25.567,18.758,2.895,250.0,250.0,69.501,22.117,8.874,67.896,47.414,29.406,18.008,29.053,7.079,0.718,6.361,6.361,0.002,0.000,2.500,0.000,31.0,
6.11.2025,19:18:27.314,20.391,25.145,18.377,2.903,250.0,250.0,70.213,38.989,8.847,67.264,47.002,29.143,17.859,28.802,92.271,24.094,68.177,6.429,0.000,0.000,0.000,0.000,31.0,
6.11.2025,19:18:28.317,17.672,25.377,18.542,2.908,250.0,250.0,72.835,13.289,8.872,33.643,26.369,16.357,10.012,16.161,7.408,0.750,6.658,6.658,0.000,0.000,0.000,0.000,31.0,
6.11.2025,19:18:29.318,17.672,25.119,18.313,2.915,250.0,250.0,69.933,21.985,8.958,67.306,47.102,29.214,17.888,28.861,7.079,0.718,6.361,6.361,0.000,0.000,0.000,0.000,31.0,
6.11.2025,19:18:30.317,25.829,24.879,18.053,2.907,250.0,250.0,68.645,21.985,8.849,36.739,28.273,17.528,10.745,17.320,6.989,0.713,6.276,6.276,0.000,0.000,0.000,2.375,31.0,
6.11.2025,19:18:31.312,23.110,23.866,16.978,3.021,250.0,250.0,68.645,13.971,8.849,36.739,28.273,17.528,10.745,17.320,6.989,0.713,6.276,6.276,0.000,0.000,0.000,0.000,31.0,
6.11.2025,19:18:32.310,16.313,29.904,22.890,3.064,250.0,250.0,66.616,23.231,9.056,72.003,50.038,31.026,19.012,30.660,7.078,0.717,6.361,6.361,0.000,0.000,0.000,0.000,31.0,
6.11.2025,19:18:33.323,16.313,28.910,21.935,3.057,250.0,250.0,78.392,27.286,8.934,74.216,51.345,31.844,19.501,31.454,24.524,3.233,21.291,6.522,0.000,0.000,0.000,0.000,31.0,
6.11.2025,19:18:34.324,19.032,27.172,20.227,2.992,250.0,250.0,76.248,23.737,8.993,73.958,51.234,31.770,19.464,31.381,7.098,0.720,6.378,6.378,0.000,0.000,0.000,0.000,31.0,
6.11.2025,19:18:35.318,20.391,26.696,19.765,3.016,250.0,250.0,81.948,38.232,8.851,89.071,60.432,37.478,22.954,37.028,57.874,21.025,36.849,10.758,0.000,0.000,0.000,0.000,31.0,
6.11.2025,19:18:36.311,17.672,24.985,18.097,2.961,250.0,250.0,78.763,27.270,8.874,74.633,51.565,31.971,19.594,31.582,23.970,3.220,20.750,6.539,0.000,0.000,0.000,0.000,31.0,
6.11.2025,19:18:37.312,17.672,28.000,21.131,2.946,250.0,250.0,78.177,23.894,8.921,74.569,51.570,31.982,19.588,31.592,7.143,0.757,6.386,6.429,0.000,0.000,0.000,0.000,31.0,
6.11.2025,19:18:38.311,21.750,25.793,18.922,2.963,250.0,250.0,80.972,23.543,8.883,73.292,50.762,31.480,19.282,31.091,7.133,0.772,6.361,6.378,0.000,0.000,0.000,0.000,31.0,
6.11.2025,19:18:39.324,14.953,26.889,19.991,2.960,250.0,250.0,78.269,43.018,8.812,72.632,50.283,31.178,19.105,30.813,105.360,32.107,73.253,6.633,0.000,0.000,0.000,0.000,31.0,
6.11.2025,19:18:40.319,24.469,26.338,19.524,2.958,250.0,250.0,77.767,24.006,8.895,74.747,51.661,32.031,19.630,31.641,7.479,0.900,6.579,6.497,0.000,0.000,0.000,0.000,31.0,
6.11.2025,19:18:41.320,20.391,28.939,22.016,2.962,250.0,250.0,78.184,23.291,8.980,72.226,50.148,31.099,19.049,30.722,7.138,0.752,6.386,6.412,0.000,0.000,0.000,0.000,31.0,
6.11.2025,19:18:42.318,19.032,29.086,22.088,3.034,250.0,250.0,81.366,21.337,8.920,64.799,45.554,28.246,17.308,27.905,7.144,0.752,6.392,6.352,0.000,0.000,0.625,0.000,31.0,
6.11.2025,19:18:43.315,23.110,26.504,19.535,3.062,250.0,250.0,77.577,40.237,8.824,73.628,50.908,31.570,19.338,31.193,90.039,29.817,60.222,6.828,0.000,0.000,0.000,0.375,31.0,
6.11.2025,19:18:44.324,20.391,24.970,18.048,2.978,250.0,250.0,77.922,47.211,8.840,73.175,50.628,31.399,19.229,31.022,125.648,34.774,90.874,6.522,0.000,0.000,0.000,0.000,31.0,
6.11.2025,19:18:45.323,20.391,26.467,19.583,2.961,250.0,250.0,77.970,23.311,8.848,72.467,50.210,31.129,19.081,30.751,7.118,0.732,6.386,6.386,0.000,0.000,0.000,0.000,31.0,
6.11.2025,19:18:46.322,24.469,28.018,21.131,2.980,250.0,250.0,80.469,23.529,8.860,73.332,50.744,31.469,19.275,31.092,7.078,0.717,6.361,6.361,0.000,0.000,0.000,0.000,31.0,
6.11.2025,19:18:47.318,28.547,23.596,16.708,2.953,250.0,250.0,80.771,30.075,8.851,69.995,48.701,30.195,18.506,29.830,43.883,16.112,27.771,6.905,0.000,0.000,0.000,0.000,31.0,
6.11.2025,19:18:48.314,21.750,25.429,18.599,2.957,250.0,250.0,78.287,42.447,8.885,73.790,51.045,31.657,19.388,31.280,100.985,25.531,75.454,6.454,0.000,0.000,0.375,0.000,31.0,
6.11.2025,19:18:49.320,21.750,27.709,20.834,2.950,250.0,250.0,77.461,23.222,8.815,72.127,49.975,30.988,18.987,30.623,7.145,0.725,6.420,6.420,0.000,0.000,0.000,0.000,31.0,
6.11.2025,19:18:50.312,21.750,25.206,18.356,2.914,250.0,250.0,76.819,23.397,8.862,72.786,50.415,31.269,19.146,30.892,7.105,0.719,6.386,6.386,0.000,0.000,0.000,0.000,31.0,
6.11.2025,19:18:51.310,46.219,27.740,20.873,2.971,250.0,250.0,80.406,15.782,8.790,43.382,32.319,20.036,12.283,19.792,7.433,0.800,6.633,6.352,0.000,0.001,0.000,0.500,31.0,
6.11.2025,19:18:52.324,23.110,29.691,22.664,3.039,250.0,250.0,78.573,23.704,8.874,73.905,51.121,31.703,19.418,31.325,7.130,0.727,6.403,6.429,0.000,0.000,0.000,0.000,31.0,
6.11.2025,19:18:53.322,19.032,25.741,18.842,2.983,250.0,250.0,78.981,24.023,8.864,75.086,51.853,32.154,19.699,31.764,7.191,0.765,6.426,6.429,0.000,0.000,0.000,0.000,31.0,
6.11.2025,19:18:54.319,14.953,30.577,23.533,3.082,250.0,250.0,79.055,23.230,8.887,72.144,50.040,31.034,19.006,30.657,7.078,0.717,6.361,6.378,0.000,0.000,0.000,0.000,31.0,
6.11.2025,19:18:55.317,23.110,25.997,19.172,2.956,250.0,250.0,78.119,23.725,8.936,73.862,51.112,31.689,19.423,31.312,7.274,0.735,6.539,6.369,0.000,0.000,0.000,0.625,31.0,
6.11.2025,19:18:56.314,17.672,25.476,18.604,2.951,250.0,250.0,82.455,34.635,8.915,73.458,50.868,31.546,19.322,31.157,62.223,9.312,52.911,6.642,0.000,0.000,0.000,0.000,31.0,
6.11.2025,19:18:57.323,19.032,26.739,19.798,2.986,250.0,250.0,78.372,23.603,8.860,73.514,50.878,31.549,19.329,31.160,7.138,0.735,6.403,6.463,0.000,0.000,0.000,0.000,31.0,
6.11.2025,19:18:58.324,33.985,25.216,18.344,2.971,250.0,250.0,78.210,23.250,8.825,72.260,50.066,31.045,19.021,30.668,7.113,0.719,6.394,6.386,0.000,0.000,0.000,0.000,31.0,
6.11.2025,19:18:59.311,20.391,26.132,19.195,2.998,250.0,250.0,78.204,23.476,8.802,73.182,50.624,31.392,19.232,31.014,7.078,0.717,6.361,6.361,0.000,0.000,0.000,0.000,31.0,
6.11.2025,19:19:0.310,20.391,27.387,20.533,2.951,250.0,250.0,81.685,13.891,8.806,36.073,27.837,17.269,10.568,17.061,7.353,0.763,6.590,6.590,0.000,0.000,0.000,0.000,31.0,
6.11.2025,19:19:1.320,24.469,26.109,19.206,2.999,250.0,250.0,78.402,36.605,8.901,72.677,50.362,31.230,19.132,30.852,73.213,13.516,59.697,6.471,0.000,0.000,0.000,1.000,31.0,
6.11.2025,19:19:2.316,19.032,29.934,22.656,3.256,250.0,250.0,79.513,23.988,8.934,74.714,51.650,32.027,19.623,31.650,7.418,0.883,6.535,6.446,0.000,0.000,0.000,0.000,31.0,
6.11.2025,19:19:3.316,23.110,28.171,21.162,3.085,250.0,250.0,79.233,23.641,8.886,73.615,50.955,31.596,19.359,31.218,7.189,0.782,6.407,6.403,0.000,0.001,0.000,0.000,31.0,
6.11.2025,19:19:4.312,21.750,28.272,21.310,3.042,250.0,250.0,79.023,24.030,8.835,75.254,51.929,32.202,19.727,31.812,7.086,0.717,6.369,6.369,0.000,0.000,0.000,0.000,31.0,
6.11.2025,19:19:5.309,20.391,27.551,20.595,3.014,250.0,250.0,83.218,41.456,8.823,59.486,42.222,26.179,16.043,25.862,41.235,14.804,26.431,153.474,0.000,0.000,0.000,0.000,31.0,
6.11.2025,19:19:6.312,32.625,28.132,21.215,2.975,250.0,250.0,79.631,57.479,8.793,60.786,42.989,26.655,16.334,26.327,53.499,19.406,34.093,285.908,0.000,0.000,0.000,0.000,31.0,
6.11.2025,19:19:7.319,19.032,27.762,20.883,3.001,250.0,250.0,78.771,23.532,8.822,73.202,50.641,31.404,19.237,31.027,7.261,0.795,6.466,6.463,0.000,0.000,0.000,0.000,31.0,
6.11.2025,19:19:8.320,21.750,26.399,19.434,3.008,250.0,250.0,79.303,24.005,8.800,74.860,51.659,32.030,19.629,31.652,7.460,0.906,6.554,6.497,0.000,0.000,0.000,2.125,31.0,
6.11.2025,19:19:9.320,33.985,27.016,20.068,3.006,250.0,250.0,78.780,23.623,8.859,73.494,50.838,31.520,19.318,31.142,7.297,0.850,6.447,6.463,0.000,0.000,0.000,0.000,31.0,
6.11.2025,19:19:10.321,20.391,26.520,19.607,2.978,250.0,250.0,78.869,23.557,8.849,73.382,50.766,31.479,19.287,31.102,7.157,0.770,6.387,6.394,0.000,0.000,0.000,0.000,31.0,
6.11.2025,19:19:11.315,24.469,27.323,20.395,3.016,250.0,250.0,79.191,23.911,8.813,74.765,51.611,32.006,19.605,31.617,7.145,0.784,6.361,6.403,0.000,0.000,0.000,0.000,31.0,
6.11.2025,19:19:12.313,17.672,28.357,21.423,3.029,250.0,250.0,79.489,23.934,8.798,74.847,51.636,32.015,19.621,31.638,7.205,0.843,6.362,6.378,0.000,0.000,0.000,0.000,31.0,
6.11.2025,19:19:13.309,23.110,28.303,21.279,3.063,250.0,250.0,80.251,45.438,8.827,74.246,51.305,31.813,19.492,31.435,115.296,31.036,84.260,6.667,0.000,0.000,0.000,0.000,31.0,
6.11.2025,19:19:14.320,33.985,24.648,17.760,3.010,250.0,250.0,79.507,35.028,8.800,73.340,50.730,31.451,19.279,31.074,64.523,10.446,54.077,6.556,0.000,0.000,0.000,0.000,31.0,
6.11.2025,19:19:15.320,25.829,28.255,21.252,3.066,250.0,250.0,78.661,24.023,8.902,75.051,51.851,32.160,19.691,31.770,7.187,0.790,6.397,6.429,0.000,0.000,0.500,0.000,31.0,
6.11.2025,19:19:16.317,17.672,27.010,20.039,2.997,250.0,250.0,82.158,23.784,8.872,74.257,51.311,31.823,19.488,31.434,7.132,0.770,6.362,6.386,0.000,0.000,0.000,0.000,31.0,
6.11.2025,19:19:17.317,17.672,25.310,18.396,2.991,250.0,250.0,78.610,23.505,8.897,73.144,50.658,31.415,19.243,31.037,7.146,0.784,6.362,6.361,0.000,0.000,0.000,0.000,31.0,
6.11.2025,19:19:18.316,24.469,25.513,18.596,3.012,250.0,250.0,79.488,20.275,8.912,60.753,43.046,26.695,16.351,26.379,7.133,0.780,6.353,6.352,0.000,0.000,0.000,0.000,31.0,
6.11.2025,19:19:19.320,23.110,33.012,25.436,3.566,250.0,250.0,79.168,23.724,8.921,73.980,51.181,31.735,19.446,31.358,7.130,0.769,6.361,6.361,0.000,0.000,0.000,0.000,31.0,
6.11.2025,19:19:20.319,17.672,29.827,22.494,3.367,250.0,250.0,78.981,33.794,8.837,71.972,49.897,30.936,18.961,30.559,59.984,22.070,37.914,6.811,0.000,0.000,0.000,0.500,31.0,
6.11.2025,19:19:21.321,20.391,31.158,24.078,3.098,250.0,250.0,78.408,46.822,8.751,72.186,49.959,30.983,18.976,30.606,125.129,34.410,90.719,6.497,0.000,0.000,0.000,0.000,31.0,
6.11.2025,19:19:22.315,19.032,26.120,19.232,2.993,250.0,250.0,78.280,23.669,8.802,73.787,50.992,31.618,19.374,31.241,7.226,0.793,6.433,6.429,0.000,0.000,0.000,0.000,31.0,
6.11.2025,19:19:23.320,19.032,26.416,19.463,3.018,250.0,250.0,78.897,23.865,8.847,74.486,51.461,31.906,19.555,31.516,7.235,0.820,6.415,6.412,0.000,0.000,0.000,0.000,31.0,
6.11.2025,19:19:24.319,21.750,27.469,20.473,3.067,250.0,250.0,80.427,23.531,8.827,73.347,50.741,31.462,19.279,31.085,7.095,0.717,6.378,6.378,0.000,0.000,0.000,0.000,31.0,
6.11.2025,19:19:25.320,14.953,27.287,20.346,3.025,250.0,250.0,79.188,18.018,8.807,50.846,36.878,22.868,14.010,22.600,7.566,0.764,6.802,9.035,0.000,0.000,0.000,0.000,31.0,
6.11.2025,19:19:26.320,32.625,26.454,19.469,3.030,250.0,250.0,78.607,23.735,8.896,73.970,51.147,31.718,19.429,31.341,7.213,0.790,6.423,6.420,0.000,0.000,0.000,0.000,31.0,
6.11.2025,19:19:27.320,19.032,27.309,20.291,3.062,250.0,250.0,82.437,47.389,8.922,73.891,51.126,31.703,19.423,31.325,125.461,34.759,90.702,6.582,0.000,0.000,0.000,0.000,31.0,
6.11.2025,19:19:28.317,14.953,26.648,19.682,3.073,250.0,250.0,79.318,23.729,8.866,73.991,51.179,31.733,19.446,31.343,7.172,0.783,6.389,6.386,0.000,0.000,0.000,0.000,31.0,
6.11.2025,19:19:29.317,23.110,27.204,20.253,3.032,250.0,250.0,82.072,69.978,8.806,66.477,46.487,28.822,17.665,28.481,16.736,3.993,12.743,469.574,0.000,0.001,0.000,0.000,31.0,
6.11.2025,19:19:30.316,24.469,28.451,21.481,3.022,250.0,250.0,78.333,30.064,8.796,72.238,50.025,31.015,19.010,30.638,41.224,5.418,35.806,6.471,0.000,0.000,0.000,0.000,31.0,
6.11.2025,19:19:31.313,16.313,29.566,22.546,3.105,250.0,250.0,78.040,23.430,8.858,72.919,50.483,31.299,19.184,30.922,7.116,0.722,6.394,6.403,0.000,0.000,0.000,0.000,31.0,
6.11.2025,19:19:32.312,16.313,27.250,20.286,3.042,250.0,250.0,82.020,26.837,8.810,57.879,41.215,25.552,15.663,25.248,18.358,4.709,13.649,57.282,0.000,0.000,0.000,0.000,31.0,
6.11.2025,19:19:33.319,16.313,28.483,21.530,3.030,250.0,250.0,79.028,22.103,8.842,67.752,47.310,29.338,17.972,28.973,7.239,0.734,6.505,6.361,0.000,0.000,0.000,0.000,31.0,
6.11.2025,19:19:34.315,20.391,26.662,19.743,2.999,250.0,250.0,75.758,22.087,8.848,67.808,47.348,29.354,17.994,29.001,7.078,0.717,6.361,6.361,0.000,0.000,1.875,0.000,31.0,
6.11.2025,19:19:35.321,20.391,24.494,17.635,2.940,250.0,250.0,76.816,21.942,8.847,67.248,47.006,29.146,17.860,28.793,7.078,0.717,6.361,6.361,0.000,0.000,0.000,0.000,31.0,
6.11.2025,19:19:36.320,20.391,25.098,18.254,2.911,250.0,250.0,76.374,22.060,8.813,67.746,47.288,29.318,17.970,28.965,7.076,0.724,6.352,6.352,0.000,0.000,0.000,0.000,31.0,
6.11.2025,19:19:37.319,13.594,26.872,20.050,2.946,250.0,250.0,76.384,22.255,8.851,68.455,47.742,29.600,18.142,29.246,7.079,0.718,6.361,6.361,0.000,0.000,0.000,0.000,31.0,
6.11.2025,19:19:38.319,20.391,26.445,19.568,2.953,250.0,250.0,76.530,43.995,8.932,67.917,47.466,29.425,18.041,29.072,116.149,32.890,83.259,6.794,0.000,0.000,0.000,0.375,31.0,
6.11.2025,19:19:39.312,19.032,25.078,18.195,2.935,250.0,250.0,79.982,26.753,8.905,67.528,47.196,29.270,17.926,28.917,30.628,3.573,27.055,6.530,0.000,0.000,0.000,0.000,31.0,
6.11.2025,19:19:40.313,17.672,25.723,18.875,2.935,250.0,250.0,76.861,22.308,8.978,68.341,47.749,29.602,18.147,29.249,7.278,0.748,6.530,6.454,0.000,0.000,0.000,1.750,31.0,
6.11.2025,19:19:41.319,17.672,28.903,21.939,3.028,250.0,250.0,76.885,22.070,8.918,67.640,47.285,29.328,17.957,28.975,7.105,0.719,6.386,6.386,0.000,0.000,0.000,0.000,31.0,
6.11.2025,19:19:42.320,6.797,25.709,18.871,2.946,250.0,250.0,75.806,35.177,8.926,57.556,41.073,25.467,15.606,25.162,72.563,26.611,45.952,32.859,0.000,0.000,2.375,0.000,31.0,
6.11.2025,19:19:43.320,21.750,27.771,20.870,3.002,250.0,250.0,70.476,21.866,8.811,67.041,46.834,29.040,17.794,28.699,7.049,0.714,6.335,6.343,0.000,0.000,0.000,0.000,31.0,
6.11.2025,19:19:44.319,19.032,26.125,19.237,2.930,250.0,250.0,73.114,22.021,8.839,67.584,47.199,29.274,17.925,28.921,7.058,0.715,6.343,6.352,0.000,0.000,0.000,0.000,31.0,
6.11.2025,19:19:45.319,21.750,26.896,20.114,2.929,250.0,250.0,73.459,25.834,8.920,67.708,47.337,29.354,17.983,28.989,25.795,2.977,22.818,6.454,0.000,0.000,0.000,0.000,31.0,
6.11.2025,19:19:46.319,17.672,27.786,20.943,2.927,250.0,250.0,72.871,25.894,8.861,58.412,41.572,25.774,15.798,25.458,17.115,4.388,12.727,48.834,0.000,0.000,0.000,0.000,31.0,
6.11.2025,19:19:47.320,17.672,26.535,19.676,2.919,250.0,250.0,71.049,20.437,8.934,61.407,43.495,26.965,16.530,26.636,7.039,0.712,6.327,6.327,0.000,0.000,0.000,0.000,31.0,
6.11.2025,19:19:48.311,14.953,25.874,19.040,2.959,250.0,250.0,71.683,13.904,8.846,36.282,27.986,17.354,10.632,17.146,7.175,0.729,6.446,6.446,0.000,0.000,0.000,0.000,31.0,
6.11.2025,19:19:49.320,16.313,25.033,18.051,3.057,250.0,250.0,63.332,47.162,8.847,73.268,50.710,31.446,19.264,31.057,125.183,34.367,90.816,6.658,0.000,0.001,0.000,0.000,31.0,
6.11.2025,19:19:50.320,19.032,26.907,19.989,3.011,250.0,250.0,78.674,24.077,8.849,75.378,52.006,32.253,19.753,31.863,7.139,0.753,6.386,6.386,0.000,0.000,0.000,0.000,31.0,
6.11.2025,19:19:51.319,16.313,30.943,23.857,3.100,250.0,250.0,80.167,32.089,8.823,75.044,51.781,32.108,19.673,31.719,7.303,0.951,6.352,87.132,0.000,0.000,0.000,0.000,31.0,
6.11.2025,19:19:52.316,20.391,28.897,21.977,3.015,250.0,250.0,81.477,23.761,8.799,74.198,51.243,31.777,19.466,31.388,7.171,0.777,6.394,6.394,0.000,0.001,0.375,0.000,31.0,
6.11.2025,19:19:53.313,27.188,27.098,20.141,3.035,250.0,250.0,82.347,14.618,8.759,38.888,29.533,18.313,11.220,18.093,7.503,0.819,6.684,6.369,0.000,0.000,0.000,0.000,31.0,
6.11.2025,19:19:54.312,24.469,31.235,24.129,3.108,250.0,250.0,79.556,23.587,8.805,73.350,50.725,31.450,19.275,31.073,7.355,0.861,6.494,6.480,0.000,0.000,0.000,0.000,31.0,
6.11.2025,19:19:55.315,21.750,27.795,20.910,3.004,250.0,250.0,78.493,23.849,8.871,74.513,51.485,31.923,19.562,31.534,7.116,0.763,6.353,6.369,0.000,0.000,0.000,0.000,31.0,
6.11.2025,19:19:56.314,23.110,28.655,21.672,3.041,250.0,250.0,79.436,23.433,8.904,72.776,50.418,31.272,19.146,30.895,7.237,0.805,6.432,6.446,0.000,0.000,0.000,0.000,31.0,
6.11.2025,19:19:57.311,16.313,29.354,22.389,3.030,250.0,250.0,78.135,23.599,8.786,73.620,50.884,31.550,19.334,31.173,7.130,0.768,6.362,6.386,0.000,0.000,0.000,0.000,31.0,
6.11.2025,19:19:58.319,23.110,26.639,19.646,3.061,250.0,250.0,82.062,23.367,8.845,72.654,50.302,31.196,19.106,30.819,7.165,0.736,6.429,6.420,0.000,0.000,0.000,0.000,31.0,
6.11.2025,19:19:59.320,23.110,26.639,19.646,3.061,250.0,250.0,82.164,36.418,8.824,72.955,50.497,31.316,19.181,30.938,71.953,12.665,59.288,6.565,0.000,0.000,0.000,0.000,31.0,
6.11.2025,19:20:0.320,28.547,27.412,20.501,3.035,250.0,250.0,78.631,23.658,8.908,73.704,51.006,31.631,19.375,31.253,7.146,0.767,6.379,6.412,0.000,0.000,0.000,0.000,31.0,
6.11.2025,19:20:1.320,24.469,29.125,22.165,3.020,250.0,250.0,82.516,46.699,8.847,71.600,49.675,30.800,18.875,30.435,125.072,34.393,90.679,6.616,0.000,0.001,0.000,0.000,31.0,
6.11.2025,19:20:2.321,35.344,32.758,25.721,3.069,250.0,250.0,78.821,23.578,8.955,73.397,50.846,31.532,19.314,31.155,7.096,0.718,6.378,6.386,0.000,0.000,0.000,0.000,31.0,
6.11.2025,19:20:3.316,17.672,28.741,21.831,3.015,250.0,250.0,82.356,46.525,8.992,74.335,51.453,31.909,19.544,31.519,120.504,33.024,87.480,6.489,0.000,0.000,0.000,0.000,31.0,
6.11.2025,19:20:4.316,16.313,29.555,22.628,3.001,250.0,250.0,79.326,23.589,9.007,73.305,50.818,31.513,19.305,31.136,7.195,0.780,6.415,6.412,0.000,0.000,0.000,0.000,31.0,
6.11.2025,19:20:5.313,23.110,27.703,20.672,3.062,250.0,250.0,78.895,23.435,8.893,72.922,50.522,31.321,19.201,30.944,7.087,0.718,6.369,6.369,0.000,0.000,0.000,0.000,31.0,
6.11.2025,19:20:6.316,25.829,25.443,18.556,2.988,250.0,250.0,79.092,25.659,8.848,74.091,51.218,31.756,19.462,31.378,16.684,2.434,14.250,6.471,0.000,0.000,0.000,0.000,31.0,
6.11.2025,19:20:7.312,28.547,29.657,22.747,3.006,250.0,250.0,78.584,23.597,8.872,73.513,50.859,31.537,19.322,31.160,7.159,0.772,6.387,6.386,0.000,0.000,0.000,0.000,31.0,
6.11.2025,19:20:8.310,23.110,26.615,19.660,3.001,250.0,250.0,78.584,23.597,8.872,73.513,50.859,31.537,19.322,31.160,7.159,0.772,6.387,6.386,0.000,0.000,0.000,0.000,31.0,
6.11.2025,19:20:9.320,16.313,29.430,22.480,3.027,250.0,250.0,82.413,45.393,8.883,72.424,50.206,31.134,19.072,30.757,117.408,33.233,84.175,6.633,0.000,0.000,0.000,0.000,31.0,
6.11.2025,19:20:10.314,16.313,28.870,21.973,3.013,250.0,250.0,79.207,23.935,8.880,74.768,51.640,32.018,19.622,31.628,7.198,0.792,6.406,6.403,0.000,0.000,0.000,0.000,31.0,
6.11.2025,19:20:11.318,27.188,27.656,20.698,3.037,250.0,250.0,82.911,18.226,8.875,52.946,38.245,23.716,14.529,23.435,7.079,0.718,6.361,6.361,0.000,0.000,0.000,1.000,31.0,
6.11.2025,19:20:12.315,12.235,30.877,23.856,3.058,250.0,250.0,80.097,24.060,8.857,75.210,51.908,32.184,19.724,31.795,7.220,0.782,6.438,6.480,0.000,0.001,0.375,0.000,31.0,
6.11.2025,19:20:13.312,17.672,28.997,21.985,3.092,250.0,250.0,82.769,24.262,8.871,76.101,52.458,32.531,19.927,32.129,7.108,0.747,6.361,6.386,0.000,0.000,0.000,0.375,31.0,
6.11.2025,19:20:14.310,14.953,29.417,22.385,3.071,250.0,250.0,79.662,24.233,8.841,75.980,52.361,32.475,19.886,32.085,7.138,0.752,6.386,6.429,0.000,0.000,0.000,0.000,31.0,
6.11.2025,19:20:15.334,16.313,29.997,23.004,3.079,250.0,250.0,82.759,25.898,8.829,76.104,52.444,32.522,19.922,32.120,15.241,2.039,13.202,6.556,0.000,0.000,0.000,0.000,31.0,
6.11.2025,19:20:16.333,14.953,25.560,18.626,3.024,250.0,250.0,82.565,23.580,8.854,73.503,50.848,31.530,19.318,31.141,7.110,0.724,6.386,6.386,0.000,0.000,1.250,0.000,31.0,
6.11.2025,19:20:17.330,28.547,28.428,21.505,3.027,250.0,250.0,79.480,47.707,8.840,75.471,52.052,32.277,19.775,31.888,124.995,34.392,90.603,6.777,0.000,0.000,1.250,0.000,31.0,
6.11.2025,19:20:18.327,12.235,28.215,21.276,2.978,250.0,250.0,79.972,23.583,8.877,73.506,50.853,31.538,19.315,31.161,7.096,0.718,6.378,6.386,0.000,0.000,0.000,0.000,31.0,
6.11.2025,19:20:19.340,17.672,28.717,21.831,2.979,250.0,250.0,83.040,24.063,8.957,75.053,51.881,32.173,19.708,31.783,7.283,0.803,6.480,6.505,0.000,0.000,0.000,0.000,31.0,
6.11.2025,19:20:20.337,23.110,26.659,19.734,3.016,250.0,250.0,81.668,24.194,8.923,75.803,52.316,32.444,19.872,32.042,7.088,0.719,6.369,6.369,0.000,0.000,0.000,0.000,31.0,
6.11.2025,19:20:21.334,20.391,34.826,27.250,3.583,250.0,250.0,81.301,37.267,8.856,71.867,49.856,30.917,18.939,30.552,77.505,27.743,49.762,6.667,0.000,0.000,0.000,0.000,31.0,
6.11.2025,19:20:22.327,19.032,36.096,28.659,3.402,250.0,250.0,79.742,24.402,8.936,76.475,52.746,32.709,20.037,32.307,7.181,0.735,6.446,6.446,0.000,0.000,0.000,0.000,31.0,
6.11.2025,19:20:23.340,14.953,26.876,19.895,3.050,250.0,250.0,83.444,23.817,8.945,74.346,51.416,31.884,19.532,31.506,7.088,0.719,6.369,6.369,0.000,0.000,0.000,0.000,31.0,
6.11.2025,19:20:24.338,14.953,29.284,22.316,3.051,250.0,250.0,79.874,47.945,8.897,76.397,52.680,32.669,20.011,32.268,125.012,34.248,90.764,6.505,0.000,0.000,0.000,0.000,31.0,
6.11.2025,19:20:25.335,19.032,28.786,21.797,3.040,250.0,250.0,79.348,24.487,8.931,76.832,52.979,32.856,20.123,32.454,7.144,0.732,6.412,6.412,0.000,0.000,0.000,0.000,31.0,
6.11.2025,19:20:26.336,17.672,26.961,20.029,3.051,250.0,250.0,80.028,24.670,8.965,77.582,53.443,33.146,20.297,32.744,7.080,0.719,6.361,6.361,0.000,0.000,0.000,0.000,31.0,
6.11.2025,19:20:27.335,28.547,28.888,21.879,3.045,250.0,250.0,83.110,26.098,8.882,76.846,52.944,32.830,20.114,32.429,15.220,2.002,13.218,6.497,0.000,0.000,0.000,0.000,31.0,
6.11.2025,19:20:28.333,25.829,25.943,18.972,3.022,250.0,250.0,81.901,32.723,8.918,74.926,51.774,32.099,19.675,31.710,50.804,6.560,44.244,6.522,0.000,0.000,0.000,0.000,31.0,
6.11.2025,19:20:29.333,21.750,27.491,20.556,3.044,250.0,250.0,79.758,23.772,8.918,74.144,51.298,31.813,19.485,31.424,7.115,0.721,6.394,6.403,0.000,0.000,0.000,2.375,31.0,
6.11.2025,19:20:30.328,13.594,26.321,19.335,3.036,250.0,250.0,81.618,17.640,8.874,50.262,36.600,22.692,13.908,22.412,7.636,0.774,6.862,6.378,0.000,0.000,0.000,0.000,31.0,
6.11.2025,19:20:31.338,36.704,27.364,20.403,3.045,250.0,250.0,80.229,41.758,8.898,75.398,52.060,32.280,19.780,31.891,95.350,22.568,72.782,6.573,0.000,0.000,0.000,0.000,31.0,
6.11.2025,19:20:32.334,21.750,32.240,25.212,3.094,250.0,250.0,80.050,23.637,8.892,73.691,50.978,31.613,19.365,31.236,7.105,0.719,6.386,6.386,0.000,0.000,0.000,0.000,31.0,
6.11.2025,19:20:33.334,31.266,28.875,21.832,3.115,250.0,250.0,82.747,29.894,8.871,74.463,51.467,31.910,19.557,31.521,37.319,4.867,32.452,6.514,0.000,0.000,0.000,0.000,31.0,
6.11.2025,19:20:34.335,20.391,29.045,22.057,3.052,250.0,250.0,79.640,23.787,8.884,73.923,51.108,31.692,19.416,31.315,7.585,0.774,6.811,6.361,0.000,0.000,0.000,0.000,31.0,
6.11.2025,19:20:35.332,23.110,28.314,21.399,3.024,250.0,250.0,82.639,42.244,8.860,75.284,51.954,32.207,19.747,31.817,97.998,23.934,74.064,6.573,0.000,0.000,0.000,0.000,31.0,
6.11.2025,19:20:36.330,27.188,26.680,19.740,3.017,250.0,250.0,79.595,23.923,8.960,74.647,51.620,32.011,19.609,31.622,7.155,0.726,6.429,6.454,0.000,0.000,0.000,0.500,31.0,
6.11.2025,19:20:37.331,19.032,29.264,22.287,3.038,250.0,250.0,78.530,23.487,8.897,73.121,50.641,31.399,19.242,31.022,7.079,0.718,6.361,6.386,0.000,0.000,0.000,0.000,31.0,
6.11.2025,19:20:38.332,20.391,26.049,19.124,3.010,250.0,250.0,81.706,23.550,8.909,73.344,50.785,31.484,19.301,31.107,7.095,0.717,6.378,6.378,0.000,0.000,0.000,0.000,31.0,
6.11.2025,19:20:39.329,12.235,30.557,23.588,3.012,250.0,250.0,79.884,33.047,8.906,71.914,49.894,30.939,18.955,30.562,56.339,7.992,48.347,6.624,0.000,0.000,0.000,0.000,31.0,
6.11.2025,19:20:40.330,20.391,28.659,21.742,3.018,250.0,250.0,78.476,23.275,8.946,72.238,50.123,31.079,19.044,30.702,7.113,0.719,6.394,6.394,0.000,0.000,0.000,0.000,31.0,
6.11.2025,19:20:41.327,27.188,27.368,20.430,2.995,250.0,250.0,79.276,23.722,8.907,74.005,51.195,31.749,19.446,31.372,7.086,0.717,6.369,6.369,0.000,0.000,0.000,0.000,31.0,
6.11.2025,19:20:42.338,17.672,28.912,21.869,3.109,250.0,250.0,79.311,18.357,8.815,53.308,38.443,23.839,14.604,23.559,7.321,0.954,6.367,6.361,0.000,0.000,0.000,0.000,31.0,
6.11.2025,19:20:43.332,20.391,28.595,21.605,3.059,250.0,250.0,79.055,44.520,8.870,68.667,47.887,29.689,18.198,29.336,117.760,33.414,84.346,7.030,0.000,0.000,0.000,0.000,31.0,
6.11.2025,19:20:44.328,28.547,38.238,30.844,3.339,250.0,250.0,79.037,25.697,8.877,81.050,55.547,34.439,21.108,34.025,7.729,0.892,6.837,6.463,0.000,0.001,1.625,2.125,31.0,
6.11.2025,19:20:45.330,24.469,31.816,24.599,3.231,250.0,250.0,83.858,24.312,8.876,76.143,52.495,32.546,19.949,32.156,7.258,0.817,6.441,6.438,0.000,0.000,0.000,0.000,31.0,
6.11.2025,19:20:46.330,27.188,30.553,23.531,3.082,250.0,250.0,81.256,23.717,8.882,73.984,51.156,31.715,19.441,31.338,7.126,0.723,6.403,6.403,0.000,0.001,0.000,0.000,31.0,
6.11.2025,19:20:47.339,25.829,29.032,22.031,3.041,250.0,250.0,82.839,50.580,8.895,56.601,40.472,25.102,15.370,24.797,60.755,22.698,38.057,213.058,0.000,0.000,0.000,2.125,31.0,
6.11.2025,19:20:48.337,14.953,27.591,20.688,2.996,250.0,250.0,79.712,23.819,8.957,74.209,51.351,31.840,19.511,31.463,7.202,0.779,6.423,6.454,0.000,0.000,2.375,0.000,31.0,
6.11.2025,19:20:49.333,23.110,29.132,22.221,2.988,250.0,250.0,80.263,23.713,9.002,73.819,51.136,31.706,19.430,31.316,7.157,0.771,6.386,6.412,0.000,0.000,0.000,0.000,31.0,
6.11.2025,19:20:50.331,24.469,28.043,21.107,2.983,250.0,250.0,80.878,57.481,8.957,71.614,49.772,30.864,18.908,30.487,23.830,6.253,17.577,316.549,0.000,0.000,0.000,0.000,31.0,
6.11.2025,19:20:51.330,24.469,28.998,22.119,2.982,250.0,250.0,76.675,22.431,8.838,69.084,48.148,29.853,18.295,29.488,7.106,0.720,6.386,6.386,0.000,0.000,0.000,0.375,31.0,
6.11.2025,19:20:52.328,24.469,25.415,18.548,2.957,250.0,250.0,77.353,22.224,8.784,68.348,47.636,29.538,18.098,29.185,7.122,0.719,6.403,6.403,0.000,0.000,0.000,0.000,31.0,
6.11.2025,19:20:53.326,16.313,30.393,23.161,3.269,250.0,250.0,77.010,22.272,8.817,68.511,47.767,29.622,18.145,29.257,7.110,0.724,6.386,6.378,0.000,0.001,0.000,0.250,31.0,
6.11.2025,19:20:54.332,16.313,27.982,21.059,2.993,250.0,250.0,77.343,22.224,8.845,68.286,47.645,29.544,18.101,29.179,7.122,0.719,6.403,6.394,0.000,0.000,0.000,0.000,31.0,
6.11.2025,19:20:55.337,20.391,26.720,19.804,2.966,250.0,250.0,77.350,22.231,8.884,68.290,47.664,29.548,18.116,29.195,7.114,0.720,6.394,6.386,0.000,0.001,0.000,1.000,31.0,
6.11.2025,19:20:56.339,14.953,26.739,19.817,2.994,250.0,250.0,79.005,22.169,8.909,68.025,47.522,29.473,18.049,29.120,7.113,0.719,6.394,6.369,0.000,0.000,0.000,0.125,31.0,
6.11.2025,19:20:57.338,27.188,25.931,19.084,2.937,250.0,250.0,77.478,22.330,8.892,68.662,47.902,29.703,18.199,29.350,7.105,0.719,6.386,6.386,0.000,0.000,0.000,0.000,31.0,
6.11.2025,19:20:58.337,23.110,26.644,19.814,2.923,250.0,250.0,78.964,38.532,8.894,86.808,59.056,36.623,22.433,36.173,40.027,14.217,25.810,55.282,0.000,0.000,0.000,0.000,31.0,
6.11.2025,19:20:59.335,16.313,27.895,21.052,2.925,250.0,250.0,79.030,22.468,8.908,69.217,48.251,29.915,18.336,29.562,7.066,0.714,6.352,6.361,0.000,0.000,0.000,0.000,31.0,
6.11.2025,19:21:0.336,14.953,28.701,21.839,2.968,250.0,250.0,70.953,22.482,8.799,69.316,48.249,29.914,18.335,29.561,7.123,0.720,6.403,6.403,0.000,0.000,0.000,0.000,31.0,
6.11.2025,19:21:1.334,16.313,25.993,19.062,2.991,250.0,250.0,73.796,23.218,8.912,69.070,48.170,29.864,18.306,29.511,10.961,1.192,9.769,6.429,0.000,0.000,0.000,0.000,31.0,
6.11.2025,19:21:2.335,23.110,26.515,19.691,2.898,250.0,250.0,74.161,22.024,8.870,67.573,47.209,29.278,17.931,28.925,7.057,0.714,6.343,6.343,0.000,0.000,0.000,0.000,31.0,
6.11.2025,19:21:3.336,20.391,27.839,21.016,2.953,250.0,250.0,73.334,22.078,8.871,67.765,47.331,29.350,17.981,28.997,7.066,0.714,6.352,6.352,0.000,0.000,0.000,0.375,31.0,
6.11.2025,19:21:4.334,20.391,27.388,20.447,2.980,250.0,250.0,70.509,21.970,8.880,67.320,47.062,29.179,17.883,28.838,7.087,0.718,6.369,6.369,0.000,0.000,0.000,0.000,31.0,
6.11.2025,19:21:5.337,12.235,26.050,19.245,2.931,250.0,250.0,73.508,33.658,8.884,67.521,47.196,29.260,17.936,28.907,65.122,23.632,41.490,6.633,0.000,0.000,0.000,0.000,31.0,
6.11.2025,19:21:6.337,13.594,25.736,18.718,3.070,250.0,250.0,63.737,16.494,8.826,46.251,34.109,21.144,12.965,20.887,7.162,0.724,6.438,6.438,0.000,0.000,0.000,0.000,31.0,
6.11.2025,19:21:7.336,21.750,27.449,20.503,3.017,250.0,250.0,78.860,45.450,8.871,73.465,50.836,31.526,19.310,31.136,116.432,31.524,84.908,6.489,0.000,0.000,0.000,0.000,31.0,
6.11.2025,19:21:8.332,28.547,28.029,21.102,2.992,250.0,250.0,79.251,24.031,8.913,75.032,51.848,32.146,19.702,31.756,7.243,0.810,6.433,6.429,0.000,0.000,0.500,0.000,31.0,
6.11.2025,19:21:9.331,19.032,27.598,20.676,3.006,250.0,250.0,82.225,24.099,8.961,75.380,52.095,32.307,19.788,31.917,7.079,0.718,6.361,6.386,0.000,0.000,0.000,0.000,31.0,
6.11.2025,19:21:10.328,20.391,26.374,19.442,3.000,250.0,250.0,80.242,24.453,8.945,66.837,46.816,29.027,17.789,28.674,19.866,4.951,14.915,6.706,0.000,0.000,0.000,0.000,31.0,
6.11.2025,19:21:11.341,25.829,27.838,20.834,3.081,250.0,250.0,78.948,45.823,9.009,74.122,51.330,31.830,19.500,31.441,117.099,33.173,83.926,6.802,0.000,0.000,0.000,0.000,31.0,
6.11.2025,19:21:12.338,16.313,26.317,19.355,3.018,250.0,250.0,79.336,23.310,9.074,72.209,50.174,31.109,19.065,30.744,7.146,0.726,6.420,6.429,0.000,0.000,0.000,0.000,31.0,
6.11.2025,19:21:13.336,25.829,29.083,22.058,3.070,250.0,250.0,78.784,23.854,8.982,74.415,51.487,31.931,19.556,31.542,7.115,0.721,6.394,6.394,0.000,0.000,0.000,0.000,31.0,
6.11.2025,19:21:14.331,19.032,29.492,22.511,3.040,250.0,250.0,80.293,18.193,8.922,52.546,38.012,23.570,14.442,23.278,7.360,0.744,6.616,6.441,0.000,0.000,0.000,0.000,31.0,
6.11.2025,19:21:15.331,27.188,25.964,19.081,2.968,250.0,250.0,81.161,23.174,8.920,71.818,49.843,30.908,18.935,30.531,7.165,0.727,6.438,6.454,0.000,0.000,0.000,0.000,31.0,
6.11.2025,19:21:16.331,16.313,25.776,18.881,2.986,250.0,250.0,79.036,23.756,9.003,74.043,51.273,31.793,19.480,31.404,7.086,0.717,6.369,6.394,0.000,0.000,0.125,0.000,31.0,
6.11.2025,19:21:17.333,14.953,25.917,18.967,3.023,250.0,250.0,79.154,24.097,9.025,75.320,52.097,32.297,19.800,31.908,7.067,0.715,6.352,6.386,0.000,0.000,1.750,0.000,31.0,
6.11.2025,19:21:18.332,17.672,26.713,19.730,3.032,250.0,250.0,82.286,45.801,9.002,73.379,50.868,31.543,19.325,31.165,118.068,32.297,85.771,6.590,0.000,0.000,0.000,0.000,31.0,
6.11.2025,19:21:19.325,20.391,26.552,19.639,3.034,250.0,250.0,79.341,23.803,9.060,74.139,51.377,31.858,19.519,31.481,7.107,0.721,6.386,6.386,0.000,0.000,0.000,0.000,31.0,
6.11.2025,19:21:20.327,31.266,26.591,19.687,3.009,250.0,250.0,80.713,19.962,8.867,59.597,42.352,26.252,16.100,25.935,7.080,0.719,6.361,6.361,0.000,0.000,0.000,0.000,31.0,
6.11.2025,19:21:21.327,25.829,27.799,20.753,3.065,250.0,250.0,82.549,46.836,8.958,72.056,50.010,31.018,18.992,30.641,125.029,34.245,90.784,6.624,0.000,0.000,0.000,0.000,31.0,
6.11.2025,19:21:22.329,33.985,32.778,25.248,3.559,250.0,250.0,78.314,15.476,8.888,39.101,29.707,18.427,11.280,18.207,7.838,1.018,6.820,13.475,0.000,0.000,0.000,0.000,31.0,
6.11.2025,19:21:23.337,28.547,28.884,21.435,3.416,250.0,250.0,78.981,29.995,8.832,56.841,40.577,25.164,15.413,24.860,60.771,22.670,38.101,6.726,0.000,0.000,0.000,0.000,31.0,
6.11.2025,19:21:24.331,20.391,28.225,21.316,2.983,250.0,250.0,79.576,23.533,8.977,73.056,50.652,31.404,19.248,31.027,7.250,0.784,6.466,6.463,0.000,0.000,0.500,0.000,31.0,
6.11.2025,19:21:25.330,17.672,25.907,18.996,2.978,250.0,250.0,78.961,23.456,8.925,72.963,50.565,31.346,19.219,30.969,7.096,0.718,6.378,6.378,0.000,0.000,0.000,0.000,31.0,
6.11.2025,19:21:26.329,21.750,27.065,20.131,3.033,250.0,250.0,78.664,23.441,8.939,72.916,50.536,31.339,19.197,30.962,7.078,0.717,6.361,6.361,0.000,0.000,0.000,0.000,31.0,
6.11.2025,19:21:27.331,17.672,25.482,18.567,2.993,250.0,250.0,82.222,14.712,8.852,38.148,29.143,18.077,11.066,17.857,8.581,1.165,7.416,6.811,0.000,0.000,0.000,0.000,31.0,
6.11.2025,19:21:28.327,20.391,28.310,21.376,3.019,250.0,250.0,78.925,35.466,8.890,74.703,51.613,32.004,19.609,31.627,64.850,10.612,54.238,6.514,0.000,0.000,0.500,0.000,31.0,
6.11.2025,19:21:29.339,24.469,26.072,19.138,2.998,250.0,250.0,78.840,23.813,8.907,74.280,51.363,31.845,19.518,31.467,7.174,0.771,6.403,6.403,0.000,0.000,2.500,0.000,31.0,
6.11.2025,19:21:30.331,27.188,28.447,21.515,2.998,250.0,250.0,79.187,24.283,8.909,76.120,52.525,32.569,19.956,32.179,7.097,0.719,6.378,6.378,0.000,0.000,0.000,0.000,31.0,
6.11.2025,19:21:31.326,24.469,29.179,22.198,3.052,250.0,250.0,83.271,24.161,8.934,75.512,52.153,32.346,19.807,31.956,7.229,0.780,6.449,6.446,0.000,0.000,2.375,0.000,31.0,
6.11.2025,19:21:32.335,17.672,26.820,19.889,3.018,250.0,250.0,80.560,23.633,8.934,73.636,50.982,31.607,19.375,31.229,7.095,0.717,6.378,6.378,0.000,0.000,0.000,0.000,31.0,
6.11.2025,19:21:33.343,24.469,29.044,22.070,3.048,250.0,250.0,80.378,35.746,8.929,66.016,46.294,28.704,17.590,28.351,77.510,27.786,49.724,6.556,0.000,0.001,0.000,0.000,31.0,
6.11.2025,19:21:34.351,25.829,25.755,18.824,2.993,250.0,250.0,79.315,23.485,9.003,72.950,50.611,31.384,19.227,30.995,7.134,0.722,6.412,6.412,0.000,0.000,0.000,0.000,31.0,
6.11.2025,19:21:35.351,31.266,27.181,20.246,2.979,250.0,250.0,82.778,21.676,8.902,43.608,32.492,20.154,12.338,19.910,7.783,0.972,6.811,63.786,0.000,0.000,0.000,0.000,31.0,
6.11.2025,19:21:36.351,17.672,27.402,20.469,3.018,250.0,250.0,79.460,23.535,8.895,73.157,50.668,31.426,19.242,31.049,7.223,0.799,6.424,6.463,0.000,0.000,0.000,0.000,31.0,
6.11.2025,19:21:37.351,24.469,29.105,22.136,3.016,250.0,250.0,78.569,24.085,8.823,75.401,52.030,32.260,19.770,31.871,7.145,0.767,6.378,6.403,0.000,0.000,0.000,0.000,31.0,
6.11.2025,19:21:38.345,16.313,27.717,20.773,3.033,250.0,250.0,82.368,24.757,8.820,56.489,40.372,25.027,15.345,24.722,7.855,0.993,6.862,61.088,0.000,0.000,0.000,0.000,31.0,
6.11.2025,19:21:39.351,20.391,27.521,20.615,2.976,250.0,250.0,79.052,47.077,8.920,73.122,50.642,31.405,19.237,31.027,124.827,34.345,90.482,6.760,0.000,0.000,0.000,0.000,31.0,
6.11.2025,19:21:40.349,32.625,24.287,17.370,3.014,250.0,250.0,78.652,23.601,8.885,73.442,50.826,31.523,19.303,31.146,7.218,0.785,6.433,6.446,0.000,0.000,0.000,0.000,31.0,
6.11.2025,19:21:41.347,33.985,29.591,22.579,3.081,250.0,250.0,78.465,23.529,8.906,73.262,50.737,31.464,19.273,31.075,7.087,0.718,6.369,6.394,0.000,0.000,0.500,0.000,31.0,
6.11.2025,19:21:42.352,33.985,29.591,22.579,3.081,250.0,250.0,81.897,45.041,8.877,72.681,50.357,31.224,19.133,30.846,115.286,32.806,82.480,6.726,0.000,0.000,0.000,0.000,31.0,
6.11.2025,19:21:43.350,33.985,27.272,20.284,3.032,250.0,250.0,80.546,23.503,8.892,73.184,50.670,31.424,19.246,31.046,7.095,0.717,6.378,6.378,0.000,0.000,0.000,0.000,31.0,
6.11.2025,19:21:44.351,25.829,27.574,20.629,3.013,250.0,250.0,78.842,23.688,8.880,73.925,51.122,31.705,19.417,31.315,7.078,0.717,6.361,6.361,0.000,0.000,0.000,0.000,31.0,
6.11.2025,19:21:45.355,29.907,28.595,21.633,3.050,250.0,250.0,79.106,25.871,8.806,56.885,40.608,25.176,15.432,24.872,7.209,0.729,6.480,72.509,0.000,0.000,0.000,0.000,31.0,
6.11.2025,19:21:46.351,24.469,26.270,19.319,3.036,250.0,250.0,78.574,25.841,8.819,37.739,28.838,17.879,10.959,17.671,7.622,0.769,6.853,121.259,0.000,0.000,0.000,0.000,31.0,
6.11.2025,19:21:47.345,17.672,26.363,19.491,2.971,250.0,250.0,79.075,38.156,8.875,72.483,50.225,31.145,19.080,30.768,81.241,16.818,64.423,6.505,0.000,0.000,0.000,0.000,31.0,
6.11.2025,19:21:48.344,16.313,27.641,20.748,2.954,250.0,250.0,79.291,24.120,8.930,75.420,52.082,32.296,19.786,31.906,7.185,0.772,6.413,6.412,0.000,0.000,0.000,0.000,31.0,
6.11.2025,19:21:49.351,17.672,25.030,18.089,3.004,250.0,250.0,83.298,42.148,8.924,72.470,50.247,31.163,19.084,30.786,101.093,31.129,69.964,6.616,0.000,0.000,0.000,0.000,31.0,
6.11.2025,19:21:50.351,19.032,26.697,19.828,2.977,250.0,250.0,80.105,23.599,8.908,73.402,50.834,31.516,19.318,31.139,7.223,0.791,6.432,6.429,0.000,0.000,0.000,1.125,31.0,
6.11.2025,19:21:51.351,17.672,26.600,19.693,2.986,250.0,250.0,82.624,23.610,8.860,73.612,50.923,31.576,19.347,31.187,7.105,0.719,6.386,6.386,0.000,0.000,0.000,0.000,31.0,
6.11.2025,19:21:52.351,20.391,30.739,23.759,3.043,250.0,250.0,79.415,46.985,8.811,72.446,50.188,31.113,19.075,30.736,125.456,34.535,90.921,6.573,0.000,0.000,0.000,0.000,31.0,
6.11.2025,19:21:53.351,20.391,29.899,22.961,3.031,250.0,250.0,80.783,24.099,8.858,75.418,52.046,32.272,19.774,31.882,7.170,0.766,6.404,6.403,0.000,0.000,0.000,0.000,31.0,
6.11.2025,19:21:54.351,14.953,29.082,22.031,3.086,250.0,250.0,81.954,24.099,8.834,74.181,51.245,31.779,19.466,31.401,94.797,22.149,72.648,6.624,0.000,0.000,0.000,2.125,31.0,
6.11.2025,19:21:55.351,13.594,26.564,19.603,3.027,250.0,250.0,79.527,41.312,8.818,73.329,50.723,31.456,19.267,31.067,7.263,0.797,6.466,6.463,0.000,0.000,0.000,0.000,31.0,
6.11.2025,19:21:56.356,17.672,26.330,19.432,2.972,250.0,250.0,79.527,23.565,8.818,73.329,50.723,31.456,19.267,31.067,7.263,0.797,6.466,6.463,0.000,0.000,0.000,0.000,31.0,
6.11.2025,19:21:57.342,19.032,27.626,20.758,2.970,250.0,250.0,82.331,23.947,8.905,74.802,51.698,32.056,19.642,31.679,7.148,0.769,6.379,6.394,0.000,0.001,0.000,0.000,31.0,
6.11.2025,19:21:58.342,23.110,27.384,20.430,2.987,250.0,250.0,79.737,46.182,9.098,75.293,52.119,32.320,19.799,31.919,117.235,33.128,84.107,6.802,0.000,0.000,0.000,2.250,31.0,
6.11.2025,19:21:59.357,17.672,26.240,19.317,3.016,250.0,250.0,79.939,23.593,8.954,73.399,50.853,31.529,19.324,31.152,7.164,0.769,6.395,6.386,0.000,0.000,0.000,0.000,31.0,
6.11.2025,19:22:0.366,17.672,26.562,19.660,2.989,250.0,250.0,82.924,34.909,8.903,73.400,50.808,31.504,19.304,31.127,63.628,23.349,40.279,6.786,0.000,0.000,0.000,2.125,31.0,
6.11.2025,19:22:1.359,28.547,26.875,19.925,3.007,250.0,250.0,78.891,28.432,8.806,74.759,51.603,32.005,19.598,31.616,29.707,3.781,25.926,6.514,0.000,0.000,0.000,0.000,31.0,
6.11.2025,19:22:2.371,23.110,30.716,23.678,3.082,250.0,250.0,79.020,23.604,8.848,73.482,50.832,31.519,19.313,31.142,7.222,0.781,6.441,6.463,0.000,0.001,0.000,0.000,31.0,
6.11.2025,19:22:3.366,17.672,32.878,25.686,3.249,250.0,250.0,78.206,23.885,8.846,74.553,51.495,31.929,19.566,31.552,7.221,0.779,6.442,6.463,0.000,0.000,2.250,0.000,31.0,
6.11.2025,19:22:4.365,16.313,30.155,23.105,3.114,250.0,250.0,79.303,23.755,8.946,74.050,51.245,31.774,19.471,31.384,7.139,0.769,6.370,6.403,0.000,0.000,0.000,2.500,31.0,
6.11.2025,19:22:5.366,19.032,25.502,18.533,3.007,250.0,250.0,83.332,24.674,8.916,77.607,53.438,33.131,20.307,32.729,7.113,0.727,6.386,6.386,0.000,0.000,0.000,0.000,31.0,
6.11.2025,19:22:6.363,19.032,27.608,20.734,2.967,250.0,250.0,79.751,24.081,8.959,75.312,52.030,32.265,19.765,31.876,7.106,0.720,6.386,6.386,0.000,0.001,0.000,0.000,31.0,
6.11.2025,19:22:7.362,19.032,25.164,18.237,2.989,250.0,250.0,78.825,18.829,8.849,55.167,39.636,24.577,15.059,24.272,7.153,0.724,6.429,6.429,0.000,0.000,0.000,0.250,31.0,
6.11.2025,19:22:8.364,17.672,27.634,20.767,2.981,250.0,250.0,79.213,15.031,8.846,40.222,30.415,18.860,11.555,18.640,7.512,0.761,6.751,6.751,0.000,0.000,0.000,0.000,31.0,
6.11.2025,19:22:9.372,17.672,26.147,19.250,2.978,250.0,250.0,78.708,23.086,8.822,71.557,49.643,30.779,18.864,30.401,7.176,0.730,6.446,6.446,0.000,0.000,0.000,0.000,31.0,
6.11.2025,19:22:10.362,20.391,26.466,19.623,2.925,250.0,250.0,77.334,22.756,8.822,70.373,48.894,30.317,18.577,29.952,7.116,0.722,6.394,6.394,0.000,0.000,0.000,0.000,31.0,
6.11.2025,19:22:11.359,19.032,24.723,17.882,2.923,250.0,250.0,77.164,22.981,8.873,71.160,49.433,30.651,18.782,30.274,7.120,0.726,6.394,6.394,0.000,0.000,0.000,0.000,31.0,
6.11.2025,19:22:12.358,17.672,27.024,20.117,2.999,250.0,250.0,77.178,22.793,8.866,70.409,48.955,30.361,18.594,29.996,7.159,0.730,6.429,6.429,0.000,0.000,0.000,0.000,31.0,
6.11.2025,19:22:13.371,19.032,27.111,20.226,2.958,250.0,250.0,77.107,29.250,8.842,70.668,49.108,30.443,18.665,30.078,39.101,4.663,34.438,6.489,0.000,0.000,2.500,0.000,31.0,
6.11.2025,19:22:14.367,17.672,26.280,19.342,2.999,250.0,250.0,76.546,44.770,8.833,70.872,49.226,30.522,18.704,30.157,116.421,32.912,83.509,6.539,0.000,0.000,0.000,0.000,31.0,
6.11.2025,19:22:15.369,16.313,27.816,20.917,2.990,250.0,250.0,76.707,26.401,8.817,51.242,37.128,23.023,14.105,22.755,17.206,4.329,12.877,72.531,0.000,0.000,2.375,0.000,31.0,
6.11.2025,19:22:16.366,31.266,26.331,19.458,2.959,250.0,250.0,77.371,44.264,8.820,69.450,48.341,29.976,18.365,29.610,115.746,32.543,83.203,6.590,0.000,0.000,0.000,0.000,31.0,
6.11.2025,19:22:17.367,12.235,26.261,19.416,2.955,250.0,250.0,77.030,13.399,8.818,34.355,26.776,16.608,10.168,16.413,7.251,0.737,6.514,6.352,0.000,0.000,0.000,0.000,31.0,
6.11.2025,19:22:18.369,17.672,24.712,17.904,2.881,250.0,250.0,71.247,22.057,8.897,67.657,47.278,29.319,17.959,28.966,7.059,0.716,6.343,6.378,0.000,0.000,0.000,0.000,31.0,
6.11.2025,19:22:19.368,16.313,26.140,19.323,2.932,250.0,250.0,73.447,22.080,8.889,67.691,47.306,29.338,17.968,28.985,7.107,0.721,6.386,6.412,0.000,0.000,0.000,0.125,31.0,
6.11.2025,19:22:20.369,17.672,25.424,18.626,2.888,250.0,250.0,73.935,41.982,9.025,67.905,47.519,29.464,18.055,29.111,106.022,31.619,74.403,6.700,0.000,0.000,0.000,0.000,31.0,
6.11.2025,19:22:21.368,23.110,26.558,19.722,2.935,250.0,250.0,72.928,17.829,8.838,51.278,37.206,23.075,14.131,22.794,7.312,0.739,6.573,6.343,0.000,0.000,0.000,0.000,31.0,
6.11.2025,19:22:22.367,21.750,29.084,22.149,3.001,250.0,250.0,71.023,21.935,8.902,67.189,46.984,29.132,17.852,28.791,7.063,0.720,6.343,6.369,0.000,0.000,0.000,0.000,31.0,
6.11.2025,19:22:23.364,16.313,26.979,20.162,2.947,250.0,250.0,73.603,22.149,8.770,68.111,47.476,29.432,18.044,29.080,7.081,0.720,6.361,6.412,0.000,0.000,0.000,0.000,31.0,
6.11.2025,19:22:24.357,23.110,32.627,25.120,3.486,250.0,250.0,73.703,23.770,8.846,74.176,51.258,31.779,19.479,31.402,7.150,0.738,6.412,6.463,0.000,0.000,0.000,0.000,31.0,
6.11.2025,19:22:25.357,32.625,33.531,26.044,3.495,250.0,250.0,80.334,24.075,8.847,75.394,52.024,32.261,19.763,31.872,7.099,0.721,6.378,6.386,0.000,0.000,0.000,0.000,31.0,
6.11.2025,19:22:26.369,19.032,28.277,21.323,2.990,250.0,250.0,83.060,24.053,8.896,75.193,51.910,32.197,19.713,31.808,7.175,0.729,6.446,6.463,0.000,0.000,0.000,0.000,31.0,
6.11.2025,19:22:27.367,23.110,26.733,19.858,2.980,250.0,250.0,79.581,23.642,8.868,73.721,51.000,31.627,19.373,31.250,7.096,0.718,6.378,6.386,0.000,0.000,0.000,1.000,31.0,
6.11.2025,19:22:28.368,17.672,28.566,21.654,2.980,250.0,250.0,82.957,26.731,8.893,74.157,51.275,31.794,19.481,31.417,21.917,2.934,18.983,6.463,0.000,0.000,0.000,0.000,31.0,
6.11.2025,19:22:29.364,31.266,29.861,22.932,2.994,250.0,250.0,80.175,23.999,8.980,74.946,51.813,32.137,19.676,31.747,7.156,0.777,6.379,6.378,0.000,0.000,0.000,0.000,31.0,
6.11.2025,19:22:30.363,19.032,30.292,23.343,2.983,250.0,250.0,82.786,23.722,9.041,73.716,51.098,31.684,19.414,31.306,7.250,0.784,6.466,6.463,0.000,0.000,0.000,2.375,31.0,
6.11.2025,19:22:31.370,20.391,27.330,20.438,2.976,250.0,250.0,79.276,23.377,9.006,72.586,50.377,31.231,19.146,30.854,7.096,0.718,6.378,6.378,0.000,0.000,0.000,0.000,31.0,
6.11.2025,19:22:32.368,20.391,28.526,21.604,3.016,250.0,250.0,82.060,78.537,8.948,70.942,49.343,30.590,18.753,30.224,66.443,24.126,42.317,443.683,0.000,0.000,0.000,0.000,31.0,
6.11.2025,19:22:33.366,19.032,28.025,21.060,3.037,250.0,250.0,79.828,23.560,8.920,73.318,50.772,31.483,19.289,31.106,7.144,0.724,6.420,6.420,0.000,0.000,0.000,0.000,31.0,
6.11.2025,19:22:34.366,29.907,28.789,21.770,3.062,250.0,250.0,83.073,45.886,9.005,73.464,50.916,31.567,19.349,31.190,118.364,33.539,84.825,6.642,0.000,0.000,0.000,0.000,31.0,
6.11.2025,19:22:35.364,29.907,26.168,19.252,2.999,250.0,250.0,79.694,23.644,8.968,73.628,50.991,31.621,19.370,31.232,7.117,0.731,6.386,6.394,0.000,0.000,0.000,0.000,31.0,
6.11.2025,19:22:36.363,24.469,27.798,20.921,2.976,250.0,250.0,82.943,46.194,8.933,75.340,52.039,32.263,19.776,31.873,117.474,33.397,84.077,6.769,0.000,0.000,0.000,0.000,31.0,
6.11.2025,19:22:37.361,19.032,26.796,19.856,2.974,250.0,250.0,79.211,23.503,8.860,73.203,50.656,31.410,19.246,31.033,7.116,0.730,6.386,6.386,0.000,0.000,0.000,0.000,31.0,
6.11.2025,19:22:38.366,21.750,27.779,20.886,2.978,250.0,250.0,82.045,22.991,8.889,71.188,49.480,30.680,18.800,30.314,7.095,0.717,6.378,6.369,0.000,0.000,0.000,0.000,31.0,
6.11.2025,19:22:39.360,25.829,26.923,20.065,2.915,250.0,250.0,81.451,13.427,8.881,34.430,26.855,16.653,10.202,16.458,7.238,0.733,6.505,6.318,0.000,0.000,0.375,0.000,31.0,
6.11.2025,19:22:40.361,28.547,28.910,21.929,3.005,250.0,250.0,81.598,23.736,8.871,73.919,51.122,31.700,19.422,31.311,7.313,0.718,6.595,6.386,0.000,0.000,0.000,0.000,31.0,
6.11.2025,19:22:41.363,21.750,28.807,21.841,3.040,250.0,250.0,81.102,47.196,8.954,74.588,51.591,31.996,19.595,31.607,123.434,34.106,89.328,6.760,0.000,0.000,0.000,0.000,31.0,
6.11.2025,19:22:42.364,21.750,26.557,19.681,2.959,250.0,250.0,79.489,23.631,8.979,73.553,50.967,31.605,19.362,31.216,7.107,0.721,6.386,6.412,0.000,0.000,0.000,0.000,31.0,
6.11.2025,19:22:43.361,27.188,25.045,18.121,2.996,250.0,250.0,81.652,45.589,9.129,74.402,51.589,31.986,19.603,31.597,115.492,30.962,84.530,6.598,0.000,0.000,0.000,0.000,31.0,
6.11.2025,19:22:44.360,20.391,27.346,20.395,3.017,250.0,250.0,79.197,23.781,8.985,74.062,51.286,31.804,19.482,31.426,7.156,0.727,6.429,6.454,0.000,0.000,0.000,0.000,31.0,
6.11.2025,19:22:45.359,20.391,27.663,20.774,2.965,250.0,250.0,82.247,23.501,8.935,73.139,50.670,31.427,19.243,31.050,7.078,0.717,6.361,6.386,0.000,0.000,0.000,0.000,31.0,
6.11.2025,19:22:46.358,21.750,28.059,21.127,2.971,250.0,250.0,78.551,42.578,8.966,72.782,50.477,31.298,19.179,30.921,102.793,26.512,76.281,6.573,0.000,0.000,0.000,0.000,31.0,
6.11.2025,19:22:47.369,24.469,27.438,20.566,2.962,250.0,250.0,80.602,23.594,8.890,73.531,50.885,31.553,19.332,31.176,7.095,0.717,6.378,6.386,0.000,0.000,0.000,0.000,31.0,
6.11.2025,19:22:48.367,19.032,25.029,18.134,2.953,250.0,250.0,80.713,23.434,8.864,72.680,50.344,31.221,19.123,30.844,7.394,0.839,6.555,6.480,0.000,0.000,0.000,0.000,31.0,
6.11.2025,19:22:49.362,31.266,27.636,20.751,2.943,250.0,250.0,79.052,23.698,8.969,73.807,51.126,31.706,19.420,31.329,7.117,0.731,6.386,6.386,0.000,0.000,0.000,1.000,31.0,
6.11.2025,19:22:50.364,31.266,27.592,20.739,2.946,250.0,250.0,82.363,45.992,8.949,75.035,51.872,32.158,19.714,31.769,116.944,33.025,83.919,6.530,0.000,0.000,0.000,0.000,31.0,
6.11.2025,19:22:51.375,31.266,25.684,18.717,3.019,250.0,250.0,78.959,23.670,8.957,73.722,51.044,31.656,19.388,31.278,7.124,0.721,6.403,6.403,0.000,0.000,0.000,0.000,31.0,
6.11.2025,19:22:52.374,16.313,29.068,22.122,2.995,250.0,250.0,82.848,47.388,8.944,73.831,51.106,31.693,19.413,31.316,125.496,34.630,90.866,6.582,0.000,0.000,0.375,1.125,31.0,
6.11.2025,19:22:53.372,17.672,27.125,20.225,3.006,250.0,250.0,78.897,23.722,8.978,73.909,51.175,31.732,19.443,31.342,7.122,0.728,6.394,6.394,0.000,0.000,0.000,0.000,31.0,
6.11.2025,19:22:54.382,33.985,28.775,21.771,3.063,250.0,250.0,82.818,43.654,8.942,73.923,51.165,31.721,19.444,31.344,106.747,28.297,78.450,6.505,0.000,0.000,0.000,0.000,31.0,
6.11.2025,19:22:55.383,21.750,27.296,20.382,2.968,250.0,250.0,78.760,23.698,8.868,73.899,51.100,31.687,19.413,31.298,7.145,0.725,6.420,6.420,0.000,0.000,0.000,0.000,31.0,
6.11.2025,19:22:56.381,19.032,26.688,19.759,2.984,250.0,250.0,77.842,23.741,8.943,74.062,51.248,31.780,19.468,31.391,7.080,0.719,6.361,6.361,0.000,0.000,0.000,0.000,31.0,
6.11.2025,19:22:57.379,20.391,26.926,20.029,3.000,250.0,250.0,79.818,20.340,8.991,60.941,43.227,26.804,16.423,26.475,7.086,0.717,6.369,6.369,0.000,0.000,0.000,0.500,31.0,
6.11.2025,19:22:58.375,21.750,27.657,20.677,3.011,250.0,250.0,82.047,23.515,9.013,72.993,50.635,31.400,19.235,31.011,7.202,0.778,6.424,6.463,0.000,0.000,1.125,0.000,31.0,
6.11.2025,19:22:59.376,16.313,27.561,20.646,2.995,250.0,250.0,78.961,23.781,8.886,74.248,51.326,31.828,19.498,31.450,7.096,0.727,6.369,6.378,0.000,0.000,0.000,0.000,31.0,
6.11.2025,19:23:0.383,17.672,26.577,19.680,2.998,250.0,250.0,81.491,41.634,8.845,64.334,45.187,28.028,17.159,27.687,102.862,31.373,71.489,19.381,0.000,0.000,0.000,0.000,31.0,
6.11.2025,19:23:1.380,20.391,28.311,21.339,3.045,250.0,250.0,77.910,23.353,8.878,72.493,50.238,31.151,19.087,30.774,7.224,0.782,6.442,6.463,0.000,0.000,0.000,0.000,31.0,
6.11.2025,19:23:2.372,20.391,26.866,19.892,3.032,250.0,250.0,78.243,23.312,8.900,72.428,50.227,31.147,19.080,30.769,7.091,0.722,6.369,6.386,0.000,0.000,0.000,0.000,31.0,
6.11.2025,19:23:3.381,23.110,30.187,23.214,3.029,250.0,250.0,81.993,34.500,8.912,74.616,51.565,31.971,19.594,31.594,60.058,8.699,51.359,6.633,0.000,0.000,0.000,0.000,31.0,
6.11.2025,19:23:4.382,19.032,29.436,22.509,2.970,250.0,250.0,78.962,23.625,8.887,73.584,50.927,31.574,19.353,31.196,7.140,0.728,6.412,6.446,0.000,0.000,0.500,0.000,31.0,
6.11.2025,19:23:5.384,17.672,27.572,20.695,2.976,250.0,250.0,78.376,23.762,9.087,73.950,51.281,31.798,19.483,31.409,7.110,0.724,6.386,6.386,0.000,0.000,0.000,0.000,31.0,
6.11.2025,19:23:6.376,24.469,29.345,22.440,2.954,250.0,250.0,82.490,36.496,9.114,72.573,50.437,31.280,19.157,30.902,72.431,13.073,59.358,6.633,0.000,0.000,0.000,0.000,31.0,
6.11.2025,19:23:7.378,24.469,29.345,22.440,2.954,250.0,250.0,78.462,31.359,9.011,94.224,63.709,39.505,24.204,39.030,18.753,2.311,16.442,6.403,0.000,0.000,0.000,0.000,31.0,
6.11.2025,19:23:8.373,36.704,26.866,19.989,2.969,250.0,250.0,81.160,23.628,8.860,73.545,50.881,31.543,19.338,31.166,7.244,0.790,6.454,6.454,0.000,0.000,0.000,0.000,31.0,
6.11.2025,19:23:9.382,40.782,27.743,20.833,2.975,250.0,250.0,82.699,47.390,8.874,73.920,51.120,31.694,19.426,31.317,125.365,34.387,90.978,6.820,0.000,0.000,0.000,0.000,31.0,
6.11.2025,19:23:10.398,19.032,26.764,19.873,2.986,250.0,250.0,79.186,23.775,8.898,74.190,51.318,31.818,19.500,31.428,7.105,0.719,6.386,6.386,0.000,0.000,0.000,0.000,31.0,
6.11.2025,19:23:11.394,33.985,25.897,18.945,3.016,250.0,250.0,82.087,23.682,8.931,73.668,50.997,31.625,19.372,31.248,7.257,0.791,6.466,6.463,0.000,0.000,0.000,0.000,31.0,
6.11.2025,19:23:12.390,24.469,27.492,20.530,3.041,250.0,250.0,81.177,23.789,9.053,74.127,51.354,31.847,19.507,31.457,7.086,0.717,6.369,6.369,0.000,0.000,0.000,0.500,31.0,
6.11.2025,19:23:13.402,20.391,28.514,21.543,3.036,250.0,250.0,78.635,38.365,8.958,71.261,49.531,30.712,18.819,30.347,83.689,17.524,66.165,6.642,0.000,0.000,0.000,2.500,31.0,
6.11.2025,19:23:14.389,17.672,26.876,19.979,2.987,250.0,250.0,78.510,23.339,9.008,72.333,50.214,31.143,19.071,30.766,7.213,0.781,6.432,6.429,0.000,0.000,0.000,0.000,31.0,
6.11.2025,19:23:15.400,16.313,29.761,22.704,3.079,250.0,250.0,78.212,23.761,9.047,73.962,51.255,31.788,19.467,31.398,7.154,0.768,6.386,6.386,0.000,0.000,0.000,0.000,31.0,
6.11.2025,19:23:16.395,20.391,28.836,21.938,2.986,250.0,250.0,81.438,23.489,8.913,72.952,50.545,31.347,19.198,30.969,7.250,0.784,6.466,6.463,0.000,0.000,0.000,0.000,31.0,
6.11.2025,19:23:17.391,16.313,29.618,22.701,2.986,250.0,250.0,78.296,23.754,8.889,74.073,51.242,31.771,19.471,31.393,7.142,0.722,6.420,6.420,0.000,0.000,0.000,0.000,31.0,
6.11.2025,19:23:18.403,23.110,29.292,22.410,2.943,250.0,250.0,82.778,25.206,8.961,73.266,50.769,31.484,19.285,31.107,15.339,2.068,13.271,6.505,0.000,0.000,0.000,0.000,31.0,
6.11.2025,19:23:19.414,17.672,29.387,22.439,3.016,250.0,250.0,79.459,23.448,8.930,72.912,50.532,31.339,19.193,30.962,7.113,0.719,6.394,6.386,0.000,0.000,0.125,0.000,31.0,
6.11.2025,19:23:20.414,24.469,26.137,19.233,2.979,250.0,250.0,81.133,23.489,8.981,72.895,50.559,31.353,19.206,30.963,7.242,0.793,6.449,6.454,0.000,0.000,0.000,0.000,31.0,
6.11.2025,19:23:21.409,19.032,27.177,20.308,2.978,250.0,250.0,78.974,23.608,9.078,73.372,50.918,31.576,19.342,31.186,7.105,0.719,6.386,6.394,0.000,0.000,0.000,0.000,31.0,
6.11.2025,19:23:22.413,23.110,29.727,22.696,3.062,250.0,250.0,82.446,46.488,8.908,72.950,50.538,31.335,19.203,30.958,122.185,33.701,88.484,6.616,0.000,0.000,0.000,0.000,31.0,
6.11.2025,19:23:23.413,32.625,26.861,19.929,2.991,250.0,250.0,79.188,23.644,8.875,73.605,50.943,31.584,19.359,31.206,7.221,0.815,6.406,6.429,0.000,0.000,0.000,0.000,31.0,
6.11.2025,19:23:24.413,27.188,30.619,23.637,3.033,250.0,250.0,82.895,14.004,8.798,36.622,28.169,17.464,10.705,17.256,7.330,0.740,6.590,6.361,0.000,0.000,0.000,0.000,31.0,
6.11.2025,19:23:25.413,24.469,28.809,21.869,3.019,250.0,250.0,75.047,14.004,8.873,68.518,47.808,29.639,18.169,29.286,7.122,0.719,6.403,6.403,0.000,0.000,0.000,0.000,31.0,
6.11.2025,19:23:26.413,16.313,32.894,25.447,3.463,250.0,250.0,75.047,22.294,8.873,68.518,47.808,29.639,18.169,29.286,7.122,0.719,6.403,6.403,0.000,0.000,0.000,0.000,31.0,
6.11.2025,19:23:27.413,17.672,29.854,22.610,3.271,250.0,250.0,76.805,41.790,8.922,68.187,47.628,29.531,18.097,29.178,104.913,28.771,76.142,6.530,0.000,0.000,0.000,0.000,31.0,
6.11.2025,19:23:28.412,17.672,26.262,19.426,2.931,250.0,250.0,76.907,43.708,8.894,67.874,47.413,29.405,18.008,29.052,114.941,32.420,82.521,6.547,0.000,0.000,0.000,1.250,31.0,
6.11.2025,19:23:29.413,16.313,28.807,21.986,2.932,250.0,250.0,76.932,44.112,8.954,68.273,47.688,29.564,18.124,29.211,116.279,32.741,83.538,6.751,0.000,0.000,0.000,0.000,31.0,
6.11.2025,19:23:30.414,20.391,25.451,18.610,2.934,250.0,250.0,74.566,21.929,8.902,45.359,33.573,20.821,12.752,20.565,7.565,0.881,6.684,62.183,0.000,0.000,0.000,0.000,31.0,
6.11.2025,19:23:31.413,23.110,25.896,19.016,2.968,250.0,250.0,75.204,30.783,8.867,71.803,49.805,30.883,18.922,30.518,7.098,0.720,6.378,82.839,0.000,0.000,0.000,0.000,31.0,
6.11.2025,19:23:32.403,24.469,26.700,19.709,3.025,250.0,250.0,76.733,39.365,8.862,93.317,63.066,39.112,23.954,38.638,60.167,22.287,37.880,6.369,0.000,0.000,0.000,0.000,31.0,
6.11.2025,19:23:33.407,25.829,25.894,19.056,2.933,250.0,250.0,80.512,45.057,8.813,70.422,48.940,30.338,18.602,29.973,118.500,34.209,84.291,6.480,0.000,0.000,0.000,0.000,31.0,
6.11.2025,19:23:34.412,17.672,27.383,20.467,2.980,250.0,250.0,77.204,22.490,8.810,69.300,48.245,29.911,18.334,29.558,7.191,0.829,6.362,6.361,0.000,0.000,0.000,0.000,31.0,
6.11.2025,19:23:35.414,19.032,26.859,20.122,2.883,250.0,250.0,70.350,22.374,8.833,68.857,47.968,29.740,18.228,29.387,7.173,0.794,6.379,6.378,0.000,0.001,0.000,0.000,31.0,
6.11.2025,19:23:36.414,10.875,25.987,19.217,2.867,250.0,250.0,71.094,21.971,8.869,67.298,47.047,29.165,17.882,28.812,7.119,0.725,6.394,6.394,0.000,0.000,0.000,0.000,31.0,
6.11.2025,19:23:37.410,27.188,27.928,21.124,2.898,250.0,250.0,72.568,21.973,8.864,67.374,47.074,29.181,17.893,28.829,7.086,0.743,6.343,6.343,0.000,0.000,0.000,0.000,31.0,
6.11.2025,19:23:38.406,17.672,27.127,20.341,2.872,250.0,250.0,72.403,22.557,8.842,69.539,48.416,30.025,18.391,29.660,7.165,0.795,6.370,6.369,0.000,0.000,0.000,0.000,31.0,
6.11.2025,19:23:39.404,17.672,26.465,19.715,2.884,250.0,250.0,69.960,42.054,8.879,68.263,47.635,29.530,18.105,29.178,106.179,29.221,76.958,6.590,0.000,0.000,0.000,0.000,31.0,
6.11.2025,19:23:40.413,31.266,26.715,19.956,2.841,250.0,250.0,73.261,22.173,8.849,68.162,47.564,29.486,18.078,29.133,7.049,0.714,6.335,6.361,0.000,0.000,0.000,0.000,31.0,
6.11.2025,19:23:41.413,21.750,28.310,21.332,3.035,250.0,250.0,62.312,23.836,8.820,74.518,51.458,31.909,19.549,31.520,7.091,0.730,6.361,6.403,0.000,0.000,0.000,0.000,31.0,
6.11.2025,19:23:42.413,17.672,29.838,22.847,3.043,250.0,250.0,75.227,24.023,8.926,75.108,51.916,32.187,19.729,31.797,7.085,0.724,6.361,6.394,0.000,0.000,0.000,0.000,31.0,
6.11.2025,19:23:43.408,17.672,26.658,19.745,2.983,250.0,250.0,78.478,42.487,8.981,73.880,51.151,31.720,19.431,31.343,100.866,25.665,75.201,6.633,0.000,0.000,0.000,0.000,31.0,
6.11.2025,19:23:44.411,23.110,30.165,23.268,2.998,250.0,250.0,78.408,23.668,8.972,73.644,51.014,31.636,19.378,31.247,7.165,0.727,6.438,6.463,0.000,0.000,0.000,0.000,31.0,
6.11.2025,19:23:45.406,23.110,26.799,19.898,2.981,250.0,250.0,80.655,23.875,8.967,74.479,51.532,31.961,19.571,31.572,7.117,0.731,6.386,6.429,0.000,0.000,0.000,0.000,31.0,
6.11.2025,19:23:46.405,20.391,27.857,20.947,2.992,250.0,250.0,79.044,24.075,8.906,75.329,52.028,32.263,19.765,31.874,7.097,0.728,6.369,6.394,0.000,0.000,0.000,0.000,31.0,
6.11.2025,19:23:47.405,23.110,27.281,20.366,2.968,250.0,250.0,78.698,23.569,8.859,73.412,50.800,31.497,19.303,31.120,7.163,0.725,6.438,6.378,0.000,0.000,0.000,0.000,31.0,
6.11.2025,19:23:48.414,17.672,27.402,20.495,2.975,250.0,250.0,82.795,35.453,8.969,73.928,51.185,31.738,19.447,31.349,65.665,10.972,54.693,6.582,0.000,0.000,0.000,0.000,31.0,
6.11.2025,19:23:49.414,19.032,27.801,20.854,2.999,250.0,250.0,78.359,24.002,9.002,74.948,51.815,32.135,19.680,31.746,7.135,0.732,6.403,6.429,0.000,0.000,0.000,0.000,31.0,
6.11.2025,19:23:50.415,31.266,27.687,20.816,2.980,250.0,250.0,78.662,23.636,8.992,73.597,50.991,31.621,19.370,31.232,7.079,0.718,6.361,6.394,0.000,0.000,0.000,0.000,31.0,
6.11.2025,19:23:51.406,17.672,26.806,19.848,3.010,250.0,250.0,82.201,36.718,9.025,74.558,51.594,32.000,19.594,31.611,71.112,12.554,58.558,6.573,0.000,0.000,0.000,0.000,31.0,
6.11.2025,19:23:52.405,24.469,28.570,21.563,3.066,250.0,250.0,78.966,23.936,9.097,74.516,51.630,32.015,19.615,31.625,7.211,0.768,6.443,6.438,0.000,0.000,0.000,0.000,31.0,
6.11.2025,19:23:53.406,19.032,29.323,22.362,3.042,250.0,250.0,79.909,23.614,9.065,73.324,50.874,31.547,19.327,31.157,7.215,0.791,6.424,6.420,0.000,0.000,0.000,0.000,31.0,
6.11.2025,19:23:54.403,20.391,26.543,19.654,2.954,250.0,250.0,80.002,13.483,8.925,34.698,27.052,16.776,10.276,16.581,7.105,0.719,6.386,6.310,0.000,0.000,0.125,1.375,31.0,
6.11.2025,19:23:55.414,27.188,27.530,20.568,3.027,250.0,250.0,75.248,28.566,8.893,48.604,35.580,22.058,13.522,21.790,7.532,0.849,6.683,120.152,0.000,0.000,0.000,0.000,31.0,
6.11.2025,19:23:56.415,20.391,28.572,21.630,2.997,250.0,250.0,80.070,24.091,8.993,75.185,51.999,32.239,19.760,31.849,7.211,0.779,6.432,6.463,0.000,0.000,0.000,0.000,31.0,
6.11.2025,19:23:57.414,31.266,26.445,19.480,3.032,250.0,250.0,79.878,23.856,9.052,74.337,51.503,31.941,19.562,31.552,7.114,0.728,6.386,6.386,0.000,0.000,0.000,1.375,31.0,
6.11.2025,19:23:58.413,27.188,26.576,19.660,2.995,250.0,250.0,79.293,24.014,9.042,74.988,51.892,32.172,19.720,31.783,7.078,0.717,6.361,6.386,0.000,0.000,0.000,0.000,31.0,
6.11.2025,19:23:59.414,32.625,27.506,20.577,2.981,250.0,250.0,82.743,23.377,9.037,72.200,50.168,31.101,19.067,30.723,7.549,0.772,6.777,6.378,0.000,0.000,0.000,0.000,31.0,
6.11.2025,19:24:0.411,14.953,27.597,20.697,2.986,250.0,250.0,78.891,34.239,9.065,68.841,48.128,29.841,18.287,29.476,36.829,12.434,24.395,65.098,0.000,0.000,0.000,0.000,31.0,
6.11.2025,19:24:1.407,19.032,26.702,19.784,3.012,250.0,250.0,79.192,22.507,9.012,60.188,42.751,26.512,16.239,26.183,17.444,4.493,12.951,9.300,0.000,0.000,0.000,0.000,31.0,
6.11.2025,19:24:2.406,21.750,28.044,21.019,3.069,250.0,250.0,78.442,46.976,8.964,72.697,50.421,31.270,19.151,30.893,124.880,34.362,90.518,6.607,0.000,0.000,0.000,0.000,31.0,
6.11.2025,19:24:3.407,14.953,28.107,21.139,3.027,250.0,250.0,78.362,23.707,8.955,73.643,50.995,31.624,19.371,31.246,7.376,0.874,6.502,6.480,0.000,0.000,0.500,0.000,31.0,
6.11.2025,19:24:4.404,24.469,27.830,20.895,3.008,250.0,250.0,77.923,23.170,8.927,71.764,49.810,30.884,18.926,30.519,7.223,0.790,6.433,6.429,0.000,0.000,0.000,0.000,31.0,
6.11.2025,19:24:5.414,24.469,26.748,19.860,2.973,250.0,250.0,77.332,23.611,9.030,73.458,50.929,31.580,19.349,31.203,7.095,0.726,6.369,6.369,0.000,0.000,1.000,0.000,31.0,
6.11.2025,19:24:6.412,17.672,27.114,20.214,2.960,250.0,250.0,81.948,33.783,9.017,65.931,46.308,28.713,17.595,28.360,7.714,0.920,6.794,126.476,0.000,0.000,0.000,0.000,31.0,
6.11.2025,19:24:7.413,17.672,26.714,19.834,2.947,250.0,250.0,78.204,23.660,9.067,73.444,50.949,31.597,19.352,31.207,7.259,0.793,6.466,6.463,0.000,0.000,0.000,0.000,31.0,
6.11.2025,19:24:8.411,17.672,25.831,18.979,2.940,250.0,250.0,78.974,23.669,8.870,73.749,51.021,31.637,19.384,31.247,7.187,0.780,6.407,6.403,0.000,0.000,0.000,0.000,31.0,
6.11.2025,19:24:9.408,19.032,26.235,19.383,2.934,250.0,250.0,78.569,23.442,8.920,72.913,50.518,31.331,19.187,30.954,7.106,0.720,6.386,6.386,0.000,0.000,0.000,0.000,31.0,
6.11.2025,19:24:10.406,17.672,26.202,19.274,2.955,250.0,250.0,78.789,33.092,9.006,79.057,54.335,33.686,20.649,33.284,7.078,0.717,6.361,86.746,0.000,0.000,0.000,0.000,31.0,
6.11.2025,19:24:11.412,33.985,26.556,19.634,3.018,250.0,250.0,79.674,41.386,8.947,74.892,51.773,32.101,19.672,31.724,94.144,21.821,72.323,6.463,0.000,0.000,0.000,0.000,31.0,
6.11.2025,19:24:12.413,17.672,27.299,20.326,2.998,250.0,250.0,78.890,23.447,9.114,72.716,50.521,31.328,19.193,30.950,7.123,0.720,6.403,6.403,0.000,0.000,0.375,0.000,31.0,
6.11.2025,19:24:13.413,17.672,29.070,22.162,3.005,250.0,250.0,81.427,23.919,9.035,74.620,51.671,32.040,19.631,31.650,7.078,0.717,6.361,6.386,0.000,0.000,0.000,0.000,31.0,
6.11.2025,19:24:14.411,21.750,28.887,21.923,3.002,250.0,250.0,79.948,45.686,9.175,72.009,50.131,31.091,19.040,30.714,117.662,33.499,84.163,9.375,0.000,0.000,0.000,0.000,31.0,
6.11.2025,19:24:15.405,21.750,27.711,20.862,2.963,250.0,250.0,79.538,24.150,9.062,75.401,52.171,32.342,19.829,31.952,7.148,0.736,6.412,6.446,0.000,0.000,0.000,0.000,31.0,
6.11.2025,19:24:16.419,19.032,27.416,20.489,2.962,250.0,250.0,82.826,23.773,8.924,49.416,36.082,22.376,13.706,22.107,11.114,1.997,9.117,62.888,0.000,0.000,0.000,0.000,31.0,
6.11.2025,19:24:17.413,16.313,24.024,17.227,2.910,250.0,250.0,79.038,23.561,8.936,73.131,50.668,31.421,19.247,31.044,7.399,0.749,6.650,6.369,0.000,0.000,0.000,0.000,31.0,
6.11.2025,19:24:18.413,31.266,27.907,21.041,2.932,250.0,250.0,78.692,14.776,8.897,39.383,29.909,18.551,11.358,18.332,7.482,0.756,6.726,6.361,0.000,0.000,0.000,0.000,31.0,
6.11.2025,19:24:19.414,19.032,26.036,19.176,2.945,250.0,250.0,78.394,45.545,8.942,72.425,50.236,31.147,19.089,30.770,118.006,33.643,84.363,6.828,0.000,0.000,0.000,0.000,31.0,
6.11.2025,19:24:20.413,20.391,26.888,19.989,2.992,250.0,250.0,79.237,23.429,9.022,72.691,50.444,31.284,19.160,30.906,7.153,0.733,6.420,6.480,0.000,0.000,0.000,0.000,31.0,
6.11.2025,19:24:21.413,19.032,30.383,23.365,3.024,250.0,250.0,78.006,23.739,8.932,73.961,51.188,31.740,19.448,31.351,7.165,0.727,6.438,6.438,0.000,0.000,0.000,0.000,31.0,
6.11.2025,19:24:22.412,16.313,26.265,19.402,2.955,250.0,250.0,78.670,23.455,8.944,72.911,50.534,31.333,19.201,30.955,7.134,0.731,6.403,6.403,0.000,0.000,0.000,0.000,31.0,
6.11.2025,19:24:23.412,16.313,28.041,21.098,3.019,250.0,250.0,79.242,23.711,8.970,73.875,51.160,31.721,19.439,31.331,7.114,0.728,6.386,6.386,0.000,0.000,0.000,0.000,31.0,
6.11.2025,19:24:24.409,21.750,27.017,20.057,3.026,250.0,250.0,79.134,23.368,8.935,72.645,50.365,31.232,19.133,30.854,7.079,0.718,6.361,6.361,0.000,0.000,0.000,0.000,31.0,
6.11.2025,19:24:25.414,19.032,25.849,18.965,2.959,250.0,250.0,79.181,23.601,8.884,73.557,50.919,31.576,19.343,31.187,7.087,0.718,6.369,6.369,0.000,0.000,0.000,0.000,31.0,
6.11.2025,19:24:26.413,17.672,27.622,20.676,3.046,250.0,250.0,81.342,75.263,8.895,77.789,53.498,33.172,20.326,32.783,35.245,11.629,23.616,455.672,0.000,0.000,0.000,0.000,31.0,
6.11.2025,19:24:27.413,21.750,34.104,26.487,3.571,250.0,250.0,80.895,45.364,8.881,72.247,50.087,31.060,19.027,30.683,117.573,33.417,84.156,6.505,0.000,0.000,0.000,0.000,31.0,
6.11.2025,19:24:28.411,23.110,29.565,22.407,3.230,250.0,250.0,78.860,23.476,8.944,72.899,50.548,31.337,19.211,30.959,7.210,0.764,6.446,6.446,0.000,0.001,0.000,0.000,31.0,
6.11.2025,19:24:29.410,16.313,26.121,19.164,2.992,250.0,250.0,77.735,34.830,8.944,38.240,29.254,18.146,11.108,17.926,7.588,0.768,6.820,209.502,0.000,0.000,0.000,0.875,31.0,
6.11.2025,19:24:30.406,16.313,27.647,20.731,3.007,250.0,250.0,80.286,45.539,8.995,73.021,50.644,31.409,19.235,31.031,117.137,33.226,83.911,6.786,0.000,0.000,0.000,0.000,31.0,
6.11.2025,19:24:31.414,20.391,28.452,21.467,3.069,250.0,250.0,78.569,43.743,8.895,73.353,50.783,31.494,19.289,31.117,107.834,32.043,75.791,6.828,0.000,0.000,0.000,0.000,31.0,
6.11.2025,19:24:32.413,17.672,29.120,22.185,2.997,250.0,250.0,78.968,23.847,8.895,74.402,51.443,31.898,19.545,31.508,7.166,0.728,6.438,6.446,0.000,0.000,0.000,0.000,31.0,
6.11.2025,19:24:33.414,16.313,28.793,21.857,2.997,250.0,250.0,79.228,23.706,8.870,73.993,51.140,31.706,19.434,31.329,7.098,0.729,6.369,6.394,0.000,0.000,0.000,0.000,31.0,
6.11.2025,19:24:34.414,50.298,27.448,20.440,3.067,250.0,250.0,78.498,23.766,8.870,74.204,51.281,31.795,19.486,31.418,7.107,0.721,6.386,6.386,0.000,0.000,0.000,0.000,31.0,
6.11.2025,19:24:35.413,20.391,25.786,18.896,2.958,250.0,250.0,81.475,15.513,8.843,42.226,31.609,19.597,12.012,19.366,7.329,0.799,6.530,6.818,0.000,0.000,0.000,0.000,31.0,
6.11.2025,19:24:36.415,33.985,29.220,22.314,3.009,250.0,250.0,78.778,24.185,8.918,75.676,52.244,32.395,19.849,32.006,7.167,0.738,6.429,6.429,0.000,0.000,0.000,0.000,31.0,
6.11.2025,19:24:37.416,21.750,25.965,19.016,3.000,250.0,250.0,79.738,24.182,9.005,75.606,52.246,32.404,19.842,32.014,7.145,0.733,6.412,6.412,0.000,0.000,0.000,0.000,31.0,
6.11.2025,19:24:38.414,16.313,26.110,19.173,2.974,250.0,250.0,79.912,31.836,8.999,78.482,54.045,33.509,20.536,33.107,7.597,0.769,6.828,74.485,0.000,0.000,0.000,0.000,31.0,
6.11.2025,19:24:39.413,24.469,26.323,19.448,2.950,250.0,250.0,80.029,24.162,8.884,75.601,52.176,32.350,19.826,31.960,7.173,0.727,6.446,6.480,0.000,0.000,0.000,0.000,31.0,
6.11.2025,19:24:40.406,23.110,27.552,20.651,2.972,250.0,250.0,79.307,23.865,8.898,74.519,51.508,31.937,19.571,31.559,7.116,0.722,6.394,6.429,0.000,0.000,0.000,0.375,31.0,
6.11.2025,19:24:41.408,17.672,29.607,22.633,3.050,250.0,250.0,79.573,23.540,8.849,73.289,50.719,31.444,19.275,31.067,7.176,0.772,6.404,6.403,0.000,0.000,0.000,0.000,31.0,
6.11.2025,19:24:42.406,25.829,25.810,18.903,2.991,250.0,250.0,78.420,23.660,8.857,73.789,51.032,31.649,19.383,31.272,7.114,0.720,6.394,6.394,0.000,0.000,1.250,0.000,31.0,
6.11.2025,19:24:43.413,17.672,27.383,20.465,2.989,250.0,250.0,79.389,22.197,8.881,68.209,47.616,29.529,18.087,29.163,7.067,0.715,6.352,6.352,0.000,0.000,0.000,0.000,31.0,
6.11.2025,19:24:44.404,27.188,26.316,19.372,3.002,250.0,250.0,73.612,22.197,8.856,68.208,47.600,29.521,18.079,29.168,7.087,0.718,6.369,6.369,0.000,0.000,0.000,0.000,31.0,
6.11.2025,19:24:45.413,14.953,25.643,18.791,2.936,250.0,250.0,76.714,21.885,8.949,66.910,46.842,29.042,17.800,28.702,7.107,0.721,6.386,6.386,0.000,0.000,0.000,0.000,31.0,
6.11.2025,19:24:46.414,14.953,25.643,18.791,2.936,250.0,250.0,76.446,21.803,8.879,66.664,46.659,28.928,17.731,28.575,7.106,0.720,6.386,6.386,0.000,0.000,0.000,0.000,31.0,
6.11.2025,19:24:47.415,33.985,24.574,17.730,2.946,250.0,250.0,76.001,21.940,8.802,67.234,46.947,29.117,17.830,28.764,7.144,0.724,6.420,6.420,0.000,0.000,0.000,0.000,31.0,
6.11.2025,19:24:48.413,33.985,25.620,18.785,2.938,250.0,250.0,75.778,21.926,8.770,67.247,46.937,29.101,17.836,28.760,7.111,0.725,6.386,6.386,0.000,0.000,0.000,0.000,31.0,
6.11.2025,19:24:49.406,23.110,28.066,21.185,2.943,250.0,250.0,75.931,22.175,8.822,68.098,47.500,29.452,18.048,29.099,7.154,0.734,6.420,6.420,0.000,0.000,0.000,0.000,31.0,
6.11.2025,19:24:50.403,12.235,24.961,18.139,2.915,250.0,250.0,76.469,21.904,8.885,66.992,46.856,29.059,17.797,28.706,7.156,0.727,6.429,6.438,0.000,0.000,0.000,0.000,31.0,
6.11.2025,19:24:51.403,17.672,25.071,18.199,2.930,250.0,250.0,76.292,22.035,8.870,67.505,47.165,29.248,17.917,28.895,7.155,0.726,6.429,6.438,0.000,0.000,0.250,0.000,31.0,
6.11.2025,19:24:52.413,33.985,26.357,19.481,2.963,250.0,250.0,72.982,21.957,8.784,67.375,47.024,29.164,17.860,28.811,7.079,0.718,6.361,6.394,0.000,0.000,0.000,0.000,31.0,
6.11.2025,19:24:53.408,21.750,26.105,19.289,2.910,250.0,250.0,72.982,21.957,8.784,67.375,47.024,29.164,17.860,28.811,7.079,0.718,6.361,6.394,0.000,0.000,0.000,0.000,31.0,
6.11.2025,19:24:54.405,19.032,29.131,22.225,3.004,250.0,250.0,73.141,26.233,8.800,50.113,36.427,22.592,13.835,22.324,29.315,8.695,20.620,49.612,0.000,0.000,0.000,0.000,31.0,
6.11.2025,19:24:55.414,20.391,26.447,19.603,2.901,250.0,250.0,72.782,15.139,8.811,40.934,30.836,19.120,11.716,18.888,7.369,0.745,6.624,6.343,0.000,0.000,0.000,0.000,31.0,
6.11.2025,19:24:56.413,19.032,27.305,20.556,2.859,250.0,250.0,72.183,15.139,8.847,68.086,47.516,29.461,18.055,29.108,7.066,0.723,6.343,6.369,0.000,0.000,0.000,0.000,31.0,
6.11.2025,19:24:57.414,21.750,24.556,17.773,2.894,250.0,250.0,72.183,22.157,8.847,68.086,47.516,29.461,18.055,29.108,7.066,0.723,6.343,6.369,0.000,0.000,0.000,0.000,31.0,
6.11.2025,19:24:58.410,29.907,24.084,17.257,2.919,250.0,250.0,70.780,21.795,8.871,66.618,46.624,28.911,17.713,28.558,7.099,0.729,6.370,6.454,0.000,0.000,0.000,0.000,31.0,
6.11.2025,19:24:59.407,10.875,27.282,20.404,2.945,250.0,250.0,72.508,27.417,8.951,87.795,59.759,37.051,22.708,36.613,7.444,0.819,6.625,6.403,0.000,0.001,0.000,0.000,31.0,
6.11.2025,19:25:0.414,32.625,26.838,19.904,2.989,250.0,250.0,75.241,47.931,8.967,75.745,52.317,32.444,19.873,32.042,125.684,34.811,90.873,6.556,0.000,0.000,0.000,0.000,31.0,
6.11.2025,19:25:1.413,21.750,27.766,20.871,2.967,250.0,250.0,79.077,24.206,8.935,75.771,52.305,32.440,19.865,32.050,7.159,0.780,6.379,6.378,0.000,0.000,0.000,0.000,31.0,
6.11.2025,19:25:2.411,21.750,28.664,21.664,3.069,250.0,250.0,79.381,55.816,8.857,61.798,43.653,27.061,16.592,26.732,30.013,8.961,21.052,313.445,0.000,0.000,0.000,0.000,31.0,
6.11.2025,19:25:3.409,24.469,26.776,19.849,2.968,250.0,250.0,78.432,23.706,8.755,73.989,51.103,31.687,19.416,31.309,7.180,0.742,6.438,6.438,0.000,0.000,0.000,0.000,31.0,
6.11.2025,19:25:4.414,19.032,27.266,20.333,3.002,250.0,250.0,82.451,33.283,8.772,70.520,48.972,30.369,18.603,29.991,59.365,21.678,37.687,6.870,0.000,0.000,0.000,0.000,31.0,
6.11.2025,19:25:5.403,17.672,26.189,19.248,2.989,250.0,250.0,78.395,30.246,8.799,74.658,51.540,31.958,19.582,31.581,38.931,4.979,33.952,6.480,0.000,0.000,0.000,0.000,31.0,
6.11.2025,19:25:6.404,21.750,26.121,19.278,2.936,250.0,250.0,78.759,24.047,8.836,75.207,51.894,32.183,19.711,31.793,7.222,0.815,6.407,6.403,0.000,0.000,0.000,0.000,31.0,
6.11.2025,19:25:7.414,19.032,27.956,21.074,2.966,250.0,250.0,82.058,26.121,8.909,80.572,55.239,34.255,20.984,33.841,7.191,0.829,6.362,13.027,0.000,0.000,0.000,0.000,31.0,
6.11.2025,19:25:8.413,28.547,26.365,19.478,2.967,250.0,250.0,79.034,47.515,8.868,74.505,51.498,31.929,19.569,31.540,125.323,34.566,90.757,6.590,0.000,0.000,0.000,1.500,31.0,
6.11.2025,19:25:9.409,27.188,26.135,19.235,2.995,250.0,250.0,78.110,24.159,8.914,75.571,52.187,32.352,19.835,31.962,7.162,0.759,6.403,6.446,0.000,0.000,0.000,0.000,31.0,
6.11.2025,19:25:10.413,27.188,27.186,20.314,2.938,250.0,250.0,82.035,24.089,8.864,75.279,51.959,32.217,19.742,31.828,7.305,0.740,6.565,6.394,0.000,0.000,0.000,1.375,31.0,
6.11.2025,19:25:11.413,20.391,30.050,23.152,2.973,250.0,250.0,78.029,32.247,8.837,74.084,51.194,31.748,19.446,31.371,49.641,6.533,43.108,6.505,0.000,0.000,0.000,0.000,31.0,
6.11.2025,19:25:12.408,27.188,30.973,23.966,3.052,250.0,250.0,82.828,24.093,8.848,75.460,52.064,32.280,19.784,31.890,7.107,0.721,6.386,6.386,0.000,0.000,0.000,0.000,31.0,
6.11.2025,19:25:13.405,20.391,29.140,22.262,2.979,250.0,250.0,78.398,25.426,8.847,74.419,51.406,31.878,19.528,31.500,15.099,1.954,13.145,6.480,0.000,0.000,0.000,0.000,31.0,
6.11.2025,19:25:14.413,19.032,28.041,21.122,3.011,250.0,250.0,79.127,23.542,8.847,73.378,50.774,31.477,19.297,31.100,7.086,0.717,6.369,6.378,0.000,0.000,0.000,0.000,31.0,
6.11.2025,19:25:15.408,24.469,28.435,21.478,2.980,250.0,250.0,82.370,37.990,8.893,76.396,52.670,32.656,20.014,32.267,75.238,14.372,60.866,6.522,0.000,0.000,0.000,0.000,31.0,
6.11.2025,19:25:16.409,33.985,24.565,17.698,2.957,250.0,250.0,79.234,24.335,8.834,76.333,52.609,32.614,19.995,32.225,7.137,0.725,6.412,6.463,0.000,0.000,0.000,0.000,31.0,
6.11.2025,19:25:17.413,17.672,26.742,19.858,2.951,250.0,250.0,79.701,23.768,8.808,74.149,51.220,31.758,19.462,31.369,7.267,0.737,6.530,6.378,0.000,0.000,0.000,0.000,31.0,
6.11.2025,19:25:18.409,17.672,28.001,21.154,2.909,250.0,250.0,81.907,37.918,8.857,74.379,51.393,31.865,19.528,31.488,77.350,27.642,49.708,6.972,0.000,0.000,0.000,0.000,31.0,
6.11.2025,19:25:19.403,28.547,25.753,18.906,2.948,250.0,250.0,79.517,23.948,8.882,74.831,51.695,32.054,19.641,31.676,7.140,0.754,6.386,6.420,0.000,0.000,0.000,0.000,31.0,
6.11.2025,19:25:20.405,23.110,25.477,18.589,2.956,250.0,250.0,79.394,23.262,8.936,72.191,50.114,31.079,19.035,30.701,7.095,0.717,6.378,6.378,0.000,0.000,0.000,0.000,31.0,
6.11.2025,19:25:21.414,16.313,26.586,19.774,2.942,250.0,250.0,76.851,23.868,8.947,74.520,51.547,31.970,19.577,31.581,7.087,0.718,6.369,6.369,0.000,0.000,0.000,0.000,31.0,
6.11.2025,19:25:22.406,17.672,27.820,20.834,3.036,250.0,250.0,82.553,23.645,8.970,73.364,50.840,31.524,19.316,31.147,7.402,0.875,6.527,6.480,0.000,0.000,0.000,0.000,31.0,
6.11.2025,19:25:23.407,21.750,28.042,21.056,3.031,250.0,250.0,79.017,23.932,9.064,74.517,51.609,32.000,19.609,31.622,7.228,0.779,6.449,6.446,0.000,0.000,0.000,0.000,31.0,
6.11.2025,19:25:24.404,19.032,27.208,20.283,2.978,250.0,250.0,80.283,24.541,9.042,76.961,53.117,32.932,20.185,32.542,7.116,0.722,6.394,6.394,0.000,0.000,0.000,0.000,31.0,
6.11.2025,19:25:25.413,38.063,27.915,21.005,3.006,250.0,250.0,80.156,23.735,8.887,74.102,51.232,31.774,19.458,31.384,7.079,0.718,6.361,6.361,0.000,0.000,0.000,0.000,31.0,
6.11.2025,19:25:26.413,13.594,29.770,22.848,3.008,250.0,250.0,76.753,30.441,8.835,79.756,54.678,33.906,20.772,33.492,8.340,1.233,7.107,56.289,0.000,0.000,0.000,0.000,31.0,
6.11.2025,19:25:27.413,24.469,27.927,21.005,2.980,250.0,250.0,83.313,24.202,8.852,75.811,52.272,32.410,19.862,32.020,7.185,0.765,6.420,6.420,0.000,0.000,0.000,0.000,31.0,
6.11.2025,19:25:28.408,16.313,26.869,19.908,3.032,250.0,250.0,83.119,23.828,8.998,73.936,51.207,31.756,19.451,31.367,7.587,0.767,6.820,6.386,0.000,0.000,0.000,0.000,31.0,
6.11.2025,19:25:29.413,28.547,33.686,26.154,3.499,250.0,250.0,79.296,47.624,8.941,74.825,51.720,32.071,19.649,31.681,125.318,34.593,90.725,6.718,0.000,0.001,0.000,1.000,31.0,
6.11.2025,19:25:30.416,16.313,32.383,25.200,3.215,250.0,250.0,79.562,23.851,8.880,74.425,51.427,31.888,19.539,31.510,7.197,0.785,6.412,6.446,0.000,0.000,0.000,0.000,31.0,
6.11.2025,19:25:31.413,25.829,27.505,20.602,2.974,250.0,250.0,83.180,28.020,8.858,74.776,51.639,32.025,19.614,31.636,27.561,3.612,23.949,6.530,0.000,0.000,0.000,0.000,31.0,
6.11.2025,19:25:32.411,19.032,26.757,19.770,3.029,250.0,250.0,79.501,24.025,8.836,75.163,51.865,32.156,19.709,31.767,7.164,0.770,6.394,6.429,0.000,0.000,0.000,0.000,31.0,
6.11.2025,19:25:33.405,25.829,28.978,22.028,3.020,250.0,250.0,82.259,30.127,8.832,73.963,51.111,31.698,19.413,31.309,39.207,5.125,34.082,6.530,0.000,0.000,0.000,0.000,31.0,
6.11.2025,19:25:34.410,21.750,26.404,19.390,3.071,250.0,250.0,79.548,23.671,8.844,73.732,50.988,31.620,19.368,31.231,7.238,0.815,6.423,6.446,0.000,0.000,0.000,0.000,31.0,
6.11.2025,19:25:35.412,29.907,29.490,22.502,3.018,250.0,250.0,83.327,39.799,8.811,73.747,50.992,31.613,19.379,31.235,87.816,18.919,68.897,6.582,0.000,0.000,0.000,0.000,31.0,
6.11.2025,19:25:36.404,42.141,28.273,21.383,3.002,250.0,250.0,79.816,23.574,8.867,73.380,50.773,31.481,19.292,31.104,7.208,0.776,6.432,6.429,0.000,0.000,0.000,0.000,31.0,
6.11.2025,19:25:37.412,21.750,29.135,22.131,3.044,250.0,250.0,83.377,46.833,8.968,77.209,53.227,33.005,20.222,32.603,118.153,33.771,84.382,6.786,0.000,0.000,0.000,0.000,31.0,
6.11.2025,19:25:38.414,25.829,26.928,20.042,2.965,250.0,250.0,80.340,24.288,8.897,75.943,52.377,32.480,19.897,32.091,7.369,0.869,6.500,6.454,0.000,0.000,0.000,0.000,31.0,
6.11.2025,19:25:39.411,17.672,27.695,20.813,2.972,250.0,250.0,81.123,24.010,8.871,75.085,51.846,32.142,19.704,31.752,7.155,0.768,6.387,6.386,0.000,0.000,0.000,1.375,31.0,
6.11.2025,19:25:40.403,17.672,27.101,20.132,3.020,250.0,250.0,82.365,47.618,8.853,74.940,51.740,32.081,19.659,31.704,125.240,34.396,90.844,6.726,0.000,0.000,0.000,0.000,31.0,
6.11.2025,19:25:41.409,23.110,26.677,19.817,2.969,250.0,250.0,79.532,23.976,8.829,74.975,51.740,32.085,19.655,31.696,7.186,0.773,6.413,6.412,0.000,0.000,0.000,0.000,31.0,
6.11.2025,19:25:42.414,21.750,30.669,23.602,3.095,250.0,250.0,83.482,47.427,8.886,74.161,51.269,31.793,19.476,31.416,125.324,34.438,90.886,6.616,0.000,0.000,0.000,0.000,31.0,
6.11.2025,19:25:43.413,33.985,28.553,21.647,3.004,250.0,250.0,80.029,23.680,8.920,73.786,51.061,31.664,19.397,31.275,7.143,0.731,6.412,6.412,0.000,0.000,0.000,0.000,31.0,
6.11.2025,19:25:44.406,17.672,29.263,22.285,3.053,250.0,250.0,83.848,28.973,8.888,55.109,39.575,24.543,15.032,24.238,7.668,0.823,6.845,107.014,0.000,0.000,0.000,0.000,31.0,
6.11.2025,19:25:45.411,16.313,26.438,19.489,2.976,250.0,250.0,80.746,23.930,8.996,74.567,51.616,32.000,19.616,31.610,7.229,0.780,6.449,6.438,0.000,0.000,1.250,0.000,31.0,
6.11.2025,19:25:46.403,24.469,27.656,20.710,3.028,250.0,250.0,84.173,24.322,8.986,75.878,52.414,32.503,19.911,32.114,7.467,0.883,6.584,6.480,0.000,0.000,0.000,0.000,31.0,
6.11.2025,19:25:47.408,14.953,26.393,19.514,2.957,250.0,250.0,83.107,23.829,8.871,74.372,51.397,31.868,19.529,31.478,7.195,0.769,6.426,6.386,0.000,0.000,0.000,0.000,31.0,
6.11.2025,19:25:48.403,21.750,29.908,23.007,2.972,250.0,250.0,79.706,35.772,8.833,72.867,50.433,31.282,19.151,30.904,68.870,11.898,56.972,6.514,0.000,0.000,2.625,0.750,31.0,
6.11.2025,19:25:49.413,24.469,28.084,21.137,3.011,250.0,250.0,82.903,27.509,8.811,57.779,41.149,25.520,15.629,25.216,7.556,0.762,6.794,85.870,0.000,0.000,0.000,0.000,31.0,
6.11.2025,19:25:50.416,17.672,26.593,19.667,2.982,250.0,250.0,79.240,23.672,8.862,73.734,50.998,31.621,19.377,31.232,7.229,0.780,6.449,6.438,0.000,0.000,0.000,0.000,31.0,
6.11.2025,19:25:51.404,25.829,28.458,21.548,3.024,250.0,250.0,83.162,19.910,8.837,59.222,42.080,26.099,15.981,25.782,7.353,0.779,6.574,6.394,0.000,0.000,0.000,0.000,31.0,
6.11.2025,19:25:52.408,17.672,28.844,21.854,3.046,250.0,250.0,80.122,21.489,8.847,45.363,33.533,20.795,12.738,20.539,7.204,0.741,6.463,58.670,0.000,0.000,0.000,0.000,31.0,
6.11.2025,19:25:53.406,23.110,28.358,21.362,3.062,250.0,250.0,80.919,23.838,8.897,74.382,51.428,31.891,19.537,31.502,7.158,0.729,6.429,6.429,0.000,0.000,0.000,0.000,31.0,
6.11.2025,19:25:54.403,38.063,28.888,21.928,3.042,250.0,250.0,83.644,23.831,8.957,74.225,51.363,31.852,19.511,31.463,7.227,0.738,6.489,6.489,0.000,0.000,0.000,0.000,31.0,
6.11.2025,19:25:55.416,19.032,28.666,21.779,2.960,250.0,250.0,80.141,23.657,8.885,73.692,51.001,31.623,19.378,31.233,7.164,0.735,6.429,6.429,0.000,0.000,0.000,0.000,31.0,
6.11.2025,19:25:56.413,25.829,27.835,20.919,2.998,250.0,250.0,82.868,23.821,8.874,74.381,51.411,31.876,19.535,31.487,7.123,0.720,6.403,6.403,0.000,0.000,0.000,0.000,31.0,
6.11.2025,19:25:57.411,14.953,30.118,23.173,3.016,250.0,250.0,79.244,40.063,8.912,76.009,52.451,32.520,19.931,32.130,86.064,18.076,67.988,6.547,0.000,0.000,0.000,0.000,31.0,
6.11.2025,19:25:58.413,19.032,27.604,20.659,3.012,250.0,250.0,78.852,23.771,8.860,74.163,51.275,31.797,19.478,31.420,7.149,0.729,6.420,6.420,0.000,0.001,0.000,2.375,31.0,
6.11.2025,19:25:59.413,27.188,26.473,19.570,2.974,250.0,250.0,81.306,32.250,8.877,54.530,39.196,24.312,14.884,24.019,42.090,15.367,26.723,72.503,0.000,0.000,0.000,0.000,31.0,
6.11.2025,19:26:0.413,25.829,27.221,20.313,2.974,250.0,250.0,77.799,44.020,8.909,68.076,47.541,29.486,18.055,29.133,116.185,32.653,83.532,6.633,0.000,0.000,0.000,0.000,31.0,
6.11.2025,19:26:1.408,17.672,30.240,23.317,3.004,250.0,250.0,77.304,22.195,8.881,68.057,47.533,29.477,18.056,29.111,7.190,0.736,6.454,6.454,0.000,0.000,0.000,0.000,31.0,
6.11.2025,19:26:2.414,20.391,26.915,20.069,2.937,250.0,250.0,77.292,41.973,8.834,67.947,47.429,29.412,18.017,29.046,106.247,29.096,77.151,6.556,0.000,0.000,0.000,0.000,31.0,
6.11.2025,19:26:3.413,25.829,29.455,22.488,3.044,250.0,250.0,78.984,39.097,8.857,69.016,48.096,29.824,18.272,29.471,90.439,23.092,67.347,6.556,0.000,0.001,0.000,1.125,31.0,
6.11.2025,19:26:4.414,29.907,26.067,19.172,2.966,250.0,250.0,77.701,43.220,8.894,68.162,47.593,29.505,18.088,29.152,112.127,31.506,80.621,6.547,0.000,0.000,0.000,0.000,31.0,
6.11.2025,19:26:5.406,29.907,27.603,20.744,2.931,250.0,250.0,79.000,22.203,8.917,68.042,47.530,29.468,18.062,29.115,7.214,0.734,6.480,6.463,0.000,0.000,0.000,0.000,31.0,
6.11.2025,19:26:6.412,20.391,25.742,18.865,2.927,250.0,250.0,77.774,22.592,8.945,69.553,48.480,30.059,18.421,29.706,7.165,0.736,6.429,6.429,0.000,0.000,0.625,0.000,31.0,
6.11.2025,19:26:7.413,21.750,25.381,18.577,2.905,250.0,250.0,77.378,22.508,8.884,69.312,48.305,29.955,18.350,29.590,7.136,0.724,6.412,6.412,0.000,0.000,0.000,2.125,31.0,
6.11.2025,19:26:8.410,21.750,25.058,18.176,2.953,250.0,250.0,78.061,40.935,8.993,95.859,64.702,40.123,24.579,39.636,64.363,23.292,41.071,6.734,0.000,0.000,0.000,0.000,31.0,
6.11.2025,19:26:9.412,23.110,25.840,19.028,2.902,250.0,250.0,76.337,75.153,9.014,62.093,43.917,27.229,16.688,26.900,42.254,15.443,26.811,481.176,0.000,0.000,0.000,0.000,31.0,
6.11.2025,19:26:10.412,21.750,24.846,18.006,2.911,250.0,250.0,70.993,22.862,8.910,70.599,49.108,30.454,18.654,30.089,7.218,0.729,6.489,6.369,0.000,0.000,0.000,2.250,31.0,
6.11.2025,19:26:11.407,17.672,28.280,21.451,2.942,250.0,250.0,74.220,22.482,8.907,69.269,48.277,29.932,18.345,29.579,7.066,0.714,6.352,6.378,0.000,0.000,0.000,0.000,31.0,
6.11.2025,19:26:12.407,24.469,26.932,20.098,2.920,250.0,250.0,73.905,31.836,8.851,68.117,47.547,29.486,18.061,29.133,55.340,8.684,46.656,6.480,0.000,0.000,0.000,0.000,31.0,
6.11.2025,19:26:13.410,19.032,27.654,20.764,2.960,250.0,250.0,71.656,20.330,8.879,60.648,42.984,26.656,16.328,26.339,7.556,0.762,6.794,6.352,0.000,0.000,0.000,0.000,31.0,
6.11.2025,19:26:14.406,21.750,26.565,19.719,2.923,250.0,250.0,72.955,22.055,8.934,67.589,47.261,29.311,17.950,28.958,7.077,0.725,6.352,6.394,0.000,0.000,0.000,0.000,31.0,
6.11.2025,19:26:15.407,20.391,26.276,19.455,2.962,250.0,250.0,72.156,14.045,8.898,36.801,28.350,17.579,10.771,17.359,7.178,0.732,6.446,6.335,0.000,0.000,0.000,0.000,31.0,
6.11.2025,19:26:16.408,17.672,27.429,20.520,2.992,250.0,250.0,66.129,36.913,8.937,74.758,51.665,32.033,19.632,31.656,71.982,12.716,59.266,6.480,0.000,0.000,0.000,0.000,31.0,
6.11.2025,19:26:17.405,17.672,26.023,19.089,2.989,250.0,250.0,79.237,23.702,8.922,73.856,51.109,31.695,19.414,31.317,7.150,0.747,6.403,6.403,0.000,0.000,0.000,0.000,31.0,
6.11.2025,19:26:18.413,17.672,27.187,20.254,2.989,250.0,250.0,82.972,24.799,8.849,45.711,33.765,20.944,12.821,20.688,7.622,0.769,6.853,89.969,0.000,0.000,0.000,0.000,31.0,
6.11.2025,19:26:19.413,17.672,29.068,22.154,2.994,250.0,250.0,79.252,23.721,8.899,73.924,51.126,31.703,19.423,31.326,7.180,0.734,6.446,6.446,0.000,0.000,1.250,0.000,31.0,
6.11.2025,19:26:20.403,29.907,27.953,21.070,2.983,250.0,250.0,79.675,23.980,8.886,75.013,51.797,32.118,19.679,31.741,7.095,0.717,6.378,6.378,0.000,0.000,0.000,0.000,31.0,
6.11.2025,19:26:21.406,19.032,27.249,20.223,3.074,250.0,250.0,83.513,23.877,8.909,74.386,51.421,31.892,19.529,31.502,7.343,0.850,6.493,6.446,0.000,0.000,0.000,0.000,31.0,
6.11.2025,19:26:22.414,16.313,27.956,21.001,3.017,250.0,250.0,79.896,23.740,8.909,74.038,51.215,31.754,19.461,31.377,7.123,0.729,6.394,6.394,0.000,0.000,0.000,0.000,31.0,
6.11.2025,19:26:23.412,17.672,27.866,20.878,3.010,250.0,250.0,82.899,27.945,8.887,58.730,41.796,25.919,15.877,25.602,7.330,0.740,6.590,87.980,0.000,0.000,1.125,0.000,31.0,
6.11.2025,19:26:24.412,17.672,29.113,22.125,3.065,250.0,250.0,79.992,24.090,8.912,75.326,52.008,32.254,19.754,31.864,7.175,0.737,6.438,6.438,0.000,0.000,0.000,0.000,31.0,
6.11.2025,19:26:25.409,17.672,29.113,22.125,3.065,250.0,250.0,83.414,47.404,8.850,74.029,51.178,31.737,19.441,31.359,125.282,34.390,90.892,6.878,0.000,0.000,0.000,0.000,31.0,
6.11.2025,19:26:26.417,35.344,28.102,21.212,2.977,250.0,250.0,83.804,24.178,8.855,75.645,52.198,32.359,19.839,31.969,7.237,0.776,6.461,6.438,0.000,0.000,0.000,1.250,31.0,
6.11.2025,19:26:27.414,43.501,29.084,22.108,3.000,250.0,250.0,83.864,47.797,8.840,75.678,52.181,32.365,19.816,31.976,125.151,34.409,90.742,6.811,0.000,0.000,0.000,0.000,31.0,
6.11.2025,19:26:28.413,43.501,26.738,19.796,2.994,250.0,250.0,79.952,23.793,8.868,74.219,51.310,31.816,19.494,31.426,7.185,0.772,6.413,6.429,0.000,0.000,0.000,0.000,31.0,
6.11.2025,19:26:29.413,20.391,26.954,20.071,2.981,250.0,250.0,83.499,44.563,8.898,68.990,48.100,29.826,18.274,29.473,117.614,33.532,84.082,6.845,0.000,0.000,0.000,0.000,31.0,
6.11.2025,19:26:30.406,20.391,29.611,22.570,3.082,250.0,250.0,79.436,23.865,8.960,74.379,51.458,31.907,19.551,31.530,7.200,0.777,6.423,6.463,0.000,0.000,0.000,0.000,31.0,
6.11.2025,19:26:31.414,20.391,31.230,23.722,3.538,250.0,250.0,79.936,23.865,8.906,73.981,51.181,31.736,19.445,31.346,7.191,0.785,6.406,6.438,0.000,0.000,0.000,0.000,31.0,
6.11.2025,19:26:32.414,27.188,33.169,25.860,3.277,250.0,250.0,79.936,23.741,8.906,73.981,51.181,31.736,19.445,31.346,7.191,0.785,6.406,6.438,0.000,0.000,0.000,0.000,31.0,
6.11.2025,19:26:33.411,23.110,27.234,20.330,2.994,250.0,250.0,79.678,24.046,8.897,75.189,51.911,32.198,19.713,31.809,7.162,0.775,6.387,6.420,0.000,0.000,0.000,0.000,31.0,
6.11.2025,19:26:34.404,23.110,28.399,21.490,2.980,250.0,250.0,83.930,48.049,8.887,76.651,52.828,32.751,20.077,32.361,125.170,34.360,90.810,6.590,0.000,0.000,0.000,0.000,31.0,
6.11.2025,19:26:35.403,19.032,28.681,21.630,3.073,250.0,250.0,80.376,24.261,8.841,75.953,52.365,32.471,19.894,32.081,7.282,0.841,6.441,6.438,0.000,0.000,0.000,0.000,31.0,
6.11.2025,19:26:36.408,35.344,28.068,21.197,2.989,250.0,250.0,83.552,24.306,8.827,76.207,52.513,32.562,19.951,32.172,7.227,0.847,6.380,6.378,0.000,0.000,0.000,0.000,31.0,
6.11.2025,19:26:37.403,24.469,27.906,20.917,3.042,250.0,250.0,79.995,24.502,8.852,76.891,52.959,32.835,20.124,32.433,7.263,0.859,6.404,6.403,0.000,0.000,0.000,0.375,31.0,
6.11.2025,19:26:38.403,16.313,28.837,21.885,2.999,250.0,250.0,83.337,40.769,8.851,71.223,49.480,30.684,18.796,30.306,7.207,0.820,6.387,183.936,0.000,0.000,0.000,0.000,31.0,
6.11.2025,19:26:39.413,21.750,29.655,22.793,2.974,250.0,250.0,79.304,24.131,8.847,75.450,52.057,32.271,19.786,31.882,7.295,0.863,6.432,6.429,0.000,0.000,0.000,0.000,31.0,
6.11.2025,19:26:40.411,21.750,28.022,21.092,2.980,250.0,250.0,83.340,51.833,8.855,63.591,44.756,27.752,17.004,27.411,63.730,23.390,40.340,201.498,0.000,0.000,0.000,0.000,31.0,
6.11.2025,19:26:41.411,21.750,30.073,23.187,2.963,250.0,250.0,79.833,23.895,8.911,74.490,51.486,31.931,19.555,31.541,7.296,0.846,6.450,6.446,0.000,0.000,0.000,0.000,31.0,
6.11.2025,19:26:42.409,21.750,30.415,23.432,3.054,250.0,250.0,81.140,23.621,8.853,73.660,50.941,31.587,19.354,31.209,7.109,0.723,6.386,6.386,0.000,0.000,0.000,0.000,31.0,
6.11.2025,19:26:43.414,35.344,28.185,21.241,2.993,250.0,250.0,79.639,24.104,8.829,75.421,52.026,32.265,19.761,31.875,7.209,0.763,6.446,6.446,0.000,0.000,0.000,0.000,31.0,
6.11.2025,19:26:44.414,19.032,28.013,21.044,3.060,250.0,250.0,82.835,24.174,8.827,75.529,52.098,32.301,19.797,31.911,7.447,0.755,6.692,6.386,0.000,0.000,0.000,0.000,31.0,
6.11.2025,19:26:45.414,19.032,26.430,19.491,2.996,250.0,250.0,79.250,24.346,8.863,76.326,52.614,32.625,19.989,32.224,7.187,0.767,6.420,6.446,0.000,0.000,0.000,0.000,31.0,
6.11.2025,19:26:46.411,21.750,25.149,18.215,2.996,250.0,250.0,82.858,23.266,8.840,72.266,50.114,31.082,19.032,30.704,7.115,0.721,6.394,6.394,0.000,0.000,0.000,0.000,31.0,
6.11.2025,19:26:47.412,20.391,27.739,20.822,2.984,250.0,250.0,79.493,47.783,8.886,75.681,52.210,32.380,19.830,31.991,125.118,34.409,90.709,6.616,0.000,0.000,0.000,1.000,31.0,
6.11.2025,19:26:48.410,19.032,27.519,20.633,2.971,250.0,250.0,80.846,24.456,8.911,76.701,52.871,32.784,20.087,32.383,7.173,0.727,6.446,6.471,0.000,0.000,0.000,0.000,31.0,
6.11.2025,19:26:49.413,17.672,28.343,21.440,2.970,250.0,250.0,84.218,24.176,8.862,75.765,52.251,32.400,19.851,32.010,7.107,0.721,6.386,6.403,0.000,0.000,0.000,0.000,31.0,
6.11.2025,19:26:50.413,25.829,28.410,21.469,3.013,250.0,250.0,83.723,28.771,8.805,76.026,52.379,32.484,19.895,32.094,29.759,3.793,25.966,6.505,0.000,0.000,0.000,0.000,31.0,
6.11.2025,19:26:51.413,6.797,26.599,19.696,2.993,250.0,250.0,80.596,24.202,8.813,75.862,52.290,32.426,19.864,32.024,7.154,0.725,6.429,6.429,0.000,0.000,0.000,0.000,31.0,
6.11.2025,19:26:52.413,19.032,29.292,22.276,3.084,250.0,250.0,82.292,31.645,8.907,85.289,58.125,36.043,22.082,35.605,18.466,4.541,13.925,33.470,0.000,0.000,0.000,0.000,31.0,
6.11.2025,19:26:53.413,17.672,28.838,21.839,3.050,250.0,250.0,81.324,44.325,8.896,75.169,51.905,32.177,19.728,31.788,108.542,28.988,79.554,6.505,0.000,0.001,0.000,0.000,31.0,
6.11.2025,19:26:54.413,17.672,29.445,22.467,3.064,250.0,250.0,80.117,24.032,8.921,75.100,51.880,32.172,19.708,31.783,7.163,0.734,6.429,6.429,0.000,0.000,0.000,0.000,31.0,
6.11.2025,19:26:55.409,21.750,29.196,22.293,2.983,250.0,250.0,80.545,22.967,8.958,71.019,49.409,30.637,18.772,30.272,7.107,0.721,6.386,6.386,0.000,0.000,0.000,0.000,31.0,
6.11.2025,19:26:56.404,20.391,27.161,20.251,2.992,250.0,250.0,83.082,24.507,8.858,76.945,52.993,32.862,20.131,32.461,7.186,0.740,6.446,6.446,0.000,0.000,0.000,0.000,31.0,
6.11.2025,19:26:57.407,23.110,26.284,19.356,3.001,250.0,250.0,81.062,23.021,8.776,71.378,49.529,30.709,18.820,30.343,7.126,0.723,6.403,6.403,0.000,0.000,0.000,0.875,31.0,
6.11.2025,19:26:58.414,21.750,28.416,21.521,2.966,250.0,250.0,83.249,24.954,8.812,74.598,51.507,31.944,19.563,31.555,12.549,1.559,10.990,6.463,0.000,0.000,0.000,0.000,31.0,
6.11.2025,19:26:59.403,21.750,28.802,21.854,3.015,250.0,250.0,79.608,24.041,8.815,75.270,51.916,32.196,19.720,31.807,7.136,0.724,6.412,6.412,0.000,0.001,0.000,0.000,31.0,
6.11.2025,19:27:0.414,21.750,27.036,20.140,2.976,250.0,250.0,80.244,24.257,8.800,76.072,52.399,32.491,19.908,32.101,7.182,0.776,6.406,6.438,0.000,0.000,0.375,0.000,31.0,
6.11.2025,19:27:1.410,20.391,25.889,18.969,3.014,250.0,250.0,80.141,23.746,8.864,74.077,51.214,31.761,19.453,31.371,7.157,0.770,6.387,6.403,0.000,0.000,0.000,0.000,31.0,
6.11.2025,19:27:2.410,21.750,30.214,23.159,3.075,250.0,250.0,83.670,45.668,8.859,73.629,50.942,31.592,19.350,31.203,117.212,31.775,85.437,6.683,0.000,0.000,0.000,0.000,31.0,
6.11.2025,19:27:3.406,19.032,26.943,19.931,3.079,250.0,250.0,79.593,23.989,8.899,74.949,51.758,32.092,19.666,31.715,7.185,0.772,6.413,6.438,0.000,0.000,0.000,0.000,31.0,
6.11.2025,19:27:4.414,20.391,27.395,20.481,2.998,250.0,250.0,81.852,30.519,8.873,59.240,42.092,26.108,15.984,25.792,46.738,17.370,29.368,33.628,0.000,0.000,0.000,0.000,31.0,
6.11.2025,19:27:5.413,19.032,26.883,19.943,3.001,250.0,250.0,80.690,24.317,8.836,76.215,52.517,32.569,19.948,32.179,7.217,0.788,6.429,6.471,0.000,0.000,0.000,0.000,31.0,
6.11.2025,19:27:6.413,17.672,25.604,18.732,2.963,250.0,250.0,83.708,14.567,8.801,38.424,29.281,18.160,11.121,17.940,7.773,0.920,6.853,6.394,0.000,0.000,0.000,0.000,31.0,
6.11.2025,19:27:7.412,21.750,28.189,21.296,2.980,250.0,250.0,79.966,23.687,8.813,73.822,51.023,31.634,19.389,31.256,7.225,0.783,6.442,6.480,0.000,0.000,0.000,0.000,31.0,
6.11.2025,19:27:8.414,23.110,27.139,20.212,2.976,250.0,250.0,79.505,23.828,8.872,74.378,51.401,31.870,19.531,31.480,7.173,0.769,6.404,6.403,0.000,0.000,0.000,0.000,31.0,
6.11.2025,19:27:9.405,17.672,26.305,19.385,2.976,250.0,250.0,82.799,26.314,8.809,53.372,38.446,23.835,14.611,23.555,17.701,4.447,13.254,65.106,0.000,0.000,0.000,0.000,31.0,
6.11.2025,19:27:10.414,19.032,26.231,19.389,2.937,250.0,250.0,79.555,24.209,8.814,75.604,52.143,32.335,19.808,31.934,7.474,0.886,6.588,6.505,0.000,0.000,0.000,0.000,31.0,
6.11.2025,19:27:11.413,23.110,28.564,21.676,2.985,250.0,250.0,82.376,25.903,8.816,76.107,52.451,32.520,19.931,32.131,15.284,2.046,13.238,6.505,0.000,0.000,0.000,0.000,31.0,
6.11.2025,19:27:12.412,23.110,27.951,20.909,3.060,250.0,250.0,80.813,23.703,8.814,73.898,51.079,31.675,19.404,31.285,7.222,0.790,6.432,6.429,0.000,0.000,0.000,0.000,31.0,
6.11.2025,19:27:13.414,23.110,28.940,21.954,3.051,250.0,250.0,83.804,45.789,8.843,75.339,52.009,32.241,19.768,31.851,17.614,4.625,12.989,202.611,0.000,0.000,0.000,0.000,31.0,
6.11.2025,19:27:14.412,40.782,29.034,22.116,3.016,250.0,250.0,80.344,24.125,8.885,75.419,52.072,32.288,19.784,31.898,7.228,0.779,6.449,6.446,0.000,0.000,0.000,0.000,31.0,
6.11.2025,19:27:15.417,19.032,29.175,22.205,2.994,250.0,250.0,79.801,23.638,8.850,73.662,50.945,31.594,19.351,31.205,7.167,0.729,6.438,6.438,0.000,0.000,0.000,0.000,31.0,
6.11.2025,19:27:16.414,27.188,25.648,18.715,2.992,250.0,250.0,83.741,32.432,8.967,58.715,41.822,25.929,15.893,25.612,41.033,14.734,26.299,65.317,0.000,0.000,0.000,0.000,31.0,
6.11.2025,19:27:17.405,21.750,27.866,20.977,2.993,250.0,250.0,79.997,24.231,8.982,75.768,52.333,32.454,19.879,32.065,7.199,0.770,6.429,6.429,0.000,0.000,0.000,0.000,31.0,
6.11.2025,19:27:18.407,16.313,24.737,17.908,2.929,250.0,250.0,79.323,44.232,8.937,68.819,48.026,29.780,18.246,29.427,116.187,32.550,83.637,6.709,0.000,0.000,0.000,0.000,31.0,
6.11.2025,19:27:19.413,24.469,24.968,18.072,2.953,250.0,250.0,75.295,22.956,8.898,70.999,49.360,30.605,18.755,30.240,7.161,0.783,6.378,6.378,0.000,0.000,0.000,0.000,31.0,
6.11.2025,19:27:20.415,21.750,24.796,17.972,2.939,250.0,250.0,77.726,22.466,8.834,69.204,48.201,29.890,18.311,29.537,7.135,0.723,6.412,6.412,0.000,0.000,0.000,0.000,31.0,
6.11.2025,19:27:21.415,25.829,26.325,19.427,2.969,250.0,250.0,77.322,41.779,8.833,67.344,47.039,29.173,17.866,28.820,106.115,29.112,77.003,6.480,0.000,0.000,0.000,0.000,31.0,
6.11.2025,19:27:22.413,16.313,28.423,21.505,3.009,250.0,250.0,76.548,28.241,8.858,56.387,40.327,25.013,15.314,24.708,7.095,0.717,6.378,97.612,0.000,0.000,0.000,0.000,31.0,
6.11.2025,19:27:23.415,23.110,26.545,19.637,2.962,250.0,250.0,75.008,22.196,8.941,68.109,47.587,29.509,18.078,29.156,7.105,0.719,6.386,6.369,0.000,0.000,0.000,0.000,31.0,
6.11.2025,19:27:24.412,23.110,27.263,20.324,3.019,250.0,250.0,77.789,22.771,8.953,70.261,48.936,30.336,18.600,29.971,7.122,0.728,6.394,6.412,0.000,0.000,0.000,0.000,31.0,
6.11.2025,19:27:25.406,17.672,26.159,19.299,2.942,250.0,250.0,77.501,22.052,8.957,67.556,47.253,29.306,17.947,28.953,7.086,0.717,6.369,6.378,0.000,0.000,0.000,0.000,31.0,
6.11.2025,19:27:26.410,21.750,26.810,19.924,2.969,250.0,250.0,77.125,21.946,8.934,67.162,46.995,29.146,17.849,28.793,7.087,0.718,6.369,6.403,0.000,0.000,0.000,0.000,31.0,
6.11.2025,19:27:27.412,17.672,24.417,17.654,2.904,250.0,250.0,74.169,22.333,8.903,68.615,47.881,29.683,18.198,29.330,7.129,0.726,6.403,6.463,0.000,0.000,0.000,0.000,31.0,
6.11.2025,19:27:28.414,17.672,26.455,19.592,2.919,250.0,250.0,74.751,44.016,8.790,68.229,47.582,29.497,18.085,29.144,116.127,32.865,83.262,6.582,0.000,0.000,0.000,0.000,31.0,
6.11.2025,19:27:29.406,17.672,26.474,19.648,2.913,250.0,250.0,73.658,22.458,8.835,69.175,48.185,29.875,18.310,29.510,7.165,0.762,6.403,6.361,0.000,0.000,0.000,0.000,31.0,
6.11.2025,19:27:30.408,21.750,25.227,18.410,2.920,250.0,250.0,73.913,22.216,8.847,68.281,47.630,29.530,18.100,29.177,7.098,0.729,6.369,6.403,0.000,0.000,0.000,0.000,31.0,
6.11.2025,19:27:31.406,23.110,25.847,18.940,2.982,250.0,250.0,71.181,30.796,8.864,66.450,46.498,28.833,17.665,28.492,52.177,18.825,33.352,6.806,0.000,0.001,0.125,0.000,31.0,
6.11.2025,19:27:32.413,23.110,33.849,26.294,3.564,250.0,250.0,70.438,22.028,8.856,67.555,47.190,29.254,17.936,28.901,7.081,0.720,6.361,6.429,0.000,0.000,0.000,0.000,31.0,
6.11.2025,19:27:33.413,16.313,28.857,21.598,3.323,250.0,250.0,68.449,23.843,8.918,74.348,51.400,31.879,19.521,31.489,7.228,0.883,6.345,6.420,0.000,0.000,0.000,0.000,31.0,
6.11.2025,19:27:34.413,20.391,28.387,21.449,3.020,250.0,250.0,67.582,24.019,8.824,75.033,51.796,32.112,19.684,31.722,7.296,0.828,6.468,6.429,0.000,0.000,0.000,0.000,31.0,
6.11.2025,19:27:35.413,19.032,26.155,19.230,3.009,250.0,250.0,79.609,23.701,8.787,73.940,51.090,31.679,19.411,31.289,7.205,0.799,6.406,6.403,0.000,0.001,0.000,0.000,31.0,
6.11.2025,19:27:36.404,20.391,28.239,21.228,3.038,250.0,250.0,82.511,23.667,8.883,73.776,51.039,31.653,19.386,31.264,7.147,0.768,6.379,6.378,0.000,0.000,0.000,0.000,31.0,
6.11.2025,19:27:37.414,16.313,27.293,20.351,3.011,250.0,250.0,80.171,28.124,8.844,43.159,32.183,19.964,12.219,19.720,7.566,0.764,6.802,130.022,0.000,0.000,0.000,0.000,31.0,
6.11.2025,19:27:38.414,19.032,26.160,19.164,3.045,250.0,250.0,80.064,38.011,8.893,72.811,50.447,31.283,19.164,30.905,80.073,16.385,63.688,6.463,0.000,0.000,0.000,0.000,31.0,
6.11.2025,19:27:39.413,21.750,26.329,19.414,3.003,250.0,250.0,81.387,23.898,9.016,74.508,51.578,31.984,19.594,31.595,7.158,0.771,6.387,6.386,0.000,0.000,0.000,0.000,31.0,
6.11.2025,19:27:40.414,20.391,29.057,22.114,3.006,250.0,250.0,82.249,24.410,8.895,76.598,52.785,32.732,20.053,32.342,7.157,0.771,6.386,6.386,0.000,0.001,1.000,0.000,31.0,
6.11.2025,19:27:41.412,23.110,28.464,21.498,3.044,250.0,250.0,80.857,24.979,8.876,54.214,38.994,24.186,14.808,23.894,7.387,0.745,6.642,70.045,0.000,0.000,0.000,0.000,31.0,
6.11.2025,19:27:42.413,16.313,28.004,20.981,3.041,250.0,250.0,81.690,30.721,8.847,76.356,52.621,32.634,19.987,32.245,39.020,5.057,33.963,6.480,0.000,0.000,0.000,0.000,31.0,
6.11.2025,19:27:43.407,17.672,27.228,20.289,3.014,250.0,250.0,80.119,24.015,8.836,75.119,51.834,32.147,19.687,31.757,7.185,0.781,6.404,6.403,0.000,0.000,0.500,0.000,31.0,
6.11.2025,19:27:44.403,16.313,28.145,21.139,3.087,250.0,250.0,83.231,39.784,8.829,68.458,47.743,29.598,18.145,29.245,93.852,30.487,63.365,8.118,0.000,0.000,0.000,0.000,31.0,
6.11.2025,19:27:45.413,20.391,26.776,19.806,3.026,250.0,250.0,79.784,23.637,8.880,73.628,50.951,31.590,19.361,31.213,7.144,0.724,6.420,6.454,0.000,0.000,0.000,0.000,31.0,
6.11.2025,19:27:46.412,17.672,27.156,20.174,3.051,250.0,250.0,79.790,23.993,8.885,74.998,51.799,32.119,19.680,31.730,7.145,0.725,6.420,6.429,0.000,0.000,0.000,0.000,31.0,
6.11.2025,19:27:47.410,17.672,28.335,21.378,3.034,250.0,250.0,79.853,23.834,8.928,74.394,51.453,31.901,19.552,31.511,7.107,0.721,6.386,6.386,0.000,0.000,0.000,0.000,31.0,
6.11.2025,19:27:48.414,23.110,28.984,21.950,3.054,250.0,250.0,83.130,42.781,8.927,69.722,48.582,30.128,18.454,29.763,107.691,31.942,75.749,6.854,0.000,0.000,0.000,0.000,31.0,
6.11.2025,19:27:49.414,21.750,26.613,19.686,3.025,250.0,250.0,79.290,23.436,8.860,72.844,50.455,31.283,19.172,30.906,7.181,0.735,6.446,6.480,0.000,0.000,0.000,0.000,31.0,
6.11.2025,19:27:50.405,24.469,28.129,21.120,3.060,250.0,250.0,79.774,24.044,8.882,75.224,51.930,32.207,19.723,31.818,7.126,0.723,6.403,6.403,0.000,0.000,0.000,0.000,31.0,
6.11.2025,19:27:51.409,17.672,27.644,20.617,3.105,250.0,250.0,83.636,14.436,8.823,38.241,29.186,18.100,11.086,17.880,7.327,0.822,6.505,6.386,0.000,0.000,0.000,0.250,31.0,
6.11.2025,19:27:52.414,19.032,29.289,22.268,3.062,250.0,250.0,79.939,36.638,8.855,69.769,48.563,30.111,18.452,29.746,77.129,27.421,49.708,6.624,0.000,0.000,0.000,0.000,31.0,
6.11.2025,19:27:53.412,38.063,27.148,20.175,3.072,250.0,250.0,79.759,26.372,8.919,77.939,53.651,33.264,20.387,32.863,15.117,1.978,13.139,6.463,0.000,0.000,2.500,0.000,31.0,
6.11.2025,19:27:54.414,27.188,29.293,22.201,3.141,250.0,250.0,79.816,24.275,8.911,76.003,52.426,32.505,19.921,32.115,7.230,0.817,6.413,6.412,0.000,0.000,0.500,0.000,31.0,
6.11.2025,19:27:55.405,28.547,26.348,19.389,3.030,250.0,250.0,80.906,24.123,8.893,75.543,52.141,32.331,19.810,31.941,7.096,0.718,6.378,6.378,0.000,0.000,0.000,0.000,31.0,
6.11.2025,19:27:56.404,24.469,26.647,19.673,3.041,250.0,250.0,82.915,25.418,8.898,78.048,53.673,33.272,20.401,32.871,7.086,0.717,6.369,12.847,0.000,0.000,0.000,0.000,31.0,
6.11.2025,19:27:57.413,36.704,25.889,18.913,3.022,250.0,250.0,79.650,37.499,8.810,69.667,48.469,30.053,18.416,29.688,81.667,28.776,52.891,6.556,0.000,0.000,0.000,1.000,31.0,
6.11.2025,19:27:58.403,35.344,26.502,19.604,3.016,250.0,250.0,79.083,48.276,8.921,77.024,53.068,32.904,20.164,32.503,125.827,34.944,90.883,6.522,0.000,0.000,0.000,0.000,31.0,
6.11.2025,19:27:59.404,16.313,26.316,19.416,2.991,250.0,250.0,79.904,23.966,8.883,74.822,51.686,32.056,19.630,31.667,7.233,0.787,6.446,6.446,0.000,0.000,0.000,0.000,31.0,
6.11.2025,19:28:0.413,17.672,28.204,21.227,3.025,250.0,250.0,79.379,23.805,8.896,74.280,51.354,31.847,19.507,31.458,7.144,0.724,6.420,6.420,0.000,0.000,0.000,0.000,31.0,
6.11.2025,19:28:1.413,27.188,29.743,22.723,3.076,250.0,250.0,80.583,23.793,8.880,74.244,51.328,31.826,19.502,31.436,7.155,0.769,6.386,6.403,0.000,0.000,0.000,0.000,31.0,
6.11.2025,19:28:2.413,21.750,28.401,21.471,2.986,250.0,250.0,80.633,21.625,9.000,65.428,45.996,28.519,17.477,28.177,7.634,0.772,6.862,6.386,0.000,0.000,0.000,0.000,31.0,
6.11.2025,19:28:3.414,29.907,27.232,20.259,3.041,250.0,250.0,79.740,41.175,8.969,73.153,50.708,31.440,19.268,31.062,95.161,30.377,64.784,6.828,0.000,0.000,0.000,0.000,31.0,
6.11.2025,19:28:4.411,29.907,27.232,20.259,3.041,250.0,250.0,79.942,23.613,8.898,73.318,50.759,31.478,19.281,31.101,7.408,0.877,6.531,6.480,0.000,0.000,0.000,2.500,31.0,
6.11.2025,19:28:5.408,36.704,26.692,19.760,3.006,250.0,250.0,79.618,23.577,8.802,73.437,50.771,31.482,19.289,31.105,7.221,0.789,6.432,6.446,0.000,0.000,0.000,0.000,31.0,
6.11.2025,19:28:6.414,27.188,25.261,18.359,2.952,250.0,250.0,81.932,27.733,8.849,73.454,50.824,31.517,19.307,31.140,25.859,6.868,18.991,10.522,0.000,0.000,0.000,0.000,31.0,
6.11.2025,19:28:7.412,36.704,27.861,20.958,2.998,250.0,250.0,81.369,24.171,8.957,75.525,52.173,32.356,19.817,31.966,7.229,0.780,6.449,6.463,0.000,0.000,0.000,0.000,31.0,
6.11.2025,19:28:8.414,42.141,27.319,20.399,2.978,250.0,250.0,80.402,23.507,8.916,73.157,50.678,31.417,19.261,31.040,7.105,0.719,6.386,6.394,0.000,0.000,0.000,0.000,31.0,
6.11.2025,19:28:9.417,17.672,24.724,17.788,2.993,250.0,250.0,80.402,23.507,8.916,73.157,50.678,31.417,19.261,31.040,7.105,0.719,6.386,6.394,0.000,0.000,0.000,0.000,31.0,
6.11.2025,19:28:10.408,24.469,28.060,21.196,2.963,250.0,250.0,84.026,34.787,8.882,74.818,51.690,32.058,19.632,31.669,61.295,9.128,52.167,6.530,0.000,0.000,0.000,0.000,31.0,
6.11.2025,19:28:11.414,25.829,26.547,19.610,2.997,250.0,250.0,79.705,23.859,8.858,74.478,51.462,31.907,19.555,31.517,7.186,0.773,6.413,6.446,0.000,0.000,0.000,0.000,31.0,
6.11.2025,19:28:12.413,20.391,25.295,18.296,3.056,250.0,250.0,83.506,24.175,8.923,75.647,52.220,32.379,19.841,31.990,7.180,0.793,6.387,6.386,0.000,0.000,0.000,0.000,31.0,
6.11.2025,19:28:13.413,19.032,27.756,20.804,2.995,250.0,250.0,80.007,82.413,8.884,62.989,44.405,27.537,16.868,27.208,89.917,29.843,60.074,456.402,0.000,0.000,0.000,0.000,31.0,
6.11.2025,19:28:14.409,24.469,28.327,21.396,3.003,250.0,250.0,80.031,25.895,8.847,76.173,52.506,32.558,19.948,32.168,15.145,1.968,13.177,6.463,0.000,0.000,0.000,0.000,31.0,
6.11.2025,19:28:15.404,19.032,29.275,22.244,3.100,250.0,250.0,79.129,24.006,8.827,75.005,51.770,32.099,19.671,31.710,7.280,0.856,6.424,6.420,0.000,0.000,0.000,0.000,31.0,
6.11.2025,19:28:16.403,17.672,28.148,21.207,2.988,250.0,250.0,79.771,24.016,8.846,75.067,51.822,32.142,19.680,31.753,7.219,0.804,6.415,6.412,0.000,0.000,0.000,0.000,31.0,
6.11.2025,19:28:17.414,20.391,26.816,19.895,3.038,250.0,250.0,82.379,21.129,8.834,63.781,44.901,27.842,17.059,27.501,7.408,0.851,6.557,6.556,0.000,0.000,0.000,0.000,31.0,
6.11.2025,19:28:18.414,32.625,27.238,20.318,2.986,250.0,250.0,79.422,15.880,8.862,43.394,32.375,20.077,12.298,19.833,7.575,0.764,6.811,6.811,0.000,0.000,0.000,2.125,31.0,
6.11.2025,19:28:19.410,17.672,27.536,20.581,3.011,250.0,250.0,79.760,23.999,8.871,74.937,51.768,32.098,19.670,31.709,7.244,0.794,6.450,6.446,0.000,0.000,0.000,0.000,31.0,
6.11.2025,19:28:20.409,31.266,25.604,18.712,2.987,250.0,250.0,80.833,24.122,8.795,75.565,52.091,32.303,19.788,31.902,7.196,0.809,6.387,6.386,0.000,0.000,0.000,0.875,31.0,
6.11.2025,19:28:21.406,27.188,29.593,22.631,3.026,250.0,250.0,81.847,37.019,8.832,75.953,52.346,32.456,19.890,32.067,71.074,12.587,58.487,6.497,0.000,0.000,0.000,0.000,31.0,
6.11.2025,19:28:22.414,17.672,28.490,21.472,3.084,250.0,250.0,79.932,24.210,8.858,75.816,52.293,32.420,19.873,32.030,7.176,0.738,6.438,6.463,0.000,0.000,0.000,0.000,31.0,
6.11.2025,19:28:23.414,14.953,26.502,19.559,3.004,250.0,250.0,83.009,24.008,8.860,75.128,51.857,32.154,19.703,31.777,7.097,0.719,6.378,6.403,0.000,0.000,0.000,0.000,31.0,
6.11.2025,19:28:24.410,16.313,26.821,19.818,3.048,250.0,250.0,79.490,43.153,8.944,70.928,49.334,30.596,18.738,30.231,107.939,32.165,75.774,6.878,0.000,0.000,0.000,0.000,31.0,
6.11.2025,19:28:25.411,17.672,28.171,21.277,2.955,250.0,250.0,79.833,24.351,8.956,76.191,52.573,32.603,19.970,32.213,7.250,0.782,6.468,6.505,0.000,0.000,0.000,0.000,31.0,
6.11.2025,19:28:26.408,24.469,29.094,22.172,2.989,250.0,250.0,83.753,23.859,8.898,74.153,51.286,31.797,19.489,31.420,7.582,0.771,6.811,6.386,0.000,0.000,2.375,0.000,31.0,
6.11.2025,19:28:27.403,25.829,27.438,20.524,3.000,250.0,250.0,79.827,26.061,8.910,76.755,52.892,32.799,20.093,32.410,15.110,1.972,13.138,6.530,0.000,0.000,0.000,0.000,31.0,
6.11.2025,19:28:28.413,24.469,27.507,20.595,2.979,250.0,250.0,83.661,79.278,8.809,63.156,44.462,27.564,16.898,27.235,66.639,24.077,42.562,471.380,0.000,0.000,0.000,0.000,31.0,
6.11.2025,19:28:29.412,19.032,25.564,18.668,2.975,250.0,250.0,80.309,23.978,8.802,75.019,51.757,32.091,19.666,31.702,7.154,0.725,6.429,6.438,0.000,0.000,0.000,2.500,31.0,
6.11.2025,19:28:30.412,17.672,27.225,20.334,2.938,250.0,250.0,82.404,40.941,8.840,71.628,49.706,30.820,18.886,30.455,96.111,30.439,65.672,6.853,0.000,0.000,0.000,0.000,31.0,
6.11.2025,19:28:31.406,21.750,26.961,20.028,2.975,250.0,250.0,79.960,24.015,8.871,75.081,51.830,32.144,19.686,31.755,7.166,0.737,6.429,6.454,0.000,0.000,0.000,0.000,31.0,
6.11.2025,19:28:32.405,16.313,31.288,24.295,3.044,250.0,250.0,81.858,38.442,8.819,65.699,46.028,28.539,17.489,28.199,7.621,0.963,6.658,174.406,0.000,0.000,0.000,0.000,31.0,
6.11.2025,19:28:33.403,25.829,29.839,22.700,3.151,250.0,250.0,80.742,23.824,8.871,74.276,51.333,31.829,19.504,31.452,7.262,0.776,6.486,6.446,0.000,0.000,0.000,0.000,31.0,
6.11.2025,19:28:34.411,19.032,34.815,27.296,3.517,250.0,250.0,80.221,15.339,8.826,41.359,31.096,19.285,11.811,19.053,7.576,0.765,6.811,6.811,0.000,0.000,0.000,0.375,31.0,
6.11.2025,19:28:35.411,24.469,28.174,21.101,3.141,250.0,250.0,79.367,37.517,8.846,75.772,52.265,32.401,19.864,32.012,73.731,13.741,59.990,6.547,0.000,0.000,0.375,0.000,31.0,
6.11.2025,19:28:36.412,17.672,25.157,18.246,2.964,250.0,250.0,77.260,22.304,8.820,68.586,47.804,29.641,18.163,29.288,7.153,0.724,6.429,6.429,0.000,0.000,0.000,0.000,31.0,
6.11.2025,19:28:37.415,14.953,25.109,18.226,2.957,250.0,250.0,77.406,22.572,8.782,69.695,48.455,30.049,18.406,29.684,7.122,0.719,6.403,6.403,0.000,0.000,0.000,0.000,31.0,
6.11.2025,19:28:38.413,14.953,23.479,16.654,2.918,250.0,250.0,77.194,22.328,8.885,68.635,47.876,29.689,18.187,29.324,7.135,0.723,6.412,6.412,0.000,0.000,0.000,0.000,31.0,
6.11.2025,19:28:39.414,19.032,25.039,18.192,2.923,250.0,250.0,76.806,22.067,8.883,67.646,47.265,29.298,17.967,28.945,7.132,0.729,6.403,6.403,0.000,0.000,0.000,0.375,31.0,
6.11.2025,19:28:40.414,19.032,25.499,18.653,2.904,250.0,250.0,77.187,22.428,8.897,69.001,48.117,29.837,18.280,29.484,7.132,0.729,6.403,6.403,0.000,0.000,0.000,0.000,31.0,
6.11.2025,19:28:41.413,21.750,26.327,19.527,2.897,250.0,250.0,77.731,22.283,8.959,68.398,47.782,29.634,18.148,29.281,7.114,0.720,6.394,6.394,0.000,0.000,0.000,0.000,31.0,
6.11.2025,19:28:42.415,14.953,27.624,20.741,2.955,250.0,250.0,76.735,22.273,8.890,68.473,47.772,29.628,18.144,29.275,7.086,0.717,6.369,6.378,0.000,0.000,0.000,0.000,31.0,
6.11.2025,19:28:43.412,16.313,28.391,21.437,2.991,250.0,250.0,80.476,31.723,8.849,68.560,47.817,29.650,18.167,29.285,54.022,19.740,34.282,6.862,0.000,0.000,0.000,0.000,31.0,
6.11.2025,19:28:44.413,25.829,25.413,18.570,2.921,250.0,250.0,78.321,27.376,8.858,66.424,46.487,28.825,17.662,28.484,35.095,11.467,23.628,6.828,0.000,0.000,0.000,0.000,31.0,
6.11.2025,19:28:45.413,17.672,24.979,18.178,2.891,250.0,250.0,73.618,22.272,8.882,68.194,47.602,29.523,18.079,29.170,7.454,0.754,6.700,6.361,0.000,0.000,2.500,0.000,31.0,
6.11.2025,19:28:46.413,19.032,25.886,19.037,2.926,250.0,250.0,71.057,22.112,8.895,67.828,47.380,29.388,17.992,29.035,7.105,0.719,6.386,6.394,0.000,0.000,0.000,0.000,31.0,
6.11.2025,19:28:47.414,19.032,26.923,20.110,2.905,250.0,250.0,74.401,44.351,8.923,69.257,48.294,29.943,18.351,29.578,116.286,33.094,83.192,6.590,0.000,0.000,0.000,0.000,31.0,
6.11.2025,19:28:48.417,20.391,24.811,18.041,2.862,250.0,250.0,74.294,37.596,9.033,68.320,47.790,29.626,18.164,29.273,83.523,29.039,54.484,6.709,0.000,0.000,0.000,0.000,31.0,
6.11.2025,19:28:49.413,24.469,25.036,18.311,2.847,250.0,250.0,72.476,22.122,9.016,67.641,47.358,29.360,17.998,29.006,7.238,0.733,6.505,6.369,0.000,0.000,0.000,0.000,31.0,
6.11.2025,19:28:50.413,20.391,27.899,21.078,2.864,250.0,250.0,71.180,22.265,8.931,68.357,47.737,29.596,18.141,29.243,7.099,0.721,6.378,6.446,0.000,0.000,0.000,0.000,31.0,
6.11.2025,19:28:51.413,23.110,26.145,19.287,2.989,250.0,250.0,66.614,14.907,8.823,40.299,30.459,18.889,11.570,18.657,7.024,0.714,6.310,6.327,0.000,0.000,0.000,0.000,31.0,
6.11.2025,19:28:52.413,17.672,30.789,23.830,3.016,250.0,250.0,71.335,23.470,8.849,73.077,50.580,31.363,19.217,30.986,7.114,0.728,6.386,6.403,0.000,0.000,0.000,0.000,31.0,
6.11.2025,19:28:53.413,23.110,30.792,23.800,3.039,250.0,250.0,82.773,45.590,8.873,74.815,51.674,32.044,19.630,31.655,115.329,30.994,84.335,6.547,0.000,0.000,0.000,1.250,31.0,
6.11.2025,19:28:54.414,20.391,30.402,23.403,3.041,250.0,250.0,79.692,23.954,8.871,74.864,51.689,32.055,19.634,31.666,7.177,0.773,6.404,6.403,0.000,0.000,0.000,0.000,31.0,
6.11.2025,19:28:55.403,23.110,39.993,32.705,3.277,250.0,250.0,80.496,24.265,8.858,76.054,52.444,32.520,19.924,32.118,7.154,0.733,6.421,6.420,0.000,0.000,0.000,0.500,31.0,
6.11.2025,19:28:56.408,14.953,31.625,24.538,3.122,250.0,250.0,82.136,24.466,8.930,76.531,52.767,32.724,20.043,32.334,7.443,0.883,6.560,6.446,0.000,0.000,2.500,0.000,31.0,
6.11.2025,19:28:57.403,29.907,27.371,20.377,3.015,250.0,250.0,85.012,26.404,8.853,53.620,38.622,23.945,14.677,23.665,9.389,1.415,7.974,81.876,0.000,0.000,0.125,0.000,31.0,
6.11.2025,19:28:58.411,35.344,29.209,22.267,3.005,250.0,250.0,81.404,24.532,8.866,76.894,52.966,32.841,20.125,32.452,7.358,0.790,6.568,6.454,0.000,0.000,0.000,0.000,31.0,
6.11.2025,19:28:59.415,20.391,28.541,21.598,3.007,250.0,250.0,85.093,34.521,8.802,62.227,43.898,27.213,16.685,26.884,76.345,27.495,48.850,6.811,0.000,0.000,0.000,0.000,31.0,
6.11.2025,19:29:0.412,17.672,27.310,20.428,2.963,250.0,250.0,81.743,24.375,8.819,76.182,52.482,32.547,19.935,32.146,7.570,0.948,6.622,6.497,0.000,0.000,0.000,0.000,31.0,
6.11.2025,19:29:1.414,38.063,29.389,22.424,2.988,250.0,250.0,81.396,24.320,8.891,76.147,52.516,32.561,19.955,32.172,7.265,0.844,6.421,6.429,0.000,0.000,0.000,0.000,31.0,
6.11.2025,19:29:2.405,25.829,32.142,25.123,3.070,250.0,250.0,85.232,24.407,8.904,76.380,52.657,32.647,20.010,32.258,7.403,0.881,6.522,6.403,0.000,0.000,0.000,0.000,31.0,
6.11.2025,19:29:3.414,28.547,28.272,21.288,3.034,250.0,250.0,81.257,24.291,8.843,75.918,52.328,32.452,19.876,32.063,7.464,0.914,6.550,6.505,0.000,0.001,0.000,0.000,31.0,
6.11.2025,19:29:4.415,17.672,28.706,21.716,3.014,250.0,250.0,81.233,24.263,8.820,75.854,52.277,32.415,19.862,32.026,7.476,0.932,6.544,6.420,0.000,0.000,0.000,0.000,31.0,
6.11.2025,19:29:5.413,14.953,29.529,22.596,3.010,250.0,250.0,85.252,32.118,8.804,74.101,51.188,31.742,19.446,31.353,49.004,6.416,42.588,6.539,0.000,0.000,0.000,0.000,31.0,
6.11.2025,19:29:6.414,17.672,28.063,21.123,3.004,250.0,250.0,81.127,24.166,8.806,75.676,52.169,32.343,19.826,31.954,7.223,0.784,6.439,6.438,0.000,0.000,0.000,0.000,31.0,
6.11.2025,19:29:7.413,17.672,27.865,20.944,2.981,250.0,250.0,83.253,23.402,8.804,72.709,50.327,31.208,19.119,30.831,7.279,0.786,6.493,6.463,0.000,0.000,0.000,0.000,31.0,
6.11.2025,19:29:8.414,27.188,29.543,22.642,2.976,250.0,250.0,79.289,23.847,8.830,74.448,51.407,31.875,19.532,31.498,7.219,0.780,6.439,6.438,0.000,0.000,0.000,0.000,31.0,
6.11.2025,19:29:9.408,19.032,27.035,20.163,2.977,250.0,250.0,81.980,52.925,8.830,59.933,42.470,26.334,16.136,26.018,42.571,15.518,27.053,264.388,0.000,0.000,0.000,0.000,31.0,
6.11.2025,19:29:10.405,25.829,26.468,19.563,2.967,250.0,250.0,79.313,23.481,8.846,73.007,50.538,31.335,19.203,30.958,7.239,0.790,6.449,6.446,0.000,0.000,0.000,0.000,31.0,
6.11.2025,19:29:11.414,17.672,26.132,19.260,2.982,250.0,250.0,80.099,24.021,8.968,75.018,51.856,32.153,19.703,31.764,7.174,0.771,6.403,6.403,0.000,0.000,0.000,0.000,31.0,
6.11.2025,19:29:12.414,17.672,29.407,22.422,3.066,250.0,250.0,83.033,47.627,8.927,74.888,51.749,32.091,19.658,31.701,125.365,34.728,90.637,6.530,0.000,0.000,0.000,0.000,31.0,
6.11.2025,19:29:13.405,21.750,29.192,22.156,3.067,250.0,250.0,82.964,23.939,8.844,74.829,51.657,32.033,19.624,31.644,7.177,0.773,6.404,6.403,0.000,0.000,0.000,0.000,31.0,
6.11.2025,19:29:14.404,16.313,27.575,20.608,3.054,250.0,250.0,79.348,26.881,8.856,72.618,50.298,31.196,19.102,30.818,24.724,3.233,21.491,6.480,0.000,0.000,0.000,0.000,31.0,
6.11.2025,19:29:15.413,17.672,27.303,20.380,2.980,250.0,250.0,79.769,23.960,8.807,74.932,51.693,32.062,19.631,31.672,7.196,0.784,6.412,6.412,0.000,0.000,0.000,0.000,31.0,
6.11.2025,19:29:16.414,16.313,27.541,20.623,3.010,250.0,250.0,82.963,47.489,8.855,74.585,51.524,31.949,19.575,31.560,125.159,34.406,90.753,6.522,0.000,0.000,0.000,0.000,31.0,
6.11.2025,19:29:17.414,24.469,27.560,20.659,2.965,250.0,250.0,78.942,23.595,8.854,73.478,50.816,31.514,19.302,31.137,7.210,0.777,6.433,6.429,0.000,0.000,0.000,2.125,31.0,
6.11.2025,19:29:18.414,21.750,27.453,20.527,3.006,250.0,250.0,79.288,23.779,8.929,74.143,51.292,31.802,19.490,31.412,7.166,0.771,6.395,6.394,0.000,0.000,0.000,0.000,31.0,
6.11.2025,19:29:19.417,21.750,25.807,18.874,3.000,250.0,250.0,82.907,23.646,8.961,73.511,50.909,31.572,19.337,31.183,7.252,0.785,6.467,6.480,0.000,0.000,0.000,0.000,31.0,
6.11.2025,19:29:20.413,16.313,24.166,17.252,2.983,250.0,250.0,80.101,23.718,8.854,73.950,51.127,31.700,19.427,31.311,7.194,0.788,6.406,6.420,0.000,0.000,0.000,0.000,31.0,
6.11.2025,19:29:21.411,29.907,26.575,19.625,3.001,250.0,250.0,82.578,43.324,8.819,75.513,52.071,32.289,19.782,31.900,103.079,31.788,71.291,6.709,0.000,0.000,0.000,0.000,31.0,
6.11.2025,19:29:22.409,19.032,28.868,21.910,3.040,250.0,250.0,79.228,23.645,8.782,73.723,50.951,31.595,19.356,31.206,7.202,0.778,6.424,6.438,0.000,0.000,0.000,0.000,31.0,
6.11.2025,19:29:23.405,25.829,26.221,19.307,3.006,250.0,250.0,82.832,47.110,8.807,73.100,50.576,31.353,19.223,30.976,125.239,34.433,90.806,6.582,0.000,0.000,0.000,0.000,31.0,
6.11.2025,19:29:24.413,14.953,28.576,21.544,3.065,250.0,250.0,79.028,24.107,8.849,75.390,52.010,32.255,19.755,31.865,7.243,0.793,6.450,6.463,0.000,0.000,0.000,0.000,31.0,
6.11.2025,19:29:25.413,19.032,27.837,20.903,2.998,250.0,250.0,79.274,23.883,8.848,74.649,51.559,31.975,19.584,31.586,7.115,0.729,6.386,6.394,0.000,0.000,0.000,0.000,31.0,
6.11.2025,19:29:26.413,19.032,28.534,21.608,3.035,250.0,250.0,83.067,40.281,8.879,74.079,51.216,31.764,19.452,31.375,89.645,29.861,59.784,6.751,0.000,0.000,0.000,0.000,31.0,
6.11.2025,19:29:27.413,16.313,29.358,22.463,2.954,250.0,250.0,79.307,23.686,8.842,73.805,51.016,31.639,19.377,31.262,7.234,0.788,6.446,6.446,0.000,0.000,0.750,0.000,31.0,
6.11.2025,19:29:28.407,19.032,28.127,21.206,3.007,250.0,250.0,82.682,20.758,8.810,62.485,44.078,27.334,16.744,26.992,7.291,0.735,6.556,6.556,0.000,0.000,0.000,0.000,31.0,
6.11.2025,19:29:29.412,20.391,26.734,19.833,2.953,250.0,250.0,79.708,23.802,8.867,74.056,51.195,31.742,19.453,31.365,7.438,0.887,6.551,6.463,0.000,0.000,0.000,0.000,31.0,
6.11.2025,19:29:30.414,23.110,27.104,20.189,2.991,250.0,250.0,79.584,23.869,8.882,74.291,51.353,31.839,19.514,31.450,7.447,0.897,6.550,6.463,0.000,0.001,0.000,0.000,31.0,
6.11.2025,19:29:31.405,28.547,28.245,21.265,3.047,250.0,250.0,79.447,24.121,8.953,75.409,52.093,32.295,19.798,31.905,7.178,0.775,6.403,6.403,0.000,0.000,0.000,0.000,31.0,
6.11.2025,19:29:32.416,21.750,28.389,21.423,3.042,250.0,250.0,83.129,47.461,8.955,74.416,51.461,31.911,19.550,31.521,125.118,34.316,90.802,6.556,0.000,0.000,0.000,0.000,31.0,
6.11.2025,19:29:33.416,24.469,27.798,20.816,3.046,250.0,250.0,79.025,23.851,8.954,74.314,51.414,31.883,19.531,31.493,7.236,0.789,6.447,6.446,0.000,0.000,0.000,0.000,31.0,
6.11.2025,19:29:34.413,32.625,30.063,22.981,3.144,250.0,250.0,79.168,23.831,8.919,74.302,51.378,31.859,19.519,31.481,7.214,0.785,6.429,6.429,0.000,0.000,0.000,0.000,31.0,
6.11.2025,19:29:35.407,32.625,30.063,22.981,3.144,250.0,250.0,79.185,23.474,8.943,72.909,50.531,31.331,19.200,30.954,7.210,0.787,6.423,6.454,0.000,0.000,0.000,0.000,31.0,
6.11.2025,19:29:36.405,42.141,33.387,25.831,3.531,250.0,250.0,81.479,25.661,8.818,75.376,51.983,32.231,19.752,31.842,15.051,2.019,13.032,6.505,0.000,0.000,0.000,0.000,31.0,
6.11.2025,19:29:37.413,36.704,29.084,21.893,3.197,250.0,250.0,79.979,24.693,8.838,77.706,53.440,33.140,20.300,32.739,7.170,0.775,6.395,6.429,0.000,0.000,0.000,0.000,31.0,
6.11.2025,19:29:38.415,20.391,27.820,20.926,2.989,250.0,250.0,81.105,23.725,8.929,73.736,51.028,31.638,19.390,31.261,7.433,0.750,6.683,6.403,0.000,0.000,0.000,0.000,31.0,
6.11.2025,19:29:39.410,36.704,29.564,22.669,2.998,250.0,250.0,78.645,23.336,8.942,72.428,50.238,31.148,19.090,30.770,7.154,0.725,6.429,6.438,0.000,0.000,0.000,0.000,31.0,
6.11.2025,19:29:40.407,16.313,26.511,19.569,3.006,250.0,250.0,79.574,23.865,8.910,74.522,51.519,31.948,19.571,31.559,7.106,0.720,6.386,6.403,0.000,0.000,2.250,0.000,31.0,
6.11.2025,19:29:41.413,19.032,25.985,19.082,2.990,250.0,250.0,83.186,23.865,8.930,74.316,51.401,31.870,19.531,31.493,108.476,28.990,79.486,6.573,0.000,0.000,0.000,0.000,31.0,
6.11.2025,19:29:42.407,20.391,28.113,21.081,3.073,250.0,250.0,83.186,44.107,8.930,74.316,51.401,31.870,19.531,31.493,108.476,28.990,79.486,6.573,0.000,0.000,0.000,0.000,31.0,
6.11.2025,19:29:43.413,27.188,27.861,20.943,3.004,250.0,250.0,79.269,23.909,8.932,74.547,51.535,31.955,19.580,31.578,7.248,0.816,6.432,6.463,0.000,0.000,0.000,0.000,31.0,
6.11.2025,19:29:44.413,21.750,27.829,20.841,3.057,250.0,250.0,80.064,23.696,8.958,73.822,51.109,31.695,19.414,31.318,7.122,0.719,6.403,6.403,0.000,0.000,0.000,0.000,31.0,
6.11.2025,19:29:45.414,27.188,27.454,20.494,3.024,250.0,250.0,82.246,24.040,8.922,75.134,51.901,32.175,19.726,31.786,7.176,0.772,6.404,6.403,0.000,0.000,2.375,0.000,31.0,
6.11.2025,19:29:46.411,29.907,26.569,19.683,2.984,250.0,250.0,79.896,47.898,8.859,76.308,52.605,32.620,19.985,32.218,124.921,34.299,90.622,6.547,0.000,0.000,0.000,0.000,31.0,
6.11.2025,19:29:47.405,29.907,30.497,23.510,3.015,250.0,250.0,79.359,24.044,8.918,75.093,51.858,32.163,19.695,31.774,7.254,0.784,6.470,6.429,0.000,0.000,0.000,0.000,31.0,
6.11.2025,19:29:48.409,29.907,27.539,20.706,2.977,250.0,250.0,82.968,24.338,8.957,76.224,52.601,32.617,19.984,32.215,7.199,0.812,6.387,6.386,0.000,0.000,0.000,0.000,31.0,
6.11.2025,19:29:49.406,20.391,27.554,20.624,3.010,250.0,250.0,79.843,48.178,8.872,77.392,53.286,33.041,20.245,32.639,124.875,34.326,90.549,6.556,0.000,0.000,0.000,0.000,31.0,
6.11.2025,19:29:50.413,19.032,27.962,21.016,2.990,250.0,250.0,80.472,24.454,8.923,76.459,52.739,32.700,20.039,32.298,7.460,0.909,6.551,6.463,0.000,0.000,0.000,0.000,31.0,
6.11.2025,19:29:51.407,25.829,27.723,20.827,2.987,250.0,250.0,83.671,24.093,8.827,75.441,52.034,32.275,19.759,31.885,7.160,0.772,6.388,6.386,0.000,0.000,0.000,0.000,31.0,
6.11.2025,19:29:52.407,28.547,30.079,23.071,3.058,250.0,250.0,79.706,27.222,8.820,76.020,52.384,32.481,19.903,32.092,22.025,2.990,19.035,6.471,0.000,0.000,0.000,0.375,31.0,
6.11.2025,19:29:53.408,20.391,27.715,20.770,3.006,250.0,250.0,79.796,24.577,8.913,77.121,53.126,32.942,20.184,32.553,7.253,0.824,6.429,6.429,0.000,0.000,0.000,0.000,31.0,
6.11.2025,19:29:54.403,19.032,27.590,20.679,3.002,250.0,250.0,80.219,44.599,8.874,70.465,49.023,30.400,18.623,30.022,116.021,32.728,83.293,6.539,0.000,0.000,0.000,0.000,31.0,
6.11.2025,19:29:55.407,29.907,26.395,19.463,2.980,250.0,250.0,78.695,30.486,8.964,70.127,48.857,30.293,18.564,29.928,45.684,16.874,28.810,6.760,0.000,0.000,0.000,0.000,31.0,
6.11.2025,19:29:56.403,17.672,25.373,18.525,2.932,250.0,250.0,77.362,22.971,9.015,70.897,49.348,30.602,18.746,30.237,7.238,0.733,6.505,6.386,0.000,0.000,0.000,0.000,31.0,
6.11.2025,19:29:57.403,13.594,23.829,16.961,2.927,250.0,250.0,74.744,22.403,8.991,68.820,48.061,29.801,18.260,29.436,7.123,0.720,6.403,6.412,0.000,0.000,0.000,0.000,31.0,
6.11.2025,19:29:58.413,24.469,24.942,18.096,2.940,250.0,250.0,77.491,22.695,9.004,69.877,48.729,30.209,18.520,29.843,7.165,0.736,6.429,6.438,0.000,0.000,0.000,0.000,31.0,
6.11.2025,19:29:59.405,17.672,25.801,18.919,2.955,250.0,250.0,78.045,22.974,8.920,71.009,49.376,30.612,18.764,30.247,7.182,0.736,6.446,6.446,0.000,0.000,0.000,0.000,31.0,
6.11.2025,19:30:0.404,17.672,25.348,18.529,2.920,250.0,250.0,78.007,44.631,8.910,71.892,49.904,30.948,18.956,30.571,114.263,32.570,81.693,6.598,0.000,0.000,0.000,0.000,31.0,
6.11.2025,19:30:1.413,23.110,26.932,20.034,2.977,250.0,250.0,78.329,23.053,8.883,71.301,49.531,30.712,18.819,30.334,7.246,0.782,6.464,6.463,0.000,0.000,0.000,0.000,31.0,
6.11.2025,19:30:2.413,10.875,25.617,18.669,2.992,250.0,250.0,74.307,14.251,8.821,37.629,28.803,17.858,10.945,17.638,7.230,0.733,6.497,6.361,0.000,0.000,0.000,0.000,31.0,
6.11.2025,19:30:3.413,38.063,26.055,19.255,2.915,250.0,250.0,71.521,22.859,9.017,70.577,49.153,30.480,18.673,30.115,7.096,0.727,6.369,6.386,0.000,0.000,0.000,0.375,31.0,
6.11.2025,19:30:4.404,24.469,28.429,21.520,2.998,250.0,250.0,74.603,44.074,9.020,68.151,47.656,29.551,18.105,29.198,116.261,32.905,83.356,6.539,0.000,0.000,0.000,0.000,31.0,
6.11.2025,19:30:5.412,16.313,25.272,18.358,2.964,250.0,250.0,71.287,21.801,8.997,66.555,46.677,28.942,17.735,28.588,7.079,0.718,6.361,6.361,0.000,0.000,0.000,2.375,31.0,
6.11.2025,19:30:6.418,17.672,26.292,19.478,2.921,250.0,250.0,73.779,22.874,8.959,70.658,49.177,30.495,18.682,30.129,7.125,0.731,6.394,6.394,0.000,0.000,2.250,0.000,31.0,
6.11.2025,19:30:7.414,20.391,26.254,19.426,2.926,250.0,250.0,74.141,44.052,8.904,68.245,47.654,29.542,18.112,29.189,116.204,32.833,83.371,6.463,0.000,0.000,0.000,0.000,31.0,
6.11.2025,19:30:8.414,21.750,24.710,17.868,2.913,250.0,250.0,71.441,22.203,8.893,68.210,47.612,29.527,18.085,29.174,7.083,0.722,6.361,6.361,0.000,0.000,0.000,0.000,31.0,
6.11.2025,19:30:9.412,16.313,27.263,20.295,3.077,250.0,250.0,63.532,23.890,8.922,74.603,51.585,31.983,19.602,31.606,7.108,0.722,6.386,6.386,0.000,0.000,0.000,1.000,31.0,
6.11.2025,19:30:10.411,19.032,29.018,22.071,3.018,250.0,250.0,79.648,23.793,8.979,74.150,51.342,31.842,19.500,31.452,7.129,0.726,6.403,6.403,0.000,0.000,0.000,0.000,31.0,
6.11.2025,19:30:11.404,27.188,28.729,21.775,2.999,250.0,250.0,78.724,23.826,8.979,74.323,51.430,31.890,19.540,31.501,7.107,0.721,6.386,6.386,0.000,0.000,0.000,0.000,31.0,
6.11.2025,19:30:12.408,21.750,29.377,22.390,3.059,250.0,250.0,80.916,20.825,8.945,62.598,44.211,27.411,16.800,27.082,7.313,0.740,6.573,6.573,0.000,0.000,2.375,0.000,31.0,
6.11.2025,19:30:13.405,20.391,26.121,19.108,3.025,250.0,250.0,80.780,44.263,8.904,68.161,47.584,29.512,18.072,29.159,117.328,33.222,84.106,6.582,0.000,0.000,1.250,0.000,31.0,
6.11.2025,19:30:14.406,20.391,27.013,20.023,3.055,250.0,250.0,79.642,23.980,8.820,74.963,51.732,32.083,19.649,31.694,7.198,0.735,6.463,6.463,0.000,0.000,0.000,0.000,31.0,
6.11.2025,19:30:15.413,31.266,30.411,23.458,3.041,250.0,250.0,80.201,24.152,8.917,75.582,52.188,32.362,19.826,31.973,7.134,0.731,6.403,6.403,0.000,0.000,0.000,0.000,31.0,
6.11.2025,19:30:16.415,12.235,27.339,20.378,3.007,250.0,250.0,79.494,24.331,8.929,76.302,52.613,32.626,19.987,32.237,7.107,0.721,6.386,6.403,0.000,0.000,0.000,0.000,31.0,
6.11.2025,19:30:17.415,33.985,25.996,19.095,2.989,250.0,250.0,83.170,42.005,8.968,75.140,51.946,32.212,19.734,31.823,18.227,4.578,13.649,163.776,0.000,0.000,0.000,0.000,31.0,
6.11.2025,19:30:18.410,14.953,29.105,22.199,3.002,250.0,250.0,79.764,36.283,9.007,75.681,52.307,32.436,19.871,32.035,67.489,11.688,55.801,6.514,0.000,0.000,0.000,0.000,31.0,
6.11.2025,19:30:19.410,19.032,26.838,19.903,3.001,250.0,250.0,80.240,27.618,8.971,74.056,51.279,31.800,19.479,31.410,26.351,3.422,22.929,6.489,0.000,0.000,0.000,0.000,31.0,
6.11.2025,19:30:20.405,19.032,26.531,19.590,3.019,250.0,250.0,79.922,24.046,8.970,75.132,51.929,32.209,19.720,31.819,7.130,0.727,6.403,6.420,0.000,0.000,0.625,0.000,31.0,
6.11.2025,19:30:21.413,16.313,27.449,20.496,3.012,250.0,250.0,83.829,56.667,8.980,65.141,45.783,28.395,17.388,28.054,34.873,11.339,23.534,303.182,0.000,0.001,2.375,0.000,31.0,
6.11.2025,19:30:22.406,21.750,30.615,23.616,3.051,250.0,250.0,79.790,39.844,8.894,75.293,52.003,32.246,19.757,31.857,85.931,18.042,67.889,6.530,0.000,0.000,0.000,0.000,31.0,
6.11.2025,19:30:23.406,16.313,26.646,19.705,3.010,250.0,250.0,80.508,24.089,8.870,75.383,52.025,32.254,19.771,31.865,7.137,0.725,6.412,6.446,0.000,0.000,0.000,1.000,31.0,
6.11.2025,19:30:24.411,24.469,29.137,22.181,3.004,250.0,250.0,79.945,24.200,8.896,75.770,52.295,32.429,19.866,32.039,7.137,0.725,6.412,6.429,0.000,0.000,0.000,0.000,31.0,
6.11.2025,19:30:25.409,23.110,27.346,20.424,2.976,250.0,250.0,80.870,23.742,8.949,73.971,51.203,31.749,19.454,31.359,7.153,0.724,6.429,6.429,0.000,0.000,0.000,0.000,31.0,
6.11.2025,19:30:26.412,27.188,26.891,19.923,3.004,250.0,250.0,80.127,24.267,8.974,75.961,52.470,32.532,19.938,32.142,7.130,0.736,6.394,6.394,0.000,0.000,0.000,2.125,31.0,
6.11.2025,19:30:27.406,23.110,27.661,20.803,2.959,250.0,250.0,84.683,19.509,8.933,49.798,36.335,22.533,13.802,22.252,7.588,0.768,6.820,26.258,0.000,0.000,0.000,0.000,31.0,
6.11.2025,19:30:28.404,16.313,27.510,20.546,2.999,250.0,250.0,81.250,23.864,8.993,74.383,51.492,31.930,19.562,31.540,7.154,0.725,6.429,6.429,0.000,0.000,0.000,0.000,31.0,
6.11.2025,19:30:29.404,29.907,26.025,19.181,2.966,250.0,250.0,80.297,24.034,8.985,75.073,51.906,32.193,19.713,31.803,7.132,0.729,6.403,6.403,0.000,0.000,0.000,0.000,31.0,
6.11.2025,19:30:30.405,17.672,26.755,19.805,2.978,250.0,250.0,83.830,24.594,8.999,77.191,53.242,33.014,20.228,32.612,7.123,0.720,6.403,6.403,0.000,0.000,0.000,0.000,31.0,
6.11.2025,19:30:31.413,28.547,31.235,24.127,3.183,250.0,250.0,81.251,47.443,8.921,74.378,51.448,31.901,19.547,31.511,125.116,34.522,90.594,6.489,0.000,0.000,0.375,1.375,31.0,
6.11.2025,19:30:32.407,8.156,29.924,22.898,3.077,250.0,250.0,80.249,23.923,8.883,74.705,51.612,31.999,19.613,31.609,7.182,0.736,6.446,6.446,0.000,0.000,0.000,0.000,31.0,
6.11.2025,19:30:33.403,35.344,28.372,21.334,3.078,250.0,250.0,80.111,23.845,8.969,74.370,51.467,31.917,19.550,31.527,7.123,0.720,6.403,6.403,0.000,0.000,0.000,0.000,31.0,
6.11.2025,19:30:34.410,28.547,26.204,19.287,2.989,250.0,250.0,81.590,24.821,8.914,78.144,53.791,33.351,20.440,32.949,7.116,0.730,6.386,6.386,0.000,0.000,0.000,0.000,31.0,
6.11.2025,19:30:35.414,17.672,25.379,18.474,2.963,250.0,250.0,80.282,23.220,8.898,71.821,49.843,30.904,18.939,30.539,7.433,0.750,6.683,6.386,0.000,0.000,0.000,0.000,31.0,
6.11.2025,19:30:36.413,20.391,26.905,19.867,3.114,250.0,250.0,80.147,23.676,8.849,73.705,50.985,31.609,19.376,31.232,7.259,0.793,6.466,6.489,0.000,0.000,0.000,0.000,31.0,
6.11.2025,19:30:37.415,19.032,31.941,24.307,3.545,250.0,250.0,79.513,24.269,8.874,76.015,52.423,32.510,19.913,32.120,7.201,0.797,6.404,6.438,0.000,0.000,0.000,0.000,31.0,
6.11.2025,19:30:38.413,21.750,32.788,25.614,3.235,250.0,250.0,83.670,15.276,8.851,41.222,31.031,19.241,11.790,19.009,7.615,0.770,6.845,6.386,0.000,0.000,0.000,0.000,31.0,
6.11.2025,19:30:39.415,17.672,28.796,21.930,2.951,250.0,250.0,81.014,24.098,8.945,75.091,51.880,32.177,19.703,31.788,7.439,0.888,6.551,6.514,0.000,0.000,0.000,0.000,31.0,
6.11.2025,19:30:40.415,19.032,26.162,19.274,2.984,250.0,250.0,80.986,24.119,8.909,75.331,52.018,32.253,19.765,31.863,7.299,0.829,6.470,6.454,0.000,0.000,0.000,2.125,31.0,
6.11.2025,19:30:41.407,16.313,27.844,20.883,2.989,250.0,250.0,80.274,23.533,8.894,73.258,50.722,31.458,19.264,31.081,7.125,0.722,6.403,6.403,0.000,0.000,0.000,0.000,31.0,
6.11.2025,19:30:42.404,24.469,30.706,23.719,3.084,250.0,250.0,81.898,47.226,8.993,73.328,50.816,31.517,19.299,31.140,125.245,34.322,90.923,6.674,0.000,0.000,0.000,0.000,31.0,
6.11.2025,19:30:43.405,17.672,27.844,20.868,3.011,250.0,250.0,80.988,24.111,9.006,75.087,51.934,32.212,19.722,31.822,7.413,0.892,6.521,6.505,0.000,0.000,0.000,0.000,31.0,
6.11.2025,19:30:44.407,21.750,26.809,19.873,3.017,250.0,250.0,79.549,24.025,8.884,75.049,51.839,32.145,19.694,31.755,7.222,0.781,6.441,6.438,0.000,0.000,0.000,0.000,31.0,
6.11.2025,19:30:45.413,19.032,26.973,20.105,2.948,250.0,250.0,83.166,23.279,8.866,72.292,50.129,31.081,19.048,30.716,7.126,0.723,6.403,6.403,0.000,0.000,1.375,0.000,31.0,
6.11.2025,19:30:46.414,17.672,28.833,21.893,3.007,250.0,250.0,79.241,41.414,8.947,74.407,51.471,31.912,19.559,31.522,94.874,22.230,72.644,6.573,0.000,0.000,0.000,0.000,31.0,
6.11.2025,19:30:47.412,17.672,25.418,18.508,2.972,250.0,250.0,79.742,23.843,8.897,74.328,51.393,31.868,19.525,31.491,7.240,0.790,6.450,6.446,0.000,0.000,0.750,0.000,31.0,
6.11.2025,19:30:48.410,14.953,26.927,20.029,2.982,250.0,250.0,79.156,23.710,8.907,73.905,51.146,31.720,19.426,31.331,7.130,0.727,6.403,6.403,0.000,0.000,0.000,0.000,31.0,
6.11.2025,19:30:49.413,20.391,27.263,20.366,2.972,250.0,250.0,79.736,24.105,8.906,75.430,52.087,32.306,19.781,31.917,7.113,0.719,6.394,6.394,0.000,0.000,0.000,0.000,31.0,
6.11.2025,19:30:50.413,20.391,28.568,21.667,2.980,250.0,250.0,78.693,23.101,8.870,71.496,49.651,30.791,18.860,30.414,7.248,0.777,6.471,6.429,0.000,0.000,0.000,0.000,31.0,
6.11.2025,19:30:51.410,47.579,27.310,20.409,2.963,250.0,250.0,78.993,43.278,8.858,75.053,51.811,32.128,19.683,31.739,103.434,26.641,76.793,6.642,0.000,0.000,0.000,0.000,31.0,
6.11.2025,19:30:52.413,23.110,29.717,22.731,3.048,250.0,250.0,79.727,23.793,8.955,74.075,51.269,31.786,19.483,31.408,7.238,0.772,6.466,6.480,0.000,0.000,0.375,0.000,31.0,
6.11.2025,19:30:53.405,19.032,26.224,19.241,3.044,250.0,250.0,79.360,23.852,8.906,74.377,51.431,31.898,19.533,31.508,7.210,0.787,6.423,6.446,0.000,0.000,0.000,0.000,31.0,
6.11.2025,19:30:54.408,17.672,27.177,20.207,3.067,250.0,250.0,79.457,23.399,8.920,72.721,50.402,31.261,19.141,30.883,7.126,0.723,6.403,6.412,0.000,0.000,1.750,0.000,31.0,
6.11.2025,19:30:55.406,24.469,26.924,19.951,3.015,250.0,250.0,79.503,22.867,8.922,70.463,49.042,30.409,18.633,30.044,7.375,0.792,6.583,6.412,0.000,0.000,0.000,0.375,31.0,
6.11.2025,19:30:56.404,14.953,25.921,19.008,3.004,250.0,250.0,82.129,15.069,8.930,38.026,29.080,18.036,11.044,17.816,7.387,0.745,6.642,12.986,0.000,0.000,0.000,0.000,31.0,
6.11.2025,19:30:57.413,24.469,27.802,20.854,3.007,250.0,250.0,81.848,42.373,8.931,59.504,42.298,26.229,16.069,25.912,17.724,4.584,13.140,209.335,0.000,0.000,0.000,0.000,31.0,
6.11.2025,19:30:58.414,38.063,26.184,19.243,2.997,250.0,250.0,80.389,39.075,8.919,72.607,50.339,31.218,19.121,30.841,85.585,17.703,67.882,6.530,0.000,0.000,2.625,0.000,31.0,
6.11.2025,19:30:59.408,19.032,25.494,18.547,3.019,250.0,250.0,79.262,23.937,8.883,74.731,51.631,32.015,19.616,31.626,7.205,0.767,6.438,6.454,0.000,0.000,0.000,0.000,31.0,
6.11.2025,19:31:0.412,25.829,26.629,19.713,3.018,250.0,250.0,79.349,23.746,8.894,74.056,51.217,31.759,19.458,31.382,7.147,0.744,6.403,6.403,0.000,0.000,0.000,0.000,31.0,
6.11.2025,19:31:1.405,29.907,26.441,19.493,3.024,250.0,250.0,83.060,30.915,8.985,67.639,47.316,29.346,17.970,28.993,51.039,18.442,32.597,6.828,0.000,0.000,0.000,0.000,31.0,
6.11.2025,19:31:2.410,14.953,28.980,21.869,3.112,250.0,250.0,79.486,38.376,8.956,73.796,51.094,31.686,19.408,31.297,80.417,16.375,64.042,6.688,0.000,0.000,0.000,0.000,31.0,
6.11.2025,19:31:3.418,17.672,27.336,20.402,3.023,250.0,250.0,79.151,23.397,8.978,72.601,50.367,31.237,19.130,30.860,7.173,0.727,6.446,6.446,0.000,0.000,0.000,0.000,31.0,
6.11.2025,19:31:4.413,19.032,27.866,20.835,3.095,250.0,250.0,79.022,23.638,9.048,73.514,50.960,31.598,19.362,31.221,7.134,0.722,6.412,6.412,0.000,0.000,0.000,0.000,31.0,
6.11.2025,19:31:5.414,20.391,26.738,19.795,2.997,250.0,250.0,78.794,24.126,9.052,75.279,52.088,32.307,19.781,31.917,7.216,0.769,6.447,6.403,0.000,0.000,0.000,0.000,31.0,
6.11.2025,19:31:6.413,19.032,27.143,20.195,3.031,250.0,250.0,82.238,44.221,8.972,73.035,50.636,31.405,19.231,31.028,110.654,32.229,78.425,6.598,0.000,0.000,0.000,0.000,31.0,
6.11.2025,19:31:7.411,23.110,26.369,19.424,2.993,250.0,250.0,78.880,38.700,8.928,73.229,50.730,31.460,19.270,31.070,82.905,17.198,65.707,6.505,0.000,0.000,1.750,0.000,31.0,
6.11.2025,19:31:8.418,17.672,27.445,20.490,3.040,250.0,250.0,79.165,23.339,8.882,72.461,50.221,31.133,19.088,30.756,7.196,0.742,6.454,6.454,0.000,0.000,0.000,0.000,31.0,
6.11.2025,19:31:9.414,20.391,26.321,19.354,3.028,250.0,250.0,80.630,23.878,8.863,74.626,51.541,31.959,19.582,31.582,7.114,0.720,6.394,6.394,0.000,0.000,0.000,0.000,31.0,
6.11.2025,19:31:10.413,21.750,26.830,19.893,3.024,250.0,250.0,79.972,45.721,8.922,73.445,50.850,31.535,19.315,31.157,117.703,33.521,84.182,6.582,0.000,0.000,0.000,0.000,31.0,
6.11.2025,19:31:11.414,23.110,28.337,21.313,3.068,250.0,250.0,77.445,21.895,8.952,66.774,46.771,29.002,17.769,28.650,7.256,0.742,6.514,6.514,0.000,0.000,0.000,0.000,31.0,
6.11.2025,19:31:12.410,23.110,28.337,21.313,3.068,250.0,250.0,76.471,44.119,8.922,68.320,47.717,29.582,18.135,29.229,116.354,32.821,83.533,6.582,0.000,0.000,0.000,0.000,31.0,
6.11.2025,19:31:13.404,35.344,24.802,17.849,3.010,250.0,250.0,74.113,46.306,8.950,76.666,52.859,32.774,20.085,32.385,116.355,32.848,83.507,6.633,0.000,0.000,0.000,0.000,31.0,
6.11.2025,19:31:14.413,29.907,26.210,19.286,3.007,250.0,250.0,73.273,21.957,8.907,67.230,47.016,29.149,17.867,28.796,7.105,0.719,6.386,6.394,0.000,0.000,0.000,0.000,31.0,
6.11.2025,19:31:15.413,43.501,28.289,21.283,3.081,250.0,250.0,74.366,22.031,8.906,67.435,47.149,29.242,17.907,28.889,7.190,0.760,6.430,6.403,0.000,0.000,0.000,0.000,31.0,
6.11.2025,19:31:16.413,24.469,25.729,18.788,3.013,250.0,250.0,76.029,22.061,8.833,67.694,47.255,29.305,17.950,28.952,7.113,0.719,6.394,6.394,0.000,0.000,0.000,2.250,31.0,
6.11.2025,19:31:17.414,38.063,24.845,17.919,3.009,250.0,250.0,76.332,21.826,8.844,66.785,46.711,28.966,17.745,28.614,7.105,0.719,6.386,6.386,0.000,0.000,0.000,0.000,31.0,
6.11.2025,19:31:18.415,31.266,26.518,19.649,2.985,250.0,250.0,77.396,52.644,8.868,68.473,47.760,29.617,18.143,29.252,7.408,0.878,6.530,309.510,0.000,0.000,0.000,0.000,31.0,
6.11.2025,19:31:19.413,21.750,26.084,19.201,2.974,250.0,250.0,79.468,44.381,8.871,69.401,48.348,29.976,18.372,29.623,116.325,32.959,83.366,6.573,0.000,0.000,0.000,0.000,31.0,
6.11.2025,19:31:20.414,23.110,26.229,19.350,2.971,250.0,250.0,73.114,20.835,8.845,62.850,44.316,27.481,16.835,27.140,7.258,0.736,6.522,6.369,0.000,0.000,0.000,0.000,31.0,
6.11.2025,19:31:21.404,19.032,24.205,17.330,2.973,250.0,250.0,70.115,21.974,8.810,67.389,47.055,29.175,17.880,28.835,7.096,0.718,6.378,6.403,0.000,0.000,0.000,0.000,31.0,
6.11.2025,19:31:22.405,21.750,26.743,19.808,3.018,250.0,250.0,73.354,13.201,8.772,33.646,26.316,16.318,9.998,16.122,7.238,0.733,6.505,6.361,0.000,0.000,0.000,0.000,31.0,
6.11.2025,19:31:23.404,23.110,24.640,17.739,2.950,250.0,250.0,70.702,22.129,8.830,67.953,47.423,29.401,18.022,29.048,7.090,0.729,6.361,6.429,0.000,0.000,1.125,0.000,31.0,
6.11.2025,19:31:24.408,28.547,25.773,18.838,3.014,250.0,250.0,73.316,16.736,8.796,47.215,34.683,21.503,13.180,21.246,7.192,0.729,6.463,6.352,0.000,0.000,0.000,0.000,31.0,
6.11.2025,19:31:25.410,31.266,25.473,18.673,2.928,250.0,250.0,73.316,16.736,8.796,47.215,34.683,21.503,13.180,21.246,7.192,0.729,6.463,6.352,0.000,0.000,0.000,0.000,31.0,
6.11.2025,19:31:26.413,17.672,25.970,19.092,2.951,250.0,250.0,73.759,22.245,8.931,68.323,47.709,29.582,18.127,29.229,7.083,0.722,6.361,6.386,0.000,0.000,0.000,0.000,31.0,
6.11.2025,19:31:27.405,17.672,27.728,20.837,2.975,250.0,250.0,71.195,23.475,8.965,73.003,50.616,31.380,19.236,31.003,7.091,0.722,6.369,6.369,0.000,0.000,0.000,0.000,31.0,
6.11.2025,19:31:28.405,27.188,27.590,20.664,3.016,250.0,250.0,79.697,26.729,9.037,82.293,56.363,34.949,21.414,34.523,10.680,1.673,9.007,7.352,0.000,0.000,0.000,0.000,31.0,
6.11.2025,19:31:29.406,21.750,29.038,22.117,2.980,250.0,250.0,79.429,24.525,9.071,76.574,52.890,32.795,20.095,32.393,7.457,0.914,6.543,6.522,0.000,0.000,0.000,0.000,31.0,
6.11.2025,19:31:30.405,28.547,28.757,21.831,3.016,250.0,250.0,79.345,23.607,8.951,73.484,50.898,31.556,19.342,31.179,7.126,0.723,6.403,6.403,0.000,0.000,0.000,0.000,31.0,
6.11.2025,19:31:31.413,20.391,27.416,20.447,2.997,250.0,250.0,82.366,46.108,8.918,75.130,51.896,32.184,19.712,31.795,117.429,33.330,84.099,6.590,0.000,0.000,0.000,0.000,31.0,
6.11.2025,19:31:32.411,20.391,28.174,21.155,3.083,250.0,250.0,79.609,42.901,8.909,73.680,51.002,31.624,19.378,31.234,103.347,26.625,76.722,6.489,0.000,0.000,0.125,0.000,31.0,
6.11.2025,19:31:33.412,24.469,27.318,20.418,2.976,250.0,250.0,78.983,23.804,8.915,74.155,51.281,31.795,19.486,31.418,7.264,0.798,6.466,6.463,0.000,0.000,0.000,0.000,31.0,
6.11.2025,19:31:34.407,20.391,27.837,20.872,3.027,250.0,250.0,79.209,23.618,8.893,73.602,50.917,31.577,19.340,31.200,7.126,0.723,6.403,6.403,0.000,0.000,0.000,0.000,31.0,
6.11.2025,19:31:35.406,29.907,26.485,19.577,3.013,250.0,250.0,82.428,47.482,8.892,74.380,51.417,31.889,19.528,31.500,125.317,34.481,90.836,6.582,0.000,0.000,0.000,0.000,31.0,
6.11.2025,19:31:36.413,23.110,26.716,19.758,3.023,250.0,250.0,78.932,23.779,8.927,74.058,51.227,31.768,19.459,31.379,7.271,0.801,6.470,6.429,0.000,0.000,0.000,0.000,31.0,
6.11.2025,19:31:37.413,21.750,26.735,19.822,2.981,250.0,250.0,82.841,29.655,8.879,73.479,50.865,31.541,19.324,31.152,37.398,4.872,32.526,6.514,0.000,0.000,0.000,0.000,31.0,
6.11.2025,19:31:38.409,28.547,27.152,20.139,3.061,250.0,250.0,79.007,23.750,8.861,74.075,51.213,31.752,19.461,31.375,7.180,0.776,6.404,6.403,0.000,0.000,0.000,0.000,31.0,
6.11.2025,19:31:39.405,40.782,33.873,26.403,3.508,250.0,250.0,82.934,47.084,8.821,72.736,50.364,31.223,19.141,30.846,125.589,34.797,90.792,6.530,0.000,0.000,0.000,1.500,31.0,
6.11.2025,19:31:40.413,21.750,32.219,25.042,3.200,250.0,250.0,78.900,23.450,8.862,72.906,50.479,31.300,19.179,30.923,7.173,0.727,6.446,6.505,0.000,0.000,0.000,0.000,31.0,
6.11.2025,19:31:41.405,20.391,29.285,22.409,2.961,250.0,250.0,78.997,23.971,8.873,74.959,51.762,32.094,19.668,31.717,7.115,0.721,6.394,6.403,0.000,0.000,1.750,0.000,31.0,
6.11.2025,19:31:42.405,24.469,30.000,23.021,3.063,250.0,250.0,82.853,45.514,8.968,74.671,51.642,32.027,19.615,31.637,114.997,30.639,84.358,6.590,0.000,0.000,0.000,0.000,31.0,
6.11.2025,19:31:43.406,36.704,27.461,20.550,2.959,250.0,250.0,79.367,23.556,8.922,73.234,50.732,31.459,19.273,31.082,7.182,0.736,6.446,6.489,0.000,0.000,0.000,1.125,31.0,
6.11.2025,19:31:44.413,19.032,27.790,20.834,3.027,250.0,250.0,81.197,62.846,8.861,83.992,57.312,35.540,21.772,35.102,73.412,26.820,46.592,239.059,0.000,0.001,1.125,0.000,31.0,
6.11.2025,19:31:45.414,24.469,26.565,19.662,2.982,250.0,250.0,80.019,23.737,8.858,73.966,51.137,31.707,19.430,31.330,7.195,0.732,6.463,6.547,0.000,0.000,0.000,0.000,31.0,
6.11.2025,19:31:46.412,25.829,29.136,22.203,2.993,250.0,250.0,79.104,23.617,8.873,73.578,50.900,31.564,19.336,31.187,7.141,0.729,6.412,6.446,0.000,0.000,0.000,0.000,31.0,
6.11.2025,19:31:47.412,28.547,25.781,18.872,2.972,250.0,250.0,82.090,67.368,8.868,62.500,44.083,27.344,16.739,27.015,74.469,26.817,47.652,338.189,0.000,0.000,0.000,1.500,31.0,
6.11.2025,19:31:48.404,33.985,26.719,19.790,2.958,250.0,250.0,79.013,23.854,8.897,74.363,51.399,31.869,19.530,31.491,7.242,0.737,6.505,6.505,0.000,0.000,0.000,0.000,31.0,
6.11.2025,19:31:49.406,29.907,29.444,22.547,3.007,250.0,250.0,80.857,23.616,8.906,73.576,50.917,31.572,19.345,31.195,7.122,0.719,6.403,6.403,0.000,0.000,0.000,0.000,31.0,
6.11.2025,19:31:50.409,31.266,27.162,20.183,3.016,250.0,250.0,80.242,23.673,8.941,73.662,51.012,31.627,19.385,31.250,7.194,0.731,6.463,6.463,0.000,0.000,0.000,0.000,31.0,
6.11.2025,19:31:51.405,25.829,28.470,21.621,2.962,250.0,250.0,80.151,23.355,8.942,72.557,50.309,31.188,19.121,30.811,7.113,0.719,6.394,6.394,0.000,0.000,0.000,0.000,31.0,
6.11.2025,19:31:52.413,27.188,29.781,22.764,3.064,250.0,250.0,80.889,47.587,8.969,74.857,51.743,32.082,19.661,31.705,125.087,34.443,90.644,6.674,0.000,0.000,0.000,0.000,31.0,
6.11.2025,19:31:53.413,27.188,25.965,19.058,2.992,250.0,250.0,79.403,24.191,8.910,75.721,52.266,32.402,19.864,32.012,7.155,0.726,6.429,6.429,0.000,0.000,0.000,0.000,31.0,
6.11.2025,19:31:54.419,31.266,28.385,21.345,3.090,250.0,250.0,82.681,27.547,8.836,61.214,43.269,26.826,16.443,26.497,23.360,5.984,17.376,45.662,0.000,0.000,0.000,0.000,31.0,
6.11.2025,19:31:55.411,27.188,28.165,21.227,3.026,250.0,250.0,79.456,23.668,8.847,73.720,50.993,31.618,19.375,31.228,7.211,0.731,6.480,6.480,0.000,0.000,0.000,0.000,31.0,
6.11.2025,19:31:56.412,23.110,27.208,20.279,3.014,250.0,250.0,80.853,20.514,8.887,61.588,43.555,27.005,16.550,26.688,7.200,0.729,6.471,6.471,0.000,0.000,0.000,0.000,31.0,
6.11.2025,19:31:57.414,19.032,27.469,20.524,3.000,250.0,250.0,80.784,29.260,8.957,74.658,51.630,32.022,19.608,31.632,33.767,4.480,29.287,6.556,0.000,0.000,0.000,0.000,31.0,
6.11.2025,19:31:58.405,24.469,28.703,21.766,3.032,250.0,250.0,78.334,23.644,8.906,73.596,50.930,31.585,19.345,31.208,7.205,0.775,6.430,6.463,0.000,0.000,0.000,0.000,31.0,
6.11.2025,19:31:59.413,28.547,26.819,19.913,2.935,250.0,250.0,82.753,47.025,8.970,72.351,50.203,31.132,19.071,30.755,125.604,34.684,90.920,6.556,0.000,0.000,0.000,0.000,31.0,
6.11.2025,19:32:0.414,25.829,27.585,20.675,2.984,250.0,250.0,80.743,22.725,8.874,70.024,48.744,30.230,18.514,29.865,7.298,0.759,6.539,6.403,0.000,0.000,1.250,0.000,31.0,
6.11.2025,19:32:1.413,27.188,27.374,20.447,3.012,250.0,250.0,79.382,46.859,8.910,72.078,50.014,31.009,19.005,30.644,125.172,34.406,90.766,6.582,0.000,0.000,0.000,0.000,31.0,
6.11.2025,19:32:2.410,24.469,32.217,25.181,3.097,250.0,250.0,78.887,39.780,8.884,73.625,50.944,31.594,19.350,31.217,87.766,18.725,69.041,6.650,0.000,0.000,0.000,0.000,31.0,
6.11.2025,19:32:3.407,27.188,27.837,20.910,2.979,250.0,250.0,78.967,23.422,8.858,72.820,50.426,31.266,19.160,30.889,7.185,0.772,6.413,6.429,0.000,0.000,0.000,0.000,31.0,
6.11.2025,19:32:4.413,27.188,27.121,20.146,3.051,250.0,250.0,81.881,43.844,8.885,75.168,51.909,32.180,19.729,31.791,106.013,27.923,78.090,6.751,0.000,0.000,0.000,0.000,31.0,
6.11.2025,19:32:5.413,33.985,29.980,23.158,2.955,250.0,250.0,78.773,23.687,8.883,73.678,50.986,31.614,19.372,31.224,7.327,0.856,6.471,6.463,0.000,0.000,0.000,0.000,31.0,
6.11.2025,19:32:6.413,25.829,28.516,21.585,3.003,250.0,250.0,82.343,47.153,8.909,72.971,50.555,31.350,19.205,30.973,125.523,34.620,90.903,6.522,0.000,0.000,0.000,0.000,31.0,
6.11.2025,19:32:7.414,29.907,26.858,19.939,2.988,250.0,250.0,79.174,23.524,8.880,73.202,50.665,31.421,19.244,31.043,7.163,0.725,6.438,6.463,0.000,0.000,0.000,0.000,31.0,
6.11.2025,19:32:8.410,31.266,28.788,21.898,2.976,250.0,250.0,80.824,61.710,8.893,71.811,49.836,30.904,18.932,30.527,107.633,31.903,75.730,190.934,0.000,0.000,0.000,0.000,31.0,
6.11.2025,19:32:9.408,31.266,28.351,21.451,2.969,250.0,250.0,80.970,23.909,8.837,74.674,51.559,31.967,19.592,31.590,7.218,0.779,6.439,6.438,0.000,0.000,0.000,0.000,31.0,
6.11.2025,19:32:10.405,29.907,27.575,20.659,3.003,250.0,250.0,81.746,47.377,8.884,73.540,50.877,31.545,19.332,31.168,125.841,34.670,91.171,6.743,0.000,0.000,0.000,0.000,31.0,
6.11.2025,19:32:11.413,25.829,27.226,20.345,2.962,250.0,250.0,78.672,23.447,8.918,72.785,50.438,31.277,19.161,30.900,7.265,0.798,6.467,6.463,0.000,0.000,0.000,0.000,31.0,
6.11.2025,19:32:12.413,24.469,27.430,20.473,3.040,250.0,250.0,82.052,23.440,8.932,72.873,50.500,31.322,19.178,30.945,7.125,0.722,6.403,6.403,0.000,0.000,0.000,0.000,31.0,
6.11.2025,19:32:13.406,27.188,30.054,23.065,3.036,250.0,250.0,78.218,34.212,9.041,73.426,50.925,31.573,19.352,31.196,59.997,8.622,51.375,6.616,0.000,0.000,0.000,2.250,31.0,
6.11.2025,19:32:14.413,33.985,27.959,21.009,2.995,250.0,250.0,78.816,23.871,8.996,74.333,51.461,31.909,19.552,31.532,7.239,0.790,6.449,6.446,0.000,0.001,0.000,0.000,31.0,
6.11.2025,19:32:15.408,27.188,30.708,23.715,3.030,250.0,250.0,78.514,23.481,9.008,72.910,50.568,31.363,19.205,30.986,7.167,0.729,6.438,6.438,0.000,0.000,0.000,0.000,31.0,
6.11.2025,19:32:16.407,24.469,26.144,19.231,2.987,250.0,250.0,82.587,23.661,8.887,73.522,50.886,31.547,19.339,31.170,7.352,0.793,6.559,6.556,0.000,0.000,2.375,0.000,31.0,
6.11.2025,19:32:17.412,27.188,28.005,21.094,3.001,250.0,250.0,78.882,23.539,8.895,73.232,50.703,31.441,19.262,31.064,7.180,0.751,6.429,6.429,0.000,0.000,0.000,0.000,31.0,
6.11.2025,19:32:18.414,27.188,28.611,21.708,2.982,250.0,250.0,78.505,13.627,8.933,35.012,27.257,16.904,10.353,16.696,7.362,0.772,6.590,6.394,0.000,0.001,0.000,0.000,31.0,
6.11.2025,19:32:19.408,29.907,28.391,21.484,2.985,250.0,250.0,82.366,23.670,8.982,73.606,50.990,31.616,19.374,31.239,7.204,0.733,6.471,6.480,0.000,0.000,0.000,0.000,31.0,
6.11.2025,19:32:20.406,24.469,27.720,20.807,2.996,250.0,250.0,79.154,24.017,8.911,74.977,51.795,32.116,19.679,31.727,7.269,0.782,6.487,6.429,0.000,0.000,0.000,0.000,31.0,
6.11.2025,19:32:21.413,28.547,28.177,21.261,2.983,250.0,250.0,78.958,23.758,8.948,73.953,51.188,31.735,19.453,31.358,7.265,0.735,6.530,6.412,0.000,0.000,0.000,0.000,31.0,
6.11.2025,19:32:22.408,27.188,32.170,25.148,3.060,250.0,250.0,82.942,23.861,8.906,74.381,51.422,31.885,19.537,31.496,7.213,0.733,6.480,6.556,0.000,0.000,0.000,0.000,31.0,
6.11.2025,19:32:23.413,23.110,25.473,18.568,3.002,250.0,250.0,79.705,23.731,8.919,73.961,51.177,31.733,19.444,31.344,7.144,0.724,6.420,6.446,0.000,0.000,0.000,0.000,31.0,
6.11.2025,19:32:24.414,35.344,29.060,22.070,3.036,250.0,250.0,79.009,23.860,8.870,74.514,51.505,31.935,19.570,31.545,7.115,0.721,6.394,6.429,0.000,0.000,0.000,0.000,31.0,
6.11.2025,19:32:25.414,23.110,26.913,19.958,3.006,250.0,250.0,82.691,23.288,8.846,72.094,49.973,30.991,18.982,30.614,7.377,0.804,6.573,6.624,0.000,0.000,0.000,0.000,31.0,
6.11.2025,19:32:26.412,21.750,27.705,20.820,2.980,250.0,250.0,79.146,23.527,8.858,73.217,50.674,31.414,19.260,31.037,7.181,0.735,6.446,6.446,0.000,0.000,0.000,0.000,31.0,
6.11.2025,19:32:27.404,20.391,28.076,21.192,3.005,250.0,250.0,82.456,35.647,8.975,69.207,48.299,29.944,18.355,29.579,72.789,26.701,46.088,6.530,0.000,0.000,2.625,0.000,31.0,
6.11.2025,19:32:28.413,31.266,27.268,20.288,3.003,250.0,250.0,77.066,22.056,8.914,67.349,47.104,29.204,17.900,28.851,7.326,0.744,6.582,6.582,0.000,0.000,0.000,0.000,31.0,
6.11.2025,19:32:29.414,23.110,28.016,21.187,2.947,250.0,250.0,76.612,39.410,8.915,68.692,47.930,29.714,18.216,29.361,92.372,24.110,68.262,6.530,0.000,0.000,0.000,0.000,31.0,
6.11.2025,19:32:30.413,32.625,26.885,19.941,2.991,250.0,250.0,76.302,22.005,8.867,67.283,47.030,29.155,17.875,28.802,7.259,0.737,6.522,6.522,0.000,0.000,0.000,0.000,31.0,
6.11.2025,19:32:31.413,42.141,25.968,19.096,2.973,250.0,250.0,76.169,41.700,8.805,67.958,47.419,29.398,18.021,29.046,104.881,28.919,75.962,6.590,0.000,0.000,0.000,0.000,31.0,
6.11.2025,19:32:32.418,29.907,31.090,24.068,3.048,250.0,250.0,76.399,25.197,8.844,58.783,41.785,25.909,15.876,25.592,26.071,6.961,19.110,23.037,0.000,0.000,0.000,0.000,31.0,
6.11.2025,19:32:33.411,29.907,26.110,19.250,2.961,250.0,250.0,75.527,36.351,8.883,82.123,56.174,34.833,21.341,34.419,59.639,21.957,37.682,6.463,0.000,0.000,1.250,0.000,31.0,
6.11.2025,19:32:34.412,28.547,26.145,19.186,3.027,250.0,250.0,74.033,22.345,8.930,68.677,47.932,29.723,18.209,29.358,7.115,0.721,6.394,6.394,0.000,0.000,0.000,0.000,31.0,
6.11.2025,19:32:35.413,25.829,25.662,18.800,2.942,250.0,250.0,76.845,82.514,9.072,94.534,63.895,39.620,24.275,39.146,35.132,11.486,23.646,484.333,0.000,0.000,0.000,0.000,31.0,
6.11.2025,19:32:36.413,28.547,27.474,20.611,2.984,250.0,250.0,80.692,25.858,8.992,67.502,47.250,29.293,17.957,28.940,26.031,2.993,23.038,6.582,0.000,0.000,0.000,0.000,31.0,
6.11.2025,19:32:37.403,25.829,27.694,20.856,2.896,250.0,250.0,74.000,24.145,9.037,67.162,47.057,29.177,17.880,28.836,17.866,1.951,15.915,6.565,0.000,0.000,0.000,0.000,31.0,
6.11.2025,19:32:38.413,27.188,25.696,18.878,2.901,250.0,250.0,73.472,27.755,8.830,67.075,46.855,29.059,17.796,28.707,36.351,12.283,24.068,6.523,0.000,0.000,0.000,0.000,31.0,
6.11.2025,19:32:39.408,27.188,29.612,22.659,3.053,250.0,250.0,70.977,22.460,8.881,69.185,48.210,29.897,18.313,29.532,7.088,0.719,6.369,6.403,0.000,0.001,0.000,0.000,31.0,
6.11.2025,19:32:40.403,27.188,33.560,26.096,3.468,250.0,250.0,70.665,33.392,8.919,67.179,46.997,29.140,17.857,28.787,64.205,11.828,52.377,6.633,0.000,0.000,0.000,0.000,31.0,
6.11.2025,19:32:41.413,28.547,28.760,21.762,3.041,250.0,250.0,73.287,13.459,8.926,34.428,26.901,16.678,10.223,16.470,7.303,0.738,6.565,6.361,0.000,0.000,0.000,0.000,31.0,
6.11.2025,19:32:42.413,32.625,30.140,23.212,2.986,250.0,250.0,70.482,22.024,9.129,67.227,47.168,29.241,17.927,28.888,7.122,0.719,6.403,6.420,0.000,0.000,0.000,0.875,31.0,
6.11.2025,19:32:43.413,21.750,26.111,19.312,2.883,250.0,250.0,70.587,17.805,9.008,51.149,37.257,23.096,14.161,22.815,7.088,0.745,6.343,6.386,0.000,0.000,0.000,0.000,31.0,
6.11.2025,19:32:44.413,43.501,28.356,21.269,3.076,250.0,250.0,52.390,45.734,4.389,106.103,68.427,42.433,25.994,41.921,80.516,19.257,61.259,7.038,0.003,0.000,0.000,2.625,31.0,
6.11.2025,19:32:45.414,27.188,27.271,19.949,3.000,250.0,250.0,120.721,45.734,9.177,120.268,80.075,49.654,30.421,49.045,17.709,1.319,16.390,16.426,0.000,0.000,0.000,0.000,31.0,
6.11.2025,19:32:46.412,31.266,28.070,21.137,3.031,250.0,250.0,126.930,36.969,8.976,74.581,51.591,31.989,19.602,31.611,71.948,23.248,48.700,7.446,0.000,0.000,1.125,0.000,31.0,
6.11.2025,19:32:47.406,21.750,27.384,20.409,3.007,250.0,250.0,81.739,36.969,8.968,74.011,51.237,31.777,19.460,31.388,8.132,0.917,7.215,7.095,0.000,0.000,0.000,0.000,31.0,
6.11.2025,19:32:48.413,31.266,28.849,21.938,2.987,250.0,250.0,80.082,24.020,8.933,76.594,52.818,32.750,20.068,32.348,7.415,0.742,6.673,6.751,0.000,0.000,0.000,0.000,31.0,
6.11.2025,19:32:49.411,31.266,28.849,21.938,2.987,250.0,250.0,80.082,24.509,8.933,76.594,52.818,32.750,20.068,32.348,7.415,0.742,6.673,6.751,0.000,0.000,1.875,0.375,31.0,
6.11.2025,19:32:50.411,32.625,27.160,20.298,2.959,250.0,250.0,79.430,23.593,8.917,73.455,50.852,31.533,19.319,31.156,7.126,0.723,6.403,6.446,0.000,0.000,0.000,0.000,31.0,
6.11.2025,19:32:51.410,43.501,26.358,19.440,2.989,250.0,250.0,82.282,24.080,9.031,75.177,52.011,32.251,19.760,31.861,7.145,0.725,6.420,6.420,0.000,0.000,0.000,0.000,31.0,
6.11.2025,19:32:52.406,28.547,29.488,22.500,3.041,250.0,250.0,79.098,23.711,8.930,73.703,51.023,31.638,19.385,31.261,7.333,0.825,6.508,6.505,0.000,0.000,0.000,0.000,31.0,
6.11.2025,19:32:53.405,25.829,29.034,22.036,3.023,250.0,250.0,80.805,25.323,8.921,73.682,51.004,31.629,19.375,31.240,15.401,2.080,13.321,6.582,0.000,0.000,0.000,0.000,31.0,
6.11.2025,19:32:54.413,20.391,30.322,23.346,3.067,250.0,250.0,79.055,23.829,8.857,74.234,51.310,31.818,19.492,31.428,7.322,0.814,6.508,6.505,0.000,0.000,0.000,0.000,31.0,
6.11.2025,19:32:55.414,32.625,27.941,20.975,3.003,250.0,250.0,79.225,23.683,8.859,73.741,51.008,31.632,19.376,31.254,7.246,0.782,6.464,6.463,0.000,0.000,0.000,0.000,31.0,
6.11.2025,19:32:56.413,21.750,27.632,20.729,2.991,250.0,250.0,81.994,22.278,8.897,68.412,47.759,29.615,18.144,29.249,7.144,0.724,6.420,6.420,0.000,0.000,0.000,0.000,31.0,
6.11.2025,19:32:57.408,28.547,28.525,21.618,2.976,250.0,250.0,77.811,16.497,8.808,46.207,34.073,21.125,12.948,20.868,7.248,0.802,6.446,6.446,0.000,0.000,0.000,0.000,31.0,
6.11.2025,19:32:58.407,24.469,26.791,19.854,2.994,250.0,250.0,77.777,47.637,8.987,74.775,51.723,32.065,19.658,31.676,125.446,34.510,90.936,6.590,0.002,0.000,0.000,0.000,31.0,
6.11.2025,19:32:59.409,27.188,28.073,21.185,2.989,250.0,250.0,78.412,24.311,8.974,76.020,52.491,32.553,19.938,32.151,7.243,0.785,6.458,6.497,0.000,0.000,0.000,0.000,31.0,
6.11.2025,19:33:0.406,23.110,27.807,20.898,2.986,250.0,250.0,81.737,22.351,8.918,68.659,47.932,29.719,18.213,29.354,7.142,0.722,6.420,6.429,0.000,0.000,0.000,0.000,31.0,
6.11.2025,19:33:1.413,19.032,26.769,19.841,2.983,250.0,250.0,78.116,20.013,8.865,59.762,42.439,26.311,16.128,25.995,7.105,0.719,6.386,6.420,0.000,0.000,0.000,0.000,31.0,
6.11.2025,19:33:2.402,28.547,29.040,22.055,3.045,250.0,250.0,78.886,34.824,8.816,75.848,52.280,32.421,19.859,32.032,60.043,8.622,51.421,6.896,0.000,0.000,1.875,0.000,31.0,
6.11.2025,19:33:3.408,21.750,27.736,20.782,2.996,250.0,250.0,79.056,23.948,8.832,74.780,51.635,32.022,19.613,31.633,7.239,0.782,6.457,6.489,0.000,0.000,0.000,0.000,31.0,
6.11.2025,19:33:4.409,23.110,27.258,20.334,3.012,250.0,250.0,81.998,24.243,8.933,75.866,52.371,32.472,19.899,32.083,7.191,0.778,6.413,6.429,0.000,0.000,0.000,0.000,31.0,
6.11.2025,19:33:5.407,24.469,27.195,20.154,3.067,250.0,250.0,80.217,23.925,8.965,52.356,37.916,23.515,14.401,23.234,7.337,0.866,6.471,64.193,0.000,0.000,0.000,0.000,31.0,
6.11.2025,19:33:6.412,28.547,28.147,21.278,2.983,250.0,250.0,79.349,23.584,8.942,73.376,50.837,31.527,19.310,31.138,7.142,0.722,6.420,6.429,0.000,0.000,0.000,0.000,31.0,
6.11.2025,19:33:7.421,21.750,27.155,20.173,3.022,250.0,250.0,82.879,47.498,9.003,73.949,51.230,31.768,19.462,31.378,125.722,34.680,91.042,6.751,0.000,0.000,0.000,0.000,31.0,
6.11.2025,19:33:8.413,21.750,27.959,21.001,3.033,250.0,250.0,79.479,23.771,8.961,73.711,51.055,31.658,19.397,31.268,7.562,0.909,6.653,6.539,0.000,0.000,0.000,0.000,31.0,
6.11.2025,19:33:9.416,27.188,28.588,21.666,3.001,250.0,250.0,79.540,24.810,8.918,77.998,53.691,33.291,20.400,32.889,7.235,0.786,6.449,6.446,0.000,0.001,0.000,2.250,31.0,
6.11.2025,19:33:10.410,23.110,28.107,21.166,2.994,250.0,250.0,79.852,16.085,8.850,44.635,33.138,20.545,12.593,20.300,7.189,0.777,6.412,6.412,0.000,0.000,0.000,0.625,31.0,
6.11.2025,19:33:11.409,23.110,26.000,19.148,2.954,250.0,250.0,79.355,23.902,8.863,74.656,51.557,31.966,19.591,31.577,7.195,0.774,6.421,6.420,0.000,0.000,0.000,0.000,31.0,
6.11.2025,19:33:12.413,29.907,30.715,23.699,3.056,250.0,250.0,83.334,47.488,8.847,74.692,51.578,31.976,19.602,31.587,124.951,34.215,90.736,6.700,0.000,0.000,2.625,0.000,31.0,
6.11.2025,19:33:13.404,29.907,26.812,19.900,2.961,250.0,250.0,79.883,25.581,8.811,74.845,51.661,32.031,19.630,31.641,15.300,2.000,13.300,6.590,0.000,0.000,0.000,0.000,31.0,
6.11.2025,19:33:14.406,24.469,28.796,21.783,3.074,250.0,250.0,78.899,23.480,8.869,72.816,50.436,31.271,19.165,30.894,7.433,0.908,6.525,6.480,0.000,0.000,0.000,0.000,31.0,
6.11.2025,19:33:15.404,39.422,28.545,21.602,3.007,250.0,250.0,79.204,23.730,8.863,73.900,51.113,31.693,19.420,31.315,7.265,0.798,6.467,6.463,0.000,0.000,0.000,1.000,31.0,
6.11.2025,19:33:16.406,24.469,26.488,19.607,2.958,250.0,250.0,79.385,23.829,8.785,74.408,51.369,31.853,19.516,31.464,7.223,0.776,6.447,6.446,0.000,0.000,0.000,0.000,31.0,
6.11.2025,19:33:17.414,38.063,28.590,21.649,2.973,250.0,250.0,82.149,40.438,8.797,71.825,49.774,30.867,18.907,30.490,93.652,30.386,63.266,6.420,0.000,0.000,0.000,0.000,31.0,
6.11.2025,19:33:18.413,16.313,25.685,18.795,2.956,250.0,250.0,78.729,13.867,8.781,35.992,27.760,17.220,10.540,17.013,7.482,0.756,6.726,6.403,0.000,0.000,0.000,0.000,31.0,
6.11.2025,19:33:19.418,19.032,28.066,21.225,2.951,250.0,250.0,79.064,37.777,8.795,74.959,51.715,32.060,19.655,31.671,76.053,14.785,61.268,6.811,0.000,0.000,0.000,0.000,31.0,
6.11.2025,19:33:20.411,14.953,25.956,19.100,2.949,250.0,250.0,79.177,23.413,8.807,72.768,50.380,31.230,19.150,30.853,7.229,0.779,6.450,6.489,0.000,0.001,0.000,0.000,31.0,
6.11.2025,19:33:21.407,19.032,28.656,21.715,2.983,250.0,250.0,80.743,30.465,8.942,74.452,51.497,31.930,19.567,31.540,7.400,0.793,6.607,71.919,0.000,0.000,0.000,0.000,31.0,
6.11.2025,19:33:22.413,17.672,27.109,20.059,3.059,250.0,250.0,82.298,47.245,8.990,73.264,50.793,31.501,19.292,31.123,125.328,34.567,90.761,6.828,0.000,0.000,0.000,0.000,31.0,
6.11.2025,19:33:23.414,29.907,27.709,20.779,3.013,250.0,250.0,79.698,24.199,8.950,75.619,52.232,32.388,19.844,31.999,7.241,0.792,6.449,6.480,0.000,0.000,0.000,0.000,31.0,
6.11.2025,19:33:24.414,16.313,26.726,19.697,3.075,250.0,250.0,83.167,13.920,8.819,36.295,27.971,17.345,10.626,17.137,7.303,0.738,6.565,6.403,0.000,0.000,0.000,0.000,31.0,
6.11.2025,19:33:25.412,33.985,26.803,19.884,3.011,250.0,250.0,79.624,23.295,8.793,72.151,49.976,30.990,18.986,30.613,7.431,0.832,6.599,6.582,0.000,0.000,0.000,0.000,31.0,
6.11.2025,19:33:26.405,16.313,27.131,20.221,2.986,250.0,250.0,79.665,23.744,8.782,74.136,51.201,31.750,19.451,31.373,7.153,0.724,6.429,6.438,0.000,0.000,0.000,0.000,31.0,
6.11.2025,19:33:27.414,29.907,25.109,18.115,3.033,250.0,250.0,82.897,28.412,8.797,51.919,37.556,23.294,14.262,23.014,21.085,5.613,15.472,83.107,0.000,0.000,0.000,0.000,31.0,
6.11.2025,19:33:28.414,24.469,25.686,18.785,3.001,250.0,250.0,79.282,24.627,8.878,77.134,53.121,32.941,20.180,32.540,7.458,0.854,6.604,6.556,0.000,0.000,0.000,0.000,31.0,
6.11.2025,19:33:29.408,24.469,27.294,20.387,3.007,250.0,250.0,80.473,24.526,8.853,76.971,53.020,32.873,20.147,32.472,7.244,0.765,6.479,6.438,0.000,0.000,1.625,0.000,31.0,
6.11.2025,19:33:30.407,27.188,25.923,18.944,3.034,250.0,250.0,82.035,23.626,8.901,73.592,50.934,31.584,19.350,31.195,7.142,0.722,6.420,6.420,0.000,0.000,0.000,0.000,31.0,
6.11.2025,19:33:31.413,29.907,27.584,20.705,3.004,250.0,250.0,80.296,61.792,8.815,60.245,42.685,26.468,16.217,26.139,64.641,23.490,41.151,308.066,0.000,0.000,0.000,0.000,31.0,
6.11.2025,19:33:32.405,36.704,28.390,21.290,3.119,250.0,250.0,79.083,24.052,8.830,75.031,51.779,32.111,19.668,31.721,7.382,0.766,6.616,6.616,0.000,0.000,0.000,0.375,31.0,
6.11.2025,19:33:33.405,23.110,26.067,19.166,3.010,250.0,250.0,79.229,24.478,8.770,76.907,52.917,32.809,20.108,32.407,7.200,0.737,6.463,6.463,0.000,0.000,1.125,0.000,31.0,
6.11.2025,19:33:34.409,21.750,29.113,22.051,3.085,250.0,250.0,82.761,45.159,8.785,83.230,56.812,35.223,21.589,34.797,86.386,29.424,56.962,38.381,0.000,0.000,0.000,0.000,31.0,
6.11.2025,19:33:35.410,28.547,25.985,19.052,3.023,250.0,250.0,79.306,33.365,8.822,73.728,50.975,31.607,19.368,31.217,55.539,7.778,47.761,6.853,0.000,0.000,0.000,0.000,31.0,
6.11.2025,19:33:36.406,24.469,28.568,21.593,3.029,250.0,250.0,79.534,23.551,8.833,73.197,50.652,31.403,19.249,31.026,7.294,0.794,6.500,6.565,0.000,0.000,0.000,0.000,31.0,
6.11.2025,19:33:37.403,23.110,26.348,19.402,3.016,250.0,250.0,79.250,23.828,8.834,74.342,51.365,31.846,19.519,31.457,7.221,0.775,6.446,6.471,0.000,0.000,0.000,0.250,31.0,
6.11.2025,19:33:38.413,25.829,26.506,19.581,3.025,250.0,250.0,80.089,23.745,8.808,74.115,51.211,31.756,19.455,31.367,7.152,0.723,6.429,6.438,0.000,0.000,1.750,0.000,31.0,
6.11.2025,19:33:39.406,25.829,26.301,19.330,3.009,250.0,250.0,82.033,24.850,8.796,73.936,51.084,31.680,19.404,31.303,12.796,1.654,11.142,6.709,0.000,0.000,0.000,2.125,31.0,
6.11.2025,19:33:40.414,29.907,26.448,19.498,3.044,250.0,250.0,79.240,23.465,8.804,73.010,50.513,31.324,19.189,30.935,7.199,0.736,6.463,6.480,0.000,0.000,0.000,0.000,31.0,
6.11.2025,19:33:41.404,32.625,30.375,23.182,3.267,250.0,250.0,82.954,23.400,8.796,52.756,38.058,23.598,14.460,23.318,7.224,0.795,6.429,58.570,0.000,0.000,0.000,0.000,31.0,
6.11.2025,19:33:42.406,36.704,34.297,26.646,3.631,250.0,250.0,80.477,42.830,8.844,73.997,51.150,31.712,19.438,31.335,102.508,26.157,76.351,6.811,0.000,0.000,0.000,0.000,31.0,
6.11.2025,19:33:43.414,25.829,27.981,20.841,3.159,250.0,250.0,79.877,24.058,8.846,75.038,51.804,32.126,19.678,31.737,7.389,0.834,6.555,6.573,0.000,0.000,0.000,0.000,31.0,
6.11.2025,19:33:44.414,20.391,24.820,17.765,3.109,250.0,250.0,82.020,23.957,8.894,74.724,51.618,32.007,19.611,31.630,7.322,0.835,6.487,6.446,0.000,0.000,0.000,0.250,31.0,
6.11.2025,19:33:45.414,35.344,27.510,20.529,3.051,250.0,250.0,80.827,38.910,8.942,73.457,50.884,31.558,19.326,31.181,7.138,0.735,6.403,159.475,0.000,0.000,1.750,0.000,31.0,
6.11.2025,19:33:46.407,35.344,28.585,21.684,3.023,250.0,250.0,79.926,24.018,8.918,74.878,51.743,32.090,19.653,31.701,7.334,0.801,6.533,6.530,0.000,0.000,0.000,0.000,31.0,
6.11.2025,19:33:47.413,24.469,25.085,18.096,3.020,250.0,250.0,79.259,22.211,8.918,68.111,47.576,29.497,18.079,29.144,7.171,0.725,6.446,6.446,0.000,0.000,0.000,0.000,31.0,
6.11.2025,19:33:48.414,27.188,25.187,18.326,2.952,250.0,250.0,77.432,22.630,8.881,69.778,48.587,30.123,18.464,29.758,7.143,0.723,6.420,6.420,0.000,0.000,0.000,0.000,31.0,
6.11.2025,19:33:49.414,25.829,24.942,18.131,2.908,250.0,250.0,77.419,22.115,8.879,67.765,47.330,29.354,17.976,29.001,7.193,0.730,6.463,6.463,0.000,0.000,0.000,1.125,31.0,
6.11.2025,19:33:50.414,21.750,26.381,19.491,2.963,250.0,250.0,77.165,22.311,8.867,68.394,47.712,29.581,18.131,29.228,7.318,0.753,6.565,6.565,0.000,0.000,0.000,0.000,31.0,
6.11.2025,19:33:51.413,17.672,24.861,18.066,2.933,250.0,250.0,77.280,41.640,8.904,67.628,47.280,29.313,17.967,28.960,104.875,29.033,75.842,6.598,0.000,0.000,0.000,0.000,31.0,
6.11.2025,19:33:52.412,21.750,29.255,22.243,3.028,250.0,250.0,77.195,22.335,8.845,68.557,47.801,29.640,18.161,29.287,7.270,0.748,6.522,6.522,0.000,0.000,0.000,0.000,31.0,
6.11.2025,19:33:53.415,28.547,24.613,17.734,2.969,250.0,250.0,76.721,38.283,8.907,69.574,48.473,30.055,18.418,29.690,85.516,20.483,65.033,6.683,0.000,0.000,0.000,0.000,31.0,
6.11.2025,19:33:54.414,17.672,25.699,18.774,3.016,250.0,250.0,77.292,23.119,8.931,71.400,49.612,30.762,18.850,30.385,7.349,0.792,6.557,6.556,0.000,0.000,0.000,0.000,31.0,
6.11.2025,19:33:55.404,19.032,29.230,22.251,3.035,250.0,250.0,77.221,22.246,8.869,68.076,47.516,29.467,18.049,29.114,7.373,0.749,6.624,6.624,0.000,0.000,0.000,0.000,31.0,
6.11.2025,19:33:56.405,13.594,25.669,18.792,2.967,250.0,250.0,74.229,34.392,8.794,67.418,47.073,29.183,17.890,28.830,69.037,25.456,43.581,6.658,0.000,0.000,0.000,0.000,31.0,
6.11.2025,19:33:57.405,20.391,24.955,18.094,2.943,250.0,250.0,73.738,20.387,8.832,61.244,43.330,26.868,16.462,26.539,7.105,0.719,6.386,6.386,0.000,0.000,0.000,0.000,31.0,
6.11.2025,19:33:58.413,19.032,27.041,20.265,2.903,250.0,250.0,73.945,21.944,8.902,67.137,46.964,29.123,17.841,28.770,7.143,0.723,6.420,6.420,0.000,0.000,0.000,0.000,31.0,
6.11.2025,19:33:59.407,19.032,27.682,20.840,2.941,250.0,250.0,71.053,43.580,8.884,68.424,47.755,29.613,18.142,29.248,113.632,32.376,81.256,6.471,0.000,0.000,0.375,0.000,31.0,
6.11.2025,19:34:0.414,35.344,26.809,19.923,2.929,250.0,250.0,73.917,30.069,8.915,68.208,47.633,29.536,18.097,29.171,7.105,0.719,6.386,84.918,0.000,0.000,0.000,0.000,31.0,
6.11.2025,19:34:1.413,23.110,24.793,17.968,2.915,250.0,250.0,77.403,22.883,8.844,70.750,49.166,30.493,18.673,30.127,7.190,0.786,6.404,6.403,0.000,0.000,0.000,0.000,31.0,
6.11.2025,19:34:2.404,21.750,28.201,21.190,3.099,250.0,250.0,71.354,13.457,8.804,34.719,26.990,16.739,10.251,16.544,7.084,0.732,6.352,6.352,0.000,0.000,0.000,0.000,31.0,
6.11.2025,19:34:3.414,27.188,28.115,21.062,3.096,250.0,250.0,64.827,23.822,8.848,74.298,51.355,31.843,19.512,31.453,7.219,0.789,6.430,6.471,0.000,0.000,0.000,0.000,31.0,
6.11.2025,19:34:4.412,19.032,28.415,21.426,3.072,250.0,250.0,79.974,47.400,8.883,47.230,34.751,21.544,13.207,21.287,7.115,0.729,6.386,312.868,0.000,0.000,0.000,0.000,31.0,
6.11.2025,19:34:5.409,21.750,26.763,19.825,3.013,250.0,250.0,82.931,23.737,8.890,73.860,51.090,31.676,19.414,31.298,7.304,0.804,6.500,6.530,0.000,0.000,0.000,0.000,31.0,
6.11.2025,19:34:6.413,19.032,26.559,19.640,3.016,250.0,250.0,79.323,24.044,8.917,75.156,51.906,32.195,19.711,31.806,7.149,0.754,6.395,6.454,0.000,0.000,0.000,0.000,31.0,
6.11.2025,19:34:7.412,28.547,26.499,19.612,2.976,250.0,250.0,81.226,53.417,8.950,54.445,39.198,24.301,14.897,24.008,7.845,1.006,6.839,352.679,0.000,0.000,0.000,0.000,31.0,
6.11.2025,19:34:8.410,23.110,27.935,20.993,3.013,250.0,250.0,80.534,33.503,8.894,74.095,51.238,31.770,19.468,31.392,55.738,7.827,47.911,6.700,0.000,0.000,0.000,0.000,31.0,
6.11.2025,19:34:9.415,21.750,27.786,20.916,2.978,250.0,250.0,79.495,23.612,8.866,73.573,50.904,31.564,19.340,31.175,7.134,0.722,6.412,6.429,0.000,0.000,0.000,0.000,31.0,
6.11.2025,19:34:10.414,17.672,27.642,20.686,3.022,250.0,250.0,83.247,47.986,8.820,76.136,52.479,32.544,19.935,32.142,125.486,34.715,90.771,6.828,0.000,0.000,0.000,0.000,31.0,
6.11.2025,19:34:11.413,17.672,26.904,20.048,2.966,250.0,250.0,80.748,24.522,8.795,76.991,52.977,32.844,20.133,32.455,7.274,0.803,6.471,6.480,0.000,0.000,0.625,0.000,31.0,
6.11.2025,19:34:12.414,20.391,30.705,23.626,3.107,250.0,250.0,83.031,30.625,8.854,64.224,45.151,27.991,17.160,27.650,53.091,19.388,33.703,9.036,0.000,0.000,0.000,0.000,31.0,
6.11.2025,19:34:13.416,27.188,26.456,19.447,3.094,250.0,250.0,81.535,24.155,8.821,75.589,52.116,32.311,19.805,31.921,7.241,0.736,6.505,6.505,0.000,0.000,0.000,1.375,31.0,
6.11.2025,19:34:14.413,20.391,28.425,21.426,3.057,250.0,250.0,83.760,26.361,8.819,52.206,37.741,23.410,14.331,23.129,7.342,0.939,6.403,89.291,0.000,0.000,0.000,0.000,31.0,
6.11.2025,19:34:15.411,32.625,28.963,22.009,3.015,250.0,250.0,80.948,24.282,8.846,75.951,52.352,32.460,19.892,32.070,7.334,0.752,6.582,6.582,0.000,0.000,0.000,1.125,31.0,
6.11.2025,19:34:16.406,28.547,27.452,20.510,3.023,250.0,250.0,80.049,24.292,8.806,76.110,52.440,32.522,19.918,32.133,7.241,0.736,6.505,6.505,0.000,0.000,0.000,0.000,31.0,
6.11.2025,19:34:17.407,27.188,27.480,20.478,3.056,250.0,250.0,83.735,25.766,8.856,75.491,52.099,32.299,19.800,31.910,15.294,2.004,13.290,6.616,0.000,0.000,0.000,0.000,31.0,
6.11.2025,19:34:18.405,33.985,27.612,20.653,3.062,250.0,250.0,80.964,23.989,8.869,75.002,51.789,32.113,19.676,31.736,7.143,0.723,6.420,6.420,0.000,0.000,0.000,0.000,31.0,
6.11.2025,19:34:19.413,17.672,26.898,19.962,3.004,250.0,250.0,81.844,24.224,8.881,75.777,52.287,32.416,19.871,32.027,7.233,0.736,6.497,6.514,0.000,0.000,0.000,0.000,31.0,
6.11.2025,19:34:20.413,21.750,26.867,19.899,3.055,250.0,250.0,80.316,24.124,8.819,75.562,52.113,32.317,19.796,31.928,7.136,0.724,6.412,6.438,0.000,0.000,0.375,0.000,31.0,
6.11.2025,19:34:21.405,14.953,25.533,18.578,3.007,250.0,250.0,82.315,22.458,8.826,47.346,34.751,21.548,13.203,21.280,7.664,0.836,6.828,62.301,0.000,0.000,0.000,0.000,31.0,
6.11.2025,19:34:22.418,27.188,29.901,22.895,3.095,250.0,250.0,79.775,41.366,8.854,75.997,52.396,32.493,19.903,32.104,92.504,20.909,71.595,6.904,0.000,0.000,0.125,0.000,31.0,
6.11.2025,19:34:23.413,27.188,26.357,19.361,3.057,250.0,250.0,80.314,24.243,8.830,75.944,52.357,32.468,19.889,32.067,7.202,0.739,6.463,6.471,0.000,0.000,0.000,0.375,31.0,
6.11.2025,19:34:24.413,32.625,27.521,20.479,3.088,250.0,250.0,83.921,14.734,8.783,39.342,29.848,18.510,11.338,18.277,7.413,0.789,6.624,6.412,0.000,0.000,0.000,0.000,31.0,
6.11.2025,19:34:25.406,32.625,26.518,19.554,3.038,250.0,250.0,79.757,24.116,8.844,75.193,51.894,32.183,19.711,31.794,7.435,0.845,6.590,6.667,0.000,0.000,0.000,0.000,31.0,
6.11.2025,19:34:26.408,32.625,26.518,19.554,3.038,250.0,250.0,83.283,24.116,8.843,76.124,52.473,32.533,19.940,32.144,7.657,0.873,6.784,6.633,0.000,0.000,1.000,0.000,31.0,
6.11.2025,19:34:27.414,36.704,27.142,20.175,3.027,250.0,250.0,80.194,24.400,8.879,75.329,51.992,32.236,19.756,31.847,7.155,0.726,6.429,6.463,0.000,0.000,0.000,0.000,31.0,
6.11.2025,19:34:28.408,39.422,27.905,20.963,3.015,250.0,250.0,80.194,24.081,8.879,75.329,51.992,32.236,19.756,31.847,7.155,0.726,6.429,6.463,0.000,0.000,0.000,0.000,31.0,
6.11.2025,19:34:29.424,25.829,26.435,19.502,2.996,250.0,250.0,83.245,17.415,8.806,49.808,36.284,22.502,13.782,22.221,7.170,0.724,6.446,6.403,0.000,0.000,0.000,0.000,31.0,
6.11.2025,19:34:30.413,27.188,28.302,21.386,3.027,250.0,250.0,79.221,25.466,8.912,75.272,51.974,32.225,19.749,31.836,14.056,1.730,12.326,6.582,0.000,0.000,0.000,0.750,31.0,
6.11.2025,19:34:31.411,20.391,28.309,21.343,3.024,250.0,250.0,79.903,23.589,8.905,73.417,50.832,31.519,19.313,31.141,7.162,0.724,6.438,6.438,0.000,0.000,0.000,0.000,31.0,
6.11.2025,19:34:32.413,21.750,28.661,21.698,3.024,250.0,250.0,82.346,22.436,8.982,66.153,46.411,28.782,17.629,28.429,7.343,0.940,6.403,13.286,0.000,0.000,0.000,0.000,31.0,
6.11.2025,19:34:33.413,43.501,28.133,21.138,3.077,250.0,250.0,79.761,24.537,8.886,77.008,53.043,32.887,20.156,32.485,7.211,0.731,6.480,6.480,0.000,0.000,0.000,0.000,31.0,
6.11.2025,19:34:34.414,17.672,26.504,19.524,3.054,250.0,250.0,83.997,23.880,8.809,74.651,51.529,31.952,19.577,31.575,7.142,0.722,6.420,6.420,0.000,0.000,0.000,0.000,31.0,
6.11.2025,19:34:35.414,21.750,29.599,22.589,3.096,250.0,250.0,80.364,24.197,8.809,75.788,52.235,32.390,19.845,32.001,7.211,0.731,6.480,6.480,0.000,0.000,0.000,0.000,31.0,
6.11.2025,19:34:36.413,33.985,26.407,19.435,3.043,250.0,250.0,83.668,47.783,8.842,75.331,51.976,32.222,19.754,31.832,125.588,34.710,90.878,6.700,0.000,0.000,0.000,1.000,31.0,
6.11.2025,19:34:37.409,21.750,27.535,20.601,3.018,250.0,250.0,79.780,24.259,8.854,76.052,52.421,32.499,19.922,32.110,7.152,0.723,6.429,6.429,0.000,0.000,0.000,0.000,31.0,
6.11.2025,19:34:38.413,17.672,26.796,19.856,3.036,250.0,250.0,83.234,24.101,8.868,75.361,51.998,32.245,19.753,31.855,7.220,0.731,6.489,6.489,0.000,0.000,0.000,0.000,31.0,
6.11.2025,19:34:39.404,24.469,26.848,19.897,3.026,250.0,250.0,83.435,84.621,8.881,64.972,45.629,28.293,17.336,27.952,86.565,29.449,57.116,480.013,0.000,0.000,0.000,0.000,31.0,
6.11.2025,19:34:40.413,16.313,26.584,19.627,3.024,250.0,250.0,79.599,24.275,8.869,76.038,52.413,32.501,19.912,32.112,7.223,0.776,6.447,6.454,0.000,0.000,0.000,0.000,31.0,
6.11.2025,19:34:41.412,21.750,26.951,20.005,3.031,250.0,250.0,83.916,22.505,8.883,69.195,48.253,29.924,18.329,29.558,7.238,0.733,6.505,6.429,0.000,0.000,0.000,0.375,31.0,
6.11.2025,19:34:42.408,21.750,25.896,18.941,3.042,250.0,250.0,80.454,28.175,8.839,77.276,53.183,32.976,20.207,32.575,24.914,3.336,21.578,6.862,0.000,0.000,0.000,0.000,31.0,
6.11.2025,19:34:43.413,25.829,32.412,25.121,3.297,250.0,250.0,81.350,23.578,8.849,73.423,50.821,31.510,19.311,31.133,7.153,0.724,6.429,6.429,0.000,0.000,2.625,0.000,31.0,
6.11.2025,19:34:44.405,20.391,32.786,25.126,3.604,250.0,250.0,82.935,24.725,8.870,77.641,53.429,33.128,20.301,32.739,7.312,0.816,6.496,6.514,0.000,0.000,0.125,0.375,31.0,
6.11.2025,19:34:45.408,27.188,30.093,22.969,3.177,250.0,250.0,82.278,24.764,8.932,77.805,53.556,33.209,20.347,32.808,7.253,0.795,6.458,6.480,0.000,0.000,0.000,0.000,31.0,
6.11.2025,19:34:46.406,25.829,27.102,20.165,3.029,250.0,250.0,84.332,25.066,8.911,78.752,54.145,33.581,20.564,33.179,7.413,0.853,6.560,6.700,0.000,0.000,0.000,0.000,31.0,
6.11.2025,19:34:47.410,32.625,27.096,20.159,3.031,250.0,250.0,84.297,24.274,8.883,76.095,52.460,32.532,19.928,32.142,7.134,0.722,6.412,6.438,0.000,0.000,0.000,0.375,31.0,
6.11.2025,19:34:48.414,23.110,26.793,19.827,3.057,250.0,250.0,79.783,45.887,8.881,74.173,51.271,31.792,19.479,31.415,117.620,33.465,84.155,6.616,0.000,0.000,0.000,0.000,31.0,
6.11.2025,19:34:49.413,20.391,25.520,18.608,3.001,250.0,250.0,80.192,24.029,8.833,75.158,51.865,32.163,19.702,31.774,7.174,0.728,6.446,6.446,0.000,0.001,0.000,0.000,31.0,
6.11.2025,19:34:50.414,20.391,28.813,21.835,3.023,250.0,250.0,83.710,32.809,8.854,74.901,51.725,32.074,19.651,31.685,51.189,6.590,44.599,6.820,0.000,0.000,0.000,0.000,31.0,
6.11.2025,19:34:51.408,25.829,27.578,20.621,3.021,250.0,250.0,81.119,31.452,8.888,83.052,56.718,35.163,21.555,34.738,7.387,0.949,6.438,59.635,0.000,0.000,0.000,0.000,31.0,
6.11.2025,19:34:52.404,25.829,30.893,23.904,3.075,250.0,250.0,83.342,23.938,8.907,74.616,51.574,31.977,19.597,31.600,7.312,0.819,6.493,6.489,0.000,0.000,0.000,0.000,31.0,
6.11.2025,19:34:53.414,23.110,27.144,20.211,3.028,250.0,250.0,84.043,47.518,9.012,74.411,51.518,31.948,19.570,31.558,125.170,34.252,90.918,6.828,0.000,0.000,0.000,0.000,31.0,
6.11.2025,19:34:54.416,21.750,27.189,20.105,3.111,250.0,250.0,80.680,23.973,8.991,74.682,51.685,32.046,19.639,31.668,7.272,0.789,6.483,6.480,0.000,0.000,0.000,0.000,31.0,
6.11.2025,19:34:55.414,17.672,30.104,23.125,3.043,250.0,250.0,80.125,23.876,8.964,74.469,51.512,31.949,19.563,31.560,7.155,0.726,6.429,6.429,0.000,0.000,0.000,0.000,31.0,
6.11.2025,19:34:56.418,33.985,28.111,21.216,3.012,250.0,250.0,84.032,24.449,8.869,76.518,52.717,32.691,20.026,32.302,7.425,0.870,6.555,6.514,0.000,0.000,0.000,1.000,31.0,
6.11.2025,19:34:57.416,32.625,28.513,21.586,3.003,250.0,250.0,81.081,28.640,8.895,59.754,42.429,26.313,16.116,25.996,7.277,0.848,6.429,92.341,0.000,0.000,0.000,0.750,31.0,
6.11.2025,19:34:58.413,17.672,28.807,21.891,3.010,250.0,250.0,82.882,24.176,8.896,75.531,52.135,32.323,19.812,31.934,7.313,0.804,6.509,6.505,0.000,0.000,0.000,0.000,31.0,
6.11.2025,19:34:59.414,24.469,27.382,20.433,2.989,250.0,250.0,83.669,33.329,8.949,72.413,50.257,31.170,19.087,30.793,57.101,20.801,36.300,6.420,0.000,0.000,0.000,0.000,31.0,
6.11.2025,19:35:0.411,17.672,26.663,19.777,2.979,250.0,250.0,80.591,23.980,8.931,74.776,51.682,32.053,19.629,31.664,7.278,0.785,6.493,6.514,0.000,0.000,0.000,0.000,31.0,
6.11.2025,19:35:1.407,17.672,25.494,18.591,3.012,250.0,250.0,84.050,47.988,8.994,76.001,52.491,32.551,19.940,32.162,125.575,34.641,90.934,6.590,0.000,0.000,0.000,0.000,31.0,
6.11.2025,19:35:2.409,23.110,28.707,21.685,3.079,250.0,250.0,80.321,23.843,8.909,74.283,51.361,31.844,19.517,31.455,7.268,0.785,6.483,6.522,0.000,0.000,0.000,0.000,31.0,
6.11.2025,19:35:3.413,21.750,28.889,21.986,3.005,250.0,250.0,83.713,43.606,8.981,74.582,51.588,31.994,19.594,31.605,105.641,31.906,73.735,6.429,0.000,0.000,0.000,0.000,31.0,
6.11.2025,19:35:4.406,19.032,28.027,21.030,3.080,250.0,250.0,78.750,22.525,8.860,69.320,48.298,29.946,18.352,29.580,7.210,0.730,6.480,6.480,0.000,0.000,0.000,0.000,31.0,
6.11.2025,19:35:5.405,21.750,25.088,18.189,2.953,250.0,250.0,78.175,22.486,8.794,69.203,48.172,29.867,18.305,29.514,7.249,0.744,6.505,6.505,0.000,0.000,0.000,0.000,31.0,
6.11.2025,19:35:6.414,21.750,26.104,19.227,2.954,250.0,250.0,78.343,22.491,8.856,69.085,48.136,29.850,18.286,29.497,7.335,0.753,6.582,6.530,0.000,0.000,0.000,0.000,31.0,
6.11.2025,19:35:7.407,17.672,26.474,19.654,2.937,250.0,250.0,78.129,22.460,8.831,68.998,48.076,29.814,18.262,29.449,7.324,0.751,6.573,6.522,0.000,0.000,0.000,0.000,31.0,
6.11.2025,19:35:8.404,17.672,26.401,19.500,2.969,250.0,250.0,78.273,22.376,8.889,68.538,47.818,29.648,18.170,29.295,7.393,0.751,6.642,6.616,0.000,0.000,0.000,0.000,31.0,
6.11.2025,19:35:9.411,19.032,24.782,17.925,2.959,250.0,250.0,77.973,22.471,8.894,68.970,48.091,29.817,18.274,29.464,7.341,0.751,6.590,6.514,0.000,0.000,0.000,0.375,31.0,
6.11.2025,19:35:10.411,19.032,28.433,21.540,2.947,250.0,250.0,78.190,22.403,8.834,68.859,47.994,29.756,18.238,29.402,7.231,0.742,6.489,6.489,0.000,0.000,0.000,2.250,31.0,
6.11.2025,19:35:11.414,42.141,26.811,19.971,2.956,250.0,250.0,77.934,22.711,8.860,70.091,48.770,30.248,18.522,29.883,7.155,0.726,6.429,6.429,0.000,0.000,0.000,0.000,31.0,
6.11.2025,19:35:12.409,17.672,28.062,21.137,2.990,250.0,250.0,78.798,38.687,8.847,81.474,55.772,34.585,21.187,34.160,72.223,26.495,45.728,6.403,0.000,0.000,0.500,0.000,31.0,
6.11.2025,19:35:13.407,21.750,25.358,18.527,2.917,250.0,250.0,77.413,16.772,8.884,47.313,34.804,21.583,13.221,21.315,7.105,0.719,6.386,6.386,0.000,0.000,0.000,0.000,31.0,
6.11.2025,19:35:14.405,20.391,27.515,20.610,3.006,250.0,250.0,74.828,15.011,8.841,40.590,30.653,19.013,11.640,18.781,7.105,0.719,6.386,6.386,0.000,0.000,0.000,0.000,31.0,
6.11.2025,19:35:15.412,17.672,29.370,22.468,2.975,250.0,250.0,72.307,22.575,8.945,69.531,48.462,30.056,18.406,29.690,7.126,0.723,6.403,6.403,0.000,0.000,0.000,0.000,31.0,
6.11.2025,19:35:16.413,19.032,26.210,19.338,2.929,250.0,250.0,71.859,22.306,9.016,68.385,47.809,29.645,18.164,29.279,7.167,0.738,6.429,6.429,0.000,0.000,0.000,0.000,31.0,
6.11.2025,19:35:17.404,25.829,25.430,18.606,2.911,250.0,250.0,74.480,23.493,9.024,64.834,45.616,28.293,17.323,27.952,17.478,4.414,13.064,6.927,0.000,0.001,0.000,0.000,31.0,
6.11.2025,19:35:18.404,25.829,27.685,20.866,2.923,250.0,250.0,74.101,22.224,8.870,68.282,47.648,29.546,18.102,29.193,7.105,0.719,6.386,6.386,0.000,0.000,0.000,0.375,31.0,
6.11.2025,19:35:19.413,27.188,24.623,17.719,2.995,250.0,250.0,67.128,13.409,8.787,34.570,26.896,16.676,10.220,16.480,7.058,0.715,6.343,6.343,0.000,0.000,0.000,0.000,31.0,
6.11.2025,19:35:20.414,17.672,27.799,20.784,3.070,250.0,250.0,71.829,43.758,8.833,74.213,51.266,31.789,19.477,31.411,107.069,31.815,75.254,6.454,0.000,0.000,0.000,0.000,31.0,
6.11.2025,19:35:21.407,28.547,28.696,21.752,3.013,250.0,250.0,79.136,24.004,8.864,74.989,51.799,32.117,19.682,31.739,7.194,0.731,6.463,6.463,0.000,0.000,0.750,0.000,31.0,
6.11.2025,19:35:22.411,28.547,32.091,25.081,3.099,250.0,250.0,83.428,20.294,8.845,60.853,43.095,26.727,16.368,26.398,7.124,0.721,6.403,6.403,0.000,0.000,0.000,0.000,31.0,
6.11.2025,19:35:23.413,16.313,27.479,20.531,3.014,250.0,250.0,79.239,47.372,8.830,73.691,50.945,31.591,19.354,31.214,125.651,34.676,90.975,6.794,0.000,0.000,0.000,0.000,31.0,
6.11.2025,19:35:24.404,19.032,28.710,21.752,3.017,250.0,250.0,79.814,23.881,8.925,74.511,51.508,31.938,19.570,31.549,7.176,0.730,6.446,6.454,0.000,0.000,0.000,0.000,31.0,
6.11.2025,19:35:25.414,25.829,27.889,20.865,3.088,250.0,250.0,82.967,23.727,8.869,74.022,51.170,31.729,19.441,31.352,7.127,0.724,6.403,6.429,0.000,0.000,0.000,0.000,31.0,
6.11.2025,19:35:26.413,16.313,27.619,20.659,3.015,250.0,250.0,79.644,25.639,8.756,45.206,33.388,20.699,12.689,20.455,25.446,6.722,18.724,64.306,0.000,0.000,0.000,0.000,31.0,
6.11.2025,19:35:27.404,33.985,27.105,20.216,3.009,250.0,250.0,79.455,24.228,8.834,75.699,52.190,32.368,19.822,31.978,7.355,0.822,6.533,6.683,0.000,0.000,0.000,0.000,31.0,
6.11.2025,19:35:28.405,20.391,26.137,19.129,3.053,250.0,250.0,79.369,23.688,8.866,73.770,51.028,31.646,19.382,31.256,7.213,0.742,6.471,6.505,0.000,0.000,0.000,0.000,31.0,
6.11.2025,19:35:29.406,21.750,28.980,21.989,3.059,250.0,250.0,82.303,23.868,8.862,74.552,51.513,31.940,19.573,31.550,7.136,0.724,6.412,6.420,0.000,0.000,0.000,0.000,31.0,
6.11.2025,19:35:30.406,28.547,26.406,19.421,3.062,250.0,250.0,80.160,27.194,8.885,47.202,34.718,21.531,13.187,21.262,20.842,5.447,15.395,83.475,0.000,0.000,0.000,0.000,31.0,
6.11.2025,19:35:31.408,24.469,29.285,22.315,3.029,250.0,250.0,79.569,24.005,8.858,74.791,51.655,32.027,19.628,31.638,7.390,0.838,6.552,6.674,0.000,0.000,0.000,0.000,31.0,
6.11.2025,19:35:32.407,32.625,29.102,22.001,3.129,250.0,250.0,79.685,23.905,8.810,74.703,51.568,31.977,19.591,31.588,7.185,0.756,6.429,6.446,0.000,0.000,0.000,0.000,31.0,
6.11.2025,19:35:33.404,19.032,26.599,19.587,3.075,250.0,250.0,82.882,40.678,8.841,69.176,48.178,29.876,18.302,29.523,98.079,30.774,67.305,6.726,0.000,0.000,0.000,0.000,31.0,
6.11.2025,19:35:34.413,16.313,30.710,23.700,3.097,250.0,250.0,79.728,23.998,8.848,74.900,51.719,32.073,19.646,31.684,7.305,0.797,6.508,6.505,0.000,0.000,0.000,0.000,31.0,
6.11.2025,19:35:35.413,17.672,29.026,22.060,3.039,250.0,250.0,81.461,24.042,8.883,75.140,51.872,32.172,19.700,31.783,7.214,0.775,6.439,6.438,0.000,0.000,0.000,0.000,31.0,
6.11.2025,19:35:36.405,27.188,28.736,21.767,3.033,250.0,250.0,81.652,47.280,8.881,73.395,50.802,31.503,19.299,31.114,125.474,34.520,90.954,6.861,0.000,0.000,0.000,0.000,31.0,
6.11.2025,19:35:37.413,19.032,28.149,21.215,3.012,250.0,250.0,79.706,23.794,8.846,74.186,51.274,31.794,19.480,31.404,7.248,0.782,6.466,6.463,0.000,0.000,0.000,0.000,31.0,
6.11.2025,19:35:38.409,25.829,26.902,19.915,3.030,250.0,250.0,83.099,23.815,8.992,74.215,51.385,31.863,19.522,31.473,7.142,0.722,6.420,6.420,0.000,0.000,0.000,0.000,31.0,
6.11.2025,19:35:39.412,23.110,25.811,18.902,2.999,250.0,250.0,80.018,47.330,8.992,76.055,52.501,32.559,19.942,32.169,122.171,33.486,88.685,6.743,0.000,0.000,0.000,0.000,31.0,
6.11.2025,19:35:40.406,19.032,26.400,19.455,3.007,250.0,250.0,80.502,24.227,8.909,75.856,52.352,32.463,19.889,32.061,7.154,0.725,6.429,6.429,0.000,0.000,0.000,0.000,31.0,
6.11.2025,19:35:41.409,16.313,27.182,20.261,2.998,250.0,250.0,83.886,23.999,8.879,74.641,51.559,31.976,19.583,31.587,7.596,0.918,6.678,6.573,0.000,0.000,0.000,0.000,31.0,
6.11.2025,19:35:42.412,17.672,28.784,21.721,3.094,250.0,250.0,83.694,24.376,8.875,76.460,52.700,32.674,20.026,32.284,7.155,0.726,6.429,6.429,0.000,0.000,0.000,0.000,31.0,
6.11.2025,19:35:43.405,25.829,26.098,19.188,3.011,250.0,250.0,81.568,46.786,8.873,75.285,51.966,32.214,19.752,31.824,120.535,32.915,87.620,6.878,0.000,0.000,0.000,0.000,31.0,
6.11.2025,19:35:44.413,19.032,28.525,21.408,3.163,250.0,250.0,80.242,24.192,8.933,75.574,52.177,32.355,19.822,31.965,7.285,0.811,6.474,6.522,0.000,0.000,0.000,0.000,31.0,
6.11.2025,19:35:45.406,21.750,34.273,26.706,3.574,250.0,250.0,83.699,23.792,8.879,74.150,51.255,31.782,19.473,31.405,7.254,0.784,6.470,6.463,0.000,0.000,0.000,0.000,31.0,
6.11.2025,19:35:46.404,21.750,31.122,23.910,3.243,250.0,250.0,80.692,23.141,8.875,71.722,49.798,30.880,18.918,30.503,7.142,0.722,6.420,6.429,0.000,0.000,0.000,0.000,31.0,
6.11.2025,19:35:47.411,19.032,27.910,20.928,3.013,250.0,250.0,83.887,47.385,8.906,73.962,51.152,31.720,19.432,31.343,125.330,34.492,90.838,6.674,0.000,0.000,0.000,0.000,31.0,
6.11.2025,19:35:48.414,24.469,26.270,19.288,3.039,250.0,250.0,80.593,24.060,8.958,75.155,51.935,32.205,19.730,31.816,7.170,0.724,6.446,6.463,0.000,0.000,0.000,0.000,31.0,
6.11.2025,19:35:49.409,20.391,28.989,22.092,3.015,250.0,250.0,81.077,30.922,8.860,42.300,31.682,19.648,12.034,19.404,7.543,0.842,6.701,160.201,0.000,0.000,0.000,0.000,31.0,
6.11.2025,19:35:50.406,19.032,29.315,22.341,3.038,250.0,250.0,80.966,24.446,8.901,76.460,52.728,32.696,20.032,32.294,7.386,0.844,6.542,6.582,0.000,0.000,0.000,0.000,31.0,
6.11.2025,19:35:51.406,17.672,27.281,20.306,3.043,250.0,250.0,80.913,24.064,8.812,75.293,51.934,32.205,19.729,31.816,7.205,0.776,6.429,6.446,0.000,0.000,0.000,0.000,31.0,
6.11.2025,19:35:52.415,24.469,29.877,22.785,3.136,250.0,250.0,80.308,24.194,8.901,75.757,52.282,32.412,19.870,32.022,7.134,0.722,6.412,6.429,0.000,0.000,0.000,0.000,31.0,
6.11.2025,19:35:53.414,27.188,28.968,22.015,3.065,250.0,250.0,84.360,45.103,8.934,74.690,51.640,32.016,19.624,31.627,112.832,32.454,80.378,6.837,0.000,0.000,0.000,0.000,31.0,
6.11.2025,19:35:54.403,17.672,29.539,22.446,3.131,250.0,250.0,80.271,37.286,8.895,76.262,52.578,32.606,19.972,32.216,71.890,12.541,59.349,6.547,0.000,0.000,0.000,0.000,31.0,
6.11.2025,19:35:55.413,20.391,27.657,20.679,3.061,250.0,250.0,80.740,23.892,8.885,74.512,51.495,31.936,19.559,31.547,7.263,0.797,6.466,6.463,0.000,0.000,0.000,0.000,31.0,
6.11.2025,19:35:56.413,23.110,24.847,17.845,3.054,250.0,250.0,80.658,24.165,8.835,75.625,52.145,32.326,19.819,31.937,7.251,0.785,6.466,6.463,0.000,0.000,0.000,0.000,31.0,
6.11.2025,19:35:57.413,19.032,27.952,20.968,3.089,250.0,250.0,82.215,20.741,8.846,62.540,44.125,27.370,16.755,27.041,7.152,0.723,6.429,6.429,0.000,0.000,0.000,0.000,31.0,
6.11.2025,19:35:58.409,17.672,29.439,22.467,3.035,250.0,250.0,81.218,27.359,8.882,70.906,49.292,30.564,18.728,30.199,29.306,8.703,20.603,6.403,0.000,0.000,0.000,0.000,31.0,
6.11.2025,19:35:59.403,17.672,27.569,20.611,3.039,250.0,250.0,79.929,23.892,8.897,74.498,51.494,31.931,19.563,31.554,7.257,0.786,6.471,6.471,0.000,0.000,0.000,0.000,31.0,
6.11.2025,19:36:0.404,24.469,25.911,18.938,3.056,250.0,250.0,80.278,23.951,8.933,74.770,51.704,32.055,19.649,31.666,7.152,0.723,6.429,6.429,0.000,0.000,0.000,0.375,31.0,
6.11.2025,19:36:1.414,44.860,27.872,20.848,3.069,250.0,250.0,84.023,28.179,8.949,69.683,48.568,30.115,18.453,29.762,34.611,11.123,23.488,7.035,0.000,0.001,0.000,0.000,31.0,
6.11.2025,19:36:2.408,44.860,27.872,20.848,3.069,250.0,250.0,80.688,23.902,8.980,74.434,51.507,31.936,19.571,31.547,7.277,0.785,6.492,6.489,0.000,0.001,0.000,0.000,31.0,
6.11.2025,19:36:3.405,29.907,29.882,22.799,3.128,250.0,250.0,79.731,24.027,8.848,75.135,51.873,32.163,19.710,31.774,7.153,0.724,6.429,6.463,0.000,0.000,0.000,0.000,31.0,
6.11.2025,19:36:4.405,29.907,24.495,17.529,3.067,250.0,250.0,83.551,48.045,8.923,76.381,52.686,32.673,20.013,32.271,125.463,34.551,90.912,6.582,0.000,0.000,0.000,0.000,31.0,
6.11.2025,19:36:5.408,19.032,26.626,19.641,3.053,250.0,250.0,80.206,25.610,8.859,74.943,51.761,32.101,19.660,31.711,15.141,1.987,13.154,6.786,0.000,0.000,0.000,0.000,31.0,
6.11.2025,19:36:6.413,19.032,25.825,18.849,3.042,250.0,250.0,80.915,24.005,8.884,74.977,51.782,32.116,19.666,31.727,7.195,0.732,6.463,6.505,0.000,0.000,0.000,0.000,31.0,
6.11.2025,19:36:7.405,20.391,28.604,21.622,3.044,250.0,250.0,83.476,42.246,8.849,70.894,49.262,30.548,18.714,30.171,51.843,18.766,33.077,110.336,0.000,0.000,0.000,0.000,31.0,
6.11.2025,19:36:8.414,21.750,28.541,21.551,3.069,250.0,250.0,80.020,47.339,8.880,74.248,51.332,31.828,19.504,31.439,124.841,34.135,90.706,6.480,0.000,0.000,0.000,0.000,31.0,
6.11.2025,19:36:9.412,28.547,26.988,19.998,3.024,250.0,250.0,80.020,47.339,8.880,74.248,51.332,31.828,19.504,31.439,124.841,34.135,90.706,6.480,0.000,0.000,0.000,0.000,31.0,
6.11.2025,19:36:10.414,21.750,29.778,22.854,3.036,250.0,250.0,79.873,47.878,8.968,75.971,52.454,32.519,19.935,32.130,125.083,34.456,90.627,6.633,0.000,0.000,0.000,2.375,31.0,
6.11.2025,19:36:11.414,17.672,25.494,18.477,3.045,250.0,250.0,80.254,24.477,8.908,76.755,52.911,32.803,20.108,32.413,7.203,0.732,6.471,6.471,0.000,0.000,0.000,0.000,31.0,
6.11.2025,19:36:12.410,20.391,26.546,19.606,3.043,250.0,250.0,80.180,24.185,8.845,75.736,52.214,32.377,19.837,31.988,7.194,0.731,6.463,6.463,0.000,0.000,1.125,0.000,31.0,
6.11.2025,19:36:13.406,29.907,29.381,22.287,3.121,250.0,250.0,83.172,19.777,8.797,58.887,41.859,25.956,15.903,25.639,7.152,0.723,6.429,6.429,0.000,0.000,0.000,0.250,31.0,
6.11.2025,19:36:14.414,33.985,28.015,21.043,3.060,250.0,250.0,80.596,37.040,8.855,75.598,52.145,32.330,19.815,31.941,71.447,12.521,58.926,6.820,0.000,0.000,1.875,0.000,31.0,
6.11.2025,19:36:15.414,16.313,32.217,25.164,3.120,250.0,250.0,81.595,66.723,8.881,57.009,40.721,25.244,15.477,24.939,24.028,6.298,17.730,446.906,0.000,0.000,0.000,0.000,31.0,
6.11.2025,19:36:16.414,21.750,28.675,21.682,3.039,250.0,250.0,80.069,23.983,8.902,74.828,51.692,32.061,19.631,31.672,7.260,0.738,6.522,6.522,0.000,0.000,0.000,0.000,31.0,
6.11.2025,19:36:17.415,17.672,28.320,21.322,3.049,250.0,250.0,79.673,24.031,8.882,75.117,51.876,32.162,19.714,31.773,7.171,0.725,6.446,6.446,0.000,0.000,0.000,0.000,31.0,
6.11.2025,19:36:18.411,17.672,25.925,18.987,3.031,250.0,250.0,83.319,45.087,8.868,74.305,51.352,31.838,19.514,31.461,113.467,32.670,80.797,6.598,0.000,0.000,2.500,0.000,31.0,
6.11.2025,19:36:19.409,17.672,26.412,19.429,3.040,250.0,250.0,80.482,29.079,8.836,76.925,52.956,32.842,20.114,32.440,29.997,3.882,26.115,6.683,0.000,0.000,0.000,0.000,31.0,
6.11.2025,19:36:20.405,17.672,27.591,20.586,3.078,250.0,250.0,83.770,24.251,8.822,75.996,52.370,32.476,19.894,32.087,7.204,0.774,6.430,6.454,0.000,0.000,0.000,0.000,31.0,
6.11.2025,19:36:21.413,21.750,28.358,21.393,3.037,250.0,250.0,79.856,23.856,8.845,74.527,51.479,31.926,19.553,31.537,7.125,0.722,6.403,6.438,0.000,0.000,0.000,0.000,31.0,
6.11.2025,19:36:22.413,16.313,24.859,17.907,3.051,250.0,250.0,78.382,44.845,8.847,70.769,49.164,30.484,18.680,30.119,116.876,33.076,83.800,6.633,0.000,0.000,0.000,0.000,31.0,
6.11.2025,19:36:23.415,23.110,28.478,21.477,3.065,250.0,250.0,77.944,41.921,8.893,71.383,49.589,30.747,18.842,30.370,101.275,28.029,73.246,6.837,0.000,0.001,0.000,0.000,31.0,
6.11.2025,19:36:24.414,20.391,27.345,20.410,3.032,250.0,250.0,77.844,44.560,9.009,69.644,48.582,30.131,18.451,29.765,116.697,32.879,83.818,6.624,0.000,0.000,0.000,0.000,31.0,
6.11.2025,19:36:25.415,23.110,25.500,18.499,3.038,250.0,250.0,77.519,42.372,8.994,71.312,49.600,30.754,18.846,30.389,103.698,31.478,72.220,6.429,0.000,0.001,0.000,0.000,31.0,
6.11.2025,19:36:26.415,20.391,25.406,18.488,3.013,250.0,250.0,76.614,22.069,8.965,67.525,47.271,29.317,17.954,28.964,7.142,0.722,6.420,6.412,0.000,0.000,0.000,0.000,31.0,
6.11.2025,19:36:27.411,17.672,27.081,20.165,2.990,250.0,250.0,75.516,22.465,8.843,69.181,48.184,29.879,18.305,29.526,7.154,0.725,6.429,6.429,0.000,0.000,2.375,0.000,31.0,
6.11.2025,19:36:28.411,13.594,26.721,19.789,3.016,250.0,250.0,77.936,22.251,8.853,68.344,47.674,29.556,18.118,29.203,7.163,0.725,6.438,6.438,0.000,0.000,0.000,0.000,31.0,
6.11.2025,19:36:29.412,25.829,26.272,19.380,2.975,250.0,250.0,77.647,22.293,8.856,68.508,47.779,29.629,18.150,29.276,7.151,0.722,6.429,6.429,0.000,0.000,0.000,0.000,31.0,
6.11.2025,19:36:30.409,23.110,25.246,18.335,2.978,250.0,250.0,79.574,48.170,8.891,83.945,57.328,35.550,21.778,35.112,116.343,33.032,83.311,6.412,0.000,0.000,0.000,0.000,31.0,
6.11.2025,19:36:31.408,25.829,25.759,18.896,2.944,250.0,250.0,75.824,22.509,8.916,69.300,48.318,29.960,18.358,29.595,7.122,0.719,6.403,6.403,0.000,0.000,0.000,1.000,31.0,
6.11.2025,19:36:32.404,19.032,26.891,20.020,2.971,250.0,250.0,74.739,22.412,8.877,68.936,48.062,29.806,18.256,29.441,7.155,0.726,6.429,6.429,0.000,0.000,0.000,0.000,31.0,
6.11.2025,19:36:33.413,19.032,27.021,19.972,3.051,250.0,250.0,74.776,22.434,8.892,68.953,48.080,29.810,18.270,29.457,7.206,0.735,6.471,6.471,0.000,0.000,0.000,0.000,31.0,
6.11.2025,19:36:34.404,21.750,28.126,21.256,2.965,250.0,250.0,74.276,44.546,8.855,69.697,48.520,30.091,18.429,29.726,116.707,33.147,83.560,6.726,0.000,0.000,0.000,0.000,31.0,
6.11.2025,19:36:35.407,24.469,24.332,17.379,3.051,250.0,250.0,71.455,22.342,8.878,68.710,47.929,29.722,18.207,29.357,7.113,0.719,6.394,6.394,0.000,0.000,0.000,0.000,31.0,
6.11.2025,19:36:36.404,28.547,26.588,19.652,3.010,250.0,250.0,74.422,22.251,8.826,68.346,47.652,29.542,18.110,29.190,7.192,0.729,6.463,6.463,0.000,0.000,0.000,0.000,31.0,
6.11.2025,19:36:37.414,20.391,26.110,19.196,3.002,250.0,250.0,74.545,23.673,8.844,73.828,51.031,31.641,19.390,31.264,7.152,0.723,6.429,6.429,0.000,0.000,0.000,0.000,31.0,
6.11.2025,19:36:38.414,23.110,26.629,19.687,3.026,250.0,250.0,80.388,33.287,8.870,72.828,50.451,31.293,19.158,30.915,7.311,0.917,6.394,104.735,0.000,0.000,0.000,0.000,31.0,
6.11.2025,19:36:39.413,21.750,25.622,18.681,3.033,250.0,250.0,83.026,43.079,8.917,74.633,51.598,31.993,19.605,31.604,102.810,26.293,76.517,6.820,0.000,0.000,0.000,2.125,31.0,
6.11.2025,19:36:40.413,23.110,26.847,19.913,3.023,250.0,250.0,79.711,24.220,8.979,75.590,52.216,32.381,19.835,31.991,7.340,0.834,6.506,6.530,0.000,0.000,0.000,0.000,31.0,
6.11.2025,19:36:41.413,17.672,25.269,18.301,3.025,250.0,250.0,79.998,23.764,8.906,74.058,51.213,31.762,19.451,31.372,7.210,0.777,6.433,6.454,0.000,0.000,0.000,0.000,31.0,
6.11.2025,19:36:42.415,25.829,29.236,22.217,3.096,250.0,250.0,79.605,23.538,8.893,73.191,50.676,31.428,19.248,31.051,7.212,0.780,6.432,6.471,0.000,0.000,0.000,0.000,31.0,
6.11.2025,19:36:43.413,29.907,29.008,21.946,3.069,250.0,250.0,80.098,24.152,8.871,75.590,52.154,32.339,19.815,31.949,7.183,0.779,6.404,6.438,0.000,0.000,0.000,0.000,31.0,
6.11.2025,19:36:44.405,19.032,26.846,19.823,3.079,250.0,250.0,84.281,48.000,8.875,76.093,52.473,32.531,19.942,32.141,125.625,34.531,91.094,6.692,0.000,0.000,0.000,0.000,31.0,
6.11.2025,19:36:45.408,21.750,27.845,20.822,3.120,250.0,250.0,80.036,23.753,8.914,73.876,51.110,31.697,19.413,31.308,7.316,0.791,6.525,6.582,0.000,0.000,0.000,0.000,31.0,
6.11.2025,19:36:46.414,20.391,28.220,21.032,3.212,250.0,250.0,80.607,24.152,8.954,75.406,52.091,32.294,19.797,31.905,7.250,0.784,6.466,6.573,0.000,0.000,0.000,0.000,31.0,
6.11.2025,19:36:47.411,20.391,31.909,24.272,3.605,250.0,250.0,80.131,24.054,9.040,75.023,51.902,32.188,19.714,31.798,7.205,0.775,6.430,6.463,0.000,0.000,0.000,0.000,31.0,
6.11.2025,19:36:48.413,17.672,27.606,20.431,3.228,250.0,250.0,83.546,32.515,8.879,52.546,37.984,23.556,14.428,23.276,17.798,4.472,13.326,128.885,0.000,0.000,0.000,0.000,31.0,
6.11.2025,19:36:49.404,24.469,27.937,21.022,3.028,250.0,250.0,80.411,47.593,8.952,74.792,51.720,32.066,19.654,31.677,125.248,34.492,90.756,6.573,0.000,0.001,0.000,2.375,31.0,
6.11.2025,19:36:50.407,19.032,27.937,20.927,3.067,250.0,250.0,80.723,24.024,8.856,75.079,51.846,32.142,19.704,31.752,7.200,0.737,6.463,6.463,0.000,0.000,0.000,0.000,31.0,
6.11.2025,19:36:51.409,21.750,27.587,20.601,3.036,250.0,250.0,80.820,23.810,8.878,74.336,51.371,31.852,19.519,31.463,7.136,0.724,6.412,6.412,0.000,0.000,0.000,0.000,31.0,
6.11.2025,19:36:52.405,17.672,28.321,21.229,3.152,250.0,250.0,83.472,23.659,8.881,73.395,50.809,31.508,19.301,31.118,7.483,0.824,6.659,6.616,0.000,0.000,0.000,0.000,31.0,
6.11.2025,19:36:53.413,32.625,25.197,18.172,3.060,250.0,250.0,80.523,24.356,8.896,76.306,52.610,32.615,19.995,32.225,7.218,0.738,6.480,6.480,0.000,0.000,0.000,0.000,31.0,
6.11.2025,19:36:54.413,25.829,27.703,20.698,3.071,250.0,250.0,83.273,28.010,8.933,61.039,43.274,26.830,16.444,26.500,7.273,0.861,6.412,82.535,0.000,0.000,0.000,0.000,31.0,
6.11.2025,19:36:55.413,32.625,32.043,24.970,3.142,250.0,250.0,81.355,24.145,8.933,75.458,52.110,32.318,19.792,31.928,7.218,0.738,6.480,6.480,0.000,0.000,0.000,0.000,31.0,
6.11.2025,19:36:56.414,19.032,28.189,21.213,3.055,250.0,250.0,82.824,22.720,8.944,70.035,48.810,30.258,18.552,29.893,7.143,0.723,6.420,6.420,0.000,0.000,0.000,0.000,31.0,
6.11.2025,19:36:57.414,21.750,25.382,18.376,3.091,250.0,250.0,83.156,23.995,8.970,74.839,51.756,32.086,19.670,31.696,7.221,0.732,6.489,6.489,0.000,0.001,0.000,0.000,31.0,
6.11.2025,19:36:58.414,21.750,27.407,20.370,3.073,250.0,250.0,82.861,24.203,8.971,75.692,52.274,32.411,19.863,32.022,7.171,0.725,6.446,6.454,0.000,0.000,0.000,0.000,31.0,
6.11.2025,19:36:59.413,21.750,26.044,19.091,3.035,250.0,250.0,83.179,41.360,8.909,64.629,45.432,28.165,17.267,27.824,7.705,1.005,6.700,205.966,0.000,0.000,0.000,0.000,31.0,
6.11.2025,19:37:0.411,23.110,26.955,19.930,3.081,250.0,250.0,81.024,24.530,8.909,76.925,53.018,32.870,20.148,32.481,7.215,0.744,6.471,6.514,0.000,0.000,2.375,0.000,31.0,
6.11.2025,19:37:1.414,25.829,28.034,21.077,3.069,250.0,250.0,83.561,24.342,9.057,76.151,52.618,32.628,19.990,32.238,7.153,0.724,6.429,6.438,0.000,0.000,0.000,0.000,31.0,
6.11.2025,19:37:2.407,16.313,30.315,23.178,3.167,250.0,250.0,81.238,29.599,8.996,75.370,52.104,32.317,19.787,31.927,34.409,4.529,29.880,6.674,0.000,0.000,1.250,0.000,31.0,
6.11.2025,19:37:3.406,27.188,26.512,19.538,3.086,250.0,250.0,81.124,24.366,9.032,76.231,52.657,32.653,20.004,32.264,7.184,0.730,6.454,6.446,0.000,0.000,0.000,0.000,31.0,
6.11.2025,19:37:4.407,21.750,26.205,19.082,3.145,250.0,250.0,84.588,24.084,8.908,75.047,51.851,32.145,19.706,31.755,7.421,0.823,6.598,6.590,0.000,0.000,0.000,0.000,31.0,
6.11.2025,19:37:5.413,14.953,28.151,21.079,3.159,250.0,250.0,83.864,39.816,8.911,73.461,50.861,31.542,19.319,31.165,88.236,29.414,58.822,6.429,0.000,0.000,0.000,2.375,31.0,
6.11.2025,19:37:6.413,10.875,28.532,21.533,3.072,250.0,250.0,80.015,24.231,8.875,75.823,52.316,32.434,19.882,32.045,7.223,0.743,6.480,6.489,0.000,0.000,0.000,0.000,31.0,
6.11.2025,19:37:7.412,28.547,27.770,20.751,3.090,250.0,250.0,84.194,46.765,8.955,71.453,49.643,30.779,18.864,30.414,125.427,34.572,90.855,6.683,0.000,0.000,0.000,0.000,31.0,
6.11.2025,19:37:8.408,23.110,27.856,20.848,3.058,250.0,250.0,79.661,24.188,8.982,75.514,52.196,32.362,19.834,31.972,7.277,0.811,6.466,6.463,0.000,0.000,2.375,0.000,31.0,
6.11.2025,19:37:9.413,17.672,25.614,18.562,3.086,250.0,250.0,83.765,43.488,9.005,75.202,52.003,32.246,19.757,31.857,103.955,26.927,77.028,6.896,0.000,0.000,0.000,0.000,31.0,
6.11.2025,19:37:10.404,20.391,26.758,19.778,3.061,250.0,250.0,80.049,24.151,9.048,75.274,52.075,32.299,19.776,31.909,7.317,0.817,6.500,6.497,0.000,0.000,0.000,0.000,31.0,
6.11.2025,19:37:11.414,23.110,30.073,23.097,3.059,250.0,250.0,84.131,16.705,8.911,46.978,34.621,21.469,13.152,21.200,7.147,0.727,6.420,6.420,0.000,0.000,0.000,0.000,31.0,
6.11.2025,19:37:12.413,13.594,30.392,23.290,3.144,250.0,250.0,81.173,24.140,8.876,75.209,51.916,32.196,19.720,31.807,7.552,0.894,6.658,6.573,0.000,0.000,0.000,0.000,31.0,
6.11.2025,19:37:13.414,17.672,27.212,20.203,3.052,250.0,250.0,80.010,24.241,8.839,75.830,52.288,32.424,19.864,32.023,7.315,0.798,6.517,6.514,0.000,0.000,0.000,0.000,31.0,
6.11.2025,19:37:14.413,16.313,27.688,20.677,3.096,250.0,250.0,84.142,45.570,8.868,72.432,50.182,31.124,19.058,30.747,118.248,33.402,84.846,6.790,0.000,0.000,0.000,0.000,31.0,
6.11.2025,19:37:15.411,19.032,30.214,23.160,3.123,250.0,250.0,79.940,24.221,8.899,75.770,52.301,32.433,19.868,32.031,7.215,0.735,6.480,6.480,0.000,0.000,0.000,0.000,31.0,
6.11.2025,19:37:16.412,19.032,27.764,20.739,3.072,250.0,250.0,84.741,45.104,8.873,75.305,51.991,32.234,19.757,31.845,112.124,30.013,82.111,6.786,0.000,0.000,0.000,0.000,31.0,
6.11.2025,19:37:17.413,17.672,27.274,20.311,3.036,250.0,250.0,82.291,71.782,8.885,54.301,39.070,24.234,14.836,23.942,60.933,22.713,38.220,430.685,0.000,0.000,0.000,0.000,31.0,
6.11.2025,19:37:18.411,17.672,27.005,20.042,3.052,250.0,250.0,80.575,24.168,8.886,75.618,52.181,32.353,19.828,31.963,7.202,0.756,6.446,6.446,0.000,0.000,0.000,0.000,31.0,
6.11.2025,19:37:19.409,14.953,26.408,19.459,3.005,250.0,250.0,83.412,24.372,8.910,76.381,52.673,32.660,20.013,32.271,7.182,0.762,6.420,6.446,0.000,0.000,0.000,0.000,31.0,
6.11.2025,19:37:20.414,25.829,26.025,19.101,3.005,250.0,250.0,80.804,23.980,8.874,74.592,51.538,31.965,19.573,31.575,7.518,0.884,6.634,6.650,0.000,0.000,0.000,0.000,31.0,
6.11.2025,19:37:21.413,14.953,27.343,20.452,3.000,250.0,250.0,81.083,23.795,8.884,74.207,51.318,31.818,19.500,31.428,7.170,0.724,6.446,6.454,0.000,0.000,0.000,0.000,31.0,
6.11.2025,19:37:22.414,14.953,28.242,21.209,3.072,250.0,250.0,83.623,46.087,8.825,75.179,51.882,32.174,19.708,31.784,117.438,33.490,83.948,6.446,0.000,0.000,0.000,0.000,31.0,
6.11.2025,19:37:23.403,16.313,27.024,20.116,3.007,250.0,250.0,80.375,24.706,8.898,77.633,53.438,33.134,20.304,32.744,7.226,0.780,6.446,6.454,0.000,0.001,0.000,0.000,31.0,
6.11.2025,19:37:24.404,16.313,26.688,19.691,3.034,250.0,250.0,83.872,47.536,8.908,74.697,51.645,32.019,19.626,31.630,125.075,34.234,90.841,6.683,0.000,0.000,0.000,0.000,31.0,
6.11.2025,19:37:25.404,27.188,28.607,21.597,3.069,250.0,250.0,80.468,24.183,8.932,75.577,52.178,32.356,19.822,31.966,7.258,0.787,6.471,6.480,0.000,0.000,0.000,0.000,31.0,
6.11.2025,19:37:26.406,32.625,28.876,21.933,3.044,250.0,250.0,83.242,23.939,8.910,74.488,51.488,31.932,19.556,31.542,7.431,0.854,6.577,6.616,0.000,0.000,0.000,0.000,31.0,
6.11.2025,19:37:27.409,20.391,27.763,20.781,3.017,250.0,250.0,80.167,23.984,8.858,74.956,51.745,32.084,19.661,31.707,7.193,0.764,6.429,6.446,0.000,0.000,0.000,0.000,31.0,
6.11.2025,19:37:28.410,10.875,28.588,21.696,3.008,250.0,250.0,82.758,23.962,8.810,74.771,51.620,32.004,19.616,31.615,7.330,0.805,6.525,6.522,0.000,0.000,0.000,0.000,31.0,
6.11.2025,19:37:29.406,25.829,26.992,20.071,2.970,250.0,250.0,79.654,24.056,8.849,75.130,51.853,32.151,19.702,31.761,7.333,0.843,6.490,6.446,0.000,0.000,0.000,1.375,31.0,
6.11.2025,19:37:30.407,14.953,26.654,19.696,3.004,250.0,250.0,80.580,51.676,8.837,65.082,45.667,28.314,17.353,27.973,7.134,0.722,6.412,309.270,0.000,0.000,0.000,0.000,31.0,
6.11.2025,19:37:31.404,21.750,27.400,20.444,3.029,250.0,250.0,79.516,23.977,8.885,74.786,51.659,32.030,19.629,31.653,7.310,0.802,6.508,6.505,0.000,0.000,0.000,0.000,31.0,
6.11.2025,19:37:32.414,20.391,29.234,22.174,3.119,250.0,250.0,83.385,46.049,8.928,75.028,51.844,32.145,19.699,31.756,117.332,33.387,83.945,6.429,0.000,0.000,0.000,0.000,31.0,
6.11.2025,19:37:33.414,23.110,28.155,21.209,3.052,250.0,250.0,79.045,23.958,8.904,74.739,51.643,32.020,19.623,31.643,7.273,0.807,6.466,6.463,0.000,0.000,0.500,0.000,31.0,
6.11.2025,19:37:34.413,17.672,28.331,21.334,3.056,250.0,250.0,79.756,22.873,8.958,70.613,49.154,30.484,18.670,30.119,7.151,0.722,6.429,6.429,0.000,0.000,0.000,0.000,31.0,
6.11.2025,19:37:35.413,17.672,28.331,21.334,3.056,250.0,250.0,80.150,23.759,8.843,73.986,51.141,31.714,19.427,31.325,7.316,0.791,6.525,6.522,0.000,0.000,0.375,0.000,42.0,
6.11.2025,19:37:36.411,35.344,28.131,21.200,2.998,250.0,250.0,81.559,23.566,8.890,73.355,50.785,31.493,19.292,31.103,7.153,0.724,6.429,6.438,0.000,0.001,0.000,0.000,42.0,
6.11.2025,19:37:37.407,43.501,29.023,22.034,3.023,250.0,250.0,80.883,24.030,8.905,74.877,51.745,32.079,19.666,31.690,7.383,0.849,6.534,6.573,0.000,0.000,0.000,0.000,42.0,
6.11.2025,19:37:38.408,24.469,28.553,21.581,3.028,250.0,250.0,77.683,22.842,8.918,70.507,49.056,30.419,18.637,30.054,7.181,0.735,6.446,6.463,0.000,0.000,0.000,0.000,42.0,
6.11.2025,19:37:39.415,33.985,26.678,19.826,2.978,250.0,250.0,79.117,32.052,8.879,91.024,61.658,38.228,23.430,37.766,26.560,7.176,19.384,6.412,0.000,0.000,0.000,0.000,42.0,
6.11.2025,19:37:40.405,27.188,25.076,18.239,2.937,250.0,250.0,80.481,44.285,8.987,68.771,48.029,29.784,18.245,29.418,116.370,32.850,83.520,6.878,0.000,0.000,0.000,0.000,42.0,
6.11.2025,19:37:41.412,16.313,24.427,17.558,2.944,250.0,250.0,77.861,22.328,8.947,68.369,47.761,29.618,18.143,29.253,7.326,0.744,6.582,6.539,0.000,0.000,0.000,0.000,42.0,
6.11.2025,19:37:42.412,39.422,28.004,21.119,2.976,250.0,250.0,77.355,22.287,8.900,68.379,47.727,29.595,18.132,29.243,7.210,0.730,6.480,6.471,0.000,0.000,0.000,0.000,42.0,
6.11.2025,19:37:43.408,19.032,28.554,21.628,3.026,250.0,250.0,77.455,22.554,8.953,69.324,48.347,29.979,18.368,29.614,7.262,0.773,6.489,6.429,0.000,0.000,0.000,0.000,42.0,
6.11.2025,19:37:44.413,17.672,24.524,17.614,2.994,250.0,250.0,77.683,22.554,8.867,68.287,47.647,29.550,18.097,29.197,7.153,0.724,6.429,6.438,0.000,0.000,0.000,0.000,42.0,
6.11.2025,19:37:45.405,25.829,27.656,20.683,3.027,250.0,250.0,77.683,22.239,8.867,68.287,47.647,29.550,18.097,29.197,7.153,0.724,6.429,6.438,0.000,0.000,0.000,0.000,42.0,
6.11.2025,19:37:46.516,32.625,26.970,20.070,2.993,250.0,250.0,80.556,34.487,8.905,77.919,53.620,33.248,20.372,32.846,41.165,14.810,26.355,35.632,0.000,0.000,0.000,0.000,42.0,
6.11.2025,19:37:47.413,50.298,27.056,20.126,2.990,250.0,250.0,78.148,24.684,8.996,49.704,36.296,22.508,13.788,22.228,11.012,1.850,9.162,71.298,0.000,0.000,0.000,0.000,42.0,
6.11.2025,19:37:48.406,19.032,28.520,21.409,3.135,250.0,250.0,70.765,22.013,8.904,67.422,47.138,29.234,17.904,28.881,7.123,0.720,6.403,6.403,0.000,0.000,1.125,0.000,42.0,
6.11.2025,19:37:49.413,21.750,31.466,23.990,3.499,250.0,250.0,71.222,22.817,8.895,70.473,49.032,30.403,18.629,30.038,7.143,0.731,6.412,6.412,0.000,0.000,0.000,0.000,42.0,
6.11.2025,19:37:50.413,16.313,25.683,18.773,3.000,250.0,250.0,73.992,22.178,8.872,68.053,47.506,29.463,18.043,29.110,7.154,0.725,6.429,6.429,0.000,0.000,0.000,0.375,42.0,
6.11.2025,19:37:51.413,25.829,26.471,19.625,2.916,250.0,250.0,74.004,22.289,8.857,68.497,47.773,29.625,18.148,29.272,7.149,0.729,6.420,6.420,0.000,0.000,0.000,0.000,42.0,
6.11.2025,19:37:52.412,19.032,25.001,18.173,2.937,250.0,250.0,72.311,22.103,8.872,67.769,47.340,29.356,17.984,29.003,7.144,0.724,6.420,6.420,0.000,0.000,0.000,0.000,42.0,
6.11.2025,19:37:53.411,25.829,27.217,20.315,3.018,250.0,250.0,73.741,44.616,8.879,69.968,48.705,30.194,18.511,29.829,116.703,33.043,83.660,6.667,0.000,0.000,0.000,0.000,42.0,
6.11.2025,19:37:54.403,27.188,27.147,20.214,3.015,250.0,250.0,74.105,23.382,8.909,72.565,50.305,31.188,19.117,30.811,7.220,0.740,6.480,6.480,0.000,0.000,0.000,0.000,42.0,
6.11.2025,19:37:55.406,23.110,28.379,21.350,3.064,250.0,250.0,78.528,23.874,8.908,74.479,51.486,31.931,19.555,31.542,7.198,0.760,6.438,6.438,0.000,0.000,0.000,0.000,42.0,
6.11.2025,19:37:56.405,29.907,26.330,19.390,3.031,250.0,250.0,78.899,17.840,8.933,51.329,37.287,23.126,14.161,22.846,7.159,0.756,6.403,6.403,0.000,0.000,0.000,0.000,42.0,
6.11.2025,19:37:57.406,17.672,26.998,20.078,3.009,250.0,250.0,79.098,26.267,8.977,74.102,51.304,31.809,19.495,31.432,19.474,2.638,16.836,6.598,0.000,0.000,0.000,0.000,42.0,
6.11.2025,19:37:58.407,25.829,26.935,19.962,3.033,250.0,250.0,81.259,23.361,8.908,72.352,50.221,31.146,19.075,30.768,7.345,0.933,6.412,6.449,0.000,0.000,0.000,0.000,42.0,
6.11.2025,19:37:59.405,16.313,27.347,20.445,3.018,250.0,250.0,79.410,47.973,8.838,76.468,52.681,32.670,20.011,32.280,125.094,34.211,90.883,6.598,0.000,0.000,0.000,0.000,42.0,
6.11.2025,19:38:0.414,24.469,27.569,20.605,3.015,250.0,250.0,79.293,24.276,8.851,75.988,52.395,32.491,19.904,32.090,7.261,0.795,6.466,6.522,0.000,0.000,0.375,0.000,42.0,
6.11.2025,19:38:1.412,33.985,27.483,20.531,3.033,250.0,250.0,79.650,24.489,8.944,76.734,52.911,32.808,20.103,32.406,7.245,0.794,6.451,6.497,0.000,0.000,0.000,0.000,42.0,
6.11.2025,19:38:2.405,21.750,27.858,20.876,3.049,250.0,250.0,82.842,19.804,8.863,58.922,41.924,25.991,15.933,25.674,7.151,0.722,6.429,6.429,0.000,0.000,2.375,0.000,42.0,
6.11.2025,19:38:3.407,20.391,30.032,22.973,3.107,250.0,250.0,79.311,35.018,8.925,76.471,52.736,32.698,20.038,32.296,60.113,8.711,51.402,6.794,0.000,0.000,0.000,0.000,42.0,
6.11.2025,19:38:4.410,21.750,28.353,21.344,3.062,250.0,250.0,79.679,24.098,8.858,75.380,52.007,32.258,19.749,31.869,7.207,0.777,6.430,6.446,0.000,0.000,0.000,0.000,42.0,
6.11.2025,19:38:5.414,24.469,29.172,22.182,3.075,250.0,250.0,82.305,41.081,8.897,71.574,49.702,30.817,18.885,30.452,96.962,30.326,66.636,6.560,0.000,0.000,0.000,0.000,42.0,
6.11.2025,19:38:6.414,20.391,28.770,21.813,3.038,250.0,250.0,79.692,24.102,8.925,75.240,51.971,32.225,19.746,31.835,7.273,0.799,6.474,6.530,0.000,0.001,0.000,0.000,42.0,
6.11.2025,19:38:7.414,24.469,29.034,22.120,3.021,250.0,250.0,82.481,24.073,8.846,75.366,51.991,32.243,19.748,31.854,7.125,0.722,6.403,6.429,0.000,0.000,0.000,0.000,42.0,
6.11.2025,19:38:8.414,28.547,28.955,22.003,3.039,250.0,250.0,79.296,30.405,8.861,76.106,52.459,32.527,19.932,32.137,37.707,4.981,32.726,6.616,0.000,0.000,0.000,0.000,42.0,
6.11.2025,19:38:9.415,29.907,28.903,21.912,3.051,250.0,250.0,79.285,23.744,8.870,73.994,51.142,31.714,19.428,31.337,7.246,0.782,6.464,6.463,0.000,0.000,0.000,0.000,42.0,
6.11.2025,19:38:10.406,23.110,28.171,21.218,3.024,250.0,250.0,82.583,23.269,8.984,72.099,50.094,31.065,19.029,30.687,7.151,0.722,6.429,6.429,0.000,0.000,0.000,0.000,42.0,
6.11.2025,19:38:11.403,25.829,27.685,20.697,3.042,250.0,250.0,80.061,23.805,8.885,74.126,51.261,31.784,19.477,31.394,7.311,0.802,6.509,6.505,0.000,0.000,0.000,0.000,42.0,
6.11.2025,19:38:12.413,17.672,27.280,20.337,3.037,250.0,250.0,83.580,23.931,8.892,74.705,51.605,32.007,19.598,31.618,7.220,0.774,6.446,6.446,0.000,0.000,0.000,0.000,42.0,
6.11.2025,19:38:13.414,16.313,30.627,23.544,3.139,250.0,250.0,82.812,45.957,8.840,74.356,51.369,31.858,19.511,31.469,117.736,33.588,84.148,6.692,0.000,0.000,0.000,0.000,42.0,
6.11.2025,19:38:14.413,19.032,30.284,23.253,3.087,250.0,250.0,79.718,23.995,8.833,75.013,51.760,32.090,19.670,31.700,7.221,0.774,6.447,6.446,0.000,0.000,0.000,0.000,42.0,
6.11.2025,19:38:15.414,16.313,29.997,22.934,3.117,250.0,250.0,83.766,28.885,8.881,75.374,52.024,32.261,19.763,31.871,31.046,4.152,26.894,6.590,0.000,0.000,0.000,0.000,42.0,
6.11.2025,19:38:16.408,23.110,27.543,20.633,3.047,250.0,250.0,80.556,23.924,8.883,74.653,51.575,31.982,19.593,31.593,7.251,0.784,6.467,6.463,0.000,0.000,0.000,0.000,42.0,
6.11.2025,19:38:17.404,16.313,28.554,21.600,3.019,250.0,250.0,82.492,25.905,8.931,62.146,43.914,27.230,16.684,26.901,7.381,0.968,6.413,58.484,0.000,0.000,0.000,0.000,42.0,
6.11.2025,19:38:18.407,23.110,26.598,19.660,3.027,250.0,250.0,81.920,30.579,9.026,72.733,50.500,31.313,19.187,30.935,42.831,15.709,27.122,6.431,0.000,0.000,0.000,0.000,42.0,
6.11.2025,19:38:19.418,23.110,28.289,21.359,3.014,250.0,250.0,80.786,39.319,8.951,73.504,50.912,31.569,19.343,31.179,85.527,17.660,67.867,6.683,0.000,0.000,0.500,0.000,42.0,
6.11.2025,19:38:20.403,25.829,29.183,22.233,3.026,250.0,250.0,80.137,23.738,8.967,73.934,51.172,31.730,19.442,31.353,7.170,0.724,6.446,6.446,0.000,0.000,0.000,0.000,42.0,
6.11.2025,19:38:21.413,40.782,28.997,22.000,3.037,250.0,250.0,84.144,44.123,8.930,73.771,51.062,31.664,19.398,31.287,109.260,32.550,76.710,6.598,0.000,0.000,0.000,0.000,42.0,
6.11.2025,19:38:22.413,23.110,27.870,20.894,3.092,250.0,250.0,80.375,24.220,8.902,75.713,52.279,32.412,19.867,32.022,7.244,0.786,6.458,6.514,0.000,0.000,0.000,0.000,42.0,
6.11.2025,19:38:23.412,21.750,27.750,20.719,3.066,250.0,250.0,79.703,24.130,8.914,75.435,52.088,32.302,19.786,31.912,7.204,0.775,6.429,6.454,0.000,0.000,0.000,0.000,42.0,
6.11.2025,19:38:24.406,24.469,28.963,21.950,3.070,250.0,250.0,83.252,44.023,8.948,72.540,50.323,31.207,19.116,30.829,110.257,29.472,80.785,6.751,0.000,0.000,0.000,0.000,42.0,
6.11.2025,19:38:25.413,29.907,32.297,25.277,3.081,250.0,250.0,80.360,23.683,9.010,73.664,51.046,31.653,19.393,31.275,7.170,0.724,6.446,6.446,0.000,0.000,0.000,0.000,42.0,
6.11.2025,19:38:26.413,19.032,27.827,20.909,3.012,250.0,250.0,83.743,23.902,8.993,74.206,51.372,31.850,19.522,31.473,7.512,0.936,6.576,6.582,0.000,0.000,0.000,0.000,42.0,
6.11.2025,19:38:27.412,19.032,27.285,20.359,3.018,250.0,250.0,79.805,23.725,8.994,73.795,51.129,31.700,19.429,31.322,7.203,0.732,6.471,6.471,0.000,0.000,0.000,0.000,42.0,
6.11.2025,19:38:28.413,33.985,28.808,21.870,2.999,250.0,250.0,79.930,23.965,9.070,74.603,51.674,32.047,19.627,31.657,7.261,0.774,6.487,6.446,0.000,0.000,0.000,0.000,42.0,
6.11.2025,19:38:29.412,19.032,26.255,19.294,3.018,250.0,250.0,79.862,23.737,8.971,73.918,51.184,31.733,19.451,31.355,7.162,0.724,6.438,6.438,0.000,0.000,0.000,0.000,42.0,
6.11.2025,19:38:30.405,16.313,28.968,21.984,3.039,250.0,250.0,82.167,47.430,8.931,74.089,51.252,31.783,19.469,31.406,125.349,34.565,90.784,6.667,0.000,0.000,0.000,0.000,42.0,
6.11.2025,19:38:31.404,19.032,26.574,19.609,3.032,250.0,250.0,79.642,23.871,8.997,74.347,51.464,31.911,19.553,31.533,7.213,0.733,6.480,6.480,0.000,0.000,0.000,0.000,42.0,
6.11.2025,19:38:32.413,16.313,29.839,22.807,3.120,250.0,250.0,84.143,48.348,9.059,77.630,53.532,33.200,20.332,32.799,125.254,34.611,90.643,6.420,0.000,0.000,0.000,0.000,42.0,
6.11.2025,19:38:33.410,20.391,27.098,20.147,3.003,250.0,250.0,80.351,24.030,9.018,74.905,51.817,32.127,19.690,31.737,7.250,0.745,6.505,6.505,0.000,0.000,0.000,0.000,42.0,
6.11.2025,19:38:34.404,28.547,27.827,20.901,3.035,250.0,250.0,80.836,23.832,9.007,74.243,51.397,31.875,19.522,31.485,7.171,0.725,6.446,6.446,0.000,0.000,0.000,0.000,42.0,
6.11.2025,19:38:35.410,19.032,26.311,19.307,3.054,250.0,250.0,80.010,23.554,8.933,73.258,50.762,31.480,19.282,31.090,7.153,0.724,6.429,6.429,0.000,0.000,0.000,0.375,42.0,
6.11.2025,19:38:36.404,20.391,27.989,20.999,3.038,250.0,250.0,83.411,23.784,8.844,53.113,38.298,23.753,14.545,23.461,7.433,0.750,6.683,60.955,0.000,0.000,0.000,0.375,42.0,
6.11.2025,19:38:37.404,23.110,27.433,20.539,3.008,250.0,250.0,79.573,23.826,8.888,74.226,51.323,31.821,19.502,31.432,7.258,0.744,6.514,6.547,0.000,0.000,0.000,0.000,42.0,
6.11.2025,19:38:38.403,21.750,28.534,21.605,3.003,250.0,250.0,79.382,23.702,8.908,73.853,51.099,31.689,19.410,31.300,7.155,0.726,6.429,6.454,0.000,0.000,0.000,0.000,42.0,
6.11.2025,19:38:39.414,19.032,28.581,21.641,2.975,250.0,250.0,83.419,16.935,8.936,47.858,35.156,21.802,13.354,21.545,7.133,0.730,6.403,6.429,0.000,0.000,0.000,2.125,42.0,
6.11.2025,19:38:40.414,21.750,25.456,18.572,2.991,250.0,250.0,79.813,45.336,9.006,73.563,50.975,31.610,19.365,31.233,115.342,30.953,84.389,6.922,0.000,0.000,0.000,0.000,42.0,
6.11.2025,19:38:41.414,25.829,28.386,21.468,2.961,250.0,250.0,79.493,23.778,9.130,73.822,51.227,31.769,19.458,31.379,7.231,0.742,6.489,6.530,0.000,0.000,1.125,0.000,42.0,
6.11.2025,19:38:42.406,20.391,27.405,20.418,3.071,250.0,250.0,79.326,24.075,9.030,75.134,51.964,32.225,19.739,31.835,7.184,0.730,6.454,6.454,0.000,0.000,0.000,0.000,42.0,
6.11.2025,19:38:43.414,25.829,27.609,20.722,2.976,250.0,250.0,82.490,23.851,9.092,74.260,51.460,31.913,19.547,31.524,7.136,0.724,6.412,6.438,0.000,0.000,0.000,0.000,42.0,
6.11.2025,19:38:44.413,19.032,28.605,21.647,3.024,250.0,250.0,79.818,46.361,8.876,73.370,50.798,31.499,19.299,31.109,121.065,33.938,87.127,6.530,0.000,0.000,0.000,0.000,42.0,
6.11.2025,19:38:45.413,33.985,30.750,23.697,3.083,250.0,250.0,79.522,23.589,8.860,73.374,50.768,31.481,19.287,31.104,7.253,0.748,6.505,6.505,0.000,0.000,0.125,1.750,42.0,
6.11.2025,19:38:46.414,27.188,28.289,21.373,3.010,250.0,250.0,79.634,23.985,8.920,74.869,51.747,32.080,19.667,31.690,7.202,0.731,6.471,6.471,0.000,0.000,0.000,0.000,42.0,
6.11.2025,19:38:47.406,23.110,29.464,22.522,3.031,250.0,250.0,82.852,16.709,8.931,41.488,31.220,19.362,11.858,19.118,7.192,0.729,6.463,20.726,0.000,0.000,0.000,0.000,42.0,
6.11.2025,19:38:48.406,29.907,27.539,20.519,3.031,250.0,250.0,79.303,48.080,9.030,76.130,52.579,32.606,19.973,32.217,125.706,34.501,91.205,6.853,0.000,0.000,0.000,0.000,42.0,
6.11.2025,19:38:49.412,27.188,31.320,24.027,3.314,250.0,250.0,80.179,42.749,9.057,75.904,52.459,32.522,19.937,32.133,99.474,24.772,74.702,6.530,0.000,0.000,0.000,0.375,42.0,
6.11.2025,19:38:50.405,21.750,35.331,27.795,3.549,250.0,250.0,80.153,26.009,8.957,74.027,51.234,31.775,19.459,31.386,18.340,2.576,15.764,6.573,0.000,0.000,1.125,0.000,42.0,
6.11.2025,19:38:51.409,19.032,25.033,18.083,3.025,250.0,250.0,79.724,23.937,8.958,74.615,51.602,31.996,19.606,31.607,7.245,0.748,6.497,6.497,0.000,0.000,2.875,0.000,42.0,
6.11.2025,19:38:52.413,25.829,28.981,21.906,3.122,250.0,250.0,80.758,23.942,8.889,74.760,51.666,32.037,19.629,31.647,7.172,0.726,6.446,6.446,0.000,0.000,0.000,2.125,42.0,
6.11.2025,19:38:53.413,14.953,28.416,21.443,3.022,250.0,250.0,82.929,23.191,8.918,44.508,33.058,20.498,12.560,20.254,7.704,0.817,6.887,76.702,0.000,0.000,0.000,0.000,42.0,
6.11.2025,19:38:54.413,19.032,26.418,19.461,3.047,250.0,250.0,79.942,26.120,8.974,76.841,53.016,32.872,20.144,32.482,15.170,1.970,13.200,6.530,0.000,0.001,0.000,0.000,42.0,
6.11.2025,19:38:55.414,25.829,29.858,22.740,3.134,250.0,250.0,80.661,22.676,9.006,69.750,48.646,30.162,18.484,29.796,7.218,0.737,6.481,6.480,0.000,0.000,0.000,0.000,42.0,
6.11.2025,19:38:56.413,21.750,26.130,19.131,3.061,250.0,250.0,80.731,34.230,8.995,70.944,49.389,30.620,18.769,30.254,63.380,11.288,52.092,6.573,0.000,0.000,0.000,0.000,42.0,
6.11.2025,19:38:57.414,20.391,27.356,20.464,2.994,250.0,250.0,78.119,37.337,8.889,68.014,47.501,29.452,18.049,29.099,82.767,18.969,63.798,6.837,0.000,0.000,0.000,0.000,42.0,
6.11.2025,19:38:58.405,19.032,27.016,20.108,2.958,250.0,250.0,77.382,43.980,8.907,67.708,47.329,29.345,17.984,28.992,116.570,32.912,83.658,6.394,0.000,0.000,0.000,0.000,42.0,
6.11.2025,19:38:59.413,27.188,26.694,19.831,2.963,250.0,250.0,74.404,22.294,8.904,68.485,47.787,29.631,18.156,29.279,7.134,0.722,6.412,6.429,0.000,0.000,2.250,0.000,42.0,
6.11.2025,19:39:0.407,29.907,24.621,17.655,3.038,250.0,250.0,75.946,22.593,8.917,69.568,48.479,30.064,18.415,29.699,7.170,0.724,6.446,6.446,0.000,0.000,0.000,1.125,42.0,
6.11.2025,19:39:1.408,25.829,24.342,17.407,3.002,250.0,250.0,78.170,22.353,9.005,68.570,47.907,29.706,18.201,29.353,7.166,0.728,6.438,6.454,0.000,0.000,0.000,0.000,42.0,
6.11.2025,19:39:2.408,24.469,30.233,23.208,3.075,250.0,250.0,74.903,14.121,8.935,36.769,28.355,17.583,10.772,17.363,7.523,0.975,6.548,6.386,0.000,0.000,0.000,0.375,42.0,
6.11.2025,19:39:3.408,21.750,26.657,19.749,2.999,250.0,250.0,78.048,22.316,9.074,68.059,47.650,29.547,18.103,29.181,7.467,0.758,6.709,6.616,0.000,0.000,0.000,0.000,42.0,
6.11.2025,19:39:4.414,17.672,27.671,20.739,2.975,250.0,250.0,74.480,22.258,9.193,68.059,47.722,29.595,18.127,29.230,7.114,0.720,6.394,6.429,0.000,0.000,0.000,0.000,42.0,
6.11.2025,19:39:5.413,20.391,27.265,20.364,3.006,250.0,250.0,74.986,44.160,9.052,68.400,47.838,29.660,18.178,29.306,116.282,32.928,83.354,6.598,0.000,0.000,0.000,0.000,42.0,
6.11.2025,19:39:6.414,16.313,26.480,19.614,2.942,250.0,250.0,73.980,44.682,8.994,70.406,49.051,30.407,18.644,30.042,116.414,33.046,83.368,6.446,0.000,0.000,0.000,0.000,42.0,
6.11.2025,19:39:7.412,20.391,24.333,17.469,2.951,250.0,250.0,70.494,23.315,8.997,72.244,50.191,31.118,19.073,30.741,7.187,0.775,6.412,6.412,0.000,0.000,0.500,0.000,42.0,
6.11.2025,19:39:8.414,19.032,27.343,20.476,2.953,250.0,250.0,74.717,44.135,8.857,68.254,47.629,29.537,18.092,29.184,116.580,33.012,83.568,6.633,0.000,0.001,0.000,0.000,42.0,
6.11.2025,19:39:9.413,14.953,24.922,18.092,2.935,250.0,250.0,70.806,22.195,8.958,68.068,47.582,29.496,18.086,29.143,7.113,0.719,6.394,6.394,0.000,0.000,0.000,0.000,42.0,
6.11.2025,19:39:10.413,14.953,24.922,18.092,2.935,250.0,250.0,73.881,37.447,8.912,62.516,44.124,27.363,16.761,27.035,63.320,23.198,40.122,61.116,0.000,0.000,0.000,0.000,42.0,
6.11.2025,19:39:11.413,28.547,26.259,19.400,2.955,250.0,250.0,57.781,11.739,4.652,32.379,22.965,14.234,8.731,14.062,7.029,0.719,6.310,6.310,0.000,0.000,0.000,0.000,42.0,
6.11.2025,19:39:12.409,25.829,27.626,20.329,3.332,250.0,250.0,35.611,10.564,4.171,28.418,20.211,12.528,7.683,12.381,6.987,0.711,6.276,6.276,0.000,0.000,0.000,0.000,42.0,
6.11.2025,19:39:13.437,29.907,21.212,12.124,3.127,250.0,250.0,26.993,6.910,3.389,15.295,11.597,7.189,4.408,7.103,6.942,0.708,6.234,6.234,0.003,0.000,0.000,0.000,42.0,
Date,Time,"VR VCC 전류 (SVID IOUT) [A]","CPU 패키지 전력 소비 [W]","IA 코어 전력 소비 [W]","시스템 에이전트 전력 소비 [W]","PL1 전력 제한 (Static) [W]","PL2 전력 제한 (Static) [W]","GPU 전력 소비 [W]","GPU 라인 전력 소비 (avg) [W]","GPU PCIe +12V 입력 전력 소비 [W]","GPU 12VHPWR 전력 소비 [W]","GPU Unknown Rail (D6) 전력 소비 (sum) [W]","GPU Core (NVVDD) 입력 전력 소비 (sum) [W]","GPU Unknown Rail (D4) 전력 소비 (sum) [W]","GPU Misc0 입력 전력 소비 (sum) [W]","GPU Unknown Rail (D) 전력 소비 (sum) [W]","GPU Unknown Rail (10) 전력 소비 [W]","GPU Core (NVVDD) 출력 전력 소비 [W]","GPU Core (NVVDD) 출력 전력 소비 [W]","PCH 전력 소비 [W]","나머지 칩 전력 소비 [W]","총 전력 소비 [W]","총 전력 소비 [W]","T3 [°C]",
,,CPU [#0]: Intel Core Ultra 7 265KF: Enhanced,CPU [#0]: Intel Core Ultra 7 265KF: Enhanced,CPU [#0]: Intel Core Ultra 7 265KF: Enhanced,CPU [#0]: Intel Core Ultra 7 265KF: Enhanced,CPU [#0]: Intel Core Ultra 7 265KF: Enhanced,CPU [#0]: Intel Core Ultra 7 265KF: Enhanced,GPU [#1]: NVIDIA GeForce RTX 5090: GIGABYTE GeForce RTX 5090 GAMING OC 32G (GV-N5090GAMING OC-32GD),GPU [#1]: NVIDIA GeForce RTX 5090: GIGABYTE GeForce RTX 5090 GAMING OC 32G (GV-N5090GAMING OC-32GD),GPU [#1]: NVIDIA GeForce RTX 5090: GIGABYTE GeForce RTX 5090 GAMING OC 32G (GV-N5090GAMING OC-32GD),GPU [#1]: NVIDIA GeForce RTX 5090: GIGABYTE GeForce RTX 5090 GAMING OC 32G (GV-N5090GAMING OC-32GD),GPU [#1]: NVIDIA GeForce RTX 5090: GIGABYTE GeForce RTX 5090 GAMING OC 32G (GV-N5090GAMING OC-32GD),GPU [#1]: NVIDIA GeForce RTX 5090: GIGABYTE GeForce RTX 5090 GAMING OC 32G (GV-N5090GAMING OC-32GD),GPU [#1]: NVIDIA GeForce RTX 5090: GIGABYTE GeForce RTX 5090 GAMING OC 32G (GV-N5090GAMING OC-32GD),GPU [#1]: NVIDIA GeForce RTX 5090: GIGABYTE GeForce RTX 5090 GAMING OC 32G (GV-N5090GAMING OC-32GD),GPU [#1]: NVIDIA GeForce RTX 5090: GIGABYTE GeForce RTX 5090 GAMING OC 32G (GV-N5090GAMING OC-32GD),GPU [#1]: NVIDIA GeForce RTX 5090: GIGABYTE GeForce RTX 5090 GAMING OC 32G (GV-N5090GAMING OC-32GD),GPU [#1]: NVIDIA GeForce RTX 5090: GIGABYTE GeForce RTX 5090 GAMING OC 32G (GV-N5090GAMING OC-32GD),GPU [#1]: NVIDIA GeForce RTX 5090: GIGABYTE GeForce RTX 5090 GAMING OC 32G (GV-N5090GAMING OC-32GD),CPU [#0]: Intel Core Ultra 7 265KF: Enhanced,CPU [#0]: Intel Core Ultra 7 265KF: Enhanced,DDR5 DIMM [#3]: Micron CP32G64C40U5B.M8B1 (BANK 0/DIMMA2),DDR5 DIMM [#1]: Micron CP32G64C40U5B.M8B1 (BANK 1/DIMMB2),NUC126,
