Date,Time,"VR VCC 전류 (SVID IOUT) [A]","CPU 패키지 전력 소비 [W]","IA 코어 전력 소비 [W]","시스템 에이전트 전력 소비 [W]","PL1 전력 제한 (Static) [W]","PL2 전력 제한 (Static) [W]","GPU 전력 소비 [W]","GPU 라인 전력 소비 (avg) [W]","GPU PCIe +12V 입력 전력 소비 [W]","GPU 12VHPWR 전력 소비 [W]","GPU Unknown Rail (D6) 전력 소비 (sum) [W]","GPU Core (NVVDD) 입력 전력 소비 (sum) [W]","GPU Unknown Rail (D4) 전력 소비 (sum) [W]","GPU Misc0 입력 전력 소비 (sum) [W]","GPU Unknown Rail (D) 전력 소비 (sum) [W]","GPU Unknown Rail (10) 전력 소비 [W]","GPU Core (NVVDD) 출력 전력 소비 [W]","GPU Core (NVVDD) 출력 전력 소비 [W]","PCH 전력 소비 [W]","나머지 칩 전력 소비 [W]","총 전력 소비 [W]","T3 [°C]","총 전력 소비 [W]",
12.11.2025,10:25:4.515,29.907,13.135,4.156,2.790,250.0,250.0,10.690,4.447,2.856,9.489,7.652,4.749,2.903,4.687,4.190,0.436,3.754,3.754,0.000,0.000,0.000,77.0,0.000,
12.11.2025,10:25:5.510,21.750,13.718,4.686,2.829,250.0,250.0,12.660,6.042,3.138,14.823,11.123,6.895,4.228,6.822,4.810,0.733,4.077,3.771,0.000,0.000,0.000,77.0,0.000,
12.11.2025,10:25:6.512,16.313,17.747,8.610,2.900,250.0,250.0,18.470,3.892,2.930,7.290,6.337,3.938,2.399,3.889,4.190,0.436,3.754,3.754,0.001,0.000,0.000,77.0,0.000,
12.11.2025,10:25:7.523,25.829,12.400,3.426,2.826,250.0,250.0,11.103,3.950,2.906,7.543,6.472,4.011,2.461,3.975,4.190,0.436,3.754,3.754,0.000,0.000,0.000,77.0,0.000,
12.11.2025,10:25:8.508,13.594,11.791,2.867,2.777,250.0,250.0,12.178,4.549,2.979,9.769,7.895,4.894,3.001,4.845,4.180,0.434,3.746,3.746,0.000,0.000,0.000,77.0,0.000,
12.11.2025,10:25:9.507,13.594,12.164,3.248,2.764,250.0,250.0,11.581,3.794,2.807,7.048,6.113,3.788,2.325,3.751,4.180,0.434,3.746,3.746,0.001,0.000,0.000,77.0,0.000,
12.11.2025,10:25:10.506,14.953,28.248,18.937,2.978,250.0,250.0,12.747,3.921,2.893,7.435,6.410,3.974,2.436,3.925,4.190,0.436,3.754,3.754,0.000,0.000,0.000,77.0,0.000,
12.11.2025,10:25:11.506,13.594,25.622,16.325,3.113,250.0,250.0,11.942,3.934,2.991,7.400,6.447,3.998,2.449,3.949,4.180,0.434,3.746,3.746,0.000,0.000,0.000,77.0,0.000,
12.11.2025,10:25:12.517,19.032,27.570,18.222,3.086,250.0,250.0,12.542,20.893,8.447,66.441,46.443,28.801,17.642,28.457,4.455,0.602,3.853,3.788,0.000,0.000,0.000,77.0,0.000,
12.11.2025,10:25:13.510,32.625,27.794,18.686,3.259,250.0,250.0,59.012,23.971,8.926,75.014,52.060,32.284,19.776,31.891,6.792,0.623,6.169,6.179,0.000,0.000,0.000,77.0,0.000,
12.11.2025,10:25:14.517,14.953,27.769,20.185,3.152,250.0,250.0,71.583,19.058,8.902,56.386,40.496,25.108,15.388,24.801,6.702,0.593,6.109,6.099,0.000,0.000,0.000,77.0,0.000,
12.11.2025,10:25:15.520,20.391,25.705,18.348,2.958,250.0,250.0,66.010,19.169,8.902,56.780,40.735,25.258,15.477,24.964,6.722,0.593,6.129,6.129,0.000,0.000,0.000,77.0,0.000,
12.11.2025,10:25:16.513,25.829,26.217,18.855,2.910,250.0,250.0,67.600,19.266,8.900,57.104,40.937,25.389,15.548,25.083,6.777,0.598,6.179,6.140,0.000,0.000,0.000,77.0,0.000,
12.11.2025,10:25:17.509,16.313,28.832,21.534,2.945,250.0,250.0,66.060,19.223,8.914,56.959,40.855,25.330,15.525,25.035,6.736,0.596,6.140,6.140,0.000,0.000,0.000,77.0,0.000,
12.11.2025,10:25:18.509,19.032,27.598,20.108,3.040,250.0,250.0,65.661,19.211,8.850,56.940,40.814,25.303,15.511,24.997,6.771,0.631,6.140,6.149,0.000,0.000,0.000,77.0,0.000,
12.11.2025,10:25:19.513,21.750,24.887,17.466,2.914,250.0,250.0,26.229,3.887,2.856,7.292,6.298,3.912,2.386,3.863,4.236,0.439,3.797,3.788,0.002,0.000,0.000,77.0,0.000,
12.11.2025,10:25:20.506,21.750,30.482,21.080,2.899,250.0,250.0,13.887,3.974,2.831,7.651,6.509,4.036,2.473,3.987,4.234,0.446,3.788,3.779,0.000,0.000,0.000,77.0,0.000,
12.11.2025,10:25:21.507,21.750,28.454,19.077,2.982,250.0,250.0,10.942,3.863,2.819,7.258,6.247,3.873,2.374,3.836,4.227,0.439,3.788,3.771,0.000,0.000,0.000,77.0,0.000,
12.11.2025,10:25:22.509,21.750,28.434,18.898,3.309,250.0,250.0,12.162,5.196,2.929,12.189,9.386,5.818,3.568,5.744,4.277,0.506,3.771,3.771,0.000,0.000,0.000,77.0,0.000,
12.11.2025,10:25:23.519,29.907,27.875,18.379,3.301,250.0,250.0,15.475,4.977,2.979,11.280,8.846,5.487,3.359,5.425,4.308,0.511,3.797,3.779,0.000,0.000,0.000,77.0,0.000,
12.11.2025,10:25:24.521,29.907,30.251,20.707,3.294,250.0,250.0,19.369,4.487,3.040,9.376,7.699,4.772,2.927,4.723,4.279,0.508,3.771,3.771,0.000,0.000,0.000,77.0,0.000,
12.11.2025,10:25:25.522,35.344,35.269,25.621,3.371,250.0,250.0,15.117,4.487,3.077,11.306,8.930,5.535,3.395,5.462,4.289,0.518,3.771,3.771,0.000,0.000,0.000,77.0,0.000,
12.11.2025,10:25:26.541,46.219,33.100,23.485,3.353,250.0,250.0,14.851,4.920,2.869,11.204,8.730,5.418,3.312,5.356,4.271,0.500,3.771,3.771,0.001,0.000,0.500,77.0,0.000,
12.11.2025,10:25:27.542,20.391,35.333,25.310,3.691,250.0,250.0,31.349,43.351,4.209,101.904,65.709,40.746,24.963,40.256,67.932,11.250,56.682,19.857,0.000,0.000,0.000,77.0,0.000,
12.11.2025,10:25:28.558,27.188,28.834,19.424,3.332,250.0,250.0,164.907,87.844,9.038,240.741,154.199,95.613,58.586,94.455,107.382,23.163,84.219,11.041,0.000,0.000,0.000,77.0,0.000,
12.11.2025,10:25:29.558,29.907,30.895,23.275,3.172,250.0,250.0,157.038,26.300,8.840,79.497,54.795,33.979,20.816,33.562,10.774,0.806,9.968,9.968,0.000,0.000,0.000,77.0,0.000,
12.11.2025,10:25:30.561,28.547,27.370,19.836,3.111,250.0,250.0,82.191,99.048,8.837,189.266,122.203,75.775,46.428,74.862,64.788,11.086,53.702,343.529,0.000,0.000,0.000,77.0,0.000,
12.11.2025,10:25:31.564,27.188,27.357,19.982,2.988,250.0,250.0,113.265,26.314,8.898,79.558,54.864,34.023,20.841,33.618,10.712,0.802,9.910,9.910,0.000,0.000,0.000,77.0,0.000,
12.11.2025,10:25:32.560,32.625,27.231,19.683,3.122,250.0,250.0,118.643,26.424,8.898,79.916,55.081,34.155,20.926,33.750,10.774,0.806,9.968,9.968,0.000,0.000,0.000,77.0,0.000,
12.11.2025,10:25:33.559,32.625,27.231,19.683,3.122,250.0,250.0,118.643,26.424,8.898,79.916,55.081,34.155,20.926,33.750,10.774,0.806,9.968,9.968,0.000,0.000,0.000,77.0,0.000,
12.11.2025,10:25:34.561,21.750,30.951,23.027,3.417,250.0,250.0,106.379,88.790,9.022,253.443,161.829,100.342,61.487,99.137,95.580,11.652,83.929,11.477,0.000,0.000,0.000,77.0,0.000,
12.11.2025,10:25:35.566,25.829,31.092,23.523,3.151,250.0,250.0,191.801,41.234,8.921,112.054,74.965,46.482,28.483,45.930,42.586,5.166,37.420,10.334,0.000,0.000,0.000,77.0,0.000,
12.11.2025,10:25:36.564,17.672,26.871,19.434,3.018,250.0,250.0,159.581,163.838,8.919,318.095,202.480,125.551,76.929,124.048,300.340,122.388,177.952,181.679,0.000,0.000,0.000,77.0,0.000,
12.11.2025,10:25:37.553,23.110,29.647,22.192,3.020,250.0,250.0,234.300,26.532,8.875,79.939,55.079,34.154,20.925,33.749,11.146,0.835,10.311,10.311,0.000,0.000,0.000,77.0,0.000,
12.11.2025,10:25:38.569,20.391,26.514,19.055,3.044,250.0,250.0,88.722,26.418,8.896,79.604,54.896,34.037,20.859,33.620,11.058,0.861,10.196,10.158,0.000,0.000,0.000,77.0,0.000,
12.11.2025,10:25:39.567,23.110,26.085,18.092,3.501,250.0,250.0,61.573,10.931,8.820,28.007,22.852,14.166,8.686,13.994,4.411,0.453,3.958,3.958,0.000,0.000,0.000,77.0,0.000,
12.11.2025,10:25:40.568,27.188,26.086,18.176,3.458,250.0,250.0,33.241,7.779,4.020,20.813,15.406,9.558,5.848,9.436,4.387,0.455,3.932,3.932,0.000,0.000,0.000,77.0,0.000,
12.11.2025,10:25:41.580,35.344,26.698,18.458,3.008,250.0,250.0,21.378,4.500,3.138,9.204,7.661,4.747,2.914,4.685,4.367,0.452,3.915,3.915,0.002,0.000,0.000,77.0,0.000,
12.11.2025,10:25:42.576,20.391,29.853,20.349,2.962,250.0,250.0,12.390,4.436,2.758,9.359,7.520,4.665,2.855,4.603,4.350,0.452,3.898,3.898,0.000,0.000,0.000,77.0,0.000,
12.11.2025,10:25:43.575,39.422,28.825,19.096,3.396,250.0,250.0,10.900,11.181,2.929,18.775,13.450,8.340,5.110,8.230,4.873,0.983,3.890,45.226,0.000,0.000,0.000,77.0,0.000,
12.11.2025,10:25:44.584,28.547,27.665,18.271,3.181,250.0,250.0,77.708,26.505,8.957,80.084,55.226,34.245,20.981,33.827,10.832,0.816,10.016,10.063,0.000,0.000,0.500,77.0,0.000,
12.11.2025,10:25:45.596,27.188,29.899,22.068,3.136,250.0,250.0,88.999,26.398,8.995,79.584,54.943,34.068,20.875,33.651,10.892,0.818,10.074,10.074,0.000,0.000,0.000,77.0,0.000,
12.11.2025,10:25:46.595,29.907,28.687,21.103,3.092,250.0,250.0,43.133,4.470,3.347,8.736,7.504,4.650,2.854,4.588,4.551,0.619,3.932,3.924,0.002,0.000,0.000,77.0,0.000,
12.11.2025,10:25:47.596,32.625,32.260,22.559,3.116,250.0,250.0,12.912,4.024,3.004,7.526,6.539,4.052,2.487,4.003,4.359,0.453,3.906,3.906,0.001,0.001,0.000,77.0,0.000,
12.11.2025,10:25:48.596,42.141,30.479,20.867,3.123,250.0,250.0,13.322,4.023,3.053,7.486,6.534,4.061,2.473,4.011,4.359,0.453,3.906,3.898,0.000,0.000,0.000,77.0,0.000,
12.11.2025,10:25:49.592,35.344,29.547,20.370,3.080,250.0,250.0,11.989,3.880,3.077,6.915,6.203,3.852,2.351,3.803,4.350,0.452,3.898,3.898,0.000,0.000,0.000,77.0,0.000,
12.11.2025,10:25:50.597,28.547,30.052,20.775,3.090,250.0,250.0,13.321,4.664,2.844,10.142,8.055,4.993,3.062,4.932,4.360,0.470,3.890,3.890,0.000,0.000,0.000,77.0,0.000,
12.11.2025,10:25:51.597,24.469,29.283,19.965,3.135,250.0,250.0,13.130,3.916,2.869,7.274,6.295,3.898,2.397,3.849,4.340,0.450,3.890,3.898,0.000,0.000,0.000,77.0,0.000,
12.11.2025,10:25:52.598,24.469,29.816,20.538,3.098,250.0,250.0,11.233,3.970,2.967,7.388,6.426,3.988,2.438,3.939,4.331,0.450,3.881,3.890,0.000,0.000,0.000,77.0,0.000,
12.11.2025,10:25:53.595,19.032,27.715,18.492,3.073,250.0,250.0,11.427,4.203,2.832,8.369,6.949,4.305,2.644,4.255,4.396,0.488,3.908,3.890,0.000,0.000,0.000,77.0,0.000,
12.11.2025,10:25:54.596,20.391,28.744,19.531,3.037,250.0,250.0,11.330,3.844,2.918,6.955,6.127,3.802,2.325,3.753,4.340,0.450,3.890,3.881,0.001,0.000,0.000,77.0,0.000,
12.11.2025,10:25:55.597,21.750,30.198,20.911,3.083,250.0,250.0,11.406,4.569,2.868,9.772,7.833,4.857,2.976,4.808,4.342,0.452,3.890,3.890,0.000,0.000,0.000,77.0,0.000,
12.11.2025,10:25:56.611,21.750,30.799,21.582,3.043,250.0,250.0,11.708,4.471,2.868,9.409,7.610,4.721,2.889,4.672,4.332,0.451,3.881,3.881,0.000,0.000,0.000,77.0,0.000,
12.11.2025,10:25:57.613,20.391,29.196,20.035,3.056,250.0,250.0,11.764,4.543,2.966,9.580,7.786,4.834,2.952,4.772,4.331,0.450,3.881,3.881,0.000,0.000,0.000,77.0,0.000,
12.11.2025,10:25:58.610,23.110,30.949,21.691,3.067,250.0,250.0,11.332,147.836,8.226,309.414,196.197,121.657,74.540,120.183,177.626,55.772,121.854,292.889,0.000,0.000,0.000,77.0,0.000,
12.11.2025,10:25:59.611,17.672,27.893,18.960,2.994,250.0,250.0,106.521,25.085,8.873,76.081,52.694,32.676,20.018,32.283,9.718,0.924,8.794,8.794,0.000,0.000,0.000,77.0,0.375,
12.11.2025,10:26:0.612,16.313,25.914,18.456,3.031,250.0,250.0,104.471,15.369,8.786,39.244,29.794,18.475,11.319,18.254,9.579,0.919,8.660,8.660,0.000,0.000,0.000,77.0,0.000,
12.11.2025,10:26:1.610,27.188,23.595,16.104,3.060,250.0,250.0,74.177,12.515,8.813,33.404,26.179,16.238,9.941,16.041,5.040,0.578,4.462,4.459,0.000,0.000,0.000,77.0,0.000,
12.11.2025,10:26:2.611,21.750,24.677,17.178,3.041,250.0,250.0,70.133,26.641,8.918,80.481,55.440,34.376,21.064,33.971,11.032,0.933,10.099,10.099,0.000,0.000,0.000,77.0,0.000,
12.11.2025,10:26:3.609,23.110,26.495,18.192,2.986,250.0,250.0,98.647,26.674,8.881,80.589,55.492,34.414,21.078,33.997,11.077,0.943,10.134,10.134,0.000,0.000,0.000,77.0,0.000,
12.11.2025,10:26:4.609,21.750,25.048,17.630,3.024,250.0,250.0,82.345,12.927,8.789,34.815,27.046,16.770,10.276,16.574,5.183,0.546,4.637,4.637,0.000,0.000,0.500,77.0,0.000,
12.11.2025,10:26:5.608,16.313,24.848,17.274,3.077,250.0,250.0,53.105,11.993,8.791,31.354,24.897,15.444,9.453,15.260,5.226,0.586,4.640,4.283,0.000,0.000,0.000,77.0,0.000,
12.11.2025,10:26:6.607,28.547,23.627,16.166,3.020,250.0,250.0,50.909,11.307,8.827,29.338,23.680,14.682,8.998,14.498,4.541,0.541,4.000,3.966,0.000,0.000,0.500,77.0,0.000,
12.11.2025,10:26:7.605,24.469,26.226,18.675,3.112,250.0,250.0,67.266,26.677,8.930,80.501,55.469,34.403,21.066,33.986,11.126,0.946,10.181,10.158,0.000,0.000,0.000,77.0,0.000,
12.11.2025,10:26:8.606,17.672,24.010,16.171,2.983,250.0,250.0,99.380,26.726,8.920,80.681,55.571,34.466,21.105,34.049,11.136,0.944,10.192,10.192,0.000,0.000,0.000,77.0,0.000,
12.11.2025,10:26:9.604,16.313,24.387,16.898,3.025,250.0,250.0,91.135,40.746,8.856,47.443,34.772,21.564,13.208,21.295,8.729,2.661,6.068,242.868,0.000,0.000,0.000,77.0,0.000,
12.11.2025,10:26:10.602,12.235,25.944,18.447,3.045,250.0,250.0,53.335,11.912,8.865,31.295,24.906,15.450,9.456,15.266,4.819,0.545,4.274,4.248,0.000,0.000,0.000,77.0,0.000,
12.11.2025,10:26:11.603,21.750,24.455,17.002,3.039,250.0,250.0,51.297,11.388,8.864,29.576,23.840,14.781,9.059,14.609,4.573,0.547,4.026,4.000,0.000,0.000,0.000,77.0,0.750,
12.11.2025,10:26:12.601,20.391,25.087,17.587,3.040,250.0,250.0,61.604,11.082,8.842,28.452,23.140,14.346,8.794,14.174,4.544,0.553,3.991,3.982,0.000,0.000,0.000,77.0,0.000,
12.11.2025,10:26:13.615,23.110,24.374,16.875,3.061,250.0,250.0,49.338,8.596,4.473,23.337,17.262,10.701,6.561,10.566,4.537,0.555,3.982,3.982,0.000,0.000,0.000,77.0,0.000,
12.11.2025,10:26:14.614,13.594,24.527,16.782,3.035,250.0,250.0,55.501,58.300,8.935,149.721,97.812,60.647,37.165,59.916,81.917,22.716,59.201,4.968,0.002,0.000,0.000,77.0,0.375,
12.11.2025,10:26:15.614,19.032,27.746,20.001,3.062,250.0,250.0,57.427,12.585,8.812,33.020,25.948,16.092,9.856,15.896,5.592,0.551,5.041,5.041,0.000,0.000,0.000,77.0,0.000,
12.11.2025,10:26:16.600,23.110,25.884,18.406,3.054,250.0,250.0,50.336,8.761,4.472,23.795,17.531,10.877,6.654,10.742,4.698,0.553,4.145,4.145,0.000,0.000,0.000,77.0,0.000,
12.11.2025,10:26:17.602,16.313,25.401,17.482,3.117,250.0,250.0,68.120,26.793,8.920,80.920,55.713,34.549,21.164,34.132,11.156,0.941,10.215,10.215,0.002,0.000,0.000,77.0,0.000,
12.11.2025,10:26:18.606,21.750,24.898,16.076,3.020,250.0,250.0,99.072,26.853,8.957,81.018,55.814,34.607,21.207,34.190,11.225,0.939,10.286,10.286,0.000,0.000,0.000,77.0,0.000,
12.11.2025,10:26:19.605,17.672,25.731,18.182,3.070,250.0,250.0,78.237,13.133,8.839,35.381,27.428,17.005,10.423,16.796,5.336,0.554,4.782,4.782,0.000,0.000,0.625,77.0,0.000,
12.11.2025,10:26:20.608,21.750,23.713,16.198,3.071,250.0,250.0,65.606,16.366,8.848,47.573,34.937,21.656,13.281,21.399,5.527,0.617,4.910,4.910,0.000,0.000,0.000,77.0,0.000,
12.11.2025,10:26:21.606,19.032,26.015,18.522,3.063,250.0,250.0,51.574,11.393,8.804,29.600,23.818,14.769,9.049,14.597,4.617,0.558,4.059,4.059,0.000,0.000,0.000,77.0,0.000,
12.11.2025,10:26:22.611,19.032,22.537,15.109,3.030,250.0,250.0,49.854,11.123,8.806,28.620,23.220,14.391,8.829,14.220,4.566,0.549,4.017,4.017,0.000,0.000,0.000,77.0,0.750,
12.11.2025,10:26:23.612,19.032,24.505,17.010,3.051,250.0,250.0,43.810,8.111,4.093,21.857,16.092,9.975,6.117,9.864,4.552,0.544,4.008,4.008,0.000,0.000,0.000,77.0,0.000,
12.11.2025,10:26:24.599,23.110,25.543,16.764,3.062,250.0,250.0,81.805,26.776,8.984,80.702,55.617,34.485,21.132,34.080,11.237,0.951,10.286,10.286,0.004,0.000,0.750,77.0,0.000,
12.11.2025,10:26:25.602,21.750,26.066,17.668,3.063,250.0,250.0,98.863,26.781,8.933,80.731,55.606,34.478,21.128,34.073,11.264,0.930,10.334,10.334,0.000,0.000,0.000,77.0,1.125,
12.11.2025,10:26:26.601,20.391,25.747,18.237,3.051,250.0,250.0,80.912,13.114,8.811,35.154,27.270,16.912,10.358,16.703,5.503,0.578,4.925,4.925,0.000,0.000,0.000,77.0,0.000,
12.11.2025,10:26:27.602,14.953,25.669,18.121,3.089,250.0,250.0,53.110,11.921,8.791,31.319,24.892,15.436,9.456,15.239,4.907,0.545,4.362,4.265,0.000,0.000,0.000,77.0,0.500,
12.11.2025,10:26:28.603,6.797,24.982,17.509,3.049,250.0,250.0,48.555,5.441,3.150,12.560,9.754,6.039,3.715,5.965,4.601,0.550,4.051,4.026,0.000,0.000,0.000,77.0,0.000,
12.11.2025,10:26:29.605,17.672,26.098,18.077,3.057,250.0,250.0,74.315,26.796,8.897,80.772,55.612,34.482,21.130,34.077,11.309,0.939,10.370,10.370,0.002,0.000,0.000,77.0,0.375,
12.11.2025,10:26:30.605,17.672,24.971,16.714,3.026,250.0,250.0,99.926,26.787,8.972,80.627,55.566,34.459,21.107,34.041,11.353,0.960,10.393,10.393,0.000,0.000,0.000,77.0,0.000,
12.11.2025,10:26:31.606,16.313,25.114,17.595,3.042,250.0,250.0,80.390,13.028,8.802,35.004,27.170,16.845,10.325,16.649,5.389,0.562,4.827,4.708,0.000,0.000,0.000,77.0,0.000,
12.11.2025,10:26:32.604,19.032,25.021,17.563,3.048,250.0,250.0,63.071,12.094,8.837,31.845,25.239,15.652,9.587,15.456,4.979,0.565,4.414,4.370,0.000,0.000,0.000,77.0,0.000,
12.11.2025,10:26:33.603,21.750,25.542,17.916,3.049,250.0,250.0,55.394,16.062,8.971,44.914,33.423,20.719,12.704,20.474,6.680,0.566,6.114,6.055,0.002,0.000,0.000,77.0,0.375,
12.11.2025,10:26:34.603,13.594,24.475,15.633,3.206,250.0,250.0,64.750,16.384,8.951,46.199,34.211,21.207,13.004,20.949,6.631,0.556,6.075,6.055,0.000,0.000,0.000,77.0,0.375,
12.11.2025,10:26:35.601,19.032,30.763,22.788,3.466,250.0,250.0,59.639,12.284,8.803,32.387,25.549,15.838,9.711,15.654,5.231,0.558,4.673,4.441,0.000,0.000,0.000,77.0,0.000,
12.11.2025,10:26:36.614,16.313,23.893,16.356,3.080,250.0,250.0,60.139,21.409,8.834,67.652,47.339,29.349,17.990,28.994,4.824,0.541,4.283,4.282,0.000,0.000,0.000,77.0,0.000,
12.11.2025,10:26:37.607,17.672,23.524,16.033,3.034,250.0,250.0,56.531,28.902,4.345,100.850,65.075,40.358,24.717,39.868,4.798,0.577,4.221,4.212,0.000,0.000,0.000,77.0,0.000,
12.11.2025,10:26:38.612,23.110,26.257,17.078,2.995,250.0,250.0,101.480,26.950,8.901,81.200,55.887,34.652,21.235,34.234,11.454,0.967,10.487,10.487,0.000,0.000,0.000,77.0,0.000,
12.11.2025,10:26:39.611,21.750,26.499,19.055,3.012,250.0,250.0,95.839,13.419,8.816,36.153,27.902,17.299,10.603,17.090,5.631,0.564,5.067,5.067,0.000,0.000,0.000,77.0,0.000,
12.11.2025,10:26:40.609,17.672,24.451,17.013,3.011,250.0,250.0,55.055,12.306,8.838,32.576,25.689,15.926,9.763,15.742,5.028,0.561,4.467,4.467,0.000,0.000,0.000,77.0,0.000,
12.11.2025,10:26:41.612,21.750,23.313,15.825,3.013,250.0,250.0,51.684,12.245,8.853,32.234,25.482,15.805,9.677,15.609,5.125,0.585,4.540,4.540,0.000,0.000,0.000,77.0,0.000,
12.11.2025,10:26:42.607,25.829,24.152,16.650,3.039,250.0,250.0,62.427,11.279,8.815,29.077,23.507,14.570,8.937,14.398,4.685,0.566,4.119,4.119,0.000,0.000,0.500,77.0,0.500,
12.11.2025,10:26:43.613,13.594,24.513,17.022,3.054,250.0,250.0,48.777,8.572,4.142,23.456,17.122,10.612,6.510,10.490,4.652,0.567,4.085,4.085,0.000,0.000,0.000,77.0,0.750,
12.11.2025,10:26:44.612,17.672,25.726,17.480,3.051,250.0,250.0,66.953,26.920,8.873,81.150,55.827,34.625,21.202,34.208,11.425,0.962,10.463,10.463,0.002,0.000,1.125,77.0,0.000,
12.11.2025,10:26:45.611,19.032,28.220,19.719,3.092,250.0,250.0,99.482,26.936,8.946,81.030,55.803,34.601,21.202,34.183,11.527,0.981,10.546,10.546,0.000,0.000,0.000,77.0,0.125,
12.11.2025,10:26:46.608,19.032,23.203,15.642,3.079,250.0,250.0,77.980,12.941,8.811,34.077,26.603,16.499,10.104,16.303,6.124,0.634,5.490,4.762,0.000,0.000,0.000,77.0,0.000,
12.11.2025,10:26:47.613,17.672,24.328,16.749,3.119,250.0,250.0,64.990,11.821,8.827,30.789,24.582,15.238,9.344,15.054,5.018,0.570,4.448,4.343,0.000,0.000,0.000,77.0,0.000,
12.11.2025,10:26:48.607,17.672,23.378,15.949,3.042,250.0,250.0,56.035,11.336,8.817,29.295,23.637,14.661,8.976,14.489,4.683,0.564,4.119,4.119,0.000,0.000,0.000,77.0,0.000,
12.11.2025,10:26:49.607,21.750,24.445,16.905,3.060,250.0,250.0,49.954,37.888,8.857,60.396,42.699,26.478,16.221,26.161,72.694,23.078,49.616,52.681,0.000,0.000,0.000,77.0,0.000,
12.11.2025,10:26:50.612,21.750,24.549,17.052,3.046,250.0,250.0,48.065,9.308,4.350,26.015,18.832,11.675,7.157,11.540,4.668,0.558,4.110,4.178,0.000,0.000,0.000,77.0,0.000,
12.11.2025,10:26:51.606,19.032,25.069,17.162,3.049,250.0,250.0,66.539,14.527,8.836,39.776,30.156,18.700,11.456,18.479,6.181,0.582,5.599,5.506,0.000,0.000,0.000,77.0,0.000,
12.11.2025,10:26:52.603,19.032,23.784,16.301,3.057,250.0,250.0,65.698,12.508,8.839,32.538,25.664,15.914,9.750,15.730,6.073,0.567,5.506,4.501,0.000,0.000,0.000,77.0,0.000,
12.11.2025,10:26:53.600,19.032,25.123,17.626,3.047,250.0,250.0,53.065,11.585,8.839,30.099,24.158,14.976,9.182,14.792,4.840,0.566,4.274,4.119,0.000,0.000,0.500,77.0,0.000,
12.11.2025,10:26:54.608,14.953,23.874,16.327,3.047,250.0,250.0,49.361,34.761,8.934,118.946,78.900,48.918,29.982,48.332,4.695,0.576,4.119,4.212,0.000,0.000,0.000,77.0,0.000,
12.11.2025,10:26:55.603,17.672,24.128,16.583,3.090,250.0,250.0,50.027,11.618,8.928,30.183,24.258,15.046,9.212,14.862,4.777,0.556,4.221,4.136,0.000,0.000,0.000,77.0,0.000,
12.11.2025,10:26:56.604,17.672,25.701,18.147,3.120,250.0,250.0,64.249,25.796,9.055,81.533,56.186,34.836,21.350,34.419,5.010,0.599,4.411,10.558,0.000,0.000,0.000,77.0,0.000,
12.11.2025,10:26:57.604,14.953,27.094,18.255,3.124,250.0,250.0,107.166,26.997,8.943,81.178,55.897,34.659,21.238,34.242,11.598,0.981,10.617,10.617,0.000,0.000,0.000,77.0,0.000,
12.11.2025,10:26:58.607,16.313,23.349,15.776,3.123,250.0,250.0,96.350,13.674,8.801,37.123,28.489,17.658,10.831,17.449,5.716,0.576,5.140,4.954,0.000,0.000,0.000,77.0,0.500,
12.11.2025,10:26:59.604,17.672,26.488,18.917,3.107,250.0,250.0,55.821,16.610,3.235,24.978,17.477,10.837,6.640,10.714,20.862,4.186,16.676,50.495,0.000,0.000,0.000,77.0,0.000,
12.11.2025,10:27:0.606,20.391,27.444,19.224,3.100,250.0,250.0,84.488,53.145,9.057,181.285,117.489,72.849,44.640,71.971,11.611,0.994,10.617,10.935,0.002,0.000,0.000,77.0,0.000,
12.11.2025,10:27:1.609,17.672,23.633,15.925,3.078,250.0,250.0,100.362,27.174,8.943,81.577,56.138,34.817,21.321,34.400,11.913,0.978,10.935,10.723,0.000,0.000,0.000,77.0,0.000,
12.11.2025,10:27:2.607,17.672,24.996,17.454,3.065,250.0,250.0,81.768,12.891,8.813,34.464,26.852,16.649,10.203,16.441,5.386,0.570,4.816,4.715,0.000,0.000,0.500,77.0,0.000,
12.11.2025,10:27:3.605,23.110,24.914,17.361,3.122,250.0,250.0,54.203,12.057,8.865,31.787,25.216,15.636,9.580,15.452,4.861,0.553,4.308,4.308,0.000,0.000,0.500,77.0,0.000,
12.11.2025,10:27:4.609,24.469,26.437,18.839,3.143,250.0,250.0,50.528,67.329,4.382,155.716,99.276,61.560,37.716,60.824,89.851,17.390,72.461,74.115,0.000,0.000,0.000,77.0,0.000,
12.11.2025,10:27:5.608,17.672,27.898,19.168,3.092,250.0,250.0,82.201,27.590,8.944,82.867,56.948,35.307,21.641,34.878,12.111,1.022,11.089,11.089,0.003,0.000,0.000,77.0,0.000,
12.11.2025,10:27:6.606,17.672,25.625,17.926,3.091,250.0,250.0,99.923,16.421,8.825,40.754,30.757,19.068,11.689,18.835,11.749,0.968,10.781,10.781,0.000,0.000,0.000,77.0,0.000,
12.11.2025,10:27:7.604,17.672,26.399,18.841,3.137,250.0,250.0,80.955,12.593,8.814,33.361,26.173,16.225,9.948,16.028,5.317,0.575,4.742,4.742,0.000,0.000,0.000,77.0,0.000,
12.11.2025,10:27:8.604,28.547,24.380,16.853,3.086,250.0,250.0,58.571,14.466,8.958,39.631,30.140,18.693,11.447,18.472,5.961,0.564,5.397,5.397,0.000,0.000,0.000,77.0,0.000,
12.11.2025,10:27:9.602,23.110,24.103,16.112,3.078,250.0,250.0,59.800,43.838,9.099,152.253,99.390,61.625,37.765,60.882,5.981,0.574,5.407,5.407,0.000,0.000,0.000,77.0,0.000,
12.11.2025,10:27:10.615,23.110,25.651,18.055,3.111,250.0,250.0,55.674,12.002,8.866,31.495,25.030,15.524,9.506,15.340,4.943,0.567,4.376,4.376,0.000,0.000,0.000,77.0,0.000,
12.11.2025,10:27:11.610,20.391,24.272,16.816,3.068,250.0,250.0,63.367,11.474,8.841,29.716,23.921,14.834,9.087,14.649,4.756,0.570,4.186,4.178,0.000,0.000,0.000,77.0,0.000,
12.11.2025,10:27:12.610,17.672,23.553,16.034,3.075,250.0,250.0,59.995,104.719,8.942,139.860,91.754,56.895,34.859,56.212,303.820,73.630,230.190,51.027,0.000,0.000,0.000,77.0,0.000,
12.11.2025,10:27:13.608,14.953,25.670,18.105,3.094,250.0,250.0,48.099,70.850,4.363,174.795,110.886,68.751,42.135,67.919,117.573,29.252,88.321,4.510,0.000,0.000,0.500,77.0,0.000,
12.11.2025,10:27:14.608,16.313,27.713,18.915,3.094,250.0,250.0,83.483,27.378,8.907,82.168,56.485,35.027,21.458,34.610,12.153,1.029,11.124,10.817,0.000,0.000,0.000,77.0,0.000,
12.11.2025,10:27:15.606,16.313,25.482,17.964,3.072,250.0,250.0,92.644,15.039,8.835,37.530,28.763,17.838,10.925,17.617,11.823,0.971,10.852,5.231,0.000,0.000,0.000,77.0,0.000,
12.11.2025,10:27:16.606,17.672,26.325,18.759,3.114,250.0,250.0,54.803,12.665,8.850,33.646,26.362,16.343,10.019,16.147,5.347,0.578,4.769,4.589,0.000,0.000,0.000,77.0,0.000,
12.11.2025,10:27:17.607,19.032,25.774,18.134,3.086,250.0,250.0,91.299,27.150,9.004,81.473,56.116,34.794,21.322,34.377,11.808,1.014,10.794,10.794,0.003,0.000,0.000,77.0,0.000,
12.11.2025,10:27:18.607,19.032,24.125,15.893,3.017,250.0,250.0,101.434,49.947,9.084,98.613,66.574,41.279,25.295,40.778,12.359,1.507,10.852,193.128,0.000,0.000,0.000,77.0,0.000,
12.11.2025,10:27:19.608,24.469,25.997,18.475,3.118,250.0,250.0,65.871,12.551,8.860,33.208,26.099,16.180,9.919,15.984,5.326,0.539,4.787,4.607,0.000,0.000,0.000,77.0,0.000,
12.11.2025,10:27:20.612,24.469,30.779,23.133,3.206,250.0,250.0,40.320,11.607,8.813,30.081,24.135,14.964,9.171,14.780,4.951,0.575,4.376,4.221,0.000,0.000,0.000,77.0,0.000,
12.11.2025,10:27:21.605,23.110,30.407,22.552,3.423,250.0,250.0,26.528,9.040,4.093,25.110,18.118,11.227,6.891,11.092,4.837,0.642,4.195,4.195,0.000,0.000,0.000,77.0,0.000,
12.11.2025,10:27:22.615,40.782,33.270,23.494,3.375,250.0,250.0,22.195,6.590,3.223,16.655,12.329,7.645,4.684,7.559,4.807,0.621,4.186,4.186,0.002,0.000,0.000,77.0,0.000,
12.11.2025,10:27:23.605,32.625,42.736,32.475,3.571,250.0,250.0,25.511,5.790,3.174,13.695,10.460,6.490,3.970,6.416,4.749,0.554,4.195,4.195,0.000,0.000,2.500,77.0,0.000,
12.11.2025,10:27:24.607,32.625,68.431,58.271,3.793,250.0,250.0,16.089,5.675,3.150,13.298,10.207,6.321,3.886,6.247,4.731,0.553,4.178,4.178,0.000,0.000,0.000,77.0,0.000,
12.11.2025,10:27:25.602,21.750,36.782,27.065,3.430,250.0,250.0,14.675,4.277,2.966,8.200,6.935,4.304,2.631,4.242,4.659,0.481,4.178,4.178,0.000,0.000,0.000,77.0,0.000,
12.11.2025,10:27:26.603,25.829,33.918,24.505,3.234,250.0,250.0,47.306,19.021,8.973,55.515,39.998,24.804,15.194,24.510,7.272,0.597,6.675,6.675,0.000,0.000,0.000,77.0,0.000,
12.11.2025,10:27:27.609,40.782,28.329,19.933,3.056,250.0,250.0,64.457,18.970,8.975,55.256,39.841,24.703,15.138,24.408,7.329,0.603,6.726,6.726,0.000,0.000,0.000,77.0,0.000,
12.11.2025,10:27:28.606,29.907,28.399,20.953,3.047,250.0,250.0,48.293,10.956,8.852,27.766,22.711,14.081,8.630,13.922,4.694,0.482,4.212,4.212,0.000,0.000,0.000,77.0,0.000,
12.11.2025,10:27:29.608,21.750,29.429,21.929,3.079,250.0,250.0,31.999,8.210,4.032,22.133,16.228,10.061,6.167,9.951,4.671,0.485,4.186,4.186,0.000,0.000,0.000,77.0,0.000,
12.11.2025,10:27:30.613,20.391,28.166,19.625,3.037,250.0,250.0,20.972,4.586,3.150,9.198,7.659,4.745,2.914,4.696,4.659,0.481,4.178,4.178,0.002,0.000,0.000,77.0,0.000,
12.11.2025,10:27:31.600,21.750,29.207,19.679,3.000,250.0,250.0,12.043,4.341,2.966,8.450,7.078,4.387,2.691,4.338,4.659,0.481,4.178,4.178,0.000,0.000,0.000,77.0,0.000,
12.11.2025,10:27:32.601,21.750,30.292,20.989,3.032,250.0,250.0,12.333,4.341,2.954,8.339,7.007,4.340,2.667,4.291,4.659,0.481,4.178,4.178,0.000,0.000,0.000,77.0,0.000,
12.11.2025,10:27:33.604,17.672,32.588,23.389,3.005,250.0,250.0,12.399,4.310,2.929,8.179,6.897,4.278,2.619,4.217,4.660,0.482,4.178,4.178,0.000,0.000,0.000,77.0,0.000,
12.11.2025,10:27:34.614,24.469,30.296,21.052,3.087,250.0,250.0,11.503,4.262,2.782,8.490,7.000,4.343,2.657,4.282,4.659,0.481,4.178,4.178,0.000,0.000,0.000,77.0,0.000,
12.11.2025,10:27:35.615,17.672,33.388,23.738,3.415,250.0,250.0,11.553,4.305,2.733,8.880,7.211,4.467,2.744,4.417,4.640,0.479,4.161,4.161,0.000,0.000,0.000,77.0,0.000,
12.11.2025,10:27:36.607,23.110,30.527,21.038,3.319,250.0,250.0,11.553,4.389,2.733,8.880,7.211,4.467,2.744,4.417,4.640,0.479,4.161,4.161,0.000,0.000,0.000,77.0,0.000,
12.11.2025,10:27:37.608,21.750,29.564,20.255,3.093,250.0,250.0,11.968,4.226,2.819,8.166,6.811,4.229,2.582,4.180,4.652,0.482,4.170,4.170,0.000,0.000,0.000,77.0,0.000,
12.11.2025,10:27:38.609,20.391,30.042,20.813,3.091,250.0,250.0,12.050,4.340,2.868,8.563,7.095,4.402,2.693,4.341,4.640,0.479,4.161,4.161,0.000,0.000,0.000,77.0,0.000,
12.11.2025,10:27:39.610,17.672,31.008,21.739,3.074,250.0,250.0,12.099,4.222,2.856,8.132,6.818,4.233,2.585,4.184,4.632,0.479,4.153,4.153,0.000,0.000,0.000,77.0,0.000,
12.11.2025,10:27:40.602,20.391,30.035,20.819,3.053,250.0,250.0,12.011,4.444,2.991,8.834,7.344,4.552,2.792,4.490,4.640,0.479,4.161,4.161,0.000,0.000,0.000,77.0,0.000,
12.11.2025,10:27:41.603,20.391,29.760,20.554,3.042,250.0,250.0,12.046,4.406,3.175,8.516,7.257,4.502,2.755,4.440,4.632,0.479,4.153,4.153,0.000,0.000,0.000,77.0,0.000,
12.11.2025,10:27:42.601,17.672,24.636,16.371,3.042,250.0,250.0,81.591,27.190,9.070,81.621,56.250,34.882,21.368,34.465,11.744,0.986,10.758,10.758,0.000,0.000,0.000,77.0,0.000,
12.11.2025,10:27:43.600,17.672,24.268,16.744,3.074,250.0,250.0,96.987,27.115,9.020,81.333,56.052,34.758,21.294,34.328,11.786,0.992,10.794,10.794,0.000,0.001,0.000,77.0,0.000,
12.11.2025,10:27:44.606,17.672,28.423,20.814,3.151,250.0,250.0,71.365,12.441,8.838,32.963,25.925,16.080,9.845,15.884,5.163,0.574,4.589,4.553,0.000,0.000,0.000,77.0,0.000,
12.11.2025,10:27:45.604,19.032,25.439,17.868,3.082,250.0,250.0,55.790,11.706,8.830,30.554,24.427,15.155,9.272,14.970,4.815,0.577,4.238,4.221,0.003,0.000,0.000,77.0,0.000,
12.11.2025,10:27:46.603,19.032,25.538,16.752,3.089,250.0,250.0,59.049,27.316,8.996,82.153,56.540,35.063,21.477,34.634,11.756,0.975,10.781,10.781,0.000,0.000,0.000,77.0,0.000,
12.11.2025,10:27:47.605,21.750,25.803,18.246,3.104,250.0,250.0,97.697,27.303,8.995,82.070,56.482,35.020,21.462,34.603,11.791,0.974,10.817,10.817,0.000,0.000,0.000,77.0,0.000,
12.11.2025,10:27:48.606,19.032,23.329,15.811,3.107,250.0,250.0,79.927,12.575,8.840,33.259,26.110,16.199,9.911,16.003,5.378,0.583,4.795,4.677,0.000,0.000,0.000,77.0,0.000,
12.11.2025,10:27:49.611,16.313,26.435,18.424,3.073,250.0,250.0,63.690,25.880,8.955,81.663,56.195,34.850,21.345,34.433,5.265,0.630,4.635,10.829,0.000,0.000,0.000,77.0,0.000,
12.11.2025,10:27:50.609,19.032,23.849,16.387,3.061,250.0,250.0,103.105,27.197,9.091,81.470,56.169,34.833,21.336,34.403,11.895,1.007,10.888,10.877,0.000,0.000,0.000,77.0,0.000,
12.11.2025,10:27:51.611,20.391,24.937,17.368,3.078,250.0,250.0,88.806,12.943,8.835,34.511,26.890,16.674,10.216,16.478,5.502,0.589,4.913,4.822,0.000,0.000,0.000,77.0,0.500,
12.11.2025,10:27:52.613,19.032,23.916,16.391,3.085,250.0,250.0,49.559,12.069,8.836,31.681,25.136,15.587,9.549,15.391,5.045,0.580,4.465,4.419,0.000,0.000,0.000,77.0,0.000,
12.11.2025,10:27:53.611,19.032,23.916,16.391,3.085,250.0,250.0,53.255,11.540,8.816,29.908,24.013,14.892,9.121,14.720,4.844,0.581,4.263,4.246,0.000,0.000,0.000,77.0,0.000,
12.11.2025,10:27:54.611,23.110,25.418,17.928,3.060,250.0,250.0,45.917,11.135,8.853,28.338,23.073,14.305,8.768,14.133,4.823,0.577,4.246,4.238,0.000,0.000,0.000,77.0,0.000,
12.11.2025,10:27:55.601,19.032,26.003,18.412,3.128,250.0,250.0,42.154,68.889,4.393,162.612,103.540,64.201,39.339,63.428,95.511,18.823,76.688,60.359,0.000,0.000,1.125,77.0,0.000,
12.11.2025,10:27:56.606,21.750,25.415,17.087,3.043,250.0,250.0,103.524,27.350,8.960,81.908,56.369,34.953,21.416,34.523,12.218,1.013,11.205,10.935,0.000,0.000,0.000,77.0,0.000,
12.11.2025,10:27:57.607,17.672,24.725,17.168,3.123,250.0,250.0,103.228,14.453,8.824,35.359,27.402,16.991,10.411,16.795,11.905,0.958,10.947,4.940,0.000,0.000,0.000,77.0,2.250,
12.11.2025,10:27:58.609,19.032,24.889,17.367,3.059,250.0,250.0,50.669,31.834,8.909,107.484,71.672,44.436,27.236,43.900,5.105,0.614,4.491,4.491,0.000,0.000,0.375,77.0,0.000,
12.11.2025,10:27:59.608,19.032,24.407,16.896,3.097,250.0,250.0,49.478,11.838,8.817,31.007,24.703,15.310,9.393,15.126,4.868,0.579,4.289,4.289,0.000,0.000,0.000,77.0,0.000,
12.11.2025,10:28:0.605,17.672,25.481,17.867,3.119,250.0,250.0,58.023,27.386,8.946,82.351,56.622,35.114,21.508,34.685,11.877,1.000,10.877,10.877,0.000,0.000,0.000,77.0,0.000,
12.11.2025,10:28:1.610,14.953,25.073,16.704,3.087,250.0,250.0,96.540,27.465,9.004,82.506,56.758,35.201,21.557,34.772,11.954,1.007,10.947,10.947,0.000,0.000,0.000,77.0,0.000,
12.11.2025,10:28:2.608,32.625,25.042,17.540,3.066,250.0,250.0,88.628,13.423,8.833,36.087,27.868,17.273,10.595,17.065,5.676,0.526,5.150,5.150,0.000,0.000,0.000,77.0,0.000,
12.11.2025,10:28:3.609,20.391,23.843,16.316,3.096,250.0,250.0,93.080,15.033,8.868,41.693,31.356,19.439,11.917,19.206,6.148,0.593,5.555,5.554,0.000,0.000,0.000,77.0,0.000,
12.11.2025,10:28:4.607,31.266,28.366,20.712,3.154,250.0,250.0,58.134,43.282,9.122,150.550,98.457,61.051,37.406,60.307,5.505,0.592,4.913,4.913,0.000,0.000,0.000,77.0,0.000,
12.11.2025,10:28:5.608,21.750,24.915,17.304,3.164,250.0,250.0,54.009,12.349,8.899,32.554,25.711,15.950,9.761,15.754,5.152,0.593,4.559,4.559,0.000,0.000,0.000,77.0,0.000,
12.11.2025,10:28:6.608,23.110,24.919,17.407,3.064,250.0,250.0,62.006,11.712,8.840,30.499,24.396,15.126,9.270,14.955,4.874,0.585,4.289,4.289,0.000,0.000,0.500,77.0,0.000,
12.11.2025,10:28:7.606,16.313,24.167,16.649,3.105,250.0,250.0,47.350,8.969,4.081,24.799,17.914,11.099,6.815,10.964,4.870,0.589,4.281,4.281,0.000,0.000,0.500,77.0,0.000,
12.11.2025,10:28:8.606,19.032,25.472,16.577,3.133,250.0,250.0,70.756,27.386,8.972,82.192,56.536,35.060,21.476,34.643,11.995,1.002,10.993,10.993,0.002,0.000,0.000,77.0,0.000,
12.11.2025,10:28:9.606,13.594,25.888,17.997,3.032,250.0,250.0,101.162,27.799,9.017,83.276,57.245,35.493,21.752,35.064,12.389,1.029,11.360,11.360,0.000,0.000,0.000,77.0,0.000,
12.11.2025,10:28:10.611,17.672,25.038,17.532,3.051,250.0,250.0,86.073,13.310,8.836,35.806,27.690,17.179,10.511,16.970,5.568,0.592,4.976,4.976,0.000,0.000,0.375,77.0,0.000,
12.11.2025,10:28:11.607,16.313,24.528,17.056,3.056,250.0,250.0,64.162,12.502,8.839,33.219,26.095,16.173,9.922,15.976,5.129,0.586,4.543,4.543,0.000,0.000,0.000,77.0,0.000,
12.11.2025,10:28:12.610,19.032,23.752,16.225,3.078,250.0,250.0,51.992,120.621,9.121,139.885,91.859,56.963,34.896,56.281,288.614,66.829,221.785,239.982,0.000,0.000,0.000,77.0,0.000,
12.11.2025,10:28:13.609,21.750,26.273,18.765,3.068,250.0,250.0,49.472,11.877,8.864,31.000,24.729,15.336,9.393,15.151,4.961,0.587,4.374,4.374,0.000,0.000,0.000,77.0,0.000,
12.11.2025,10:28:14.607,16.313,25.004,17.526,3.047,250.0,250.0,61.553,5.590,3.432,12.534,9.912,6.137,3.775,6.063,4.877,0.579,4.298,4.289,0.000,0.000,0.000,77.0,0.000,
12.11.2025,10:28:15.610,16.313,28.008,19.457,3.123,250.0,250.0,51.379,19.330,8.940,56.443,40.546,25.140,15.406,24.846,7.571,0.706,6.865,6.836,0.002,0.000,0.500,77.0,0.000,
12.11.2025,10:28:16.612,19.032,25.070,16.846,3.031,250.0,250.0,76.491,65.356,9.084,163.578,106.429,65.996,40.433,65.205,97.758,27.072,70.686,7.314,0.000,0.000,0.000,77.0,0.000,
12.11.2025,10:28:17.606,14.953,27.041,19.469,3.107,250.0,250.0,68.182,13.009,8.825,34.671,26.985,16.734,10.251,16.525,5.685,0.615,5.070,4.730,0.000,0.000,1.125,77.0,1.375,
12.11.2025,10:28:18.611,25.829,25.812,18.267,3.071,250.0,250.0,64.070,11.975,8.874,31.168,24.834,15.406,9.428,15.222,5.169,0.593,4.576,4.480,0.000,0.000,1.125,77.0,0.375,
12.11.2025,10:28:19.611,21.750,26.490,18.993,3.066,250.0,250.0,51.429,11.504,8.840,29.674,23.894,14.820,9.074,14.636,4.896,0.582,4.314,4.314,0.000,0.000,0.000,77.0,0.000,
12.11.2025,10:28:20.610,14.953,25.280,17.737,3.061,250.0,250.0,49.555,11.524,8.854,29.721,23.928,14.839,9.089,14.667,4.890,0.584,4.306,4.357,0.000,0.000,0.000,77.0,0.000,
12.11.2025,10:28:21.611,16.313,25.060,17.628,3.038,250.0,250.0,43.840,26.102,8.907,82.327,56.587,35.091,21.496,34.673,5.419,0.662,4.756,11.100,0.000,0.000,0.000,77.0,0.000,
12.11.2025,10:28:22.613,13.594,25.511,16.796,2.991,250.0,250.0,113.583,27.599,8.947,82.856,56.933,35.301,21.632,34.884,12.169,1.010,11.159,11.100,0.000,0.000,1.125,77.0,0.000,
12.11.2025,10:28:23.604,17.672,24.980,17.521,3.032,250.0,250.0,110.495,13.819,8.848,37.272,28.599,17.736,10.863,17.528,6.087,0.605,5.482,5.171,0.000,0.000,0.000,77.0,0.000,
12.11.2025,10:28:24.601,16.313,24.937,17.402,3.047,250.0,250.0,57.757,79.192,4.385,192.850,122.131,75.728,46.403,74.810,134.825,26.364,108.461,5.965,0.000,0.000,0.000,77.0,0.000,
12.11.2025,10:28:25.604,20.391,26.066,18.120,3.086,250.0,250.0,92.360,27.624,9.062,82.339,56.699,35.158,21.541,34.728,12.747,1.058,11.689,11.218,0.000,0.000,0.000,77.0,0.000,
12.11.2025,10:28:26.601,23.110,24.963,17.428,3.067,250.0,250.0,111.390,15.360,8.873,38.300,29.259,18.148,11.111,17.927,12.242,1.001,11.241,5.501,0.000,0.000,0.500,77.0,0.000,
12.11.2025,10:28:27.606,12.235,24.667,17.081,3.096,250.0,250.0,78.192,61.431,9.033,147.368,96.424,59.782,36.642,59.063,100.623,27.625,72.998,4.756,0.000,0.000,0.000,77.0,0.000,
12.11.2025,10:28:28.611,17.672,26.846,19.304,3.081,250.0,250.0,54.288,12.054,8.960,31.339,25.001,15.497,9.504,15.313,5.175,0.601,4.574,4.574,0.000,0.000,0.000,77.0,0.000,
12.11.2025,10:28:29.614,13.594,24.674,17.191,3.056,250.0,250.0,55.583,11.606,8.839,29.990,24.087,14.941,9.146,14.756,4.966,0.592,4.374,4.374,0.000,0.000,0.500,77.0,0.000,
12.11.2025,10:28:30.608,16.313,25.033,17.564,3.052,250.0,250.0,57.115,11.501,8.827,29.634,23.851,14.792,9.059,14.620,4.939,0.591,4.348,4.348,0.000,0.000,0.000,77.0,0.000,
12.11.2025,10:28:31.710,19.032,25.081,17.531,3.065,250.0,250.0,48.346,44.924,7.358,158.659,102.588,63.609,38.979,62.839,5.297,0.690,4.607,4.612,0.000,0.000,0.000,77.0,0.000,
12.11.2025,10:28:32.707,24.469,26.279,17.463,3.056,250.0,250.0,55.830,35.920,8.934,121.567,80.543,49.938,30.605,49.340,6.298,0.624,5.674,5.674,0.000,0.000,1.125,77.0,0.000,
12.11.2025,10:28:33.705,17.672,23.421,15.990,2.981,250.0,250.0,61.385,10.419,4.264,29.560,20.975,13.005,7.970,12.858,5.388,0.605,4.783,4.783,0.000,0.000,0.000,77.0,0.000,
12.11.2025,10:28:34.720,21.750,26.887,18.498,3.066,250.0,250.0,67.161,27.578,9.057,82.562,56.819,35.233,21.586,34.816,12.243,1.025,11.218,11.218,0.002,0.000,0.000,77.0,0.000,
12.11.2025,10:28:35.714,25.829,26.935,18.092,3.099,250.0,250.0,100.798,27.499,9.035,82.255,56.620,35.104,21.516,34.686,12.265,1.024,11.241,11.241,0.000,0.000,0.000,77.0,0.000,
12.11.2025,10:28:36.713,16.313,26.577,18.918,3.190,250.0,250.0,80.350,55.323,8.860,44.121,32.753,20.318,12.435,20.073,21.395,5.312,16.083,371.882,0.000,0.000,0.000,77.0,0.000,
12.11.2025,10:28:37.724,16.313,31.016,22.938,3.545,250.0,250.0,65.514,12.505,8.840,32.951,25.922,16.074,9.848,15.877,5.404,0.617,4.787,4.727,0.000,0.000,0.000,77.0,1.125,
12.11.2025,10:28:38.711,19.032,24.311,16.814,3.078,250.0,250.0,52.630,11.921,8.829,31.056,24.744,15.337,9.407,15.153,5.147,0.599,4.548,4.390,0.000,0.000,0.000,77.0,0.000,
12.11.2025,10:28:39.711,21.750,24.475,16.853,3.039,250.0,250.0,81.952,27.491,8.911,82.363,56.610,35.102,21.508,34.673,12.264,1.023,11.241,11.218,0.002,0.000,0.000,77.0,0.000,
12.11.2025,10:28:40.711,20.391,26.007,17.809,3.052,250.0,250.0,105.554,40.069,9.035,130.262,86.221,53.461,32.760,52.825,12.318,1.042,11.276,11.489,0.000,0.000,0.000,77.0,0.000,
12.11.2025,10:28:41.709,19.032,26.213,18.685,3.059,250.0,250.0,75.999,13.313,8.812,35.601,27.548,17.089,10.459,16.880,5.833,0.603,5.230,5.074,0.000,0.000,1.000,77.0,0.000,
12.11.2025,10:28:42.721,19.032,25.357,17.876,3.063,250.0,250.0,53.364,12.193,8.814,31.856,25.224,15.638,9.586,15.454,5.358,0.613,4.745,4.637,0.000,0.000,0.000,77.0,0.000,
12.11.2025,10:28:43.737,14.953,25.647,18.126,3.045,250.0,250.0,50.021,41.931,3.736,69.357,45.270,28.070,17.200,27.739,86.415,16.716,69.699,55.102,0.000,0.000,0.000,77.0,0.000,
12.11.2025,10:28:44.741,23.110,24.348,16.254,3.044,250.0,250.0,97.099,35.395,8.904,112.489,75.192,46.632,28.560,46.068,12.316,1.040,11.276,11.477,0.003,0.000,0.000,77.0,0.000,
12.11.2025,10:28:45.755,36.704,25.073,17.265,3.116,250.0,250.0,109.579,27.482,8.861,82.125,56.429,34.994,21.435,34.577,12.515,1.026,11.489,11.371,0.000,0.000,0.000,77.0,0.000,
12.11.2025,10:28:46.744,19.032,25.836,18.223,3.117,250.0,250.0,61.734,13.198,8.814,35.289,27.353,16.967,10.386,16.758,5.703,0.603,5.100,5.008,0.000,0.000,0.000,77.0,1.000,
12.11.2025,10:28:47.748,21.750,26.759,19.246,3.068,250.0,250.0,53.797,60.998,8.942,147.781,96.614,59.910,36.704,59.190,97.917,27.660,70.257,5.005,0.000,0.000,0.000,77.0,0.000,
12.11.2025,10:28:48.748,17.672,24.932,17.375,3.092,250.0,250.0,68.821,13.747,8.811,37.478,28.718,17.803,10.915,17.595,5.329,0.641,4.688,5.496,0.000,0.000,0.000,77.0,0.000,
12.11.2025,10:28:49.748,20.391,22.563,14.663,3.051,250.0,250.0,66.627,13.817,8.859,37.151,28.538,17.699,10.839,17.478,6.089,0.620,5.469,5.432,0.000,0.000,0.000,77.0,0.000,
12.11.2025,10:28:50.761,17.672,25.836,18.299,3.094,250.0,250.0,55.241,12.136,8.863,31.578,25.084,15.556,9.528,15.372,5.364,0.603,4.761,4.654,0.000,0.000,0.000,77.0,0.000,
12.11.2025,10:28:51.761,19.032,25.235,17.386,3.095,250.0,250.0,60.274,92.343,8.952,101.797,68.247,42.319,25.928,41.808,184.802,54.563,130.239,264.770,0.002,0.000,0.000,77.0,0.000,
12.11.2025,10:28:52.758,16.313,26.183,18.607,3.024,250.0,250.0,69.643,12.836,8.811,33.349,26.154,16.213,9.941,16.017,6.161,0.605,5.556,5.556,0.000,0.000,0.500,77.0,0.000,
12.11.2025,10:28:53.761,19.032,23.323,15.871,3.007,250.0,250.0,59.699,14.701,8.870,39.977,30.304,18.791,11.513,18.558,6.536,0.608,5.928,5.928,0.000,0.000,0.000,77.0,0.000,
12.11.2025,10:28:54.764,17.672,24.577,16.632,3.039,250.0,250.0,60.359,14.678,8.884,39.889,30.254,18.761,11.493,18.540,6.523,0.605,5.918,5.918,0.000,0.000,0.625,77.0,1.000,
12.11.2025,10:28:55.762,19.032,27.735,20.178,3.098,250.0,250.0,56.057,12.464,8.841,32.723,25.783,15.993,9.790,15.796,5.444,0.616,4.828,4.828,0.000,0.000,0.000,77.0,1.125,
12.11.2025,10:28:56.758,23.110,25.081,17.468,3.097,250.0,250.0,63.723,11.789,8.841,30.590,24.460,15.165,9.295,14.981,5.055,0.605,4.450,4.450,0.000,0.000,0.000,77.0,0.000,
12.11.2025,10:28:57.762,17.672,24.533,16.967,3.096,250.0,250.0,51.100,11.542,8.853,29.655,23.886,14.811,9.075,14.639,5.039,0.614,4.425,4.425,0.000,0.000,0.500,77.0,0.000,
12.11.2025,10:28:58.762,13.594,24.948,17.427,3.069,250.0,250.0,48.616,63.308,4.405,164.135,104.483,64.793,39.690,64.008,93.433,18.537,74.896,4.703,0.000,0.000,0.000,77.0,0.000,
12.11.2025,10:28:59.760,17.672,24.625,16.336,3.019,250.0,250.0,97.189,27.890,8.977,83.358,57.275,35.513,21.762,35.084,12.664,1.058,11.606,11.606,0.000,0.000,0.000,77.0,0.000,
12.11.2025,10:29:0.760,19.032,29.179,21.535,3.169,250.0,250.0,104.811,16.766,8.820,41.275,31.072,19.267,11.805,19.034,12.468,1.015,11.453,11.453,0.000,0.000,0.000,77.0,0.000,
12.11.2025,10:29:1.756,19.032,25.922,18.418,3.054,250.0,250.0,64.731,12.943,8.825,34.326,26.760,16.596,10.164,16.399,5.657,0.614,5.043,5.043,0.000,0.000,0.000,77.0,0.000,
12.11.2025,10:29:2.771,14.953,25.282,17.774,3.073,250.0,250.0,54.394,12.629,8.840,33.383,26.195,16.235,9.960,16.039,5.424,0.634,4.790,4.790,0.000,0.000,0.750,77.0,0.000,
12.11.2025,10:29:3.756,14.953,25.533,18.016,3.050,250.0,250.0,74.024,27.709,8.968,82.833,56.938,35.309,21.629,34.879,12.526,1.049,11.477,11.477,0.000,0.000,0.000,77.0,0.000,
12.11.2025,10:29:4.759,20.391,24.981,17.107,3.030,250.0,250.0,101.903,27.623,9.004,82.464,56.729,35.174,21.555,34.757,12.532,1.055,11.477,11.477,0.000,0.000,0.000,77.0,0.375,
12.11.2025,10:29:5.760,17.672,26.192,18.609,3.085,250.0,250.0,88.920,14.120,8.824,38.477,29.338,18.199,11.139,17.978,5.959,0.626,5.333,5.329,0.000,0.000,0.000,77.0,0.000,
12.11.2025,10:29:6.762,20.391,26.645,19.143,3.050,250.0,250.0,67.454,12.628,8.811,33.359,26.154,16.225,9.929,16.028,5.481,0.623,4.858,4.813,0.000,0.000,0.000,77.0,0.000,
12.11.2025,10:29:7.762,19.032,24.601,17.066,3.093,250.0,250.0,62.874,11.931,8.826,30.983,24.698,15.308,9.390,15.124,5.250,0.606,4.644,4.484,0.000,0.000,0.000,77.0,0.000,
12.11.2025,10:29:8.761,19.032,24.645,17.153,3.038,250.0,250.0,51.675,42.320,8.949,147.493,96.432,59.792,36.640,59.073,5.093,0.618,4.475,4.638,0.000,0.000,0.000,77.0,0.000,
12.11.2025,10:29:9.760,21.750,24.710,17.262,3.031,250.0,250.0,47.907,16.203,4.370,51.353,34.546,21.420,13.126,21.162,5.351,0.637,4.714,5.356,0.000,0.000,0.000,77.0,0.000,
12.11.2025,10:29:10.757,17.672,26.557,17.777,3.036,250.0,250.0,100.651,27.561,9.002,82.441,56.719,35.167,21.552,34.738,12.368,1.041,11.327,11.257,0.000,0.000,0.000,77.0,0.000,
12.11.2025,10:29:11.758,17.672,24.826,17.340,3.038,250.0,250.0,110.058,14.813,8.917,36.249,28.019,17.366,10.653,17.157,12.282,1.025,11.257,5.208,0.000,0.000,0.000,77.0,0.000,
12.11.2025,10:29:12.768,17.672,24.879,17.376,3.052,250.0,250.0,63.804,42.813,9.068,148.866,97.359,60.372,36.987,59.641,5.450,0.619,4.831,4.940,0.000,0.000,0.000,77.0,0.000,
12.11.2025,10:29:13.757,29.907,24.171,16.692,3.037,250.0,250.0,52.163,22.887,9.118,70.762,49.541,30.725,18.816,30.357,5.471,0.664,4.807,8.609,0.000,0.000,0.000,77.0,1.000,
12.11.2025,10:29:14.765,16.313,24.440,16.539,3.011,250.0,250.0,105.560,23.544,8.960,70.318,49.171,30.491,18.680,30.123,9.569,1.013,8.556,8.556,0.000,0.000,0.000,77.0,0.000,
12.11.2025,10:29:15.760,14.953,27.012,19.491,3.093,250.0,250.0,86.963,13.435,8.814,35.944,27.764,17.216,10.548,17.007,5.893,0.619,5.274,5.274,0.000,0.000,0.000,77.0,0.000,
12.11.2025,10:29:16.761,19.032,25.423,17.877,3.062,250.0,250.0,55.775,12.760,8.801,33.773,26.407,16.377,10.030,16.181,5.552,0.625,4.927,4.927,0.000,0.000,0.000,77.0,0.000,
12.11.2025,10:29:17.763,17.672,28.106,20.609,3.094,250.0,250.0,65.506,12.237,8.836,32.211,25.459,15.786,9.673,15.602,5.143,0.625,4.518,4.518,0.000,0.000,0.000,77.0,0.375,
12.11.2025,10:29:18.765,17.672,25.623,18.120,3.059,250.0,250.0,61.512,11.549,8.815,29.633,23.847,14.790,9.057,14.606,5.117,0.607,4.510,4.510,0.000,0.000,0.000,77.0,0.000,
12.11.2025,10:29:19.759,28.547,26.717,19.190,3.027,250.0,250.0,50.444,34.980,4.261,51.843,34.778,21.566,13.212,21.309,73.687,14.225,59.462,55.459,0.000,0.000,0.000,77.0,0.500,
12.11.2025,10:29:20.770,27.188,33.727,24.668,3.304,250.0,250.0,74.317,28.640,9.022,85.851,58.852,36.489,22.363,36.047,12.984,1.177,11.807,11.807,0.002,0.000,0.000,77.0,0.000,
12.11.2025,10:29:21.756,24.469,35.643,27.799,3.310,250.0,250.0,100.409,16.686,8.869,40.630,30.709,19.037,11.672,18.804,12.751,1.109,11.642,11.642,0.000,0.000,0.500,77.0,0.000,
12.11.2025,10:29:22.759,23.110,36.273,28.498,3.307,250.0,250.0,75.597,12.708,8.825,33.564,26.304,16.308,9.996,16.111,5.560,0.702,4.858,4.858,0.000,0.000,0.000,77.0,0.000,
12.11.2025,10:29:23.763,28.547,34.114,26.302,3.309,250.0,250.0,59.434,27.970,8.912,83.685,57.434,35.614,21.820,35.184,12.734,1.150,11.584,11.584,0.002,0.000,0.375,77.0,0.000,
12.11.2025,10:29:24.763,17.672,36.239,27.667,3.234,250.0,250.0,99.159,59.957,9.103,149.314,97.713,60.587,37.126,59.868,87.115,12.186,74.929,11.629,0.000,0.000,0.000,77.0,0.000,
12.11.2025,10:29:25.759,19.032,26.802,19.222,3.081,250.0,250.0,84.805,12.813,8.834,33.856,26.478,16.424,10.054,16.228,5.630,0.630,5.000,5.000,0.000,0.000,0.000,77.0,0.000,
12.11.2025,10:29:26.760,17.672,24.023,16.504,3.042,250.0,250.0,57.053,11.798,8.840,30.513,24.413,15.142,9.271,14.958,5.148,0.605,4.543,4.543,0.000,0.000,0.000,77.0,0.000,
12.11.2025,10:29:27.764,19.032,24.019,16.485,3.089,250.0,250.0,53.641,11.326,3.444,16.491,12.352,7.662,4.690,7.576,6.428,1.902,4.526,48.185,0.000,0.000,0.000,77.0,0.000,
12.11.2025,10:29:28.767,19.032,24.143,16.151,3.046,250.0,250.0,68.857,28.261,8.995,84.715,58.116,36.033,22.083,35.604,12.667,1.061,11.606,11.725,0.002,0.000,0.875,77.0,0.125,
12.11.2025,10:29:29.767,17.672,24.806,17.020,3.019,250.0,250.0,98.800,27.812,8.933,82.982,57.009,35.344,21.665,34.915,12.791,1.066,11.725,11.689,0.000,0.000,0.000,77.0,0.000,
12.11.2025,10:29:30.767,20.391,24.525,17.045,3.057,250.0,250.0,82.652,12.453,8.824,32.667,25.741,15.958,9.783,15.761,5.500,0.608,4.892,4.802,0.000,0.000,0.000,77.0,0.000,
12.11.2025,10:29:31.761,17.672,23.644,16.168,3.023,250.0,250.0,49.478,31.604,8.886,106.525,71.066,44.072,26.994,43.536,5.162,0.619,4.543,4.638,0.000,0.000,0.000,77.0,0.000,
12.11.2025,10:29:32.767,17.672,23.915,16.425,3.043,250.0,250.0,46.639,24.764,8.948,77.454,53.592,33.230,20.362,32.825,5.645,0.685,4.960,9.942,0.000,0.000,0.000,77.0,0.000,
12.11.2025,10:29:33.764,21.750,25.122,17.263,3.025,250.0,250.0,82.597,25.917,8.951,77.744,53.766,33.341,20.425,32.936,11.031,1.055,9.976,9.942,0.000,0.000,0.000,77.0,0.000,
12.11.2025,10:29:34.758,20.391,23.789,16.240,3.070,250.0,250.0,77.786,13.218,8.926,35.095,27.311,16.929,10.382,16.720,5.911,0.623,5.288,4.992,0.000,0.000,0.000,77.0,0.000,
12.11.2025,10:29:35.760,27.188,23.848,16.314,3.057,250.0,250.0,57.879,12.804,8.899,34.059,26.647,16.516,10.131,16.320,5.363,0.634,4.729,4.747,0.000,0.000,0.000,77.0,0.000,
12.11.2025,10:29:36.759,25.829,26.050,18.551,3.087,250.0,250.0,48.128,12.188,8.925,31.887,25.314,15.697,9.617,15.513,5.188,0.610,4.578,4.552,0.000,0.000,0.000,77.0,0.000,
12.11.2025,10:29:37.760,32.625,31.513,23.559,3.409,250.0,250.0,46.838,11.792,8.854,30.462,24.396,15.121,9.275,14.937,5.162,0.610,4.552,4.552,0.000,0.000,0.000,10.0,1.125,
12.11.2025,10:29:38.760,17.672,27.138,19.439,3.226,250.0,250.0,49.988,31.156,8.058,105.193,69.879,43.326,26.553,42.801,5.465,0.642,4.823,4.823,0.000,0.000,0.000,10.0,1.000,
12.11.2025,10:29:39.757,25.829,25.245,16.940,3.000,250.0,250.0,66.046,14.271,8.813,38.545,29.372,18.210,11.162,18.001,6.408,0.618,5.790,5.790,0.000,0.000,1.125,10.0,0.000,
12.11.2025,10:29:40.758,19.032,26.374,18.898,3.035,250.0,250.0,50.378,9.443,4.117,26.062,18.718,11.607,7.111,11.472,5.317,0.605,4.712,4.712,0.000,0.000,0.000,10.0,0.000,
12.11.2025,10:29:41.760,31.266,22.728,14.476,3.062,250.0,250.0,57.867,15.689,8.947,43.156,32.322,20.041,12.281,19.808,6.984,0.621,6.363,6.363,0.002,0.000,0.000,10.0,0.000,
12.11.2025,10:29:42.758,25.829,24.620,16.195,3.016,250.0,250.0,67.325,16.399,9.059,45.539,33.874,21.003,12.871,20.745,7.153,0.551,6.602,6.592,0.000,0.000,0.000,10.0,0.000,
12.11.2025,10:29:43.759,21.750,25.483,18.029,3.058,250.0,250.0,136.529,25.770,9.035,77.281,53.536,33.196,20.340,32.792,10.866,1.073,9.793,9.793,0.000,0.000,0.000,10.0,0.000,
12.11.2025,10:29:44.757,17.672,27.354,19.709,3.174,250.0,250.0,106.199,26.466,8.987,78.439,54.228,33.616,20.612,33.211,12.240,1.168,11.072,11.082,0.000,0.000,0.000,10.0,0.000,
12.11.2025,10:29:45.770,23.110,25.345,17.775,3.062,250.0,250.0,76.734,13.273,8.818,35.271,27.358,16.962,10.396,16.754,5.935,0.630,5.305,5.305,0.000,0.000,0.000,10.0,0.000,
12.11.2025,10:29:46.767,16.313,26.930,19.403,3.116,250.0,250.0,53.928,12.572,8.814,33.142,26.032,16.135,9.897,15.938,5.457,0.612,4.845,4.845,0.000,0.000,0.000,10.0,0.375,
12.11.2025,10:29:47.768,23.110,24.093,16.547,3.050,250.0,250.0,52.199,11.960,8.802,31.110,24.764,15.347,9.417,15.163,5.206,0.620,4.586,4.586,0.000,0.000,0.000,10.0,0.000,
12.11.2025,10:29:48.763,20.391,23.857,16.333,2.991,250.0,250.0,72.804,54.403,9.158,184.316,119.403,74.044,45.359,73.142,12.916,1.092,11.824,12.773,0.003,0.000,0.000,10.0,0.000,
12.11.2025,10:29:49.767,17.672,24.979,17.223,3.031,250.0,250.0,103.244,28.282,8.982,84.256,57.835,35.862,21.973,35.420,13.321,1.113,12.208,11.854,0.000,0.000,0.000,10.0,0.000,
12.11.2025,10:29:50.766,16.313,25.368,17.911,3.021,250.0,250.0,85.806,13.287,8.833,35.354,27.406,16.998,10.408,16.790,5.932,0.608,5.324,5.212,0.000,0.000,0.000,10.0,0.875,
12.11.2025,10:29:51.756,17.672,25.086,17.609,3.020,250.0,250.0,62.233,12.221,8.811,31.836,25.212,15.638,9.574,15.453,5.461,0.607,4.854,4.764,0.000,0.000,0.000,10.0,0.875,
12.11.2025,10:29:52.759,17.672,23.947,16.503,3.013,250.0,250.0,64.018,12.059,8.837,31.414,24.972,15.481,9.491,15.297,5.228,0.625,4.603,4.645,0.000,0.000,0.500,10.0,0.000,
12.11.2025,10:29:53.769,19.032,22.476,14.995,3.031,250.0,250.0,50.213,11.791,8.838,30.395,24.338,15.084,9.254,14.900,5.244,0.606,4.638,4.612,0.000,0.000,1.125,10.0,0.375,
12.11.2025,10:29:54.770,9.516,25.199,17.652,3.055,250.0,250.0,46.172,8.808,4.080,23.802,17.298,10.730,6.568,10.595,5.211,0.617,4.594,4.586,0.000,0.000,0.000,10.0,0.000,
12.11.2025,10:29:55.766,17.672,27.168,18.571,3.079,250.0,250.0,85.381,27.970,9.043,83.365,57.310,35.544,21.766,35.114,12.878,1.071,11.807,11.807,0.002,0.000,0.000,10.0,0.000,
12.11.2025,10:29:56.761,17.672,24.878,16.726,3.064,250.0,250.0,112.661,28.180,9.000,84.088,57.731,35.801,21.930,35.372,12.931,1.077,11.854,12.019,0.000,0.000,0.000,10.0,0.000,
12.11.2025,10:29:57.763,12.235,24.646,17.118,3.073,250.0,250.0,69.446,13.342,8.930,35.407,27.493,17.048,10.445,16.851,5.956,0.624,5.332,5.332,0.000,0.000,0.625,10.0,0.000,
12.11.2025,10:29:58.767,29.907,25.321,17.818,3.073,250.0,250.0,53.782,12.262,8.917,31.824,25.270,15.673,9.597,15.489,5.491,0.620,4.871,4.871,0.000,0.000,0.000,10.0,0.000,
12.11.2025,10:29:59.766,28.547,24.813,17.276,3.069,250.0,250.0,63.726,12.106,8.824,31.449,24.980,15.491,9.489,15.307,5.385,0.638,4.747,4.747,0.000,0.000,1.125,10.0,0.000,
12.11.2025,10:30:0.758,17.672,25.550,18.045,3.065,250.0,250.0,56.048,11.862,8.786,30.496,24.379,15.111,9.268,14.927,5.506,0.867,4.639,4.638,0.000,0.000,0.000,10.0,0.375,
12.11.2025,10:30:1.763,17.672,26.061,18.558,3.057,250.0,250.0,47.941,8.809,4.067,23.801,17.279,10.713,6.566,10.590,5.229,0.617,4.612,4.612,0.000,0.000,0.000,10.0,0.000,
12.11.2025,10:30:2.757,17.672,26.415,18.162,3.040,250.0,250.0,85.004,27.860,8.919,83.000,57.017,35.361,21.656,34.931,12.932,1.078,11.854,11.854,0.002,0.000,0.000,10.0,0.000,
12.11.2025,10:30:3.758,12.235,25.753,17.735,3.017,250.0,250.0,112.950,28.374,8.989,84.631,58.066,36.000,22.066,35.570,13.170,1.092,12.078,12.078,0.000,0.000,0.000,10.0,0.125,
12.11.2025,10:30:4.768,17.672,26.009,18.452,3.065,250.0,250.0,70.015,13.539,8.871,36.182,27.940,17.334,10.606,17.125,5.987,0.628,5.359,5.359,0.000,0.000,0.000,10.0,0.000,
12.11.2025,10:30:5.757,17.672,23.013,15.542,3.049,250.0,250.0,70.015,13.539,8.871,36.182,27.940,17.334,10.606,17.125,5.987,0.628,5.359,5.359,0.000,0.000,0.000,10.0,0.000,
12.11.2025,10:30:6.760,17.672,25.686,17.760,3.043,250.0,250.0,55.582,10.085,4.531,27.865,20.098,12.461,7.637,12.314,5.527,0.639,4.888,4.888,0.002,0.000,0.000,10.0,0.000,
12.11.2025,10:30:7.761,21.750,25.810,17.827,3.070,250.0,250.0,88.072,28.438,9.018,85.065,58.349,36.180,22.169,35.750,12.976,1.075,11.901,11.901,0.000,0.000,0.000,10.0,0.000,
12.11.2025,10:30:8.758,19.032,24.985,17.517,3.016,250.0,250.0,114.147,28.554,8.991,85.276,58.465,36.249,22.216,35.820,13.207,1.095,12.112,12.112,0.000,0.000,0.500,10.0,0.000,
12.11.2025,10:30:9.757,14.953,24.329,16.812,3.064,250.0,250.0,70.469,13.642,8.870,36.571,28.185,17.481,10.704,17.272,5.990,0.631,5.359,5.359,0.000,0.000,0.000,10.0,0.000,
12.11.2025,10:30:10.770,20.391,24.712,17.207,3.056,250.0,250.0,54.969,12.765,8.872,33.751,26.443,16.389,10.054,16.192,5.521,0.616,4.905,4.905,0.000,0.000,0.000,10.0,0.000,
12.11.2025,10:30:11.757,25.829,24.710,16.813,3.054,250.0,250.0,60.180,42.018,8.182,146.487,95.443,59.181,36.262,58.461,5.613,0.670,4.943,4.943,0.000,0.000,0.500,10.0,0.000,
12.11.2025,10:30:12.756,16.313,25.327,17.783,3.071,250.0,250.0,75.337,14.823,9.018,40.115,30.477,18.897,11.580,18.676,6.703,0.647,6.056,6.056,0.000,0.000,0.000,10.0,0.000,
12.11.2025,10:30:13.762,17.672,25.547,18.080,3.076,250.0,250.0,59.199,13.117,8.909,34.949,27.210,16.871,10.339,16.663,5.659,0.636,5.023,4.914,0.000,0.000,0.000,10.0,0.375,
12.11.2025,10:30:14.769,27.188,26.727,19.080,3.151,250.0,250.0,53.647,12.357,8.823,32.490,25.631,15.897,9.734,15.700,5.289,0.627,4.662,4.722,0.000,0.000,0.000,10.0,0.000,
12.11.2025,10:30:15.770,17.672,26.105,18.549,3.099,250.0,250.0,63.534,12.209,8.835,31.911,25.270,15.673,9.597,15.489,5.324,0.628,4.696,4.670,0.000,0.000,0.000,10.0,0.000,
12.11.2025,10:30:16.757,14.953,25.753,17.941,3.118,250.0,250.0,50.752,12.361,8.846,32.501,25.648,15.904,9.744,15.708,5.300,0.638,4.662,4.662,0.002,0.000,0.000,10.0,0.000,
12.11.2025,10:30:17.758,20.391,25.486,17.716,3.083,250.0,250.0,61.658,111.596,8.903,143.319,93.881,58.211,35.670,57.517,291.342,66.990,224.352,135.774,0.000,0.000,0.000,10.0,0.000,
12.11.2025,10:30:18.760,16.313,24.725,17.207,3.077,250.0,250.0,70.431,14.642,8.842,39.593,30.039,18.627,11.412,18.406,6.828,0.676,6.152,5.849,0.000,0.000,0.000,10.0,0.375,
12.11.2025,10:30:19.761,16.313,25.268,17.563,3.065,250.0,250.0,65.246,12.865,8.825,34.222,26.707,16.564,10.143,16.355,5.495,0.645,4.850,4.841,0.002,0.000,0.000,10.0,0.000,
12.11.2025,10:30:20.758,16.313,25.950,17.813,3.031,250.0,250.0,74.696,28.319,8.995,84.573,58.032,35.985,22.047,35.543,13.039,1.079,11.960,11.936,0.000,0.000,0.000,10.0,0.000,
12.11.2025,10:30:21.760,14.953,24.900,17.400,3.057,250.0,250.0,102.965,37.557,9.122,119.651,79.740,49.441,30.299,48.841,13.115,1.096,12.019,12.243,0.000,0.000,0.000,10.0,0.000,
12.11.2025,10:30:22.760,19.032,24.643,17.150,3.073,250.0,250.0,87.695,14.078,8.897,38.047,29.108,18.047,11.061,17.838,6.188,0.636,5.552,5.404,0.000,0.000,0.000,10.0,0.000,
12.11.2025,10:30:23.758,13.594,25.499,17.946,3.089,250.0,250.0,55.322,13.193,8.823,35.296,27.362,16.965,10.397,16.769,5.687,0.646,5.041,4.940,0.000,0.000,0.000,10.0,0.000,
12.11.2025,10:30:24.756,13.594,25.499,17.946,3.089,250.0,250.0,52.734,54.831,4.027,115.335,73.992,45.882,28.110,45.330,79.723,17.395,62.328,76.186,0.000,0.000,0.000,10.0,0.000,
12.11.2025,10:30:25.765,21.750,26.811,18.782,3.122,250.0,250.0,76.499,15.589,8.855,42.262,31.708,19.658,12.050,19.425,7.821,0.709,7.112,6.294,0.000,0.000,0.000,10.0,0.000,
12.11.2025,10:30:26.759,17.672,24.907,17.358,3.086,250.0,250.0,70.669,13.788,8.859,36.525,28.146,17.455,10.691,17.246,6.919,0.643,6.276,5.124,0.000,0.000,0.500,10.0,0.000,
12.11.2025,10:30:27.759,20.391,26.219,18.640,3.123,250.0,250.0,54.416,12.565,8.824,33.134,26.025,16.143,9.882,15.947,5.503,0.645,4.858,4.688,0.000,0.000,0.000,10.0,0.000,
12.11.2025,10:30:28.771,21.750,25.615,18.087,3.114,250.0,250.0,64.307,12.765,8.822,33.460,26.230,16.263,9.967,16.067,6.058,0.708,5.350,4.722,0.000,0.000,0.000,10.0,0.000,
12.11.2025,10:30:29.786,17.672,24.504,16.965,3.101,250.0,250.0,61.520,12.465,8.836,32.865,25.865,16.044,9.821,15.848,5.340,0.626,4.714,4.688,0.000,0.000,0.000,10.0,0.000,
12.11.2025,10:30:30.785,17.672,25.427,17.825,3.120,250.0,250.0,78.031,28.330,9.004,84.529,58.005,35.963,22.042,35.534,13.103,1.084,12.019,12.019,0.002,0.000,0.000,10.0,0.000,
12.11.2025,10:30:31.784,20.391,23.913,15.995,3.067,250.0,250.0,104.028,28.766,8.953,85.895,58.829,36.480,22.349,36.039,13.408,1.107,12.301,12.301,0.000,0.000,0.000,10.0,0.000,
12.11.2025,10:30:32.780,14.953,24.920,17.416,3.083,250.0,250.0,88.515,13.575,8.819,36.271,27.972,17.343,10.629,17.134,6.075,0.644,5.431,5.431,0.000,0.000,0.000,10.0,0.000,
12.11.2025,10:30:33.785,20.391,23.935,16.400,3.084,250.0,250.0,55.431,12.779,8.810,33.779,26.412,16.385,10.027,16.189,5.613,0.647,4.966,4.966,0.000,0.000,0.000,10.0,0.000,
12.11.2025,10:30:34.783,14.953,25.024,17.494,3.080,250.0,250.0,54.045,12.386,8.834,32.416,25.592,15.871,9.721,15.674,5.465,0.642,4.823,4.823,0.000,0.000,0.000,10.0,0.000,
12.11.2025,10:30:35.775,25.829,27.884,20.293,3.119,250.0,250.0,64.522,12.169,8.845,31.690,25.149,15.587,9.562,15.403,5.364,0.642,4.722,4.722,0.000,0.000,0.000,10.0,0.000,
12.11.2025,10:30:36.780,17.672,25.014,17.433,3.084,250.0,250.0,67.242,28.378,8.957,84.706,58.089,36.019,22.070,35.589,13.147,1.092,12.055,12.055,0.002,0.000,0.000,10.0,0.000,
12.11.2025,10:30:37.793,14.953,26.211,17.908,3.086,250.0,250.0,104.197,48.899,9.000,101.784,68.480,42.464,26.016,41.950,13.534,1.423,12.112,172.225,0.000,0.000,0.000,10.0,0.000,
12.11.2025,10:30:38.792,19.032,25.328,17.686,3.146,250.0,250.0,85.470,13.772,8.810,36.743,28.259,17.518,10.741,17.309,6.324,0.628,5.696,5.696,0.000,0.000,0.000,10.0,0.000,
12.11.2025,10:30:39.790,17.672,30.147,22.164,3.512,250.0,250.0,67.200,12.912,8.825,34.148,26.654,16.525,10.129,16.329,5.713,0.629,5.084,5.084,0.000,0.000,0.000,10.0,0.000,
12.11.2025,10:30:40.789,17.672,24.674,17.050,3.119,250.0,250.0,53.457,9.630,4.140,26.708,19.138,11.871,7.267,11.723,5.370,0.631,4.739,4.714,0.000,0.000,0.000,10.0,0.000,
12.11.2025,10:30:41.792,17.672,24.320,16.143,3.106,250.0,250.0,78.023,70.642,9.117,184.816,119.662,74.195,45.467,73.306,93.106,24.802,68.304,13.645,0.002,0.000,0.000,10.0,0.000,
12.11.2025,10:30:42.791,20.391,23.955,16.261,3.047,250.0,250.0,103.983,28.616,8.990,85.165,58.405,36.213,22.192,35.772,13.606,1.127,12.479,12.208,0.000,0.000,0.000,10.0,0.000,
12.11.2025,10:30:43.792,17.672,23.819,16.211,3.124,250.0,250.0,87.889,13.534,8.866,36.056,27.872,17.280,10.592,17.071,6.114,0.648,5.466,5.372,0.000,0.000,0.000,10.0,0.000,
12.11.2025,10:30:44.803,19.032,23.312,15.771,3.117,250.0,250.0,56.013,81.736,8.941,83.155,56.753,35.184,21.569,34.758,187.808,55.124,132.684,201.380,0.000,0.000,0.000,10.0,0.000,
12.11.2025,10:30:45.800,19.032,24.090,16.452,3.176,250.0,250.0,52.376,32.224,4.401,112.664,72.399,44.895,27.504,44.344,5.536,0.737,4.799,4.960,0.000,0.000,0.000,10.0,0.000,
12.11.2025,10:30:46.801,17.672,26.097,17.684,3.108,250.0,250.0,87.827,28.283,9.028,83.941,57.659,35.761,21.898,35.331,13.493,1.098,12.395,12.231,0.000,0.000,0.000,10.0,0.125,
12.11.2025,10:30:47.817,17.672,25.350,17.804,3.090,250.0,250.0,111.562,15.596,8.846,38.266,29.229,18.120,11.109,17.899,13.304,1.073,12.231,5.880,0.000,0.000,0.625,10.0,0.125,
12.11.2025,10:30:48.806,16.313,24.468,16.919,3.115,250.0,250.0,67.513,43.363,8.980,150.382,98.244,60.920,37.324,60.177,6.087,0.703,5.384,5.430,0.000,0.000,0.000,10.0,0.000,
12.11.2025,10:30:49.806,14.953,25.414,17.844,3.129,250.0,250.0,55.044,12.604,8.845,33.029,25.972,16.104,9.868,15.920,5.678,0.647,5.031,4.944,0.000,0.000,0.000,10.0,1.000,
12.11.2025,10:30:50.804,19.032,24.213,16.646,3.098,250.0,250.0,73.542,28.412,9.020,84.617,58.073,36.012,22.061,35.583,13.291,1.108,12.183,12.172,0.000,0.000,0.000,10.0,0.000,
12.11.2025,10:30:51.817,17.672,25.230,17.370,3.011,250.0,250.0,110.047,28.348,8.981,84.340,57.881,35.884,21.997,35.455,13.349,1.106,12.243,12.243,0.000,0.000,0.375,10.0,0.000,
12.11.2025,10:30:52.803,17.672,24.341,16.842,3.064,250.0,250.0,94.798,13.823,8.843,36.932,28.399,17.611,10.788,17.390,6.306,0.655,5.651,5.651,0.000,0.000,0.000,10.0,0.000,
12.11.2025,10:30:53.816,16.313,24.268,16.786,3.033,250.0,250.0,68.659,12.841,8.847,33.810,26.462,16.410,10.052,16.202,5.752,0.625,5.127,5.127,0.000,0.000,0.000,10.0,1.000,
12.11.2025,10:30:54.806,24.469,24.453,16.944,3.060,250.0,250.0,64.312,109.552,8.962,142.419,93.333,57.876,35.457,57.181,282.873,61.561,221.312,134.550,0.000,0.000,0.000,10.0,0.000,
12.11.2025,10:30:55.804,24.469,26.648,19.051,3.136,250.0,250.0,52.771,12.063,8.822,31.197,24.827,15.389,9.438,15.205,5.463,0.640,4.823,4.823,0.000,0.000,0.000,10.0,0.000,
12.11.2025,10:30:56.808,14.953,23.758,16.167,3.131,250.0,250.0,54.473,9.417,4.521,25.472,18.607,11.532,7.075,11.397,5.395,0.622,4.773,4.773,0.000,0.000,0.000,10.0,0.000,
12.11.2025,10:30:57.805,35.344,24.871,16.855,3.091,250.0,250.0,63.917,28.944,9.055,86.447,59.237,36.735,22.502,36.293,13.470,1.239,12.231,12.231,0.002,0.000,0.000,10.0,0.000,
12.11.2025,10:30:58.808,28.547,31.759,23.298,3.227,250.0,250.0,102.006,28.854,9.032,86.077,58.993,36.576,22.417,36.134,13.510,1.220,12.290,12.290,0.000,0.000,0.000,10.0,0.000,
12.11.2025,10:30:59.809,24.469,44.014,35.821,3.582,250.0,250.0,75.022,13.767,8.832,36.200,27.938,17.320,10.618,17.111,6.811,0.783,6.028,6.028,0.000,0.000,0.000,10.0,0.000,
12.11.2025,10:31:0.805,19.032,42.443,34.304,3.555,250.0,250.0,62.660,25.144,8.481,80.930,55.450,34.387,21.063,33.970,5.989,0.812,5.177,5.177,0.000,0.000,0.375,10.0,0.000,
12.11.2025,10:31:1.810,27.188,33.267,24.618,3.270,250.0,250.0,100.487,28.791,8.935,85.870,58.800,36.468,22.332,36.026,13.572,1.235,12.337,12.337,0.003,0.000,0.500,10.0,0.000,
12.11.2025,10:31:2.812,29.907,38.206,30.297,3.337,250.0,250.0,88.050,13.966,8.811,37.423,28.680,17.778,10.902,17.569,6.413,0.744,5.669,5.669,0.000,0.000,0.000,10.0,0.000,
12.11.2025,10:31:3.816,24.469,32.756,24.928,3.334,250.0,250.0,51.590,12.647,8.813,33.222,26.075,16.168,9.907,15.971,5.628,0.550,5.078,5.062,0.000,0.000,0.000,10.0,0.000,
12.11.2025,10:31:4.812,27.188,28.767,20.984,3.280,250.0,250.0,49.711,12.532,8.821,32.940,25.905,16.063,9.842,15.867,5.544,0.729,4.815,4.790,0.000,0.000,0.000,10.0,0.750,
12.11.2025,10:31:5.809,24.469,39.140,31.210,3.371,250.0,250.0,69.943,29.130,9.060,87.111,59.643,36.988,22.655,36.546,13.504,1.237,12.267,12.290,0.000,0.000,0.000,10.0,0.375,
12.11.2025,10:31:6.813,16.313,33.526,24.910,3.271,250.0,250.0,101.947,28.647,9.130,85.233,58.526,36.293,22.233,35.851,13.450,1.126,12.324,12.301,0.000,0.000,0.500,10.0,0.000,
12.11.2025,10:31:7.805,20.391,25.614,18.001,3.153,250.0,250.0,84.753,13.418,8.919,35.604,27.618,17.123,10.495,16.915,6.103,0.652,5.451,5.299,0.000,0.000,0.500,10.0,0.625,
12.11.2025,10:31:8.804,16.313,26.024,18.550,3.052,250.0,250.0,57.043,12.445,8.871,32.457,25.644,15.897,9.747,15.701,5.660,0.647,5.013,4.815,0.000,0.000,0.000,10.0,1.125,
12.11.2025,10:31:9.803,16.313,25.305,17.777,3.051,250.0,250.0,48.295,9.682,4.532,26.420,19.203,11.910,7.293,11.762,5.453,0.655,4.798,4.798,0.000,0.000,0.000,10.0,0.000,
12.11.2025,10:31:10.814,14.953,25.214,17.410,3.055,250.0,250.0,61.483,34.220,9.035,114.277,75.808,47.003,28.805,46.432,7.164,0.655,6.509,6.509,0.003,0.000,0.000,10.0,0.000,
12.11.2025,10:31:11.812,21.750,23.846,15.860,3.022,250.0,250.0,63.952,15.476,8.906,42.169,31.689,19.649,12.040,19.403,7.184,0.646,6.538,6.538,0.000,0.000,0.000,10.0,0.000,
12.11.2025,10:31:12.813,21.750,24.584,17.114,3.033,250.0,250.0,52.137,12.295,8.871,32.062,25.397,15.749,9.648,15.552,5.434,0.627,4.807,4.807,0.000,0.000,0.000,10.0,0.000,
12.11.2025,10:31:13.810,17.672,23.627,16.102,3.060,250.0,250.0,47.576,31.832,8.964,107.074,71.412,44.278,27.134,43.755,5.451,0.653,4.798,4.798,0.000,0.000,0.000,10.0,0.000,
12.11.2025,10:31:14.810,16.313,22.942,15.466,3.050,250.0,250.0,57.653,21.315,8.557,66.609,46.626,28.913,17.713,28.557,5.617,0.674,4.943,4.943,0.000,0.000,0.000,10.0,0.000,
12.11.2025,10:31:15.805,17.672,25.136,17.125,3.098,250.0,250.0,92.391,23.857,8.991,70.781,49.471,30.683,18.788,30.315,10.194,1.043,9.151,9.151,0.000,0.000,0.000,10.0,0.000,
12.11.2025,10:31:16.815,19.032,24.193,16.724,3.065,250.0,250.0,82.882,13.259,8.831,35.005,27.199,16.864,10.335,16.656,6.113,0.644,5.469,5.469,0.000,0.000,0.000,10.0,0.000,
12.11.2025,10:31:17.814,20.391,26.102,18.482,3.135,250.0,250.0,51.028,13.229,8.845,35.180,27.308,16.937,10.371,16.728,5.863,0.669,5.194,5.194,0.000,0.000,0.000,10.0,0.000,
12.11.2025,10:31:18.814,20.391,22.772,15.218,3.104,250.0,250.0,56.527,12.003,8.822,30.952,24.669,15.304,9.365,15.120,5.483,0.651,4.832,4.832,0.000,0.000,1.125,10.0,0.000,
12.11.2025,10:31:19.812,19.032,23.533,16.065,3.053,250.0,250.0,46.901,11.978,8.886,30.830,24.638,15.271,9.367,15.087,5.451,0.644,4.807,4.798,0.000,0.000,0.000,10.0,0.000,
12.11.2025,10:31:20.812,14.953,23.378,15.886,3.073,250.0,250.0,45.599,29.378,4.366,101.953,65.695,40.742,24.953,40.253,5.421,0.639,4.782,4.977,0.000,0.000,0.000,10.0,0.750,
12.11.2025,10:31:21.810,16.313,25.782,17.440,3.038,250.0,250.0,92.053,28.599,9.079,85.016,58.360,36.191,22.169,35.749,13.514,1.012,12.502,12.395,0.000,0.000,0.000,10.0,0.125,
12.11.2025,10:31:22.810,14.953,24.100,16.511,3.120,250.0,250.0,191.999,28.770,9.078,85.477,58.646,36.365,22.281,35.936,13.701,1.129,12.572,12.514,0.000,0.000,0.500,10.0,0.000,
12.11.2025,10:31:23.805,20.391,24.625,17.002,3.153,250.0,250.0,104.752,29.141,9.004,85.654,58.713,36.410,22.303,35.968,15.393,1.253,14.140,12.572,0.000,0.000,0.000,10.0,0.000,
12.11.2025,10:31:24.803,20.391,24.292,16.775,3.068,250.0,250.0,92.460,13.769,8.883,36.676,28.263,17.520,10.743,17.312,6.387,0.655,5.732,5.514,0.000,0.000,0.000,10.0,0.000,
12.11.2025,10:31:25.817,20.391,25.716,18.178,3.126,250.0,250.0,55.221,12.712,8.833,33.325,26.156,16.214,9.942,16.018,5.760,0.639,5.121,5.113,0.000,0.000,0.000,10.0,0.000,
12.11.2025,10:31:26.815,19.032,25.337,17.760,3.106,250.0,250.0,52.590,32.479,8.943,109.243,72.946,45.236,27.710,44.686,5.526,0.660,4.866,4.977,0.000,0.000,0.000,10.0,0.000,
12.11.2025,10:31:27.814,17.672,26.683,19.162,3.071,250.0,250.0,61.823,12.266,8.881,31.862,25.270,15.673,9.597,15.489,5.509,0.643,4.866,4.866,0.000,0.000,0.000,10.0,0.000,
12.11.2025,10:31:28.817,21.750,23.474,15.990,3.056,250.0,250.0,74.972,28.833,9.176,85.741,58.866,36.500,22.366,36.071,13.584,1.141,12.443,12.443,0.000,0.000,0.375,10.0,0.000,
12.11.2025,10:31:29.816,13.594,24.999,17.012,3.061,250.0,250.0,105.317,30.509,9.137,91.770,62.474,38.735,23.739,38.270,14.233,1.731,12.502,12.502,0.000,0.000,0.375,10.0,0.000,
12.11.2025,10:31:30.815,19.032,26.589,19.099,3.083,250.0,250.0,91.429,13.853,8.859,36.844,28.343,17.575,10.768,17.367,6.480,0.668,5.812,5.812,0.000,0.000,0.000,10.0,0.000,
12.11.2025,10:31:31.810,17.672,24.090,16.580,3.073,250.0,250.0,68.201,13.047,8.840,34.447,26.853,16.654,10.199,16.458,5.890,0.649,5.241,5.241,0.000,0.000,0.000,10.0,0.000,
12.11.2025,10:31:32.802,17.672,23.612,16.085,3.045,250.0,250.0,64.167,12.150,8.829,31.471,25.002,15.507,9.495,15.311,5.509,0.643,4.866,4.866,0.000,0.000,0.000,10.0,0.000,
12.11.2025,10:31:33.810,17.672,26.425,18.926,3.062,250.0,250.0,51.807,12.458,8.830,32.197,25.444,15.777,9.667,15.593,5.921,0.690,5.231,5.231,0.000,0.000,0.000,10.0,0.000,
12.11.2025,10:31:34.814,17.672,25.196,17.610,3.104,250.0,250.0,52.297,9.674,4.617,26.208,19.128,11.860,7.268,11.712,5.531,0.648,4.883,4.883,0.000,0.000,0.000,10.0,0.000,
12.11.2025,10:31:35.818,16.313,25.066,17.052,3.091,250.0,250.0,56.574,28.815,9.053,85.793,58.820,36.482,22.338,36.040,13.586,1.131,12.455,12.455,0.002,0.000,0.000,10.0,0.000,
12.11.2025,10:31:36.817,17.672,27.691,18.906,3.099,250.0,250.0,114.187,28.719,9.092,85.326,58.554,36.313,22.241,35.871,13.647,1.145,12.502,12.502,0.000,0.000,0.000,10.0,0.000,
12.11.2025,10:31:37.805,19.032,23.675,16.122,3.069,250.0,250.0,100.429,44.374,9.092,153.554,100.259,62.171,38.088,61.415,6.668,0.794,5.874,5.829,0.000,0.000,0.500,10.0,0.000,
12.11.2025,10:31:38.816,24.469,23.837,16.341,3.092,250.0,250.0,57.959,13.062,8.856,34.416,26.839,16.641,10.198,16.445,5.957,0.647,5.310,5.309,0.000,0.000,0.000,10.0,0.875,
12.11.2025,10:31:39.817,19.032,30.470,22.491,3.474,250.0,250.0,66.528,12.405,8.882,32.234,25.507,15.822,9.685,15.625,5.710,0.646,5.064,4.874,0.000,0.000,0.000,10.0,0.000,
12.11.2025,10:31:40.818,14.953,27.870,20.125,3.255,250.0,250.0,63.174,72.949,8.994,85.907,58.419,36.227,22.192,35.789,101.822,32.061,69.761,278.315,0.000,0.000,0.000,10.0,0.000,
12.11.2025,10:31:41.806,21.750,24.911,17.403,3.113,250.0,250.0,52.935,12.374,8.859,31.681,25.146,15.586,9.560,15.401,6.300,0.729,5.571,4.909,0.000,0.000,1.125,10.0,0.000,
12.11.2025,10:31:42.819,16.313,24.349,16.666,3.060,250.0,250.0,45.967,27.269,9.202,85.560,58.765,36.437,22.328,36.008,5.943,0.712,5.231,12.502,0.002,0.000,0.000,10.0,0.000,
12.11.2025,10:31:43.822,14.953,25.526,16.500,3.059,250.0,250.0,100.022,28.689,9.055,85.189,58.447,36.241,22.206,35.812,13.691,1.095,12.596,12.561,0.000,0.000,0.000,10.0,0.000,
12.11.2025,10:31:44.821,19.032,26.752,19.164,3.106,250.0,250.0,112.936,14.086,8.891,37.499,28.782,17.846,10.936,17.625,6.724,0.662,6.062,5.829,0.000,0.000,0.000,10.0,0.000,
12.11.2025,10:31:45.834,19.032,26.281,18.723,3.080,250.0,250.0,65.909,13.440,8.854,35.815,27.706,17.178,10.528,16.970,6.001,0.650,5.351,5.345,0.000,0.000,0.000,10.0,0.000,
12.11.2025,10:31:46.832,17.672,24.066,16.548,3.102,250.0,250.0,53.304,12.662,8.867,33.074,26.015,16.137,9.878,15.941,5.811,0.660,5.151,5.082,0.000,0.000,0.000,10.0,0.000,
12.11.2025,10:31:47.827,16.313,24.937,17.355,3.092,250.0,250.0,52.501,12.198,8.869,31.578,25.095,15.560,9.535,15.363,5.549,0.649,4.900,4.883,0.000,0.000,0.000,10.0,0.375,
12.11.2025,10:31:48.828,17.672,23.496,15.955,3.082,250.0,250.0,55.603,84.189,8.954,87.356,59.317,36.785,22.532,36.335,111.444,36.318,75.126,367.727,0.000,0.000,0.000,10.0,0.000,
12.11.2025,10:31:49.832,19.032,24.391,16.864,3.110,250.0,250.0,56.980,75.325,4.409,181.095,114.857,71.226,43.631,70.370,129.867,22.701,107.166,7.930,0.000,0.000,0.000,10.0,0.000,
12.11.2025,10:31:50.828,25.829,25.602,16.352,3.056,250.0,250.0,113.882,29.151,9.122,85.526,58.706,36.406,22.300,35.965,15.425,1.261,14.164,12.632,0.000,0.000,0.000,10.0,0.000,
12.11.2025,10:31:51.826,17.672,23.897,16.417,3.075,250.0,250.0,95.792,15.795,8.947,38.485,29.422,18.245,11.177,18.024,13.777,1.122,12.655,6.098,0.000,0.000,0.000,10.0,0.000,
12.11.2025,10:31:52.824,16.313,24.155,16.627,3.048,250.0,250.0,57.485,13.391,8.960,35.368,27.492,17.052,10.440,16.844,6.201,0.652,5.549,5.351,0.003,0.000,0.000,10.0,0.000,
12.11.2025,10:31:53.819,14.953,24.297,16.718,3.079,250.0,250.0,66.647,12.881,8.889,33.918,26.551,16.465,10.086,16.269,5.738,0.656,5.082,5.159,0.000,0.000,0.000,10.0,0.000,
12.11.2025,10:31:54.836,19.032,26.351,18.792,3.116,250.0,250.0,52.547,12.587,8.846,33.009,25.965,16.107,9.858,15.910,5.628,0.659,4.969,4.918,0.000,0.000,0.000,10.0,0.000,
12.11.2025,10:31:55.841,17.672,24.536,17.022,3.096,250.0,250.0,52.624,11.991,8.857,30.790,24.589,15.252,9.337,15.068,5.560,0.651,4.909,4.900,0.000,0.000,0.000,10.0,0.000,
12.11.2025,10:31:56.842,21.750,24.669,17.068,3.148,250.0,250.0,42.132,6.248,3.382,14.384,11.015,6.828,4.187,6.754,5.530,0.647,4.883,4.874,0.000,0.000,0.000,10.0,0.000,
12.11.2025,10:31:57.856,33.985,26.535,17.349,3.086,250.0,250.0,114.720,29.764,9.088,87.321,59.800,37.082,22.718,36.629,15.419,1.255,14.164,14.164,0.002,0.000,0.000,10.0,0.500,
12.11.2025,10:31:58.857,17.672,24.723,17.135,3.069,250.0,250.0,112.305,17.393,8.891,42.092,31.624,19.610,12.014,19.364,13.822,1.131,12.691,12.691,0.000,0.000,0.000,10.0,0.000,
12.11.2025,10:31:59.855,23.110,22.778,15.234,3.093,250.0,250.0,57.898,13.441,8.874,35.523,27.541,17.077,10.464,16.868,6.245,0.670,5.575,5.575,0.000,0.000,0.000,10.0,0.000,
12.11.2025,10:32:0.858,19.032,28.239,20.575,3.165,250.0,250.0,55.216,66.803,8.983,113.983,75.738,46.959,28.779,46.399,170.648,52.119,118.529,5.897,0.000,0.000,0.000,10.0,0.000,
12.11.2025,10:32:1.855,19.032,25.146,17.643,3.060,250.0,250.0,62.920,12.349,8.902,31.990,25.366,15.733,9.633,15.549,5.662,0.668,4.994,4.994,0.000,0.000,0.000,10.0,0.000,
12.11.2025,10:32:2.853,14.953,23.223,15.709,3.054,250.0,250.0,52.311,12.199,8.856,31.552,25.069,15.547,9.522,15.351,5.583,0.657,4.926,4.926,0.000,0.000,0.000,10.0,0.000,
12.11.2025,10:32:3.857,19.032,25.988,18.503,3.035,250.0,250.0,45.566,9.277,4.103,25.201,18.181,11.270,6.911,11.135,5.536,0.644,4.892,4.892,0.000,0.000,0.000,10.0,0.000,
12.11.2025,10:32:4.859,16.313,27.884,18.976,3.075,250.0,250.0,60.234,14.907,8.963,40.144,30.457,18.886,11.571,18.665,7.015,0.662,6.353,6.353,0.002,0.000,0.000,10.0,0.000,
12.11.2025,10:32:5.861,19.032,25.613,17.723,3.051,250.0,250.0,65.817,27.885,9.104,89.754,61.122,37.897,23.225,37.444,6.980,0.635,6.345,6.345,0.000,0.000,0.000,10.0,0.000,
12.11.2025,10:32:6.861,19.032,23.284,15.794,3.058,250.0,250.0,65.026,12.304,8.895,31.877,25.296,15.686,9.610,15.490,5.614,0.654,4.960,4.960,0.000,0.000,0.000,10.0,0.000,
12.11.2025,10:32:7.861,24.469,25.495,17.938,3.105,250.0,250.0,52.639,12.426,8.921,32.342,25.604,15.878,9.726,15.681,5.593,0.667,4.926,4.926,0.000,0.000,0.625,10.0,0.000,
12.11.2025,10:32:8.860,17.672,24.568,17.087,3.081,250.0,250.0,51.738,98.954,9.009,146.618,95.965,59.499,36.466,58.780,289.145,65.033,224.112,4.909,0.000,0.000,0.000,10.0,0.000,
12.11.2025,10:32:9.863,23.110,25.379,17.783,3.099,250.0,250.0,61.736,44.307,8.466,154.297,100.674,62.422,38.252,61.664,6.001,0.710,5.291,5.291,0.000,0.000,0.375,10.0,0.750,
12.11.2025,10:32:10.851,20.391,25.749,17.422,3.036,250.0,250.0,116.523,29.130,9.005,86.711,59.363,36.815,22.548,36.373,13.881,1.155,12.726,12.726,0.000,0.000,0.000,10.0,0.000,
12.11.2025,10:32:11.857,21.750,24.400,16.900,3.080,250.0,250.0,96.233,14.180,8.849,37.841,28.963,17.959,11.004,17.739,6.784,0.658,6.126,5.873,0.000,0.000,0.000,10.0,0.375,
12.11.2025,10:32:12.860,19.032,24.481,16.985,3.072,250.0,250.0,57.375,13.940,8.840,37.663,28.841,17.881,10.960,17.672,6.071,0.676,5.395,5.405,0.000,0.000,0.000,10.0,0.000,
12.11.2025,10:32:13.863,17.672,25.665,18.173,3.064,250.0,250.0,73.123,27.464,9.124,85.896,58.941,36.542,22.399,36.100,6.461,0.742,5.719,12.714,0.000,0.000,0.000,10.0,0.000,
12.11.2025,10:32:14.855,19.032,26.289,18.333,3.071,250.0,250.0,115.106,27.464,9.235,85.475,58.744,36.419,22.325,35.977,13.915,1.142,12.773,12.714,0.000,0.000,0.500,10.0,0.000,
12.11.2025,10:32:15.862,20.391,26.430,18.890,3.089,250.0,250.0,115.106,28.872,9.235,85.475,58.744,36.419,22.325,35.977,13.915,1.142,12.773,12.714,0.000,0.000,0.000,10.0,0.000,
12.11.2025,10:32:16.860,17.672,25.773,18.227,3.094,250.0,250.0,96.378,14.194,8.898,37.809,28.966,17.961,11.005,17.752,6.819,0.666,6.153,5.910,0.000,0.000,0.000,10.0,0.000,
12.11.2025,10:32:17.854,21.750,25.718,18.084,3.141,250.0,250.0,57.313,18.067,8.902,53.406,38.583,23.925,14.658,23.631,6.069,0.665,5.404,5.432,0.000,0.000,1.125,10.0,0.000,
12.11.2025,10:32:18.862,35.344,23.050,15.617,3.039,250.0,250.0,67.300,12.457,8.895,32.385,25.607,15.885,9.722,15.689,5.715,0.573,5.142,4.960,0.000,0.000,0.000,10.0,0.000,
12.11.2025,10:32:19.857,14.953,23.512,16.056,2.999,250.0,250.0,52.698,12.139,8.857,31.283,24.902,15.439,9.463,15.255,5.618,0.658,4.960,4.960,0.000,0.000,1.125,10.0,0.000,
12.11.2025,10:32:20.861,17.672,24.412,16.774,3.012,250.0,250.0,51.002,12.253,8.897,31.701,25.182,15.617,9.565,15.433,5.597,0.654,4.943,4.943,0.002,0.000,0.000,10.0,0.000,
12.11.2025,10:32:21.860,25.829,26.708,18.538,3.026,250.0,250.0,84.520,29.003,9.116,86.181,59.113,36.648,22.465,36.207,13.804,1.137,12.667,12.691,0.000,0.000,0.000,10.0,0.000,
12.11.2025,10:32:22.857,19.032,27.231,19.765,3.034,250.0,250.0,104.744,29.065,9.187,86.114,59.103,36.654,22.449,36.212,14.028,1.149,12.879,12.879,0.000,0.000,0.000,10.0,0.375,
12.11.2025,10:32:23.862,17.672,25.380,17.932,3.030,250.0,250.0,88.464,13.736,8.927,36.433,28.142,17.452,10.690,17.232,6.381,0.665,5.716,5.716,0.000,0.000,0.500,10.0,0.000,
12.11.2025,10:32:24.861,17.672,25.380,17.932,3.030,250.0,250.0,55.785,45.602,8.934,47.000,34.529,21.416,13.113,21.159,52.586,15.070,37.516,204.702,0.000,0.000,0.000,10.0,0.000,
12.11.2025,10:32:25.856,24.469,29.357,21.825,3.086,250.0,250.0,54.884,34.257,8.474,115.425,76.756,47.597,29.159,47.022,6.315,0.812,5.503,5.502,0.000,0.000,0.000,10.0,0.000,
12.11.2025,10:32:26.862,19.032,25.260,17.339,3.029,250.0,250.0,114.210,29.134,9.040,86.574,59.296,36.775,22.521,36.333,13.983,1.151,12.832,12.832,0.000,0.000,0.000,10.0,0.000,
12.11.2025,10:32:27.860,19.032,24.204,16.742,3.035,250.0,250.0,113.839,14.258,8.875,37.970,29.059,18.015,11.044,17.806,6.812,0.623,6.189,6.189,0.000,0.000,0.000,10.0,0.500,
12.11.2025,10:32:28.854,20.391,24.521,16.958,3.087,250.0,250.0,58.492,41.633,9.036,143.582,94.046,58.315,35.731,57.609,6.285,0.804,5.481,5.438,0.000,0.000,0.000,10.0,0.000,
12.11.2025,10:32:29.862,21.750,25.727,18.276,3.049,250.0,250.0,60.503,12.944,8.916,34.015,26.631,16.506,10.125,16.310,5.869,0.666,5.203,5.203,0.000,0.000,0.000,10.0,0.000,
12.11.2025,10:32:30.861,23.110,25.375,17.863,3.072,250.0,250.0,59.167,12.389,8.900,32.160,25.466,15.788,9.678,15.604,5.652,0.667,4.985,4.985,0.000,0.000,0.500,10.0,0.000,
12.11.2025,10:32:31.856,14.953,24.732,17.194,3.061,250.0,250.0,52.110,12.248,8.868,31.677,25.150,15.600,9.550,15.416,5.626,0.657,4.969,4.969,0.000,0.000,0.000,10.0,0.750,
12.11.2025,10:32:32.860,16.313,24.455,16.957,3.089,250.0,250.0,45.948,63.605,4.354,155.392,99.062,61.423,37.639,60.687,84.432,16.848,67.584,48.632,0.000,0.000,0.000,10.0,0.000,
12.11.2025,10:32:33.860,17.672,25.703,16.618,3.041,250.0,250.0,94.154,29.416,9.095,87.224,59.740,37.039,22.701,36.597,14.311,1.173,13.138,13.138,0.003,0.000,0.000,10.0,0.000,
12.11.2025,10:32:34.856,20.391,24.699,17.090,3.058,250.0,250.0,116.124,17.649,8.911,42.767,32.064,19.879,12.185,19.634,14.084,1.205,12.879,12.879,0.000,0.000,0.750,10.0,0.000,
12.11.2025,10:32:35.863,23.110,31.034,23.218,3.273,250.0,250.0,69.737,13.853,8.863,36.841,28.353,17.581,10.772,17.361,6.503,0.752,5.751,5.751,0.000,0.000,0.000,10.0,0.000,
12.11.2025,10:32:36.850,25.829,36.272,28.432,3.339,250.0,250.0,52.839,13.028,8.861,34.256,26.741,16.584,10.157,16.388,6.014,0.754,5.260,5.260,0.000,0.000,0.125,10.0,0.000,
12.11.2025,10:32:37.856,25.829,36.591,28.756,3.345,250.0,250.0,49.934,12.725,8.924,33.254,26.168,16.218,9.950,16.022,5.819,0.741,5.078,5.078,0.000,0.000,0.000,10.0,0.000,
12.11.2025,10:32:38.856,38.063,37.340,29.430,3.351,250.0,250.0,56.836,10.081,4.591,27.588,19.965,12.382,7.583,12.222,5.742,0.748,4.994,4.994,0.000,0.000,0.500,10.0,0.000,
12.11.2025,10:32:39.859,24.469,36.954,28.650,3.375,250.0,250.0,54.113,19.417,9.070,55.761,40.217,24.938,15.279,24.631,8.367,0.826,7.541,7.541,0.003,0.000,0.000,10.0,0.000,
12.11.2025,10:32:40.860,33.985,37.425,28.263,3.362,250.0,250.0,68.690,19.214,8.984,55.074,39.742,24.645,15.097,24.338,8.355,0.804,7.551,7.551,0.000,0.000,0.000,10.0,0.000,
12.11.2025,10:32:41.852,28.547,37.417,29.131,3.653,250.0,250.0,67.920,20.657,8.863,63.510,44.642,27.686,16.956,27.357,6.107,0.745,5.362,5.338,0.000,0.000,0.000,10.0,0.000,
12.11.2025,10:32:42.857,24.469,33.230,25.380,3.345,250.0,250.0,51.386,12.791,8.854,33.617,26.347,16.333,10.014,16.137,5.807,0.754,5.053,4.994,0.000,0.000,0.000,10.0,0.000,
12.11.2025,10:32:43.856,24.469,33.963,26.160,3.345,250.0,250.0,57.335,12.395,8.856,32.153,25.441,15.770,9.671,15.586,5.747,0.753,4.994,4.977,0.000,0.000,0.000,10.0,0.000,
12.11.2025,10:32:44.855,25.829,35.305,27.438,3.336,250.0,250.0,48.694,9.674,4.164,26.497,19.019,11.792,7.227,11.645,5.715,0.738,4.977,4.969,0.000,0.000,0.000,10.0,0.000,
12.11.2025,10:32:45.860,25.829,38.695,30.219,3.418,250.0,250.0,73.524,65.273,9.157,102.644,69.123,42.860,26.263,42.347,25.335,4.855,20.480,309.669,0.003,0.000,0.000,10.0,0.000,
12.11.2025,10:32:46.863,24.469,31.919,23.798,3.298,250.0,250.0,103.671,29.581,9.126,87.409,59.874,37.132,22.742,36.678,14.963,1.282,13.681,12.926,0.000,0.000,0.000,10.0,0.000,
12.11.2025,10:32:47.852,25.829,34.402,26.482,3.391,250.0,250.0,80.876,13.374,8.848,35.518,27.528,17.064,10.464,16.855,6.046,0.572,5.474,5.371,0.000,0.000,0.000,10.0,0.000,
12.11.2025,10:32:48.853,27.188,31.606,23.769,3.357,250.0,250.0,50.906,12.660,8.839,33.176,26.072,16.158,9.914,15.962,5.745,0.751,4.994,4.985,0.000,0.000,0.000,10.0,0.000,
12.11.2025,10:32:49.857,21.750,31.109,23.069,3.361,250.0,250.0,53.442,18.701,9.043,53.198,38.608,23.943,14.665,23.649,8.231,0.779,7.452,7.442,0.002,0.000,0.500,10.0,0.000,
12.11.2025,10:32:50.856,16.313,32.463,23.640,3.264,250.0,250.0,68.846,18.297,9.015,51.778,37.704,23.386,14.318,23.104,8.118,0.676,7.442,7.433,0.000,0.000,0.000,10.0,0.000,
12.11.2025,10:32:51.857,19.032,27.670,20.028,3.123,250.0,250.0,65.031,13.204,8.872,34.954,27.185,16.856,10.329,16.660,5.945,0.659,5.286,5.295,0.000,0.000,0.500,10.0,0.000,
12.11.2025,10:32:52.858,17.672,24.314,16.848,3.037,250.0,250.0,58.019,12.396,8.850,32.229,25.477,15.799,9.678,15.615,5.657,0.663,4.994,4.994,0.001,0.000,0.000,10.0,0.000,
12.11.2025,10:32:53.863,17.672,23.304,15.819,3.049,250.0,250.0,60.668,14.416,8.901,38.599,29.468,18.275,11.193,18.054,6.771,0.645,6.126,6.126,0.000,0.000,0.000,10.0,0.000,
12.11.2025,10:32:54.851,16.313,23.462,15.586,3.031,250.0,250.0,54.358,14.504,8.852,38.644,29.458,18.268,11.190,18.047,7.091,0.691,6.400,6.400,0.000,0.000,0.000,10.0,0.000,
12.11.2025,10:32:55.851,10.875,27.140,19.557,3.114,250.0,250.0,59.812,17.386,8.968,48.546,35.670,22.123,13.547,21.853,7.944,0.679,7.265,7.265,0.000,0.000,0.000,10.0,0.000,
12.11.2025,10:32:56.855,24.469,25.274,17.351,3.046,250.0,250.0,65.013,17.432,9.090,48.635,35.814,22.203,13.611,21.933,7.902,0.677,7.225,7.225,0.000,0.000,0.125,10.0,0.375,
12.11.2025,10:32:57.856,16.313,26.859,19.279,3.127,250.0,250.0,65.492,81.662,8.959,110.201,73.337,45.474,27.863,44.927,250.337,59.242,191.095,5.185,0.000,0.000,0.500,10.0,0.000,
12.11.2025,10:32:58.854,16.313,22.444,14.990,3.048,250.0,250.0,55.952,12.428,8.865,32.296,25.528,15.824,9.704,15.640,5.699,0.672,5.027,5.027,0.000,0.000,0.000,10.0,0.500,
12.11.2025,10:32:59.866,32.625,24.345,16.842,3.067,250.0,250.0,48.729,12.263,8.900,31.743,25.214,15.631,9.583,15.447,5.561,0.567,4.994,4.994,0.000,0.000,0.000,10.0,0.000,
12.11.2025,10:33:0.863,2.719,18.363,10.989,2.926,250.0,250.0,39.525,9.560,4.618,25.721,18.823,11.677,7.146,11.530,5.555,0.578,4.977,4.977,0.000,0.000,0.000,10.0,0.000,
12.11.2025,10:33:1.855,2.719,10.840,3.299,2.802,250.0,250.0,20.073,5.299,3.566,10.550,8.761,5.431,3.330,5.369,5.517,0.566,4.951,4.951,0.002,0.000,0.000,10.0,0.000,
12.11.2025,10:33:2.860,2.719,11.731,2.427,2.768,250.0,250.0,14.920,5.100,3.198,10.173,8.293,5.148,3.145,5.086,5.509,0.566,4.943,4.943,0.000,0.000,0.000,10.0,0.000,
12.11.2025,10:33:3.859,2.719,12.097,3.011,2.768,250.0,250.0,13.281,5.618,3.199,12.165,9.539,5.913,3.626,5.839,5.489,0.563,4.926,4.926,0.000,0.000,0.000,10.0,0.000,
12.11.2025,10:33:4.858,1.359,12.272,3.336,2.780,250.0,250.0,13.747,4.985,3.015,9.933,8.039,4.978,3.061,4.917,5.489,0.563,4.926,4.926,0.000,0.000,0.000,10.0,0.000,
12.11.2025,10:33:5.855,2.719,13.795,4.825,2.811,250.0,250.0,13.079,4.896,3.003,9.617,7.829,4.855,2.974,4.793,5.481,0.563,4.918,4.926,0.001,0.000,0.000,10.0,0.000,
12.11.2025,10:33:6.858,1.359,12.672,3.655,2.824,250.0,250.0,13.307,5.089,3.162,10.200,8.300,5.140,3.160,5.078,5.472,0.563,4.909,4.909,0.000,0.000,0.000,10.0,0.000,
12.11.2025,10:33:7.855,6.797,12.083,3.116,2.775,250.0,250.0,13.328,5.150,3.138,10.463,8.435,5.238,3.197,5.177,5.472,0.563,4.909,4.909,0.000,0.000,0.000,10.0,0.000,
12.11.2025,10:33:8.851,2.719,11.340,2.448,2.765,250.0,250.0,13.250,4.911,3.175,9.526,7.877,4.891,2.986,4.830,5.459,0.559,4.900,4.909,0.000,0.000,0.000,10.0,0.000,
12.11.2025,10:33:9.852,2.719,12.616,3.705,2.772,250.0,250.0,12.550,4.806,3.125,9.182,7.630,4.730,2.900,4.681,5.459,0.559,4.900,4.892,0.001,0.000,0.000,10.0,0.000,
12.11.2025,10:33:10.867,10.875,11.606,2.707,2.756,250.0,250.0,12.545,4.782,3.027,9.180,7.575,4.697,2.878,4.648,5.459,0.559,4.900,4.892,0.000,0.000,0.000,10.0,0.000,
12.11.2025,10:33:11.860,1.359,11.831,2.863,2.754,250.0,250.0,12.955,5.074,3.027,10.317,8.277,5.141,3.136,5.079,5.442,0.559,4.883,4.883,0.001,0.000,0.000,10.0,0.000,
12.11.2025,10:33:12.861,1.359,11.273,2.405,2.741,250.0,250.0,12.716,4.975,2.881,10.076,8.050,4.985,3.065,4.923,5.442,0.559,4.883,4.883,0.000,0.000,0.000,10.0,0.000,
12.11.2025,10:33:13.858,10.875,12.130,3.209,2.754,250.0,250.0,13.216,5.163,3.003,10.672,8.494,5.269,3.225,5.195,5.442,0.559,4.883,4.883,0.001,0.000,0.000,10.0,0.000,
12.11.2025,10:33:14.853,4.078,11.789,2.885,2.760,250.0,250.0,13.319,4.967,3.003,9.938,8.035,4.983,3.052,4.922,5.433,0.559,4.874,4.874,0.000,0.000,0.000,10.0,0.000,
12.11.2025,10:33:15.857,19.032,13.684,4.768,2.783,250.0,250.0,60.329,143.983,9.473,391.715,247.703,153.599,94.104,151.742,187.833,43.155,144.679,15.824,0.001,0.000,0.500,10.0,0.000,
12.11.2025,10:33:16.857,16.313,24.985,16.213,3.073,250.0,250.0,260.281,81.521,9.149,186.578,120.752,74.867,45.885,73.966,145.556,35.082,110.474,12.903,0.000,0.000,0.000,10.0,0.875,
12.11.2025,10:33:17.859,39.422,28.487,20.885,3.155,250.0,250.0,115.986,29.164,9.028,86.584,59.292,36.772,22.520,36.331,14.086,1.148,12.938,12.938,0.000,0.000,0.000,10.0,0.000,
12.11.2025,10:33:18.864,17.672,22.426,14.933,3.037,250.0,250.0,84.925,13.748,8.852,36.401,28.074,17.399,10.675,17.190,6.519,0.671,5.848,5.848,0.000,0.000,0.000,10.0,0.000,
12.11.2025,10:33:19.850,17.672,25.440,17.959,3.041,250.0,250.0,56.593,13.122,8.856,34.702,27.017,16.755,10.262,16.559,5.907,0.656,5.251,5.251,0.000,0.000,0.000,10.0,0.000,
12.11.2025,10:33:20.851,17.672,22.837,15.342,3.006,250.0,250.0,55.263,12.835,8.869,33.746,26.437,16.385,10.052,16.189,5.780,0.667,5.113,5.113,0.003,0.000,0.000,10.0,0.375,
12.11.2025,10:33:21.864,16.313,24.380,16.966,3.014,250.0,250.0,63.494,12.414,8.882,32.260,25.521,15.823,9.698,15.639,5.662,0.668,4.994,4.994,0.000,0.000,0.000,10.0,0.000,
12.11.2025,10:33:22.861,14.953,24.446,16.966,3.006,250.0,250.0,52.114,12.292,8.941,31.778,25.257,15.660,9.597,15.475,5.623,0.654,4.969,4.969,0.000,0.000,0.000,10.0,0.000,
12.11.2025,10:33:23.856,13.594,23.726,16.242,3.029,250.0,250.0,50.700,85.872,4.395,190.773,120.838,74.929,45.909,74.024,122.630,27.805,94.825,102.591,0.000,0.000,0.000,10.0,0.000,
12.11.2025,10:33:24.864,24.469,25.723,17.003,3.004,250.0,250.0,94.664,29.538,9.202,87.263,59.833,37.099,22.734,36.645,14.860,1.215,13.645,12.879,0.000,0.000,0.000,10.0,0.000,
12.11.2025,10:33:25.863,17.672,27.323,19.798,3.079,250.0,250.0,116.272,15.818,8.849,38.492,29.366,18.203,11.163,17.982,13.967,1.123,12.844,6.189,0.000,0.000,0.000,10.0,0.375,
12.11.2025,10:33:26.857,21.750,25.285,17.794,3.031,250.0,250.0,66.609,13.448,8.815,35.598,27.551,17.083,10.468,16.886,6.317,0.671,5.646,5.447,0.000,0.000,0.000,10.0,0.000,
12.11.2025,10:33:27.850,20.391,24.697,16.983,3.077,250.0,250.0,87.873,87.583,9.174,186.945,121.010,75.034,45.976,74.121,174.548,40.069,134.479,14.470,0.002,0.000,0.500,10.0,0.000,
12.11.2025,10:33:28.865,20.391,24.189,16.454,3.030,250.0,250.0,105.909,29.035,9.013,85.845,58.837,36.477,22.360,36.036,14.440,1.184,13.256,12.903,0.000,0.000,0.000,10.0,0.375,
12.11.2025,10:33:29.851,17.672,23.862,16.322,3.049,250.0,250.0,83.413,13.826,8.866,36.800,28.319,17.558,10.761,17.349,6.470,0.674,5.796,5.664,0.000,0.000,0.000,10.0,0.000,
12.11.2025,10:33:30.862,19.032,24.510,17.065,3.007,250.0,250.0,55.817,31.878,8.900,53.803,38.713,24.009,14.704,23.716,32.379,9.292,23.087,90.179,0.000,0.000,2.500,10.0,0.000,
12.11.2025,10:33:31.850,16.313,25.558,18.070,3.036,250.0,250.0,53.596,12.724,8.860,32.868,25.874,16.042,9.832,15.858,6.436,0.738,5.698,5.036,0.000,0.000,0.000,10.0,0.375,
12.11.2025,10:33:32.860,16.313,23.628,16.168,3.013,250.0,250.0,65.217,12.417,8.873,32.266,25.519,15.822,9.697,15.625,5.685,0.658,5.027,5.002,0.000,0.000,0.000,10.0,0.000,
12.11.2025,10:33:33.863,16.313,24.544,16.825,3.069,250.0,250.0,63.240,17.583,8.974,49.280,36.133,22.406,13.727,22.136,7.920,0.577,7.343,7.334,0.002,0.000,0.000,10.0,0.000,
12.11.2025,10:33:34.853,17.672,26.085,17.950,3.001,250.0,250.0,68.964,18.000,8.890,50.869,37.069,22.985,14.084,22.703,8.029,0.666,7.363,7.343,0.000,0.000,0.000,10.0,0.000,
12.11.2025,10:33:35.853,19.032,26.479,18.962,3.086,250.0,250.0,64.066,13.786,8.823,36.789,28.290,17.546,10.744,17.338,6.344,0.704,5.640,5.640,0.000,0.000,0.500,10.0,0.000,
12.11.2025,10:33:36.850,17.672,23.013,15.497,3.045,250.0,250.0,54.781,12.763,8.881,33.364,26.207,16.252,9.955,16.056,5.857,0.654,5.203,5.203,0.000,0.000,0.000,10.0,0.000,
12.11.2025,10:33:37.863,17.672,25.676,18.195,3.061,250.0,250.0,68.226,14.382,8.826,38.481,29.353,18.198,11.155,17.977,6.832,0.670,6.162,6.162,0.000,0.000,0.000,10.0,0.000,
12.11.2025,10:33:38.862,14.953,25.727,17.321,3.051,250.0,250.0,68.065,14.336,8.838,38.325,29.248,18.133,11.115,17.924,6.815,0.671,6.144,6.144,0.000,0.000,1.125,10.0,0.000,
12.11.2025,10:33:39.858,19.032,25.565,18.069,3.057,250.0,250.0,54.680,61.895,4.378,159.479,101.599,63.009,38.590,62.249,91.400,17.669,73.731,6.849,0.000,0.000,0.000,10.0,0.000,
12.11.2025,10:33:40.855,23.110,25.850,16.748,3.036,250.0,250.0,81.977,29.447,8.991,87.159,59.639,36.983,22.656,36.529,14.567,1.192,13.374,13.374,0.002,0.000,0.000,10.0,0.000,
12.11.2025,10:33:41.853,17.672,30.260,22.189,3.446,250.0,250.0,104.727,17.494,8.842,42.219,31.669,19.632,12.037,19.399,14.091,1.130,12.961,12.961,0.000,0.000,0.000,10.0,0.375,
12.11.2025,10:33:42.852,13.594,24.289,16.715,3.087,250.0,250.0,83.385,13.374,8.813,35.213,27.308,16.929,10.379,16.733,6.343,0.661,5.682,5.682,0.000,0.000,0.000,10.0,0.375,
12.11.2025,10:33:43.855,27.188,24.743,17.279,3.033,250.0,250.0,76.848,29.173,9.005,86.666,59.342,36.793,22.549,36.351,14.060,1.158,12.903,12.903,0.002,0.000,0.000,10.0,0.000,
12.11.2025,10:33:44.854,16.313,25.582,17.682,3.043,250.0,250.0,105.852,29.355,9.008,87.031,59.560,36.935,22.625,36.494,14.363,1.190,13.173,13.173,0.000,0.000,0.500,10.0,0.000,
12.11.2025,10:33:45.852,17.672,24.913,17.374,3.042,250.0,250.0,92.524,13.768,8.913,36.500,28.169,17.458,10.711,17.250,6.491,0.668,5.823,5.700,0.000,0.000,0.000,10.0,0.375,
12.11.2025,10:33:46.851,14.953,23.547,16.037,3.053,250.0,250.0,60.308,74.340,8.965,91.771,62.045,38.474,23.571,38.011,83.271,27.485,55.786,314.019,0.000,0.000,0.500,10.0,0.000,
12.11.2025,10:33:47.853,20.391,25.589,18.023,3.111,250.0,250.0,63.778,12.580,8.870,32.629,25.745,15.960,9.785,15.776,5.989,0.698,5.291,5.062,0.000,0.000,0.000,10.0,0.375,
12.11.2025,10:33:48.864,17.672,23.906,16.455,3.048,250.0,250.0,52.936,12.391,8.844,32.143,25.426,15.768,9.658,15.572,5.731,0.669,5.062,5.036,0.000,0.000,0.000,10.0,0.000,
12.11.2025,10:33:49.858,14.953,25.403,17.855,3.067,250.0,250.0,52.936,12.391,8.844,32.143,25.426,15.768,9.658,15.572,5.731,0.669,5.062,5.036,0.000,0.000,0.000,10.0,0.000,
12.11.2025,10:33:50.850,20.391,22.911,14.378,3.070,250.0,250.0,47.122,6.920,3.505,16.659,12.502,7.750,4.752,7.664,5.683,0.664,5.019,5.002,0.002,0.000,0.000,10.0,0.000,
12.11.2025,10:33:51.864,17.672,26.709,19.008,3.016,250.0,250.0,117.554,55.667,9.178,188.009,121.673,75.450,46.223,74.536,14.106,1.180,12.926,13.385,0.000,0.000,0.000,10.0,0.000,
12.11.2025,10:33:52.861,16.313,23.570,16.124,3.018,250.0,250.0,114.693,29.291,9.092,86.747,59.442,36.855,22.587,36.414,14.364,1.191,13.173,13.044,0.000,0.000,0.000,10.0,1.000,
12.11.2025,10:33:53.857,20.391,24.873,17.410,3.017,250.0,250.0,58.576,13.819,8.854,36.773,28.303,17.551,10.752,17.343,6.450,0.627,5.823,5.709,0.000,0.000,0.000,10.0,0.000,
12.11.2025,10:33:54.859,16.313,27.066,18.886,3.066,250.0,250.0,55.821,40.245,3.697,61.418,40.353,25.026,15.327,24.720,85.505,16.769,68.736,60.897,0.003,0.000,0.000,10.0,0.000,
12.11.2025,10:33:55.864,16.313,25.640,17.861,3.078,250.0,250.0,113.778,29.602,9.013,88.138,60.261,37.361,22.900,36.908,14.130,1.169,12.961,13.173,0.000,0.000,1.125,10.0,0.000,
12.11.2025,10:33:56.860,17.672,25.748,18.251,3.050,250.0,250.0,105.589,17.804,8.935,43.220,32.348,20.056,12.292,19.811,14.180,1.160,13.020,13.020,0.000,0.000,0.000,10.0,0.000,
12.11.2025,10:33:57.861,21.750,24.931,17.357,3.123,250.0,250.0,58.446,13.856,8.900,36.906,28.419,17.621,10.798,17.400,6.397,0.671,5.726,5.726,0.000,0.000,0.000,10.0,0.000,
12.11.2025,10:33:58.865,14.953,23.770,16.284,3.063,250.0,250.0,67.542,13.692,8.890,36.524,28.171,17.460,10.711,17.251,6.207,0.704,5.503,5.503,0.000,0.000,0.000,10.0,0.000,
12.11.2025,10:33:59.866,21.750,24.738,16.774,3.045,250.0,250.0,70.496,26.698,9.069,79.155,54.718,33.928,20.790,33.523,12.321,1.164,11.157,11.157,0.000,0.000,0.000,10.0,0.000,
12.11.2025,10:34:0.866,19.032,24.981,17.481,3.061,250.0,250.0,97.217,26.604,9.134,78.789,54.535,33.810,20.725,33.406,12.250,1.115,11.135,11.135,0.000,0.000,0.000,10.0,0.375,
12.11.2025,10:34:1.866,16.313,25.915,18.387,3.082,250.0,250.0,82.409,77.593,9.070,153.584,100.250,62.163,38.087,61.409,172.654,40.330,132.324,6.055,0.000,0.000,0.000,10.0,0.000,
12.11.2025,10:34:2.865,16.313,24.448,16.957,3.051,250.0,250.0,69.053,13.850,8.894,37.127,28.540,17.701,10.839,17.493,6.197,0.687,5.510,5.510,0.000,0.000,0.000,10.0,0.500,
12.11.2025,10:34:3.875,23.110,23.945,16.432,3.041,250.0,250.0,54.440,12.839,8.833,33.852,26.473,16.421,10.052,16.225,5.720,0.625,5.095,5.095,0.000,0.000,0.000,10.0,0.000,
12.11.2025,10:34:4.884,16.313,26.626,19.125,3.077,250.0,250.0,52.634,104.495,8.984,117.123,77.691,48.175,29.516,47.591,294.129,71.702,222.427,127.610,0.000,0.000,0.500,10.0,0.000,
12.11.2025,10:34:5.900,19.032,25.166,16.811,3.024,250.0,250.0,64.964,43.512,8.671,150.734,98.568,61.118,37.450,60.385,6.366,0.903,5.463,5.461,0.000,0.000,0.000,10.0,0.000,
12.11.2025,10:34:6.900,16.313,25.787,18.269,3.048,250.0,250.0,117.250,29.488,9.093,87.425,59.866,37.117,22.749,36.675,14.419,1.302,13.117,13.115,0.000,0.000,0.000,10.0,0.000,
12.11.2025,10:34:7.902,27.188,26.565,19.081,3.076,250.0,250.0,96.832,14.662,8.878,39.366,29.915,18.553,11.362,18.332,7.070,0.750,6.320,6.072,0.000,0.000,0.000,10.0,0.500,
12.11.2025,10:34:8.914,16.313,25.842,18.240,3.088,250.0,250.0,64.659,21.373,9.120,62.312,44.303,27.478,16.825,27.146,9.109,0.903,8.206,8.326,0.000,0.000,0.000,10.0,0.000,
12.11.2025,10:34:9.916,19.032,25.454,17.954,3.044,250.0,250.0,90.393,21.233,9.168,61.692,43.947,27.249,16.698,26.918,9.206,0.900,8.306,8.246,0.000,0.000,0.000,10.0,0.000,
12.11.2025,10:34:10.922,21.750,24.246,16.778,3.036,250.0,250.0,80.466,21.303,9.180,62.002,44.149,27.375,16.774,27.044,9.133,0.896,8.237,8.237,0.000,0.000,0.500,10.0,0.000,
12.11.2025,10:34:11.921,17.672,25.866,18.365,3.051,250.0,250.0,73.071,14.308,8.894,38.495,29.388,18.230,11.158,18.009,6.529,0.662,5.867,5.850,0.000,0.000,0.000,10.0,0.000,
12.11.2025,10:34:12.916,19.032,23.643,16.147,3.033,250.0,250.0,68.893,13.560,8.830,36.146,27.889,17.300,10.589,17.092,6.186,0.676,5.510,5.381,0.000,0.000,0.000,10.0,0.000,
12.11.2025,10:34:13.926,16.313,24.917,16.616,3.020,250.0,250.0,70.863,29.406,9.108,87.257,59.758,37.057,22.701,36.615,14.256,1.177,13.079,13.056,0.000,0.000,0.000,10.0,0.000,
12.11.2025,10:34:14.913,28.547,25.386,17.857,3.105,250.0,250.0,106.712,29.562,9.084,87.800,60.080,37.256,22.824,36.814,14.314,1.176,13.138,13.138,0.000,0.000,0.000,20.0,0.000,
12.11.2025,10:34:15.939,23.110,24.667,17.100,3.073,250.0,250.0,87.742,14.496,8.914,38.921,29.671,18.394,11.277,18.173,6.775,0.675,6.100,6.064,0.000,0.000,0.000,20.0,0.000,
12.11.2025,10:34:16.941,25.829,25.056,17.590,3.036,250.0,250.0,67.026,13.593,8.883,36.123,27.914,17.308,10.606,17.100,6.241,0.687,5.554,5.510,0.000,0.000,0.000,20.0,0.000,
12.11.2025,10:34:17.945,20.391,26.461,18.757,3.091,250.0,250.0,53.728,12.790,8.922,33.512,26.322,16.316,10.006,16.120,5.797,0.676,5.121,5.113,0.002,0.000,0.000,20.0,0.000,
12.11.2025,10:34:18.946,19.032,26.445,18.300,3.022,250.0,250.0,80.001,29.232,9.132,86.506,59.326,36.781,22.545,36.339,14.289,1.174,13.115,13.115,0.000,0.001,0.000,20.0,0.000,
12.11.2025,10:34:19.957,14.953,26.157,18.637,3.043,250.0,250.0,105.336,29.843,9.077,88.746,60.676,37.625,23.051,37.171,14.356,1.183,13.173,13.374,0.000,0.000,1.125,20.0,0.000,
12.11.2025,10:34:20.956,25.829,24.328,16.861,3.014,250.0,250.0,87.970,14.346,8.866,38.543,29.402,18.235,11.167,18.015,6.654,0.689,5.965,5.921,0.000,0.000,0.000,20.0,0.000,
12.11.2025,10:34:21.947,25.829,31.926,24.251,3.229,250.0,250.0,55.273,13.489,8.843,35.853,27.718,17.190,10.528,16.982,6.185,0.769,5.416,5.408,0.000,0.000,0.000,20.0,0.375,
12.11.2025,10:34:22.964,19.032,32.770,24.240,3.273,250.0,250.0,50.366,9.207,3.921,24.781,17.805,11.039,6.766,10.904,5.873,0.752,5.121,5.113,0.002,0.000,0.000,20.0,0.000,
12.11.2025,10:34:23.959,20.391,34.076,26.167,3.245,250.0,250.0,85.213,101.205,9.320,154.841,101.246,62.775,38.471,62.019,284.473,68.424,216.049,14.434,0.000,0.000,0.000,20.0,0.000,
12.11.2025,10:34:24.962,20.391,37.619,29.736,3.364,250.0,250.0,111.082,17.549,8.929,41.913,31.526,19.549,11.977,19.316,14.506,1.238,13.268,13.268,0.000,0.000,0.000,20.0,0.000,
12.11.2025,10:34:25.963,27.188,34.808,26.920,3.330,250.0,250.0,73.796,13.324,8.893,35.046,27.254,16.897,10.357,16.688,6.289,0.761,5.528,5.528,0.000,0.000,0.000,20.0,0.000,
12.11.2025,10:34:26.961,29.907,35.425,27.636,3.324,250.0,250.0,51.573,12.965,8.868,34.136,26.686,16.547,10.139,16.338,5.899,0.761,5.138,5.138,0.000,0.000,0.000,20.0,0.500,
12.11.2025,10:34:27.986,27.188,33.976,25.012,3.285,250.0,250.0,47.329,75.110,4.389,169.737,107.788,66.846,40.942,66.038,145.012,22.487,122.525,5.333,0.003,0.000,0.000,20.0,0.000,
12.11.2025,10:34:28.985,21.750,36.811,28.829,3.330,250.0,250.0,66.886,19.572,9.024,56.002,40.329,25.008,15.321,24.713,8.714,0.819,7.895,7.895,0.000,0.000,0.000,20.0,0.000,
12.11.2025,10:34:29.976,28.547,35.786,27.935,3.330,250.0,250.0,79.200,14.845,8.952,38.163,29.224,18.129,11.095,17.908,8.595,0.808,7.787,7.787,0.000,0.000,1.750,20.0,0.000,
12.11.2025,10:34:30.978,20.391,35.883,28.052,3.331,250.0,250.0,63.710,13.162,8.941,34.618,27.015,16.754,10.261,16.558,6.078,0.764,5.314,5.314,0.000,0.000,0.000,20.0,0.500,
12.11.2025,10:34:31.976,21.750,34.342,26.156,3.273,250.0,250.0,78.313,29.762,9.303,88.232,60.497,37.513,22.984,37.059,14.440,1.290,13.150,13.150,0.000,0.000,0.000,20.0,0.000,
12.11.2025,10:34:32.983,25.829,35.657,27.774,3.345,250.0,250.0,104.206,47.067,9.341,154.724,101.165,62.730,38.435,61.975,14.533,1.300,13.233,13.233,0.000,0.000,0.000,20.0,0.000,
12.11.2025,10:34:33.977,24.469,34.304,26.475,3.324,250.0,250.0,74.145,13.714,8.929,36.337,28.079,17.402,10.677,17.194,6.433,0.775,5.658,5.658,0.000,0.000,0.000,20.0,0.000,
12.11.2025,10:34:34.989,21.750,38.117,30.192,3.389,250.0,250.0,59.614,12.827,8.866,33.404,26.221,16.258,9.963,16.062,6.083,0.752,5.331,5.331,0.000,0.000,0.000,20.0,1.000,
12.11.2025,10:34:35.981,28.547,36.684,28.835,3.344,250.0,250.0,50.087,12.523,8.878,32.431,25.633,15.890,9.743,15.694,5.909,0.771,5.138,5.138,0.000,0.000,0.000,20.0,0.375,
12.11.2025,10:34:36.989,32.625,36.557,28.666,3.364,250.0,250.0,48.290,12.646,8.871,32.347,25.566,15.857,9.709,15.661,6.415,0.801,5.614,5.614,0.000,0.000,0.000,20.0,0.000,
12.11.2025,10:34:37.978,20.391,35.495,25.869,3.345,250.0,250.0,40.515,32.820,8.551,109.879,73.285,45.442,27.843,44.892,6.382,0.836,5.546,5.546,0.000,0.000,0.000,20.0,0.000,
12.11.2025,10:34:38.977,27.188,35.404,27.585,3.335,250.0,250.0,109.327,29.488,9.106,87.241,59.750,37.052,22.698,36.611,14.576,1.308,13.268,13.268,0.000,0.000,1.125,20.0,0.000,
12.11.2025,10:34:39.976,24.469,36.887,28.978,3.340,250.0,250.0,109.096,14.040,8.930,37.143,28.579,17.715,10.864,17.506,6.859,0.786,6.073,5.947,0.000,0.000,0.625,20.0,0.000,
12.11.2025,10:34:40.985,24.469,33.551,25.793,3.308,250.0,250.0,57.604,33.131,9.088,110.977,73.928,45.843,28.085,45.282,6.228,0.786,5.442,5.650,0.000,0.000,1.500,20.0,0.375,
12.11.2025,10:34:41.989,32.625,38.154,30.103,3.467,250.0,250.0,51.176,12.809,8.967,33.297,26.224,16.255,9.969,16.058,6.074,0.783,5.291,5.172,0.000,0.000,0.500,20.0,0.000,
12.11.2025,10:34:42.989,28.547,39.217,31.056,3.621,250.0,250.0,55.818,12.467,8.890,32.201,25.484,15.804,9.680,15.620,5.927,0.764,5.163,5.138,0.000,0.000,0.000,20.0,0.500,
12.11.2025,10:34:43.981,43.501,34.783,25.959,3.333,250.0,250.0,48.624,7.248,3.444,17.779,13.170,8.157,5.013,8.059,5.872,0.742,5.130,5.113,0.003,0.000,0.000,20.0,0.000,
12.11.2025,10:34:44.979,33.985,35.512,26.907,3.332,250.0,250.0,58.636,29.756,9.045,88.413,60.444,37.479,22.965,37.025,14.495,1.297,13.198,13.198,0.000,0.000,0.375,20.0,1.375,
12.11.2025,10:34:45.993,32.625,37.181,29.363,3.332,250.0,250.0,103.598,47.278,9.176,155.529,101.587,62.997,38.590,62.230,14.541,1.243,13.298,13.586,0.000,0.000,0.000,20.0,0.500,
12.11.2025,10:34:47.005,20.391,33.974,26.021,3.396,250.0,250.0,180.270,165.107,9.545,398.939,252.211,156.394,95.817,154.512,188.398,49.930,138.468,206.852,0.000,0.000,0.000,20.0,0.000,
12.11.2025,10:34:47.996,19.032,26.556,18.929,3.170,250.0,250.0,335.137,29.967,9.144,88.610,60.628,37.597,23.031,37.143,14.949,1.234,13.715,13.622,0.000,0.000,0.000,20.0,0.000,
12.11.2025,10:34:49.011,16.313,25.688,18.115,3.088,250.0,250.0,107.799,51.414,9.178,139.386,91.674,56.845,34.829,56.163,55.608,14.503,41.106,14.851,0.000,0.000,0.000,20.0,0.000,
12.11.2025,10:34:50.019,20.391,24.717,17.243,3.072,250.0,250.0,87.765,14.059,8.876,37.016,28.474,17.649,10.825,17.440,7.173,0.738,6.435,5.965,0.000,0.000,0.000,20.0,0.000,
12.11.2025,10:34:51.007,16.313,23.317,15.859,2.998,250.0,250.0,56.610,13.136,8.855,34.381,26.822,16.633,10.189,16.437,6.305,0.716,5.589,5.434,0.000,0.000,0.000,20.0,0.000,
12.11.2025,10:34:52.017,24.469,25.627,18.144,3.042,250.0,250.0,65.824,12.541,8.868,32.466,25.637,15.892,9.745,15.708,5.936,0.688,5.248,5.222,0.000,0.000,0.000,20.0,1.250,
12.11.2025,10:34:53.019,20.391,23.470,15.980,3.068,250.0,250.0,54.484,18.669,8.893,55.373,39.800,24.682,15.118,24.376,6.398,0.750,5.648,5.648,0.000,0.000,0.000,20.0,0.000,
12.11.2025,10:34:54.007,21.750,24.522,16.974,3.080,250.0,250.0,51.992,12.575,8.934,32.532,25.724,15.950,9.774,15.753,5.925,0.694,5.231,5.231,0.000,0.000,0.000,20.0,0.000,
12.11.2025,10:34:55.006,23.110,26.730,18.683,3.142,250.0,250.0,65.889,29.520,9.132,87.263,59.779,37.067,22.712,36.625,14.608,1.198,13.410,13.410,0.000,0.000,0.000,20.0,0.000,
12.11.2025,10:34:56.011,23.110,26.682,19.142,3.115,250.0,250.0,118.172,29.635,9.203,87.611,60.046,37.237,22.809,36.783,14.618,1.197,13.421,13.421,0.000,0.000,1.125,20.0,0.000,
12.11.2025,10:34:57.012,13.594,27.389,19.755,3.154,250.0,250.0,97.400,14.127,8.836,37.364,28.658,17.764,10.894,17.556,6.967,0.706,6.261,6.261,0.000,0.000,0.000,20.0,0.000,
12.11.2025,10:34:58.006,13.594,25.239,17.745,3.095,250.0,250.0,56.679,13.319,8.828,35.011,27.192,16.860,10.332,16.664,6.331,0.691,5.640,5.640,0.000,0.000,0.000,20.0,0.000,
12.11.2025,10:34:59.011,17.672,25.413,17.840,3.116,250.0,250.0,54.525,12.644,8.855,32.892,25.895,16.065,9.830,15.868,5.908,0.686,5.222,5.222,0.000,0.000,0.000,20.0,0.000,
12.11.2025,10:35:0.010,17.672,25.187,17.595,3.156,250.0,250.0,62.356,12.728,8.880,33.030,25.994,16.127,9.867,15.931,6.052,0.702,5.350,5.350,0.000,0.000,0.500,20.0,0.000,
12.11.2025,10:35:1.007,19.032,25.081,16.631,3.105,250.0,250.0,60.686,16.626,9.081,45.475,33.833,20.980,12.853,20.735,8.001,0.705,7.296,7.296,0.000,0.000,0.000,20.0,0.375,
12.11.2025,10:35:2.008,19.032,24.531,16.967,3.096,250.0,250.0,64.596,16.420,9.079,44.779,33.405,20.716,12.689,20.458,7.928,0.707,7.221,7.221,0.000,0.000,0.500,20.0,0.375,
12.11.2025,10:35:3.016,14.953,25.880,18.284,3.113,250.0,250.0,72.672,73.494,9.014,152.108,99.333,61.598,37.735,60.855,154.293,36.871,117.422,5.710,0.000,0.000,0.000,20.0,0.000,
12.11.2025,10:35:4.019,17.672,23.807,16.283,3.099,250.0,250.0,63.991,12.681,8.863,32.947,25.939,16.086,9.853,15.889,5.981,0.707,5.274,5.274,0.000,0.000,1.250,20.0,0.500,
12.11.2025,10:35:5.020,25.829,27.859,20.227,3.168,250.0,250.0,52.797,12.575,8.904,32.573,25.736,15.955,9.781,15.759,5.910,0.688,5.222,5.222,0.000,0.000,0.000,20.0,0.375,
12.11.2025,10:35:6.017,27.188,25.850,17.925,3.078,250.0,250.0,69.881,56.033,9.104,163.587,106.397,65.978,40.419,65.175,50.611,13.478,37.133,8.450,0.000,0.000,0.000,20.0,0.750,
12.11.2025,10:35:7.015,27.188,25.850,17.925,3.078,250.0,250.0,82.681,18.191,8.995,50.896,37.147,23.034,14.113,22.752,8.628,0.721,7.907,7.713,0.000,0.000,0.000,20.0,0.000,
12.11.2025,10:35:8.015,29.907,25.736,18.059,3.188,250.0,250.0,58.940,13.476,8.878,35.572,27.577,17.096,10.481,16.888,6.325,0.685,5.640,5.615,0.000,0.000,0.000,20.0,0.000,
12.11.2025,10:35:9.017,21.750,25.509,17.967,3.100,250.0,250.0,53.975,43.335,9.049,150.308,98.204,60.892,37.312,60.161,5.934,0.703,5.231,5.554,0.000,0.000,0.000,20.0,0.000,
12.11.2025,10:35:10.009,21.750,26.567,19.027,3.106,250.0,250.0,63.098,12.643,8.953,32.700,25.829,16.013,9.816,15.829,6.027,0.694,5.333,5.231,0.000,0.000,0.000,20.0,0.000,
12.11.2025,10:35:11.015,17.672,24.985,17.451,3.075,250.0,250.0,74.947,29.584,8.995,87.604,59.913,37.153,22.760,36.711,14.646,1.201,13.445,13.410,0.000,0.000,0.000,20.0,0.000,
12.11.2025,10:35:12.014,27.188,26.044,18.036,3.068,250.0,250.0,105.591,29.350,9.030,86.643,59.338,36.790,22.548,36.348,14.667,1.198,13.469,13.469,0.000,0.000,0.000,20.0,0.000,
12.11.2025,10:35:13.010,16.313,23.823,16.325,3.050,250.0,250.0,93.633,14.233,8.873,37.759,28.929,17.936,10.993,17.715,6.965,0.703,6.262,6.198,0.000,0.000,0.000,20.0,0.000,
12.11.2025,10:35:14.009,19.032,24.529,17.048,3.048,250.0,250.0,63.867,13.344,8.891,34.932,27.188,16.865,10.323,16.657,6.468,0.705,5.763,5.649,0.000,0.000,0.000,20.0,0.000,
12.11.2025,10:35:15.007,19.032,22.746,15.297,3.032,250.0,250.0,53.556,12.623,8.890,32.743,25.831,16.014,9.817,15.818,5.936,0.688,5.248,5.240,0.000,0.000,0.000,20.0,0.000,
12.11.2025,10:35:16.018,16.313,25.477,17.868,3.135,250.0,250.0,65.108,12.722,8.864,33.119,26.051,16.148,9.903,15.952,5.937,0.706,5.231,5.308,0.000,0.000,0.000,20.0,0.000,
12.11.2025,10:35:17.015,17.672,25.176,17.613,3.069,250.0,250.0,62.845,12.547,8.904,32.402,25.628,15.895,9.733,15.699,5.979,0.688,5.291,5.248,0.000,0.000,0.000,20.0,0.000,
12.11.2025,10:35:18.009,16.313,25.713,17.995,3.101,250.0,250.0,74.795,29.488,9.174,87.081,59.706,37.023,22.683,36.569,14.610,1.189,13.421,13.421,0.002,0.000,0.000,20.0,0.000,
12.11.2025,10:35:19.008,19.032,26.300,17.728,3.042,250.0,250.0,105.877,29.316,9.150,86.383,59.250,36.740,22.510,36.299,14.675,1.195,13.480,13.480,0.000,0.000,0.000,20.0,0.125,
12.11.2025,10:35:20.007,17.672,25.770,18.267,3.061,250.0,250.0,92.297,14.147,8.886,37.355,28.690,17.793,10.897,17.573,6.992,0.704,6.288,6.288,0.000,0.000,0.000,20.0,0.000,
12.11.2025,10:35:21.011,23.110,24.765,17.283,3.036,250.0,250.0,79.260,29.751,9.004,88.119,60.238,37.350,22.888,36.896,14.744,1.218,13.526,13.526,0.000,0.000,0.000,20.0,0.000,
12.11.2025,10:35:22.017,14.953,24.428,16.513,2.997,250.0,250.0,106.602,29.521,8.989,87.188,59.661,36.994,22.667,36.540,14.793,1.207,13.586,13.586,0.000,0.000,0.000,20.0,1.000,
12.11.2025,10:35:23.012,17.672,26.020,18.560,3.001,250.0,250.0,92.696,44.364,8.969,153.090,99.883,61.935,37.948,61.193,7.159,0.831,6.328,6.298,0.000,0.000,0.000,20.0,0.000,
12.11.2025,10:35:24.019,17.672,24.613,17.166,3.044,250.0,250.0,67.010,13.338,8.869,34.951,27.181,16.853,10.328,16.657,6.410,0.691,5.719,5.719,0.000,0.000,0.625,20.0,0.000,
12.11.2025,10:35:25.019,12.235,25.416,17.908,3.026,250.0,250.0,55.092,12.661,8.898,32.819,25.888,16.048,9.840,15.851,5.990,0.699,5.291,5.291,0.000,0.000,0.000,20.0,0.000,
12.11.2025,10:35:26.009,17.672,26.104,18.494,3.096,250.0,250.0,53.483,12.363,8.902,31.722,25.206,15.634,9.572,15.438,5.951,0.694,5.257,5.257,0.000,0.000,0.000,20.0,0.000,
12.11.2025,10:35:27.018,14.953,24.256,16.766,3.062,250.0,250.0,52.505,12.518,8.856,32.174,25.461,15.784,9.677,15.588,6.117,0.707,5.410,5.410,0.000,0.000,0.000,20.0,0.000,
12.11.2025,10:35:28.015,16.313,28.204,20.644,3.132,250.0,250.0,66.740,26.183,8.635,83.617,57.222,35.474,21.748,35.045,6.944,0.738,6.206,6.206,0.000,0.000,0.500,20.0,1.000,
12.11.2025,10:35:29.012,20.391,27.249,18.034,3.047,250.0,250.0,110.888,29.770,9.001,88.157,60.255,37.370,22.885,36.916,14.778,1.216,13.562,13.562,0.000,0.000,1.125,20.0,0.000,
12.11.2025,10:35:30.018,20.391,24.768,17.299,3.026,250.0,250.0,101.466,14.372,8.837,37.979,29.039,18.010,11.029,17.789,7.244,0.699,6.545,6.545,0.000,0.000,0.000,20.0,0.000,
12.11.2025,10:35:31.019,19.032,23.982,16.519,3.009,250.0,250.0,57.822,14.323,8.848,38.151,29.149,18.071,11.078,17.862,6.938,0.738,6.200,6.200,0.000,0.000,0.625,20.0,0.000,
12.11.2025,10:35:32.015,20.391,25.671,18.187,3.050,250.0,250.0,65.683,12.776,8.884,33.051,26.014,16.129,9.885,15.933,6.185,0.691,5.494,5.494,0.000,0.000,0.000,20.0,0.250,
12.11.2025,10:35:33.014,27.188,22.740,15.290,3.022,250.0,250.0,53.616,12.498,8.858,32.261,25.505,15.818,9.687,15.622,5.975,0.693,5.282,5.274,0.000,0.000,0.000,20.0,0.000,
12.11.2025,10:35:34.018,16.313,24.588,17.069,3.037,250.0,250.0,84.337,64.537,9.209,188.462,121.944,75.619,46.325,74.706,57.349,14.131,43.218,14.410,0.003,0.000,0.000,20.0,0.000,
12.11.2025,10:35:35.012,17.672,26.061,18.123,3.060,250.0,250.0,107.075,29.836,9.035,88.020,60.197,37.323,22.874,36.881,15.186,1.236,13.950,13.657,0.000,0.000,0.000,20.0,0.000,
12.11.2025,10:35:36.016,17.672,26.633,19.040,3.119,250.0,250.0,85.507,13.978,8.863,37.000,28.448,17.640,10.808,17.419,6.808,0.709,6.099,5.983,0.000,0.000,0.000,20.0,0.000,
12.11.2025,10:35:37.012,17.672,24.551,17.061,3.062,250.0,250.0,55.754,13.302,8.867,35.007,27.226,16.878,10.348,16.670,6.278,0.698,5.580,5.468,0.000,0.000,0.375,20.0,0.000,
12.11.2025,10:35:38.019,17.672,25.160,17.605,3.110,250.0,250.0,55.085,12.760,8.866,33.232,26.108,16.195,9.913,15.999,5.983,0.692,5.291,5.324,0.000,0.000,0.000,20.0,0.000,
12.11.2025,10:35:39.007,17.672,25.264,17.744,3.047,250.0,250.0,65.670,12.687,8.901,32.889,25.932,16.077,9.855,15.880,6.021,0.697,5.324,5.291,0.000,0.000,0.000,20.0,0.000,
12.11.2025,10:35:40.021,19.032,25.795,18.176,3.067,250.0,250.0,63.832,30.091,9.239,89.176,61.033,37.846,23.187,37.392,14.749,1.211,13.539,13.539,0.002,0.000,1.125,20.0,0.000,
12.11.2025,10:35:41.006,19.032,25.974,17.297,3.041,250.0,250.0,108.105,29.718,9.164,87.709,60.086,37.256,22.830,36.802,14.856,1.234,13.622,13.622,0.000,0.000,0.000,20.0,0.375,
12.11.2025,10:35:42.007,24.469,25.734,18.217,3.089,250.0,250.0,94.283,17.177,8.940,48.703,35.676,22.126,13.550,21.857,7.311,0.784,6.527,6.297,0.000,0.000,0.000,20.0,0.375,
12.11.2025,10:35:43.014,31.266,32.868,25.045,3.320,250.0,250.0,53.421,23.812,8.965,72.658,50.621,31.393,19.228,31.013,7.065,0.873,6.192,10.117,0.000,0.000,0.000,20.0,0.000,
12.11.2025,10:35:44.011,21.750,39.405,30.792,3.639,250.0,250.0,99.548,24.672,8.981,72.629,50.619,31.387,19.232,31.007,11.387,1.249,10.138,10.095,0.000,0.000,0.000,20.0,0.000,
12.11.2025,10:35:45.020,21.750,36.261,28.316,3.378,250.0,250.0,85.369,14.179,8.901,37.632,28.861,17.891,10.970,17.683,6.925,0.790,6.135,6.001,0.000,0.000,0.375,20.0,0.000,
12.11.2025,10:35:46.020,36.704,34.949,27.052,3.377,250.0,250.0,52.923,33.122,8.981,110.970,73.799,45.763,28.036,45.216,6.391,0.794,5.597,5.675,0.000,0.000,0.875,20.0,0.500,
12.11.2025,10:35:47.006,38.063,35.563,27.631,3.366,250.0,250.0,50.879,12.816,8.901,33.308,26.183,16.232,9.951,16.036,6.111,0.787,5.324,5.324,0.000,0.000,0.125,20.0,0.000,
12.11.2025,10:35:48.021,23.110,35.049,27.185,3.377,250.0,250.0,56.091,10.167,4.603,27.525,19.929,12.357,7.572,12.210,6.086,0.787,5.299,5.299,0.000,0.000,0.000,20.0,0.000,
12.11.2025,10:35:49.021,25.829,33.541,25.515,3.343,250.0,250.0,58.882,30.021,9.140,88.847,60.773,37.685,23.088,37.231,14.923,1.325,13.598,13.598,0.002,0.000,0.000,20.0,0.000,
12.11.2025,10:35:50.018,32.625,33.297,24.437,3.246,250.0,250.0,103.916,58.838,9.179,106.258,71.359,44.250,27.109,43.712,48.347,12.251,36.095,189.821,0.000,0.000,0.000,20.0,0.000,
12.11.2025,10:35:51.010,25.829,33.713,25.876,3.327,250.0,250.0,90.240,13.944,8.875,36.760,28.310,17.557,10.753,17.337,6.884,0.804,6.080,6.080,0.000,0.000,0.000,20.0,0.000,
12.11.2025,10:35:52.014,17.672,38.521,30.656,3.331,250.0,250.0,55.785,30.110,9.135,89.152,60.955,37.799,23.156,37.345,14.955,1.310,13.645,13.645,0.000,0.000,0.000,20.0,0.000,
12.11.2025,10:35:53.017,28.547,34.243,26.014,3.297,250.0,250.0,108.147,30.155,8.977,89.431,61.033,37.851,23.182,37.397,14.999,1.318,13.681,13.681,0.000,0.000,0.375,20.0,0.000,
12.11.2025,10:35:54.018,28.547,33.623,25.806,3.353,250.0,250.0,100.724,14.091,8.880,37.284,28.637,17.759,10.878,17.538,6.898,0.763,6.135,6.135,0.000,0.000,0.000,20.0,0.000,
12.11.2025,10:35:55.010,28.547,34.891,27.013,3.335,250.0,250.0,53.281,13.413,8.881,35.111,27.288,16.925,10.363,16.717,6.539,0.777,5.762,5.762,0.000,0.000,0.000,20.0,0.500,
12.11.2025,10:35:56.012,31.266,33.692,25.774,3.381,250.0,250.0,50.727,12.882,8.860,33.591,26.336,16.327,10.009,16.131,6.120,0.796,5.324,5.324,0.000,0.000,0.625,20.0,0.000,
12.11.2025,10:35:57.008,21.750,34.850,27.001,3.337,250.0,250.0,57.425,12.668,8.866,32.779,25.833,16.015,9.818,15.831,6.108,0.784,5.324,5.324,0.000,0.000,0.000,20.0,0.000,
12.11.2025,10:35:58.011,25.829,33.787,26.007,3.273,250.0,250.0,48.350,9.635,4.125,26.010,18.694,11.592,7.102,11.444,6.044,0.753,5.291,5.291,0.000,0.000,0.000,20.0,0.000,
12.11.2025,10:35:59.011,21.750,33.524,24.423,3.312,250.0,250.0,63.972,29.999,9.000,88.877,60.711,37.641,23.070,37.187,14.940,1.318,13.622,13.622,0.003,0.000,0.000,20.0,0.000,
12.11.2025,10:36:0.013,24.469,32.254,24.113,3.211,250.0,250.0,104.865,30.369,9.099,89.801,61.338,38.034,23.304,37.580,15.292,1.342,13.950,13.950,0.000,0.000,0.000,20.0,0.125,
12.11.2025,10:36:1.008,25.829,35.371,27.509,3.325,250.0,250.0,81.295,13.619,8.870,35.824,27.721,17.197,10.524,16.989,6.614,0.781,5.833,5.833,0.000,0.000,0.000,20.0,0.875,
12.11.2025,10:36:2.009,23.110,34.060,26.231,3.291,250.0,250.0,59.933,13.198,8.988,34.541,26.993,16.736,10.257,16.540,6.302,0.790,5.512,5.324,0.000,0.000,0.500,20.0,0.375,
12.11.2025,10:36:3.012,29.907,32.259,24.437,3.311,250.0,250.0,50.103,12.702,8.959,32.786,25.903,16.062,9.841,15.866,6.116,0.792,5.324,5.367,0.000,0.000,0.000,20.0,0.000,
12.11.2025,10:36:4.015,27.188,33.840,26.021,3.303,250.0,250.0,49.155,12.383,8.908,31.651,25.156,15.601,9.555,15.417,6.115,0.773,5.342,5.308,0.000,0.000,0.000,20.0,0.375,
12.11.2025,10:36:5.019,14.953,38.086,30.244,3.348,250.0,250.0,42.816,25.437,9.041,75.117,52.198,32.366,19.832,31.974,11.725,1.293,10.432,10.389,0.002,0.000,1.125,20.0,1.000,
12.11.2025,10:36:6.016,39.422,31.284,22.344,3.136,250.0,250.0,95.487,25.434,9.027,75.201,52.245,32.389,19.856,31.997,11.582,1.171,10.411,10.465,0.000,0.000,0.500,20.0,0.000,
12.11.2025,10:36:7.020,14.953,32.518,24.803,3.253,250.0,250.0,194.761,201.529,9.415,398.439,251.783,156.123,95.660,154.244,214.280,61.740,152.540,521.070,0.000,0.000,0.000,20.0,0.000,
12.11.2025,10:36:8.021,17.672,32.918,24.956,3.364,250.0,250.0,317.356,30.076,9.073,88.643,60.604,37.574,23.030,37.120,15.335,1.254,14.081,14.046,0.000,0.001,1.125,20.0,0.000,
12.11.2025,10:36:9.020,14.953,25.864,18.408,3.061,250.0,250.0,107.601,30.356,9.110,89.776,61.337,38.033,23.304,37.567,15.148,1.243,13.905,14.140,0.000,0.000,0.000,20.0,0.000,
12.11.2025,10:36:10.019,19.032,25.046,17.541,3.049,250.0,250.0,63.088,14.299,8.986,37.856,29.063,18.017,11.046,17.796,7.001,0.714,6.287,6.224,0.000,0.000,0.000,20.0,0.375,
12.11.2025,10:36:11.013,24.469,25.130,17.632,3.032,250.0,250.0,56.923,13.474,8.923,35.343,27.458,17.029,10.429,16.821,6.523,0.717,5.806,5.693,0.000,0.000,0.000,20.0,0.000,
12.11.2025,10:36:12.021,20.391,25.131,17.644,3.027,250.0,250.0,66.947,24.402,8.972,77.545,53.511,33.176,20.335,32.772,6.104,0.711,5.393,5.502,0.000,0.000,0.000,20.0,0.500,
12.11.2025,10:36:13.013,21.750,25.989,18.527,3.054,250.0,250.0,56.648,12.813,8.914,33.209,26.125,16.197,9.928,16.013,6.174,0.722,5.452,5.393,0.000,0.000,0.000,20.0,0.000,
12.11.2025,10:36:14.016,23.110,24.490,16.981,3.028,250.0,250.0,52.345,12.685,8.827,32.894,25.884,16.045,9.839,15.849,6.070,0.686,5.384,5.375,0.000,0.000,0.000,20.0,0.000,
12.11.2025,10:36:15.013,20.391,27.880,20.305,3.095,250.0,250.0,59.338,50.194,4.172,104.509,67.369,41.782,25.587,41.280,81.903,17.632,64.271,53.432,0.000,0.000,0.000,20.0,0.000,
12.11.2025,10:36:16.014,19.032,24.204,16.304,3.030,250.0,250.0,73.680,14.745,8.850,38.739,29.514,18.302,11.212,18.082,8.046,0.770,7.276,6.655,0.000,0.000,0.000,20.0,0.000,
12.11.2025,10:36:17.012,17.672,26.033,18.431,3.107,250.0,250.0,58.771,13.854,8.884,36.172,27.945,17.334,10.611,17.125,7.347,0.710,6.637,5.780,0.000,0.000,0.000,20.0,0.000,
12.11.2025,10:36:18.015,19.032,24.427,16.943,3.068,250.0,250.0,82.296,29.821,9.076,87.997,60.203,37.326,22.877,36.885,15.021,1.223,13.798,13.798,0.000,0.000,0.000,20.0,0.000,
12.11.2025,10:36:19.011,25.829,26.269,17.852,3.075,250.0,250.0,107.510,56.422,9.259,189.897,122.868,76.193,46.675,75.267,15.102,1.246,13.857,13.857,0.000,0.000,0.000,20.0,0.375,
12.11.2025,10:36:20.015,17.672,24.325,16.836,3.063,250.0,250.0,89.490,14.160,8.848,37.350,28.658,17.764,10.894,17.555,7.085,0.726,6.359,6.359,0.000,0.000,0.375,20.0,0.750,
12.11.2025,10:36:21.013,16.313,24.626,17.162,3.011,250.0,250.0,55.851,13.349,8.849,34.906,27.147,16.830,10.317,16.622,6.514,0.725,5.789,5.789,0.000,0.000,0.125,20.0,0.000,
12.11.2025,10:36:22.014,16.313,26.313,18.854,3.010,250.0,250.0,54.817,91.070,4.747,191.835,121.604,75.402,46.202,74.498,156.955,26.285,130.670,82.505,0.000,0.000,0.000,20.0,0.375,
12.11.2025,10:36:23.018,13.594,25.862,17.979,3.001,250.0,250.0,114.534,29.856,9.083,87.868,60.129,37.282,22.847,36.840,15.250,1.240,14.010,14.010,0.002,0.000,0.000,20.0,0.500,
12.11.2025,10:36:24.017,16.313,24.287,16.852,3.015,250.0,250.0,106.767,17.671,8.899,41.639,31.345,19.432,11.913,19.199,15.164,1.214,13.950,13.950,0.000,0.000,0.000,20.0,0.000,
12.11.2025,10:36:25.012,20.391,27.252,19.698,3.099,250.0,250.0,61.535,13.330,8.905,34.780,27.090,16.801,10.289,16.605,6.513,0.707,5.806,5.806,0.000,0.000,0.000,20.0,0.000,
12.11.2025,10:36:26.016,17.672,24.437,16.966,3.021,250.0,250.0,65.951,12.811,8.934,33.031,26.031,16.143,9.888,15.947,6.287,0.725,5.562,5.562,0.000,0.000,0.000,20.0,0.000,
12.11.2025,10:36:27.019,17.672,25.813,18.264,3.098,250.0,250.0,53.622,12.453,8.922,31.837,25.284,15.679,9.605,15.495,6.139,0.713,5.426,5.426,0.000,0.000,0.000,20.0,0.000,
12.11.2025,10:36:28.010,27.188,25.817,18.320,3.032,250.0,250.0,50.870,12.453,4.566,26.969,19.558,12.135,7.423,11.988,6.115,0.722,5.393,5.393,0.000,0.000,0.000,20.0,0.000,
12.11.2025,10:36:29.018,17.672,24.555,16.534,3.034,250.0,250.0,95.116,29.695,9.038,87.463,59.858,37.117,22.741,36.663,15.107,1.250,13.857,13.857,0.003,0.000,0.000,125.0,0.000,
12.11.2025,10:36:30.014,23.110,25.607,17.845,2.964,250.0,250.0,95.116,29.695,9.038,87.463,59.858,37.117,22.741,36.663,15.107,1.250,13.857,13.857,0.000,0.000,0.000,125.0,0.000,
12.11.2025,10:36:31.014,17.672,25.108,17.680,3.012,250.0,250.0,117.052,29.983,9.061,88.218,60.330,37.407,22.923,36.966,15.482,1.260,14.222,13.963,0.000,0.000,0.000,125.0,0.750,
12.11.2025,10:36:32.016,19.032,24.357,16.911,3.014,250.0,250.0,80.300,14.008,8.929,36.866,28.410,17.615,10.795,17.407,6.972,0.730,6.242,6.116,0.000,0.000,0.000,125.0,0.000,
12.11.2025,10:36:33.018,17.672,24.997,17.485,3.019,250.0,250.0,56.796,60.846,9.154,151.447,98.964,61.363,37.601,60.620,91.601,25.382,66.219,6.105,0.000,0.000,0.000,125.0,0.000,
12.11.2025,10:36:34.011,17.672,23.604,15.792,2.978,250.0,250.0,60.140,15.682,9.155,42.967,32.324,20.044,12.280,19.811,6.467,0.743,5.724,7.299,0.000,0.000,0.000,125.0,0.000,
12.11.2025,10:36:35.018,19.032,26.841,19.311,3.056,250.0,250.0,73.071,15.775,9.187,42.148,31.842,19.748,12.094,19.515,7.997,0.726,7.271,7.224,0.000,0.000,0.000,125.0,0.000,
12.11.2025,10:36:36.006,20.391,25.180,17.745,2.994,250.0,250.0,61.937,13.472,8.940,35.182,27.374,16.974,10.400,16.765,6.637,0.708,5.929,5.815,0.000,0.000,0.000,125.0,0.000,
12.11.2025,10:36:37.015,21.750,27.163,19.639,3.074,250.0,250.0,54.451,13.243,8.957,34.823,27.154,16.839,10.315,16.631,6.111,0.710,5.401,5.486,0.000,0.000,0.000,125.0,0.000,
12.11.2025,10:36:38.017,21.750,25.459,17.963,2.998,250.0,250.0,65.788,12.685,8.889,32.740,25.826,16.011,9.815,15.814,6.174,0.730,5.444,5.410,0.000,0.000,0.000,125.0,0.000,
12.11.2025,10:36:39.016,17.672,24.726,17.074,3.025,250.0,250.0,51.814,12.298,8.912,31.284,24.937,15.456,9.481,15.272,6.120,0.710,5.410,5.401,0.002,0.000,0.000,125.0,0.000,
12.11.2025,10:36:40.016,17.672,25.297,17.648,2.991,250.0,250.0,82.728,53.618,9.284,181.714,117.771,73.030,44.741,72.154,12.723,1.230,11.493,12.044,0.000,0.000,0.000,125.0,0.000,
12.11.2025,10:36:41.014,17.672,24.826,17.360,3.016,250.0,250.0,108.278,17.277,8.919,42.835,32.100,19.908,12.192,19.662,12.786,1.206,11.580,11.580,0.000,0.000,0.000,125.0,0.000,
12.11.2025,10:36:42.013,19.032,22.218,14.815,2.992,250.0,250.0,66.981,14.113,8.886,37.430,28.729,17.812,10.917,17.591,6.822,0.697,6.125,6.125,0.000,0.000,0.000,125.0,0.000,
12.11.2025,10:36:43.010,16.313,27.099,19.627,3.030,250.0,250.0,55.780,44.242,9.024,153.423,100.122,62.084,38.038,61.329,6.400,0.802,5.598,5.597,0.000,0.000,0.000,125.0,0.250,
12.11.2025,10:36:44.022,16.313,27.736,20.033,3.215,250.0,250.0,66.299,12.995,8.870,33.932,26.549,16.457,10.092,16.261,6.166,0.705,5.461,5.461,0.000,0.000,0.000,125.0,0.125,
12.11.2025,10:36:45.007,17.672,32.862,24.629,3.306,250.0,250.0,53.572,11.123,4.724,30.978,22.141,13.726,8.415,13.566,6.131,0.713,5.418,5.418,0.003,0.000,0.000,125.0,0.000,
12.11.2025,10:36:46.017,14.953,25.393,17.077,2.948,250.0,250.0,67.902,30.053,9.039,88.804,60.684,37.634,23.050,37.180,15.126,1.233,13.893,13.893,0.000,0.000,0.000,125.0,0.000,
12.11.2025,10:36:47.012,16.313,24.482,16.959,3.095,250.0,250.0,107.250,30.248,9.174,89.347,61.102,37.893,23.209,37.439,15.183,1.233,13.950,13.950,0.000,0.000,0.000,125.0,0.000,
12.11.2025,10:36:48.018,14.953,24.886,17.423,3.029,250.0,250.0,88.695,14.659,8.921,39.060,29.768,18.455,11.313,18.234,7.189,0.731,6.458,6.458,0.000,0.000,0.000,125.0,0.125,
12.11.2025,10:36:49.016,17.672,24.684,16.800,2.987,250.0,250.0,78.473,30.212,9.284,89.086,61.005,37.825,23.180,37.371,15.205,1.242,13.963,13.963,0.000,0.000,0.500,125.0,0.000,
12.11.2025,10:36:50.012,24.469,24.292,16.884,3.002,250.0,250.0,114.622,30.256,9.250,89.247,61.092,37.882,23.210,37.416,15.236,1.250,13.986,13.986,0.000,0.000,0.000,125.0,0.000,
12.11.2025,10:36:51.014,19.032,25.135,17.644,3.018,250.0,250.0,98.908,14.400,8.960,38.033,29.153,18.074,11.079,17.853,7.211,0.723,6.488,6.431,0.000,0.000,0.000,125.0,0.000,
12.11.2025,10:36:52.011,16.313,22.895,15.462,2.999,250.0,250.0,69.870,13.734,8.890,36.171,27.951,17.325,10.626,17.117,6.707,0.717,5.990,5.849,0.000,0.000,0.000,125.0,0.000,
12.11.2025,10:36:53.005,14.953,24.880,17.377,3.009,250.0,250.0,66.275,13.074,8.937,34.178,26.750,16.590,10.160,16.381,6.156,0.712,5.444,5.435,0.000,0.000,0.000,125.0,0.000,
12.11.2025,10:36:54.010,36.704,24.753,17.362,2.994,250.0,250.0,54.893,13.809,8.902,36.992,28.460,17.648,10.812,17.440,6.150,0.715,5.435,5.537,0.000,0.000,0.000,125.0,0.375,
12.11.2025,10:36:55.006,14.953,26.738,19.049,3.069,250.0,250.0,54.596,12.719,8.940,32.783,25.887,16.055,9.832,15.858,6.198,0.704,5.494,5.444,0.002,0.000,0.000,125.0,0.000,
12.11.2025,10:36:56.019,17.672,25.304,16.740,2.964,250.0,250.0,61.877,30.148,9.313,88.813,60.853,37.738,23.115,37.284,15.205,1.242,13.963,13.950,0.000,0.000,0.000,125.0,0.000,
12.11.2025,10:36:57.008,14.953,27.140,19.629,3.024,250.0,250.0,119.550,30.268,9.203,89.337,61.114,37.901,23.213,37.447,15.239,1.229,14.010,13.986,0.000,0.000,0.000,125.0,0.000,
12.11.2025,10:36:58.021,20.391,26.820,19.316,3.069,250.0,250.0,98.791,44.590,9.057,153.595,100.233,62.148,38.085,61.394,7.350,0.812,6.538,6.692,0.001,0.000,0.000,125.0,0.000,
12.11.2025,10:36:59.020,19.032,24.968,17.514,3.002,250.0,250.0,58.438,13.824,8.939,36.458,28.149,17.461,10.688,17.252,6.719,0.740,5.979,5.858,0.000,0.000,0.000,125.0,0.500,
12.11.2025,10:37:0.019,19.032,27.191,18.769,3.074,250.0,250.0,63.726,25.703,9.102,75.780,52.643,32.650,19.993,32.258,11.973,1.230,10.743,10.658,0.000,0.000,1.125,125.0,0.000,
12.11.2025,10:37:1.016,19.032,24.894,17.403,3.067,250.0,250.0,102.337,25.555,9.081,75.275,52.322,32.448,19.874,32.056,11.913,1.223,10.690,10.669,0.000,0.000,1.125,125.0,0.000,
12.11.2025,10:37:2.021,27.188,27.378,19.821,3.107,250.0,250.0,87.805,14.610,8.955,38.869,29.668,18.395,11.273,18.174,7.193,0.797,6.396,6.376,0.000,0.000,0.500,125.0,0.000,
12.11.2025,10:37:3.009,23.110,36.518,28.635,3.336,250.0,250.0,57.486,13.680,8.976,35.895,27.834,17.255,10.579,17.046,6.725,0.788,5.937,5.762,0.000,0.000,0.500,125.0,0.000,
12.11.2025,10:37:4.014,25.829,33.558,25.350,3.276,250.0,250.0,63.698,30.474,9.237,89.988,61.544,38.163,23.381,37.697,15.361,1.351,14.010,14.010,0.003,0.000,1.625,125.0,0.000,
12.11.2025,10:37:5.010,24.469,35.524,27.613,3.378,250.0,250.0,115.003,30.465,9.116,90.023,61.490,38.131,23.359,37.677,15.404,1.358,14.046,14.046,0.000,0.000,0.000,125.0,0.500,
12.11.2025,10:37:6.015,25.829,35.640,27.794,3.334,250.0,250.0,95.931,14.120,8.852,36.929,28.399,17.611,10.788,17.403,7.351,0.836,6.515,6.515,0.000,0.000,0.000,125.0,0.000,
12.11.2025,10:37:7.018,28.547,34.000,26.146,3.355,250.0,250.0,52.657,13.475,8.890,35.396,27.475,17.032,10.443,16.823,6.507,0.832,5.675,5.675,0.000,0.000,0.750,125.0,0.000,
12.11.2025,10:37:8.017,23.110,35.362,27.507,3.299,250.0,250.0,59.175,12.896,8.889,33.453,26.272,16.283,9.989,16.087,6.261,0.800,5.461,5.461,0.000,0.000,0.000,125.0,0.000,
12.11.2025,10:37:9.020,29.907,32.980,25.164,3.300,250.0,250.0,52.905,32.001,8.991,72.203,50.049,31.039,19.010,30.661,50.975,14.632,36.343,6.104,0.000,0.000,0.500,125.0,0.000,
12.11.2025,10:37:10.005,24.469,35.346,25.959,3.249,250.0,250.0,56.072,55.201,4.411,156.257,99.419,61.653,37.766,60.907,62.934,8.928,54.006,5.724,0.003,0.000,0.000,125.0,0.000,
12.11.2025,10:37:11.010,24.469,34.682,26.810,3.291,250.0,250.0,75.266,18.747,9.285,52.387,38.248,23.719,14.529,23.437,8.893,0.812,8.081,8.081,0.000,0.000,0.000,125.0,0.000,
12.11.2025,10:37:12.013,23.110,34.541,26.762,3.292,250.0,250.0,67.890,14.999,9.048,38.386,29.421,18.251,11.170,18.030,8.831,0.808,8.023,8.023,0.000,0.000,0.000,125.0,0.000,
12.11.2025,10:37:13.016,21.750,36.687,28.920,3.267,250.0,250.0,52.654,13.418,8.960,35.175,27.375,16.982,10.393,16.774,6.442,0.801,5.641,5.641,0.000,0.000,0.000,125.0,0.125,
12.11.2025,10:37:14.011,25.829,34.994,27.186,3.271,250.0,250.0,57.556,24.705,8.943,78.851,54.096,33.537,20.559,33.135,6.244,0.800,5.444,5.444,0.000,0.000,0.000,125.0,0.375,
12.11.2025,10:37:15.011,24.469,33.999,26.115,3.322,250.0,250.0,50.087,12.935,8.914,33.593,26.372,16.346,10.026,16.149,6.247,0.795,5.452,5.452,0.000,0.000,0.000,125.0,0.000,
12.11.2025,10:37:16.018,23.110,36.375,27.783,3.235,250.0,250.0,70.665,30.524,9.104,90.445,61.742,38.287,23.455,37.821,15.238,1.333,13.905,13.905,0.000,0.000,0.000,125.0,0.000,
12.11.2025,10:37:17.020,25.829,37.325,29.494,3.307,250.0,250.0,105.657,30.587,9.128,90.482,61.778,38.310,23.468,37.844,15.405,1.359,14.046,14.046,0.000,0.000,0.000,125.0,0.375,
12.11.2025,10:37:18.008,29.907,35.223,27.411,3.292,250.0,250.0,87.782,52.223,9.042,112.935,75.076,46.552,28.524,45.992,98.913,15.084,83.829,6.287,0.000,0.000,0.000,125.0,0.375,
12.11.2025,10:37:19.008,25.829,36.517,28.772,3.236,250.0,250.0,59.400,13.525,8.913,35.422,27.507,17.061,10.446,16.852,6.620,0.807,5.813,5.813,0.000,0.000,0.500,125.0,0.375,
12.11.2025,10:37:20.010,19.032,34.652,26.823,3.274,250.0,250.0,50.299,12.940,8.853,33.663,26.370,16.357,10.013,16.161,6.260,0.799,5.461,5.461,0.002,0.000,0.000,125.0,0.000,
12.11.2025,10:37:21.011,31.266,29.560,21.131,3.099,250.0,250.0,74.650,25.016,9.072,73.593,51.272,31.789,19.483,31.408,11.593,1.232,10.361,10.361,0.000,0.000,1.125,125.0,0.000,
12.11.2025,10:37:22.016,29.907,34.873,27.166,3.207,250.0,250.0,89.187,25.018,9.040,73.547,51.222,31.768,19.454,31.388,11.683,1.279,10.404,10.393,0.000,0.000,0.000,125.0,0.375,
12.11.2025,10:37:23.015,21.750,36.591,28.796,3.257,250.0,250.0,65.889,74.239,8.955,111.896,74.365,46.112,28.253,45.553,210.375,43.995,166.380,6.502,0.000,0.000,0.500,125.0,0.000,
12.11.2025,10:37:24.022,25.829,32.906,25.095,3.313,250.0,250.0,59.502,13.289,8.838,34.346,26.781,16.611,10.170,16.414,7.129,0.852,6.277,5.478,0.000,0.000,0.000,125.0,0.000,
12.11.2025,10:37:25.025,25.829,34.255,25.157,3.299,250.0,250.0,60.524,28.815,9.078,90.376,61.691,38.248,23.443,37.782,6.771,0.886,5.885,13.986,0.000,0.000,0.000,125.0,0.750,
12.11.2025,10:37:26.040,16.313,34.038,26.177,3.337,250.0,250.0,105.072,30.603,9.116,90.545,61.806,38.325,23.481,37.872,15.418,1.337,14.081,14.046,0.000,0.000,0.500,125.0,0.000,
12.11.2025,10:37:27.055,19.032,28.299,20.626,3.158,250.0,250.0,91.551,14.148,8.889,37.336,28.676,17.780,10.896,17.559,7.072,0.723,6.349,6.196,0.000,0.000,0.000,125.0,0.750,
12.11.2025,10:37:28.053,16.313,25.243,17.254,3.005,250.0,250.0,43.788,10.493,4.114,28.828,20.436,12.667,7.769,12.519,6.473,0.719,5.754,5.649,0.002,0.000,0.000,125.0,0.000,
12.11.2025,10:37:29.053,16.313,25.243,17.254,3.005,250.0,250.0,28.139,6.890,3.370,16.154,12.118,7.509,4.609,7.423,6.144,0.709,5.435,5.426,0.002,0.000,0.000,125.0,0.000,
12.11.2025,10:37:30.069,21.750,24.910,15.314,3.024,250.0,250.0,19.214,5.443,3.052,11.048,8.751,5.420,3.331,5.359,6.029,0.619,5.410,5.410,0.000,0.000,0.000,125.0,0.000,
12.11.2025,10:37:31.066,4.078,20.478,11.128,2.927,250.0,250.0,14.494,5.436,2.978,11.123,8.748,5.418,3.330,5.357,6.008,0.615,5.393,5.393,0.000,0.000,0.000,125.0,0.000,
12.11.2025,10:37:32.067,9.516,11.352,2.439,2.778,250.0,250.0,14.248,5.377,2.978,10.902,8.619,5.349,3.270,5.275,5.999,0.615,5.384,5.384,0.000,0.000,0.000,125.0,0.000,
12.11.2025,10:37:33.059,16.313,11.638,2.710,2.792,250.0,250.0,13.851,5.390,3.113,10.825,8.656,5.361,3.295,5.299,5.988,0.613,5.375,5.375,0.000,0.000,0.000,125.0,0.000,
12.11.2025,10:37:34.065,2.719,12.460,3.474,2.772,250.0,250.0,14.126,5.363,3.223,10.640,8.602,5.333,3.269,5.272,5.968,0.610,5.358,5.358,0.001,0.000,0.000,125.0,0.000,
12.11.2025,10:37:35.065,2.719,11.949,3.076,2.745,250.0,250.0,14.623,5.368,3.186,10.701,8.610,5.343,3.267,5.281,5.968,0.610,5.358,5.358,0.000,0.000,0.000,125.0,0.000,
12.11.2025,10:37:36.059,2.719,14.202,5.242,2.802,250.0,250.0,14.371,5.332,3.039,10.722,8.531,5.290,3.241,5.229,5.960,0.610,5.350,5.350,0.000,0.000,0.000,125.0,0.000,
12.11.2025,10:37:37.062,2.719,13.290,4.349,2.812,250.0,250.0,14.670,5.364,2.880,11.000,8.619,5.349,3.270,5.275,5.952,0.610,5.342,5.342,0.000,0.000,0.000,125.0,0.000,
12.11.2025,10:37:38.065,2.719,13.019,4.039,2.764,250.0,250.0,14.533,5.393,2.929,11.072,8.683,5.379,3.304,5.318,5.952,0.610,5.342,5.342,0.000,0.000,0.000,125.0,0.000,
12.11.2025,10:37:39.059,2.719,11.948,3.052,2.733,250.0,250.0,14.390,5.572,3.027,11.665,9.116,5.651,3.465,5.577,5.941,0.608,5.333,5.333,0.000,0.000,0.000,125.0,0.000,
12.11.2025,10:37:40.061,2.719,11.605,2.752,2.730,250.0,250.0,14.750,5.530,3.174,11.366,9.022,5.593,3.429,5.531,5.932,0.608,5.324,5.324,0.000,0.000,0.000,125.0,0.000,
12.11.2025,10:37:41.061,2.719,11.757,2.848,2.765,250.0,250.0,14.229,5.357,3.211,10.665,8.616,5.347,3.269,5.273,5.932,0.608,5.324,5.324,0.000,0.000,0.000,125.0,0.000,
12.11.2025,10:37:42.063,2.719,11.522,2.610,2.752,250.0,250.0,14.216,5.241,3.125,10.332,8.355,5.173,3.182,5.111,5.913,0.605,5.308,5.308,0.001,0.000,0.000,125.0,0.000,
12.11.2025,10:37:43.060,14.953,11.907,3.012,2.726,250.0,250.0,64.715,169.365,9.510,388.953,245.907,152.483,93.424,150.640,308.980,73.677,235.303,34.770,0.000,0.000,0.000,125.0,0.000,
12.11.2025,10:37:44.053,29.907,21.782,13.296,2.972,250.0,250.0,397.919,31.309,9.174,91.461,62.427,38.712,23.715,38.234,16.908,1.354,15.554,15.554,0.000,0.000,1.125,125.0,0.500,
12.11.2025,10:37:45.065,25.829,30.919,23.163,3.228,250.0,250.0,145.477,30.279,9.113,89.319,61.051,37.855,23.196,37.401,15.362,1.234,14.128,14.128,0.000,0.000,0.000,125.0,0.000,
12.11.2025,10:37:46.064,17.672,31.785,23.655,3.547,250.0,250.0,103.287,45.036,8.986,155.421,101.333,62.835,38.498,62.080,7.321,0.752,6.569,6.569,0.000,0.000,0.000,125.0,0.000,
12.11.2025,10:37:47.058,16.313,25.101,17.639,3.015,250.0,250.0,69.878,13.561,8.834,35.482,27.491,17.052,10.439,16.843,6.731,0.723,6.008,6.008,0.000,0.000,0.000,125.0,0.000,
12.11.2025,10:37:48.066,13.594,24.825,17.332,3.072,250.0,250.0,55.659,12.966,8.887,33.573,26.344,16.331,10.013,16.135,6.365,0.716,5.649,5.649,0.000,0.000,0.375,125.0,0.000,
12.11.2025,10:37:49.067,21.750,24.682,17.142,3.043,250.0,250.0,53.423,42.166,8.932,46.873,34.439,21.357,13.082,21.101,28.799,8.237,20.562,218.280,0.000,0.000,0.500,125.0,0.000,
12.11.2025,10:37:50.061,20.391,24.707,17.273,3.020,250.0,250.0,65.768,13.047,8.902,33.987,26.612,16.497,10.115,16.301,6.258,0.721,5.537,5.537,0.000,0.000,0.000,125.0,1.000,
12.11.2025,10:37:51.055,20.391,24.879,17.410,3.018,250.0,250.0,77.798,30.229,9.066,89.361,61.041,37.856,23.185,37.402,15.207,1.244,13.963,13.963,0.000,0.000,0.000,125.0,0.000,
12.11.2025,10:37:52.058,14.953,24.642,16.792,2.982,250.0,250.0,108.258,30.028,9.039,88.531,60.525,37.525,23.000,37.071,15.285,1.264,14.022,14.022,0.000,0.000,0.000,125.0,0.000,
12.11.2025,10:37:53.060,24.469,25.553,18.126,3.019,250.0,250.0,93.754,14.470,8.871,38.368,29.299,18.163,11.136,17.943,7.234,0.719,6.515,6.450,0.000,0.000,0.000,125.0,0.000,
12.11.2025,10:37:54.056,29.907,24.308,16.849,3.018,250.0,250.0,67.762,13.669,8.918,35.936,27.818,17.257,10.561,17.049,6.641,0.721,5.920,5.867,0.000,0.000,0.000,125.0,0.875,
12.11.2025,10:37:55.056,19.032,23.800,16.347,3.031,250.0,250.0,56.184,13.044,8.885,34.088,26.665,16.529,10.136,16.333,6.177,0.716,5.461,5.452,0.000,0.000,0.000,125.0,0.000,
12.11.2025,10:37:56.055,27.188,25.004,17.475,3.065,250.0,250.0,53.992,43.639,9.129,151.158,98.738,61.230,37.508,60.488,6.235,0.787,5.448,5.673,0.000,0.000,0.000,125.0,0.000,
12.11.2025,10:37:57.068,36.704,26.792,19.255,3.088,250.0,250.0,57.052,12.856,8.980,33.176,26.154,16.217,9.937,16.021,6.304,0.725,5.579,5.470,0.000,0.000,0.000,125.0,0.000,
12.11.2025,10:37:58.065,25.829,25.373,17.684,3.053,250.0,250.0,61.935,14.755,8.953,38.966,29.725,18.439,11.286,18.218,7.577,0.718,6.859,6.814,0.002,0.000,0.000,125.0,0.000,
12.11.2025,10:37:59.068,27.188,25.518,16.916,3.029,250.0,250.0,68.070,14.736,8.891,39.013,29.718,18.422,11.296,18.202,7.514,0.710,6.804,6.786,0.000,0.000,1.000,125.0,0.000,
12.11.2025,10:38:0.067,17.672,23.317,15.844,3.025,250.0,250.0,55.037,9.977,3.930,27.050,19.225,11.920,7.305,11.773,6.424,0.705,5.719,5.719,0.000,0.000,0.000,125.0,0.000,
12.11.2025,10:38:1.065,17.672,25.886,16.809,3.080,250.0,250.0,90.190,56.269,9.136,189.189,122.350,75.869,46.481,74.944,15.216,1.253,13.963,14.293,0.003,0.000,0.000,125.0,0.000,
12.11.2025,10:38:2.065,16.313,25.173,17.486,3.037,250.0,250.0,116.580,30.122,8.953,88.809,60.638,37.592,23.046,37.138,15.483,1.261,14.222,14.081,0.000,0.000,0.000,125.0,0.000,
12.11.2025,10:38:3.067,13.594,26.208,18.736,3.040,250.0,250.0,75.034,14.069,8.839,37.133,28.516,17.681,10.835,17.473,7.022,0.727,6.295,6.169,0.000,0.000,0.000,125.0,0.375,
12.11.2025,10:38:4.067,20.391,25.254,17.813,3.010,250.0,250.0,56.079,29.552,8.873,97.075,65.393,40.549,24.844,40.060,6.474,0.720,5.754,5.778,0.000,0.000,0.000,125.0,0.000,
12.11.2025,10:38:5.066,19.032,24.564,17.098,3.011,250.0,250.0,65.895,12.954,8.846,33.722,26.406,16.374,10.032,16.178,6.255,0.718,5.537,5.478,0.000,0.000,0.000,125.0,0.000,
12.11.2025,10:38:6.055,14.953,26.923,19.392,3.081,250.0,250.0,63.719,12.883,8.871,33.504,26.283,16.299,9.984,16.103,6.169,0.717,5.452,5.444,0.000,0.000,0.000,125.0,0.000,
12.11.2025,10:38:7.055,19.032,24.102,16.587,3.081,250.0,250.0,52.347,7.063,3.650,16.529,12.518,7.769,4.749,7.671,6.157,0.722,5.435,5.426,0.000,0.000,0.000,125.0,0.000,
12.11.2025,10:38:8.060,20.391,28.108,19.322,3.025,250.0,250.0,88.280,56.725,9.147,190.851,123.372,76.506,46.866,75.581,15.261,1.251,14.010,14.400,0.002,0.000,0.000,125.0,0.000,
12.11.2025,10:38:9.060,17.672,23.851,16.354,3.031,250.0,250.0,113.695,30.256,8.915,89.259,60.898,37.753,23.145,37.299,15.604,1.287,14.317,14.081,0.000,0.000,0.000,125.0,0.000,
12.11.2025,10:38:10.060,17.672,24.043,16.586,3.018,250.0,250.0,78.109,14.168,8.814,37.523,28.744,17.825,10.919,17.604,7.033,0.720,6.313,6.187,0.000,0.000,0.000,125.0,0.875,
12.11.2025,10:38:11.061,25.829,26.009,18.574,3.023,250.0,250.0,55.650,37.892,3.611,52.277,34.634,21.467,13.167,21.209,84.124,16.135,67.989,64.306,0.000,0.000,0.000,125.0,0.000,
12.11.2025,10:38:12.062,19.032,31.902,23.187,3.353,250.0,250.0,86.621,30.206,8.924,89.031,60.746,37.669,23.077,37.215,15.558,1.277,14.281,14.281,0.000,0.000,0.000,125.0,0.000,
12.11.2025,10:38:13.060,16.313,26.102,18.565,3.116,250.0,250.0,118.053,17.979,8.820,42.645,31.923,19.794,12.129,19.548,15.386,1.222,14.164,14.164,0.000,0.000,0.000,125.0,0.000,
12.11.2025,10:38:14.059,19.032,25.661,18.208,2.998,250.0,250.0,85.713,13.827,8.810,36.302,27.990,17.348,10.642,17.139,6.920,0.724,6.196,6.196,0.000,0.000,0.000,125.0,0.000,
12.11.2025,10:38:15.054,21.750,24.439,16.939,3.040,250.0,250.0,56.976,13.265,8.795,34.626,26.935,16.706,10.229,16.510,6.525,0.729,5.796,5.796,0.000,0.000,0.000,125.0,0.000,
12.11.2025,10:38:16.055,23.110,27.945,20.374,3.088,250.0,250.0,58.417,29.863,8.974,87.895,60.079,37.257,22.822,36.803,15.350,1.246,14.105,14.105,0.000,0.000,0.000,125.0,0.000,
12.11.2025,10:38:17.054,28.547,24.561,16.624,3.057,250.0,250.0,117.491,29.938,9.025,88.112,60.245,37.359,22.886,36.905,15.373,1.268,14.105,14.105,0.000,0.000,0.000,125.0,0.250,
12.11.2025,10:38:18.058,23.110,25.955,18.429,3.050,250.0,250.0,103.006,53.879,8.955,152.304,99.339,61.593,37.746,60.851,55.724,15.304,40.420,6.559,0.000,0.000,0.000,125.0,1.375,
12.11.2025,10:38:19.058,23.110,25.477,17.939,3.068,250.0,250.0,58.104,13.472,8.902,35.122,27.311,16.936,10.375,16.728,6.693,0.730,5.963,5.963,0.000,0.000,0.000,125.0,0.500,
12.11.2025,10:38:20.057,21.750,24.194,16.754,3.023,250.0,250.0,65.320,12.945,8.931,33.604,26.386,16.364,10.022,16.168,6.235,0.733,5.502,5.502,0.000,0.000,0.000,125.0,0.000,
12.11.2025,10:38:21.053,16.313,25.573,18.098,3.013,250.0,250.0,53.285,17.870,8.910,52.481,37.997,23.567,14.430,23.285,6.215,0.729,5.486,5.597,0.000,0.000,0.000,125.0,1.000,
12.11.2025,10:38:22.057,17.672,24.646,17.182,3.030,250.0,250.0,52.533,12.556,8.870,32.177,25.465,15.787,9.678,15.603,6.245,0.699,5.546,5.494,0.000,0.000,0.000,125.0,0.000,
12.11.2025,10:38:23.063,32.625,25.768,18.055,3.024,250.0,250.0,50.068,30.075,8.977,88.686,60.576,37.555,23.021,37.101,15.376,1.271,14.105,14.081,0.002,0.000,0.000,125.0,0.000,
12.11.2025,10:38:24.060,16.313,23.031,14.541,2.971,250.0,250.0,120.285,30.223,9.013,89.150,60.883,37.751,23.132,37.297,15.419,1.255,14.164,14.164,0.000,0.000,0.000,125.0,0.000,
12.11.2025,10:38:25.061,16.313,28.098,20.521,3.109,250.0,250.0,103.295,26.106,8.892,82.848,56.714,35.170,21.544,34.742,7.281,0.722,6.559,6.584,0.000,0.000,0.000,125.0,0.000,
12.11.2025,10:38:26.065,16.313,24.760,17.312,3.007,250.0,250.0,58.304,28.489,9.070,88.627,60.595,37.576,23.019,37.123,7.357,0.803,6.555,14.164,0.000,0.000,0.000,125.0,0.000,
12.11.2025,10:38:27.063,16.313,26.276,18.339,3.066,250.0,250.0,102.330,30.071,9.095,88.419,60.483,37.502,22.981,37.048,15.501,1.279,14.222,14.175,0.000,0.000,0.000,125.0,0.750,
12.11.2025,10:38:28.056,19.032,25.060,17.577,3.059,250.0,250.0,116.203,14.505,8.918,38.060,29.141,18.066,11.075,17.845,7.688,0.737,6.951,6.569,0.000,0.000,0.000,125.0,0.500,
12.11.2025,10:38:29.058,17.672,25.012,17.483,3.063,250.0,250.0,66.308,13.767,8.853,36.260,27.982,17.351,10.631,17.143,6.733,0.717,6.016,5.979,0.000,0.000,0.000,125.0,0.000,
12.11.2025,10:38:30.060,17.672,25.978,18.547,3.024,250.0,250.0,56.540,13.093,8.861,34.063,26.620,16.512,10.108,16.316,6.463,0.719,5.744,5.528,0.000,0.000,0.000,125.0,0.000,
12.11.2025,10:38:31.057,16.313,26.559,19.074,3.035,250.0,250.0,54.114,12.711,8.859,32.804,25.841,16.029,9.812,15.833,6.215,0.704,5.511,5.502,0.000,0.000,0.000,125.0,0.000,
12.11.2025,10:38:32.054,17.672,26.265,18.793,3.027,250.0,250.0,65.677,12.674,8.838,32.661,25.738,15.960,9.778,15.776,6.219,0.717,5.502,5.554,0.000,0.000,0.000,125.0,0.000,
12.11.2025,10:38:33.059,13.594,26.073,18.583,3.053,250.0,250.0,68.961,28.356,9.086,88.587,60.574,37.566,23.008,37.112,6.746,0.792,5.954,14.140,0.003,0.000,0.625,125.0,0.000,
12.11.2025,10:38:34.057,19.032,25.879,17.093,3.007,250.0,250.0,107.832,30.124,9.148,88.580,60.619,37.584,23.035,37.130,15.484,1.262,14.222,14.175,0.000,0.000,0.000,125.0,0.000,
12.11.2025,10:38:35.057,23.110,28.155,20.649,3.099,250.0,250.0,88.492,42.979,9.067,147.422,96.421,59.795,36.626,59.077,7.400,0.813,6.587,6.587,0.000,0.000,0.000,125.0,0.375,
12.11.2025,10:38:36.057,25.829,26.150,18.559,3.089,250.0,250.0,53.692,40.399,4.303,66.084,43.638,27.066,16.572,26.735,85.481,16.882,68.599,48.633,0.000,0.000,0.000,125.0,0.000,
12.11.2025,10:38:37.054,23.110,31.894,23.498,3.174,250.0,250.0,96.967,30.395,9.039,89.684,61.228,37.961,23.267,37.507,15.543,1.368,14.175,14.175,0.000,0.000,0.500,125.0,0.000,
12.11.2025,10:38:38.068,25.829,37.814,29.974,3.310,250.0,250.0,111.068,17.977,8.857,42.189,31.666,19.635,12.031,19.390,15.783,1.349,14.434,14.434,0.000,0.000,0.000,125.0,0.000,
12.11.2025,10:38:39.086,24.469,33.384,25.563,3.307,250.0,250.0,54.081,13.565,8.841,35.386,27.428,17.006,10.422,16.810,6.857,0.815,6.042,6.042,0.000,0.000,0.500,125.0,0.375,
12.11.2025,10:38:40.102,25.829,35.891,28.043,3.342,250.0,250.0,50.963,12.981,8.860,33.725,26.416,16.372,10.044,16.176,6.341,0.804,5.537,5.537,0.000,0.000,1.125,125.0,0.000,
12.11.2025,10:38:41.107,24.469,33.128,25.286,3.341,250.0,250.0,43.771,10.215,4.163,27.920,19.903,12.344,7.559,12.185,6.288,0.794,5.494,5.494,0.000,0.000,0.000,125.0,0.000,
12.11.2025,10:38:42.115,25.829,33.339,24.080,3.306,250.0,250.0,71.717,38.460,9.355,127.844,84.418,52.344,32.074,51.724,9.243,0.887,8.356,8.356,0.002,0.000,0.000,125.0,0.000,
12.11.2025,10:38:43.104,21.750,34.076,25.958,3.371,250.0,250.0,79.976,19.992,9.175,56.797,40.920,25.374,15.546,25.067,9.307,0.882,8.425,8.425,0.000,0.000,1.125,125.0,1.000,
12.11.2025,10:38:44.104,25.829,35.453,27.553,3.357,250.0,250.0,58.282,13.542,8.911,35.515,27.557,17.091,10.466,16.883,6.588,0.766,5.822,5.822,0.000,0.000,0.000,125.0,0.250,
12.11.2025,10:38:45.113,27.188,36.836,28.905,3.399,250.0,250.0,51.357,12.788,8.869,33.007,25.973,16.113,9.860,15.917,6.315,0.804,5.511,5.511,0.000,0.000,0.000,125.0,0.000,
12.11.2025,10:38:46.107,29.907,39.635,31.482,3.587,250.0,250.0,49.618,12.805,8.844,33.080,26.005,16.123,9.882,15.927,6.326,0.824,5.502,5.537,0.000,0.000,0.000,125.0,0.500,
12.11.2025,10:38:47.102,16.313,39.545,31.379,3.588,250.0,250.0,63.891,28.849,9.005,90.620,61.789,38.310,23.479,37.856,6.677,0.868,5.809,14.081,0.000,0.000,0.000,125.0,0.500,
12.11.2025,10:38:48.106,25.829,32.125,23.507,3.301,250.0,250.0,109.368,30.704,9.089,90.728,61.902,38.390,23.512,37.923,15.637,1.379,14.258,14.222,0.000,0.000,0.000,125.0,0.000,
12.11.2025,10:38:49.106,23.110,32.769,24.949,3.304,250.0,250.0,96.736,14.400,8.895,38.021,29.106,18.042,11.064,17.821,7.341,0.811,6.530,6.366,0.000,0.000,0.000,125.0,0.375,
12.11.2025,10:38:50.114,21.750,34.843,26.970,3.335,250.0,250.0,53.699,33.671,9.017,112.719,74.936,46.463,28.473,45.903,6.640,0.818,5.822,5.918,0.000,0.000,0.000,125.0,0.000,
12.11.2025,10:38:51.099,33.985,35.613,27.804,3.305,250.0,250.0,58.386,13.193,8.888,34.435,26.868,16.661,10.207,16.465,6.434,0.820,5.614,5.537,0.000,0.000,0.625,125.0,0.000,
12.11.2025,10:38:52.106,21.750,33.022,25.179,3.321,250.0,250.0,59.267,19.218,9.115,54.143,39.234,24.336,14.898,24.041,9.088,0.816,8.272,8.233,0.000,0.000,0.000,125.0,0.000,
12.11.2025,10:38:53.105,27.188,34.720,26.084,3.296,250.0,250.0,70.045,19.078,9.040,53.728,38.933,24.148,14.785,23.853,9.028,0.795,8.233,8.233,0.000,0.000,0.000,125.0,0.000,
12.11.2025,10:38:54.108,32.625,35.383,27.576,3.305,250.0,250.0,63.435,33.683,8.910,112.805,74.875,46.428,28.447,45.869,6.736,0.808,5.928,6.021,0.000,0.000,0.000,125.0,0.000,
12.11.2025,10:38:55.110,28.547,37.760,29.902,3.355,250.0,250.0,59.592,13.219,8.836,34.559,26.920,16.692,10.228,16.483,6.471,0.823,5.648,5.528,0.000,0.000,0.000,125.0,0.375,
12.11.2025,10:38:56.109,29.907,34.164,26.304,3.329,250.0,250.0,64.408,18.662,8.965,53.628,38.817,24.071,14.746,23.789,7.250,0.811,6.439,8.100,0.000,0.000,0.000,125.0,0.000,
12.11.2025,10:38:57.109,23.110,34.268,25.623,3.290,250.0,250.0,66.548,18.930,9.054,53.284,38.669,23.979,14.690,23.685,8.918,0.807,8.111,8.100,0.000,0.000,0.000,125.0,0.000,
12.11.2025,10:38:58.111,23.110,34.355,26.534,3.318,250.0,250.0,66.694,14.026,8.849,37.191,28.562,17.704,10.858,17.496,6.838,0.804,6.034,5.920,0.000,0.000,0.000,125.0,0.000,
12.11.2025,10:38:59.099,32.625,33.902,26.024,3.323,250.0,250.0,52.092,13.331,8.876,35.048,27.257,16.899,10.358,16.690,6.315,0.804,5.511,5.554,0.000,0.000,1.375,125.0,0.000,
12.11.2025,10:39:0.107,25.829,37.015,29.195,3.325,250.0,250.0,104.860,13.331,9.367,392.965,248.303,153.966,94.337,152.111,293.937,64.120,229.817,18.228,0.000,0.000,0.875,125.0,0.375,
12.11.2025,10:39:1.111,23.110,35.340,27.452,3.338,250.0,250.0,104.860,165.715,9.367,392.965,248.303,153.966,94.337,152.111,293.937,64.120,229.817,18.228,0.000,0.000,0.000,125.0,0.000,
12.11.2025,10:39:2.111,17.672,27.290,19.673,3.161,250.0,250.0,363.071,57.248,9.171,192.058,124.123,76.971,47.152,76.046,16.097,1.333,14.764,14.764,0.000,0.000,0.000,125.0,0.000,
12.11.2025,10:39:3.108,23.110,24.800,17.321,3.031,250.0,250.0,114.260,30.812,8.974,90.945,61.972,38.424,23.548,37.970,15.862,1.298,14.564,14.564,0.000,0.000,0.000,125.0,0.000,
12.11.2025,10:39:4.112,20.391,24.846,17.348,3.032,250.0,250.0,96.050,13.919,8.873,36.651,28.243,17.508,10.735,17.299,6.870,0.730,6.140,6.140,0.000,0.000,0.375,125.0,0.000,
12.11.2025,10:39:5.100,17.672,26.919,19.374,3.097,250.0,250.0,57.455,84.585,9.093,143.947,94.285,58.464,35.821,57.759,220.348,46.631,173.717,5.787,0.000,0.000,0.000,125.0,0.000,
12.11.2025,10:39:6.105,17.672,24.728,17.266,3.041,250.0,250.0,54.016,13.155,8.946,34.223,26.781,16.611,10.170,16.402,6.386,0.738,5.648,5.648,0.000,0.000,0.000,125.0,0.000,
12.11.2025,10:39:7.103,16.313,24.532,17.051,3.016,250.0,250.0,65.140,12.974,8.933,33.644,26.409,16.375,10.034,16.179,6.297,0.726,5.571,5.571,0.000,0.000,0.000,125.0,0.875,
12.11.2025,10:39:8.101,25.829,24.664,17.104,3.092,250.0,250.0,53.642,13.046,8.880,33.967,26.576,16.483,10.093,16.286,6.300,0.729,5.571,5.571,0.000,0.000,0.000,125.0,0.000,
12.11.2025,10:39:9.115,19.032,25.208,17.252,2.997,250.0,250.0,53.603,11.502,4.748,32.123,22.868,14.182,8.686,14.011,6.379,0.731,5.648,5.648,0.002,0.000,0.000,125.0,0.000,
12.11.2025,10:39:10.115,16.313,25.920,17.311,2.990,250.0,250.0,64.117,30.682,9.003,90.690,61.836,38.345,23.491,37.879,15.618,1.278,14.340,14.340,0.000,0.000,0.000,125.0,0.000,
12.11.2025,10:39:11.117,19.032,26.025,18.558,3.011,250.0,250.0,120.684,30.870,9.102,91.288,62.263,38.602,23.661,38.136,15.637,1.285,14.352,14.376,0.000,0.000,0.000,125.0,0.000,
12.11.2025,10:39:12.118,21.750,25.112,17.631,3.026,250.0,250.0,100.079,14.815,8.904,39.470,30.002,18.607,11.395,18.387,7.388,0.738,6.650,6.611,0.000,0.000,0.000,125.0,0.000,
12.11.2025,10:39:13.117,20.391,24.969,17.524,3.005,250.0,250.0,70.229,14.176,8.896,37.662,28.881,17.912,10.969,17.691,6.876,0.745,6.131,5.997,0.000,0.000,0.000,125.0,0.000,
12.11.2025,10:39:14.127,28.547,24.691,17.247,3.021,250.0,250.0,66.577,13.561,8.959,35.851,27.788,17.237,10.551,17.029,6.313,0.725,5.588,5.571,0.000,0.000,0.000,125.0,0.000,
12.11.2025,10:39:15.127,16.313,26.160,18.659,3.033,250.0,250.0,54.653,13.615,8.899,36.117,27.926,17.313,10.613,17.104,6.284,0.722,5.562,5.614,0.000,0.000,0.000,125.0,0.000,
12.11.2025,10:39:16.129,27.188,25.015,16.712,2.981,250.0,250.0,54.995,28.913,9.102,90.731,61.920,38.394,23.526,37.928,6.616,0.787,5.829,14.293,0.000,0.000,0.000,125.0,0.000,
12.11.2025,10:39:17.127,17.672,25.625,18.148,3.050,250.0,250.0,117.710,30.736,9.007,90.825,61.919,38.400,23.519,37.934,15.691,1.291,14.400,14.376,0.000,0.000,0.000,125.0,0.000,
12.11.2025,10:39:18.126,19.032,26.500,18.977,3.045,250.0,250.0,108.459,74.500,8.957,156.049,101.689,63.055,38.634,62.300,153.401,36.579,116.822,7.517,0.000,0.000,0.625,125.0,0.000,
12.11.2025,10:39:19.127,17.672,24.240,16.811,2.989,250.0,250.0,59.224,14.339,8.832,38.171,29.153,18.078,11.075,17.857,7.090,0.762,6.328,6.041,0.000,0.000,1.125,125.0,0.000,
12.11.2025,10:39:20.116,14.953,25.204,17.704,3.010,250.0,250.0,68.641,13.137,8.881,34.279,26.776,16.608,10.168,16.400,6.332,0.735,5.597,5.597,0.000,0.000,0.000,125.0,0.000,
12.11.2025,10:39:21.115,19.032,23.817,16.024,2.959,250.0,250.0,79.200,30.674,9.016,90.643,61.815,38.336,23.479,37.870,15.616,1.264,14.352,14.352,0.000,0.000,0.000,125.0,0.000,
12.11.2025,10:39:22.128,13.594,25.488,18.057,2.996,250.0,250.0,108.857,30.831,9.048,90.788,61.916,38.396,23.520,37.930,16.001,1.296,14.705,14.705,0.000,0.000,0.000,125.0,0.000,
12.11.2025,10:39:23.130,14.953,26.356,18.836,3.013,250.0,250.0,89.212,14.318,8.831,37.848,28.958,17.956,11.002,17.736,7.193,0.728,6.465,6.465,0.000,0.000,0.000,125.0,0.000,
12.11.2025,10:39:24.117,28.547,26.110,18.676,3.021,250.0,250.0,67.705,13.369,8.830,34.862,27.105,16.802,10.303,16.606,6.635,0.725,5.910,5.910,0.000,0.000,0.000,125.0,1.125,
12.11.2025,10:39:25.126,19.032,24.468,16.932,3.064,250.0,250.0,54.839,13.652,8.848,35.866,27.739,17.200,10.539,16.992,6.697,0.761,5.936,5.936,0.000,0.000,0.000,125.0,0.000,
12.11.2025,10:39:26.115,20.391,24.740,17.292,3.009,250.0,250.0,54.735,12.812,8.819,33.095,25.994,16.124,9.870,15.928,6.340,0.726,5.614,5.614,0.000,0.000,0.000,125.0,0.000,
12.11.2025,10:39:27.133,17.672,26.367,17.884,3.099,250.0,250.0,66.246,10.062,4.125,27.325,19.508,12.097,7.411,11.950,6.310,0.722,5.588,5.588,0.002,0.000,0.000,125.0,0.000,
12.11.2025,10:39:28.145,16.313,25.787,17.924,3.029,250.0,250.0,56.182,14.792,8.951,38.953,29.713,18.419,11.294,18.198,7.709,0.730,6.979,6.979,0.000,0.000,0.000,125.0,0.000,
12.11.2025,10:39:29.142,21.750,23.794,16.152,3.030,250.0,250.0,59.595,15.169,9.015,39.782,30.259,18.766,11.493,18.546,8.202,0.773,7.429,7.429,0.002,0.000,0.000,125.0,0.000,
12.11.2025,10:39:30.140,24.469,25.916,16.894,3.019,250.0,250.0,53.492,26.181,8.634,83.611,57.215,35.469,21.746,35.040,6.971,0.814,6.157,6.157,0.000,0.000,0.000,125.0,0.000,
12.11.2025,10:39:31.156,28.547,25.042,17.613,3.031,250.0,250.0,108.480,30.679,9.091,90.516,61.780,38.312,23.468,37.846,15.682,1.272,14.410,14.410,0.000,0.000,0.000,125.0,0.000,
12.11.2025,10:39:32.154,16.313,24.461,16.971,3.033,250.0,250.0,95.057,14.671,8.865,38.604,29.446,18.261,11.185,18.040,7.676,0.719,6.957,6.957,0.000,0.000,0.000,125.0,0.000,
12.11.2025,10:39:33.151,23.110,24.444,16.987,3.027,250.0,250.0,70.586,29.568,8.936,96.293,65.004,40.315,24.689,39.826,7.147,0.822,6.325,6.324,0.000,0.000,0.000,125.0,0.000,
12.11.2025,10:39:34.165,21.750,23.800,16.319,3.022,250.0,250.0,61.275,13.407,8.880,35.125,27.302,16.926,10.376,16.718,6.568,0.730,5.838,5.605,0.000,0.000,0.000,125.0,0.000,
12.11.2025,10:39:35.165,25.829,26.994,19.442,3.096,250.0,250.0,54.593,13.161,8.934,34.321,26.829,16.635,10.194,16.438,6.334,0.729,5.605,5.588,0.000,0.000,0.000,125.0,0.500,
12.11.2025,10:39:36.178,27.188,25.029,17.460,3.090,250.0,250.0,66.551,13.671,8.867,36.303,28.027,17.380,10.647,17.159,6.322,0.734,5.588,5.681,0.000,0.000,0.000,125.0,0.000,
12.11.2025,10:39:37.193,24.469,26.995,18.189,3.033,250.0,250.0,62.452,29.041,9.054,91.037,62.078,38.487,23.591,38.021,6.867,0.812,6.055,14.410,0.000,0.000,0.000,125.0,0.000,
12.11.2025,10:39:38.190,17.672,24.409,16.963,3.015,250.0,250.0,114.008,30.555,9.234,89.833,61.446,38.102,23.344,37.648,15.750,1.280,14.470,14.446,0.000,0.000,0.000,125.0,0.000,
12.11.2025,10:39:39.188,19.032,25.555,18.099,3.043,250.0,250.0,95.225,14.556,8.849,38.257,29.219,18.122,11.097,17.901,7.708,0.751,6.957,6.695,0.000,0.000,1.125,125.0,0.000,
12.11.2025,10:39:40.180,14.953,23.563,15.708,3.002,250.0,250.0,65.666,53.935,4.380,175.125,111.048,68.857,42.191,68.026,31.600,7.292,24.308,6.528,0.000,0.000,0.000,125.0,0.000,
12.11.2025,10:39:41.196,25.829,23.637,16.167,3.005,250.0,250.0,116.901,31.076,9.028,91.757,62.508,38.761,23.747,38.294,16.079,1.303,14.776,14.505,0.000,0.000,0.000,125.0,0.000,
12.11.2025,10:39:42.209,16.313,23.589,16.113,3.014,250.0,250.0,105.619,14.710,8.870,38.737,29.520,18.311,11.209,18.090,7.697,0.731,6.966,6.966,0.000,0.000,0.000,125.0,0.750,
12.11.2025,10:39:43.225,20.391,23.692,16.235,3.023,250.0,250.0,58.840,27.673,8.914,88.953,60.481,37.509,22.972,37.057,7.209,0.781,6.428,6.428,0.000,0.000,0.500,125.0,0.000,
12.11.2025,10:39:44.227,19.032,23.507,16.081,3.034,250.0,250.0,67.343,13.519,8.887,35.431,27.483,17.042,10.441,16.845,6.599,0.735,5.864,5.864,0.000,0.000,0.000,125.0,0.500,
12.11.2025,10:39:45.227,28.547,26.620,19.038,3.105,250.0,250.0,55.918,13.222,8.851,34.620,26.966,16.722,10.244,16.513,6.342,0.720,5.622,5.622,0.000,0.000,0.000,125.0,0.000,
12.11.2025,10:39:46.236,21.750,24.884,17.407,3.052,250.0,250.0,53.400,44.334,8.967,153.886,100.354,62.226,38.128,61.471,6.348,0.734,5.614,5.614,0.000,0.000,0.000,125.0,0.000,
12.11.2025,10:39:47.231,19.032,33.217,23.791,3.542,250.0,250.0,53.871,37.115,8.252,125.749,82.992,51.458,31.534,50.833,7.047,0.813,6.234,6.234,0.000,0.000,0.500,125.0,0.000,
12.11.2025,10:39:48.225,27.188,24.594,17.141,3.059,250.0,250.0,117.543,30.728,9.039,90.652,61.833,38.343,23.490,37.877,15.772,1.267,14.505,14.505,0.000,0.000,0.000,125.0,0.000,
12.11.2025,10:39:49.227,27.188,24.594,17.141,3.059,250.0,250.0,105.150,14.680,8.870,38.589,29.440,18.253,11.187,18.032,7.721,0.737,6.984,6.984,0.000,0.000,0.000,125.0,0.000,
12.11.2025,10:39:50.230,17.672,23.152,15.636,3.063,250.0,250.0,57.433,56.769,4.755,121.182,78.092,48.424,29.668,47.836,91.734,19.466,72.268,54.259,0.000,0.000,0.000,125.0,0.000,
12.11.2025,10:39:51.229,27.188,22.802,14.865,3.025,250.0,250.0,103.564,30.962,9.109,91.084,62.138,38.532,23.606,38.066,16.132,1.308,14.824,14.824,0.000,0.000,0.000,125.0,0.000,
12.11.2025,10:39:52.232,21.750,24.200,16.740,3.029,250.0,250.0,118.171,14.806,8.882,38.835,29.597,18.350,11.247,18.129,7.892,0.651,7.241,7.241,0.000,0.000,0.000,125.0,0.000,
12.11.2025,10:39:53.230,23.110,21.360,13.976,2.930,250.0,250.0,65.086,14.095,8.832,37.100,28.496,17.664,10.832,17.455,7.098,0.724,6.374,6.374,0.000,0.000,0.000,125.0,0.000,
12.11.2025,10:39:54.233,17.672,25.214,17.763,3.052,250.0,250.0,67.424,13.289,8.799,34.671,26.961,16.719,10.242,16.523,6.569,0.731,5.838,5.838,0.000,0.000,0.000,125.0,0.000,
12.11.2025,10:39:55.238,20.391,23.872,16.385,3.054,250.0,250.0,55.564,13.253,8.837,34.542,26.903,16.684,10.219,16.487,6.535,0.743,5.792,5.792,0.000,0.000,0.000,125.0,0.000,
12.11.2025,10:39:56.227,16.313,26.796,19.232,3.093,250.0,250.0,63.842,13.175,8.850,34.333,26.781,16.611,10.170,16.414,6.472,0.824,5.648,5.648,0.000,0.000,0.250,125.0,0.500,
12.11.2025,10:39:57.234,17.672,29.422,21.691,3.216,250.0,250.0,67.278,16.375,8.988,44.248,33.018,20.478,12.540,20.233,8.356,0.821,7.535,7.535,0.000,0.000,0.125,125.0,0.000,
12.11.2025,10:39:58.233,27.188,31.788,23.520,3.291,250.0,250.0,66.424,16.356,8.998,44.193,32.987,20.462,12.525,20.216,8.339,0.832,7.507,7.507,0.000,0.000,0.000,125.0,0.000,
12.11.2025,10:39:59.228,23.110,33.971,26.151,3.288,250.0,250.0,58.030,13.312,8.882,34.659,27.008,16.742,10.266,16.546,6.615,0.832,5.783,5.783,0.000,0.000,0.500,125.0,0.000,
12.11.2025,10:40:0.236,31.266,33.048,25.225,3.302,250.0,250.0,51.309,13.044,8.847,33.838,26.484,16.425,10.059,16.216,6.464,0.825,5.639,5.639,0.000,0.000,0.000,125.0,1.000,
12.11.2025,10:40:1.240,24.469,36.005,28.185,3.335,250.0,250.0,58.326,12.876,8.844,33.255,26.112,16.189,9.923,16.005,6.415,0.810,5.605,5.605,0.000,0.000,0.500,125.0,2.000,
12.11.2025,10:40:2.243,24.469,34.177,26.375,3.291,250.0,250.0,49.621,62.875,4.231,142.476,90.964,56.405,34.559,55.730,88.130,17.793,70.337,68.124,0.000,0.000,0.000,125.0,0.000,
12.11.2025,10:40:3.245,27.188,32.660,24.059,3.260,250.0,250.0,65.786,20.266,9.040,57.216,41.104,25.484,15.620,25.177,10.239,0.931,9.308,8.542,0.000,0.000,0.000,125.0,0.000,
12.11.2025,10:40:4.249,27.188,35.806,27.999,3.277,250.0,250.0,72.942,14.598,8.842,37.341,28.646,17.757,10.889,17.548,9.407,0.865,8.542,6.140,0.000,0.000,0.375,125.0,0.500,
12.11.2025,10:40:5.246,29.907,34.265,26.507,3.267,250.0,250.0,66.729,13.411,8.837,35.119,27.275,16.907,10.368,16.699,6.646,0.825,5.821,5.614,0.000,0.000,0.000,125.0,0.000,
12.11.2025,10:40:6.250,24.469,36.475,28.571,3.330,250.0,250.0,51.647,51.419,4.207,123.719,79.314,49.182,30.132,48.594,86.157,17.782,68.375,6.723,0.000,0.000,0.500,125.0,0.000,
12.11.2025,10:40:7.254,31.266,33.789,25.572,3.244,250.0,250.0,61.350,17.267,9.001,47.410,34.990,21.691,13.299,21.434,8.538,0.804,7.734,7.772,0.000,0.000,0.000,125.0,0.000,
12.11.2025,10:40:8.249,21.750,35.001,27.132,3.324,250.0,250.0,63.356,14.191,8.820,36.510,28.124,17.441,10.683,17.220,8.587,0.815,7.772,5.935,0.000,0.000,0.000,125.0,0.500,
12.11.2025,10:40:9.250,27.188,31.628,23.868,3.270,250.0,250.0,63.735,13.254,8.810,34.707,26.999,16.744,10.255,16.536,6.444,0.830,5.614,5.605,0.000,0.000,0.500,125.0,0.000,
12.11.2025,10:40:10.256,28.547,33.664,25.847,3.279,250.0,250.0,51.146,33.289,8.928,111.623,74.163,45.982,28.181,45.423,6.429,0.824,5.605,5.732,0.000,0.000,0.000,125.0,0.000,
12.11.2025,10:40:11.257,28.547,34.715,26.912,3.277,250.0,250.0,50.720,13.038,8.875,33.782,26.463,16.403,10.060,16.207,6.490,0.809,5.681,5.614,0.000,0.000,0.500,125.0,1.000,
12.11.2025,10:40:12.262,23.110,33.305,25.547,3.300,250.0,250.0,46.229,18.975,8.969,54.554,39.406,24.434,14.972,24.139,7.462,0.824,6.638,8.350,0.003,0.000,0.625,125.0,0.000,
12.11.2025,10:40:13.266,23.110,33.994,24.918,3.236,250.0,250.0,70.303,19.565,9.240,55.209,39.978,24.794,15.184,24.487,9.198,0.819,8.379,8.360,0.000,0.000,0.000,125.0,0.375,
12.11.2025,10:40:14.261,21.750,33.877,26.093,3.307,250.0,250.0,64.112,13.965,8.953,36.734,28.342,17.574,10.768,17.353,6.954,0.823,6.131,6.015,0.000,0.000,0.000,125.0,0.000,
12.11.2025,10:40:15.264,33.985,34.681,26.865,3.292,250.0,250.0,62.018,11.367,4.320,31.987,22.532,13.966,8.566,13.794,6.421,0.816,5.605,5.664,0.000,0.000,0.000,125.0,0.875,
12.11.2025,10:40:16.266,25.829,36.997,28.449,3.341,250.0,250.0,53.659,13.198,4.367,38.057,26.313,16.315,9.998,16.119,7.130,0.863,6.267,6.554,0.002,0.000,0.000,125.0,0.000,
12.11.2025,10:40:17.267,25.829,35.843,26.097,3.294,250.0,250.0,78.897,21.870,8.988,63.238,44.794,27.782,17.012,27.451,10.189,1.060,9.129,9.059,0.000,0.000,0.000,125.0,0.000,
12.11.2025,10:40:18.268,31.266,37.641,29.839,3.300,250.0,250.0,74.370,14.924,8.805,38.002,29.042,18.004,11.038,17.784,10.098,1.029,9.069,6.364,0.000,0.000,0.000,125.0,0.375,
12.11.2025,10:40:19.269,25.829,35.086,27.285,3.287,250.0,250.0,52.555,13.721,8.904,36.093,27.914,17.305,10.609,17.096,6.743,0.825,5.918,5.804,0.000,0.000,0.000,125.0,0.000,
12.11.2025,10:40:20.258,24.469,35.734,27.721,3.278,250.0,250.0,120.884,193.142,9.454,394.272,249.179,154.508,94.671,152.641,318.609,72.827,245.782,239.478,0.003,0.000,0.500,125.0,0.000,
12.11.2025,10:40:21.269,23.110,37.932,29.928,3.278,250.0,250.0,376.719,32.115,9.131,93.813,63.854,39.585,24.269,39.107,17.598,1.408,16.190,16.190,0.000,0.000,0.000,125.0,0.000,
12.11.2025,10:40:22.256,17.672,30.247,22.489,3.218,250.0,250.0,119.350,31.209,9.101,92.127,62.778,38.932,23.846,38.466,16.039,1.275,14.764,14.764,0.000,0.000,0.000,125.0,0.000,
12.11.2025,10:40:23.258,23.110,24.841,17.372,3.029,250.0,250.0,110.656,14.673,8.903,38.551,29.442,18.254,11.188,18.033,7.702,0.750,6.952,6.952,0.000,0.000,0.000,125.0,0.000,
12.11.2025,10:40:24.268,14.953,23.380,15.906,3.060,250.0,250.0,67.922,13.952,8.868,36.772,28.310,17.553,10.757,17.344,6.885,0.740,6.145,6.145,0.000,0.000,0.000,125.0,0.000,
12.11.2025,10:40:25.259,21.750,23.187,15.667,3.050,250.0,250.0,56.428,13.303,8.877,34.813,27.101,16.800,10.301,16.604,6.424,0.734,5.690,5.690,0.000,0.000,0.000,125.0,0.000,
12.11.2025,10:40:26.262,17.672,26.224,18.669,3.084,250.0,250.0,55.688,44.241,8.946,153.395,100.034,62.025,38.009,61.271,6.533,0.830,5.703,5.664,0.000,0.000,0.000,125.0,0.375,
12.11.2025,10:40:27.263,17.672,27.272,19.784,3.073,250.0,250.0,66.891,13.098,8.833,34.057,26.599,16.494,10.105,16.298,6.443,0.737,5.706,5.706,0.000,0.000,0.000,125.0,0.000,
12.11.2025,10:40:28.265,24.469,26.096,18.512,3.138,250.0,250.0,53.850,10.705,4.590,29.206,20.960,12.996,7.964,12.849,6.412,0.748,5.664,5.664,0.000,0.000,0.000,125.0,0.375,
12.11.2025,10:40:29.262,20.391,25.975,18.044,3.030,250.0,250.0,80.311,30.645,9.096,90.237,61.616,38.204,23.412,37.738,15.807,1.278,14.529,14.529,0.002,0.000,0.000,125.0,0.000,
12.11.2025,10:40:30.261,17.672,26.647,18.292,3.035,250.0,250.0,109.602,31.100,9.180,91.742,62.597,38.817,23.780,38.351,15.877,1.289,14.588,14.776,0.000,0.000,0.000,125.0,0.000,
12.11.2025,10:40:31.260,17.672,25.641,18.204,3.038,250.0,250.0,91.775,14.448,8.842,38.103,29.116,18.053,11.063,17.845,7.455,0.746,6.709,6.545,0.000,0.000,0.000,125.0,0.000,
12.11.2025,10:40:32.261,16.313,25.552,18.102,3.009,250.0,250.0,56.944,13.764,8.894,36.121,27.912,17.316,10.596,17.108,6.857,0.746,6.111,5.978,0.000,0.000,0.500,125.0,0.000,
12.11.2025,10:40:33.258,19.032,23.737,16.188,3.024,250.0,250.0,83.227,30.744,9.127,90.510,61.802,38.323,23.479,37.857,15.875,1.287,14.588,14.588,0.002,0.000,0.000,125.0,0.000,
12.11.2025,10:40:34.259,20.391,24.542,16.230,3.028,250.0,250.0,110.166,31.141,9.145,91.909,62.675,38.869,23.806,38.403,15.901,1.278,14.623,14.800,0.000,0.000,1.125,125.0,0.000,
12.11.2025,10:40:35.258,10.875,24.546,16.973,3.110,250.0,250.0,90.947,14.463,8.866,38.093,29.130,18.067,11.063,17.846,7.495,0.749,6.746,6.572,0.000,0.000,0.000,125.0,0.000,
12.11.2025,10:40:36.257,21.750,25.074,17.592,3.041,250.0,250.0,57.012,13.668,8.954,35.680,27.687,17.174,10.513,16.965,6.856,0.745,6.111,5.995,0.000,0.000,0.000,125.0,0.375,
12.11.2025,10:40:37.258,19.032,26.852,19.260,3.099,250.0,250.0,56.347,40.529,3.842,61.822,40.688,25.234,15.454,24.928,84.371,16.668,67.703,64.579,0.000,0.000,0.000,125.0,0.000,
12.11.2025,10:40:38.256,14.953,24.833,16.771,3.029,250.0,250.0,92.803,31.494,9.198,93.183,63.497,39.371,24.126,38.893,15.906,1.294,14.612,14.860,0.002,0.000,0.000,125.0,0.000,
12.11.2025,10:40:39.270,19.032,24.761,17.040,3.009,250.0,250.0,120.535,31.080,9.179,91.533,62.463,38.734,23.729,38.268,16.106,1.306,14.800,14.682,0.000,0.000,0.000,125.0,0.000,
12.11.2025,10:40:40.258,16.313,24.424,16.963,3.041,250.0,250.0,72.389,14.379,8.921,37.895,29.039,18.010,11.029,17.789,7.332,0.751,6.581,6.444,0.000,0.000,0.500,125.0,0.000,
12.11.2025,10:40:41.258,17.672,24.465,16.998,3.008,250.0,250.0,57.736,13.777,8.899,36.078,27.898,17.298,10.600,17.090,6.886,0.755,6.131,6.131,0.000,0.000,0.000,125.0,0.000,
12.11.2025,10:40:42.262,13.594,24.027,16.575,3.045,250.0,250.0,63.618,17.765,9.173,48.828,35.975,22.307,13.668,22.037,8.802,0.748,8.054,8.054,0.000,0.000,0.000,125.0,0.000,
12.11.2025,10:40:43.256,17.672,25.081,17.192,3.011,250.0,250.0,83.642,17.686,9.036,48.723,35.829,22.221,13.608,21.951,8.745,0.748,7.997,7.997,0.000,0.000,0.000,125.0,0.000,
12.11.2025,10:40:44.259,16.313,25.364,17.873,3.033,250.0,250.0,66.656,13.974,8.909,36.738,28.314,17.555,10.759,17.346,6.954,0.745,6.209,6.209,0.000,0.000,0.000,125.0,0.000,
12.11.2025,10:40:45.257,24.469,25.016,17.477,3.099,250.0,250.0,57.052,13.428,8.957,35.068,27.306,16.928,10.378,16.732,6.556,0.755,5.801,5.801,0.000,0.000,0.000,125.0,0.000,
12.11.2025,10:40:46.257,17.672,23.553,16.039,3.016,250.0,250.0,64.846,13.217,9.007,34.324,26.885,16.676,10.209,16.468,6.445,0.739,5.706,5.706,0.000,0.000,0.000,125.0,0.000,
12.11.2025,10:40:47.268,20.391,25.901,18.453,3.036,250.0,250.0,54.980,12.892,8.938,33.210,26.151,16.211,9.940,16.014,6.391,0.718,5.673,5.673,0.000,0.000,0.000,125.0,0.000,
12.11.2025,10:40:48.261,17.672,31.536,23.648,3.372,250.0,250.0,51.327,49.238,4.354,99.247,64.229,39.832,24.397,39.354,86.248,17.539,68.709,48.466,0.000,0.000,0.000,125.0,0.000,
12.11.2025,10:40:49.268,20.391,29.103,20.200,3.233,250.0,250.0,89.168,31.272,9.145,91.636,62.511,38.755,23.756,38.289,16.660,1.353,15.307,15.307,0.003,0.000,0.000,125.0,0.000,
12.11.2025,10:40:50.257,16.313,25.102,17.520,3.063,250.0,250.0,118.900,18.226,8.994,42.767,32.105,19.911,12.194,19.665,15.961,1.256,14.705,14.705,0.000,0.000,0.000,125.0,0.000,
12.11.2025,10:40:51.262,16.313,24.267,16.788,3.030,250.0,250.0,81.357,14.083,8.983,36.890,28.451,17.642,10.809,17.434,7.203,0.750,6.453,6.218,0.000,0.000,0.000,125.0,0.000,
12.11.2025,10:40:52.261,17.672,27.625,20.092,3.031,250.0,250.0,84.527,57.130,9.318,191.318,123.757,76.735,47.022,75.810,16.068,1.394,14.674,15.200,0.002,0.000,0.000,125.0,0.000,
12.11.2025,10:40:53.260,32.625,24.014,16.097,3.027,250.0,250.0,110.104,30.885,9.205,90.578,61.900,38.376,23.524,37.910,16.294,1.318,14.976,14.764,0.000,0.000,0.000,125.0,0.375,
12.11.2025,10:40:54.269,29.907,24.962,17.475,3.069,250.0,250.0,91.358,14.392,8.934,37.906,29.056,18.013,11.043,17.804,7.346,0.747,6.599,6.470,0.000,0.000,0.000,125.0,0.500,
12.11.2025,10:40:55.267,17.672,24.642,17.056,3.109,250.0,250.0,58.140,84.790,9.020,91.602,61.958,38.426,23.532,37.964,104.562,32.734,71.828,376.278,0.000,0.000,0.000,125.0,0.000,
12.11.2025,10:40:56.263,16.313,24.936,17.385,3.072,250.0,250.0,56.273,13.436,8.950,34.477,26.933,16.700,10.233,16.504,7.405,0.840,6.565,5.750,0.000,0.000,0.000,125.0,0.000,
12.11.2025,10:40:57.270,17.672,25.239,17.686,3.099,250.0,250.0,66.416,13.031,8.936,33.671,26.425,16.390,10.035,16.193,6.479,0.738,5.741,5.706,0.000,0.000,1.125,125.0,0.000,
12.11.2025,10:40:58.271,16.313,24.774,17.245,3.066,250.0,250.0,64.143,6.933,3.590,15.801,12.027,7.462,4.565,7.364,6.429,0.731,5.698,5.664,0.000,0.000,0.000,125.0,1.000,
12.11.2025,10:40:59.269,19.032,26.482,18.055,3.043,250.0,250.0,70.193,6.933,9.248,90.781,62.049,38.471,23.578,38.005,15.932,1.286,14.646,14.646,0.003,0.000,0.000,125.0,0.000,
12.11.2025,10:41:0.266,17.672,27.371,19.089,3.058,250.0,250.0,70.193,30.864,9.248,90.781,62.049,38.471,23.578,38.005,15.932,1.286,14.646,14.646,0.000,0.000,0.000,125.0,0.000,
12.11.2025,10:41:1.266,21.750,26.921,19.426,3.062,250.0,250.0,109.356,31.141,9.446,91.518,62.629,38.838,23.791,38.359,15.996,1.291,14.705,14.835,0.000,0.000,0.000,125.0,0.000,
12.11.2025,10:41:2.271,24.469,24.910,17.412,3.044,250.0,250.0,99.032,14.358,8.950,37.611,28.876,17.902,10.974,17.693,7.491,0.737,6.754,6.590,0.000,0.000,0.000,125.0,0.000,
12.11.2025,10:41:3.261,14.953,24.201,16.731,3.033,250.0,250.0,67.861,13.742,8.889,35.980,27.838,17.255,10.583,17.046,6.902,0.757,6.145,6.030,0.000,0.000,0.375,125.0,0.000,
12.11.2025,10:41:4.259,17.672,25.140,17.669,3.060,250.0,250.0,55.196,14.781,8.932,40.334,30.544,18.940,11.604,18.719,6.453,0.747,5.706,5.826,0.000,0.000,0.375,125.0,0.000,
12.11.2025,10:41:5.262,13.594,26.280,18.676,3.082,250.0,250.0,54.520,13.109,8.957,33.903,26.586,16.489,10.097,16.293,6.522,0.747,5.775,5.724,0.000,0.000,0.000,125.0,0.500,
12.11.2025,10:41:6.259,19.032,23.746,15.463,3.019,250.0,250.0,69.693,30.671,9.124,90.110,61.546,38.169,23.377,37.702,16.002,1.297,14.705,14.682,0.000,0.000,0.000,125.0,0.000,
12.11.2025,10:41:7.260,14.953,26.732,19.203,3.056,250.0,250.0,118.710,30.799,9.144,90.544,61.832,38.335,23.497,37.869,16.046,1.361,14.685,14.682,0.000,0.000,0.000,125.0,0.000,
12.11.2025,10:41:8.260,17.672,26.397,18.889,3.067,250.0,250.0,99.554,43.263,9.114,145.927,95.522,59.228,36.294,58.510,10.672,1.932,8.740,6.692,0.000,0.000,0.000,125.0,0.000,
12.11.2025,10:41:9.259,17.672,24.909,17.381,3.044,250.0,250.0,56.492,14.181,8.931,37.560,28.835,17.883,10.952,17.662,6.943,0.841,6.102,6.099,0.000,0.000,0.000,125.0,0.000,
12.11.2025,10:41:10.257,20.391,23.085,15.620,3.049,250.0,250.0,67.526,13.364,8.892,34.928,27.179,16.852,10.327,16.656,6.542,0.815,5.727,5.724,0.000,0.000,0.000,125.0,0.000,
12.11.2025,10:41:11.259,19.032,25.587,16.804,3.104,250.0,250.0,63.427,11.436,4.281,32.136,22.595,14.008,8.587,13.836,6.609,0.899,5.710,5.698,0.002,0.000,0.000,125.0,0.000,
12.11.2025,10:41:12.259,16.313,25.729,17.763,3.015,250.0,250.0,67.266,140.651,9.203,180.030,116.673,72.341,44.332,71.465,273.866,70.756,203.110,364.738,0.000,0.000,0.500,125.0,0.000,
12.11.2025,10:41:13.270,16.313,25.702,18.202,3.059,250.0,250.0,107.702,30.695,9.119,89.928,61.430,38.092,23.338,37.638,16.261,1.377,14.884,14.882,0.000,0.000,0.000,125.0,0.000,
12.11.2025,10:41:14.263,19.032,26.198,18.739,3.027,250.0,250.0,94.834,14.459,8.905,38.065,29.127,18.065,11.062,17.844,7.455,0.842,6.613,6.607,0.000,0.000,1.125,125.0,1.000,
12.11.2025,10:41:15.264,20.391,27.092,19.480,3.124,250.0,250.0,67.422,13.746,8.945,35.980,27.863,17.287,10.576,17.079,6.855,0.830,6.025,6.021,0.000,0.000,0.000,125.0,0.000,
12.11.2025,10:41:16.266,23.110,24.290,16.804,3.024,250.0,250.0,66.588,13.445,8.906,35.043,27.268,16.903,10.365,16.694,6.707,0.844,5.863,5.859,0.000,0.000,0.000,125.0,0.375,
12.11.2025,10:41:17.265,27.188,31.444,23.764,3.206,250.0,250.0,54.062,13.214,8.910,34.238,26.766,16.597,10.169,16.388,6.665,0.922,5.743,5.741,0.003,0.000,0.000,125.0,0.375,
12.11.2025,10:41:18.258,21.750,35.626,26.913,3.340,250.0,250.0,54.798,15.999,8.982,42.906,32.181,19.954,12.227,19.709,8.322,0.934,7.388,7.384,0.000,0.000,0.000,125.0,0.500,
12.11.2025,10:41:19.258,23.110,36.502,28.648,3.334,250.0,250.0,58.224,40.010,9.173,115.670,76.686,47.557,29.129,46.987,33.529,3.966,29.563,7.840,0.000,0.000,0.000,125.0,0.000,
12.11.2025,10:41:20.263,32.625,34.969,27.133,3.303,250.0,250.0,60.347,13.275,8.918,34.377,26.866,16.659,10.207,16.451,6.767,0.848,5.919,5.741,0.000,0.000,0.500,125.0,0.000,
12.11.2025,10:41:21.270,25.829,35.214,27.432,3.295,250.0,250.0,50.150,12.910,8.948,33.134,26.105,16.181,9.924,15.985,6.558,0.834,5.724,5.706,0.000,0.000,0.000,125.0,0.000,
12.11.2025,10:41:22.272,20.391,36.103,27.502,3.224,250.0,250.0,62.815,20.073,9.237,56.758,40.932,25.386,15.546,25.080,9.563,0.911,8.652,8.661,0.000,0.000,0.000,125.0,0.500,
12.11.2025,10:41:23.273,28.547,34.201,26.399,3.311,250.0,250.0,73.215,20.094,9.199,56.888,40.984,25.417,15.567,25.110,9.559,0.907,8.652,8.661,0.000,0.000,0.000,125.0,0.000,
12.11.2025,10:41:24.279,29.907,34.214,26.396,3.292,250.0,250.0,70.632,13.852,8.965,36.270,28.062,17.392,10.670,17.183,6.956,0.827,6.129,6.065,0.000,0.000,0.000,125.0,0.000,
12.11.2025,10:41:25.275,27.188,38.341,30.454,3.344,250.0,250.0,58.282,13.251,8.942,34.428,26.900,16.682,10.218,16.486,6.569,0.828,5.741,5.715,0.000,0.000,0.750,125.0,0.000,
12.11.2025,10:41:26.286,28.547,34.367,26.391,3.313,250.0,250.0,49.889,12.934,8.897,33.298,26.182,16.232,9.950,16.035,6.530,0.832,5.698,5.690,0.002,0.000,0.000,125.0,0.375,
12.11.2025,10:41:27.287,32.625,36.820,28.283,3.306,250.0,250.0,85.438,30.970,9.075,91.262,62.230,38.584,23.646,38.118,16.055,1.385,14.670,14.670,0.000,0.000,0.000,125.0,0.000,
12.11.2025,10:41:28.303,24.469,34.557,26.710,3.332,250.0,250.0,107.061,48.485,9.262,158.402,103.347,64.084,39.263,63.305,16.117,1.412,14.705,14.953,0.000,0.000,0.000,125.0,0.000,
12.11.2025,10:41:29.292,29.907,33.681,25.827,3.320,250.0,250.0,79.391,14.484,8.941,38.257,29.282,18.155,11.127,17.934,7.439,0.853,6.586,6.271,0.000,0.000,0.000,125.0,0.000,
12.11.2025,10:41:30.294,29.907,35.449,27.669,3.276,250.0,250.0,51.759,13.511,8.865,35.266,27.373,16.973,10.400,16.777,6.766,0.834,5.932,5.924,0.000,0.000,0.000,125.0,1.125,
12.11.2025,10:41:31.300,24.469,36.929,28.533,3.296,250.0,250.0,48.939,10.899,4.186,30.234,21.344,13.236,8.108,13.077,6.547,0.849,5.698,5.706,0.002,0.000,0.000,125.0,1.500,
12.11.2025,10:41:32.315,21.750,33.324,25.324,3.207,250.0,250.0,88.746,96.536,9.266,146.863,96.190,59.643,36.547,58.926,272.460,68.846,203.614,13.005,0.000,0.000,0.000,125.0,0.000,
12.11.2025,10:41:33.316,24.469,35.458,27.701,3.273,250.0,250.0,100.398,27.420,9.053,79.687,55.040,34.130,20.910,33.713,14.707,1.492,13.215,12.254,0.000,0.000,0.500,125.0,0.000,
12.11.2025,10:41:34.306,35.344,34.155,26.373,3.262,250.0,250.0,58.345,14.321,8.894,37.999,29.078,18.028,11.050,17.820,7.098,0.827,6.271,6.145,0.000,0.000,1.125,125.0,0.375,
12.11.2025,10:41:35.306,27.188,37.545,29.419,3.325,250.0,250.0,51.693,13.595,8.851,35.829,27.715,17.193,10.522,16.985,6.569,0.837,5.732,5.715,0.002,0.000,0.000,125.0,0.000,
12.11.2025,10:41:36.308,24.469,34.260,25.901,3.230,250.0,250.0,66.781,19.609,9.051,55.388,39.961,24.784,15.177,24.489,9.359,0.833,8.526,8.526,0.000,0.000,0.000,125.0,0.000,
12.11.2025,10:41:37.315,29.907,35.462,27.579,3.361,250.0,250.0,77.270,19.229,9.086,53.807,39.018,24.196,14.822,23.902,9.435,0.850,8.585,8.585,0.000,0.000,0.000,125.0,0.000,
12.11.2025,10:41:38.310,21.750,34.162,26.324,3.308,250.0,250.0,65.284,13.510,8.867,35.146,27.304,16.927,10.377,16.730,6.856,0.817,6.039,6.039,0.000,0.000,0.000,125.0,0.375,
12.11.2025,10:41:39.313,25.829,35.556,27.721,3.306,250.0,250.0,50.768,13.063,8.872,33.790,26.465,16.416,10.049,16.220,6.554,0.848,5.706,5.706,0.000,0.000,0.500,125.0,0.500,
12.11.2025,10:41:40.317,29.907,35.433,27.018,3.266,250.0,250.0,49.519,55.186,4.375,116.420,74.891,46.435,28.456,45.883,80.845,17.512,63.333,73.708,0.003,0.000,0.000,125.0,0.000,
12.11.2025,10:41:41.313,32.625,32.917,24.885,3.307,250.0,250.0,92.403,166.236,9.402,393.001,248.383,154.017,94.366,152.150,297.019,63.090,233.929,17.003,0.000,0.000,0.000,125.0,0.000,
12.11.2025,10:41:42.304,23.110,31.331,23.556,3.234,250.0,250.0,394.987,32.322,8.981,94.255,64.028,39.702,24.326,39.224,18.049,1.447,16.602,16.602,0.000,0.000,0.000,125.0,0.000,
12.11.2025,10:41:43.317,16.313,23.767,16.351,3.012,250.0,250.0,148.787,31.052,8.992,91.291,62.196,38.561,23.635,38.095,16.359,1.323,15.036,15.036,0.000,0.000,0.500,125.0,0.000,
12.11.2025,10:41:44.317,50.298,23.515,15.995,3.025,250.0,250.0,105.602,14.871,8.880,39.078,29.741,18.446,11.295,18.225,7.945,0.787,7.158,7.158,0.000,0.000,0.000,125.0,0.000,
12.11.2025,10:41:45.318,17.672,24.225,16.740,3.051,250.0,250.0,70.178,13.738,8.893,35.790,27.723,17.186,10.537,16.978,7.009,0.750,6.259,6.259,0.000,0.000,0.000,125.0,0.000,
12.11.2025,10:41:46.317,21.750,23.991,16.549,3.023,250.0,250.0,55.095,12.925,8.854,33.255,26.119,16.198,9.921,16.002,6.548,0.747,5.801,5.801,0.000,0.000,0.000,125.0,0.000,
12.11.2025,10:41:47.316,17.672,24.284,16.762,3.049,250.0,250.0,53.354,36.574,8.966,123.920,81.921,50.792,31.129,50.183,6.526,0.751,5.775,5.775,0.000,0.000,0.000,125.0,0.000,
12.11.2025,10:41:48.315,21.750,25.049,17.509,3.072,250.0,250.0,65.649,12.929,8.816,33.300,26.124,16.194,9.930,15.998,6.558,0.749,5.809,5.809,0.000,0.000,0.000,125.0,0.000,
12.11.2025,10:41:49.315,31.266,31.267,23.226,3.524,250.0,250.0,53.010,12.790,8.822,32.802,25.822,16.008,9.814,15.824,6.519,0.744,5.775,5.775,0.000,0.000,0.000,125.0,0.000,
12.11.2025,10:41:50.303,20.391,26.217,17.029,3.079,250.0,250.0,46.452,10.216,4.125,27.719,19.758,12.248,7.510,12.101,6.479,0.738,5.741,5.741,0.002,0.000,0.000,125.0,0.000,
12.11.2025,10:41:51.309,24.469,25.879,17.977,3.026,250.0,250.0,89.270,30.737,9.006,90.353,61.631,38.213,23.418,37.747,16.103,1.303,14.800,14.800,0.000,0.000,0.000,125.0,0.000,
12.11.2025,10:41:52.308,19.032,24.798,17.291,3.057,250.0,250.0,118.158,30.761,9.024,90.139,61.499,38.138,23.361,37.672,16.370,1.333,15.036,15.036,0.000,0.000,0.000,125.0,0.375,
12.11.2025,10:41:53.309,13.594,25.820,18.304,3.051,250.0,250.0,85.541,14.174,8.840,37.095,28.498,17.670,10.828,17.450,7.412,0.752,6.660,6.533,0.000,0.000,0.000,125.0,0.000,
12.11.2025,10:41:54.304,19.032,23.774,16.286,3.056,250.0,250.0,56.300,44.422,9.001,153.491,100.100,62.076,38.024,61.322,6.935,0.799,6.136,6.337,0.000,0.000,0.000,125.0,0.000,
12.11.2025,10:41:55.316,14.953,25.817,17.807,3.097,250.0,250.0,55.240,17.463,8.972,49.214,36.090,22.387,13.703,22.117,6.990,0.800,6.190,8.168,0.000,0.000,0.000,125.0,0.000,
12.11.2025,10:41:56.304,20.391,22.729,15.210,3.062,250.0,250.0,84.404,17.638,8.930,48.492,35.622,22.087,13.535,21.817,8.902,0.781,8.121,8.092,0.000,0.000,0.000,125.0,0.000,
12.11.2025,10:41:57.315,16.313,25.583,17.994,3.098,250.0,250.0,66.053,13.752,8.801,35.914,27.734,17.197,10.537,16.989,7.073,0.749,6.324,6.207,0.000,0.000,0.000,125.0,0.375,
12.11.2025,10:41:58.308,16.313,24.220,16.710,3.084,250.0,250.0,56.116,13.612,8.807,35.786,27.649,17.153,10.496,16.945,6.712,0.754,5.958,5.859,0.000,0.000,0.000,125.0,0.000,
12.11.2025,10:41:59.304,17.672,26.414,18.882,3.056,250.0,250.0,64.055,12.970,8.806,33.460,26.219,16.261,9.958,16.065,6.577,0.751,5.826,5.775,0.000,0.000,0.000,125.0,0.375,
12.11.2025,10:42:0.307,17.672,24.754,17.068,3.055,250.0,250.0,53.784,12.709,8.824,32.486,25.624,15.885,9.739,15.701,6.537,0.762,5.775,5.758,0.003,0.000,0.000,125.0,0.375,
12.11.2025,10:42:1.305,16.313,25.442,17.258,3.047,250.0,250.0,80.714,184.597,9.065,152.854,99.824,61.897,37.927,61.155,270.693,69.211,201.482,881.858,0.000,0.000,0.000,125.0,0.000,
12.11.2025,10:42:2.305,21.750,23.565,16.073,3.050,250.0,250.0,108.395,30.759,8.915,90.237,61.499,38.133,23.366,37.679,16.365,1.329,15.036,15.036,0.000,0.000,0.000,125.0,0.500,
12.11.2025,10:42:3.311,17.672,25.728,18.218,3.055,250.0,250.0,95.369,14.280,8.805,37.475,28.713,17.809,10.904,17.588,7.418,0.748,6.670,6.670,0.000,0.000,0.000,125.0,0.000,
12.11.2025,10:42:4.316,14.953,25.115,17.653,3.030,250.0,250.0,57.658,13.428,8.818,34.872,27.099,16.799,10.300,16.602,6.845,0.746,6.099,6.099,0.000,0.000,0.000,125.0,0.000,
12.11.2025,10:42:5.306,19.032,26.254,18.268,3.088,250.0,250.0,54.893,41.340,8.347,142.148,92.906,57.612,35.294,56.917,6.989,0.790,6.199,6.199,0.000,0.000,0.500,125.0,0.125,
12.11.2025,10:42:6.306,19.032,24.593,17.093,3.034,250.0,250.0,72.183,18.933,8.955,52.785,38.297,23.744,14.553,23.462,9.437,0.774,8.663,8.663,0.000,0.000,0.000,125.0,0.375,
12.11.2025,10:42:7.308,20.391,25.979,18.452,3.095,250.0,250.0,84.234,14.125,8.847,36.982,28.427,17.630,10.797,17.422,7.296,0.745,6.551,6.551,0.000,0.000,0.000,125.0,0.000,
12.11.2025,10:42:8.306,20.391,25.561,18.017,3.056,250.0,250.0,59.425,18.832,8.880,54.627,39.311,24.383,14.928,24.089,7.651,0.849,6.802,6.802,0.000,0.000,0.000,125.0,0.000,
12.11.2025,10:42:9.305,20.391,25.561,18.017,3.056,250.0,250.0,54.733,13.096,8.945,33.830,26.531,16.448,10.083,16.252,6.540,0.748,5.792,5.792,0.000,0.000,0.000,125.0,0.000,
12.11.2025,10:42:10.317,21.750,24.101,16.665,3.029,250.0,250.0,63.219,12.800,8.853,32.817,25.855,16.026,9.829,15.829,6.512,0.746,5.766,5.766,0.000,0.000,0.000,125.0,0.000,
12.11.2025,10:42:11.317,25.829,23.419,15.978,3.013,250.0,250.0,52.195,64.663,4.339,158.726,101.130,62.705,38.425,61.945,85.732,16.960,68.772,47.900,0.000,0.000,0.000,125.0,0.000,
12.11.2025,10:42:12.313,20.391,26.279,18.004,2.984,250.0,250.0,90.821,31.085,9.042,91.335,62.256,38.605,23.651,38.138,16.471,1.342,15.129,14.882,0.003,0.000,0.000,125.0,0.000,
12.11.2025,10:42:13.308,19.032,25.627,18.171,2.986,250.0,250.0,120.098,16.556,8.885,39.107,29.773,18.463,11.310,18.230,16.249,1.296,14.953,7.291,0.000,0.000,0.500,125.0,0.000,
12.11.2025,10:42:14.311,19.032,25.745,18.310,2.990,250.0,250.0,87.057,42.539,8.948,145.892,95.408,59.155,36.253,58.437,7.371,0.816,6.555,6.560,0.000,0.000,0.000,125.0,0.000,
12.11.2025,10:42:15.308,19.032,23.517,16.064,3.019,250.0,250.0,55.983,13.540,8.847,35.261,27.363,16.962,10.401,16.754,6.899,0.760,6.139,6.010,0.000,0.000,0.000,125.0,0.000,
12.11.2025,10:42:16.309,12.235,27.556,20.018,3.063,250.0,250.0,58.915,30.865,9.017,90.707,61.843,38.355,23.488,37.889,16.237,1.320,14.917,14.882,0.000,0.000,1.250,125.0,0.000,
12.11.2025,10:42:17.311,13.594,24.964,17.039,3.015,250.0,250.0,117.590,31.089,8.978,91.384,62.251,38.602,23.649,38.135,16.486,1.592,14.894,14.917,0.000,0.000,0.000,125.0,0.000,
12.11.2025,10:42:18.313,17.672,25.376,17.869,3.016,250.0,250.0,105.171,14.564,8.805,38.297,29.212,18.113,11.099,17.905,7.673,0.762,6.911,6.862,0.000,0.000,0.000,125.0,0.000,
12.11.2025,10:42:19.312,17.672,25.547,18.086,3.001,250.0,250.0,58.966,13.850,8.819,36.213,27.939,17.318,10.621,17.110,7.121,0.754,6.367,6.233,0.000,0.000,0.000,125.0,0.000,
12.11.2025,10:42:20.318,31.266,24.008,16.547,3.004,250.0,250.0,66.869,13.281,8.824,34.637,26.967,16.723,10.244,16.514,6.559,0.758,5.801,5.783,0.000,0.000,0.000,125.0,0.000,
12.11.2025,10:42:21.317,13.594,23.655,16.238,2.988,250.0,250.0,55.610,13.168,8.853,34.169,26.694,16.556,10.138,16.347,6.536,0.753,5.783,5.851,0.000,0.000,0.000,125.0,0.000,
12.11.2025,10:42:22.316,19.032,25.278,17.826,3.001,250.0,250.0,53.577,10.427,4.540,28.049,20.218,12.538,7.680,12.378,6.540,0.757,5.783,5.783,0.000,0.000,0.000,125.0,0.000,
12.11.2025,10:42:23.313,19.032,25.186,17.573,2.962,250.0,250.0,78.701,30.775,9.017,90.462,61.701,38.260,23.441,37.794,16.127,1.303,14.824,14.824,0.002,0.000,0.000,125.0,0.000,
12.11.2025,10:42:24.307,24.469,23.460,15.067,2.921,250.0,250.0,108.848,30.946,8.978,91.006,62.018,38.455,23.563,37.989,16.256,1.315,14.941,14.941,0.000,0.000,0.000,125.0,0.000,
12.11.2025,10:42:25.306,17.672,23.876,16.436,2.994,250.0,250.0,88.185,19.818,8.834,57.626,41.140,25.512,15.628,25.206,8.362,0.855,7.507,7.507,0.000,0.000,0.625,125.0,0.000,
12.11.2025,10:42:26.305,19.032,26.524,18.993,3.075,250.0,250.0,75.020,26.877,8.462,86.216,58.721,36.412,22.309,35.971,7.160,0.801,6.359,6.359,0.000,0.000,0.500,125.0,0.000,
12.11.2025,10:42:27.307,25.829,26.084,17.809,2.968,250.0,250.0,110.287,31.033,8.980,91.268,62.180,38.554,23.626,38.088,16.321,1.333,14.988,14.988,0.000,0.000,0.000,125.0,0.000,
12.11.2025,10:42:28.308,17.672,24.521,17.048,3.052,250.0,250.0,100.194,14.810,8.836,38.728,29.502,18.290,11.212,18.070,8.074,0.765,7.309,7.309,0.000,0.000,0.000,125.0,0.000,
12.11.2025,10:42:29.305,17.672,25.326,17.853,3.036,250.0,250.0,67.728,14.236,8.856,37.434,28.713,17.809,10.904,17.589,7.277,0.778,6.499,6.499,0.000,0.000,0.000,125.0,0.000,
12.11.2025,10:42:30.307,17.672,24.958,17.460,3.028,250.0,250.0,65.937,13.776,8.926,36.152,27.961,17.344,10.617,17.135,6.796,0.760,6.036,6.036,0.000,0.000,0.000,125.0,0.000,
12.11.2025,10:42:31.314,19.032,25.363,17.903,2.999,250.0,250.0,55.221,26.194,3.771,43.037,29.015,17.990,11.025,17.770,43.613,7.944,35.669,52.110,0.000,0.000,0.000,125.0,0.000,
12.11.2025,10:42:32.313,12.235,23.732,15.813,3.021,250.0,250.0,93.278,46.636,9.183,150.864,98.958,61.366,37.592,60.621,16.286,1.345,14.941,15.200,0.003,0.000,0.500,125.0,0.000,
12.11.2025,10:42:33.311,20.391,23.327,15.476,3.006,250.0,250.0,121.230,31.200,8.982,91.799,62.510,38.762,23.748,38.284,16.452,1.323,15.129,15.012,0.000,0.000,0.125,125.0,0.000,
12.11.2025,10:42:34.310,17.672,25.208,17.734,3.027,250.0,250.0,72.548,14.475,8.833,38.193,29.167,18.092,11.075,17.871,7.472,0.766,6.706,6.577,0.000,0.000,0.000,125.0,1.125,
12.11.2025,10:42:35.313,19.032,24.050,16.587,3.030,250.0,250.0,57.045,21.194,8.891,64.489,45.416,28.155,17.261,27.812,6.885,0.751,6.134,6.148,0.000,0.000,0.000,125.0,0.000,
12.11.2025,10:42:36.309,27.188,26.334,18.747,3.075,250.0,250.0,77.241,29.709,9.066,92.867,63.228,39.208,24.020,38.729,7.496,0.966,6.530,14.976,0.000,0.000,1.125,125.0,0.500,
12.11.2025,10:42:37.308,24.469,27.317,19.275,3.138,250.0,250.0,116.373,31.407,9.030,92.522,62.994,39.060,23.934,38.581,16.481,1.445,15.036,14.988,0.000,0.000,0.000,125.0,0.000,
12.11.2025,10:42:38.311,32.625,33.976,26.175,3.299,250.0,250.0,97.793,14.551,8.927,38.143,29.198,18.100,11.098,17.880,7.721,0.850,6.871,6.723,0.000,0.000,0.000,125.0,0.875,
12.11.2025,10:42:39.316,21.750,35.287,27.499,3.298,250.0,250.0,54.165,33.989,9.064,113.547,75.448,46.789,28.659,46.217,6.971,0.828,6.143,6.229,0.000,0.000,1.125,125.0,0.000,
12.11.2025,10:42:40.305,25.829,34.526,26.724,3.307,250.0,250.0,58.953,13.618,8.971,35.627,27.665,17.151,10.514,16.943,6.743,0.849,5.894,5.826,0.000,0.000,0.000,125.0,0.000,
12.11.2025,10:42:41.308,27.188,32.641,24.857,3.292,250.0,250.0,51.538,13.158,8.883,34.023,26.622,16.501,10.121,16.304,6.659,0.841,5.818,5.809,0.000,0.000,0.000,125.0,0.000,
12.11.2025,10:42:42.311,25.829,34.365,26.556,3.263,250.0,250.0,50.070,12.910,8.835,33.161,26.055,16.156,9.899,15.960,6.627,0.835,5.792,5.783,0.000,0.000,0.500,125.0,0.000,
12.11.2025,10:42:43.309,27.188,35.367,27.581,3.281,250.0,250.0,42.718,53.803,4.073,117.865,75.584,46.875,28.709,46.311,80.709,17.514,63.195,57.193,0.000,0.000,0.000,125.0,0.000,
12.11.2025,10:42:44.312,35.344,32.974,23.582,3.221,250.0,250.0,67.545,15.819,8.974,42.309,31.812,19.728,12.084,19.482,8.199,0.838,7.361,7.407,0.000,0.000,0.125,125.0,0.000,
12.11.2025,10:42:45.306,27.188,36.859,29.053,3.269,250.0,250.0,61.379,13.986,8.846,35.935,27.785,17.223,10.562,17.015,8.238,0.831,7.407,6.019,0.000,0.001,0.000,125.0,0.500,
12.11.2025,10:42:46.307,32.625,36.317,28.468,3.285,250.0,250.0,51.988,13.236,8.940,34.288,26.816,16.627,10.189,16.419,6.644,0.843,5.801,5.792,0.000,0.000,0.000,125.0,0.375,
12.11.2025,10:42:47.305,23.110,33.336,25.594,3.271,250.0,250.0,50.237,13.071,8.882,33.629,26.367,16.347,10.020,16.151,6.715,0.830,5.885,5.885,0.000,0.000,0.000,125.0,0.000,
12.11.2025,10:42:48.305,27.188,34.281,26.409,3.316,250.0,250.0,58.162,13.103,8.921,33.807,26.501,16.440,10.061,16.244,6.634,0.842,5.792,5.792,0.000,0.000,0.000,125.0,0.375,
12.11.2025,10:42:49.317,31.266,37.699,29.911,3.280,250.0,250.0,55.846,15.853,9.045,42.369,31.897,19.776,12.121,19.530,8.212,0.842,7.370,7.370,0.000,0.000,0.500,125.0,0.000,
12.11.2025,10:42:50.317,28.547,37.380,28.457,3.479,250.0,250.0,58.194,15.771,8.998,42.124,31.713,19.666,12.047,19.420,8.188,0.827,7.361,7.361,0.000,0.000,0.000,125.0,0.375,
12.11.2025,10:42:51.303,27.188,38.230,30.275,3.426,250.0,250.0,55.700,26.058,8.997,83.563,57.019,35.361,21.658,34.935,6.634,0.851,5.783,5.783,0.000,0.000,0.000,125.0,0.000,
12.11.2025,10:42:52.305,24.469,35.857,28.029,3.283,250.0,250.0,59.197,13.267,8.960,34.389,26.885,16.676,10.209,16.479,6.635,0.834,5.801,5.801,0.000,0.000,0.500,125.0,0.000,
12.11.2025,10:42:53.308,29.907,34.017,26.211,3.284,250.0,250.0,63.804,26.594,9.287,77.875,54.056,33.523,20.533,33.118,12.972,1.364,11.608,11.608,0.000,0.000,0.000,125.0,0.000,
12.11.2025,10:42:54.313,24.469,34.734,26.182,3.237,250.0,250.0,93.652,26.569,9.316,77.687,53.960,33.467,20.493,33.062,13.023,1.361,11.662,11.662,0.000,0.000,0.500,125.0,0.000,
12.11.2025,10:42:55.314,21.750,35.235,27.358,3.337,250.0,250.0,86.343,34.254,8.961,114.247,75.757,46.975,28.782,46.416,7.422,0.862,6.560,6.560,0.000,0.000,0.625,125.0,0.375,
12.11.2025,10:42:56.307,28.547,33.864,26.058,3.284,250.0,250.0,53.992,13.720,8.871,35.915,27.783,17.222,10.561,17.014,6.894,0.849,6.045,6.045,0.000,0.000,1.125,125.0,0.000,
12.11.2025,10:42:57.317,32.625,35.882,28.014,3.315,250.0,250.0,59.586,13.237,8.880,34.386,26.828,16.639,10.189,16.442,6.614,0.831,5.783,5.783,0.000,0.000,0.000,125.0,0.000,
12.11.2025,10:42:58.305,27.188,34.468,26.699,3.282,250.0,250.0,67.329,31.282,9.176,92.155,62.838,38.968,23.870,38.502,16.239,1.405,14.835,14.835,0.000,0.000,0.000,125.0,0.000,
12.11.2025,10:42:59.309,32.625,35.374,26.749,3.241,250.0,250.0,107.349,31.085,9.124,91.314,62.297,38.625,23.672,38.159,16.355,1.402,14.953,14.953,0.000,0.000,0.375,125.0,0.000,
12.11.2025,10:43:0.310,21.750,33.707,25.853,3.319,250.0,250.0,86.421,14.108,8.921,36.878,28.417,17.619,10.798,17.398,7.343,0.669,6.674,6.357,0.000,0.000,0.000,125.0,0.000,
12.11.2025,10:43:1.307,14.953,35.897,28.036,3.358,250.0,250.0,52.928,13.222,8.925,34.245,26.779,16.605,10.174,16.408,6.650,0.657,5.993,5.783,0.000,0.000,0.000,125.0,0.000,
12.11.2025,10:43:2.309,20.391,21.632,13.613,3.531,250.0,250.0,37.749,6.180,3.479,13.013,10.224,6.346,3.878,6.272,6.413,0.655,5.758,5.758,0.000,0.000,0.000,125.0,0.000,
12.11.2025,10:43:3.303,1.359,20.915,11.847,2.941,250.0,250.0,25.202,5.552,3.198,10.927,8.771,5.442,3.329,5.369,6.376,0.652,5.724,5.732,0.002,0.000,0.000,125.0,0.000,
12.11.2025,10:43:4.312,1.359,12.299,3.031,2.746,250.0,250.0,16.145,5.240,2.830,10.132,8.047,4.988,3.059,4.927,6.356,0.650,5.706,5.706,0.000,0.000,0.000,125.0,0.000,
12.11.2025,10:43:5.306,10.875,19.425,10.242,2.982,250.0,250.0,14.169,5.312,2.978,10.257,8.211,5.101,3.110,5.040,6.356,0.650,5.706,5.706,0.000,0.000,0.000,125.0,0.000,
12.11.2025,10:43:6.307,28.547,11.784,2.913,2.739,250.0,250.0,13.985,5.386,3.112,10.424,8.402,5.208,3.194,5.147,6.344,0.646,5.698,5.681,0.000,0.000,0.000,125.0,0.000,
12.11.2025,10:43:7.305,31.266,21.308,12.039,3.050,250.0,250.0,13.963,5.386,2.928,10.058,8.054,4.997,3.057,4.935,6.344,0.646,5.698,5.681,0.000,0.000,0.000,125.0,0.000,
12.11.2025,10:43:8.309,21.750,30.747,21.091,3.313,250.0,250.0,13.925,5.240,2.953,10.527,8.366,5.184,3.182,5.123,6.319,0.646,5.673,5.673,0.000,0.000,0.000,125.0,0.000,
12.11.2025,10:43:9.315,20.391,30.796,21.315,3.284,250.0,250.0,14.032,5.365,3.039,10.787,8.577,5.321,3.256,5.259,6.309,0.645,5.664,5.664,0.000,0.000,0.000,125.0,0.000,
12.11.2025,10:43:10.312,31.266,32.024,22.374,3.370,250.0,250.0,14.032,5.452,3.039,10.787,8.577,5.321,3.256,5.259,6.309,0.645,5.664,5.664,0.000,0.000,0.000,125.0,0.000,
12.11.2025,10:43:11.311,2.719,20.341,11.015,3.057,250.0,250.0,14.356,5.426,3.015,10.716,8.512,5.282,3.230,5.221,6.309,0.645,5.664,5.664,0.000,0.000,0.000,125.0,0.000,
12.11.2025,10:43:12.312,2.719,11.384,2.480,2.752,250.0,250.0,14.416,5.446,2.929,10.873,8.564,5.308,3.256,5.247,6.309,0.645,5.664,5.664,0.000,0.000,0.000,125.0,0.000,
12.11.2025,10:43:13.313,10.875,11.977,3.053,2.753,250.0,250.0,14.232,5.644,3.002,11.575,9.045,5.604,3.441,5.542,6.289,0.641,5.648,5.648,0.000,0.000,0.000,125.0,0.000,
12.11.2025,10:43:14.323,1.359,11.899,2.973,2.743,250.0,250.0,14.878,5.494,3.088,10.923,8.695,5.392,3.303,5.318,6.289,0.641,5.648,5.648,0.000,0.000,0.000,125.0,0.000,
12.11.2025,10:43:15.311,1.359,14.320,5.413,2.785,250.0,250.0,14.761,5.557,3.088,11.178,8.859,5.492,3.367,5.419,6.269,0.639,5.630,5.630,0.000,0.000,0.000,125.0,0.000,
12.11.2025,10:43:16.310,5.438,11.352,2.441,2.704,250.0,250.0,14.819,5.454,3.075,10.809,8.605,5.340,3.265,5.279,6.269,0.639,5.630,5.630,0.000,0.000,0.000,125.0,0.000,
12.11.2025,10:43:17.308,2.719,12.665,3.768,2.781,250.0,250.0,14.499,5.537,3.223,10.982,8.806,5.465,3.341,5.404,6.261,0.639,5.622,5.622,0.000,0.000,0.000,125.0,0.000,
12.11.2025,10:43:18.307,1.359,11.781,2.871,2.731,250.0,250.0,14.600,5.522,3.211,10.944,8.782,5.441,3.341,5.380,6.253,0.639,5.614,5.614,0.000,0.000,0.000,125.0,0.000,
12.11.2025,10:43:19.321,4.078,12.336,3.458,2.741,250.0,250.0,14.703,6.270,3.198,13.817,10.551,6.547,4.004,6.473,6.253,0.639,5.614,5.605,0.000,0.000,0.000,125.0,0.000,
12.11.2025,10:43:20.314,1.359,11.292,2.405,2.729,250.0,250.0,14.707,5.803,3.040,12.194,9.455,5.865,3.590,5.791,6.244,0.639,5.605,5.605,0.000,0.000,0.000,125.0,0.000,
12.11.2025,10:43:21.315,1.359,12.102,3.198,2.742,250.0,250.0,14.657,6.073,3.125,13.165,10.104,6.269,3.835,6.195,6.224,0.636,5.588,5.588,0.000,0.000,0.000,125.0,0.000,
12.11.2025,10:43:22.319,5.438,11.681,2.806,2.750,250.0,250.0,14.375,5.837,3.149,12.235,9.545,5.921,3.624,5.847,6.224,0.636,5.588,5.597,0.000,0.000,0.000,125.0,0.000,
12.11.2025,10:43:23.311,13.594,11.337,2.429,2.760,250.0,250.0,14.608,5.977,3.150,12.794,9.888,6.129,3.759,6.056,6.205,0.634,5.571,5.579,0.000,0.000,0.000,125.0,0.000,
12.11.2025,10:43:24.314,2.719,11.915,3.004,2.768,250.0,250.0,14.647,6.260,3.260,13.772,10.559,6.544,4.015,6.471,6.205,0.634,5.571,5.571,0.000,0.000,0.000,125.0,0.000,
12.11.2025,10:43:25.315,2.719,14.114,5.105,2.805,250.0,250.0,14.348,5.663,3.112,11.635,9.158,5.679,3.479,5.605,6.196,0.634,5.562,5.571,0.000,0.000,0.000,125.0,0.000,
12.11.2025,10:43:26.310,1.359,11.292,2.297,2.773,250.0,250.0,13.850,5.623,3.076,11.538,9.068,5.628,3.440,5.554,6.188,0.634,5.554,5.546,0.000,0.000,0.000,125.0,0.000,
12.11.2025,10:43:27.310,14.953,12.821,3.893,2.823,250.0,250.0,14.071,6.133,3.039,13.526,10.275,6.371,3.904,6.285,6.188,0.634,5.554,5.554,0.000,0.000,0.000,125.0,0.000,
12.11.2025,10:43:28.310,2.719,20.293,10.777,3.205,250.0,250.0,14.063,5.575,2.990,11.452,8.957,5.554,3.403,5.492,6.177,0.631,5.546,5.546,0.000,0.000,0.000,125.0,0.000,
12.11.2025,10:43:29.312,10.875,12.085,3.103,2.819,250.0,250.0,14.252,5.451,3.064,10.922,8.669,5.378,3.291,5.317,6.168,0.631,5.537,5.537,0.000,0.000,0.000,125.0,0.000,
12.11.2025,10:43:30.317,2.719,12.797,3.838,2.819,250.0,250.0,14.175,5.550,3.064,11.283,8.899,5.519,3.380,5.458,6.177,0.631,5.546,5.546,0.000,0.000,0.000,125.0,0.000,
12.11.2025,10:43:31.311,12.235,12.161,3.214,2.793,250.0,250.0,14.207,5.469,3.162,10.898,8.721,5.405,3.316,5.343,6.157,0.629,5.528,5.528,0.000,0.000,0.000,125.0,0.000,
12.11.2025,10:43:32.309,36.704,11.404,2.441,2.791,250.0,250.0,14.177,5.426,3.039,10.858,8.621,5.342,3.279,5.281,6.157,0.629,5.528,5.528,0.000,0.000,0.000,125.0,0.000,
12.11.2025,10:43:33.318,10.875,25.751,16.594,3.013,250.0,250.0,14.244,5.334,3.002,10.550,8.414,5.220,3.194,5.146,6.149,0.629,5.520,5.520,0.000,0.000,0.000,125.0,0.000,
12.11.2025,10:43:34.321,2.719,19.697,10.220,3.081,250.0,250.0,14.110,5.485,3.125,11.032,8.779,5.439,3.340,5.378,6.128,0.626,5.502,5.502,0.000,0.000,0.000,125.0,0.000,
12.11.2025,10:43:35.309,1.359,12.635,3.722,2.765,250.0,250.0,13.815,5.364,3.039,10.649,8.492,5.272,3.220,5.211,6.128,0.626,5.502,5.502,0.000,0.000,0.000,125.0,0.000,
12.11.2025,10:43:36.316,2.719,11.559,2.760,2.701,250.0,250.0,13.536,5.364,3.088,10.601,8.491,5.272,3.219,5.210,6.128,0.626,5.502,5.502,0.000,0.000,0.000,125.0,0.000,
12.11.2025,10:43:37.311,1.359,12.977,4.048,2.761,250.0,250.0,13.599,5.459,3.210,10.857,8.733,5.417,3.316,5.343,6.112,0.626,5.486,5.486,0.000,0.000,0.000,125.0,0.000,
12.11.2025,10:43:38.313,8.156,12.155,3.311,2.706,250.0,250.0,13.732,5.524,3.149,11.166,8.886,5.506,3.380,5.444,6.112,0.626,5.486,5.486,0.000,0.000,0.000,125.0,0.000,
12.11.2025,10:43:39.316,2.719,14.243,5.410,2.682,250.0,250.0,14.228,5.539,3.149,11.237,8.929,5.539,3.390,5.466,6.102,0.624,5.478,5.478,0.000,0.000,0.000,125.0,0.000,
12.11.2025,10:43:40.314,2.719,11.444,2.525,2.701,250.0,250.0,14.489,5.683,3.223,11.719,9.276,5.750,3.526,5.676,6.094,0.624,5.470,5.470,0.000,0.000,0.000,125.0,0.000,
12.11.2025,10:43:41.319,1.359,11.904,3.119,2.693,250.0,250.0,13.944,5.400,3.187,10.677,8.602,5.333,3.269,5.271,6.094,0.624,5.470,5.470,0.000,0.000,0.000,125.0,0.000,
12.11.2025,10:43:42.316,2.719,11.352,2.506,2.693,250.0,250.0,14.105,5.209,2.941,10.210,8.163,5.065,3.098,5.004,6.072,0.620,5.452,5.461,0.001,0.000,0.000,125.0,0.000,
12.11.2025,10:43:43.317,2.719,11.834,2.975,2.711,250.0,250.0,13.511,5.092,2.892,9.819,7.894,4.894,3.000,4.833,6.072,0.620,5.452,5.444,0.000,0.000,0.000,125.0,0.000,
12.11.2025,10:43:44.314,2.719,11.962,3.076,2.713,250.0,250.0,13.297,5.048,2.953,9.596,7.793,4.831,2.962,4.769,6.064,0.620,5.444,5.444,0.000,0.000,0.000,125.0,0.000,
12.11.2025,10:43:45.309,2.719,13.828,4.927,2.761,250.0,250.0,13.365,4.926,3.002,9.094,7.509,4.658,2.851,4.597,6.055,0.620,5.435,5.435,0.000,0.000,0.000,125.0,0.000,
12.11.2025,10:43:46.313,1.359,11.407,2.538,2.705,250.0,250.0,13.146,4.947,2.843,9.326,7.557,4.682,2.875,4.620,6.064,0.620,5.444,5.435,0.000,0.000,0.000,125.0,0.000,
12.11.2025,10:43:47.314,2.719,13.466,4.446,2.819,250.0,250.0,13.305,4.940,2.892,9.263,7.545,4.682,2.863,4.621,6.054,0.619,5.435,5.426,0.000,0.000,0.000,125.0,0.000,
12.11.2025,10:43:48.307,2.719,11.867,3.012,2.743,250.0,250.0,13.413,5.128,3.088,9.791,7.997,4.950,3.047,4.889,6.045,0.619,5.426,5.426,0.000,0.000,0.000,125.0,0.000,
12.11.2025,10:43:49.310,2.719,11.976,3.049,2.744,250.0,250.0,13.578,5.048,2.978,9.609,7.810,4.838,2.972,4.777,6.037,0.619,5.418,5.426,0.001,0.000,0.000,125.0,0.000,
12.11.2025,10:43:50.313,19.032,12.825,3.838,2.793,250.0,250.0,13.470,5.075,2.843,9.854,7.879,4.892,2.987,4.830,6.029,0.619,5.410,5.410,0.000,0.000,0.000,125.0,0.000,
12.11.2025,10:43:51.314,1.359,17.757,8.544,3.020,250.0,250.0,13.820,5.175,2.806,10.287,8.124,5.039,3.085,4.977,6.016,0.615,5.401,5.401,0.000,0.000,0.000,125.0,0.000,
12.11.2025,10:43:52.310,2.719,11.267,2.402,2.707,250.0,250.0,13.958,5.291,2.990,10.548,8.396,5.212,3.184,5.151,6.016,0.615,5.401,5.401,0.000,0.000,0.000,125.0,0.000,
12.11.2025,10:43:53.309,1.359,12.117,3.284,2.743,250.0,250.0,14.064,5.210,3.014,10.224,8.207,5.099,3.108,5.038,6.008,0.615,5.393,5.393,0.000,0.000,0.000,125.0,0.000,
12.11.2025,10:43:54.306,2.719,12.144,3.262,2.719,250.0,250.0,14.140,5.235,3.003,10.327,8.273,5.126,3.147,5.065,6.008,0.615,5.393,5.393,0.000,0.000,0.000,125.0,0.000,
12.11.2025,10:43:55.321,2.719,13.438,4.552,2.756,250.0,250.0,14.194,5.346,3.003,10.759,8.544,5.299,3.245,5.225,5.999,0.615,5.384,5.384,0.000,0.000,0.000,125.0,0.000,
12.11.2025,10:43:56.314,1.359,12.201,3.278,2.736,250.0,250.0,14.599,5.266,2.867,10.596,8.365,5.179,3.186,5.117,5.987,0.612,5.375,5.375,0.000,0.000,0.000,125.0,0.000,
12.11.2025,10:43:57.313,2.719,12.402,3.467,2.766,250.0,250.0,14.024,5.256,2.855,10.583,8.329,5.172,3.157,5.110,5.988,0.613,5.375,5.375,0.000,0.000,0.000,125.0,0.000,
12.11.2025,10:43:58.312,1.359,12.584,3.669,2.767,250.0,250.0,14.177,5.085,2.916,9.868,7.942,4.918,3.024,4.856,5.980,0.613,5.367,5.367,0.000,0.000,0.000,125.0,0.000,
12.11.2025,10:43:59.307,6.797,11.962,3.028,2.751,250.0,250.0,13.828,5.381,3.014,10.923,8.648,5.356,3.292,5.295,5.968,0.610,5.358,5.350,0.000,0.000,0.000,125.0,0.000,
12.11.2025,10:44:0.306,6.797,11.962,3.028,2.751,250.0,250.0,13.805,5.235,3.052,10.339,8.304,5.147,3.157,5.085,5.960,0.610,5.350,5.350,0.000,0.000,0.000,125.0,0.000,
12.11.2025,10:44:1.322,5.438,13.001,4.056,2.772,250.0,250.0,13.858,5.775,3.247,12.211,9.594,5.946,3.648,5.872,5.943,0.610,5.333,5.342,0.000,0.000,0.000,125.0,0.000,
12.11.2025,10:44:2.307,5.438,11.874,2.967,2.737,250.0,250.0,14.151,5.423,3.309,10.815,8.761,5.431,3.330,5.369,5.943,0.610,5.333,5.333,0.000,0.000,0.000,125.0,0.000,
12.11.2025,10:44:3.309,9.516,12.176,3.282,2.786,250.0,250.0,14.245,5.322,3.174,10.559,8.522,5.288,3.234,5.227,5.941,0.608,5.333,5.333,0.000,0.000,0.000,125.0,0.000,
12.11.2025,10:44:4.306,16.313,11.182,2.262,2.753,250.0,250.0,14.130,5.243,3.027,10.421,8.341,5.172,3.169,5.111,5.932,0.608,5.324,5.324,0.000,0.000,0.000,125.0,0.000,
12.11.2025,10:44:5.322,10.875,11.604,2.666,2.747,250.0,250.0,14.002,5.242,2.929,10.512,8.337,5.177,3.160,5.115,5.932,0.608,5.324,5.324,0.000,0.000,0.000,125.0,0.000,
12.11.2025,10:44:6.334,4.078,13.534,4.599,2.763,250.0,250.0,13.791,5.239,2.892,10.537,8.336,5.164,3.172,5.102,5.932,0.608,5.324,5.324,0.000,0.000,0.000,125.0,0.000,
12.11.2025,10:44:7.329,16.313,12.340,3.431,2.753,250.0,250.0,13.591,5.333,2.990,10.813,8.566,5.309,3.257,5.248,5.922,0.605,5.317,5.308,0.000,0.000,0.000,125.0,0.000,
12.11.2025,10:44:8.325,5.438,13.716,4.770,2.821,250.0,250.0,13.616,5.266,3.027,10.527,8.408,5.212,3.196,5.150,5.913,0.605,5.308,5.317,0.000,0.000,0.000,125.0,0.000,
12.11.2025,10:44:9.333,2.719,11.628,2.687,2.789,250.0,250.0,13.521,5.282,3.003,10.622,8.456,5.236,3.220,5.175,5.904,0.605,5.299,5.299,0.000,0.000,0.000,125.0,0.000,
12.11.2025,10:44:10.345,2.719,11.780,2.804,2.802,250.0,250.0,13.858,5.413,3.064,11.064,8.763,5.432,3.331,5.371,5.904,0.605,5.299,5.299,0.000,0.000,0.000,125.0,0.000,
12.11.2025,10:44:11.339,2.719,12.012,3.095,2.764,250.0,250.0,14.041,5.136,2.954,10.120,8.110,5.026,3.084,4.964,5.904,0.605,5.299,5.299,0.000,0.000,0.000,125.0,0.000,
12.11.2025,10:44:12.355,2.719,11.684,2.787,2.732,250.0,250.0,13.631,4.948,2.867,9.500,7.675,4.760,2.915,4.710,5.885,0.603,5.282,5.282,0.001,0.000,0.000,125.0,0.000,
12.11.2025,10:44:13.353,2.719,11.566,2.674,2.775,250.0,250.0,13.471,5.118,2.806,10.216,8.077,5.016,3.061,4.954,5.885,0.603,5.282,5.282,0.000,0.000,0.000,125.0,0.000,
12.11.2025,10:44:14.361,2.719,11.613,2.699,2.781,250.0,250.0,13.509,5.092,2.916,10.016,8.021,4.975,3.046,4.914,5.877,0.603,5.274,5.274,0.000,0.000,0.000,125.0,0.000,
12.11.2025,10:44:15.360,19.032,12.319,3.369,2.778,250.0,250.0,13.636,5.000,2.941,9.646,7.817,4.843,2.974,4.781,5.865,0.599,5.266,5.266,0.000,0.000,0.000,125.0,0.000,
12.11.2025,10:44:16.353,2.719,14.472,5.542,2.788,250.0,250.0,13.605,5.155,3.125,10.039,8.177,5.066,3.111,5.005,5.877,0.603,5.274,5.274,0.000,0.000,0.000,125.0,0.000,
12.11.2025,10:44:17.363,2.719,11.728,2.791,2.783,250.0,250.0,13.551,5.083,3.088,9.818,8.013,4.965,3.048,4.903,5.865,0.599,5.266,5.266,0.000,0.000,0.000,125.0,0.000,
12.11.2025,10:44:18.364,2.719,12.780,3.807,2.795,250.0,250.0,13.313,5.284,3.101,10.599,8.495,5.274,3.221,5.212,5.847,0.599,5.248,5.248,0.000,0.000,0.000,125.0,0.000,
12.11.2025,10:44:19.364,5.438,11.692,2.772,2.733,250.0,250.0,13.941,5.184,2.880,10.429,8.268,5.118,3.150,5.057,5.847,0.599,5.248,5.248,0.000,0.000,0.000,125.0,0.000,
12.11.2025,10:44:20.358,2.719,12.217,3.300,2.774,250.0,250.0,13.779,5.234,2.893,10.627,8.389,5.203,3.186,5.142,5.829,0.598,5.231,5.240,0.000,0.000,0.000,125.0,0.000,
12.11.2025,10:44:21.358,2.719,12.343,3.439,2.737,250.0,250.0,13.688,5.382,2.979,11.116,8.739,5.420,3.319,5.359,5.829,0.598,5.231,5.231,0.000,0.000,0.000,125.0,0.000,
12.11.2025,10:44:22.353,1.359,12.281,3.378,2.773,250.0,250.0,13.859,5.370,3.039,10.999,8.718,5.410,3.308,5.336,5.829,0.598,5.231,5.231,0.000,0.000,0.000,125.0,0.000,
12.11.2025,10:44:23.355,2.719,11.685,2.801,2.774,250.0,250.0,13.454,5.155,3.076,10.159,8.212,5.102,3.110,5.040,5.820,0.598,5.222,5.214,0.000,0.000,0.000,125.0,0.000,
12.11.2025,10:44:24.369,4.078,11.593,2.675,2.774,250.0,250.0,13.417,5.351,3.211,10.773,8.674,5.381,3.293,5.320,5.820,0.598,5.222,5.214,0.000,0.000,0.000,125.0,0.000,
12.11.2025,10:44:25.365,2.719,12.296,3.320,2.795,250.0,250.0,13.748,5.145,3.138,10.064,8.199,5.077,3.122,5.015,5.812,0.598,5.214,5.214,0.000,0.000,0.000,125.0,0.000,
12.11.2025,10:44:26.364,2.719,13.823,4.816,2.809,250.0,250.0,13.116,5.147,3.088,10.137,8.208,5.087,3.121,5.025,5.800,0.594,5.206,5.206,0.000,0.000,0.000,125.0,0.000,
12.11.2025,10:44:27.361,1.359,12.414,3.396,2.856,250.0,250.0,12.857,5.186,2.978,10.399,8.295,5.149,3.146,5.087,5.800,0.594,5.206,5.206,0.000,0.000,0.000,125.0,0.000,
12.11.2025,10:44:28.365,2.719,12.324,3.341,2.859,250.0,250.0,12.961,5.166,2.966,10.335,8.258,5.112,3.146,5.051,5.792,0.594,5.198,5.206,0.000,0.000,0.000,125.0,0.000,
12.11.2025,10:44:29.361,2.719,12.127,3.137,2.806,250.0,250.0,12.820,5.160,3.039,10.244,8.242,5.110,3.132,5.049,5.792,0.594,5.198,5.198,0.000,0.000,0.000,125.0,0.000,
12.11.2025,10:44:30.361,2.719,12.389,3.426,2.808,250.0,250.0,12.808,5.177,2.965,10.379,8.285,5.138,3.147,5.076,5.792,0.594,5.198,5.198,0.000,0.000,0.000,125.0,0.000,
12.11.2025,10:44:31.361,9.516,11.866,2.945,2.763,250.0,250.0,13.185,5.031,2.965,9.851,7.947,4.926,3.021,4.877,5.772,0.592,5.180,5.180,0.000,0.000,0.000,125.0,0.000,
12.11.2025,10:44:32.357,1.359,11.429,2.553,2.737,250.0,250.0,13.218,4.810,3.002,8.956,7.422,4.608,2.814,4.547,5.781,0.592,5.189,5.189,0.000,0.000,0.000,125.0,0.000,
12.11.2025,10:44:33.356,1.359,11.687,2.816,2.748,250.0,250.0,13.034,5.154,3.052,10.236,8.242,5.110,3.132,5.048,5.772,0.592,5.180,5.180,0.000,0.000,0.000,125.0,0.000,
12.11.2025,10:44:34.354,4.078,12.369,3.474,2.740,250.0,250.0,13.155,4.836,3.113,8.969,7.494,4.644,2.850,4.595,5.764,0.592,5.172,5.172,0.000,0.000,0.000,125.0,0.000,
12.11.2025,10:44:35.356,1.359,11.788,2.803,2.787,250.0,250.0,12.707,5.144,3.064,10.197,8.225,5.095,3.130,5.034,5.764,0.592,5.172,5.172,0.000,0.000,0.000,125.0,0.000,
12.11.2025,10:44:36.367,2.719,14.607,5.648,2.824,250.0,250.0,12.857,4.840,2.831,9.281,7.507,4.657,2.850,4.608,5.752,0.589,5.163,5.163,0.000,0.000,0.000,125.0,0.000,
12.11.2025,10:44:37.359,6.797,12.462,3.472,2.796,250.0,250.0,12.231,4.949,2.916,9.609,7.782,4.819,2.963,4.758,5.743,0.589,5.154,5.154,0.000,0.000,0.000,125.0,0.000,
12.11.2025,10:44:38.357,2.719,13.370,4.391,2.845,250.0,250.0,12.531,5.036,2.965,9.904,7.990,4.954,3.036,4.892,5.735,0.589,5.146,5.146,0.000,0.000,0.000,125.0,0.000,
12.11.2025,10:44:39.357,2.719,12.501,3.521,2.807,250.0,250.0,12.860,5.077,3.015,10.025,8.096,5.012,3.084,4.951,5.724,0.586,5.138,5.138,0.000,0.000,0.000,125.0,0.000,
12.11.2025,10:44:40.354,13.594,11.932,2.985,2.780,250.0,250.0,13.120,4.902,3.052,9.318,7.676,4.760,2.916,4.711,5.724,0.586,5.138,5.138,0.000,0.000,0.000,125.0,0.000,
12.11.2025,10:44:41.352,1.359,11.748,2.803,2.807,250.0,250.0,12.919,4.972,3.064,9.572,7.844,4.869,2.975,4.808,5.724,0.586,5.138,5.138,0.000,0.000,0.000,125.0,0.000,
12.11.2025,10:44:42.353,1.359,11.787,2.854,2.790,250.0,250.0,13.097,4.924,2.904,9.569,7.736,4.801,2.935,4.740,5.716,0.586,5.130,5.121,0.000,0.000,0.000,125.0,0.000,
12.11.2025,10:44:43.350,2.719,11.815,2.847,2.810,250.0,250.0,13.066,5.114,2.966,10.223,8.185,5.076,3.109,5.015,5.716,0.586,5.130,5.130,0.000,0.000,0.000,125.0,0.000,
12.11.2025,10:44:44.367,2.719,11.592,2.647,2.786,250.0,250.0,13.132,5.090,3.014,10.096,8.134,5.050,3.084,4.989,5.707,0.586,5.121,5.121,0.000,0.000,0.000,125.0,0.000,
12.11.2025,10:44:45.366,2.719,12.759,3.782,2.837,250.0,250.0,13.057,4.877,2.966,9.349,7.638,4.740,2.898,4.678,5.697,0.584,5.113,5.113,0.000,0.000,0.000,125.0,0.000,
12.11.2025,10:44:46.354,12.235,12.247,3.293,2.802,250.0,250.0,12.836,4.954,3.113,9.486,7.819,4.856,2.963,4.794,5.697,0.584,5.113,5.113,0.001,0.000,0.000,125.0,0.000,
12.11.2025,10:44:47.357,2.719,13.038,3.989,2.839,250.0,250.0,12.617,4.954,3.199,9.424,7.824,4.852,2.972,4.803,5.679,0.584,5.095,5.104,0.000,0.000,0.000,125.0,0.000,
12.11.2025,10:44:48.354,1.359,11.756,2.856,2.783,250.0,250.0,13.050,5.123,3.186,10.086,8.229,5.109,3.120,5.048,5.679,0.584,5.095,5.095,0.000,0.000,0.000,125.0,0.000,
12.11.2025,10:44:49.353,2.719,12.368,3.394,2.787,250.0,250.0,12.835,5.049,2.966,10.025,8.057,4.999,3.058,4.937,5.676,0.581,5.095,5.095,0.000,0.000,0.000,125.0,0.000,
12.11.2025,10:44:50.350,2.719,11.835,2.938,2.787,250.0,250.0,12.630,4.925,2.892,9.622,7.768,4.818,2.950,4.756,5.676,0.581,5.095,5.095,0.000,0.000,0.000,125.0,0.000,
12.11.2025,10:44:51.360,6.797,11.438,2.506,2.800,250.0,250.0,12.712,4.843,2.880,9.318,7.574,4.697,2.877,4.636,5.676,0.581,5.095,5.095,0.000,0.000,0.000,125.0,0.000,
12.11.2025,10:44:52.360,2.719,19.424,10.078,3.115,250.0,250.0,12.223,4.951,2.917,9.710,7.827,4.854,2.973,4.805,5.668,0.581,5.087,5.087,0.000,0.000,0.000,125.0,0.000,
12.11.2025,10:44:53.359,2.719,11.502,2.550,2.804,250.0,250.0,12.345,5.000,3.014,9.803,7.954,4.930,3.024,4.880,5.659,0.581,5.078,5.078,0.000,0.000,0.000,125.0,0.000,
12.11.2025,10:44:54.360,31.266,13.140,4.201,2.755,250.0,250.0,12.466,5.235,3.137,10.578,8.516,5.284,3.232,5.210,5.659,0.581,5.078,5.078,0.000,0.000,0.000,125.0,0.000,
12.11.2025,10:44:55.359,5.438,16.823,7.762,2.843,250.0,250.0,12.801,5.175,3.088,10.416,8.374,5.194,3.180,5.132,5.649,0.579,5.070,5.070,0.000,0.000,0.000,125.0,0.000,
12.11.2025,10:44:56.359,2.719,11.278,2.380,2.759,250.0,250.0,12.801,5.175,2.978,10.293,8.236,5.114,3.122,5.053,5.641,0.579,5.062,5.062,0.000,0.000,0.000,125.0,0.000,
12.11.2025,10:44:57.354,39.422,13.609,4.568,2.844,250.0,250.0,12.855,5.114,3.125,10.197,8.267,5.122,3.145,5.061,5.649,0.579,5.070,5.070,0.000,0.000,0.000,125.0,0.000,
12.11.2025,10:44:58.353,2.719,13.163,4.123,2.865,250.0,250.0,12.855,5.129,3.125,10.197,8.267,5.122,3.145,5.061,5.649,0.579,5.070,5.070,0.000,0.000,0.000,125.0,0.000,
12.11.2025,10:44:59.365,9.516,11.689,2.709,2.799,250.0,250.0,12.910,5.028,2.929,10.029,8.036,4.989,3.047,4.928,5.632,0.579,5.053,5.053,0.000,0.000,0.000,125.0,0.000,
12.11.2025,10:45:0.353,2.719,13.601,4.620,2.837,250.0,250.0,12.800,4.896,2.929,9.521,7.730,4.793,2.937,4.731,5.632,0.579,5.053,5.053,0.000,0.000,0.000,125.0,0.000,
12.11.2025,10:45:1.364,5.438,12.345,3.383,2.821,250.0,250.0,12.653,4.978,3.076,9.696,7.920,4.912,3.008,4.851,5.633,0.580,5.053,5.053,0.000,0.000,0.000,125.0,0.000,
12.11.2025,10:45:2.363,2.719,11.188,2.194,2.800,250.0,250.0,12.601,5.185,3.064,10.517,8.426,5.220,3.206,5.159,5.613,0.577,5.036,5.036,0.001,0.000,0.000,125.0,0.000,
12.11.2025,10:45:3.357,2.719,11.997,3.075,2.794,250.0,250.0,12.872,5.413,3.162,11.242,8.929,5.539,3.390,5.477,5.668,0.621,5.047,5.053,0.000,0.000,0.000,125.0,0.000,
12.11.2025,10:45:4.355,2.719,11.893,2.978,2.777,250.0,250.0,12.997,5.409,3.088,11.342,8.958,5.554,3.404,5.481,5.612,0.576,5.036,5.036,0.000,0.000,0.000,125.0,0.000,
12.11.2025,10:45:5.350,6.797,14.324,5.309,2.848,250.0,250.0,12.948,5.661,3.027,12.104,9.382,5.821,3.561,5.747,5.964,0.912,5.052,5.045,0.000,0.000,0.000,125.0,0.000,
12.11.2025,10:45:6.361,5.438,11.426,2.470,2.767,250.0,250.0,12.798,5.486,3.076,11.466,9.019,5.591,3.428,5.529,5.860,0.826,5.034,5.036,0.000,0.000,0.000,125.0,0.000,
12.11.2025,10:45:7.357,5.438,12.852,3.863,2.821,250.0,250.0,12.665,5.431,3.076,11.429,8.993,5.578,3.415,5.516,5.640,0.622,5.018,5.027,0.000,0.000,0.000,125.0,0.000,
12.11.2025,10:45:8.351,4.078,12.613,3.683,2.792,250.0,250.0,13.436,5.439,3.101,11.429,9.019,5.591,3.428,5.517,5.640,0.619,5.021,5.027,0.000,0.000,0.000,125.0,0.000,
12.11.2025,10:45:9.363,2.719,12.213,3.328,2.765,250.0,250.0,13.232,5.415,2.991,11.463,8.965,5.559,3.406,5.497,5.621,0.617,5.004,5.027,0.000,0.000,0.000,125.0,0.000,
12.11.2025,10:45:10.355,1.359,12.064,3.136,2.753,250.0,250.0,13.336,5.533,3.199,11.697,9.243,5.728,3.515,5.666,5.632,0.628,5.004,5.019,0.000,0.000,0.000,125.0,0.000,
12.11.2025,10:45:11.359,2.719,11.730,2.838,2.746,250.0,250.0,13.184,5.309,3.235,10.825,8.722,5.405,3.317,5.343,5.618,0.614,5.004,5.010,0.000,0.000,0.000,125.0,0.000,
12.11.2025,10:45:12.356,2.719,11.220,2.332,2.755,250.0,250.0,13.101,5.156,3.186,10.308,8.381,5.198,3.183,5.124,5.583,0.573,5.010,5.010,0.000,0.000,0.000,125.0,0.000,
12.11.2025,10:45:13.353,2.719,12.001,3.107,2.770,250.0,250.0,12.767,5.086,2.978,10.263,8.211,5.101,3.110,5.040,5.575,0.573,5.002,5.002,0.000,0.000,0.000,125.0,0.000,
12.11.2025,10:45:14.363,4.078,11.890,2.935,2.754,250.0,250.0,12.694,5.029,2.978,10.040,8.079,5.017,3.062,4.956,5.575,0.573,5.002,5.002,0.000,0.000,0.000,125.0,0.000,
12.11.2025,10:45:15.368,5.438,12.909,4.002,2.811,250.0,250.0,12.757,5.071,3.027,10.164,8.187,5.077,3.110,5.016,5.565,0.571,4.994,4.994,0.000,0.000,0.000,125.0,0.000,
12.11.2025,10:45:16.377,4.078,12.163,3.213,2.742,250.0,250.0,12.935,4.970,3.039,9.778,7.954,4.930,3.024,4.880,5.556,0.571,4.985,4.985,0.000,0.000,0.000,125.0,0.000,
12.11.2025,10:45:17.374,1.359,12.356,3.454,2.762,250.0,250.0,12.603,5.428,2.991,11.594,9.041,5.601,3.440,5.540,5.548,0.571,4.977,4.977,0.000,0.000,0.000,125.0,0.000,
12.11.2025,10:45:18.385,2.719,12.705,3.737,2.796,250.0,250.0,12.764,5.530,3.027,11.948,9.295,5.766,3.529,5.692,5.537,0.568,4.969,4.969,0.000,0.000,0.000,125.0,0.000,
12.11.2025,10:45:19.385,2.719,12.566,3.691,2.730,250.0,250.0,13.111,5.675,3.088,12.448,9.630,5.970,3.660,5.909,5.537,0.568,4.969,4.969,0.000,0.000,0.000,125.0,0.000,
12.11.2025,10:45:20.385,4.078,11.585,2.678,2.724,250.0,250.0,13.240,5.755,3.002,12.831,9.823,6.098,3.725,6.024,5.538,0.569,4.969,4.969,0.000,0.000,0.000,125.0,0.000,
12.11.2025,10:45:21.394,2.719,11.755,2.818,2.774,250.0,250.0,13.042,5.541,2.953,12.078,9.324,5.786,3.538,5.712,5.528,0.568,4.960,4.960,0.000,0.000,0.000,125.0,0.000,
12.11.2025,10:45:22.391,2.719,11.889,2.963,2.780,250.0,250.0,12.657,5.296,2.879,11.218,8.744,5.416,3.328,5.355,5.528,0.568,4.960,4.960,0.000,0.000,0.000,125.0,0.000,
12.11.2025,10:45:23.389,4.078,12.304,3.306,2.828,250.0,250.0,12.621,5.371,2.843,11.549,8.931,5.541,3.390,5.467,5.517,0.566,4.951,4.951,0.000,0.000,0.000,125.0,0.000,
12.11.2025,10:45:24.402,2.719,11.738,2.748,2.777,250.0,250.0,12.932,4.860,2.941,9.501,7.722,4.795,2.927,4.734,5.517,0.566,4.951,4.943,0.000,0.000,0.000,125.0,0.000,
12.11.2025,10:45:25.416,2.719,13.680,4.707,2.827,250.0,250.0,12.562,5.011,3.052,9.980,8.081,5.011,3.070,4.950,5.509,0.566,4.943,4.951,0.000,0.000,0.000,125.0,0.000,
12.11.2025,10:45:26.429,2.719,11.329,2.418,2.763,250.0,250.0,12.640,4.883,2.954,9.601,7.793,4.831,2.962,4.770,5.489,0.563,4.926,4.943,0.000,0.000,0.000,125.0,0.000,
12.11.2025,10:45:27.426,2.719,11.501,2.602,2.777,250.0,250.0,12.480,4.651,2.831,8.833,7.239,4.486,2.753,4.437,5.500,0.566,4.934,4.934,0.000,0.000,0.000,125.0,0.000,
12.11.2025,10:45:28.421,1.359,13.122,4.105,2.841,250.0,250.0,12.344,4.737,2.917,9.082,7.449,4.622,2.827,4.560,5.489,0.563,4.926,4.934,0.000,0.000,0.000,125.0,0.000,
12.11.2025,10:45:29.428,2.719,12.169,3.170,2.797,250.0,250.0,11.954,4.506,2.831,8.293,6.905,4.276,2.629,4.227,5.489,0.563,4.926,4.918,0.000,0.000,0.000,125.0,0.000,
12.11.2025,10:45:30.425,2.719,11.064,2.176,2.787,250.0,250.0,11.581,4.731,3.027,8.959,7.434,4.608,2.826,4.558,5.489,0.563,4.926,4.918,0.000,0.000,0.000,125.0,0.000,
12.11.2025,10:45:31.424,2.719,12.163,3.236,2.772,250.0,250.0,11.846,4.736,3.003,9.010,7.447,4.621,2.826,4.572,5.482,0.564,4.918,4.918,0.001,0.000,0.000,125.0,0.000,
12.11.2025,10:45:32.419,2.719,13.109,4.108,2.807,250.0,250.0,12.110,4.715,3.113,8.826,7.411,4.597,2.814,4.535,5.472,0.563,4.909,4.909,0.000,0.000,0.000,125.0,0.000,
12.11.2025,10:45:33.417,4.078,12.120,3.166,2.802,250.0,250.0,12.443,4.716,3.211,8.735,7.406,4.593,2.813,4.544,5.472,0.563,4.909,4.918,0.000,0.000,0.000,125.0,0.375,
12.11.2025,10:45:34.418,8.156,11.362,2.482,2.779,250.0,250.0,12.472,4.798,3.113,9.155,7.609,4.720,2.889,4.671,5.459,0.559,4.900,4.900,0.000,0.000,0.000,125.0,0.000,
12.11.2025,10:45:35.431,4.078,13.537,4.502,2.813,250.0,250.0,12.516,4.717,3.015,8.945,7.424,4.609,2.815,4.548,5.459,0.559,4.900,4.900,0.000,0.000,0.000,125.0,0.000,
12.11.2025,10:45:36.442,2.719,11.268,2.310,2.798,250.0,250.0,12.433,4.690,2.745,9.107,7.356,4.564,2.792,4.515,5.459,0.559,4.900,4.900,0.000,0.000,0.000,125.0,0.000,
12.11.2025,10:45:37.443,2.719,12.529,3.578,2.788,250.0,250.0,12.059,4.769,2.733,9.440,7.560,4.683,2.877,4.622,5.443,0.560,4.883,4.883,0.000,0.000,0.000,125.0,0.000,
12.11.2025,10:45:38.442,28.547,12.207,3.241,2.827,250.0,250.0,12.056,4.680,2.953,8.885,7.346,4.557,2.789,4.496,5.443,0.560,4.883,4.883,0.000,0.000,0.000,125.0,0.000,
12.11.2025,10:45:39.446,4.078,14.301,5.300,2.861,250.0,250.0,12.110,4.691,2.868,9.009,7.376,4.573,2.803,4.511,5.442,0.559,4.883,4.883,0.000,0.000,0.000,125.0,0.000,
12.11.2025,10:45:40.459,14.953,15.573,6.476,2.905,250.0,250.0,11.821,4.632,3.027,8.638,7.239,4.486,2.753,4.436,5.432,0.558,4.874,4.874,0.000,0.000,0.000,125.0,0.000,
12.11.2025,10:45:41.456,1.359,14.219,5.191,2.852,250.0,250.0,11.951,4.496,3.039,8.112,6.917,4.288,2.629,4.238,5.432,0.558,4.874,4.874,0.000,0.000,0.000,125.0,0.000,
12.11.2025,10:45:42.474,10.875,11.666,2.673,2.769,250.0,250.0,12.155,4.809,3.002,9.357,7.660,4.751,2.909,4.702,5.424,0.558,4.866,4.866,0.000,0.000,0.000,125.0,0.000,
12.11.2025,10:45:43.483,14.953,11.902,2.988,2.785,250.0,250.0,12.310,5.083,3.138,10.260,8.316,5.159,3.157,5.086,5.424,0.558,4.866,4.866,0.000,0.000,0.000,125.0,0.000,
12.11.2025,10:45:44.477,8.156,13.330,4.356,2.830,250.0,250.0,12.382,4.816,2.966,9.415,7.679,4.767,2.912,4.706,5.424,0.558,4.866,4.866,0.000,0.000,0.000,125.0,0.000,
12.11.2025,10:45:45.477,4.078,14.095,5.070,2.847,250.0,250.0,12.119,4.900,2.954,9.749,7.882,4.894,2.988,4.832,5.416,0.558,4.858,4.866,0.000,0.000,0.000,125.0,0.000,
12.11.2025,10:45:46.487,4.078,12.023,3.025,2.819,250.0,250.0,12.135,4.822,2.806,9.597,7.694,4.769,2.925,4.719,5.424,0.558,4.866,4.858,0.000,0.000,0.000,125.0,0.000,
12.11.2025,10:45:47.487,4.078,12.639,3.637,2.855,250.0,250.0,12.086,4.698,3.015,8.921,7.407,4.594,2.813,4.533,5.417,0.559,4.858,4.858,0.000,0.000,0.000,125.0,0.000,
12.11.2025,10:45:48.487,2.719,12.366,3.390,2.829,250.0,250.0,12.100,4.792,2.904,9.400,7.639,4.736,2.903,4.686,5.403,0.554,4.849,4.849,0.000,0.000,0.000,125.0,0.000,
12.11.2025,10:45:49.486,2.719,11.534,2.592,2.803,250.0,250.0,12.178,4.770,2.942,9.283,7.588,4.710,2.878,4.648,5.403,0.554,4.849,4.849,0.000,0.000,0.000,125.0,0.000,
12.11.2025,10:45:50.487,4.078,12.124,3.140,2.780,250.0,250.0,12.490,4.908,2.868,9.881,7.917,4.905,3.012,4.843,5.403,0.554,4.849,4.849,0.000,0.000,0.000,125.0,0.000,
12.11.2025,10:45:51.480,4.078,12.124,3.140,2.780,250.0,250.0,12.595,4.692,2.917,9.023,7.413,4.598,2.815,4.536,5.395,0.554,4.841,4.832,0.000,0.000,0.000,125.0,0.000,
12.11.2025,10:45:52.486,13.594,11.127,2.251,2.792,250.0,250.0,12.324,4.729,2.880,9.203,7.500,4.647,2.853,4.598,5.386,0.554,4.832,4.841,0.000,0.000,0.000,125.0,0.000,
12.11.2025,10:45:53.484,8.156,18.802,9.432,3.122,250.0,250.0,12.163,4.818,2.917,9.516,7.715,4.779,2.936,4.717,5.386,0.554,4.832,4.832,0.000,0.000,0.000,125.0,0.000,
12.11.2025,10:45:54.476,17.672,12.726,3.738,2.803,250.0,250.0,12.350,4.804,2.941,9.452,7.687,4.764,2.923,4.703,5.375,0.552,4.823,4.823,0.000,0.000,0.000,125.0,0.000,
12.11.2025,10:45:55.481,12.235,11.547,2.619,2.811,250.0,250.0,12.277,4.727,3.125,8.970,7.503,4.654,2.849,4.592,5.376,0.553,4.823,4.823,0.000,0.000,0.000,125.0,0.000,
12.11.2025,10:45:56.479,2.719,13.651,4.606,2.845,250.0,250.0,12.464,4.799,3.162,9.216,7.676,4.765,2.911,4.704,5.368,0.553,4.815,4.815,0.000,0.000,0.000,125.0,0.000,
12.11.2025,10:45:57.492,2.719,11.850,2.919,2.796,250.0,250.0,12.479,4.773,3.260,9.015,7.619,4.731,2.888,4.669,5.367,0.552,4.815,4.815,0.000,0.000,0.000,125.0,0.000,
12.11.2025,10:45:58.519,10.875,13.211,4.216,2.861,250.0,250.0,12.493,4.701,3.138,8.872,7.449,4.622,2.827,4.573,5.359,0.552,4.807,4.807,0.000,0.000,0.000,125.0,0.000,
12.11.2025,10:45:59.515,2.719,11.660,2.675,2.810,250.0,250.0,12.462,4.642,2.929,8.865,7.310,4.534,2.776,4.485,5.356,0.549,4.807,4.807,0.000,0.000,0.000,125.0,0.000,
12.11.2025,10:46:0.518,2.719,11.894,2.925,2.806,250.0,250.0,12.550,4.553,2.954,8.497,7.102,4.399,2.703,4.349,5.359,0.552,4.807,4.807,0.000,0.000,0.000,125.0,0.000,
12.11.2025,10:46:1.520,10.875,12.675,3.724,2.823,250.0,250.0,12.342,5.327,2.905,11.511,8.940,5.546,3.394,5.485,5.347,0.549,4.798,4.798,0.000,0.000,0.000,125.0,0.000,
12.11.2025,10:46:2.519,4.078,15.902,6.897,2.796,250.0,250.0,12.177,5.125,3.064,10.587,8.471,5.250,3.221,5.188,5.339,0.549,4.790,4.790,0.001,0.000,0.000,125.0,0.000,
12.11.2025,10:46:3.513,2.719,13.064,4.117,2.797,250.0,250.0,12.682,4.928,3.027,9.869,8.006,4.968,3.038,4.907,5.339,0.549,4.790,4.790,0.000,0.000,0.000,125.0,0.000,
12.11.2025,10:46:4.509,2.719,11.731,2.766,2.778,250.0,250.0,12.462,5.165,3.126,10.684,8.575,5.315,3.260,5.253,5.329,0.547,4.782,4.782,0.000,0.000,0.000,125.0,0.000,
12.11.2025,10:46:5.508,2.719,12.106,3.103,2.844,250.0,250.0,12.544,4.957,3.040,9.982,8.076,5.015,3.061,4.954,5.330,0.548,4.782,4.782,0.000,0.000,0.000,125.0,0.000,
12.11.2025,10:46:6.512,2.719,13.475,4.454,2.854,250.0,250.0,12.462,5.001,3.028,10.157,8.180,5.080,3.100,5.019,5.330,0.548,4.782,4.782,0.000,0.000,0.000,125.0,0.000,
12.11.2025,10:46:7.508,10.875,12.023,3.029,2.822,250.0,250.0,12.175,4.894,2.966,9.824,7.944,4.919,3.025,4.857,5.321,0.548,4.773,4.765,0.000,0.000,0.000,125.0,0.000,
12.11.2025,10:46:8.507,5.438,13.096,4.084,2.854,250.0,250.0,12.344,4.674,2.966,8.987,7.411,4.597,2.814,4.548,5.320,0.547,4.773,4.773,0.000,0.000,0.000,125.0,0.000,
12.11.2025,10:46:9.509,10.875,12.017,3.095,2.809,250.0,250.0,12.332,4.754,2.954,9.317,7.605,4.718,2.887,4.669,5.313,0.548,4.765,4.765,0.005,0.000,0.000,125.0,0.000,
12.11.2025,10:46:10.512,10.875,12.672,3.681,2.757,250.0,250.0,12.343,4.829,2.942,9.613,7.792,4.830,2.962,4.769,5.312,0.547,4.765,4.756,0.000,0.000,0.000,125.0,0.000,
12.11.2025,10:46:11.509,19.032,14.370,5.470,2.761,250.0,250.0,12.453,4.714,2.929,9.195,7.521,4.670,2.851,4.608,5.303,0.547,4.756,4.765,0.000,0.000,0.000,125.0,0.000,
12.11.2025,10:46:12.518,21.750,11.537,2.533,2.790,250.0,250.0,12.125,4.709,2.942,9.170,7.515,4.662,2.853,4.613,5.291,0.544,4.747,4.756,0.000,0.000,0.000,125.0,0.000,
12.11.2025,10:46:13.516,5.438,11.620,2.737,2.775,250.0,250.0,11.994,4.623,2.929,8.863,7.314,4.536,2.778,4.486,5.291,0.544,4.747,4.747,0.000,0.000,0.000,125.0,0.000,
12.11.2025,10:46:14.511,6.797,11.295,2.334,2.802,250.0,250.0,12.063,4.726,2.905,9.281,7.558,4.682,2.876,4.633,5.291,0.544,4.747,4.747,0.000,0.000,0.000,125.0,0.000,
12.11.2025,10:46:15.507,5.438,12.235,3.275,2.781,250.0,250.0,11.967,4.574,3.015,8.592,7.197,4.458,2.739,4.409,5.292,0.545,4.747,4.747,0.000,0.000,0.000,125.0,0.000,
12.11.2025,10:46:16.508,4.078,14.002,5.085,2.813,250.0,250.0,12.228,4.664,3.064,8.877,7.416,4.600,2.816,4.538,5.291,0.544,4.747,4.747,0.000,0.000,0.000,125.0,0.000,
12.11.2025,10:46:17.520,4.078,11.795,2.831,2.794,250.0,250.0,12.151,4.641,2.929,8.928,7.356,4.563,2.793,4.514,5.291,0.544,4.747,4.747,0.000,0.000,0.000,125.0,0.000,
12.11.2025,10:46:18.516,2.719,12.808,3.788,2.854,250.0,250.0,12.525,4.703,3.211,8.903,7.506,4.656,2.850,4.607,5.281,0.542,4.739,4.739,0.000,0.000,0.000,125.0,0.000,
12.11.2025,10:46:19.515,4.078,12.348,3.403,2.776,250.0,250.0,12.593,4.666,3.076,8.875,7.416,4.599,2.817,4.550,5.291,0.544,4.747,4.747,0.000,0.000,0.000,125.0,0.000,
12.11.2025,10:46:20.514,1.359,11.555,2.617,2.821,250.0,250.0,12.354,4.634,3.174,8.678,7.349,4.559,2.790,4.510,5.272,0.542,4.730,4.730,0.000,0.000,0.000,125.0,0.000,
12.11.2025,10:46:21.519,2.719,12.063,3.075,2.789,250.0,250.0,12.465,4.555,2.966,8.591,7.179,4.450,2.729,4.389,5.263,0.541,4.722,4.722,0.000,0.000,0.000,125.0,0.000,
12.11.2025,10:46:22.511,31.266,11.500,2.589,2.787,250.0,250.0,14.374,5.322,3.150,11.311,8.973,5.568,3.405,5.495,5.291,0.544,4.747,4.739,0.000,0.000,0.000,125.0,0.000,
Date,Time,"VR VCC 전류 (SVID IOUT) [A]","CPU 패키지 전력 소비 [W]","IA 코어 전력 소비 [W]","시스템 에이전트 전력 소비 [W]","PL1 전력 제한 (Static) [W]","PL2 전력 제한 (Static) [W]","GPU 전력 소비 [W]","GPU 라인 전력 소비 (avg) [W]","GPU PCIe +12V 입력 전력 소비 [W]","GPU 12VHPWR 전력 소비 [W]","GPU Unknown Rail (D6) 전력 소비 (sum) [W]","GPU Core (NVVDD) 입력 전력 소비 (sum) [W]","GPU Unknown Rail (D4) 전력 소비 (sum) [W]","GPU Misc0 입력 전력 소비 (sum) [W]","GPU Unknown Rail (D) 전력 소비 (sum) [W]","GPU Unknown Rail (10) 전력 소비 [W]","GPU Core (NVVDD) 출력 전력 소비 [W]","GPU Core (NVVDD) 출력 전력 소비 [W]","PCH 전력 소비 [W]","나머지 칩 전력 소비 [W]","총 전력 소비 [W]","T3 [°C]","총 전력 소비 [W]",
,,CPU [#0]: Intel Core Ultra 7 265KF: Enhanced,CPU [#0]: Intel Core Ultra 7 265KF: Enhanced,CPU [#0]: Intel Core Ultra 7 265KF: Enhanced,CPU [#0]: Intel Core Ultra 7 265KF: Enhanced,CPU [#0]: Intel Core Ultra 7 265KF: Enhanced,CPU [#0]: Intel Core Ultra 7 265KF: Enhanced,GPU [#1]: NVIDIA GeForce RTX 5090: GIGABYTE GeForce RTX 5090 GAMING OC 32G (GV-N5090GAMING OC-32GD),GPU [#1]: NVIDIA GeForce RTX 5090: GIGABYTE GeForce RTX 5090 GAMING OC 32G (GV-N5090GAMING OC-32GD),GPU [#1]: NVIDIA GeForce RTX 5090: GIGABYTE GeForce RTX 5090 GAMING OC 32G (GV-N5090GAMING OC-32GD),GPU [#1]: NVIDIA GeForce RTX 5090: GIGABYTE GeForce RTX 5090 GAMING OC 32G (GV-N5090GAMING OC-32GD),GPU [#1]: NVIDIA GeForce RTX 5090: GIGABYTE GeForce RTX 5090 GAMING OC 32G (GV-N5090GAMING OC-32GD),GPU [#1]: NVIDIA GeForce RTX 5090: GIGABYTE GeForce RTX 5090 GAMING OC 32G (GV-N5090GAMING OC-32GD),GPU [#1]: NVIDIA GeForce RTX 5090: GIGABYTE GeForce RTX 5090 GAMING OC 32G (GV-N5090GAMING OC-32GD),GPU [#1]: NVIDIA GeForce RTX 5090: GIGABYTE GeForce RTX 5090 GAMING OC 32G (GV-N5090GAMING OC-32GD),GPU [#1]: NVIDIA GeForce RTX 5090: GIGABYTE GeForce RTX 5090 GAMING OC 32G (GV-N5090GAMING OC-32GD),GPU [#1]: NVIDIA GeForce RTX 5090: GIGABYTE GeForce RTX 5090 GAMING OC 32G (GV-N5090GAMING OC-32GD),GPU [#1]: NVIDIA GeForce RTX 5090: GIGABYTE GeForce RTX 5090 GAMING OC 32G (GV-N5090GAMING OC-32GD),GPU [#1]: NVIDIA GeForce RTX 5090: GIGABYTE GeForce RTX 5090 GAMING OC 32G (GV-N5090GAMING OC-32GD),CPU [#0]: Intel Core Ultra 7 265KF: Enhanced,CPU [#0]: Intel Core Ultra 7 265KF: Enhanced,DDR5 DIMM [#3]: Micron CP32G64C40U5B.M8B1 (BANK 0/DIMMA2),NUC126,DDR5 DIMM [#1]: Micron CP32G64C40U5B.M8B1 (BANK 1/DIMMB2),
