Date,Time,"VR VCC 전류 (SVID IOUT) [A]","CPU 패키지 전력 소비 [W]","IA 코어 전력 소비 [W]","시스템 에이전트 전력 소비 [W]","PL1 전력 제한 (Static) [W]","PL2 전력 제한 (Static) [W]","GPU 전력 소비 [W]","GPU 라인 전력 소비 (avg) [W]","GPU PCIe +12V 입력 전력 소비 [W]","GPU 12VHPWR 전력 소비 [W]","GPU Unknown Rail (D6) 전력 소비 (sum) [W]","GPU Core (NVVDD) 입력 전력 소비 (sum) [W]","GPU Unknown Rail (D4) 전력 소비 (sum) [W]","GPU Misc0 입력 전력 소비 (sum) [W]","GPU Unknown Rail (D) 전력 소비 (sum) [W]","GPU Unknown Rail (10) 전력 소비 [W]","GPU Core (NVVDD) 출력 전력 소비 [W]","GPU Core (NVVDD) 출력 전력 소비 [W]","PCH 전력 소비 [W]","나머지 칩 전력 소비 [W]","총 전력 소비 [W]","T3 [°C]","총 전력 소비 [W]",
12.11.2025,10:49:9.605,13.594,15.225,6.156,2.899,250.0,250.0,13.458,4.398,2.770,8.668,7.104,4.408,2.696,4.346,4.830,0.499,4.331,4.331,0.000,0.000,0.000,125.0,0.000,
12.11.2025,10:49:10.612,4.078,12.401,3.366,2.815,250.0,250.0,24.126,19.907,8.888,58.524,41.815,25.926,15.889,25.607,7.700,0.678,7.022,7.022,0.000,0.000,0.000,125.0,0.000,
12.11.2025,10:49:11.605,43.501,16.356,8.417,2.912,250.0,250.0,67.272,19.464,8.863,56.816,40.739,25.265,15.474,24.958,7.734,0.681,7.053,7.053,0.000,0.000,0.000,125.0,0.000,
12.11.2025,10:49:12.609,25.829,27.126,19.702,3.000,250.0,250.0,66.222,15.386,6.625,43.427,31.036,19.242,11.794,19.021,7.827,0.710,7.117,7.063,0.000,0.000,0.000,125.0,0.000,
12.11.2025,10:49:13.609,25.829,30.763,22.803,3.198,250.0,250.0,59.925,22.523,8.897,68.266,47.856,29.671,18.185,29.315,7.952,0.795,7.157,7.132,0.002,0.000,0.000,125.0,0.000,
12.11.2025,10:49:14.609,12.235,23.941,16.006,3.177,250.0,250.0,76.653,20.122,8.888,59.245,42.258,26.209,16.049,25.890,7.803,0.724,7.079,7.072,0.000,0.000,0.000,125.0,0.000,
12.11.2025,10:49:15.607,21.750,26.275,18.811,3.029,250.0,250.0,67.595,19.827,8.865,58.168,41.574,25.781,15.793,25.475,7.765,0.683,7.082,7.082,0.000,0.000,0.000,125.0,0.000,
12.11.2025,10:49:16.603,16.313,26.559,19.045,3.099,250.0,250.0,67.719,19.989,8.854,58.786,41.955,26.015,15.940,25.696,7.787,0.715,7.072,7.072,0.000,0.000,0.000,125.0,0.000,
12.11.2025,10:49:17.606,17.672,27.097,19.804,2.949,250.0,250.0,69.893,19.964,8.864,58.668,41.888,25.975,15.913,25.656,7.785,0.683,7.102,7.102,0.000,0.000,0.000,125.0,0.000,
12.11.2025,10:49:18.606,20.391,28.832,21.379,3.038,250.0,250.0,67.742,20.119,8.899,59.219,42.256,26.196,16.060,25.877,7.789,0.687,7.102,7.102,0.000,0.000,0.000,125.0,0.000,
12.11.2025,10:49:19.607,16.313,27.266,19.845,3.020,250.0,250.0,67.575,15.266,6.650,42.954,30.769,19.085,11.684,18.851,7.785,0.683,7.102,7.102,0.000,0.000,0.000,125.0,0.000,
12.11.2025,10:49:20.604,19.032,27.986,20.224,2.928,250.0,250.0,40.933,7.065,3.554,17.844,13.259,8.226,5.033,8.128,5.100,0.677,4.423,4.408,0.002,0.000,0.000,125.0,0.000,
12.11.2025,10:49:21.607,17.672,28.640,19.152,2.995,250.0,250.0,26.001,4.519,3.162,8.692,7.345,4.557,2.788,4.508,4.887,0.505,4.382,4.365,0.000,0.000,0.000,125.0,0.000,
12.11.2025,10:49:22.609,16.313,27.419,17.826,3.212,250.0,250.0,14.772,4.716,3.077,9.431,7.754,4.805,2.949,4.756,5.014,0.649,4.365,4.357,0.000,0.000,0.000,125.0,0.125,
12.11.2025,10:49:23.608,16.313,29.820,20.130,3.472,250.0,250.0,14.256,5.684,3.015,13.239,10.080,6.257,3.823,6.183,4.937,0.572,4.365,4.365,0.000,0.000,0.000,125.0,0.000,
12.11.2025,10:49:24.605,25.829,26.467,17.144,3.118,250.0,250.0,18.951,6.241,3.113,15.199,11.363,7.039,4.324,6.953,5.027,0.606,4.421,4.365,0.000,0.000,0.000,125.0,0.000,
12.11.2025,10:49:25.603,16.313,36.754,27.003,3.490,250.0,250.0,19.508,5.723,3.015,13.393,10.177,6.305,3.872,6.232,4.938,0.581,4.357,4.357,0.000,0.000,0.000,125.0,0.000,
12.11.2025,10:49:26.602,25.829,36.976,27.273,3.442,250.0,250.0,18.192,5.530,2.954,12.724,9.726,6.037,3.689,5.963,4.928,0.571,4.357,4.357,0.000,0.000,0.000,125.0,0.000,
12.11.2025,10:49:27.601,17.672,32.940,22.982,3.630,250.0,250.0,14.155,5.850,2.978,13.862,10.441,6.473,3.968,6.399,5.008,0.617,4.391,4.359,0.000,0.000,0.000,125.0,0.000,
12.11.2025,10:49:28.603,24.469,26.398,16.630,3.516,250.0,250.0,138.438,39.116,8.990,131.016,86.645,53.725,32.920,53.088,8.882,1.458,7.424,7.010,0.001,0.000,0.000,125.0,0.000,
12.11.2025,10:49:29.606,20.391,30.364,22.591,3.216,250.0,250.0,173.073,27.716,9.017,82.352,56.669,35.137,21.532,34.720,13.101,0.976,12.125,11.536,0.000,0.000,0.000,125.0,0.000,
12.11.2025,10:49:30.608,23.110,30.052,22.430,3.176,250.0,250.0,97.870,80.032,9.031,155.273,101.487,62.937,38.550,62.180,132.639,16.168,116.471,105.584,0.000,0.000,0.000,125.0,0.000,
12.11.2025,10:49:31.605,23.110,26.762,19.332,3.043,250.0,250.0,112.007,26.928,8.942,80.500,55.477,34.400,21.077,33.983,11.941,0.922,11.019,11.019,0.000,0.000,0.000,125.0,0.000,
12.11.2025,10:49:32.606,17.672,27.837,20.308,3.107,250.0,250.0,117.232,19.010,8.886,50.312,36.713,22.769,13.944,22.499,11.967,0.924,11.043,11.043,0.000,0.000,0.000,125.0,0.000,
12.11.2025,10:49:33.602,28.547,27.705,20.145,3.135,250.0,250.0,106.900,87.679,9.134,258.856,164.912,102.255,62.657,101.029,56.804,7.185,49.619,64.336,0.000,0.000,0.000,125.0,0.000,
12.11.2025,10:49:34.601,27.188,28.383,20.886,3.098,250.0,250.0,181.023,161.550,9.010,373.445,236.918,146.905,90.013,145.133,301.026,136.479,164.548,12.019,0.000,0.000,0.000,125.0,0.000,
12.11.2025,10:49:35.606,23.110,27.002,19.483,3.084,250.0,250.0,183.639,166.194,9.097,367.821,233.442,144.760,88.682,143.013,245.260,98.108,147.152,184.601,0.000,0.000,0.000,125.0,0.000,
12.11.2025,10:49:36.601,21.750,31.367,23.850,3.085,250.0,250.0,235.251,27.729,8.944,82.633,56.800,35.221,21.579,34.791,12.759,0.952,11.807,11.807,0.000,0.000,0.000,125.0,0.000,
12.11.2025,10:49:37.606,13.594,26.485,18.954,3.143,250.0,250.0,91.198,27.617,8.931,82.384,56.639,35.122,21.517,34.693,12.607,0.942,11.665,11.665,0.000,0.000,0.000,125.0,0.250,
12.11.2025,10:49:38.611,16.313,26.063,17.908,3.634,250.0,250.0,54.930,12.087,8.797,31.735,25.147,15.587,9.560,15.403,5.052,0.517,4.535,4.535,0.000,0.000,0.000,125.0,0.000,
12.11.2025,10:49:39.608,19.032,25.515,17.611,3.447,250.0,250.0,33.305,8.303,3.920,22.205,16.206,10.055,6.151,9.932,5.028,0.518,4.510,4.510,0.000,0.000,0.000,125.0,0.000,
12.11.2025,10:49:40.609,19.032,27.732,18.939,3.091,250.0,250.0,21.116,5.001,3.125,10.430,8.415,5.221,3.194,5.147,5.000,0.516,4.484,4.484,0.002,0.000,0.000,125.0,0.000,
12.11.2025,10:49:41.609,16.313,29.732,20.031,3.093,250.0,250.0,15.101,4.364,2.856,8.288,6.909,4.290,2.619,4.241,4.983,0.516,4.467,4.467,0.000,0.000,0.000,125.0,0.000,
12.11.2025,10:49:42.609,23.110,28.403,18.668,3.486,250.0,250.0,12.173,4.741,2.978,9.604,7.806,4.843,2.963,4.782,4.983,0.516,4.467,4.467,0.000,0.000,0.000,125.0,0.000,
12.11.2025,10:49:43.604,13.594,28.929,19.457,3.254,250.0,250.0,87.885,27.549,9.002,82.233,56.585,35.082,21.503,34.665,12.441,0.927,11.513,11.536,0.000,0.000,0.000,125.0,0.000,
12.11.2025,10:49:44.603,17.672,28.817,21.035,3.106,250.0,250.0,91.640,27.592,9.049,82.314,56.667,35.141,21.526,34.712,12.480,0.932,11.548,11.548,0.000,0.000,0.000,125.0,0.000,
12.11.2025,10:49:45.605,28.547,28.463,20.895,3.124,250.0,250.0,54.749,11.691,8.872,30.170,24.220,15.025,9.195,14.841,5.033,0.515,4.518,4.518,0.000,0.000,0.000,125.0,0.000,
12.11.2025,10:49:46.608,19.032,26.746,19.252,3.121,250.0,250.0,39.502,11.668,8.814,30.164,24.170,14.988,9.182,14.816,5.024,0.514,4.510,4.501,0.000,0.000,0.000,125.0,0.000,
12.11.2025,10:49:47.614,16.313,26.779,19.219,3.105,250.0,250.0,39.137,11.224,8.803,28.478,23.131,14.340,8.791,14.168,5.015,0.514,4.501,4.501,0.000,0.000,0.000,125.0,0.000,
12.11.2025,10:49:48.607,20.391,29.534,21.950,3.181,250.0,250.0,38.235,15.592,8.821,34.054,26.502,16.437,10.065,16.241,19.634,3.114,16.520,4.535,0.000,0.000,0.000,125.0,0.000,
12.11.2025,10:49:49.600,20.391,26.646,18.901,3.134,250.0,250.0,23.466,9.248,4.239,25.531,18.467,11.456,7.011,11.321,4.988,0.513,4.475,4.475,0.002,0.000,0.000,125.0,0.000,
12.11.2025,10:49:50.600,16.313,29.869,20.258,3.091,250.0,250.0,17.411,4.753,2.978,9.647,7.832,4.857,2.975,4.808,4.983,0.516,4.467,4.467,0.000,0.000,0.000,125.0,0.000,
12.11.2025,10:49:51.604,23.110,30.321,20.746,3.127,250.0,250.0,12.986,7.948,3.075,14.943,11.164,6.919,4.245,6.833,13.913,2.187,11.726,4.475,0.000,0.000,0.000,125.0,0.000,
12.11.2025,10:49:52.608,19.032,29.949,20.635,3.112,250.0,250.0,13.363,5.853,3.186,13.664,10.450,6.483,3.967,6.397,4.962,0.512,4.450,4.459,0.000,0.000,0.000,125.0,0.000,
12.11.2025,10:49:53.606,17.672,28.859,19.616,3.138,250.0,250.0,13.152,5.161,3.064,11.135,8.805,5.465,3.340,5.391,4.977,0.527,4.450,4.459,0.000,0.000,0.000,125.0,0.000,
12.11.2025,10:49:54.604,31.266,29.016,19.706,3.131,250.0,250.0,13.139,5.981,2.880,14.490,10.752,6.669,4.083,6.583,4.953,0.511,4.442,4.450,0.000,0.000,0.000,125.0,0.000,
12.11.2025,10:49:55.601,28.547,30.953,21.629,3.138,250.0,250.0,13.193,4.326,2.819,8.199,6.836,4.242,2.594,4.192,4.962,0.512,4.450,4.450,0.000,0.000,0.000,125.0,0.000,
12.11.2025,10:49:56.603,24.469,35.650,25.890,3.469,250.0,250.0,12.653,4.243,2.757,7.952,6.651,4.119,2.532,4.070,4.952,0.510,4.442,4.442,0.000,0.000,0.000,125.0,0.000,
12.11.2025,10:49:57.603,24.469,30.223,20.861,3.216,250.0,250.0,12.450,39.274,3.693,99.227,63.720,39.503,24.217,39.025,59.456,13.203,46.253,4.442,0.000,0.000,0.000,125.0,0.000,
12.11.2025,10:49:58.614,29.907,30.631,21.259,3.142,250.0,250.0,99.958,53.840,9.139,182.905,118.503,73.475,45.028,72.586,12.616,1.080,11.536,11.536,0.000,0.000,0.000,125.0,0.000,
12.11.2025,10:49:59.616,16.313,25.453,17.835,3.095,250.0,250.0,109.540,27.942,8.968,83.543,57.381,35.579,21.802,35.150,12.677,1.035,11.642,11.642,0.000,0.000,0.000,125.0,0.000,
12.11.2025,10:50:0.625,20.391,24.735,17.147,3.088,250.0,250.0,86.955,12.860,8.799,33.963,26.522,16.446,10.076,16.249,5.718,0.612,5.106,5.106,0.000,0.000,0.000,125.0,0.000,
12.11.2025,10:50:1.627,20.391,23.905,16.438,3.058,250.0,250.0,54.361,96.537,8.863,144.533,94.577,58.654,35.923,57.947,280.100,60.548,219.552,4.678,0.000,0.000,0.125,125.0,0.000,
12.11.2025,10:50:2.623,20.391,25.750,18.208,3.098,250.0,250.0,51.979,12.221,8.776,32.146,25.388,15.738,9.650,15.554,5.195,0.626,4.569,4.569,0.000,0.000,0.000,125.0,0.000,
12.11.2025,10:50:3.622,16.313,24.617,17.082,3.105,250.0,250.0,60.725,11.611,8.814,29.854,23.984,14.877,9.107,14.693,5.132,0.614,4.518,4.518,0.000,0.000,0.000,125.0,0.000,
12.11.2025,10:50:4.640,17.672,22.782,15.275,3.064,250.0,250.0,50.860,93.505,8.926,145.486,95.180,59.023,36.157,58.317,263.388,56.340,207.048,5.189,0.000,0.000,1.625,125.0,0.000,
12.11.2025,10:50:5.641,24.469,25.165,17.534,3.120,250.0,250.0,43.861,76.610,4.360,187.422,118.730,73.623,45.107,72.742,129.538,30.740,98.798,5.036,0.002,0.001,0.000,125.0,0.000,
12.11.2025,10:50:6.647,28.547,26.837,17.147,3.108,250.0,250.0,84.364,27.801,8.939,82.790,56.892,35.279,21.613,34.862,12.996,1.083,11.913,11.642,0.000,0.000,0.000,125.0,0.000,
12.11.2025,10:50:7.654,17.672,25.089,17.589,3.087,250.0,250.0,112.286,15.549,8.851,38.645,29.459,18.269,11.190,18.049,12.699,1.034,11.665,5.624,0.000,0.000,0.000,125.0,0.000,
12.11.2025,10:50:8.652,19.032,25.178,17.578,3.125,250.0,250.0,71.947,12.931,8.809,34.268,26.717,16.568,10.149,16.372,5.738,0.614,5.124,4.948,0.000,0.000,0.000,125.0,0.000,
12.11.2025,10:50:9.652,16.313,26.002,18.421,3.121,250.0,250.0,53.739,12.474,8.800,32.367,25.527,15.831,9.696,15.647,6.068,0.685,5.383,4.738,0.000,0.000,1.000,125.0,0.000,
12.11.2025,10:50:10.652,31.266,25.597,18.034,3.093,250.0,250.0,51.575,26.229,8.942,82.628,56.795,35.218,21.577,34.788,5.366,0.652,4.714,11.606,0.000,0.000,0.000,125.0,0.000,
12.11.2025,10:50:11.666,17.672,24.660,16.316,3.049,250.0,250.0,106.035,27.702,8.915,82.618,56.774,35.200,21.574,34.771,12.752,1.063,11.689,11.665,0.000,0.000,0.000,125.0,0.000,
12.11.2025,10:50:12.666,17.672,25.331,17.824,3.061,250.0,250.0,107.123,13.896,8.814,37.313,28.610,17.740,10.870,17.532,6.320,0.677,5.643,5.441,0.000,0.000,0.000,125.0,0.000,
12.11.2025,10:50:13.664,16.313,25.348,17.871,3.072,250.0,250.0,56.879,12.867,8.828,33.482,26.248,16.284,9.964,16.087,6.387,0.694,5.693,5.000,0.000,0.000,0.000,125.0,0.000,
12.11.2025,10:50:14.668,17.672,22.552,14.985,3.077,250.0,250.0,65.081,12.006,8.833,31.147,24.799,15.375,9.424,15.191,5.366,0.619,4.747,4.561,0.000,0.000,0.500,125.0,0.000,
12.11.2025,10:50:15.667,19.032,26.437,18.849,3.144,250.0,250.0,67.886,14.996,8.930,40.727,30.812,19.101,11.711,18.868,6.818,0.620,6.198,6.169,0.000,0.000,0.000,125.0,0.000,
12.11.2025,10:50:16.664,17.672,26.488,18.500,3.086,250.0,250.0,60.453,44.800,9.076,154.954,100.980,62.621,38.359,61.867,6.861,0.689,6.172,6.415,0.000,0.000,0.000,125.0,0.000,
12.11.2025,10:50:17.665,17.672,25.465,17.921,3.110,250.0,250.0,58.520,12.568,8.809,33.150,26.029,16.138,9.891,15.941,5.443,0.607,4.836,4.836,0.000,0.000,0.000,125.0,0.000,
12.11.2025,10:50:18.673,20.391,25.889,18.267,3.163,250.0,250.0,64.123,11.790,8.812,30.486,24.376,15.122,9.254,14.938,5.176,0.615,4.561,4.561,0.000,0.000,0.000,125.0,0.000,
12.11.2025,10:50:19.673,20.391,26.042,18.520,3.073,250.0,250.0,54.868,42.109,8.873,146.663,95.883,59.452,36.431,58.734,5.249,0.693,4.556,4.552,0.000,0.000,0.000,125.0,0.000,
12.11.2025,10:50:20.667,25.829,25.609,18.117,3.062,250.0,250.0,49.323,11.656,8.813,29.923,24.040,14.905,9.135,14.721,5.213,0.619,4.594,4.594,0.000,0.000,0.500,125.0,0.000,
12.11.2025,10:50:21.664,25.829,24.677,17.111,3.104,250.0,250.0,45.766,27.890,8.944,83.296,57.202,35.477,21.725,35.047,12.758,1.068,11.689,11.689,0.000,0.000,0.000,125.0,0.500,
12.11.2025,10:50:22.668,16.313,25.747,16.998,3.059,250.0,250.0,114.004,27.858,8.932,83.052,57.046,35.381,21.665,34.951,12.903,1.114,11.789,11.748,0.000,0.000,0.000,125.0,0.000,
12.11.2025,10:50:23.667,16.313,23.541,15.995,3.089,250.0,250.0,110.454,43.548,8.891,151.167,98.641,61.164,37.477,60.433,6.118,0.650,5.468,5.468,0.000,0.000,0.000,125.0,0.000,
12.11.2025,10:50:24.678,13.594,25.705,18.186,3.099,250.0,250.0,57.106,12.651,8.798,33.263,26.094,16.177,9.917,15.980,5.628,0.601,5.027,5.027,0.000,0.000,0.000,125.0,0.000,
12.11.2025,10:50:25.690,19.032,27.589,19.924,3.162,250.0,250.0,74.156,27.868,8.944,83.134,57.114,35.422,21.692,34.992,12.816,1.056,11.760,11.748,0.000,0.000,0.000,125.0,0.000,
12.11.2025,10:50:26.689,27.188,26.099,17.768,3.054,250.0,250.0,101.870,27.812,8.929,82.869,56.947,35.307,21.640,34.878,12.885,1.078,11.807,11.784,0.000,0.000,0.000,125.0,0.000,
12.11.2025,10:50:27.686,16.313,24.479,16.929,3.082,250.0,250.0,90.985,13.940,8.831,37.629,28.807,17.863,10.944,17.654,6.116,0.630,5.486,5.444,0.000,0.000,0.000,125.0,0.375,
12.11.2025,10:50:28.684,19.032,26.406,18.770,3.171,250.0,250.0,64.994,12.671,8.856,33.270,26.129,16.200,9.929,16.016,5.680,0.627,5.053,4.953,0.000,0.000,0.000,125.0,0.000,
12.11.2025,10:50:29.686,14.953,26.794,19.289,3.076,250.0,250.0,52.780,11.820,8.860,30.391,24.352,15.097,9.255,14.913,5.364,0.609,4.755,4.603,0.000,0.000,0.000,125.0,0.000,
12.11.2025,10:50:30.687,17.672,25.371,17.642,3.109,250.0,250.0,91.040,54.184,9.226,183.557,118.961,73.767,45.194,72.878,12.983,1.173,11.810,12.290,0.003,0.000,0.500,125.0,0.000,
12.11.2025,10:50:31.691,16.313,25.386,17.593,3.080,250.0,250.0,112.571,27.919,8.950,83.045,57.052,35.382,21.670,34.953,13.120,1.089,12.031,11.901,0.000,0.000,0.000,125.0,0.000,
12.11.2025,10:50:32.688,25.829,25.972,18.449,3.110,250.0,250.0,64.371,13.041,8.778,34.438,26.807,16.624,10.183,16.428,5.967,0.643,5.324,5.220,0.000,0.000,0.000,125.0,0.000,
12.11.2025,10:50:33.692,17.672,24.820,17.280,3.104,250.0,250.0,53.797,93.542,8.874,117.162,77.638,48.145,29.493,47.561,300.187,72.469,227.718,6.173,0.000,0.000,0.000,125.0,0.000,
12.11.2025,10:50:34.695,14.953,25.484,17.893,3.144,250.0,250.0,64.076,11.862,8.809,30.479,24.366,15.116,9.250,14.932,5.514,0.640,4.874,4.638,0.000,0.000,0.000,125.0,0.000,
12.11.2025,10:50:35.710,19.032,27.340,19.683,3.173,250.0,250.0,49.630,11.470,8.812,29.182,23.569,14.613,8.956,14.429,5.262,0.624,4.638,4.620,0.000,0.000,0.000,125.0,0.000,
12.11.2025,10:50:36.723,24.469,24.541,16.710,3.127,250.0,250.0,63.250,17.567,8.969,49.537,36.289,22.507,13.782,22.237,7.669,0.658,7.011,7.011,0.003,0.000,0.000,125.0,0.000,
12.11.2025,10:50:37.710,19.032,23.905,15.746,3.092,250.0,250.0,72.715,17.567,8.959,51.018,37.201,23.074,14.127,22.792,7.918,0.720,7.198,7.158,0.000,0.000,0.500,125.0,0.000,
12.11.2025,10:50:38.710,17.672,26.807,19.209,3.163,250.0,250.0,70.120,12.660,8.818,33.230,26.084,16.171,9.913,15.975,5.675,0.622,5.053,5.053,0.000,0.000,0.000,125.0,0.000,
12.11.2025,10:50:39.740,14.953,26.265,18.695,3.099,250.0,250.0,53.398,11.604,8.823,29.673,23.879,14.811,9.068,14.627,5.260,0.622,4.638,4.638,0.000,0.000,0.000,125.0,0.625,
12.11.2025,10:50:40.743,16.313,24.761,17.203,3.124,250.0,250.0,50.885,38.710,8.354,133.206,87.539,54.281,33.258,53.634,5.848,0.718,5.130,5.130,0.000,0.000,0.000,125.0,0.125,
12.11.2025,10:50:41.745,19.032,24.302,16.351,3.065,250.0,250.0,108.565,28.006,8.876,83.469,57.271,35.515,21.756,35.086,13.061,1.101,11.960,11.960,0.000,0.000,0.000,125.0,0.000,
12.11.2025,10:50:42.745,17.672,24.207,16.655,3.094,250.0,250.0,97.951,13.764,8.812,36.523,28.128,17.443,10.685,17.222,6.488,0.639,5.849,5.849,0.000,0.000,0.000,125.0,0.000,
12.11.2025,10:50:43.745,16.313,26.100,18.548,3.102,250.0,250.0,55.855,13.524,8.820,35.605,27.558,17.087,10.471,16.878,6.513,0.715,5.798,5.798,0.000,0.000,0.000,125.0,1.000,
12.11.2025,10:50:44.746,23.110,23.558,16.028,3.119,250.0,250.0,63.141,12.010,8.823,30.976,24.695,15.306,9.389,15.122,5.475,0.634,4.841,4.841,0.000,0.000,0.000,125.0,0.000,
12.11.2025,10:50:45.745,16.313,26.671,19.026,3.141,250.0,250.0,63.141,12.010,8.823,30.976,24.695,15.306,9.389,15.122,5.475,0.634,4.841,4.841,0.000,0.000,0.000,125.0,0.000,
12.11.2025,10:50:46.743,23.110,26.556,19.048,3.103,250.0,250.0,51.212,11.587,8.800,29.600,23.822,14.777,9.045,14.593,5.291,0.637,4.654,4.654,0.000,0.000,0.000,125.0,0.000,
12.11.2025,10:50:47.757,13.594,25.593,18.072,3.092,250.0,250.0,49.285,41.342,8.850,143.680,94.065,58.323,35.742,57.616,5.251,0.613,4.638,4.638,0.000,0.000,0.000,125.0,0.000,
12.11.2025,10:50:48.768,19.032,27.158,18.271,3.131,250.0,250.0,49.774,31.187,8.373,104.311,69.782,43.272,26.510,42.758,5.855,0.701,5.154,5.154,0.000,0.000,0.500,125.0,0.000,
12.11.2025,10:50:49.759,16.313,22.768,15.244,3.082,250.0,250.0,111.201,27.899,8.865,83.017,56.997,35.336,21.661,34.907,13.074,1.103,11.971,12.059,0.000,0.000,0.000,125.0,0.000,
12.11.2025,10:50:50.771,17.672,24.848,17.287,3.103,250.0,250.0,97.598,13.642,8.802,36.232,27.929,17.319,10.610,17.110,6.428,0.640,5.788,5.567,0.000,0.000,0.000,125.0,0.000,
12.11.2025,10:50:51.758,20.391,25.346,17.819,3.086,250.0,250.0,56.392,12.885,8.832,34.035,26.588,16.490,10.098,16.282,5.727,0.629,5.098,5.067,0.000,0.000,0.000,125.0,1.000,
12.11.2025,10:50:52.759,17.672,24.007,15.614,3.077,250.0,250.0,61.471,26.574,8.946,83.454,57.310,35.541,21.769,35.112,5.822,0.688,5.134,11.960,0.000,0.000,0.500,125.0,1.125,
12.11.2025,10:50:53.759,17.672,24.818,17.279,3.075,250.0,250.0,111.991,27.931,8.975,83.012,57.043,35.371,21.672,34.954,13.130,1.075,12.055,12.019,0.000,0.000,0.000,125.0,1.375,
12.11.2025,10:50:54.769,23.110,24.411,16.866,3.127,250.0,250.0,98.246,13.573,8.824,35.934,27.759,17.222,10.537,17.014,6.425,0.619,5.806,5.585,0.000,0.000,0.000,125.0,0.000,
12.11.2025,10:50:55.771,20.391,26.559,18.936,3.157,250.0,250.0,54.973,12.840,8.790,33.874,26.461,16.414,10.047,16.218,5.761,0.646,5.115,5.075,0.000,0.000,0.000,125.0,0.000,
12.11.2025,10:50:56.764,23.110,24.938,17.226,3.238,250.0,250.0,64.914,12.395,8.806,32.430,25.578,15.862,9.716,15.666,5.515,0.632,4.883,4.858,0.000,0.000,0.000,125.0,0.500,
12.11.2025,10:50:57.759,17.672,30.391,21.567,3.496,250.0,250.0,70.822,28.077,8.867,83.720,57.424,35.605,21.819,35.176,13.082,1.087,11.996,11.996,0.000,0.000,0.000,125.0,0.000,
12.11.2025,10:50:58.757,20.391,25.139,17.503,3.184,250.0,250.0,103.118,28.168,8.879,83.978,57.604,35.720,21.884,35.278,13.139,1.084,12.055,12.055,0.000,0.000,0.000,125.0,0.000,
12.11.2025,10:50:59.771,20.391,24.753,17.198,3.092,250.0,250.0,84.952,13.805,8.800,37.013,28.420,17.626,10.794,17.406,6.212,0.642,5.570,5.570,0.000,0.000,0.750,125.0,0.000,
12.11.2025,10:51:0.756,16.313,26.207,18.576,3.141,250.0,250.0,65.355,12.992,8.804,34.505,26.874,16.664,10.210,16.455,5.677,0.619,5.058,5.058,0.000,0.000,0.500,125.0,0.000,
12.11.2025,10:51:1.770,19.032,24.814,16.994,3.072,250.0,250.0,53.879,10.965,4.725,31.252,22.314,13.838,8.476,13.666,5.339,0.634,4.705,4.705,0.002,0.000,0.000,125.0,0.000,
12.11.2025,10:51:2.769,19.032,25.197,17.199,3.064,250.0,250.0,78.872,115.229,9.041,151.558,99.014,61.397,37.617,60.654,154.382,47.824,106.558,424.243,0.000,0.000,0.000,125.0,0.000,
12.11.2025,10:51:3.767,17.672,23.633,16.076,3.069,250.0,250.0,102.404,28.506,8.938,84.978,58.244,36.119,22.125,35.689,13.360,1.117,12.243,12.243,0.000,0.000,0.000,125.0,0.000,
12.11.2025,10:51:4.768,16.313,23.080,15.619,3.082,250.0,250.0,87.135,13.601,8.773,36.409,28.024,17.379,10.645,17.170,6.088,0.649,5.439,5.439,0.000,0.000,0.000,125.0,0.000,
12.11.2025,10:51:5.764,16.313,26.306,18.657,3.160,250.0,250.0,54.525,12.625,8.795,33.205,26.045,16.157,9.888,15.961,5.611,0.636,4.975,4.975,0.000,0.000,0.500,125.0,1.000,
12.11.2025,10:51:6.766,16.313,25.392,17.334,3.077,250.0,250.0,52.545,13.681,8.802,36.918,28.365,17.581,10.784,17.373,5.666,0.664,5.002,5.657,0.000,0.000,0.375,125.0,0.000,
12.11.2025,10:51:7.767,24.469,26.456,18.992,3.064,250.0,250.0,62.355,13.946,8.814,37.473,28.706,17.800,10.906,17.591,6.281,0.641,5.640,5.613,0.000,0.000,0.000,125.0,0.000,
12.11.2025,10:51:8.770,17.672,25.427,17.801,3.149,250.0,250.0,64.543,12.307,8.802,32.017,25.315,15.699,9.616,15.515,5.610,0.635,4.975,4.883,0.002,0.000,0.000,125.0,0.000,
12.11.2025,10:51:9.757,17.672,24.541,16.574,3.088,250.0,250.0,60.546,128.907,8.948,141.569,92.660,57.460,35.200,56.767,318.152,75.495,242.657,260.166,0.000,0.000,0.500,125.0,0.000,
12.11.2025,10:51:10.762,16.313,24.349,16.845,3.081,250.0,250.0,59.325,14.777,8.851,39.816,30.196,18.724,11.472,18.491,7.047,0.666,6.381,6.122,0.000,0.000,0.000,125.0,0.000,
12.11.2025,10:51:11.757,17.672,23.836,16.255,3.095,250.0,250.0,67.941,12.124,8.772,31.378,24.912,15.450,9.462,15.254,5.559,0.641,4.918,4.892,0.000,0.000,0.000,125.0,0.000,
12.11.2025,10:51:12.761,24.469,23.484,16.072,3.029,250.0,250.0,61.411,11.976,8.803,30.949,24.653,15.294,9.359,15.110,5.436,0.665,4.771,4.722,0.000,0.000,0.000,125.0,0.000,
12.11.2025,10:51:13.763,20.391,25.232,17.691,3.079,250.0,250.0,51.005,11.672,8.818,29.834,23.985,14.870,9.115,14.686,5.349,0.627,4.722,4.714,0.000,0.000,0.000,125.0,0.000,
12.11.2025,10:51:14.765,27.188,30.636,21.539,3.298,250.0,250.0,47.483,5.183,3.198,10.746,8.646,5.367,3.279,5.306,5.301,0.596,4.705,4.688,0.003,0.000,0.000,125.0,0.000,
12.11.2025,10:51:15.773,19.032,37.036,26.972,3.409,250.0,250.0,22.924,5.768,3.431,12.743,10.029,6.224,3.805,6.150,5.306,0.618,4.688,4.688,0.000,0.000,0.000,125.0,0.000,
12.11.2025,10:51:16.772,38.063,33.498,23.739,3.425,250.0,250.0,19.804,7.374,3.173,19.090,13.805,8.560,5.245,8.462,5.362,0.700,4.662,4.679,0.000,0.000,0.000,125.0,0.000,
12.11.2025,10:51:17.784,25.829,39.517,29.725,3.518,250.0,250.0,18.525,6.364,3.075,15.341,11.428,7.091,4.337,7.005,5.348,0.678,4.670,4.662,0.000,0.000,0.500,125.0,0.000,
12.11.2025,10:51:18.786,28.547,74.595,64.279,3.828,250.0,250.0,19.016,6.570,2.990,16.029,11.802,7.319,4.483,7.221,5.498,0.675,4.823,4.858,0.000,0.000,1.125,125.0,0.375,
12.11.2025,10:51:19.784,21.750,40.303,30.619,3.442,250.0,250.0,26.502,5.462,2.781,12.260,9.338,5.787,3.551,5.714,5.267,0.605,4.662,4.654,0.000,0.000,0.000,125.0,0.750,
12.11.2025,10:51:20.783,21.750,32.117,22.710,3.238,250.0,250.0,16.296,4.383,2.622,8.365,6.821,4.228,2.593,4.178,5.187,0.533,4.654,4.654,0.000,0.000,0.000,125.0,0.000,
12.11.2025,10:51:21.780,19.032,28.428,20.101,3.006,250.0,250.0,34.813,27.666,8.841,82.234,56.495,35.030,21.465,34.601,12.985,0.966,12.019,12.019,0.000,0.000,0.000,125.0,0.000,
12.11.2025,10:51:22.773,21.750,27.763,20.303,3.047,250.0,250.0,91.041,27.531,8.929,81.595,56.142,34.811,21.331,34.394,13.025,0.970,12.055,12.055,0.000,0.000,0.000,125.0,0.000,
12.11.2025,10:51:23.786,23.110,28.939,21.544,3.043,250.0,250.0,58.611,11.563,8.806,29.491,23.761,14.733,9.028,14.549,5.268,0.538,4.730,4.730,0.000,0.000,0.000,125.0,0.000,
12.11.2025,10:51:24.784,23.110,28.939,21.544,3.043,250.0,250.0,34.467,8.412,3.956,22.352,16.326,10.115,6.211,9.992,5.236,0.540,4.696,4.696,0.000,0.000,0.000,125.0,0.000,
12.11.2025,10:51:25.772,28.547,29.486,20.948,3.046,250.0,250.0,25.924,6.534,3.614,15.532,11.874,7.367,4.507,7.281,5.235,0.539,4.696,4.696,0.002,0.000,0.000,125.0,0.000,
12.11.2025,10:51:26.781,21.750,31.418,21.699,3.124,250.0,250.0,13.890,5.210,2.732,11.243,8.671,5.379,3.292,5.305,5.406,0.743,4.663,4.662,0.000,0.000,0.000,125.0,0.000,
12.11.2025,10:51:27.776,20.391,30.972,21.578,3.072,250.0,250.0,13.804,4.565,2.782,8.885,7.241,4.487,2.754,4.438,5.200,0.538,4.662,4.662,0.000,0.000,0.000,125.0,0.000,
12.11.2025,10:51:28.777,12.235,31.050,21.791,3.086,250.0,250.0,14.119,4.342,2.721,8.076,6.703,4.157,2.546,4.108,5.216,0.537,4.679,4.679,0.000,0.000,0.000,125.0,0.000,
12.11.2025,10:51:29.776,16.313,29.665,20.408,3.049,250.0,250.0,12.596,4.266,2.806,7.730,6.543,4.059,2.484,4.010,5.187,0.533,4.654,4.654,0.001,0.000,0.000,125.0,0.000,
12.11.2025,10:51:30.778,25.829,28.023,18.856,3.050,250.0,250.0,12.476,4.231,2.684,7.730,6.465,4.007,2.458,3.958,5.187,0.533,4.654,4.638,0.000,0.000,0.000,125.0,0.000,
12.11.2025,10:51:31.783,16.313,29.737,20.506,3.038,250.0,250.0,13.150,7.019,3.479,17.584,13.057,8.099,4.958,8.001,5.188,0.534,4.654,4.638,0.000,0.000,0.000,125.0,0.000,
12.11.2025,10:51:32.788,17.672,30.934,21.722,3.030,250.0,250.0,12.753,4.662,2.794,9.275,7.493,4.643,2.850,4.581,5.171,0.533,4.638,4.638,0.000,0.000,0.000,125.0,0.000,
12.11.2025,10:51:33.803,23.110,29.373,20.159,3.028,250.0,250.0,12.147,4.212,2.598,7.752,6.430,3.984,2.446,3.935,5.171,0.533,4.638,4.638,0.000,0.000,0.000,125.0,0.000,
12.11.2025,10:51:34.801,21.750,30.874,21.725,3.023,250.0,250.0,12.099,4.157,2.635,7.508,6.295,3.910,2.385,3.861,5.171,0.533,4.638,4.638,0.000,0.000,0.000,125.0,0.000,
12.11.2025,10:51:35.801,20.391,30.351,21.138,3.024,250.0,250.0,11.990,4.285,2.794,7.855,6.614,4.094,2.520,4.044,5.152,0.532,4.620,4.629,0.000,0.000,0.000,125.0,0.000,
12.11.2025,10:51:36.800,20.391,30.475,21.240,3.067,250.0,250.0,86.234,27.962,8.880,83.186,57.099,35.412,21.687,34.983,13.186,1.124,12.062,11.996,0.000,0.000,0.000,125.0,0.000,
12.11.2025,10:51:37.800,17.672,28.648,20.479,3.032,250.0,250.0,98.718,45.200,8.997,149.416,97.647,60.558,37.089,59.827,13.114,1.095,12.019,12.243,0.000,0.000,0.000,125.0,0.000,
12.11.2025,10:51:38.788,21.750,25.232,17.804,3.035,250.0,250.0,74.147,12.625,8.812,33.011,25.935,16.088,9.847,15.892,5.810,0.634,5.176,5.049,0.000,0.000,0.625,125.0,0.000,
12.11.2025,10:51:39.788,19.032,24.782,17.259,3.067,250.0,250.0,48.326,11.765,8.805,30.215,24.206,15.017,9.189,14.833,5.347,0.633,4.714,4.688,0.000,0.000,0.875,125.0,0.000,
12.11.2025,10:51:40.788,17.672,25.598,18.047,3.062,250.0,250.0,46.702,29.695,8.855,99.090,66.468,41.213,25.255,40.714,5.306,0.627,4.679,4.747,0.000,0.000,0.000,125.0,0.000,
12.11.2025,10:51:41.801,17.672,25.780,18.239,3.095,250.0,250.0,54.368,14.482,8.853,39.781,30.168,18.709,11.459,18.476,5.646,0.661,4.985,6.084,0.000,0.000,0.000,125.0,0.000,
12.11.2025,10:51:42.800,16.313,25.139,16.349,3.056,250.0,250.0,60.649,14.673,8.827,39.729,30.114,18.669,11.445,18.448,6.715,0.641,6.074,6.066,0.000,0.000,0.000,125.0,0.000,
12.11.2025,10:51:43.798,21.750,24.436,16.946,3.068,250.0,250.0,53.604,11.988,8.782,30.980,24.662,15.300,9.362,15.116,5.495,0.628,4.867,4.688,0.000,0.000,0.000,125.0,0.375,
12.11.2025,10:51:44.797,16.313,25.548,18.068,3.052,250.0,250.0,54.511,11.633,8.795,29.714,23.887,14.808,9.079,14.637,5.348,0.634,4.714,4.714,0.000,0.000,0.000,125.0,0.000,
12.11.2025,10:51:45.799,17.672,23.690,16.163,3.071,250.0,250.0,55.910,21.123,8.885,61.987,43.958,27.261,16.697,26.930,8.798,0.880,7.918,7.918,0.000,0.000,0.000,125.0,0.000,
12.11.2025,10:51:46.796,20.391,26.741,18.350,3.086,250.0,250.0,76.561,20.920,8.934,61.175,43.486,26.963,16.523,26.632,8.791,0.883,7.908,7.908,0.000,0.000,0.000,125.0,0.000,
12.11.2025,10:51:47.817,14.953,26.428,18.918,3.029,250.0,250.0,71.179,12.523,8.830,32.605,25.703,15.937,9.766,15.741,5.767,0.649,5.118,5.118,0.000,0.000,0.000,125.0,0.000,
12.11.2025,10:51:48.815,19.032,24.295,16.796,3.069,250.0,250.0,54.703,11.795,8.798,30.345,24.283,15.055,9.228,14.871,5.326,0.612,4.714,4.714,0.000,0.000,0.000,125.0,0.375,
12.11.2025,10:51:49.817,17.672,24.582,17.102,3.013,250.0,250.0,46.670,76.079,8.806,85.493,58.064,36.009,22.055,35.571,72.754,22.739,50.015,369.286,0.000,0.000,0.000,125.0,0.000,
12.11.2025,10:51:50.818,14.953,24.587,17.096,3.040,250.0,250.0,54.576,22.087,8.357,69.870,48.512,30.081,18.431,29.725,5.528,0.687,4.841,4.841,0.000,0.000,0.000,125.0,0.500,
12.11.2025,10:51:51.806,14.953,25.475,17.605,3.031,250.0,250.0,94.499,24.853,8.871,74.145,51.483,31.922,19.561,31.542,10.700,1.092,9.608,9.608,0.000,0.000,0.875,125.0,0.000,
12.11.2025,10:51:52.808,21.750,22.610,15.153,3.024,250.0,250.0,86.427,44.351,8.876,91.923,62.090,38.500,23.590,38.038,79.656,25.733,53.923,21.182,0.000,0.000,0.500,125.0,0.000,
12.11.2025,10:51:53.809,21.750,25.805,18.280,3.059,250.0,250.0,56.074,12.031,8.782,31.003,24.680,15.297,9.383,15.113,5.566,0.648,4.918,4.918,0.000,0.000,0.000,125.0,0.000,
12.11.2025,10:51:54.811,16.313,24.780,17.266,3.054,250.0,250.0,53.511,11.749,8.797,30.161,24.159,14.981,9.178,14.810,5.346,0.632,4.714,4.714,0.001,0.000,0.000,125.0,0.000,
12.11.2025,10:51:55.804,16.313,25.835,18.304,3.062,250.0,250.0,46.694,32.327,8.852,109.308,72.692,45.077,27.615,44.530,5.245,0.540,4.705,4.705,0.000,0.000,0.000,125.0,0.000,
12.11.2025,10:51:56.813,17.672,29.075,21.447,3.123,250.0,250.0,91.487,28.765,8.802,45.726,33.719,20.914,12.805,20.657,8.547,2.137,6.410,127.929,0.000,0.000,0.000,125.0,0.000,
12.11.2025,10:51:57.811,21.750,26.081,18.530,3.147,250.0,250.0,56.527,13.139,8.791,34.364,26.767,16.597,10.170,16.401,6.557,0.689,5.868,5.184,0.000,0.000,0.500,125.0,0.000,
12.11.2025,10:51:58.810,17.672,30.466,22.466,3.438,250.0,250.0,65.939,12.252,8.795,31.841,25.202,15.631,9.571,15.447,5.568,0.641,4.927,4.901,0.000,0.000,0.000,125.0,0.375,
12.11.2025,10:51:59.808,17.672,28.987,21.233,3.276,250.0,250.0,56.654,11.905,8.794,30.745,24.530,15.216,9.314,15.032,5.347,0.625,4.722,4.722,0.000,0.000,0.500,125.0,0.000,
12.11.2025,10:52:0.811,27.188,26.119,18.577,3.082,250.0,250.0,51.799,65.001,4.377,157.019,100.081,62.066,38.015,61.318,90.379,17.541,72.838,46.373,0.000,0.000,0.000,125.0,0.000,
12.11.2025,10:52:1.814,19.032,26.174,18.271,3.060,250.0,250.0,96.320,28.700,9.010,84.893,58.243,36.118,22.125,35.676,14.351,1.178,13.173,12.231,0.000,0.000,0.000,125.0,0.000,
12.11.2025,10:52:2.815,17.672,25.254,17.716,3.044,250.0,250.0,113.814,15.564,8.797,38.175,29.143,18.067,11.076,17.847,13.280,1.072,12.208,5.977,0.000,0.000,0.000,125.0,0.000,
12.11.2025,10:52:3.813,23.110,24.756,17.259,3.024,250.0,250.0,65.345,12.868,8.764,33.782,26.396,16.362,10.034,16.166,5.997,0.634,5.363,5.176,0.000,0.000,0.000,125.0,0.000,
12.11.2025,10:52:4.805,19.032,24.118,16.672,3.041,250.0,250.0,53.446,12.758,8.777,33.772,26.392,16.360,10.032,16.164,5.555,0.637,4.918,4.970,0.000,0.000,0.000,125.0,1.125,
12.11.2025,10:52:5.814,17.672,23.496,15.962,3.049,250.0,250.0,63.727,11.774,8.805,30.180,24.178,14.990,9.188,14.818,5.417,0.635,4.782,4.747,0.000,0.000,0.000,125.0,0.000,
12.11.2025,10:52:6.803,23.110,26.412,18.843,3.113,250.0,250.0,60.593,11.503,8.804,29.181,23.560,14.607,8.953,14.435,5.377,0.630,4.747,4.739,0.000,0.000,0.000,125.0,0.000,
12.11.2025,10:52:7.805,20.391,24.608,17.111,3.073,250.0,250.0,46.264,40.068,3.501,59.903,39.288,24.365,14.923,24.070,84.266,16.695,67.571,66.102,0.000,0.000,0.000,125.0,0.000,
12.11.2025,10:52:8.804,17.672,26.875,17.888,3.040,250.0,250.0,79.974,28.392,8.887,84.647,58.013,35.973,22.040,35.544,13.257,1.109,12.148,12.301,0.002,0.000,0.000,125.0,0.375,
12.11.2025,10:52:9.817,16.313,23.670,15.956,3.031,250.0,250.0,113.172,28.250,8.914,83.951,57.593,35.714,21.879,35.285,13.458,1.156,12.302,12.243,0.000,0.000,0.000,125.0,0.000,
12.11.2025,10:52:10.807,19.032,22.968,15.474,3.050,250.0,250.0,79.627,46.921,8.840,62.529,44.025,27.290,16.735,26.961,57.377,16.774,40.603,168.079,0.000,0.000,0.375,125.0,0.375,
12.11.2025,10:52:11.815,17.672,25.046,17.534,3.054,250.0,250.0,52.133,12.039,8.790,31.144,24.770,15.352,9.418,15.168,5.464,0.641,4.823,4.823,0.000,0.000,0.000,125.0,0.000,
12.11.2025,10:52:12.815,20.391,25.224,17.691,3.067,250.0,250.0,63.062,11.787,8.792,30.237,24.216,15.015,9.201,14.831,5.405,0.640,4.765,4.765,0.000,0.000,0.000,125.0,0.000,
12.11.2025,10:52:13.810,17.672,24.803,17.329,3.047,250.0,250.0,59.155,9.310,4.469,24.971,18.258,11.326,6.932,11.191,5.604,0.857,4.747,4.747,0.000,0.000,0.000,125.0,0.000,
12.11.2025,10:52:14.803,20.391,26.053,18.234,3.054,250.0,250.0,64.171,17.849,8.904,50.236,36.686,22.748,13.938,22.478,8.058,0.675,7.383,7.383,0.002,0.000,1.125,125.0,0.000,
12.11.2025,10:52:15.815,14.953,24.869,17.265,3.073,250.0,250.0,67.490,14.074,8.787,36.238,27.937,17.324,10.613,17.115,7.793,0.654,7.139,7.139,0.000,0.000,0.000,125.0,0.375,
12.11.2025,10:52:16.805,19.032,26.018,18.441,3.115,250.0,250.0,70.446,12.316,8.798,31.853,25.215,15.636,9.579,15.452,5.759,0.650,5.109,5.109,0.000,0.000,0.000,125.0,0.000,
12.11.2025,10:52:17.819,19.032,25.842,18.312,3.051,250.0,250.0,52.531,42.247,8.874,146.998,96.019,59.545,36.474,58.828,5.484,0.715,4.769,4.765,0.000,0.000,0.000,125.0,0.000,
12.11.2025,10:52:18.833,19.032,26.458,18.923,3.142,250.0,250.0,49.843,11.639,8.780,29.648,23.828,14.778,9.050,14.606,5.446,0.639,4.807,4.807,0.000,0.000,0.000,125.0,0.000,
12.11.2025,10:52:19.826,29.907,25.100,17.583,3.073,250.0,250.0,62.315,9.777,4.555,26.691,19.381,12.016,7.365,11.881,5.558,0.742,4.816,4.765,0.000,0.000,0.000,125.0,0.000,
12.11.2025,10:52:20.834,20.391,25.438,17.485,3.082,250.0,250.0,60.892,28.016,8.913,83.152,57.105,35.408,21.697,34.979,13.335,1.105,12.231,12.231,0.002,0.000,0.000,125.0,0.000,
12.11.2025,10:52:21.829,16.313,24.713,16.356,3.036,250.0,250.0,112.899,28.545,8.959,85.035,58.297,36.150,22.147,35.709,13.353,1.110,12.243,12.443,0.000,0.000,0.000,125.0,0.000,
12.11.2025,10:52:22.830,19.032,24.854,17.337,3.080,250.0,250.0,66.910,13.370,8.850,35.239,27.343,16.953,10.390,16.757,6.327,0.667,5.660,5.510,0.000,0.000,0.500,125.0,0.000,
12.11.2025,10:52:23.827,14.953,26.184,18.668,3.067,250.0,250.0,53.142,12.292,8.852,31.704,25.166,15.608,9.558,15.412,5.781,0.636,5.145,5.053,0.000,0.000,0.000,125.0,0.000,
12.11.2025,10:52:24.826,17.672,22.978,15.340,3.080,250.0,250.0,92.355,28.292,9.034,83.816,57.600,35.718,21.882,35.276,13.676,1.403,12.273,12.243,0.002,0.000,0.000,125.0,0.000,
12.11.2025,10:52:25.830,20.391,26.222,17.956,3.109,250.0,250.0,111.659,28.724,9.035,85.569,58.672,36.388,22.284,35.947,13.433,1.109,12.324,12.479,0.000,0.000,0.000,125.0,0.250,
12.11.2025,10:52:26.832,21.750,26.515,18.888,3.115,250.0,250.0,66.970,13.369,8.776,35.284,27.332,16.954,10.378,16.745,6.341,0.645,5.696,5.537,0.000,0.000,0.000,125.0,0.000,
12.11.2025,10:52:27.836,24.469,27.531,19.968,3.130,250.0,250.0,54.310,12.460,8.779,32.437,25.561,15.847,9.714,15.663,5.762,0.649,5.113,5.070,0.000,0.000,0.000,125.0,0.000,
12.11.2025,10:52:28.836,17.672,27.360,19.862,3.050,250.0,250.0,51.327,12.251,8.806,31.950,25.282,15.677,9.605,15.480,5.451,0.636,4.815,4.807,0.000,0.000,0.000,125.0,0.000,
12.11.2025,10:52:29.840,24.469,26.265,18.761,3.070,250.0,250.0,43.129,6.472,3.210,14.839,11.198,6.937,4.261,6.851,6.324,1.551,4.773,4.773,0.000,0.000,0.000,125.0,0.000,
12.11.2025,10:52:30.852,14.953,23.907,14.915,3.088,250.0,250.0,115.361,37.098,8.946,117.744,78.459,48.645,29.814,48.057,13.403,1.102,12.301,12.514,0.003,0.000,0.000,125.0,0.000,
12.11.2025,10:52:31.855,25.829,25.512,17.718,3.095,250.0,250.0,105.229,28.222,8.951,83.608,57.407,35.590,21.817,35.161,13.646,1.144,12.502,12.395,0.000,0.000,0.000,125.0,0.000,
12.11.2025,10:52:32.854,16.313,25.788,18.192,3.100,250.0,250.0,57.151,13.229,8.804,34.874,27.088,16.795,10.293,16.598,6.196,0.649,5.547,5.443,0.000,0.000,0.000,125.0,0.750,
12.11.2025,10:52:33.853,23.110,24.740,17.244,3.084,250.0,250.0,65.548,95.100,8.915,148.274,96.875,60.072,36.803,59.354,267.486,57.530,209.956,5.735,0.000,0.000,0.000,125.0,0.000,
12.11.2025,10:52:34.854,17.672,26.014,18.421,3.113,250.0,250.0,61.744,11.833,8.796,30.318,24.263,15.039,9.224,14.855,5.491,0.642,4.849,4.849,0.001,0.000,0.375,125.0,0.000,
12.11.2025,10:52:35.852,16.313,29.086,21.481,3.123,250.0,250.0,50.246,11.710,8.796,29.887,23.999,14.883,9.116,14.698,5.453,0.638,4.815,4.815,0.000,0.000,0.000,125.0,0.375,
12.11.2025,10:52:36.862,14.953,24.172,16.643,3.071,250.0,250.0,45.419,8.897,4.067,23.887,17.349,10.756,6.593,10.621,5.447,0.640,4.807,4.807,0.000,0.000,0.000,125.0,0.000,
12.11.2025,10:52:37.854,14.953,25.962,17.324,3.088,250.0,250.0,67.572,28.198,8.943,90.075,61.214,37.956,23.258,37.492,7.916,0.710,7.206,7.206,0.002,0.000,0.125,125.0,0.000,
12.11.2025,10:52:38.858,19.032,25.187,17.427,3.102,250.0,250.0,70.508,13.951,8.819,36.488,28.100,17.425,10.675,17.216,7.162,0.699,6.463,6.463,0.000,0.000,0.000,125.0,0.000,
12.11.2025,10:52:39.855,12.235,24.981,17.442,3.082,250.0,250.0,53.969,12.193,8.834,31.494,25.008,15.510,9.498,15.326,5.631,0.635,4.996,4.996,0.000,0.000,0.000,125.0,0.000,
12.11.2025,10:52:40.859,25.829,22.786,15.297,3.086,250.0,250.0,51.143,88.242,8.857,146.681,95.845,59.430,36.415,58.724,235.829,51.612,184.217,4.815,0.000,0.000,0.000,125.0,0.000,
12.11.2025,10:52:41.861,20.391,24.948,17.360,3.111,250.0,250.0,55.323,43.182,8.193,150.493,98.052,60.794,37.258,60.061,5.894,0.714,5.180,5.180,0.000,0.000,0.000,125.0,0.500,
12.11.2025,10:52:42.858,21.750,25.130,16.315,3.097,250.0,250.0,100.157,22.944,8.890,67.793,47.570,29.489,18.081,29.133,9.822,0.986,8.836,8.836,0.000,0.000,0.000,9.0,0.000,
12.11.2025,10:52:43.857,17.672,23.005,15.451,3.084,250.0,250.0,80.539,14.053,8.834,37.731,28.890,17.914,10.976,17.693,6.423,0.648,5.775,5.651,0.000,0.000,0.000,9.0,0.000,
12.11.2025,10:52:44.871,16.313,23.989,16.451,3.110,250.0,250.0,56.560,13.201,8.847,35.104,27.263,16.903,10.360,16.694,5.838,0.650,5.188,5.165,0.000,0.000,0.000,9.0,0.000,
12.11.2025,10:52:45.873,17.672,27.625,20.024,3.121,250.0,250.0,71.235,26.975,8.998,84.564,58.028,35.987,22.041,35.558,6.065,0.723,5.342,12.443,0.000,0.000,0.000,9.0,0.000,
12.11.2025,10:52:46.886,20.391,25.685,17.321,3.038,250.0,250.0,112.671,28.558,8.955,84.894,58.213,36.093,22.120,35.664,13.601,1.121,12.479,12.443,0.000,0.000,0.000,9.0,0.000,
12.11.2025,10:52:47.883,17.672,25.667,18.113,3.106,250.0,250.0,95.156,14.129,8.833,37.699,28.855,17.895,10.960,17.686,6.783,0.667,6.116,5.793,0.000,0.000,0.000,9.0,0.000,
12.11.2025,10:52:48.881,17.672,25.000,17.454,3.106,250.0,250.0,56.388,13.500,8.796,36.171,27.899,17.294,10.605,17.085,5.939,0.649,5.290,5.275,0.000,0.000,0.500,9.0,0.000,
12.11.2025,10:52:49.894,19.032,23.596,16.088,3.088,250.0,250.0,64.038,12.550,8.796,32.816,25.801,15.998,9.803,15.814,5.715,0.642,5.073,5.039,0.000,0.000,0.000,9.0,0.000,
12.11.2025,10:52:50.890,17.672,24.063,16.557,3.053,250.0,250.0,68.398,28.482,8.870,84.710,58.032,35.989,22.043,35.560,13.579,1.124,12.455,12.455,0.000,0.000,0.000,9.0,1.000,
12.11.2025,10:52:51.894,16.313,25.831,17.459,3.034,250.0,250.0,104.171,28.581,8.919,85.019,58.258,36.127,22.131,35.698,13.603,1.124,12.479,12.455,0.000,0.000,1.125,9.0,0.000,
12.11.2025,10:52:52.897,16.313,25.656,18.098,3.084,250.0,250.0,85.549,14.238,8.802,38.395,29.269,18.155,11.114,17.935,6.477,0.666,5.811,5.759,0.000,0.000,0.000,9.0,0.000,
12.11.2025,10:52:53.906,27.188,24.262,16.771,3.060,250.0,250.0,66.120,12.926,8.798,33.943,26.516,16.434,10.082,16.238,6.007,0.656,5.351,5.232,0.000,0.000,0.000,9.0,0.000,
12.11.2025,10:52:54.908,19.032,23.831,16.373,3.081,250.0,250.0,53.383,12.320,8.840,31.962,25.313,15.693,9.620,15.509,5.700,0.653,5.047,4.866,0.000,0.000,0.000,9.0,0.000,
12.11.2025,10:52:55.910,21.750,26.441,18.612,3.136,250.0,250.0,83.745,28.568,8.964,84.898,58.209,36.095,22.114,35.666,13.617,1.138,12.479,12.502,0.003,0.000,0.000,9.0,0.000,
12.11.2025,10:52:56.909,19.032,25.450,17.331,3.055,250.0,250.0,102.991,28.664,8.926,85.138,58.337,36.177,22.160,35.736,13.766,1.134,12.632,12.632,0.000,0.000,0.000,9.0,0.000,
12.11.2025,10:52:57.906,24.469,27.089,19.482,3.128,250.0,250.0,88.048,13.587,8.802,36.108,27.858,17.272,10.586,17.063,6.276,0.650,5.626,5.626,0.000,0.000,0.000,9.0,0.375,
12.11.2025,10:52:58.901,23.110,25.786,18.160,3.158,250.0,250.0,88.048,13.587,8.802,36.108,27.858,17.272,10.586,17.063,6.276,0.650,5.626,5.626,0.000,0.000,0.000,9.0,1.000,
12.11.2025,10:52:59.905,29.907,30.305,22.276,3.538,250.0,250.0,55.508,12.438,8.802,32.276,25.474,15.797,9.677,15.613,5.795,0.647,5.148,5.148,0.000,0.000,0.000,9.0,0.000,
12.11.2025,10:53:0.911,23.110,26.772,18.552,3.069,250.0,250.0,52.988,102.630,4.386,177.268,112.481,69.747,42.734,68.915,134.303,23.138,111.165,282.159,0.003,0.000,0.000,9.0,0.000,
12.11.2025,10:53:1.897,24.469,25.705,17.988,3.083,250.0,250.0,87.618,28.761,8.963,85.131,58.362,36.185,22.177,35.755,14.157,1.430,12.727,12.726,0.000,0.000,0.000,9.0,0.000,
12.11.2025,10:53:2.911,20.391,24.391,16.895,3.073,250.0,250.0,113.734,17.206,8.822,41.565,31.247,19.376,11.871,19.143,13.713,1.106,12.607,12.607,0.000,0.000,0.000,9.0,0.000,
12.11.2025,10:53:3.910,14.953,24.911,17.433,3.058,250.0,250.0,69.772,13.465,8.801,35.741,27.627,17.138,10.489,16.930,6.191,0.651,5.540,5.540,0.000,0.000,0.000,9.0,0.000,
12.11.2025,10:53:4.915,29.907,24.643,17.093,3.095,250.0,250.0,55.071,13.071,8.804,34.518,26.872,16.663,10.209,16.466,5.952,0.681,5.271,5.271,0.000,0.000,0.000,9.0,0.000,
12.11.2025,10:53:5.915,17.672,25.702,17.730,3.095,250.0,250.0,60.687,19.362,8.897,55.565,39.993,24.801,15.192,24.494,8.477,0.755,7.722,7.722,0.000,0.000,0.000,9.0,0.000,
12.11.2025,10:53:6.913,16.313,24.851,17.348,3.063,250.0,250.0,90.096,19.430,8.932,55.856,40.183,24.920,15.263,24.625,8.425,0.752,7.673,7.673,0.000,0.000,0.000,9.0,0.000,
12.11.2025,10:53:7.914,19.032,25.250,17.668,3.116,250.0,250.0,72.287,91.775,8.926,85.368,58.099,36.033,22.066,35.595,115.923,37.392,78.531,439.816,0.000,0.000,0.000,9.0,0.000,
12.11.2025,10:53:8.934,21.750,26.042,18.508,3.093,250.0,250.0,54.803,12.823,8.826,33.581,26.300,16.315,9.985,16.118,5.928,0.677,5.251,5.251,0.000,0.000,0.000,9.0,0.000,
12.11.2025,10:53:9.948,29.907,24.402,16.912,3.009,250.0,250.0,64.437,11.961,8.880,30.630,24.502,15.202,9.300,15.017,5.579,0.661,4.918,4.918,0.000,0.000,0.000,9.0,0.000,
12.11.2025,10:53:10.951,21.750,24.627,17.175,3.042,250.0,250.0,50.508,11.642,8.854,29.468,23.772,14.744,9.028,14.560,5.547,0.647,4.900,4.900,0.000,0.000,0.000,9.0,0.000,
12.11.2025,10:53:11.949,21.750,25.757,16.961,3.024,250.0,250.0,46.999,62.405,4.365,142.738,91.221,56.564,34.657,55.878,81.534,17.023,64.511,75.554,0.000,0.000,1.000,9.0,0.000,
12.11.2025,10:53:12.972,24.469,29.380,21.806,3.107,250.0,250.0,85.262,28.826,8.893,85.415,58.500,36.273,22.227,35.831,14.234,1.328,12.906,12.655,0.000,0.000,0.000,9.0,0.000,
12.11.2025,10:53:13.960,24.469,36.378,28.576,3.296,250.0,250.0,110.775,15.479,8.786,37.491,28.698,17.795,10.903,17.586,13.861,1.194,12.667,5.812,0.000,0.000,0.000,9.0,0.375,
12.11.2025,10:53:14.971,42.141,34.021,26.167,3.316,250.0,250.0,71.484,12.964,8.802,33.999,26.550,16.465,10.085,16.269,6.136,0.840,5.296,5.200,0.002,0.000,0.500,9.0,0.000,
12.11.2025,10:53:15.960,25.829,36.610,28.290,3.329,250.0,250.0,56.143,15.200,8.911,41.004,30.960,19.196,11.764,18.963,7.320,0.744,6.576,6.558,0.000,0.000,0.500,9.0,0.000,
12.11.2025,10:53:16.963,21.750,37.607,29.787,3.328,250.0,250.0,57.393,15.371,8.871,41.646,31.338,19.428,11.910,19.195,7.361,0.810,6.551,6.605,0.000,0.000,1.125,9.0,0.000,
12.11.2025,10:53:17.959,27.188,28.777,21.076,3.222,250.0,250.0,51.984,12.689,8.814,33.371,26.159,16.225,9.934,16.029,5.708,0.760,4.948,4.943,0.000,0.000,0.000,9.0,1.000,
12.11.2025,10:53:18.963,13.594,26.065,18.495,3.113,250.0,250.0,53.785,12.017,8.793,30.867,24.596,15.261,9.335,15.077,5.655,0.733,4.922,4.926,0.000,0.000,0.000,9.0,0.000,
12.11.2025,10:53:19.959,17.672,23.723,15.770,3.045,250.0,250.0,45.235,60.165,4.267,142.238,90.851,56.330,34.521,55.655,82.469,17.277,65.192,52.848,0.000,0.000,0.000,9.0,0.000,
12.11.2025,10:53:20.962,21.750,25.732,18.208,3.065,250.0,250.0,66.030,18.147,8.842,51.090,37.179,23.048,14.131,22.766,8.464,0.782,7.682,7.482,0.000,0.000,0.000,9.0,0.000,
12.11.2025,10:53:21.966,27.188,27.552,20.043,3.100,250.0,250.0,73.813,13.584,8.789,34.732,26.996,16.742,10.254,16.533,8.240,0.764,7.476,5.319,0.000,0.000,0.000,9.0,0.000,
12.11.2025,10:53:22.964,23.110,36.657,28.656,3.479,250.0,250.0,60.367,12.554,8.788,32.935,25.877,16.053,9.824,15.857,5.641,0.715,4.926,4.926,0.000,0.000,0.000,9.0,0.000,
12.11.2025,10:53:23.965,14.953,26.344,18.842,3.046,250.0,250.0,47.730,12.423,8.806,31.878,25.238,15.644,9.594,15.460,6.323,0.808,5.515,4.960,0.000,0.000,0.875,9.0,0.000,
12.11.2025,10:53:24.968,17.672,25.706,18.242,3.021,250.0,250.0,54.622,12.142,8.819,31.325,24.903,15.445,9.458,15.248,5.650,0.730,4.920,4.926,0.000,0.000,0.000,9.0,0.000,
12.11.2025,10:53:25.961,28.547,25.676,17.700,3.058,250.0,250.0,63.072,17.722,8.890,49.819,36.419,22.583,13.836,22.301,8.012,0.668,7.344,7.344,0.000,0.000,0.000,9.0,0.125,
12.11.2025,10:53:26.965,19.032,24.338,16.867,3.043,250.0,250.0,65.176,17.766,8.892,49.868,36.448,22.597,13.851,22.327,8.112,0.660,7.452,7.452,0.000,0.000,0.000,9.0,0.000,
12.11.2025,10:53:27.966,19.032,26.595,19.022,3.110,250.0,250.0,52.004,12.532,8.813,32.645,25.720,15.945,9.775,15.749,5.777,0.661,5.116,5.116,0.000,0.000,0.000,9.0,0.000,
12.11.2025,10:53:28.966,17.672,26.487,18.934,3.071,250.0,250.0,47.925,11.936,8.816,30.584,24.434,15.149,9.285,14.977,5.594,0.668,4.926,4.926,0.000,0.000,0.000,9.0,0.000,
12.11.2025,10:53:29.964,17.672,24.590,17.109,3.060,250.0,250.0,53.181,11.724,8.831,29.691,23.903,14.823,9.080,14.639,5.646,0.669,4.977,4.977,0.000,0.000,0.000,9.0,0.000,
12.11.2025,10:53:30.967,17.672,26.287,18.734,3.078,250.0,250.0,45.736,11.527,8.829,29.023,23.474,14.558,8.916,14.386,5.580,0.654,4.926,4.926,0.000,0.000,0.000,9.0,0.125,
12.11.2025,10:53:31.961,21.750,25.828,17.431,3.051,250.0,250.0,62.231,16.835,9.015,46.554,34.467,21.363,13.104,21.105,7.806,0.677,7.129,7.129,0.000,0.000,0.000,9.0,0.000,
12.11.2025,10:53:32.967,19.032,25.255,17.739,3.055,250.0,250.0,68.791,16.697,9.049,45.778,34.007,21.089,12.918,20.831,8.014,0.702,7.312,7.274,0.000,0.000,0.000,9.0,0.000,
12.11.2025,10:53:33.968,19.032,26.008,18.541,3.075,250.0,250.0,53.480,12.602,8.919,32.801,25.873,16.042,9.831,15.857,5.787,0.662,5.125,5.125,0.000,0.000,0.000,9.0,0.000,
12.11.2025,10:53:34.965,17.672,25.872,18.302,3.103,250.0,250.0,48.092,12.240,8.833,31.735,25.170,15.610,9.560,15.414,5.574,0.648,4.926,4.926,0.000,0.000,0.000,9.0,0.375,
12.11.2025,10:53:35.967,4.078,24.048,16.583,3.029,250.0,250.0,54.609,11.553,8.795,29.136,23.529,14.586,8.943,14.415,5.599,0.572,5.027,4.926,0.000,0.000,0.000,9.0,0.000,
12.11.2025,10:53:36.967,5.438,13.062,4.575,2.795,250.0,250.0,31.788,5.931,3.504,13.089,10.288,6.384,3.904,6.311,5.472,0.563,4.909,4.883,0.002,0.000,0.000,9.0,0.000,
12.11.2025,10:53:37.963,2.719,12.719,3.389,2.778,250.0,250.0,19.807,5.314,3.125,11.044,8.800,5.457,3.343,5.383,5.559,0.675,4.884,4.874,0.000,0.000,0.000,9.0,0.000,
12.11.2025,10:53:38.963,5.438,11.526,2.580,2.743,250.0,250.0,13.195,4.463,2.978,8.036,6.834,4.241,2.593,4.192,5.442,0.559,4.883,4.866,0.000,0.000,0.000,9.0,0.000,
12.11.2025,10:53:39.974,2.719,12.201,3.270,2.780,250.0,250.0,12.730,4.555,2.953,8.415,7.052,4.374,2.678,4.325,5.443,0.560,4.883,4.866,0.000,0.000,0.000,9.0,0.000,
12.11.2025,10:53:40.975,2.719,11.894,2.979,2.731,250.0,250.0,12.798,4.499,2.904,8.268,6.932,4.302,2.630,4.252,5.424,0.558,4.866,4.858,0.000,0.000,0.000,9.0,0.000,
12.11.2025,10:53:41.973,2.719,11.564,2.678,2.769,250.0,250.0,12.913,4.978,3.015,10.006,8.076,5.015,3.061,4.953,5.404,0.555,4.849,4.849,0.000,0.000,0.000,9.0,0.000,
12.11.2025,10:53:42.989,2.719,12.104,3.214,2.727,250.0,250.0,12.624,4.546,2.843,8.519,7.061,4.379,2.682,4.317,5.403,0.554,4.849,4.849,0.000,0.000,0.000,9.0,0.000,
12.11.2025,10:53:43.988,2.719,15.603,6.627,2.749,250.0,250.0,12.511,4.445,2.745,8.257,6.828,4.237,2.591,4.176,5.386,0.554,4.832,4.841,0.000,0.000,0.000,9.0,0.000,
12.11.2025,10:53:44.984,2.719,11.766,2.872,2.788,250.0,250.0,12.210,4.463,2.795,8.276,6.876,4.256,2.620,4.206,5.386,0.554,4.832,4.832,0.000,0.000,0.000,9.0,0.000,
12.11.2025,10:53:45.977,4.078,14.365,5.339,2.808,250.0,250.0,12.048,4.452,2.843,8.185,6.847,4.241,2.606,4.191,5.386,0.554,4.832,4.832,0.001,0.000,0.000,9.0,0.000,
12.11.2025,10:53:46.982,10.875,12.278,3.347,2.777,250.0,250.0,11.927,4.630,3.014,8.710,7.273,4.509,2.764,4.459,5.375,0.552,4.823,4.823,0.000,0.000,0.000,9.0,0.000,
12.11.2025,10:53:47.998,8.156,13.327,4.390,2.803,250.0,250.0,12.173,4.760,2.929,9.291,7.581,4.706,2.875,4.645,5.376,0.553,4.823,4.823,0.000,0.000,0.000,9.0,0.000,
12.11.2025,10:53:49.011,2.719,11.668,2.784,2.733,250.0,250.0,12.109,4.559,2.929,8.518,7.110,4.404,2.706,4.355,5.375,0.552,4.823,4.823,0.000,0.000,0.000,9.0,0.000,
12.11.2025,10:53:50.015,4.078,12.275,3.339,2.757,250.0,250.0,11.926,4.591,2.769,8.811,7.192,4.463,2.729,4.401,5.367,0.552,4.815,4.815,0.000,0.000,0.000,9.0,0.000,
12.11.2025,10:53:51.017,2.719,12.178,3.332,2.697,250.0,250.0,11.918,4.598,2.868,8.740,7.206,4.464,2.742,4.415,5.367,0.552,4.815,4.815,0.000,0.000,0.000,9.0,0.000,
12.11.2025,10:53:52.017,2.719,12.664,3.866,2.723,250.0,250.0,12.018,5.005,2.904,10.271,8.167,5.072,3.095,5.011,5.359,0.552,4.807,4.807,0.000,0.000,0.000,9.0,0.000,
12.11.2025,10:53:53.007,33.985,11.953,3.039,2.732,250.0,250.0,12.205,4.634,2.929,8.836,7.303,4.525,2.778,4.476,5.347,0.549,4.798,4.798,0.000,0.000,0.000,9.0,0.000,
12.11.2025,10:53:54.013,25.829,21.895,12.970,3.039,250.0,250.0,14.061,147.144,8.367,349.110,220.633,136.807,83.826,135.156,251.289,68.891,182.398,34.966,0.000,0.000,0.500,9.0,0.000,
12.11.2025,10:53:55.011,21.750,24.751,17.227,3.061,250.0,250.0,142.913,28.624,9.069,84.699,58.156,36.056,22.100,35.627,13.890,1.141,12.749,12.749,0.000,0.000,0.000,9.0,1.125,
12.11.2025,10:53:56.009,21.750,27.236,19.692,3.110,250.0,250.0,113.583,15.487,8.820,37.526,28.749,17.821,10.928,17.613,13.684,1.112,12.572,6.044,0.000,0.000,0.500,9.0,0.000,
12.11.2025,10:53:57.009,28.547,25.609,18.093,3.060,250.0,250.0,64.916,13.227,8.866,34.856,27.117,16.810,10.307,16.613,6.184,0.661,5.523,5.334,0.000,0.000,2.500,9.0,0.000,
12.11.2025,10:53:58.021,17.672,24.195,16.604,3.109,250.0,250.0,54.535,12.542,8.827,32.156,25.413,15.760,9.653,15.576,6.476,0.724,5.752,5.082,0.000,0.000,0.000,9.0,0.000,
12.11.2025,10:53:59.019,19.032,24.765,17.293,3.044,250.0,250.0,61.980,11.834,8.805,30.240,24.217,15.016,9.201,14.844,5.566,0.648,4.918,4.883,0.000,0.000,0.000,9.0,0.000,
12.11.2025,10:54:0.013,19.032,24.765,17.293,3.044,250.0,250.0,51.318,11.765,8.842,29.983,24.082,14.930,9.152,14.759,5.517,0.643,4.874,4.866,0.000,0.000,0.000,9.0,0.000,
12.11.2025,10:54:1.012,27.188,28.286,20.423,3.355,250.0,250.0,50.807,53.394,4.379,111.669,71.954,44.614,27.340,44.074,88.502,19.367,69.135,52.906,0.000,0.000,0.625,9.0,0.000,
12.11.2025,10:54:2.014,19.032,31.474,23.191,3.330,250.0,250.0,60.163,14.919,8.832,39.745,30.131,18.677,11.454,18.456,7.826,0.734,7.092,6.243,0.000,0.000,0.000,9.0,0.000,
12.11.2025,10:54:3.011,27.188,25.010,17.487,3.053,250.0,250.0,70.612,13.116,8.885,33.876,26.526,16.453,10.073,16.256,6.881,0.666,6.215,5.334,0.000,0.000,0.000,9.0,0.000,
12.11.2025,10:54:4.014,24.469,24.655,17.147,3.056,250.0,250.0,53.948,12.047,8.814,30.936,24.653,15.295,9.358,15.111,5.713,0.657,5.056,4.874,0.000,0.000,0.000,9.0,0.000,
12.11.2025,10:54:5.019,24.469,25.798,18.304,3.065,250.0,250.0,47.643,67.036,4.390,159.486,101.614,63.015,38.599,62.255,93.180,17.784,75.396,54.646,0.000,0.000,0.000,9.0,0.000,
12.11.2025,10:54:6.015,19.032,25.695,16.869,3.030,250.0,250.0,96.199,29.112,8.984,85.537,58.616,36.347,22.269,35.918,15.424,1.249,14.175,12.596,0.000,0.000,0.000,9.0,0.000,
12.11.2025,10:54:7.021,20.391,25.745,18.190,3.104,250.0,250.0,113.943,15.733,8.825,38.330,29.244,18.130,11.114,17.922,13.786,1.119,12.667,6.189,0.000,0.000,0.000,9.0,0.000,
12.11.2025,10:54:8.012,17.672,26.772,19.276,3.066,250.0,250.0,65.862,10.391,4.530,28.427,20.447,12.678,7.769,12.519,6.092,0.741,5.351,5.351,0.000,0.000,0.000,9.0,0.000,
12.11.2025,10:54:9.019,20.391,26.052,18.264,3.131,250.0,250.0,72.613,21.793,9.029,63.511,44.978,27.887,17.091,27.556,9.582,0.867,8.715,8.715,0.002,0.000,0.000,9.0,0.000,
12.11.2025,10:54:10.017,38.063,23.190,15.392,3.060,250.0,250.0,76.130,14.944,8.875,38.716,29.519,18.305,11.214,18.085,8.501,0.779,7.722,7.722,0.000,0.000,0.000,9.0,0.000,
12.11.2025,10:54:11.012,14.953,24.264,16.743,3.094,250.0,250.0,74.323,12.782,8.864,33.376,26.203,16.242,9.961,16.046,5.928,0.653,5.275,5.275,0.000,0.000,0.000,9.0,0.000,
12.11.2025,10:54:12.019,23.110,25.901,18.400,3.077,250.0,250.0,53.749,71.761,8.889,149.102,97.364,60.371,36.993,59.653,150.167,36.594,113.573,4.909,0.000,0.000,0.000,9.0,0.000,
12.11.2025,10:54:13.017,13.594,25.774,18.203,3.085,250.0,250.0,52.746,12.024,8.833,30.864,24.627,15.264,9.363,15.080,5.618,0.649,4.969,4.969,0.000,0.000,0.000,9.0,0.000,
12.11.2025,10:54:14.014,21.750,23.887,16.394,3.087,250.0,250.0,63.246,9.681,4.653,26.172,19.122,11.856,7.266,11.721,5.554,0.645,4.909,4.909,0.000,0.000,0.000,9.0,0.000,
12.11.2025,10:54:15.009,19.032,24.577,16.716,3.095,250.0,250.0,71.746,28.541,8.979,84.685,58.090,36.024,22.066,35.583,13.706,1.134,12.572,12.572,0.002,0.000,0.000,9.0,0.000,
12.11.2025,10:54:16.012,14.953,25.719,17.300,3.008,250.0,250.0,103.976,62.629,8.973,102.640,68.997,42.777,26.220,42.264,73.699,21.378,52.321,187.024,0.000,0.000,0.500,9.0,0.000,
12.11.2025,10:54:17.013,19.032,27.980,20.359,3.134,250.0,250.0,90.566,13.811,8.827,36.655,28.210,17.498,10.712,17.290,6.530,0.672,5.858,5.858,0.000,0.000,0.000,9.0,0.000,
12.11.2025,10:54:18.010,16.313,23.678,16.151,3.098,250.0,250.0,64.694,28.628,9.042,84.846,58.229,36.108,22.121,35.679,13.813,1.146,12.667,12.632,0.000,0.000,0.000,9.0,0.000,
12.11.2025,10:54:19.022,19.032,24.249,16.295,3.065,250.0,250.0,111.698,28.771,9.003,85.398,58.546,36.308,22.238,35.866,13.830,1.139,12.691,12.691,0.000,0.000,0.125,9.0,0.000,
12.11.2025,10:54:20.036,16.313,25.029,17.491,3.063,250.0,250.0,99.542,14.206,8.827,38.126,29.126,18.060,11.066,17.839,6.574,0.673,5.901,5.866,0.000,0.000,0.000,9.0,0.000,
12.11.2025,10:54:21.027,19.032,25.373,17.838,3.106,250.0,250.0,56.963,12.865,8.780,33.679,26.335,16.326,10.009,16.130,6.031,0.669,5.362,5.328,0.000,0.000,0.000,9.0,0.000,
12.11.2025,10:54:22.037,17.672,25.364,17.815,3.065,250.0,250.0,65.764,12.390,8.794,32.135,25.382,15.739,9.643,15.555,5.848,0.693,5.155,4.951,0.000,0.000,0.000,9.0,0.000,
12.11.2025,10:54:23.036,20.391,24.910,17.427,3.062,250.0,250.0,52.420,43.082,8.871,149.908,97.830,60.655,37.175,59.925,5.675,0.737,4.938,5.104,0.000,0.000,0.000,9.0,0.000,
12.11.2025,10:54:24.022,16.313,25.610,18.069,3.089,250.0,250.0,61.202,12.149,8.845,31.270,24.884,15.424,9.460,15.240,5.702,0.657,5.045,4.960,0.000,0.000,0.375,9.0,0.375,
12.11.2025,10:54:25.030,14.953,25.478,17.894,3.096,250.0,250.0,59.507,17.050,8.932,47.258,34.854,21.612,13.242,21.354,7.995,0.671,7.324,7.255,0.002,0.000,0.000,9.0,0.375,
12.11.2025,10:54:26.022,23.110,26.058,17.307,3.062,250.0,250.0,67.349,17.202,8.907,47.907,35.248,21.858,13.390,21.588,7.932,0.667,7.265,7.255,0.000,0.000,0.500,9.0,0.000,
12.11.2025,10:54:27.036,24.469,27.317,19.682,3.121,250.0,250.0,71.882,43.467,8.902,150.744,98.406,61.018,37.388,60.276,6.140,0.741,5.399,5.658,0.000,0.000,0.000,9.0,0.000,
12.11.2025,10:54:28.023,17.672,27.083,19.444,3.150,250.0,250.0,63.120,12.393,8.816,31.986,25.304,15.687,9.617,15.503,5.940,0.677,5.263,5.134,0.000,0.000,0.500,9.0,0.000,
12.11.2025,10:54:29.025,24.469,25.714,18.152,3.129,250.0,250.0,48.732,8.600,3.822,22.821,16.517,10.247,6.270,10.124,5.626,0.657,4.969,4.943,0.000,0.000,0.000,9.0,0.000,
12.11.2025,10:54:30.027,14.953,26.120,18.057,3.073,250.0,250.0,62.415,15.949,8.944,43.472,32.513,20.166,12.347,19.921,7.601,0.674,6.927,6.927,0.002,0.000,0.000,9.0,0.000,
12.11.2025,10:54:31.024,16.313,25.241,17.044,3.062,250.0,250.0,74.983,45.681,9.075,157.379,102.516,63.560,38.956,62.794,7.695,0.730,6.965,7.136,0.000,0.000,0.000,9.0,0.000,
12.11.2025,10:54:32.035,21.750,25.768,18.215,3.088,250.0,250.0,66.780,12.697,8.837,32.930,25.913,16.073,9.840,15.876,6.088,0.721,5.367,5.328,0.000,0.000,0.000,9.0,0.500,
12.11.2025,10:54:33.024,17.672,26.204,18.672,3.064,250.0,250.0,52.012,10.030,4.664,27.448,19.911,12.354,7.557,12.207,5.604,0.653,4.951,4.951,0.000,0.000,0.000,9.0,0.000,
12.11.2025,10:54:34.022,23.110,24.598,16.978,3.046,250.0,250.0,86.414,28.605,8.929,84.829,58.152,36.061,22.091,35.619,13.838,1.147,12.691,12.691,0.002,0.000,0.000,9.0,0.750,
12.11.2025,10:54:35.032,19.032,24.876,16.613,3.052,250.0,250.0,114.227,29.129,8.888,86.398,59.101,36.645,22.456,36.204,14.248,1.146,13.102,13.102,0.000,0.000,1.000,9.0,0.000,
12.11.2025,10:54:36.029,20.391,25.398,17.809,3.131,250.0,250.0,79.709,13.997,8.832,37.456,28.712,17.799,10.913,17.591,6.463,0.720,5.743,5.743,0.000,0.000,0.125,9.0,0.000,
12.11.2025,10:54:37.041,19.032,27.603,19.966,3.134,250.0,250.0,54.638,12.727,8.807,33.233,26.082,16.177,9.905,15.981,5.919,0.668,5.251,5.251,0.000,0.000,0.750,9.0,0.875,
12.11.2025,10:54:38.054,28.547,24.974,17.388,3.120,250.0,250.0,49.729,48.211,4.268,95.518,61.877,38.362,23.515,37.896,86.173,17.409,68.764,48.326,0.000,0.000,0.000,9.0,0.000,
12.11.2025,10:54:39.067,17.672,26.916,18.652,3.152,250.0,250.0,115.606,29.076,8.932,86.071,58.918,36.540,22.378,36.098,14.336,1.186,13.150,13.150,0.002,0.000,0.000,9.0,0.000,
12.11.2025,10:54:40.064,28.547,25.578,17.882,3.084,250.0,250.0,112.561,17.529,8.885,42.448,31.834,19.739,12.095,19.506,13.971,1.127,12.844,12.844,0.000,0.000,0.500,9.0,0.000,
12.11.2025,10:54:41.067,16.313,26.171,18.571,3.092,250.0,250.0,57.992,13.323,8.873,35.018,27.220,16.879,10.341,16.683,6.292,0.663,5.629,5.629,0.000,0.000,0.000,9.0,0.000,
12.11.2025,10:54:42.064,28.547,25.327,17.810,3.068,250.0,250.0,66.619,12.818,8.814,33.508,26.259,16.283,9.976,16.087,5.983,0.695,5.288,5.288,0.000,0.000,0.000,9.0,0.000,
12.11.2025,10:54:43.057,14.953,25.515,18.026,3.060,250.0,250.0,79.803,28.553,8.913,84.524,57.949,35.935,22.014,35.506,13.953,1.145,12.808,12.784,0.000,0.000,0.000,9.0,0.375,
12.11.2025,10:54:44.066,19.032,25.364,17.490,3.033,250.0,250.0,103.256,28.913,8.906,85.874,58.783,36.457,22.326,36.015,13.980,1.148,12.832,12.808,0.000,0.000,0.000,9.0,0.000,
12.11.2025,10:54:45.055,19.032,24.785,17.250,3.067,250.0,250.0,85.940,14.273,8.829,38.288,29.221,18.126,11.095,17.905,6.662,0.680,5.982,5.939,0.000,0.000,0.000,9.0,0.250,
12.11.2025,10:54:46.053,17.672,26.121,18.558,3.083,250.0,250.0,67.552,12.917,8.829,33.698,26.382,16.357,10.025,16.160,6.170,0.708,5.462,5.379,0.000,0.000,0.000,9.0,0.000,
12.11.2025,10:54:47.055,17.672,24.307,16.850,3.039,250.0,250.0,52.399,12.161,8.816,31.212,24.832,15.398,9.434,15.214,5.855,0.670,5.185,4.994,0.000,0.000,0.000,9.0,0.000,
12.11.2025,10:54:48.055,19.032,25.348,17.788,3.095,250.0,250.0,51.890,41.992,8.914,145.601,95.246,59.061,36.185,58.343,5.727,0.733,4.994,5.113,0.000,0.000,0.000,9.0,0.000,
12.11.2025,10:54:49.053,17.672,26.163,18.600,3.106,250.0,250.0,61.195,12.199,8.851,31.408,24.978,15.483,9.495,15.299,5.739,0.677,5.062,5.002,0.000,0.000,0.000,9.0,0.000,
12.11.2025,10:54:50.053,17.672,24.353,16.834,3.049,250.0,250.0,68.308,28.672,8.938,84.907,58.210,36.096,22.114,35.655,13.995,1.151,12.844,12.808,0.002,0.000,0.000,9.0,0.000,
12.11.2025,10:54:51.062,16.313,24.750,15.998,3.034,250.0,250.0,102.550,28.714,8.940,85.024,58.274,36.134,22.140,35.705,14.030,1.163,12.867,12.867,0.000,0.000,0.000,9.0,0.375,
12.11.2025,10:54:52.061,17.672,24.349,16.884,3.019,250.0,250.0,85.642,14.022,8.794,37.366,28.640,17.760,10.880,17.539,6.649,0.667,5.982,5.947,0.000,0.000,0.000,9.0,0.375,
12.11.2025,10:54:53.059,21.750,24.788,17.293,3.061,250.0,250.0,74.258,27.366,8.939,85.618,58.654,36.367,22.287,35.926,6.495,0.741,5.754,12.879,0.000,0.000,0.500,9.0,0.000,
12.11.2025,10:54:54.061,16.313,24.262,16.284,3.034,250.0,250.0,110.820,28.856,8.951,85.512,58.592,36.330,22.262,35.888,14.062,1.159,12.903,12.903,0.000,0.000,0.500,9.0,0.000,
12.11.2025,10:54:55.061,21.750,24.095,16.629,3.056,250.0,250.0,95.552,44.046,8.913,152.395,99.441,61.664,37.777,60.909,6.682,0.681,6.001,6.001,0.000,0.000,0.000,9.0,0.375,
12.11.2025,10:54:56.060,16.313,27.383,19.799,3.134,250.0,250.0,68.254,12.913,8.815,33.631,26.322,16.325,9.997,16.129,6.194,0.668,5.526,5.526,0.000,0.000,0.000,9.0,0.500,
12.11.2025,10:54:57.062,19.032,24.591,17.038,3.071,250.0,250.0,63.550,12.115,8.819,30.946,24.661,15.299,9.362,15.115,5.867,0.656,5.211,5.211,0.000,0.000,0.000,9.0,0.375,
12.11.2025,10:54:58.064,20.391,24.738,17.220,3.073,250.0,250.0,52.274,11.677,8.835,29.539,23.808,14.763,9.045,14.579,5.592,0.573,5.019,5.019,0.000,0.000,0.000,9.0,0.000,
12.11.2025,10:54:59.053,17.672,22.470,15.011,3.032,250.0,250.0,50.795,11.797,8.817,29.934,24.042,14.904,9.138,14.720,5.697,0.678,5.019,5.019,0.000,0.000,0.000,9.0,0.000,
12.11.2025,10:55:0.053,20.391,24.775,17.316,3.017,250.0,250.0,44.841,49.772,4.281,104.954,67.724,41.990,25.734,41.488,81.260,17.579,63.681,49.031,0.000,0.000,0.000,9.0,0.000,
12.11.2025,10:55:1.069,20.391,27.471,17.918,3.106,250.0,250.0,91.635,33.711,9.034,102.033,68.821,42.670,26.151,42.156,15.838,1.274,14.564,14.564,0.002,0.000,1.750,9.0,0.000,
12.11.2025,10:55:2.072,16.313,30.485,22.232,3.523,250.0,250.0,114.170,17.403,8.863,41.808,31.434,19.483,11.951,19.250,14.123,1.126,12.997,12.997,0.000,0.000,0.000,9.0,1.000,
12.11.2025,10:55:3.071,19.032,24.543,16.996,3.095,250.0,250.0,79.107,12.858,8.833,33.205,26.072,16.175,9.897,15.979,6.360,0.660,5.700,5.700,0.000,0.000,1.125,9.0,0.000,
12.11.2025,10:55:4.087,16.313,24.168,16.690,3.039,250.0,250.0,54.351,24.067,8.920,75.657,52.286,32.431,19.855,32.039,6.743,0.750,5.993,5.993,0.000,0.000,0.000,9.0,0.000,
12.11.2025,10:55:5.084,13.594,25.475,17.959,3.057,250.0,250.0,56.703,25.513,8.634,81.407,55.840,34.622,21.218,34.205,6.637,0.707,5.930,5.930,0.000,0.000,0.000,9.0,0.000,
12.11.2025,10:55:6.084,19.032,26.570,18.166,3.090,250.0,250.0,108.121,28.606,8.991,84.417,57.937,35.930,22.007,35.489,14.150,1.164,12.986,12.986,0.000,0.000,0.000,9.0,0.000,
12.11.2025,10:55:7.096,16.313,23.310,15.874,3.030,250.0,250.0,103.048,94.201,8.923,150.491,98.282,60.941,37.341,60.198,259.523,55.643,203.880,6.786,0.000,0.000,0.000,9.0,0.000,
12.11.2025,10:55:8.099,17.672,26.663,19.134,3.068,250.0,250.0,57.278,12.908,8.803,33.346,26.142,16.217,9.925,16.021,6.543,0.789,5.754,5.543,0.000,0.000,0.000,9.0,0.500,
12.11.2025,10:55:9.099,19.032,28.432,20.852,3.130,250.0,250.0,61.337,12.190,8.828,31.162,24.810,15.386,9.424,15.202,6.013,0.768,5.245,5.062,0.000,0.000,0.000,9.0,0.125,
12.11.2025,10:55:10.085,25.829,35.428,27.596,3.290,250.0,250.0,55.247,29.090,8.994,86.215,59.046,36.620,22.426,36.178,14.228,1.302,12.926,12.961,0.000,0.000,0.000,9.0,0.000,
12.11.2025,10:55:11.103,24.469,34.644,26.094,3.203,250.0,250.0,99.735,28.896,8.942,85.479,58.564,36.311,22.253,35.882,14.269,1.272,12.997,12.986,0.000,0.000,0.000,9.0,0.000,
12.11.2025,10:55:12.102,24.469,33.471,25.669,3.279,250.0,250.0,91.753,13.466,8.802,35.324,27.365,16.976,10.389,16.767,6.626,0.776,5.850,5.788,0.000,0.000,0.000,9.0,0.000,
12.11.2025,10:55:13.109,25.829,35.382,27.628,3.283,250.0,250.0,50.564,12.529,8.817,32.283,25.497,15.816,9.681,15.620,6.159,0.769,5.390,5.254,0.000,0.000,0.375,9.0,0.000,
12.11.2025,10:55:14.110,17.672,34.162,26.317,3.303,250.0,250.0,48.439,32.067,8.876,107.656,71.717,44.463,27.254,43.928,5.817,0.764,5.053,5.146,0.000,0.000,0.500,9.0,0.000,
12.11.2025,10:55:15.113,21.750,29.448,21.653,3.311,250.0,250.0,40.566,37.103,4.351,130.863,83.622,51.845,31.777,51.222,6.033,0.926,5.107,5.282,0.000,0.000,0.000,9.0,0.000,
12.11.2025,10:55:16.101,27.188,34.461,24.484,3.282,250.0,250.0,85.668,28.939,8.913,85.479,58.551,36.303,22.248,35.862,14.497,1.298,13.198,13.044,0.002,0.000,0.500,9.0,1.000,
12.11.2025,10:55:17.114,17.672,35.411,27.606,3.271,250.0,250.0,107.724,14.902,8.818,34.971,27.165,16.851,10.314,16.643,14.192,1.136,13.056,5.877,0.000,0.000,1.125,9.0,0.375,
12.11.2025,10:55:18.113,21.750,30.883,23.191,3.175,250.0,250.0,61.233,12.517,8.790,32.338,25.518,15.826,9.692,15.629,6.015,0.660,5.355,5.346,0.000,0.000,0.000,9.0,0.000,
12.11.2025,10:55:19.112,20.391,27.226,19.730,3.020,250.0,250.0,47.986,12.557,8.795,32.582,25.669,15.914,9.755,15.718,6.021,0.755,5.266,5.095,0.000,0.000,0.000,9.0,0.375,
12.11.2025,10:55:20.111,21.750,25.213,17.817,2.994,250.0,250.0,52.151,15.876,8.859,43.105,32.229,19.990,12.239,19.744,7.801,0.768,7.033,6.993,0.000,0.000,0.000,9.0,0.000,
12.11.2025,10:55:21.113,21.750,27.004,18.770,2.951,250.0,250.0,70.364,15.613,8.863,42.214,31.681,19.649,12.032,19.404,7.654,0.671,6.983,6.983,0.000,0.000,0.000,9.0,0.000,
12.11.2025,10:55:22.113,23.110,24.619,17.141,3.015,250.0,250.0,57.900,12.063,8.796,30.807,24.574,15.230,9.344,15.046,5.838,0.684,5.154,5.154,0.000,0.000,0.000,9.0,1.250,
12.11.2025,10:55:23.105,23.110,24.354,16.903,3.017,250.0,250.0,48.515,12.063,8.803,30.201,24.197,14.999,9.198,14.815,5.767,0.680,5.087,5.087,0.000,0.000,0.000,9.0,0.000,
12.11.2025,10:55:24.112,17.672,25.198,17.700,3.009,250.0,250.0,48.515,11.883,8.803,30.201,24.197,14.999,9.198,14.815,5.767,0.680,5.087,5.087,0.000,0.000,0.000,9.0,0.000,
12.11.2025,10:55:25.110,21.750,24.512,17.057,3.007,250.0,250.0,54.905,12.123,8.805,31.151,24.778,15.370,9.408,15.186,5.736,0.674,5.062,5.062,0.000,0.000,0.000,9.0,0.000,
12.11.2025,10:55:26.107,20.391,29.107,19.599,3.115,250.0,250.0,45.262,48.984,4.269,101.767,65.751,40.765,24.986,40.274,83.734,17.894,65.840,44.563,0.002,0.000,0.000,9.0,0.000,
12.11.2025,10:55:27.111,20.391,24.664,16.997,3.004,250.0,250.0,105.739,29.213,9.045,86.458,59.232,36.729,22.503,36.288,14.353,1.180,13.173,13.173,0.000,0.000,0.000,9.0,0.000,
12.11.2025,10:55:28.109,14.953,25.110,17.624,3.054,250.0,250.0,96.600,16.839,8.855,39.586,30.046,18.629,11.417,18.408,14.197,1.141,13.056,13.056,0.000,0.000,0.000,9.0,0.000,
12.11.2025,10:55:29.107,16.313,26.238,18.669,3.103,250.0,250.0,50.452,12.570,8.790,32.497,25.615,15.887,9.728,15.690,6.054,0.673,5.381,5.381,0.000,0.000,0.000,9.0,0.000,
12.11.2025,10:55:30.106,20.391,23.117,15.647,3.048,250.0,250.0,55.201,12.095,8.805,30.841,24.592,15.246,9.346,15.062,5.943,0.730,5.213,5.172,0.000,0.000,0.000,9.0,0.000,
12.11.2025,10:55:31.111,24.469,24.398,16.497,3.010,250.0,250.0,65.602,25.905,8.947,76.634,53.083,32.912,20.171,32.519,11.986,1.177,10.809,10.809,0.000,0.000,0.000,9.0,0.125,
12.11.2025,10:55:32.110,16.313,25.334,17.831,3.044,250.0,250.0,92.048,26.113,8.929,77.441,53.568,33.223,20.345,32.818,11.989,1.147,10.842,10.831,0.000,0.000,0.000,9.0,0.500,
12.11.2025,10:55:33.102,28.547,24.329,16.854,3.061,250.0,250.0,79.997,13.533,8.826,36.012,27.812,17.249,10.563,17.040,6.159,0.589,5.570,5.510,0.000,0.000,0.000,9.0,0.000,
12.11.2025,10:55:34.102,17.672,26.623,18.958,3.169,250.0,250.0,173.922,29.312,8.954,86.611,59.271,36.750,22.521,36.309,14.706,1.284,13.422,13.291,0.000,0.000,0.000,9.0,0.000,
12.11.2025,10:55:35.100,42.141,26.056,18.573,3.050,250.0,250.0,104.198,148.316,9.157,184.538,119.479,74.083,45.396,73.194,305.569,74.055,231.514,366.173,0.000,0.000,0.000,9.0,0.500,
12.11.2025,10:55:36.101,27.188,25.095,17.515,3.092,250.0,250.0,92.623,14.261,8.839,37.907,28.989,17.972,11.017,17.764,7.039,0.707,6.332,6.046,0.000,0.000,0.000,9.0,0.000,
12.11.2025,10:55:37.112,19.032,23.685,16.230,3.026,250.0,250.0,54.898,13.016,8.816,34.038,26.585,16.488,10.097,16.279,6.223,0.687,5.536,5.416,0.000,0.000,0.000,9.0,0.000,
12.11.2025,10:55:38.114,16.313,26.187,18.606,3.115,250.0,250.0,52.559,12.467,8.786,32.381,25.536,15.835,9.701,15.651,5.823,0.677,5.146,5.130,0.000,0.000,0.000,9.0,0.000,
12.11.2025,10:55:39.102,20.391,24.988,17.112,3.042,250.0,250.0,58.990,74.717,4.345,184.843,117.082,72.596,44.486,71.716,123.283,30.965,92.318,5.537,0.000,0.000,0.000,9.0,0.000,
12.11.2025,10:55:40.100,21.750,24.437,16.897,3.054,250.0,250.0,114.018,29.146,8.949,85.958,58.871,36.500,22.371,36.059,14.770,1.208,13.562,13.209,0.000,0.000,0.000,9.0,0.000,
12.11.2025,10:55:41.115,14.953,24.532,17.063,3.029,250.0,250.0,99.938,16.087,8.818,39.171,29.764,18.457,11.307,18.236,14.372,1.139,13.233,6.373,0.000,0.000,0.000,9.0,0.000,
12.11.2025,10:55:42.124,17.672,25.490,17.996,3.041,250.0,250.0,57.031,13.541,8.808,35.759,27.648,17.148,10.500,16.939,6.502,0.696,5.806,5.605,0.000,0.000,0.000,9.0,0.000,
12.11.2025,10:55:43.128,23.110,24.652,17.177,3.004,250.0,250.0,66.340,13.312,8.801,34.805,27.048,16.769,10.279,16.573,6.737,0.812,5.925,5.374,0.000,0.000,0.000,9.0,0.000,
12.11.2025,10:55:44.127,17.672,25.178,17.755,3.020,250.0,250.0,57.385,12.566,8.778,32.684,25.728,15.950,9.778,15.754,5.922,0.758,5.164,5.146,0.000,0.000,0.000,9.0,0.000,
12.11.2025,10:55:45.138,16.313,25.500,18.054,3.001,250.0,250.0,50.919,12.335,8.795,31.830,25.202,15.632,9.570,15.436,5.878,0.746,5.132,5.130,0.000,0.000,0.000,9.0,0.000,
12.11.2025,10:55:46.142,20.391,27.929,19.025,3.066,250.0,250.0,45.509,45.145,3.782,85.525,55.344,34.317,21.027,33.912,82.128,15.988,66.140,53.287,0.002,0.000,0.000,9.0,0.000,
12.11.2025,10:55:47.142,16.313,24.772,17.001,2.988,250.0,250.0,111.155,29.623,8.962,88.008,60.144,37.296,22.848,36.842,14.400,1.247,13.153,13.327,0.000,0.000,0.000,9.0,0.000,
12.11.2025,10:55:48.143,14.953,24.358,16.883,3.037,250.0,250.0,113.911,17.543,8.835,42.047,31.569,19.569,12.000,19.336,14.408,1.152,13.256,13.256,0.000,0.000,0.000,9.0,0.000,
12.11.2025,10:55:49.142,17.672,24.203,16.692,3.067,250.0,250.0,65.971,13.630,8.856,35.969,27.804,17.244,10.560,17.036,6.504,0.681,5.823,5.823,0.000,0.000,0.000,9.0,0.000,
12.11.2025,10:55:50.143,29.907,23.498,16.028,3.016,250.0,250.0,55.109,12.958,8.837,33.738,26.405,16.373,10.032,16.177,6.241,0.703,5.538,5.538,0.000,0.000,0.000,9.0,0.125,
12.11.2025,10:55:51.143,17.672,23.489,16.068,2.983,250.0,250.0,62.717,12.203,8.820,31.293,24.883,15.423,9.460,15.239,5.868,0.688,5.180,5.180,0.000,0.000,0.000,9.0,0.000,
12.11.2025,10:55:52.142,16.313,26.473,18.590,2.975,250.0,250.0,76.182,29.031,8.853,85.921,58.782,36.449,22.333,36.008,14.378,1.169,13.209,13.209,0.000,0.000,0.000,9.0,0.000,
12.11.2025,10:55:53.139,21.750,24.323,16.955,2.971,250.0,250.0,104.764,28.884,8.865,85.295,58.408,36.220,22.188,35.779,14.427,1.194,13.233,13.233,0.000,0.000,0.000,9.0,0.375,
12.11.2025,10:55:54.131,16.313,23.752,16.286,3.006,250.0,250.0,92.617,14.105,8.811,37.443,28.693,17.787,10.906,17.579,6.840,0.695,6.145,6.145,0.000,0.000,0.000,9.0,0.000,
12.11.2025,10:55:55.138,23.110,23.272,15.822,2.996,250.0,250.0,65.641,12.709,8.825,32.793,25.823,16.009,9.814,15.812,6.229,0.675,5.554,5.554,0.000,0.000,0.000,9.0,0.000,
12.11.2025,10:55:56.134,14.953,25.791,18.312,3.042,250.0,250.0,52.249,12.001,8.829,30.525,24.413,15.139,9.274,14.955,5.852,0.680,5.172,5.172,0.000,0.001,0.000,9.0,0.000,
12.11.2025,10:55:57.155,17.672,26.029,18.561,3.024,250.0,250.0,51.604,12.101,8.817,30.684,24.499,15.200,9.299,15.016,6.153,0.709,5.444,5.189,0.000,0.000,0.500,9.0,0.000,
12.11.2025,10:55:58.154,19.032,27.054,18.260,3.072,250.0,250.0,66.323,27.338,8.884,85.655,58.634,36.355,22.279,35.914,6.244,0.732,5.512,13.173,0.000,0.000,0.000,9.0,0.000,
12.11.2025,10:55:59.173,23.110,24.052,16.578,3.035,250.0,250.0,110.704,28.904,8.979,85.186,58.401,36.220,22.181,35.779,14.515,1.188,13.327,13.268,0.000,0.000,0.000,9.0,0.000,
12.11.2025,10:56:0.186,17.672,26.298,18.704,3.096,250.0,250.0,100.330,14.080,8.797,37.157,28.502,17.673,10.829,17.464,7.107,0.689,6.418,6.163,0.000,0.000,0.000,9.0,0.000,
12.11.2025,10:56:1.186,24.469,24.905,17.387,3.056,250.0,250.0,56.458,13.117,8.808,33.645,26.327,16.333,9.994,16.137,7.122,0.755,6.367,5.683,0.000,0.000,0.000,9.0,1.000,
12.11.2025,10:56:2.198,29.907,28.679,20.117,3.267,250.0,250.0,65.540,27.212,8.925,85.027,58.273,36.134,22.139,35.704,6.315,0.735,5.580,13.291,0.000,0.000,0.500,9.0,0.000,
12.11.2025,10:56:3.201,28.547,30.120,22.311,3.321,250.0,250.0,113.274,29.173,8.967,86.206,59.023,36.601,22.422,36.159,14.515,1.188,13.327,13.327,0.000,0.000,0.000,9.0,0.000,
12.11.2025,10:56:4.206,28.547,26.019,18.492,3.077,250.0,250.0,101.138,14.116,8.849,37.216,28.577,17.718,10.859,17.510,7.125,0.689,6.436,6.181,0.000,0.000,1.125,9.0,0.250,
12.11.2025,10:56:5.221,24.469,25.969,18.481,3.081,250.0,250.0,56.695,13.323,8.827,35.019,27.196,16.867,10.329,16.658,6.341,0.683,5.658,5.649,0.000,0.000,0.000,9.0,0.000,
12.11.2025,10:56:6.236,24.469,26.246,18.665,3.107,250.0,250.0,65.863,12.510,8.802,32.217,25.444,15.776,9.668,15.592,6.114,0.689,5.425,5.374,0.000,0.000,0.000,9.0,0.000,
12.11.2025,10:56:7.236,19.032,25.208,17.193,3.040,250.0,250.0,62.362,9.168,3.993,24.522,17.686,10.972,6.714,10.837,5.893,0.687,5.206,5.172,0.002,0.000,0.000,9.0,0.000,
12.11.2025,10:56:8.233,17.672,27.249,18.959,3.073,250.0,250.0,71.389,29.189,8.914,86.330,59.071,36.637,22.434,36.195,14.497,1.183,13.314,13.314,0.000,0.000,0.000,9.0,0.000,
12.11.2025,10:56:9.225,20.391,25.745,18.275,3.042,250.0,250.0,104.070,55.833,9.124,188.291,121.788,75.518,46.270,74.617,14.552,1.202,13.350,13.622,0.000,0.000,0.000,9.0,0.000,
12.11.2025,10:56:10.225,16.313,24.663,17.132,3.053,250.0,250.0,93.169,13.885,8.840,36.581,28.173,17.473,10.700,17.264,6.905,0.716,6.189,6.010,0.000,0.000,0.000,9.0,0.000,
12.11.2025,10:56:11.227,14.953,25.912,18.016,3.015,250.0,250.0,78.445,29.266,9.027,86.449,59.223,36.714,22.509,36.273,14.557,1.207,13.350,13.350,0.000,0.000,0.000,9.0,0.000,
12.11.2025,10:56:12.229,14.953,24.667,17.158,3.072,250.0,250.0,105.608,112.598,9.214,185.805,120.271,74.584,45.687,73.683,301.678,65.397,236.281,13.385,0.000,0.000,0.000,9.0,1.125,
12.11.2025,10:56:13.228,16.313,24.440,16.894,3.079,250.0,250.0,92.019,14.191,8.849,37.706,28.877,17.910,10.967,17.689,6.868,0.688,6.180,6.180,0.000,0.000,0.000,9.0,0.000,
12.11.2025,10:56:14.231,17.672,22.253,14.824,3.001,250.0,250.0,61.175,12.972,8.826,33.737,26.398,16.376,10.022,16.180,6.288,0.682,5.606,5.606,0.000,0.000,0.000,9.0,0.000,
12.11.2025,10:56:15.235,13.594,26.434,18.889,3.104,250.0,250.0,62.180,12.396,8.783,32.012,25.313,15.693,9.620,15.497,5.911,0.689,5.222,5.222,0.000,0.000,0.000,9.0,0.000,
12.11.2025,10:56:16.227,17.672,26.680,19.107,3.137,250.0,250.0,60.968,12.107,8.817,30.904,24.643,15.271,9.372,15.087,5.885,0.679,5.206,5.206,0.000,0.000,0.000,9.0,0.000,
12.11.2025,10:56:17.234,16.313,26.585,18.693,3.113,250.0,250.0,51.286,11.094,4.689,30.932,22.103,13.708,8.395,13.536,6.100,0.725,5.375,5.375,0.002,0.000,0.625,9.0,0.000,
12.11.2025,10:56:18.235,17.672,25.411,16.022,3.044,250.0,250.0,43.509,25.361,8.466,81.519,55.812,34.601,21.211,34.184,6.184,0.732,5.452,5.452,0.000,0.000,0.000,9.0,0.000,
12.11.2025,10:56:19.233,17.672,25.338,17.846,3.064,250.0,250.0,93.180,29.444,9.040,87.028,59.586,36.951,22.635,36.509,14.635,1.214,13.421,13.421,0.000,0.000,0.625,9.0,0.000,
12.11.2025,10:56:20.242,17.672,25.996,18.541,3.044,250.0,250.0,116.236,14.290,8.833,37.641,28.825,17.872,10.953,17.663,7.268,0.693,6.575,6.575,0.000,0.000,0.750,9.0,0.500,
12.11.2025,10:56:21.247,17.672,25.209,17.720,3.056,250.0,250.0,66.608,18.690,8.832,54.518,39.212,24.313,14.899,24.019,7.296,0.780,6.516,6.516,0.000,0.000,0.000,9.0,0.000,
12.11.2025,10:56:22.246,19.032,24.487,16.969,3.069,250.0,250.0,54.998,12.951,8.810,33.871,26.480,16.423,10.057,16.214,6.115,0.690,5.425,5.425,0.000,0.000,1.125,9.0,0.000,
12.11.2025,10:56:23.248,19.032,25.325,17.399,3.044,250.0,250.0,74.444,20.591,8.956,59.441,42.414,26.297,16.117,25.991,9.197,0.895,8.302,8.302,0.000,0.000,0.500,9.0,0.000,
12.11.2025,10:56:24.248,17.672,23.257,15.734,3.072,250.0,250.0,85.363,20.568,8.981,59.334,42.375,26.279,16.096,25.960,9.174,0.872,8.302,8.302,0.000,0.000,0.500,9.0,0.500,
12.11.2025,10:56:25.252,19.032,25.699,18.184,3.083,250.0,250.0,72.782,13.775,8.812,36.305,27.985,17.360,10.625,17.152,6.738,0.702,6.036,6.036,0.000,0.000,0.000,9.0,0.000,
12.11.2025,10:56:26.252,16.313,25.464,17.869,3.140,250.0,250.0,68.084,13.117,8.808,34.382,26.792,16.615,10.177,16.407,6.227,0.690,5.537,5.537,0.000,0.000,0.000,9.0,1.000,
12.11.2025,10:56:27.248,17.672,24.651,17.050,3.150,250.0,250.0,63.759,12.360,8.851,31.815,25.218,15.638,9.580,15.454,5.915,0.693,5.222,5.214,0.000,0.000,0.000,9.0,0.375,
12.11.2025,10:56:28.246,21.750,25.745,18.206,3.110,250.0,250.0,52.360,12.399,8.800,31.354,24.914,15.444,9.470,15.260,6.746,0.767,5.979,5.257,0.000,0.000,0.000,9.0,0.000,
12.11.2025,10:56:29.241,20.391,27.400,18.594,3.030,250.0,250.0,49.316,27.512,8.876,86.152,58.943,36.548,22.395,36.107,6.338,0.759,5.579,13.421,0.000,0.000,0.000,9.0,0.500,
12.11.2025,10:56:30.255,16.313,23.106,15.653,3.033,250.0,250.0,94.124,29.335,8.893,86.715,59.293,36.773,22.520,36.331,14.678,1.209,13.469,13.469,0.000,0.000,0.000,9.0,0.500,
12.11.2025,10:56:31.256,16.313,24.352,16.831,3.055,250.0,250.0,87.286,14.282,8.796,37.745,28.872,17.907,10.965,17.686,7.296,0.693,6.603,6.253,0.000,0.000,0.000,9.0,0.000,
12.11.2025,10:56:32.269,16.313,22.864,15.394,3.021,250.0,250.0,66.794,13.704,8.807,36.430,28.060,17.403,10.657,17.194,6.409,0.682,5.727,5.675,0.000,0.000,0.000,9.0,0.000,
12.11.2025,10:56:33.270,19.032,23.219,14.905,3.012,250.0,250.0,71.864,27.852,8.898,87.337,59.680,37.007,22.673,36.566,6.470,0.760,5.710,13.421,0.000,0.000,0.375,9.0,0.000,
12.11.2025,10:56:34.262,17.672,24.914,17.385,3.068,250.0,250.0,106.288,29.565,9.077,87.344,59.796,37.080,22.716,36.638,14.749,1.211,13.539,13.503,0.000,0.000,0.000,9.0,0.000,
12.11.2025,10:56:35.259,20.391,24.755,17.256,3.083,250.0,250.0,88.234,44.130,9.009,152.191,99.359,61.609,37.750,60.867,7.120,0.807,6.313,6.271,0.000,0.000,0.000,9.0,0.000,
12.11.2025,10:56:36.262,19.032,25.503,17.934,3.109,250.0,250.0,68.806,13.342,8.847,35.040,27.215,16.876,10.339,16.680,6.369,0.685,5.684,5.684,0.000,0.000,0.500,9.0,0.000,
12.11.2025,10:56:37.257,17.672,26.638,19.055,3.128,250.0,250.0,54.820,12.964,8.829,33.872,26.493,16.431,10.062,16.222,6.142,0.691,5.451,5.451,0.000,0.000,0.000,9.0,0.000,
12.11.2025,10:56:38.262,17.672,23.739,15.841,3.055,250.0,250.0,59.509,14.451,8.813,38.420,29.293,18.167,11.126,17.946,7.147,0.693,6.454,6.454,0.000,0.000,1.125,9.0,0.000,
12.11.2025,10:56:39.261,20.391,27.321,19.786,3.083,250.0,250.0,70.694,14.629,8.800,38.578,29.396,18.219,11.177,17.998,7.619,0.736,6.883,6.883,0.000,0.000,0.000,9.0,0.000,
12.11.2025,10:56:40.258,20.391,27.321,19.786,3.083,250.0,250.0,65.316,12.670,8.848,32.708,25.785,15.984,9.801,15.788,6.161,0.701,5.460,5.460,0.000,0.000,0.000,9.0,0.000,
12.11.2025,10:56:41.261,23.110,24.894,17.365,3.046,250.0,250.0,75.443,29.136,8.985,85.874,58.831,36.486,22.345,36.044,14.666,1.197,13.469,13.469,0.000,0.000,0.000,9.0,0.000,
12.11.2025,10:56:42.259,17.672,25.754,17.419,3.040,250.0,250.0,104.692,58.431,8.969,91.569,62.239,38.597,23.642,38.132,16.426,2.852,13.574,288.314,0.000,0.000,0.000,9.0,0.000,
12.11.2025,10:56:43.272,27.188,25.562,18.026,3.069,250.0,250.0,88.621,13.981,8.831,36.816,28.321,17.564,10.757,17.344,6.960,0.708,6.252,6.252,0.000,0.000,1.125,9.0,1.000,
12.11.2025,10:56:44.273,25.829,24.654,17.163,3.061,250.0,250.0,55.850,13.170,8.862,34.370,26.817,16.622,10.195,16.426,6.369,0.703,5.666,5.666,0.000,0.000,0.500,9.0,0.000,
12.11.2025,10:56:45.271,20.391,24.679,17.194,3.050,250.0,250.0,53.501,7.234,3.443,17.593,13.047,8.089,4.958,7.991,5.991,0.717,5.274,5.240,0.000,0.000,0.000,9.0,0.000,
12.11.2025,10:56:46.276,25.829,32.667,24.559,3.279,250.0,250.0,88.215,47.114,9.056,154.778,100.973,62.618,38.355,61.864,14.858,1.332,13.526,13.774,0.002,0.000,0.000,9.0,0.500,
12.11.2025,10:56:47.275,29.907,33.396,25.009,3.305,250.0,250.0,109.107,30.000,8.905,88.837,60.619,37.596,23.023,37.142,15.141,1.390,13.751,13.598,0.000,0.000,0.000,9.0,0.000,
12.11.2025,10:56:48.278,27.188,37.898,30.013,3.350,250.0,250.0,64.396,13.512,8.822,35.562,27.533,17.072,10.461,16.864,6.566,0.786,5.780,5.675,0.000,0.000,1.750,9.0,0.125,
12.11.2025,10:56:49.275,25.829,34.670,26.819,3.322,250.0,250.0,50.843,12.801,8.813,33.271,26.104,16.192,9.912,15.996,6.226,0.775,5.451,5.274,0.000,0.000,0.500,9.0,0.000,
12.11.2025,10:56:50.274,27.188,33.676,25.854,3.330,250.0,250.0,47.693,67.386,4.378,159.762,101.781,63.110,38.671,62.350,94.294,17.898,76.396,55.216,0.000,0.000,0.000,9.0,0.250,
12.11.2025,10:56:51.272,25.829,35.595,27.037,3.273,250.0,250.0,98.071,30.016,8.940,88.265,60.292,37.382,22.910,36.929,15.907,1.402,14.505,13.622,0.002,0.000,0.000,9.0,0.000,
12.11.2025,10:56:52.275,35.344,34.724,26.847,3.282,250.0,250.0,107.648,15.746,8.813,37.495,28.737,17.817,10.920,17.596,14.925,1.280,13.645,6.234,0.000,0.000,0.000,9.0,0.000,
12.11.2025,10:56:53.288,24.469,33.677,25.916,3.284,250.0,250.0,57.291,13.320,8.801,34.929,27.125,16.820,10.305,16.624,6.461,0.777,5.684,5.675,0.000,0.000,0.625,9.0,1.000,
12.11.2025,10:56:54.303,25.829,34.818,27.011,3.297,250.0,250.0,50.881,44.821,3.830,78.277,50.890,31.557,19.333,31.177,88.881,17.117,71.764,55.388,0.000,0.000,0.000,9.0,0.250,
12.11.2025,10:56:55.309,25.829,37.379,29.144,3.314,250.0,250.0,67.746,19.100,8.965,54.098,39.118,24.251,14.867,23.957,8.839,0.836,8.003,8.062,0.002,0.000,0.500,9.0,0.500,
12.11.2025,10:56:56.309,29.907,33.284,25.069,3.269,250.0,250.0,77.277,19.472,8.967,55.410,39.925,24.760,15.165,24.466,8.996,0.923,8.073,8.033,0.000,0.001,0.000,9.0,0.000,
12.11.2025,10:56:57.310,35.344,33.586,25.699,3.316,250.0,250.0,55.568,12.971,8.873,33.676,26.401,16.366,10.035,16.170,6.359,0.787,5.572,5.468,0.000,0.000,0.000,9.0,0.000,
12.11.2025,10:56:58.309,16.313,35.183,27.318,3.339,250.0,250.0,41.505,12.195,8.878,30.969,24.725,15.326,9.399,15.141,6.126,0.852,5.274,5.266,0.000,0.000,0.000,9.0,0.750,
12.11.2025,10:56:59.308,28.547,26.024,18.236,3.336,250.0,250.0,77.321,29.678,8.966,87.797,60.020,37.216,22.804,36.762,14.838,1.298,13.539,13.539,0.002,0.000,0.000,9.0,1.000,
12.11.2025,10:57:0.312,35.344,34.069,25.417,3.262,250.0,250.0,103.755,29.648,8.911,87.546,59.821,37.097,22.724,36.656,14.989,1.238,13.751,13.751,0.000,0.000,0.000,9.0,0.000,
12.11.2025,10:57:1.314,16.313,36.163,28.374,3.277,250.0,250.0,80.514,13.504,8.783,35.706,27.587,17.104,10.483,16.908,6.389,0.697,5.692,5.692,0.000,0.000,0.750,9.0,0.000,
12.11.2025,10:57:2.308,17.672,24.272,16.744,3.064,250.0,250.0,50.869,12.313,8.790,31.599,25.063,15.543,9.520,15.347,5.987,0.696,5.291,5.291,0.000,0.000,0.000,9.0,0.000,
12.11.2025,10:57:3.318,19.032,24.250,16.780,3.006,250.0,250.0,47.946,32.784,8.365,109.958,73.078,45.314,27.764,44.765,6.446,0.748,5.698,5.698,0.000,0.000,0.000,9.0,0.000,
12.11.2025,10:57:4.304,21.750,30.967,22.607,3.459,250.0,250.0,90.454,22.595,8.948,65.760,46.331,28.733,17.598,28.390,10.408,1.031,9.377,9.377,0.000,0.000,0.000,9.0,0.000,
12.11.2025,10:57:5.304,17.672,25.234,17.723,3.060,250.0,250.0,87.802,13.550,8.811,35.480,27.475,17.037,10.438,16.829,6.709,0.700,6.009,6.009,0.000,0.000,0.000,9.0,0.000,
12.11.2025,10:57:6.315,20.391,25.214,17.691,3.061,250.0,250.0,53.946,13.111,8.815,34.133,26.641,16.522,10.119,16.313,6.460,0.771,5.689,5.649,0.000,0.000,0.000,9.0,0.000,
12.11.2025,10:57:7.311,19.032,25.922,18.429,3.057,250.0,250.0,55.791,12.368,8.842,31.755,25.187,15.618,9.569,15.422,5.993,0.694,5.299,5.299,0.000,0.000,0.000,9.0,0.000,
12.11.2025,10:57:8.308,19.032,25.559,18.048,3.069,250.0,250.0,50.855,11.936,8.819,30.157,24.182,14.992,9.190,14.808,5.969,0.695,5.274,5.274,0.000,0.000,0.000,9.0,0.000,
12.11.2025,10:57:9.310,17.672,27.016,19.404,3.115,250.0,250.0,47.372,60.458,4.361,160.510,102.010,63.255,38.755,62.497,83.800,12.622,71.178,5.597,0.000,0.000,0.125,9.0,0.000,
12.11.2025,10:57:10.310,14.953,26.543,18.456,3.055,250.0,250.0,279.212,29.857,8.902,87.885,60.041,37.227,22.814,36.773,15.488,1.266,14.222,13.950,0.003,0.000,0.000,9.0,0.000,
12.11.2025,10:57:11.307,17.672,28.246,20.275,3.200,250.0,250.0,130.911,68.268,9.107,188.592,121.911,75.592,46.319,74.691,75.969,19.235,56.734,14.529,0.000,0.000,0.000,9.0,0.375,
12.11.2025,10:57:12.305,17.672,24.846,17.297,3.065,250.0,250.0,97.270,14.116,8.824,37.161,28.522,17.690,10.832,17.481,7.181,0.731,6.450,6.288,0.000,0.000,0.000,9.0,0.000,
12.11.2025,10:57:13.308,27.188,25.292,17.761,3.084,250.0,250.0,66.789,13.184,8.840,34.382,26.810,16.626,10.184,16.429,6.465,0.711,5.754,5.641,0.000,0.000,0.000,9.0,0.500,
12.11.2025,10:57:14.309,16.313,25.117,17.611,3.071,250.0,250.0,55.225,12.605,8.814,32.634,25.713,15.948,9.765,15.752,6.045,0.703,5.342,5.333,0.000,0.000,0.000,9.0,0.000,
12.11.2025,10:57:15.308,21.750,22.438,14.962,3.029,250.0,250.0,53.182,12.684,8.797,32.292,25.493,15.806,9.687,15.610,6.888,0.790,6.098,5.375,0.000,0.000,0.500,9.0,0.000,
12.11.2025,10:57:16.308,24.469,25.983,18.452,3.082,250.0,250.0,63.948,12.159,8.811,30.933,24.653,15.295,9.358,15.111,6.053,0.703,5.350,5.324,0.000,0.000,0.000,9.0,0.000,
12.11.2025,10:57:17.306,14.953,25.945,18.450,3.031,250.0,250.0,60.951,9.013,3.931,23.846,17.234,10.691,6.543,10.556,6.013,0.696,5.317,5.308,0.000,0.000,0.000,9.0,0.000,
12.11.2025,10:57:18.305,17.672,25.096,16.360,3.113,250.0,250.0,65.217,29.778,9.000,88.047,60.196,37.322,22.874,36.869,14.897,1.216,13.681,13.681,0.003,0.000,0.000,9.0,0.375,
12.11.2025,10:57:19.310,17.672,24.959,16.615,3.001,250.0,250.0,107.129,30.115,9.089,88.839,60.733,37.668,23.065,37.214,15.265,1.255,14.010,14.010,0.000,0.000,0.000,9.0,0.000,
12.11.2025,10:57:20.304,20.391,25.740,18.244,3.049,250.0,250.0,88.788,14.002,8.895,36.932,28.426,17.630,10.796,17.421,6.876,0.705,6.171,6.171,0.000,0.000,0.000,9.0,0.000,
12.11.2025,10:57:21.306,17.672,24.016,16.513,3.043,250.0,250.0,68.843,13.407,8.880,35.259,27.377,16.976,10.401,16.780,6.384,0.752,5.632,5.632,0.000,0.000,0.000,9.0,0.000,
12.11.2025,10:57:22.308,16.313,24.796,17.307,3.019,250.0,250.0,52.858,12.857,8.809,33.112,26.002,16.128,9.874,15.932,6.486,0.745,5.741,5.741,0.000,0.000,0.000,9.0,0.375,
12.11.2025,10:57:23.303,12.235,24.155,16.704,3.006,250.0,250.0,51.079,25.348,8.409,81.412,55.702,34.539,21.163,34.122,6.300,0.763,5.537,5.537,0.000,0.000,0.000,9.0,0.000,
12.11.2025,10:57:24.318,16.313,24.480,15.780,2.989,250.0,250.0,94.194,29.449,8.915,86.770,59.347,36.793,22.554,36.351,14.992,1.218,13.774,13.774,0.000,0.000,0.000,9.0,0.000,
12.11.2025,10:57:25.305,20.391,24.815,17.371,3.029,250.0,250.0,116.509,14.541,8.828,38.384,29.284,18.161,11.123,17.940,7.470,0.721,6.749,6.749,0.000,0.000,0.000,9.0,0.000,
12.11.2025,10:57:26.304,19.032,25.598,18.035,3.095,250.0,250.0,66.988,13.742,8.818,35.957,27.780,17.220,10.560,17.011,6.944,0.752,6.192,6.192,0.000,0.000,0.000,9.0,0.000,
12.11.2025,10:57:27.319,14.953,26.484,19.005,3.014,250.0,250.0,66.080,17.509,8.897,48.424,35.560,22.055,13.505,21.785,8.526,0.711,7.815,7.815,0.000,0.000,0.000,9.0,0.375,
12.11.2025,10:57:28.302,19.032,26.672,18.755,3.023,250.0,250.0,67.737,17.327,8.998,47.695,35.171,21.811,13.360,21.541,8.466,0.708,7.758,7.758,0.000,0.000,0.000,9.0,0.000,
12.11.2025,10:57:29.311,20.391,24.080,16.572,3.077,250.0,250.0,62.446,13.645,8.822,35.775,27.664,17.163,10.501,16.954,6.761,0.706,6.055,6.055,0.000,0.000,0.000,9.0,0.000,
12.11.2025,10:57:30.305,19.032,22.749,15.407,2.933,250.0,250.0,54.150,13.085,8.828,34.220,26.706,16.553,10.153,16.357,6.245,0.699,5.546,5.546,0.000,0.000,0.000,9.0,0.000,
12.11.2025,10:57:31.317,16.313,24.252,16.764,3.013,250.0,250.0,64.965,12.823,8.796,32.711,25.756,15.969,9.787,15.772,7.024,0.829,6.195,5.393,0.000,0.000,0.000,9.0,0.000,
12.11.2025,10:57:32.305,23.110,24.204,16.786,3.016,250.0,250.0,55.174,12.308,8.851,31.431,24.988,15.493,9.495,15.309,6.079,0.704,5.375,5.350,0.000,0.000,0.000,9.0,0.000,
12.11.2025,10:57:33.307,17.672,24.692,17.234,3.024,250.0,250.0,46.593,7.317,3.527,17.759,13.207,8.187,5.020,8.089,6.028,0.695,5.333,5.324,0.000,0.000,0.000,9.0,0.000,
12.11.2025,10:57:34.308,17.672,24.193,15.631,3.028,250.0,250.0,87.806,29.626,9.077,87.349,59.797,37.080,22.717,36.639,14.933,1.218,13.715,13.738,0.002,0.000,0.750,9.0,0.000,
12.11.2025,10:57:35.304,16.313,25.412,16.911,2.972,250.0,250.0,116.638,30.134,9.001,89.244,60.938,37.780,23.158,37.326,14.970,1.232,13.738,13.950,0.000,0.000,0.000,9.0,0.000,
12.11.2025,10:57:36.312,27.188,25.686,18.208,3.049,250.0,250.0,85.209,14.084,8.837,37.169,28.537,17.692,10.845,17.483,7.050,0.708,6.342,6.179,0.000,0.000,0.000,9.0,0.000,
12.11.2025,10:57:37.305,19.032,24.851,17.374,3.027,250.0,250.0,56.858,13.239,8.850,34.565,26.933,16.700,10.233,16.503,6.476,0.705,5.771,5.658,0.000,0.000,0.500,9.0,0.000,
12.11.2025,10:57:38.308,16.313,24.350,16.874,2.993,250.0,250.0,53.616,59.090,4.232,133.880,85.637,53.103,32.534,52.454,87.383,17.585,69.798,54.290,0.000,0.000,0.000,9.0,0.000,
12.11.2025,10:57:39.306,20.391,24.893,17.134,3.049,250.0,250.0,82.629,18.133,8.977,49.897,36.529,22.651,13.878,22.369,9.551,0.780,8.771,7.926,0.002,0.000,0.000,9.0,0.000,
12.11.2025,10:57:40.310,16.313,25.122,17.533,2.978,250.0,250.0,68.895,14.537,8.870,37.654,28.859,17.894,10.965,17.673,8.627,0.720,7.907,6.198,0.000,0.000,1.125,9.0,0.000,
12.11.2025,10:57:41.307,16.313,24.280,16.860,3.019,250.0,250.0,56.896,13.243,8.833,34.619,26.952,16.713,10.239,16.505,6.458,0.704,5.754,5.650,0.000,0.000,0.000,9.0,0.000,
12.11.2025,10:57:42.308,24.469,24.798,17.356,2.990,250.0,250.0,66.464,12.502,8.931,31.821,25.271,15.670,9.601,15.487,6.409,0.736,5.673,5.418,0.000,0.000,0.000,9.0,0.000,
12.11.2025,10:57:43.307,20.391,24.374,16.907,3.023,250.0,250.0,60.970,12.579,8.901,32.387,25.613,15.881,9.732,15.697,6.104,0.711,5.393,5.367,0.000,0.000,0.000,9.0,0.000,
12.11.2025,10:57:44.306,16.313,24.015,16.565,2.993,250.0,250.0,79.685,29.644,9.075,87.404,59.837,37.107,22.730,36.665,14.939,1.201,13.738,13.738,0.000,0.000,0.000,9.0,0.250,
12.11.2025,10:57:45.304,32.625,25.598,17.306,2.991,250.0,250.0,106.615,55.953,9.086,188.294,121.767,75.512,46.255,74.599,15.102,1.292,13.810,13.810,0.000,0.000,0.000,9.0,0.000,
12.11.2025,10:57:46.318,19.032,26.812,19.282,3.067,250.0,250.0,94.064,14.098,8.823,37.054,28.463,17.642,10.821,17.433,7.158,0.724,6.434,6.434,0.000,0.000,0.000,9.0,0.875,
12.11.2025,10:57:47.305,16.313,24.698,17.262,3.026,250.0,250.0,94.064,14.098,8.823,37.054,28.463,17.642,10.821,17.433,7.158,0.724,6.434,6.434,0.000,0.000,0.000,9.0,0.000,
12.11.2025,10:57:48.314,20.391,24.264,16.737,3.061,250.0,250.0,56.733,13.135,8.847,34.106,26.642,16.522,10.120,16.326,6.502,0.722,5.780,5.780,0.000,0.000,0.000,9.0,0.000,
12.11.2025,10:57:49.308,31.266,25.056,17.520,3.004,250.0,250.0,54.706,22.618,4.686,44.776,30.668,19.019,11.649,18.786,21.414,4.223,17.191,53.767,0.002,0.000,0.000,9.0,0.000,
12.11.2025,10:57:50.314,16.313,24.515,16.741,2.987,250.0,250.0,95.196,30.457,9.046,89.733,61.263,37.989,23.274,37.523,15.670,1.270,14.400,14.400,0.000,0.000,0.000,9.0,0.000,
12.11.2025,10:57:51.317,16.313,24.032,16.561,3.010,250.0,250.0,117.622,17.873,8.846,42.451,31.821,19.726,12.095,19.493,15.171,1.221,13.950,13.950,0.000,0.000,0.000,9.0,0.000,
12.11.2025,10:57:52.306,19.032,25.048,17.611,3.007,250.0,250.0,63.922,13.698,8.841,35.913,27.752,17.213,10.539,17.005,6.811,0.713,6.098,6.098,0.000,0.000,0.000,9.0,0.000,
12.11.2025,10:57:53.310,19.032,22.842,15.400,3.020,250.0,250.0,55.217,43.514,8.961,150.796,98.440,61.043,37.397,60.301,6.313,0.733,5.580,5.580,0.000,0.000,0.750,9.0,0.000,
12.11.2025,10:57:54.313,13.594,25.308,17.839,3.012,250.0,250.0,65.684,12.517,8.812,32.190,25.439,15.773,9.666,15.577,6.140,0.714,5.426,5.426,0.000,0.000,0.000,9.0,0.000,
12.11.2025,10:57:55.307,23.110,25.897,18.299,3.023,250.0,250.0,52.759,11.321,4.700,31.719,22.592,14.014,8.578,13.842,6.196,0.821,5.375,5.375,0.002,0.000,0.000,9.0,0.000,
12.11.2025,10:57:56.311,24.469,25.643,17.447,3.031,250.0,250.0,60.978,83.089,9.084,156.224,101.738,63.082,38.656,62.328,196.114,44.292,151.822,7.546,0.000,0.000,0.000,9.0,0.000,
12.11.2025,10:57:57.310,14.953,25.046,17.567,3.029,250.0,250.0,60.010,15.703,8.957,42.355,31.834,19.738,12.096,19.493,7.836,0.725,7.111,6.890,0.000,0.000,0.000,9.0,0.375,
12.11.2025,10:57:58.310,17.672,25.664,18.134,3.083,250.0,250.0,68.789,13.305,8.832,35.085,27.234,16.885,10.349,16.688,6.292,0.703,5.589,5.393,0.000,0.000,0.000,9.0,0.000,
12.11.2025,10:57:59.310,14.953,24.403,16.901,3.037,250.0,250.0,52.823,12.819,8.863,33.338,26.177,16.229,9.948,16.033,6.115,0.705,5.410,5.375,0.000,0.000,0.000,9.0,0.125,
12.11.2025,10:58:0.307,16.313,26.115,18.237,3.018,250.0,250.0,88.818,36.659,9.019,114.138,76.280,47.306,28.974,46.731,15.048,1.238,13.810,14.046,0.000,0.000,0.000,9.0,0.000,
12.11.2025,10:58:1.306,19.032,25.765,18.297,3.016,250.0,250.0,117.110,30.038,8.952,88.736,60.591,37.569,23.022,37.115,15.247,1.237,14.010,13.905,0.000,0.000,0.500,9.0,0.375,
12.11.2025,10:58:2.314,21.750,24.667,17.230,2.986,250.0,250.0,85.800,14.258,8.831,37.957,29.013,17.989,11.024,17.781,6.933,0.709,6.224,6.116,0.000,0.000,0.000,9.0,0.000,
12.11.2025,10:58:3.306,29.907,24.946,17.530,3.014,250.0,250.0,56.750,43.853,8.958,151.932,99.136,61.480,37.656,60.738,6.418,0.725,5.693,5.796,0.000,0.000,0.000,9.0,0.000,
12.11.2025,10:58:4.309,16.313,28.093,20.307,3.264,250.0,250.0,53.956,13.150,8.852,34.472,26.876,16.665,10.211,16.469,6.266,0.720,5.546,5.426,0.000,0.000,0.000,9.0,0.000,
12.11.2025,10:58:5.304,23.110,26.529,18.800,3.282,250.0,250.0,63.404,13.240,8.911,34.828,27.124,16.819,10.305,16.623,6.196,0.740,5.456,5.401,0.000,0.000,0.000,9.0,0.000,
12.11.2025,10:58:6.305,24.469,25.487,17.005,3.085,250.0,250.0,52.501,10.683,4.383,29.698,21.140,13.104,8.036,12.944,6.079,0.712,5.367,5.367,0.002,0.000,1.125,9.0,0.000,
12.11.2025,10:58:7.304,21.750,27.111,19.196,3.068,250.0,250.0,55.922,16.232,9.085,43.385,32.556,20.182,12.374,19.937,8.525,0.779,7.746,7.746,0.000,0.000,0.000,9.0,0.375,
12.11.2025,10:58:8.308,16.313,25.863,18.320,3.097,250.0,250.0,61.716,14.039,8.872,36.145,27.913,17.317,10.596,17.109,7.718,0.714,7.004,7.003,0.000,0.000,0.000,9.0,0.000,
12.11.2025,10:58:9.313,19.032,23.682,16.168,3.036,250.0,250.0,69.406,12.753,8.838,32.883,25.884,16.045,9.839,15.849,6.300,0.711,5.589,5.589,0.000,0.000,0.375,9.0,0.000,
12.11.2025,10:58:10.307,19.032,24.445,16.503,3.041,250.0,250.0,53.389,41.084,4.367,59.396,39.530,24.510,15.020,24.216,78.423,14.956,63.467,86.956,0.002,0.000,0.000,9.0,0.000,
12.11.2025,10:58:11.306,17.672,26.041,18.165,3.048,250.0,250.0,83.711,30.438,9.015,89.319,60.987,37.816,23.171,37.362,16.000,1.295,14.705,14.705,0.000,0.000,0.000,9.0,0.500,
12.11.2025,10:58:12.305,17.672,23.742,16.216,3.049,250.0,250.0,106.169,17.928,8.935,42.561,31.938,19.803,12.135,19.570,15.189,1.226,13.963,13.963,0.000,0.000,0.000,9.0,0.500,
12.11.2025,10:58:13.305,17.672,23.981,16.512,3.027,250.0,250.0,84.397,13.782,8.876,36.156,27.933,17.329,10.604,17.120,6.841,0.716,6.125,6.125,0.000,0.000,0.000,9.0,0.000,
12.11.2025,10:58:14.317,20.391,24.371,16.899,3.037,250.0,250.0,57.236,13.481,8.944,34.972,27.245,16.895,10.350,16.686,7.037,0.786,6.251,5.641,0.000,0.000,0.000,9.0,0.000,
12.11.2025,10:58:15.316,25.829,27.568,19.174,3.056,250.0,250.0,54.264,28.846,9.170,90.371,61.739,38.288,23.451,37.821,6.873,0.885,5.988,13.869,0.000,0.000,0.000,9.0,0.000,
12.11.2025,10:58:16.305,27.188,36.832,28.952,3.361,250.0,250.0,97.606,30.221,9.092,89.246,60.978,37.818,23.160,37.364,15.301,1.351,13.950,13.950,0.000,0.000,0.000,9.0,0.000,
12.11.2025,10:58:17.306,24.469,35.765,27.950,3.292,250.0,250.0,112.096,14.261,8.891,37.650,28.866,17.894,10.972,17.685,7.203,0.807,6.396,6.242,0.000,0.000,0.000,9.0,0.875,
12.11.2025,10:58:18.309,21.750,35.583,27.624,3.362,250.0,250.0,63.284,27.920,8.968,90.820,61.464,38.117,23.347,37.654,6.522,0.803,5.719,5.787,0.000,0.000,0.000,9.0,0.000,
12.11.2025,10:58:19.304,27.188,34.666,26.836,3.312,250.0,250.0,51.403,12.874,8.866,33.396,26.213,16.260,9.953,16.064,6.283,0.797,5.486,5.426,0.000,0.000,0.500,9.0,0.000,
12.11.2025,10:58:20.307,19.032,35.669,27.090,3.219,250.0,250.0,48.073,25.937,9.171,76.594,53.193,32.983,20.210,32.591,12.016,1.390,10.626,10.593,0.000,0.000,0.000,9.0,0.000,
12.11.2025,10:58:21.310,24.469,33.330,25.520,3.271,250.0,250.0,103.492,25.540,9.129,75.137,52.264,32.406,19.858,32.014,11.984,1.359,10.625,10.625,0.000,0.000,0.000,9.0,0.000,
12.11.2025,10:58:22.315,24.469,35.323,27.555,3.296,250.0,250.0,87.896,33.483,8.985,111.742,74.307,46.078,28.229,45.518,6.939,0.805,6.134,6.095,0.000,0.000,0.000,9.0,0.000,
12.11.2025,10:58:23.304,17.672,35.060,27.216,3.313,250.0,250.0,57.497,13.056,8.874,33.792,26.461,16.414,10.047,16.218,6.566,0.814,5.752,5.623,0.000,0.000,0.000,9.0,0.000,
12.11.2025,10:58:24.305,25.829,37.118,28.836,3.292,250.0,250.0,59.392,16.476,9.024,44.793,33.370,20.697,12.673,20.451,8.195,0.797,7.398,7.360,0.000,0.000,0.000,9.0,0.375,
12.11.2025,10:58:25.308,33.985,34.949,27.136,3.305,250.0,250.0,59.303,15.976,9.021,42.940,32.226,19.984,12.242,19.751,8.134,0.783,7.351,7.332,0.000,0.000,0.375,9.0,0.000,
12.11.2025,10:58:26.308,25.829,35.842,27.951,3.356,250.0,250.0,62.407,63.268,9.017,109.862,73.148,45.358,27.790,44.811,158.343,29.386,128.957,6.010,0.000,0.000,0.500,9.0,0.000,
12.11.2025,10:58:27.314,28.547,36.220,28.388,3.351,250.0,250.0,56.040,12.524,8.899,31.899,25.307,15.690,9.617,15.506,6.444,0.839,5.605,5.435,0.000,0.000,0.000,9.0,0.000,
12.11.2025,10:58:28.315,25.829,40.477,32.595,3.343,250.0,250.0,48.254,12.560,8.881,32.249,25.502,15.816,9.686,15.632,6.213,0.778,5.435,5.410,0.000,0.000,0.000,9.0,0.000,
12.11.2025,10:58:29.308,32.625,34.245,26.015,3.320,250.0,250.0,47.408,10.859,4.383,30.212,21.463,13.302,8.161,13.143,6.258,0.848,5.410,5.410,0.002,0.000,0.000,9.0,0.000,
12.11.2025,10:58:30.315,21.750,34.972,26.356,3.239,250.0,250.0,68.294,20.138,9.080,57.421,41.245,25.567,15.678,25.260,9.341,0.894,8.447,8.447,0.000,0.000,0.000,9.0,0.375,
12.11.2025,10:58:31.303,24.469,33.840,25.989,3.306,250.0,250.0,81.229,20.305,8.958,58.132,41.612,25.807,15.805,25.500,9.355,0.899,8.456,8.526,0.000,0.000,0.000,9.0,0.375,
12.11.2025,10:58:32.307,21.750,34.695,26.929,3.312,250.0,250.0,58.053,13.443,8.825,35.202,27.302,16.926,10.376,16.729,6.677,0.819,5.858,5.719,0.000,0.000,0.000,9.0,0.000,
12.11.2025,10:58:33.308,25.829,40.045,31.829,3.270,250.0,250.0,76.993,30.200,8.932,89.406,60.991,37.819,23.172,37.365,15.224,1.355,13.869,13.869,0.000,0.000,0.000,9.0,0.000,
12.11.2025,10:58:34.311,23.110,34.313,26.436,3.318,250.0,250.0,104.542,83.006,9.023,110.157,73.651,45.669,27.982,45.119,15.297,1.347,13.950,487.867,0.000,0.000,0.000,9.0,0.000,
12.11.2025,10:58:35.312,25.829,33.025,25.168,3.348,250.0,250.0,82.118,13.905,8.835,36.490,28.113,17.430,10.683,17.221,7.033,0.819,6.214,6.214,0.000,0.000,0.375,9.0,0.000,
12.11.2025,10:58:36.314,19.032,34.956,27.068,3.346,250.0,250.0,51.649,13.168,8.840,34.349,26.784,16.613,10.171,16.417,6.442,0.819,5.623,5.623,0.000,0.000,0.000,9.0,0.750,
12.11.2025,10:58:37.317,21.750,35.804,27.948,3.335,250.0,250.0,49.672,12.799,8.849,33.164,26.063,16.153,9.910,15.956,6.234,0.808,5.426,5.426,0.000,0.000,0.000,9.0,0.375,
12.11.2025,10:58:38.304,23.110,38.865,30.950,3.354,250.0,250.0,49.590,32.497,8.970,108.812,72.459,44.926,27.533,44.379,6.236,0.818,5.418,5.418,0.000,0.000,0.000,9.0,0.000,
12.11.2025,10:58:39.318,20.391,36.417,27.261,3.284,250.0,250.0,63.157,145.645,7.769,288.250,182.547,113.191,69.356,111.819,238.282,50.592,187.690,206.954,0.000,0.000,0.000,9.0,0.000,
12.11.2025,10:58:40.309,17.672,32.304,24.513,3.286,250.0,250.0,395.182,40.812,9.028,124.409,82.625,51.240,31.385,50.615,20.140,1.605,18.535,18.535,0.000,0.000,0.500,9.0,0.000,
12.11.2025,10:58:41.311,19.032,23.614,16.158,3.027,250.0,250.0,139.217,30.201,8.980,89.023,60.780,37.695,23.085,37.241,15.491,1.269,14.222,14.222,0.000,0.000,0.000,9.0,0.000,
12.11.2025,10:58:42.306,20.391,25.039,17.577,3.018,250.0,250.0,110.116,14.344,8.823,37.340,28.636,17.753,10.883,17.545,7.750,0.791,6.959,6.959,0.000,0.000,0.500,9.0,0.500,
12.11.2025,10:58:43.307,17.672,24.730,17.266,3.043,250.0,250.0,65.637,13.516,8.853,35.489,27.507,17.058,10.449,16.850,6.559,0.728,5.831,5.831,0.000,0.000,0.000,9.0,0.000,
12.11.2025,10:58:44.303,5.438,23.764,16.323,2.978,250.0,250.0,53.514,12.495,8.848,32.070,25.378,15.737,9.641,15.553,6.116,0.622,5.494,5.494,0.000,0.000,0.000,9.0,0.000,
12.11.2025,10:58:45.305,16.313,24.271,16.879,2.973,250.0,250.0,52.430,12.497,8.827,32.023,25.347,15.716,9.631,15.520,6.208,0.722,5.486,5.486,0.000,0.000,0.000,9.0,0.000,
12.11.2025,10:58:46.303,19.032,28.948,21.399,3.049,250.0,250.0,53.122,12.398,8.823,31.685,25.129,15.575,9.554,15.391,6.180,0.710,5.470,5.461,0.000,0.000,0.000,9.0,0.000,
12.11.2025,10:58:47.318,16.313,27.141,18.922,3.083,250.0,250.0,50.030,52.414,4.370,174.192,110.498,68.516,41.982,67.684,25.470,5.854,19.616,5.962,0.002,0.000,0.000,9.0,0.000,
12.11.2025,10:58:48.304,20.391,25.630,17.961,3.062,250.0,250.0,119.346,30.140,9.013,88.602,60.547,37.547,23.000,37.093,15.718,1.272,14.446,14.164,0.000,0.000,0.000,9.0,0.000,
12.11.2025,10:58:49.318,17.672,24.050,16.571,3.038,250.0,250.0,107.618,16.159,8.881,38.402,29.328,18.191,11.137,17.970,15.381,1.217,14.164,6.923,0.000,0.000,0.000,9.0,0.000,
12.11.2025,10:58:50.311,16.313,23.696,16.236,3.023,250.0,250.0,62.151,61.107,8.904,73.151,50.577,31.364,19.213,30.975,135.956,42.088,93.868,124.978,0.000,0.000,0.000,9.0,0.500,
12.11.2025,10:58:51.318,19.032,23.691,16.175,3.060,250.0,250.0,66.469,13.114,8.945,33.448,26.300,16.303,9.997,16.107,7.156,0.793,6.363,5.727,0.000,0.000,0.000,9.0,0.000,
12.11.2025,10:58:52.321,19.032,25.598,17.345,2.978,250.0,250.0,63.471,28.248,9.061,88.228,60.347,37.423,22.924,36.969,6.742,0.764,5.978,14.046,0.000,0.000,0.000,9.0,0.375,
12.11.2025,10:58:53.335,14.953,24.594,17.167,2.985,250.0,250.0,105.846,29.863,9.010,87.750,60.011,37.211,22.800,36.770,15.467,1.302,14.165,14.140,0.000,0.000,0.000,9.0,0.000,
12.11.2025,10:58:54.339,17.672,23.601,16.125,3.016,250.0,250.0,97.720,112.645,8.881,149.613,97.679,60.575,37.104,59.845,267.486,56.918,210.568,177.778,0.000,0.000,0.000,9.0,0.000,
12.11.2025,10:58:55.335,17.672,23.601,16.125,3.016,250.0,250.0,69.489,13.789,8.779,36.146,27.875,17.279,10.596,17.071,7.056,0.759,6.297,6.034,0.000,0.000,0.000,9.0,0.000,
12.11.2025,10:58:56.340,23.110,25.684,18.221,3.033,250.0,250.0,65.254,13.031,8.842,33.778,26.436,16.394,10.042,16.198,6.459,0.724,5.735,5.701,0.000,0.000,0.000,9.0,0.000,
12.11.2025,10:58:57.352,24.469,25.388,17.890,3.050,250.0,250.0,80.852,29.953,9.076,88.130,60.288,37.387,22.901,36.934,15.353,1.248,14.105,14.105,0.000,0.000,1.000,9.0,0.000,
12.11.2025,10:58:58.355,25.829,23.930,16.009,3.028,250.0,250.0,107.967,56.826,9.254,190.978,123.485,76.576,46.909,75.651,15.423,1.259,14.164,14.564,0.000,0.000,0.000,9.0,1.000,
12.11.2025,10:58:59.357,23.110,26.140,18.570,3.108,250.0,250.0,89.717,14.170,8.852,37.202,28.566,17.716,10.850,17.495,7.327,0.734,6.593,6.366,0.000,0.000,0.000,9.0,0.000,
12.11.2025,10:59:0.357,23.110,25.513,17.995,3.033,250.0,250.0,57.080,13.164,8.861,34.156,26.692,16.552,10.140,16.343,6.542,0.729,5.813,5.813,0.000,0.000,0.000,9.0,0.000,
12.11.2025,10:59:1.358,16.313,24.568,17.058,3.068,250.0,250.0,54.813,39.238,8.938,134.329,88.317,54.758,33.559,54.100,6.375,0.745,5.630,5.630,0.000,0.000,0.000,9.0,1.125,
12.11.2025,10:59:2.364,17.672,23.684,16.168,3.052,250.0,250.0,65.001,12.423,8.805,31.701,25.123,15.584,9.539,15.400,6.266,0.720,5.546,5.546,0.000,0.000,1.125,9.0,0.000,
12.11.2025,10:59:3.353,21.750,24.598,17.133,3.054,250.0,250.0,62.467,10.758,4.296,29.938,21.235,13.163,8.072,13.003,6.192,0.706,5.486,5.486,0.000,0.000,0.000,9.0,0.000,
12.11.2025,10:59:4.352,21.750,24.389,16.393,3.064,250.0,250.0,65.220,29.931,9.026,88.063,60.215,37.339,22.876,36.897,15.381,1.253,14.128,14.128,0.002,0.000,0.000,9.0,0.750,
12.11.2025,10:59:5.362,23.110,25.672,17.016,3.011,250.0,250.0,107.369,61.050,9.142,111.185,74.340,46.101,28.239,45.539,39.341,9.575,29.766,217.269,0.000,0.000,0.500,9.0,0.000,
12.11.2025,10:59:6.351,23.110,30.378,22.347,3.518,250.0,250.0,87.951,14.139,8.867,37.012,28.454,17.649,10.805,17.440,7.301,0.735,6.566,6.566,0.000,0.000,0.375,9.0,0.000,
12.11.2025,10:59:7.357,27.188,29.166,21.619,3.074,250.0,250.0,69.057,13.417,8.852,34.990,27.192,16.860,10.332,16.664,6.667,0.721,5.946,5.946,0.000,0.000,0.500,9.0,0.000,
12.11.2025,10:59:8.358,19.032,26.253,18.782,3.045,250.0,250.0,54.584,12.656,8.812,32.620,25.700,15.936,9.764,15.752,6.231,0.720,5.511,5.511,0.000,0.000,0.000,9.0,0.000,
12.11.2025,10:59:9.357,17.672,23.645,16.024,3.110,250.0,250.0,52.922,12.768,8.849,32.870,25.883,16.045,9.838,15.848,6.359,0.729,5.630,5.630,0.000,0.000,0.000,9.0,0.000,
12.11.2025,10:59:10.356,24.469,25.682,18.186,3.064,250.0,250.0,66.747,30.129,9.016,88.719,60.619,37.583,23.036,37.129,15.480,1.258,14.222,14.222,0.000,0.000,0.000,9.0,0.000,
12.11.2025,10:59:11.355,19.032,25.978,17.676,3.012,250.0,250.0,118.713,30.071,9.078,88.480,60.507,37.516,22.991,37.074,15.443,1.268,14.175,14.175,0.000,0.000,0.000,9.0,0.000,
12.11.2025,10:59:12.359,14.953,26.075,18.641,3.026,250.0,250.0,98.259,45.086,8.973,155.554,101.375,62.865,38.510,62.111,7.437,0.806,6.631,6.596,0.000,0.000,0.000,9.0,0.000,
12.11.2025,10:59:13.357,20.391,26.678,19.172,3.066,250.0,250.0,69.326,13.486,8.894,35.053,27.263,16.900,10.363,16.691,6.808,0.730,6.078,6.078,0.000,0.000,0.000,9.0,0.000,
12.11.2025,10:59:14.355,17.672,24.510,17.003,3.047,250.0,250.0,65.536,13.024,8.949,33.653,26.433,16.383,10.050,16.187,6.431,0.704,5.727,5.727,0.000,0.000,0.000,9.0,0.000,
12.11.2025,10:59:15.354,16.313,25.416,17.902,3.080,250.0,250.0,67.747,76.019,9.272,112.454,74.879,46.435,28.444,45.876,124.741,39.638,85.103,193.344,0.000,0.000,0.000,9.0,0.000,
12.11.2025,10:59:16.356,17.672,25.542,17.594,3.043,250.0,250.0,74.769,19.481,9.016,54.732,39.544,24.514,15.030,24.219,9.665,0.807,8.858,8.425,0.000,0.000,0.750,9.0,0.000,
12.11.2025,10:59:17.363,31.266,27.614,20.020,3.110,250.0,250.0,74.815,13.813,8.824,36.453,28.082,17.421,10.661,17.212,6.765,0.714,6.051,5.946,0.000,0.000,0.000,9.0,0.500,
12.11.2025,10:59:18.357,19.032,25.816,18.228,3.127,250.0,250.0,64.691,12.729,8.851,32.834,25.862,16.035,9.827,15.838,6.257,0.720,5.537,5.528,0.000,0.000,0.125,9.0,0.000,
12.11.2025,10:59:19.359,17.672,25.938,18.431,3.081,250.0,250.0,53.879,12.984,8.851,33.808,26.459,16.400,10.059,16.204,6.242,0.731,5.511,5.579,0.000,0.000,0.000,9.0,0.500,
12.11.2025,10:59:20.362,14.953,24.010,16.500,3.061,250.0,250.0,54.402,12.547,8.852,32.101,25.412,15.755,9.657,15.559,6.304,0.733,5.571,5.528,0.000,0.000,0.000,9.0,0.000,
12.11.2025,10:59:21.365,13.594,26.041,18.471,3.084,250.0,250.0,72.956,30.245,9.044,89.187,60.930,37.778,23.152,37.324,15.431,1.256,14.175,14.175,0.000,0.000,0.000,9.0,0.000,
12.11.2025,10:59:22.364,19.032,26.716,17.962,3.027,250.0,250.0,113.717,30.159,9.018,88.839,60.693,37.640,23.053,37.187,15.479,1.257,14.222,14.198,0.000,0.000,0.000,9.0,0.000,
12.11.2025,10:59:23.363,17.672,25.347,17.883,3.037,250.0,250.0,98.784,14.337,8.861,37.737,28.906,17.925,10.981,17.705,7.344,0.730,6.614,6.566,0.000,0.000,0.000,9.0,0.000,
12.11.2025,10:59:24.361,25.829,25.119,17.622,3.061,250.0,250.0,59.414,13.485,8.849,35.132,27.282,16.916,10.366,16.707,6.821,0.726,6.095,5.954,0.000,0.000,0.000,9.0,0.000,
12.11.2025,10:59:25.359,20.391,25.222,17.734,3.071,250.0,250.0,75.192,29.921,8.992,87.966,60.134,37.293,22.841,36.839,15.472,1.250,14.222,14.198,0.000,0.000,0.000,9.0,0.000,
12.11.2025,10:59:26.361,19.032,25.971,17.595,3.062,250.0,250.0,109.806,30.220,9.057,88.969,60.793,37.702,23.091,37.248,15.528,1.247,14.281,14.281,0.000,0.000,0.000,9.0,0.000,
12.11.2025,10:59:27.350,23.110,24.640,17.131,3.057,250.0,250.0,98.689,14.665,8.856,39.005,29.682,18.410,11.272,18.190,7.327,0.743,6.584,6.584,0.000,0.000,0.000,9.0,0.000,
12.11.2025,10:59:28.364,29.907,24.441,16.922,3.080,250.0,250.0,57.984,13.277,8.869,34.412,26.844,16.641,10.203,16.445,6.691,0.720,5.971,5.971,0.000,0.000,0.000,9.0,0.000,
12.11.2025,10:59:29.351,16.313,27.648,20.066,3.121,250.0,250.0,65.321,10.148,4.528,27.288,19.740,12.232,7.508,12.085,6.277,0.731,5.546,5.546,0.000,0.000,0.000,9.0,0.000,
12.11.2025,10:59:30.364,13.594,24.947,17.452,3.045,250.0,250.0,71.058,106.660,9.146,188.529,121.932,75.615,46.317,74.702,268.068,56.364,211.704,14.222,0.002,0.000,0.000,9.0,0.000,
12.11.2025,10:59:31.350,19.032,24.868,16.573,3.022,250.0,250.0,107.978,30.221,8.952,88.858,60.664,37.617,23.047,37.163,15.733,1.287,14.446,14.446,0.000,0.000,0.000,9.0,0.500,
12.11.2025,10:59:32.353,24.469,26.328,18.778,3.061,250.0,250.0,88.224,13.933,8.845,36.437,28.084,17.415,10.669,17.206,7.133,0.721,6.412,6.412,0.000,0.000,0.000,9.0,0.000,
12.11.2025,10:59:33.359,28.547,24.344,16.866,3.058,250.0,250.0,68.709,13.071,8.824,33.789,26.437,16.390,10.047,16.193,6.589,0.732,5.857,5.857,0.000,0.000,0.000,9.0,0.000,
12.11.2025,10:59:34.352,24.469,25.676,18.165,3.068,250.0,250.0,54.197,42.167,8.565,145.583,95.041,58.930,36.111,58.223,6.663,0.769,5.894,5.894,0.000,0.000,0.000,9.0,0.000,
12.11.2025,10:59:35.351,25.829,25.699,17.708,3.087,250.0,250.0,63.801,15.538,9.098,41.290,31.257,19.378,11.879,19.145,8.048,0.812,7.236,7.236,0.000,0.000,1.125,9.0,1.375,
12.11.2025,10:59:36.353,32.625,28.864,21.252,3.164,250.0,250.0,61.155,13.523,8.922,35.467,27.528,17.076,10.452,16.868,6.576,0.815,5.761,5.761,0.000,0.000,0.000,9.0,0.000,
12.11.2025,10:59:37.354,14.953,34.466,26.589,3.323,250.0,250.0,49.489,12.719,8.974,32.609,25.787,15.997,9.790,15.801,6.342,0.796,5.546,5.546,0.000,0.000,0.000,9.0,1.750,
12.11.2025,10:59:38.351,23.110,34.518,26.581,3.373,250.0,250.0,56.805,12.709,8.913,32.338,25.580,15.863,9.717,15.679,6.608,0.825,5.783,5.783,0.000,0.000,0.125,9.0,0.375,
12.11.2025,10:59:39.355,27.188,35.300,27.412,3.320,250.0,250.0,48.559,12.397,8.863,31.472,25.023,15.517,9.506,15.321,6.362,0.816,5.546,5.546,0.000,0.000,0.000,9.0,1.000,
12.11.2025,10:59:40.363,27.188,34.773,26.987,3.311,250.0,250.0,62.363,24.231,8.983,70.830,49.512,30.694,18.818,30.326,11.468,1.253,10.215,10.215,0.000,0.000,0.000,9.0,0.000,
12.11.2025,10:59:41.354,21.750,35.136,26.065,3.272,250.0,250.0,86.716,24.263,8.994,70.924,49.567,30.739,18.828,30.371,11.485,1.248,10.237,10.237,0.000,0.000,0.000,9.0,0.375,
12.11.2025,10:59:42.353,19.032,33.795,25.956,3.311,250.0,250.0,77.491,13.873,8.865,36.323,28.036,17.378,10.658,17.170,7.095,0.811,6.284,6.104,0.000,0.000,0.750,9.0,0.375,
12.11.2025,10:59:43.355,25.829,33.815,26.013,3.309,250.0,250.0,70.033,28.816,9.079,90.207,61.579,38.187,23.392,37.721,6.888,0.895,5.993,14.222,0.000,0.000,0.000,9.0,0.000,
12.11.2025,10:59:44.356,24.469,32.909,24.760,3.221,250.0,250.0,104.748,30.302,9.101,89.098,60.903,37.769,23.134,37.315,15.704,1.386,14.317,14.293,0.000,0.000,0.500,9.0,0.500,
12.11.2025,10:59:45.358,27.188,35.338,27.550,3.280,250.0,250.0,90.136,14.136,8.891,36.964,28.438,17.634,10.804,17.425,7.389,0.814,6.575,6.429,0.000,0.000,0.000,9.0,0.000,
12.11.2025,10:59:46.365,31.266,35.342,27.510,3.309,250.0,250.0,60.055,13.587,8.906,35.434,27.502,17.051,10.451,16.854,6.875,0.866,6.009,5.927,0.000,0.000,0.000,9.0,0.000,
12.11.2025,10:59:47.353,27.188,35.602,27.783,3.294,250.0,250.0,56.905,12.738,8.887,32.689,25.789,15.999,9.790,15.803,6.429,0.815,5.614,5.562,0.000,0.000,0.000,9.0,0.375,
12.11.2025,10:59:48.357,24.469,34.684,26.896,3.281,250.0,250.0,49.079,12.490,8.846,31.855,25.244,15.656,9.588,15.460,6.353,0.799,5.554,5.546,0.000,0.000,0.000,9.0,0.375,
12.11.2025,10:59:49.363,24.469,35.092,27.202,3.348,250.0,250.0,45.381,7.567,3.504,18.462,13.627,8.446,5.181,8.348,6.292,0.764,5.528,5.520,0.000,0.000,0.000,9.0,0.000,
12.11.2025,10:59:50.351,24.469,35.166,26.635,3.281,250.0,250.0,59.605,85.841,9.193,101.490,68.063,42.208,25.855,41.698,200.902,57.495,143.407,168.096,0.002,0.000,0.000,9.0,0.000,
12.11.2025,10:59:51.351,27.188,35.363,27.054,3.222,250.0,250.0,68.633,16.649,9.125,44.724,33.405,20.715,12.690,20.457,8.851,0.851,8.000,7.676,0.000,0.000,0.000,9.0,0.000,
12.11.2025,10:59:52.356,21.750,34.081,26.305,3.281,250.0,250.0,52.665,12.820,8.873,33.066,26.018,16.131,9.887,15.935,6.371,0.800,5.571,5.546,0.000,0.000,0.000,9.0,0.000,
12.11.2025,10:59:53.354,24.469,34.386,26.634,3.273,250.0,250.0,48.384,8.015,3.627,20.002,14.657,9.084,5.573,8.973,6.349,0.795,5.554,5.537,0.003,0.000,0.000,9.0,0.000,
12.11.2025,10:59:54.358,23.110,34.141,25.947,3.299,250.0,250.0,83.527,30.293,9.016,89.281,60.959,37.802,23.157,37.348,15.567,1.370,14.198,14.234,0.002,0.000,0.000,9.0,0.000,
12.11.2025,10:59:55.363,32.625,33.681,25.036,3.249,250.0,250.0,105.508,47.995,9.162,156.989,102.450,63.526,38.924,62.759,15.819,1.489,14.330,14.505,0.000,0.000,0.500,9.0,0.000,
12.11.2025,10:59:56.366,35.344,37.069,29.217,3.317,250.0,250.0,78.989,13.856,8.863,36.217,27.960,17.335,10.625,17.127,7.168,0.794,6.374,6.095,0.000,0.000,0.000,9.0,0.000,
12.11.2025,10:59:57.366,27.188,37.097,29.311,3.294,250.0,250.0,75.894,30.523,9.190,89.904,61.464,38.118,23.346,37.652,15.651,1.393,14.258,14.258,0.000,0.000,0.000,9.0,0.000,
12.11.2025,10:59:58.386,21.750,35.917,27.760,3.258,250.0,250.0,105.357,30.626,9.130,90.245,61.641,38.219,23.422,37.753,15.768,1.392,14.376,14.317,0.000,0.000,0.000,9.0,0.000,
12.11.2025,10:59:59.384,25.829,36.756,28.864,3.362,250.0,250.0,80.421,102.336,9.224,233.250,149.345,92.606,56.739,91.488,191.644,44.520,147.124,7.419,0.000,0.000,0.000,9.0,0.000,
12.11.2025,11:0:0.383,17.672,35.456,27.663,3.274,250.0,250.0,322.139,212.989,9.595,416.015,262.758,162.928,99.830,160.965,259.123,74.303,184.821,499.553,0.000,0.000,0.500,9.0,0.000,
12.11.2025,11:0:1.399,17.672,32.106,24.314,3.233,250.0,250.0,207.901,30.570,9.176,89.645,61.283,38.002,23.281,37.548,16.022,1.305,14.717,14.717,0.000,0.000,0.000,9.0,0.000,
12.11.2025,11:0:2.412,17.672,25.399,17.885,3.062,250.0,250.0,107.610,18.342,10.161,42.167,32.456,20.128,12.328,19.883,15.854,1.266,14.588,14.588,0.000,0.000,0.000,9.0,0.000,
12.11.2025,11:0:3.411,16.313,22.777,15.310,3.057,250.0,250.0,66.766,14.894,11.633,36.941,30.128,18.675,11.453,18.454,7.493,0.801,6.692,6.673,0.000,0.000,0.000,9.0,0.000,
12.11.2025,11:0:4.409,14.953,23.294,15.803,3.023,250.0,250.0,67.827,14.131,11.846,34.789,28.921,17.932,10.989,17.723,6.618,0.745,5.873,5.873,0.000,0.000,0.000,9.0,0.000,
12.11.2025,11:0:5.405,19.032,23.299,15.793,3.045,250.0,250.0,57.336,13.569,12.218,32.565,27.780,17.220,10.560,17.012,6.358,0.736,5.622,5.622,0.000,0.000,0.000,9.0,0.000,
12.11.2025,11:0:6.416,20.391,28.581,20.829,3.265,250.0,250.0,56.012,47.001,12.579,150.628,100.546,62.352,38.194,61.598,19.252,4.689,14.563,5.605,0.000,0.000,0.000,9.0,0.000,
12.11.2025,11:0:7.415,16.313,28.500,20.704,3.297,250.0,250.0,56.146,39.930,12.168,132.834,89.734,55.648,34.086,54.976,6.886,0.805,6.081,6.081,0.000,0.000,0.000,9.0,0.000,
12.11.2025,11:0:8.425,23.110,26.422,18.063,3.052,250.0,250.0,124.252,31.178,13.051,88.454,62.957,39.033,23.924,38.567,15.692,1.282,14.410,14.410,0.000,0.000,0.000,9.0,0.000,
12.11.2025,11:0:9.423,20.391,25.447,17.905,3.053,250.0,250.0,107.346,15.566,12.652,38.368,31.648,19.624,12.024,19.379,7.660,0.740,6.920,6.641,0.000,0.000,0.250,9.0,0.000,
12.11.2025,11:0:10.441,14.953,23.624,16.193,3.006,250.0,250.0,61.823,14.869,12.183,37.000,30.507,18.919,11.588,18.686,6.872,0.777,6.095,6.058,0.000,0.000,0.000,9.0,0.000,
12.11.2025,11:0:11.444,21.750,26.738,19.226,3.035,250.0,250.0,71.165,13.846,11.722,33.969,28.342,17.574,10.768,17.365,6.497,0.719,5.778,5.727,0.000,0.000,0.000,9.0,0.000,
12.11.2025,11:0:12.457,17.672,24.490,17.048,3.015,250.0,250.0,70.626,30.837,12.211,88.311,62.345,38.653,23.692,38.187,15.418,1.254,14.164,14.140,0.000,0.000,0.000,9.0,1.000,
12.11.2025,11:0:13.455,17.672,25.396,17.186,2.961,250.0,250.0,111.096,30.679,12.539,87.428,62.005,38.447,23.558,37.981,15.351,1.246,14.105,14.128,0.000,0.000,0.000,9.0,0.000,
12.11.2025,11:0:14.458,20.391,24.562,17.098,3.024,250.0,250.0,96.885,15.765,13.017,39.126,32.337,20.049,12.288,19.816,7.262,0.720,6.542,6.495,0.000,0.000,0.000,9.0,0.000,
12.11.2025,11:0:15.444,20.391,25.413,17.935,3.032,250.0,250.0,73.147,14.301,12.540,34.705,29.307,18.173,11.134,17.952,6.662,0.725,5.937,5.875,0.003,0.000,0.000,9.0,0.000,
12.11.2025,11:0:16.456,20.391,25.892,18.256,3.084,250.0,250.0,68.078,14.301,11.935,33.053,27.906,17.308,10.598,17.100,6.127,0.692,5.435,5.426,0.000,0.000,0.000,9.0,0.000,
12.11.2025,11:0:17.456,17.672,24.425,17.036,2.981,250.0,250.0,68.078,13.558,11.935,33.053,27.906,17.308,10.598,17.100,6.127,0.692,5.435,5.426,0.000,0.000,0.000,9.0,0.000,
12.11.2025,11:0:18.471,17.672,26.873,18.510,3.019,250.0,250.0,82.886,30.617,11.853,88.139,62.020,38.464,23.556,37.998,15.137,1.232,13.905,13.869,0.000,0.000,0.000,9.0,0.000,
12.11.2025,11:0:19.466,16.313,25.724,18.295,3.005,250.0,250.0,109.591,30.668,12.047,87.960,62.024,38.467,23.557,38.001,15.287,1.241,14.046,14.046,0.000,0.000,0.500,9.0,0.000,
12.11.2025,11:0:20.461,17.672,25.490,18.006,3.008,250.0,250.0,96.957,14.797,12.070,36.753,30.286,18.784,11.502,18.551,6.911,0.705,6.206,6.206,0.000,0.000,0.000,9.0,0.000,
12.11.2025,11:0:21.463,16.313,23.391,15.943,2.992,250.0,250.0,69.654,13.843,12.565,33.257,28.422,17.620,10.802,17.411,6.350,0.700,5.650,5.650,0.000,0.000,0.000,9.0,0.000,
12.11.2025,11:0:22.464,17.672,26.487,18.564,2.980,250.0,250.0,58.342,77.287,8.689,188.749,122.251,75.798,46.453,74.881,118.144,21.335,96.809,19.760,0.003,0.000,0.000,9.0,0.000,
12.11.2025,11:0:23.463,16.313,25.256,17.521,2.977,250.0,250.0,90.346,31.123,14.517,87.457,63.248,39.219,24.029,38.741,15.081,1.224,13.857,13.857,0.000,0.000,0.000,9.0,0.000,
12.11.2025,11:0:24.462,19.032,24.435,17.001,2.992,250.0,250.0,120.314,19.026,13.986,42.062,34.756,21.557,13.199,21.300,14.858,1.177,13.681,13.681,0.000,0.000,0.000,9.0,0.000,
12.11.2025,11:0:25.461,17.672,24.514,17.049,3.011,250.0,250.0,78.709,14.880,12.959,36.421,30.624,18.990,11.634,18.769,6.718,0.752,5.966,5.965,0.000,0.000,0.500,9.0,0.000,
12.11.2025,11:0:26.462,14.953,28.132,20.560,3.086,250.0,250.0,59.509,14.435,11.776,36.251,29.785,18.474,11.311,18.253,6.510,0.782,5.728,5.477,0.000,0.000,0.000,9.0,0.000,
12.11.2025,11:0:27.462,20.391,23.976,16.124,2.991,250.0,250.0,55.925,19.748,11.887,53.743,40.713,25.240,15.473,24.933,8.762,0.739,8.023,7.963,0.000,0.000,0.000,9.0,0.000,
12.11.2025,11:0:28.477,17.672,25.160,17.716,3.022,250.0,250.0,92.607,19.708,12.216,53.400,40.697,25.238,15.459,24.931,8.624,0.710,7.914,7.895,0.000,0.000,0.500,9.0,0.000,
12.11.2025,11:0:29.476,17.672,24.268,16.730,3.042,250.0,250.0,73.671,44.891,12.379,152.436,101.524,62.953,38.571,62.199,6.465,0.754,5.711,5.920,0.000,0.000,0.000,9.0,0.000,
12.11.2025,11:0:30.491,27.188,26.245,18.808,3.041,250.0,250.0,58.140,14.351,12.639,35.323,29.753,18.445,11.308,18.224,6.210,0.690,5.520,5.399,0.000,0.000,0.750,9.0,0.000,
12.11.2025,11:0:31.493,17.672,24.519,17.059,2.980,250.0,250.0,68.924,13.741,12.839,33.150,28.522,17.682,10.840,17.473,5.870,0.681,5.189,5.163,0.000,0.000,0.000,9.0,0.000,
12.11.2025,11:0:32.494,13.594,25.739,18.346,3.003,250.0,250.0,66.331,43.466,12.938,46.042,36.406,22.568,13.838,22.299,29.291,8.425,20.866,221.986,0.000,0.000,0.000,9.0,0.000,
12.11.2025,11:0:33.494,17.672,24.144,15.525,2.989,250.0,250.0,55.560,61.001,7.959,179.032,115.719,71.759,43.960,70.891,57.484,14.427,43.057,5.724,0.002,0.000,0.000,9.0,0.000,
12.11.2025,11:0:34.493,16.313,25.332,17.757,3.016,250.0,250.0,86.384,30.092,12.217,86.342,61.128,37.903,23.225,37.450,14.727,1.201,13.526,13.198,0.000,0.000,0.625,9.0,0.000,
12.11.2025,11:0:35.498,19.032,25.285,17.850,2.976,250.0,250.0,117.606,17.228,11.722,40.616,32.463,20.125,12.338,19.880,14.393,1.195,13.198,6.345,0.000,0.000,0.000,9.0,0.000,
12.11.2025,11:0:36.499,17.672,25.885,18.401,3.059,250.0,250.0,87.360,14.712,12.296,36.831,30.471,18.896,11.575,18.663,6.419,0.667,5.752,5.552,0.000,0.000,0.000,9.0,0.000,
12.11.2025,11:0:37.497,19.032,24.316,16.421,3.000,250.0,250.0,80.069,56.064,13.035,185.560,122.475,75.945,46.530,75.032,14.296,1.238,13.058,13.469,0.000,0.000,0.000,9.0,0.375,
12.11.2025,11:0:38.503,24.469,26.526,19.045,3.035,250.0,250.0,116.479,30.193,13.119,86.097,61.542,38.159,23.383,37.693,14.431,1.163,13.268,13.079,0.000,0.000,1.125,9.0,0.000,
12.11.2025,11:0:39.494,13.594,28.927,21.322,3.140,250.0,250.0,61.607,14.999,12.326,37.761,31.068,19.261,11.807,19.029,6.511,0.670,5.841,5.717,0.000,0.000,0.000,9.0,0.000,
12.11.2025,11:0:40.511,16.313,24.973,17.493,3.017,250.0,250.0,59.955,48.001,11.881,62.344,45.775,28.384,17.391,28.042,88.420,28.680,59.740,109.353,0.000,0.002,0.000,9.0,0.000,
12.11.2025,11:0:41.506,24.469,23.858,16.415,3.014,250.0,250.0,64.092,13.375,11.666,32.498,27.400,16.987,10.413,16.779,6.473,0.749,5.724,5.062,0.000,0.000,0.000,9.0,0.000,
12.11.2025,11:0:42.515,17.672,25.794,18.302,3.018,250.0,250.0,54.821,12.777,12.068,30.453,26.373,16.356,10.017,16.160,5.671,0.669,5.002,5.002,0.000,0.000,0.000,9.0,0.000,
12.11.2025,11:0:43.513,16.313,25.260,16.933,3.037,250.0,250.0,49.137,10.057,7.087,25.088,19.960,12.374,7.586,12.227,5.637,0.660,4.977,4.977,0.002,0.000,0.000,9.0,0.000,
12.11.2025,11:0:44.507,19.032,24.734,16.857,3.029,250.0,250.0,82.209,17.479,13.058,44.133,35.469,21.990,13.479,21.732,8.561,0.751,7.810,7.810,0.000,0.000,0.000,9.0,0.000,
12.11.2025,11:0:45.515,16.313,24.990,17.523,3.014,250.0,250.0,77.076,15.123,13.602,35.742,30.608,18.975,11.633,18.755,7.529,0.669,6.860,6.860,0.000,0.000,1.125,9.0,0.000,
12.11.2025,11:0:46.513,13.594,26.380,18.857,3.078,250.0,250.0,60.011,13.983,14.530,32.356,29.081,18.039,11.042,17.818,5.876,0.659,5.217,5.217,0.000,0.000,0.000,9.0,0.000,
12.11.2025,11:0:47.507,17.672,25.691,17.601,3.040,250.0,250.0,56.236,42.919,8.837,68.981,48.227,29.907,18.320,29.551,82.533,16.461,66.072,60.299,0.003,0.000,0.000,9.0,1.000,
12.11.2025,11:0:48.521,19.032,25.156,17.386,3.034,250.0,250.0,118.177,30.409,12.520,86.294,61.286,38.000,23.286,37.547,15.480,1.282,14.198,14.198,0.000,0.000,0.000,9.0,0.000,
12.11.2025,11:0:49.509,17.672,24.931,17.477,3.034,250.0,250.0,115.375,18.353,11.563,43.132,33.929,21.037,12.892,20.779,13.769,1.114,12.655,12.655,0.000,0.000,0.875,9.0,0.000,
12.11.2025,11:0:50.509,17.672,26.048,18.543,3.023,250.0,250.0,63.578,13.754,11.645,34.003,28.311,17.558,10.753,17.350,6.191,0.651,5.540,5.540,0.000,0.000,0.000,9.0,0.000,
12.11.2025,11:0:51.509,21.750,23.983,16.504,3.033,250.0,250.0,66.907,18.708,12.066,52.661,40.075,24.851,15.224,24.544,6.085,0.694,5.391,5.486,0.000,0.000,0.000,9.0,0.000,
12.11.2025,11:0:52.520,17.672,25.673,17.367,2.988,250.0,250.0,74.006,25.745,12.094,79.616,56.871,35.265,21.606,34.848,5.956,0.719,5.237,5.237,0.000,0.000,0.000,9.0,0.000,
12.11.2025,11:0:53.520,17.672,23.208,15.755,3.003,250.0,250.0,106.371,29.510,12.921,84.526,60.445,37.484,22.961,37.030,13.628,1.126,12.502,12.479,0.000,0.000,0.000,9.0,0.000,
12.11.2025,11:0:54.518,20.391,23.424,15.953,3.003,250.0,250.0,97.906,35.170,12.808,58.544,44.059,27.326,16.733,26.997,7.958,1.941,6.017,149.318,0.000,0.000,0.000,9.0,0.000,
12.11.2025,11:0:55.512,36.704,25.370,17.977,2.984,250.0,250.0,70.936,13.756,12.641,32.987,28.294,17.547,10.747,17.339,6.396,0.686,5.710,5.214,0.000,0.000,0.000,9.0,0.000,
12.11.2025,11:0:56.519,25.829,31.297,23.661,3.154,250.0,250.0,65.929,13.152,12.257,31.701,27.258,16.901,10.357,16.705,5.761,0.730,5.031,4.823,0.000,0.000,0.000,9.0,0.000,
12.11.2025,11:0:57.520,28.547,32.895,24.311,3.217,250.0,250.0,66.831,27.276,11.991,78.848,56.329,34.933,21.396,34.516,11.984,1.204,10.780,10.780,0.000,0.000,0.375,9.0,0.000,
12.11.2025,11:0:58.511,24.469,33.998,26.124,3.321,250.0,250.0,97.217,27.494,12.010,79.461,56.731,35.179,21.552,34.762,12.154,1.222,10.932,10.932,0.000,0.000,0.000,9.0,0.000,
12.11.2025,11:0:59.510,21.750,35.376,27.582,3.295,250.0,250.0,81.586,14.513,12.329,36.212,30.106,18.669,11.437,18.437,6.326,0.805,5.521,5.290,0.000,0.000,0.000,9.0,0.000,
12.11.2025,11:1:0.507,32.625,38.634,30.828,3.306,250.0,250.0,61.830,13.529,12.660,32.637,28.096,17.419,10.677,17.211,5.822,0.752,5.070,4.944,0.000,0.000,1.000,9.0,0.000,
12.11.2025,11:1:1.508,25.829,35.950,28.121,3.284,250.0,250.0,51.958,13.006,12.691,30.931,27.060,16.785,10.275,16.577,5.495,0.730,4.765,4.747,0.000,0.000,0.500,9.0,0.000,
12.11.2025,11:1:2.512,17.672,35.024,26.447,3.232,250.0,250.0,79.377,29.337,12.317,84.778,60.228,37.344,22.884,36.890,13.378,1.206,12.172,12.172,0.000,0.000,0.500,9.0,0.000,
12.11.2025,11:1:3.520,23.110,36.775,28.980,3.315,250.0,250.0,102.877,46.532,11.918,151.377,100.654,62.410,38.244,61.655,13.364,1.192,12.172,12.337,0.000,0.000,0.625,9.0,0.375,
12.11.2025,11:1:4.517,21.750,35.646,27.794,3.318,250.0,250.0,83.428,13.983,11.804,34.885,28.954,17.958,10.996,17.737,6.158,0.725,5.433,5.184,0.000,0.000,0.500,9.0,0.000,
12.11.2025,11:1:5.517,25.829,34.099,26.278,3.316,250.0,250.0,53.567,13.264,12.125,32.331,27.571,17.102,10.469,16.893,5.631,0.722,4.909,4.883,0.000,0.000,0.000,9.0,0.500,
12.11.2025,11:1:6.513,25.829,35.170,26.756,3.391,250.0,250.0,50.842,8.960,6.894,21.367,17.530,10.877,6.653,10.742,5.427,0.713,4.714,4.679,0.002,0.000,0.125,9.0,0.000,
12.11.2025,11:1:7.511,24.469,41.510,32.862,3.680,250.0,250.0,90.205,62.765,13.263,98.367,69.047,42.817,26.230,42.291,13.240,1.209,12.031,309.158,0.000,0.000,0.000,9.0,0.000,
12.11.2025,11:1:8.512,25.829,38.786,30.900,3.348,250.0,250.0,111.902,18.238,13.973,40.868,34.011,21.088,12.923,20.843,13.283,1.171,12.112,12.112,0.000,0.000,1.125,9.0,0.000,
12.11.2025,11:1:9.512,25.829,36.615,28.786,3.289,250.0,250.0,77.089,14.395,14.448,34.103,30.117,18.668,11.449,18.448,5.840,0.770,5.070,5.032,0.000,0.000,0.000,9.0,0.375,
12.11.2025,11:1:10.517,27.188,34.775,26.973,3.317,250.0,250.0,54.865,13.112,13.168,30.989,27.386,16.981,10.405,16.785,5.370,0.708,4.662,4.662,0.000,0.000,0.000,9.0,0.000,
12.11.2025,11:1:11.514,27.188,33.795,24.959,3.239,250.0,250.0,48.944,68.125,7.358,157.037,101.942,63.216,38.726,62.456,89.741,17.277,72.464,71.030,0.002,0.000,0.375,9.0,0.000,
12.11.2025,11:1:12.509,24.469,34.391,26.334,3.301,250.0,250.0,88.484,29.262,11.718,85.174,60.089,37.255,22.834,36.813,13.325,1.236,12.089,12.089,0.000,0.000,0.000,9.0,0.000,
12.11.2025,11:1:13.518,33.985,35.312,27.436,3.297,250.0,250.0,108.328,17.398,11.902,39.964,32.178,19.952,12.226,19.706,13.061,1.125,11.936,11.936,0.000,0.000,0.000,9.0,0.000,
12.11.2025,11:1:14.520,25.829,34.507,26.696,3.346,250.0,250.0,66.418,14.344,12.127,36.110,29.926,18.556,11.370,18.323,6.024,0.961,5.063,4.979,0.000,0.000,0.000,9.0,0.000,
12.11.2025,11:1:15.506,27.188,31.429,23.210,3.222,250.0,250.0,81.344,29.199,12.688,84.251,60.127,37.288,22.839,36.834,13.055,1.201,11.854,11.854,0.000,0.000,0.000,9.0,0.000,
12.11.2025,11:1:16.511,29.907,39.976,31.978,3.383,250.0,250.0,103.511,46.717,12.967,151.464,101.353,62.851,38.502,62.097,13.040,1.186,11.854,11.854,0.003,0.000,0.000,9.0,0.375,
12.11.2025,11:1:17.511,27.188,36.031,28.151,3.334,250.0,250.0,79.563,14.187,12.931,34.860,29.652,18.382,11.270,18.161,5.775,0.713,5.062,5.062,0.000,0.000,0.000,9.0,0.000,
12.11.2025,11:1:18.517,28.547,37.611,29.794,3.270,250.0,250.0,60.615,13.144,12.547,31.613,27.399,16.986,10.413,16.778,5.473,0.718,4.755,4.755,0.000,0.000,0.000,9.0,0.000,
12.11.2025,11:1:19.516,27.188,36.339,28.588,3.259,250.0,250.0,51.509,12.714,12.066,30.677,26.516,16.442,10.074,16.245,5.275,0.706,4.569,4.569,0.000,0.000,0.000,9.0,0.000,
12.11.2025,11:1:20.518,23.110,36.113,28.347,3.273,250.0,250.0,49.876,12.766,11.578,31.222,26.553,16.467,10.086,16.258,5.378,0.639,4.739,4.739,0.000,0.000,0.000,9.0,0.000,
12.11.2025,11:1:21.516,23.110,36.113,28.347,3.273,250.0,250.0,184.960,202.277,12.485,397.969,253.372,157.108,96.264,155.218,249.273,71.257,178.016,451.804,0.000,0.000,0.500,9.0,0.000,
12.11.2025,11:1:22.514,24.469,34.147,25.892,3.264,250.0,250.0,305.376,29.310,12.759,84.549,60.349,37.429,22.920,36.975,13.106,1.087,12.019,11.913,0.000,0.000,0.000,9.0,1.000,
12.11.2025,11:1:23.516,17.672,26.499,18.977,3.088,250.0,250.0,107.425,29.597,13.216,85.243,61.067,37.867,23.200,37.413,12.954,1.077,11.877,12.055,0.000,0.000,0.000,9.0,0.500,
12.11.2025,11:1:24.515,14.953,25.528,18.019,3.036,250.0,250.0,79.587,14.448,12.390,36.159,30.114,18.674,11.440,18.454,5.978,0.628,5.350,5.297,0.000,0.000,1.125,9.0,0.000,
12.11.2025,11:1:25.513,16.313,25.045,17.561,3.024,250.0,250.0,69.024,13.331,11.924,32.891,27.808,17.234,10.574,17.026,5.519,0.601,4.918,4.819,0.000,0.000,0.000,9.0,0.375,
12.11.2025,11:1:26.512,16.313,24.850,17.384,3.033,250.0,250.0,55.381,40.833,11.582,139.038,92.833,57.561,35.272,56.866,5.198,0.637,4.561,4.782,0.000,0.000,0.000,9.0,0.000,
12.11.2025,11:1:27.511,17.672,26.169,18.628,3.063,250.0,250.0,53.199,12.584,11.835,30.430,26.219,16.256,9.963,16.060,5.260,0.622,4.638,4.552,0.000,0.000,0.000,9.0,0.000,
12.11.2025,11:1:28.516,23.110,25.067,17.628,3.026,250.0,250.0,63.157,12.623,12.175,30.316,26.362,16.340,10.022,16.143,5.175,0.632,4.543,4.526,0.000,0.000,0.500,9.0,0.000,
12.11.2025,11:1:29.518,19.032,24.669,17.090,3.090,250.0,250.0,51.402,6.807,6.969,13.384,12.632,7.832,4.800,7.734,5.111,0.601,4.510,4.501,0.000,0.000,0.000,9.0,1.000,
12.11.2025,11:1:30.505,16.313,27.360,18.500,3.056,250.0,250.0,74.708,62.265,13.723,182.364,120.997,75.026,45.971,74.113,48.720,12.150,36.570,13.020,0.002,0.000,0.000,9.0,0.000,
12.11.2025,11:1:31.521,20.391,24.252,16.421,2.983,250.0,250.0,107.228,29.325,14.267,83.336,60.541,37.536,23.005,37.082,12.928,1.074,11.854,11.629,0.000,0.000,0.000,9.0,0.000,
12.11.2025,11:1:32.514,19.032,24.086,16.633,3.003,250.0,250.0,91.986,14.599,13.898,35.423,30.597,18.976,11.621,18.743,5.816,0.617,5.199,5.097,0.000,0.000,0.500,9.0,0.000,
12.11.2025,11:1:33.520,19.032,23.660,16.238,3.008,250.0,250.0,58.511,89.148,12.798,146.119,97.969,60.749,37.220,60.018,235.646,51.693,183.953,5.314,0.000,0.000,0.000,9.0,0.000,
12.11.2025,11:1:34.507,17.672,22.626,15.144,3.017,250.0,250.0,55.788,12.522,11.687,30.332,26.069,16.157,9.912,15.961,5.296,0.626,4.670,4.510,0.000,0.000,0.000,9.0,0.375,
12.11.2025,11:1:35.509,19.032,26.148,18.692,3.028,250.0,250.0,64.938,12.417,11.638,30.146,25.927,16.074,9.853,15.878,5.091,0.607,4.484,4.475,0.000,0.000,0.000,9.0,0.000,
12.11.2025,11:1:36.507,14.953,26.492,19.019,3.021,250.0,250.0,53.485,6.390,6.064,12.774,11.688,7.244,4.444,7.158,5.046,0.596,4.450,4.434,0.000,0.000,0.000,9.0,0.000,
12.11.2025,11:1:37.506,21.750,25.467,17.028,3.044,250.0,250.0,75.428,29.016,12.473,83.550,59.557,36.933,22.624,36.479,13.218,1.106,12.112,12.112,0.002,0.000,0.000,9.0,0.000,
12.11.2025,11:1:38.509,19.032,27.426,19.557,3.024,250.0,250.0,104.050,17.828,12.648,41.496,33.576,20.818,12.758,20.572,12.478,1.025,11.453,11.453,0.000,0.000,0.000,9.0,0.000,
12.11.2025,11:1:39.511,20.391,25.994,18.522,3.013,250.0,250.0,90.453,13.908,12.858,33.990,29.059,18.019,11.040,17.799,5.640,0.606,5.034,5.034,0.000,0.000,0.000,9.0,0.000,
12.11.2025,11:1:40.513,14.953,26.608,19.134,3.016,250.0,250.0,58.972,83.822,8.225,179.644,116.330,72.140,44.190,71.271,127.401,22.191,105.210,91.617,0.000,0.000,0.000,9.0,0.000,
12.11.2025,11:1:41.515,17.672,27.186,19.193,3.006,250.0,250.0,82.404,28.696,12.572,83.012,59.280,36.765,22.515,36.323,12.509,1.032,11.477,11.477,0.002,0.000,0.000,9.0,0.500,
12.11.2025,11:1:42.513,21.750,26.164,18.358,3.000,250.0,250.0,115.214,17.523,11.945,41.069,32.888,20.391,12.497,20.145,12.440,1.023,11.417,11.417,0.000,0.000,0.500,9.0,0.375,
12.11.2025,11:1:43.514,17.672,24.208,16.769,3.018,250.0,250.0,89.650,43.618,11.731,149.146,99.157,61.492,37.665,60.749,5.619,0.619,5.000,5.000,0.000,0.000,0.000,9.0,0.000,
12.11.2025,11:1:44.506,17.672,27.278,19.820,3.015,250.0,250.0,56.811,13.107,12.398,31.881,27.472,17.030,10.442,16.822,5.213,0.613,4.600,4.600,0.000,0.000,0.000,9.0,0.000,
12.11.2025,11:1:45.519,21.750,25.636,18.177,3.005,250.0,250.0,66.976,12.737,12.873,30.220,26.729,16.572,10.157,16.376,5.014,0.598,4.416,4.416,0.000,0.000,0.000,9.0,0.500,
12.11.2025,11:1:46.517,14.953,28.115,20.616,3.028,250.0,250.0,76.748,21.388,12.992,59.788,45.148,27.997,17.151,27.653,7.986,0.806,7.180,7.180,0.000,0.000,0.500,9.0,0.000,
12.11.2025,11:1:47.518,20.391,25.029,17.163,2.980,250.0,250.0,83.531,21.451,12.551,60.310,45.190,28.017,17.173,27.686,8.135,0.823,7.312,7.312,0.000,0.000,0.000,9.0,1.125,
12.11.2025,11:1:48.514,19.032,25.166,17.623,3.070,250.0,250.0,74.645,13.667,11.887,34.131,28.539,17.700,10.839,17.491,5.561,0.597,4.964,4.964,0.000,0.000,0.000,9.0,0.000,
12.11.2025,11:1:49.513,17.672,27.201,19.777,2.992,250.0,250.0,67.958,121.409,11.725,125.895,84.807,52.589,32.218,51.944,304.358,73.602,230.756,246.200,0.000,0.000,0.000,9.0,0.000,
12.11.2025,11:1:50.520,19.032,25.491,18.055,2.984,250.0,250.0,53.899,12.331,11.920,29.605,25.767,15.975,9.792,15.779,5.025,0.600,4.425,4.425,0.000,0.000,0.000,9.0,1.000,
12.11.2025,11:1:51.514,20.391,25.688,18.187,3.039,250.0,250.0,53.665,12.381,12.355,29.456,25.928,16.075,9.853,15.891,4.947,0.590,4.357,4.357,0.000,0.000,0.000,9.0,0.000,
12.11.2025,11:1:52.520,17.672,25.531,18.138,2.992,250.0,250.0,65.115,14.962,13.043,37.386,31.288,19.403,11.885,19.158,6.019,0.602,5.417,5.417,0.000,0.000,0.000,9.0,0.375,
12.11.2025,11:1:53.520,16.313,25.032,17.117,2.979,250.0,250.0,73.362,15.290,13.646,37.747,31.877,19.764,12.113,19.531,6.285,0.629,5.656,5.656,0.000,0.000,0.000,9.0,0.000,
12.11.2025,11:1:54.513,17.672,25.904,18.479,2.989,250.0,250.0,57.743,13.428,14.453,31.200,28.312,17.559,10.753,17.350,5.085,0.596,4.489,4.480,0.000,0.000,0.000,9.0,0.000,
12.11.2025,11:1:55.519,24.469,24.710,17.246,2.982,250.0,250.0,51.439,6.848,7.595,13.157,12.885,7.984,4.901,7.886,4.892,0.586,4.306,4.289,0.000,0.000,0.000,9.0,0.000,
12.11.2025,11:1:56.518,19.032,26.165,17.910,3.038,250.0,250.0,99.488,54.263,12.533,181.603,119.781,74.275,45.506,73.386,12.091,1.027,11.064,11.360,0.002,0.000,0.000,9.0,0.000,
12.11.2025,11:1:57.521,25.829,25.652,17.716,2.949,250.0,250.0,112.349,28.101,11.586,82.079,58.083,36.020,22.063,35.591,12.245,1.027,11.218,11.100,0.000,0.000,1.125,9.0,0.125,
12.11.2025,11:1:58.521,23.110,26.258,18.784,3.026,250.0,250.0,63.814,13.649,11.778,34.182,28.511,17.678,10.833,17.469,5.584,0.608,4.976,4.875,0.000,0.000,0.000,9.0,0.000,
12.11.2025,11:1:59.535,19.032,26.078,18.566,3.018,250.0,250.0,54.215,67.061,7.529,155.325,101.001,62.629,38.372,61.868,89.573,17.338,72.235,64.738,0.000,0.000,0.000,9.0,0.000,
12.11.2025,11:2:0.531,21.750,24.864,17.060,3.011,250.0,250.0,111.108,28.740,12.747,82.383,59.006,36.586,22.420,36.145,13.514,1.119,12.395,11.089,0.003,0.000,0.000,9.0,0.000,
12.11.2025,11:2:1.528,16.313,25.231,17.641,3.065,250.0,250.0,101.009,16.166,12.699,37.719,31.284,19.392,11.892,19.159,12.086,0.986,11.100,5.341,0.000,0.000,0.000,9.0,0.000,
12.11.2025,11:2:2.527,20.391,27.941,20.536,2.977,250.0,250.0,59.363,13.644,12.837,33.282,28.615,17.743,10.872,17.522,5.444,0.596,4.848,4.677,0.000,0.000,0.000,9.0,0.000,
12.11.2025,11:2:3.531,19.032,25.599,18.112,2.994,250.0,250.0,67.342,13.019,12.606,31.527,27.370,16.979,10.391,16.770,5.035,0.598,4.437,4.480,0.000,0.000,0.000,9.0,0.000,
12.11.2025,11:2:4.525,19.032,24.955,17.499,3.015,250.0,250.0,63.611,12.206,12.166,29.039,25.570,15.852,9.718,15.656,4.887,0.589,4.298,4.289,0.000,0.000,0.000,9.0,0.000,
12.11.2025,11:2:5.530,20.391,25.179,17.750,3.003,250.0,250.0,51.772,9.065,6.504,22.790,18.174,11.260,6.914,11.125,4.819,0.573,4.246,4.246,0.000,0.000,0.375,9.0,0.000,
12.11.2025,11:2:6.531,19.032,27.835,19.809,3.060,250.0,250.0,60.838,16.092,12.050,41.310,33.106,20.529,12.577,20.271,7.246,0.661,6.585,6.585,0.002,0.000,0.750,9.0,0.000,
12.11.2025,11:2:7.527,16.313,26.076,18.288,3.011,250.0,250.0,75.077,13.856,12.337,33.450,28.400,17.609,10.791,17.401,6.387,0.586,5.801,5.801,0.000,0.000,0.000,9.0,0.000,
12.11.2025,11:2:8.521,16.313,28.146,20.368,3.304,250.0,250.0,56.452,12.731,12.973,30.123,26.729,16.572,10.157,16.376,4.989,0.587,4.402,4.402,0.000,0.000,0.000,9.0,0.000,
12.11.2025,11:2:9.528,16.313,27.787,20.007,3.245,250.0,250.0,53.087,43.420,8.266,67.889,47.210,29.270,17.940,28.915,90.694,18.043,72.651,53.324,0.000,0.000,0.000,9.0,0.000,
12.11.2025,11:2:10.526,16.313,24.379,16.737,3.024,250.0,250.0,97.875,28.311,12.113,82.332,58.576,36.320,22.256,35.891,12.222,1.040,11.182,11.182,0.003,0.000,0.000,9.0,0.000,
12.11.2025,11:2:11.534,19.032,25.051,17.369,2.969,250.0,250.0,111.525,17.173,11.522,40.765,32.439,20.109,12.330,19.863,11.896,0.985,10.911,10.911,0.000,0.000,0.000,9.0,0.000,
12.11.2025,11:2:12.539,20.391,25.046,17.577,2.999,250.0,250.0,63.509,13.016,11.584,32.155,27.133,16.829,10.304,16.621,5.372,0.585,4.787,4.787,0.000,0.000,0.000,9.0,0.375,
12.11.2025,11:2:13.540,19.032,26.803,19.333,3.008,250.0,250.0,53.936,12.706,11.969,30.885,26.586,16.489,10.097,16.281,5.114,0.591,4.523,4.523,0.000,0.000,0.000,9.0,0.375,
12.11.2025,11:2:14.564,17.672,25.305,17.844,3.021,250.0,250.0,65.162,12.428,12.470,29.655,26.127,16.204,9.923,16.008,4.830,0.592,4.238,4.238,0.000,0.000,0.000,9.0,0.375,
12.11.2025,11:2:15.564,24.469,23.878,16.484,2.979,250.0,250.0,52.692,12.384,13.225,28.728,26.024,16.139,9.885,15.943,4.845,0.641,4.204,4.204,0.000,0.000,0.000,9.0,0.000,
12.11.2025,11:2:16.564,27.188,35.018,27.205,3.275,250.0,250.0,46.266,57.523,9.292,124.018,82.647,51.247,31.400,50.634,86.330,17.648,68.682,53.331,0.000,0.000,0.000,9.0,0.000,
12.11.2025,11:2:17.559,27.188,35.399,26.427,3.295,250.0,250.0,62.175,17.099,14.426,43.369,35.849,22.226,13.623,21.968,6.728,0.672,6.056,6.076,0.002,0.000,0.000,9.0,0.500,
12.11.2025,11:2:18.563,25.829,36.189,28.224,3.337,250.0,250.0,70.788,13.681,13.020,32.314,28.119,17.433,10.686,17.225,6.757,0.691,6.066,4.500,0.000,0.000,0.000,9.0,0.000,
12.11.2025,11:2:19.567,24.469,37.424,29.599,3.305,250.0,250.0,52.750,12.377,11.962,29.971,26.017,16.126,9.891,15.930,4.845,0.667,4.178,4.178,0.000,0.000,0.000,9.0,0.500,
12.11.2025,11:2:20.568,25.829,36.141,28.328,3.290,250.0,250.0,60.593,17.349,11.818,46.744,36.318,22.522,13.796,22.252,6.906,0.675,6.231,6.231,0.002,0.000,0.000,9.0,0.000,
12.11.2025,11:2:21.559,27.188,35.253,26.680,3.226,250.0,250.0,65.216,17.485,12.225,46.875,36.660,22.725,13.935,22.455,6.858,0.656,6.202,6.261,0.000,0.000,0.000,9.0,0.000,
12.11.2025,11:2:22.559,24.469,36.285,28.461,3.281,250.0,250.0,66.452,12.933,12.392,31.411,27.175,16.852,10.323,16.643,5.072,0.651,4.421,4.394,0.000,0.000,0.125,9.0,0.000,
12.11.2025,11:2:23.561,24.469,35.639,27.918,3.251,250.0,250.0,56.659,12.449,12.614,29.616,26.193,16.251,9.942,16.055,4.830,0.660,4.170,4.161,0.000,0.000,0.500,9.0,0.000,
12.11.2025,11:2:24.564,24.469,35.570,27.788,3.276,250.0,250.0,48.945,6.984,6.996,14.426,13.287,8.240,5.047,8.142,4.790,0.646,4.144,4.119,0.000,0.000,0.000,9.0,0.000,
12.11.2025,11:2:25.561,36.704,35.843,27.470,3.291,250.0,250.0,81.756,70.225,13.165,147.346,98.965,61.362,37.603,60.619,135.694,21.790,113.904,11.807,0.002,0.000,0.625,9.0,0.000,
12.11.2025,11:2:26.562,24.469,34.986,26.841,3.297,250.0,250.0,100.912,28.355,12.689,82.120,58.799,36.464,22.335,36.022,12.225,1.125,11.100,10.675,0.000,0.000,0.000,9.0,0.000,
12.11.2025,11:2:27.555,33.985,35.295,27.484,3.290,250.0,250.0,75.546,13.059,11.908,32.252,27.387,16.982,10.405,16.785,5.212,0.675,4.537,4.448,0.000,0.000,0.000,9.0,0.000,
12.11.2025,11:2:28.559,28.547,37.182,29.357,3.292,250.0,250.0,50.668,12.193,11.557,29.737,25.611,15.880,9.731,15.696,4.791,0.655,4.136,4.136,0.000,0.000,0.000,9.0,0.000,
12.11.2025,11:2:29.563,25.829,36.729,28.873,3.333,250.0,250.0,47.551,32.177,11.359,106.324,72.613,45.027,27.586,44.490,5.018,0.687,4.331,4.331,0.000,0.000,0.000,9.0,0.000,
12.11.2025,11:2:30.562,20.391,34.116,25.450,3.274,250.0,250.0,53.333,14.190,12.480,35.445,29.731,18.430,11.301,18.209,5.657,0.667,4.990,4.989,0.000,0.000,0.000,9.0,0.000,
12.11.2025,11:2:31.558,25.829,32.128,24.428,3.230,250.0,250.0,55.487,30.589,12.471,99.153,68.840,42.690,26.150,42.178,5.035,0.696,4.339,4.339,0.000,0.000,0.000,9.0,1.000,
12.11.2025,11:2:32.559,24.469,33.744,25.658,3.148,250.0,250.0,65.157,16.121,12.434,41.993,33.755,20.933,12.822,20.688,6.414,0.653,5.761,5.761,0.000,0.000,1.625,9.0,0.250,
12.11.2025,11:2:33.553,24.469,30.827,23.051,3.262,250.0,250.0,68.952,12.768,11.700,31.463,26.778,16.604,10.174,16.408,5.067,0.653,4.414,4.414,0.000,0.000,0.000,9.0,0.000,
12.11.2025,11:2:34.557,24.469,33.827,26.038,3.269,250.0,250.0,58.599,12.044,11.562,29.230,25.301,15.689,9.612,15.505,4.723,0.629,4.094,4.094,0.000,0.000,0.000,9.0,0.375,
12.11.2025,11:2:35.562,23.110,37.671,29.860,3.277,250.0,250.0,47.968,43.585,6.987,70.776,48.187,29.884,18.303,29.528,84.461,16.769,67.692,63.262,0.000,0.000,0.000,9.0,0.375,
12.11.2025,11:2:36.562,24.469,37.996,29.088,3.313,250.0,250.0,74.986,28.751,12.280,82.935,59.049,36.619,22.430,36.178,13.071,1.194,11.877,11.877,0.002,0.000,0.500,9.0,1.250,
12.11.2025,11:2:37.553,27.188,34.987,26.974,3.274,250.0,250.0,101.167,17.059,12.802,39.464,32.416,20.102,12.314,19.857,11.557,1.034,10.523,10.523,0.000,0.000,0.000,9.0,0.000,
12.11.2025,11:2:38.553,25.829,36.610,28.768,3.343,250.0,250.0,76.349,13.606,13.749,32.658,28.792,17.849,10.943,17.628,5.025,0.637,4.388,4.388,0.000,0.000,0.000,9.0,0.000,
12.11.2025,11:2:39.562,24.469,35.345,27.525,3.304,250.0,250.0,61.471,19.802,14.676,53.021,41.999,26.041,15.958,25.722,7.116,0.744,6.372,6.372,0.000,0.000,0.000,9.0,0.000,
12.11.2025,11:2:40.566,20.391,36.616,28.034,3.212,250.0,250.0,73.651,19.052,13.953,50.990,40.281,24.978,15.303,24.672,6.994,0.642,6.352,6.352,0.000,0.000,0.000,9.0,0.000,
12.11.2025,11:2:41.566,14.953,24.181,16.744,3.018,250.0,250.0,73.651,19.052,13.953,50.990,40.281,24.978,15.303,24.672,6.994,0.642,6.352,6.352,0.000,0.000,0.000,9.0,0.500,
12.11.2025,11:2:42.554,17.672,25.885,18.425,2.984,250.0,250.0,59.342,12.183,12.421,28.992,25.687,15.935,9.752,15.739,4.624,0.565,4.059,4.059,0.000,0.000,0.000,9.0,0.000,
12.11.2025,11:2:43.557,13.594,24.272,16.880,2.978,250.0,250.0,41.422,11.579,11.535,27.658,24.309,15.081,9.228,14.897,4.515,0.464,4.051,4.051,0.000,0.000,0.000,9.0,0.000,
12.11.2025,11:2:44.556,9.516,11.790,2.972,2.746,250.0,250.0,34.517,4.767,5.563,7.679,8.215,5.096,3.119,5.035,4.480,0.463,4.017,4.008,0.002,0.000,0.000,9.0,0.000,
12.11.2025,11:2:45.554,14.953,12.259,2.998,2.700,250.0,250.0,19.548,4.838,5.980,7.534,8.395,5.199,3.196,5.137,4.471,0.463,4.008,4.000,0.000,0.000,0.000,9.0,0.000,
12.11.2025,11:2:46.569,9.516,13.718,4.840,2.745,250.0,250.0,14.160,4.921,6.324,7.536,8.600,5.332,3.268,5.270,4.451,0.460,3.991,3.982,0.000,0.000,0.000,9.0,0.000,
12.11.2025,11:2:47.564,16.313,11.546,2.636,2.718,250.0,250.0,14.333,4.872,6.556,7.131,8.490,5.271,3.219,5.209,4.435,0.461,3.974,3.974,0.000,0.000,0.000,9.0,0.000,
12.11.2025,11:2:48.558,16.313,12.314,3.387,2.734,250.0,250.0,14.326,4.842,6.690,6.896,8.422,5.230,3.192,5.169,4.424,0.458,3.966,3.974,0.000,0.000,0.000,9.0,0.000,
12.11.2025,11:2:49.561,10.875,13.141,4.220,2.757,250.0,250.0,14.257,3.808,2.954,6.703,5.988,3.714,2.274,3.677,4.408,0.458,3.950,3.958,0.000,0.000,0.000,9.0,0.000,
12.11.2025,11:2:50.561,14.953,12.035,3.133,2.726,250.0,250.0,10.822,3.939,2.929,7.229,6.305,3.909,2.396,3.860,4.408,0.458,3.950,3.950,0.000,0.000,0.000,9.0,0.000,
12.11.2025,11:2:51.557,16.313,12.004,3.120,2.725,250.0,250.0,11.101,3.998,2.856,7.525,6.445,3.997,2.448,3.948,4.408,0.458,3.950,3.950,0.000,0.000,0.000,9.0,0.000,
12.11.2025,11:2:52.561,10.875,12.600,3.739,2.732,250.0,250.0,10.976,4.229,2.794,8.483,6.993,4.339,2.654,4.290,4.396,0.455,3.941,3.941,0.000,0.000,0.000,9.0,0.000,
12.11.2025,11:2:53.556,10.875,11.906,2.935,2.760,250.0,250.0,10.810,4.573,3.003,9.587,7.809,4.845,2.964,4.783,4.399,0.458,3.941,3.941,0.000,0.000,0.000,9.0,0.000,
12.11.2025,11:2:54.566,16.313,12.580,3.699,2.748,250.0,250.0,10.805,4.278,2.880,8.586,7.114,4.411,2.703,4.349,4.399,0.458,3.941,3.941,0.001,0.000,0.000,9.0,0.000,
12.11.2025,11:2:55.560,17.672,12.287,3.449,2.689,250.0,250.0,10.631,4.545,3.052,9.433,7.742,4.805,2.937,4.744,4.398,0.457,3.941,3.941,0.000,0.000,0.000,9.0,0.000,
12.11.2025,11:2:56.562,31.266,16.397,7.386,2.832,250.0,250.0,10.788,41.461,3.795,79.081,51.358,31.850,19.508,31.458,73.283,13.639,59.644,50.995,0.001,0.000,0.000,9.0,0.000,
12.11.2025,11:2:57.554,17.672,30.372,22.377,3.250,250.0,250.0,326.440,158.658,9.339,380.591,240.744,149.285,91.459,147.487,236.732,70.418,166.314,94.210,0.000,0.000,0.000,9.0,0.000,
12.11.2025,11:2:58.554,17.672,27.258,19.675,3.117,250.0,250.0,219.260,26.992,8.914,81.201,55.896,34.652,21.244,34.235,11.579,0.962,10.617,10.617,0.000,0.000,0.000,9.0,0.000,
12.11.2025,11:2:59.556,19.032,26.575,19.134,3.012,250.0,250.0,98.901,26.873,8.978,80.833,55.700,34.537,21.163,34.132,11.451,0.964,10.487,10.487,0.000,0.000,0.000,9.0,0.000,
12.11.2025,11:3:0.568,17.672,28.615,21.051,3.069,250.0,250.0,62.504,12.225,8.826,32.313,25.520,15.823,9.697,15.627,5.002,0.561,4.441,4.441,0.000,0.000,0.000,9.0,0.000,
12.11.2025,11:3:1.556,24.469,25.635,18.212,3.006,250.0,250.0,62.512,11.580,8.840,30.154,24.191,15.006,9.185,14.822,4.724,0.571,4.153,4.153,0.000,0.000,0.000,9.0,0.250,
12.11.2025,11:3:2.555,28.547,23.176,15.737,3.000,250.0,250.0,48.506,11.364,8.863,29.413,23.736,14.716,9.020,14.544,4.636,0.559,4.077,4.077,0.000,0.000,0.000,9.0,0.000,
12.11.2025,11:3:3.558,19.032,25.592,18.132,2.988,250.0,250.0,47.824,122.075,8.999,137.703,90.442,56.080,34.362,55.410,282.486,62.325,220.161,272.778,0.000,0.000,0.000,9.0,0.875,
12.11.2025,11:3:4.560,20.391,27.687,20.208,3.030,250.0,250.0,59.790,10.965,8.852,27.742,22.703,14.083,8.620,13.911,4.830,0.584,4.246,4.077,0.000,0.000,1.125,9.0,0.000,
12.11.2025,11:3:5.559,29.907,26.896,18.592,3.010,250.0,250.0,55.934,5.510,3.187,12.757,9.891,6.131,3.760,6.058,4.630,0.562,4.068,4.059,0.002,0.000,0.000,9.0,0.000,
12.11.2025,11:3:6.560,21.750,25.960,17.157,3.020,250.0,250.0,61.933,26.675,8.864,80.275,55.294,34.283,21.011,33.866,11.381,0.988,10.393,10.393,0.000,0.000,0.000,9.0,0.000,
12.11.2025,11:3:7.559,19.032,26.117,18.634,3.056,250.0,250.0,98.510,26.709,8.889,80.317,55.337,34.311,21.026,33.894,11.426,0.962,10.463,10.463,0.000,0.000,0.000,9.0,0.000,
12.11.2025,11:3:8.558,29.907,25.424,17.916,3.030,250.0,250.0,92.654,13.140,8.819,34.716,27.006,16.748,10.258,16.540,6.204,0.636,5.568,4.900,0.000,0.000,0.500,9.0,0.000,
12.11.2025,11:3:9.553,19.032,33.276,25.265,3.483,250.0,250.0,62.350,11.792,8.809,30.650,24.475,15.176,9.299,14.992,5.058,0.565,4.493,4.405,0.000,0.000,0.000,9.0,0.375,
12.11.2025,11:3:10.561,12.235,24.782,17.207,3.004,250.0,250.0,50.138,11.085,8.814,28.363,23.063,14.300,8.763,14.128,4.663,0.561,4.102,4.094,0.002,0.000,0.000,9.0,0.000,
12.11.2025,11:3:11.560,17.672,24.548,16.412,2.957,250.0,250.0,74.875,26.830,9.002,80.671,55.620,34.484,21.136,34.067,11.431,0.968,10.463,10.463,0.000,0.000,0.000,9.0,0.000,
12.11.2025,11:3:12.558,21.750,25.652,18.206,2.997,250.0,250.0,98.142,27.022,8.947,81.326,55.984,34.718,21.266,34.301,11.520,0.974,10.546,10.640,0.000,0.000,0.000,9.0,0.000,
12.11.2025,11:3:13.555,16.313,24.286,16.867,2.990,250.0,250.0,83.837,12.234,8.813,32.014,25.320,15.698,9.622,15.514,5.310,0.567,4.743,4.743,0.000,0.000,0.000,9.0,0.000,
12.11.2025,11:3:14.557,24.469,24.340,16.892,3.027,250.0,250.0,51.329,11.486,8.838,29.593,23.834,14.776,9.058,14.604,4.910,0.575,4.335,4.335,0.000,0.000,0.000,9.0,0.000,
12.11.2025,11:3:15.558,23.110,24.908,17.039,2.959,250.0,250.0,48.974,31.156,8.290,104.961,70.178,43.521,26.657,42.994,5.199,0.638,4.561,4.561,0.000,0.000,0.000,9.0,0.000,
12.11.2025,11:3:16.556,16.313,27.348,19.844,3.048,250.0,250.0,107.517,26.830,8.990,80.463,55.486,34.398,21.088,33.981,11.625,0.985,10.640,10.640,0.000,0.000,0.000,9.0,0.000,
12.11.2025,11:3:17.556,16.313,23.098,15.617,3.016,250.0,250.0,107.892,13.276,8.861,35.484,27.502,17.054,10.448,16.858,5.712,0.581,5.131,5.131,0.000,0.000,0.000,9.0,1.125,
12.11.2025,11:3:18.557,17.672,27.434,19.920,3.097,250.0,250.0,54.929,86.144,8.973,144.807,94.837,58.809,36.028,58.090,227.689,50.711,176.978,4.519,0.000,0.000,0.000,9.0,0.000,
12.11.2025,11:3:19.556,17.672,24.204,16.738,3.009,250.0,250.0,50.274,11.364,8.825,29.136,23.551,14.604,8.947,14.420,4.910,0.576,4.334,4.334,0.000,0.000,0.000,9.0,0.000,
12.11.2025,11:3:20.557,19.032,24.234,16.746,3.013,250.0,250.0,60.645,10.917,8.815,27.650,22.624,14.031,8.593,13.860,4.728,0.575,4.153,4.136,0.000,0.000,0.000,9.0,0.000,
12.11.2025,11:3:21.555,17.672,25.375,17.957,3.013,250.0,250.0,47.201,40.946,8.951,142.649,93.450,57.949,35.501,57.255,4.711,0.575,4.136,4.281,0.000,0.000,0.375,9.0,0.000,
12.11.2025,11:3:22.559,16.313,25.794,16.643,3.002,250.0,250.0,41.811,18.576,4.345,60.918,40.425,25.067,15.358,24.773,5.030,0.698,4.332,4.814,0.002,0.000,0.000,9.0,0.000,
12.11.2025,11:3:23.558,17.672,25.116,17.637,2.993,250.0,250.0,89.342,26.914,8.939,80.699,55.594,34.470,21.124,34.066,11.788,0.994,10.794,10.675,0.000,0.000,0.500,9.0,0.000,
12.11.2025,11:3:24.559,17.672,24.640,17.197,3.010,250.0,250.0,107.395,14.445,8.842,35.467,27.488,17.045,10.443,16.837,11.671,0.972,10.699,4.989,0.000,0.000,0.000,9.0,0.000,
12.11.2025,11:3:25.557,14.953,24.633,17.168,3.024,250.0,250.0,64.456,42.026,8.959,146.189,95.637,59.302,36.335,58.595,5.251,0.667,4.584,4.745,0.000,0.000,0.000,9.0,0.000,
12.11.2025,11:3:26.559,20.391,27.859,20.309,3.081,250.0,250.0,51.104,11.409,8.836,29.281,23.651,14.667,8.984,14.482,5.004,0.585,4.419,4.186,0.000,0.000,0.000,9.0,0.000,
12.11.2025,11:3:27.558,19.032,25.748,18.213,3.047,250.0,250.0,60.496,11.181,8.838,28.619,23.228,14.406,8.822,14.234,4.748,0.570,4.178,4.170,0.000,0.000,0.000,9.0,0.000,
12.11.2025,11:3:28.555,16.313,25.260,17.331,3.038,250.0,250.0,65.199,27.036,8.920,81.292,55.949,34.698,21.251,34.281,11.648,0.973,10.675,10.675,0.000,0.000,0.000,9.0,0.000,
12.11.2025,11:3:29.554,16.313,25.260,17.331,3.038,250.0,250.0,99.635,27.387,8.866,82.526,56.689,35.147,21.542,34.730,11.728,1.005,10.723,10.911,0.000,0.000,0.000,9.0,0.000,
12.11.2025,11:3:30.568,24.469,24.498,16.979,3.051,250.0,250.0,82.291,12.911,8.811,34.457,26.846,16.645,10.201,16.436,5.447,0.578,4.869,4.824,0.000,0.000,0.125,9.0,0.000,
12.11.2025,11:3:31.559,17.672,24.057,16.632,3.006,250.0,250.0,62.759,11.940,8.835,31.220,24.849,15.400,9.449,15.216,5.005,0.575,4.430,4.421,0.000,0.000,0.000,9.0,0.000,
12.11.2025,11:3:32.556,21.750,24.716,17.269,2.983,250.0,250.0,50.494,41.606,8.946,145.088,94.939,58.863,36.076,58.157,4.826,0.639,4.187,4.339,0.000,0.000,0.000,9.0,0.375,
12.11.2025,11:3:33.556,17.672,25.632,18.202,3.003,250.0,250.0,48.718,11.142,8.837,28.359,23.070,14.308,8.762,14.136,4.875,0.594,4.281,4.204,0.000,0.000,0.000,9.0,0.000,
12.11.2025,11:3:34.559,16.313,22.552,15.130,2.981,250.0,250.0,60.191,5.307,3.248,11.769,9.310,5.773,3.537,5.712,4.771,0.567,4.204,4.178,0.000,0.000,0.000,9.0,0.000,
12.11.2025,11:3:35.561,17.672,24.264,16.176,3.020,250.0,250.0,60.641,27.035,8.965,81.130,55.875,34.654,21.221,34.237,11.756,0.999,10.758,10.758,0.002,0.000,0.000,9.0,0.000,
12.11.2025,11:3:36.559,19.032,24.172,16.036,2.968,250.0,250.0,99.425,27.352,8.876,82.063,56.407,34.980,21.427,34.551,12.074,1.010,11.064,11.064,0.000,0.000,0.125,9.0,0.000,
12.11.2025,11:3:37.558,17.672,27.894,20.379,3.058,250.0,250.0,82.787,12.818,8.810,34.097,26.618,16.506,10.112,16.297,5.441,0.581,4.860,4.860,0.000,0.000,0.000,9.0,0.000,
12.11.2025,11:3:38.568,17.672,24.309,16.837,3.046,250.0,250.0,63.591,9.064,4.508,24.566,18.033,11.183,6.850,11.048,5.006,0.568,4.438,4.438,0.000,0.000,0.000,9.0,0.000,
12.11.2025,11:3:39.568,17.672,24.938,17.273,3.024,250.0,250.0,68.808,27.230,8.965,81.805,56.293,34.912,21.381,34.495,11.818,1.001,10.817,10.817,0.002,0.000,0.000,9.0,0.000,
12.11.2025,11:3:40.562,17.672,27.401,19.325,2.946,250.0,250.0,99.777,27.385,8.998,82.113,56.502,35.039,21.463,34.622,12.041,1.012,11.029,11.029,0.000,0.000,0.000,9.0,0.000,
12.11.2025,11:3:41.566,20.391,24.941,17.494,2.979,250.0,250.0,82.733,12.822,8.813,34.081,26.603,16.499,10.104,16.303,5.467,0.581,4.886,4.886,0.000,0.000,0.000,9.0,0.000,
12.11.2025,11:3:42.556,17.672,23.446,16.050,2.986,250.0,250.0,63.760,11.680,8.787,30.226,24.206,15.012,9.194,14.828,5.039,0.566,4.473,4.473,0.000,0.000,0.000,9.0,0.375,
12.11.2025,11:3:43.558,14.953,25.321,17.861,2.985,250.0,250.0,50.994,79.436,4.375,176.449,111.972,69.435,42.537,68.603,122.293,21.508,100.785,76.400,0.000,0.000,0.000,9.0,0.000,
12.11.2025,11:3:44.557,16.313,24.006,15.887,2.967,250.0,250.0,75.882,27.159,8.912,81.352,55.992,34.712,21.280,34.295,12.020,1.014,11.006,11.006,0.002,0.000,0.000,9.0,0.000,
12.11.2025,11:3:45.556,14.953,24.639,17.079,2.971,250.0,250.0,105.283,16.022,8.844,39.018,29.683,18.406,11.277,18.186,11.927,0.981,10.947,10.947,0.000,0.000,0.000,9.0,0.375,
12.11.2025,11:3:46.558,13.594,26.227,18.744,2.985,250.0,250.0,77.851,12.110,8.835,31.701,25.144,15.584,9.560,15.400,5.152,0.581,4.571,4.571,0.000,0.000,0.000,9.0,0.750,
12.11.2025,11:3:47.553,28.547,23.243,15.861,2.905,250.0,250.0,52.143,11.337,8.834,29.103,23.531,14.587,8.944,14.415,4.848,0.585,4.263,4.263,0.000,0.000,0.000,9.0,0.000,
12.11.2025,11:3:48.565,23.110,26.757,19.311,3.020,250.0,250.0,49.233,11.447,8.885,29.371,23.737,14.716,9.021,14.532,4.932,0.584,4.348,4.348,0.000,0.000,0.000,9.0,0.000,
12.11.2025,11:3:49.553,19.032,24.784,17.282,3.029,250.0,250.0,44.142,20.570,8.933,60.583,43.120,26.730,16.390,26.411,8.168,0.923,7.245,7.194,0.000,0.000,0.000,9.0,0.000,
12.11.2025,11:3:50.567,27.188,28.365,19.470,3.097,250.0,250.0,76.630,20.591,8.935,60.696,43.180,26.779,16.401,26.460,8.126,0.912,7.214,7.205,0.000,0.000,0.000,9.0,0.000,
12.11.2025,11:3:51.557,24.469,35.200,27.385,3.255,250.0,250.0,67.860,45.685,8.916,106.639,71.155,44.122,27.033,43.587,75.138,11.260,63.878,5.118,0.000,0.000,0.000,9.0,0.375,
12.11.2025,11:3:52.561,24.469,34.442,26.652,3.291,250.0,250.0,60.070,16.598,4.358,53.577,35.765,22.182,13.583,21.913,5.115,0.687,4.428,4.374,0.000,0.000,0.000,9.0,0.000,
12.11.2025,11:3:53.561,23.110,34.198,25.646,3.251,250.0,250.0,85.367,24.229,8.999,72.675,50.650,31.416,19.234,31.036,9.819,1.123,8.695,8.640,0.002,0.000,0.000,9.0,0.000,
12.11.2025,11:3:54.564,27.188,34.423,26.557,3.290,250.0,250.0,81.456,13.906,8.833,34.956,27.161,16.839,10.322,16.643,9.678,1.059,8.619,4.949,0.000,0.000,0.000,9.0,0.000,
12.11.2025,11:3:55.555,32.625,36.332,28.510,3.311,250.0,250.0,52.203,56.010,8.909,68.362,47.645,29.545,18.100,29.179,101.291,32.161,69.130,155.776,0.000,0.000,1.125,9.0,1.125,
12.11.2025,11:3:56.567,24.469,37.947,30.086,3.333,250.0,250.0,50.204,11.672,8.824,29.993,24.080,14.936,9.144,14.752,5.347,0.709,4.638,4.298,0.000,0.000,0.000,9.0,0.000,
12.11.2025,11:3:57.555,21.750,35.545,27.683,3.300,250.0,250.0,60.737,22.261,8.928,69.016,48.344,29.981,18.363,29.613,5.123,0.733,4.390,8.121,0.000,0.000,0.875,9.0,0.000,
12.11.2025,11:3:58.559,25.829,35.698,26.961,3.300,250.0,250.0,84.184,23.018,8.905,68.757,48.175,29.871,18.304,29.503,9.253,1.069,8.184,8.163,0.000,0.000,0.000,9.0,0.500,
12.11.2025,11:3:59.558,20.391,35.536,27.699,3.334,250.0,250.0,71.464,12.669,8.834,33.360,26.179,16.225,9.954,16.029,5.621,0.663,4.958,4.866,0.000,0.000,0.000,9.0,0.000,
12.11.2025,11:4:0.558,24.469,34.039,26.197,3.334,250.0,250.0,55.694,11.815,8.799,30.581,24.435,15.145,9.290,14.961,5.224,0.690,4.534,4.489,0.000,0.000,1.250,9.0,0.000,
12.11.2025,11:4:1.562,25.829,37.217,29.269,3.358,250.0,250.0,67.186,19.919,8.913,58.412,41.758,25.892,15.866,25.585,7.901,0.899,7.002,6.962,0.000,0.000,0.000,9.0,0.000,
12.11.2025,11:4:2.566,24.469,34.357,26.514,3.366,250.0,250.0,73.945,19.891,8.937,58.333,41.723,25.868,15.855,25.561,7.841,0.890,6.951,6.951,0.000,0.000,0.000,9.0,0.250,
12.11.2025,11:4:3.566,24.469,36.495,28.565,3.327,250.0,250.0,67.774,12.805,8.836,33.936,26.536,16.455,10.081,16.258,5.612,0.692,4.920,4.721,0.000,0.000,0.000,9.0,0.000,
12.11.2025,11:4:4.554,28.547,35.880,28.069,3.323,250.0,250.0,54.647,12.031,8.813,31.400,24.949,15.470,9.479,15.286,5.212,0.669,4.543,4.489,0.000,0.000,0.000,9.0,0.875,
12.11.2025,11:4:5.568,24.469,35.245,27.380,3.334,250.0,250.0,58.446,26.171,8.919,82.546,56.728,35.173,21.555,34.756,5.504,0.757,4.747,11.029,0.000,0.000,0.625,9.0,0.000,
12.11.2025,11:4:6.554,23.110,35.573,26.478,3.305,250.0,250.0,98.075,27.490,8.941,82.404,56.657,35.130,21.527,34.700,12.222,1.121,11.100,11.100,0.000,0.000,0.000,9.0,0.000,
12.11.2025,11:4:7.557,29.907,35.672,27.838,3.312,250.0,250.0,80.723,12.925,8.805,34.271,26.721,16.562,10.159,16.366,5.684,0.690,4.994,4.994,0.000,0.000,0.500,9.0,0.000,
12.11.2025,11:4:8.560,25.829,35.094,27.167,3.367,250.0,250.0,54.105,30.778,8.314,103.513,68.933,42.744,26.189,42.220,5.530,0.720,4.810,4.810,0.000,0.000,0.000,9.0,0.000,
12.11.2025,11:4:9.560,35.344,35.279,27.060,3.274,250.0,250.0,65.702,14.740,8.989,40.051,30.429,18.866,11.563,18.633,6.520,0.695,5.825,5.825,0.000,0.000,0.000,9.0,0.000,
12.11.2025,11:4:10.561,28.547,39.545,31.470,3.515,250.0,250.0,54.672,11.538,8.898,29.633,23.900,14.816,9.084,14.644,5.028,0.680,4.348,4.348,0.000,0.000,0.500,9.0,0.000,
12.11.2025,11:4:11.562,27.188,37.767,29.691,3.493,250.0,250.0,45.983,11.377,8.872,29.072,23.536,14.591,8.945,14.419,5.002,0.671,4.331,4.331,0.000,0.000,0.000,9.0,0.000,
12.11.2025,11:4:12.567,23.110,37.525,29.768,3.274,250.0,250.0,52.995,11.239,8.823,28.380,23.084,14.309,8.775,14.137,5.193,0.701,4.492,4.492,0.000,0.000,0.000,9.0,0.000,
12.11.2025,11:4:13.566,23.110,37.023,29.194,3.302,250.0,250.0,50.954,11.267,8.809,28.723,23.293,14.444,8.849,14.260,4.982,0.644,4.338,4.331,0.000,0.000,0.000,9.0,0.000,
12.11.2025,11:4:14.568,16.313,33.421,25.582,3.314,250.0,250.0,328.615,178.874,9.240,385.086,243.430,150.948,92.482,149.116,186.504,43.415,143.089,385.428,0.000,0.000,2.500,9.0,0.000,
12.11.2025,11:4:15.562,12.235,35.388,27.518,3.348,250.0,250.0,171.187,27.314,8.930,81.465,56.068,34.769,21.299,34.352,12.431,1.037,11.394,11.394,0.000,0.000,0.000,9.0,0.000,
12.11.2025,11:4:16.565,19.032,27.349,19.697,3.117,250.0,250.0,108.484,16.884,8.838,41.583,31.271,19.395,11.876,19.162,12.582,1.034,11.548,11.548,0.000,0.000,0.000,9.0,0.000,
12.11.2025,11:4:17.561,24.469,24.665,17.124,3.084,250.0,250.0,57.108,12.896,8.858,34.098,26.647,16.521,10.126,16.324,5.700,0.600,5.100,4.991,0.000,0.000,0.000,9.0,0.000,
12.11.2025,11:4:18.554,13.594,27.744,20.181,3.129,250.0,250.0,53.331,12.211,8.819,32.037,25.346,15.715,9.631,15.519,5.241,0.595,4.646,4.566,0.000,0.000,0.500,9.0,0.000,
12.11.2025,11:4:19.564,23.110,26.293,18.801,3.054,250.0,250.0,49.038,11.772,8.825,30.415,24.336,15.095,9.241,14.911,5.223,0.815,4.408,4.450,0.000,0.000,0.000,9.0,0.000,
12.11.2025,11:4:20.559,16.313,26.358,18.810,3.101,250.0,250.0,59.612,11.309,8.802,28.819,23.335,14.472,8.863,14.300,5.048,0.598,4.450,4.408,0.000,0.000,0.000,9.0,0.000,
12.11.2025,11:4:21.567,21.750,25.085,17.524,3.050,250.0,250.0,49.394,11.071,8.788,27.952,22.789,14.137,8.652,13.965,5.015,0.607,4.408,4.399,0.000,0.000,0.000,9.0,0.000,
12.11.2025,11:4:22.553,19.032,26.428,18.928,3.073,250.0,250.0,42.916,29.461,4.335,50.038,33.706,20.901,12.805,20.656,48.208,8.735,39.473,55.749,0.000,0.000,0.000,9.0,0.000,
12.11.2025,11:4:23.558,19.032,26.986,18.202,3.046,250.0,250.0,84.228,27.747,8.939,83.135,57.112,35.413,21.699,34.984,12.369,1.093,11.276,11.453,0.002,0.000,0.000,9.0,0.000,
12.11.2025,11:4:24.558,17.672,26.037,18.143,2.987,250.0,250.0,110.254,27.442,8.989,81.893,56.367,34.949,21.418,34.532,12.458,1.041,11.417,11.360,0.000,0.000,0.000,9.0,0.000,
12.11.2025,11:4:25.562,17.672,25.609,18.182,3.012,250.0,250.0,67.091,12.327,8.812,32.245,25.471,15.798,9.673,15.602,5.457,0.614,4.843,4.754,0.000,0.000,0.000,9.0,0.000,
12.11.2025,11:4:26.559,17.672,26.370,18.760,3.084,250.0,250.0,51.854,11.770,8.800,30.561,24.414,15.147,9.267,14.962,5.033,0.608,4.425,4.484,0.000,0.000,0.000,9.0,0.500,
12.11.2025,11:4:27.558,19.032,24.715,17.172,3.061,250.0,250.0,59.707,11.574,8.800,29.810,23.955,14.849,9.106,14.665,5.063,0.604,4.459,4.425,0.000,0.000,0.000,9.0,0.000,
12.11.2025,11:4:28.557,17.672,25.540,18.028,3.056,250.0,250.0,48.679,11.155,8.802,28.239,22.979,14.252,8.727,14.080,5.026,0.601,4.425,4.416,0.000,0.000,0.000,9.0,0.000,
12.11.2025,11:4:29.556,17.672,25.688,18.124,3.091,250.0,250.0,61.636,15.402,8.929,42.025,31.601,19.594,12.007,19.361,7.058,0.668,6.390,6.390,0.002,0.000,0.000,9.0,0.000,
12.11.2025,11:4:30.554,17.672,23.524,15.636,3.050,250.0,250.0,69.417,12.785,8.825,32.930,25.908,16.060,9.848,15.864,6.336,0.596,5.740,5.740,0.000,0.000,0.000,9.0,0.000,
12.11.2025,11:4:31.569,16.313,24.198,16.694,3.017,250.0,250.0,62.661,11.527,8.800,29.650,23.845,14.788,9.057,14.616,5.038,0.596,4.442,4.442,0.000,0.000,0.000,9.0,0.000,
12.11.2025,11:4:32.585,16.313,24.836,17.400,3.021,250.0,250.0,48.759,38.861,8.953,134.302,88.369,54.798,33.571,54.127,5.035,0.619,4.416,4.416,0.000,0.000,0.000,9.0,0.000,
12.11.2025,11:4:33.611,17.672,25.966,18.441,3.039,250.0,250.0,61.706,11.265,8.863,28.562,23.214,14.400,8.814,14.228,5.057,0.598,4.459,4.459,0.000,0.000,0.000,9.0,0.000,
12.11.2025,11:4:34.610,21.750,24.617,17.152,3.042,250.0,250.0,59.445,8.786,4.546,23.455,17.363,10.769,6.594,10.646,5.027,0.593,4.434,4.434,0.000,0.000,0.000,9.0,0.375,
12.11.2025,11:4:35.609,16.313,26.864,19.221,3.026,250.0,250.0,61.455,16.562,8.898,46.260,34.207,21.209,12.998,20.963,7.236,0.624,6.612,6.612,0.002,0.000,0.000,9.0,0.000,
12.11.2025,11:4:36.606,16.313,27.208,18.989,3.066,250.0,250.0,65.691,17.153,8.889,48.150,35.390,21.944,13.446,21.673,7.563,0.649,6.914,6.914,0.000,0.000,0.000,9.0,0.000,
12.11.2025,11:4:37.607,19.032,25.571,18.095,3.036,250.0,250.0,68.184,12.388,8.802,32.512,25.624,15.888,9.736,15.704,5.414,0.627,4.787,4.787,0.000,0.000,0.000,9.0,0.000,
12.11.2025,11:4:38.607,27.188,23.930,16.403,3.046,250.0,250.0,60.798,11.372,8.813,29.026,23.470,14.558,8.912,14.386,5.051,0.601,4.450,4.450,0.000,0.000,0.000,9.0,0.000,
12.11.2025,11:4:39.605,35.344,26.346,18.786,3.093,250.0,250.0,80.166,51.674,9.056,174.667,113.355,70.287,43.068,69.446,12.473,1.056,11.417,11.913,0.000,0.000,0.000,9.0,0.000,
12.11.2025,11:4:40.603,25.829,23.575,15.645,3.033,250.0,250.0,99.460,27.609,8.893,82.369,56.601,35.096,21.505,34.679,12.729,1.064,11.665,11.489,0.000,0.000,0.000,9.0,0.000,
12.11.2025,11:4:41.609,28.547,25.674,18.221,3.039,250.0,250.0,85.633,13.071,8.847,34.693,27.013,16.748,10.265,16.551,5.770,0.616,5.154,5.053,0.000,0.000,0.000,9.0,0.000,
12.11.2025,11:4:42.607,28.547,25.029,17.514,3.039,250.0,250.0,52.767,13.071,8.924,148.020,96.737,59.987,36.750,59.268,5.321,0.614,4.707,4.909,0.000,0.000,0.000,9.0,0.000,
12.11.2025,11:4:43.603,16.313,24.816,17.328,3.025,250.0,250.0,52.767,42.524,8.924,148.020,96.737,59.987,36.750,59.268,5.321,0.614,4.707,4.909,0.003,0.000,0.000,9.0,0.000,
12.11.2025,11:4:44.607,20.391,26.718,19.190,3.077,250.0,250.0,51.831,15.179,8.823,42.248,31.676,19.636,12.040,19.403,5.400,0.807,4.593,7.162,0.000,0.000,0.000,9.0,0.375,
12.11.2025,11:4:45.602,17.672,25.237,17.763,3.045,250.0,250.0,79.604,20.043,8.888,58.703,41.932,26.003,15.929,25.684,8.041,0.808,7.233,7.213,0.000,0.000,0.000,9.0,0.000,
12.11.2025,11:4:46.613,16.313,27.072,19.500,3.101,250.0,250.0,77.760,61.477,9.038,165.080,107.362,66.568,40.794,65.764,76.043,21.148,54.895,8.076,0.000,0.000,0.000,9.0,0.000,
12.11.2025,11:4:47.610,17.672,26.229,18.784,3.018,250.0,250.0,72.983,13.127,8.811,34.838,27.083,16.795,10.288,16.586,5.892,0.636,5.256,5.088,0.000,0.000,0.000,9.0,0.000,
12.11.2025,11:4:48.609,21.750,24.606,17.075,3.017,250.0,250.0,64.330,12.339,8.822,32.401,25.573,15.854,9.719,15.658,5.355,0.614,4.741,4.652,0.002,0.000,0.000,9.0,0.000,
12.11.2025,11:4:49.609,20.391,26.418,18.079,3.075,250.0,250.0,66.360,26.691,8.888,79.852,55.038,34.124,20.914,33.720,11.807,1.049,10.758,10.758,0.000,0.000,0.375,9.0,0.000,
12.11.2025,11:4:50.611,16.313,26.437,18.972,3.011,250.0,250.0,107.484,27.106,8.861,80.980,55.724,34.545,21.179,34.128,12.239,1.079,11.160,11.160,0.000,0.000,0.000,9.0,0.000,
12.11.2025,11:4:51.611,28.547,25.154,17.719,2.969,250.0,250.0,64.363,13.506,8.783,36.330,27.986,17.356,10.630,17.147,5.813,0.614,5.199,5.199,0.000,0.000,0.000,9.0,0.875,
12.11.2025,11:4:52.613,17.672,26.239,18.781,2.981,250.0,250.0,53.353,12.616,8.788,33.451,26.201,16.256,9.945,16.059,5.361,0.620,4.741,4.741,0.000,0.000,0.000,9.0,0.000,
12.11.2025,11:4:53.612,16.313,25.534,17.495,2.989,250.0,250.0,59.995,57.703,4.369,132.552,84.910,52.653,32.257,52.016,86.111,17.624,68.487,46.049,0.002,0.000,0.000,9.0,0.000,
12.11.2025,11:4:54.608,19.032,23.441,15.772,2.972,250.0,250.0,110.337,28.228,8.991,84.346,57.884,35.891,21.993,35.462,12.930,1.076,11.854,11.854,0.000,0.000,0.000,9.0,0.000,
12.11.2025,11:4:55.608,14.953,25.921,18.477,2.959,250.0,250.0,98.547,17.130,8.830,42.439,31.793,19.719,12.074,19.485,12.667,1.038,11.629,11.629,0.000,0.000,0.000,9.0,0.000,
12.11.2025,11:4:56.604,19.032,26.410,18.905,3.029,250.0,250.0,56.246,13.296,8.880,35.538,27.548,17.081,10.467,16.872,5.730,0.616,5.114,5.114,0.000,0.000,0.000,9.0,0.000,
12.11.2025,11:4:57.605,23.110,25.566,18.157,2.992,250.0,250.0,64.517,12.708,8.834,33.696,26.380,16.363,10.017,16.167,5.416,0.626,4.790,4.790,0.000,0.000,0.000,9.0,0.000,
12.11.2025,11:4:58.603,23.110,25.867,18.418,3.012,250.0,250.0,50.872,12.101,8.823,31.703,25.138,15.589,9.549,15.405,5.142,0.616,4.526,4.518,0.000,0.000,0.000,9.0,0.500,
12.11.2025,11:4:59.615,24.469,25.638,17.329,2.980,250.0,250.0,79.917,27.750,8.897,82.920,56.952,35.310,21.642,34.881,12.647,1.063,11.584,11.606,0.000,0.000,0.000,9.0,0.000,
12.11.2025,11:5:0.612,20.391,28.926,21.397,3.069,250.0,250.0,111.992,28.611,8.933,86.065,58.929,36.533,22.396,36.091,12.672,1.066,11.606,11.819,0.000,0.000,0.000,9.0,0.000,
12.11.2025,11:5:1.605,17.672,24.784,17.295,3.034,250.0,250.0,83.215,13.608,8.820,36.539,28.136,17.448,10.688,17.227,5.996,0.623,5.373,5.234,0.003,0.000,0.000,9.0,0.000,
12.11.2025,11:5:2.614,21.750,21.977,14.651,2.905,250.0,250.0,53.594,12.119,8.826,31.529,25.039,15.522,9.517,15.338,5.312,0.519,4.793,4.793,0.000,0.000,0.000,9.0,0.000,
12.11.2025,11:5:3.613,19.032,25.543,18.092,2.994,250.0,250.0,51.212,11.667,8.824,30.034,24.107,14.950,9.157,14.766,5.150,0.615,4.535,4.535,0.000,0.000,0.000,9.0,0.000,
12.11.2025,11:5:4.603,19.032,25.992,17.025,2.969,250.0,250.0,54.054,63.351,4.353,153.580,97.935,60.725,37.210,60.002,87.358,16.880,70.478,44.986,0.002,0.000,0.000,9.0,0.000,
12.11.2025,11:5:5.605,19.032,26.120,18.557,2.969,250.0,250.0,107.835,28.256,8.907,84.531,57.952,35.932,22.020,35.502,12.935,1.094,11.841,11.841,0.000,0.000,0.000,9.0,0.000,
12.11.2025,11:5:6.605,27.188,29.033,21.580,2.987,250.0,250.0,98.621,16.975,8.821,41.765,31.373,19.455,11.918,19.221,12.748,1.047,11.701,11.701,0.000,0.000,0.000,9.0,0.000,
12.11.2025,11:5:7.609,25.829,26.860,19.399,2.968,250.0,250.0,55.561,12.929,8.799,34.152,26.636,16.522,10.114,16.326,5.789,0.630,5.159,5.159,0.000,0.000,0.000,9.0,0.000,
12.11.2025,11:5:8.613,19.032,28.152,20.644,3.023,250.0,250.0,63.451,12.679,8.801,33.532,26.264,16.281,9.983,16.085,5.495,0.645,4.850,4.850,0.000,0.000,0.000,9.0,0.000,
12.11.2025,11:5:9.608,24.469,29.530,21.956,3.129,250.0,250.0,52.516,12.150,8.826,31.777,25.180,15.616,9.564,15.432,5.267,0.698,4.569,4.569,0.000,0.000,0.500,9.0,0.000,
12.11.2025,11:5:10.608,29.907,34.848,26.953,3.317,250.0,250.0,47.275,11.955,8.846,31.014,24.724,15.325,9.399,15.141,5.274,0.722,4.552,4.552,0.000,0.000,0.000,9.0,0.000,
12.11.2025,11:5:11.608,25.829,38.336,28.880,3.631,250.0,250.0,41.845,9.205,4.118,25.303,18.259,11.317,6.942,11.182,5.204,0.678,4.526,4.526,0.002,0.000,0.000,9.0,0.000,
12.11.2025,11:5:12.600,27.188,34.434,26.242,3.188,250.0,250.0,76.207,52.017,9.019,120.134,79.488,49.297,30.191,48.700,88.328,13.161,75.167,6.682,0.000,0.000,0.000,9.0,0.000,
12.11.2025,11:5:13.604,25.829,35.840,28.044,3.257,250.0,250.0,65.835,17.670,8.915,50.189,36.663,22.735,13.928,22.464,7.534,0.757,6.777,6.741,0.000,0.000,0.000,9.0,0.000,
12.11.2025,11:5:14.612,23.110,34.435,26.709,3.263,250.0,250.0,53.239,12.557,8.824,33.042,25.969,16.109,9.860,15.913,5.519,0.709,4.810,4.810,0.000,0.000,0.500,9.0,0.375,
12.11.2025,11:5:15.601,27.188,34.736,26.891,3.301,250.0,250.0,49.149,26.183,8.845,50.674,36.731,22.774,13.957,22.505,8.664,2.784,5.880,89.014,0.000,0.000,0.125,9.0,0.000,
12.11.2025,11:5:16.614,28.547,37.439,29.249,3.252,250.0,250.0,60.418,9.791,4.374,27.219,19.597,12.156,7.441,12.009,5.241,0.689,4.552,4.629,0.002,0.000,0.500,9.0,0.250,
12.11.2025,11:5:17.608,23.110,39.189,31.307,3.312,250.0,250.0,65.186,14.778,8.931,40.135,30.437,18.871,11.566,18.650,6.652,0.707,5.945,5.889,0.000,0.000,1.125,9.0,0.375,
12.11.2025,11:5:18.614,29.907,34.329,26.530,3.279,250.0,250.0,55.942,12.951,8.848,33.690,26.383,16.365,10.018,16.168,6.648,0.750,5.898,4.747,0.000,0.000,0.000,9.0,0.500,
12.11.2025,11:5:19.609,27.188,37.778,29.994,3.273,250.0,250.0,47.663,11.890,8.875,30.732,24.567,15.236,9.331,15.052,5.275,0.714,4.561,4.552,0.000,0.000,0.000,9.0,0.000,
12.11.2025,11:5:20.614,27.188,36.371,28.594,3.271,250.0,250.0,54.880,11.758,8.888,30.208,24.253,15.043,9.210,14.858,5.264,0.712,4.552,4.594,0.000,0.000,0.000,9.0,0.000,
12.11.2025,11:5:21.605,28.547,34.471,26.716,3.257,250.0,250.0,52.731,11.755,8.830,30.252,24.246,15.034,9.212,14.849,5.283,0.689,4.594,4.561,0.000,0.000,0.750,9.0,0.000,
12.11.2025,11:5:22.607,27.188,33.249,24.660,3.203,250.0,250.0,67.447,28.290,8.911,84.781,58.109,36.036,22.073,35.595,12.853,1.164,11.689,11.689,0.000,0.000,0.000,9.0,1.000,
12.11.2025,11:5:23.600,21.750,36.793,28.993,3.296,250.0,250.0,100.475,28.336,8.899,84.877,58.156,36.059,22.097,35.630,12.947,1.163,11.784,11.748,0.000,0.000,1.250,9.0,0.000,
12.11.2025,11:5:24.605,28.547,36.040,28.226,3.276,250.0,250.0,76.946,33.017,8.908,110.977,73.805,45.769,28.036,45.209,6.018,0.730,5.288,5.433,0.000,0.000,0.000,9.0,0.500,
12.11.2025,11:5:25.608,21.750,35.163,27.351,3.282,250.0,250.0,57.128,12.525,8.850,32.757,25.803,16.007,9.796,15.810,5.736,0.718,5.018,4.755,0.000,0.000,0.500,9.0,0.375,
12.11.2025,11:5:26.603,23.110,35.884,27.854,3.318,250.0,250.0,48.484,12.238,8.865,32.024,25.371,15.726,9.645,15.542,5.312,0.709,4.603,4.586,0.002,0.000,0.000,9.0,0.000,
12.11.2025,11:5:27.616,31.266,36.834,27.950,3.248,250.0,250.0,65.851,28.534,8.974,85.585,58.654,36.366,22.288,35.924,12.913,1.224,11.689,11.725,0.000,0.000,0.375,9.0,0.000,
12.11.2025,11:5:28.616,27.188,37.277,29.406,3.360,250.0,250.0,100.126,28.305,8.948,84.684,58.076,36.014,22.062,35.572,12.954,1.170,11.784,11.784,0.000,0.000,0.500,9.0,0.250,
12.11.2025,11:5:29.635,24.469,35.913,28.065,3.310,250.0,250.0,76.668,13.191,8.807,34.902,27.108,16.812,10.296,16.615,6.033,0.723,5.310,5.310,0.000,0.000,0.500,9.0,0.000,
12.11.2025,11:5:30.637,24.469,36.192,27.973,3.243,250.0,250.0,65.312,18.045,8.874,51.393,37.387,23.186,14.201,22.903,7.751,0.750,7.001,7.001,0.000,0.000,0.000,9.0,0.000,
12.11.2025,11:5:31.640,28.547,37.069,29.254,3.298,250.0,250.0,71.638,18.001,8.886,51.236,37.302,23.125,14.177,22.843,7.730,0.749,6.981,6.981,0.000,0.000,0.000,9.0,0.000,
12.11.2025,11:5:32.643,38.063,34.394,26.536,3.313,250.0,250.0,62.343,12.970,8.795,34.462,26.839,16.641,10.198,16.433,5.684,0.722,4.962,4.962,0.000,0.000,0.000,9.0,0.750,
12.11.2025,11:5:33.642,16.313,33.363,25.565,3.319,250.0,250.0,48.945,163.482,9.099,339.998,215.533,133.650,81.883,132.045,175.701,53.848,121.853,371.207,0.000,0.000,0.625,9.0,0.000,
12.11.2025,11:5:34.643,17.672,30.886,23.006,3.300,250.0,250.0,367.544,29.687,8.964,86.957,59.499,36.894,22.605,36.440,15.599,1.282,14.317,14.317,0.000,0.000,2.500,9.0,0.000,
12.11.2025,11:5:35.631,19.032,25.437,17.968,3.052,250.0,250.0,150.711,28.219,8.884,84.117,57.681,35.759,21.922,35.330,13.205,1.116,12.089,12.089,0.000,0.000,0.000,9.0,0.000,
12.11.2025,11:5:36.647,21.750,26.596,19.005,3.087,250.0,250.0,98.255,13.931,8.793,37.259,28.567,17.707,10.860,17.498,6.431,0.663,5.768,5.768,0.000,0.000,0.000,9.0,0.000,
12.11.2025,11:5:37.671,17.672,24.358,16.859,3.072,250.0,250.0,65.767,12.971,8.808,34.356,26.782,16.607,10.175,16.398,5.767,0.682,5.085,5.049,0.000,0.000,0.000,9.0,0.000,
12.11.2025,11:5:38.674,21.750,24.140,16.592,3.055,250.0,250.0,53.614,11.930,8.814,30.889,24.623,15.269,9.354,15.085,5.297,0.627,4.670,4.670,0.000,0.000,0.000,9.0,0.000,
12.11.2025,11:5:39.670,12.235,24.607,17.082,3.052,250.0,250.0,50.910,68.566,8.977,138.050,90.613,56.184,34.429,55.502,148.620,34.074,114.546,4.662,0.000,0.000,0.000,9.0,0.000,
12.11.2025,11:5:40.672,14.953,23.744,16.262,3.050,250.0,250.0,61.426,11.968,8.840,30.957,24.680,15.312,9.368,15.128,5.341,0.627,4.714,4.714,0.000,0.000,0.000,9.0,0.000,
12.11.2025,11:5:41.690,19.032,24.949,17.450,3.052,250.0,250.0,59.917,12.001,8.886,31.089,24.803,15.373,9.430,15.189,5.290,0.628,4.662,4.662,0.000,0.000,0.000,9.0,0.000,
12.11.2025,11:5:42.690,17.672,25.293,16.523,3.063,250.0,250.0,48.670,8.925,4.068,24.188,17.533,10.866,6.667,10.731,5.274,0.629,4.645,4.645,0.003,0.000,0.000,9.0,0.375,
12.11.2025,11:5:43.683,16.313,25.252,17.354,3.003,250.0,250.0,83.762,32.731,8.968,101.373,68.376,42.396,25.980,41.893,13.070,1.110,11.960,12.183,0.000,0.000,0.000,9.0,0.000,
12.11.2025,11:5:44.689,21.750,24.397,16.903,3.044,250.0,250.0,112.513,28.239,8.898,84.184,57.727,35.802,21.925,35.372,13.227,1.115,12.112,12.031,0.000,0.000,0.000,9.0,0.000,
12.11.2025,11:5:45.686,17.672,25.136,17.635,3.028,250.0,250.0,82.577,13.535,8.824,36.196,27.931,17.311,10.620,17.102,6.032,0.637,5.395,5.301,0.000,0.000,0.000,9.0,0.000,
12.11.2025,11:5:46.684,19.032,26.544,18.964,3.080,250.0,250.0,55.019,13.289,8.812,35.757,27.650,17.140,10.510,16.932,5.578,0.646,4.932,4.935,0.003,0.000,0.000,9.0,0.000,
12.11.2025,11:5:47.683,23.110,26.715,19.202,3.061,250.0,250.0,64.744,12.074,8.825,31.351,24.919,15.455,9.464,15.271,5.382,0.643,4.739,4.696,0.000,0.000,0.000,9.0,0.000,
12.11.2025,11:5:48.686,20.391,24.936,17.352,3.021,250.0,250.0,61.487,11.877,8.838,30.653,24.497,15.182,9.315,14.998,5.302,0.614,4.688,4.679,0.002,0.000,0.000,9.0,0.000,
12.11.2025,11:5:49.685,19.032,24.866,16.633,3.004,250.0,250.0,76.644,28.176,8.957,84.022,57.657,35.760,21.897,35.330,13.073,1.077,11.996,11.996,0.000,0.000,1.125,9.0,0.000,
12.11.2025,11:5:50.682,16.313,24.190,16.714,3.020,250.0,250.0,103.269,28.426,8.962,84.794,58.144,36.056,22.088,35.627,13.191,1.113,12.078,12.208,0.000,0.000,0.000,9.0,0.000,
12.11.2025,11:5:51.695,20.391,25.871,18.399,3.013,250.0,250.0,91.748,13.466,8.830,35.871,27.733,17.192,10.541,16.983,6.046,0.625,5.421,5.421,0.000,0.000,0.000,9.0,0.000,
12.11.2025,11:5:52.696,19.032,24.455,17.024,2.998,250.0,250.0,62.860,38.575,8.824,50.713,36.760,22.793,13.967,22.525,29.278,8.671,20.607,171.614,0.000,0.000,0.000,9.0,0.500,
12.11.2025,11:5:53.696,19.032,24.798,16.972,2.996,250.0,250.0,53.450,37.743,8.502,129.392,85.298,52.895,32.403,52.259,5.792,0.697,5.095,5.095,0.000,0.000,0.000,9.0,0.000,
12.11.2025,11:5:54.708,23.110,22.955,15.486,3.006,250.0,250.0,91.425,28.063,8.881,83.445,57.267,35.516,21.751,35.087,13.269,1.121,12.148,12.148,0.000,0.000,0.000,9.0,0.000,
12.11.2025,11:5:55.709,16.313,26.566,19.025,3.060,250.0,250.0,112.960,13.892,8.833,36.999,28.429,17.627,10.802,17.419,6.483,0.640,5.843,5.843,0.000,0.000,0.000,9.0,0.000,
12.11.2025,11:5:56.709,14.953,24.645,17.143,3.056,250.0,250.0,62.573,30.166,8.883,100.184,67.331,41.744,25.587,41.243,5.772,0.622,5.150,5.150,0.000,0.000,0.000,9.0,0.000,
12.11.2025,11:5:57.721,13.594,25.627,18.137,3.025,250.0,250.0,53.098,12.153,8.810,31.452,24.975,15.488,9.487,15.304,5.547,0.629,4.918,4.918,0.000,0.000,0.000,9.0,0.000,
12.11.2025,11:5:58.719,20.391,25.739,18.274,3.052,250.0,250.0,61.244,11.871,8.797,30.614,24.445,15.156,9.289,14.984,5.353,0.631,4.722,4.722,0.000,0.000,0.000,9.0,0.000,
12.11.2025,11:5:59.732,17.672,25.268,17.688,3.070,250.0,250.0,50.684,42.565,8.955,148.043,96.767,60.006,36.761,59.276,5.564,0.771,4.793,4.714,0.000,0.000,0.000,9.0,0.000,
12.11.2025,11:6:0.734,16.313,25.375,16.626,3.002,250.0,250.0,47.771,42.334,8.095,147.604,96.128,59.612,36.516,58.892,5.739,0.720,5.019,5.019,0.000,0.000,0.000,9.0,0.000,
12.11.2025,11:6:1.730,19.032,24.770,17.283,3.011,250.0,250.0,63.933,16.912,8.919,47.261,34.852,21.611,13.241,21.341,7.514,0.646,6.868,6.868,0.000,0.000,0.000,9.0,0.000,
12.11.2025,11:6:2.731,17.672,23.930,16.537,2.986,250.0,250.0,76.008,12.892,8.795,33.795,26.421,16.383,10.038,16.186,5.977,0.632,5.345,5.345,0.000,0.000,0.000,9.0,0.000,
12.11.2025,11:6:3.740,17.672,25.973,18.443,3.023,250.0,250.0,55.952,61.025,8.932,148.541,97.065,60.183,36.882,59.465,97.145,27.388,69.757,4.892,0.000,0.000,0.000,9.0,0.000,
12.11.2025,11:6:4.729,21.750,25.213,16.954,2.986,250.0,250.0,51.712,26.706,9.051,83.779,57.584,35.699,21.885,35.270,5.809,0.696,5.113,12.172,0.000,0.000,0.000,9.0,0.000,
12.11.2025,11:6:5.733,28.547,27.025,19.537,3.051,250.0,250.0,102.057,28.199,9.016,83.799,57.561,35.700,21.861,35.271,13.302,1.119,12.183,12.172,0.000,0.000,0.000,9.0,0.000,
12.11.2025,11:6:6.726,10.875,24.649,17.183,3.011,250.0,250.0,85.612,14.101,8.829,37.847,28.955,17.949,11.006,17.728,6.520,0.640,5.880,5.657,0.000,0.000,0.000,9.0,0.000,
12.11.2025,11:6:7.743,16.313,24.841,17.319,3.073,250.0,250.0,64.999,13.183,8.808,35.077,27.225,16.877,10.348,16.681,5.820,0.644,5.176,5.171,0.000,0.000,1.625,9.0,0.000,
12.11.2025,11:6:8.743,17.672,24.906,17.446,3.002,250.0,250.0,53.845,12.552,8.834,32.920,25.894,16.064,9.830,15.868,5.598,0.637,4.961,4.918,0.000,0.000,0.000,9.0,0.000,
12.11.2025,11:6:9.748,17.672,24.516,16.301,2.965,250.0,250.0,78.046,28.364,8.935,84.523,57.959,35.936,22.023,35.507,13.305,1.097,12.208,12.148,0.000,0.000,0.000,9.0,0.000,
12.11.2025,11:6:10.747,17.672,24.539,17.101,2.959,250.0,250.0,103.665,28.403,8.991,84.590,58.031,35.989,22.042,35.560,13.307,1.099,12.208,12.208,0.000,0.000,0.000,9.0,0.000,
12.11.2025,11:6:11.759,23.110,27.102,19.348,3.259,250.0,250.0,87.542,14.483,8.844,39.446,29.948,18.570,11.378,18.349,6.314,0.639,5.675,5.669,0.000,0.000,0.500,9.0,0.000,
12.11.2025,11:6:12.757,23.110,27.102,19.348,3.259,250.0,250.0,55.304,13.114,8.910,34.704,27.050,16.773,10.277,16.576,5.862,0.648,5.214,5.127,0.000,0.000,0.000,9.0,0.000,
12.11.2025,11:6:13.759,17.672,25.505,17.919,3.119,250.0,250.0,52.970,12.274,8.826,31.948,25.295,15.680,9.615,15.496,5.562,0.627,4.935,4.756,0.000,0.000,0.375,9.0,0.000,
12.11.2025,11:6:14.760,14.953,23.394,15.999,2.968,250.0,250.0,46.220,48.754,4.320,98.697,63.863,39.608,24.255,39.129,85.801,17.470,68.331,46.070,0.000,0.000,0.625,9.0,0.000,
12.11.2025,11:6:15.759,25.829,25.499,16.955,2.957,250.0,250.0,114.327,28.817,8.925,85.564,58.604,36.335,22.269,35.894,13.915,1.166,12.749,12.749,0.004,0.000,0.000,9.0,0.000,
12.11.2025,11:6:16.763,21.750,27.492,19.841,3.028,250.0,250.0,111.480,17.553,8.854,43.197,32.276,20.021,12.255,19.775,13.428,1.127,12.301,12.301,0.000,0.000,0.000,9.0,0.000,
12.11.2025,11:6:17.766,32.625,23.719,16.361,2.889,250.0,250.0,57.786,13.203,8.839,34.858,27.099,16.806,10.293,16.610,6.053,0.637,5.416,5.416,0.000,0.000,0.000,9.0,0.000,
12.11.2025,11:6:18.763,27.188,24.942,17.544,2.957,250.0,250.0,52.000,10.099,4.249,28.141,20.090,12.456,7.634,12.309,5.584,0.640,4.944,4.944,0.000,0.000,0.000,9.0,0.000,
12.11.2025,11:6:19.760,19.032,24.946,16.337,2.997,250.0,250.0,72.961,28.374,9.077,84.350,57.941,35.932,22.009,35.503,13.346,1.115,12.231,12.231,0.002,0.000,0.000,9.0,0.000,
12.11.2025,11:6:20.762,14.953,24.857,16.850,2.958,250.0,250.0,104.049,28.556,8.980,85.057,58.319,36.164,22.155,35.734,13.424,1.123,12.301,12.301,0.000,0.000,0.500,9.0,0.000,
12.11.2025,11:6:21.763,17.672,25.015,17.626,2.975,250.0,250.0,86.936,14.026,8.825,37.676,28.833,17.881,10.952,17.673,6.389,0.710,5.679,5.644,0.000,0.000,0.000,9.0,0.000,
12.11.2025,11:6:22.767,20.391,23.679,16.239,2.957,250.0,250.0,60.770,12.837,8.805,33.765,26.409,16.383,10.026,16.186,5.815,0.653,5.162,5.162,0.000,0.000,0.000,9.0,0.000,
12.11.2025,11:6:23.771,19.032,23.729,16.341,2.984,250.0,250.0,51.722,12.100,8.819,31.374,24.932,15.460,9.472,15.275,5.437,0.647,4.790,4.790,0.000,0.000,0.000,9.0,0.000,
12.11.2025,11:6:24.768,19.032,23.822,16.346,3.016,250.0,250.0,62.869,12.678,8.835,32.685,25.756,15.972,9.784,15.776,6.234,0.732,5.502,5.502,0.000,0.000,0.000,9.0,0.375,
12.11.2025,11:6:25.769,25.829,22.717,15.289,2.994,250.0,250.0,60.647,10.594,4.728,29.612,21.300,13.210,8.090,13.050,5.568,0.752,4.816,4.815,0.000,0.000,0.000,9.0,0.000,
12.11.2025,11:6:26.771,19.032,26.730,18.369,3.068,250.0,250.0,63.497,28.372,9.102,84.252,57.903,35.907,21.996,35.466,13.401,1.111,12.290,12.290,0.002,0.000,0.000,9.0,0.000,
12.11.2025,11:6:27.761,29.907,24.330,15.960,2.960,250.0,250.0,102.922,28.369,9.090,84.219,57.868,35.884,21.984,35.455,13.435,1.111,12.324,12.324,0.000,0.000,0.000,9.0,0.000,
12.11.2025,11:6:28.767,19.032,25.847,18.322,3.063,250.0,250.0,85.661,43.837,8.991,151.667,99.027,61.401,37.626,60.658,6.628,0.802,5.826,5.748,0.000,0.000,0.000,9.0,0.000,
12.11.2025,11:6:29.757,16.313,24.900,17.451,3.004,250.0,250.0,67.718,13.129,8.819,34.742,27.020,16.749,10.271,16.553,5.956,0.733,5.223,5.223,0.000,0.000,0.000,9.0,0.000,
12.11.2025,11:6:30.762,28.547,29.845,22.216,3.150,250.0,250.0,49.240,12.575,8.822,33.092,25.996,16.128,9.868,15.931,5.552,0.737,4.815,4.807,0.000,0.000,0.000,9.0,0.000,
12.11.2025,11:6:31.763,20.391,33.655,25.906,3.264,250.0,250.0,47.432,11.893,8.810,30.497,24.384,15.119,9.265,14.935,5.556,0.749,4.807,4.807,0.000,0.001,0.000,9.0,0.000,
12.11.2025,11:6:32.761,27.188,33.566,25.757,3.260,250.0,250.0,54.791,11.862,8.840,30.048,24.129,14.956,9.173,14.772,5.945,0.775,5.170,4.815,0.000,0.000,0.000,9.0,0.000,
12.11.2025,11:6:33.763,24.469,35.065,26.821,3.263,250.0,250.0,50.486,27.317,8.973,85.897,58.843,36.496,22.347,36.054,6.130,0.831,5.299,12.301,0.002,0.000,0.000,9.0,0.000,
12.11.2025,11:6:34.757,27.188,35.344,26.377,3.225,250.0,250.0,108.226,28.774,8.974,85.724,58.730,36.421,22.309,35.979,13.608,1.213,12.395,12.384,0.000,0.000,0.000,9.0,0.000,
12.11.2025,11:6:35.765,33.985,35.345,27.623,3.234,250.0,250.0,92.271,13.779,8.838,36.654,28.219,17.496,10.723,17.287,6.510,0.797,5.713,5.556,0.000,0.000,0.000,9.0,0.000,
12.11.2025,11:6:36.767,27.188,34.492,26.619,3.324,250.0,250.0,51.783,32.529,8.952,109.213,72.748,45.107,27.641,44.559,5.932,0.753,5.179,5.209,0.000,0.000,0.000,9.0,0.000,
12.11.2025,11:6:37.756,27.188,31.072,23.256,3.282,250.0,250.0,55.426,12.195,8.834,31.554,25.046,15.535,9.511,15.351,5.642,0.742,4.900,4.832,0.000,0.000,0.750,9.0,0.000,
12.11.2025,11:6:38.758,25.829,34.476,26.677,3.288,250.0,250.0,47.759,11.891,8.822,30.472,24.376,15.121,9.255,14.937,5.556,0.733,4.823,4.815,0.000,0.000,0.500,9.0,0.000,
12.11.2025,11:6:39.762,23.110,34.456,26.638,3.283,250.0,250.0,45.415,9.606,4.080,26.518,18.977,11.772,7.205,11.624,5.540,0.733,4.807,4.807,0.000,0.000,1.000,9.0,0.000,
12.11.2025,11:6:40.765,20.391,35.124,26.074,3.236,250.0,250.0,54.942,111.593,9.011,103.203,69.031,42.804,26.227,42.281,55.501,16.171,39.330,712.374,0.000,0.000,0.000,9.0,0.375,
12.11.2025,11:6:41.769,21.750,33.185,25.444,3.263,250.0,250.0,64.580,15.104,8.942,40.445,30.635,18.999,11.636,18.766,7.593,0.773,6.820,6.436,0.000,0.000,0.000,9.0,0.000,
12.11.2025,11:6:42.756,24.469,32.910,25.096,3.271,250.0,250.0,57.144,12.192,8.820,31.599,25.073,15.550,9.523,15.366,5.584,0.735,4.849,4.823,0.000,0.000,0.125,9.0,0.000,
12.11.2025,11:6:43.760,25.829,33.138,25.413,3.241,250.0,250.0,47.185,8.582,3.872,22.823,16.566,10.266,6.300,10.144,5.531,0.716,4.815,4.790,0.000,0.000,1.000,9.0,0.000,
12.11.2025,11:6:44.760,31.266,33.917,25.125,3.229,250.0,250.0,73.520,28.581,8.915,85.016,58.257,36.119,22.138,35.690,13.657,1.262,12.395,12.360,0.002,0.000,1.125,9.0,0.375,
12.11.2025,11:6:45.761,23.110,34.351,26.304,3.250,250.0,250.0,100.192,28.797,8.969,85.614,58.665,36.374,22.291,35.932,13.794,1.258,12.536,12.536,0.000,0.000,0.500,9.0,0.250,
12.11.2025,11:6:46.758,24.469,35.615,27.803,3.291,250.0,250.0,79.492,13.012,8.842,34.189,26.685,16.551,10.134,16.354,6.036,0.746,5.290,5.290,0.000,0.000,0.000,9.0,0.375,
12.11.2025,11:6:47.756,17.672,36.647,28.854,3.283,250.0,250.0,65.423,28.721,8.981,85.476,58.586,36.322,22.264,35.880,13.652,1.257,12.395,12.395,0.000,0.000,0.000,9.0,0.000,
12.11.2025,11:6:48.768,27.188,33.588,25.374,3.233,250.0,250.0,100.370,48.012,8.977,88.431,60.330,37.416,22.914,36.963,14.739,2.284,12.455,195.609,0.000,0.000,0.000,9.0,0.000,
12.11.2025,11:6:49.771,24.469,31.943,24.193,3.272,250.0,250.0,82.847,13.570,8.874,35.980,27.828,17.251,10.577,17.043,6.299,0.750,5.549,5.549,0.000,0.000,0.000,9.0,0.000,
12.11.2025,11:6:50.762,23.110,33.097,25.309,3.249,250.0,250.0,58.093,12.676,8.864,33.168,26.069,16.169,9.900,15.973,5.790,0.751,5.039,5.039,0.000,0.000,0.000,9.0,0.000,
12.11.2025,11:6:51.765,25.829,34.394,26.581,3.264,250.0,250.0,48.502,12.078,8.833,31.159,24.809,15.386,9.423,15.189,5.570,0.729,4.841,4.841,0.000,0.000,0.000,9.0,0.000,
12.11.2025,11:6:52.776,27.188,32.932,25.196,3.250,250.0,250.0,47.375,15.765,8.834,45.344,33.496,20.768,12.728,20.523,5.561,0.729,4.832,4.832,0.000,0.000,0.000,9.0,0.000,
12.11.2025,11:6:53.776,17.672,33.964,26.121,3.276,250.0,250.0,41.904,154.810,8.439,358.145,226.328,140.344,85.984,138.643,281.383,71.773,209.610,27.454,0.000,0.000,0.000,9.0,0.000,
12.11.2025,11:6:54.785,20.391,31.602,22.592,3.235,250.0,250.0,341.026,30.586,8.997,88.003,60.164,37.305,22.859,36.852,17.705,1.431,16.274,16.274,0.000,0.000,0.000,42.0,2.125,
12.11.2025,11:6:55.772,17.672,25.478,17.769,3.191,250.0,250.0,185.567,28.623,8.941,84.842,58.172,36.066,22.106,35.636,13.872,1.146,12.726,12.726,0.000,0.000,0.000,42.0,0.000,
12.11.2025,11:6:56.771,17.672,25.988,18.481,3.066,250.0,250.0,103.100,36.836,8.933,124.574,82.371,51.076,31.295,50.454,6.773,0.666,6.107,6.107,0.000,0.000,0.000,42.0,0.000,
12.11.2025,11:6:57.785,17.672,26.179,18.649,3.079,250.0,250.0,69.022,12.661,8.827,32.832,25.848,16.021,9.827,15.825,6.070,0.658,5.412,5.292,0.000,0.000,0.000,42.0,0.000,
12.11.2025,11:6:58.778,23.110,24.480,17.031,3.011,250.0,250.0,63.702,12.661,8.817,31.397,24.944,15.472,9.472,15.288,5.748,0.658,5.090,4.918,0.000,0.000,0.000,42.0,0.000,
12.11.2025,11:6:59.775,19.032,24.915,17.429,3.017,250.0,250.0,63.702,12.180,8.817,31.397,24.944,15.472,9.472,15.288,5.748,0.658,5.090,4.918,0.000,0.000,0.000,42.0,0.000,
12.11.2025,11:7:0.775,16.313,26.825,19.325,3.042,250.0,250.0,52.655,12.439,8.857,32.484,25.643,15.901,9.742,15.704,5.551,0.651,4.900,4.960,0.000,0.000,0.000,42.0,0.000,
12.11.2025,11:7:1.780,17.672,23.983,16.572,3.005,250.0,250.0,62.783,11.997,8.822,30.814,24.591,15.241,9.350,15.057,5.592,0.658,4.934,4.909,0.000,0.000,0.500,42.0,0.000,
12.11.2025,11:7:2.789,24.469,24.933,17.308,3.017,250.0,250.0,60.581,11.972,8.821,30.739,24.538,15.213,9.325,15.029,5.578,0.669,4.909,4.900,0.002,0.000,0.000,42.0,0.000,
12.11.2025,11:7:3.804,13.594,26.343,17.291,2.999,250.0,250.0,58.439,16.288,8.990,44.490,33.176,20.571,12.605,20.325,7.959,0.700,7.259,6.803,0.000,0.000,0.000,42.0,0.000,
12.11.2025,11:7:4.804,28.547,24.511,17.062,3.013,250.0,250.0,58.439,16.288,8.990,44.490,33.176,20.571,12.605,20.325,7.959,0.700,7.259,6.803,0.000,0.000,0.000,42.0,0.000,
12.11.2025,11:7:5.804,27.188,24.082,16.540,3.038,250.0,250.0,74.451,13.858,8.864,36.215,27.965,17.339,10.626,17.130,7.444,0.661,6.783,5.557,0.000,0.000,0.000,42.0,0.000,
12.11.2025,11:7:6.814,21.750,27.027,19.523,3.070,250.0,250.0,62.421,98.500,8.880,110.668,73.631,45.657,27.974,45.110,224.729,61.752,162.977,223.617,0.000,0.000,0.000,42.0,0.375,
12.11.2025,11:7:7.803,17.672,26.652,19.116,3.068,250.0,250.0,51.234,12.208,8.808,31.328,24.899,15.438,9.461,15.254,5.974,0.700,5.274,4.943,0.000,0.000,0.000,42.0,0.000,
12.11.2025,11:7:8.817,19.032,26.453,18.732,3.047,250.0,250.0,61.512,11.948,8.824,30.651,24.485,15.182,9.303,14.998,5.564,0.646,4.918,4.909,0.002,0.000,0.000,42.0,0.000,
12.11.2025,11:7:9.816,17.672,25.835,18.167,2.982,250.0,250.0,72.494,20.305,8.924,59.005,42.143,26.127,16.016,25.808,8.621,0.808,7.813,7.783,0.000,0.000,0.000,42.0,0.000,
12.11.2025,11:7:10.814,17.672,24.614,17.192,3.003,250.0,250.0,77.293,20.415,8.936,59.040,42.163,26.149,16.014,25.830,8.993,0.923,8.070,8.033,0.000,0.000,0.000,42.0,0.000,
12.11.2025,11:7:11.810,14.953,24.633,17.171,3.001,250.0,250.0,57.818,13.415,8.840,35.626,27.587,17.107,10.480,16.899,6.117,0.734,5.383,5.377,0.000,0.000,0.000,42.0,0.000,
12.11.2025,11:7:12.807,24.469,28.944,21.250,3.179,250.0,250.0,53.436,13.030,8.855,34.493,26.890,16.679,10.211,16.471,5.812,0.726,5.086,5.082,0.000,0.000,0.000,42.0,0.000,
12.11.2025,11:7:13.809,17.672,30.554,22.771,3.302,250.0,250.0,63.527,43.123,9.043,149.949,98.002,60.773,37.229,60.041,5.642,0.729,4.913,4.909,0.000,0.000,0.000,42.0,0.000,
12.11.2025,11:7:14.811,17.672,25.590,17.781,3.010,250.0,250.0,60.992,12.593,8.859,33.035,25.988,16.118,9.870,15.922,5.598,0.655,4.943,4.943,0.002,0.000,0.000,42.0,0.000,
12.11.2025,11:7:15.808,17.672,25.773,17.417,2.979,250.0,250.0,73.911,28.861,8.991,85.791,58.786,36.459,22.327,36.018,13.814,1.204,12.610,12.607,0.000,0.000,0.000,42.0,0.000,
12.11.2025,11:7:16.817,17.672,25.767,18.262,3.052,250.0,250.0,103.558,28.574,8.950,84.746,58.104,36.030,22.074,35.601,13.788,1.133,12.655,12.655,0.000,0.000,1.125,42.0,0.000,
12.11.2025,11:7:17.816,14.953,26.438,18.951,2.991,250.0,250.0,92.650,44.533,8.953,154.314,100.650,62.414,38.236,61.659,6.616,0.739,5.877,5.873,0.000,0.000,0.000,42.0,1.000,
12.11.2025,11:7:18.817,14.953,25.965,18.504,3.035,250.0,250.0,65.127,13.221,8.842,34.844,27.096,16.800,10.296,16.604,6.151,0.718,5.433,5.430,0.000,0.000,0.000,42.0,0.000,
12.11.2025,11:7:19.811,20.391,25.448,17.200,2.985,250.0,250.0,75.064,28.616,8.942,84.857,58.185,36.079,22.106,35.638,13.874,1.229,12.645,12.607,0.000,0.000,0.000,42.0,0.000,
12.11.2025,11:7:20.815,20.391,25.867,18.366,3.004,250.0,250.0,103.247,28.553,8.981,84.572,58.031,35.984,22.047,35.542,13.841,1.150,12.691,12.691,0.000,0.000,0.000,42.0,0.000,
12.11.2025,11:7:21.814,19.032,25.584,18.183,2.997,250.0,250.0,92.484,14.127,8.865,37.026,28.472,17.648,10.824,17.439,7.528,0.742,6.786,5.937,0.000,0.000,0.000,42.0,0.000,
12.11.2025,11:7:22.810,19.032,26.084,18.655,2.995,250.0,250.0,55.660,12.862,8.832,33.569,26.301,16.311,9.990,16.115,6.089,0.659,5.430,5.319,0.000,0.000,0.000,42.0,0.000,
12.11.2025,11:7:23.802,19.032,24.963,17.041,3.002,250.0,250.0,52.311,12.098,8.824,31.046,24.732,15.330,9.402,15.146,5.775,0.650,5.125,4.951,0.000,0.000,0.000,42.0,0.000,
12.11.2025,11:7:24.806,19.032,23.356,15.908,2.987,250.0,250.0,102.358,42.491,8.994,137.826,90.835,56.321,34.514,55.648,13.895,1.203,12.692,12.986,0.000,0.000,0.000,42.0,0.000,
12.11.2025,11:7:25.804,17.672,24.112,16.720,2.982,250.0,250.0,111.455,28.772,8.970,85.249,58.435,36.241,22.194,35.799,14.029,1.162,12.867,12.773,0.000,0.000,0.000,42.0,2.000,
12.11.2025,11:7:26.803,17.672,25.998,18.487,3.038,250.0,250.0,61.600,13.369,8.877,35.123,27.292,16.922,10.370,16.726,6.380,0.664,5.716,5.620,0.000,0.000,0.375,42.0,1.000,
12.11.2025,11:7:27.816,16.313,26.849,19.338,3.055,250.0,250.0,64.387,17.046,8.889,49.718,36.286,22.500,13.786,22.230,5.904,0.678,5.226,5.245,0.000,0.000,0.000,42.0,0.000,
12.11.2025,11:7:28.813,17.672,25.973,18.445,3.032,250.0,250.0,61.389,12.155,8.840,31.322,24.909,15.441,9.468,15.257,5.671,0.652,5.019,4.977,0.000,0.000,0.000,42.0,0.000,
12.11.2025,11:7:29.806,23.110,25.774,18.301,3.033,250.0,250.0,49.759,11.842,8.833,30.163,24.186,14.995,9.191,14.824,5.633,0.664,4.969,4.960,0.000,0.000,0.000,42.0,0.000,
12.11.2025,11:7:30.811,14.953,25.367,16.627,3.006,250.0,250.0,48.342,24.189,3.723,34.797,23.871,14.806,9.065,14.622,45.341,8.366,36.975,50.323,0.000,0.000,0.000,42.0,0.000,
12.11.2025,11:7:31.810,19.032,25.040,17.596,3.019,250.0,250.0,94.335,52.331,9.058,175.567,114.029,70.709,43.320,69.855,13.876,1.150,12.726,13.020,0.000,0.000,0.000,42.0,0.500,
12.11.2025,11:7:32.806,24.469,24.271,16.894,2.913,250.0,250.0,112.802,17.295,8.824,41.716,31.353,19.442,11.911,19.197,13.847,1.039,12.808,12.808,0.000,0.000,0.000,42.0,0.000,
12.11.2025,11:7:33.806,23.110,24.767,17.378,2.959,250.0,250.0,62.581,13.316,8.878,34.967,27.193,16.861,10.332,16.665,6.305,0.650,5.655,5.655,0.000,0.000,0.000,42.0,0.375,
12.11.2025,11:7:34.803,19.032,25.644,17.069,3.008,250.0,250.0,53.927,10.702,4.298,30.044,21.307,13.206,8.101,13.047,5.930,0.727,5.203,5.159,0.002,0.000,0.000,42.0,0.000,
12.11.2025,11:7:35.803,21.750,24.661,16.652,2.998,250.0,250.0,74.660,28.802,9.090,85.354,58.576,36.323,22.253,35.881,13.895,1.146,12.749,12.749,0.000,0.000,0.000,42.0,0.000,
12.11.2025,11:7:36.804,27.188,26.423,18.930,3.030,250.0,250.0,103.984,55.024,9.166,185.825,120.336,74.614,45.722,73.712,14.029,1.221,12.808,12.808,0.000,0.000,0.000,42.0,0.000,
12.11.2025,11:7:37.816,17.672,26.314,18.849,2.993,250.0,250.0,92.865,13.954,8.874,36.997,28.453,17.644,10.809,17.435,6.670,0.678,5.992,5.992,0.000,0.000,0.000,42.0,0.000,
12.11.2025,11:7:38.812,17.672,24.979,17.512,3.049,250.0,250.0,54.992,13.265,8.820,35.142,27.274,16.914,10.360,16.705,6.037,0.675,5.362,5.362,0.000,0.000,0.000,42.0,0.000,
12.11.2025,11:7:39.817,17.672,25.454,17.976,3.016,250.0,250.0,53.262,42.806,8.919,148.756,97.165,60.247,36.918,59.528,5.772,0.761,5.011,4.985,0.000,0.000,0.000,42.0,0.000,
12.11.2025,11:7:40.816,17.672,26.049,18.575,3.014,250.0,250.0,64.379,12.095,8.832,31.059,24.747,15.336,9.411,15.152,5.691,0.664,5.027,5.027,0.000,0.000,0.000,42.0,0.000,
12.11.2025,11:7:41.810,27.188,23.695,15.366,3.002,250.0,250.0,68.411,28.761,8.978,85.284,58.465,36.249,22.216,35.820,13.913,1.139,12.773,12.773,0.000,0.000,0.000,42.0,0.000,
12.11.2025,11:7:42.802,17.672,24.902,17.390,3.048,250.0,250.0,103.339,28.859,9.027,85.482,58.623,36.347,22.276,35.905,14.043,1.164,12.879,12.844,0.000,0.000,0.000,42.0,0.375,
12.11.2025,11:7:43.816,17.672,24.895,17.466,3.004,250.0,250.0,91.214,14.289,8.837,37.770,28.905,17.925,10.980,17.716,7.422,0.736,6.686,5.912,0.000,0.000,0.000,42.0,0.000,
12.11.2025,11:7:44.815,19.032,24.786,17.363,3.010,250.0,250.0,67.763,13.153,8.872,34.564,26.939,16.708,10.231,16.512,6.164,0.674,5.490,5.379,0.000,0.000,0.000,42.0,0.000,
12.11.2025,11:7:45.813,17.672,26.185,18.219,3.042,250.0,250.0,55.096,12.472,8.917,32.428,25.646,15.903,9.743,15.707,5.682,0.663,5.019,5.010,0.000,0.000,0.000,42.0,0.000,
12.11.2025,11:7:46.812,16.313,24.936,17.490,3.020,250.0,250.0,87.862,54.997,9.166,185.558,120.164,74.509,45.655,73.607,13.992,1.160,12.832,13.327,0.000,0.000,0.000,42.0,0.000,
12.11.2025,11:7:47.813,19.032,24.442,16.964,3.035,250.0,250.0,113.600,29.034,8.992,85.952,58.880,36.518,22.362,36.077,14.312,1.174,13.138,12.938,0.000,0.000,0.000,42.0,0.000,
12.11.2025,11:7:48.808,14.953,26.226,18.711,3.051,250.0,250.0,83.850,14.060,8.831,37.709,28.863,17.892,10.971,17.684,6.478,0.682,5.796,5.691,0.000,0.000,0.125,42.0,1.000,
12.11.2025,11:7:49.816,21.750,29.024,21.487,3.089,250.0,250.0,55.438,64.309,8.939,102.780,68.780,42.646,26.134,42.135,172.720,52.626,120.094,6.238,0.000,0.000,1.250,42.0,0.750,
12.11.2025,11:7:50.803,23.110,37.124,29.352,3.284,250.0,250.0,53.709,12.536,8.878,32.619,25.743,15.963,9.780,15.767,5.779,0.760,5.019,5.053,0.000,0.000,0.000,42.0,0.000,
12.11.2025,11:7:51.806,31.266,35.096,27.269,3.259,250.0,250.0,56.393,12.253,8.880,31.540,25.070,15.548,9.522,15.364,5.793,0.740,5.053,5.019,0.000,0.000,1.125,42.0,0.000,
12.11.2025,11:7:52.808,28.547,36.559,27.248,3.342,250.0,250.0,54.340,8.679,3.872,22.965,16.648,10.325,6.323,10.190,5.740,0.738,5.002,4.985,0.002,0.000,0.000,42.0,0.000,
12.11.2025,11:7:53.806,42.141,34.152,26.185,3.264,250.0,250.0,63.937,29.306,9.057,87.104,59.637,36.977,22.660,36.535,14.106,1.239,12.867,12.879,0.000,0.000,0.000,42.0,0.000,
12.11.2025,11:7:54.814,23.110,34.333,26.516,3.313,250.0,250.0,103.034,46.502,9.148,152.965,99.972,61.995,37.977,61.240,14.197,1.294,12.903,13.327,0.000,0.000,0.000,42.0,0.375,
12.11.2025,11:7:55.816,29.907,37.777,29.867,3.373,250.0,250.0,78.270,13.545,8.914,35.568,27.599,17.107,10.492,16.898,6.683,0.780,5.903,5.509,0.000,0.000,0.500,42.0,0.500,
12.11.2025,11:7:56.804,31.266,36.828,29.016,3.344,250.0,250.0,57.867,12.644,8.883,32.814,25.858,16.040,9.818,15.844,5.985,0.757,5.228,5.211,0.000,0.000,0.500,42.0,0.375,
12.11.2025,11:7:57.809,27.188,36.794,28.887,3.379,250.0,250.0,49.340,12.596,8.956,32.781,25.884,16.053,9.831,15.857,5.789,0.762,5.027,5.019,0.000,0.000,0.000,42.0,0.000,
12.11.2025,11:7:58.806,27.188,33.900,25.848,3.319,250.0,250.0,47.674,32.027,9.086,107.364,71.646,44.423,27.223,43.888,5.767,0.748,5.019,5.104,0.002,0.000,0.375,42.0,0.375,
12.11.2025,11:7:59.813,24.469,36.825,27.540,3.273,250.0,250.0,41.187,26.450,4.415,90.388,58.561,36.309,22.252,35.869,5.766,0.772,4.994,5.172,0.000,0.000,1.125,42.0,0.000,
12.11.2025,11:8:0.819,27.188,35.670,27.837,3.290,250.0,250.0,89.196,29.167,9.066,86.443,59.243,36.731,22.512,36.289,14.223,1.285,12.938,12.938,0.000,0.000,0.000,42.0,0.000,
12.11.2025,11:8:1.839,25.829,34.172,26.403,3.285,250.0,250.0,108.910,13.887,8.828,36.790,28.290,17.543,10.747,17.335,6.693,0.746,5.947,5.947,0.000,0.000,0.500,42.0,0.500,
12.11.2025,11:8:2.840,24.469,39.248,31.482,3.257,250.0,250.0,58.682,86.899,8.933,110.831,73.704,45.698,28.006,45.151,275.680,69.285,206.395,5.312,0.000,0.000,0.000,42.0,0.000,
12.11.2025,11:8:3.844,27.188,36.711,28.905,3.281,250.0,250.0,50.200,12.385,8.868,31.985,25.344,15.710,9.634,15.526,5.850,0.763,5.087,5.087,0.000,0.000,0.000,42.0,0.000,
12.11.2025,11:8:4.846,28.547,36.241,28.497,3.247,250.0,250.0,56.278,12.290,8.857,31.702,25.161,15.600,9.561,15.416,5.782,0.746,5.036,5.036,0.000,0.000,0.000,42.0,0.000,
12.11.2025,11:8:5.843,21.750,36.944,27.896,3.290,250.0,250.0,54.663,9.486,4.139,25.784,18.555,11.511,7.044,11.376,5.727,0.725,5.002,5.002,0.002,0.000,0.000,42.0,0.000,
12.11.2025,11:8:6.843,27.188,38.392,30.538,3.258,250.0,250.0,55.068,18.459,9.047,52.222,38.005,23.569,14.436,23.275,8.270,0.770,7.500,7.500,0.000,0.000,0.000,42.0,0.000,
12.11.2025,11:8:7.848,29.907,35.133,27.368,3.271,250.0,250.0,68.980,19.233,9.045,54.695,39.540,24.515,15.025,24.220,8.696,0.795,7.901,7.901,0.000,0.000,0.000,42.0,0.500,
12.11.2025,11:8:8.851,28.547,38.222,30.329,3.327,250.0,250.0,60.788,12.891,8.904,33.619,26.376,16.361,10.015,16.164,6.074,0.754,5.320,5.320,0.000,0.000,0.000,42.0,0.750,
12.11.2025,11:8:9.866,24.469,38.869,30.281,3.248,250.0,250.0,65.884,20.531,9.011,59.465,42.478,26.339,16.139,26.020,8.930,0.927,8.003,8.003,0.000,0.000,0.000,42.0,0.000,
12.11.2025,11:8:10.886,36.704,37.305,29.506,3.281,250.0,250.0,82.108,20.448,8.998,59.159,42.281,26.216,16.065,25.897,8.932,0.929,8.003,8.003,0.000,0.000,0.500,42.0,0.000,
12.11.2025,11:8:11.894,27.188,37.687,29.871,3.306,250.0,250.0,73.311,33.265,8.934,111.734,74.243,46.034,28.209,45.474,6.264,0.765,5.499,5.499,0.000,0.000,0.000,42.0,0.000,
12.11.2025,11:8:12.884,24.469,35.572,27.773,3.253,250.0,250.0,51.300,12.579,8.943,32.669,25.816,16.008,9.808,15.812,5.826,0.748,5.078,5.078,0.000,0.000,0.000,42.0,0.000,
12.11.2025,11:8:13.895,36.704,43.050,34.448,3.630,250.0,250.0,55.839,12.423,8.942,32.110,25.464,15.794,9.670,15.598,5.805,0.769,5.036,5.036,0.003,0.000,0.500,42.0,0.000,
12.11.2025,11:8:14.882,33.985,37.034,28.693,3.327,250.0,250.0,85.745,158.694,9.499,390.087,246.687,152.973,93.714,151.128,262.915,55.589,207.326,17.026,0.000,0.001,0.000,42.0,0.000,
12.11.2025,11:8:15.887,23.110,26.892,19.312,3.115,250.0,250.0,364.864,56.001,9.267,188.694,122.155,75.749,46.406,74.835,14.594,1.184,13.410,13.715,0.000,0.000,0.000,42.0,0.375,
12.11.2025,11:8:16.889,17.672,25.473,17.993,3.008,250.0,250.0,105.553,29.343,9.081,86.681,59.396,36.833,22.563,36.379,14.644,1.199,13.445,13.209,0.000,0.000,0.000,42.0,0.000,
12.11.2025,11:8:17.889,17.672,23.947,16.459,3.039,250.0,250.0,70.452,13.717,8.861,36.219,27.964,17.343,10.621,17.122,6.628,0.698,5.930,5.788,0.000,0.000,0.000,42.0,0.000,
12.11.2025,11:8:18.889,19.032,26.064,18.493,3.107,250.0,250.0,55.751,23.801,8.850,33.553,26.300,16.315,9.985,16.118,7.353,1.954,5.399,112.187,0.000,0.000,0.000,42.0,0.000,
12.11.2025,11:8:19.895,20.391,24.735,17.286,3.023,250.0,250.0,64.588,12.846,8.855,33.123,26.039,16.148,9.891,15.952,6.655,0.770,5.885,5.138,0.000,0.000,0.000,42.0,0.125,
12.11.2025,11:8:20.896,23.110,25.388,17.888,3.029,250.0,250.0,52.104,12.351,8.916,31.823,25.267,15.670,9.597,15.486,5.821,0.691,5.130,5.104,0.000,0.000,0.375,42.0,0.000,
12.11.2025,11:8:21.909,17.672,24.943,17.449,3.036,250.0,250.0,50.977,12.674,8.927,33.062,26.048,16.146,9.902,15.950,5.807,0.712,5.095,5.095,0.000,0.000,0.000,42.0,0.000,
12.11.2025,11:8:22.908,14.953,25.733,17.631,3.025,250.0,250.0,64.948,12.743,8.931,33.332,26.217,16.251,9.966,16.054,5.764,0.669,5.095,5.154,0.002,0.000,0.000,42.0,0.000,
12.11.2025,11:8:23.911,16.313,25.764,17.286,2.967,250.0,250.0,62.326,27.862,8.987,87.565,59.891,37.139,22.752,36.685,6.231,0.745,5.486,13.138,0.000,0.000,0.000,42.0,0.000,
12.11.2025,11:8:24.909,19.032,22.391,14.962,2.985,250.0,250.0,105.991,29.303,8.980,86.897,59.457,36.874,22.583,36.432,14.352,1.179,13.173,13.102,0.000,0.000,0.500,42.0,0.000,
12.11.2025,11:8:25.908,16.313,26.636,19.057,3.080,250.0,250.0,86.182,14.353,8.842,38.281,29.229,18.124,11.105,17.903,7.024,0.679,6.345,6.000,0.000,0.000,0.000,42.0,0.000,
12.11.2025,11:8:26.911,20.391,24.808,17.374,3.021,250.0,250.0,67.658,13.709,8.849,36.564,28.167,17.469,10.698,17.261,6.253,0.682,5.571,5.571,0.000,0.000,0.000,42.0,0.000,
12.11.2025,11:8:27.908,20.391,24.261,16.692,3.070,250.0,250.0,53.841,12.798,8.866,33.587,26.334,16.333,10.001,16.136,5.801,0.680,5.121,5.121,0.000,0.000,0.000,42.0,0.500,
12.11.2025,11:8:28.912,19.032,26.465,18.994,3.041,250.0,250.0,52.481,12.282,8.828,31.664,25.120,15.577,9.543,15.381,5.795,0.682,5.113,5.113,0.000,0.000,0.000,42.0,0.000,
12.11.2025,11:8:29.912,19.032,25.737,17.976,2.995,250.0,250.0,63.144,12.676,8.857,32.648,25.745,15.965,9.780,15.769,6.243,0.732,5.511,5.511,0.002,0.000,0.000,42.0,0.000,
12.11.2025,11:8:30.913,17.672,26.525,17.731,2.968,250.0,250.0,55.026,24.743,8.386,79.190,54.323,33.681,20.642,33.276,6.229,0.759,5.470,5.470,0.000,0.000,0.000,42.0,0.000,
12.11.2025,11:8:31.918,17.672,25.315,17.867,3.001,250.0,250.0,109.528,29.198,9.050,86.298,59.134,36.675,22.459,36.233,14.469,1.236,13.233,13.198,0.000,0.000,0.000,42.0,0.000,
12.11.2025,11:8:32.931,19.032,25.831,18.326,3.031,250.0,250.0,96.012,14.238,8.813,37.730,28.866,17.899,10.967,17.690,7.035,0.690,6.345,6.345,0.000,0.000,0.000,42.0,0.000,
12.11.2025,11:8:33.928,17.672,23.994,16.560,2.979,250.0,250.0,60.675,31.623,8.863,105.221,70.440,43.680,26.760,43.143,6.266,0.678,5.588,5.588,0.000,0.000,0.750,42.0,0.500,
12.11.2025,11:8:34.934,12.235,23.414,15.965,2.999,250.0,250.0,61.879,12.646,8.832,32.771,25.815,16.007,9.808,15.811,6.035,0.687,5.348,5.348,0.000,0.000,0.000,42.0,0.000,
12.11.2025,11:8:35.933,27.188,27.313,19.780,3.061,250.0,250.0,52.372,12.636,8.867,32.978,25.950,16.098,9.852,15.902,5.796,0.675,5.121,5.121,0.000,0.000,0.000,42.0,0.375,
12.11.2025,11:8:36.946,20.391,24.578,17.088,3.027,250.0,250.0,50.398,94.858,8.986,145.813,95.392,59.158,36.234,58.440,269.723,57.567,212.156,5.113,0.002,0.000,0.000,42.0,0.000,
12.11.2025,11:8:37.972,23.110,25.995,17.260,3.047,250.0,250.0,56.253,41.306,8.375,142.907,93.371,57.894,35.477,57.199,6.185,0.715,5.470,5.470,0.000,0.000,0.500,42.0,0.375,
12.11.2025,11:8:38.973,19.032,25.876,18.388,3.014,250.0,250.0,84.781,17.751,8.903,49.511,36.240,22.463,13.777,22.193,8.376,0.700,7.676,7.676,0.000,0.000,0.000,42.0,0.000,
12.11.2025,11:8:39.986,21.750,24.585,17.121,3.017,250.0,250.0,67.629,13.676,8.823,36.119,27.884,17.285,10.599,17.077,6.591,0.679,5.912,5.788,0.000,0.000,1.125,42.0,0.000,
12.11.2025,11:8:40.981,17.672,25.536,17.623,3.000,250.0,250.0,54.675,58.605,4.365,132.272,84.721,52.529,32.192,51.904,87.056,17.637,69.419,53.955,0.000,0.000,0.125,42.0,0.000,
12.11.2025,11:8:41.990,20.391,25.182,17.731,3.018,250.0,250.0,86.473,18.893,9.066,52.677,38.290,23.740,14.550,23.458,9.668,0.801,8.867,7.816,0.000,0.000,0.000,42.0,0.000,
12.11.2025,11:8:42.986,21.750,24.354,16.841,3.044,250.0,250.0,82.082,14.259,8.858,36.782,28.308,17.551,10.757,17.343,8.533,0.717,7.816,5.921,0.000,0.000,0.000,42.0,0.000,
12.11.2025,11:8:43.989,21.750,24.843,17.343,3.044,250.0,250.0,56.843,12.929,8.925,33.638,26.399,16.364,10.035,16.168,6.180,0.670,5.510,5.399,0.000,0.000,0.000,42.0,0.000,
12.11.2025,11:8:44.987,17.672,24.876,17.414,3.035,250.0,250.0,53.542,12.749,8.914,33.313,26.194,16.252,9.942,16.055,5.805,0.675,5.130,5.214,0.000,0.000,0.000,42.0,0.000,
12.11.2025,11:8:45.985,20.391,36.308,28.408,3.395,250.0,250.0,63.871,12.684,8.905,33.007,25.988,16.123,9.865,15.926,5.939,0.741,5.198,5.146,0.000,0.000,0.000,42.0,0.000,
12.11.2025,11:8:46.979,28.547,27.226,18.588,3.142,250.0,250.0,52.216,8.517,3.872,22.252,16.213,10.047,6.166,9.925,5.797,0.667,5.130,5.104,0.002,0.000,0.000,42.0,0.000,
12.11.2025,11:8:47.975,23.110,28.249,20.382,3.161,250.0,250.0,75.521,29.185,8.967,86.424,59.158,36.687,22.471,36.246,14.359,1.186,13.173,13.173,0.000,0.000,0.000,42.0,0.000,
12.11.2025,11:8:48.983,20.391,26.996,19.520,3.035,250.0,250.0,104.664,29.793,8.938,87.881,60.043,37.233,22.810,36.791,15.163,1.258,13.905,13.905,0.000,0.000,1.125,42.0,0.000,
12.11.2025,11:8:49.975,17.672,23.306,15.882,3.008,250.0,250.0,87.924,13.856,8.875,36.681,28.254,17.519,10.735,17.310,6.623,0.684,5.939,5.939,0.000,0.000,0.000,42.0,0.000,
12.11.2025,11:8:50.976,14.953,25.511,17.247,3.043,250.0,250.0,65.687,11.825,4.739,33.646,23.808,14.763,9.045,14.579,6.117,0.684,5.433,5.433,0.002,0.000,0.000,42.0,0.000,
12.11.2025,11:8:51.980,14.953,25.511,17.247,3.043,250.0,250.0,80.671,29.215,9.030,86.449,59.215,36.717,22.498,36.275,14.384,1.186,13.198,13.198,0.002,0.000,0.000,42.0,0.000,
12.11.2025,11:8:52.995,29.907,25.448,17.915,3.012,250.0,250.0,105.465,29.760,9.128,88.013,60.243,37.353,22.890,36.911,14.760,1.221,13.539,13.539,0.000,0.000,0.000,42.0,0.500,
12.11.2025,11:8:53.997,21.750,24.441,16.970,3.020,250.0,250.0,89.170,13.859,8.853,36.697,28.246,17.522,10.724,17.313,6.640,0.684,5.956,5.956,0.000,0.000,0.000,42.0,0.000,
12.11.2025,11:8:54.997,13.594,24.609,17.125,3.023,250.0,250.0,56.501,13.024,8.853,34.092,26.640,16.517,10.123,16.321,6.126,0.684,5.442,5.442,0.000,0.000,0.000,42.0,0.000,
12.11.2025,11:8:56.011,16.313,25.215,17.692,3.063,250.0,250.0,54.783,54.079,4.269,116.430,74.840,46.407,28.433,45.843,78.140,17.299,60.841,68.294,0.000,0.000,0.375,42.0,0.000,
12.11.2025,11:8:57.008,17.672,27.534,19.172,3.050,250.0,250.0,90.495,29.618,8.998,87.465,59.826,37.100,22.726,36.658,14.873,1.216,13.657,13.657,0.000,0.000,0.000,42.0,0.000,
12.11.2025,11:8:58.006,17.672,25.319,17.786,3.033,250.0,250.0,114.021,17.661,8.860,42.381,31.783,19.712,12.071,19.467,14.503,1.176,13.327,13.327,0.000,0.000,0.000,42.0,0.000,
12.11.2025,11:8:59.008,19.032,26.392,18.866,3.077,250.0,250.0,68.646,13.605,8.852,35.836,27.724,17.194,10.530,16.986,6.539,0.689,5.850,5.850,0.000,0.000,0.000,42.0,0.000,
12.11.2025,11:9:0.007,21.750,24.311,16.823,3.057,250.0,250.0,55.279,39.884,8.993,137.050,90.039,55.837,34.202,55.167,6.104,0.752,5.352,5.348,0.000,0.000,0.000,42.0,0.000,
12.11.2025,11:9:1.010,17.672,26.646,19.107,3.066,250.0,250.0,64.497,12.516,8.877,32.408,25.601,15.874,9.727,15.690,5.888,0.682,5.206,5.206,0.000,0.000,0.000,42.0,0.000,
12.11.2025,11:9:2.009,20.391,24.443,16.456,3.040,250.0,250.0,68.148,29.428,8.965,87.252,59.677,37.008,22.669,36.566,14.440,1.184,13.256,13.268,0.000,0.000,0.000,42.0,0.000,
12.11.2025,11:9:3.018,17.672,25.539,17.253,2.998,250.0,250.0,109.280,29.352,8.989,86.886,59.466,36.872,22.594,36.430,14.498,1.184,13.314,13.291,0.003,0.000,0.000,42.0,0.000,
12.11.2025,11:9:4.017,19.032,24.931,17.440,3.060,250.0,250.0,96.872,14.174,8.883,37.597,28.831,17.875,10.956,17.667,6.891,0.701,6.190,6.145,0.000,0.000,0.000,42.0,0.000,
12.11.2025,11:9:5.011,19.032,24.692,17.165,3.063,250.0,250.0,57.745,13.404,8.876,35.318,27.414,16.996,10.418,16.800,6.320,0.696,5.624,5.580,0.000,0.000,0.000,42.0,0.375,
12.11.2025,11:9:6.018,20.391,26.075,18.404,3.043,250.0,250.0,72.350,29.219,9.124,86.277,59.172,36.688,22.484,36.246,14.454,1.186,13.268,13.291,0.002,0.000,0.000,42.0,0.000,
12.11.2025,11:9:7.017,17.672,25.582,17.392,3.046,250.0,250.0,105.834,29.179,9.173,85.960,59.002,36.591,22.411,36.150,14.564,1.190,13.374,13.374,0.000,0.000,0.000,42.0,0.000,
12.11.2025,11:9:8.018,19.032,25.324,17.832,3.079,250.0,250.0,96.547,14.154,8.883,37.510,28.784,17.852,10.932,17.631,6.894,0.696,6.198,6.162,0.000,0.000,0.000,42.0,0.000,
12.11.2025,11:9:9.018,19.032,24.181,16.729,3.013,250.0,250.0,62.338,13.149,8.861,34.281,26.768,16.598,10.170,16.390,6.410,0.691,5.719,5.597,0.000,0.000,0.000,42.0,0.000,
12.11.2025,11:9:10.017,20.391,23.083,15.555,3.035,250.0,250.0,60.554,12.912,8.853,33.934,26.542,16.455,10.087,16.259,5.891,0.685,5.206,5.206,0.000,0.000,0.000,42.0,0.375,
12.11.2025,11:9:11.022,24.469,25.014,17.005,2.990,250.0,250.0,74.116,29.708,9.019,88.103,60.235,37.355,22.880,36.901,14.630,1.303,13.327,13.327,0.003,0.000,0.000,42.0,0.000,
12.11.2025,11:9:12.013,23.110,32.891,24.802,3.300,250.0,250.0,103.597,45.785,9.111,149.745,98.011,60.778,37.233,60.047,14.682,1.272,13.410,13.562,0.000,0.000,0.000,42.0,0.000,
12.11.2025,11:9:13.013,21.750,33.120,25.374,3.271,250.0,250.0,83.975,13.708,8.899,36.045,27.872,17.285,10.587,17.077,6.803,0.794,6.009,5.710,0.000,0.000,0.000,42.0,0.000,
12.11.2025,11:9:14.011,25.829,34.059,26.242,3.295,250.0,250.0,60.057,13.044,8.848,34.133,26.670,16.537,10.133,16.329,6.193,0.785,5.408,5.399,0.000,0.000,0.000,42.0,0.000,
12.11.2025,11:9:15.014,27.188,38.506,30.521,3.446,250.0,250.0,56.567,11.327,4.370,32.311,22.750,14.111,8.639,13.939,5.975,0.777,5.198,5.198,0.000,0.000,0.500,42.0,1.500,
12.11.2025,11:9:16.012,25.829,38.298,29.113,3.509,250.0,250.0,60.463,87.413,9.151,129.812,85.548,53.046,32.502,52.414,251.699,66.065,185.634,8.262,0.002,0.000,0.750,42.0,0.000,
12.11.2025,11:9:17.013,24.469,36.152,28.095,3.345,250.0,250.0,76.395,20.764,9.005,59.923,42.752,26.510,16.242,26.191,9.331,0.979,8.352,8.352,0.000,0.000,0.000,42.0,0.000,
12.11.2025,11:9:18.015,21.750,35.143,27.300,3.295,250.0,250.0,67.422,13.118,8.875,34.187,26.710,16.563,10.147,16.367,6.362,0.756,5.606,5.606,0.000,0.000,0.000,42.0,0.000,
12.11.2025,11:9:19.008,12.235,34.116,26.304,3.319,250.0,250.0,66.770,29.872,9.018,88.703,60.599,37.574,23.025,37.132,14.662,1.312,13.350,13.350,0.000,0.000,0.000,42.0,0.000,
12.11.2025,11:9:20.011,27.188,33.355,25.180,3.244,250.0,250.0,108.920,84.686,9.157,149.023,97.528,60.474,37.054,59.744,196.546,56.379,140.167,40.790,0.000,0.000,0.000,42.0,1.000,
12.11.2025,11:9:21.014,25.829,33.732,25.914,3.295,250.0,250.0,69.977,13.739,8.846,36.130,27.904,17.294,10.610,17.086,6.767,0.784,5.983,5.983,0.000,0.000,0.500,42.0,0.500,
12.11.2025,11:9:22.010,27.188,35.829,28.038,3.267,250.0,250.0,51.854,12.983,8.860,33.877,26.512,16.440,10.072,16.244,6.202,0.786,5.416,5.416,0.000,0.000,0.375,42.0,0.000,
12.11.2025,11:9:23.016,28.547,34.094,26.356,3.227,250.0,250.0,49.037,12.394,8.888,31.851,25.266,15.663,9.603,15.479,5.984,0.762,5.222,5.222,0.000,0.000,0.000,42.0,0.000,
12.11.2025,11:9:24.013,25.829,34.233,26.461,3.281,250.0,250.0,56.458,28.983,8.892,95.593,64.357,39.912,24.445,39.425,5.998,0.792,5.206,5.206,0.000,0.000,0.000,42.0,0.000,
12.11.2025,11:9:25.010,24.469,33.549,25.718,3.292,250.0,250.0,62.343,24.828,8.302,79.406,54.407,33.729,20.678,33.324,6.430,0.859,5.571,5.571,0.000,0.000,0.000,42.0,0.000,
12.11.2025,11:9:26.012,20.391,35.127,26.162,3.234,250.0,250.0,102.541,29.599,9.016,87.518,59.874,37.131,22.743,36.677,14.781,1.312,13.469,13.469,0.000,0.000,0.000,42.0,0.000,
12.11.2025,11:9:27.014,24.469,34.877,26.979,3.310,250.0,250.0,89.197,14.004,8.866,36.923,28.406,17.613,10.793,17.405,6.931,0.760,6.171,6.171,0.000,0.000,0.500,42.0,0.500,
12.11.2025,11:9:28.013,27.188,36.167,28.336,3.305,250.0,250.0,50.943,64.092,4.279,140.923,90.042,55.840,34.202,55.166,87.410,17.530,69.880,85.645,0.000,0.000,0.000,42.0,0.000,
12.11.2025,11:9:29.018,23.110,34.663,26.480,3.249,250.0,250.0,94.248,22.894,9.130,66.953,47.194,29.263,17.931,28.907,10.202,1.099,9.103,9.154,0.000,0.000,0.000,42.0,0.000,
12.11.2025,11:9:30.015,20.391,32.317,24.511,3.293,250.0,250.0,85.881,14.940,8.904,37.959,29.071,18.031,11.040,17.810,10.276,1.096,9.180,6.037,0.000,0.000,0.500,42.0,0.000,
12.11.2025,11:9:31.009,21.750,32.181,24.374,3.284,250.0,250.0,52.702,13.251,8.853,34.800,27.076,16.787,10.289,16.591,6.307,0.779,5.528,5.502,0.000,0.000,0.000,42.0,0.750,
12.11.2025,11:9:32.012,24.469,34.145,26.278,3.306,250.0,250.0,58.187,12.662,8.862,32.849,25.874,16.047,9.827,15.851,6.011,0.789,5.222,5.291,0.000,0.000,0.625,42.0,0.000,
12.11.2025,11:9:33.016,24.469,34.871,27.083,3.276,250.0,250.0,55.283,12.386,8.850,31.801,25.220,15.640,9.580,15.444,6.053,0.779,5.274,5.222,0.000,0.000,0.000,42.0,0.000,
12.11.2025,11:9:34.009,24.469,33.272,25.513,3.286,250.0,250.0,47.445,10.294,4.150,28.577,20.288,12.585,7.703,12.437,5.992,0.770,5.222,5.214,0.000,0.000,0.000,42.0,0.000,
12.11.2025,11:9:35.017,14.953,34.298,25.429,3.302,250.0,250.0,231.803,190.919,9.449,408.818,258.245,160.133,98.112,158.206,240.449,72.127,168.322,335.333,0.002,0.000,0.000,42.0,0.000,
12.11.2025,11:9:36.015,24.469,30.342,22.234,3.266,250.0,250.0,257.495,190.919,9.345,189.008,122.371,75.877,46.494,74.964,15.210,1.314,13.896,14.317,0.000,0.000,0.000,42.0,0.000,
12.11.2025,11:9:37.009,17.672,27.139,19.623,3.079,250.0,250.0,257.495,56.280,9.345,189.008,122.371,75.877,46.494,74.964,15.210,1.314,13.896,14.317,0.000,0.000,0.000,42.0,0.000,
12.11.2025,11:9:38.020,20.391,25.036,17.515,3.053,250.0,250.0,115.564,29.872,9.158,88.051,60.297,37.385,22.912,36.932,15.133,1.240,13.893,13.715,0.000,0.000,0.250,42.0,0.000,
12.11.2025,11:9:39.016,20.391,25.219,17.708,3.039,250.0,250.0,73.240,14.043,8.922,37.171,28.584,17.727,10.857,17.519,6.823,0.698,6.125,6.001,0.000,0.000,0.000,42.0,0.000,
12.11.2025,11:9:40.019,19.032,25.144,17.651,3.034,250.0,250.0,54.851,41.441,9.059,142.650,93.483,57.964,35.519,57.258,6.394,0.763,5.631,5.693,0.000,0.000,0.000,42.0,0.000,
12.11.2025,11:9:41.016,19.032,22.911,15.477,3.023,250.0,250.0,63.111,12.838,8.891,33.420,26.247,16.271,9.976,16.074,6.094,0.710,5.384,5.317,0.000,0.000,0.000,42.0,0.000,
12.11.2025,11:9:42.017,17.672,26.301,18.770,3.047,250.0,250.0,52.791,12.463,8.854,32.102,25.407,15.752,9.655,15.556,6.011,0.712,5.299,5.282,0.000,0.000,0.000,42.0,0.000,
12.11.2025,11:9:43.011,19.032,23.962,16.535,3.007,250.0,250.0,53.326,12.940,8.850,33.680,26.387,16.365,10.022,16.156,6.248,0.800,5.448,5.444,0.000,0.000,0.000,42.0,0.000,
12.11.2025,11:9:44.015,19.032,27.388,18.632,3.062,250.0,250.0,61.150,10.867,4.297,30.457,21.562,13.364,8.198,13.204,6.147,0.851,5.296,5.291,0.002,0.000,0.000,42.0,0.500,
12.11.2025,11:9:45.015,17.672,26.186,18.217,2.993,250.0,250.0,65.860,25.992,9.029,77.035,53.384,33.108,20.276,32.703,11.882,1.260,10.622,10.622,0.000,0.000,0.000,42.0,0.000,
12.11.2025,11:9:46.017,38.063,26.090,18.594,3.024,250.0,250.0,95.832,144.205,9.159,175.834,114.074,70.729,43.345,69.878,300.475,73.798,226.677,358.082,0.000,0.000,0.000,42.0,0.375,
12.11.2025,11:9:47.019,27.188,26.343,18.798,3.109,250.0,250.0,88.212,14.484,8.856,38.782,29.542,18.321,11.221,18.101,6.936,0.788,6.148,6.144,0.000,0.000,0.000,42.0,0.000,
12.11.2025,11:9:48.017,27.188,28.033,20.484,3.069,250.0,250.0,66.743,13.660,8.847,36.171,27.918,17.320,10.598,17.111,6.471,0.776,5.695,5.692,0.000,0.000,0.000,42.0,0.375,
12.11.2025,11:9:49.010,17.672,27.258,19.707,3.059,250.0,250.0,53.332,82.928,8.906,97.662,65.596,40.671,24.925,40.184,88.418,29.214,59.204,374.497,0.000,0.000,0.000,42.0,0.000,
12.11.2025,11:9:50.018,17.672,24.703,17.186,3.051,250.0,250.0,65.401,12.958,8.858,33.857,26.488,16.432,10.056,16.236,6.152,0.799,5.353,5.350,0.002,0.000,0.000,42.0,0.000,
12.11.2025,11:9:51.020,19.032,25.073,16.864,2.960,250.0,250.0,75.784,29.884,9.062,88.396,60.446,37.485,22.961,37.031,14.919,1.292,13.627,13.622,0.000,0.000,0.000,42.0,0.375,
12.11.2025,11:9:52.015,23.110,24.740,17.246,3.045,250.0,250.0,106.740,29.766,9.121,87.889,60.177,37.313,22.864,36.859,14.908,1.283,13.625,13.622,0.000,0.000,0.000,42.0,0.000,
12.11.2025,11:9:53.007,17.672,25.383,17.865,3.034,250.0,250.0,91.924,19.559,8.943,57.033,40.839,25.331,15.508,25.025,7.928,0.874,7.054,7.050,0.000,0.000,0.000,42.0,0.875,
12.11.2025,11:9:54.007,24.469,24.804,17.367,3.035,250.0,250.0,69.654,14.106,8.971,37.704,28.957,17.951,11.006,17.730,6.505,0.777,5.728,5.728,0.000,0.000,0.000,42.0,0.000,
12.11.2025,11:9:55.010,19.032,25.348,17.845,3.047,250.0,250.0,54.248,24.018,8.929,43.308,32.259,20.000,12.259,19.768,19.735,4.628,15.107,64.190,0.000,0.000,0.000,42.0,0.000,
12.11.2025,11:9:56.013,19.032,26.562,18.225,3.010,250.0,250.0,52.295,35.044,4.385,122.785,78.635,48.762,29.873,48.163,6.147,0.721,5.426,5.546,0.000,0.000,0.000,42.0,0.000,
12.11.2025,11:9:57.009,20.391,23.539,16.096,3.013,250.0,250.0,100.810,29.872,9.014,88.212,60.300,37.387,22.913,36.945,15.128,1.235,13.893,13.693,0.000,0.000,0.000,42.0,0.000,
12.11.2025,11:9:58.009,17.672,26.070,18.463,3.099,250.0,250.0,111.668,16.030,8.845,38.452,29.339,18.190,11.149,17.969,14.880,1.187,13.693,6.592,0.000,0.000,0.000,42.0,0.000,
12.11.2025,11:9:59.009,19.032,24.968,17.494,3.045,250.0,250.0,63.716,44.353,8.999,153.448,100.086,62.058,38.028,61.315,6.751,0.732,6.019,6.095,0.000,0.000,0.500,42.0,0.000,
12.11.2025,11:10:0.010,17.672,25.972,18.447,3.078,250.0,250.0,66.418,13.201,8.900,34.545,26.940,16.709,10.231,16.513,6.320,0.705,5.615,5.529,0.000,0.000,0.000,42.0,0.000,
12.11.2025,11:10:1.012,27.188,26.641,18.741,3.012,250.0,250.0,76.592,29.912,9.054,88.538,60.523,37.536,22.987,37.082,14.876,1.219,13.657,13.645,0.000,0.000,0.000,42.0,0.375,
12.11.2025,11:10:2.010,17.672,25.024,17.481,3.077,250.0,250.0,106.296,29.584,9.087,87.170,59.695,37.017,22.678,36.575,14.950,1.235,13.715,13.715,0.000,0.000,0.000,42.0,0.000,
12.11.2025,11:10:3.047,17.672,27.287,19.781,3.052,250.0,250.0,92.881,14.606,8.837,38.567,29.410,18.233,11.177,18.012,7.765,0.763,7.002,6.297,0.000,0.000,0.000,42.0,0.000,
12.11.2025,11:10:4.047,20.391,24.022,16.642,2.975,250.0,250.0,68.562,13.936,8.819,37.122,28.503,17.673,10.830,17.452,6.619,0.743,5.876,5.728,0.000,0.000,0.000,42.0,0.000,
12.11.2025,11:10:5.049,17.672,25.733,18.239,3.054,250.0,250.0,55.663,13.007,8.831,34.150,26.658,16.530,10.128,16.334,6.052,0.702,5.350,5.333,0.000,0.000,0.000,42.0,0.000,
12.11.2025,11:10:6.050,21.750,25.851,18.288,3.049,250.0,250.0,51.938,77.200,9.009,150.179,98.098,60.827,37.271,60.085,175.215,40.991,134.224,6.098,0.000,0.000,0.500,42.0,0.000,
12.11.2025,11:10:7.067,13.594,24.510,16.347,3.063,250.0,250.0,53.550,12.957,8.858,33.796,26.451,16.408,10.043,16.211,6.231,0.711,5.520,5.342,0.002,0.000,0.000,42.0,0.000,
12.11.2025,11:10:8.063,17.672,29.177,20.646,3.040,250.0,250.0,64.316,29.746,9.003,87.983,60.152,37.300,22.852,36.846,14.851,1.229,13.622,13.622,0.000,0.000,0.000,42.0,0.000,
12.11.2025,11:10:9.066,17.672,25.500,18.001,3.047,250.0,250.0,111.353,30.071,9.114,89.032,60.874,37.749,23.125,37.295,14.916,1.223,13.693,13.693,0.000,0.000,0.000,42.0,0.000,
12.11.2025,11:10:10.057,17.672,23.426,15.964,3.016,250.0,250.0,103.418,14.380,8.859,38.036,29.090,18.036,11.054,17.827,7.211,0.734,6.477,6.477,0.000,0.000,0.000,42.0,0.000,
12.11.2025,11:10:11.060,16.313,23.834,16.381,3.019,250.0,250.0,68.837,13.374,8.848,35.054,27.235,16.893,10.342,16.684,6.466,0.712,5.754,5.754,0.000,0.000,0.000,42.0,0.000,
12.11.2025,11:10:12.062,17.672,24.487,16.990,3.035,250.0,250.0,65.230,12.896,8.889,33.674,26.401,16.366,10.035,16.170,6.040,0.698,5.342,5.342,0.000,0.000,0.000,42.0,0.000,
12.11.2025,11:10:13.056,14.953,24.698,17.212,3.022,250.0,250.0,53.569,13.028,8.895,33.958,26.579,16.484,10.095,16.288,6.239,0.737,5.502,5.502,0.000,0.000,0.000,42.0,0.000,
12.11.2025,11:10:14.060,17.672,25.608,17.731,3.005,250.0,250.0,54.611,29.897,9.133,88.326,60.449,37.479,22.970,37.025,14.938,1.223,13.715,13.715,0.000,0.000,0.000,42.0,0.000,
12.11.2025,11:10:15.054,19.032,24.935,17.443,3.041,250.0,250.0,114.089,29.806,9.209,87.882,60.208,37.334,22.874,36.893,14.958,1.220,13.738,13.738,0.000,0.000,0.500,42.0,0.000,
12.11.2025,11:10:16.066,20.391,33.235,25.191,3.491,250.0,250.0,102.824,42.139,9.131,144.435,94.624,58.680,35.944,57.974,7.105,0.717,6.388,6.388,0.000,0.000,0.000,42.0,0.000,
12.11.2025,11:10:17.053,19.032,26.422,18.832,3.119,250.0,250.0,57.376,13.467,8.943,35.274,27.425,17.012,10.413,16.804,6.522,0.699,5.823,5.754,0.000,0.000,0.000,42.0,0.000,
12.11.2025,11:10:18.054,24.469,26.602,19.103,3.066,250.0,250.0,64.800,12.572,8.865,32.433,25.619,15.889,9.730,15.693,6.069,0.702,5.367,5.350,0.000,0.000,0.000,42.0,0.000,
12.11.2025,11:10:19.055,25.829,25.350,17.815,3.110,250.0,250.0,54.351,35.451,8.969,120.111,79.568,49.337,30.231,48.752,6.036,0.703,5.333,5.470,0.000,0.000,0.000,42.0,0.000,
12.11.2025,11:10:20.058,10.875,26.632,18.605,3.047,250.0,250.0,52.260,12.519,8.871,32.189,25.472,15.796,9.676,15.599,6.117,0.707,5.410,5.350,0.002,0.000,0.000,42.0,0.000,
12.11.2025,11:10:21.055,17.672,23.757,15.522,3.003,250.0,250.0,53.323,29.888,9.101,88.279,60.397,37.448,22.949,36.994,14.988,1.237,13.751,13.738,0.000,0.000,0.500,42.0,0.000,
12.11.2025,11:10:22.053,21.750,25.464,17.976,3.027,250.0,250.0,115.791,29.687,9.165,87.456,59.933,37.162,22.771,36.709,14.959,1.221,13.738,13.751,0.000,0.000,0.000,42.0,0.000,
12.11.2025,11:10:23.067,17.672,25.358,17.894,3.020,250.0,250.0,102.330,14.708,8.897,39.403,29.957,18.573,11.384,18.352,7.080,0.692,6.388,6.350,0.000,0.000,0.000,42.0,0.000,
12.11.2025,11:10:24.068,24.469,25.842,18.132,3.047,250.0,250.0,57.460,13.576,8.895,35.656,27.639,17.138,10.501,16.930,6.618,0.715,5.903,5.763,0.002,0.000,0.000,42.0,0.000,
12.11.2025,11:10:25.067,19.032,24.308,16.627,3.026,250.0,250.0,71.462,18.132,9.028,50.605,36.987,22.936,14.051,22.666,8.596,0.709,7.887,7.858,0.000,0.000,0.000,42.0,0.000,
12.11.2025,11:10:26.054,19.032,26.368,18.803,3.074,250.0,250.0,80.493,25.645,9.125,79.229,54.702,33.919,20.783,33.502,8.590,0.703,7.887,8.014,0.000,0.000,0.000,42.0,0.000,
12.11.2025,11:10:27.054,17.672,25.335,17.836,3.051,250.0,250.0,62.755,13.592,8.876,35.788,27.709,17.180,10.529,16.971,6.550,0.718,5.832,5.771,0.000,0.000,0.000,42.0,0.000,
12.11.2025,11:10:28.054,16.313,26.313,18.826,3.071,250.0,250.0,53.200,13.235,8.893,34.937,27.181,16.861,10.320,16.653,6.071,0.704,5.367,5.358,0.000,0.000,0.000,42.0,0.000,
12.11.2025,11:10:29.053,20.391,26.110,18.493,3.121,250.0,250.0,63.225,37.913,8.984,129.490,85.365,52.933,32.432,52.299,6.067,0.709,5.358,5.494,0.000,0.000,0.000,42.0,0.000,
12.11.2025,11:10:30.052,20.391,31.109,23.133,3.239,250.0,250.0,53.873,12.895,8.927,33.483,26.311,16.309,10.002,16.113,6.219,0.801,5.418,5.367,0.002,0.000,0.000,42.0,0.000,
12.11.2025,11:10:31.058,27.188,34.483,26.054,3.257,250.0,250.0,78.641,30.218,9.104,89.426,61.107,37.896,23.211,37.442,15.129,1.355,13.774,13.738,0.000,0.000,0.000,42.0,0.000,
12.11.2025,11:10:32.064,27.188,38.134,30.277,3.336,250.0,250.0,104.417,30.216,9.005,89.467,61.077,37.868,23.209,37.414,15.157,1.347,13.810,13.810,0.000,0.000,0.000,42.0,0.000,
12.11.2025,11:10:33.068,24.469,35.015,27.168,3.337,250.0,250.0,82.483,14.193,8.837,37.536,28.771,17.839,10.932,17.619,7.070,0.813,6.257,6.257,0.000,0.000,0.000,42.0,0.500,
12.11.2025,11:10:34.062,25.829,36.026,28.164,3.307,250.0,250.0,58.922,13.347,8.820,35.010,27.191,16.864,10.327,16.655,6.465,0.789,5.676,5.676,0.000,0.000,0.000,42.0,1.000,
12.11.2025,11:10:35.052,24.469,35.049,26.832,3.278,250.0,250.0,59.601,16.029,8.979,43.360,32.461,20.127,12.334,19.894,7.977,0.799,7.178,7.178,0.000,0.001,0.000,42.0,0.000,
12.11.2025,11:10:36.068,31.266,36.831,28.985,3.332,250.0,250.0,59.511,16.019,9.087,43.241,32.465,20.130,12.335,19.884,7.943,0.784,7.159,7.159,0.000,0.000,0.000,42.0,0.000,
12.11.2025,11:10:37.067,23.110,37.951,30.108,3.292,250.0,250.0,61.989,12.972,8.905,33.676,26.417,16.373,10.044,16.177,6.312,0.810,5.502,5.502,0.000,0.000,0.500,42.0,0.000,
12.11.2025,11:10:38.066,24.469,36.584,28.756,3.300,250.0,250.0,56.560,12.706,8.959,32.762,25.883,16.045,9.838,15.849,6.173,0.798,5.375,5.375,0.000,0.000,0.875,42.0,0.000,
12.11.2025,11:10:39.066,24.469,36.353,28.473,3.339,250.0,250.0,49.541,12.603,8.951,32.413,25.654,15.912,9.742,15.716,6.146,0.796,5.350,5.350,0.000,0.000,0.000,42.0,0.000,
12.11.2025,11:10:40.065,24.469,35.741,27.062,3.251,250.0,250.0,45.637,10.038,4.199,27.411,19.606,12.158,7.448,12.011,6.108,0.775,5.333,5.333,0.000,0.000,0.000,42.0,0.000,
12.11.2025,11:10:41.054,31.266,35.962,28.176,3.310,250.0,250.0,69.148,20.489,9.074,60.016,42.760,26.511,16.249,26.193,8.299,0.808,7.491,7.491,0.000,0.000,0.000,42.0,0.000,
12.11.2025,11:10:42.058,29.907,33.247,25.406,3.307,250.0,250.0,65.255,14.403,8.868,36.864,28.365,17.586,10.779,17.377,8.338,0.819,7.519,7.519,0.000,0.000,0.000,42.0,0.000,
12.11.2025,11:10:43.054,21.750,38.524,30.672,3.340,250.0,250.0,52.062,12.845,8.880,33.389,26.216,16.259,9.957,16.063,6.160,0.793,5.367,5.367,0.000,0.000,0.000,42.0,0.000,
12.11.2025,11:10:44.056,29.907,36.475,28.206,3.286,250.0,250.0,49.758,10.909,4.736,30.172,21.657,13.424,8.233,13.264,6.131,0.789,5.342,5.342,0.000,0.000,0.000,42.0,0.000,
12.11.2025,11:10:45.056,25.829,34.711,26.956,3.306,250.0,250.0,69.014,19.474,9.090,56.538,40.591,25.175,15.416,24.869,7.951,0.792,7.159,7.159,0.000,0.000,0.000,42.0,0.375,
12.11.2025,11:10:46.055,23.110,37.560,29.649,3.347,250.0,250.0,60.436,13.800,8.921,35.487,27.545,17.079,10.466,16.883,7.982,0.804,7.178,5.658,0.000,0.000,0.500,42.0,0.000,
12.11.2025,11:10:47.059,29.907,32.305,24.476,3.347,250.0,250.0,51.151,12.731,9.000,32.845,25.957,16.102,9.855,15.905,6.150,0.792,5.358,5.350,0.000,0.000,0.500,42.0,0.000,
12.11.2025,11:10:48.060,29.907,35.790,27.903,3.366,250.0,250.0,48.784,88.964,9.043,109.388,72.874,45.186,27.688,44.651,287.509,70.175,217.334,5.792,0.000,0.000,0.000,42.0,0.375,
12.11.2025,11:10:49.060,21.750,35.589,27.534,3.349,250.0,250.0,56.678,12.505,8.914,31.636,25.151,15.594,9.557,15.410,6.711,0.834,5.877,5.367,0.002,0.000,0.500,42.0,0.000,
12.11.2025,11:10:50.062,21.750,31.881,22.992,3.258,250.0,250.0,53.928,28.288,9.039,88.773,60.664,37.617,23.047,37.163,6.450,0.853,5.597,13.681,0.000,0.000,0.250,42.0,0.000,
12.11.2025,11:10:51.064,38.063,37.814,30.041,3.300,250.0,250.0,106.236,30.131,9.040,89.145,60.898,37.753,23.145,37.300,15.117,1.307,13.810,13.798,0.000,0.000,0.000,42.0,0.000,
12.11.2025,11:10:52.053,28.547,35.259,27.464,3.301,250.0,250.0,95.405,14.160,8.892,37.343,28.676,17.785,10.891,17.576,7.130,0.798,6.332,6.179,0.000,0.000,0.000,42.0,0.375,
12.11.2025,11:10:53.055,25.829,34.311,26.110,3.235,250.0,250.0,52.999,67.591,4.390,160.478,102.252,63.398,38.854,62.638,90.914,17.494,73.420,62.066,0.000,0.000,0.625,42.0,0.375,
12.11.2025,11:10:54.054,19.032,30.277,22.262,3.447,250.0,250.0,102.832,29.478,9.058,86.757,59.433,36.855,22.578,36.401,14.917,1.107,13.810,13.869,0.000,0.000,0.500,42.0,0.000,
12.11.2025,11:10:55.055,23.110,24.125,16.170,3.511,250.0,250.0,102.210,15.527,8.845,36.831,28.333,17.564,10.769,17.355,14.925,1.115,13.810,5.719,0.000,0.000,0.000,42.0,0.000,
12.11.2025,11:10:56.054,13.594,18.326,10.933,2.928,250.0,250.0,43.376,12.576,8.838,32.539,25.660,15.909,9.751,15.725,5.983,0.608,5.375,5.375,0.000,0.000,0.000,42.0,0.000,
12.11.2025,11:10:57.069,13.594,13.286,6.016,2.905,250.0,250.0,41.102,12.368,8.851,31.756,25.188,15.619,9.569,15.435,5.956,0.606,5.350,5.350,0.000,0.000,0.000,42.0,0.000,
12.11.2025,11:10:58.063,14.953,12.375,3.642,2.749,250.0,250.0,36.828,9.068,4.102,23.938,17.400,10.786,6.614,10.651,5.932,0.608,5.324,5.324,0.003,0.000,0.000,42.0,0.000,
12.11.2025,11:10:59.055,20.391,16.855,7.275,2.977,250.0,250.0,18.491,5.283,3.369,10.242,8.446,5.230,3.216,5.168,5.922,0.605,5.317,5.317,0.000,0.000,0.000,42.0,0.000,
12.11.2025,11:11:0.058,21.750,32.028,22.390,3.333,250.0,250.0,14.359,5.349,3.284,10.598,8.610,5.343,3.267,5.282,5.904,0.605,5.299,5.299,0.000,0.000,0.000,42.0,0.000,
12.11.2025,11:11:1.053,25.829,29.627,20.141,3.270,250.0,250.0,14.055,5.081,3.247,9.617,7.989,4.953,3.036,4.891,5.894,0.603,5.291,5.291,0.000,0.000,0.000,42.0,0.000,
12.11.2025,11:11:2.055,25.829,29.002,19.498,3.222,250.0,250.0,13.634,5.139,3.186,9.899,8.122,5.038,3.084,4.977,5.894,0.603,5.291,5.291,0.000,0.000,0.000,42.0,0.000,
12.11.2025,11:11:3.054,21.750,33.750,24.099,3.375,250.0,250.0,13.698,4.943,2.940,9.422,7.668,4.755,2.913,4.706,5.877,0.603,5.274,5.274,0.000,0.000,0.000,42.0,0.000,
12.11.2025,11:11:4.061,28.547,33.906,24.352,3.330,250.0,250.0,13.058,4.972,2.842,9.631,7.740,4.804,2.936,4.742,5.877,0.603,5.274,5.274,0.000,0.000,0.000,42.0,0.000,
12.11.2025,11:11:5.061,12.235,21.637,12.647,2.832,250.0,250.0,12.816,4.890,2.843,9.327,7.557,4.682,2.875,4.621,5.865,0.599,5.266,5.266,0.000,0.000,0.000,42.0,0.000,
12.11.2025,11:11:6.056,14.953,14.194,5.215,2.798,250.0,250.0,13.080,4.812,2.831,9.060,7.371,4.570,2.801,4.521,5.856,0.599,5.257,5.257,0.000,0.000,0.000,42.0,0.000,
12.11.2025,11:11:7.057,13.594,13.188,4.215,2.800,250.0,250.0,13.179,4.810,3.125,8.747,7.372,4.571,2.801,4.510,5.856,0.599,5.257,5.257,0.000,0.000,0.000,42.0,0.000,
12.11.2025,11:11:8.066,16.313,12.707,3.794,2.777,250.0,250.0,13.093,4.961,3.211,9.262,7.739,4.803,2.936,4.741,5.838,0.598,5.240,5.240,0.000,0.000,0.000,42.0,0.000,
12.11.2025,11:11:9.054,13.594,13.355,4.328,2.829,250.0,250.0,13.515,5.269,3.125,10.539,8.471,5.254,3.217,5.193,5.829,0.598,5.231,5.231,0.000,0.000,0.000,42.0,0.000,
12.11.2025,11:11:10.068,13.594,12.220,3.342,2.746,250.0,250.0,13.786,5.093,3.064,9.927,8.058,4.999,3.059,4.938,5.829,0.598,5.231,5.231,0.000,0.000,0.000,42.0,0.000,
12.11.2025,11:11:11.066,20.391,14.571,5.205,3.016,250.0,250.0,13.213,5.105,3.015,10.025,8.099,5.014,3.085,4.953,5.820,0.598,5.222,5.222,0.000,0.000,0.000,42.0,0.000,
12.11.2025,11:11:12.064,20.391,14.571,5.205,3.016,250.0,250.0,13.121,5.139,3.125,10.053,8.168,5.073,3.095,5.011,5.820,0.598,5.222,5.222,0.000,0.000,0.000,42.0,0.000,
12.11.2025,11:11:13.064,12.235,12.500,3.484,2.840,250.0,250.0,13.197,5.078,3.126,9.821,8.041,4.980,3.061,4.918,5.812,0.598,5.214,5.214,0.000,0.000,0.000,42.0,0.000,
12.11.2025,11:11:14.056,21.750,12.331,3.437,2.768,250.0,250.0,12.855,4.872,3.015,9.158,7.561,4.684,2.877,4.622,5.800,0.594,5.206,5.206,0.000,0.000,0.000,42.0,0.000,
12.11.2025,11:11:15.058,12.235,11.949,3.010,2.777,250.0,250.0,12.738,4.949,3.113,9.353,7.732,4.794,2.938,4.745,5.800,0.594,5.206,5.214,0.000,0.000,0.000,42.0,0.000,
12.11.2025,11:11:16.067,24.469,11.792,2.855,2.759,250.0,250.0,12.772,4.978,3.076,9.507,7.814,4.841,2.973,4.779,5.791,0.593,5.198,5.206,0.000,0.000,0.000,42.0,0.000,
12.11.2025,11:11:17.059,19.032,18.482,9.286,2.970,250.0,250.0,12.869,4.916,3.014,9.337,7.666,4.754,2.912,4.693,5.792,0.594,5.198,5.198,0.000,0.000,0.000,42.0,0.000,
12.11.2025,11:11:18.058,10.875,17.224,8.100,2.952,250.0,250.0,12.968,4.778,2.978,8.847,7.336,4.547,2.789,4.498,5.792,0.594,5.198,5.198,0.000,0.000,0.000,42.0,0.000,
12.11.2025,11:11:19.177,12.235,13.692,4.650,2.839,250.0,250.0,12.743,4.957,2.965,9.570,7.775,4.827,2.948,4.765,5.772,0.592,5.180,5.180,0.000,0.000,0.000,42.0,0.000,
12.11.2025,11:11:20.176,13.594,13.621,4.680,2.702,250.0,250.0,12.521,4.861,3.015,9.142,7.552,4.686,2.866,4.624,5.772,0.592,5.180,5.180,0.000,0.000,0.000,42.0,0.000,
12.11.2025,11:11:21.175,12.235,13.171,4.278,2.740,250.0,250.0,12.729,4.891,3.027,9.254,7.617,4.730,2.887,4.668,5.772,0.592,5.180,5.180,0.000,0.000,0.000,42.0,0.000,
12.11.2025,11:11:22.178,9.516,12.000,3.077,2.790,250.0,250.0,12.904,4.927,2.965,9.472,7.718,4.793,2.925,4.731,5.752,0.589,5.163,5.163,0.000,0.000,0.000,42.0,0.000,
12.11.2025,11:11:23.173,13.594,12.594,3.656,2.768,250.0,250.0,12.865,4.882,3.272,8.979,7.608,4.720,2.888,4.658,5.764,0.592,5.172,5.172,0.000,0.000,0.000,42.0,0.000,
12.11.2025,11:11:24.180,6.797,12.089,3.179,2.731,250.0,250.0,12.867,4.898,3.161,9.163,7.655,4.743,2.912,4.682,5.752,0.589,5.163,5.163,0.000,0.000,0.000,42.0,0.000,
12.11.2025,11:11:25.167,12.235,12.343,3.431,2.780,250.0,250.0,12.822,4.930,3.235,9.238,7.735,4.801,2.934,4.740,5.735,0.589,5.146,5.146,0.000,0.000,0.000,42.0,0.000,
12.11.2025,11:11:26.176,12.235,12.070,3.157,2.754,250.0,250.0,13.357,4.974,3.064,9.573,7.840,4.866,2.974,4.805,5.735,0.589,5.146,5.146,0.000,0.000,0.250,42.0,0.000,
12.11.2025,11:11:27.174,5.438,13.537,4.521,2.820,250.0,250.0,13.333,4.947,2.990,9.555,7.787,4.827,2.960,4.766,5.724,0.586,5.138,5.138,0.000,0.000,0.000,42.0,0.000,
12.11.2025,11:11:28.177,10.875,12.318,3.398,2.809,250.0,250.0,13.030,5.038,3.088,9.807,7.996,4.962,3.034,4.901,5.724,0.586,5.138,5.138,0.000,0.000,0.000,42.0,0.000,
12.11.2025,11:11:29.173,9.516,14.331,5.331,2.821,250.0,250.0,13.290,5.078,3.052,9.997,8.107,5.019,3.088,4.957,5.716,0.586,5.130,5.130,0.000,0.000,0.000,42.0,0.000,
12.11.2025,11:11:30.174,4.078,12.243,3.293,2.790,250.0,250.0,13.231,5.073,3.199,9.844,8.099,5.014,3.085,4.953,5.707,0.586,5.121,5.121,0.000,0.000,0.000,42.0,0.000,
12.11.2025,11:11:31.169,5.438,11.798,2.885,2.773,250.0,250.0,13.334,5.012,3.236,9.571,7.952,4.928,3.024,4.867,5.716,0.586,5.130,5.113,0.000,0.000,0.000,42.0,0.000,
12.11.2025,11:11:32.166,2.719,11.798,2.885,2.773,250.0,250.0,13.279,5.028,3.113,9.770,7.999,4.952,3.047,4.890,5.697,0.584,5.113,5.113,0.000,0.000,0.000,42.0,0.000,
12.11.2025,11:11:33.166,2.719,11.959,3.061,2.747,250.0,250.0,13.389,5.219,3.187,10.444,8.449,5.244,3.205,5.183,5.688,0.584,5.104,5.104,0.000,0.000,0.000,42.0,0.000,
12.11.2025,11:11:34.177,2.719,12.219,3.265,2.778,250.0,250.0,13.378,5.119,3.150,10.089,8.209,5.100,3.109,5.039,5.697,0.584,5.113,5.104,0.000,0.000,0.000,42.0,0.000,
12.11.2025,11:11:35.166,2.719,11.293,2.396,2.746,250.0,250.0,13.472,5.011,3.138,9.708,7.972,4.938,3.034,4.876,5.676,0.581,5.095,5.095,0.000,0.000,0.000,42.0,0.000,
12.11.2025,11:11:36.176,4.078,12.919,3.997,2.770,250.0,250.0,13.495,4.937,2.953,9.605,7.793,4.830,2.963,4.781,5.676,0.581,5.095,5.095,0.000,0.000,0.000,42.0,0.000,
12.11.2025,11:11:37.169,2.719,11.657,2.737,2.757,250.0,250.0,13.122,5.088,3.028,10.106,8.151,5.053,3.098,4.992,5.676,0.581,5.095,5.095,0.000,0.000,0.000,42.0,0.000,
12.11.2025,11:11:38.169,2.719,13.568,4.611,2.773,250.0,250.0,13.560,4.996,3.101,9.683,7.940,4.916,3.024,4.855,5.676,0.581,5.095,5.087,0.000,0.000,0.000,42.0,0.000,
12.11.2025,11:11:39.167,2.719,11.885,2.984,2.762,250.0,250.0,13.356,5.065,2.978,10.081,8.100,5.027,3.073,4.965,5.668,0.581,5.087,5.087,0.000,0.000,0.000,42.0,0.000,
12.11.2025,11:11:40.177,5.438,13.344,4.325,2.818,250.0,250.0,13.132,4.865,2.941,9.366,7.633,4.732,2.901,4.683,5.659,0.581,5.078,5.078,0.000,0.000,0.000,42.0,0.000,
12.11.2025,11:11:41.167,4.078,11.385,2.514,2.739,250.0,250.0,13.225,4.909,2.942,9.544,7.746,4.807,2.939,4.746,5.649,0.579,5.070,5.070,0.000,0.000,0.000,42.0,0.000,
12.11.2025,11:11:42.167,2.719,12.276,3.349,2.740,250.0,250.0,12.943,4.853,2.880,9.379,7.609,4.720,2.889,4.659,5.657,0.579,5.078,5.078,0.000,0.000,0.000,42.0,0.000,
12.11.2025,11:11:43.163,5.438,11.810,2.912,2.746,250.0,250.0,13.169,4.899,2.978,9.467,7.722,4.795,2.927,4.734,5.649,0.579,5.070,5.070,0.000,0.000,0.000,42.0,0.000,
12.11.2025,11:11:44.171,2.719,11.114,2.271,2.740,250.0,250.0,13.112,4.939,3.187,9.417,7.822,4.858,2.964,4.796,5.641,0.579,5.062,5.062,0.000,0.000,0.000,42.0,0.000,
12.11.2025,11:11:45.173,2.719,11.835,2.954,2.710,250.0,250.0,13.031,4.994,3.137,9.684,7.951,4.928,3.023,4.878,5.641,0.579,5.062,5.062,0.000,0.000,0.000,42.0,0.000,
12.11.2025,11:11:46.171,1.359,11.863,2.933,2.781,250.0,250.0,13.405,4.839,3.260,8.979,7.590,4.704,2.886,4.654,5.631,0.578,5.053,5.053,0.000,0.000,0.000,42.0,0.000,
12.11.2025,11:11:47.169,2.719,11.145,2.249,2.770,250.0,250.0,12.800,4.922,3.297,9.262,7.788,4.827,2.961,4.778,5.632,0.579,5.053,5.045,0.000,0.000,0.000,42.0,0.000,
12.11.2025,11:11:48.165,2.719,13.169,4.179,2.799,250.0,250.0,12.591,4.922,3.162,8.451,7.212,4.472,2.740,4.410,5.621,0.576,5.045,5.045,0.000,0.000,0.000,42.0,0.000,
12.11.2025,11:11:49.166,2.719,12.053,3.042,2.806,250.0,250.0,12.591,4.673,3.162,8.451,7.212,4.472,2.740,4.410,5.621,0.576,5.045,5.045,0.000,0.000,0.000,42.0,0.000,
12.11.2025,11:11:50.167,1.359,13.360,4.373,2.826,250.0,250.0,12.685,4.805,3.014,9.115,7.531,4.668,2.863,4.607,5.612,0.576,5.036,5.027,0.000,0.000,0.000,42.0,0.000,
12.11.2025,11:11:51.167,2.719,11.270,2.397,2.785,250.0,250.0,12.648,4.775,3.051,8.968,7.456,4.618,2.838,4.569,5.612,0.576,5.036,5.027,0.001,0.000,0.000,42.0,0.000,
12.11.2025,11:11:52.170,2.719,12.307,3.395,2.737,250.0,250.0,12.915,4.935,3.051,9.582,7.840,4.866,2.974,4.804,5.603,0.576,5.027,5.027,0.000,0.000,0.000,42.0,0.000,
12.11.2025,11:11:53.168,2.719,11.715,2.831,2.752,250.0,250.0,13.335,4.932,3.149,9.469,7.832,4.857,2.975,4.808,5.603,0.576,5.027,5.019,0.000,0.000,0.000,42.0,0.000,
12.11.2025,11:11:54.170,2.719,11.753,2.866,2.765,250.0,250.0,13.365,4.993,3.186,9.682,7.985,4.951,3.034,4.890,5.592,0.573,5.019,5.019,0.000,0.000,0.000,42.0,0.000,
12.11.2025,11:11:55.166,5.438,11.898,2.995,2.761,250.0,250.0,13.426,4.685,3.076,8.628,7.266,4.500,2.766,4.451,5.575,0.573,5.002,5.010,0.000,0.000,0.000,42.0,0.000,
12.11.2025,11:11:56.180,27.188,11.780,2.807,2.752,250.0,250.0,12.762,4.812,2.990,9.203,7.570,4.694,2.876,4.633,5.575,0.573,5.002,5.002,0.000,0.000,0.000,42.0,0.000,
12.11.2025,11:11:57.175,12.235,13.320,4.384,2.796,250.0,250.0,12.704,4.754,3.027,8.945,7.433,4.607,2.826,4.546,5.575,0.573,5.002,5.002,0.000,0.000,0.000,42.0,0.000,
12.11.2025,11:11:58.167,20.391,12.441,3.513,2.747,250.0,250.0,12.489,5.320,3.125,11.025,8.773,5.443,3.330,5.381,5.566,0.572,4.994,4.994,0.000,0.000,0.000,42.0,0.000,
12.11.2025,11:11:59.175,4.078,12.820,3.848,2.777,250.0,250.0,12.508,5.181,3.113,10.506,8.450,5.232,3.218,5.170,5.565,0.571,4.994,4.994,0.000,0.000,0.000,42.0,0.000,
12.11.2025,11:12:0.173,5.438,13.379,4.424,2.810,250.0,250.0,12.678,5.071,2.941,10.272,8.189,5.083,3.106,5.022,5.556,0.571,4.985,4.985,0.000,0.000,0.000,42.0,0.000,
12.11.2025,11:12:1.162,10.875,12.903,3.910,2.774,250.0,250.0,12.606,5.218,3.234,10.534,8.544,5.291,3.253,5.229,5.556,0.571,4.985,4.985,0.000,0.000,0.000,42.0,0.000,
12.11.2025,11:12:2.189,10.875,11.626,2.730,2.738,250.0,250.0,12.908,5.279,3.199,10.803,8.686,5.381,3.305,5.320,5.556,0.571,4.985,4.985,0.000,0.000,0.000,42.0,0.000,
12.11.2025,11:12:3.201,10.875,11.768,2.863,2.759,250.0,250.0,12.939,5.473,2.965,11.784,9.152,5.676,3.476,5.602,5.549,0.572,4.977,4.977,0.000,0.000,0.000,42.0,0.000,
12.11.2025,11:12:4.212,8.156,12.180,3.217,2.775,250.0,250.0,12.582,5.633,2.892,12.461,9.524,5.911,3.613,5.838,5.555,0.578,4.977,4.977,0.000,0.000,0.000,42.0,0.000,
12.11.2025,11:12:5.227,10.875,11.796,2.946,2.757,250.0,250.0,12.459,5.192,2.990,10.691,8.488,5.257,3.231,5.196,5.545,0.568,4.977,4.977,0.001,0.000,0.000,42.0,0.000,
12.11.2025,11:12:6.223,10.875,12.157,3.203,2.747,250.0,250.0,12.614,4.524,2.953,8.198,6.923,4.291,2.632,4.242,5.521,0.561,4.960,4.960,0.000,0.000,0.000,42.0,0.000,
12.11.2025,11:12:7.222,10.875,13.651,4.747,2.766,250.0,250.0,12.755,5.197,3.113,10.605,8.513,5.282,3.231,5.208,5.528,0.568,4.960,4.960,0.000,0.000,0.000,42.0,0.000,
12.11.2025,11:12:8.216,19.032,12.108,3.248,2.707,250.0,250.0,12.651,5.177,3.064,10.582,8.463,5.245,3.218,5.184,5.528,0.568,4.960,4.960,0.000,0.000,0.000,42.0,0.000,
12.11.2025,11:12:9.222,12.235,12.319,3.393,2.780,250.0,250.0,12.941,5.114,3.148,10.264,8.325,5.157,3.168,5.095,5.517,0.566,4.951,4.951,0.000,0.000,0.000,42.0,0.000,
12.11.2025,11:12:10.220,2.719,12.955,4.009,2.768,250.0,250.0,13.076,5.121,3.211,10.234,8.338,5.170,3.168,5.108,5.517,0.566,4.951,4.951,0.000,0.000,0.000,42.0,0.000,
12.11.2025,11:12:11.216,6.797,12.018,3.090,2.752,250.0,250.0,12.461,5.205,3.285,10.485,8.541,5.297,3.244,5.235,5.509,0.566,4.943,4.943,0.000,0.000,0.000,42.0,0.000,
12.11.2025,11:12:12.222,14.953,11.822,2.922,2.753,250.0,250.0,13.125,5.157,3.015,10.571,8.432,5.224,3.208,5.163,5.509,0.566,4.943,4.934,0.000,0.000,0.000,42.0,0.000,
12.11.2025,11:12:13.238,10.875,12.068,3.188,2.738,250.0,250.0,13.052,5.067,2.941,10.312,8.218,5.098,3.120,5.037,5.500,0.566,4.934,4.943,0.000,0.000,0.000,42.0,0.000,
12.11.2025,11:12:14.236,6.797,12.129,3.261,2.728,250.0,250.0,12.763,5.130,3.039,10.470,8.377,5.196,3.181,5.134,5.489,0.563,4.926,4.926,0.000,0.000,0.000,42.0,0.000,
12.11.2025,11:12:15.233,10.875,11.729,2.804,2.742,250.0,250.0,12.704,5.095,3.002,10.367,8.295,5.149,3.146,5.087,5.489,0.563,4.926,4.926,0.000,0.000,0.000,42.0,0.000,
12.11.2025,11:12:16.234,8.156,12.421,3.529,2.746,250.0,250.0,12.645,4.998,2.990,10.012,8.067,4.997,3.070,4.936,5.489,0.563,4.926,4.926,0.000,0.000,0.000,42.0,0.000,
12.11.2025,11:12:17.230,12.235,13.508,4.621,2.740,250.0,250.0,12.690,5.051,2.978,10.239,8.198,5.088,3.110,5.027,5.481,0.563,4.918,4.909,0.000,0.000,0.000,42.0,0.000,
12.11.2025,11:12:18.231,14.953,15.489,6.461,2.874,250.0,250.0,12.611,5.083,3.015,10.320,8.270,5.136,3.134,5.075,5.481,0.563,4.918,4.918,0.000,0.000,0.000,42.0,0.000,
12.11.2025,11:12:19.231,14.953,18.338,9.125,2.956,250.0,250.0,12.127,4.917,2.978,9.740,7.882,4.887,2.995,4.838,5.472,0.563,4.909,4.909,0.000,0.000,0.000,42.0,0.000,
12.11.2025,11:12:20.236,14.953,13.353,4.408,2.824,250.0,250.0,12.185,4.889,2.990,9.629,7.825,4.852,2.973,4.803,5.459,0.559,4.900,4.900,0.000,0.000,0.000,42.0,0.000,
12.11.2025,11:12:21.240,14.953,12.330,3.392,2.758,250.0,250.0,12.188,4.858,2.965,9.520,7.750,4.802,2.948,4.741,5.472,0.563,4.909,4.909,0.000,0.000,0.000,42.0,0.000,
12.11.2025,11:12:22.239,12.235,11.950,2.984,2.786,250.0,250.0,12.008,4.741,2.904,9.151,7.480,4.643,2.837,4.581,5.459,0.559,4.900,4.900,0.000,0.000,0.000,42.0,0.000,
12.11.2025,11:12:23.237,10.875,12.067,3.173,2.756,250.0,250.0,11.888,4.921,3.002,9.751,7.908,4.912,2.996,4.851,5.451,0.559,4.892,4.892,0.000,0.000,0.000,42.0,0.000,
12.11.2025,11:12:24.248,12.235,12.409,3.515,2.753,250.0,250.0,12.538,4.773,2.953,9.239,7.569,4.694,2.875,4.632,5.442,0.559,4.883,4.883,0.000,0.000,0.000,42.0,0.000,
12.11.2025,11:12:25.260,5.438,11.432,2.589,2.739,250.0,250.0,12.300,4.861,2.953,9.581,7.781,4.831,2.950,4.770,5.432,0.558,4.874,4.874,0.000,0.000,0.000,42.0,0.000,
12.11.2025,11:12:26.265,10.875,12.375,3.474,2.756,250.0,250.0,12.625,4.841,3.014,9.449,7.730,4.793,2.937,4.744,5.432,0.558,4.874,4.874,0.000,0.000,0.000,42.0,0.000,
12.11.2025,11:12:27.268,9.516,12.306,3.409,2.786,250.0,250.0,12.161,4.735,2.954,9.107,7.483,4.645,2.838,4.583,5.432,0.558,4.874,4.874,0.000,0.000,0.000,42.0,0.000,
12.11.2025,11:12:28.274,4.078,13.239,4.193,2.859,250.0,250.0,12.245,4.803,2.966,9.364,7.653,4.742,2.911,4.680,5.424,0.558,4.866,4.866,0.000,0.000,0.000,42.0,0.000,
12.11.2025,11:12:29.273,10.875,12.170,3.184,2.788,250.0,250.0,12.442,4.780,2.965,9.273,7.595,4.707,2.888,4.657,5.424,0.558,4.866,4.866,0.000,0.000,0.000,42.0,0.000,
12.11.2025,11:12:30.262,8.156,11.618,2.752,2.753,250.0,250.0,12.296,4.902,3.014,9.693,7.886,4.889,2.997,4.828,5.424,0.558,4.866,4.866,0.000,0.000,0.000,42.0,0.000,
12.11.2025,11:12:31.259,2.719,12.067,3.120,2.777,250.0,250.0,12.508,4.764,2.941,9.238,7.559,4.683,2.876,4.634,5.424,0.558,4.866,4.866,0.000,0.000,0.000,42.0,0.000,
12.11.2025,11:12:32.260,2.719,12.011,3.096,2.786,250.0,250.0,12.221,4.755,3.199,8.945,7.535,4.671,2.864,4.622,5.424,0.558,4.866,4.866,0.000,0.000,0.000,42.0,0.000,
12.11.2025,11:12:33.261,9.516,11.800,2.844,2.783,250.0,250.0,12.563,4.835,3.210,9.259,7.740,4.804,2.936,4.742,5.403,0.554,4.849,4.849,0.000,0.000,0.000,42.0,0.000,
12.11.2025,11:12:34.257,10.875,13.020,4.054,2.765,250.0,250.0,12.691,4.758,3.113,9.068,7.555,4.680,2.875,4.631,5.403,0.554,4.849,4.849,0.000,0.000,0.000,42.0,0.000,
12.11.2025,11:12:35.259,24.469,13.020,4.054,2.765,250.0,250.0,12.557,4.464,2.929,8.133,6.864,4.248,2.616,4.199,5.403,0.554,4.849,4.849,0.000,0.000,0.000,42.0,0.000,
12.11.2025,11:12:36.257,9.516,13.889,4.949,2.798,250.0,250.0,12.144,4.770,2.904,9.323,7.598,4.709,2.889,4.648,5.395,0.554,4.841,4.841,0.000,0.000,0.000,42.0,0.000,
12.11.2025,11:12:37.260,2.719,13.889,4.949,2.798,250.0,250.0,12.799,4.634,3.027,8.684,7.270,4.507,2.763,4.446,5.403,0.554,4.849,4.841,0.000,0.000,0.000,42.0,0.000,
Date,Time,"VR VCC 전류 (SVID IOUT) [A]","CPU 패키지 전력 소비 [W]","IA 코어 전력 소비 [W]","시스템 에이전트 전력 소비 [W]","PL1 전력 제한 (Static) [W]","PL2 전력 제한 (Static) [W]","GPU 전력 소비 [W]","GPU 라인 전력 소비 (avg) [W]","GPU PCIe +12V 입력 전력 소비 [W]","GPU 12VHPWR 전력 소비 [W]","GPU Unknown Rail (D6) 전력 소비 (sum) [W]","GPU Core (NVVDD) 입력 전력 소비 (sum) [W]","GPU Unknown Rail (D4) 전력 소비 (sum) [W]","GPU Misc0 입력 전력 소비 (sum) [W]","GPU Unknown Rail (D) 전력 소비 (sum) [W]","GPU Unknown Rail (10) 전력 소비 [W]","GPU Core (NVVDD) 출력 전력 소비 [W]","GPU Core (NVVDD) 출력 전력 소비 [W]","PCH 전력 소비 [W]","나머지 칩 전력 소비 [W]","총 전력 소비 [W]","T3 [°C]","총 전력 소비 [W]",
,,CPU [#0]: Intel Core Ultra 7 265KF: Enhanced,CPU [#0]: Intel Core Ultra 7 265KF: Enhanced,CPU [#0]: Intel Core Ultra 7 265KF: Enhanced,CPU [#0]: Intel Core Ultra 7 265KF: Enhanced,CPU [#0]: Intel Core Ultra 7 265KF: Enhanced,CPU [#0]: Intel Core Ultra 7 265KF: Enhanced,GPU [#1]: NVIDIA GeForce RTX 5090: GIGABYTE GeForce RTX 5090 GAMING OC 32G (GV-N5090GAMING OC-32GD),GPU [#1]: NVIDIA GeForce RTX 5090: GIGABYTE GeForce RTX 5090 GAMING OC 32G (GV-N5090GAMING OC-32GD),GPU [#1]: NVIDIA GeForce RTX 5090: GIGABYTE GeForce RTX 5090 GAMING OC 32G (GV-N5090GAMING OC-32GD),GPU [#1]: NVIDIA GeForce RTX 5090: GIGABYTE GeForce RTX 5090 GAMING OC 32G (GV-N5090GAMING OC-32GD),GPU [#1]: NVIDIA GeForce RTX 5090: GIGABYTE GeForce RTX 5090 GAMING OC 32G (GV-N5090GAMING OC-32GD),GPU [#1]: NVIDIA GeForce RTX 5090: GIGABYTE GeForce RTX 5090 GAMING OC 32G (GV-N5090GAMING OC-32GD),GPU [#1]: NVIDIA GeForce RTX 5090: GIGABYTE GeForce RTX 5090 GAMING OC 32G (GV-N5090GAMING OC-32GD),GPU [#1]: NVIDIA GeForce RTX 5090: GIGABYTE GeForce RTX 5090 GAMING OC 32G (GV-N5090GAMING OC-32GD),GPU [#1]: NVIDIA GeForce RTX 5090: GIGABYTE GeForce RTX 5090 GAMING OC 32G (GV-N5090GAMING OC-32GD),GPU [#1]: NVIDIA GeForce RTX 5090: GIGABYTE GeForce RTX 5090 GAMING OC 32G (GV-N5090GAMING OC-32GD),GPU [#1]: NVIDIA GeForce RTX 5090: GIGABYTE GeForce RTX 5090 GAMING OC 32G (GV-N5090GAMING OC-32GD),GPU [#1]: NVIDIA GeForce RTX 5090: GIGABYTE GeForce RTX 5090 GAMING OC 32G (GV-N5090GAMING OC-32GD),CPU [#0]: Intel Core Ultra 7 265KF: Enhanced,CPU [#0]: Intel Core Ultra 7 265KF: Enhanced,DDR5 DIMM [#3]: Micron CP32G64C40U5B.M8B1 (BANK 0/DIMMA2),NUC126,DDR5 DIMM [#1]: Micron CP32G64C40U5B.M8B1 (BANK 1/DIMMB2),
