Date,Time,"VR VCC 전류 (SVID IOUT) [A]","CPU 패키지 전력 소비 [W]","IA 코어 전력 소비 [W]","시스템 에이전트 전력 소비 [W]","PL1 전력 제한 (Static) [W]","PL2 전력 제한 (Static) [W]","GPU 전력 소비 [W]","GPU 라인 전력 소비 (avg) [W]","GPU PCIe +12V 입력 전력 소비 [W]","GPU 12VHPWR 전력 소비 [W]","GPU Unknown Rail (D6) 전력 소비 (sum) [W]","GPU Core (NVVDD) 입력 전력 소비 (sum) [W]","GPU Unknown Rail (D4) 전력 소비 (sum) [W]","GPU Misc0 입력 전력 소비 (sum) [W]","GPU Unknown Rail (D) 전력 소비 (sum) [W]","GPU Unknown Rail (10) 전력 소비 [W]","GPU Core (NVVDD) 출력 전력 소비 [W]","GPU Core (NVVDD) 출력 전력 소비 [W]","PCH 전력 소비 [W]","나머지 칩 전력 소비 [W]","총 전력 소비 [W]",
12.11.2025,9:53:40.572,10.875,11.875,2.922,2.763,250.0,250.0,5.109,2.634,2.342,3.266,3.485,2.155,1.330,2.131,4.014,0.413,3.601,3.601,0.000,0.000,0.000,
12.11.2025,9:53:41.566,25.829,16.991,7.877,2.912,250.0,250.0,10.807,3.921,2.464,8.058,6.526,4.051,2.475,4.002,4.019,0.418,3.601,3.601,0.000,0.000,0.000,
12.11.2025,9:53:42.562,38.063,14.727,5.629,2.863,250.0,250.0,11.991,5.095,2.745,12.144,9.223,5.718,3.505,5.657,4.178,0.503,3.675,3.601,0.001,0.000,0.000,
12.11.2025,9:53:43.557,17.672,32.617,23.229,3.157,250.0,250.0,16.583,5.115,2.905,12.106,9.312,5.769,3.543,5.695,4.103,0.478,3.625,3.618,0.000,0.000,0.000,
12.11.2025,9:53:44.563,13.594,23.432,14.091,3.131,250.0,250.0,12.676,4.180,2.660,8.809,7.112,4.405,2.707,4.356,4.077,0.473,3.604,3.601,0.000,0.000,0.000,
12.11.2025,9:53:45.560,21.750,29.631,20.322,3.081,250.0,250.0,10.626,3.848,2.501,7.729,6.346,3.943,2.403,3.894,4.028,0.418,3.610,3.610,0.000,0.000,0.000,
12.11.2025,9:53:46.556,17.672,26.776,18.245,3.204,250.0,250.0,35.210,21.710,8.814,66.811,46.898,29.077,17.821,28.733,6.530,0.637,5.893,5.888,0.000,0.000,0.000,
12.11.2025,9:53:47.559,17.672,25.204,17.707,3.065,250.0,250.0,75.186,19.359,8.779,57.848,41.326,25.620,15.706,25.313,6.549,0.642,5.907,5.899,0.000,0.000,0.000,
12.11.2025,9:53:48.555,21.750,26.626,19.298,2.953,250.0,250.0,66.132,19.193,8.779,57.251,40.949,25.389,15.560,25.094,6.511,0.620,5.891,5.888,0.000,0.000,0.000,
12.11.2025,9:53:49.556,21.750,27.860,20.611,2.880,250.0,250.0,66.251,19.266,8.807,57.535,41.143,25.518,15.625,25.211,6.461,0.573,5.888,5.899,0.000,0.000,0.000,
12.11.2025,9:53:50.555,23.110,26.444,19.176,2.912,250.0,250.0,68.087,19.314,8.832,57.667,41.253,25.575,15.678,25.268,6.481,0.573,5.908,5.908,0.000,0.000,0.000,
12.11.2025,9:53:51.558,21.750,25.122,17.727,3.009,250.0,250.0,66.460,19.236,8.830,57.365,41.060,25.459,15.601,25.152,6.481,0.573,5.908,5.929,0.000,0.000,0.000,
12.11.2025,9:53:52.555,12.235,26.482,19.148,2.935,250.0,250.0,66.286,19.234,8.845,57.337,41.051,25.448,15.603,25.141,6.504,0.575,5.929,5.908,0.000,0.000,0.000,
12.11.2025,9:53:53.560,20.391,27.264,18.450,2.910,250.0,250.0,46.102,9.381,4.302,26.969,19.401,12.029,7.372,11.881,4.090,0.421,3.669,3.677,0.002,0.000,0.000,
12.11.2025,9:53:54.557,21.750,29.650,19.972,3.158,250.0,250.0,22.793,7.052,3.518,18.895,13.884,8.613,5.271,8.514,4.083,0.423,3.660,3.660,0.000,0.000,0.000,
12.11.2025,9:53:55.553,24.469,30.801,21.159,3.435,250.0,250.0,21.037,6.673,3.371,17.594,12.993,8.064,4.929,7.965,4.083,0.423,3.660,3.651,0.001,0.000,0.000,
12.11.2025,9:53:56.555,19.032,25.100,15.730,3.125,250.0,250.0,19.443,5.409,2.648,13.404,9.959,6.175,3.784,6.101,4.184,0.540,3.644,3.651,0.000,0.000,0.000,
12.11.2025,9:53:57.553,24.469,32.386,22.647,3.422,250.0,250.0,19.827,8.986,4.093,25.590,18.416,11.413,7.003,11.278,4.205,0.527,3.678,3.660,0.000,0.000,0.000,
12.11.2025,9:53:58.556,28.547,31.372,21.836,3.324,250.0,250.0,21.853,5.133,2.721,12.315,9.333,5.787,3.546,5.713,4.135,0.492,3.643,3.643,0.001,0.000,0.000,
12.11.2025,9:53:59.568,23.110,35.308,25.648,3.422,250.0,250.0,15.559,5.138,2.770,12.288,9.339,5.796,3.543,5.722,4.137,0.486,3.651,3.643,0.000,0.000,0.500,
12.11.2025,9:54:0.563,17.672,33.013,23.153,3.582,250.0,250.0,14.743,5.878,2.745,15.094,11.048,6.858,4.190,6.772,4.217,0.570,3.647,3.643,0.000,0.000,0.000,
12.11.2025,9:54:1.561,17.672,26.133,17.078,3.266,250.0,250.0,33.160,75.168,9.087,220.494,141.697,87.855,53.842,86.794,73.293,23.724,49.569,5.327,0.000,0.000,0.000,
12.11.2025,9:54:2.560,29.907,37.887,29.907,3.465,250.0,250.0,165.266,47.754,8.843,152.011,99.459,61.670,37.789,60.925,23.249,2.501,20.748,10.346,0.000,0.000,0.000,
12.11.2025,9:54:3.560,21.750,27.956,20.295,3.191,250.0,250.0,141.233,26.060,8.811,79.134,54.550,33.827,20.723,33.410,10.308,0.775,9.533,9.533,0.000,0.000,0.000,
12.11.2025,9:54:4.575,23.110,29.346,21.849,3.097,250.0,250.0,79.742,16.316,8.816,47.246,34.776,21.556,13.220,21.298,5.569,0.461,5.108,5.108,0.000,0.000,0.000,20.0,
12.11.2025,9:54:5.565,24.469,28.280,20.734,3.113,250.0,250.0,77.652,36.814,8.810,80.840,55.584,34.467,21.117,34.049,16.735,2.288,14.447,99.799,0.000,0.000,0.000,20.0,
12.11.2025,9:54:6.566,16.313,26.436,19.021,3.062,250.0,250.0,102.446,15.414,8.852,43.113,32.229,19.988,12.241,19.743,6.148,0.472,5.676,5.676,0.000,0.000,0.000,20.0,
12.11.2025,9:54:7.566,19.032,26.567,19.164,2.987,250.0,250.0,92.696,109.408,8.962,214.986,138.487,85.867,52.620,84.829,163.500,71.725,91.775,181.324,0.000,0.000,0.000,20.0,
12.11.2025,9:54:8.555,20.391,28.253,20.786,3.009,250.0,250.0,174.883,161.001,8.861,356.872,226.349,140.352,85.997,138.655,234.382,89.400,144.982,184.159,0.000,0.000,0.000,20.0,
12.11.2025,9:54:9.557,16.313,26.677,19.346,2.943,250.0,250.0,154.764,174.692,8.822,360.021,228.472,141.678,86.794,139.967,298.717,136.448,162.269,183.736,0.000,0.000,0.000,20.0,
12.11.2025,9:54:10.567,20.391,27.596,20.095,3.094,250.0,250.0,244.859,26.261,8.808,79.517,54.770,33.966,20.804,33.561,10.662,0.800,9.862,9.862,0.000,0.000,0.000,20.0,
12.11.2025,9:54:11.554,16.313,22.881,14.834,3.559,250.0,250.0,88.416,26.154,8.808,79.214,54.591,33.847,20.744,33.442,10.562,0.794,9.768,9.768,0.000,0.000,0.000,20.0,
12.11.2025,9:54:12.568,20.391,27.868,19.704,3.321,250.0,250.0,61.172,9.184,4.669,25.668,18.815,11.667,7.148,11.532,4.259,0.437,3.822,3.822,0.004,0.000,0.000,20.0,
12.11.2025,9:54:13.555,20.391,30.485,20.935,2.985,250.0,250.0,24.200,4.078,2.930,7.974,6.764,4.193,2.571,4.144,4.218,0.439,3.779,3.771,0.000,0.000,0.000,20.0,
12.11.2025,9:54:14.567,23.110,31.926,22.553,2.999,250.0,250.0,16.874,5.300,2.856,12.734,9.663,5.999,3.664,5.925,4.199,0.437,3.762,3.762,0.000,0.000,0.000,20.0,
12.11.2025,9:54:15.567,24.469,28.732,19.025,3.462,250.0,250.0,12.893,4.128,2.770,8.342,6.906,4.284,2.622,4.222,4.190,0.436,3.754,3.754,0.001,0.000,0.000,20.0,
12.11.2025,9:54:16.566,21.750,27.583,18.232,3.145,250.0,250.0,11.095,4.126,2.623,8.496,6.903,4.282,2.621,4.221,4.180,0.434,3.746,3.754,0.000,0.000,0.000,20.0,
12.11.2025,9:54:17.568,28.547,31.088,22.139,2.843,250.0,250.0,11.197,3.903,2.574,7.695,6.377,3.952,2.425,3.903,4.180,0.434,3.746,3.746,0.000,0.000,0.000,20.0,
12.11.2025,9:54:18.568,20.391,30.093,21.051,2.836,250.0,250.0,10.579,3.912,2.550,7.754,6.399,3.962,2.437,3.913,4.180,0.434,3.746,3.746,0.000,0.000,0.000,20.0,
12.11.2025,9:54:19.568,20.391,28.135,19.930,3.128,250.0,250.0,42.272,25.109,8.843,76.486,52.928,32.820,20.108,32.415,9.520,1.047,8.473,8.450,0.000,0.000,0.000,20.0,
12.11.2025,9:54:20.576,23.110,27.271,19.809,3.058,250.0,250.0,85.610,25.148,8.819,76.812,53.111,32.929,20.182,32.537,9.290,0.783,8.507,8.507,0.000,0.000,0.000,20.0,
12.11.2025,9:54:21.585,25.829,28.603,21.146,3.029,250.0,250.0,69.285,11.125,8.769,29.000,23.427,14.525,8.902,14.354,4.239,0.435,3.804,3.797,0.000,0.000,0.000,20.0,
12.11.2025,9:54:22.600,21.750,32.886,25.103,3.162,250.0,250.0,38.825,8.250,4.338,22.456,16.619,10.306,6.313,10.183,4.243,0.446,3.797,3.797,0.002,0.000,0.000,20.0,
12.11.2025,9:54:23.607,39.422,27.978,18.303,3.124,250.0,250.0,32.382,10.223,4.302,30.043,21.304,13.207,8.097,13.047,4.223,0.435,3.788,3.788,0.000,0.000,0.000,20.0,
12.11.2025,9:54:24.614,28.547,32.283,22.614,3.163,250.0,250.0,31.466,5.161,2.868,12.154,9.312,5.781,3.531,5.707,4.245,0.474,3.771,3.771,0.000,0.000,0.000,20.0,
12.11.2025,9:54:25.614,14.953,30.668,21.398,3.150,250.0,250.0,22.726,9.853,4.081,28.854,20.435,12.669,7.766,12.509,4.217,0.438,3.779,3.779,0.000,0.000,0.000,20.0,
12.11.2025,9:54:26.603,29.907,31.213,21.830,3.142,250.0,250.0,24.786,11.562,4.019,35.479,24.469,15.180,9.289,14.996,4.210,0.439,3.771,3.771,0.000,0.000,0.000,20.0,
12.11.2025,9:54:27.606,21.750,28.849,19.657,3.078,250.0,250.0,26.530,6.419,3.297,16.578,12.321,7.641,4.680,7.543,4.190,0.436,3.754,3.754,0.000,0.000,0.000,20.0,
12.11.2025,9:54:28.601,25.829,30.699,21.401,3.099,250.0,250.0,15.355,4.595,2.635,10.268,8.009,4.958,3.051,4.897,4.189,0.435,3.754,3.754,0.000,0.000,0.000,20.0,
12.11.2025,9:54:29.617,25.829,31.874,22.467,3.183,250.0,250.0,17.875,7.261,3.149,19.959,14.283,8.864,5.419,8.753,4.210,0.448,3.762,3.762,0.000,0.000,0.000,20.0,
12.11.2025,9:54:30.620,24.469,29.340,20.061,3.098,250.0,250.0,19.100,6.192,2.905,14.797,10.966,6.799,4.167,6.725,5.905,0.776,5.129,3.754,0.000,0.000,0.000,20.0,
12.11.2025,9:54:31.622,19.032,29.598,20.357,3.101,250.0,250.0,15.245,5.676,2.770,12.538,9.478,5.876,3.602,5.815,6.464,1.025,5.439,3.754,0.000,0.000,0.000,20.0,
12.11.2025,9:54:32.622,20.391,34.194,24.765,3.174,250.0,250.0,17.610,6.203,2.819,16.249,11.800,7.318,4.482,7.220,4.193,0.439,3.754,3.754,0.000,0.000,0.125,20.0,
12.11.2025,9:54:33.633,17.672,29.880,20.685,3.052,250.0,250.0,12.922,4.434,2.672,9.633,7.627,4.736,2.891,4.674,4.180,0.434,3.746,3.746,0.000,0.000,0.000,20.0,
12.11.2025,9:54:34.635,17.672,28.514,19.825,3.074,250.0,250.0,13.689,26.942,8.812,81.804,56.207,34.846,21.361,34.429,10.962,0.923,10.039,10.039,0.000,0.000,0.000,20.0,
12.11.2025,9:54:35.636,16.313,25.501,17.936,3.132,250.0,250.0,125.656,26.541,8.837,80.600,55.477,34.395,21.082,33.978,10.648,0.903,9.745,9.745,0.000,0.000,0.000,42.0,
12.11.2025,9:54:36.634,14.953,23.671,16.158,3.080,250.0,250.0,109.642,13.285,8.780,36.086,27.833,17.258,10.575,17.049,5.272,0.543,4.729,4.729,0.000,0.000,0.000,42.0,
12.11.2025,9:54:37.633,33.985,24.079,16.473,3.120,250.0,250.0,76.510,12.049,8.780,32.029,25.312,15.696,9.616,15.512,4.688,0.519,4.169,4.169,0.000,0.000,0.000,42.0,
12.11.2025,9:54:38.634,17.672,25.195,17.675,3.091,250.0,250.0,62.151,41.685,8.843,145.843,95.380,59.145,36.235,58.425,4.519,0.571,3.948,3.947,0.000,0.000,0.625,42.0,
12.11.2025,9:54:39.635,21.750,27.293,19.309,3.078,250.0,250.0,64.445,25.470,8.787,81.096,55.755,34.565,21.190,34.148,4.682,0.644,4.037,9.791,0.000,0.000,0.000,42.0,
12.11.2025,9:54:40.634,23.110,25.369,17.785,3.115,250.0,250.0,99.977,26.591,8.811,80.688,55.504,34.414,21.090,34.009,10.784,0.897,9.887,9.827,0.000,0.000,0.000,42.0,
12.11.2025,9:54:41.642,20.391,27.424,19.849,3.142,250.0,250.0,87.109,13.533,8.768,36.970,28.369,17.586,10.783,17.378,5.373,0.534,4.839,4.729,0.000,0.000,0.000,42.0,
12.11.2025,9:54:42.637,17.672,27.159,19.571,3.120,250.0,250.0,54.693,12.750,8.767,34.569,26.877,16.661,10.216,16.465,4.875,0.532,4.343,4.195,0.000,0.000,0.000,42.0,
12.11.2025,9:54:43.638,17.672,25.548,17.981,3.090,250.0,250.0,52.937,41.547,8.855,145.241,95.020,58.921,36.099,58.202,4.581,0.604,3.977,3.974,0.000,0.000,0.000,42.0,
12.11.2025,9:54:44.645,21.750,28.236,20.606,3.157,250.0,250.0,63.253,11.565,8.805,30.047,24.109,14.947,9.162,14.762,4.975,0.593,4.382,3.864,0.000,0.000,0.000,42.0,0.500,
12.11.2025,9:54:45.631,19.032,27.584,19.508,3.185,250.0,250.0,63.895,25.661,8.898,81.636,56.150,34.811,21.339,34.394,4.764,0.677,4.087,9.851,0.000,0.000,0.000,42.0,0.000,
12.11.2025,9:54:46.633,21.750,24.525,17.010,3.040,250.0,250.0,98.753,26.644,8.874,80.752,55.593,34.473,21.120,34.056,10.840,0.918,9.922,9.887,0.000,0.000,0.000,42.0,0.000,
12.11.2025,9:54:47.652,19.032,24.928,17.450,3.054,250.0,250.0,86.834,12.838,8.792,34.608,26.922,16.691,10.231,16.495,5.093,0.527,4.566,4.449,0.000,0.000,0.000,42.0,0.000,
12.11.2025,9:54:48.648,20.391,24.320,16.791,3.088,250.0,250.0,53.987,11.862,8.780,31.371,24.901,15.446,9.455,15.262,4.668,0.525,4.143,4.066,0.000,0.000,0.000,42.0,0.000,
12.11.2025,9:54:49.658,20.391,24.944,17.371,3.102,250.0,250.0,62.964,12.137,8.781,32.628,25.691,15.928,9.763,15.732,4.461,0.603,3.858,3.924,0.000,0.000,0.000,42.0,0.000,
12.11.2025,9:54:50.658,20.391,28.007,20.325,3.189,250.0,250.0,52.822,12.150,8.792,32.625,25.679,15.921,9.758,15.737,4.548,0.605,3.943,3.890,0.000,0.000,0.000,42.0,0.000,
12.11.2025,9:54:51.658,13.594,27.103,19.480,3.148,250.0,250.0,51.232,11.435,8.808,29.966,24.055,14.915,9.140,14.731,4.430,0.540,3.890,3.873,0.000,0.000,0.000,42.0,0.000,
12.11.2025,9:54:52.647,19.032,26.880,18.475,3.089,250.0,250.0,70.783,26.670,8.849,80.906,55.671,34.517,21.154,34.100,10.799,0.912,9.887,9.910,0.000,0.000,0.000,42.0,0.000,
12.11.2025,9:54:53.666,28.547,24.981,17.351,3.162,250.0,250.0,100.067,26.662,8.811,80.825,55.590,34.476,21.114,34.059,10.889,0.921,9.968,9.968,0.000,0.000,0.000,42.0,0.375,
12.11.2025,9:54:54.669,17.672,25.051,17.492,3.113,250.0,250.0,77.923,98.908,8.808,128.489,84.680,52.508,32.172,51.874,258.186,66.671,191.515,114.172,0.001,0.000,0.500,42.0,0.000,
12.11.2025,9:54:55.672,17.672,27.159,19.647,3.076,250.0,250.0,63.835,12.258,8.770,32.820,25.793,15.992,9.801,15.808,4.731,0.552,4.179,4.135,0.000,0.000,0.500,42.0,0.000,
12.11.2025,9:54:56.672,19.032,24.843,17.128,3.048,250.0,250.0,61.005,9.087,4.375,25.430,18.488,11.461,7.027,11.326,4.432,0.534,3.898,3.898,0.003,0.000,0.000,42.0,0.000,
12.11.2025,9:54:57.671,23.110,24.332,15.727,3.038,250.0,250.0,72.283,26.830,8.850,81.435,55.993,34.727,21.266,34.310,10.875,0.907,9.968,9.968,0.000,0.000,0.500,42.0,0.000,
12.11.2025,9:54:58.672,19.032,24.333,16.772,3.088,250.0,250.0,99.607,26.855,8.887,81.417,56.013,34.732,21.281,34.314,10.945,0.929,10.016,10.016,0.000,0.000,0.000,42.0,0.000,
12.11.2025,9:54:59.674,17.672,26.621,19.085,3.105,250.0,250.0,79.013,42.756,8.929,148.960,97.393,60.386,37.007,59.654,5.289,0.629,4.660,4.656,0.000,0.000,0.000,42.0,0.000,
12.11.2025,9:55:0.675,17.672,24.718,16.400,3.022,250.0,250.0,50.270,42.177,8.471,147.195,96.235,59.678,36.557,58.957,5.089,0.589,4.500,4.500,0.000,0.000,0.000,42.0,0.000,
12.11.2025,9:55:1.672,17.672,24.386,16.919,3.012,250.0,250.0,103.296,22.912,8.873,69.299,48.475,30.059,18.416,29.703,8.390,0.875,7.515,7.515,0.000,0.000,0.000,42.0,0.000,
12.11.2025,9:55:2.672,33.985,28.184,20.554,3.158,250.0,250.0,94.218,13.437,8.778,36.543,28.103,17.434,10.669,17.226,5.386,0.538,4.848,4.848,0.000,0.000,0.000,42.0,1.000,
12.11.2025,9:55:3.668,42.141,30.937,22.858,3.554,250.0,250.0,55.817,12.339,8.768,32.995,25.912,16.063,9.849,15.867,4.828,0.545,4.283,4.283,0.000,0.000,0.000,42.0,0.000,
12.11.2025,9:55:4.666,25.829,25.504,17.162,3.074,250.0,250.0,51.055,8.852,3.946,24.790,17.821,11.049,6.772,10.926,4.583,0.533,4.050,4.050,0.003,0.000,0.000,42.0,0.000,
12.11.2025,9:55:5.684,19.032,24.224,16.596,3.092,250.0,250.0,61.823,43.737,8.939,152.055,99.192,61.508,37.684,60.765,5.947,0.614,5.333,5.329,0.000,0.000,0.000,42.0,0.000,
12.11.2025,9:55:6.678,20.391,27.137,19.632,3.073,250.0,250.0,71.950,13.536,8.792,36.267,27.953,17.330,10.623,17.121,5.940,0.546,5.394,5.394,0.000,0.000,0.000,42.0,0.000,
12.11.2025,9:55:7.683,13.594,24.039,16.495,3.028,250.0,250.0,64.643,12.138,8.770,32.373,25.522,15.827,9.695,15.643,4.696,0.535,4.161,4.161,0.000,0.000,0.000,42.0,0.375,
12.11.2025,9:55:8.697,28.547,25.663,17.780,3.011,250.0,250.0,75.359,26.815,8.825,81.258,55.876,34.649,21.227,34.220,11.010,0.936,10.074,10.074,0.000,0.000,0.000,42.0,0.000,
12.11.2025,9:55:9.714,28.547,24.533,17.076,3.016,250.0,250.0,99.942,74.886,8.937,179.734,116.478,72.230,44.248,71.353,122.576,31.482,91.094,10.723,0.000,0.000,0.000,42.0,0.000,
12.11.2025,9:55:10.716,28.547,24.235,16.759,3.036,250.0,250.0,79.287,13.075,8.778,34.967,27.130,16.818,10.312,16.621,5.773,0.597,5.176,4.575,0.000,0.000,0.000,42.0,0.000,
12.11.2025,9:55:11.709,19.032,23.966,16.461,3.029,250.0,250.0,65.349,11.959,8.778,31.583,25.041,15.528,9.513,15.332,4.819,0.545,4.274,4.179,0.000,0.000,0.000,42.0,0.000,
12.11.2025,9:55:12.711,19.032,26.778,19.243,3.098,250.0,250.0,50.841,11.419,8.782,29.853,23.968,14.857,9.111,14.673,4.495,0.529,3.966,3.958,0.000,0.000,0.000,42.0,0.000,
12.11.2025,9:55:13.710,17.672,24.661,17.162,3.060,250.0,250.0,50.030,50.003,8.855,144.809,94.744,58.750,35.994,58.031,47.334,13.261,34.073,4.178,0.000,0.000,0.000,42.0,0.000,
12.11.2025,9:55:14.713,19.032,27.646,19.525,3.144,250.0,250.0,48.818,8.573,3.983,23.313,16.929,10.492,6.437,10.369,5.116,0.598,4.518,3.974,0.003,0.000,2.250,42.0,0.000,
12.11.2025,9:55:15.714,16.313,26.001,16.781,3.077,250.0,250.0,38.643,15.691,8.830,45.154,33.494,20.770,12.724,20.512,4.787,0.575,4.212,5.857,0.000,0.000,0.125,42.0,0.000,
12.11.2025,9:55:16.715,19.032,25.259,17.724,3.064,250.0,250.0,82.429,15.856,8.804,44.592,33.124,20.540,12.584,20.282,6.404,0.556,5.848,5.828,0.000,0.000,0.000,42.0,0.500,
12.11.2025,9:55:17.710,20.391,23.523,16.057,3.049,250.0,250.0,71.364,12.426,8.781,33.243,26.070,16.160,9.910,15.964,4.901,0.557,4.344,4.335,0.000,0.000,0.000,42.0,0.000,
12.11.2025,9:55:18.717,20.391,24.765,17.251,3.070,250.0,250.0,53.115,113.854,8.805,83.427,56.840,35.252,21.588,34.825,142.391,45.155,97.236,613.018,0.000,0.000,0.500,42.0,0.000,
12.11.2025,9:55:19.718,21.750,24.035,15.668,3.036,250.0,250.0,48.823,88.106,4.300,186.142,117.931,73.130,44.801,72.249,122.043,28.209,93.834,138.424,0.000,0.000,0.000,42.0,0.000,
12.11.2025,9:55:20.712,17.672,27.032,19.514,3.058,250.0,250.0,94.738,27.307,8.846,81.871,56.260,34.889,21.371,34.472,12.541,1.052,11.489,10.275,0.000,0.000,0.000,42.0,0.000,
12.11.2025,9:55:21.716,16.313,23.302,15.833,3.045,250.0,250.0,110.210,14.832,8.792,37.367,28.630,17.748,10.882,17.539,11.212,0.926,10.286,4.939,0.000,0.000,0.000,42.0,0.000,
12.11.2025,9:55:22.711,23.110,26.572,19.007,3.100,250.0,250.0,60.795,12.578,8.829,33.621,26.336,16.325,10.011,16.129,5.084,0.555,4.529,4.362,0.000,0.000,0.000,42.0,0.000,
12.11.2025,9:55:23.710,13.594,22.978,15.441,3.081,250.0,250.0,52.211,12.218,8.806,32.414,25.569,15.850,9.719,15.666,4.906,0.567,4.339,4.339,0.000,0.000,0.000,42.0,0.000,
12.11.2025,9:55:24.723,14.953,27.306,18.487,3.116,250.0,250.0,47.087,23.303,8.176,75.363,51.803,32.122,19.681,31.742,4.917,0.611,4.306,4.306,0.000,0.000,0.000,42.0,0.000,
12.11.2025,9:55:25.713,19.032,23.180,15.669,3.048,250.0,250.0,94.339,26.831,8.786,81.053,55.728,34.551,21.177,34.134,11.275,0.941,10.334,10.334,0.000,0.000,0.000,42.0,0.000,
12.11.2025,9:55:26.737,19.032,24.943,17.472,3.026,250.0,250.0,108.377,13.414,8.766,36.299,27.946,17.337,10.609,17.129,5.539,0.563,4.976,4.976,0.000,0.000,0.000,42.0,0.000,
12.11.2025,9:55:27.736,23.110,24.791,16.957,3.040,250.0,250.0,61.124,9.453,4.424,26.205,19.006,11.782,7.224,11.635,4.937,0.558,4.379,4.379,0.002,0.000,0.000,42.0,0.000,
12.11.2025,9:55:28.736,20.391,24.555,16.578,3.030,250.0,250.0,72.672,71.571,8.863,114.835,76.403,47.375,29.028,46.801,19.850,4.100,15.750,352.705,0.000,0.000,0.000,42.0,0.000,
12.11.2025,9:55:29.735,21.750,27.962,20.406,3.076,250.0,250.0,99.306,27.118,8.838,81.938,56.299,34.911,21.388,34.493,11.428,0.965,10.463,10.463,0.000,0.000,0.000,42.0,0.000,
12.11.2025,9:55:30.731,13.594,23.449,15.972,3.070,250.0,250.0,88.787,12.786,8.778,34.247,26.694,16.552,10.142,16.343,5.222,0.567,4.655,4.655,0.000,0.000,0.000,42.0,0.125,
12.11.2025,9:55:31.727,14.953,25.017,17.529,3.020,250.0,250.0,63.385,11.892,8.756,31.334,24.872,15.427,9.445,15.243,4.800,0.552,4.248,4.248,0.000,0.000,0.000,42.0,0.000,
12.11.2025,9:55:32.739,19.032,26.500,18.152,3.067,250.0,250.0,50.424,69.921,4.283,164.544,104.637,64.881,39.756,64.109,99.540,19.137,80.403,57.918,0.003,0.000,0.000,42.0,0.000,
12.11.2025,9:55:33.730,14.953,25.281,17.743,3.036,250.0,250.0,85.771,48.288,8.858,162.765,106.073,65.777,40.296,64.983,11.705,0.982,10.723,10.723,0.000,0.000,0.000,42.0,0.000,
12.11.2025,9:55:34.739,17.672,25.477,17.952,3.089,250.0,250.0,109.468,14.749,8.766,36.913,28.329,17.572,10.757,17.363,11.385,0.933,10.452,5.021,0.000,0.000,0.000,42.0,0.000,
12.11.2025,9:55:35.731,19.032,23.570,16.099,3.034,250.0,250.0,76.757,12.356,8.752,32.761,25.756,15.972,9.784,15.776,5.167,0.575,4.592,4.423,0.000,0.000,0.000,42.0,0.000,
12.11.2025,9:55:36.730,17.672,24.881,16.905,3.010,250.0,250.0,52.720,24.852,3.333,38.014,25.600,15.880,9.720,15.684,41.052,7.626,33.426,58.185,0.003,0.000,0.000,42.0,0.000,
12.11.2025,9:55:37.736,19.032,24.669,16.850,3.026,250.0,250.0,78.628,52.920,8.962,180.646,117.038,72.576,44.462,71.698,11.607,1.237,10.370,10.605,0.000,0.000,0.000,42.0,0.000,
12.11.2025,9:55:38.724,17.672,24.586,17.123,3.058,250.0,250.0,99.175,27.152,8.838,81.946,56.306,34.908,21.398,34.491,11.583,0.978,10.605,10.463,0.000,0.000,0.500,42.0,0.375,
12.11.2025,9:55:39.730,20.391,25.501,17.999,3.072,250.0,250.0,85.209,12.794,8.752,34.297,26.699,16.559,10.140,16.363,5.261,0.562,4.699,4.609,0.000,0.000,0.000,42.0,0.000,
12.11.2025,9:55:40.725,21.750,23.489,15.994,3.041,250.0,250.0,59.844,11.761,8.755,30.814,24.547,15.227,9.320,15.042,4.848,0.557,4.291,4.213,0.000,0.000,0.000,42.0,0.000,
12.11.2025,9:55:41.729,19.032,26.133,17.766,3.020,250.0,250.0,50.248,55.793,4.053,122.969,78.741,48.822,29.919,48.233,85.404,17.634,67.770,54.388,0.000,0.000,0.000,42.0,0.000,
12.11.2025,9:55:42.733,19.032,26.520,19.008,3.097,250.0,250.0,61.726,15.055,8.829,41.601,31.279,19.391,11.888,19.158,6.328,0.586,5.742,5.742,0.000,0.000,0.000,42.0,0.000,
12.11.2025,9:55:43.730,21.750,24.398,16.915,3.056,250.0,250.0,59.261,12.449,8.792,32.984,25.913,16.076,9.837,15.880,5.194,0.576,4.618,4.618,0.000,0.000,0.500,42.0,0.000,
12.11.2025,9:55:44.745,23.110,30.723,22.949,3.260,250.0,250.0,51.022,11.555,8.816,30.007,24.078,14.930,9.148,14.758,4.793,0.562,4.231,4.231,0.000,0.000,0.500,42.0,0.000,
12.11.2025,9:55:45.761,20.391,24.744,16.570,3.037,250.0,250.0,63.716,72.806,4.354,164.598,104.710,64.934,39.776,64.149,118.729,21.074,97.655,48.084,0.002,0.000,0.000,42.0,0.000,
12.11.2025,9:55:46.759,35.344,23.563,15.917,3.058,250.0,250.0,107.262,27.055,8.828,81.510,56.026,34.746,21.280,34.329,11.608,0.991,10.617,10.617,0.000,0.000,0.000,42.0,0.000,
12.11.2025,9:55:47.763,14.953,24.139,16.602,3.059,250.0,250.0,96.025,16.245,8.785,40.401,30.506,18.922,11.584,18.689,11.507,0.961,10.546,10.546,0.000,0.000,0.000,42.0,0.375,
12.11.2025,9:55:48.771,23.110,22.371,14.971,2.974,250.0,250.0,54.412,12.273,8.766,32.397,25.537,15.838,9.699,15.642,5.108,0.472,4.636,4.636,0.000,0.000,0.000,42.0,0.000,
12.11.2025,9:55:49.758,23.110,25.525,18.040,3.028,250.0,250.0,51.758,11.668,8.767,30.455,24.332,15.088,9.244,14.903,4.822,0.574,4.248,4.248,0.000,0.000,0.000,42.0,0.000,
12.11.2025,9:55:50.769,27.188,26.185,17.519,2.996,250.0,250.0,48.077,79.469,4.327,170.095,108.060,67.008,41.052,66.188,122.707,21.435,101.272,92.551,0.002,0.000,0.000,42.0,0.000,
12.11.2025,9:55:51.768,29.907,25.956,18.488,2.996,250.0,250.0,112.550,27.192,8.867,81.654,56.143,34.812,21.331,34.394,12.078,1.014,11.064,10.558,0.000,0.000,0.000,42.0,1.000,
12.11.2025,9:55:52.762,19.032,26.304,18.728,3.064,250.0,250.0,96.053,14.948,8.789,37.475,28.698,17.793,10.905,17.584,11.566,0.949,10.617,5.103,0.000,0.000,0.000,42.0,0.000,
12.11.2025,9:55:53.766,20.391,26.969,19.403,3.053,250.0,250.0,55.740,12.477,8.801,33.121,26.000,16.130,9.870,15.934,5.213,0.550,4.663,4.493,0.002,0.000,1.125,42.0,0.000,
12.11.2025,9:55:54.765,32.625,33.125,25.159,3.175,250.0,250.0,93.907,26.904,8.909,80.967,55.744,34.565,21.179,34.148,11.483,0.925,10.558,10.558,0.000,0.000,0.000,42.0,1.000,
12.11.2025,9:55:55.762,24.469,30.308,22.510,3.328,250.0,250.0,89.629,26.948,8.824,81.131,55.788,34.599,21.189,34.182,11.582,0.977,10.605,10.605,0.000,0.000,0.000,42.0,0.000,
12.11.2025,9:55:56.758,24.469,30.308,22.510,3.328,250.0,250.0,49.211,11.587,8.767,30.235,24.196,15.001,9.195,14.817,4.763,0.627,4.136,4.136,0.000,0.000,0.000,42.0,0.000,
12.11.2025,9:55:57.765,24.469,33.295,25.404,3.398,250.0,250.0,38.938,11.130,8.779,28.498,23.126,14.337,8.789,14.166,4.743,0.624,4.119,4.119,0.000,0.000,0.000,42.0,0.000,
12.11.2025,9:55:58.760,40.782,43.104,35.077,3.482,250.0,250.0,38.938,11.130,8.779,28.498,23.126,14.337,8.789,14.166,4.743,0.624,4.119,4.119,0.000,0.000,0.000,42.0,0.000,
12.11.2025,9:55:59.765,29.907,59.323,50.471,3.695,250.0,250.0,41.394,5.395,3.064,12.385,9.581,5.940,3.641,5.879,4.676,0.540,4.136,4.110,0.002,0.000,0.000,42.0,0.000,
12.11.2025,9:56:0.771,27.188,39.108,28.981,3.437,250.0,250.0,23.080,5.313,3.003,12.167,9.410,5.831,3.579,5.769,4.645,0.551,4.094,4.085,0.001,0.000,0.000,42.0,0.375,
12.11.2025,9:56:1.757,28.547,29.964,20.672,2.958,250.0,250.0,15.106,3.962,2.709,7.384,6.257,3.885,2.372,3.836,4.548,0.471,4.077,4.077,0.000,0.000,0.000,42.0,0.000,
12.11.2025,9:56:2.768,23.110,27.937,19.845,3.070,250.0,250.0,70.429,26.623,8.824,80.084,55.138,34.194,20.944,33.777,11.374,0.851,10.523,10.523,0.000,0.000,0.000,42.0,0.000,
12.11.2025,9:56:3.766,21.750,28.801,21.421,2.990,250.0,250.0,89.202,26.595,8.847,79.877,55.027,34.120,20.907,33.715,11.437,0.855,10.582,10.582,0.000,0.000,0.000,42.0,0.000,
12.11.2025,9:56:4.766,23.110,30.326,22.586,3.318,250.0,250.0,54.502,11.165,8.769,28.719,23.264,14.420,8.844,14.248,4.619,0.475,4.144,4.144,0.000,0.000,0.000,42.0,0.000,
12.11.2025,9:56:5.768,23.110,31.756,24.038,3.268,250.0,250.0,37.886,10.967,8.781,27.978,22.804,14.147,8.657,13.975,4.600,0.472,4.128,4.128,0.000,0.000,0.000,42.0,0.000,
12.11.2025,9:56:6.760,19.032,29.170,21.729,3.003,250.0,250.0,36.729,10.616,8.782,26.651,21.979,13.630,8.349,13.470,4.591,0.472,4.119,4.119,0.000,0.000,0.000,42.0,0.000,
12.11.2025,9:56:7.771,25.829,30.426,21.865,2.998,250.0,250.0,32.557,4.310,3.052,8.331,7.065,4.382,2.683,4.332,4.576,0.474,4.102,4.102,0.003,0.000,0.000,42.0,0.000,
12.11.2025,9:56:8.769,24.469,30.564,21.054,2.980,250.0,250.0,16.199,4.245,3.187,7.975,6.922,4.291,2.631,4.241,4.558,0.473,4.085,4.085,0.000,0.000,0.000,42.0,0.000,
12.11.2025,9:56:9.770,21.750,32.643,23.339,3.033,250.0,250.0,12.759,3.996,2.783,7.424,6.339,3.927,2.412,3.878,4.558,0.473,4.085,4.085,0.000,0.000,0.000,42.0,0.000,
12.11.2025,9:56:10.759,20.391,31.822,22.582,3.060,250.0,250.0,11.466,5.221,2.623,12.288,9.221,5.714,3.507,5.641,4.565,0.480,4.085,4.085,0.000,0.000,0.000,42.0,0.000,
12.11.2025,9:56:11.765,24.469,33.023,23.859,3.024,250.0,250.0,11.615,4.210,2.586,8.431,6.846,4.248,2.598,4.186,4.558,0.473,4.085,4.085,0.000,0.000,0.000,42.0,0.000,
12.11.2025,9:56:12.766,23.110,29.314,20.069,3.041,250.0,250.0,11.656,4.053,2.574,7.854,6.470,4.010,2.460,3.961,4.558,0.473,4.085,4.085,0.000,0.000,0.000,42.0,0.000,
12.11.2025,9:56:13.758,24.469,30.936,21.827,3.011,250.0,250.0,11.292,4.614,2.697,9.893,7.798,4.834,2.964,4.785,4.548,0.471,4.077,4.077,0.000,0.000,0.000,42.0,0.000,
12.11.2025,9:56:14.762,25.829,30.222,20.966,3.017,250.0,250.0,11.619,4.741,2.869,10.211,8.105,5.030,3.075,4.969,4.540,0.472,4.068,4.068,0.001,0.000,0.000,42.0,0.000,
12.11.2025,9:56:15.760,24.469,30.075,20.916,3.043,250.0,250.0,11.628,4.638,2.636,10.046,7.865,4.874,2.991,4.812,4.540,0.472,4.068,4.077,0.000,0.000,0.000,42.0,0.000,
12.11.2025,9:56:16.760,14.953,27.064,18.288,2.962,250.0,250.0,21.082,26.249,8.876,83.368,57.209,35.476,21.733,35.047,5.040,0.632,4.408,10.699,0.000,0.000,1.125,42.0,0.000,
12.11.2025,9:56:17.768,21.750,24.670,17.252,3.015,250.0,250.0,118.354,27.182,8.827,82.008,56.341,34.939,21.402,34.509,11.604,0.987,10.617,10.582,0.000,0.000,0.000,42.0,0.000,
12.11.2025,9:56:18.768,27.188,25.583,18.138,3.002,250.0,250.0,98.549,13.152,8.791,35.516,27.480,17.043,10.437,16.835,5.364,0.575,4.789,4.689,0.000,0.000,0.000,42.0,0.000,
12.11.2025,9:56:19.783,25.829,23.854,16.349,3.034,250.0,250.0,49.614,12.112,8.757,32.069,25.329,15.711,9.618,15.514,4.925,0.564,4.361,4.274,0.000,0.000,0.000,42.0,1.000,
12.11.2025,9:56:20.785,20.391,26.131,18.614,3.043,250.0,250.0,46.377,11.631,8.772,30.425,24.316,15.076,9.240,14.892,4.703,0.567,4.136,4.178,0.000,0.000,0.000,42.0,0.375,
12.11.2025,9:56:21.773,19.032,23.465,15.465,3.028,250.0,250.0,52.505,8.318,3.775,22.779,16.464,10.210,6.254,10.088,4.741,0.571,4.170,4.128,0.002,0.000,0.000,42.0,0.000,
12.11.2025,9:56:22.772,17.672,27.797,18.633,3.084,250.0,250.0,50.774,15.474,8.816,44.325,32.966,20.438,12.528,20.192,4.751,0.556,4.195,5.970,0.000,0.000,0.000,42.0,0.000,
12.11.2025,9:56:23.774,17.672,25.269,17.801,3.027,250.0,250.0,67.733,15.777,8.840,44.073,32.830,20.351,12.479,20.106,6.553,0.563,5.990,5.980,0.000,0.000,0.000,42.0,0.000,
12.11.2025,9:56:24.785,16.313,23.924,16.370,3.069,250.0,250.0,58.109,12.319,8.771,32.830,25.803,15.998,9.805,15.814,4.937,0.568,4.369,4.291,0.000,0.000,0.000,42.0,0.000,
12.11.2025,9:56:25.779,16.313,24.692,17.141,3.110,250.0,250.0,47.401,11.474,8.771,29.787,23.917,14.827,9.090,14.655,4.759,0.581,4.178,4.178,0.000,0.000,0.000,42.0,0.000,
12.11.2025,9:56:26.782,19.032,26.114,18.197,3.027,250.0,250.0,44.639,25.988,8.813,78.677,54.263,33.655,20.608,33.250,10.525,0.960,9.565,9.565,0.000,0.000,0.000,42.0,0.000,
12.11.2025,9:56:27.777,21.750,24.763,17.257,3.089,250.0,250.0,104.610,25.911,8.809,78.361,54.077,33.524,20.553,33.119,10.545,0.970,9.575,9.575,0.000,0.000,0.000,42.0,0.000,
12.11.2025,9:56:28.786,12.235,25.305,17.760,3.078,250.0,250.0,89.761,12.568,8.779,33.535,26.255,16.271,9.984,16.075,5.115,0.569,4.546,4.546,0.000,0.000,0.000,42.0,0.000,
12.11.2025,9:56:29.771,17.672,26.810,19.270,3.086,250.0,250.0,49.088,12.021,8.769,31.554,25.014,15.517,9.497,15.332,5.042,0.597,4.445,4.445,0.000,0.000,0.000,42.0,0.000,
12.11.2025,9:56:30.772,20.391,25.828,18.312,3.063,250.0,250.0,46.337,11.468,8.793,29.742,23.915,14.825,9.090,14.641,4.747,0.569,4.178,4.178,0.000,0.000,0.000,42.0,0.000,
12.11.2025,9:56:31.772,17.672,23.062,15.149,3.048,250.0,250.0,53.678,8.650,4.436,23.359,17.239,10.690,6.549,10.567,4.752,0.591,4.161,4.161,0.003,0.000,0.000,42.0,0.000,
12.11.2025,9:56:32.785,23.110,24.850,16.415,3.077,250.0,250.0,54.108,27.033,8.871,81.386,55.983,34.709,21.274,34.292,11.597,0.981,10.617,10.617,0.000,0.000,0.000,42.0,0.000,
12.11.2025,9:56:33.783,24.469,25.693,18.147,3.074,250.0,250.0,95.757,85.762,8.909,147.006,96.189,59.640,36.549,58.921,219.863,48.053,171.810,10.675,0.000,0.000,0.000,42.0,0.000,
12.11.2025,9:56:34.780,17.672,23.434,15.917,3.084,250.0,250.0,83.334,12.355,8.769,32.650,25.703,15.935,9.768,15.739,5.189,0.582,4.607,4.607,0.000,0.000,0.000,42.0,0.000,
12.11.2025,9:56:35.775,20.391,25.456,17.502,3.095,250.0,250.0,51.114,27.061,8.852,81.445,56.003,34.733,21.270,34.316,11.644,0.981,10.664,10.699,0.000,0.000,0.000,42.0,0.500,
12.11.2025,9:56:36.789,20.391,26.020,18.455,3.071,250.0,250.0,102.928,27.166,8.863,81.763,56.207,34.853,21.354,34.436,11.725,0.990,10.735,10.735,0.000,0.000,0.000,42.0,0.000,
12.11.2025,9:56:37.789,25.829,24.876,17.429,3.062,250.0,250.0,93.190,12.794,8.791,34.262,26.709,16.566,10.143,16.357,5.248,0.497,4.751,4.615,0.000,0.000,0.000,42.0,0.000,
12.11.2025,9:56:38.800,17.672,27.161,19.505,3.171,250.0,250.0,96.298,27.235,8.885,81.921,56.320,34.921,21.399,34.504,11.810,0.993,10.817,10.781,0.000,0.000,0.000,42.0,0.000,
12.11.2025,9:56:39.817,19.032,24.974,17.410,3.077,250.0,250.0,99.692,27.696,8.852,83.638,57.357,35.575,21.782,35.146,11.818,1.001,10.817,10.970,0.000,0.000,0.000,42.0,0.000,
12.11.2025,9:56:40.814,32.625,27.086,19.495,3.152,250.0,250.0,88.385,13.189,8.790,35.412,27.420,17.007,10.413,16.799,5.596,0.582,5.014,4.860,0.000,0.000,0.000,42.0,0.500,
12.11.2025,9:56:41.814,16.313,23.454,15.955,3.038,250.0,250.0,62.702,12.242,8.793,32.314,25.492,15.803,9.689,15.619,5.136,0.592,4.544,4.438,0.000,0.000,0.000,42.0,0.000,
12.11.2025,9:56:42.814,27.188,26.629,17.994,3.085,250.0,250.0,56.555,8.085,3.664,21.926,15.877,9.843,6.034,9.720,4.792,0.580,4.212,4.204,0.002,0.000,0.000,42.0,0.000,
12.11.2025,9:56:43.811,17.672,24.702,16.965,3.061,250.0,250.0,56.655,13.462,8.765,36.437,28.037,17.382,10.655,17.174,5.587,0.579,5.008,4.999,0.000,0.000,0.000,42.0,1.125,
12.11.2025,9:56:44.812,20.391,26.050,18.227,3.051,250.0,250.0,65.928,9.752,4.435,26.540,19.224,11.915,7.309,11.767,5.641,0.597,5.044,5.044,0.002,0.000,0.000,42.0,0.000,
12.11.2025,9:56:45.807,19.032,26.557,17.637,3.071,250.0,250.0,61.682,27.369,8.872,82.388,56.603,35.093,21.510,34.676,11.845,0.993,10.852,10.852,0.000,0.000,0.125,42.0,0.000,
12.11.2025,9:56:46.812,25.829,26.341,18.876,3.015,250.0,250.0,100.209,27.242,8.876,81.935,56.317,34.927,21.390,34.510,11.820,0.991,10.829,10.829,0.000,0.000,0.000,42.0,0.000,
12.11.2025,9:56:47.809,17.672,24.572,17.094,3.026,250.0,250.0,83.888,13.483,8.779,36.449,28.059,17.401,10.658,17.180,5.626,0.573,5.053,5.053,0.000,0.000,0.000,42.0,0.000,
12.11.2025,9:56:48.807,24.469,23.218,15.745,3.012,250.0,250.0,67.291,13.062,8.778,35.020,27.173,16.847,10.326,16.638,5.487,0.621,4.866,4.866,0.000,0.000,0.000,42.0,0.000,
12.11.2025,9:56:49.807,16.313,24.607,17.177,3.001,250.0,250.0,62.872,11.980,8.766,31.452,24.951,15.471,9.480,15.287,4.990,0.579,4.411,4.411,0.000,0.000,0.000,42.0,0.000,
12.11.2025,9:56:50.810,19.032,23.297,15.839,3.016,250.0,250.0,51.676,11.652,8.805,30.354,24.288,15.067,9.221,14.883,4.828,0.582,4.246,4.246,0.000,0.000,0.500,42.0,0.000,
12.11.2025,9:56:51.807,14.953,26.936,18.127,3.026,250.0,250.0,47.085,8.725,3.995,24.032,17.386,10.775,6.611,10.652,4.788,0.567,4.221,4.221,0.002,0.000,0.000,42.0,0.000,
12.11.2025,9:56:52.810,14.953,27.062,19.165,3.009,250.0,250.0,84.697,27.277,8.898,82.020,56.389,34.967,21.422,34.537,11.841,0.989,10.852,10.852,0.000,0.000,0.000,42.0,1.000,
12.11.2025,9:56:53.809,27.188,25.013,17.573,3.012,250.0,250.0,111.586,27.713,8.996,83.228,57.193,35.462,21.731,35.045,12.164,1.017,11.147,11.147,0.000,0.000,0.000,42.0,0.000,
12.11.2025,9:56:54.806,23.110,25.629,18.164,3.032,250.0,250.0,78.399,13.166,8.815,35.359,27.404,17.000,10.404,16.791,5.491,0.587,4.904,4.904,0.000,0.000,0.000,42.0,0.250,
12.11.2025,9:56:55.805,19.032,24.944,17.364,3.082,250.0,250.0,53.567,12.325,8.819,32.621,25.705,15.936,9.769,15.752,5.081,0.590,4.491,4.491,0.000,0.000,0.000,42.0,0.000,
12.11.2025,9:56:56.815,17.672,25.441,17.926,3.055,250.0,250.0,51.421,12.071,8.801,31.916,25.265,15.665,9.600,15.468,4.844,0.589,4.255,4.306,0.000,0.000,0.000,42.0,0.000,
12.11.2025,9:56:57.808,24.469,24.641,17.061,3.048,250.0,250.0,62.830,11.756,8.805,30.709,24.506,15.200,9.306,15.016,4.879,0.581,4.298,4.263,0.002,0.000,0.000,42.0,0.000,
12.11.2025,9:56:58.812,19.032,23.933,15.308,3.033,250.0,250.0,61.496,27.468,8.873,82.665,56.770,35.201,21.569,34.784,11.955,0.985,10.970,10.911,0.000,0.000,0.000,42.0,0.000,
12.11.2025,9:56:59.807,13.594,27.126,19.595,3.074,250.0,250.0,101.506,27.530,8.873,82.857,56.890,35.272,21.618,34.855,11.995,1.025,10.970,10.947,0.000,0.000,0.000,42.0,0.000,
12.11.2025,9:57:0.804,14.953,25.489,17.975,3.089,250.0,250.0,83.952,48.624,8.861,149.138,97.439,60.426,37.013,59.695,34.190,8.676,25.514,5.292,0.000,0.000,0.000,42.0,0.000,
12.11.2025,9:57:1.816,25.829,23.951,15.657,2.998,250.0,250.0,56.726,27.470,4.330,94.675,61.280,38.000,23.280,37.547,5.416,0.620,4.796,4.754,0.000,0.000,0.000,42.0,0.000,
12.11.2025,9:57:2.803,19.032,27.582,19.987,3.094,250.0,250.0,109.995,27.422,8.843,82.239,56.496,35.031,21.465,34.601,12.261,1.043,11.218,11.029,0.000,0.000,0.000,42.0,0.000,
12.11.2025,9:57:3.817,19.032,24.511,17.044,3.033,250.0,250.0,109.425,15.151,8.773,37.792,28.875,17.904,10.971,17.696,12.044,1.003,11.041,5.408,0.000,0.000,0.000,42.0,0.000,
12.11.2025,9:57:4.815,23.110,23.530,16.066,2.990,250.0,250.0,56.743,12.793,8.778,34.085,26.583,16.490,10.093,16.293,5.464,0.598,4.866,4.685,0.000,0.000,0.000,42.0,0.000,
12.11.2025,9:57:5.804,27.188,31.682,23.590,3.580,250.0,250.0,53.864,33.983,8.798,49.097,35.748,22.162,13.586,21.893,20.902,5.442,15.460,146.742,0.000,0.000,0.000,42.0,0.000,
12.11.2025,9:57:6.806,14.953,26.198,17.371,3.070,250.0,250.0,46.818,40.915,8.259,142.653,93.118,57.738,35.380,57.042,5.191,0.613,4.578,4.578,0.000,0.000,0.000,42.0,0.000,
12.11.2025,9:57:7.807,24.469,24.460,17.065,2.986,250.0,250.0,71.570,14.587,8.860,39.950,30.277,18.773,11.504,18.552,6.179,0.587,5.592,5.592,0.000,0.000,0.125,42.0,0.000,
12.11.2025,9:57:8.804,19.032,25.280,17.769,3.027,250.0,250.0,63.784,12.600,8.789,33.540,26.260,16.279,9.981,16.083,5.217,0.586,4.631,4.631,0.000,0.000,0.000,42.0,0.000,
12.11.2025,9:57:9.816,23.110,25.273,17.792,3.031,250.0,250.0,53.128,42.031,8.879,146.734,95.925,59.481,36.444,58.762,4.895,0.597,4.298,4.298,0.000,0.000,0.000,42.0,0.000,
12.11.2025,9:57:10.818,17.672,26.328,18.073,3.011,250.0,250.0,47.654,29.572,8.296,98.569,66.271,41.097,25.174,40.594,5.463,0.673,4.790,4.790,0.000,0.000,0.000,42.0,0.000,
12.11.2025,9:57:11.811,20.391,24.587,17.094,3.008,250.0,250.0,112.993,27.565,8.861,82.839,56.876,35.267,21.609,34.850,12.123,1.023,11.100,11.100,0.000,0.000,0.000,42.0,0.000,
12.11.2025,9:57:12.814,16.313,26.419,18.931,3.034,250.0,250.0,110.002,13.728,8.800,36.883,28.337,17.570,10.767,17.361,6.056,0.611,5.445,5.445,0.000,0.000,0.500,42.0,0.000,
12.11.2025,9:57:13.814,19.032,25.578,18.013,3.095,250.0,250.0,57.462,69.575,8.907,149.287,97.542,60.485,37.057,59.752,139.002,34.776,104.226,4.712,0.000,0.000,0.000,42.0,0.500,
12.11.2025,9:57:14.808,24.469,25.698,18.199,3.027,250.0,250.0,53.723,12.283,8.817,32.425,25.584,15.869,9.715,15.672,5.133,0.602,4.531,4.480,0.000,0.000,0.000,42.0,0.000,
12.11.2025,9:57:15.814,17.672,25.646,17.382,2.997,250.0,250.0,69.791,27.521,8.957,82.577,56.770,35.200,21.570,34.783,12.132,1.032,11.100,11.089,0.000,0.000,0.000,42.0,0.000,
12.11.2025,9:57:16.811,19.032,25.213,17.718,3.007,250.0,250.0,111.247,27.619,9.060,82.837,56.995,35.346,21.649,34.916,12.142,1.018,11.124,11.100,0.000,0.000,0.000,42.0,0.000,
12.11.2025,9:57:17.809,17.672,24.746,17.238,3.059,250.0,250.0,93.471,13.824,8.869,37.491,28.750,17.825,10.925,17.616,5.805,0.617,5.188,5.158,0.000,0.000,0.000,42.0,0.000,
12.11.2025,9:57:18.807,19.032,23.917,16.489,2.989,250.0,250.0,56.239,12.461,8.813,32.915,25.875,16.043,9.832,15.859,5.301,0.592,4.709,4.675,0.000,0.000,0.000,42.0,0.000,
12.11.2025,9:57:19.808,20.391,24.075,16.571,3.001,250.0,250.0,64.759,11.830,8.802,30.799,24.560,15.232,9.328,15.048,5.094,0.597,4.497,4.339,0.002,0.000,0.000,42.0,0.000,
12.11.2025,9:57:20.805,17.672,25.035,16.835,2.942,250.0,250.0,69.948,27.556,8.910,82.716,56.839,35.242,21.597,34.813,12.147,1.023,11.124,11.147,0.000,0.000,0.000,42.0,0.000,
12.11.2025,9:57:21.803,17.672,23.612,16.157,3.038,250.0,250.0,101.909,41.433,8.936,135.792,89.536,55.527,34.009,54.855,12.157,1.010,11.147,11.360,0.000,0.000,0.000,42.0,0.000,
12.11.2025,9:57:22.803,23.110,26.167,18.647,3.053,250.0,250.0,84.850,13.285,8.814,35.548,27.517,17.068,10.449,16.859,5.786,0.610,5.176,5.021,0.000,0.000,0.000,42.0,0.000,
12.11.2025,9:57:23.817,20.391,25.434,17.939,3.073,250.0,250.0,65.128,12.470,8.816,32.977,25.926,16.076,9.850,15.880,5.286,0.594,4.692,4.602,0.000,0.000,0.000,42.0,0.000,
12.11.2025,9:57:24.803,20.391,24.833,16.688,3.094,250.0,250.0,53.201,5.695,3.261,13.048,10.115,6.268,3.847,6.195,4.944,0.587,4.357,4.331,0.002,0.000,0.000,42.0,0.000,
12.11.2025,9:57:25.806,19.032,25.603,17.816,3.025,250.0,250.0,74.988,28.158,8.933,84.060,57.676,35.764,21.912,35.335,12.992,1.079,11.913,11.913,0.000,0.000,0.000,42.0,0.000,
12.11.2025,9:57:26.805,19.032,25.419,17.953,3.043,250.0,250.0,101.645,16.767,8.813,41.492,31.197,19.349,11.848,19.116,12.289,1.013,11.276,11.276,0.000,0.000,0.000,42.0,0.000,
12.11.2025,9:57:27.804,23.110,25.093,17.641,3.043,250.0,250.0,86.562,13.065,8.779,34.937,27.115,16.812,10.303,16.615,5.569,0.614,4.955,4.955,0.000,0.000,0.000,42.0,0.250,
12.11.2025,9:57:28.816,19.032,24.791,17.264,3.051,250.0,250.0,64.792,79.454,8.840,148.039,96.731,59.982,36.749,59.263,190.204,43.639,146.565,4.531,0.000,0.000,0.000,42.0,0.000,
12.11.2025,9:57:29.810,19.032,26.946,18.549,3.065,250.0,250.0,52.467,38.796,8.282,133.983,87.987,54.562,33.425,53.902,5.496,0.664,4.832,4.832,0.000,0.000,0.000,42.0,0.000,
12.11.2025,9:57:30.812,16.313,23.974,16.505,3.064,250.0,250.0,84.377,27.564,8.858,82.579,56.714,35.172,21.542,34.743,12.358,1.046,11.312,11.312,0.000,0.000,0.000,42.0,0.000,
12.11.2025,9:57:31.811,19.032,24.405,16.912,3.054,250.0,250.0,111.496,13.767,8.787,37.038,28.435,17.630,10.805,17.409,6.060,0.609,5.451,5.451,0.000,0.000,0.000,42.0,0.000,
12.11.2025,9:57:32.806,17.672,25.721,18.171,3.085,250.0,250.0,77.884,12.407,8.787,32.624,25.685,15.929,9.756,15.732,5.383,0.593,4.790,4.790,0.000,0.000,0.000,42.0,1.000,
12.11.2025,9:57:33.810,17.672,25.514,17.964,3.097,250.0,250.0,64.390,12.078,8.775,31.551,25.018,15.517,9.501,15.333,5.259,0.607,4.652,4.566,0.000,0.000,0.000,42.0,0.000,
12.11.2025,9:57:34.807,17.672,25.137,16.731,3.071,250.0,250.0,55.926,14.575,8.835,39.774,30.148,18.695,11.453,18.475,6.337,0.606,5.731,5.694,0.000,0.000,0.000,42.0,0.000,
12.11.2025,9:57:35.808,17.672,23.158,15.673,3.029,250.0,250.0,60.074,14.536,8.847,39.652,30.089,18.660,11.429,18.427,6.297,0.612,5.685,5.666,0.000,0.000,0.000,42.0,0.000,
12.11.2025,9:57:36.806,16.313,24.982,17.520,3.034,250.0,250.0,56.535,42.737,8.912,148.845,97.257,60.312,36.945,59.581,5.388,0.710,4.678,4.747,0.000,0.000,0.500,42.0,0.000,
12.11.2025,9:57:37.805,23.110,25.192,17.683,3.017,250.0,250.0,61.674,11.619,8.814,29.915,24.025,14.903,9.122,14.719,5.137,0.619,4.518,4.416,0.000,0.000,0.000,42.0,0.000,
12.11.2025,9:57:38.803,17.672,23.514,15.671,2.989,250.0,250.0,65.176,19.073,8.926,55.404,39.908,24.748,15.160,24.441,7.634,0.696,6.938,6.878,0.000,0.000,0.000,42.0,0.500,
12.11.2025,9:57:39.818,24.469,24.390,16.870,3.025,250.0,250.0,74.656,18.828,8.915,54.515,39.343,24.392,14.951,24.097,7.585,0.687,6.898,6.898,0.000,0.000,0.000,42.0,0.000,
12.11.2025,9:57:40.803,17.672,23.646,16.171,3.052,250.0,250.0,65.010,43.195,8.899,150.185,98.068,60.812,37.256,60.081,5.750,0.682,5.068,5.150,0.000,0.000,0.125,42.0,0.000,
12.11.2025,9:57:41.805,23.110,25.249,17.776,3.017,250.0,250.0,64.655,12.045,8.814,31.267,24.857,15.418,9.439,15.234,5.377,0.619,4.758,4.663,0.000,0.000,0.000,42.0,0.375,
12.11.2025,9:57:42.805,19.032,24.525,17.048,3.064,250.0,250.0,50.127,11.467,8.791,29.449,23.722,14.709,9.013,14.537,5.022,0.597,4.425,4.408,0.000,0.000,0.000,42.0,0.000,
12.11.2025,9:57:43.805,20.391,24.599,17.052,3.049,250.0,250.0,50.328,42.004,8.874,146.476,95.747,59.370,36.377,58.651,5.073,0.670,4.403,4.399,0.000,0.000,0.000,42.0,0.000,
12.11.2025,9:57:44.803,24.469,24.088,15.320,3.026,250.0,250.0,45.104,37.957,8.381,130.586,85.966,53.304,32.662,52.656,5.584,0.734,4.850,4.849,0.000,0.000,0.000,42.0,0.000,
12.11.2025,9:57:45.808,20.391,22.953,15.543,3.010,250.0,250.0,114.017,27.617,8.907,82.643,56.788,35.209,21.579,34.779,12.437,1.043,11.394,11.394,0.000,0.000,0.000,42.0,0.000,
12.11.2025,9:57:46.806,20.391,22.953,15.543,3.010,250.0,250.0,114.017,27.617,8.907,82.643,56.788,35.209,21.579,34.779,12.437,1.043,11.394,11.394,0.000,0.000,0.375,42.0,0.000,
12.11.2025,9:57:47.804,25.829,23.671,16.264,2.973,250.0,250.0,98.432,13.630,8.808,36.455,28.081,17.403,10.678,17.195,6.096,0.609,5.487,5.487,0.000,0.000,0.375,42.0,0.000,
12.11.2025,9:57:48.818,29.907,23.270,15.626,2.997,250.0,250.0,56.112,23.822,4.702,44.122,30.277,18.777,11.500,18.544,29.239,4.975,24.264,51.817,0.002,0.000,0.000,42.0,0.375,
12.11.2025,9:57:49.813,35.344,24.762,17.122,2.998,250.0,250.0,95.726,28.174,8.894,83.991,57.608,35.723,21.885,35.294,13.147,1.092,12.055,12.055,0.000,0.000,0.000,42.0,0.375,
12.11.2025,9:57:50.814,24.469,24.429,16.964,3.022,250.0,250.0,109.971,16.772,8.798,41.281,31.066,19.258,11.808,19.025,12.504,1.027,11.477,11.477,0.000,0.000,0.000,42.0,0.000,
12.11.2025,9:57:51.807,31.266,24.467,17.036,3.000,250.0,250.0,61.798,12.706,8.800,33.466,26.217,16.251,9.966,16.054,5.638,0.604,5.034,5.034,0.000,0.000,0.500,42.0,0.000,
12.11.2025,9:57:52.807,40.782,24.171,16.646,3.056,250.0,250.0,52.967,12.697,8.788,33.919,26.491,16.425,10.066,16.228,5.193,0.601,4.592,4.670,0.000,0.000,0.000,42.0,0.000,
12.11.2025,9:57:53.806,27.188,24.324,16.835,3.020,250.0,250.0,63.072,11.773,8.790,30.532,24.396,15.126,9.270,14.942,5.107,0.606,4.501,4.459,0.000,0.000,0.000,42.0,0.000,
12.11.2025,9:57:54.804,24.469,25.319,17.806,3.021,250.0,250.0,59.856,11.857,8.803,30.878,24.616,15.260,9.356,15.076,5.065,0.606,4.459,4.450,0.000,0.000,0.000,42.0,0.000,
12.11.2025,9:57:55.807,32.625,25.948,17.158,3.070,250.0,250.0,46.020,8.344,3.810,22.506,16.331,10.118,6.213,9.995,5.020,0.595,4.425,4.425,0.002,0.000,0.000,42.0,0.000,
12.11.2025,9:57:56.814,29.907,31.872,23.717,3.247,250.0,250.0,80.988,28.038,8.920,84.128,57.707,35.785,21.922,35.355,12.572,1.155,11.417,11.417,0.000,0.000,0.000,42.0,0.000,
12.11.2025,9:57:57.816,33.985,34.313,26.512,3.298,250.0,250.0,98.976,28.210,8.892,84.692,58.042,35.988,22.054,35.559,12.667,1.211,11.457,11.536,0.000,0.000,0.000,42.0,0.000,
12.11.2025,9:57:58.804,32.625,34.279,26.420,3.319,250.0,250.0,73.680,13.173,8.793,35.279,27.336,16.956,10.380,16.747,5.678,0.769,4.909,4.887,0.000,0.000,0.000,42.0,0.000,
12.11.2025,9:57:59.806,35.344,34.939,27.110,3.333,250.0,250.0,55.558,12.175,8.785,31.905,25.239,15.644,9.595,15.460,5.324,0.698,4.626,4.475,0.000,0.000,0.000,42.0,1.000,
12.11.2025,9:58:0.805,31.266,35.104,27.331,3.271,250.0,250.0,46.846,11.767,8.786,30.555,24.406,15.130,9.276,14.946,5.057,0.607,4.450,4.459,0.000,0.000,0.125,42.0,1.000,
12.11.2025,9:58:1.808,20.391,24.323,16.855,3.006,250.0,250.0,45.948,11.668,8.838,29.876,24.008,14.888,9.120,14.716,5.378,0.648,4.730,4.475,0.002,0.000,0.000,42.0,0.000,
12.11.2025,9:58:2.804,24.469,28.718,19.455,3.079,250.0,250.0,45.451,26.296,8.991,82.953,57.020,35.356,21.664,34.939,5.322,0.705,4.616,11.394,0.000,0.000,0.375,42.0,0.000,
12.11.2025,9:58:3.803,19.032,25.169,17.678,3.043,250.0,250.0,100.128,27.629,8.944,82.567,56.757,35.200,21.557,34.770,12.520,1.043,11.477,11.453,0.000,0.000,0.000,42.0,0.000,
12.11.2025,9:58:4.817,20.391,24.533,17.029,3.053,250.0,250.0,93.749,13.246,8.795,35.382,27.405,16.998,10.407,16.789,5.801,0.611,5.190,5.079,0.000,0.000,0.000,42.0,0.000,
12.11.2025,9:58:5.809,25.829,25.763,18.250,3.074,250.0,250.0,49.501,11.905,8.785,30.837,24.575,15.238,9.337,15.054,5.279,0.601,4.678,4.670,0.000,0.000,0.000,42.0,0.000,
12.11.2025,9:58:6.817,23.110,27.219,19.417,3.267,250.0,250.0,53.648,11.601,8.800,29.885,23.996,14.877,9.119,14.705,5.073,0.589,4.484,4.484,0.000,0.000,0.000,42.0,0.000,
12.11.2025,9:58:7.816,27.188,28.340,20.601,3.304,250.0,250.0,52.125,11.467,8.814,29.361,23.675,14.679,8.996,14.507,5.083,0.608,4.475,4.475,0.000,0.000,0.000,42.0,0.000,
12.11.2025,9:58:8.818,19.032,25.209,16.709,3.010,250.0,250.0,44.948,58.348,4.369,134.039,85.828,53.216,32.612,52.579,85.992,17.474,68.518,48.848,0.002,0.000,0.000,42.0,0.000,
12.11.2025,9:58:9.815,24.469,23.953,16.272,2.998,250.0,250.0,73.203,27.782,8.919,83.013,57.019,35.355,21.664,34.925,12.661,1.055,11.606,11.606,0.000,0.000,0.000,10.0,0.000,
12.11.2025,9:58:10.814,29.907,24.001,16.526,2.998,250.0,250.0,104.849,16.170,8.808,38.900,29.592,18.350,11.242,18.129,12.569,1.034,11.536,11.536,0.000,0.000,0.000,10.0,0.000,
12.11.2025,9:58:11.816,25.829,24.473,17.071,2.992,250.0,250.0,73.943,12.303,8.799,32.258,25.471,15.798,9.673,15.602,5.345,0.604,4.741,4.741,0.000,0.000,0.000,10.0,0.000,
12.11.2025,9:58:12.810,14.953,26.508,18.561,3.045,250.0,250.0,47.448,29.731,8.289,99.603,66.524,41.256,25.268,40.756,5.417,0.635,4.782,4.782,0.000,0.000,0.000,10.0,0.000,
12.11.2025,9:58:13.812,27.188,24.155,16.693,3.020,250.0,250.0,61.053,15.347,8.835,42.039,31.553,19.562,11.991,19.329,6.921,0.606,6.315,6.315,0.000,0.000,0.000,10.0,0.000,
12.11.2025,9:58:14.815,23.110,25.018,17.570,3.003,250.0,250.0,64.227,12.085,8.784,31.424,24.951,15.464,9.487,15.280,5.356,0.606,4.750,4.750,0.000,0.000,0.000,10.0,0.000,
12.11.2025,9:58:15.805,36.704,23.999,16.521,3.057,250.0,250.0,49.032,31.553,8.921,106.401,70.991,44.019,26.972,43.495,5.115,0.614,4.501,4.501,0.000,0.000,0.000,10.0,0.375,
12.11.2025,9:58:16.807,24.469,23.931,16.521,2.989,250.0,250.0,46.454,11.279,8.814,28.597,23.211,14.386,8.825,14.214,5.126,0.608,4.518,4.492,0.000,0.000,0.000,10.0,0.500,
12.11.2025,9:58:17.812,27.188,24.450,17.052,2.960,250.0,250.0,52.765,11.269,8.841,28.559,23.193,14.390,8.803,14.218,5.101,0.609,4.492,4.484,0.000,0.000,0.000,10.0,0.000,
12.11.2025,9:58:18.956,21.750,26.060,17.740,3.004,250.0,250.0,54.610,14.812,8.896,40.292,30.504,18.916,11.588,18.696,6.614,0.620,5.994,5.994,0.000,0.000,0.000,10.0,0.000,
12.11.2025,9:58:19.954,28.547,22.188,14.806,2.918,250.0,250.0,55.782,34.511,8.993,115.884,76.799,47.622,29.177,47.050,6.685,0.644,6.041,6.210,0.000,0.000,0.000,10.0,0.500,
12.11.2025,9:58:20.959,28.547,27.876,20.348,3.075,250.0,250.0,75.689,14.791,8.872,40.310,30.507,18.918,11.589,18.685,6.612,0.646,5.966,5.809,0.000,0.000,0.000,10.0,0.000,
12.11.2025,9:58:21.959,25.829,25.601,18.138,3.010,250.0,250.0,98.919,39.739,8.792,37.302,28.550,17.706,10.844,17.497,7.023,1.833,5.190,262.653,0.000,0.000,0.000,10.0,0.000,
12.11.2025,9:58:22.962,28.547,26.937,19.463,3.033,250.0,250.0,54.993,12.754,8.835,33.496,26.253,16.287,9.966,16.090,5.913,0.644,5.269,4.784,0.000,0.000,0.000,10.0,0.000,
12.11.2025,9:58:23.961,24.469,24.460,17.091,2.958,250.0,250.0,52.452,11.999,8.827,31.297,24.890,15.435,9.455,15.251,5.156,0.613,4.543,4.518,0.000,0.000,0.000,10.0,0.000,
12.11.2025,9:58:24.961,20.391,24.285,16.757,3.043,250.0,250.0,60.914,11.882,8.849,30.861,24.637,15.271,9.366,15.086,5.120,0.602,4.518,4.510,0.000,0.000,0.000,10.0,0.000,
12.11.2025,9:58:25.966,29.907,25.759,16.518,3.013,250.0,250.0,46.787,9.883,4.141,27.012,19.325,11.983,7.342,11.835,6.351,1.859,4.492,4.492,0.002,0.000,0.000,10.0,0.000,
12.11.2025,9:58:26.967,24.469,23.904,16.108,2.949,250.0,250.0,70.833,54.598,9.120,185.667,120.216,74.541,45.675,73.651,12.629,1.057,11.572,11.854,0.000,0.000,0.000,10.0,0.000,
12.11.2025,9:58:27.965,27.188,23.555,16.115,2.992,250.0,250.0,102.189,28.249,8.913,84.633,58.021,35.981,22.040,35.539,12.849,1.065,11.784,11.665,0.000,0.000,0.000,10.0,0.000,
12.11.2025,9:58:28.968,29.907,26.197,18.820,3.009,250.0,250.0,91.619,13.806,8.786,37.490,28.700,17.799,10.901,17.590,5.837,0.611,5.226,5.124,0.000,0.000,0.000,10.0,1.125,
12.11.2025,9:58:29.968,21.750,26.197,18.820,3.009,250.0,250.0,65.499,26.596,8.831,53.561,38.523,23.886,14.637,23.605,48.674,14.080,34.594,5.570,0.000,0.000,0.000,10.0,0.000,
12.11.2025,9:58:30.965,20.391,25.263,16.962,3.004,250.0,250.0,53.850,26.908,4.357,92.682,60.051,37.241,22.810,36.787,5.233,0.621,4.612,4.688,0.000,0.000,0.000,10.0,0.000,
12.11.2025,9:58:31.964,17.672,24.961,17.523,2.970,250.0,250.0,82.331,28.062,8.911,83.895,57.557,35.692,21.865,35.263,12.885,1.066,11.819,11.665,0.000,0.000,0.000,10.0,0.000,
12.11.2025,9:58:32.967,21.750,26.339,18.877,3.042,250.0,250.0,94.044,15.644,8.819,39.004,29.656,18.392,11.264,18.171,12.746,1.045,11.701,5.642,0.000,0.000,0.000,10.0,0.000,
12.11.2025,9:58:33.960,19.032,24.790,17.280,3.033,250.0,250.0,59.223,33.564,8.881,113.068,75.292,46.689,28.603,46.127,5.871,0.634,5.237,5.237,0.000,0.000,0.000,10.0,0.000,
12.11.2025,9:58:34.966,23.110,25.680,18.203,3.044,250.0,250.0,63.621,12.231,8.822,31.936,25.283,15.673,9.610,15.489,5.376,0.629,4.747,4.747,0.000,0.000,0.000,10.0,0.750,
12.11.2025,9:58:35.968,24.469,24.533,16.211,3.033,250.0,250.0,72.147,28.029,8.898,83.929,57.575,35.708,21.867,35.279,12.697,1.055,11.642,11.642,0.000,0.000,0.000,10.0,0.000,
12.11.2025,9:58:36.965,24.469,25.113,17.612,3.040,250.0,250.0,103.135,27.947,8.873,83.579,57.342,35.553,21.789,35.124,12.757,1.056,11.701,11.701,0.000,0.000,0.000,10.0,0.000,
12.11.2025,9:58:37.967,23.110,24.219,16.751,3.024,250.0,250.0,84.822,43.869,8.898,152.284,99.387,61.619,37.768,60.875,6.212,0.725,5.487,5.441,0.000,0.000,0.000,10.0,0.000,
12.11.2025,9:58:38.969,31.266,24.941,17.499,3.000,250.0,250.0,68.268,13.128,8.810,35.122,27.255,16.906,10.349,16.697,5.588,0.626,4.962,4.962,0.000,0.000,0.000,10.0,0.000,
12.11.2025,9:58:39.964,28.547,24.780,17.331,3.032,250.0,250.0,53.627,12.217,8.821,31.896,25.257,15.660,9.597,15.475,5.363,0.625,4.738,4.738,0.000,0.000,0.500,10.0,0.000,
12.11.2025,9:58:40.987,17.672,31.243,22.608,3.278,250.0,250.0,76.618,28.170,8.922,84.357,57.852,35.877,21.975,35.447,12.783,1.082,11.701,11.701,0.000,0.000,0.125,10.0,1.000,
12.11.2025,9:58:41.981,19.032,28.544,20.891,3.198,250.0,250.0,102.192,28.190,8.886,84.434,57.876,35.889,21.987,35.460,12.809,1.061,11.748,11.748,0.000,0.000,0.375,10.0,0.000,
12.11.2025,9:58:42.986,19.032,24.558,16.969,3.084,250.0,250.0,87.197,13.705,8.784,36.748,28.241,17.514,10.727,17.305,6.114,0.616,5.498,5.498,0.000,0.000,0.375,10.0,0.000,
12.11.2025,9:58:43.976,20.391,25.135,17.694,3.030,250.0,250.0,61.687,12.507,8.783,32.813,25.806,16.001,9.805,15.805,5.558,0.622,4.936,4.936,0.000,0.000,0.000,10.0,0.000,
12.11.2025,9:58:44.979,14.953,24.323,16.383,3.081,250.0,250.0,51.008,9.615,4.434,26.532,19.209,11.906,7.303,11.759,5.208,0.622,4.586,4.586,0.002,0.000,0.000,10.0,0.000,
12.11.2025,9:58:45.982,17.672,25.404,17.484,2.990,250.0,250.0,90.445,28.106,8.909,84.061,57.661,35.750,21.911,35.320,12.845,1.085,11.760,11.760,0.000,0.000,0.000,10.0,0.000,
12.11.2025,9:58:46.977,17.672,25.593,18.135,3.015,250.0,250.0,111.966,28.370,8.883,84.860,58.148,36.054,22.094,35.613,13.099,1.080,12.019,11.854,0.000,0.000,0.000,10.0,0.000,
12.11.2025,9:58:47.980,20.391,25.035,17.606,2.999,250.0,250.0,62.921,13.496,8.807,36.180,27.904,17.302,10.602,17.093,5.934,0.629,5.305,5.203,0.000,0.000,0.000,10.0,0.000,
12.11.2025,9:58:48.987,16.313,24.635,17.186,3.018,250.0,250.0,54.439,22.092,8.838,34.212,26.708,16.565,10.143,16.356,5.469,0.615,4.854,97.160,0.000,0.000,1.125,10.0,0.000,
12.11.2025,9:58:49.981,23.110,25.750,17.457,2.971,250.0,250.0,63.516,41.018,4.336,146.479,93.281,57.843,35.438,57.134,5.410,0.803,4.607,4.849,0.000,0.000,0.000,10.0,0.000,
12.11.2025,9:58:50.985,19.032,25.994,18.558,3.008,250.0,250.0,112.752,28.083,8.845,83.765,57.448,35.624,21.824,35.183,13.145,1.090,12.055,11.854,0.000,0.000,0.000,10.0,0.000,
12.11.2025,9:58:51.987,19.032,22.235,14.801,2.975,250.0,250.0,99.083,15.518,8.769,38.333,29.213,18.122,11.091,17.901,12.965,1.064,11.901,5.821,0.000,0.000,0.625,10.0,0.000,
12.11.2025,9:58:52.981,17.672,25.372,17.870,3.064,250.0,250.0,56.564,13.220,8.797,35.261,27.334,16.950,10.384,16.742,5.846,0.626,5.220,5.036,0.000,0.000,2.500,10.0,0.000,
12.11.2025,9:58:53.979,17.672,25.559,18.069,3.030,250.0,250.0,66.369,12.495,8.824,32.799,25.817,16.008,9.809,15.824,5.520,0.645,4.875,4.824,0.000,0.000,0.000,10.0,0.000,
12.11.2025,9:58:54.992,24.469,24.187,15.880,3.013,250.0,250.0,73.284,26.710,8.907,84.178,57.728,35.795,21.933,35.366,5.674,0.689,4.985,11.841,0.000,0.000,0.000,10.0,0.000,
12.11.2025,9:58:56.005,19.032,24.732,17.224,3.082,250.0,250.0,101.435,28.062,8.893,83.741,57.458,35.623,21.835,35.194,13.000,1.087,11.913,11.877,0.000,0.000,0.000,10.0,0.375,
12.11.2025,9:58:57.019,17.672,24.405,16.910,3.027,250.0,250.0,89.577,13.795,8.801,36.864,28.319,17.563,10.756,17.355,6.378,0.627,5.751,5.531,0.000,0.000,0.000,10.0,0.000,
12.11.2025,9:58:58.018,31.266,24.805,17.341,3.037,250.0,250.0,67.500,12.906,8.809,34.204,26.675,16.540,10.135,16.343,5.659,0.618,5.041,5.041,0.000,0.000,0.000,10.0,0.000,
12.11.2025,9:58:59.021,32.625,30.288,22.575,3.229,250.0,250.0,63.071,12.064,8.798,31.454,24.975,15.488,9.487,15.292,5.256,0.618,4.638,4.638,0.000,0.000,0.500,10.0,0.000,
12.11.2025,9:59:0.018,25.829,37.658,28.499,3.684,250.0,250.0,70.683,28.015,8.841,83.654,57.371,35.565,21.806,35.136,12.952,1.075,11.877,11.877,0.000,0.000,0.375,10.0,0.375,
12.11.2025,9:59:1.018,35.344,34.097,26.056,3.447,250.0,250.0,101.640,27.974,8.869,83.442,57.260,35.499,21.761,35.070,12.967,1.066,11.901,11.901,0.000,0.000,0.000,10.0,0.000,
12.11.2025,9:59:2.013,24.469,33.820,25.921,3.330,250.0,250.0,79.465,19.768,8.805,59.577,42.332,26.257,16.075,25.938,6.432,0.680,5.752,5.832,0.000,0.000,0.000,10.0,0.000,
12.11.2025,9:59:3.017,29.907,34.859,26.967,3.402,250.0,250.0,66.464,12.437,8.795,32.517,25.635,15.891,9.744,15.695,5.575,0.635,4.940,4.940,0.000,0.000,0.500,10.0,0.000,
12.11.2025,9:59:4.016,28.547,38.829,30.507,3.449,250.0,250.0,52.906,9.801,4.568,27.029,19.606,12.154,7.452,12.006,5.273,0.619,4.654,4.654,0.002,0.000,0.000,10.0,0.125,
12.11.2025,9:59:5.009,25.829,37.508,28.559,3.460,250.0,250.0,70.391,28.095,8.859,83.893,57.527,35.677,21.850,35.247,12.995,1.082,11.913,11.913,0.000,0.000,1.125,10.0,0.000,
12.11.2025,9:59:6.012,27.188,36.365,28.417,3.424,250.0,250.0,103.726,28.194,8.860,84.250,57.745,35.810,21.935,35.380,13.012,1.076,11.936,11.936,0.000,0.000,0.000,10.0,0.000,
12.11.2025,9:59:7.007,36.704,33.438,25.371,3.523,250.0,250.0,91.594,20.457,8.874,59.743,42.568,26.395,16.173,26.076,8.589,0.855,7.734,7.564,0.000,0.000,1.500,10.0,0.000,
12.11.2025,9:59:8.011,33.985,34.303,25.952,3.786,250.0,250.0,87.562,17.459,8.863,50.156,36.603,22.696,13.907,22.425,6.225,0.630,5.595,7.493,0.000,0.000,0.500,10.0,0.000,
12.11.2025,9:59:9.014,31.266,41.804,33.471,3.709,250.0,250.0,72.325,21.148,8.915,62.523,44.312,27.471,16.841,27.140,8.373,0.829,7.544,7.534,0.000,0.000,0.000,10.0,0.000,
12.11.2025,9:59:10.013,29.907,36.186,28.189,3.475,250.0,250.0,80.218,48.667,9.092,167.940,109.134,67.676,41.458,66.861,8.385,0.841,7.544,7.734,0.000,0.000,0.000,10.0,0.000,
12.11.2025,9:59:11.008,28.547,31.252,23.423,3.253,250.0,250.0,86.899,20.450,8.934,59.667,42.550,26.392,16.158,26.073,8.571,0.857,7.714,7.584,0.000,0.000,1.125,10.0,0.500,
12.11.2025,9:59:12.020,27.188,30.706,23.002,3.169,250.0,250.0,86.257,13.535,8.819,36.018,27.821,17.242,10.579,17.034,6.223,0.628,5.595,5.386,0.000,0.000,1.125,10.0,0.000,
12.11.2025,9:59:13.006,23.110,31.125,22.761,3.178,250.0,250.0,56.003,6.100,3.235,13.849,10.606,6.575,4.031,6.489,5.650,0.618,5.032,4.914,0.002,0.000,0.000,10.0,0.000,
12.11.2025,9:59:14.020,32.625,31.222,22.801,3.162,250.0,250.0,71.752,28.332,8.857,84.676,58.014,35.969,22.045,35.539,13.098,1.079,12.019,12.019,0.000,0.000,0.000,10.0,0.000,
12.11.2025,9:59:15.019,29.907,32.064,24.353,3.141,250.0,250.0,103.408,32.765,8.879,101.521,68.420,42.422,25.998,41.907,13.132,1.101,12.031,12.243,0.000,0.000,0.000,10.0,0.000,
12.11.2025,9:59:16.016,23.110,29.826,22.176,3.134,250.0,250.0,91.117,13.572,8.795,36.292,27.971,17.342,10.629,17.133,6.063,0.632,5.431,5.431,0.000,0.000,0.000,10.0,0.000,
12.11.2025,9:59:17.007,32.625,31.624,23.518,3.101,250.0,250.0,76.621,28.343,8.945,84.608,58.023,35.979,22.044,35.537,13.121,1.066,12.055,12.055,0.000,0.000,0.000,10.0,0.000,
12.11.2025,9:59:18.010,28.547,30.510,22.899,3.096,250.0,250.0,108.037,28.463,8.947,85.012,58.269,36.134,22.135,35.705,13.169,1.080,12.089,12.089,0.000,0.000,0.000,10.0,0.500,
12.11.2025,9:59:19.019,31.266,30.087,22.349,3.133,250.0,250.0,90.898,43.741,8.917,151.603,98.938,61.348,37.590,60.605,6.398,0.704,5.694,5.613,0.000,0.000,0.000,10.0,0.000,
12.11.2025,9:59:20.008,36.704,29.054,21.390,3.124,250.0,250.0,56.225,13.015,8.809,34.513,26.879,16.668,10.211,16.459,5.744,0.626,5.118,5.118,0.000,0.000,0.000,10.0,0.000,
12.11.2025,9:59:21.008,25.829,32.648,24.960,3.149,250.0,250.0,66.056,12.279,8.810,32.145,25.404,15.758,9.646,15.561,5.362,0.623,4.739,4.739,0.000,0.000,0.000,10.0,0.000,
12.11.2025,9:59:22.020,27.188,33.102,25.335,3.142,250.0,250.0,62.526,12.241,8.800,32.029,25.324,15.700,9.624,15.516,5.350,0.636,4.714,4.714,0.000,0.000,0.000,10.0,0.375,
12.11.2025,9:59:23.022,25.829,32.377,24.376,3.148,250.0,250.0,51.424,27.614,4.653,46.778,31.888,19.778,12.110,19.533,44.720,8.693,36.027,51.960,0.002,0.000,0.000,10.0,0.000,
12.11.2025,9:59:24.021,31.266,32.344,24.399,3.248,250.0,250.0,81.817,54.709,9.033,185.643,120.148,74.509,45.639,73.608,13.199,1.087,12.112,12.112,0.000,0.000,0.000,10.0,0.000,
12.11.2025,9:59:25.037,23.110,32.344,24.399,3.248,250.0,250.0,103.417,16.954,8.850,41.060,30.960,19.195,11.765,18.962,13.270,1.062,12.208,12.208,0.000,0.000,0.000,10.0,0.375,
12.11.2025,9:59:26.033,23.110,33.208,25.506,3.192,250.0,250.0,82.274,13.107,8.821,34.800,27.062,16.777,10.285,16.568,5.796,0.629,5.167,5.167,0.000,0.000,0.000,10.0,0.000,
12.11.2025,9:59:27.034,27.188,32.737,25.001,3.143,250.0,250.0,62.448,76.097,8.865,116.512,77.249,47.900,29.349,47.316,209.654,59.127,150.527,14.474,0.000,0.000,0.000,10.0,0.000,
12.11.2025,9:59:28.025,28.547,29.539,21.868,3.162,250.0,250.0,55.784,12.184,8.782,31.374,24.911,15.450,9.461,15.266,5.921,0.681,5.240,4.756,0.000,0.000,0.000,10.0,0.000,
12.11.2025,9:59:29.024,24.469,31.885,24.144,3.166,250.0,250.0,50.670,11.952,8.798,30.892,24.615,15.264,9.351,15.080,5.390,0.625,4.765,4.739,0.000,0.000,0.000,10.0,0.000,
12.11.2025,9:59:30.027,23.110,29.357,21.678,3.087,250.0,250.0,48.490,9.977,4.066,27.925,19.852,12.302,7.550,12.154,5.520,0.628,4.892,4.883,0.000,0.000,0.000,10.0,0.000,
12.11.2025,9:59:31.030,20.391,33.270,24.155,3.191,250.0,250.0,74.843,20.400,8.889,59.600,42.477,26.342,16.135,26.023,8.462,0.838,7.624,7.614,0.002,0.000,0.000,10.0,0.000,
12.11.2025,9:59:32.042,21.750,30.600,22.139,3.123,250.0,250.0,78.604,20.364,8.900,59.427,42.380,26.282,16.098,25.963,8.482,0.838,7.644,7.624,0.000,0.000,0.000,10.0,0.000,
12.11.2025,9:59:33.040,20.391,30.642,22.963,3.149,250.0,250.0,72.690,13.459,8.831,35.841,27.713,17.183,10.530,16.974,6.054,0.623,5.431,5.416,0.000,0.000,0.000,10.0,0.000,
12.11.2025,9:59:34.056,19.032,30.451,22.723,3.153,250.0,250.0,53.644,12.778,8.809,33.692,26.366,16.350,10.016,16.154,5.694,0.641,5.053,5.001,0.000,0.000,0.000,10.0,0.000,
12.11.2025,9:59:35.056,20.391,30.892,23.215,3.198,250.0,250.0,76.629,28.477,8.957,84.929,58.221,36.103,22.118,35.673,13.309,1.101,12.208,12.148,0.000,0.000,0.000,10.0,0.000,
12.11.2025,9:59:36.061,25.829,31.011,22.500,3.066,250.0,250.0,103.504,28.500,8.884,84.890,58.160,36.066,22.094,35.624,13.536,1.116,12.420,12.208,0.000,0.000,0.000,10.0,0.000,
12.11.2025,9:59:37.067,27.188,29.236,21.658,3.027,250.0,250.0,78.600,13.522,8.794,35.994,27.783,17.229,10.554,17.021,6.189,0.723,5.466,5.466,0.000,0.000,0.375,10.0,0.000,
12.11.2025,9:59:38.068,25.829,36.003,28.213,3.267,250.0,250.0,50.539,12.790,8.809,33.718,26.373,16.359,10.014,16.163,5.727,0.717,5.010,5.010,0.000,0.000,0.000,10.0,0.000,
12.11.2025,9:59:39.053,33.985,41.204,33.243,3.331,250.0,250.0,49.117,65.553,4.728,172.181,109.393,67.825,41.568,67.006,94.046,14.236,79.810,4.739,0.000,0.000,0.000,10.0,0.000,
12.11.2025,9:59:40.062,25.829,37.447,29.301,3.364,250.0,250.0,71.267,16.349,8.899,45.202,33.554,20.810,12.744,20.565,7.487,0.742,6.745,6.745,0.003,0.000,0.000,10.0,0.000,
12.11.2025,9:59:41.054,25.829,36.313,28.077,3.368,250.0,250.0,66.954,13.756,8.833,35.462,27.484,17.038,10.446,16.830,7.403,0.744,6.659,6.659,0.000,0.000,0.000,10.0,0.375,
12.11.2025,9:59:42.057,35.344,37.519,29.545,3.347,250.0,250.0,50.159,12.246,8.811,31.951,25.286,15.675,9.611,15.491,5.445,0.698,4.747,4.747,0.000,0.000,0.500,10.0,0.000,
12.11.2025,9:59:43.057,35.344,35.743,27.649,3.457,250.0,250.0,47.428,12.271,8.814,31.998,25.316,15.703,9.613,15.507,5.493,0.720,4.773,4.773,0.000,0.000,0.000,10.0,0.000,
12.11.2025,9:59:44.057,29.907,35.743,27.649,3.457,250.0,250.0,47.250,11.820,8.812,30.304,24.263,15.046,9.217,14.862,5.473,0.726,4.747,4.747,0.000,0.000,0.000,10.0,0.000,
12.11.2025,9:59:45.060,25.829,39.363,30.953,3.312,250.0,250.0,73.427,26.587,8.917,79.292,54.705,33.922,20.783,33.518,11.978,1.203,10.775,10.775,0.000,0.000,0.000,10.0,0.000,
12.11.2025,9:59:46.058,31.266,33.320,25.585,3.194,250.0,250.0,94.367,26.576,8.926,79.088,54.592,33.847,20.745,33.442,12.066,1.082,10.984,10.984,0.000,0.000,0.000,10.0,0.000,
12.11.2025,9:59:47.057,27.188,29.001,21.387,3.089,250.0,250.0,72.709,23.033,8.878,72.950,50.454,31.293,19.161,30.914,5.770,0.625,5.145,5.145,0.000,0.000,0.000,10.0,0.250,
12.11.2025,9:59:48.056,27.188,29.237,21.589,3.078,250.0,250.0,55.843,12.278,8.825,32.071,25.367,15.729,9.638,15.545,5.412,0.630,4.782,4.782,0.000,0.000,0.000,10.0,0.000,
12.11.2025,9:59:49.057,25.829,28.787,21.165,3.069,250.0,250.0,47.271,11.902,8.829,30.668,24.499,15.190,9.309,15.006,5.383,0.627,4.756,4.747,0.000,0.000,0.000,10.0,0.000,
12.11.2025,9:59:50.055,24.469,29.456,21.788,3.129,250.0,250.0,47.115,11.936,8.803,30.830,24.581,15.249,9.332,15.065,5.381,0.634,4.747,4.739,0.000,0.000,0.500,10.0,0.000,
12.11.2025,9:59:51.053,27.188,30.450,21.128,3.108,250.0,250.0,37.792,59.252,4.345,134.781,86.273,53.501,32.772,52.851,87.409,17.590,69.819,53.182,0.002,0.000,0.000,10.0,0.000,
12.11.2025,9:59:52.054,23.110,32.133,24.414,3.142,250.0,250.0,62.313,16.493,8.887,45.678,33.849,20.994,12.855,20.736,7.516,0.657,6.859,6.897,0.000,0.000,0.000,10.0,0.000,
12.11.2025,9:59:53.054,17.672,33.042,25.269,3.222,250.0,250.0,69.190,12.857,8.814,32.613,25.703,15.940,9.763,15.743,7.532,0.635,6.897,4.935,0.000,0.000,0.000,10.0,0.000,
12.11.2025,9:59:54.054,20.391,33.028,25.286,3.209,250.0,250.0,49.017,12.100,8.815,31.436,24.966,15.486,9.480,15.302,5.381,0.616,4.765,4.756,0.000,0.000,0.000,10.0,0.000,
12.11.2025,9:59:55.054,17.672,33.124,25.326,3.172,250.0,250.0,47.641,80.339,8.934,106.465,71.033,44.047,26.986,43.523,248.660,58.942,189.718,5.078,0.000,0.000,0.000,10.0,0.000,
12.11.2025,9:59:56.053,21.750,31.005,23.366,3.095,250.0,250.0,50.973,11.994,8.875,30.809,24.621,15.264,9.357,15.079,5.586,0.839,4.747,4.765,0.000,0.000,0.000,10.0,0.000,
12.11.2025,9:59:57.055,20.391,28.910,19.971,3.080,250.0,250.0,52.180,26.923,9.092,84.482,58.037,35.988,22.049,35.558,5.924,0.693,5.231,12.172,0.000,0.000,0.000,10.0,0.000,
12.11.2025,9:59:58.067,23.110,28.414,20.790,3.105,250.0,250.0,99.623,28.424,8.982,84.662,58.077,36.007,22.070,35.578,13.330,1.087,12.243,12.208,0.000,0.000,0.875,10.0,0.000,
12.11.2025,9:59:59.067,20.391,30.805,23.130,3.163,250.0,250.0,91.177,13.136,8.805,34.641,26.941,16.709,10.232,16.513,6.055,0.648,5.407,5.407,0.000,0.000,0.000,10.0,0.000,
12.11.2025,10:0:0.054,24.469,30.649,22.501,3.082,250.0,250.0,50.063,64.791,4.342,155.043,98.854,61.297,37.557,60.549,89.794,17.437,72.357,50.680,0.003,0.000,0.000,10.0,0.000,
12.11.2025,10:0:1.069,20.391,28.685,20.747,3.063,250.0,250.0,85.768,28.485,8.942,84.697,58.081,36.014,22.067,35.573,13.530,1.110,12.420,12.420,0.000,0.000,0.000,10.0,0.000,
12.11.2025,10:0:2.078,19.032,30.538,22.838,3.136,250.0,250.0,105.526,29.193,8.893,44.684,33.133,20.551,12.582,20.306,13.480,1.113,12.367,124.817,0.000,0.000,0.000,10.0,0.000,
12.11.2025,10:0:3.081,20.391,33.680,25.872,3.207,250.0,250.0,188.149,28.687,8.970,85.388,58.523,36.292,22.231,35.850,13.578,1.123,12.455,12.455,0.000,0.000,0.000,10.0,0.000,
12.11.2025,10:0:4.084,24.469,30.171,22.340,3.308,250.0,250.0,103.024,28.833,9.013,85.587,58.673,36.376,22.297,35.935,13.867,1.153,12.714,12.714,0.000,0.000,0.000,10.0,0.000,
12.11.2025,10:0:5.096,28.547,30.713,23.024,3.157,250.0,250.0,87.657,13.390,8.805,35.426,27.438,17.020,10.418,16.812,6.205,0.632,5.573,5.573,0.000,0.000,0.000,10.0,0.000,
12.11.2025,10:0:6.097,21.750,31.155,23.491,3.146,250.0,250.0,55.600,12.698,8.847,33.305,26.145,16.215,9.930,16.018,5.721,0.643,5.078,5.078,0.000,0.000,0.500,10.0,0.000,
12.11.2025,10:0:7.097,16.313,29.692,21.941,3.151,250.0,250.0,52.661,11.952,8.812,30.797,24.570,15.231,9.339,15.047,5.453,0.638,4.815,4.815,0.000,0.000,0.500,10.0,0.000,
12.11.2025,10:0:8.096,28.547,32.969,24.072,3.256,250.0,250.0,49.087,86.014,4.368,159.407,101.552,62.969,38.583,62.208,93.417,18.295,75.122,244.221,0.002,0.000,0.000,10.0,0.000,
12.11.2025,10:0:9.088,19.032,33.728,25.531,3.584,250.0,250.0,85.243,28.640,8.992,84.922,58.249,36.117,22.132,35.688,13.950,1.142,12.808,12.395,0.000,0.000,0.000,10.0,0.000,
12.11.2025,10:0:10.103,21.750,27.770,20.063,3.181,250.0,250.0,112.480,15.648,8.856,38.236,29.210,18.115,11.095,17.894,13.543,1.088,12.455,5.989,0.000,0.000,0.500,10.0,0.000,
12.11.2025,10:0:11.108,16.313,28.446,20.800,3.198,250.0,250.0,67.893,15.648,8.833,34.601,26.940,16.704,10.236,16.507,6.101,0.641,5.460,5.273,0.000,0.000,0.000,10.0,0.000,
12.11.2025,10:0:12.106,17.672,30.721,22.745,3.132,250.0,250.0,67.893,13.129,8.833,34.601,26.940,16.704,10.236,16.507,6.101,0.641,5.460,5.273,0.000,0.000,0.000,10.0,0.000,
12.11.2025,10:0:13.105,17.672,30.721,22.745,3.132,250.0,250.0,80.766,55.268,9.107,187.221,121.177,75.137,46.040,74.234,13.520,1.136,12.384,12.726,0.000,0.000,0.000,10.0,0.000,
12.11.2025,10:0:14.104,13.594,25.171,17.683,3.018,250.0,250.0,104.487,28.748,8.999,85.447,58.576,36.326,22.250,35.885,13.745,1.138,12.607,12.502,0.000,0.000,0.000,10.0,0.000,
12.11.2025,10:0:15.102,17.672,23.930,16.442,3.040,250.0,250.0,88.533,13.656,8.849,36.425,28.083,17.412,10.671,17.204,6.219,0.646,5.573,5.478,0.000,0.000,0.000,10.0,0.000,
12.11.2025,10:0:16.101,19.032,25.329,17.778,3.084,250.0,250.0,56.438,43.233,9.010,150.138,98.107,60.829,37.278,60.098,5.776,0.672,5.104,5.314,0.000,0.000,0.000,10.0,0.125,
12.11.2025,10:0:17.103,12.235,23.934,16.474,3.031,250.0,250.0,52.859,12.414,8.899,32.322,25.566,15.853,9.713,15.669,5.624,0.655,4.969,4.866,0.000,0.000,0.000,10.0,0.000,
12.11.2025,10:0:18.100,23.110,22.556,15.195,2.962,250.0,250.0,64.374,12.088,8.873,31.218,24.870,15.418,9.452,15.233,5.492,0.643,4.849,4.832,0.000,0.000,0.000,10.0,0.000,
12.11.2025,10:0:19.104,28.547,26.312,17.895,3.017,250.0,250.0,46.825,25.705,4.384,44.396,30.240,18.753,11.487,18.532,40.454,7.521,32.933,48.347,0.002,0.000,0.000,10.0,1.000,
12.11.2025,10:0:20.114,16.313,23.725,15.898,2.994,250.0,250.0,118.809,29.835,9.254,87.726,60.146,37.295,22.851,36.853,15.158,1.253,13.905,13.905,0.000,0.000,0.000,10.0,0.000,
12.11.2025,10:0:21.101,19.032,22.448,15.028,2.997,250.0,250.0,100.792,17.600,8.870,43.132,32.251,19.999,12.252,19.766,13.612,1.110,12.502,12.502,0.000,0.000,0.000,10.0,0.000,
12.11.2025,10:0:22.100,24.469,27.060,19.566,3.009,250.0,250.0,57.030,13.783,8.847,36.960,28.409,17.617,10.792,17.408,6.151,0.655,5.496,5.496,0.000,0.000,0.000,10.0,0.000,
12.11.2025,10:0:23.114,20.391,26.190,18.140,3.079,250.0,250.0,54.968,37.781,4.371,58.816,39.175,24.293,14.882,23.999,80.976,15.555,65.421,50.322,0.003,0.000,0.500,10.0,0.000,
12.11.2025,10:0:24.115,17.672,25.480,17.695,2.984,250.0,250.0,112.785,29.283,8.969,86.949,59.486,36.889,22.597,36.448,14.219,1.163,13.056,13.056,0.000,0.000,0.000,10.0,0.000,
12.11.2025,10:0:25.125,19.032,24.614,17.121,3.034,250.0,250.0,100.650,17.660,8.931,43.222,32.344,20.057,12.287,19.812,13.688,1.116,12.572,12.572,0.000,0.000,0.000,10.0,0.000,
12.11.2025,10:0:26.116,14.953,25.424,17.948,3.060,250.0,250.0,57.273,13.827,8.873,37.029,28.480,17.660,10.820,17.439,6.232,0.722,5.510,5.504,0.000,0.000,0.000,10.0,1.125,
12.11.2025,10:0:27.125,21.750,23.541,16.129,3.006,250.0,250.0,66.597,43.262,8.955,150.398,98.244,60.915,37.329,60.184,5.772,0.722,5.050,5.047,0.000,0.000,0.000,10.0,0.000,
12.11.2025,10:0:28.130,25.829,23.550,15.332,2.935,250.0,250.0,74.529,25.332,8.574,81.242,55.707,34.545,21.162,34.128,6.256,0.802,5.454,5.452,0.000,0.000,0.000,10.0,0.000,
12.11.2025,10:0:29.126,25.829,25.503,18.010,3.009,250.0,250.0,103.495,28.806,9.056,85.582,58.692,36.400,22.292,35.959,13.761,1.197,12.564,12.561,0.000,0.000,0.000,10.0,0.000,
12.11.2025,10:0:30.117,19.032,25.319,17.925,2.987,250.0,250.0,91.501,14.174,8.819,37.901,28.976,17.967,11.009,17.759,6.738,0.676,6.062,5.829,0.000,0.000,0.000,10.0,0.000,
12.11.2025,10:0:31.128,14.953,26.449,18.936,3.053,250.0,250.0,68.857,13.380,8.800,35.629,27.563,17.087,10.476,16.879,5.992,0.658,5.334,5.386,0.000,0.000,0.000,10.0,0.000,
12.11.2025,10:0:32.127,19.032,26.263,18.840,3.001,250.0,250.0,57.925,12.745,8.823,33.561,26.298,16.304,9.994,16.108,5.734,0.652,5.082,4.892,0.000,0.000,0.000,10.0,0.000,
12.11.2025,10:0:33.122,20.391,26.458,18.442,3.082,250.0,250.0,62.213,15.478,8.957,42.005,31.608,19.603,12.005,19.370,7.299,0.657,6.642,6.632,0.000,0.000,0.000,10.0,0.000,
12.11.2025,10:0:34.128,17.672,24.013,16.509,3.072,250.0,250.0,62.736,74.041,9.139,154.829,100.977,62.615,38.362,61.849,152.545,36.419,116.126,7.549,0.000,0.000,0.000,10.0,0.000,
12.11.2025,10:0:35.123,17.672,24.252,16.701,3.068,250.0,250.0,69.574,13.136,8.882,34.644,27.008,16.745,10.263,16.537,6.054,0.673,5.381,5.174,0.000,0.000,0.000,10.0,0.000,
12.11.2025,10:0:36.126,17.672,25.226,17.678,3.089,250.0,250.0,53.433,12.570,8.820,33.025,25.960,16.104,9.856,15.907,5.567,0.658,4.909,4.900,0.000,0.000,0.000,10.0,0.125,
12.11.2025,10:0:37.124,13.594,23.734,16.315,3.035,250.0,250.0,53.623,12.489,8.836,32.741,25.792,15.996,9.796,15.799,5.530,0.647,4.883,4.874,0.000,0.000,0.000,10.0,0.000,
12.11.2025,10:0:38.134,24.469,23.267,14.965,2.997,250.0,250.0,57.628,76.986,4.386,189.262,119.893,74.336,45.557,73.443,128.785,31.601,97.184,5.410,0.002,0.000,0.000,10.0,0.000,
12.11.2025,10:0:39.135,19.032,24.032,16.546,3.046,250.0,250.0,114.905,28.974,8.968,85.902,58.842,36.480,22.362,36.039,14.271,1.169,13.102,12.607,0.000,0.000,0.000,10.0,0.000,
12.11.2025,10:0:40.131,20.391,24.038,16.499,3.054,250.0,250.0,100.556,14.288,8.823,38.222,29.185,18.098,11.087,17.877,6.752,0.663,6.089,6.089,0.000,0.000,0.000,10.0,0.500,
12.11.2025,10:0:41.142,25.829,23.883,16.411,3.054,250.0,250.0,57.521,41.384,8.959,142.819,93.558,58.017,35.541,57.322,6.134,0.746,5.388,5.360,0.000,0.000,0.000,10.0,0.000,
12.11.2025,10:0:42.142,19.032,24.221,16.686,3.076,250.0,250.0,66.623,12.945,8.932,34.108,26.703,16.562,10.141,16.353,5.762,0.637,5.125,5.125,0.000,0.000,0.000,10.0,0.000,
12.11.2025,10:0:43.145,33.985,26.692,18.308,3.047,250.0,250.0,75.543,29.113,9.090,86.743,59.435,36.851,22.584,36.410,13.721,1.149,12.572,12.572,0.000,0.000,0.000,10.0,0.000,
12.11.2025,10:0:44.143,17.672,23.817,16.367,3.031,250.0,250.0,105.884,29.209,9.031,87.114,59.623,36.976,22.647,36.534,13.767,1.135,12.632,12.632,0.000,0.000,0.000,10.0,1.000,
12.11.2025,10:0:45.131,17.672,23.720,16.153,3.085,250.0,250.0,92.011,47.321,8.957,152.361,99.470,61.683,37.787,60.939,23.072,5.496,17.576,5.865,0.000,0.000,0.000,10.0,0.000,
12.11.2025,10:0:46.146,16.313,25.249,17.750,3.072,250.0,250.0,69.285,13.485,8.818,36.021,27.817,17.240,10.577,17.031,6.002,0.657,5.345,5.345,0.000,0.000,0.000,10.0,0.000,
12.11.2025,10:0:47.133,17.672,23.865,16.418,3.019,250.0,250.0,65.177,12.714,8.847,33.329,26.162,16.230,9.932,16.034,5.754,0.655,5.099,5.099,0.000,0.000,0.000,10.0,0.000,
12.11.2025,10:0:48.132,13.594,24.543,16.240,2.997,250.0,250.0,78.309,29.083,9.092,86.611,59.358,36.807,22.551,36.365,13.727,1.131,12.596,12.596,0.000,0.000,0.000,10.0,0.000,
12.11.2025,10:0:49.144,19.032,23.752,16.254,3.027,250.0,250.0,104.609,55.449,9.156,187.617,121.428,75.297,46.131,74.395,13.902,1.232,12.670,12.667,0.000,0.000,0.000,10.0,0.000,
12.11.2025,10:0:50.146,21.750,22.928,15.477,3.030,250.0,250.0,93.576,13.949,8.842,37.249,28.595,17.734,10.861,17.513,6.510,0.662,5.848,5.680,0.000,0.000,0.500,10.0,0.000,
12.11.2025,10:0:51.135,14.953,23.802,16.398,2.973,250.0,250.0,66.022,13.249,8.881,35.147,27.313,16.940,10.373,16.732,5.950,0.640,5.310,5.200,0.000,0.000,0.000,10.0,0.000,
12.11.2025,10:0:52.135,17.672,24.491,16.940,2.962,250.0,250.0,54.796,8.738,3.872,23.312,16.865,10.453,6.412,10.330,5.606,0.646,4.960,4.926,0.002,0.000,0.000,10.0,0.000,
12.11.2025,10:0:53.131,13.594,27.959,18.915,3.014,250.0,250.0,63.041,28.981,8.935,86.378,59.111,36.659,22.452,36.217,13.727,1.155,12.572,12.607,0.000,0.000,0.000,10.0,0.000,
12.11.2025,10:0:54.137,17.672,24.250,16.791,3.007,250.0,250.0,105.969,116.489,9.118,186.101,120.495,74.707,45.788,73.805,320.370,76.648,243.722,14.140,0.000,0.000,0.500,10.0,0.000,
12.11.2025,10:0:55.140,20.391,25.384,17.966,3.012,250.0,250.0,92.324,14.265,8.870,38.223,29.206,18.108,11.098,17.899,6.709,0.682,6.027,5.830,0.000,0.000,0.000,10.0,0.000,
12.11.2025,10:0:56.155,12.235,24.949,17.431,3.054,250.0,250.0,66.910,13.452,8.896,35.859,27.766,17.217,10.549,17.009,6.004,0.676,5.328,5.217,0.000,0.000,0.000,10.0,0.000,
12.11.2025,10:0:57.166,12.235,21.331,13.858,3.028,250.0,250.0,55.269,12.932,8.873,34.299,26.782,16.602,10.180,16.406,5.618,0.658,4.960,4.943,0.000,0.000,0.000,10.0,0.000,
12.11.2025,10:0:58.188,14.953,25.302,17.468,3.062,250.0,250.0,53.284,9.759,4.141,26.917,19.264,11.946,7.318,11.799,5.613,0.670,4.943,4.977,0.002,0.000,0.000,10.0,0.000,
12.11.2025,10:0:59.181,14.953,26.677,17.344,3.025,250.0,250.0,43.594,22.920,8.935,70.431,49.219,30.528,18.691,30.160,6.025,0.734,5.291,9.185,0.000,0.000,0.000,10.0,0.000,
12.11.2025,10:1:0.190,16.313,28.526,20.932,3.156,250.0,250.0,105.679,23.518,8.926,69.554,48.677,30.190,18.487,29.822,10.186,1.032,9.154,9.154,0.000,0.000,0.000,10.0,0.000,
12.11.2025,10:1:1.192,14.953,25.521,18.022,3.029,250.0,250.0,88.411,59.661,8.856,70.533,48.970,30.363,18.607,29.997,102.619,31.880,70.739,184.049,0.000,0.000,0.000,10.0,0.000,
12.11.2025,10:1:2.179,19.032,24.253,16.766,3.043,250.0,250.0,56.749,13.156,8.826,34.785,27.048,16.769,10.279,16.573,5.986,0.674,5.312,5.312,0.000,0.000,0.500,10.0,0.375,
12.11.2025,10:1:3.178,16.313,27.374,19.443,3.007,250.0,250.0,61.189,29.232,9.039,87.062,59.605,36.960,22.645,36.519,13.881,1.155,12.726,12.726,0.000,0.000,0.000,10.0,0.000,
12.11.2025,10:1:4.191,19.032,25.846,18.366,3.021,250.0,250.0,114.237,29.046,9.140,86.257,59.178,36.687,22.491,36.245,13.870,1.144,12.726,12.726,0.000,0.000,0.000,10.0,0.000,
12.11.2025,10:1:5.195,25.829,25.380,17.948,3.020,250.0,250.0,101.827,44.744,9.127,154.924,101.150,62.716,38.434,61.960,6.602,0.674,5.928,5.928,0.000,0.000,0.000,10.0,0.375,
12.11.2025,10:1:6.183,19.032,24.109,16.562,3.093,250.0,250.0,57.753,13.451,8.952,35.600,27.645,17.137,10.508,16.929,6.132,0.658,5.474,5.474,0.000,0.000,0.000,10.0,0.625,
12.11.2025,10:1:7.199,17.672,24.909,17.498,2.992,250.0,250.0,67.723,12.968,8.884,34.405,26.847,16.646,10.201,16.449,5.636,0.659,4.977,4.977,0.000,0.000,0.000,10.0,0.000,
12.11.2025,10:1:8.194,19.032,24.959,17.429,3.032,250.0,250.0,53.965,43.201,8.956,150.294,98.158,60.863,37.295,60.133,5.671,0.699,4.972,4.969,0.000,0.000,0.000,10.0,0.000,
12.11.2025,10:1:9.208,23.110,23.248,15.827,3.013,250.0,250.0,53.467,12.367,8.844,32.104,25.401,15.756,9.645,15.559,5.680,0.678,5.002,5.002,0.000,0.000,0.375,10.0,0.375,
12.11.2025,10:1:10.207,19.032,29.244,20.161,3.282,250.0,250.0,54.298,29.211,9.008,87.032,59.563,36.928,22.635,36.486,13.866,1.139,12.726,12.726,0.000,0.000,0.000,10.0,0.000,
12.11.2025,10:1:11.220,17.672,25.209,17.500,3.243,250.0,250.0,114.993,29.423,9.044,87.729,60.015,37.209,22.806,36.767,13.940,1.156,12.784,12.784,0.000,0.000,0.000,10.0,0.000,
12.11.2025,10:1:12.214,17.672,26.981,19.535,3.032,250.0,250.0,102.189,14.186,8.843,37.990,29.049,18.016,11.033,17.795,6.606,0.669,5.937,5.920,0.000,0.000,2.375,10.0,0.000,
12.11.2025,10:1:13.223,19.032,28.020,20.020,3.047,250.0,250.0,73.690,28.102,9.094,88.310,60.419,37.462,22.957,37.008,6.491,0.746,5.745,12.784,0.000,0.000,0.000,10.0,0.000,
12.11.2025,10:1:14.210,19.032,25.815,18.362,3.059,250.0,250.0,106.091,29.469,9.180,87.677,60.072,37.250,22.822,36.796,14.031,1.164,12.867,12.832,0.000,0.000,0.000,10.0,0.000,
12.11.2025,10:1:15.215,28.547,29.996,22.294,3.227,250.0,250.0,88.905,14.510,8.868,38.755,29.549,18.316,11.233,18.095,7.060,0.761,6.299,6.162,0.000,0.000,0.500,10.0,0.000,
12.11.2025,10:1:16.239,23.110,35.667,27.764,3.346,250.0,250.0,60.737,13.926,8.858,37.299,28.626,17.750,10.876,17.542,6.403,0.757,5.646,5.499,0.000,0.000,0.000,10.0,0.500,
12.11.2025,10:1:17.239,24.469,33.745,25.932,3.299,250.0,250.0,52.675,13.283,8.844,35.327,27.400,16.990,10.410,16.793,5.943,0.732,5.211,5.177,0.000,0.000,0.000,10.0,0.000,
12.11.2025,10:1:18.240,35.344,36.837,29.018,3.305,250.0,250.0,50.430,12.665,8.844,33.236,26.100,16.185,9.915,15.989,5.702,0.708,4.994,4.977,0.000,0.000,0.000,10.0,0.125,
12.11.2025,10:1:19.234,23.110,35.146,26.715,3.279,250.0,250.0,43.497,7.295,3.480,18.116,13.397,8.301,5.096,8.203,5.694,0.725,4.969,4.969,0.002,0.000,0.625,10.0,0.000,
12.11.2025,10:1:20.237,24.469,34.871,26.491,3.219,250.0,250.0,95.462,29.423,8.969,87.730,59.973,37.194,22.779,36.740,14.020,1.247,12.773,12.808,0.000,0.000,0.000,10.0,0.375,
12.11.2025,10:1:21.241,24.469,33.943,26.165,3.293,250.0,250.0,111.121,30.001,9.016,88.696,60.599,37.574,23.025,37.133,15.533,1.370,14.164,12.903,0.000,0.000,0.000,10.0,0.000,
12.11.2025,10:1:22.225,23.110,34.752,26.907,3.272,250.0,250.0,57.833,13.527,8.827,35.965,27.789,17.226,10.563,17.017,6.253,0.763,5.490,5.379,0.000,0.000,0.875,10.0,0.375,
12.11.2025,10:1:23.226,25.829,33.787,25.183,3.255,250.0,250.0,79.862,29.546,8.982,88.174,60.261,37.369,22.892,36.915,14.043,1.259,12.784,12.784,0.000,0.000,0.000,10.0,1.500,
12.11.2025,10:1:24.244,23.110,34.414,26.572,3.305,250.0,250.0,103.552,100.298,9.189,154.472,100.953,62.590,38.363,61.834,281.350,67.621,213.729,12.879,0.000,0.000,0.625,10.0,0.500,
12.11.2025,10:1:25.245,32.625,36.944,29.140,3.323,250.0,250.0,83.354,13.765,8.950,36.442,28.146,17.459,10.687,17.250,6.492,0.757,5.735,5.735,0.000,0.000,0.000,10.0,1.500,
12.11.2025,10:1:26.247,31.266,36.538,28.699,3.292,250.0,250.0,52.035,13.210,8.922,34.943,27.218,16.876,10.342,16.668,5.964,0.761,5.203,5.203,0.000,0.000,0.000,10.0,0.500,
12.11.2025,10:1:27.254,28.547,33.896,25.758,3.218,250.0,250.0,76.627,29.752,9.229,88.599,60.681,37.623,23.058,37.169,14.141,1.262,12.879,12.879,0.000,0.000,0.000,10.0,0.500,
12.11.2025,10:1:28.259,27.188,37.360,29.192,3.592,250.0,250.0,95.783,28.952,9.116,85.849,58.902,36.524,22.378,36.083,13.901,1.034,12.867,12.867,0.000,0.000,0.000,10.0,0.000,
12.11.2025,10:1:29.257,25.829,34.387,26.490,3.377,250.0,250.0,73.859,78.179,8.939,83.456,56.949,35.322,21.627,34.896,76.610,24.266,52.344,387.385,0.000,0.000,0.000,10.0,0.000,
12.11.2025,10:1:30.266,28.547,34.370,26.554,3.278,250.0,250.0,58.464,13.148,8.843,34.784,27.060,16.776,10.284,16.579,5.944,0.673,5.271,5.271,0.000,0.000,0.000,10.0,0.500,
12.11.2025,10:1:31.267,20.391,26.140,18.662,3.068,250.0,250.0,50.994,12.486,8.845,32.539,25.678,15.920,9.758,15.724,5.686,0.667,5.019,5.019,0.000,0.000,0.000,10.0,0.375,
12.11.2025,10:1:32.263,21.750,24.104,16.594,3.027,250.0,250.0,48.687,12.316,8.847,31.915,25.284,15.674,9.610,15.490,5.669,0.667,5.002,5.002,0.000,0.000,0.000,10.0,0.000,
12.11.2025,10:1:33.263,23.110,26.060,17.284,3.087,250.0,250.0,40.262,58.577,4.293,133.891,85.689,53.137,32.552,52.488,86.615,17.543,69.072,50.489,0.003,0.000,0.000,10.0,0.000,
12.11.2025,10:1:34.261,19.032,26.504,18.601,3.016,250.0,250.0,100.096,29.269,9.051,86.914,59.516,36.909,22.607,36.468,14.112,1.115,12.997,12.997,0.000,0.000,0.000,10.0,0.000,
12.11.2025,10:1:35.258,17.672,27.883,20.355,3.046,250.0,250.0,102.348,17.280,8.918,41.303,31.161,19.313,11.848,19.079,14.110,1.149,12.961,12.961,0.000,0.000,0.000,10.0,0.000,
12.11.2025,10:1:36.256,21.750,24.392,16.965,3.018,250.0,250.0,57.112,13.021,8.878,34.217,26.732,16.582,10.150,16.385,5.984,0.681,5.303,5.303,0.000,0.000,0.000,10.0,0.000,
12.11.2025,10:1:37.272,19.032,23.200,15.751,3.016,250.0,250.0,56.607,12.574,8.903,32.768,25.856,16.026,9.830,15.830,5.748,0.670,5.078,5.027,0.000,0.000,0.000,10.0,0.000,
12.11.2025,10:1:38.271,17.672,25.480,17.993,3.005,250.0,250.0,48.563,12.289,8.834,31.800,25.207,15.635,9.572,15.438,5.692,0.665,5.027,5.019,0.000,0.000,0.000,10.0,0.000,
12.11.2025,10:1:39.273,13.594,24.363,16.820,3.005,250.0,250.0,48.758,42.921,3.870,74.295,48.447,30.037,18.410,29.669,84.614,16.832,67.782,55.258,0.002,0.000,0.000,10.0,0.000,
12.11.2025,10:1:40.281,25.829,29.142,20.767,3.152,250.0,250.0,199.079,164.181,9.350,393.503,248.652,154.190,94.462,152.334,286.381,72.578,213.803,16.556,0.000,0.001,0.000,10.0,0.000,
12.11.2025,10:1:41.285,19.032,25.874,18.340,3.063,250.0,250.0,189.582,29.501,9.002,87.563,59.896,37.142,22.754,36.689,14.414,1.181,13.233,13.138,0.000,0.000,0.000,10.0,0.000,
12.11.2025,10:1:42.281,14.953,23.574,16.095,3.041,250.0,250.0,105.855,15.754,8.821,38.092,29.106,18.042,11.064,17.821,14.246,1.144,13.102,6.100,0.000,0.000,0.000,10.0,0.000,
12.11.2025,10:1:43.286,21.750,26.434,18.896,3.075,250.0,250.0,58.391,44.241,8.938,153.548,100.153,62.105,38.048,61.350,6.301,0.748,5.553,5.666,0.000,0.000,1.125,10.0,0.375,
12.11.2025,10:1:44.283,17.672,25.106,17.547,3.111,250.0,250.0,67.122,12.986,8.806,34.117,26.632,16.507,10.125,16.310,6.045,0.680,5.365,5.271,0.000,0.000,0.000,10.0,0.000,
12.11.2025,10:1:45.288,16.313,22.932,15.428,3.044,250.0,250.0,53.850,12.656,8.817,33.141,26.020,16.132,9.888,15.948,5.771,0.684,5.087,5.070,0.000,0.000,0.000,10.0,0.000,
12.11.2025,10:1:46.308,27.188,25.582,18.093,3.042,250.0,250.0,52.685,40.882,8.933,141.353,92.618,57.429,35.189,56.735,5.749,0.687,5.062,5.062,0.000,0.000,0.000,10.0,0.000,
12.11.2025,10:1:47.311,19.032,25.517,17.439,2.982,250.0,250.0,50.753,25.503,8.464,82.223,56.251,34.884,21.367,34.454,6.038,0.721,5.317,5.317,0.003,0.000,0.000,10.0,0.000,
12.11.2025,10:1:48.312,20.391,25.963,18.374,2.996,250.0,250.0,115.564,29.387,9.000,87.115,59.604,36.964,22.640,36.523,14.483,1.427,13.056,13.056,0.000,0.000,0.000,10.0,0.000,
12.11.2025,10:1:49.315,20.391,27.202,19.758,2.994,250.0,250.0,105.563,14.360,8.862,38.076,29.115,18.060,11.055,17.839,7.091,0.681,6.410,6.410,0.000,0.000,0.000,10.0,0.000,
12.11.2025,10:1:50.311,20.391,24.684,17.238,2.979,250.0,250.0,62.096,14.229,8.900,37.816,28.974,17.966,11.008,17.758,6.872,0.750,6.122,6.122,0.000,0.001,0.000,10.0,1.000,
12.11.2025,10:1:51.308,17.672,24.777,17.361,2.995,250.0,250.0,67.740,12.931,8.880,33.903,26.536,16.459,10.077,16.263,5.956,0.676,5.280,5.280,0.000,0.000,1.125,10.0,0.000,
12.11.2025,10:1:52.307,14.953,24.501,16.684,2.936,250.0,250.0,80.002,29.322,9.004,87.053,59.584,36.950,22.634,36.497,14.229,1.185,13.044,13.044,0.000,0.000,0.000,10.0,0.000,
12.11.2025,10:1:53.307,20.391,24.421,16.959,3.009,250.0,250.0,106.288,132.705,9.032,176.330,114.376,70.928,43.448,70.075,337.781,80.469,257.312,167.303,0.000,0.000,0.000,10.0,0.000,
12.11.2025,10:1:54.319,19.032,24.073,16.620,3.018,250.0,250.0,88.266,14.207,8.817,37.961,29.021,17.990,11.031,17.769,6.724,0.687,6.037,6.037,0.000,0.000,0.000,10.0,0.000,
12.11.2025,10:1:55.313,16.313,25.783,18.256,3.023,250.0,250.0,69.319,13.483,8.867,35.806,27.711,17.181,10.530,16.973,6.143,0.668,5.475,5.475,0.000,0.000,0.000,10.0,0.375,
12.11.2025,10:1:56.310,19.032,25.643,18.233,2.967,250.0,250.0,55.099,12.840,8.859,33.789,26.456,16.401,10.055,16.205,5.772,0.677,5.095,5.095,0.000,0.000,0.000,10.0,0.000,
12.11.2025,10:1:57.307,19.032,27.643,20.138,3.073,250.0,250.0,53.177,12.752,8.832,33.399,26.193,16.251,9.942,16.054,5.875,0.677,5.198,5.104,0.000,0.000,0.000,10.0,0.000,
12.11.2025,10:1:58.309,19.032,29.751,22.108,3.121,250.0,250.0,63.550,7.568,3.628,18.908,13.983,8.675,5.308,8.564,5.769,0.674,5.095,5.078,0.002,0.000,0.000,10.0,0.000,
12.11.2025,10:1:59.307,17.672,27.297,18.613,2.980,250.0,250.0,67.383,29.282,9.090,86.808,59.476,36.883,22.593,36.429,14.244,1.188,13.056,13.056,0.000,0.000,0.000,10.0,0.000,
12.11.2025,10:2:0.307,31.266,27.853,20.403,3.027,250.0,250.0,105.825,55.897,9.153,188.703,122.104,75.717,46.387,74.803,14.284,1.182,13.102,13.539,0.000,0.000,0.000,10.0,0.000,
12.11.2025,10:2:1.309,24.469,25.197,17.701,3.027,250.0,250.0,88.417,14.232,8.883,38.016,29.086,18.036,11.050,17.828,6.770,0.689,6.081,5.885,0.000,0.000,0.000,10.0,0.000,
12.11.2025,10:2:2.308,17.672,26.210,18.360,2.984,250.0,250.0,78.201,29.539,8.983,87.818,60.037,37.227,22.810,36.785,14.306,1.156,13.150,13.115,0.000,0.000,0.000,10.0,1.000,
12.11.2025,10:2:3.305,20.391,26.727,19.263,3.012,250.0,250.0,114.894,29.663,8.997,88.238,60.306,37.399,22.907,36.945,14.345,1.195,13.150,13.150,0.000,0.000,0.000,10.0,0.000,
12.11.2025,10:2:4.304,17.672,26.275,18.786,3.004,250.0,250.0,97.916,14.304,8.878,38.211,29.207,18.113,11.094,17.892,6.796,0.687,6.109,6.054,0.000,0.000,0.000,10.0,0.000,
12.11.2025,10:2:5.496,17.672,25.585,18.115,3.014,250.0,250.0,69.509,13.666,8.907,36.313,28.063,17.402,10.661,17.181,6.313,0.682,5.631,5.510,0.000,0.000,0.000,10.0,0.000,
12.11.2025,10:2:6.496,27.188,22.135,14.855,2.866,250.0,250.0,54.074,12.603,8.854,32.939,25.929,16.075,9.854,15.879,5.693,0.580,5.113,5.113,0.000,0.000,0.000,10.0,0.000,
12.11.2025,10:2:7.494,23.110,24.706,17.226,2.997,250.0,250.0,63.979,12.567,8.839,32.761,25.801,15.999,9.802,15.815,5.769,0.656,5.113,5.113,0.000,0.000,0.000,10.0,0.000,
12.11.2025,10:2:8.509,20.391,29.981,22.218,3.114,250.0,250.0,58.158,48.015,4.733,88.431,57.755,35.815,21.940,35.374,93.384,19.464,73.920,49.336,0.002,0.000,0.250,10.0,0.000,
12.11.2025,10:2:9.507,17.672,25.705,18.042,2.972,250.0,250.0,113.894,29.762,9.038,88.204,60.321,37.397,22.924,36.943,14.664,1.195,13.469,13.469,0.000,0.000,0.000,10.0,0.000,
12.11.2025,10:2:10.512,27.188,28.051,20.454,3.142,250.0,250.0,101.778,17.594,8.834,42.292,31.714,19.666,12.048,19.433,14.371,1.162,13.209,13.209,0.000,0.000,0.375,10.0,0.000,
12.11.2025,10:2:11.510,25.829,30.371,22.404,3.454,250.0,250.0,57.943,13.717,8.878,36.293,28.017,17.377,10.640,17.169,6.494,0.688,5.806,5.806,0.000,0.000,0.000,10.0,0.125,
12.11.2025,10:2:12.509,13.594,27.361,19.864,3.055,250.0,250.0,65.477,13.538,8.903,35.233,27.384,16.975,10.409,16.766,6.822,0.752,6.070,6.070,0.000,0.000,0.000,31.0,1.000,
12.11.2025,10:2:13.514,19.032,24.310,16.849,3.008,250.0,250.0,53.921,12.639,8.900,32.898,25.921,16.071,9.850,15.887,5.849,0.686,5.163,5.163,0.000,0.000,0.000,31.0,0.000,
12.11.2025,10:2:14.508,32.625,24.151,16.680,3.011,250.0,250.0,51.956,12.441,8.862,32.219,25.481,15.802,9.679,15.618,5.810,0.680,5.130,5.130,0.000,0.000,1.625,31.0,0.000,
12.11.2025,10:2:15.507,17.672,25.820,17.040,3.094,250.0,250.0,46.613,9.605,4.080,26.227,18.799,11.653,7.146,11.518,5.768,0.673,5.095,5.095,0.003,0.000,0.000,31.0,0.000,
12.11.2025,10:2:16.507,16.313,25.556,17.675,2.977,250.0,250.0,101.390,36.557,9.051,114.520,76.536,47.455,29.081,46.879,14.316,1.166,13.150,13.421,0.000,0.000,0.000,31.0,0.000,
12.11.2025,10:2:17.506,23.110,25.456,18.016,2.991,250.0,250.0,109.132,29.559,9.044,87.590,59.933,37.162,22.771,36.720,14.567,1.192,13.374,13.233,0.000,0.000,0.125,31.0,0.000,
12.11.2025,10:2:18.510,19.032,26.269,18.818,2.992,250.0,250.0,63.903,13.866,8.850,36.800,28.315,17.556,10.759,17.348,6.613,0.683,5.930,5.806,0.000,0.000,0.000,31.0,0.000,
12.11.2025,10:2:19.508,20.391,25.393,17.888,3.026,250.0,250.0,55.051,55.180,9.023,151.152,98.703,61.201,37.502,60.471,63.824,17.640,46.184,6.105,0.000,0.000,0.000,31.0,0.000,
12.11.2025,10:2:20.513,17.672,25.438,18.012,2.998,250.0,250.0,66.527,12.790,8.893,33.291,26.166,16.225,9.941,16.028,6.094,0.701,5.393,5.163,0.000,0.000,0.000,31.0,0.000,
12.11.2025,10:2:21.510,19.032,23.237,15.386,2.965,250.0,250.0,60.352,15.164,9.039,40.630,30.810,19.112,11.698,18.879,7.411,0.686,6.725,6.651,0.000,0.000,0.000,31.0,0.000,
12.11.2025,10:2:22.516,25.829,27.613,20.114,3.021,250.0,250.0,61.319,15.178,9.024,40.769,30.886,19.155,11.731,18.922,7.328,0.687,6.641,6.632,0.000,0.000,0.000,31.0,0.000,
12.11.2025,10:2:23.521,21.750,26.653,19.240,3.001,250.0,250.0,57.664,43.882,9.001,152.263,99.392,61.634,37.758,60.891,6.165,0.748,5.417,5.555,0.000,0.000,0.000,31.0,0.000,
12.11.2025,10:2:24.522,24.469,25.043,17.548,3.020,250.0,250.0,66.004,12.594,8.827,32.684,25.749,15.972,9.777,15.776,5.997,0.698,5.299,5.163,0.000,0.000,0.375,31.0,0.000,
12.11.2025,10:2:25.527,24.469,24.819,17.371,3.002,250.0,250.0,53.375,12.664,8.816,33.107,26.009,16.121,9.888,15.925,5.819,0.673,5.146,5.138,0.000,0.000,0.000,31.0,0.000,
12.11.2025,10:2:26.528,23.110,23.632,15.689,2.994,250.0,250.0,51.580,7.064,3.505,16.594,12.468,7.727,4.741,7.641,6.428,1.298,5.130,5.104,0.002,0.000,0.000,31.0,0.000,
12.11.2025,10:2:27.533,24.469,24.077,16.296,2.992,250.0,250.0,102.262,51.367,9.136,171.181,111.412,69.086,42.326,68.256,14.386,1.188,13.198,13.503,0.000,0.000,0.000,31.0,0.000,
12.11.2025,10:2:28.523,17.672,26.121,18.606,3.028,250.0,250.0,115.057,29.510,8.970,87.455,59.805,37.085,22.720,36.631,14.581,1.197,13.384,13.268,0.000,0.000,0.000,31.0,0.000,
12.11.2025,10:2:29.540,23.110,24.528,17.070,3.017,250.0,250.0,66.713,14.044,8.828,37.478,28.723,17.816,10.907,17.595,6.630,0.684,5.946,5.832,0.000,0.000,0.000,31.0,0.000,
12.11.2025,10:2:30.542,46.219,23.545,16.069,3.029,250.0,250.0,57.141,43.802,8.926,152.089,99.234,61.534,37.700,60.791,6.121,0.688,5.433,5.503,0.000,0.000,1.125,31.0,0.000,
12.11.2025,10:2:31.539,17.672,25.611,17.769,3.012,250.0,250.0,80.669,29.598,9.066,87.828,60.096,37.267,22.829,36.813,14.413,1.158,13.256,13.256,0.000,0.000,0.000,31.0,0.000,
12.11.2025,10:2:32.543,20.391,26.824,19.253,3.071,250.0,250.0,107.266,29.789,9.069,88.467,60.500,37.507,22.993,37.053,14.492,1.178,13.314,13.314,0.000,0.000,0.500,31.0,0.000,
12.11.2025,10:2:33.558,27.188,23.333,15.877,3.031,250.0,250.0,92.477,44.569,9.125,154.039,100.583,62.365,38.218,61.610,6.844,0.776,6.068,6.064,0.000,0.000,0.000,31.0,0.000,
12.11.2025,10:2:34.554,20.391,24.737,17.285,3.010,250.0,250.0,69.458,13.731,8.926,36.540,28.199,17.486,10.713,17.278,6.284,0.687,5.597,5.597,0.000,0.000,0.375,31.0,0.000,
12.11.2025,10:2:35.556,24.469,25.130,17.577,3.083,250.0,250.0,64.041,12.845,8.949,33.625,26.404,16.380,10.024,16.184,5.854,0.674,5.180,5.180,0.000,0.000,0.000,31.0,0.000,
12.11.2025,10:2:36.554,38.063,24.827,17.379,3.009,250.0,250.0,53.163,12.807,9.002,33.452,26.340,16.324,10.016,16.128,5.828,0.674,5.154,5.154,0.000,0.000,0.000,31.0,0.375,
12.11.2025,10:2:37.553,29.907,25.073,17.658,3.010,250.0,250.0,62.085,12.703,8.854,33.038,25.995,16.115,9.880,15.918,5.976,0.702,5.274,5.274,0.000,0.000,0.000,31.0,0.000,
12.11.2025,10:2:38.568,24.469,26.566,17.788,2.984,250.0,250.0,68.989,22.543,8.932,65.952,46.455,28.810,17.645,28.454,10.061,0.999,9.062,9.062,0.000,0.000,0.000,31.0,0.000,
12.11.2025,10:2:39.556,23.110,25.479,18.074,3.011,250.0,250.0,92.108,22.492,8.978,65.811,46.385,28.768,17.617,28.424,9.972,0.983,8.989,8.989,0.000,0.000,0.000,31.0,0.000,
12.11.2025,10:2:40.556,19.032,25.190,17.732,3.017,250.0,250.0,77.375,84.792,8.974,152.858,99.782,61.873,37.909,61.118,209.674,46.922,162.752,6.054,0.000,0.000,0.000,31.0,0.000,
12.11.2025,10:2:41.563,17.672,26.413,18.912,3.009,250.0,250.0,69.086,13.542,8.892,35.932,27.806,17.248,10.558,17.039,6.213,0.693,5.520,5.520,0.000,0.000,0.000,31.0,0.000,
12.11.2025,10:2:42.561,16.313,27.466,19.157,3.028,250.0,250.0,77.853,29.611,9.032,87.838,60.082,37.262,22.820,36.808,14.488,1.197,13.291,13.291,0.000,0.000,0.500,31.0,0.000,
12.11.2025,10:2:43.558,25.829,24.740,17.275,3.025,250.0,250.0,105.981,29.746,9.107,88.246,60.383,37.437,22.946,36.983,14.514,1.187,13.327,13.327,0.000,0.000,0.000,31.0,0.375,
12.11.2025,10:2:44.564,27.188,26.349,18.827,3.096,250.0,250.0,92.616,110.036,8.980,100.291,67.337,41.748,25.589,41.248,197.844,56.720,141.124,419.483,0.000,0.000,0.000,31.0,0.000,
12.11.2025,10:2:45.566,28.547,34.641,26.818,3.315,250.0,250.0,57.120,13.493,8.840,35.467,27.485,17.043,10.442,16.834,6.535,0.790,5.745,5.745,0.000,0.000,0.000,31.0,1.125,
12.11.2025,10:2:46.553,36.704,33.783,25.949,3.305,250.0,250.0,57.769,12.762,8.843,33.310,26.156,16.214,9.942,16.017,5.968,0.762,5.206,5.206,0.000,0.000,0.000,31.0,0.000,
12.11.2025,10:2:47.553,28.547,34.881,25.882,3.229,250.0,250.0,57.982,20.732,9.048,59.958,42.802,26.543,16.259,26.211,9.132,0.899,8.233,8.233,0.000,0.000,0.000,31.0,0.375,
12.11.2025,10:2:48.567,23.110,34.881,25.882,3.229,250.0,250.0,75.852,20.669,9.013,59.702,42.625,26.432,16.193,26.112,9.185,0.943,8.242,8.242,0.000,0.000,0.000,31.0,0.500,
12.11.2025,10:2:49.555,23.110,35.608,27.798,3.274,250.0,250.0,68.786,33.345,9.027,111.691,74.339,46.092,28.247,45.531,6.432,0.774,5.658,5.658,0.000,0.000,0.500,31.0,0.000,
12.11.2025,10:2:50.559,25.829,35.541,27.767,3.295,250.0,250.0,59.737,25.940,8.630,83.583,57.196,35.464,21.732,35.035,6.193,0.818,5.375,5.375,0.000,0.000,0.000,31.0,0.000,
12.11.2025,10:2:51.559,27.188,33.350,25.174,3.238,250.0,250.0,107.589,29.933,9.047,88.919,60.764,37.670,23.094,37.216,14.621,1.247,13.374,13.374,0.000,0.000,0.000,31.0,0.000,
12.11.2025,10:2:52.561,24.469,35.343,27.583,3.276,250.0,250.0,99.913,14.081,8.844,37.280,28.611,17.736,10.875,17.528,6.905,0.778,6.127,6.127,0.000,0.000,0.000,31.0,0.000,
12.11.2025,10:2:53.555,24.469,37.367,29.487,3.314,250.0,250.0,53.174,60.808,8.915,110.935,73.786,45.754,28.032,45.195,144.993,24.956,120.037,5.476,0.000,0.000,0.375,31.0,0.500,
12.11.2025,10:2:54.557,23.110,35.393,27.620,3.276,250.0,250.0,58.588,12.867,8.849,33.659,26.366,16.357,10.009,16.161,6.031,0.783,5.248,5.206,0.000,0.000,0.000,31.0,0.000,
12.11.2025,10:2:55.558,24.469,35.677,27.891,3.323,250.0,250.0,56.551,12.765,8.884,33.288,26.166,16.220,9.946,16.023,5.971,0.773,5.198,5.180,0.000,0.000,0.000,31.0,0.000,
12.11.2025,10:2:56.559,24.469,32.759,24.983,3.260,250.0,250.0,49.198,7.554,3.603,18.735,13.857,8.587,5.270,8.488,5.916,0.744,5.172,5.163,0.000,0.000,0.000,31.0,0.000,
12.11.2025,10:2:57.562,19.032,35.561,26.840,3.284,250.0,250.0,67.796,71.539,9.269,130.930,86.400,53.579,32.821,52.934,169.755,51.906,117.849,9.944,0.003,0.000,0.625,31.0,1.000,
12.11.2025,10:2:58.565,27.188,32.580,24.436,3.204,250.0,250.0,84.531,23.385,9.197,68.287,48.059,29.802,18.257,29.447,10.801,1.186,9.615,9.201,0.000,0.000,0.000,31.0,0.375,
12.11.2025,10:2:59.565,21.750,33.991,26.235,3.280,250.0,250.0,70.150,13.526,8.891,35.760,27.698,17.169,10.529,16.960,6.382,0.776,5.606,5.485,0.000,0.000,0.000,31.0,0.000,
12.11.2025,10:3:0.562,25.829,38.325,30.497,3.314,250.0,250.0,51.243,8.011,3.726,20.326,14.922,9.248,5.674,9.137,5.955,0.757,5.198,5.172,0.000,0.000,0.000,31.0,0.000,
12.11.2025,10:3:1.558,25.829,36.086,27.749,3.269,250.0,250.0,71.911,29.958,9.049,89.037,60.836,37.727,23.109,37.273,14.616,1.302,13.314,13.314,0.002,0.000,0.000,31.0,0.000,
12.11.2025,10:3:2.558,28.547,34.995,26.544,3.202,250.0,250.0,104.389,36.525,9.028,114.178,76.222,47.262,28.960,46.687,14.686,1.312,13.374,13.539,0.000,0.000,0.000,31.0,0.625,
12.11.2025,10:3:3.563,25.829,36.899,29.080,3.308,250.0,250.0,86.948,13.787,8.857,36.437,28.097,17.418,10.679,17.210,6.739,0.783,5.956,5.692,0.000,0.000,0.125,31.0,0.000,
12.11.2025,10:3:4.564,24.469,34.311,26.516,3.298,250.0,250.0,70.184,30.033,9.008,89.284,60.967,37.802,23.165,37.348,14.692,1.307,13.385,13.374,0.000,0.000,0.000,31.0,0.000,
12.11.2025,10:3:5.555,24.469,34.311,26.516,3.298,250.0,250.0,105.049,29.706,8.983,88.018,60.158,37.305,22.853,36.851,14.733,1.312,13.421,13.421,0.000,0.000,0.000,31.0,0.000,
12.11.2025,10:3:6.560,28.547,35.963,27.774,3.262,250.0,250.0,89.198,25.397,8.860,80.908,55.350,34.322,21.028,33.907,6.803,0.784,6.019,5.992,0.000,0.000,0.000,31.0,1.375,
12.11.2025,10:3:7.557,33.985,35.844,28.072,3.272,250.0,250.0,59.002,25.397,8.818,34.574,26.917,16.693,10.224,16.496,6.359,0.779,5.580,5.416,0.000,0.000,0.000,31.0,0.000,
12.11.2025,10:3:8.564,24.469,35.137,27.271,3.305,250.0,250.0,51.970,12.767,8.882,33.293,26.157,16.227,9.930,16.031,5.971,0.757,5.214,5.206,0.000,0.000,0.000,31.0,0.000,
12.11.2025,10:3:9.564,28.547,33.072,25.295,3.275,250.0,250.0,63.943,164.507,9.437,390.974,247.150,153.257,93.893,151.400,290.848,64.748,226.100,17.262,0.000,0.000,2.500,31.0,0.000,
12.11.2025,10:3:10.562,28.547,33.069,25.311,3.287,250.0,250.0,367.855,164.507,9.039,89.777,61.289,37.998,23.291,37.544,15.731,1.297,14.434,14.081,0.000,0.000,0.000,31.0,0.000,
12.11.2025,10:3:11.566,29.907,33.382,25.531,3.327,250.0,250.0,367.855,30.448,9.039,89.777,61.289,37.998,23.291,37.544,15.731,1.297,14.434,14.081,0.000,0.000,0.375,31.0,0.000,
12.11.2025,10:3:12.564,23.110,30.060,22.363,3.173,250.0,250.0,119.026,29.825,9.058,88.204,60.318,37.398,22.920,36.957,14.867,1.211,13.657,13.657,0.000,0.000,0.000,31.0,0.000,
12.11.2025,10:3:13.563,24.469,28.317,20.524,3.315,250.0,250.0,93.224,14.253,8.915,37.723,28.927,17.943,10.984,17.722,7.002,0.695,6.307,6.307,0.000,0.000,0.000,31.0,0.000,
12.11.2025,10:3:14.565,20.391,29.936,22.081,3.326,250.0,250.0,57.723,13.997,8.891,37.307,28.661,17.773,10.888,17.552,6.536,0.713,5.823,5.823,0.000,0.000,0.000,31.0,0.000,
12.11.2025,10:3:15.557,21.750,25.912,18.386,3.076,250.0,250.0,68.787,13.125,8.847,34.638,26.976,16.723,10.253,16.527,5.991,0.692,5.299,5.299,0.000,0.000,0.000,31.0,0.000,
12.11.2025,10:3:16.566,19.032,24.957,17.449,3.064,250.0,250.0,64.926,12.882,8.852,33.723,26.415,16.377,10.038,16.181,5.975,0.693,5.282,5.282,0.000,0.000,0.500,31.0,0.000,
12.11.2025,10:3:17.563,23.110,25.063,17.552,3.101,250.0,250.0,53.683,44.850,9.079,152.127,99.530,61.715,37.815,60.971,9.397,0.930,8.467,8.467,0.000,0.000,0.500,31.0,0.000,
12.11.2025,10:3:18.562,17.672,27.571,20.042,3.039,250.0,250.0,76.691,21.367,8.974,62.050,44.055,27.317,16.738,26.986,9.499,0.942,8.557,8.557,0.000,0.000,0.375,31.0,0.000,
12.11.2025,10:3:19.560,17.672,26.983,19.552,3.020,250.0,250.0,92.955,21.287,8.998,61.756,43.877,27.214,16.663,26.883,9.470,0.933,8.537,8.537,0.000,0.000,0.000,31.0,0.000,
12.11.2025,10:3:20.557,20.391,25.067,17.611,2.995,250.0,250.0,80.997,44.136,9.040,152.450,99.546,61.723,37.823,60.980,6.865,0.762,6.103,6.064,0.000,0.000,0.125,31.0,0.000,
12.11.2025,10:3:21.709,16.313,25.060,17.524,3.042,250.0,250.0,57.836,13.590,8.918,35.867,27.787,17.227,10.560,17.018,6.408,0.698,5.710,5.710,0.000,0.000,0.000,31.0,0.375,
12.11.2025,10:3:22.699,16.313,25.436,17.953,2.984,250.0,250.0,77.469,29.250,9.149,86.142,59.104,36.655,22.449,36.213,14.624,1.085,13.539,13.539,0.002,0.000,0.000,31.0,0.375,
12.11.2025,10:3:23.698,23.110,22.644,14.082,2.889,250.0,250.0,106.680,29.999,9.093,88.871,60.753,37.676,23.077,37.222,14.854,1.209,13.645,13.586,0.000,0.000,0.000,31.0,0.500,
12.11.2025,10:3:24.694,29.907,25.816,18.227,3.070,250.0,250.0,78.447,14.449,8.867,38.347,29.285,18.165,11.120,17.944,7.233,0.696,6.537,6.298,0.000,0.000,0.000,31.0,0.000,
12.11.2025,10:3:25.695,24.469,25.816,18.227,3.070,250.0,250.0,71.798,34.972,8.429,117.331,77.881,48.294,29.587,47.719,7.107,0.837,6.270,6.267,0.000,0.000,0.000,31.0,0.000,
12.11.2025,10:3:26.714,17.672,25.160,16.828,3.023,250.0,250.0,109.988,30.356,9.007,89.554,61.131,37.908,23.223,37.441,15.806,1.301,14.505,13.681,0.000,0.000,0.000,31.0,0.000,
12.11.2025,10:3:27.725,25.829,24.804,17.362,2.995,250.0,250.0,98.655,16.205,8.858,39.041,29.708,18.426,11.282,18.205,14.913,1.198,13.715,6.703,0.000,0.000,0.000,31.0,0.000,
12.11.2025,10:3:28.742,24.469,24.686,17.235,3.012,250.0,250.0,57.672,67.375,9.003,154.090,100.550,62.343,38.207,61.588,121.091,32.220,88.871,5.789,0.000,0.000,0.000,31.0,0.250,
12.11.2025,10:3:29.746,14.953,23.289,15.847,3.000,250.0,250.0,68.498,13.800,8.871,36.841,28.345,17.579,10.766,17.371,6.337,0.779,5.558,5.555,0.000,0.000,0.500,31.0,0.000,
12.11.2025,10:3:30.745,19.032,23.800,16.345,2.990,250.0,250.0,71.371,30.090,9.070,89.157,60.920,37.779,23.141,37.325,14.930,1.282,13.647,13.645,0.000,0.000,0.000,31.0,0.000,
12.11.2025,10:3:31.748,29.907,24.317,16.072,2.987,250.0,250.0,107.494,29.948,9.058,88.631,60.591,37.572,23.019,37.118,14.924,1.276,13.647,13.645,0.000,0.000,0.000,31.0,0.000,
12.11.2025,10:3:32.746,24.469,23.636,16.148,3.040,250.0,250.0,89.176,44.965,8.991,155.348,101.327,62.824,38.503,62.068,7.121,0.774,6.347,6.344,0.000,0.000,0.000,31.0,0.000,
12.11.2025,10:3:33.745,29.907,25.532,18.029,3.013,250.0,250.0,69.538,14.053,8.821,37.607,28.802,17.863,10.939,17.642,6.545,0.778,5.767,5.763,0.000,0.000,0.000,31.0,1.000,
12.11.2025,10:3:34.765,27.188,26.918,19.435,3.043,250.0,250.0,55.520,13.375,8.840,35.492,27.496,17.055,10.441,16.846,6.130,0.803,5.327,5.324,0.000,0.000,0.000,31.0,0.000,
12.11.2025,10:3:35.760,29.907,25.188,17.654,3.057,250.0,250.0,86.120,29.934,9.018,88.669,60.592,37.565,23.027,37.111,14.854,1.209,13.645,13.645,0.000,0.000,0.000,31.0,0.000,
12.11.2025,10:3:36.761,27.188,25.239,16.965,3.002,250.0,250.0,107.359,56.618,9.180,190.790,123.391,76.518,46.873,75.592,15.079,1.355,13.724,13.681,0.000,0.000,0.000,31.0,0.000,
12.11.2025,10:3:37.757,17.672,25.417,17.930,2.990,250.0,250.0,90.906,14.246,8.848,37.746,28.906,17.925,10.981,17.704,7.024,0.718,6.306,6.306,0.000,0.000,0.000,31.0,0.000,
12.11.2025,10:3:38.771,20.391,24.670,17.269,3.003,250.0,250.0,57.616,13.405,8.841,35.224,27.327,16.946,10.381,16.749,6.428,0.700,5.728,5.728,0.000,0.000,0.000,31.0,0.000,
12.11.2025,10:3:39.769,19.032,25.286,17.848,2.977,250.0,250.0,55.097,55.085,4.160,116.803,74.983,46.503,28.480,45.939,80.234,17.621,62.613,73.512,0.000,0.000,0.000,31.0,0.000,
12.11.2025,10:3:40.769,17.672,24.030,16.149,2.989,250.0,250.0,77.672,16.331,9.006,43.844,32.781,20.332,12.449,20.086,8.828,0.767,8.061,7.159,0.003,0.000,0.000,31.0,0.000,
12.11.2025,10:3:41.767,17.672,24.318,16.807,3.035,250.0,250.0,72.048,14.121,8.843,36.876,28.364,17.588,10.776,17.367,7.833,0.703,7.130,5.728,0.000,0.000,0.000,31.0,0.500,
12.11.2025,10:3:42.766,17.672,24.128,16.680,3.032,250.0,250.0,55.733,13.379,8.907,35.365,27.469,17.032,10.437,16.823,6.215,0.703,5.512,5.324,0.000,0.000,0.000,31.0,0.000,
12.11.2025,10:3:43.767,24.469,24.034,16.586,3.012,250.0,250.0,54.378,13.224,8.882,34.919,27.167,16.843,10.324,16.647,6.026,0.702,5.324,5.401,0.000,0.000,0.500,31.0,0.000,
12.11.2025,10:3:44.761,32.625,24.542,16.937,3.083,250.0,250.0,65.895,13.250,8.953,34.941,27.229,16.880,10.349,16.683,6.070,0.703,5.367,5.324,0.000,0.000,0.500,31.0,0.000,
12.11.2025,10:3:45.767,27.188,24.261,16.744,3.063,250.0,250.0,70.017,30.061,9.166,88.996,60.882,37.753,23.129,37.299,14.869,1.212,13.657,13.645,0.000,0.000,0.000,31.0,0.000,
12.11.2025,10:3:46.770,23.110,24.446,16.069,3.015,250.0,250.0,107.322,30.103,9.023,89.219,60.921,37.779,23.142,37.325,14.953,1.238,13.715,13.715,0.000,0.000,0.000,31.0,0.000,
12.11.2025,10:3:47.760,24.469,24.240,16.821,3.023,250.0,250.0,96.179,14.670,8.820,39.234,29.803,18.485,11.318,18.264,7.233,0.736,6.497,6.306,0.000,0.000,0.000,31.0,0.000,
12.11.2025,10:3:48.763,28.547,24.144,16.624,3.047,250.0,250.0,62.159,13.975,8.820,37.296,28.600,17.737,10.863,17.529,6.583,0.716,5.867,5.737,0.000,0.000,0.000,31.0,0.375,
12.11.2025,10:3:49.763,19.032,24.500,17.040,3.015,250.0,250.0,55.818,13.228,8.833,35.011,27.195,16.862,10.333,16.654,6.031,0.698,5.333,5.333,0.000,0.000,0.500,31.0,0.000,
12.11.2025,10:3:50.759,16.313,24.740,17.147,3.054,250.0,250.0,90.829,56.247,9.141,189.250,122.412,75.911,46.501,74.997,14.998,1.314,13.684,14.258,0.003,0.000,0.000,31.0,0.000,
12.11.2025,10:3:51.762,20.391,24.868,17.096,3.004,250.0,250.0,117.694,17.844,8.850,42.520,31.863,19.754,12.109,19.521,15.014,1.216,13.798,13.798,0.000,0.000,0.000,31.0,0.000,
12.11.2025,10:3:52.762,27.188,24.904,17.474,3.044,250.0,250.0,72.364,13.772,8.863,36.239,27.971,17.347,10.624,17.139,6.744,0.699,6.045,6.045,0.000,0.000,0.000,31.0,0.000,
12.11.2025,10:3:53.756,23.110,24.674,17.241,2.998,250.0,250.0,55.821,13.722,8.881,36.048,27.865,17.284,10.581,17.075,6.747,0.754,5.993,5.993,0.000,0.000,0.000,31.0,0.000,
12.11.2025,10:3:54.757,14.953,26.307,18.733,3.097,250.0,250.0,64.776,12.835,8.867,33.412,26.233,16.265,9.968,16.069,6.079,0.704,5.375,5.375,0.000,0.000,0.000,31.0,0.000,
12.11.2025,10:3:55.761,17.672,24.657,17.147,3.048,250.0,250.0,53.870,9.980,4.494,26.931,19.492,12.090,7.402,11.943,6.052,0.710,5.342,5.342,0.000,0.000,0.000,31.0,0.000,
12.11.2025,10:3:56.765,20.391,24.846,16.989,3.104,250.0,250.0,78.243,29.803,8.969,88.138,60.217,37.340,22.877,36.898,14.940,1.225,13.715,13.715,0.002,0.000,0.000,31.0,0.000,
12.11.2025,10:3:57.757,16.313,24.625,16.602,3.002,250.0,250.0,106.690,30.171,9.041,88.955,60.788,37.687,23.101,37.233,15.381,1.241,14.140,14.140,0.000,0.000,0.000,31.0,0.000,
12.11.2025,10:3:58.764,24.469,25.540,18.036,3.061,250.0,250.0,89.568,14.188,8.908,37.630,28.870,17.904,10.966,17.683,6.874,0.703,6.171,6.171,0.000,0.000,0.000,31.0,0.000,
12.11.2025,10:3:59.762,19.032,25.494,17.998,3.042,250.0,250.0,57.620,13.472,8.846,35.558,27.553,17.080,10.473,16.871,6.343,0.693,5.650,5.650,0.000,0.000,0.000,31.0,1.000,
12.11.2025,10:4:0.756,21.750,24.597,17.083,3.075,250.0,250.0,55.488,43.087,8.080,149.705,97.432,60.414,37.018,59.682,6.446,0.797,5.649,5.648,0.000,0.000,0.000,31.0,0.000,
12.11.2025,10:4:1.768,17.672,23.618,15.614,3.051,250.0,250.0,74.377,14.555,8.827,38.612,29.426,18.247,11.179,18.026,7.318,0.717,6.601,6.601,0.000,0.000,0.000,31.0,0.000,
12.11.2025,10:4:2.764,19.032,24.744,17.307,3.030,250.0,250.0,68.465,13.409,8.821,35.267,27.346,16.962,10.384,16.753,6.459,0.705,5.754,5.641,0.000,0.000,0.000,31.0,0.000,
12.11.2025,10:4:3.760,19.032,23.869,16.405,3.019,250.0,250.0,68.556,58.945,9.094,160.739,104.630,64.881,39.749,64.090,68.656,18.612,50.044,8.956,0.000,0.000,0.000,31.0,0.000,
12.11.2025,10:4:4.756,16.313,28.073,20.141,3.058,250.0,250.0,70.748,18.411,8.961,51.237,37.346,23.154,14.192,22.871,9.223,0.753,8.470,7.907,0.000,0.000,0.000,31.0,0.000,
12.11.2025,10:4:5.769,13.594,24.614,17.078,3.029,250.0,250.0,74.618,13.651,8.840,36.033,27.830,17.265,10.565,17.056,6.582,0.802,5.780,5.754,0.000,0.000,0.125,31.0,0.500,
12.11.2025,10:4:6.757,24.469,30.394,22.756,3.172,250.0,250.0,62.424,12.963,8.878,33.863,26.508,16.445,10.063,16.249,6.141,0.791,5.350,5.342,0.000,0.000,0.000,31.0,0.375,
12.11.2025,10:4:7.756,24.469,33.652,25.881,3.262,250.0,250.0,50.606,32.771,9.019,109.845,73.156,45.361,27.795,44.814,6.143,0.810,5.333,5.435,0.000,0.000,1.125,31.0,0.000,
12.11.2025,10:4:8.759,25.829,34.492,26.702,3.286,250.0,250.0,46.490,12.971,4.383,37.839,26.196,16.240,9.956,16.044,6.409,0.804,5.605,6.233,0.000,0.000,0.000,31.0,0.000,
12.11.2025,10:4:9.760,25.829,33.254,24.222,3.237,250.0,250.0,70.657,18.867,9.033,53.161,38.585,23.927,14.658,23.632,8.845,0.817,8.028,7.979,0.000,0.000,0.000,31.0,0.500,
12.11.2025,10:4:10.764,29.907,34.032,26.281,3.279,250.0,250.0,75.398,14.289,8.831,36.760,28.277,17.538,10.739,17.329,8.785,0.796,7.989,5.850,0.000,0.000,0.000,31.0,0.000,
12.11.2025,10:4:11.759,27.188,34.626,26.849,3.272,250.0,250.0,56.830,68.753,8.945,110.689,73.639,45.655,27.984,45.107,184.779,36.262,148.517,5.954,0.000,0.000,0.125,31.0,0.000,
12.11.2025,10:4:12.763,29.907,36.006,28.187,3.295,250.0,250.0,51.083,22.219,4.366,73.889,48.312,29.954,18.358,29.588,6.117,0.793,5.324,5.486,0.000,0.000,0.000,31.0,0.000,
12.11.2025,10:4:13.765,32.625,33.154,24.501,3.244,250.0,250.0,87.386,30.479,9.032,90.301,61.617,38.207,23.410,37.740,15.335,1.372,13.963,13.810,0.000,0.000,0.000,31.0,0.375,
12.11.2025,10:4:14.766,28.547,41.818,33.515,3.725,250.0,250.0,112.498,15.986,8.851,38.216,29.196,18.102,11.094,17.893,15.087,1.277,13.810,6.332,0.000,0.000,0.000,31.0,0.000,
12.11.2025,10:4:15.764,21.750,36.827,28.978,3.321,250.0,250.0,70.595,48.878,8.982,111.685,74.287,46.061,28.226,45.501,84.196,12.451,71.745,5.650,0.000,0.000,0.000,31.0,0.000,
12.11.2025,10:4:16.768,20.391,38.176,30.339,3.309,250.0,250.0,51.689,26.314,8.579,84.668,57.831,35.859,21.972,35.429,6.554,0.864,5.690,5.690,0.000,0.000,0.500,31.0,0.000,
12.11.2025,10:4:17.765,23.110,35.113,26.936,3.220,250.0,250.0,91.939,30.341,9.106,89.839,61.375,38.062,23.313,37.596,15.154,1.344,13.810,13.810,0.000,0.000,0.000,31.0,0.000,
12.11.2025,10:4:18.757,21.750,33.162,25.394,3.261,250.0,250.0,112.763,14.420,8.877,38.281,29.254,18.136,11.118,17.915,7.141,0.799,6.342,6.342,0.000,0.000,0.000,31.0,0.000,
12.11.2025,10:4:19.758,25.829,32.044,24.319,3.264,250.0,250.0,68.830,33.511,8.964,112.370,74.710,46.328,28.382,45.768,6.461,0.794,5.667,5.667,0.000,0.000,0.000,31.0,0.000,
12.11.2025,10:4:20.762,25.829,34.989,27.143,3.299,250.0,250.0,52.456,13.198,8.873,34.699,27.019,16.754,10.265,16.558,6.203,0.793,5.410,5.410,0.000,0.000,0.000,31.0,0.375,
12.11.2025,10:4:21.768,27.188,35.920,28.144,3.268,250.0,250.0,50.534,12.923,8.877,33.700,26.401,16.378,10.023,16.182,6.153,0.786,5.367,5.367,0.000,0.000,0.000,31.0,0.000,
12.11.2025,10:4:22.756,35.344,34.627,26.859,3.256,250.0,250.0,56.532,10.239,4.151,28.231,20.085,12.461,7.624,12.314,6.093,0.751,5.342,5.342,0.000,0.000,0.750,31.0,0.000,
12.11.2025,10:4:23.759,17.672,33.315,24.868,3.298,250.0,250.0,65.484,30.575,9.030,90.895,61.975,38.434,23.541,37.967,15.080,1.329,13.751,13.751,0.002,0.000,0.000,31.0,0.000,
12.11.2025,10:4:24.764,24.469,35.174,26.767,3.235,250.0,250.0,111.611,30.601,8.991,90.453,61.687,38.246,23.441,37.780,15.594,1.372,14.222,14.222,0.000,0.000,0.000,31.0,0.000,
12.11.2025,10:4:25.767,23.110,35.740,27.959,3.279,250.0,250.0,59.671,13.777,8.861,36.369,28.054,17.394,10.660,17.186,6.682,0.797,5.885,5.885,0.003,0.000,0.000,31.0,0.000,
12.11.2025,10:4:26.758,24.469,34.590,26.686,3.343,250.0,250.0,56.999,14.444,8.873,38.320,29.269,18.155,11.114,17.935,7.192,0.804,6.388,6.388,0.000,0.000,0.000,31.0,0.500,
12.11.2025,10:4:27.764,25.829,33.768,25.580,3.252,250.0,250.0,54.820,14.454,8.859,38.380,29.304,18.166,11.138,17.946,7.181,0.802,6.379,6.379,0.000,0.000,0.000,31.0,0.000,
12.11.2025,10:4:28.766,25.829,36.809,29.030,3.267,250.0,250.0,61.223,66.027,4.366,159.848,101.839,63.156,38.683,62.395,90.657,17.373,73.284,48.674,0.000,0.000,0.500,31.0,0.000,
12.11.2025,10:4:29.776,21.750,36.114,27.638,3.230,250.0,250.0,110.100,30.426,9.137,90.020,61.499,38.134,23.365,37.668,15.225,1.239,13.986,13.986,0.002,0.000,0.000,31.0,0.000,
12.11.2025,10:4:30.776,20.391,29.686,21.860,3.192,250.0,250.0,93.147,15.618,8.951,36.918,28.457,17.642,10.815,17.433,15.020,1.186,13.834,5.929,0.000,0.000,0.000,31.0,0.000,
12.11.2025,10:4:31.776,17.672,25.778,18.367,2.999,250.0,250.0,45.083,13.139,8.866,34.430,26.848,16.651,10.197,16.455,6.283,0.712,5.571,5.375,0.000,0.000,0.000,31.0,0.000,
12.11.2025,10:4:32.789,10.875,25.149,17.721,2.977,250.0,250.0,32.698,5.498,3.162,11.246,8.933,5.542,3.391,5.481,5.944,0.611,5.333,5.333,0.000,0.000,0.000,31.0,0.000,
12.11.2025,10:4:33.775,2.719,22.709,13.607,2.953,250.0,250.0,23.524,5.630,3.174,11.749,9.254,5.739,3.515,5.678,5.932,0.608,5.324,5.324,0.002,0.000,0.000,31.0,0.000,
12.11.2025,10:4:34.773,1.359,12.607,3.339,2.739,250.0,250.0,14.697,5.376,2.978,10.996,8.674,5.381,3.293,5.307,5.913,0.605,5.308,5.308,0.000,0.000,0.000,31.0,0.000,
12.11.2025,10:4:35.793,2.719,12.723,3.757,2.787,250.0,250.0,14.432,5.424,3.052,11.115,8.790,5.446,3.344,5.384,5.905,0.606,5.299,5.299,0.000,0.000,0.000,31.0,0.000,
12.11.2025,10:4:36.819,2.719,12.372,3.462,2.724,250.0,250.0,14.276,5.266,3.137,10.444,8.426,5.220,3.206,5.159,5.894,0.603,5.291,5.282,0.000,0.000,0.000,31.0,0.000,
12.11.2025,10:4:37.819,13.594,11.665,2.786,2.715,250.0,250.0,13.970,5.320,2.954,10.827,8.556,5.298,3.258,5.237,5.893,0.602,5.291,5.282,0.000,0.000,0.000,31.0,0.000,
12.11.2025,10:4:38.820,4.078,14.523,5.661,2.698,250.0,250.0,14.370,5.228,3.101,10.344,8.348,5.176,3.172,5.114,5.877,0.603,5.274,5.274,0.000,0.000,0.000,31.0,0.000,
12.11.2025,10:4:39.816,2.719,12.268,3.386,2.746,250.0,250.0,13.570,5.296,3.002,10.716,8.516,5.284,3.232,5.211,5.865,0.599,5.266,5.266,0.000,0.000,0.000,31.0,0.000,
12.11.2025,10:4:40.806,2.719,11.318,2.461,2.723,250.0,250.0,13.565,5.160,2.831,10.362,8.185,5.076,3.109,5.014,5.877,0.603,5.274,5.274,0.000,0.000,0.000,31.0,0.000,
12.11.2025,10:4:41.813,2.719,12.127,3.233,2.760,250.0,250.0,13.460,5.159,2.819,10.387,8.200,5.077,3.123,5.016,5.856,0.599,5.257,5.257,0.000,0.000,0.000,31.0,0.000,
12.11.2025,10:4:42.815,2.719,11.723,2.803,2.737,250.0,250.0,13.494,5.256,2.904,10.689,8.425,5.232,3.193,5.171,5.847,0.599,5.248,5.248,0.000,0.000,0.000,31.0,0.000,
12.11.2025,10:4:43.815,4.078,14.255,5.236,2.836,250.0,250.0,13.580,5.408,3.162,11.000,8.792,5.447,3.345,5.386,5.847,0.599,5.248,5.248,0.000,0.000,0.000,31.0,0.000,
12.11.2025,10:4:44.811,2.719,11.532,2.535,2.784,250.0,250.0,13.843,5.457,3.052,11.321,8.925,5.532,3.393,5.458,5.829,0.598,5.231,5.231,0.000,0.000,0.000,31.0,0.000,
12.11.2025,10:4:45.808,2.719,12.325,3.425,2.801,250.0,250.0,14.417,5.492,3.015,11.495,8.998,5.581,3.417,5.520,5.829,0.598,5.231,5.231,0.000,0.000,0.000,31.0,0.000,
12.11.2025,10:4:46.806,29.907,12.299,3.280,2.827,250.0,250.0,59.957,190.837,9.329,404.824,255.755,158.589,97.166,156.682,183.581,42.381,141.200,458.863,0.000,0.000,0.000,31.0,0.000,
12.11.2025,10:4:47.805,17.672,26.837,18.069,3.104,250.0,250.0,397.186,31.396,9.063,92.182,62.802,38.945,23.857,38.466,16.661,1.342,15.319,15.319,0.000,0.000,0.000,31.0,0.000,
12.11.2025,10:4:48.805,21.750,30.023,22.243,3.264,250.0,250.0,145.135,30.205,8.972,89.407,61.015,37.839,23.176,37.385,15.166,1.238,13.928,13.928,0.000,0.000,0.000,31.0,0.000,
12.11.2025,10:4:49.811,23.110,24.863,17.338,3.063,250.0,250.0,104.227,14.688,8.866,38.518,29.394,18.226,11.168,18.005,8.171,0.790,7.381,6.359,0.000,0.000,0.000,31.0,0.000,
12.11.2025,10:4:50.816,27.188,25.255,17.772,3.056,250.0,250.0,69.221,13.741,8.857,36.328,28.031,17.386,10.645,17.177,6.610,0.707,5.903,5.771,0.000,0.000,0.000,31.0,0.000,
12.11.2025,10:4:51.804,17.672,24.967,17.475,3.035,250.0,250.0,55.652,13.119,8.951,34.419,26.902,16.679,10.223,16.483,6.079,0.704,5.375,5.375,0.000,0.000,0.000,31.0,0.000,
12.11.2025,10:4:52.818,16.313,23.734,16.282,3.029,250.0,250.0,54.196,12.889,8.927,33.571,26.360,16.346,10.014,16.149,6.046,0.696,5.350,5.426,0.000,0.000,0.000,31.0,0.000,
12.11.2025,10:4:53.814,16.313,25.700,18.140,3.096,250.0,250.0,65.087,12.824,8.976,33.254,26.191,16.250,9.941,16.053,6.107,0.706,5.401,5.358,0.000,0.000,0.000,31.0,0.000,
12.11.2025,10:4:54.816,14.953,24.901,17.447,3.013,250.0,250.0,63.014,9.355,3.944,25.091,18.013,11.174,6.839,11.039,6.061,0.711,5.350,5.333,0.000,0.000,0.000,31.0,0.000,
12.11.2025,10:4:55.814,17.672,26.010,18.027,3.052,250.0,250.0,77.330,30.118,9.006,89.298,60.969,37.808,23.161,37.354,14.934,1.219,13.715,13.715,0.002,0.000,0.500,31.0,0.000,
12.11.2025,10:4:56.817,17.672,25.439,17.106,3.044,250.0,250.0,107.190,30.758,8.957,91.599,62.368,38.667,23.701,38.201,15.049,1.239,13.810,13.986,0.000,0.000,0.000,31.0,0.500,
12.11.2025,10:4:57.818,19.032,23.633,16.150,3.004,250.0,250.0,95.224,14.367,8.875,38.181,29.193,18.100,11.093,17.879,7.080,0.721,6.359,6.188,0.000,0.000,0.000,31.0,1.000,
12.11.2025,10:4:58.818,17.672,24.848,17.462,2.990,250.0,250.0,67.688,13.486,8.878,35.473,27.515,17.059,10.456,16.850,6.485,0.714,5.771,5.658,0.000,0.000,0.000,31.0,0.000,
12.11.2025,10:4:59.805,21.750,25.647,18.076,3.000,250.0,250.0,77.377,30.123,9.020,89.224,60.939,37.788,23.151,37.321,14.994,1.220,13.774,13.798,0.002,0.000,0.000,31.0,0.000,
12.11.2025,10:5:0.817,19.032,26.259,18.044,3.001,250.0,250.0,108.804,30.556,9.037,90.735,61.880,38.367,23.513,37.913,15.053,1.243,13.810,14.010,0.000,0.000,0.000,31.0,1.125,
12.11.2025,10:5:1.804,31.266,23.212,15.728,3.027,250.0,250.0,94.581,14.333,8.845,38.095,29.114,18.052,11.062,17.831,7.068,0.709,6.359,6.198,0.000,0.000,0.000,31.0,0.000,
12.11.2025,10:5:2.805,17.672,25.862,18.494,2.955,250.0,250.0,58.214,13.628,8.879,36.002,27.835,17.268,10.567,17.059,6.499,0.710,5.789,5.676,0.000,0.000,0.000,31.0,0.000,
12.11.2025,10:5:3.807,23.110,24.848,17.390,3.015,250.0,250.0,55.446,87.246,4.382,190.536,120.683,74.831,45.852,73.939,123.043,23.179,99.864,116.150,0.000,0.000,0.000,31.0,0.000,
12.11.2025,10:5:4.804,17.672,24.613,16.583,2.950,250.0,250.0,87.634,30.288,9.027,89.594,61.172,37.927,23.245,37.473,15.229,1.243,13.986,13.986,0.002,0.000,0.000,31.0,0.000,
12.11.2025,10:5:5.805,17.672,26.503,18.834,2.993,250.0,250.0,117.201,17.977,8.874,42.886,32.105,19.911,12.194,19.666,15.112,1.207,13.905,13.905,0.000,0.000,0.500,31.0,0.000,
12.11.2025,10:5:6.805,19.032,26.215,18.695,3.047,250.0,250.0,75.237,14.006,8.902,37.034,28.502,17.675,10.827,17.454,6.790,0.701,6.089,6.089,0.000,0.000,0.000,31.0,0.000,
12.11.2025,10:5:7.819,16.313,25.027,17.609,3.001,250.0,250.0,56.739,13.567,8.913,35.766,27.705,17.178,10.527,16.982,6.445,0.735,5.710,5.710,0.000,0.000,0.000,31.0,0.000,
12.11.2025,10:5:8.834,25.829,25.320,17.886,3.020,250.0,250.0,59.624,30.397,9.067,90.115,61.514,38.142,23.372,37.688,15.103,1.234,13.869,13.869,0.000,0.000,0.000,31.0,0.000,
12.11.2025,10:5:9.845,20.391,28.176,20.295,2.979,250.0,250.0,116.969,30.165,8.983,89.270,60.943,37.791,23.152,37.337,15.143,1.250,13.893,13.893,0.000,0.000,0.000,31.0,0.000,
12.11.2025,10:5:10.848,20.391,25.770,18.335,3.019,250.0,250.0,103.758,18.518,8.824,53.105,38.360,23.788,14.572,23.494,7.945,0.799,7.146,7.146,0.000,0.000,0.000,31.0,1.000,
12.11.2025,10:5:11.849,20.391,24.028,16.517,3.038,250.0,250.0,57.864,13.756,8.830,36.330,28.019,17.366,10.653,17.158,6.639,0.710,5.929,5.929,0.000,0.000,0.000,31.0,0.000,
12.11.2025,10:5:12.848,14.953,25.150,17.703,3.003,250.0,250.0,68.127,13.104,8.838,34.223,26.712,16.565,10.147,16.369,6.297,0.708,5.589,5.589,0.000,0.000,0.000,31.0,0.000,
12.11.2025,10:5:13.856,23.110,26.891,19.341,3.070,250.0,250.0,54.245,19.825,8.853,59.641,42.391,26.292,16.099,25.973,6.586,0.760,5.826,5.826,0.000,0.000,0.000,31.0,0.000,
12.11.2025,10:5:14.856,17.672,27.544,19.812,3.231,250.0,250.0,52.374,26.393,8.673,84.990,58.091,36.025,22.066,35.583,6.425,0.777,5.648,5.648,0.000,0.000,0.000,31.0,0.000,
12.11.2025,10:5:15.857,16.313,29.401,20.725,3.320,250.0,250.0,110.783,30.241,9.242,89.260,61.099,37.882,23.217,37.428,15.187,1.237,13.950,13.905,0.000,0.000,0.000,31.0,2.250,
12.11.2025,10:5:16.852,13.594,26.112,18.591,3.064,250.0,250.0,116.478,91.821,9.050,130.275,85.841,53.228,32.613,52.595,269.587,68.899,200.688,15.436,0.000,0.000,0.000,31.0,0.375,
12.11.2025,10:5:17.858,17.672,25.050,17.565,3.043,250.0,250.0,64.637,13.884,8.873,36.359,28.054,17.394,10.660,17.186,7.232,0.769,6.463,5.849,0.000,0.000,0.500,31.0,0.750,
12.11.2025,10:5:18.862,17.672,24.373,16.899,3.023,250.0,250.0,56.821,13.126,8.879,34.296,26.782,16.607,10.175,16.411,6.341,0.709,5.632,5.426,0.000,0.000,0.000,31.0,0.000,
12.11.2025,10:5:19.863,24.469,27.941,20.451,3.040,250.0,250.0,76.996,30.170,9.066,89.239,60.971,37.810,23.161,37.356,15.095,1.226,13.869,13.905,0.000,0.000,0.000,31.0,0.000,
12.11.2025,10:5:20.857,16.313,25.793,17.878,3.007,250.0,250.0,118.917,56.944,9.174,191.735,123.939,76.845,47.094,75.919,15.208,1.258,13.950,14.317,0.000,0.000,0.000,31.0,0.000,
12.11.2025,10:5:21.861,16.313,26.583,19.095,3.045,250.0,250.0,81.891,14.476,8.914,38.458,29.382,18.225,11.157,18.004,7.182,0.724,6.458,6.260,0.000,0.000,0.000,31.0,0.000,
12.11.2025,10:5:22.863,20.391,25.168,17.676,3.034,250.0,250.0,58.212,13.988,8.923,37.283,28.663,17.767,10.896,17.559,6.537,0.696,5.841,5.710,0.000,0.000,1.125,31.0,0.000,
12.11.2025,10:5:23.854,25.829,25.983,18.489,3.055,250.0,250.0,62.140,80.605,9.009,88.501,60.062,37.250,22.812,36.800,103.523,32.623,70.900,344.566,0.000,0.000,0.000,31.0,0.000,
12.11.2025,10:5:24.862,21.750,24.570,17.042,3.034,250.0,250.0,65.309,13.385,8.955,34.689,27.073,16.784,10.289,16.587,7.010,0.794,6.216,5.452,0.000,0.000,0.375,31.0,0.000,
12.11.2025,10:5:25.863,16.313,25.268,17.731,3.096,250.0,250.0,69.356,28.636,9.108,89.946,61.441,38.101,23.340,37.635,6.461,0.780,5.681,13.869,0.000,0.000,0.000,31.0,0.000,
12.11.2025,10:5:26.857,25.829,25.651,16.900,3.026,250.0,250.0,109.821,30.492,9.035,90.378,61.662,38.236,23.426,37.770,15.224,1.238,13.986,13.963,0.000,0.000,0.000,31.0,0.000,
12.11.2025,10:5:27.851,23.110,25.356,17.870,3.029,250.0,250.0,90.046,14.685,8.841,39.026,29.696,18.407,11.289,18.186,7.461,0.732,6.729,6.479,0.000,0.000,0.000,31.0,0.000,
12.11.2025,10:5:28.865,16.313,25.122,17.645,3.055,250.0,250.0,67.737,14.262,8.863,37.464,28.738,17.817,10.921,17.609,7.624,0.810,6.814,5.964,0.000,0.000,0.000,31.0,0.000,
12.11.2025,10:5:29.856,19.032,24.544,17.016,3.044,250.0,250.0,76.665,30.297,9.030,89.695,61.234,37.972,23.262,37.519,15.163,1.235,13.928,13.928,0.000,0.000,0.500,31.0,0.000,
12.11.2025,10:5:30.857,16.313,24.026,15.728,3.010,250.0,250.0,108.273,30.323,9.006,89.781,61.262,37.991,23.271,37.537,15.211,1.248,13.963,13.963,0.000,0.000,1.125,31.0,0.000,
12.11.2025,10:5:31.858,24.469,21.759,14.345,3.020,250.0,250.0,93.606,33.854,8.888,112.683,75.032,46.535,28.497,45.973,7.220,0.723,6.497,6.497,0.000,0.000,0.000,31.0,0.000,
12.11.2025,10:5:32.856,19.032,23.348,15.876,3.037,250.0,250.0,65.497,13.871,8.838,36.700,28.238,17.517,10.721,17.309,6.701,0.719,5.982,5.982,0.000,0.000,0.000,31.0,0.000,
12.11.2025,10:5:33.856,29.907,26.682,19.072,3.083,250.0,250.0,55.417,13.164,8.840,34.617,26.962,16.715,10.247,16.519,6.150,0.706,5.444,5.444,0.000,0.000,0.000,31.0,0.000,
12.11.2025,10:5:34.855,27.188,23.273,15.808,3.050,250.0,250.0,71.700,18.186,9.015,50.799,37.105,23.006,14.099,22.724,8.612,0.730,7.882,7.882,0.000,0.000,0.375,31.0,0.000,
12.11.2025,10:5:35.854,23.110,27.152,19.138,3.086,250.0,250.0,82.950,18.366,9.102,51.150,37.363,23.167,14.196,22.897,8.844,0.749,8.095,8.095,0.000,0.000,0.000,31.0,0.000,
12.11.2025,10:5:36.853,19.032,26.412,18.916,3.058,250.0,250.0,71.134,13.896,8.889,36.869,28.384,17.597,10.787,17.389,6.593,0.735,5.858,5.858,0.000,0.000,1.125,31.0,0.000,
12.11.2025,10:5:37.857,19.032,25.506,18.044,3.047,250.0,250.0,56.009,13.283,8.979,34.944,27.237,16.890,10.347,16.693,6.150,0.706,5.444,5.444,0.000,0.000,0.375,31.0,0.000,
12.11.2025,10:5:38.860,24.469,24.044,16.515,3.028,250.0,250.0,66.584,13.259,8.954,34.645,27.041,16.767,10.274,16.571,6.386,0.824,5.562,5.562,0.000,0.000,0.000,31.0,0.000,
12.11.2025,10:5:39.862,24.469,28.326,20.694,3.131,250.0,250.0,59.478,17.342,8.468,49.583,36.010,22.326,13.684,22.056,7.365,0.806,6.559,6.559,0.000,0.000,0.000,31.0,0.000,
12.11.2025,10:5:40.861,24.469,34.139,25.533,3.294,250.0,250.0,65.358,18.231,8.970,50.970,37.178,23.050,14.128,22.780,8.680,0.807,7.873,7.873,0.000,0.000,0.000,31.0,1.375,
12.11.2025,10:5:41.851,23.110,33.866,26.062,3.308,250.0,250.0,64.913,13.692,8.850,36.100,27.884,17.285,10.599,17.077,6.640,0.791,5.849,5.849,0.000,0.000,0.000,31.0,1.250,
12.11.2025,10:5:42.854,31.266,36.130,28.294,3.269,250.0,250.0,52.071,33.259,9.015,111.640,74.272,46.061,28.211,45.501,6.229,0.794,5.435,5.435,0.000,0.000,0.000,31.0,0.000,
12.11.2025,10:5:43.852,32.625,35.748,27.853,3.331,250.0,250.0,52.071,33.259,9.015,111.640,74.272,46.061,28.211,45.501,6.229,0.794,5.435,5.435,0.000,0.000,0.000,31.0,0.375,
12.11.2025,10:5:44.859,27.188,36.041,28.227,3.326,250.0,250.0,58.812,13.186,8.869,34.590,26.953,16.717,10.236,16.520,6.260,0.799,5.461,5.461,0.000,0.000,0.000,31.0,0.000,
12.11.2025,10:5:45.856,25.829,38.382,29.698,3.293,250.0,250.0,66.304,30.678,9.079,91.031,62.083,38.493,23.590,38.039,15.269,1.364,13.905,13.928,0.000,0.000,0.000,31.0,0.000,
12.11.2025,10:5:46.860,29.907,34.030,26.268,3.306,250.0,250.0,106.850,30.681,9.116,90.887,62.033,38.464,23.569,37.997,15.360,1.350,14.010,14.022,0.000,0.000,0.875,31.0,0.000,
12.11.2025,10:5:47.862,29.907,34.030,26.268,3.306,250.0,250.0,85.999,34.068,9.013,113.740,75.581,46.861,28.720,46.301,7.097,0.828,6.269,6.267,0.000,0.000,0.000,31.0,0.000,
12.11.2025,10:5:48.851,23.110,34.726,26.901,3.303,250.0,250.0,60.154,13.661,8.900,35.995,27.852,17.263,10.589,17.055,6.651,0.829,5.822,5.649,0.000,0.000,0.000,31.0,0.000,
12.11.2025,10:5:49.853,27.188,34.786,26.967,3.305,250.0,250.0,70.694,30.809,9.021,91.485,62.341,38.649,23.692,38.183,15.367,1.357,14.010,13.986,0.000,0.000,0.500,31.0,0.000,
12.11.2025,10:5:50.855,20.391,37.118,28.860,3.251,250.0,250.0,106.337,30.505,8.992,90.347,61.615,38.211,23.404,37.745,15.361,1.339,14.022,14.010,0.000,0.000,0.000,31.0,0.500,
12.11.2025,10:5:51.860,28.547,33.457,25.721,3.277,250.0,250.0,85.902,46.990,8.936,113.727,75.502,46.815,28.687,46.255,71.534,10.149,61.385,6.905,0.000,0.000,1.125,31.0,0.000,
12.11.2025,10:5:52.858,13.594,35.664,27.811,3.329,250.0,250.0,61.014,13.375,8.854,35.213,27.332,16.949,10.383,16.752,6.297,0.622,5.675,5.675,0.000,0.000,0.000,31.0,0.000,
12.11.2025,10:5:53.853,33.985,34.335,26.620,3.245,250.0,250.0,57.995,13.257,8.887,34.677,27.026,16.758,10.268,16.549,6.474,0.810,5.664,5.461,0.000,0.000,0.000,31.0,0.000,
12.11.2025,10:5:54.855,24.469,35.834,27.983,3.266,250.0,250.0,56.865,12.693,8.844,32.745,25.798,16.004,9.794,15.807,6.249,0.788,5.461,5.444,0.000,0.000,1.125,31.0,0.375,
12.11.2025,10:5:55.855,27.188,32.840,24.968,3.332,250.0,250.0,45.081,7.414,3.455,18.026,13.328,8.267,5.061,8.168,6.208,0.782,5.426,5.418,0.000,0.000,0.375,31.0,0.375,
12.11.2025,10:5:56.858,23.110,34.093,24.801,3.319,250.0,250.0,75.615,30.526,9.043,90.430,61.692,38.250,23.442,37.796,15.322,1.372,13.950,13.963,0.003,0.000,1.125,31.0,0.375,
12.11.2025,10:5:57.863,29.907,35.479,27.051,3.195,250.0,250.0,105.818,47.921,9.210,157.079,102.535,63.587,38.948,62.820,15.386,1.364,14.022,14.258,0.000,0.000,0.000,31.0,0.000,
12.11.2025,10:5:58.855,24.469,31.676,23.927,3.279,250.0,250.0,84.074,14.070,8.899,37.100,28.529,17.694,10.835,17.485,7.091,0.824,6.267,5.973,0.000,0.000,0.500,31.0,0.000,
12.11.2025,10:5:59.858,24.469,33.495,25.705,3.251,250.0,250.0,58.101,13.748,8.896,36.508,28.164,17.455,10.709,17.247,6.426,0.777,5.649,5.649,0.000,0.000,0.000,31.0,0.000,
12.11.2025,10:6:0.863,25.829,35.618,27.816,3.278,250.0,250.0,64.978,19.096,9.164,53.919,39.125,24.263,14.862,23.969,8.822,0.808,8.014,8.014,0.000,0.000,0.000,31.0,0.000,
12.11.2025,10:6:1.856,25.829,32.662,24.555,3.202,250.0,250.0,69.289,19.552,9.288,55.087,39.925,24.755,15.170,24.461,9.229,0.856,8.373,8.373,0.000,0.000,0.000,31.0,0.000,
12.11.2025,10:6:2.860,32.625,35.086,27.293,3.272,250.0,250.0,66.819,13.996,9.032,37.279,28.722,17.815,10.907,17.594,6.469,0.794,5.675,5.675,0.000,0.000,0.000,31.0,0.000,
12.11.2025,10:6:3.860,27.188,37.030,29.222,3.284,250.0,250.0,52.125,13.546,8.878,35.966,27.822,17.243,10.579,17.035,6.246,0.802,5.444,5.444,0.000,0.000,0.000,31.0,0.000,
12.11.2025,10:6:4.859,19.032,35.517,27.612,3.321,250.0,250.0,50.351,13.167,8.878,34.600,26.969,16.724,10.245,16.515,6.152,0.717,5.435,5.435,0.000,0.000,0.000,31.0,0.000,
12.11.2025,10:6:5.858,17.672,25.563,18.034,3.084,250.0,250.0,39.402,10.633,4.177,29.659,20.989,13.011,7.978,12.851,6.127,0.717,5.410,5.410,0.000,0.000,0.375,31.0,0.000,
12.11.2025,10:6:6.855,23.110,26.789,18.119,3.025,250.0,250.0,25.662,9.015,3.908,23.787,17.177,10.645,6.532,10.522,6.095,0.702,5.393,5.393,0.002,0.000,0.000,31.0,0.000,
12.11.2025,10:6:7.856,14.953,25.660,16.026,2.986,250.0,250.0,21.023,7.398,3.309,18.244,13.363,8.290,5.073,8.192,6.068,0.693,5.375,5.375,0.000,0.000,0.000,31.0,0.000,
12.11.2025,10:6:8.855,17.672,25.609,16.257,3.023,250.0,250.0,17.834,5.948,3.211,12.862,9.975,6.179,3.796,6.106,5.988,0.613,5.375,5.375,0.000,0.000,0.000,31.0,0.000,
12.11.2025,10:6:9.858,25.829,26.841,17.353,3.248,250.0,250.0,14.718,7.402,3.407,18.167,13.390,8.304,5.086,8.194,6.055,0.697,5.358,5.358,0.000,0.000,0.000,31.0,0.000,
12.11.2025,10:6:10.857,19.032,29.271,19.681,3.294,250.0,250.0,18.401,6.629,3.223,15.405,11.554,7.159,4.395,7.073,6.062,0.695,5.367,5.358,0.000,0.000,0.000,31.0,0.000,
12.11.2025,10:6:11.854,13.594,25.900,16.658,3.055,250.0,250.0,19.047,6.478,3.174,14.893,11.210,6.957,4.253,6.871,6.038,0.688,5.350,5.350,0.000,0.000,1.125,31.0,0.000,
12.11.2025,10:6:12.854,10.875,24.320,15.040,3.034,250.0,250.0,18.977,6.740,3.125,15.954,11.838,7.339,4.499,7.253,6.025,0.683,5.342,5.342,0.000,0.000,0.000,31.0,0.375,
12.11.2025,10:6:13.855,16.313,24.446,15.209,3.053,250.0,250.0,19.100,6.651,3.187,15.545,11.627,7.202,4.425,7.116,6.029,0.687,5.342,5.350,0.000,0.000,0.000,31.0,0.000,
12.11.2025,10:6:14.852,12.235,27.834,18.500,3.065,250.0,250.0,19.237,6.746,3.211,15.907,11.862,7.350,4.512,7.264,6.013,0.689,5.324,5.333,0.000,0.000,0.000,31.0,0.250,
12.11.2025,10:6:15.851,23.110,26.630,17.310,3.092,250.0,250.0,19.145,6.688,3.284,15.623,11.730,7.272,4.458,7.186,6.001,0.677,5.324,5.324,0.000,0.000,0.000,31.0,0.000,
12.11.2025,10:6:16.853,17.672,30.794,21.057,3.425,250.0,250.0,19.079,6.771,3.346,15.863,11.919,7.385,4.534,7.299,6.018,0.694,5.324,5.324,0.000,0.000,0.000,31.0,0.375,
12.11.2025,10:6:17.857,19.032,25.663,16.364,3.138,250.0,250.0,19.035,6.711,3.224,15.773,11.782,7.298,4.484,7.212,6.011,0.687,5.324,5.317,0.000,0.000,0.000,31.0,0.000,
12.11.2025,10:6:18.858,17.672,25.142,15.815,3.049,250.0,250.0,19.107,6.680,3.015,15.869,11.710,7.262,4.448,7.176,6.003,0.679,5.324,5.317,0.001,0.000,1.125,31.0,0.000,
12.11.2025,10:6:19.856,17.672,25.926,16.707,3.062,250.0,250.0,19.025,6.813,3.089,16.307,12.033,7.460,4.573,7.374,5.995,0.687,5.308,5.308,0.000,0.000,0.000,31.0,0.000,
12.11.2025,10:6:20.858,13.594,24.383,15.100,3.044,250.0,250.0,30.866,192.608,9.385,402.154,254.029,157.520,96.509,155.616,269.672,57.364,212.307,311.523,0.000,0.000,0.000,31.0,0.000,
12.11.2025,10:6:21.854,25.829,27.640,19.034,3.157,250.0,250.0,371.412,173.185,9.586,399.139,252.300,156.441,95.859,154.561,322.669,75.733,246.936,18.629,0.000,0.000,0.000,31.0,0.000,
12.11.2025,10:6:22.857,17.672,31.418,23.585,3.309,250.0,250.0,272.914,30.578,9.143,90.307,61.681,38.246,23.435,37.792,15.477,1.255,14.222,14.222,0.000,0.000,0.000,31.0,0.000,
12.11.2025,10:6:23.854,16.313,24.012,16.564,3.021,250.0,250.0,118.424,57.651,9.154,157.784,102.912,63.807,39.105,63.040,63.292,15.579,47.713,14.128,0.000,0.000,0.500,31.0,0.000,
12.11.2025,10:6:24.852,17.672,25.779,18.238,3.045,250.0,250.0,80.071,13.998,8.916,37.041,28.506,17.678,10.828,17.469,6.754,0.720,6.034,6.034,0.000,0.000,0.000,31.0,0.000,
12.11.2025,10:6:25.853,17.672,26.635,19.080,3.086,250.0,250.0,66.758,13.027,8.859,33.826,26.483,16.425,10.058,16.216,6.373,0.715,5.658,5.658,0.000,0.000,0.000,31.0,0.000,
12.11.2025,10:6:26.864,17.672,22.653,15.181,3.022,250.0,250.0,65.134,12.975,8.845,33.870,26.503,16.437,10.066,16.228,6.177,0.733,5.444,5.444,0.000,0.000,0.000,31.0,0.500,
12.11.2025,10:6:27.852,19.032,24.726,17.260,3.027,250.0,250.0,53.589,13.113,8.818,34.275,26.726,16.578,10.148,16.381,6.310,0.722,5.588,5.588,0.000,0.000,0.000,31.0,0.000,
12.11.2025,10:6:28.855,16.313,25.758,18.258,3.050,250.0,250.0,54.398,13.028,8.870,34.066,26.635,16.509,10.126,16.312,6.157,0.705,5.452,5.452,0.000,0.000,0.000,31.0,0.000,
12.11.2025,10:6:29.856,21.750,25.184,17.664,3.050,250.0,250.0,65.415,10.872,4.103,30.179,21.265,13.186,8.079,13.027,6.531,0.716,5.815,5.815,0.000,0.000,0.000,31.0,0.000,
12.11.2025,10:6:30.853,28.547,25.418,16.292,3.057,250.0,250.0,65.261,30.296,9.008,89.672,61.197,37.948,23.249,37.494,15.214,1.251,13.963,13.963,0.002,0.000,0.000,31.0,0.000,
12.11.2025,10:6:31.865,21.750,26.452,18.449,3.029,250.0,250.0,107.935,30.471,9.041,89.943,61.392,38.062,23.330,37.608,15.537,1.279,14.258,14.258,0.000,0.000,0.000,31.0,0.000,
12.11.2025,10:6:32.850,21.750,24.735,17.270,3.002,250.0,250.0,67.665,14.300,8.879,37.928,29.038,18.004,11.034,17.783,7.021,0.726,6.295,6.295,0.000,0.000,0.875,31.0,0.000,
12.11.2025,10:6:33.863,27.188,26.674,19.191,3.020,250.0,250.0,57.229,44.141,9.014,152.904,99.803,61.879,37.924,61.136,6.458,0.713,5.745,5.830,0.000,0.000,0.000,31.0,0.000,
12.11.2025,10:6:34.856,25.829,27.379,19.887,3.072,250.0,250.0,81.498,28.911,9.002,90.638,61.800,38.322,23.478,37.868,6.977,0.828,6.149,14.046,0.000,0.000,0.000,31.0,0.500,
12.11.2025,10:6:35.861,25.829,25.768,17.781,3.024,250.0,250.0,109.451,30.557,8.974,90.537,61.719,38.271,23.448,37.805,15.376,1.271,14.105,14.069,0.000,0.000,0.000,31.0,0.000,
12.11.2025,10:6:36.862,25.829,26.538,19.049,3.042,250.0,250.0,94.743,53.945,8.917,84.616,57.631,35.741,21.890,35.314,144.309,44.837,99.472,6.724,0.000,0.000,0.000,31.0,1.375,
12.11.2025,10:6:37.858,29.907,24.970,17.518,3.015,250.0,250.0,67.911,13.978,8.831,36.885,28.364,17.588,10.776,17.367,6.985,0.741,6.244,5.999,0.000,0.000,0.000,31.0,0.000,
12.11.2025,10:6:38.864,25.829,27.170,19.688,3.012,250.0,250.0,55.488,13.283,8.843,34.857,27.113,16.815,10.298,16.607,6.414,0.721,5.693,5.470,0.000,0.000,0.000,31.0,0.000,
12.11.2025,10:6:39.862,24.469,28.163,20.569,3.139,250.0,250.0,55.502,97.948,9.051,142.623,93.495,57.972,35.523,57.265,282.163,61.798,220.365,19.230,0.000,0.000,0.000,31.0,0.000,
12.11.2025,10:6:40.858,24.469,25.876,18.375,3.019,250.0,250.0,72.373,25.589,4.368,86.117,56.052,34.754,21.298,34.337,6.450,0.744,5.706,6.067,0.000,0.000,0.000,31.0,0.000,
12.11.2025,10:6:41.857,23.110,25.586,17.233,3.057,250.0,250.0,114.822,30.286,8.995,89.480,61.075,37.875,23.200,37.421,15.355,1.250,14.105,14.105,0.000,0.000,0.000,31.0,0.000,
12.11.2025,10:6:42.858,57.095,25.530,18.099,2.992,250.0,250.0,103.913,22.401,8.984,65.341,46.089,28.586,17.503,28.243,10.201,1.284,8.917,8.858,0.000,0.000,0.000,31.0,0.000,
12.11.2025,10:6:43.861,28.547,44.516,36.527,3.405,250.0,250.0,82.335,22.163,9.008,63.256,44.812,27.793,17.019,27.461,11.114,1.062,10.052,10.052,0.000,0.000,0.000,31.0,0.000,
12.11.2025,10:6:44.859,24.469,31.047,23.331,3.205,250.0,250.0,90.803,21.470,9.003,62.040,44.062,27.330,16.732,26.999,9.829,0.952,8.877,8.877,0.000,0.000,0.000,31.0,0.000,
12.11.2025,10:6:45.861,16.313,27.259,19.647,3.121,250.0,250.0,81.964,14.410,8.908,38.098,29.159,18.082,11.077,17.861,7.218,0.741,6.477,6.477,0.000,0.000,0.000,31.0,0.000,
12.11.2025,10:6:46.858,17.672,25.863,18.323,3.091,250.0,250.0,60.100,14.066,8.912,36.586,28.226,17.500,10.726,17.292,7.411,0.812,6.599,6.599,0.000,0.000,0.000,31.0,0.000,
12.11.2025,10:6:47.856,23.110,23.388,15.927,3.034,250.0,250.0,67.257,10.833,4.249,30.242,21.394,13.268,8.126,13.109,6.220,0.718,5.502,5.502,0.000,0.000,0.000,31.0,0.000,
12.11.2025,10:6:48.856,16.313,25.650,17.141,3.000,250.0,250.0,56.184,15.869,9.047,42.554,32.009,19.851,12.158,19.605,8.064,0.726,7.338,7.338,0.000,0.000,0.000,31.0,0.000,
12.11.2025,10:6:49.854,25.829,23.917,16.446,3.034,250.0,250.0,61.500,115.231,9.139,132.096,86.885,53.871,33.014,53.227,271.496,69.996,201.500,241.089,0.000,0.000,0.000,31.0,0.000,
12.11.2025,10:6:50.855,24.469,25.773,18.261,3.039,250.0,250.0,70.165,13.702,8.853,36.197,27.940,17.326,10.614,17.117,6.566,0.727,5.839,5.839,0.000,0.000,0.000,31.0,0.000,
12.11.2025,10:6:51.851,19.032,23.697,16.268,2.990,250.0,250.0,55.643,12.936,8.837,33.692,26.385,16.363,10.022,16.155,6.208,0.722,5.486,5.486,0.000,0.000,0.000,31.0,0.000,
12.11.2025,10:6:52.854,21.750,24.987,17.473,3.078,250.0,250.0,54.484,59.789,9.025,150.193,98.100,60.835,37.265,60.104,88.453,24.797,63.656,5.461,0.000,0.000,0.000,31.0,0.000,
12.11.2025,10:6:53.856,17.672,25.240,16.894,3.033,250.0,250.0,64.895,12.737,4.369,37.136,25.744,15.964,9.780,15.768,6.541,0.866,5.675,5.528,0.002,0.000,0.500,31.0,0.000,
12.11.2025,10:6:54.856,39.422,26.552,17.672,3.071,250.0,250.0,67.474,30.687,9.104,90.905,62.029,38.461,23.568,37.995,15.353,1.248,14.105,14.105,0.000,0.000,0.000,31.0,0.000,
12.11.2025,10:6:55.861,20.391,23.680,16.235,3.028,250.0,250.0,109.128,30.332,9.091,89.560,61.190,37.943,23.247,37.477,15.355,1.250,14.105,14.105,0.000,0.000,0.125,31.0,0.000,
12.11.2025,10:6:56.860,19.032,23.618,16.113,3.063,250.0,250.0,94.833,14.550,8.951,38.537,29.459,18.265,11.194,18.044,7.283,0.724,6.559,6.485,0.000,0.000,0.000,31.0,0.000,
12.11.2025,10:6:57.855,23.110,23.647,16.160,3.026,250.0,250.0,70.183,13.925,8.850,36.891,28.370,17.596,10.774,17.388,6.739,0.714,6.025,5.902,0.000,0.000,0.000,31.0,0.000,
12.11.2025,10:6:58.863,21.750,23.647,16.160,3.026,250.0,250.0,56.536,13.146,8.831,34.505,26.881,16.669,10.212,16.473,6.207,0.713,5.494,5.478,0.000,0.000,0.500,31.0,0.000,
12.11.2025,10:6:59.863,16.313,25.725,18.163,3.021,250.0,250.0,86.107,77.633,9.187,188.768,122.128,75.719,46.409,74.806,121.954,31.151,90.804,15.400,0.002,0.000,0.000,31.0,0.000,
12.11.2025,10:7:0.864,17.672,27.839,20.010,3.060,250.0,250.0,108.910,30.540,9.052,90.053,61.463,38.109,23.354,37.655,15.746,1.276,14.470,14.222,0.000,0.000,0.500,31.0,0.375,
12.11.2025,10:7:1.862,17.672,24.633,17.142,3.037,250.0,250.0,85.349,14.295,8.863,37.909,29.026,17.993,11.033,17.772,7.068,0.719,6.349,6.222,0.000,0.000,0.000,31.0,0.000,
12.11.2025,10:7:2.864,28.547,25.604,18.115,3.006,250.0,250.0,57.024,56.644,8.950,145.405,95.098,58.969,36.129,58.264,78.714,21.612,57.102,6.200,0.000,0.000,0.000,31.0,0.000,
12.11.2025,10:7:3.851,27.188,26.858,19.301,3.140,250.0,250.0,54.589,13.388,8.856,35.022,27.229,16.880,10.349,16.671,6.682,0.848,5.834,5.511,0.000,0.000,0.000,31.0,0.000,
12.11.2025,10:7:4.850,29.907,35.303,27.429,3.319,250.0,250.0,59.093,13.174,8.853,34.501,26.883,16.674,10.209,16.478,6.325,0.814,5.511,5.494,0.000,0.000,0.000,31.0,0.250,
12.11.2025,10:7:5.853,29.907,35.191,27.214,3.305,250.0,250.0,59.095,29.955,9.020,88.771,60.656,37.603,23.053,37.149,14.872,1.353,13.519,13.553,0.002,0.000,0.000,31.0,0.000,
12.11.2025,10:7:6.855,24.469,35.661,26.707,3.354,250.0,250.0,104.322,29.796,9.032,88.062,60.215,37.334,22.881,36.892,14.972,1.372,13.600,13.600,0.000,0.000,0.000,31.0,0.000,
12.11.2025,10:7:7.854,27.188,37.324,29.431,3.325,250.0,250.0,90.565,14.190,8.862,37.564,28.796,17.852,10.944,17.643,6.979,0.630,6.349,6.284,0.000,0.000,0.500,31.0,0.000,
12.11.2025,10:7:8.852,27.188,33.139,24.425,3.184,250.0,250.0,52.535,57.708,4.410,164.648,104.637,64.878,39.759,64.095,64.348,9.216,55.132,5.958,0.003,0.000,0.000,31.0,0.000,
12.11.2025,10:7:9.857,24.469,36.199,28.107,3.294,250.0,250.0,65.285,20.107,9.115,57.333,41.211,25.556,15.655,25.250,9.273,0.868,8.405,8.405,0.000,0.000,0.000,31.0,0.000,
12.11.2025,10:7:10.861,25.829,34.491,26.681,3.282,250.0,250.0,80.193,15.212,8.884,38.943,29.663,18.401,11.262,18.180,9.215,0.859,8.356,8.356,0.000,0.000,0.000,31.0,0.000,
12.11.2025,10:7:11.851,23.110,34.141,26.404,3.284,250.0,250.0,66.915,13.729,8.826,36.433,28.075,17.412,10.663,17.204,6.494,0.801,5.693,5.693,0.000,0.000,0.000,31.0,0.000,
12.11.2025,10:7:12.853,24.469,38.548,30.076,3.294,250.0,250.0,51.617,68.409,4.379,162.633,103.564,64.213,39.351,63.440,93.240,18.400,74.840,60.030,0.003,0.000,0.000,31.0,0.000,
12.11.2025,10:7:13.865,25.829,36.488,28.405,3.321,250.0,250.0,87.039,30.980,8.969,91.838,62.519,38.760,23.759,38.294,15.686,1.393,14.293,14.293,0.000,0.000,0.000,31.0,0.000,
12.11.2025,10:7:14.864,27.188,35.247,27.374,3.339,250.0,250.0,113.937,17.971,8.889,42.419,31.824,19.735,12.089,19.502,15.525,1.327,14.198,14.198,0.000,0.000,0.000,31.0,0.375,
12.11.2025,10:7:15.861,33.985,37.788,29.833,3.434,250.0,250.0,79.809,13.818,8.886,36.434,28.106,17.433,10.673,17.225,6.747,0.819,5.928,5.928,0.000,0.000,0.500,31.0,0.000,
12.11.2025,10:7:16.859,21.750,37.906,29.385,3.585,250.0,250.0,52.363,98.485,4.750,181.046,115.004,71.315,43.689,70.447,146.688,24.865,121.823,205.223,0.003,0.000,0.000,31.0,0.750,
12.11.2025,10:7:17.865,25.829,36.014,28.166,3.270,250.0,250.0,70.297,20.928,9.108,60.083,42.914,26.605,16.309,26.286,9.642,0.947,8.695,8.695,0.000,0.000,0.000,31.0,1.125,
12.11.2025,10:7:18.864,32.625,39.268,31.204,3.506,250.0,250.0,83.189,15.422,8.886,39.377,29.935,18.562,11.373,18.342,9.557,0.922,8.635,8.635,0.000,0.000,2.500,31.0,0.500,
12.11.2025,10:7:19.854,32.625,37.670,29.700,3.395,250.0,250.0,68.073,13.603,8.860,35.793,27.708,17.180,10.528,16.971,6.597,0.801,5.796,5.796,0.000,0.000,0.000,31.0,0.375,
12.11.2025,10:7:20.861,20.391,37.259,29.385,3.344,250.0,250.0,52.288,13.592,8.841,35.728,27.654,17.155,10.499,16.946,6.647,0.846,5.801,5.801,0.000,0.000,0.000,31.0,0.000,
12.11.2025,10:7:21.851,24.469,32.980,25.218,3.283,250.0,250.0,51.099,13.202,8.864,34.583,26.942,16.710,10.232,16.513,6.329,0.809,5.520,5.520,0.000,0.000,0.000,31.0,0.000,
12.11.2025,10:7:22.864,32.625,33.797,25.112,3.267,250.0,250.0,64.600,23.013,9.002,67.182,47.258,29.297,17.961,28.941,10.535,1.120,9.415,9.415,0.000,0.000,0.000,31.0,0.000,
12.11.2025,10:7:23.864,27.188,35.553,27.762,3.287,250.0,250.0,81.499,23.051,9.022,67.241,47.304,29.324,17.980,28.968,10.620,1.154,9.466,9.435,0.000,0.000,0.000,31.0,0.000,
12.11.2025,10:7:24.865,33.985,36.268,28.429,3.306,250.0,250.0,80.462,14.123,8.897,37.492,28.774,17.841,10.933,17.632,6.791,0.775,6.016,6.078,0.000,0.000,0.000,31.0,0.000,
12.11.2025,10:7:25.857,27.188,33.937,26.119,3.312,250.0,250.0,53.183,13.378,8.845,35.099,27.267,16.902,10.365,16.694,6.550,0.798,5.752,5.511,0.000,0.000,0.125,31.0,0.000,
12.11.2025,10:7:26.855,27.188,34.830,26.629,3.228,250.0,250.0,57.072,30.801,9.028,91.312,62.232,38.585,23.647,38.119,15.474,1.370,14.105,14.140,0.000,0.000,0.000,31.0,0.000,
12.11.2025,10:7:27.864,19.032,31.794,23.969,3.306,250.0,250.0,153.291,189.294,9.466,400.233,252.952,156.844,96.108,154.952,306.737,74.149,232.588,208.914,0.000,0.000,0.000,31.0,0.375,
12.11.2025,10:7:28.863,19.032,27.154,19.592,3.096,250.0,250.0,364.481,57.462,9.211,192.862,124.674,77.303,47.371,76.366,15.968,1.322,14.646,14.894,0.000,0.000,0.000,31.0,0.000,
12.11.2025,10:7:29.850,24.469,24.405,16.917,3.018,250.0,250.0,110.276,30.913,9.117,91.156,62.184,38.557,23.627,38.103,15.943,1.273,14.670,14.505,0.000,0.000,0.000,31.0,0.500,
12.11.2025,10:7:30.853,23.110,24.272,16.783,3.044,250.0,250.0,105.926,14.370,8.909,37.932,29.056,18.013,11.043,17.804,7.310,0.735,6.575,6.320,0.000,0.000,0.000,31.0,0.000,
12.11.2025,10:7:31.852,17.672,25.888,18.424,3.033,250.0,250.0,63.535,14.163,8.936,37.759,28.967,17.957,11.010,17.749,6.633,0.732,5.901,5.987,0.000,0.000,0.500,31.0,0.000,
12.11.2025,10:7:32.854,19.032,27.676,20.153,3.077,250.0,250.0,57.162,13.367,8.898,35.107,27.294,16.928,10.366,16.720,6.382,0.734,5.648,5.588,0.000,0.000,0.000,31.0,0.000,
12.11.2025,10:7:33.859,17.672,25.826,18.374,3.017,250.0,250.0,64.502,12.947,8.924,33.540,26.345,16.332,10.013,16.136,6.312,0.741,5.571,5.554,0.000,0.000,1.125,31.0,0.000,
12.11.2025,10:7:34.858,17.672,28.672,20.671,3.052,250.0,250.0,61.616,53.885,4.122,116.879,75.009,46.508,28.501,45.956,85.651,17.697,67.954,50.578,0.000,0.000,0.000,31.0,0.000,
12.11.2025,10:7:35.859,17.672,25.989,18.524,3.020,250.0,250.0,77.030,15.833,9.013,41.923,31.595,19.595,12.000,19.349,8.865,0.811,8.054,7.130,0.000,0.000,0.000,31.0,0.000,
12.11.2025,10:7:36.858,24.469,24.561,17.124,2.996,250.0,250.0,60.590,13.844,8.875,36.648,28.238,17.512,10.726,17.303,6.625,0.742,5.883,5.883,0.000,0.000,0.000,31.0,0.000,
12.11.2025,10:7:37.859,19.032,24.761,17.277,3.034,250.0,250.0,55.566,66.126,9.026,151.735,99.071,61.425,37.646,60.682,118.057,31.411,86.646,5.562,0.000,0.000,0.000,31.0,0.000,
12.11.2025,10:7:38.857,21.750,25.729,18.252,3.012,250.0,250.0,67.325,13.311,8.891,34.912,27.179,16.855,10.324,16.646,6.343,0.729,5.614,5.614,0.000,0.000,0.000,31.0,0.000,
12.11.2025,10:7:39.859,21.750,24.793,17.350,2.990,250.0,250.0,54.122,13.034,8.923,33.895,26.567,16.468,10.099,16.272,6.279,0.725,5.554,5.554,0.000,0.000,0.000,31.0,0.000,
12.11.2025,10:7:40.858,16.313,26.251,18.040,2.954,250.0,250.0,86.791,30.847,9.130,91.274,62.276,38.610,23.666,38.144,15.545,1.264,14.281,14.281,0.000,0.000,0.000,31.0,0.000,
12.11.2025,10:7:41.854,16.313,24.749,17.283,3.006,250.0,250.0,111.084,55.581,9.164,186.132,120.568,74.772,45.796,73.870,15.593,1.276,14.317,14.317,0.000,0.000,0.000,31.0,0.000,
12.11.2025,10:7:42.852,16.313,24.749,17.283,3.006,250.0,250.0,91.751,14.159,8.871,37.315,28.644,17.763,10.881,17.555,7.099,0.735,6.364,6.364,0.000,0.000,0.000,31.0,0.000,
12.11.2025,10:7:43.853,28.547,27.372,19.867,3.070,250.0,250.0,56.177,13.494,8.824,35.493,27.487,17.049,10.438,16.841,6.514,0.736,5.778,5.778,0.000,0.000,0.000,31.0,0.000,
12.11.2025,10:7:44.849,24.469,26.001,18.526,3.016,250.0,250.0,56.271,13.494,4.701,49.856,33.828,20.981,12.847,20.723,42.163,7.782,34.381,53.503,0.000,0.000,0.000,31.0,0.000,
12.11.2025,10:7:45.862,20.391,24.351,16.493,3.007,250.0,250.0,119.149,32.075,9.175,93.610,63.758,39.528,24.230,39.050,17.603,1.413,16.190,16.190,0.002,0.000,0.000,31.0,0.000,
12.11.2025,10:7:46.862,24.469,25.695,18.090,3.063,250.0,250.0,119.149,32.075,9.175,93.610,63.758,39.528,24.230,39.050,17.603,1.413,16.190,16.190,0.000,0.000,0.000,57.0,0.000,
12.11.2025,10:7:47.855,19.032,25.992,18.577,3.009,250.0,250.0,118.902,16.436,8.959,39.122,29.826,18.490,11.336,18.269,15.656,1.246,14.410,7.043,0.000,0.000,0.000,57.0,0.000,
12.11.2025,10:7:48.858,19.032,25.214,17.717,3.023,250.0,250.0,59.719,14.220,8.923,37.639,28.878,17.911,10.967,17.690,7.047,0.736,6.311,6.095,0.000,0.000,0.000,57.0,0.000,
12.11.2025,10:7:49.859,16.313,25.492,17.977,3.058,250.0,250.0,56.618,13.733,8.913,36.291,28.045,17.392,10.653,17.183,6.501,0.723,5.778,5.855,0.000,0.000,0.000,57.0,0.000,
12.11.2025,10:7:50.855,21.750,25.098,17.664,3.018,250.0,250.0,65.792,13.344,8.876,35.060,27.247,16.893,10.354,16.696,6.365,0.743,5.622,5.579,0.000,0.000,0.000,57.0,0.375,
12.11.2025,10:7:51.863,23.110,26.154,18.219,3.015,250.0,250.0,55.746,7.152,3.602,16.758,12.633,7.833,4.800,7.735,6.303,0.715,5.588,5.554,0.002,0.000,0.000,57.0,0.000,
12.11.2025,10:7:52.853,17.672,23.945,15.675,2.976,250.0,250.0,79.727,30.662,9.068,90.583,61.804,38.324,23.480,37.858,15.593,1.276,14.317,14.317,0.000,0.000,0.375,57.0,1.000,
12.11.2025,10:7:53.852,16.313,26.165,18.630,3.079,250.0,250.0,110.334,31.118,9.098,92.167,62.806,38.940,23.866,38.474,15.648,1.272,14.376,14.529,0.000,0.000,0.000,57.0,0.500,
12.11.2025,10:7:54.856,20.391,25.685,18.161,3.037,250.0,250.0,91.016,14.521,8.951,38.363,29.350,18.201,11.149,17.980,7.380,0.751,6.629,6.456,0.000,0.000,0.000,57.0,0.000,
12.11.2025,10:7:55.857,14.953,26.050,18.501,3.042,250.0,250.0,57.299,13.810,8.953,36.354,28.101,17.430,10.671,17.222,6.734,0.728,6.006,5.901,0.002,0.000,0.625,57.0,0.000,
12.11.2025,10:7:56.857,21.750,24.984,16.713,3.066,250.0,250.0,88.307,30.834,9.251,91.012,62.180,38.554,23.626,38.088,15.624,1.272,14.352,14.376,0.000,0.000,0.000,57.0,0.000,
12.11.2025,10:7:57.855,17.672,25.273,17.763,3.025,250.0,250.0,109.415,31.254,9.270,92.466,63.094,39.127,23.967,38.661,15.685,1.275,14.410,14.588,0.000,0.000,0.000,57.0,0.000,
12.11.2025,10:7:58.855,17.672,23.657,16.190,3.038,250.0,250.0,91.125,14.505,8.882,38.381,29.319,18.180,11.139,17.959,7.366,0.737,6.629,6.456,0.000,0.000,0.000,57.0,0.000,
12.11.2025,10:7:59.856,28.547,26.145,18.669,3.033,250.0,250.0,57.266,13.863,8.922,36.584,28.229,17.507,10.722,17.286,6.737,0.705,6.032,5.910,0.000,0.000,0.125,57.0,0.000,
12.11.2025,10:8:0.856,21.750,27.212,19.278,3.033,250.0,250.0,56.780,57.000,4.255,126.260,80.929,50.186,30.743,49.573,87.384,17.881,69.503,53.286,0.000,0.000,0.000,57.0,0.000,
12.11.2025,10:8:1.857,19.032,23.942,16.468,3.052,250.0,250.0,82.185,17.201,9.131,47.040,34.844,21.606,13.238,21.348,8.514,0.742,7.772,7.772,0.000,0.000,0.000,57.0,0.000,
12.11.2025,10:8:2.853,20.391,25.885,18.309,3.062,250.0,250.0,75.319,14.381,8.909,38.387,29.340,18.198,11.142,17.977,6.861,0.730,6.131,6.131,0.000,0.000,0.000,57.0,0.000,
12.11.2025,10:8:3.850,16.313,27.234,19.706,3.090,250.0,250.0,57.527,110.502,9.092,142.639,93.512,57.986,35.526,57.280,282.273,60.184,222.089,144.442,0.000,0.000,0.000,57.0,0.000,
12.11.2025,10:8:4.853,24.469,25.716,18.220,3.063,250.0,250.0,54.725,13.429,8.945,35.243,27.406,16.991,10.415,16.795,6.418,0.754,5.664,5.664,0.000,0.000,0.000,57.0,0.000,
12.11.2025,10:8:5.856,20.391,24.744,17.198,3.063,250.0,250.0,65.032,13.533,8.936,35.740,27.701,17.175,10.526,16.979,6.332,0.727,5.605,5.605,0.000,0.000,0.000,57.0,0.000,
12.11.2025,10:8:6.858,17.672,26.342,18.072,2.992,250.0,250.0,71.703,31.039,9.205,91.862,62.689,38.872,23.817,38.393,15.606,1.266,14.340,14.340,0.000,0.000,0.000,57.0,0.000,
12.11.2025,10:8:7.858,27.188,27.254,19.772,2.996,250.0,250.0,109.666,99.113,9.295,189.542,122.675,76.072,46.603,75.159,228.686,48.854,179.832,14.410,0.000,0.000,0.500,57.0,0.000,
12.11.2025,10:8:8.859,17.672,24.613,17.137,3.040,250.0,250.0,89.589,14.835,8.926,39.503,30.040,18.628,11.412,18.395,7.397,0.741,6.656,6.656,0.000,0.000,1.125,57.0,0.000,
12.11.2025,10:8:9.853,19.032,25.786,18.281,3.040,250.0,250.0,68.323,14.223,8.975,37.850,29.039,18.005,11.034,17.796,6.756,0.732,6.024,6.024,0.000,0.000,0.000,57.0,0.000,
12.11.2025,10:8:10.855,25.829,25.753,17.957,3.052,250.0,250.0,55.876,11.673,4.701,32.859,23.296,14.446,8.850,14.274,6.347,0.733,5.614,5.614,0.002,0.000,0.000,57.0,0.000,
12.11.2025,10:8:11.855,17.672,24.441,16.859,3.006,250.0,250.0,69.434,18.474,9.152,50.899,37.243,23.090,14.153,22.820,9.399,0.810,8.589,8.589,0.000,0.000,0.000,57.0,0.000,
12.11.2025,10:8:12.853,16.313,25.217,17.769,3.021,250.0,250.0,79.240,15.204,8.913,39.649,30.115,18.678,11.437,18.457,8.508,0.736,7.772,7.772,0.000,0.000,0.000,57.0,0.000,
12.11.2025,10:8:13.861,17.672,27.139,19.609,3.066,250.0,250.0,69.898,13.982,8.884,37.136,28.552,17.706,10.846,17.485,6.646,0.728,5.918,5.918,0.000,0.000,0.500,57.0,0.000,
12.11.2025,10:8:14.861,21.750,25.811,18.332,3.044,250.0,250.0,55.231,44.120,9.089,152.911,99.828,61.895,37.933,61.152,6.404,0.812,5.592,5.588,0.000,0.000,0.000,57.0,0.000,
12.11.2025,10:8:15.858,19.032,26.421,18.805,3.101,250.0,250.0,55.549,13.225,9.049,34.411,26.951,16.715,10.236,16.519,6.380,0.732,5.648,5.605,0.000,0.000,0.000,57.0,0.000,
12.11.2025,10:8:16.862,21.750,25.185,16.889,2.994,250.0,250.0,72.423,30.848,9.276,90.998,62.190,38.560,23.630,38.106,15.671,1.295,14.376,14.376,0.000,0.000,0.500,57.0,0.000,
12.11.2025,10:8:17.861,21.750,29.994,22.128,3.362,250.0,250.0,110.039,30.853,9.338,90.921,62.178,38.560,23.618,38.094,15.707,1.273,14.434,14.410,0.000,0.000,0.000,57.0,0.000,
12.11.2025,10:8:18.850,28.547,26.847,19.165,3.249,250.0,250.0,99.441,14.610,9.043,38.550,29.517,18.304,11.213,18.083,7.376,0.747,6.629,6.638,0.000,0.000,0.500,57.0,0.000,
12.11.2025,10:8:19.854,24.469,25.206,17.723,3.017,250.0,250.0,70.539,13.939,9.069,36.674,28.373,17.598,10.775,17.389,6.794,0.736,6.058,5.927,0.000,0.000,0.000,57.0,0.000,
12.11.2025,10:8:20.859,19.032,24.540,17.019,3.076,250.0,250.0,66.765,13.374,9.021,35.028,27.326,16.945,10.381,16.736,6.351,0.737,5.614,5.605,0.002,0.000,0.000,57.0,0.000,
12.11.2025,10:8:21.856,20.391,27.865,19.953,3.056,250.0,250.0,82.975,57.425,9.271,192.812,124.686,77.311,47.375,76.385,15.764,1.329,14.436,14.882,0.000,0.000,0.000,57.0,0.375,
12.11.2025,10:8:22.992,21.750,24.044,16.480,3.082,250.0,250.0,109.372,30.970,9.152,91.338,62.326,38.640,23.686,38.174,15.929,1.283,14.646,14.529,0.000,0.000,0.000,57.0,0.000,
12.11.2025,10:8:23.993,25.829,30.751,23.080,3.223,250.0,250.0,91.110,14.719,8.969,39.176,29.865,18.516,11.349,18.295,7.328,0.836,6.492,6.364,0.000,0.000,1.125,57.0,0.375,
12.11.2025,10:8:24.997,28.547,37.814,29.879,3.377,250.0,250.0,54.148,14.082,8.944,37.416,28.751,17.822,10.929,17.614,6.756,0.821,5.935,5.830,0.000,0.000,0.000,57.0,0.375,
12.11.2025,10:8:25.997,28.547,39.319,31.469,3.335,250.0,250.0,51.869,13.433,8.904,35.297,27.427,17.001,10.426,16.792,6.437,0.823,5.614,5.605,0.000,0.000,0.000,57.0,0.000,
12.11.2025,10:8:27.018,24.469,36.002,28.151,3.327,250.0,250.0,50.869,13.418,8.922,35.220,27.386,16.981,10.405,16.773,6.420,0.815,5.605,5.648,0.000,0.000,0.125,57.0,0.000,
12.11.2025,10:8:28.019,24.469,34.538,26.364,3.282,250.0,250.0,50.347,16.055,9.148,44.322,33.156,20.566,12.590,20.321,6.590,0.897,5.693,7.264,0.000,0.000,0.000,57.0,0.000,
12.11.2025,10:8:29.007,24.469,36.656,28.781,3.327,250.0,250.0,67.792,16.231,9.047,43.895,32.833,20.367,12.466,20.122,8.163,0.904,7.259,7.255,0.000,0.000,0.000,57.0,0.000,
12.11.2025,10:8:30.016,28.547,34.259,26.455,3.295,250.0,250.0,58.630,13.651,8.875,35.932,27.786,17.236,10.550,17.028,6.735,0.911,5.824,5.630,0.000,0.000,0.000,57.0,0.000,
12.11.2025,10:8:31.019,25.829,36.332,28.538,3.304,250.0,250.0,51.786,13.080,8.932,33.889,26.559,16.475,10.084,16.279,6.469,0.821,5.648,5.648,0.000,0.000,0.500,57.0,1.125,
12.11.2025,10:8:32.014,24.469,35.628,27.824,3.294,250.0,250.0,50.232,13.126,8.963,34.076,26.696,16.558,10.138,16.362,6.427,0.813,5.614,5.614,0.000,0.000,1.250,57.0,0.500,
12.11.2025,10:8:33.018,28.547,32.939,24.939,3.294,250.0,250.0,57.154,10.799,4.604,29.558,21.190,13.149,8.041,12.989,6.426,0.821,5.605,5.605,0.002,0.000,0.000,77.0,0.000,
12.11.2025,10:8:34.020,27.188,37.560,29.057,3.283,250.0,250.0,67.029,67.480,9.268,117.435,78.300,48.556,29.744,47.969,17.374,2.998,14.376,308.779,0.000,0.000,0.000,77.0,0.000,
12.11.2025,10:8:35.013,24.469,37.547,29.675,3.352,250.0,250.0,107.755,31.465,9.241,93.011,63.425,39.326,24.099,38.847,16.040,1.417,14.623,14.623,0.000,0.000,0.000,77.0,0.000,
12.11.2025,10:8:36.009,25.829,33.670,25.873,3.321,250.0,250.0,86.874,14.053,8.896,37.058,28.513,17.680,10.833,17.459,6.960,0.794,6.166,6.166,0.000,0.000,1.625,77.0,0.000,
12.11.2025,10:8:37.013,31.266,34.217,26.426,3.288,250.0,250.0,60.075,13.412,8.913,34.991,27.229,16.885,10.344,16.689,6.626,0.805,5.821,5.821,0.000,0.000,0.125,77.0,0.000,
12.11.2025,10:8:38.019,27.188,35.552,27.346,3.280,250.0,250.0,70.759,31.234,9.242,92.361,63.022,39.082,23.940,38.603,15.825,1.379,14.446,14.446,0.000,0.000,0.000,77.0,0.375,
12.11.2025,10:8:39.016,28.547,33.665,25.778,3.352,250.0,250.0,107.634,31.377,9.277,92.563,63.165,39.165,24.000,38.699,16.098,1.393,14.705,14.705,0.000,0.000,0.000,77.0,0.000,
12.11.2025,10:8:40.020,31.266,34.706,26.851,3.331,250.0,250.0,86.853,14.142,8.938,37.331,28.695,17.796,10.899,17.587,6.999,0.825,6.174,6.174,0.000,0.000,0.375,77.0,0.750,
12.11.2025,10:8:41.020,25.829,35.834,28.058,3.299,250.0,250.0,60.118,13.572,9.033,35.445,27.594,17.104,10.490,16.895,6.658,0.820,5.838,5.838,0.000,0.000,0.000,77.0,0.000,
12.11.2025,10:8:42.006,25.829,33.169,25.343,3.303,250.0,250.0,52.231,33.076,9.127,110.625,73.687,45.691,27.996,45.143,6.441,0.827,5.614,5.614,0.000,0.000,0.000,77.0,0.000,
12.11.2025,10:8:43.006,29.907,35.461,27.628,3.325,250.0,250.0,50.592,13.631,8.930,35.978,27.857,17.271,10.586,17.063,6.481,0.817,5.664,5.664,0.000,0.000,0.000,77.0,0.000,
12.11.2025,10:8:44.009,40.782,35.007,25.846,3.319,250.0,250.0,58.135,19.080,9.057,53.634,38.877,24.114,14.763,23.820,9.144,0.839,8.305,8.246,0.000,0.000,0.000,77.0,1.375,
12.11.2025,10:8:45.014,32.625,34.539,26.752,3.317,250.0,250.0,68.971,19.114,9.070,53.812,39.001,24.184,14.817,23.901,9.062,0.816,8.246,8.227,0.000,0.000,0.500,77.0,0.000,
12.11.2025,10:8:46.018,33.985,34.964,27.111,3.310,250.0,250.0,61.602,53.004,8.953,112.120,74.504,46.193,28.311,45.633,104.010,16.128,87.882,6.306,0.000,0.000,0.500,77.0,0.000,
12.11.2025,10:8:47.015,35.344,33.881,25.335,3.253,250.0,250.0,65.018,19.381,4.379,62.542,41.310,25.611,15.699,25.306,6.605,0.847,5.758,5.758,0.002,0.000,0.000,77.0,0.000,
12.11.2025,10:8:48.018,14.953,32.579,24.829,3.201,250.0,250.0,99.848,26.878,9.082,78.707,54.455,33.769,20.686,33.353,13.376,1.276,12.100,11.978,0.000,0.000,0.000,77.0,0.000,
12.11.2025,10:8:49.017,27.188,25.754,18.305,3.019,250.0,250.0,84.043,15.283,8.933,36.975,28.477,17.656,10.821,17.447,13.216,1.238,11.978,6.084,0.003,0.000,0.000,77.0,0.500,
12.11.2025,10:8:50.019,17.672,23.936,16.441,3.017,250.0,250.0,45.473,13.350,8.949,35.005,27.267,16.910,10.357,16.702,6.349,0.727,5.622,5.614,0.000,0.000,0.000,77.0,0.000,
12.11.2025,10:8:51.018,24.469,25.713,17.849,3.001,250.0,250.0,42.021,6.909,3.418,15.998,12.044,7.465,4.579,7.379,6.320,0.715,5.605,5.571,0.002,0.000,0.000,77.0,0.000,
12.11.2025,10:8:52.012,27.188,26.176,16.524,3.042,250.0,250.0,26.723,7.030,3.504,16.391,12.338,7.648,4.690,7.562,6.301,0.722,5.579,5.562,0.000,0.000,0.000,77.0,0.000,
12.11.2025,10:8:53.016,24.469,25.081,15.593,3.026,250.0,250.0,21.170,6.767,3.161,15.756,11.745,7.285,4.460,7.187,6.266,0.712,5.554,5.546,0.000,0.000,0.000,77.0,0.000,
12.11.2025,10:8:54.015,25.829,25.756,16.430,3.097,250.0,250.0,19.111,6.811,3.223,15.869,11.845,7.348,4.497,7.262,6.265,0.711,5.554,5.537,0.000,0.000,0.000,77.0,0.000,
12.11.2025,10:8:55.008,25.829,25.951,16.619,3.102,250.0,250.0,19.270,6.702,3.296,15.386,11.592,7.184,4.408,7.098,6.259,0.713,5.546,5.537,0.000,0.000,0.750,77.0,0.000,
12.11.2025,10:8:56.017,27.188,24.491,15.228,3.053,250.0,250.0,19.314,6.764,3.345,15.585,11.739,7.281,4.458,7.195,6.255,0.709,5.546,5.528,0.000,0.000,0.000,77.0,0.000,
12.11.2025,10:8:57.016,25.829,27.027,17.822,3.040,250.0,250.0,19.449,6.797,3.394,15.666,11.824,7.330,4.494,7.244,6.247,0.701,5.546,5.528,0.000,0.000,0.000,77.0,0.000,
12.11.2025,10:8:58.014,12.235,23.894,14.586,3.077,250.0,250.0,19.439,7.002,3.395,16.476,12.321,7.641,4.680,7.555,6.221,0.710,5.511,5.511,0.000,0.000,0.000,77.0,0.000,
12.11.2025,10:8:59.014,17.672,24.325,15.061,3.075,250.0,250.0,19.480,6.643,3.223,15.292,11.487,7.125,4.362,7.039,6.199,0.697,5.502,5.502,0.000,0.000,0.000,77.0,0.000,
12.11.2025,10:9:0.015,21.750,30.072,20.456,3.307,250.0,250.0,19.015,6.767,3.284,15.706,11.774,7.305,4.469,7.219,6.207,0.705,5.502,5.502,0.000,0.000,0.000,77.0,0.000,
12.11.2025,10:9:1.014,25.829,32.207,22.721,3.364,250.0,250.0,19.192,16.808,7.310,49.990,35.534,22.032,13.502,21.775,6.221,0.727,5.494,5.494,0.000,0.000,0.500,77.0,0.000,
12.11.2025,10:9:2.020,14.953,24.311,16.785,3.069,250.0,250.0,65.718,21.709,9.143,62.760,44.601,27.656,16.945,27.312,9.876,0.958,8.918,8.918,0.000,0.000,0.000,77.0,0.000,
12.11.2025,10:9:3.007,17.672,25.145,17.678,3.062,250.0,250.0,71.833,21.787,9.302,62.886,44.782,27.773,17.009,27.429,9.879,0.951,8.928,8.928,0.000,0.000,0.000,77.0,0.000,
12.11.2025,10:9:4.010,29.907,33.617,25.679,3.400,250.0,250.0,72.338,21.833,9.226,63.101,44.859,27.816,17.043,27.485,9.924,0.976,8.948,8.948,0.000,0.000,0.000,77.0,0.000,
12.11.2025,10:9:5.021,20.391,33.617,25.679,3.400,250.0,250.0,225.955,170.562,9.731,398.068,251.737,156.097,95.640,154.217,309.523,67.673,241.850,21.083,0.000,0.000,0.000,77.0,0.000,
12.11.2025,10:9:6.009,16.313,38.844,30.716,3.579,250.0,250.0,406.335,52.918,9.262,170.410,110.990,68.824,42.166,67.995,20.377,1.595,18.782,18.782,0.000,0.000,0.000,77.0,0.500,
12.11.2025,10:9:7.006,19.032,32.854,24.912,3.368,250.0,250.0,171.490,30.769,9.092,90.431,61.725,38.272,23.453,37.806,16.075,1.311,14.764,14.764,0.000,0.000,0.500,77.0,0.000,
12.11.2025,10:9:8.016,19.032,25.647,18.190,3.020,250.0,250.0,106.855,44.884,9.017,154.422,100.745,62.465,38.280,61.710,7.634,0.758,6.876,6.934,0.000,0.000,0.000,77.0,0.000,
12.11.2025,10:9:9.007,17.672,26.812,19.175,3.122,250.0,250.0,66.610,13.904,8.884,36.422,28.111,17.424,10.687,17.215,7.094,0.762,6.332,6.111,0.000,0.000,0.000,77.0,0.000,
12.11.2025,10:9:10.007,17.672,24.174,16.741,3.034,250.0,250.0,65.484,13.224,8.927,34.311,26.824,16.635,10.189,16.438,6.625,0.744,5.881,5.664,0.000,0.000,0.000,77.0,0.375,
12.11.2025,10:9:11.009,14.953,24.274,16.748,3.033,250.0,250.0,54.912,94.207,9.016,150.231,98.129,60.846,37.283,60.116,259.984,55.765,204.219,6.480,0.000,0.000,0.000,77.0,0.000,
12.11.2025,10:9:12.006,17.672,24.141,16.649,3.044,250.0,250.0,53.533,13.042,8.897,33.633,26.385,16.363,10.022,16.155,6.652,0.758,5.894,5.664,0.000,0.000,0.000,77.0,0.000,
12.11.2025,10:9:13.007,44.860,29.400,21.721,3.190,250.0,250.0,65.958,8.242,3.784,20.657,15.160,9.403,5.757,9.292,6.369,0.705,5.664,5.630,0.000,0.000,0.000,77.0,0.375,
12.11.2025,10:9:14.021,16.313,26.762,18.712,3.114,250.0,250.0,62.776,30.575,9.115,90.045,61.509,38.139,23.370,37.673,15.712,1.278,14.434,14.470,0.002,0.000,0.000,77.0,1.000,
12.11.2025,10:9:15.019,19.032,31.141,22.216,3.218,250.0,250.0,108.850,157.100,9.186,184.815,119.708,74.229,45.479,73.328,330.050,77.118,252.932,404.159,0.000,0.000,0.000,77.0,0.000,
12.11.2025,10:9:16.018,23.110,26.837,19.198,3.130,250.0,250.0,101.230,14.635,8.911,38.356,29.318,18.187,11.131,17.967,7.903,0.780,7.123,6.674,0.000,0.000,0.000,77.0,0.000,
12.11.2025,10:9:17.011,20.391,27.240,19.641,3.183,250.0,250.0,67.539,13.648,8.884,35.707,27.671,17.155,10.516,16.946,6.821,0.737,6.084,5.961,0.000,0.000,0.000,77.0,0.000,
12.11.2025,10:9:18.019,27.188,25.557,18.044,3.037,250.0,250.0,56.067,12.926,8.935,33.354,26.233,16.270,9.963,16.073,6.393,0.737,5.656,5.648,0.000,0.000,0.000,77.0,0.000,
12.11.2025,10:9:19.014,20.391,24.635,17.067,3.098,250.0,250.0,53.068,42.967,4.418,152.674,97.149,60.239,36.910,59.518,6.391,0.743,5.648,5.979,0.000,0.000,0.000,77.0,0.000,
12.11.2025,10:9:20.008,13.594,32.271,23.834,3.517,250.0,250.0,117.425,30.522,9.149,89.687,61.306,38.013,23.293,37.547,15.828,1.264,14.564,14.564,0.000,0.000,0.375,77.0,0.000,
12.11.2025,10:9:21.014,14.953,24.501,17.085,3.005,250.0,250.0,116.424,14.598,8.890,38.226,29.221,18.124,11.097,17.903,7.749,0.729,7.020,7.020,0.000,0.000,0.000,77.0,0.000,
12.11.2025,10:9:22.016,17.672,23.687,16.214,2.990,250.0,250.0,58.700,14.216,8.881,36.649,28.237,17.516,10.721,17.307,7.891,0.824,7.067,7.067,0.000,0.000,0.000,77.0,0.000,
12.11.2025,10:9:23.016,16.313,25.421,17.933,3.030,250.0,250.0,67.080,13.268,8.948,34.389,26.884,16.675,10.209,16.466,6.616,0.735,5.881,5.881,0.000,0.000,0.000,77.0,0.000,
12.11.2025,10:9:24.007,17.672,25.705,18.210,3.047,250.0,250.0,63.582,12.792,8.932,32.832,25.905,16.068,9.837,15.871,6.408,0.744,5.664,5.664,0.000,0.000,1.125,77.0,0.500,
12.11.2025,10:9:25.020,14.953,24.011,16.532,3.035,250.0,250.0,52.753,43.224,9.089,149.495,97.689,60.581,37.108,59.851,6.392,0.753,5.639,5.639,0.000,0.000,0.000,77.0,0.000,
12.11.2025,10:9:26.019,17.672,24.547,17.112,3.008,250.0,250.0,47.289,32.211,8.700,106.379,71.347,44.242,27.105,43.715,7.153,0.843,6.310,6.310,0.000,0.000,0.000,77.0,0.000,
12.11.2025,10:9:27.017,14.953,26.277,17.479,3.040,250.0,250.0,120.465,30.640,9.307,89.891,61.524,38.146,23.378,37.692,15.921,1.298,14.623,14.623,0.000,0.000,0.500,77.0,0.000,
12.11.2025,10:9:28.017,13.594,24.448,17.020,2.976,250.0,250.0,117.735,14.699,8.964,38.525,29.463,18.264,11.199,18.043,7.756,0.736,7.020,7.020,0.000,0.000,0.500,77.0,0.000,
12.11.2025,10:9:29.015,17.672,26.197,18.682,3.032,250.0,250.0,63.062,45.968,4.404,163.389,103.780,64.346,39.434,63.577,7.131,0.876,6.255,6.485,0.000,0.000,1.125,77.0,0.000,
12.11.2025,10:9:30.016,17.672,24.512,16.650,3.019,250.0,250.0,93.205,30.878,9.099,90.795,61.948,38.413,23.535,37.959,16.190,1.308,14.882,14.646,0.002,0.000,0.000,77.0,0.000,
12.11.2025,10:9:31.014,16.313,25.646,18.146,3.016,250.0,250.0,117.949,16.417,8.899,38.922,29.663,18.394,11.269,18.173,15.909,1.263,14.646,7.030,0.000,0.000,0.500,77.0,0.000,
12.11.2025,10:9:32.016,16.313,26.118,18.595,3.076,250.0,250.0,69.064,97.524,9.125,152.578,99.664,61.794,37.870,61.051,273.030,58.386,214.644,7.102,0.000,0.000,0.000,77.0,0.000,
12.11.2025,10:9:33.010,14.953,26.569,19.115,3.015,250.0,250.0,57.249,13.488,8.946,35.061,27.295,16.929,10.366,16.720,6.831,0.752,6.079,5.907,0.000,0.000,0.000,77.0,0.000,
12.11.2025,10:9:34.015,17.672,25.937,18.394,3.063,250.0,250.0,66.874,12.865,8.969,33.054,26.070,16.170,9.900,15.974,6.424,0.743,5.681,5.664,0.003,0.000,0.000,77.0,0.000,
12.11.2025,10:9:35.016,19.032,25.119,17.586,3.074,250.0,250.0,53.529,93.935,9.087,116.248,77.171,47.852,29.319,47.280,187.332,55.017,132.315,237.729,0.000,0.000,0.000,77.0,0.000,
12.11.2025,10:9:36.008,17.672,24.466,16.932,3.070,250.0,250.0,50.306,32.579,4.398,112.896,72.531,44.973,27.558,44.423,6.559,0.767,5.792,5.894,0.000,0.000,0.000,77.0,0.000,
12.11.2025,10:9:37.014,17.672,25.565,16.752,3.083,250.0,250.0,97.629,30.629,9.122,89.935,61.434,38.094,23.340,37.640,16.059,1.318,14.741,14.612,0.000,0.000,0.000,77.0,0.000,
12.11.2025,10:9:38.014,17.672,25.094,17.618,3.059,250.0,250.0,116.884,16.122,8.966,37.889,29.055,18.017,11.038,17.809,15.926,1.280,14.646,6.590,0.000,0.000,0.000,77.0,0.000,
12.11.2025,10:9:39.019,14.953,24.999,17.493,3.051,250.0,250.0,68.906,13.678,8.907,35.779,27.725,17.187,10.538,16.979,6.844,0.742,6.102,5.978,0.000,0.000,0.500,77.0,0.000,
12.11.2025,10:9:40.013,13.594,22.663,15.128,3.000,250.0,250.0,64.508,16.980,9.219,46.047,34.280,21.262,13.018,21.004,8.573,0.744,7.829,7.829,0.002,0.000,0.000,77.0,1.000,
12.11.2025,10:9:41.019,13.594,23.612,15.807,3.034,250.0,250.0,75.377,15.140,8.958,39.087,29.801,18.477,11.324,18.256,8.751,0.760,7.991,7.991,0.000,0.000,0.000,77.0,0.375,
12.11.2025,10:9:42.018,13.594,25.691,18.174,3.070,250.0,250.0,56.700,13.389,8.933,34.738,27.084,16.792,10.292,16.596,6.728,0.733,5.995,5.995,0.000,0.000,0.500,77.0,0.000,
12.11.2025,10:9:43.014,19.032,24.705,17.229,3.035,250.0,250.0,53.674,12.883,8.910,33.203,26.117,16.192,9.925,16.008,6.400,0.727,5.673,5.673,0.000,0.000,0.000,77.0,0.000,
12.11.2025,10:9:44.009,14.953,26.958,19.339,3.147,250.0,250.0,64.436,13.075,8.906,33.787,26.481,16.423,10.058,16.227,6.539,0.747,5.792,5.792,0.000,0.000,0.000,77.0,1.000,
12.11.2025,10:9:45.009,25.829,23.654,16.112,3.095,250.0,250.0,68.342,27.026,9.151,79.040,54.707,33.916,20.791,33.511,13.511,1.389,12.122,12.122,0.000,0.000,0.000,77.0,0.000,
12.11.2025,10:9:46.011,25.829,30.112,21.626,3.159,250.0,250.0,95.146,27.006,9.129,79.019,54.671,33.904,20.767,33.499,13.481,1.370,12.111,12.111,0.000,0.000,0.000,77.0,0.750,
12.11.2025,10:9:47.016,23.110,35.572,27.722,3.356,250.0,250.0,75.866,14.047,8.966,36.675,28.305,17.550,10.755,17.341,7.232,0.814,6.418,6.418,0.000,0.000,0.000,77.0,0.000,
12.11.2025,10:9:48.007,24.469,34.380,26.453,3.333,250.0,250.0,58.510,13.580,8.945,35.330,27.468,17.028,10.440,16.820,6.866,0.830,6.036,6.036,0.000,0.000,1.125,77.0,0.000,
12.11.2025,10:9:49.008,21.750,35.169,27.307,3.366,250.0,250.0,58.379,16.199,9.372,43.075,32.531,20.179,12.352,19.934,8.458,0.829,7.629,7.629,0.000,0.000,0.000,77.0,0.000,
12.11.2025,10:9:50.016,21.750,35.284,27.044,3.320,250.0,250.0,58.928,16.090,9.265,42.859,32.326,20.046,12.280,19.812,8.373,0.810,7.563,7.563,0.000,0.000,0.000,77.0,0.000,
12.11.2025,10:9:51.015,32.625,33.576,25.761,3.351,250.0,250.0,55.453,13.142,9.000,33.787,26.540,16.459,10.081,16.263,6.703,0.822,5.881,5.881,0.000,0.000,0.000,77.0,2.250,
12.11.2025,10:9:52.019,25.829,32.613,24.725,3.352,250.0,250.0,56.391,13.091,8.970,33.769,26.510,16.438,10.072,16.242,6.579,0.829,5.750,5.750,0.000,0.000,0.000,77.0,0.375,
12.11.2025,10:9:53.007,25.829,35.810,27.954,3.343,250.0,250.0,49.569,12.925,8.945,33.263,26.172,16.238,9.934,16.041,6.500,0.836,5.664,5.656,0.000,0.000,0.000,77.0,0.000,
12.11.2025,10:9:54.020,28.547,37.121,29.191,3.380,250.0,250.0,83.893,29.668,9.333,86.993,59.740,37.046,22.694,36.604,15.216,1.400,13.816,13.839,0.000,0.000,0.000,77.0,0.000,
12.11.2025,10:9:55.015,31.266,33.447,25.151,3.332,250.0,250.0,103.802,46.116,9.424,150.158,98.387,61.005,37.382,60.262,15.241,1.402,13.839,14.059,0.000,0.000,0.000,77.0,0.000,
12.11.2025,10:9:56.008,21.750,35.307,27.427,3.379,250.0,250.0,76.002,14.149,9.013,37.016,28.553,17.698,10.855,17.490,7.329,0.841,6.488,6.209,0.000,0.000,0.000,77.0,0.000,
12.11.2025,10:9:57.020,25.829,36.320,28.409,3.337,250.0,250.0,51.989,13.425,9.009,34.863,27.216,16.876,10.340,16.680,6.692,0.802,5.890,5.881,0.000,0.000,0.000,77.0,0.000,
12.11.2025,10:9:58.006,28.547,38.713,30.878,3.316,250.0,250.0,50.695,34.803,8.999,51.911,37.596,23.319,14.277,23.039,19.585,4.535,15.050,149.718,0.000,0.000,0.500,77.0,0.375,
12.11.2025,10:9:59.013,33.985,32.940,25.163,3.327,250.0,250.0,56.650,13.125,9.042,33.537,26.408,16.375,10.033,16.179,6.999,0.817,6.182,5.681,0.000,0.000,0.000,77.0,0.000,
12.11.2025,10:10:0.010,31.266,37.142,29.220,3.364,250.0,250.0,59.707,29.226,9.223,91.574,62.515,38.758,23.757,38.292,6.819,0.909,5.910,14.505,0.000,0.000,0.625,77.0,0.000,
12.11.2025,10:10:1.014,28.547,36.700,27.621,3.296,250.0,250.0,107.128,30.909,9.309,90.854,62.118,38.517,23.601,38.064,16.017,1.394,14.623,14.588,0.000,0.000,0.250,77.0,0.000,
12.11.2025,10:10:2.016,25.829,36.888,29.034,3.330,250.0,250.0,91.612,14.442,8.989,37.863,29.061,18.021,11.040,17.812,7.535,0.826,6.709,6.563,0.000,0.000,0.000,77.0,0.000,
12.11.2025,10:10:3.007,25.829,34.059,26.212,3.330,250.0,250.0,54.394,74.753,4.470,177.655,112.732,69.897,42.835,69.053,132.122,20.302,111.820,6.644,0.000,0.000,0.000,77.0,0.000,
12.11.2025,10:10:4.009,25.829,35.465,27.203,3.299,250.0,250.0,109.779,31.172,9.408,91.375,62.518,38.767,23.751,38.289,16.471,1.399,15.072,14.670,0.000,0.000,1.125,77.0,0.375,
12.11.2025,10:10:5.008,17.672,37.153,29.285,3.330,250.0,250.0,102.146,16.244,9.035,38.141,29.260,18.150,11.110,17.929,16.045,1.340,14.705,6.727,0.000,0.000,0.750,77.0,0.000,
12.11.2025,10:10:6.006,21.750,37.290,29.393,3.355,250.0,250.0,53.126,13.528,8.951,35.086,27.315,16.938,10.377,16.742,6.937,0.826,6.111,5.995,0.000,0.000,0.375,77.0,0.000,
12.11.2025,10:10:7.018,24.469,34.089,26.249,3.337,250.0,250.0,58.425,12.978,9.021,33.330,26.267,16.293,9.974,16.097,6.528,0.830,5.698,5.741,0.000,0.000,0.000,77.0,0.000,
12.11.2025,10:10:8.006,29.907,34.440,26.643,3.321,250.0,250.0,55.838,12.610,8.927,32.019,25.401,15.756,9.645,15.559,6.556,0.832,5.724,5.681,0.000,0.000,0.000,77.0,0.500,
12.11.2025,10:10:9.022,17.672,33.801,25.916,3.335,250.0,250.0,205.655,165.022,9.569,406.938,257.152,159.461,97.691,157.533,270.949,69.206,201.743,19.977,0.000,0.000,0.000,77.0,0.000,
12.11.2025,10:10:10.021,31.266,32.376,24.514,3.344,250.0,250.0,279.257,31.295,9.203,91.228,62.287,38.631,23.656,38.165,17.055,1.383,15.672,15.672,0.000,0.000,0.000,77.0,0.000,
12.11.2025,10:10:11.006,25.829,25.917,18.284,3.180,250.0,250.0,117.567,30.791,9.282,90.113,61.648,38.232,23.416,37.766,16.256,1.315,14.941,14.941,0.000,0.000,0.000,77.0,0.000,
12.11.2025,10:10:12.019,16.313,23.983,16.456,3.061,250.0,250.0,73.817,13.936,8.987,36.142,28.001,17.355,10.646,17.146,7.270,0.729,6.541,6.541,0.000,0.000,1.250,77.0,0.000,
12.11.2025,10:10:13.013,20.391,24.226,16.728,3.076,250.0,250.0,56.654,33.737,9.074,112.686,75.116,46.574,28.542,46.013,6.703,0.745,5.958,5.958,0.000,0.000,0.500,77.0,0.000,
12.11.2025,10:10:14.017,13.594,27.414,19.772,3.142,250.0,250.0,63.698,33.737,8.894,32.780,25.859,16.033,9.826,15.836,6.509,0.743,5.766,5.766,0.000,0.000,0.000,77.0,0.000,
12.11.2025,10:10:15.017,25.829,24.540,17.050,3.057,250.0,250.0,63.698,12.801,8.894,32.780,25.859,16.033,9.826,15.836,6.509,0.743,5.766,5.766,0.000,0.000,0.000,77.0,0.000,
12.11.2025,10:10:16.015,25.829,24.778,17.237,3.055,250.0,250.0,54.163,12.798,8.907,32.781,25.860,16.033,9.827,15.849,6.493,0.752,5.741,5.741,0.000,0.000,0.000,77.0,0.000,
12.11.2025,10:10:17.018,27.188,26.738,18.904,3.067,250.0,250.0,52.441,45.633,4.743,76.890,50.610,31.378,19.232,30.998,90.085,18.647,71.438,62.310,0.002,0.000,0.000,77.0,0.375,
12.11.2025,10:10:18.010,27.188,25.296,17.719,3.023,250.0,250.0,102.678,31.009,9.178,90.647,61.912,38.393,23.519,37.927,16.626,1.367,15.259,15.259,0.000,0.000,0.125,77.0,0.000,
12.11.2025,10:10:19.020,29.907,24.880,17.401,3.043,250.0,250.0,119.034,18.273,8.999,42.705,32.067,19.890,12.177,19.645,16.185,1.303,14.882,14.882,0.000,0.000,0.000,77.0,0.000,
12.11.2025,10:10:20.017,29.907,24.880,17.401,3.043,250.0,250.0,67.514,13.994,8.913,36.570,28.216,17.499,10.717,17.278,7.237,0.740,6.497,6.271,0.000,0.000,0.000,77.0,0.375,
12.11.2025,10:10:21.014,32.625,27.977,20.096,3.372,250.0,250.0,56.731,13.660,8.927,35.811,27.749,17.204,10.545,16.995,6.687,0.746,5.941,5.993,0.000,0.000,0.000,77.0,0.000,
12.11.2025,10:10:22.008,31.266,28.880,21.152,3.268,250.0,250.0,66.543,13.274,8.920,34.555,26.968,16.723,10.245,16.527,6.520,0.745,5.775,5.758,0.000,0.000,0.000,77.0,0.000,
12.11.2025,10:10:23.015,17.672,25.503,18.020,3.056,250.0,250.0,52.534,12.943,8.923,33.340,26.220,16.257,9.963,16.061,6.469,0.737,5.732,5.724,0.000,0.000,0.000,77.0,0.000,
12.11.2025,10:10:24.013,14.953,24.398,16.894,3.051,250.0,250.0,50.158,55.967,4.108,117.291,75.265,46.672,28.593,46.108,81.538,17.685,63.853,78.556,0.000,0.000,0.000,77.0,0.000,
12.11.2025,10:10:25.012,17.672,27.079,18.205,3.110,250.0,250.0,60.684,15.292,8.876,39.683,30.117,18.676,11.441,18.455,9.169,0.838,8.331,7.333,0.000,0.000,0.000,77.0,0.000,
12.11.2025,10:10:26.012,21.750,23.644,16.081,3.085,250.0,250.0,68.164,11.685,4.161,31.952,22.399,13.886,8.513,13.714,8.043,0.747,7.296,6.137,0.000,0.000,0.000,77.0,0.000,
12.11.2025,10:10:27.011,17.672,26.769,18.648,3.129,250.0,250.0,64.645,30.652,9.100,90.037,61.490,38.123,23.367,37.669,16.016,1.298,14.717,14.705,0.002,0.000,0.000,77.0,0.000,
12.11.2025,10:10:28.010,14.953,25.898,17.245,3.032,250.0,250.0,109.551,30.759,9.125,90.346,61.699,38.258,23.441,37.792,16.077,1.301,14.776,14.776,0.000,0.000,1.125,77.0,0.375,
12.11.2025,10:10:29.011,16.313,24.858,17.383,3.057,250.0,250.0,94.772,14.483,8.880,38.033,29.112,18.046,11.066,17.825,7.539,0.749,6.790,6.790,0.000,0.000,0.000,77.0,0.000,
12.11.2025,10:10:30.010,19.032,24.472,16.953,3.066,250.0,250.0,69.762,13.607,8.858,35.407,27.462,17.024,10.438,16.816,6.940,0.751,6.189,6.189,0.000,0.000,0.000,77.0,0.000,
12.11.2025,10:10:31.020,17.672,25.526,17.974,3.071,250.0,250.0,57.040,13.008,8.860,33.618,26.351,16.340,10.011,16.144,6.501,0.751,5.750,5.750,0.000,0.000,0.000,77.0,0.000,
12.11.2025,10:10:32.010,17.672,24.303,16.839,3.040,250.0,250.0,54.415,13.208,8.896,34.260,26.772,16.601,10.171,16.405,6.575,0.749,5.826,5.826,0.000,0.000,0.000,77.0,0.000,
12.11.2025,10:10:33.008,19.032,26.685,19.128,3.096,250.0,250.0,54.441,30.777,9.089,90.411,61.720,38.276,23.444,37.810,16.108,1.308,14.800,14.800,0.000,0.000,0.500,77.0,0.000,
12.11.2025,10:10:34.009,19.032,26.024,17.653,3.014,250.0,250.0,117.943,30.968,9.275,90.999,62.184,38.557,23.627,38.103,16.079,1.303,14.776,14.776,0.000,0.000,0.000,77.0,0.000,
12.11.2025,10:10:35.009,16.313,25.738,18.216,3.089,250.0,250.0,105.470,14.750,8.994,38.462,29.434,18.257,11.177,18.036,8.136,1.269,6.867,6.867,0.000,0.000,0.000,77.0,0.000,
12.11.2025,10:10:36.011,17.672,24.831,17.329,3.073,250.0,250.0,58.202,13.970,8.955,36.556,28.232,17.509,10.723,17.300,7.060,0.757,6.303,6.303,0.000,0.000,0.000,77.0,0.000,
12.11.2025,10:10:37.021,17.672,26.835,19.272,3.093,250.0,250.0,68.627,13.413,8.944,35.071,27.303,16.926,10.377,16.718,6.510,0.744,5.766,5.766,0.000,0.000,0.000,77.0,0.000,
12.11.2025,10:10:38.006,14.953,24.849,17.359,3.037,250.0,250.0,77.553,30.791,9.102,90.497,61.770,38.305,23.465,37.839,16.078,1.302,14.776,14.776,0.000,0.000,0.000,77.0,0.000,
12.11.2025,10:10:39.019,17.672,25.619,17.341,3.017,250.0,250.0,110.060,151.976,9.297,188.419,122.005,75.646,46.359,74.733,310.391,68.389,242.002,382.516,0.000,0.000,0.000,77.0,0.000,
12.11.2025,10:10:40.019,17.672,23.576,16.073,3.051,250.0,250.0,95.595,14.414,8.934,37.762,28.965,17.961,11.004,17.740,7.566,0.739,6.827,6.644,0.000,0.000,0.000,77.0,0.000,
12.11.2025,10:10:41.012,17.672,26.292,18.749,3.075,250.0,250.0,69.747,13.759,8.966,35.912,27.842,17.257,10.585,17.048,6.950,0.752,6.198,6.082,0.000,0.000,0.000,77.0,0.000,
12.11.2025,10:10:42.022,14.953,23.340,15.905,3.033,250.0,250.0,60.157,53.406,4.122,108.139,69.594,43.152,26.442,42.637,81.676,17.719,63.957,76.626,0.000,0.000,0.000,77.0,0.000,
12.11.2025,10:10:43.006,20.391,26.322,18.466,3.059,250.0,250.0,62.381,15.139,8.907,39.192,29.838,18.501,11.337,18.280,9.048,0.848,8.200,7.236,0.002,0.000,0.000,77.0,0.000,
12.11.2025,10:10:44.014,16.313,24.670,17.052,3.053,250.0,250.0,58.295,14.233,8.934,36.916,28.443,17.633,10.810,17.424,7.988,0.752,7.236,6.198,0.000,0.000,0.000,77.0,0.000,
12.11.2025,10:10:45.016,19.032,26.143,18.563,3.100,250.0,250.0,84.061,31.054,9.164,91.467,62.414,38.702,23.712,38.236,16.042,1.301,14.741,14.764,0.000,0.000,0.000,77.0,0.000,
12.11.2025,10:10:46.015,17.672,26.402,18.067,3.027,250.0,250.0,110.440,30.955,9.150,90.972,62.103,38.503,23.600,38.037,16.181,1.321,14.860,14.824,0.000,0.000,0.000,77.0,0.000,
12.11.2025,10:10:47.005,20.391,24.248,16.742,3.093,250.0,250.0,89.974,14.628,8.916,38.304,29.293,18.167,11.126,17.947,7.858,0.774,7.084,6.808,0.000,0.000,0.000,77.0,0.000,
12.11.2025,10:10:48.010,20.391,25.408,17.893,3.044,250.0,250.0,58.556,14.221,8.923,37.570,28.833,17.877,10.956,17.668,7.092,0.751,6.341,6.198,0.000,0.000,0.500,77.0,0.000,
12.11.2025,10:10:49.010,19.032,25.111,17.656,3.022,250.0,250.0,55.932,13.455,8.962,35.194,27.398,16.989,10.409,16.780,6.522,0.747,5.775,5.775,0.000,0.000,0.000,77.0,0.000,
12.11.2025,10:10:50.013,19.032,23.552,15.959,3.038,250.0,250.0,118.615,57.378,9.360,192.030,124.271,77.057,47.214,76.119,16.117,1.317,14.800,15.496,0.002,0.000,0.000,77.0,0.000,
12.11.2025,10:10:51.014,17.672,24.034,16.164,3.053,250.0,250.0,119.458,31.116,9.214,91.229,62.295,38.631,23.664,38.165,16.521,1.333,15.188,14.917,0.000,0.000,0.000,77.0,0.750,
12.11.2025,10:10:52.013,19.032,23.941,16.484,3.042,250.0,250.0,59.372,14.345,8.907,37.670,28.889,17.910,10.979,17.702,7.428,0.749,6.679,6.541,0.000,0.000,0.000,77.0,0.000,
12.11.2025,10:10:53.009,19.032,25.608,18.117,3.049,250.0,250.0,56.932,44.031,9.096,152.189,99.366,61.623,37.743,60.881,6.722,0.755,5.967,5.967,0.000,0.000,0.000,77.0,0.000,
12.11.2025,10:10:54.010,19.032,25.613,18.108,3.039,250.0,250.0,65.221,13.358,8.908,34.836,27.138,16.832,10.306,16.624,6.563,0.754,5.809,5.809,0.000,0.000,0.000,77.0,0.000,
12.11.2025,10:10:55.007,24.469,27.334,19.754,3.068,250.0,250.0,54.775,10.728,4.627,29.130,20.942,12.980,7.962,12.820,6.524,0.749,5.775,5.775,0.000,0.000,0.000,77.0,0.125,
12.11.2025,10:10:56.007,19.032,23.998,16.282,3.101,250.0,250.0,65.951,31.077,9.203,91.417,62.410,38.695,23.715,38.228,16.134,1.298,14.835,14.835,0.002,0.000,0.000,77.0,0.000,
12.11.2025,10:10:57.008,17.672,23.943,15.026,2.959,250.0,250.0,109.637,30.985,9.212,90.965,62.132,38.530,23.602,38.064,16.225,1.331,14.894,14.894,0.000,0.000,0.000,77.0,0.000,
12.11.2025,10:10:58.007,32.625,25.103,17.667,3.012,250.0,250.0,89.933,100.347,9.224,143.640,94.213,58.424,35.789,57.718,298.778,72.083,226.695,6.903,0.000,0.000,0.000,77.0,0.000,
12.11.2025,10:10:59.019,17.672,24.878,17.381,3.054,250.0,250.0,67.183,14.048,9.058,36.764,28.423,17.623,10.800,17.414,7.052,0.758,6.294,6.293,0.000,0.000,0.000,77.0,0.000,
12.11.2025,10:11:0.011,17.672,23.981,16.467,3.063,250.0,250.0,56.647,13.295,8.973,34.552,27.000,16.740,10.260,16.543,6.547,0.755,5.792,5.792,0.000,0.000,0.000,77.0,1.000,
12.11.2025,10:11:1.018,21.750,26.436,18.902,3.095,250.0,250.0,55.348,13.146,8.934,34.064,26.670,16.537,10.133,16.340,6.509,0.743,5.766,5.766,0.000,0.000,0.000,77.0,0.000,
12.11.2025,10:11:2.018,16.313,25.551,18.011,3.052,250.0,250.0,64.998,13.377,8.945,34.763,27.112,16.807,10.305,16.610,6.661,0.759,5.902,5.902,0.000,0.000,0.500,77.0,0.000,
12.11.2025,10:11:3.021,17.672,25.649,18.161,3.063,250.0,250.0,58.515,27.151,8.709,86.984,59.351,36.795,22.556,36.354,7.190,0.810,6.380,6.380,0.000,0.000,0.000,77.0,0.000,
12.11.2025,10:11:4.009,19.032,25.171,15.987,3.007,250.0,250.0,107.826,31.267,9.214,92.041,62.802,38.940,23.862,38.473,16.221,1.327,14.894,14.894,0.000,0.000,0.000,77.0,0.000,
12.11.2025,10:11:5.013,25.829,27.772,20.186,3.089,250.0,250.0,100.027,14.739,8.956,38.486,29.432,18.243,11.189,18.022,7.942,0.767,7.175,7.175,0.000,0.000,0.000,77.0,0.000,
12.11.2025,10:11:6.015,23.110,24.864,17.364,3.049,250.0,250.0,58.821,34.180,9.090,114.050,75.787,46.993,28.794,46.433,7.167,0.852,6.315,6.315,0.000,0.000,0.750,77.0,0.000,
12.11.2025,10:11:7.017,24.469,38.975,31.066,3.368,250.0,250.0,60.574,13.487,9.037,35.148,27.410,16.998,10.412,16.790,6.649,0.840,5.809,5.775,0.000,0.000,0.375,77.0,0.375,
12.11.2025,10:11:8.021,24.469,34.036,26.200,3.323,250.0,250.0,50.862,13.286,9.007,34.459,26.961,16.719,10.242,16.511,6.596,0.821,5.775,5.766,0.000,0.000,1.125,77.0,0.000,
12.11.2025,10:11:9.008,25.829,35.495,27.680,3.336,250.0,250.0,77.712,31.347,9.203,92.422,63.033,39.086,23.947,38.608,16.172,1.396,14.776,14.824,0.000,0.000,0.000,77.0,0.000,
12.11.2025,10:11:10.020,28.547,32.774,24.075,3.268,250.0,250.0,108.341,31.764,9.163,93.874,63.909,39.621,24.288,39.142,16.304,1.423,14.882,15.036,0.000,0.000,0.000,77.0,0.000,
12.11.2025,10:11:11.014,25.829,35.832,28.010,3.352,250.0,250.0,83.846,14.389,8.979,37.806,29.029,17.999,11.030,17.778,7.465,0.844,6.621,6.341,0.000,0.000,0.000,77.0,0.250,
12.11.2025,10:11:12.018,23.110,35.618,27.727,3.317,250.0,250.0,52.965,13.713,9.070,35.755,27.808,17.242,10.566,17.033,6.834,0.841,5.993,5.984,0.000,0.000,0.000,77.0,0.000,
12.11.2025,10:11:13.016,24.469,36.378,28.532,3.301,250.0,250.0,82.426,31.384,9.325,92.324,63.040,39.095,23.945,38.617,16.315,1.433,14.882,14.860,0.000,0.000,0.500,77.0,0.000,
12.11.2025,10:11:14.015,25.829,34.830,26.708,3.244,250.0,250.0,107.730,49.013,9.452,159.924,104.438,64.755,39.683,63.976,16.350,1.433,14.917,15.200,0.000,0.000,1.125,77.0,0.000,
12.11.2025,10:11:15.016,21.750,39.367,31.502,3.344,250.0,250.0,83.918,14.384,8.906,37.804,28.976,17.972,11.004,17.751,7.537,0.854,6.683,6.350,0.000,0.000,0.625,77.0,0.500,
12.11.2025,10:11:16.011,29.907,35.331,27.466,3.335,250.0,250.0,59.764,13.648,8.884,35.658,27.628,17.139,10.489,16.930,6.875,0.856,6.019,6.002,0.000,0.000,0.500,77.0,0.000,
12.11.2025,10:11:17.008,25.829,35.215,27.362,3.332,250.0,250.0,51.681,13.283,8.963,34.490,26.946,16.712,10.234,16.516,6.596,0.821,5.775,5.775,0.000,0.000,0.500,77.0,0.000,
12.11.2025,10:11:18.015,25.829,33.958,26.104,3.290,250.0,250.0,50.710,13.373,9.009,34.747,27.146,16.837,10.309,16.629,6.613,0.847,5.766,5.826,0.000,0.000,0.000,77.0,0.000,
12.11.2025,10:11:19.018,27.188,34.841,27.005,3.320,250.0,250.0,50.560,14.953,9.026,39.078,29.842,18.496,11.346,18.275,8.100,0.837,7.263,7.263,0.000,0.000,0.625,77.0,0.000,
12.11.2025,10:11:20.018,29.907,34.700,25.592,3.287,250.0,250.0,66.849,14.930,9.041,39.059,29.832,18.498,11.334,18.277,8.033,0.843,7.190,7.190,0.000,0.000,0.500,77.0,0.000,
12.11.2025,10:11:21.016,28.547,36.466,28.581,3.352,250.0,250.0,51.721,11.820,4.392,33.505,23.512,14.578,8.934,14.406,6.560,0.802,5.758,5.758,0.000,0.000,0.000,77.0,0.000,
12.11.2025,10:11:22.020,21.750,41.848,32.434,3.732,250.0,250.0,74.160,31.395,9.239,92.486,63.097,39.124,23.973,38.646,16.275,1.439,14.835,14.835,0.002,0.000,0.000,77.0,0.000,
12.11.2025,10:11:23.018,46.219,36.074,27.687,3.252,250.0,250.0,108.586,32.160,9.203,93.400,63.644,39.460,24.184,38.981,18.087,1.531,16.556,16.556,0.000,0.000,0.000,77.0,0.375,
12.11.2025,10:11:24.016,24.469,35.522,27.603,3.334,250.0,250.0,83.521,13.937,8.911,36.376,28.086,17.423,10.663,17.214,7.171,0.814,6.357,6.357,0.000,0.000,0.000,77.0,0.000,
12.11.2025,10:11:25.018,28.547,34.772,26.907,3.289,250.0,250.0,59.362,13.628,8.917,35.594,27.613,17.128,10.485,16.919,6.813,0.820,5.993,5.993,0.000,0.000,0.000,77.0,0.375,
12.11.2025,10:11:26.007,25.829,38.011,30.187,3.305,250.0,250.0,51.378,13.191,8.949,34.170,26.750,16.590,10.160,16.381,6.573,0.807,5.766,5.766,0.000,0.000,0.375,77.0,0.625,
12.11.2025,10:11:27.009,25.829,36.480,28.611,3.342,250.0,250.0,51.014,13.191,9.035,33.890,26.630,16.506,10.124,16.310,6.758,0.856,5.902,5.902,0.000,0.000,0.500,77.0,0.000,
12.11.2025,10:11:28.008,23.110,33.726,25.936,3.279,250.0,250.0,42.502,26.443,8.905,84.516,57.932,35.927,22.005,35.497,6.849,0.895,5.954,5.954,0.000,0.000,0.500,77.0,0.000,
12.11.2025,10:11:29.013,27.188,35.795,26.284,3.288,250.0,250.0,105.090,31.405,9.288,92.433,63.090,39.120,23.970,38.641,16.314,1.420,14.894,14.882,0.000,0.000,1.125,77.0,0.000,
12.11.2025,10:11:30.015,14.953,37.994,30.189,3.310,250.0,250.0,113.010,14.226,8.987,37.261,28.682,17.784,10.898,17.575,7.368,0.662,6.706,6.341,0.000,0.000,0.000,77.0,0.000,
12.11.2025,10:11:31.016,24.469,27.253,19.228,3.526,250.0,250.0,46.349,13.568,8.899,35.530,27.562,17.094,10.468,16.885,6.739,0.763,5.976,5.766,0.000,0.000,0.000,77.0,0.000,
12.11.2025,10:11:32.017,2.719,24.543,16.753,3.351,250.0,250.0,43.858,12.984,8.878,33.569,26.339,16.324,10.015,16.128,6.417,0.651,5.766,5.758,0.000,0.000,0.000,77.0,0.000,
12.11.2025,10:11:33.017,2.719,24.275,16.622,3.190,250.0,250.0,39.026,5.797,3.259,11.801,9.348,5.798,3.550,5.724,6.384,0.652,5.732,5.724,0.000,0.000,0.000,77.0,0.000,
12.11.2025,10:11:34.010,16.313,13.497,4.931,2.808,250.0,250.0,25.503,5.967,3.393,12.350,9.771,6.052,3.719,5.978,6.356,0.650,5.706,5.698,0.002,0.000,0.000,77.0,0.000,
12.11.2025,10:11:35.011,33.985,13.841,4.472,2.827,250.0,250.0,15.685,5.507,3.174,10.820,8.686,5.381,3.305,5.320,6.344,0.646,5.698,5.698,0.000,0.000,0.000,77.0,0.000,
12.11.2025,10:11:36.013,23.110,26.597,17.183,3.154,250.0,250.0,14.981,5.818,3.222,11.982,9.430,5.845,3.585,5.784,6.327,0.646,5.681,5.681,0.000,0.000,0.000,77.0,0.000,
12.11.2025,10:11:37.007,19.032,33.965,24.301,3.399,250.0,250.0,15.097,5.464,3.002,10.858,8.605,5.335,3.270,5.273,6.319,0.646,5.673,5.664,0.000,0.000,0.000,77.0,0.000,
12.11.2025,10:11:38.011,29.907,30.212,20.648,3.289,250.0,250.0,14.299,5.387,2.916,10.660,8.426,5.220,3.206,5.159,6.309,0.645,5.664,5.664,0.000,0.000,0.000,77.0,0.250,
12.11.2025,10:11:39.009,12.235,28.656,19.050,3.306,250.0,250.0,14.261,5.386,3.063,10.512,8.427,5.221,3.206,5.160,6.309,0.645,5.664,5.656,0.000,0.000,0.000,77.0,0.000,
12.11.2025,10:11:40.023,2.719,31.981,22.153,3.491,250.0,250.0,14.453,5.472,3.039,10.862,8.631,5.348,3.283,5.287,6.309,0.645,5.664,5.656,0.000,0.000,0.000,77.0,0.000,
12.11.2025,10:11:41.010,2.719,15.335,6.204,2.937,250.0,250.0,14.402,5.452,3.100,10.751,8.585,5.330,3.255,5.269,6.289,0.641,5.648,5.648,0.000,0.000,0.000,77.0,0.000,
12.11.2025,10:11:42.009,1.359,14.765,5.722,2.919,250.0,250.0,14.146,5.425,3.125,10.628,8.541,5.297,3.244,5.223,6.280,0.641,5.639,5.630,0.000,0.000,0.000,77.0,0.000,
12.11.2025,10:11:43.009,12.235,11.662,2.716,2.785,250.0,250.0,14.361,5.509,3.333,10.743,8.729,5.414,3.315,5.353,6.280,0.641,5.639,5.639,0.000,0.000,0.000,77.0,0.000,
12.11.2025,10:11:44.009,2.719,16.473,7.327,2.922,250.0,250.0,14.394,5.503,3.272,10.796,8.737,5.419,3.318,5.345,6.261,0.639,5.622,5.622,0.000,0.000,0.000,77.0,0.000,
12.11.2025,10:11:45.019,1.359,12.384,3.467,2.773,250.0,250.0,14.705,5.552,3.211,11.059,8.856,5.491,3.365,5.417,6.253,0.639,5.614,5.614,0.000,0.000,0.000,77.0,0.000,
12.11.2025,10:11:46.008,2.719,12.370,3.376,2.809,250.0,250.0,14.615,5.493,3.015,11.024,8.716,5.409,3.307,5.336,6.253,0.639,5.614,5.614,0.000,0.000,0.000,77.0,0.000,
12.11.2025,10:11:47.012,2.719,12.531,3.649,2.769,250.0,250.0,14.525,5.498,3.051,11.034,8.738,5.420,3.318,5.359,6.233,0.636,5.597,5.597,0.000,0.000,0.000,77.0,0.000,
12.11.2025,10:11:48.007,1.359,12.344,3.330,2.791,250.0,250.0,14.796,5.661,3.113,11.605,9.134,5.667,3.467,5.593,6.224,0.636,5.588,5.588,0.000,0.000,0.000,77.0,0.000,
12.11.2025,10:11:49.007,6.797,11.644,2.727,2.774,250.0,250.0,14.480,5.485,3.052,10.993,8.716,5.409,3.307,5.336,6.224,0.636,5.588,5.588,0.000,0.000,0.000,77.0,0.000,
12.11.2025,10:11:50.007,2.719,11.484,2.570,2.805,250.0,250.0,14.392,5.935,3.260,12.520,9.794,6.071,3.723,5.997,6.207,0.636,5.571,5.571,0.000,0.000,0.000,77.0,0.000,
12.11.2025,10:11:51.021,2.719,11.416,2.464,2.780,250.0,250.0,14.487,5.837,3.334,12.077,9.557,5.933,3.624,5.859,6.207,0.636,5.571,5.571,0.000,0.000,0.000,77.0,0.000,
12.11.2025,10:11:52.019,1.359,11.777,2.853,2.777,250.0,250.0,14.926,5.805,3.199,12.096,9.491,5.889,3.602,5.815,6.196,0.634,5.562,5.562,0.000,0.000,0.000,77.0,0.000,
12.11.2025,10:11:53.012,5.438,12.061,3.154,2.770,250.0,250.0,14.633,5.613,3.309,11.270,9.041,5.601,3.440,5.540,6.188,0.634,5.554,5.554,0.000,0.000,0.000,77.0,0.000,
12.11.2025,10:11:54.012,1.359,13.539,4.581,2.797,250.0,250.0,14.392,5.473,3.162,10.876,8.713,5.407,3.306,5.333,6.188,0.634,5.554,5.554,0.000,0.000,0.000,77.0,0.000,
12.11.2025,10:11:55.024,2.719,11.671,2.738,2.777,250.0,250.0,13.982,5.362,3.063,10.561,8.454,5.247,3.207,5.186,6.177,0.631,5.546,5.546,0.000,0.000,0.000,77.0,0.000,
12.11.2025,10:11:56.035,2.719,12.339,3.432,2.765,250.0,250.0,13.995,5.528,3.112,11.153,8.854,5.489,3.365,5.415,6.177,0.631,5.546,5.537,0.000,0.000,0.000,77.0,0.000,
12.11.2025,10:11:57.030,9.516,13.007,3.972,2.844,250.0,250.0,14.138,5.408,3.223,10.590,8.575,5.319,3.256,5.245,6.168,0.631,5.537,5.537,0.000,0.000,0.000,77.0,0.000,
12.11.2025,10:11:58.034,24.469,12.846,3.815,2.863,250.0,250.0,14.078,5.505,3.210,10.987,8.802,5.463,3.339,5.402,6.157,0.629,5.528,5.528,0.000,0.000,0.000,77.0,0.000,
12.11.2025,10:11:59.028,14.953,29.909,20.279,3.353,250.0,250.0,14.151,5.516,3.162,11.080,8.833,5.479,3.354,5.417,6.157,0.629,5.528,5.520,0.000,0.000,0.000,77.0,0.000,
12.11.2025,10:12:0.039,5.438,22.995,13.866,2.957,250.0,250.0,13.756,5.431,3.197,10.729,8.648,5.356,3.292,5.295,6.140,0.629,5.511,5.511,0.000,0.000,0.000,77.0,0.000,
12.11.2025,10:12:1.043,4.078,13.345,4.129,2.955,250.0,250.0,13.766,5.232,3.039,10.147,8.183,5.074,3.109,5.013,6.128,0.626,5.502,5.502,0.000,0.002,0.000,77.0,0.000,
12.11.2025,10:12:2.045,4.078,13.205,3.929,2.973,250.0,250.0,13.582,5.240,3.063,10.143,8.189,5.083,3.106,5.022,6.140,0.629,5.511,5.511,0.000,0.000,0.000,77.0,0.000,
12.11.2025,10:12:3.040,5.438,12.153,3.269,2.763,250.0,250.0,13.728,5.199,3.075,9.997,8.103,5.034,3.069,4.973,6.121,0.627,5.494,5.494,0.000,0.000,0.000,77.0,0.000,
12.11.2025,10:12:4.038,4.078,13.501,4.530,2.770,250.0,250.0,13.688,5.149,3.174,9.703,8.003,4.954,3.049,4.892,6.112,0.626,5.486,5.486,0.000,0.000,0.000,77.0,0.000,
12.11.2025,10:12:5.049,2.719,11.971,3.042,2.759,250.0,250.0,13.434,5.347,3.272,10.370,8.465,5.246,3.219,5.185,6.112,0.626,5.486,5.486,0.000,0.000,0.000,77.0,0.000,
12.11.2025,10:12:6.047,2.719,12.332,3.435,2.768,250.0,250.0,14.009,5.309,3.284,10.229,8.390,5.196,3.194,5.135,6.094,0.624,5.470,5.470,0.000,0.000,0.000,77.0,0.000,
12.11.2025,10:12:7.046,2.719,12.573,3.572,2.815,250.0,250.0,14.074,5.309,3.358,10.274,8.449,5.244,3.205,5.182,6.094,0.624,5.470,5.470,0.000,0.000,0.000,77.0,0.000,
12.11.2025,10:12:8.041,2.719,11.461,2.556,2.767,250.0,250.0,13.821,5.337,3.113,9.940,8.100,5.027,3.073,4.965,6.085,0.624,5.461,5.461,0.000,0.000,0.000,77.0,0.000,
12.11.2025,10:12:9.067,4.078,12.026,3.122,2.745,250.0,250.0,13.779,5.424,3.113,10.873,8.678,5.384,3.294,5.323,6.067,0.623,5.444,5.444,0.000,0.000,0.000,77.0,0.000,
12.11.2025,10:12:10.059,1.359,11.853,2.921,2.756,250.0,250.0,13.779,5.424,3.113,10.873,8.678,5.384,3.294,5.323,6.067,0.623,5.444,5.444,0.000,0.000,0.000,77.0,0.000,
12.11.2025,10:12:11.063,2.719,12.459,3.496,2.765,250.0,250.0,13.956,5.333,3.113,10.527,8.458,5.242,3.216,5.181,6.072,0.620,5.452,5.444,0.000,0.000,0.000,77.0,0.000,
12.11.2025,10:12:12.063,1.359,14.442,5.575,2.750,250.0,250.0,13.661,5.283,3.138,10.309,8.346,5.175,3.171,5.114,6.064,0.620,5.444,5.444,0.000,0.000,0.000,77.0,0.000,
12.11.2025,10:12:13.063,1.359,11.280,2.384,2.727,250.0,250.0,13.815,5.354,3.137,10.593,8.519,5.286,3.233,5.224,6.055,0.620,5.435,5.435,0.000,0.000,0.000,77.0,0.000,
12.11.2025,10:12:14.058,2.719,13.903,5.016,2.752,250.0,250.0,14.064,5.400,3.162,10.749,8.634,5.355,3.279,5.281,6.054,0.619,5.435,5.435,0.000,0.000,0.000,77.0,0.000,
12.11.2025,10:12:15.057,1.359,12.213,3.283,2.733,250.0,250.0,14.027,5.357,3.113,10.638,8.541,5.297,3.244,5.223,6.045,0.619,5.426,5.426,0.000,0.000,0.000,77.0,0.000,
12.11.2025,10:12:16.067,2.719,12.819,3.846,2.801,250.0,250.0,14.590,5.368,3.088,10.713,8.560,5.305,3.255,5.244,6.044,0.618,5.426,5.426,0.000,0.000,0.000,77.0,0.000,
12.11.2025,10:12:17.068,2.719,12.819,3.846,2.801,250.0,250.0,13.959,5.908,3.162,12.701,9.843,6.107,3.736,6.033,6.037,0.619,5.418,5.426,0.000,0.000,0.000,77.0,0.000,
12.11.2025,10:12:18.065,4.078,11.879,3.026,2.735,250.0,250.0,13.836,5.291,3.236,10.288,8.395,5.199,3.196,5.137,6.029,0.619,5.410,5.401,0.000,0.000,0.000,77.0,0.000,
12.11.2025,10:12:19.068,14.953,11.793,2.963,2.698,250.0,250.0,13.734,5.490,3.076,11.218,8.872,5.505,3.367,5.432,6.016,0.615,5.401,5.401,0.000,0.000,0.000,77.0,0.000,
12.11.2025,10:12:20.062,6.797,11.385,2.466,2.739,250.0,250.0,14.113,5.726,3.150,12.047,9.428,5.851,3.577,5.777,6.016,0.615,5.401,5.401,0.000,0.000,0.000,77.0,0.000,
12.11.2025,10:12:21.064,5.438,12.240,3.336,2.733,250.0,250.0,14.180,5.475,3.125,11.121,8.836,5.481,3.355,5.419,6.008,0.615,5.393,5.393,0.000,0.000,0.000,77.0,0.000,
12.11.2025,10:12:22.063,8.156,11.493,2.584,2.750,250.0,250.0,13.969,5.465,3.064,11.146,8.812,5.469,3.343,5.408,6.007,0.614,5.393,5.393,0.000,0.000,0.000,77.0,0.000,
12.11.2025,10:12:23.060,4.078,18.839,9.631,3.024,250.0,250.0,14.246,5.406,3.052,10.952,8.691,5.384,3.307,5.322,5.988,0.613,5.375,5.375,0.000,0.000,0.000,77.0,0.000,
12.11.2025,10:12:24.059,13.594,13.717,4.694,2.830,250.0,250.0,14.095,5.695,3.064,12.046,9.375,5.812,3.563,5.738,5.988,0.613,5.375,5.375,0.000,0.000,0.000,77.0,0.000,
12.11.2025,10:12:25.070,25.829,13.166,4.238,2.772,250.0,250.0,14.352,5.481,3.051,11.243,8.868,5.503,3.365,5.429,5.990,0.615,5.375,5.375,0.000,0.000,0.000,77.0,0.000,
12.11.2025,10:12:26.061,13.594,11.897,2.989,2.777,250.0,250.0,14.071,5.563,3.002,11.637,9.076,5.625,3.451,5.564,5.960,0.610,5.350,5.350,0.000,0.000,0.000,77.0,0.000,
12.11.2025,10:12:27.058,4.078,13.411,4.451,2.815,250.0,250.0,14.018,5.164,3.027,10.078,8.134,5.038,3.096,4.977,5.968,0.610,5.358,5.350,0.000,0.000,0.000,77.0,0.000,
12.11.2025,10:12:28.060,2.719,11.954,3.029,2.740,250.0,250.0,14.075,5.260,3.064,10.417,8.363,5.190,3.173,5.128,5.960,0.610,5.350,5.350,0.000,0.000,0.000,77.0,0.000,
12.11.2025,10:12:29.059,4.078,11.620,2.716,2.769,250.0,250.0,14.185,5.447,3.200,11.021,8.813,5.470,3.343,5.409,5.943,0.610,5.333,5.333,0.000,0.000,0.000,77.0,0.000,
12.11.2025,10:12:30.059,2.719,12.201,3.315,2.731,250.0,250.0,14.630,5.508,3.125,11.309,8.962,5.557,3.405,5.483,5.952,0.610,5.342,5.333,0.000,0.000,0.000,77.0,0.000,
12.11.2025,10:12:31.059,2.719,13.410,4.467,2.774,250.0,250.0,14.770,5.361,3.089,10.809,8.616,5.347,3.269,5.285,5.932,0.608,5.324,5.333,0.000,0.000,0.000,77.0,0.000,
12.11.2025,10:12:32.059,1.359,11.659,2.799,2.739,250.0,250.0,14.244,5.278,2.954,10.626,8.425,5.227,3.198,5.165,5.933,0.609,5.324,5.324,0.000,0.000,0.000,77.0,0.000,
12.11.2025,10:12:33.060,2.719,14.147,5.172,2.799,250.0,250.0,13.905,5.403,2.979,11.074,8.723,5.413,3.310,5.339,5.932,0.608,5.324,5.324,0.000,0.000,0.000,77.0,0.000,
12.11.2025,10:12:34.070,2.719,11.849,2.951,2.753,250.0,250.0,14.558,5.425,3.077,11.069,8.781,5.448,3.333,5.375,5.923,0.606,5.317,5.324,0.000,0.000,0.000,77.0,0.000,
12.11.2025,10:12:35.063,4.078,13.211,4.231,2.771,250.0,250.0,14.579,5.320,3.027,10.719,8.537,5.289,3.248,5.228,5.922,0.605,5.317,5.308,0.000,0.000,0.000,77.0,0.000,
12.11.2025,10:12:36.072,2.719,12.982,4.003,2.811,250.0,250.0,14.758,5.483,3.040,11.336,8.928,5.534,3.394,5.460,5.914,0.606,5.308,5.308,0.000,0.000,0.000,77.0,0.000,
12.11.2025,10:12:37.067,1.359,12.204,3.230,2.780,250.0,250.0,14.694,5.874,3.273,12.609,9.850,6.112,3.738,6.038,5.912,0.613,5.299,5.299,0.000,0.000,0.000,77.0,0.000,
12.11.2025,10:12:38.065,1.359,11.583,2.626,2.791,250.0,250.0,14.985,5.682,3.174,11.984,9.405,5.827,3.578,5.766,5.895,0.604,5.291,5.291,0.000,0.000,0.000,77.0,0.000,
12.11.2025,10:12:39.056,2.719,12.056,3.091,2.781,250.0,250.0,14.474,5.498,3.187,11.279,8.972,5.568,3.404,5.494,5.894,0.603,5.291,5.291,0.000,0.000,0.000,77.0,0.000,
12.11.2025,10:12:40.063,1.359,11.770,2.837,2.783,250.0,250.0,14.380,5.337,3.003,10.854,8.594,5.336,3.258,5.274,5.886,0.604,5.282,5.282,0.000,0.000,0.000,77.0,0.000,
12.11.2025,10:12:41.064,2.719,11.902,2.987,2.793,250.0,250.0,13.990,5.286,2.893,10.760,8.470,5.249,3.221,5.188,5.894,0.603,5.291,5.291,0.000,0.000,0.000,77.0,0.000,
12.11.2025,10:12:42.061,4.078,11.324,2.393,2.773,250.0,250.0,13.729,5.402,2.991,11.121,8.760,5.426,3.334,5.364,5.877,0.603,5.274,5.274,0.000,0.000,0.000,77.0,0.000,
12.11.2025,10:12:43.059,2.719,12.077,3.190,2.773,250.0,250.0,14.587,5.534,3.028,11.588,9.066,5.622,3.444,5.560,5.877,0.603,5.274,5.274,0.000,0.000,0.000,77.0,0.000,
12.11.2025,10:12:44.059,2.719,13.142,4.078,2.842,250.0,250.0,14.255,5.571,3.150,11.619,9.162,5.682,3.480,5.620,5.865,0.599,5.266,5.266,0.000,0.000,0.000,77.0,0.000,
12.11.2025,10:12:45.056,2.719,13.661,4.729,2.743,250.0,250.0,14.198,5.391,3.052,11.056,8.750,5.420,3.330,5.358,5.848,0.600,5.248,5.248,0.000,0.000,0.000,77.0,0.000,
12.11.2025,10:12:46.071,21.750,13.061,4.048,2.819,250.0,250.0,13.528,5.386,2.880,11.202,8.743,5.423,3.320,5.349,5.848,0.600,5.248,5.248,0.000,0.000,0.000,77.0,0.000,
12.11.2025,10:12:47.056,2.719,12.141,3.248,2.793,250.0,250.0,14.080,5.424,3.064,11.161,8.830,5.473,3.357,5.411,5.847,0.599,5.248,5.248,0.000,0.000,0.000,77.0,0.000,
12.11.2025,10:12:48.064,2.719,11.224,2.304,2.766,250.0,250.0,14.108,5.380,3.040,11.037,8.742,5.422,3.320,5.348,5.830,0.599,5.231,5.231,0.000,0.000,0.000,77.0,0.000,
12.11.2025,10:12:49.063,2.719,12.084,3.150,2.795,250.0,250.0,14.361,5.372,3.101,10.952,8.714,5.408,3.306,5.346,5.829,0.598,5.231,5.231,0.000,0.000,0.000,77.0,0.000,
12.11.2025,10:12:50.063,1.359,12.087,3.170,2.773,250.0,250.0,14.562,5.199,2.929,10.463,8.314,5.153,3.161,5.092,5.829,0.598,5.231,5.222,0.000,0.000,0.000,77.0,0.000,
12.11.2025,10:12:51.059,1.359,12.459,3.500,2.797,250.0,250.0,14.348,5.150,3.015,10.212,8.203,5.084,3.119,5.023,5.812,0.598,5.214,5.214,0.000,0.000,0.000,77.0,0.000,
12.11.2025,10:12:52.057,23.110,11.554,2.650,2.749,250.0,250.0,14.017,5.203,3.199,10.217,8.325,5.165,3.160,5.103,5.820,0.598,5.222,5.222,0.000,0.000,0.000,77.0,0.000,
12.11.2025,10:12:53.056,2.719,11.730,2.822,2.778,250.0,250.0,13.859,5.237,3.187,10.376,8.420,5.224,3.196,5.150,5.800,0.594,5.206,5.214,0.000,0.000,0.000,77.0,0.000,
12.11.2025,10:12:54.068,1.359,11.430,2.537,2.774,250.0,250.0,13.660,5.015,2.941,9.781,7.891,4.892,2.999,4.842,5.800,0.594,5.206,5.206,0.000,0.000,0.000,77.0,0.000,
12.11.2025,10:12:55.065,6.797,13.947,4.927,2.805,250.0,250.0,13.418,5.092,2.856,10.158,8.078,5.004,3.074,4.943,5.801,0.595,5.206,5.206,0.000,0.000,0.000,77.0,0.000,
12.11.2025,10:12:56.065,2.719,12.716,3.676,2.842,250.0,250.0,13.586,5.183,2.794,10.572,8.300,5.140,3.160,5.079,5.792,0.594,5.198,5.198,0.000,0.000,0.000,77.0,0.000,
12.11.2025,10:12:57.060,2.719,12.286,3.359,2.803,250.0,250.0,13.558,5.420,2.855,11.415,8.863,5.495,3.368,5.421,5.793,0.595,5.198,5.198,0.000,0.000,0.000,77.0,0.000,
12.11.2025,10:12:58.058,12.235,12.028,3.124,2.756,250.0,250.0,14.116,5.363,3.052,11.024,8.732,5.416,3.316,5.343,5.781,0.592,5.189,5.189,0.000,0.000,0.000,77.0,0.000,
12.11.2025,10:12:59.056,8.156,12.971,3.984,2.825,250.0,250.0,14.118,5.271,2.929,10.796,8.523,5.289,3.234,5.215,5.773,0.593,5.180,5.180,0.000,0.000,0.000,77.0,0.000,
12.11.2025,10:13:0.062,2.719,11.880,2.923,2.794,250.0,250.0,14.059,5.189,2.991,10.416,8.323,5.163,3.160,5.089,5.781,0.592,5.189,5.189,0.000,0.000,0.000,77.0,0.000,
12.11.2025,10:13:1.058,16.313,14.397,5.403,2.817,250.0,250.0,13.712,5.516,2.954,11.721,9.100,5.644,3.456,5.583,5.765,0.593,5.172,5.172,0.000,0.000,0.000,77.0,0.000,
12.11.2025,10:13:2.055,2.719,11.641,2.676,2.779,250.0,250.0,13.776,5.396,2.954,11.274,8.829,5.472,3.357,5.411,5.752,0.589,5.163,5.163,0.000,0.000,0.000,77.0,0.000,
12.11.2025,10:13:3.064,2.719,12.078,3.220,2.776,250.0,250.0,13.835,5.300,2.672,11.193,8.597,5.338,3.259,5.277,5.752,0.589,5.163,5.163,0.000,0.000,0.000,77.0,0.000,
12.11.2025,10:13:4.057,21.750,11.662,2.755,2.764,250.0,250.0,13.754,5.157,2.819,10.513,8.276,5.128,3.148,5.067,5.735,0.589,5.146,5.146,0.000,0.000,0.000,77.0,0.000,
12.11.2025,10:13:5.057,4.078,13.844,4.853,2.793,250.0,250.0,13.639,5.124,2.905,10.306,8.199,5.077,3.122,5.015,5.736,0.590,5.146,5.146,0.000,0.000,0.000,77.0,0.000,
12.11.2025,10:13:6.069,2.719,12.280,3.321,2.777,250.0,250.0,13.851,5.167,2.930,10.443,8.300,5.140,3.160,5.079,5.736,0.590,5.146,5.146,0.000,0.000,0.000,77.0,0.000,
12.11.2025,10:13:7.068,2.719,12.961,4.007,2.849,250.0,250.0,14.242,5.244,3.003,10.668,8.487,5.264,3.223,5.203,5.724,0.586,5.138,5.138,0.000,0.000,0.000,77.0,0.000,
12.11.2025,10:13:8.063,2.719,11.711,2.777,2.788,250.0,250.0,14.194,5.446,2.966,11.480,8.955,5.552,3.403,5.491,5.735,0.589,5.146,5.138,0.000,0.000,0.000,77.0,0.000,
12.11.2025,10:13:9.067,2.719,11.671,2.685,2.772,250.0,250.0,13.756,5.086,2.807,10.280,8.115,5.041,3.074,4.980,5.716,0.586,5.130,5.130,0.000,0.000,0.000,77.0,0.000,
12.11.2025,10:13:10.069,6.797,11.919,3.017,2.794,250.0,250.0,13.682,5.034,2.758,10.132,8.001,4.953,3.048,4.892,5.716,0.586,5.130,5.121,0.000,0.000,0.000,77.0,0.000,
12.11.2025,10:13:11.065,1.359,11.942,2.962,2.791,250.0,250.0,13.869,5.028,2.844,10.011,7.988,4.948,3.040,4.886,5.716,0.586,5.130,5.130,0.000,0.000,0.000,77.0,0.000,
12.11.2025,10:13:12.065,1.359,11.865,2.916,2.776,250.0,250.0,13.848,4.860,3.003,9.241,7.594,4.706,2.888,4.657,5.698,0.585,5.113,5.113,0.000,0.000,0.000,77.0,0.000,
12.11.2025,10:13:13.062,5.438,12.120,3.252,2.770,250.0,250.0,13.444,5.119,3.002,10.224,8.213,5.090,3.123,5.029,5.697,0.584,5.113,5.113,0.001,0.000,0.000,77.0,0.000,
12.11.2025,10:13:14.061,2.719,13.991,4.974,2.805,250.0,250.0,13.623,5.237,3.150,10.539,8.498,5.264,3.234,5.202,5.688,0.584,5.104,5.104,0.000,0.000,0.000,77.0,0.000,
12.11.2025,10:13:15.059,2.719,11.643,2.742,2.759,250.0,250.0,13.739,5.098,3.064,10.115,8.170,5.074,3.096,5.013,5.676,0.581,5.095,5.095,0.000,0.000,0.000,77.0,0.000,
12.11.2025,10:13:16.072,13.594,12.831,3.812,2.808,250.0,250.0,13.802,4.972,3.064,9.636,7.874,4.889,2.985,4.828,5.676,0.581,5.095,5.095,0.000,0.000,0.000,77.0,0.000,
12.11.2025,10:13:17.065,1.359,21.026,11.807,3.055,250.0,250.0,13.700,4.861,2.868,9.405,7.610,4.721,2.889,4.671,5.677,0.582,5.095,5.095,0.000,0.000,0.000,77.0,0.000,
12.11.2025,10:13:18.061,2.719,13.493,4.493,2.831,250.0,250.0,12.999,5.202,2.880,10.685,8.427,5.228,3.199,5.154,5.677,0.582,5.095,5.095,0.000,0.000,0.000,77.0,0.000,
12.11.2025,10:13:19.059,2.719,12.336,3.336,2.798,250.0,250.0,13.852,5.101,3.040,10.145,8.180,5.080,3.100,5.019,5.677,0.582,5.095,5.095,0.000,0.000,0.000,77.0,0.000,
12.11.2025,10:13:20.056,2.719,11.704,2.760,2.791,250.0,250.0,13.690,4.950,2.904,9.722,7.832,4.856,2.976,4.807,5.660,0.582,5.078,5.078,0.000,0.000,0.000,77.0,0.000,
12.11.2025,10:13:21.068,1.359,12.037,3.093,2.801,250.0,250.0,13.483,4.947,2.892,9.724,7.831,4.856,2.975,4.795,5.658,0.580,5.078,5.078,0.000,0.000,0.000,77.0,0.000,
12.11.2025,10:13:22.068,2.719,12.039,3.112,2.809,250.0,250.0,13.495,5.054,2.941,10.087,8.086,5.014,3.072,4.952,5.657,0.579,5.078,5.078,0.000,0.000,0.000,77.0,0.000,
12.11.2025,10:13:23.059,2.719,15.676,6.496,2.985,250.0,250.0,13.299,5.182,3.015,10.519,8.390,5.208,3.182,5.147,5.642,0.580,5.062,5.070,0.000,0.000,0.000,77.0,0.000,
12.11.2025,10:13:24.059,2.719,17.475,8.296,2.980,250.0,250.0,12.966,5.203,3.125,10.492,8.449,5.231,3.218,5.170,5.642,0.580,5.062,5.062,0.000,0.000,0.000,77.0,0.000,
12.11.2025,10:13:25.056,2.719,11.990,3.032,2.790,250.0,250.0,13.205,4.954,2.880,9.783,7.856,4.868,2.988,4.819,5.641,0.579,5.062,5.062,0.000,0.000,0.000,77.0,0.000,
12.11.2025,10:13:26.053,13.594,13.681,4.695,2.842,250.0,250.0,12.212,4.938,2.868,9.758,7.829,4.855,2.974,4.806,5.622,0.577,5.045,5.045,0.000,0.000,0.000,77.0,0.000,
12.11.2025,10:13:27.068,1.359,13.683,4.737,2.758,250.0,250.0,13.062,5.060,2.868,10.206,8.118,5.031,3.087,4.969,5.632,0.579,5.053,5.053,0.000,0.000,0.000,77.0,0.000,
12.11.2025,10:13:28.066,1.359,14.143,5.223,2.740,250.0,250.0,13.045,5.089,2.954,10.248,8.192,5.080,3.112,5.019,5.621,0.576,5.045,5.045,0.000,0.000,0.000,77.0,0.000,
12.11.2025,10:13:29.063,2.719,12.088,3.158,2.780,250.0,250.0,13.304,5.278,3.040,10.896,8.643,5.360,3.283,5.299,5.612,0.576,5.036,5.036,0.000,0.000,0.000,77.0,0.000,
12.11.2025,10:13:30.063,4.078,12.244,3.317,2.779,250.0,250.0,13.672,5.281,2.966,10.983,8.654,5.360,3.294,5.298,5.612,0.576,5.036,5.036,0.000,0.000,0.000,77.0,0.000,
12.11.2025,10:13:31.067,2.719,11.744,2.834,2.758,250.0,250.0,13.680,5.221,2.905,10.821,8.520,5.287,3.233,5.213,5.604,0.577,5.027,5.027,0.000,0.000,0.000,77.0,0.000,
12.11.2025,10:13:32.062,10.875,11.840,2.946,2.765,250.0,250.0,13.801,5.086,2.880,10.330,8.201,5.078,3.123,5.016,5.603,0.576,5.027,5.027,0.000,0.000,0.000,77.0,0.000,
12.11.2025,10:13:33.068,2.719,11.923,3.005,2.755,250.0,250.0,13.392,4.795,2.892,9.216,7.512,4.659,2.853,4.610,5.593,0.574,5.019,5.019,0.000,0.000,0.000,77.0,0.000,
12.11.2025,10:13:34.062,2.719,13.561,4.646,2.780,250.0,250.0,12.797,4.855,2.941,9.426,7.663,4.752,2.911,4.703,5.575,0.573,5.002,5.002,0.000,0.000,0.000,77.0,0.000,
12.11.2025,10:13:35.056,2.719,11.791,2.916,2.752,250.0,250.0,12.774,4.895,2.990,9.512,7.757,4.806,2.951,4.757,5.584,0.574,5.010,5.010,0.000,0.000,0.000,77.0,0.000,
12.11.2025,10:13:36.060,1.359,13.038,4.078,2.761,250.0,250.0,13.358,5.025,3.101,9.918,8.067,5.010,3.057,4.949,5.575,0.573,5.002,5.002,0.000,0.000,0.000,77.0,0.000,
12.11.2025,10:13:37.060,2.719,13.249,4.259,2.814,250.0,250.0,13.770,5.008,3.162,9.795,8.033,4.987,3.046,4.926,5.568,0.574,4.994,4.994,0.000,0.000,0.000,77.0,0.000,
12.11.2025,10:13:38.058,2.719,12.312,3.413,2.762,250.0,250.0,13.562,4.962,3.223,9.546,7.922,4.913,3.009,4.851,5.576,0.574,5.002,5.002,0.000,0.000,0.000,77.0,0.000,
12.11.2025,10:13:39.058,2.719,12.085,3.188,2.754,250.0,250.0,13.729,4.913,3.089,9.501,7.815,4.841,2.974,4.780,5.566,0.572,4.994,4.994,0.000,0.000,0.000,77.0,0.000,
12.11.2025,10:13:40.055,2.719,11.878,2.944,2.786,250.0,250.0,12.803,4.913,2.818,9.793,7.828,4.854,2.974,4.793,5.556,0.571,4.985,4.985,0.000,0.000,0.000,77.0,0.000,
12.11.2025,10:13:41.055,2.719,12.575,3.603,2.788,250.0,250.0,12.694,4.916,2.819,9.592,7.699,4.772,2.927,4.723,5.556,0.571,4.985,4.985,0.000,0.000,0.000,77.0,0.000,
12.11.2025,10:13:42.056,2.719,11.757,2.834,2.780,250.0,250.0,12.694,4.863,2.819,9.592,7.699,4.772,2.927,4.723,5.556,0.571,4.985,4.985,0.000,0.000,0.000,77.0,0.000,
12.11.2025,10:13:43.066,2.719,14.273,5.246,2.834,250.0,250.0,12.667,5.018,2.880,10.130,8.081,5.006,3.075,4.945,5.545,0.568,4.977,4.977,0.000,0.000,0.000,77.0,0.000,
12.11.2025,10:13:44.066,2.719,12.167,3.242,2.770,250.0,250.0,13.021,4.977,2.868,9.981,7.983,4.945,3.038,4.884,5.545,0.568,4.977,4.977,0.000,0.000,0.000,77.0,0.000,
12.11.2025,10:13:45.067,2.719,12.167,3.242,2.770,250.0,250.0,12.871,4.855,2.929,9.459,7.696,4.770,2.926,4.708,5.545,0.568,4.977,4.977,0.000,0.000,0.000,77.0,0.000,
12.11.2025,10:13:46.062,4.078,13.145,4.213,2.820,250.0,250.0,12.887,4.997,2.892,10.049,8.039,4.978,3.061,4.917,5.538,0.569,4.969,4.960,0.000,0.000,0.000,77.0,0.000,
12.11.2025,10:13:47.063,14.953,11.549,2.625,2.768,250.0,250.0,13.347,5.158,3.015,10.542,8.418,5.223,3.195,5.149,5.538,0.569,4.969,4.960,0.000,0.000,0.000,77.0,0.000,
12.11.2025,10:13:48.058,2.719,12.166,3.265,2.734,250.0,250.0,13.200,5.132,3.028,10.439,8.362,5.177,3.185,5.115,5.528,0.568,4.960,4.960,0.000,0.000,0.000,77.0,0.000,
12.11.2025,10:13:49.056,2.719,11.732,2.832,2.738,250.0,250.0,13.601,5.233,2.844,11.016,8.593,5.335,3.258,5.274,5.529,0.569,4.960,4.951,0.000,0.000,0.000,77.0,0.000,
12.11.2025,10:13:50.055,4.078,11.861,2.980,2.773,250.0,250.0,13.336,5.225,3.003,10.834,8.581,5.323,3.258,5.261,5.517,0.566,4.951,4.960,0.000,0.000,0.000,77.0,0.000,
12.11.2025,10:13:51.057,2.719,11.773,2.815,2.760,250.0,250.0,13.316,5.197,2.917,10.815,8.517,5.285,3.232,5.223,5.517,0.566,4.951,4.951,0.000,0.000,0.000,77.0,0.000,
12.11.2025,10:13:52.070,1.359,11.773,2.815,2.760,250.0,250.0,13.024,5.183,3.015,10.668,8.491,5.259,3.232,5.198,5.510,0.567,4.943,4.943,0.000,0.000,0.000,77.0,0.000,
12.11.2025,10:13:53.060,2.719,11.780,2.922,2.764,250.0,250.0,13.027,4.950,2.966,9.835,7.936,4.926,3.010,4.865,5.509,0.566,4.943,4.943,0.000,0.000,0.000,77.0,0.000,
12.11.2025,10:13:54.065,2.719,11.354,2.431,2.753,250.0,250.0,12.974,4.860,2.881,9.597,7.736,4.797,2.939,4.748,5.489,0.563,4.926,4.926,0.000,0.000,0.000,77.0,0.000,
12.11.2025,10:13:55.061,2.719,13.982,4.994,2.813,250.0,250.0,12.527,4.951,2.881,9.940,7.958,4.932,3.026,4.870,5.490,0.564,4.926,4.926,0.000,0.000,0.000,77.0,0.000,
12.11.2025,10:13:56.055,5.438,12.292,3.338,2.813,250.0,250.0,12.629,4.916,2.904,9.785,7.876,4.878,2.998,4.817,5.489,0.563,4.926,4.926,0.000,0.000,0.000,77.0,0.000,
12.11.2025,10:13:57.057,2.719,12.421,3.473,2.788,250.0,250.0,12.744,5.066,3.003,10.266,8.235,5.101,3.134,5.039,5.481,0.563,4.918,4.918,0.000,0.000,0.000,77.0,0.000,
12.11.2025,10:13:58.068,2.719,11.931,2.898,2.831,250.0,250.0,12.794,5.017,2.978,10.107,8.114,5.040,3.074,4.979,5.481,0.563,4.918,4.918,0.000,0.000,0.000,77.0,0.000,
12.11.2025,10:13:59.062,10.875,12.437,3.522,2.812,250.0,250.0,12.741,4.796,2.929,9.323,7.599,4.710,2.889,4.661,5.472,0.563,4.909,4.909,0.000,0.000,0.000,77.0,0.000,
12.11.2025,10:14:0.065,2.719,11.808,2.849,2.797,250.0,250.0,12.676,5.012,3.211,9.856,8.115,5.029,3.086,4.967,5.472,0.563,4.909,4.909,0.000,0.000,0.000,77.0,0.000,
12.11.2025,10:14:1.062,2.719,12.929,3.942,2.834,250.0,250.0,12.944,4.866,3.187,9.331,7.768,4.818,2.950,4.757,5.472,0.563,4.909,4.909,0.000,0.000,0.000,77.0,0.000,
12.11.2025,10:14:2.059,2.719,11.853,2.834,2.809,250.0,250.0,13.197,4.871,3.150,9.406,7.793,4.831,2.962,4.769,5.451,0.559,4.892,4.900,0.000,0.000,0.000,77.0,0.000,
12.11.2025,10:14:3.056,2.719,12.196,3.237,2.807,250.0,250.0,12.896,4.841,3.016,9.435,7.719,4.794,2.925,4.732,5.451,0.559,4.892,4.892,0.000,0.000,0.000,77.0,0.000,
12.11.2025,10:14:4.071,4.078,11.671,2.730,2.792,250.0,250.0,12.839,4.751,3.028,9.073,7.509,4.658,2.851,4.597,5.451,0.559,4.892,4.892,0.000,0.000,0.000,77.0,0.000,
12.11.2025,10:14:5.063,14.953,13.263,4.292,2.819,250.0,250.0,12.687,4.883,3.039,9.573,7.831,4.856,2.975,4.794,5.442,0.559,4.883,4.874,0.000,0.000,0.000,77.0,0.000,
12.11.2025,10:14:6.060,2.719,12.792,3.789,2.851,250.0,250.0,13.032,4.943,3.015,9.830,7.975,4.940,3.035,4.878,5.443,0.560,4.883,4.874,0.000,0.000,0.000,77.0,0.000,
12.11.2025,10:14:7.060,2.719,11.916,2.921,2.816,250.0,250.0,12.917,4.923,3.089,9.689,7.929,4.917,3.012,4.855,5.433,0.559,4.874,4.874,0.000,0.000,0.000,77.0,0.000,
12.11.2025,10:14:8.059,2.719,11.975,3.070,2.777,250.0,250.0,13.091,4.970,3.052,9.912,8.043,4.993,3.050,4.932,5.424,0.558,4.866,4.866,0.000,0.000,0.000,77.0,0.000,
12.11.2025,10:14:9.064,2.719,11.594,2.668,2.774,250.0,250.0,12.821,4.965,3.163,9.778,8.028,4.979,3.049,4.917,5.432,0.558,4.874,4.874,0.000,0.000,0.000,77.0,0.000,
12.11.2025,10:14:10.067,2.719,12.023,3.087,2.785,250.0,250.0,13.052,4.956,3.052,9.862,8.013,4.965,3.048,4.904,5.424,0.558,4.866,4.866,0.000,0.000,0.000,77.0,0.000,
12.11.2025,10:14:11.067,5.438,11.494,2.544,2.782,250.0,250.0,12.894,4.956,3.126,9.788,8.015,4.966,3.049,4.905,5.424,0.558,4.866,4.866,0.000,0.000,0.000,77.0,0.000,
12.11.2025,10:14:12.063,4.078,11.536,2.601,2.786,250.0,250.0,12.951,4.745,2.929,9.172,7.514,4.661,2.853,4.600,5.425,0.559,4.866,4.866,0.000,0.000,0.000,77.0,0.000,
12.11.2025,10:14:13.068,24.469,11.986,3.067,2.797,250.0,250.0,12.791,5.072,2.893,10.492,8.297,5.150,3.147,5.089,5.403,0.554,4.849,4.849,0.000,0.000,0.000,77.0,0.000,
12.11.2025,10:14:14.062,19.032,14.484,5.519,2.815,250.0,250.0,12.838,4.777,3.052,9.200,7.598,4.709,2.889,4.660,5.404,0.555,4.849,4.849,0.000,0.000,0.000,77.0,0.000,
12.11.2025,10:14:15.060,17.672,13.817,4.763,2.862,250.0,250.0,12.821,4.749,3.126,9.015,7.543,4.676,2.867,4.614,5.403,0.554,4.849,4.849,0.000,0.000,0.000,77.0,0.000,
12.11.2025,10:14:16.058,14.953,13.257,4.288,2.808,250.0,250.0,12.749,4.780,3.138,9.128,7.611,4.722,2.889,4.660,5.403,0.554,4.849,4.849,0.000,0.000,0.000,77.0,0.000,
12.11.2025,10:14:17.057,14.953,12.033,3.079,2.771,250.0,250.0,12.493,4.813,2.991,9.397,7.688,4.773,2.915,4.712,5.404,0.555,4.849,4.849,0.000,0.000,0.000,77.0,0.000,
12.11.2025,10:14:18.055,16.313,11.660,2.787,2.757,250.0,250.0,12.321,4.862,2.942,9.641,7.809,4.845,2.964,4.783,5.396,0.555,4.841,4.841,0.000,0.000,0.000,77.0,0.000,
12.11.2025,10:14:19.055,19.032,11.923,2.972,2.746,250.0,250.0,12.093,5.006,3.076,10.068,8.162,5.052,3.110,4.990,5.387,0.555,4.832,4.832,0.000,0.000,0.000,77.0,0.000,
12.11.2025,10:14:20.055,17.672,12.442,3.553,2.746,250.0,250.0,12.444,5.097,3.040,10.450,8.372,5.188,3.184,5.126,5.387,0.555,4.832,4.832,0.000,0.000,0.000,77.0,0.000,
12.11.2025,10:14:21.055,16.313,11.771,2.858,2.768,250.0,250.0,13.074,5.008,3.260,9.905,8.169,5.061,3.108,5.000,5.375,0.552,4.823,4.823,0.000,0.000,0.000,77.0,0.000,
12.11.2025,10:14:22.059,10.875,12.414,3.530,2.763,250.0,250.0,12.910,5.274,3.064,11.113,8.803,5.459,3.344,5.385,5.376,0.553,4.823,4.823,0.000,0.000,0.000,77.0,0.000,
12.11.2025,10:14:23.061,25.829,13.451,4.466,2.828,250.0,250.0,13.007,4.877,3.260,9.409,7.857,4.874,2.983,4.813,5.376,0.553,4.823,4.823,0.000,0.000,0.000,77.0,0.000,
12.11.2025,10:14:24.065,16.313,20.505,11.151,3.114,250.0,250.0,12.729,4.895,3.162,9.586,7.909,4.900,3.009,4.838,5.368,0.553,4.815,4.807,0.000,0.000,0.000,77.0,0.000,
12.11.2025,10:14:25.062,14.953,12.732,3.877,2.729,250.0,250.0,13.212,4.926,3.162,9.699,7.980,4.955,3.025,4.894,5.368,0.553,4.815,4.807,0.000,0.000,0.000,77.0,0.000,
12.11.2025,10:14:26.071,12.235,13.094,4.143,2.776,250.0,250.0,12.908,4.711,2.868,9.190,7.474,4.635,2.839,4.586,5.357,0.550,4.807,4.807,0.000,0.000,0.000,77.0,0.000,
12.11.2025,10:14:27.055,21.750,11.911,2.977,2.750,250.0,250.0,12.910,4.987,2.942,10.182,8.137,5.052,3.085,4.991,5.347,0.549,4.798,4.790,0.000,0.000,0.000,77.0,0.000,
12.11.2025,10:14:28.057,17.672,12.128,3.217,2.762,250.0,250.0,12.942,5.121,3.101,10.526,8.458,5.237,3.221,5.176,5.347,0.549,4.798,4.798,0.001,0.000,0.000,77.0,0.000,
12.11.2025,10:14:29.071,20.391,12.274,3.456,2.726,250.0,250.0,13.138,4.995,3.089,10.059,8.170,5.057,3.113,4.995,5.340,0.550,4.790,4.790,0.000,0.000,0.000,77.0,0.000,
12.11.2025,10:14:30.066,17.672,11.940,3.007,2.760,250.0,250.0,13.038,5.112,3.028,10.590,8.443,5.235,3.208,5.174,5.331,0.549,4.782,4.782,0.000,0.000,0.000,77.0,0.000,
12.11.2025,10:14:31.070,13.594,11.844,2.976,2.728,250.0,250.0,13.413,5.425,3.077,11.729,9.185,5.693,3.492,5.631,5.332,0.550,4.782,4.782,0.000,0.000,0.000,77.0,0.000,
12.11.2025,10:14:32.080,16.313,12.347,3.412,2.740,250.0,250.0,13.015,5.032,3.163,10.146,8.263,5.115,3.148,5.054,5.329,0.547,4.782,4.773,0.000,0.000,0.000,77.0,0.000,
12.11.2025,10:14:33.077,21.750,11.881,2.971,2.731,250.0,250.0,13.023,5.257,3.089,11.080,8.789,5.445,3.344,5.384,5.332,0.550,4.782,4.773,0.000,0.000,0.000,77.0,0.000,
12.11.2025,10:14:34.075,16.313,13.968,5.054,2.793,250.0,250.0,12.985,4.947,2.991,10.006,8.060,5.001,3.059,4.940,5.322,0.549,4.773,4.773,0.000,0.000,0.000,77.0,0.000,
12.11.2025,10:14:35.079,17.672,13.833,4.808,2.817,250.0,250.0,13.053,5.034,2.892,10.438,8.279,5.130,3.149,5.068,5.312,0.547,4.765,4.765,0.000,0.000,0.000,77.0,0.000,
12.11.2025,10:14:36.092,17.672,12.174,3.225,2.775,250.0,250.0,12.608,4.930,2.880,10.048,8.020,4.982,3.038,4.920,5.320,0.547,4.773,4.773,0.000,0.000,0.000,77.0,0.000,
12.11.2025,10:14:37.103,14.953,11.640,2.726,2.734,250.0,250.0,12.658,4.985,2.990,10.165,8.163,5.065,3.098,5.003,5.304,0.548,4.756,4.756,0.000,0.000,0.000,77.0,0.000,
12.11.2025,10:14:38.107,17.672,11.896,3.092,2.724,250.0,250.0,13.002,5.233,3.052,11.051,8.754,5.422,3.332,5.361,5.300,0.544,4.756,4.756,0.000,0.000,0.000,77.0,0.000,
12.11.2025,10:14:39.103,16.313,11.651,2.699,2.750,250.0,250.0,13.227,5.243,3.101,11.040,8.780,5.447,3.333,5.373,5.300,0.544,4.756,4.756,0.000,0.000,0.000,77.0,0.000,
12.11.2025,10:14:40.117,19.032,12.217,3.286,2.802,250.0,250.0,13.252,5.107,3.089,10.553,8.457,5.249,3.208,5.187,5.291,0.544,4.747,4.747,0.000,0.000,0.000,77.0,0.000,
12.11.2025,10:14:41.133,21.750,11.253,2.367,2.769,250.0,250.0,12.946,4.860,2.880,9.816,7.878,4.879,2.999,4.818,5.292,0.545,4.747,4.747,0.000,0.000,0.000,77.0,0.000,
12.11.2025,10:14:42.153,27.188,14.458,5.580,2.712,250.0,250.0,12.992,4.712,2.905,9.221,7.526,4.673,2.853,4.612,5.292,0.545,4.747,4.747,0.000,0.000,0.000,77.0,0.000,
12.11.2025,10:14:43.147,2.719,13.525,4.604,2.742,250.0,250.0,13.279,4.948,3.052,9.987,8.091,5.017,3.074,4.956,5.281,0.542,4.739,4.739,0.000,0.000,0.000,77.0,0.000,
12.11.2025,10:14:44.167,5.438,14.123,5.112,2.787,250.0,250.0,13.368,4.768,2.942,9.407,7.668,4.751,2.917,4.689,5.282,0.543,4.739,4.739,0.000,0.000,0.000,77.0,0.000,
12.11.2025,10:14:45.163,5.438,12.280,3.340,2.778,250.0,250.0,13.042,4.969,3.113,9.999,8.146,5.045,3.101,4.983,5.282,0.543,4.739,4.739,0.000,0.000,0.000,77.0,0.000,
12.11.2025,10:14:46.176,8.156,13.268,4.291,2.803,250.0,250.0,13.209,4.847,3.101,9.560,7.861,4.872,2.989,4.810,5.273,0.543,4.730,4.730,0.000,0.000,0.000,77.0,0.000,
12.11.2025,10:14:47.174,2.719,11.856,2.924,2.768,250.0,250.0,13.023,4.986,3.224,9.963,8.180,5.080,3.100,5.018,5.281,0.542,4.739,4.730,0.000,0.000,0.000,77.0,0.000,
12.11.2025,10:14:48.176,6.797,11.356,2.481,2.751,250.0,250.0,12.924,4.901,2.930,9.952,7.994,4.956,3.038,4.894,5.264,0.542,4.722,4.722,0.000,0.000,0.000,77.0,0.000,
12.11.2025,10:14:49.194,4.078,12.196,3.302,2.783,250.0,250.0,12.761,4.947,3.015,10.050,8.100,5.027,3.073,4.965,5.264,0.542,4.722,4.714,0.000,0.000,0.000,77.0,0.000,
12.11.2025,10:14:50.182,9.516,11.670,2.698,2.781,250.0,250.0,12.831,4.907,2.856,10.052,8.005,4.968,3.037,4.906,5.264,0.542,4.722,4.722,0.000,0.000,0.000,77.0,0.000,
12.11.2025,10:14:51.185,8.156,12.515,3.593,2.772,250.0,250.0,13.445,4.875,2.893,9.896,7.937,4.922,3.015,4.861,5.253,0.539,4.714,4.714,0.000,0.000,0.000,77.0,0.000,
12.11.2025,10:14:52.190,19.032,11.901,3.009,2.765,250.0,250.0,12.954,4.880,3.065,9.746,7.946,4.932,3.014,4.871,5.254,0.540,4.714,4.714,0.000,0.000,0.000,77.0,0.000,
12.11.2025,10:14:53.187,4.078,13.691,4.635,2.858,250.0,250.0,12.864,4.784,3.101,9.336,7.727,4.786,2.941,4.724,5.253,0.539,4.714,4.714,0.000,0.000,0.000,77.0,0.000,
12.11.2025,10:14:54.183,5.438,11.719,2.780,2.759,250.0,250.0,12.768,4.861,3.040,9.709,7.912,4.910,3.002,4.848,5.245,0.540,4.705,4.696,0.000,0.000,0.000,77.0,0.000,
12.11.2025,10:14:55.179,5.438,12.543,3.580,2.790,250.0,250.0,13.048,4.899,3.089,9.804,8.007,4.957,3.050,4.895,5.244,0.539,4.705,4.696,0.000,0.000,0.000,77.0,0.000,
12.11.2025,10:14:56.198,14.953,13.160,4.137,2.836,250.0,250.0,12.536,5.013,3.052,10.288,8.271,5.137,3.134,5.076,5.236,0.540,4.696,4.696,0.000,0.000,0.000,77.0,0.000,
12.11.2025,10:14:57.214,13.594,12.055,3.099,2.783,250.0,250.0,12.399,4.928,2.868,10.162,8.079,5.017,3.062,4.955,5.227,0.539,4.688,4.688,0.000,0.000,0.000,77.0,0.000,
12.11.2025,10:14:58.214,14.953,12.529,3.585,2.798,250.0,250.0,12.175,4.456,2.783,8.434,6.960,4.316,2.644,4.255,5.235,0.539,4.696,4.696,0.000,0.000,0.000,77.0,0.000,
12.11.2025,10:14:59.239,12.235,12.014,3.083,2.769,250.0,250.0,11.910,4.516,2.868,8.581,7.105,4.401,2.704,4.352,5.228,0.540,4.688,4.688,0.000,0.000,0.000,77.0,0.000,
12.11.2025,10:15:0.235,17.672,12.657,3.755,2.756,250.0,250.0,11.940,4.513,2.917,8.531,7.107,4.402,2.705,4.352,5.218,0.539,4.679,4.679,0.000,0.000,0.000,77.0,0.000,
12.11.2025,10:15:1.228,13.594,12.275,3.302,2.757,250.0,250.0,12.073,4.690,3.015,9.111,7.523,4.671,2.852,4.610,5.218,0.539,4.679,4.679,0.000,0.000,0.000,77.0,0.000,
12.11.2025,10:15:2.231,16.313,11.939,3.064,2.748,250.0,250.0,12.227,4.644,2.856,9.110,7.422,4.608,2.814,4.547,5.207,0.537,4.670,4.670,0.000,0.000,0.000,77.0,0.000,
12.11.2025,10:15:3.245,23.110,13.615,4.683,2.778,250.0,250.0,12.299,4.567,2.856,8.812,7.239,4.493,2.746,4.444,5.207,0.537,4.670,4.670,0.000,0.000,0.000,77.0,0.000,
12.11.2025,10:15:4.256,13.594,12.057,3.161,2.732,250.0,250.0,12.406,4.754,2.832,9.550,7.679,4.762,2.917,4.713,5.208,0.538,4.670,4.670,0.000,0.000,0.000,77.0,0.000,
12.11.2025,10:15:5.259,8.156,12.782,3.784,2.821,250.0,250.0,12.208,4.955,2.954,10.204,8.163,5.065,3.098,5.004,5.199,0.537,4.662,4.662,0.000,0.000,0.000,77.0,0.000,
12.11.2025,10:15:6.278,14.953,13.099,4.101,2.850,250.0,250.0,12.828,4.673,2.819,9.259,7.501,4.648,2.853,4.586,5.199,0.537,4.662,4.662,0.000,0.000,0.000,77.0,0.000,
12.11.2025,10:15:7.289,14.953,12.128,3.188,2.773,250.0,250.0,12.271,4.786,3.015,9.510,7.774,4.822,2.952,4.760,5.187,0.533,4.654,4.654,0.000,0.000,0.000,77.0,0.000,
12.11.2025,10:15:8.287,14.953,11.933,3.033,2.769,250.0,250.0,12.490,4.822,3.150,9.517,7.854,4.867,2.987,4.818,5.188,0.534,4.654,4.654,0.000,0.000,0.000,77.0,0.000,
12.11.2025,10:15:9.281,16.313,12.969,4.026,2.757,250.0,250.0,12.793,4.732,2.991,9.322,7.643,4.738,2.905,4.689,5.188,0.534,4.654,4.654,0.000,0.000,0.000,77.0,0.000,
12.11.2025,10:15:10.282,24.469,11.560,2.606,2.792,250.0,250.0,12.838,4.726,3.052,9.264,7.636,4.734,2.902,4.685,5.172,0.534,4.638,4.645,0.000,0.000,0.000,77.0,0.000,
12.11.2025,10:15:11.280,16.313,12.439,3.528,2.808,250.0,250.0,12.746,4.788,2.942,9.604,7.788,4.835,2.953,4.774,5.172,0.534,4.638,4.638,0.000,0.000,0.000,77.0,0.000,
12.11.2025,10:15:12.276,9.516,11.618,2.700,2.748,250.0,250.0,12.678,4.858,2.844,9.972,7.955,4.930,3.025,4.869,5.171,0.533,4.638,4.638,0.000,0.000,0.000,77.0,0.000,
12.11.2025,10:15:13.292,20.391,13.318,4.364,2.783,250.0,250.0,13.361,4.994,2.979,10.357,8.276,5.128,3.148,5.067,5.171,0.533,4.638,4.638,0.000,0.000,0.000,77.0,0.000,
12.11.2025,10:15:14.306,13.594,11.616,2.743,2.747,250.0,250.0,12.996,5.007,3.015,10.368,8.307,5.157,3.150,5.095,5.171,0.533,4.638,4.638,0.000,0.000,0.000,77.0,0.000,
12.11.2025,10:15:15.316,14.953,12.357,3.391,2.761,250.0,250.0,13.059,5.116,3.151,10.654,8.561,5.314,3.247,5.252,5.171,0.533,4.638,4.638,0.000,0.000,0.000,77.0,0.000,
12.11.2025,10:15:16.306,12.235,12.745,3.803,2.782,250.0,250.0,12.874,5.010,3.052,10.349,8.314,5.153,3.161,5.091,5.170,0.532,4.638,4.638,0.000,0.000,0.000,77.0,0.000,
12.11.2025,10:15:17.310,2.719,11.709,2.816,2.710,250.0,250.0,12.601,4.713,3.003,9.265,7.610,4.721,2.889,4.660,5.170,0.532,4.638,4.638,0.000,0.000,0.000,77.0,0.000,
12.11.2025,10:15:18.307,5.438,11.398,2.547,2.710,250.0,250.0,12.182,4.644,2.954,9.059,7.456,4.626,2.830,4.565,5.161,0.532,4.629,4.629,0.000,0.000,0.000,77.0,0.000,
12.11.2025,10:15:19.307,2.719,12.074,3.203,2.778,250.0,250.0,12.559,4.814,2.942,9.737,7.859,4.870,2.989,4.821,5.153,0.533,4.620,4.620,0.000,0.000,0.000,77.0,0.000,
12.11.2025,10:15:20.318,4.078,11.376,2.477,2.745,250.0,250.0,12.337,4.851,2.844,9.958,7.948,4.921,3.027,4.860,5.162,0.533,4.629,4.629,0.000,0.000,0.000,77.0,0.000,
12.11.2025,10:15:21.316,4.078,11.924,3.031,2.733,250.0,250.0,12.663,4.967,3.028,10.250,8.240,5.104,3.136,5.042,5.132,0.529,4.603,4.603,0.000,0.000,0.000,77.0,0.000,
12.11.2025,10:15:22.316,4.078,11.775,2.918,2.729,250.0,250.0,12.892,4.778,2.929,9.617,7.784,4.833,2.951,4.772,5.141,0.529,4.612,4.612,0.000,0.000,0.000,77.0,0.000,
12.11.2025,10:15:23.313,17.672,13.954,4.950,2.773,250.0,250.0,12.417,4.886,2.954,10.013,8.037,4.989,3.048,4.928,5.140,0.528,4.612,4.612,0.000,0.000,0.000,77.0,0.000,
12.11.2025,10:15:24.311,13.594,20.250,10.897,3.132,250.0,250.0,12.716,4.799,3.076,9.565,7.838,4.865,2.973,4.803,5.131,0.528,4.603,4.603,0.000,0.000,0.000,77.0,0.000,
12.11.2025,10:15:25.305,31.266,12.517,3.625,2.769,250.0,250.0,12.289,5.035,2.978,10.549,8.402,5.204,3.198,5.142,5.136,0.533,4.603,4.603,0.000,0.000,0.000,77.0,0.000,
12.11.2025,10:15:26.305,21.750,13.384,4.348,2.859,250.0,250.0,12.788,4.651,2.966,9.111,7.501,4.648,2.853,4.587,5.122,0.528,4.594,4.594,0.000,0.000,0.000,77.0,0.000,
12.11.2025,10:15:27.318,14.953,11.820,2.834,2.792,250.0,250.0,12.567,4.636,2.966,9.065,7.463,4.623,2.840,4.574,5.123,0.529,4.594,4.586,0.000,0.000,0.000,77.0,0.000,
12.11.2025,10:15:28.314,12.235,11.466,2.614,2.774,250.0,250.0,12.621,4.685,2.856,9.363,7.573,4.696,2.877,4.647,5.123,0.529,4.594,4.594,0.000,0.000,0.000,77.0,0.000,
12.11.2025,10:15:29.313,13.594,12.570,3.612,2.798,250.0,250.0,12.223,4.685,2.979,9.536,7.765,4.812,2.953,4.763,5.112,0.526,4.586,4.586,0.000,0.000,0.000,77.0,0.000,
12.11.2025,10:15:30.316,14.953,11.624,2.656,2.774,250.0,250.0,12.268,4.749,2.991,9.479,7.728,4.791,2.937,4.742,5.120,0.534,4.586,4.586,0.000,0.000,0.000,77.0,0.000,
12.11.2025,10:15:31.316,13.594,12.548,3.607,2.784,250.0,250.0,12.325,4.749,3.101,9.103,7.572,4.696,2.876,4.634,5.112,0.526,4.586,4.586,0.000,0.000,0.000,77.0,0.000,
12.11.2025,10:15:32.312,13.594,12.548,3.607,2.784,250.0,250.0,12.417,4.679,3.027,8.815,7.350,4.560,2.790,4.498,5.105,0.527,4.578,4.578,0.000,0.000,0.000,77.0,0.000,
12.11.2025,10:15:33.314,20.391,12.527,3.618,2.785,250.0,250.0,12.417,4.583,3.027,8.815,7.350,4.560,2.790,4.498,5.105,0.527,4.578,4.578,0.000,0.000,0.000,77.0,0.000,
12.11.2025,10:15:34.309,19.032,13.838,4.790,2.841,250.0,250.0,11.978,4.611,2.917,9.039,7.411,4.597,2.814,4.548,5.104,0.526,4.578,4.578,0.000,0.000,0.000,77.0,0.000,
12.11.2025,10:15:35.318,19.032,11.536,2.585,2.803,250.0,250.0,12.074,4.630,2.648,9.378,7.459,4.628,2.831,4.578,5.105,0.527,4.578,4.569,0.000,0.000,0.000,77.0,0.000,
12.11.2025,10:15:36.308,13.594,12.903,3.947,2.813,250.0,250.0,12.314,4.470,2.783,8.634,7.083,4.397,2.686,4.348,5.102,0.533,4.569,4.561,0.000,0.000,0.000,77.0,0.000,
12.11.2025,10:15:37.319,10.875,12.607,3.506,2.871,250.0,250.0,12.125,4.627,2.856,9.164,7.457,4.627,2.830,4.578,5.096,0.527,4.569,4.569,0.000,0.000,0.000,77.0,0.000,
12.11.2025,10:15:38.317,9.516,12.248,3.286,2.804,250.0,250.0,12.698,4.776,3.015,9.571,7.811,4.847,2.964,4.785,5.101,0.540,4.561,4.561,0.000,0.000,0.000,77.0,0.000,
12.11.2025,10:15:39.316,10.875,12.726,3.806,2.806,250.0,250.0,12.216,4.940,2.893,10.263,8.168,5.056,3.112,4.994,5.182,0.630,4.552,4.552,0.000,0.000,0.000,77.0,0.000,
12.11.2025,10:15:40.319,9.516,14.742,5.692,2.858,250.0,250.0,12.509,5.009,2.905,10.566,8.365,5.179,3.186,5.117,5.106,0.545,4.561,4.561,0.000,0.000,0.000,77.0,0.000,
12.11.2025,10:15:41.308,9.516,11.591,2.674,2.801,250.0,250.0,12.381,5.060,2.966,10.659,8.455,5.243,3.212,5.182,5.171,0.628,4.543,4.543,0.000,0.000,0.000,77.0,0.000,
12.11.2025,10:15:42.311,10.875,12.120,3.135,2.809,250.0,250.0,12.223,4.821,2.930,9.846,7.925,4.922,3.003,4.861,5.089,0.546,4.543,4.543,0.000,0.000,0.000,77.0,0.000,
12.11.2025,10:15:43.308,10.875,12.281,3.336,2.789,250.0,250.0,12.143,4.904,2.978,10.112,8.113,5.040,3.073,4.979,5.095,0.543,4.552,4.552,0.000,0.000,0.000,77.0,0.000,
12.11.2025,10:15:44.312,12.235,13.892,4.920,2.813,250.0,250.0,12.297,5.013,2.978,10.549,8.396,5.200,3.196,5.138,5.064,0.521,4.543,4.543,0.000,0.000,0.000,77.0,0.000,
12.11.2025,10:15:45.312,21.750,13.828,4.760,2.811,250.0,250.0,12.163,4.933,2.880,10.331,8.199,5.077,3.122,5.015,5.082,0.539,4.543,4.543,0.000,0.000,0.000,77.0,0.000,
12.11.2025,10:15:46.311,12.235,15.383,6.308,2.882,250.0,250.0,12.314,4.978,3.101,10.286,8.311,5.151,3.160,5.090,5.073,0.538,4.535,4.535,0.000,0.000,0.000,77.0,0.000,
12.11.2025,10:15:47.308,21.750,24.852,15.530,3.133,250.0,250.0,12.219,4.870,2.831,10.150,8.055,4.993,3.062,4.931,5.073,0.538,4.535,4.535,0.000,0.000,0.000,77.0,0.000,
12.11.2025,10:15:48.311,9.516,17.900,8.836,2.947,250.0,250.0,12.332,4.904,2.930,10.178,8.133,5.045,3.088,4.983,5.075,0.540,4.535,4.535,0.000,0.000,0.000,77.0,0.000,
12.11.2025,10:15:49.304,9.516,13.439,4.481,2.787,250.0,250.0,12.484,4.797,2.856,9.828,7.867,4.880,2.987,4.818,5.106,0.580,4.526,4.526,0.000,0.000,0.000,77.0,0.000,
12.11.2025,10:15:50.320,8.156,12.905,3.918,2.771,250.0,250.0,11.994,4.726,2.795,9.649,7.733,4.790,2.943,4.728,5.048,0.522,4.526,4.526,0.000,0.000,0.000,77.0,0.000,
12.11.2025,10:15:51.305,10.875,11.798,2.902,2.801,250.0,250.0,12.154,4.687,2.880,9.428,7.627,4.729,2.898,4.680,5.048,0.522,4.526,4.526,0.000,0.000,0.000,77.0,0.000,
12.11.2025,10:15:52.306,9.516,12.649,3.671,2.768,250.0,250.0,12.178,4.690,2.868,9.460,7.649,4.747,2.902,4.685,5.037,0.519,4.518,4.518,0.000,0.000,0.000,77.0,0.000,
12.11.2025,10:15:53.309,12.235,11.536,2.692,2.755,250.0,250.0,11.957,4.577,2.917,8.969,7.386,4.579,2.807,4.518,5.039,0.521,4.518,4.518,0.000,0.000,0.000,77.0,0.000,
12.11.2025,10:15:54.314,12.235,13.938,4.930,2.784,250.0,250.0,11.825,4.876,3.040,9.997,8.089,5.016,3.073,4.954,5.036,0.518,4.518,4.518,0.001,0.000,0.000,77.0,0.000,
12.11.2025,10:15:55.313,12.235,12.022,3.128,2.767,250.0,250.0,12.233,4.711,3.015,9.385,7.701,4.773,2.928,4.712,5.037,0.519,4.518,4.518,0.000,0.000,0.000,77.0,0.000,
12.11.2025,10:15:56.398,12.235,12.906,3.953,2.801,250.0,250.0,12.487,4.840,3.101,9.799,8.002,4.966,3.036,4.904,5.037,0.519,4.518,4.518,0.000,0.000,0.000,77.0,0.000,
12.11.2025,10:15:57.414,10.875,13.225,4.252,2.742,250.0,250.0,12.677,3.741,2.734,5.867,5.343,3.312,2.031,3.275,5.164,0.654,4.510,4.518,0.000,0.000,0.000,77.0,0.000,
12.11.2025,10:15:58.421,10.875,15.164,6.285,2.733,250.0,250.0,11.659,4.664,2.880,9.333,7.570,4.695,2.875,4.646,5.063,0.553,4.510,4.510,0.000,0.000,0.000,77.0,0.000,
12.11.2025,10:15:59.421,10.875,11.802,2.876,2.784,250.0,250.0,11.848,4.362,2.782,8.293,6.881,4.259,2.622,4.210,5.029,0.519,4.510,4.510,0.001,0.000,0.000,77.0,0.000,
12.11.2025,10:16:0.423,12.235,13.596,4.564,2.815,250.0,250.0,12.029,5.089,3.052,10.818,8.605,5.335,3.270,5.273,5.020,0.519,4.501,4.501,0.000,0.000,0.000,77.0,0.000,
12.11.2025,10:16:1.435,9.516,12.500,3.594,2.785,250.0,250.0,12.342,4.822,2.880,9.965,7.974,4.947,3.027,4.886,5.019,0.518,4.501,4.501,0.000,0.000,0.000,77.0,0.000,
12.11.2025,10:16:2.435,10.875,12.154,3.202,2.796,250.0,250.0,12.181,4.939,2.979,10.327,8.256,5.118,3.138,5.057,5.011,0.519,4.492,4.492,0.000,0.000,0.000,77.0,0.000,
12.11.2025,10:16:3.442,12.235,11.811,2.901,2.792,250.0,250.0,12.311,5.333,3.015,11.799,9.187,5.694,3.493,5.632,5.011,0.519,4.492,4.492,0.000,0.000,0.000,77.0,0.000,
12.11.2025,10:16:4.432,10.875,13.642,4.624,2.826,250.0,250.0,12.625,4.937,2.905,10.394,8.252,5.116,3.136,5.055,5.012,0.520,4.492,4.492,0.000,0.000,0.000,77.0,0.000,
12.11.2025,10:16:5.442,10.875,11.827,2.903,2.814,250.0,250.0,12.169,5.093,2.782,11.115,8.621,5.350,3.271,5.289,5.010,0.526,4.484,4.484,0.000,0.000,0.000,77.0,0.000,
12.11.2025,10:16:6.431,12.235,13.486,4.468,2.847,250.0,250.0,12.260,4.791,2.721,10.030,7.911,4.909,3.002,4.848,5.001,0.517,4.484,4.484,0.000,0.000,0.000,77.0,0.000,
12.11.2025,10:16:7.431,8.156,11.876,2.962,2.771,250.0,250.0,11.748,4.704,2.807,9.613,7.705,4.775,2.930,4.726,5.001,0.517,4.484,4.484,0.000,0.000,0.000,77.0,0.000,
12.11.2025,10:16:8.450,13.594,12.386,3.377,2.800,250.0,250.0,11.657,4.512,2.881,8.812,7.262,4.505,2.757,4.443,4.991,0.516,4.475,4.475,0.000,0.000,0.000,77.0,0.000,
12.11.2025,10:16:9.448,10.875,11.597,2.679,2.810,250.0,250.0,11.526,4.521,2.979,8.751,7.283,4.515,2.768,4.453,4.992,0.517,4.475,4.475,0.000,0.000,0.000,77.0,0.000,
12.11.2025,10:16:10.447,10.875,11.903,2.981,2.752,250.0,250.0,11.575,4.404,2.917,8.373,7.002,4.336,2.666,4.287,4.991,0.516,4.475,4.475,0.000,0.000,0.000,77.0,0.000,
12.11.2025,10:16:11.460,9.516,11.769,2.854,2.779,250.0,250.0,11.593,4.360,2.782,8.350,6.903,4.275,2.628,4.226,4.983,0.516,4.467,4.467,0.001,0.000,0.000,77.0,0.000,
12.11.2025,10:16:12.453,6.797,12.079,3.108,2.787,250.0,250.0,11.675,4.513,2.844,8.857,7.261,4.504,2.757,4.455,4.991,0.516,4.475,4.467,0.000,0.000,0.000,77.0,0.000,
12.11.2025,10:16:13.453,14.953,12.481,3.531,2.790,250.0,250.0,11.719,4.318,2.709,8.262,6.808,4.215,2.593,4.166,4.980,0.513,4.467,4.467,0.000,0.000,0.000,77.0,0.000,
12.11.2025,10:16:14.465,9.516,13.771,4.752,2.807,250.0,250.0,11.858,4.483,2.893,8.719,7.202,4.461,2.741,4.412,4.971,0.512,4.459,4.459,0.000,0.000,0.000,77.0,0.000,
12.11.2025,10:16:15.465,14.953,11.848,2.908,2.812,250.0,250.0,11.761,4.458,2.942,8.564,7.138,4.430,2.708,4.381,4.973,0.514,4.459,4.467,0.000,0.000,0.000,77.0,0.000,
12.11.2025,10:16:16.463,12.235,13.532,4.497,2.833,250.0,250.0,12.030,4.480,2.856,8.758,7.201,4.461,2.740,4.412,4.962,0.512,4.450,4.450,0.000,0.000,0.000,77.0,0.000,
12.11.2025,10:16:17.486,6.797,11.544,2.612,2.791,250.0,250.0,11.931,4.678,3.040,9.321,7.672,4.758,2.914,4.697,4.962,0.512,4.450,4.450,0.000,0.000,0.000,77.0,0.000,
12.11.2025,10:16:18.487,12.235,12.092,3.199,2.784,250.0,250.0,12.493,4.784,2.929,9.841,7.918,4.918,3.000,4.856,4.962,0.512,4.450,4.450,0.001,0.000,0.000,77.0,0.000,
12.11.2025,10:16:19.484,10.875,13.457,4.471,2.819,250.0,250.0,12.159,4.401,2.844,8.477,7.019,4.351,2.668,4.302,4.953,0.511,4.442,4.442,0.000,0.000,0.000,77.0,0.000,
12.11.2025,10:16:20.481,9.516,12.206,3.234,2.812,250.0,250.0,11.890,4.478,2.770,8.845,7.204,4.462,2.742,4.413,4.953,0.511,4.442,4.442,0.000,0.000,0.000,77.0,0.000,
12.11.2025,10:16:21.486,10.875,11.696,2.772,2.789,250.0,250.0,11.895,4.611,2.832,9.280,7.521,4.665,2.856,4.604,4.953,0.511,4.442,4.442,0.000,0.000,0.000,77.0,0.000,
12.11.2025,10:16:22.480,10.875,11.657,2.736,2.800,250.0,250.0,12.109,4.643,2.942,9.310,7.604,4.713,2.891,4.651,4.945,0.511,4.434,4.434,0.000,0.000,0.000,77.0,0.000,
12.11.2025,10:16:23.491,10.875,11.810,2.796,2.796,250.0,250.0,12.328,4.379,2.917,8.315,6.971,4.315,2.656,4.266,4.952,0.510,4.442,4.442,0.000,0.000,0.000,77.0,0.000,
12.11.2025,10:16:24.487,9.516,13.349,4.359,2.833,250.0,250.0,12.102,4.571,2.942,9.030,7.432,4.614,2.818,4.553,4.944,0.510,4.434,4.434,0.000,0.000,0.000,77.0,0.000,
12.11.2025,10:16:25.479,17.672,18.136,8.849,3.082,250.0,250.0,12.252,4.672,2.966,9.406,7.673,4.759,2.914,4.710,4.935,0.510,4.425,4.425,0.000,0.000,0.000,77.0,0.000,
12.11.2025,10:16:26.477,16.313,15.903,6.726,2.972,250.0,250.0,11.985,4.701,2.942,9.526,7.740,4.799,2.941,4.737,4.945,0.511,4.434,4.434,0.000,0.000,0.000,77.0,0.000,
12.11.2025,10:16:27.485,10.875,12.503,3.542,2.806,250.0,250.0,12.147,4.678,2.881,9.521,7.700,4.773,2.927,4.711,4.923,0.507,4.416,4.425,0.000,0.000,0.000,77.0,0.000,
12.11.2025,10:16:28.477,16.313,11.739,2.750,2.803,250.0,250.0,11.898,4.770,2.795,9.959,7.916,4.912,3.004,4.851,4.924,0.508,4.416,4.416,0.000,0.000,0.000,77.0,0.000,
12.11.2025,10:16:29.478,9.516,12.925,3.972,2.817,250.0,250.0,11.646,4.705,2.783,9.734,7.757,4.807,2.950,4.758,4.924,0.508,4.416,4.416,0.000,0.000,0.000,77.0,0.000,
12.11.2025,10:16:30.478,10.875,12.978,3.953,2.805,250.0,250.0,11.715,4.620,2.820,9.367,7.569,4.689,2.880,4.628,4.917,0.509,4.408,4.408,0.000,0.000,0.000,77.0,0.000,
12.11.2025,10:16:31.488,9.516,12.011,3.080,2.821,250.0,250.0,11.672,4.642,2.881,9.392,7.617,4.725,2.892,4.663,4.923,0.507,4.416,4.408,0.000,0.000,0.000,77.0,0.000,
12.11.2025,10:16:32.487,14.953,11.631,2.656,2.803,250.0,250.0,11.663,4.481,2.868,8.794,7.234,4.491,2.743,4.442,4.916,0.508,4.408,4.408,0.000,0.000,0.000,77.0,0.000,
12.11.2025,10:16:33.481,10.875,12.968,3.973,2.849,250.0,250.0,11.979,4.700,2.917,9.580,7.759,4.808,2.951,4.747,4.915,0.507,4.408,4.408,0.000,0.000,0.000,77.0,0.000,
12.11.2025,10:16:34.492,17.672,12.557,3.532,2.806,250.0,250.0,12.355,4.445,2.746,8.777,7.153,4.432,2.721,4.383,4.915,0.507,4.408,4.408,0.000,0.000,0.000,77.0,0.000,
12.11.2025,10:16:35.490,10.875,12.419,3.508,2.822,250.0,250.0,12.100,4.465,2.709,8.884,7.202,4.469,2.733,4.408,4.916,0.508,4.408,4.408,0.000,0.000,0.000,77.0,0.000,
12.11.2025,10:16:36.487,14.953,13.686,4.637,2.851,250.0,250.0,11.720,4.566,2.795,9.205,7.442,4.613,2.829,4.563,4.905,0.506,4.399,4.399,0.000,0.000,0.000,77.0,0.000,
12.11.2025,10:16:37.486,10.875,12.492,3.486,2.832,250.0,250.0,11.708,4.516,2.856,8.936,7.322,4.541,2.781,4.480,4.916,0.508,4.408,4.408,0.000,0.000,0.000,77.0,0.000,
12.11.2025,10:16:38.478,23.110,12.105,3.128,2.822,250.0,250.0,11.879,4.465,2.868,8.746,7.206,4.464,2.742,4.414,4.906,0.507,4.399,4.399,0.000,0.000,0.000,77.0,0.000,
12.11.2025,10:16:39.495,12.235,11.708,2.745,2.822,250.0,250.0,11.871,4.448,2.832,8.714,7.164,4.444,2.720,4.395,4.905,0.506,4.399,4.399,0.000,0.000,0.000,77.0,0.000,
12.11.2025,10:16:40.493,14.953,12.129,3.169,2.796,250.0,250.0,11.752,4.379,2.978,8.316,7.010,4.341,2.669,4.292,4.896,0.506,4.390,4.390,0.000,0.000,0.000,77.0,0.000,
12.11.2025,10:16:41.512,10.875,11.863,2.933,2.791,250.0,250.0,11.917,4.458,2.954,8.641,7.199,4.467,2.732,4.406,4.895,0.505,4.390,4.390,0.000,0.000,0.000,77.0,0.000,
12.11.2025,10:16:42.507,10.875,11.801,2.904,2.768,250.0,250.0,11.747,4.297,2.733,8.247,6.816,4.220,2.596,4.171,4.896,0.506,4.390,4.390,0.000,0.000,0.000,77.0,0.000,
12.11.2025,10:16:43.520,12.235,14.880,5.812,2.858,250.0,250.0,11.779,4.601,2.672,9.478,7.544,4.677,2.867,4.615,4.887,0.505,4.382,4.382,0.000,0.000,0.000,77.0,0.000,
12.11.2025,10:16:44.520,20.391,11.860,2.925,2.793,250.0,250.0,11.491,4.513,2.672,9.144,7.334,4.553,2.781,4.492,4.887,0.505,4.382,4.382,0.000,0.000,0.000,77.0,0.000,
12.11.2025,10:16:45.509,10.875,13.140,4.062,2.851,250.0,250.0,11.914,4.624,2.807,9.432,7.595,4.715,2.880,4.653,4.888,0.506,4.382,4.382,0.000,0.000,0.000,77.0,0.000,
12.11.2025,10:16:46.521,13.594,12.170,3.247,2.799,250.0,250.0,11.898,4.610,2.758,9.433,7.572,4.691,2.881,4.630,4.878,0.504,4.374,4.374,0.000,0.000,0.000,77.0,0.000,
12.11.2025,10:16:47.520,12.235,11.717,2.763,2.808,250.0,250.0,11.870,4.734,2.869,9.810,7.857,4.869,2.988,4.820,4.876,0.502,4.374,4.374,0.000,0.000,0.000,77.0,0.000,
12.11.2025,10:16:48.519,10.875,11.770,2.800,2.790,250.0,250.0,12.108,5.103,2.856,11.218,8.736,5.414,3.322,5.353,4.876,0.502,4.374,4.374,0.000,0.000,0.000,77.0,0.000,
12.11.2025,10:16:49.517,14.953,12.172,3.223,2.803,250.0,250.0,12.151,4.498,2.783,8.994,7.311,4.529,2.782,4.480,4.868,0.503,4.365,4.365,0.000,0.000,0.000,77.0,0.000,
12.11.2025,10:16:50.519,10.875,11.282,2.346,2.786,250.0,250.0,11.849,4.444,2.672,8.896,7.184,4.453,2.731,4.391,4.876,0.502,4.374,4.365,0.000,0.000,0.000,77.0,0.000,
12.11.2025,10:16:51.518,12.235,11.753,2.833,2.768,250.0,250.0,11.781,4.528,2.685,9.210,7.386,4.579,2.807,4.517,4.867,0.502,4.365,4.365,0.000,0.000,0.000,77.0,0.000,
12.11.2025,10:16:52.516,8.156,11.563,2.688,2.754,250.0,250.0,12.235,4.679,2.721,9.763,7.740,4.799,2.941,4.750,4.859,0.502,4.357,4.357,0.000,0.000,0.000,77.0,0.000,
12.11.2025,10:16:53.507,13.594,13.120,4.115,2.796,250.0,250.0,12.173,4.697,2.868,9.674,7.784,4.820,2.964,4.759,4.868,0.503,4.365,4.365,0.000,0.000,0.000,77.0,0.000,
12.11.2025,10:16:54.518,14.953,11.402,2.475,2.774,250.0,250.0,12.002,4.465,2.856,8.816,7.231,4.488,2.743,4.439,4.860,0.503,4.357,4.357,0.000,0.000,0.000,77.0,0.000,
12.11.2025,10:16:55.515,19.032,13.983,4.979,2.845,250.0,250.0,11.881,4.381,2.881,8.479,7.047,4.366,2.681,4.316,4.847,0.499,4.348,4.348,0.000,0.000,0.000,77.0,0.000,
12.11.2025,10:16:56.515,9.516,12.145,3.254,2.765,250.0,250.0,11.868,4.257,2.783,8.101,6.755,4.183,2.572,4.134,4.847,0.499,4.348,4.348,0.000,0.000,0.000,77.0,0.000,
12.11.2025,10:16:57.513,10.875,12.074,3.171,2.770,250.0,250.0,11.668,4.358,2.844,8.430,7.004,4.345,2.659,4.283,4.838,0.499,4.339,4.339,0.001,0.000,0.000,77.0,0.000,
12.11.2025,10:16:58.511,12.235,11.813,2.887,2.737,250.0,250.0,11.811,4.394,2.807,8.605,7.081,4.396,2.685,4.347,4.838,0.499,4.339,4.339,0.000,0.000,0.000,77.0,0.000,
12.11.2025,10:16:59.525,12.235,13.817,4.856,2.793,250.0,250.0,11.684,4.368,2.807,8.508,7.026,4.356,2.670,4.294,4.838,0.499,4.339,4.339,0.000,0.000,0.000,77.0,0.000,
12.11.2025,10:17:0.521,19.032,12.710,3.772,2.757,250.0,250.0,11.762,4.509,3.040,8.815,7.360,4.566,2.794,4.505,4.839,0.500,4.339,4.331,0.000,0.000,0.000,77.0,0.000,
12.11.2025,10:17:1.514,14.953,12.005,3.084,2.759,250.0,250.0,11.728,4.363,2.918,8.383,7.011,4.342,2.669,4.293,4.839,0.500,4.339,4.339,0.000,0.000,0.000,77.0,0.000,
12.11.2025,10:17:2.514,12.235,11.686,2.785,2.754,250.0,250.0,11.806,4.601,3.040,9.180,7.575,4.697,2.878,4.648,4.831,0.500,4.331,4.331,0.000,0.000,0.000,77.0,0.000,
12.11.2025,10:17:3.509,13.594,12.961,4.014,2.793,250.0,250.0,12.052,4.494,3.003,8.810,7.325,4.547,2.778,4.486,4.831,0.500,4.331,4.331,0.000,0.000,0.000,77.0,0.000,
12.11.2025,10:17:4.508,20.391,11.845,2.929,2.771,250.0,250.0,11.898,4.451,2.905,8.739,7.223,4.479,2.744,4.430,4.831,0.500,4.331,4.331,0.000,0.000,0.000,77.0,0.000,
12.11.2025,10:17:5.523,16.313,13.543,4.503,2.844,250.0,250.0,11.633,4.438,2.771,8.828,7.201,4.468,2.733,4.407,4.820,0.498,4.322,4.331,0.000,0.000,0.000,77.0,0.000,
12.11.2025,10:17:6.512,20.391,16.812,7.823,2.808,250.0,250.0,11.732,4.517,2.832,9.066,7.382,4.577,2.805,4.527,4.829,0.498,4.331,4.322,0.000,0.000,0.000,77.0,0.000,
12.11.2025,10:17:7.515,14.953,12.602,3.678,2.794,250.0,250.0,11.925,4.464,2.893,8.814,7.260,4.503,2.757,4.454,4.819,0.497,4.322,4.322,0.000,0.000,0.000,77.0,0.000,
12.11.2025,10:17:8.509,13.594,12.136,3.223,2.752,250.0,250.0,12.080,4.440,2.881,8.736,7.207,4.465,2.742,4.416,4.820,0.498,4.322,4.314,0.000,0.000,0.000,77.0,0.000,
12.11.2025,10:17:9.510,16.313,11.953,2.981,2.790,250.0,250.0,12.143,4.447,2.844,8.803,7.221,4.478,2.743,4.428,4.819,0.497,4.322,4.314,0.000,0.000,0.000,77.0,0.000,
12.11.2025,10:17:10.523,13.594,11.541,2.646,2.756,250.0,250.0,12.125,4.820,2.893,10.175,8.116,5.025,3.091,4.964,4.812,0.498,4.314,4.314,0.000,0.000,0.000,77.0,0.000,
12.11.2025,10:17:11.519,14.953,12.276,3.328,2.781,250.0,250.0,12.729,4.518,2.942,8.983,7.406,4.589,2.817,4.527,4.804,0.498,4.306,4.306,0.000,0.000,0.000,77.0,0.000,
12.11.2025,10:17:12.642,14.953,12.920,4.033,2.738,250.0,250.0,12.076,4.451,2.880,8.783,7.234,4.491,2.743,4.442,4.812,0.498,4.314,4.314,0.000,0.000,0.000,77.0,0.000,
12.11.2025,10:17:13.647,14.953,16.791,7.892,2.746,250.0,250.0,11.582,4.518,2.758,9.171,7.406,4.589,2.817,4.528,4.803,0.497,4.306,4.306,0.000,0.000,0.000,77.0,0.000,
12.11.2025,10:17:14.642,13.594,11.889,2.896,2.726,250.0,250.0,12.007,4.448,2.770,8.898,7.239,4.493,2.746,4.444,4.796,0.498,4.298,4.298,0.000,0.000,0.000,77.0,0.000,
12.11.2025,10:17:15.637,19.032,12.205,3.330,2.763,250.0,250.0,12.084,4.540,2.954,9.067,7.455,4.626,2.829,4.577,4.795,0.497,4.298,4.298,0.000,0.000,0.000,77.0,0.000,
12.11.2025,10:17:16.651,14.953,12.352,3.356,2.800,250.0,250.0,11.897,4.550,2.930,9.136,7.479,4.638,2.841,4.589,4.793,0.495,4.298,4.298,0.000,0.000,0.000,77.0,0.000,
12.11.2025,10:17:17.658,14.953,11.571,2.744,2.697,250.0,250.0,12.259,4.456,2.844,8.861,7.259,4.503,2.756,4.454,4.792,0.494,4.298,4.298,0.000,0.000,0.000,77.0,0.000,
12.11.2025,10:17:18.654,13.594,11.273,2.396,2.716,250.0,250.0,11.916,4.366,2.844,8.510,7.051,4.368,2.683,4.319,4.793,0.495,4.298,4.298,0.000,0.000,0.000,77.0,0.000,
12.11.2025,10:17:19.652,14.953,11.606,2.719,2.739,250.0,250.0,11.384,4.440,2.734,8.923,7.230,4.488,2.742,4.427,4.784,0.495,4.289,4.289,0.000,0.000,0.000,77.0,0.000,
12.11.2025,10:17:20.654,14.953,12.003,3.122,2.760,250.0,250.0,11.727,4.668,2.783,9.729,7.770,4.815,2.955,4.753,4.793,0.495,4.298,4.289,0.000,0.000,0.000,77.0,0.000,
12.11.2025,10:17:21.653,10.875,12.307,3.361,2.749,250.0,250.0,11.969,4.478,2.869,8.925,7.326,4.543,2.783,4.482,4.783,0.494,4.289,4.289,0.000,0.000,0.000,77.0,0.000,
12.11.2025,10:17:22.665,12.235,11.720,2.859,2.708,250.0,250.0,11.738,4.497,2.979,8.898,7.365,4.561,2.804,4.512,4.783,0.494,4.289,4.289,0.000,0.000,0.000,77.0,0.000,
12.11.2025,10:17:23.672,17.672,12.816,3.899,2.753,250.0,250.0,11.532,4.297,2.881,8.229,6.895,4.277,2.618,4.215,4.783,0.494,4.289,4.289,0.000,0.000,0.000,77.0,0.000,
12.11.2025,10:17:24.692,13.594,12.417,3.527,2.729,250.0,250.0,11.631,4.294,2.979,8.119,6.890,4.269,2.621,4.220,4.775,0.494,4.281,4.289,0.000,0.000,0.000,77.0,0.000,
12.11.2025,10:17:25.681,12.235,17.174,8.003,2.929,250.0,250.0,11.780,4.497,3.065,8.809,7.363,4.560,2.803,4.511,4.784,0.495,4.289,4.289,0.000,0.000,0.000,77.0,0.000,
12.11.2025,10:17:26.682,9.516,15.786,6.712,2.937,250.0,250.0,11.891,4.346,3.003,8.292,7.015,4.344,2.671,4.295,4.775,0.494,4.281,4.289,0.000,0.000,0.000,77.0,0.000,
12.11.2025,10:17:27.681,17.672,11.859,2.889,2.753,250.0,250.0,11.717,4.355,2.905,8.441,7.033,4.365,2.668,4.316,4.774,0.493,4.281,4.272,0.000,0.000,0.000,77.0,0.000,
12.11.2025,10:17:28.696,4.078,12.204,3.330,2.724,250.0,250.0,11.577,4.269,2.697,8.313,6.834,4.236,2.598,4.186,4.774,0.493,4.281,4.281,0.000,0.000,0.000,77.0,0.000,
12.11.2025,10:17:29.709,5.438,12.572,3.723,2.739,250.0,250.0,11.240,4.393,2.856,8.628,7.123,4.417,2.706,4.368,4.774,0.493,4.281,4.281,0.000,0.000,0.000,77.0,0.000,
12.11.2025,10:17:30.707,2.719,11.736,2.875,2.732,250.0,250.0,11.142,4.350,2.868,8.466,7.031,4.364,2.667,4.302,4.764,0.492,4.272,4.272,0.000,0.000,0.000,77.0,0.000,
12.11.2025,10:17:31.706,2.719,12.264,3.348,2.736,250.0,250.0,11.240,4.207,2.881,7.899,6.686,4.142,2.544,4.092,4.773,0.492,4.281,4.281,0.000,0.000,0.000,77.0,0.000,
12.11.2025,10:17:32.706,4.078,11.631,2.719,2.733,250.0,250.0,11.364,4.385,2.869,8.595,7.114,4.406,2.708,4.357,4.764,0.492,4.272,4.272,0.000,0.000,0.000,77.0,0.000,
12.11.2025,10:17:33.706,2.719,14.421,5.491,2.765,250.0,250.0,11.618,4.435,2.942,8.727,7.233,4.490,2.743,4.440,4.756,0.493,4.263,4.263,0.000,0.000,0.000,77.0,0.000,
12.11.2025,10:17:34.715,1.359,12.360,3.412,2.802,250.0,250.0,11.609,4.444,2.844,8.850,7.262,4.505,2.757,4.444,4.756,0.493,4.263,4.263,0.000,0.000,0.000,77.0,0.000,
12.11.2025,10:17:35.716,1.359,12.938,3.978,2.758,250.0,250.0,11.775,4.489,2.832,9.051,7.370,4.565,2.805,4.516,4.747,0.492,4.255,4.255,0.000,0.000,0.000,77.0,0.000,
12.11.2025,10:17:36.716,8.156,11.668,2.832,2.728,250.0,250.0,11.515,4.435,2.758,8.908,7.238,4.493,2.745,4.432,4.756,0.493,4.263,4.263,0.000,0.000,0.000,77.0,0.000,
12.11.2025,10:17:37.718,5.438,12.083,3.209,2.735,250.0,250.0,11.351,4.447,2.869,8.853,7.272,4.504,2.768,4.455,4.747,0.492,4.255,4.255,0.000,0.000,0.000,77.0,0.000,
12.11.2025,10:17:38.717,9.516,11.953,3.037,2.710,250.0,250.0,11.483,4.524,2.844,9.171,7.456,4.626,2.830,4.564,4.751,0.496,4.255,4.246,0.000,0.000,0.000,77.0,0.000,
12.11.2025,10:17:39.715,5.438,11.854,3.031,2.735,250.0,250.0,11.525,4.173,2.856,7.819,6.623,4.112,2.511,4.062,4.748,0.493,4.255,4.246,0.000,0.000,0.000,77.0,0.000,
12.11.2025,10:17:40.714,2.719,11.550,2.601,2.738,250.0,250.0,11.393,4.313,2.954,8.273,6.961,4.317,2.644,4.268,4.735,0.489,4.246,4.246,0.000,0.000,0.000,77.0,0.000,
12.11.2025,10:17:41.711,2.719,11.756,2.947,2.729,250.0,250.0,11.392,4.313,2.820,7.736,6.543,4.059,2.484,4.010,4.735,0.489,4.246,4.246,0.000,0.000,0.000,77.0,0.000,
12.11.2025,10:17:42.725,5.438,12.472,3.473,2.785,250.0,250.0,11.424,4.137,2.660,7.556,6.338,3.938,2.400,3.889,4.735,0.489,4.246,4.246,0.000,0.000,0.000,77.0,0.000,
12.11.2025,10:17:43.723,2.719,14.174,5.223,2.788,250.0,250.0,11.424,4.050,2.660,7.556,6.338,3.938,2.400,3.889,4.735,0.489,4.246,4.246,0.000,0.000,0.000,77.0,0.000,
12.11.2025,10:17:44.719,2.719,13.638,4.664,2.765,250.0,250.0,10.923,3.966,2.746,7.150,6.139,3.814,2.325,3.764,4.736,0.490,4.246,4.246,0.000,0.000,0.000,77.0,0.000,
12.11.2025,10:17:45.713,2.719,12.395,3.431,2.754,250.0,250.0,10.860,4.011,2.672,7.395,6.250,3.876,2.374,3.827,4.736,0.490,4.246,4.246,0.000,0.000,0.000,77.0,0.000,
12.11.2025,10:17:46.716,2.719,11.760,2.880,2.788,250.0,250.0,10.728,4.542,2.795,9.292,7.499,4.647,2.852,4.586,4.753,0.507,4.246,4.246,0.000,0.000,0.000,77.0,0.000,
12.11.2025,10:17:47.716,2.719,11.840,2.845,2.785,250.0,250.0,11.313,4.564,2.954,9.216,7.557,4.689,2.868,4.628,4.745,0.507,4.238,4.238,0.000,0.000,0.000,77.0,0.000,
12.11.2025,10:17:48.712,2.719,11.840,2.845,2.785,250.0,250.0,11.355,4.761,3.015,9.849,7.983,4.945,3.038,4.883,4.828,0.590,4.238,4.238,0.000,0.000,0.000,77.0,0.000,
12.11.2025,10:17:49.714,5.438,11.496,2.600,2.771,250.0,250.0,11.416,4.488,3.004,8.882,7.373,4.566,2.807,4.517,4.746,0.508,4.238,4.238,0.000,0.000,0.000,77.0,0.000,
12.11.2025,10:17:50.722,9.516,11.873,2.975,2.783,250.0,250.0,11.394,4.311,2.917,8.311,6.967,4.320,2.647,4.271,4.729,0.508,4.221,4.221,0.000,0.000,0.000,77.0,0.000,
12.11.2025,10:17:51.735,4.078,11.871,2.903,2.783,250.0,250.0,11.354,4.459,2.758,9.033,7.310,4.529,2.781,4.480,4.728,0.490,4.238,4.238,0.000,0.000,0.000,77.0,0.000,
12.11.2025,10:17:52.734,5.438,11.593,2.684,2.766,250.0,250.0,11.378,4.264,2.697,8.372,6.862,4.262,2.600,4.213,4.707,0.486,4.221,4.221,0.001,0.000,0.000,77.0,0.000,
12.11.2025,10:17:53.734,8.156,11.606,2.754,2.759,250.0,250.0,11.198,4.163,2.856,7.823,6.623,4.112,2.511,4.063,4.708,0.487,4.221,4.221,0.000,0.000,0.000,77.0,0.000,
12.11.2025,10:17:54.744,1.359,14.014,4.973,2.812,250.0,250.0,11.288,4.143,2.734,7.871,6.583,4.073,2.510,4.024,4.707,0.486,4.221,4.221,0.000,0.000,0.000,77.0,0.000,
12.11.2025,10:17:55.747,2.719,12.997,3.953,2.835,250.0,250.0,11.440,4.937,2.967,10.665,8.459,5.245,3.214,5.184,4.705,0.493,4.212,4.221,0.000,0.000,0.000,77.0,0.000,
12.11.2025,10:17:56.760,4.078,12.104,3.157,2.806,250.0,250.0,11.438,4.545,2.783,9.354,7.530,4.676,2.854,4.614,4.708,0.487,4.221,4.221,0.000,0.000,0.000,77.0,0.000,
12.11.2025,10:17:57.769,1.359,11.425,2.545,2.788,250.0,250.0,11.186,4.408,2.967,8.660,7.206,4.464,2.742,4.415,4.704,0.492,4.212,4.221,0.000,0.000,0.000,77.0,0.000,
12.11.2025,10:17:58.764,4.078,12.102,3.154,2.805,250.0,250.0,11.604,4.468,2.942,8.915,7.357,4.564,2.793,4.502,4.699,0.487,4.212,4.212,0.000,0.000,0.000,77.0,0.000,
12.11.2025,10:17:59.770,2.719,11.971,3.009,2.790,250.0,250.0,11.578,4.430,2.770,8.934,7.259,4.503,2.756,4.454,4.707,0.486,4.221,4.212,0.000,0.000,0.000,77.0,0.000,
12.11.2025,10:18:0.766,1.359,12.937,4.002,2.816,250.0,250.0,11.332,4.536,2.979,9.135,7.516,4.662,2.854,4.601,4.698,0.486,4.212,4.212,0.000,0.000,0.000,77.0,0.000,
12.11.2025,10:18:1.761,4.078,12.068,3.083,2.800,250.0,250.0,11.281,4.430,2.930,8.787,7.274,4.505,2.769,4.455,4.689,0.485,4.204,4.204,0.000,0.000,0.000,77.0,0.000,
12.11.2025,10:18:2.762,2.719,11.913,2.943,2.797,250.0,250.0,11.305,4.426,2.979,8.725,7.257,4.502,2.755,4.453,4.688,0.484,4.204,4.212,0.000,0.000,0.000,77.0,0.000,
12.11.2025,10:18:3.770,29.907,11.290,2.424,2.764,250.0,250.0,11.120,4.587,2.856,9.463,7.644,4.739,2.905,4.678,4.688,0.493,4.195,4.204,0.000,0.000,0.000,77.0,0.000,
12.11.2025,10:18:4.767,4.078,14.083,5.034,2.835,250.0,250.0,11.381,4.324,2.893,8.438,7.025,4.355,2.670,4.306,4.680,0.485,4.195,4.195,0.000,0.000,0.000,77.0,0.000,
12.11.2025,10:18:5.764,12.235,11.696,2.814,2.776,250.0,250.0,11.252,4.155,2.795,7.881,6.618,4.108,2.510,4.059,4.688,0.484,4.204,4.204,0.000,0.000,0.000,77.0,0.000,
12.11.2025,10:18:6.764,2.719,13.338,4.374,2.806,250.0,250.0,11.630,4.146,2.783,7.870,6.614,4.101,2.513,4.052,4.670,0.484,4.186,4.186,0.000,0.000,0.000,77.0,0.000,
12.11.2025,10:18:7.766,2.719,11.302,2.400,2.751,250.0,250.0,11.220,4.210,2.893,7.997,6.759,4.186,2.573,4.137,4.680,0.485,4.195,4.195,0.000,0.000,0.000,77.0,0.000,
12.11.2025,10:18:8.763,16.313,12.195,3.311,2.773,250.0,250.0,11.251,4.342,2.979,8.418,7.070,4.377,2.693,4.328,4.679,0.484,4.195,4.195,0.000,0.000,0.000,77.0,0.000,
12.11.2025,10:18:9.772,2.719,12.424,3.415,2.821,250.0,250.0,11.359,4.246,2.942,8.097,6.850,4.243,2.607,4.194,4.671,0.485,4.186,4.186,0.000,0.000,0.000,77.0,0.000,
12.11.2025,10:18:10.758,4.078,11.863,2.882,2.797,250.0,250.0,11.184,4.161,2.856,7.850,6.640,4.119,2.521,4.070,4.680,0.485,4.195,4.195,0.000,0.000,0.000,77.0,0.000,
12.11.2025,10:18:11.768,2.719,11.436,2.595,2.755,250.0,250.0,11.338,4.156,3.028,7.667,6.641,4.120,2.521,4.058,4.670,0.484,4.186,4.186,0.000,0.000,0.000,77.0,0.000,
12.11.2025,10:18:12.768,1.359,12.148,3.193,2.765,250.0,250.0,11.275,4.227,3.028,7.947,6.810,4.216,2.594,4.167,4.663,0.485,4.178,4.178,0.000,0.000,0.000,77.0,0.000,
12.11.2025,10:18:13.763,2.719,13.712,4.752,2.811,250.0,250.0,11.426,4.479,2.881,9.044,7.401,4.593,2.808,4.532,4.671,0.485,4.186,4.186,0.000,0.000,0.000,77.0,0.000,
12.11.2025,10:18:14.760,2.719,12.076,3.220,2.753,250.0,250.0,11.248,4.222,2.881,8.078,6.804,4.220,2.584,4.158,4.660,0.482,4.178,4.178,0.000,0.000,0.000,77.0,0.000,
12.11.2025,10:18:15.757,6.797,13.391,4.438,2.789,250.0,250.0,11.010,4.168,2.856,7.891,6.672,4.136,2.536,4.087,4.660,0.482,4.178,4.178,0.000,0.000,0.000,77.0,0.000,
12.11.2025,10:18:16.772,2.719,12.634,3.705,2.764,250.0,250.0,11.559,4.283,3.003,8.186,6.940,4.307,2.633,4.258,4.660,0.482,4.178,4.178,0.000,0.000,0.000,77.0,0.000,
12.11.2025,10:18:17.770,2.719,11.849,2.973,2.733,250.0,250.0,11.495,4.169,2.881,7.875,6.677,4.132,2.545,4.083,4.660,0.482,4.178,4.178,0.000,0.000,0.000,77.0,0.000,
12.11.2025,10:18:18.768,1.359,12.116,3.212,2.762,250.0,250.0,11.101,4.238,2.955,8.065,6.840,4.244,2.596,4.182,4.660,0.482,4.178,4.178,0.000,0.000,0.000,77.0,0.000,
12.11.2025,10:18:19.771,4.078,11.802,2.892,2.772,250.0,250.0,11.183,4.222,2.930,8.025,6.805,4.221,2.584,4.159,4.660,0.482,4.178,4.178,0.000,0.000,0.000,77.0,0.000,
12.11.2025,10:18:20.771,2.719,11.816,2.846,2.775,250.0,250.0,11.121,4.315,2.918,8.410,7.023,4.354,2.669,4.305,4.652,0.482,4.170,4.170,0.000,0.000,0.000,77.0,0.000,
12.11.2025,10:18:21.758,2.719,11.900,3.017,2.775,250.0,250.0,11.390,4.338,2.844,8.554,7.076,4.381,2.695,4.331,4.659,0.481,4.178,4.178,0.000,0.000,0.000,77.0,0.000,
12.11.2025,10:18:22.776,2.719,11.842,2.949,2.747,250.0,250.0,11.157,4.250,2.770,8.304,6.872,4.254,2.618,4.205,4.651,0.481,4.170,4.170,0.000,0.000,0.000,77.0,0.000,
12.11.2025,10:18:23.770,1.359,13.539,4.571,2.816,250.0,250.0,11.054,4.132,2.770,7.850,6.598,4.087,2.511,4.037,4.651,0.481,4.170,4.170,0.000,0.000,0.000,77.0,0.000,
12.11.2025,10:18:24.763,2.719,12.161,3.228,2.748,250.0,250.0,11.126,4.275,2.844,8.329,6.932,4.302,2.630,4.240,4.651,0.481,4.170,4.170,0.000,0.000,0.000,77.0,0.000,
12.11.2025,10:18:25.767,2.719,12.239,3.337,2.727,250.0,250.0,11.178,4.220,3.028,7.947,6.807,4.214,2.593,4.165,4.641,0.480,4.161,4.161,0.000,0.000,0.000,77.0,0.000,
12.11.2025,10:18:26.762,8.156,14.675,5.586,2.877,250.0,250.0,11.163,4.112,3.003,7.554,6.557,4.059,2.498,4.010,4.640,0.479,4.161,4.161,0.000,0.000,0.000,77.0,0.000,
12.11.2025,10:18:27.766,4.078,17.868,8.675,3.028,250.0,250.0,11.111,4.158,2.844,7.897,6.655,4.133,2.522,4.084,4.641,0.480,4.161,4.161,0.000,0.000,0.000,77.0,0.000,
12.11.2025,10:18:28.759,13.594,13.715,4.796,2.717,250.0,250.0,11.016,4.025,2.684,7.545,6.353,3.940,2.413,3.891,4.633,0.480,4.153,4.153,0.000,0.000,0.000,77.0,0.000,
12.11.2025,10:18:29.765,4.078,13.711,4.889,2.715,250.0,250.0,11.010,4.118,2.795,7.786,6.565,4.077,2.488,4.027,4.640,0.479,4.161,4.161,0.000,0.000,0.000,77.0,0.000,
12.11.2025,10:18:30.768,9.516,11.713,2.790,2.744,250.0,250.0,11.160,4.149,2.758,7.957,6.642,4.120,2.522,4.071,4.633,0.480,4.153,4.153,0.000,0.000,0.000,77.0,0.000,
12.11.2025,10:18:31.768,2.719,12.746,3.842,2.787,250.0,250.0,10.913,4.196,2.820,8.068,6.757,4.185,2.572,4.136,4.633,0.480,4.153,4.153,0.000,0.000,0.000,77.0,0.000,
12.11.2025,10:18:32.766,4.078,11.398,2.481,2.724,250.0,250.0,10.822,4.054,2.881,7.465,6.427,3.977,2.450,3.927,4.632,0.479,4.153,4.153,0.000,0.000,0.000,77.0,0.000,
12.11.2025,10:18:33.766,5.438,13.839,4.909,2.753,250.0,250.0,11.201,4.167,3.040,7.749,6.695,4.147,2.548,4.098,4.623,0.479,4.144,4.144,0.000,0.000,0.000,77.0,0.000,
12.11.2025,10:18:34.763,2.719,11.510,2.647,2.719,250.0,250.0,11.221,4.104,2.820,7.734,6.542,4.058,2.484,4.009,4.623,0.479,4.144,4.144,0.000,0.000,0.000,77.0,0.000,
12.11.2025,10:18:35.775,2.719,12.407,3.448,2.784,250.0,250.0,11.178,4.079,2.722,7.733,6.486,4.024,2.462,3.975,4.623,0.479,4.144,4.144,0.000,0.000,0.000,77.0,0.000,
12.11.2025,10:18:36.773,5.438,11.797,2.908,2.755,250.0,250.0,10.983,4.071,2.685,7.744,6.468,4.009,2.459,3.960,4.623,0.479,4.144,4.136,0.000,0.000,0.000,77.0,0.000,
12.11.2025,10:18:37.772,2.719,11.607,2.707,2.757,250.0,250.0,10.804,3.949,2.574,7.387,6.176,3.826,2.350,3.790,4.623,0.479,4.144,4.136,0.000,0.000,0.000,77.0,0.000,
12.11.2025,10:18:38.771,2.719,11.968,3.115,2.711,250.0,250.0,10.783,4.144,2.746,7.962,6.646,4.123,2.523,4.073,4.615,0.479,4.136,4.136,0.000,0.000,0.000,77.0,0.000,
12.11.2025,10:18:39.765,2.719,11.832,2.965,2.747,250.0,250.0,10.862,4.235,2.685,8.371,6.857,4.260,2.597,4.211,4.615,0.479,4.136,4.136,0.000,0.000,0.000,77.0,0.000,
12.11.2025,10:18:40.775,4.078,11.731,2.868,2.738,250.0,250.0,10.913,4.170,2.758,8.053,6.708,4.160,2.548,4.111,4.615,0.479,4.136,4.136,0.001,0.000,0.000,77.0,0.000,
12.11.2025,10:18:41.759,2.719,12.144,3.237,2.757,250.0,250.0,11.182,4.147,2.746,7.989,6.658,4.135,2.523,4.086,4.604,0.476,4.128,4.128,0.000,0.000,0.000,77.0,0.000,
12.11.2025,10:18:42.760,13.594,11.382,2.427,2.763,250.0,250.0,11.095,4.675,2.819,9.932,7.909,4.908,3.001,4.846,4.604,0.476,4.128,4.128,0.000,0.000,0.000,77.0,0.000,
12.11.2025,10:18:43.761,2.719,15.605,6.689,2.781,250.0,250.0,11.126,4.142,2.758,7.955,6.649,4.125,2.524,4.075,4.605,0.477,4.128,4.128,0.000,0.000,0.000,77.0,0.000,
12.11.2025,10:18:44.758,2.719,12.091,3.156,2.732,250.0,250.0,10.965,3.959,2.587,7.440,6.218,3.854,2.364,3.817,4.596,0.477,4.119,4.119,0.000,0.000,0.000,77.0,0.000,
12.11.2025,10:18:45.762,2.719,12.261,3.372,2.769,250.0,250.0,10.791,4.057,2.636,7.761,6.455,4.003,2.452,3.954,4.596,0.477,4.119,4.119,0.000,0.000,0.000,77.0,0.000,
12.11.2025,10:18:46.764,1.359,13.241,4.279,2.795,250.0,250.0,10.793,4.070,2.586,7.866,6.483,4.022,2.461,3.973,4.596,0.477,4.119,4.119,0.000,0.000,0.000,77.0,0.000,
12.11.2025,10:18:47.761,1.359,11.770,2.891,2.709,250.0,250.0,10.886,4.045,2.709,7.647,6.424,3.987,2.437,3.938,4.596,0.477,4.119,4.119,0.000,0.000,0.000,77.0,0.000,
12.11.2025,10:18:48.772,4.078,11.283,2.452,2.726,250.0,250.0,10.506,4.006,2.771,7.439,6.334,3.923,2.411,3.874,4.595,0.476,4.119,4.119,0.000,0.000,0.000,77.0,0.000,
12.11.2025,10:18:49.772,1.359,11.992,3.078,2.736,250.0,250.0,10.786,4.061,2.746,7.672,6.461,4.012,2.449,3.963,4.596,0.477,4.119,4.119,0.000,0.000,0.000,77.0,0.000,
12.11.2025,10:18:50.769,2.719,11.767,2.917,2.719,250.0,250.0,10.620,4.019,2.648,7.618,6.366,3.953,2.413,3.904,4.586,0.476,4.110,4.110,0.000,0.000,0.000,77.0,0.000,
12.11.2025,10:18:51.767,4.078,11.586,2.686,2.767,250.0,250.0,10.726,4.049,2.660,7.715,6.440,3.989,2.451,3.940,4.587,0.477,4.110,4.119,0.000,0.000,0.000,77.0,0.000,
12.11.2025,10:18:52.767,1.359,11.483,2.559,2.732,250.0,250.0,10.644,3.954,2.795,7.229,6.220,3.855,2.365,3.818,4.575,0.473,4.102,4.110,0.000,0.000,0.000,77.0,0.000,
12.11.2025,10:18:53.759,2.719,13.358,4.468,2.770,250.0,250.0,10.591,3.934,2.709,7.231,6.172,3.831,2.341,3.782,4.583,0.473,4.110,4.110,0.000,0.000,0.000,77.0,0.000,
12.11.2025,10:18:54.760,6.797,11.538,2.584,2.767,250.0,250.0,10.783,3.978,2.685,7.423,6.276,3.888,2.388,3.839,4.584,0.474,4.110,4.110,0.000,0.000,0.000,77.0,0.000,
12.11.2025,10:18:55.765,5.438,12.445,3.483,2.815,250.0,250.0,10.730,4.114,2.954,7.694,6.600,4.093,2.507,4.043,4.575,0.473,4.102,4.102,0.000,0.000,0.000,77.0,0.000,
12.11.2025,10:18:56.773,2.719,12.093,3.168,2.765,250.0,250.0,10.889,4.136,3.077,7.646,6.650,4.118,2.532,4.068,4.584,0.474,4.110,4.102,0.000,0.000,0.000,77.0,0.000,
12.11.2025,10:18:57.766,4.078,12.102,3.117,2.786,250.0,250.0,11.116,4.417,2.991,8.803,7.323,4.542,2.781,4.480,4.575,0.473,4.102,4.102,0.000,0.000,0.000,77.0,0.000,
12.11.2025,10:18:58.767,2.719,11.470,2.598,2.776,250.0,250.0,11.287,4.484,3.003,9.060,7.478,4.637,2.841,4.588,4.567,0.473,4.094,4.094,0.000,0.000,0.000,77.0,0.000,
12.11.2025,10:18:59.764,2.719,14.169,5.162,2.789,250.0,250.0,10.772,4.063,2.770,7.671,6.477,4.015,2.462,3.978,4.575,0.473,4.102,4.102,0.000,0.000,0.000,77.0,0.000,
12.11.2025,10:19:0.765,2.719,11.405,2.527,2.760,250.0,250.0,10.420,4.096,2.771,7.811,6.561,4.074,2.487,4.025,4.567,0.473,4.094,4.094,0.000,0.000,0.000,77.0,0.000,
12.11.2025,10:19:1.760,6.797,12.164,3.206,2.768,250.0,250.0,10.629,4.027,2.709,7.600,6.406,3.967,2.439,3.917,4.567,0.473,4.094,4.094,0.000,0.000,0.000,77.0,0.000,
12.11.2025,10:19:2.776,5.438,11.876,2.942,2.766,250.0,250.0,10.568,4.027,2.893,7.427,6.400,3.975,2.425,3.926,4.567,0.473,4.094,4.094,0.000,0.000,0.000,77.0,0.000,
12.11.2025,10:19:3.787,2.719,13.706,4.754,2.826,250.0,250.0,10.681,4.134,2.758,7.981,6.657,4.134,2.523,4.085,4.558,0.473,4.085,4.085,0.000,0.000,0.000,77.0,0.000,
12.11.2025,10:19:4.779,2.719,11.609,2.647,2.786,250.0,250.0,10.789,3.988,2.795,7.383,6.312,3.912,2.400,3.875,4.559,0.474,4.085,4.085,0.000,0.000,0.000,77.0,0.000,
12.11.2025,10:19:5.782,1.359,13.306,4.315,2.830,250.0,250.0,10.560,4.200,2.893,8.092,6.820,4.223,2.597,4.174,4.558,0.473,4.085,4.085,0.000,0.000,0.000,77.0,0.000,
12.11.2025,10:19:6.777,19.032,11.461,2.591,2.781,250.0,250.0,10.695,4.061,2.807,7.655,6.500,4.025,2.475,3.976,4.548,0.471,4.077,4.077,0.000,0.000,0.000,77.0,0.000,
12.11.2025,10:19:7.777,2.719,11.528,2.569,2.753,250.0,250.0,10.403,4.064,2.709,7.765,6.491,4.032,2.459,3.983,4.559,0.474,4.085,4.085,0.000,0.000,0.000,77.0,0.000,
12.11.2025,10:19:8.783,2.719,11.643,2.760,2.751,250.0,250.0,10.415,4.027,2.684,7.656,6.419,3.972,2.447,3.922,4.548,0.471,4.077,4.077,0.000,0.000,0.000,77.0,0.000,
12.11.2025,10:19:9.777,2.719,12.121,3.188,2.765,250.0,250.0,10.181,3.964,2.734,7.363,6.264,3.889,2.375,3.840,4.548,0.471,4.077,4.077,0.000,0.000,0.000,77.0,0.000,
12.11.2025,10:19:10.773,1.359,11.698,2.858,2.742,250.0,250.0,10.530,3.998,2.832,7.396,6.345,3.935,2.410,3.885,4.549,0.472,4.077,4.077,0.000,0.000,0.000,77.0,0.000,
12.11.2025,10:19:11.792,1.359,11.956,3.036,2.736,250.0,250.0,10.742,4.040,2.758,7.631,6.450,4.000,2.450,3.951,4.540,0.472,4.068,4.077,0.000,0.000,0.000,77.0,0.000,
12.11.2025,10:19:12.810,4.078,11.321,2.511,2.721,250.0,250.0,10.723,3.910,2.648,7.245,6.134,3.811,2.323,3.762,4.549,0.472,4.077,4.077,0.000,0.000,0.000,77.0,0.000,
12.11.2025,10:19:13.817,2.719,13.931,4.980,2.798,250.0,250.0,10.512,3.960,2.623,7.460,6.250,3.875,2.375,3.838,4.549,0.472,4.077,4.077,0.000,0.000,0.000,77.0,0.000,
12.11.2025,10:19:14.807,2.719,12.334,3.359,2.799,250.0,250.0,10.498,3.981,2.746,7.431,6.309,3.911,2.398,3.874,4.539,0.471,4.068,4.068,0.000,0.000,0.000,77.0,0.000,
12.11.2025,10:19:15.815,2.719,12.595,3.597,2.778,250.0,250.0,10.658,3.907,2.721,7.163,6.135,3.799,2.336,3.750,4.549,0.472,4.077,4.068,0.000,0.000,0.000,77.0,0.000,
12.11.2025,10:19:16.816,2.719,11.497,2.644,2.753,250.0,250.0,10.791,4.046,2.844,7.582,6.466,4.008,2.458,3.959,4.539,0.471,4.068,4.068,0.000,0.000,0.000,77.0,0.000,
12.11.2025,10:19:17.818,1.359,12.186,3.245,2.748,250.0,250.0,11.152,4.031,2.856,7.518,6.433,3.997,2.436,3.948,4.531,0.472,4.059,4.059,0.000,0.000,0.000,77.0,0.000,
12.11.2025,10:19:18.816,2.719,11.421,2.532,2.736,250.0,250.0,11.068,4.050,2.930,7.506,6.471,4.011,2.460,3.974,4.539,0.471,4.068,4.068,0.000,0.000,0.000,77.0,0.000,
12.11.2025,10:19:19.813,2.719,11.803,2.940,2.741,250.0,250.0,11.012,4.038,2.905,7.499,6.451,4.006,2.445,3.957,4.528,0.469,4.059,4.059,0.000,0.000,0.000,77.0,0.000,
12.11.2025,10:19:20.814,2.719,11.398,2.497,2.733,250.0,250.0,10.910,4.123,2.880,7.848,6.653,4.132,2.521,4.083,4.528,0.469,4.059,4.059,0.000,0.000,0.000,77.0,0.000,
12.11.2025,10:19:21.806,2.719,12.271,3.389,2.742,250.0,250.0,10.756,4.005,2.733,7.540,6.375,3.951,2.424,3.914,4.528,0.469,4.059,4.059,0.000,0.000,0.000,77.0,0.000,
12.11.2025,10:19:22.812,2.719,11.792,2.944,2.742,250.0,250.0,10.615,4.028,2.672,7.690,6.432,3.984,2.448,3.935,4.528,0.469,4.059,4.059,0.000,0.000,0.000,77.0,0.000,
12.11.2025,10:19:23.809,2.719,13.440,4.445,2.788,250.0,250.0,10.722,4.149,2.721,8.097,6.722,4.161,2.561,4.112,4.528,0.469,4.059,4.059,0.000,0.000,0.000,77.0,0.000,
12.11.2025,10:19:24.805,24.469,11.343,2.448,2.739,250.0,250.0,10.474,4.099,2.734,7.902,6.597,4.098,2.499,4.049,4.528,0.469,4.059,4.059,0.000,0.000,0.000,77.0,0.000,
12.11.2025,10:19:25.817,1.359,13.206,4.201,2.835,250.0,250.0,10.757,4.048,2.819,7.629,6.475,4.018,2.457,3.969,4.528,0.469,4.059,4.059,0.000,0.000,0.000,77.0,0.000,
12.11.2025,10:19:26.815,20.391,11.720,2.763,2.780,250.0,250.0,10.618,4.048,2.709,7.720,6.473,4.012,2.461,3.962,4.528,0.469,4.059,4.059,0.000,0.000,0.000,77.0,0.000,
12.11.2025,10:19:27.818,2.719,19.823,10.462,3.174,250.0,250.0,10.618,4.045,2.709,7.720,6.473,4.012,2.461,3.962,4.528,0.469,4.059,4.059,0.000,0.000,0.000,77.0,0.000,
12.11.2025,10:19:28.810,2.719,11.510,2.534,2.758,250.0,250.0,10.591,4.014,2.844,7.474,6.401,3.976,2.425,3.927,4.520,0.469,4.051,4.051,0.000,0.000,0.000,77.0,0.000,
12.11.2025,10:19:29.813,2.719,11.713,2.884,2.734,250.0,250.0,10.546,4.713,2.819,10.159,8.049,4.997,3.052,4.935,4.536,0.485,4.051,4.051,0.000,0.000,0.000,77.0,0.000,
12.11.2025,10:19:30.812,2.719,11.713,2.884,2.734,250.0,250.0,10.931,4.250,2.660,8.542,6.954,4.308,2.646,4.258,4.537,0.486,4.051,4.059,0.000,0.000,0.000,77.0,0.000,
12.11.2025,10:19:31.811,8.156,11.273,2.362,2.725,250.0,250.0,10.463,4.115,2.623,8.072,6.642,4.121,2.521,4.059,4.529,0.487,4.042,4.051,0.000,0.000,0.000,77.0,0.000,
12.11.2025,10:19:32.809,10.875,12.323,3.417,2.765,250.0,250.0,10.160,4.044,2.636,7.793,6.473,4.012,2.461,3.962,4.529,0.487,4.042,4.042,0.000,0.000,0.000,77.0,0.000,
12.11.2025,10:19:33.807,2.719,11.709,2.871,2.720,250.0,250.0,10.115,4.269,2.820,8.473,6.998,4.341,2.657,4.292,4.528,0.486,4.042,4.051,0.001,0.000,0.000,77.0,0.000,
12.11.2025,10:19:34.809,14.953,13.157,4.196,2.762,250.0,250.0,10.441,3.987,2.733,7.484,6.336,3.937,2.399,3.887,4.526,0.484,4.042,4.042,0.000,0.000,0.000,77.0,0.000,
12.11.2025,10:19:35.806,2.719,11.453,2.554,2.750,250.0,250.0,10.469,4.179,2.758,8.190,6.793,4.209,2.584,4.160,4.528,0.486,4.042,4.042,0.000,0.000,0.000,77.0,0.000,
12.11.2025,10:19:36.809,2.719,12.927,4.026,2.801,250.0,250.0,10.615,4.021,2.721,7.626,6.417,3.983,2.434,3.933,4.529,0.487,4.042,4.042,0.000,0.000,0.000,77.0,0.000,
12.11.2025,10:19:37.807,4.078,11.364,2.461,2.759,250.0,250.0,10.406,4.173,2.623,8.308,6.776,4.206,2.570,4.156,4.526,0.484,4.042,4.042,0.000,0.000,0.000,77.0,0.000,
12.11.2025,10:19:38.808,9.516,11.612,2.662,2.772,250.0,250.0,10.435,3.952,2.599,7.497,6.261,3.887,2.374,3.837,4.510,0.468,4.042,4.042,0.000,0.000,0.000,77.0,0.000,
12.11.2025,10:19:39.805,5.438,11.738,2.851,2.765,250.0,250.0,10.176,4.057,2.758,7.743,6.524,4.038,2.486,3.989,4.499,0.465,4.034,4.034,0.000,0.000,0.000,77.0,0.000,
12.11.2025,10:19:40.812,6.797,11.986,3.065,2.772,250.0,250.0,10.543,3.929,2.721,7.297,6.211,3.850,2.361,3.813,4.500,0.466,4.034,4.034,0.000,0.000,0.000,77.0,0.000,
12.11.2025,10:19:41.813,2.719,11.517,2.590,2.757,250.0,250.0,10.220,4.062,2.807,7.703,6.526,4.039,2.487,3.989,4.511,0.469,4.042,4.042,0.000,0.000,0.000,77.0,0.000,
12.11.2025,10:19:43.000,23.110,12.216,3.326,2.732,250.0,250.0,10.457,3.875,2.819,6.992,6.091,3.777,2.314,3.728,4.499,0.465,4.034,4.034,0.000,0.000,0.000,77.0,0.000,
12.11.2025,10:19:43.974,23.110,12.216,3.326,2.732,250.0,250.0,10.379,3.812,2.930,6.646,5.945,3.692,2.253,3.643,4.491,0.465,4.026,4.026,0.000,0.000,0.000,77.0,0.000,
12.11.2025,10:19:44.981,39.422,15.941,6.938,2.771,250.0,250.0,10.232,3.824,2.709,6.914,5.977,3.702,2.275,3.652,4.492,0.466,4.026,4.026,0.000,0.000,0.000,77.0,0.000,
12.11.2025,10:19:45.983,16.313,12.377,3.444,2.791,250.0,250.0,9.990,3.779,2.672,6.785,5.869,3.642,2.227,3.592,4.491,0.465,4.026,4.026,0.000,0.000,0.000,77.0,0.000,
12.11.2025,10:19:46.991,8.156,13.517,4.482,2.835,250.0,250.0,10.250,3.922,2.783,7.216,6.204,3.853,2.351,3.803,4.491,0.465,4.026,4.026,0.000,0.000,0.000,77.0,0.000,
12.11.2025,10:19:47.988,5.438,13.517,4.482,2.835,250.0,250.0,10.494,4.180,2.832,8.139,6.804,4.220,2.584,4.171,4.511,0.485,4.026,4.026,0.000,0.000,0.000,77.0,0.000,
12.11.2025,10:19:48.990,42.141,11.201,2.266,2.783,250.0,250.0,10.509,4.126,2.758,8.014,6.683,4.148,2.535,4.099,4.502,0.485,4.017,4.017,0.000,0.000,0.000,77.0,0.000,
12.11.2025,10:19:49.988,5.438,11.571,2.584,2.835,250.0,250.0,10.576,4.087,2.733,7.888,6.591,4.083,2.508,4.034,4.503,0.486,4.017,4.026,0.000,0.000,0.000,77.0,0.000,
12.11.2025,10:19:50.990,13.594,11.872,2.935,2.788,250.0,250.0,10.332,4.193,2.832,8.210,6.850,4.243,2.607,4.194,4.490,0.482,4.008,4.017,0.000,0.000,0.000,77.0,0.000,
12.11.2025,10:19:51.990,21.750,11.723,2.758,2.807,250.0,250.0,10.577,4.134,2.832,7.963,6.692,4.158,2.534,4.108,4.516,0.499,4.017,4.017,0.000,0.000,0.000,77.0,0.000,
12.11.2025,10:19:52.987,2.719,11.833,2.891,2.805,250.0,250.0,10.485,4.148,2.832,8.030,6.740,4.182,2.558,4.121,4.499,0.482,4.017,4.017,0.000,0.000,0.000,77.0,0.000,
12.11.2025,10:19:53.982,5.438,14.185,5.171,2.867,250.0,250.0,10.466,4.229,2.697,8.484,6.939,4.306,2.633,4.244,4.490,0.482,4.008,4.008,0.000,0.000,0.000,77.0,0.000,
12.11.2025,10:19:54.988,4.078,11.367,2.415,2.792,250.0,250.0,10.468,4.283,2.783,8.594,7.069,4.384,2.685,4.323,4.489,0.472,4.017,4.017,0.000,0.000,0.000,77.0,0.000,
12.11.2025,10:19:55.994,2.719,13.440,4.426,2.843,250.0,250.0,10.680,4.013,2.684,7.693,6.430,3.995,2.435,3.946,4.471,0.463,4.008,4.008,0.000,0.000,0.000,77.0,0.000,
12.11.2025,10:19:56.980,4.078,11.680,2.705,2.794,250.0,250.0,10.373,3.820,2.832,6.807,5.973,3.699,2.274,3.662,4.472,0.464,4.008,4.008,0.000,0.000,0.000,77.0,0.000,
12.11.2025,10:19:57.985,8.156,12.023,3.081,2.790,250.0,250.0,10.379,3.983,2.795,7.462,6.359,3.948,2.411,3.899,4.472,0.464,4.008,4.008,0.000,0.000,0.000,77.0,0.000,
12.11.2025,10:19:58.982,4.078,11.778,2.855,2.790,250.0,250.0,10.500,3.894,2.782,7.138,6.147,3.811,2.336,3.775,4.472,0.464,4.008,4.008,0.000,0.000,0.000,77.0,0.000,
12.11.2025,10:19:59.978,4.078,13.909,4.856,2.819,250.0,250.0,10.350,3.956,2.685,7.473,6.295,3.910,2.385,3.861,4.472,0.464,4.008,4.008,0.000,0.000,0.000,77.0,0.000,
12.11.2025,10:20:0.993,5.438,11.566,2.654,2.772,250.0,250.0,10.357,3.828,2.648,7.017,5.993,3.717,2.276,3.680,4.471,0.463,4.008,4.008,0.000,0.000,0.000,77.0,0.000,
12.11.2025,10:20:1.985,4.078,11.566,2.654,2.772,250.0,250.0,10.249,3.829,2.795,6.881,6.004,3.728,2.276,3.679,4.464,0.464,4.000,4.000,0.000,0.000,0.000,77.0,0.000,
12.11.2025,10:20:2.985,4.078,11.473,2.572,2.784,250.0,250.0,10.388,3.914,2.881,7.119,6.205,3.853,2.352,3.804,4.463,0.463,4.000,4.000,0.001,0.000,0.000,77.0,0.000,
12.11.2025,10:20:3.981,2.719,11.937,2.976,2.806,250.0,250.0,10.467,3.977,2.905,7.333,6.360,3.937,2.423,3.888,4.464,0.464,4.000,4.000,0.001,0.000,0.000,77.0,0.000,
12.11.2025,10:20:4.976,2.719,13.438,4.456,2.838,250.0,250.0,10.544,3.979,2.967,7.276,6.364,3.939,2.425,3.890,4.464,0.464,4.000,4.000,0.000,0.000,0.000,77.0,0.000,
12.11.2025,10:20:5.985,16.313,11.630,2.694,2.804,250.0,250.0,10.803,3.854,3.015,6.754,6.065,3.764,2.301,3.715,4.463,0.463,4.000,4.000,0.000,0.000,0.000,77.0,0.000,
12.11.2025,10:20:6.983,12.235,12.245,3.275,2.807,250.0,250.0,10.402,4.006,3.077,7.285,6.432,3.985,2.447,3.936,4.451,0.460,3.991,3.991,0.000,0.000,0.000,77.0,0.000,
12.11.2025,10:20:7.980,16.313,12.559,3.546,2.867,250.0,250.0,10.511,3.770,2.906,6.564,5.871,3.643,2.228,3.607,4.451,0.460,3.991,3.982,0.000,0.000,0.000,77.0,0.000,
12.11.2025,10:20:8.981,14.953,11.630,2.653,2.822,250.0,250.0,10.217,3.885,2.856,7.044,6.136,3.812,2.324,3.763,4.463,0.463,4.000,3.991,0.000,0.000,0.000,77.0,0.000,
12.11.2025,10:20:9.979,13.594,11.748,2.843,2.783,250.0,250.0,10.332,3.751,2.734,6.660,5.837,3.620,2.217,3.571,4.442,0.460,3.982,3.991,0.000,0.000,0.000,77.0,0.000,
12.11.2025,10:20:10.979,14.953,12.534,3.549,2.813,250.0,250.0,10.398,3.857,2.856,6.935,6.086,3.770,2.316,3.721,4.451,0.460,3.991,3.982,0.000,0.000,0.000,77.0,0.000,
12.11.2025,10:20:11.986,14.953,11.455,2.471,2.807,250.0,250.0,10.545,3.875,2.881,6.994,6.129,3.803,2.326,3.753,4.442,0.460,3.982,3.982,0.001,0.000,0.000,77.0,0.000,
12.11.2025,10:20:12.976,16.313,11.568,2.636,2.814,250.0,250.0,10.611,3.925,2.893,7.178,6.249,3.875,2.374,3.826,4.442,0.460,3.982,3.974,0.000,0.000,0.000,77.0,0.000,
12.11.2025,10:20:13.996,14.953,11.747,2.741,2.809,250.0,250.0,10.470,3.838,2.844,6.894,6.038,3.751,2.287,3.702,4.442,0.460,3.982,3.982,0.000,0.000,0.000,77.0,0.000,
12.11.2025,10:20:15.007,12.235,13.113,4.152,2.816,250.0,250.0,10.436,3.849,2.783,6.996,6.068,3.766,2.302,3.717,4.442,0.460,3.982,3.974,0.000,0.000,0.000,77.0,0.000,
12.11.2025,10:20:16.006,13.594,12.207,3.267,2.795,250.0,250.0,10.456,3.750,2.795,6.615,5.834,3.619,2.215,3.582,4.434,0.460,3.974,3.974,0.001,0.000,0.000,77.0,0.000,
12.11.2025,10:20:17.019,19.032,13.341,4.316,2.881,250.0,250.0,10.165,3.953,2.746,7.434,6.314,3.914,2.400,3.877,4.434,0.460,3.974,3.974,0.000,0.000,0.000,77.0,0.000,
12.11.2025,10:20:18.015,14.953,11.903,2.969,2.784,250.0,250.0,10.071,4.069,2.746,7.881,6.595,4.085,2.510,4.035,4.434,0.460,3.974,3.974,0.001,0.000,0.000,77.0,0.000,
12.11.2025,10:20:19.017,13.594,11.902,2.937,2.810,250.0,250.0,10.726,4.082,2.844,7.828,6.621,4.110,2.511,4.061,4.435,0.461,3.974,3.974,0.000,0.000,0.000,77.0,0.000,
12.11.2025,10:20:20.012,13.594,11.885,2.952,2.798,250.0,250.0,10.577,4.043,2.807,7.716,6.533,4.048,2.485,3.998,4.434,0.460,3.974,3.974,0.001,0.000,0.000,77.0,0.000,
12.11.2025,10:20:21.013,14.953,11.330,2.346,2.832,250.0,250.0,10.232,3.847,2.647,7.133,6.078,3.765,2.313,3.715,4.424,0.458,3.966,3.966,0.000,0.000,0.000,77.0,0.000,
12.11.2025,10:20:22.010,14.953,12.034,3.085,2.797,250.0,250.0,9.876,3.895,2.648,7.326,6.189,3.839,2.350,3.789,4.424,0.458,3.966,3.966,0.000,0.000,0.000,77.0,0.000,
12.11.2025,10:20:23.024,28.547,11.772,2.841,2.808,250.0,250.0,10.234,4.086,2.660,8.041,6.643,4.121,2.522,4.059,4.424,0.458,3.966,3.966,0.000,0.000,0.000,77.0,0.000,
12.11.2025,10:20:24.020,14.953,11.307,2.360,2.791,250.0,250.0,10.183,3.970,2.660,7.598,6.361,3.950,2.411,3.901,4.424,0.458,3.966,3.966,0.000,0.000,0.000,77.0,0.000,
12.11.2025,10:20:25.018,13.594,13.864,4.867,2.806,250.0,250.0,10.182,3.883,2.660,7.261,6.155,3.816,2.339,3.779,4.425,0.459,3.966,3.966,0.000,0.000,0.000,77.0,0.000,
12.11.2025,10:20:26.016,24.469,11.837,2.900,2.781,250.0,250.0,10.333,3.808,2.819,6.816,5.980,3.704,2.276,3.667,4.425,0.459,3.966,3.966,0.000,0.000,0.000,77.0,0.000,
12.11.2025,10:20:27.011,9.516,12.300,3.343,2.823,250.0,250.0,10.136,3.990,2.917,7.420,6.423,3.974,2.449,3.925,4.416,0.458,3.958,3.958,0.000,0.000,0.000,77.0,0.000,
12.11.2025,10:20:28.018,13.594,12.162,3.246,2.785,250.0,250.0,10.361,4.002,2.979,7.407,6.438,3.993,2.445,3.944,4.424,0.458,3.966,3.966,0.000,0.000,0.000,77.0,0.000,
12.11.2025,10:20:29.018,13.594,12.378,3.437,2.787,250.0,250.0,10.553,3.992,2.979,7.381,6.429,3.983,2.446,3.933,4.408,0.458,3.950,3.958,0.000,0.000,0.000,77.0,0.000,
12.11.2025,10:20:30.010,14.953,20.228,10.822,3.167,250.0,250.0,10.770,3.869,2.783,7.101,6.134,3.798,2.336,3.749,4.417,0.459,3.958,3.958,0.000,0.000,0.000,77.0,0.000,
12.11.2025,10:20:31.014,12.235,11.970,2.956,2.809,250.0,250.0,10.285,3.938,2.746,7.396,6.300,3.901,2.399,3.852,4.416,0.458,3.958,3.958,0.000,0.000,0.000,77.0,0.000,
12.11.2025,10:20:32.017,16.313,11.578,2.683,2.796,250.0,250.0,10.220,4.111,2.745,8.066,6.712,4.155,2.557,4.106,4.409,0.459,3.950,3.950,0.000,0.000,0.000,77.0,0.000,
12.11.2025,10:20:33.012,4.078,12.448,3.474,2.815,250.0,250.0,10.149,4.062,2.770,7.858,6.589,4.094,2.495,4.045,4.409,0.459,3.950,3.950,0.000,0.000,0.000,77.0,0.000,
12.11.2025,10:20:34.017,6.797,11.501,2.553,2.807,250.0,250.0,10.553,3.993,2.856,7.500,6.433,3.985,2.448,3.936,4.409,0.459,3.950,3.950,0.000,0.000,0.000,77.0,0.000,
12.11.2025,10:20:35.014,4.078,13.710,4.779,2.800,250.0,250.0,10.297,3.943,2.684,7.490,6.308,3.910,2.398,3.874,4.408,0.458,3.950,3.950,0.001,0.000,0.000,77.0,0.000,
12.11.2025,10:20:36.011,2.719,11.311,2.377,2.751,250.0,250.0,10.226,4.061,2.819,7.809,6.588,4.093,2.495,4.044,4.408,0.458,3.950,3.950,0.000,0.000,0.000,77.0,0.000,
12.11.2025,10:20:37.020,2.719,12.178,3.224,2.788,250.0,250.0,10.487,4.080,2.844,7.850,6.643,4.121,2.522,4.059,4.408,0.458,3.950,3.950,0.000,0.000,0.000,77.0,0.000,
12.11.2025,10:20:38.023,6.797,13.364,4.423,2.819,250.0,250.0,10.796,3.993,2.758,7.606,6.433,3.985,2.448,3.936,4.409,0.459,3.950,3.950,0.000,0.000,0.000,77.0,0.000,
12.11.2025,10:20:39.014,2.719,11.712,2.796,2.794,250.0,250.0,10.550,3.961,2.709,7.531,6.357,3.935,2.422,3.886,4.408,0.458,3.950,3.950,0.000,0.000,0.000,77.0,0.000,
12.11.2025,10:20:40.014,2.719,11.392,2.500,2.763,250.0,250.0,10.480,4.094,2.758,8.001,6.680,4.134,2.546,4.085,4.399,0.458,3.941,3.941,0.000,0.000,0.000,77.0,0.000,
12.11.2025,10:20:41.011,4.078,12.470,3.507,2.764,250.0,250.0,10.771,3.770,2.672,6.840,5.903,3.665,2.238,3.616,4.408,0.458,3.950,3.950,0.000,0.000,0.000,77.0,0.000,
12.11.2025,10:20:42.009,2.719,11.016,2.103,2.800,250.0,250.0,10.655,3.870,2.733,7.162,6.136,3.812,2.324,3.763,4.409,0.459,3.950,3.950,0.000,0.000,0.000,77.0,0.000,
12.11.2025,10:20:43.016,2.719,11.720,2.741,2.822,250.0,250.0,10.819,3.845,2.807,7.002,6.089,3.777,2.312,3.728,4.396,0.455,3.941,3.941,0.001,0.000,0.000,77.0,0.000,
12.11.2025,10:20:44.016,4.078,12.528,3.533,2.830,250.0,250.0,10.932,3.823,2.660,7.061,6.034,3.736,2.298,3.686,4.408,0.458,3.950,3.941,0.000,0.000,0.000,77.0,0.000,
12.11.2025,10:20:45.014,2.719,14.715,5.695,2.841,250.0,250.0,10.451,3.929,2.648,7.483,6.290,3.902,2.388,3.852,4.396,0.455,3.941,3.941,0.000,0.000,0.000,77.0,0.000,
12.11.2025,10:20:46.011,19.032,11.599,2.655,2.821,250.0,250.0,10.467,3.763,2.636,6.861,5.898,3.657,2.241,3.607,4.397,0.456,3.941,3.941,0.000,0.000,0.000,77.0,0.000,
12.11.2025,10:20:47.023,4.078,13.550,4.551,2.860,250.0,250.0,10.341,3.737,2.611,6.788,5.834,3.619,2.215,3.570,4.396,0.455,3.941,3.941,0.000,0.000,0.000,77.0,0.000,
12.11.2025,10:20:48.013,4.078,11.511,2.539,2.785,250.0,250.0,10.217,3.711,2.635,6.671,5.772,3.582,2.190,3.545,4.388,0.456,3.932,3.941,0.001,0.000,0.000,77.0,0.000,
12.11.2025,10:20:49.013,4.078,11.737,2.776,2.785,250.0,250.0,10.029,3.891,2.746,7.250,6.201,3.851,2.350,3.802,4.388,0.456,3.932,3.932,0.000,0.000,0.000,77.0,0.000,
12.11.2025,10:20:50.016,2.719,11.568,2.600,2.784,250.0,250.0,10.213,3.929,2.991,7.149,6.299,3.900,2.399,3.850,4.387,0.455,3.932,3.932,0.000,0.000,0.000,77.0,0.000,
12.11.2025,10:20:51.007,6.797,12.053,3.115,2.746,250.0,250.0,10.326,3.822,2.856,6.881,6.038,3.751,2.287,3.702,4.387,0.455,3.932,3.932,0.000,0.000,0.000,77.0,0.000,
12.11.2025,10:20:52.013,2.719,11.385,2.520,2.755,250.0,250.0,10.166,3.865,2.844,7.052,6.139,3.814,2.325,3.764,4.388,0.456,3.932,3.932,0.000,0.000,0.000,77.0,0.000,
12.11.2025,10:20:53.008,6.797,11.796,2.883,2.784,250.0,250.0,10.231,3.825,2.733,7.014,6.047,3.749,2.298,3.700,4.387,0.455,3.932,3.932,0.000,0.000,0.000,77.0,0.000,
12.11.2025,10:20:54.021,4.078,11.239,2.345,2.771,250.0,250.0,10.077,3.678,2.647,6.545,5.705,3.541,2.164,3.492,4.379,0.455,3.924,3.924,0.000,0.000,0.000,77.0,0.000,
12.11.2025,10:20:55.021,4.078,13.684,4.649,2.806,250.0,250.0,10.391,3.785,2.709,6.877,5.956,3.692,2.264,3.643,4.387,0.455,3.932,3.932,0.000,0.000,0.000,77.0,0.000,
12.11.2025,10:20:56.017,2.719,12.108,3.228,2.766,250.0,250.0,10.163,3.796,2.635,7.003,5.983,3.705,2.278,3.668,4.380,0.456,3.924,3.924,0.000,0.000,0.000,77.0,0.000,
12.11.2025,10:20:57.010,5.438,12.752,3.822,2.783,250.0,250.0,10.149,4.224,2.807,8.476,6.992,4.338,2.654,4.288,4.380,0.456,3.924,3.924,0.001,0.000,0.000,77.0,0.000,
12.11.2025,10:20:58.016,5.438,15.466,6.449,2.787,250.0,250.0,10.318,4.131,2.709,8.218,6.775,4.205,2.570,4.156,4.379,0.455,3.924,3.924,0.000,0.000,0.000,77.0,0.000,
12.11.2025,10:20:59.012,5.438,15.414,6.406,2.886,250.0,250.0,10.518,4.020,2.893,7.618,6.517,4.046,2.471,3.997,4.367,0.452,3.915,3.924,0.000,0.000,0.000,77.0,0.000,
12.11.2025,10:21:0.008,4.078,15.711,6.645,2.870,250.0,250.0,10.264,4.027,2.795,7.743,6.535,4.061,2.474,4.012,4.367,0.452,3.915,3.915,0.000,0.000,0.000,77.0,0.000,
12.11.2025,10:21:1.013,4.078,16.998,7.978,2.847,250.0,250.0,10.330,3.953,2.709,7.531,6.362,3.938,2.424,3.889,4.379,0.455,3.924,3.924,0.000,0.000,0.000,77.0,0.000,
12.11.2025,10:21:2.013,2.719,13.634,4.595,2.816,250.0,250.0,10.214,3.833,2.709,7.089,6.079,3.765,2.314,3.728,4.367,0.452,3.915,3.915,0.000,0.000,0.000,77.0,0.000,
12.11.2025,10:21:3.012,2.719,12.612,3.682,2.786,250.0,250.0,10.175,3.918,2.783,7.327,6.277,3.889,2.388,3.840,4.380,0.456,3.924,3.915,0.000,0.000,0.000,77.0,0.000,
12.11.2025,10:21:4.007,5.438,13.670,4.712,2.812,250.0,250.0,10.138,3.983,2.807,7.556,6.438,3.988,2.450,3.939,4.368,0.453,3.915,3.915,0.000,0.000,0.000,77.0,0.000,
12.11.2025,10:21:5.013,20.391,11.725,2.813,2.760,250.0,250.0,10.001,3.790,2.721,6.916,5.975,3.700,2.275,3.663,4.368,0.453,3.915,3.915,0.000,0.000,0.000,77.0,0.000,
12.11.2025,10:21:6.016,2.719,13.565,4.574,2.824,250.0,250.0,10.006,3.952,2.783,7.473,6.359,3.948,2.411,3.899,4.368,0.453,3.915,3.915,0.001,0.000,0.000,77.0,0.000,
12.11.2025,10:21:7.019,5.438,13.565,4.574,2.824,250.0,250.0,10.399,3.922,2.734,7.411,6.298,3.899,2.399,3.850,4.359,0.453,3.906,3.915,0.001,0.000,0.000,77.0,0.000,
12.11.2025,10:21:8.009,2.719,12.055,3.148,2.739,250.0,250.0,10.209,3.846,2.635,7.223,6.111,3.787,2.324,3.751,4.358,0.452,3.906,3.906,0.000,0.000,0.000,77.0,0.000,
12.11.2025,10:21:9.015,1.359,11.744,2.819,2.746,250.0,250.0,9.956,3.893,2.648,7.373,6.221,3.856,2.365,3.819,4.368,0.453,3.915,3.915,0.000,0.000,0.000,77.0,0.000,
12.11.2025,10:21:10.011,1.359,11.332,2.399,2.770,250.0,250.0,10.274,3.755,2.660,6.846,5.900,3.659,2.241,3.622,4.358,0.452,3.906,3.906,0.000,0.000,0.000,77.0,0.000,
12.11.2025,10:21:11.007,14.953,11.607,2.693,2.776,250.0,250.0,10.210,3.898,2.881,7.176,6.236,3.875,2.361,3.826,4.359,0.453,3.906,3.906,0.000,0.000,0.000,77.0,0.000,
12.11.2025,10:21:12.009,1.359,11.423,2.513,2.762,250.0,250.0,10.316,3.767,2.783,6.772,5.932,3.680,2.252,3.630,4.358,0.452,3.906,3.906,0.000,0.000,0.000,77.0,0.000,
12.11.2025,10:21:13.011,2.719,12.136,3.221,2.774,250.0,250.0,10.172,3.767,2.795,6.707,5.895,3.655,2.240,3.618,4.350,0.452,3.898,3.898,0.001,0.000,0.000,77.0,0.000,
12.11.2025,10:21:14.021,5.438,11.262,2.354,2.765,250.0,250.0,10.198,3.820,2.697,7.058,6.058,3.755,2.303,3.706,4.358,0.452,3.906,3.906,0.000,0.000,0.000,77.0,0.000,
12.11.2025,10:21:15.018,1.359,13.052,4.046,2.816,250.0,250.0,10.198,3.820,2.697,7.058,6.058,3.755,2.303,3.706,4.358,0.452,3.906,3.906,0.000,0.000,0.000,77.0,0.000,
12.11.2025,10:21:16.019,6.797,11.877,2.921,2.794,250.0,250.0,10.330,4.031,2.893,7.685,6.556,4.071,2.485,4.022,4.351,0.453,3.898,3.898,0.000,0.000,0.000,77.0,0.000,
12.11.2025,10:21:17.010,6.797,12.990,3.981,2.830,250.0,250.0,10.457,4.288,2.635,8.907,7.156,4.438,2.718,4.389,4.368,0.470,3.898,3.898,0.000,0.000,0.000,77.0,0.000,
12.11.2025,10:21:18.013,6.797,12.990,3.981,2.830,250.0,250.0,10.302,3.848,2.586,7.285,6.129,3.803,2.326,3.754,4.350,0.452,3.898,3.898,0.000,0.000,0.000,77.0,0.000,
12.11.2025,10:21:19.025,2.719,11.717,2.835,2.748,250.0,250.0,10.082,3.892,2.562,7.480,6.240,3.864,2.376,3.815,4.340,0.450,3.890,3.898,0.000,0.000,0.000,77.0,0.000,
12.11.2025,10:21:20.022,4.078,11.693,2.727,2.779,250.0,250.0,10.179,3.955,2.611,7.680,6.389,3.964,2.425,3.914,4.340,0.450,3.890,3.890,0.000,0.000,0.000,77.0,0.000,
12.11.2025,10:21:21.022,14.953,11.693,2.797,2.757,250.0,250.0,10.364,3.976,2.697,7.677,6.429,3.995,2.434,3.946,4.340,0.450,3.890,3.898,0.000,0.000,0.000,77.0,0.000,
12.11.2025,10:21:22.022,4.078,11.321,2.412,2.773,250.0,250.0,10.395,3.927,2.722,7.464,6.316,3.915,2.401,3.879,4.340,0.450,3.890,3.890,0.001,0.000,0.000,77.0,0.000,
12.11.2025,10:21:23.009,9.516,11.219,2.309,2.776,250.0,250.0,10.533,4.012,2.611,7.891,6.521,4.035,2.486,3.986,4.351,0.453,3.898,3.890,0.000,0.000,0.000,77.0,0.000,
12.11.2025,10:21:24.024,17.672,12.248,3.329,2.752,250.0,250.0,10.504,3.957,2.623,7.684,6.394,3.959,2.435,3.910,4.340,0.450,3.890,3.890,0.000,0.000,0.000,77.0,0.000,
12.11.2025,10:21:25.021,4.078,11.562,2.689,2.758,250.0,250.0,10.147,3.906,2.685,7.421,6.273,3.887,2.386,3.837,4.341,0.451,3.890,3.890,0.000,0.000,0.000,77.0,0.000,
12.11.2025,10:21:26.020,2.719,12.950,3.979,2.781,250.0,250.0,10.143,3.769,2.611,6.973,5.948,3.687,2.261,3.637,4.340,0.450,3.890,3.890,0.000,0.000,0.000,77.0,0.000,
12.11.2025,10:21:27.012,4.078,11.952,3.028,2.746,250.0,250.0,9.946,3.918,2.684,7.467,6.297,3.911,2.386,3.862,4.341,0.451,3.890,3.890,0.000,0.000,0.000,77.0,0.000,
12.11.2025,10:21:28.018,2.719,12.988,4.059,2.801,250.0,250.0,10.102,3.910,2.672,7.460,6.288,3.901,2.387,3.852,4.332,0.451,3.881,3.881,0.000,0.000,0.000,77.0,0.000,
12.11.2025,10:21:29.009,2.719,11.550,2.631,2.790,250.0,250.0,10.118,4.105,2.647,8.219,6.738,4.181,2.557,4.132,4.341,0.451,3.890,3.890,0.000,0.000,0.000,77.0,0.000,
12.11.2025,10:21:30.012,8.156,11.732,2.805,2.753,250.0,250.0,10.375,3.844,2.709,7.174,6.133,3.798,2.335,3.748,4.332,0.451,3.881,3.881,0.000,0.000,0.000,77.0,0.000,
12.11.2025,10:21:31.007,2.719,21.581,12.304,3.092,250.0,250.0,10.398,3.871,2.611,7.368,6.201,3.839,2.362,3.789,4.332,0.451,3.881,3.881,0.000,0.000,0.000,77.0,0.000,
12.11.2025,10:21:32.017,9.516,13.540,4.559,2.797,250.0,250.0,10.416,3.835,2.574,7.269,6.114,3.789,2.325,3.739,4.331,0.450,3.881,3.881,0.000,0.000,0.000,77.0,0.000,
12.11.2025,10:21:33.014,2.719,12.403,3.437,2.755,250.0,250.0,10.492,3.971,2.672,7.692,6.434,3.986,2.448,3.937,4.332,0.451,3.881,3.881,0.000,0.000,0.000,77.0,0.000,
12.11.2025,10:21:34.011,9.516,11.725,2.827,2.764,250.0,250.0,10.652,4.086,2.623,8.182,6.704,4.158,2.546,4.109,4.331,0.450,3.881,3.881,0.001,0.000,0.000,77.0,0.000,
12.11.2025,10:21:35.008,2.719,13.847,4.886,2.791,250.0,250.0,10.403,4.035,2.574,8.043,6.586,4.087,2.499,4.038,4.323,0.450,3.873,3.873,0.000,0.000,0.000,77.0,0.000,
12.11.2025,10:21:36.011,2.719,12.450,3.553,2.775,250.0,250.0,10.398,3.836,2.783,7.064,6.116,3.790,2.326,3.741,4.332,0.451,3.881,3.881,0.000,0.000,0.000,77.0,0.000,
12.11.2025,10:21:37.024,2.719,11.730,2.750,2.751,250.0,250.0,10.603,3.976,2.930,7.458,6.452,4.002,2.450,3.952,4.324,0.451,3.873,3.873,0.000,0.000,0.000,77.0,0.000,
12.11.2025,10:21:38.037,2.719,11.480,2.590,2.723,250.0,250.0,10.652,3.879,2.893,7.141,6.226,3.864,2.362,3.815,4.310,0.446,3.864,3.873,0.000,0.000,0.000,77.0,0.000,
12.11.2025,10:21:39.036,2.719,11.509,2.646,2.716,250.0,250.0,10.646,3.863,2.722,7.245,6.177,3.827,2.350,3.790,4.323,0.450,3.873,3.873,0.000,0.000,0.000,77.0,0.000,
12.11.2025,10:21:40.037,1.359,11.556,2.698,2.747,250.0,250.0,10.551,3.919,2.685,7.505,6.315,3.914,2.401,3.877,4.311,0.447,3.864,3.873,0.000,0.000,0.000,77.0,0.000,
12.11.2025,10:21:41.028,16.313,11.625,2.686,2.754,250.0,250.0,10.333,3.818,2.624,7.187,6.079,3.765,2.314,3.728,4.311,0.447,3.864,3.864,0.000,0.000,0.000,77.0,0.000,
12.11.2025,10:21:42.029,2.719,11.418,2.558,2.722,250.0,250.0,10.329,3.838,2.611,7.252,6.122,3.794,2.328,3.757,4.324,0.451,3.873,3.864,0.000,0.000,0.000,77.0,0.000,
12.11.2025,10:21:43.030,6.797,11.605,2.725,2.741,250.0,250.0,10.385,3.743,2.697,6.817,5.907,3.667,2.240,3.618,4.311,0.447,3.864,3.864,0.000,0.000,0.000,77.0,0.000,
12.11.2025,10:21:44.026,2.719,14.037,5.068,2.818,250.0,250.0,10.482,3.721,2.734,6.696,5.858,3.630,2.228,3.581,4.310,0.446,3.864,3.864,0.000,0.000,0.000,77.0,0.000,
12.11.2025,10:21:45.041,10.875,11.382,2.446,2.782,250.0,250.0,10.176,3.909,2.869,7.287,6.296,3.910,2.386,3.861,4.310,0.446,3.864,3.864,0.001,0.000,0.000,77.0,0.000,
12.11.2025,10:21:46.051,5.438,12.128,3.224,2.768,250.0,250.0,10.378,3.858,2.721,7.239,6.173,3.825,2.348,3.788,4.310,0.446,3.864,3.864,0.000,0.000,0.000,77.0,0.000,
12.11.2025,10:21:47.046,4.078,12.991,3.953,2.834,250.0,250.0,10.248,3.830,2.672,7.191,6.114,3.789,2.325,3.752,4.301,0.446,3.855,3.855,0.000,0.000,0.000,77.0,0.000,
12.11.2025,10:21:48.044,4.078,11.856,2.988,2.778,250.0,250.0,10.115,3.962,2.623,7.739,6.430,3.991,2.439,3.941,4.301,0.446,3.855,3.855,0.000,0.000,0.000,77.0,0.000,
12.11.2025,10:21:49.060,4.078,12.153,3.220,2.794,250.0,250.0,10.409,4.016,2.636,7.933,6.560,4.062,2.498,4.013,4.301,0.446,3.855,3.855,0.000,0.000,0.000,77.0,0.000,
12.11.2025,10:21:50.062,2.719,11.928,2.987,2.776,250.0,250.0,10.214,4.061,2.660,8.081,6.660,4.136,2.524,4.087,4.301,0.446,3.855,3.855,0.000,0.000,0.000,77.0,0.000,
12.11.2025,10:21:51.058,2.719,11.505,2.576,2.788,250.0,250.0,10.519,4.058,2.820,7.910,6.660,4.124,2.536,4.074,4.301,0.446,3.855,3.855,0.000,0.000,0.000,77.0,0.000,
12.11.2025,10:21:52.060,6.797,11.417,2.501,2.778,250.0,250.0,10.454,4.042,2.832,7.831,6.624,4.100,2.524,4.050,4.301,0.446,3.855,3.855,0.000,0.000,0.000,77.0,0.000,
12.11.2025,10:21:53.058,6.797,12.341,3.383,2.785,250.0,250.0,10.382,4.047,2.770,7.915,6.634,4.111,2.523,4.062,4.301,0.446,3.855,3.855,0.000,0.000,0.000,77.0,0.000,
12.11.2025,10:21:54.069,14.953,13.515,4.575,2.787,250.0,250.0,10.464,4.001,2.623,7.884,6.528,4.040,2.488,3.990,4.302,0.447,3.855,3.855,0.000,0.000,0.000,77.0,0.000,
12.11.2025,10:21:55.060,5.438,12.424,3.495,2.771,250.0,250.0,10.346,4.031,2.599,8.040,6.594,4.097,2.497,4.048,4.293,0.446,3.847,3.847,0.000,0.000,0.000,77.0,0.000,
12.11.2025,10:21:56.063,6.797,12.281,3.311,2.809,250.0,250.0,10.432,3.903,2.660,7.479,6.291,3.902,2.389,3.853,4.301,0.446,3.855,3.855,0.000,0.000,0.000,77.0,0.000,
12.11.2025,10:21:57.061,12.235,13.173,4.141,2.854,250.0,250.0,10.571,3.887,2.660,7.434,6.259,3.881,2.378,3.844,4.284,0.446,3.838,3.847,0.000,0.000,0.000,77.0,0.000,
12.11.2025,10:21:58.060,5.438,12.171,3.237,2.809,250.0,250.0,10.613,3.834,2.685,7.194,6.135,3.807,2.328,3.758,4.292,0.445,3.847,3.847,0.000,0.000,0.000,77.0,0.000,
12.11.2025,10:21:59.070,5.438,12.689,3.744,2.795,250.0,250.0,10.578,3.924,2.954,7.274,6.348,3.937,2.411,3.887,4.292,0.445,3.847,3.847,0.000,0.000,0.000,77.0,0.000,
12.11.2025,10:22:0.053,16.313,12.579,3.660,2.776,250.0,250.0,10.807,3.847,2.758,7.182,6.172,3.831,2.341,3.782,4.283,0.445,3.838,3.838,0.001,0.000,0.000,77.0,0.000,
12.11.2025,10:22:1.070,5.438,12.171,3.223,2.801,250.0,250.0,10.727,3.976,2.819,7.605,6.472,4.011,2.461,3.962,4.293,0.446,3.847,3.838,0.000,0.000,0.000,77.0,0.000,
12.11.2025,10:22:2.064,5.438,11.785,2.830,2.781,250.0,250.0,10.684,3.866,2.685,7.335,6.213,3.851,2.362,3.814,4.283,0.445,3.838,3.838,0.000,0.000,0.000,77.0,0.000,
12.11.2025,10:22:3.059,17.672,12.088,3.157,2.798,250.0,250.0,10.335,3.938,2.721,7.571,6.385,3.961,2.424,3.912,4.284,0.446,3.838,3.838,0.000,0.000,0.000,77.0,0.000,
12.11.2025,10:22:4.070,9.516,13.231,4.247,2.809,250.0,250.0,10.361,3.927,2.709,7.534,6.365,3.940,2.425,3.891,4.283,0.445,3.838,3.838,0.000,0.000,0.000,77.0,0.000,
12.11.2025,10:22:5.059,14.953,12.010,3.032,2.787,250.0,250.0,10.437,3.843,2.770,7.166,6.163,3.826,2.337,3.777,4.276,0.446,3.830,3.838,0.000,0.000,0.000,77.0,0.000,
12.11.2025,10:22:6.059,19.032,11.887,2.925,2.789,250.0,250.0,10.430,3.822,2.685,7.165,6.116,3.790,2.326,3.741,4.283,0.445,3.838,3.830,0.001,0.000,0.000,77.0,0.000,
12.11.2025,10:22:7.061,14.953,12.998,4.017,2.847,250.0,250.0,10.560,3.897,2.697,7.432,6.292,3.903,2.389,3.854,4.283,0.445,3.838,3.838,0.000,0.000,0.000,77.0,0.000,
12.11.2025,10:22:8.061,20.391,11.804,2.903,2.787,250.0,250.0,10.434,3.930,2.684,7.581,6.376,3.951,2.425,3.902,4.276,0.446,3.830,3.830,0.000,0.000,0.000,77.0,0.000,
12.11.2025,10:22:9.057,9.516,11.762,2.784,2.797,250.0,250.0,10.399,4.108,2.709,8.236,6.795,4.210,2.585,4.161,4.276,0.446,3.830,3.830,0.000,0.000,0.000,77.0,0.000,
12.11.2025,10:22:10.060,2.719,12.522,3.638,2.761,250.0,250.0,10.664,3.941,2.721,7.585,6.403,3.965,2.438,3.915,4.276,0.446,3.830,3.830,0.000,0.000,0.000,77.0,0.000,
12.11.2025,10:22:11.065,19.032,11.300,2.364,2.776,250.0,250.0,10.536,3.982,2.734,7.733,6.499,4.025,2.474,3.975,4.276,0.446,3.830,3.830,0.000,0.000,0.000,77.0,0.000,
12.11.2025,10:22:12.058,2.719,11.988,3.050,2.770,250.0,250.0,10.607,4.027,2.722,7.921,6.596,4.098,2.498,4.049,4.276,0.446,3.830,3.830,0.000,0.000,0.000,77.0,0.000,
12.11.2025,10:22:13.056,19.032,11.693,2.816,2.769,250.0,250.0,10.544,4.019,2.746,7.863,6.585,4.074,2.511,4.025,4.276,0.446,3.830,3.830,0.000,0.000,0.000,77.0,0.000,
12.11.2025,10:22:14.123,2.719,13.600,4.643,2.765,250.0,250.0,10.816,3.875,2.660,7.394,6.245,3.868,2.377,3.819,4.276,0.446,3.830,3.830,0.000,0.000,0.000,77.0,0.000,
12.11.2025,10:22:15.119,4.078,12.648,3.726,2.769,250.0,250.0,10.358,3.955,2.685,7.684,6.434,3.986,2.448,3.937,4.275,0.445,3.830,3.830,0.000,0.000,0.000,77.0,0.000,
12.11.2025,10:22:16.121,2.719,15.727,6.751,2.756,250.0,250.0,10.542,3.937,2.611,7.686,6.392,3.966,2.426,3.917,4.272,0.442,3.830,3.830,0.000,0.000,0.000,77.0,0.000,
12.11.2025,10:22:17.131,4.078,13.143,4.165,2.806,250.0,250.0,10.704,3.687,2.538,6.808,5.796,3.594,2.202,3.557,4.275,0.445,3.830,3.830,0.000,0.000,0.000,77.0,0.000,
12.11.2025,10:22:18.124,2.719,12.202,3.260,2.802,250.0,250.0,10.014,3.701,2.537,6.857,5.834,3.618,2.216,3.569,4.276,0.446,3.830,3.830,0.000,0.000,0.000,77.0,0.000,
12.11.2025,10:22:19.126,2.719,11.600,2.658,2.799,250.0,250.0,10.170,3.727,2.623,6.874,5.900,3.658,2.242,3.609,4.271,0.441,3.830,3.822,0.001,0.000,0.000,77.0,0.000,
12.11.2025,10:22:20.126,2.719,11.821,2.872,2.764,250.0,250.0,10.112,3.808,2.721,7.080,6.082,3.768,2.314,3.731,4.276,0.446,3.830,3.830,0.000,0.000,0.000,77.0,0.000,
12.11.2025,10:22:21.121,2.719,11.853,2.943,2.753,250.0,250.0,10.254,3.833,2.734,7.165,6.145,3.818,2.327,3.769,4.271,0.441,3.830,3.830,0.001,0.000,0.000,77.0,0.000,
12.11.2025,10:22:22.137,2.719,11.809,2.939,2.770,250.0,250.0,10.172,3.713,2.746,6.708,5.866,3.640,2.226,3.591,4.264,0.442,3.822,3.822,0.000,0.000,0.000,77.0,0.000,
12.11.2025,10:22:23.149,1.359,11.809,2.939,2.770,250.0,250.0,9.952,3.753,2.746,6.857,5.952,3.689,2.263,3.652,4.271,0.441,3.830,3.830,0.000,0.000,0.000,77.0,0.000,
12.11.2025,10:22:24.162,2.719,11.768,2.861,2.778,250.0,250.0,10.343,3.696,2.685,6.709,5.828,3.615,2.213,3.566,4.263,0.441,3.822,3.822,0.000,0.000,0.000,77.0,0.000,
12.11.2025,10:22:25.163,10.875,14.071,5.069,2.802,250.0,250.0,10.209,3.929,2.562,7.716,6.373,3.949,2.424,3.912,4.264,0.442,3.822,3.822,0.001,0.000,0.000,77.0,0.000,
12.11.2025,10:22:26.160,12.235,12.469,3.530,2.780,250.0,250.0,9.910,3.849,2.574,7.402,6.189,3.839,2.350,3.790,4.264,0.442,3.822,3.822,0.000,0.000,0.000,77.0,0.000,
12.11.2025,10:22:27.155,2.719,12.189,3.290,2.773,250.0,250.0,9.945,3.679,2.611,6.709,5.786,3.583,2.203,3.546,4.263,0.441,3.822,3.822,0.000,0.000,0.000,77.0,0.000,
12.11.2025,10:22:28.151,2.719,12.861,3.852,2.785,250.0,250.0,9.966,3.788,2.660,7.080,6.043,3.754,2.289,3.705,4.263,0.441,3.822,3.822,0.000,0.000,0.000,77.0,0.000,
12.11.2025,10:22:29.162,1.359,12.536,3.632,2.794,250.0,250.0,10.169,3.656,2.611,6.624,5.734,3.556,2.178,3.507,4.263,0.441,3.822,3.822,0.001,0.000,0.000,77.0,0.000,
12.11.2025,10:22:30.173,8.156,11.865,2.911,2.760,250.0,250.0,10.183,3.716,2.623,6.847,5.879,3.648,2.231,3.611,4.254,0.441,3.813,3.813,0.000,0.000,0.000,77.0,0.000,
12.11.2025,10:22:31.170,2.719,17.350,8.227,2.972,250.0,250.0,10.085,3.828,2.685,7.205,6.143,3.804,2.339,3.755,4.263,0.441,3.822,3.822,0.000,0.000,0.000,77.0,0.000,
12.11.2025,10:22:32.169,4.078,14.499,5.451,2.887,250.0,250.0,10.369,3.764,2.648,7.011,5.997,3.719,2.278,3.670,4.254,0.441,3.813,3.813,0.000,0.000,0.000,77.0,0.000,
12.11.2025,10:22:33.177,2.719,13.664,4.703,2.788,250.0,250.0,10.228,3.758,2.611,7.020,5.985,3.707,2.278,3.657,4.254,0.441,3.813,3.813,0.000,0.000,0.000,77.0,0.000,
12.11.2025,10:22:34.174,2.719,12.226,3.358,2.730,250.0,250.0,10.198,3.708,2.587,6.861,5.860,3.632,2.228,3.595,4.254,0.441,3.813,3.813,0.000,0.000,0.000,77.0,0.000,
12.11.2025,10:22:35.171,2.719,14.531,5.554,2.764,250.0,250.0,10.002,3.974,2.709,7.755,6.497,4.024,2.473,3.975,4.246,0.442,3.804,3.813,0.000,0.000,0.000,77.0,0.000,
12.11.2025,10:22:36.184,2.719,13.625,4.650,2.783,250.0,250.0,12.675,5.756,2.917,14.342,10.701,6.634,4.067,6.548,4.262,0.440,3.822,3.822,0.000,0.000,0.000,77.0,0.000,
12.11.2025,10:22:37.202,9.516,20.620,11.424,3.036,250.0,250.0,11.702,4.833,2.832,10.810,8.469,5.244,3.225,5.183,4.374,0.534,3.840,3.822,0.000,0.000,0.000,77.0,0.000,
Date,Time,"VR VCC 전류 (SVID IOUT) [A]","CPU 패키지 전력 소비 [W]","IA 코어 전력 소비 [W]","시스템 에이전트 전력 소비 [W]","PL1 전력 제한 (Static) [W]","PL2 전력 제한 (Static) [W]","GPU 전력 소비 [W]","GPU 라인 전력 소비 (avg) [W]","GPU PCIe +12V 입력 전력 소비 [W]","GPU 12VHPWR 전력 소비 [W]","GPU Unknown Rail (D6) 전력 소비 (sum) [W]","GPU Core (NVVDD) 입력 전력 소비 (sum) [W]","GPU Unknown Rail (D4) 전력 소비 (sum) [W]","GPU Misc0 입력 전력 소비 (sum) [W]","GPU Unknown Rail (D) 전력 소비 (sum) [W]","GPU Unknown Rail (10) 전력 소비 [W]","GPU Core (NVVDD) 출력 전력 소비 [W]","GPU Core (NVVDD) 출력 전력 소비 [W]","PCH 전력 소비 [W]","나머지 칩 전력 소비 [W]","총 전력 소비 [W]","T3 [°C]","총 전력 소비 [W]",
,,CPU [#0]: Intel Core Ultra 7 265KF: Enhanced,CPU [#0]: Intel Core Ultra 7 265KF: Enhanced,CPU [#0]: Intel Core Ultra 7 265KF: Enhanced,CPU [#0]: Intel Core Ultra 7 265KF: Enhanced,CPU [#0]: Intel Core Ultra 7 265KF: Enhanced,CPU [#0]: Intel Core Ultra 7 265KF: Enhanced,GPU [#1]: NVIDIA GeForce RTX 5090: GIGABYTE GeForce RTX 5090 GAMING OC 32G (GV-N5090GAMING OC-32GD),GPU [#1]: NVIDIA GeForce RTX 5090: GIGABYTE GeForce RTX 5090 GAMING OC 32G (GV-N5090GAMING OC-32GD),GPU [#1]: NVIDIA GeForce RTX 5090: GIGABYTE GeForce RTX 5090 GAMING OC 32G (GV-N5090GAMING OC-32GD),GPU [#1]: NVIDIA GeForce RTX 5090: GIGABYTE GeForce RTX 5090 GAMING OC 32G (GV-N5090GAMING OC-32GD),GPU [#1]: NVIDIA GeForce RTX 5090: GIGABYTE GeForce RTX 5090 GAMING OC 32G (GV-N5090GAMING OC-32GD),GPU [#1]: NVIDIA GeForce RTX 5090: GIGABYTE GeForce RTX 5090 GAMING OC 32G (GV-N5090GAMING OC-32GD),GPU [#1]: NVIDIA GeForce RTX 5090: GIGABYTE GeForce RTX 5090 GAMING OC 32G (GV-N5090GAMING OC-32GD),GPU [#1]: NVIDIA GeForce RTX 5090: GIGABYTE GeForce RTX 5090 GAMING OC 32G (GV-N5090GAMING OC-32GD),GPU [#1]: NVIDIA GeForce RTX 5090: GIGABYTE GeForce RTX 5090 GAMING OC 32G (GV-N5090GAMING OC-32GD),GPU [#1]: NVIDIA GeForce RTX 5090: GIGABYTE GeForce RTX 5090 GAMING OC 32G (GV-N5090GAMING OC-32GD),GPU [#1]: NVIDIA GeForce RTX 5090: GIGABYTE GeForce RTX 5090 GAMING OC 32G (GV-N5090GAMING OC-32GD),GPU [#1]: NVIDIA GeForce RTX 5090: GIGABYTE GeForce RTX 5090 GAMING OC 32G (GV-N5090GAMING OC-32GD),CPU [#0]: Intel Core Ultra 7 265KF: Enhanced,CPU [#0]: Intel Core Ultra 7 265KF: Enhanced,DDR5 DIMM [#3]: Micron CP32G64C40U5B.M8B1 (BANK 0/DIMMA2),NUC126,DDR5 DIMM [#1]: Micron CP32G64C40U5B.M8B1 (BANK 1/DIMMB2),
