Date,Time,"VR VCC 전류 (SVID IOUT) [A]","CPU 패키지 전력 소비 [W]","IA 코어 전력 소비 [W]","시스템 에이전트 전력 소비 [W]","PL1 전력 제한 (Static) [W]","PL2 전력 제한 (Static) [W]","GPU 전력 소비 [W]","GPU 라인 전력 소비 (avg) [W]","GPU PCIe +12V 입력 전력 소비 [W]","GPU 12VHPWR 전력 소비 [W]","GPU Unknown Rail (D6) 전력 소비 (sum) [W]","GPU Core (NVVDD) 입력 전력 소비 (sum) [W]","GPU Unknown Rail (D4) 전력 소비 (sum) [W]","GPU Misc0 입력 전력 소비 (sum) [W]","GPU Unknown Rail (D) 전력 소비 (sum) [W]","GPU Unknown Rail (10) 전력 소비 [W]","GPU Core (NVVDD) 출력 전력 소비 [W]","GPU Core (NVVDD) 출력 전력 소비 [W]","PCH 전력 소비 [W]","나머지 칩 전력 소비 [W]","총 전력 소비 [W]","T3 [°C]","총 전력 소비 [W]",
12.11.2025,13:42:53.616,2.719,11.990,3.038,2.803,250.0,250.0,10.408,5.268,2.795,12.488,9.468,5.877,3.591,5.803,4.419,0.603,3.816,3.822,0.000,0.000,0.000,42.0,0.000,
12.11.2025,13:42:54.609,2.719,13.896,4.839,2.872,250.0,250.0,15.158,3.827,2.611,7.278,6.144,3.804,2.340,3.755,4.263,0.441,3.822,3.813,0.000,0.000,0.000,42.0,0.000,
12.11.2025,13:42:55.607,2.719,16.796,7.804,2.854,250.0,250.0,13.892,4.912,2.795,11.241,8.701,5.390,3.311,5.329,4.264,0.442,3.822,3.822,0.000,0.000,0.000,42.0,0.000,
12.11.2025,13:42:56.605,1.359,16.059,6.909,2.939,250.0,250.0,14.547,4.248,2.746,8.749,7.127,4.419,2.708,4.369,4.271,0.441,3.830,3.822,0.000,0.000,0.000,42.0,0.000,
12.11.2025,13:42:57.600,20.391,16.062,7.017,2.833,250.0,250.0,31.015,20.375,8.853,61.231,43.461,26.953,16.508,26.634,6.958,0.731,6.227,6.190,0.000,0.000,0.000,42.0,0.000,
12.11.2025,13:42:58.600,14.953,37.928,28.950,3.247,250.0,250.0,81.111,26.796,8.873,81.083,55.798,34.593,21.205,34.176,11.172,1.247,9.925,9.887,0.000,0.000,0.000,42.0,0.000,
12.11.2025,13:42:59.615,16.313,26.999,19.198,3.313,250.0,250.0,91.757,26.814,8.898,80.872,55.679,34.522,21.157,34.105,11.501,0.987,10.514,9.910,0.000,0.000,0.000,42.0,0.000,
12.11.2025,13:43:0.601,21.750,26.246,18.538,3.286,250.0,250.0,84.202,20.223,8.939,60.541,43.095,26.717,16.378,26.398,6.951,0.634,6.317,6.260,0.000,0.000,0.000,42.0,0.000,
12.11.2025,13:43:1.615,19.032,27.937,20.289,3.240,250.0,250.0,68.854,19.849,8.867,58.725,41.927,26.003,15.924,25.684,7.540,0.726,6.814,6.280,0.000,0.000,0.500,42.0,0.000,
12.11.2025,13:43:2.613,19.032,30.362,22.677,3.280,250.0,250.0,69.094,20.083,8.866,59.629,42.488,26.345,16.143,26.026,7.539,0.726,6.813,6.260,0.000,0.000,0.000,42.0,0.000,
12.11.2025,13:43:3.606,44.860,27.789,20.100,3.254,250.0,250.0,69.396,20.083,8.842,59.632,42.473,26.331,16.142,26.011,7.594,0.729,6.865,6.280,0.000,0.000,0.000,42.0,0.000,
12.11.2025,13:43:4.605,17.672,29.383,21.618,3.308,250.0,250.0,69.396,20.090,8.842,59.632,42.473,26.331,16.142,26.011,7.594,0.729,6.865,6.280,0.000,0.000,0.000,42.0,0.000,
12.11.2025,13:43:5.601,17.672,28.207,20.481,3.265,250.0,250.0,49.553,10.293,4.301,30.071,21.317,13.213,8.104,13.053,4.489,0.541,3.948,3.898,0.002,0.000,0.000,42.0,0.000,
12.11.2025,13:43:6.601,21.750,31.131,21.304,3.273,250.0,250.0,34.268,10.754,4.325,31.278,22.085,13.695,8.390,13.523,5.181,0.664,4.517,3.881,0.000,0.000,0.000,42.0,0.000,
12.11.2025,13:43:7.602,13.594,29.806,20.109,3.237,250.0,250.0,33.808,9.677,4.252,27.284,19.547,12.118,7.429,11.983,5.136,0.660,4.476,3.881,0.000,0.000,0.000,42.0,0.000,
12.11.2025,13:43:8.600,13.594,28.855,19.463,3.240,250.0,250.0,32.336,10.012,4.314,29.103,20.718,12.846,7.872,12.699,4.339,0.449,3.890,3.890,0.000,0.000,0.000,42.0,0.000,
12.11.2025,13:43:9.612,14.953,30.210,20.703,3.249,250.0,250.0,32.442,9.560,4.240,27.467,19.665,12.197,7.468,12.049,4.323,0.450,3.873,3.873,0.000,0.000,0.000,42.0,0.000,
12.11.2025,13:43:10.612,19.032,29.063,19.666,3.247,250.0,250.0,31.849,10.095,4.227,28.947,20.573,12.754,7.819,12.595,5.081,0.614,4.467,3.873,0.000,0.000,0.000,42.0,0.000,
12.11.2025,13:43:11.612,9.516,27.398,17.938,3.233,250.0,250.0,31.978,9.227,4.228,26.210,18.874,11.703,7.171,11.568,4.320,0.447,3.873,3.873,0.000,0.000,0.000,42.0,0.000,
12.11.2025,13:43:12.608,21.750,28.964,19.580,3.201,250.0,250.0,31.610,9.827,4.166,28.072,19.984,12.398,7.586,12.251,4.968,0.563,4.405,3.873,0.000,0.000,0.000,42.0,0.000,
12.11.2025,13:43:13.603,17.672,30.229,20.845,3.222,250.0,250.0,32.235,8.719,4.253,24.248,17.672,10.954,6.718,10.831,4.321,0.448,3.873,3.873,0.001,0.000,0.000,42.0,0.000,
12.11.2025,13:43:14.607,21.750,31.569,22.024,3.248,250.0,250.0,32.064,9.286,4.265,26.388,19.011,11.790,7.221,11.642,4.330,0.449,3.881,3.881,0.000,0.000,0.000,42.0,0.000,
12.11.2025,13:43:15.605,20.391,31.689,22.308,3.249,250.0,250.0,32.344,9.697,4.228,27.345,19.579,12.148,7.431,12.000,5.184,0.661,4.523,3.873,0.000,0.000,0.000,42.0,0.000,
12.11.2025,13:43:16.601,23.110,29.403,19.860,3.310,250.0,250.0,31.051,9.797,4.191,27.765,19.813,12.288,7.525,12.140,5.185,0.650,4.535,3.881,0.000,0.000,0.000,42.0,0.000,
12.11.2025,13:43:17.613,19.032,30.457,20.958,3.272,250.0,250.0,31.359,10.485,4.118,30.528,21.487,13.317,8.170,13.158,5.097,0.620,4.477,3.881,0.000,0.000,0.000,42.0,0.000,
12.11.2025,13:43:18.612,31.266,25.627,16.225,3.233,250.0,250.0,32.434,10.125,4.093,29.739,20.970,13.010,7.960,12.850,4.371,0.484,3.887,3.881,0.000,0.000,0.000,42.0,0.000,
12.11.2025,13:43:19.611,17.672,29.072,19.605,3.258,250.0,250.0,32.145,9.957,4.216,28.421,20.238,12.551,7.687,12.391,5.094,0.621,4.473,3.881,0.000,0.000,0.000,42.0,0.000,
12.11.2025,13:43:20.611,16.313,29.742,20.269,3.273,250.0,250.0,31.906,10.005,4.240,28.579,20.353,12.615,7.738,12.468,5.082,0.612,4.470,3.890,0.000,0.000,0.000,42.0,0.000,
12.11.2025,13:43:21.605,17.672,27.883,18.483,3.240,250.0,250.0,32.155,9.852,4.264,28.015,20.016,12.415,7.601,12.268,5.030,0.564,4.466,3.881,0.000,0.000,0.000,42.0,0.000,
12.11.2025,13:43:22.604,20.391,28.359,18.885,3.261,250.0,250.0,32.211,9.980,4.313,28.500,20.356,12.621,7.735,12.461,4.966,0.562,4.404,3.881,0.000,0.000,0.000,42.0,0.000,
12.11.2025,13:43:23.600,16.313,29.689,20.200,3.255,250.0,250.0,32.315,10.022,4.301,28.509,20.344,12.609,7.735,12.462,5.185,0.603,4.582,3.890,0.000,0.000,0.000,42.0,0.000,
12.11.2025,13:43:24.602,19.032,31.025,21.520,3.282,250.0,250.0,32.493,9.362,4.288,26.645,19.186,11.894,7.292,11.747,4.338,0.448,3.890,3.890,0.000,0.000,0.000,42.0,0.000,
12.11.2025,13:43:25.603,19.032,30.737,21.278,3.242,250.0,250.0,32.474,9.944,4.227,28.320,20.181,12.509,7.672,12.362,5.139,0.600,4.539,3.890,0.000,0.000,0.000,42.0,0.000,
12.11.2025,13:43:26.602,28.547,30.421,20.977,3.232,250.0,250.0,32.092,9.837,4.141,28.611,20.305,12.595,7.710,12.448,4.337,0.447,3.890,3.890,0.000,0.000,0.000,42.0,0.000,
12.11.2025,13:43:27.605,19.032,30.259,20.834,3.258,250.0,250.0,31.897,9.862,4.228,28.625,20.375,12.638,7.737,12.478,4.328,0.447,3.881,3.881,0.000,0.000,0.000,42.0,0.000,
12.11.2025,13:43:28.601,17.672,29.331,19.880,3.232,250.0,250.0,31.936,9.636,4.252,27.742,19.837,12.300,7.537,12.153,4.327,0.446,3.881,3.881,0.000,0.000,0.000,42.0,0.000,
12.11.2025,13:43:29.604,17.672,29.212,19.746,3.231,250.0,250.0,31.989,9.723,4.252,27.566,19.736,12.232,7.504,12.084,4.984,0.563,4.421,3.890,0.000,0.000,0.000,42.0,0.000,
12.11.2025,13:43:30.601,20.391,30.003,20.610,3.205,250.0,250.0,32.004,9.818,4.289,27.786,19.893,12.329,7.564,12.181,5.131,0.603,4.528,3.881,0.000,0.000,0.000,42.0,0.000,
12.11.2025,13:43:31.616,19.032,30.260,20.924,3.175,250.0,250.0,32.136,9.780,4.301,27.634,19.802,12.276,7.526,12.129,5.120,0.589,4.531,3.890,0.000,0.000,0.000,42.0,0.000,
12.11.2025,13:43:32.633,27.188,30.215,20.823,3.210,250.0,250.0,32.186,9.924,4.264,28.820,20.517,12.720,7.797,12.561,4.336,0.446,3.890,3.890,0.000,0.000,0.000,42.0,0.000,
12.11.2025,13:43:33.640,19.032,31.025,21.584,3.211,250.0,250.0,32.022,9.646,4.264,27.159,19.487,12.083,7.404,11.936,5.119,0.588,4.531,3.890,0.000,0.000,0.000,42.0,0.000,
12.11.2025,13:43:34.632,17.672,36.601,26.738,3.627,250.0,250.0,31.815,9.434,4.216,26.459,19.025,11.803,7.222,11.655,5.038,0.565,4.473,3.881,0.000,0.000,0.000,42.0,0.000,
12.11.2025,13:43:35.632,20.391,32.704,23.108,3.330,250.0,250.0,31.796,9.636,4.216,27.767,19.836,12.295,7.541,12.147,4.338,0.448,3.890,3.881,0.000,0.000,0.000,42.0,0.000,
12.11.2025,13:43:36.634,19.032,29.946,20.459,3.269,250.0,250.0,32.236,9.954,4.277,28.926,20.583,12.760,7.823,12.613,4.339,0.449,3.890,3.881,0.000,0.000,0.000,42.0,0.000,
12.11.2025,13:43:37.635,29.907,32.858,23.477,3.216,250.0,250.0,32.645,9.823,4.265,28.434,20.269,12.571,7.698,12.424,4.338,0.448,3.890,3.890,0.000,0.000,0.000,42.0,0.000,
12.11.2025,13:43:38.637,23.110,30.274,20.880,3.209,250.0,250.0,31.943,10.225,4.252,29.425,20.884,12.948,7.936,12.800,5.053,0.575,4.478,3.898,0.000,0.000,0.000,42.0,0.000,
12.11.2025,13:43:39.632,20.391,29.898,20.442,3.263,250.0,250.0,32.125,9.816,4.240,27.931,19.952,12.372,7.580,12.224,4.986,0.559,4.427,3.890,0.000,0.000,0.000,42.0,0.000,
12.11.2025,13:43:40.645,17.672,29.329,19.900,3.246,250.0,250.0,32.528,10.100,4.216,28.921,20.550,12.738,7.812,12.590,5.140,0.605,4.535,3.890,0.000,0.000,0.000,42.0,0.000,
12.11.2025,13:43:41.642,19.032,25.737,16.425,3.120,250.0,250.0,30.760,9.724,4.228,28.086,20.042,12.428,7.614,12.269,4.348,0.450,3.898,3.881,0.000,0.000,0.000,42.0,0.000,
12.11.2025,13:43:42.643,28.547,29.477,20.089,3.143,250.0,250.0,30.010,9.840,4.228,28.522,20.306,12.596,7.710,12.436,4.355,0.449,3.906,3.890,0.000,0.000,0.000,42.0,0.000,
12.11.2025,13:43:43.640,16.313,29.490,20.072,3.201,250.0,250.0,32.128,9.796,4.203,28.367,20.208,12.530,7.678,12.371,4.355,0.449,3.906,3.890,0.000,0.000,0.000,42.0,0.000,
12.11.2025,13:43:44.641,16.313,32.378,22.964,3.265,250.0,250.0,32.452,9.560,4.289,27.371,19.638,12.171,7.467,12.024,4.373,0.481,3.892,3.890,0.000,0.000,0.000,42.0,0.000,
12.11.2025,13:43:45.632,17.672,28.703,19.123,3.299,250.0,250.0,31.434,10.008,4.313,29.065,20.691,12.832,7.859,12.684,4.373,0.481,3.892,3.890,0.000,0.000,0.000,42.0,0.000,
12.11.2025,13:43:46.639,16.313,30.011,20.522,3.307,250.0,250.0,32.188,9.156,4.277,25.862,18.701,11.599,7.102,11.452,4.336,0.446,3.890,3.890,0.000,0.000,0.000,42.0,0.000,
12.11.2025,13:43:47.633,16.313,29.413,20.045,3.226,250.0,250.0,32.403,9.704,4.277,27.963,19.996,12.393,7.603,12.246,4.337,0.447,3.890,3.890,0.000,0.000,0.000,42.0,0.000,
12.11.2025,13:43:48.641,27.188,29.488,20.076,3.244,250.0,250.0,31.949,9.719,4.117,28.158,20.015,12.414,7.601,12.254,4.371,0.481,3.890,3.890,0.000,0.000,0.000,42.0,0.000,
12.11.2025,13:43:49.631,17.672,28.929,19.497,3.235,250.0,250.0,31.861,10.056,4.190,28.817,20.465,12.694,7.771,12.535,5.098,0.616,4.482,3.890,0.000,0.000,0.000,42.0,0.000,
12.11.2025,13:43:50.635,20.391,28.821,19.367,3.242,250.0,250.0,31.820,10.627,4.239,30.952,21.815,13.529,8.286,13.369,5.097,0.615,4.482,3.890,0.000,0.000,0.000,42.0,0.000,
12.11.2025,13:43:51.631,19.032,28.752,19.271,3.280,250.0,250.0,32.737,9.545,4.253,26.825,19.279,11.956,7.323,11.808,5.053,0.568,4.485,3.898,0.000,0.000,0.000,42.0,0.000,
12.11.2025,13:43:52.635,16.313,28.900,19.414,3.254,250.0,250.0,32.479,9.168,4.265,25.925,18.727,11.612,7.115,11.477,4.336,0.446,3.890,3.890,0.000,0.000,0.000,42.0,0.000,
12.11.2025,13:43:53.645,20.391,29.497,20.087,3.235,250.0,250.0,32.583,9.878,4.302,28.098,20.098,12.457,7.641,12.310,4.991,0.562,4.429,3.890,0.000,0.000,0.000,42.0,0.000,
12.11.2025,13:43:54.645,20.391,29.601,20.130,3.268,250.0,250.0,32.638,10.030,4.289,28.661,20.435,12.674,7.761,12.514,5.037,0.565,4.472,3.890,0.000,0.000,0.000,42.0,0.000,
12.11.2025,13:43:55.631,20.391,31.474,22.007,3.250,250.0,250.0,32.388,9.655,4.265,27.761,19.864,12.309,7.555,12.161,4.370,0.479,3.891,3.898,0.000,0.000,0.000,42.0,0.000,
12.11.2025,13:43:56.631,21.750,30.323,20.832,3.284,250.0,250.0,32.494,9.506,4.191,26.719,19.177,11.892,7.285,11.745,5.069,0.588,4.481,3.915,0.000,0.000,0.000,42.0,0.000,
12.11.2025,13:43:57.639,20.391,30.439,20.960,3.257,250.0,250.0,32.111,9.517,4.204,26.666,19.144,11.870,7.274,11.734,5.179,0.599,4.580,3.915,0.000,0.000,0.000,42.0,0.000,
12.11.2025,13:43:58.631,14.953,29.843,20.383,3.280,250.0,250.0,32.285,9.943,4.216,28.163,20.080,12.453,7.627,12.294,5.347,0.825,4.522,3.906,0.000,0.000,0.000,42.0,0.000,
12.11.2025,13:43:59.652,19.032,31.070,21.600,3.252,250.0,250.0,32.610,10.283,4.277,29.526,20.959,12.998,7.961,12.839,5.179,0.602,4.577,3.915,0.000,0.000,0.000,42.0,0.000,
12.11.2025,13:44:0.663,17.672,31.849,22.404,3.254,250.0,250.0,32.251,9.538,4.302,27.298,19.602,12.147,7.455,11.999,4.346,0.448,3.898,3.890,0.000,0.000,0.000,42.0,0.000,
12.11.2025,13:44:1.671,19.032,30.147,20.671,3.284,250.0,250.0,32.482,9.476,4.252,26.602,19.133,11.863,7.270,11.728,5.006,0.564,4.442,3.898,0.000,0.000,0.000,42.0,0.000,
12.11.2025,13:44:2.673,14.953,29.735,20.290,3.224,250.0,250.0,32.275,9.579,4.203,27.539,19.683,12.205,7.478,12.058,4.356,0.450,3.906,3.906,0.000,0.000,0.000,42.0,0.000,
12.11.2025,13:44:3.672,19.032,30.126,20.756,3.245,250.0,250.0,32.050,9.435,4.191,26.462,19.004,11.786,7.218,11.651,5.070,0.580,4.490,3.898,0.000,0.000,0.000,42.0,0.000,
12.11.2025,13:44:4.671,27.188,31.153,21.646,3.249,250.0,250.0,32.158,9.683,4.190,27.366,19.578,12.135,7.443,11.988,5.113,0.611,4.502,3.906,0.001,0.000,0.000,42.0,0.000,
12.11.2025,13:44:5.671,36.704,31.087,21.616,3.252,250.0,250.0,32.058,9.902,4.265,28.079,20.062,12.433,7.629,12.285,5.181,0.625,4.556,3.906,0.000,0.000,0.000,42.0,0.000,
12.11.2025,13:44:6.684,16.313,31.345,21.912,3.255,250.0,250.0,32.289,10.118,4.289,28.950,20.611,12.787,7.824,12.627,5.098,0.610,4.488,3.898,0.000,0.000,0.000,42.0,0.000,
12.11.2025,13:44:7.679,20.391,29.654,20.200,3.226,250.0,250.0,32.885,9.727,4.289,28.016,20.035,12.419,7.616,12.272,4.356,0.450,3.906,3.906,0.000,0.000,0.000,42.0,0.000,
12.11.2025,13:44:8.687,19.032,32.339,22.918,3.226,250.0,250.0,32.640,9.515,4.289,27.220,19.538,12.121,7.417,11.973,4.346,0.448,3.898,3.898,0.000,0.000,0.000,42.0,0.000,
12.11.2025,13:44:9.684,16.313,30.364,20.969,3.244,250.0,250.0,32.341,10.049,4.313,28.737,20.489,12.706,7.783,12.559,5.001,0.563,4.438,3.898,0.000,0.000,0.000,42.0,0.000,
12.11.2025,13:44:10.680,21.750,30.587,21.158,3.215,250.0,250.0,32.247,9.631,4.240,27.199,19.507,12.087,7.420,11.940,5.009,0.565,4.444,3.898,0.000,0.000,0.000,42.0,0.000,
12.11.2025,13:44:11.697,19.032,31.104,21.714,3.225,250.0,250.0,32.669,10.182,4.240,29.271,20.784,12.886,7.898,12.726,5.054,0.564,4.490,3.906,0.000,0.000,0.000,42.0,0.000,
12.11.2025,13:44:12.709,29.907,29.483,20.045,3.211,250.0,250.0,32.209,9.561,4.179,27.466,19.623,12.177,7.446,12.029,4.392,0.484,3.908,3.906,0.000,0.000,0.000,42.0,0.000,
12.11.2025,13:44:13.695,14.953,30.103,20.684,3.225,250.0,250.0,31.918,9.851,4.265,28.490,20.305,12.591,7.714,12.443,4.398,0.481,3.917,3.906,0.000,0.000,0.000,42.0,0.000,
12.11.2025,13:44:14.694,27.188,29.200,19.723,3.262,250.0,250.0,31.366,9.759,4.277,28.158,20.116,12.477,7.639,12.318,4.355,0.449,3.906,3.898,0.000,0.000,0.000,42.0,0.000,
12.11.2025,13:44:15.705,23.110,29.312,19.769,3.347,250.0,250.0,31.208,9.454,4.278,26.989,19.390,12.030,7.360,11.882,4.355,0.449,3.906,3.906,0.000,0.000,0.000,42.0,0.000,
12.11.2025,13:44:16.706,19.032,31.310,21.740,3.348,250.0,250.0,32.512,9.637,4.265,27.683,19.810,12.281,7.529,12.134,4.381,0.481,3.900,3.906,0.000,0.000,0.000,42.0,0.000,
12.11.2025,13:44:17.705,27.188,28.777,19.248,3.288,250.0,250.0,31.825,9.998,4.277,28.476,20.312,12.600,7.712,12.440,5.126,0.591,4.535,3.915,0.000,0.000,0.000,42.0,0.000,
12.11.2025,13:44:18.708,17.672,29.509,20.098,3.273,250.0,250.0,32.360,9.354,4.203,26.137,18.818,11.669,7.149,11.534,5.063,0.567,4.496,3.906,0.000,0.000,0.000,42.0,0.000,
12.11.2025,13:44:19.705,21.750,30.576,21.071,3.296,250.0,250.0,31.997,10.316,4.215,30.316,21.410,13.271,8.139,13.111,4.395,0.479,3.916,3.906,0.000,0.000,0.000,42.0,0.000,
12.11.2025,13:44:20.705,28.547,29.115,19.663,3.284,250.0,250.0,32.072,9.595,4.228,27.579,19.719,12.229,7.490,12.082,4.356,0.450,3.906,3.906,0.000,0.000,0.000,42.0,0.000,
12.11.2025,13:44:21.706,17.672,29.080,19.602,3.270,250.0,250.0,31.943,9.542,4.265,26.754,19.239,11.929,7.310,11.794,5.113,0.614,4.499,3.906,0.000,0.000,0.000,42.0,0.000,
12.11.2025,13:44:22.704,23.110,33.284,23.803,3.237,250.0,250.0,31.690,9.642,4.314,27.538,19.755,12.241,7.514,12.093,4.530,0.503,4.027,3.906,0.000,0.000,0.000,42.0,0.000,
12.11.2025,13:44:23.715,20.391,29.137,19.728,3.259,250.0,250.0,32.102,9.479,4.289,27.062,19.446,12.056,7.390,11.909,4.363,0.448,3.915,3.906,0.000,0.000,0.000,42.0,0.000,
12.11.2025,13:44:24.713,19.032,31.568,22.089,3.263,250.0,250.0,31.431,9.421,4.240,26.242,18.909,11.726,7.183,11.578,5.211,0.636,4.575,3.906,0.000,0.000,0.000,42.0,0.000,
12.11.2025,13:44:25.710,17.672,29.877,20.453,3.258,250.0,250.0,31.497,10.143,4.288,29.075,20.682,12.826,7.856,12.679,5.057,0.566,4.491,3.906,0.000,0.000,0.000,42.0,0.000,
12.11.2025,13:44:26.710,16.313,30.333,20.783,3.315,250.0,250.0,32.112,9.242,4.216,26.215,18.878,11.705,7.173,11.558,4.378,0.454,3.924,3.924,0.000,0.000,0.000,42.0,0.000,
12.11.2025,13:44:27.717,24.469,30.034,20.588,3.276,250.0,250.0,32.352,9.705,4.264,27.877,19.939,12.359,7.580,12.212,4.450,0.477,3.973,3.915,0.000,0.000,0.000,42.0,0.000,
12.11.2025,13:44:28.719,20.391,30.417,20.931,3.260,250.0,250.0,31.836,10.321,4.313,29.887,21.206,13.151,8.055,12.992,4.845,0.506,4.339,3.915,0.000,0.000,0.000,42.0,0.000,
12.11.2025,13:44:29.717,20.391,30.417,20.931,3.260,250.0,250.0,32.382,9.912,4.289,28.712,20.454,12.682,7.772,12.535,4.378,0.454,3.924,3.924,0.000,0.000,0.000,42.0,0.000,
12.11.2025,13:44:30.710,25.829,31.387,21.936,3.272,250.0,250.0,31.999,9.772,4.337,27.584,19.799,12.282,7.517,12.135,5.078,0.582,4.496,3.906,0.000,0.000,0.000,42.0,0.000,
12.11.2025,13:44:31.713,19.032,31.359,21.926,3.267,250.0,250.0,32.516,9.760,4.338,28.085,20.108,12.472,7.636,12.312,4.366,0.451,3.915,3.915,0.000,0.000,0.000,42.0,0.000,
12.11.2025,13:44:32.736,14.953,27.928,18.484,3.235,250.0,250.0,32.634,9.892,4.313,28.040,20.070,12.442,7.628,12.295,5.101,0.586,4.515,3.924,0.000,0.000,0.000,42.0,0.000,
12.11.2025,13:44:33.734,27.188,30.046,20.604,3.259,250.0,250.0,32.236,9.438,4.179,26.478,19.011,11.790,7.221,11.655,5.064,0.567,4.497,3.915,0.000,0.000,0.000,42.0,0.000,
12.11.2025,13:44:34.732,24.469,30.607,21.120,3.264,250.0,250.0,31.835,10.028,4.276,29.141,20.730,12.858,7.872,12.698,4.397,0.480,3.917,3.915,0.000,0.000,1.125,42.0,0.000,
12.11.2025,13:44:35.730,24.469,29.910,20.235,3.394,250.0,250.0,31.875,9.627,4.227,27.097,19.430,12.041,7.389,11.893,5.141,0.637,4.504,3.915,0.000,0.000,0.000,42.0,0.000,
12.11.2025,13:44:36.728,21.750,35.939,26.055,3.584,250.0,250.0,31.977,9.976,4.239,28.487,20.291,12.582,7.709,12.435,5.050,0.565,4.485,3.915,0.000,0.000,0.000,42.0,0.000,
12.11.2025,13:44:37.732,23.110,30.081,20.660,3.261,250.0,250.0,31.717,9.553,4.227,26.891,19.305,11.973,7.332,11.826,5.029,0.565,4.464,3.915,0.000,0.000,0.000,42.0,0.000,
12.11.2025,13:44:38.738,17.672,28.913,19.416,3.239,250.0,250.0,32.039,9.432,4.240,26.935,19.324,11.982,7.342,11.847,4.366,0.451,3.915,3.915,0.000,0.000,0.000,42.0,0.000,
12.11.2025,13:44:39.734,19.032,28.480,19.097,3.196,250.0,250.0,31.851,10.318,4.252,29.540,20.960,12.991,7.969,12.832,5.358,0.716,4.642,3.915,0.000,0.000,0.000,42.0,0.000,
12.11.2025,13:44:40.733,17.672,29.558,20.166,3.229,250.0,250.0,33.853,10.019,4.338,28.396,20.298,12.586,7.712,12.439,5.253,0.642,4.611,3.915,0.000,0.000,0.000,42.0,0.000,
12.11.2025,13:44:41.744,14.953,30.632,21.102,3.267,250.0,250.0,33.843,10.438,4.215,30.762,21.683,13.445,8.238,13.285,4.418,0.495,3.923,3.915,0.000,0.000,0.000,42.0,0.000,
12.11.2025,13:44:42.757,23.110,30.307,20.800,3.279,250.0,250.0,33.901,9.951,4.215,28.875,20.518,12.721,7.797,12.573,4.441,0.495,3.946,3.932,0.000,0.000,0.000,42.0,0.000,
12.11.2025,13:44:43.771,16.313,31.803,22.209,3.339,250.0,250.0,32.893,10.335,4.251,30.223,21.367,13.255,8.112,13.095,4.561,0.600,3.961,3.924,0.000,0.000,0.125,42.0,0.000,
12.11.2025,13:44:44.767,19.032,32.298,22.790,3.290,250.0,250.0,49.093,20.214,8.888,59.995,42.726,26.488,16.238,26.169,7.651,0.735,6.916,6.330,0.000,0.000,0.000,42.0,0.000,
12.11.2025,13:44:45.760,29.907,31.590,22.603,3.344,250.0,250.0,68.946,20.239,8.888,60.040,42.749,26.511,16.238,26.192,7.704,0.749,6.955,6.360,0.000,0.000,0.000,42.0,0.000,
12.11.2025,13:44:46.764,21.750,25.100,17.257,3.435,250.0,250.0,56.731,10.014,4.337,29.023,20.685,12.828,7.857,12.681,4.392,0.451,3.941,3.941,0.000,0.000,0.000,42.0,0.000,
12.11.2025,13:44:47.763,17.672,27.125,18.540,3.346,250.0,250.0,34.260,10.169,4.313,29.104,20.725,12.855,7.870,12.696,5.095,0.569,4.526,3.941,0.002,0.000,0.000,42.0,0.000,
12.11.2025,13:44:48.757,20.391,29.318,19.430,3.301,250.0,250.0,33.365,9.641,4.239,27.174,19.483,12.080,7.403,11.933,5.083,0.568,4.515,3.932,0.000,0.000,0.000,42.0,0.000,
12.11.2025,13:44:49.757,23.110,28.114,18.355,3.309,250.0,250.0,32.146,9.722,4.227,27.505,19.679,12.203,7.476,12.055,5.077,0.569,4.508,3.924,0.000,0.000,0.000,42.0,0.000,
12.11.2025,13:44:50.771,23.110,28.658,19.112,3.293,250.0,250.0,31.938,9.661,4.264,27.757,19.854,12.315,7.539,12.168,4.392,0.451,3.941,3.932,0.000,0.000,0.000,42.0,0.000,
12.11.2025,13:44:51.771,20.391,28.630,19.134,3.312,250.0,250.0,32.064,9.724,4.265,27.421,19.652,12.184,7.468,12.037,5.141,0.617,4.524,3.932,0.000,0.000,0.000,42.0,0.000,
12.11.2025,13:44:52.769,25.829,29.177,19.721,3.289,250.0,250.0,31.886,9.771,4.313,27.531,19.751,12.246,7.505,12.099,5.168,0.597,4.571,3.924,0.000,0.000,0.000,42.0,0.000,
12.11.2025,13:44:53.765,21.750,27.767,18.268,3.259,250.0,250.0,31.926,9.842,4.289,27.894,19.953,12.377,7.576,12.230,5.084,0.569,4.515,3.932,0.000,0.000,0.000,42.0,0.375,
12.11.2025,13:44:54.766,17.672,29.707,20.226,3.286,250.0,250.0,31.753,9.425,4.313,26.809,19.299,11.970,7.329,11.822,4.386,0.454,3.932,3.932,0.000,0.000,0.000,42.0,0.000,
12.11.2025,13:44:55.768,24.469,27.962,18.442,3.267,250.0,250.0,31.684,9.425,4.191,28.304,20.150,12.488,7.662,12.341,5.082,0.568,4.514,3.932,0.000,0.000,0.000,42.0,0.000,
12.11.2025,13:44:56.757,16.313,28.818,19.344,3.298,250.0,250.0,31.684,9.923,4.191,28.304,20.150,12.488,7.662,12.341,5.082,0.568,4.514,3.932,0.000,0.000,0.000,42.0,0.000,
12.11.2025,13:44:57.771,17.672,29.010,19.664,3.137,250.0,250.0,27.632,7.911,3.934,21.403,15.716,9.744,5.972,9.633,4.390,0.458,3.932,3.924,0.000,0.000,0.000,42.0,0.000,
12.11.2025,13:44:58.760,20.391,27.904,18.576,3.143,250.0,250.0,29.373,9.845,4.215,27.986,19.968,12.383,7.585,12.224,5.084,0.568,4.516,3.924,0.000,0.000,0.000,42.0,0.000,
12.11.2025,13:44:59.764,20.391,30.478,20.980,3.273,250.0,250.0,31.813,9.707,4.215,27.447,19.635,12.181,7.454,12.034,5.084,0.570,4.514,3.932,0.000,0.000,0.000,42.0,0.000,
12.11.2025,13:45:0.757,27.188,28.437,18.993,3.280,250.0,250.0,32.155,9.869,4.202,28.598,20.347,12.611,7.736,12.464,4.394,0.453,3.941,3.941,0.000,0.000,0.000,42.0,0.000,
12.11.2025,13:45:1.761,20.391,28.207,18.726,3.287,250.0,250.0,32.588,9.944,4.289,28.332,20.234,12.548,7.686,12.389,5.009,0.558,4.451,3.941,0.000,0.000,0.000,42.0,0.000,
12.11.2025,13:45:2.759,24.469,31.585,22.021,3.313,250.0,250.0,32.266,10.130,4.289,28.977,20.633,12.797,7.836,12.637,5.098,0.577,4.521,3.941,0.000,0.000,0.000,42.0,0.000,
12.11.2025,13:45:3.757,31.266,28.429,18.976,3.299,250.0,250.0,31.944,9.790,4.240,28.283,20.168,12.508,7.660,12.348,4.383,0.451,3.932,3.932,0.000,0.000,0.000,42.0,0.125,
12.11.2025,13:45:4.770,17.672,31.100,21.510,3.333,250.0,250.0,32.028,10.421,4.239,30.117,21.302,13.211,8.091,13.051,5.132,0.611,4.521,3.932,0.000,0.000,0.000,42.0,0.000,
12.11.2025,13:45:5.769,20.391,27.039,17.556,3.317,250.0,250.0,32.359,9.731,4.179,27.573,19.689,12.201,7.488,12.054,5.093,0.569,4.524,3.941,0.000,0.000,0.000,42.0,0.000,
12.11.2025,13:45:6.767,21.750,28.923,19.394,3.331,250.0,250.0,31.729,9.756,4.178,27.667,19.757,12.242,7.515,12.095,5.089,0.570,4.519,3.932,0.000,0.000,0.000,42.0,0.000,
12.11.2025,13:45:7.759,21.750,30.324,20.902,3.272,250.0,250.0,31.777,9.856,4.203,28.012,19.974,12.387,7.587,12.239,5.109,0.584,4.525,3.941,0.000,0.000,0.000,42.0,0.000,
12.11.2025,13:45:8.762,17.672,28.587,19.116,3.266,250.0,250.0,31.933,10.101,4.289,29.295,20.828,12.919,7.909,12.759,4.537,0.493,4.044,3.941,0.000,0.000,0.000,42.0,0.000,
12.11.2025,13:45:9.759,17.672,30.363,20.839,3.275,250.0,250.0,31.821,9.764,4.227,27.644,19.768,12.254,7.514,12.106,5.093,0.570,4.523,3.941,0.000,0.000,0.000,42.0,0.000,
12.11.2025,13:45:10.758,17.672,29.261,19.784,3.300,250.0,250.0,32.105,10.040,4.142,28.717,20.374,12.637,7.737,12.490,5.181,0.597,4.584,3.941,0.000,0.000,0.000,42.0,0.000,
12.11.2025,13:45:11.757,20.391,29.112,19.673,3.257,250.0,250.0,31.710,9.762,4.240,28.163,20.086,12.462,7.624,12.314,4.396,0.455,3.941,3.941,0.000,0.000,0.000,42.0,0.000,
12.11.2025,13:45:12.771,21.750,29.500,20.015,3.266,250.0,250.0,31.556,10.192,4.227,29.472,20.904,12.958,7.946,12.798,4.841,0.496,4.345,3.932,0.000,0.000,0.000,42.0,0.000,
12.11.2025,13:45:13.770,23.110,29.170,19.811,3.223,250.0,250.0,31.626,10.247,4.227,29.467,20.897,12.953,7.944,12.794,5.121,0.583,4.538,3.941,0.000,0.000,0.000,42.0,0.000,
12.11.2025,13:45:14.760,20.391,30.226,20.682,3.267,250.0,250.0,31.486,10.033,4.264,28.642,20.408,12.660,7.748,12.500,5.086,0.571,4.515,3.941,0.000,0.000,0.000,42.0,0.000,
12.11.2025,13:45:15.765,24.469,29.898,20.449,3.251,250.0,250.0,30.044,9.658,4.301,27.179,19.522,12.106,7.416,11.959,5.083,0.571,4.512,3.932,0.000,0.000,0.000,42.0,0.000,
12.11.2025,13:45:16.757,25.829,27.944,18.371,3.379,250.0,250.0,31.483,9.881,4.325,27.930,20.000,12.400,7.600,12.253,5.180,0.599,4.581,3.941,0.000,0.000,0.000,42.0,0.000,
12.11.2025,13:45:17.756,24.469,29.107,19.548,3.367,250.0,250.0,31.628,9.538,4.338,27.220,19.569,12.129,7.440,11.982,4.383,0.451,3.932,3.932,0.000,0.000,0.000,42.0,0.000,
12.11.2025,13:45:18.767,23.110,29.449,19.901,3.345,250.0,250.0,31.573,9.867,4.301,27.961,20.013,12.413,7.600,12.254,5.093,0.570,4.523,3.941,0.000,0.000,0.000,42.0,0.000,
12.11.2025,13:45:19.769,17.672,29.804,20.210,3.352,250.0,250.0,31.855,9.578,4.166,27.527,19.660,12.181,7.479,12.034,4.395,0.454,3.941,3.941,0.000,0.000,0.000,42.0,0.000,
12.11.2025,13:45:20.766,20.391,28.243,18.751,3.340,250.0,250.0,31.384,9.783,4.240,27.642,19.768,12.254,7.514,12.107,5.183,0.597,4.586,3.941,0.000,0.000,0.000,42.0,0.000,
12.11.2025,13:45:21.767,17.672,28.530,19.008,3.302,250.0,250.0,31.227,9.322,4.227,26.500,19.049,11.807,7.242,11.672,4.392,0.451,3.941,3.941,0.000,0.000,0.000,42.0,0.000,
12.11.2025,13:45:22.765,17.672,28.209,18.680,3.324,250.0,250.0,30.624,9.596,4.239,26.917,19.327,11.984,7.343,11.837,5.184,0.598,4.586,3.941,0.001,0.000,0.000,42.0,0.000,
12.11.2025,13:45:23.764,19.032,27.535,18.066,3.296,250.0,250.0,31.348,8.929,4.252,24.963,18.125,11.236,6.889,11.101,4.393,0.452,3.941,3.941,0.000,0.000,0.000,42.0,0.000,
12.11.2025,13:45:24.758,23.110,27.664,18.050,3.342,250.0,250.0,31.268,9.444,4.264,26.924,19.337,11.995,7.342,11.847,4.394,0.453,3.941,3.941,0.000,0.000,0.000,42.0,0.000,
12.11.2025,13:45:25.760,23.110,28.805,19.319,3.293,250.0,250.0,31.007,9.521,4.265,26.679,19.197,11.901,7.296,11.754,5.090,0.568,4.522,3.941,0.000,0.000,0.000,42.0,0.000,
12.11.2025,13:45:26.757,21.750,28.550,19.060,3.318,250.0,250.0,31.148,9.193,4.253,25.446,18.416,11.418,6.998,11.283,5.090,0.570,4.520,3.941,0.000,0.000,0.000,42.0,0.000,
12.11.2025,13:45:27.771,14.953,29.035,19.530,3.297,250.0,250.0,31.256,9.712,4.215,27.437,19.636,12.170,7.466,12.023,5.112,0.582,4.530,3.950,0.000,0.000,0.000,42.0,0.000,
12.11.2025,13:45:28.768,17.672,29.010,19.516,3.301,250.0,250.0,31.467,9.377,4.190,26.736,19.181,11.899,7.282,11.751,4.397,0.456,3.941,3.941,0.000,0.000,0.000,42.0,0.000,
12.11.2025,13:45:29.766,20.391,30.325,20.811,3.309,250.0,250.0,31.133,9.927,4.215,28.234,20.120,12.472,7.648,12.325,5.154,0.622,4.532,3.950,0.000,0.000,0.000,42.0,0.000,
12.11.2025,13:45:30.765,17.672,27.618,18.108,3.329,250.0,250.0,31.072,9.918,4.276,28.135,20.095,12.460,7.635,12.313,5.160,0.619,4.541,3.950,0.000,0.000,0.000,42.0,0.000,
12.11.2025,13:45:31.758,16.313,30.632,21.075,3.334,250.0,250.0,31.593,9.788,4.252,27.668,19.794,12.279,7.515,12.132,5.147,0.617,4.530,3.950,0.000,0.000,0.000,42.0,0.000,
12.11.2025,13:45:32.757,20.391,29.035,19.534,3.332,250.0,250.0,30.906,11.874,4.264,26.594,19.134,11.868,7.266,11.721,4.432,0.489,3.943,29.033,0.000,0.000,0.000,42.0,0.000,
12.11.2025,13:45:33.767,19.032,31.515,21.960,3.335,250.0,250.0,31.034,9.652,4.227,27.212,19.496,12.093,7.403,11.945,5.100,0.571,4.529,3.950,0.000,0.000,0.000,42.0,0.000,
12.11.2025,13:45:34.767,23.110,30.509,20.945,3.353,250.0,250.0,31.468,9.456,4.154,26.470,18.998,11.777,7.221,11.630,5.179,0.598,4.581,3.950,0.000,0.000,0.000,42.0,0.000,
12.11.2025,13:45:35.761,24.469,28.376,18.826,3.336,250.0,250.0,31.637,8.884,4.240,24.787,18.010,11.167,6.843,11.032,4.407,0.457,3.950,3.950,0.000,0.000,0.000,42.0,0.375,
12.11.2025,13:45:36.757,20.391,35.547,25.698,3.611,250.0,250.0,31.309,9.786,4.203,27.754,19.818,12.291,7.527,12.143,5.090,0.569,4.521,3.941,0.000,0.000,0.000,42.0,0.000,
12.11.2025,13:45:37.762,17.672,33.739,24.005,3.459,250.0,250.0,31.927,9.789,4.166,28.341,20.151,12.501,7.650,12.353,4.395,0.454,3.941,3.941,0.000,0.000,0.000,42.0,0.000,
12.11.2025,13:45:38.762,21.750,28.568,19.128,3.272,250.0,250.0,32.079,9.901,4.277,28.649,20.424,12.662,7.762,12.502,4.398,0.457,3.941,3.941,0.000,0.000,0.000,42.0,0.000,
12.11.2025,13:45:39.765,33.985,28.575,19.010,3.335,250.0,250.0,31.785,9.499,4.264,27.133,19.467,12.078,7.389,11.931,4.396,0.455,3.941,3.941,0.000,0.000,0.000,42.0,0.000,
12.11.2025,13:45:40.758,13.594,29.509,19.981,3.303,250.0,250.0,31.979,9.836,4.338,28.339,20.258,12.560,7.698,12.412,4.404,0.454,3.950,3.950,0.000,0.000,0.000,42.0,0.000,
12.11.2025,13:45:41.759,23.110,28.693,19.138,3.341,250.0,250.0,32.636,9.533,4.289,26.696,19.217,11.923,7.294,11.776,5.096,0.573,4.523,3.941,0.000,0.000,0.000,42.0,0.000,
12.11.2025,13:45:42.772,20.391,28.522,19.087,3.277,250.0,250.0,32.206,9.676,4.252,27.159,19.472,12.081,7.391,11.933,5.259,0.608,4.651,3.950,0.000,0.000,0.000,42.0,0.000,
12.11.2025,13:45:43.775,20.391,29.521,20.069,3.280,250.0,250.0,31.973,9.592,4.166,27.547,19.666,12.190,7.476,12.042,4.442,0.490,3.952,3.950,0.000,0.000,0.000,42.0,0.000,
12.11.2025,13:45:44.778,25.829,31.310,21.754,3.304,250.0,250.0,32.373,9.741,4.252,28.008,20.006,12.404,7.602,12.257,4.463,0.519,3.944,3.950,0.000,0.000,0.000,42.0,0.000,
12.11.2025,13:45:45.777,19.032,32.083,22.505,3.302,250.0,250.0,32.618,9.886,4.277,28.000,20.021,12.418,7.603,12.259,5.168,0.633,4.535,3.950,0.000,0.000,0.000,42.0,0.000,
12.11.2025,13:45:46.791,19.032,28.479,18.879,3.406,250.0,250.0,30.629,9.842,4.240,27.832,19.897,12.331,7.566,12.184,5.212,0.667,4.545,3.950,0.000,0.000,0.000,42.0,0.000,
12.11.2025,13:45:47.803,23.110,28.808,19.167,3.414,250.0,250.0,31.943,9.751,4.251,27.504,19.694,12.217,7.477,12.070,5.179,0.634,4.545,3.941,0.000,0.000,0.000,42.0,0.000,
12.11.2025,13:45:48.802,21.750,27.489,17.944,3.369,250.0,250.0,32.447,9.826,4.240,28.363,20.210,12.536,7.674,12.388,4.449,0.499,3.950,3.950,0.000,0.000,0.000,42.0,0.000,
12.11.2025,13:45:49.803,23.110,28.799,19.208,3.401,250.0,250.0,32.753,9.712,4.191,28.008,19.973,12.382,7.591,12.235,4.396,0.455,3.941,3.950,0.000,0.000,0.000,42.0,0.000,
12.11.2025,13:45:50.788,19.032,30.026,20.423,3.384,250.0,250.0,32.202,9.882,4.203,27.963,19.955,12.366,7.589,12.218,5.288,0.627,4.661,3.950,0.000,0.000,0.000,42.0,0.000,
12.11.2025,13:45:51.789,24.469,28.931,19.323,3.364,250.0,250.0,32.128,9.461,4.203,27.025,19.372,12.006,7.366,11.859,4.413,0.455,3.958,3.950,0.000,0.000,0.000,42.0,0.000,
12.11.2025,13:45:52.790,21.750,29.243,19.638,3.381,250.0,250.0,32.228,9.718,4.228,27.979,19.979,12.390,7.589,12.230,4.416,0.458,3.958,3.950,0.000,0.000,0.000,42.0,0.000,
12.11.2025,13:45:53.817,14.953,30.178,20.719,3.318,250.0,250.0,32.308,9.880,4.252,28.025,20.023,12.419,7.604,12.260,5.131,0.592,4.539,3.950,0.000,0.000,0.000,42.0,0.000,
12.11.2025,13:45:54.816,24.469,30.037,20.396,3.385,250.0,250.0,31.943,10.000,4.215,28.470,20.273,12.574,7.699,12.415,5.203,0.606,4.597,3.950,0.000,0.000,0.000,42.0,0.000,
12.11.2025,13:45:55.803,24.469,28.911,19.368,3.372,250.0,250.0,32.510,9.639,4.252,27.664,19.798,12.269,7.529,12.122,4.404,0.454,3.950,3.950,0.000,0.000,0.000,42.0,0.000,
12.11.2025,13:45:56.815,24.469,30.659,21.085,3.364,250.0,250.0,31.942,9.550,4.166,26.867,19.247,11.939,7.308,11.791,5.114,0.571,4.543,3.958,0.000,0.000,0.000,42.0,0.000,
12.11.2025,13:45:57.813,17.672,28.831,19.299,3.340,250.0,250.0,31.586,9.993,4.154,28.562,20.285,12.574,7.711,12.427,5.132,0.591,4.541,3.950,0.000,0.000,0.000,42.0,0.000,
12.11.2025,13:45:58.808,16.313,29.700,20.191,3.323,250.0,250.0,32.270,9.887,4.240,28.079,20.036,12.424,7.612,12.277,5.119,0.573,4.546,3.966,0.000,0.000,0.000,42.0,0.000,
12.11.2025,13:45:59.815,33.985,30.909,21.357,3.324,250.0,250.0,32.426,9.753,4.252,27.536,19.716,12.235,7.481,12.087,5.133,0.585,4.548,3.958,0.001,0.000,0.000,42.0,0.000,
12.11.2025,13:46:0.803,24.469,29.486,19.894,3.357,250.0,250.0,32.584,10.721,4.252,31.255,22.013,13.652,8.361,13.481,5.124,0.585,4.539,3.950,0.000,0.000,0.000,42.0,0.000,
12.11.2025,13:46:1.809,20.391,31.611,22.025,3.365,250.0,250.0,32.664,9.422,4.314,26.766,19.284,11.951,7.333,11.804,4.408,0.458,3.950,3.950,0.001,0.000,0.000,42.0,0.000,
12.11.2025,13:46:2.802,35.344,28.476,19.010,3.286,250.0,250.0,31.921,9.930,4.277,28.191,20.137,12.487,7.650,12.328,5.139,0.586,4.553,3.950,0.000,0.000,1.750,42.0,0.000,
12.11.2025,13:46:3.815,24.469,29.272,19.782,3.298,250.0,250.0,31.987,9.961,4.240,28.373,20.220,12.535,7.685,12.388,5.107,0.574,4.533,3.950,0.000,0.000,0.500,42.0,0.000,
12.11.2025,13:46:4.817,25.829,32.455,22.859,3.332,250.0,250.0,31.758,9.828,4.142,28.472,20.222,12.543,7.679,12.396,4.439,0.488,3.951,3.950,0.000,0.000,0.000,42.0,1.000,
12.11.2025,13:46:5.817,25.829,28.488,19.074,3.279,250.0,250.0,31.494,9.809,4.179,28.355,20.181,12.516,7.665,12.356,4.446,0.494,3.952,3.950,0.000,0.000,0.000,42.0,0.000,
12.11.2025,13:46:6.815,17.672,30.043,20.488,3.315,250.0,250.0,31.884,9.673,4.240,27.777,19.857,12.305,7.552,12.157,4.446,0.494,3.952,3.950,0.000,0.000,0.000,42.0,0.000,
12.11.2025,13:46:7.805,29.907,31.757,22.266,3.268,250.0,250.0,32.073,9.698,4.240,27.320,19.571,12.131,7.440,11.984,5.173,0.623,4.550,3.950,0.000,0.000,0.000,42.0,0.000,
12.11.2025,13:46:8.812,31.266,28.479,19.042,3.260,250.0,250.0,31.813,9.764,4.240,27.598,19.746,12.243,7.503,12.095,5.128,0.587,4.541,3.958,0.000,0.000,0.000,42.0,0.000,
12.11.2025,13:46:9.817,21.750,29.644,20.167,3.289,250.0,250.0,31.793,9.825,4.301,27.782,19.889,12.338,7.551,12.191,5.121,0.586,4.535,3.958,0.000,0.000,0.000,42.0,0.000,
12.11.2025,13:46:10.814,31.266,29.334,19.912,3.260,250.0,250.0,31.873,9.894,4.215,28.135,20.066,12.440,7.626,12.292,5.106,0.573,4.533,3.958,0.000,0.000,0.000,42.0,0.000,
12.11.2025,13:46:11.814,27.188,28.948,19.423,3.291,250.0,250.0,32.399,9.791,4.203,28.288,20.153,12.490,7.663,12.342,4.412,0.454,3.958,3.950,0.000,0.000,0.000,42.0,0.000,
12.11.2025,13:46:12.809,19.032,29.681,20.234,3.248,250.0,250.0,31.662,7.159,3.554,18.899,13.924,8.632,5.292,8.522,4.406,0.456,3.950,3.950,0.000,0.000,0.000,42.0,0.000,
12.11.2025,13:46:13.806,19.032,29.681,20.234,3.248,250.0,250.0,29.255,9.592,4.204,27.041,19.380,12.011,7.369,11.863,5.052,0.570,4.482,3.950,0.000,0.000,0.000,42.0,0.000,
12.11.2025,13:46:14.804,25.829,26.326,16.989,3.197,250.0,250.0,32.285,9.566,4.142,26.961,19.295,11.963,7.332,11.815,5.104,0.571,4.533,3.950,0.000,0.000,0.000,42.0,0.000,
12.11.2025,13:46:15.816,20.391,29.281,19.731,3.321,250.0,250.0,32.121,9.606,4.166,27.520,19.661,12.182,7.479,12.035,4.528,0.514,4.014,3.958,0.000,0.000,0.000,42.0,0.000,
12.11.2025,13:46:16.815,13.594,30.170,20.675,3.295,250.0,250.0,32.172,6.349,3.321,15.504,11.674,7.238,4.436,7.152,5.108,0.583,4.525,3.950,0.000,0.000,0.000,42.0,0.000,
12.11.2025,13:46:17.813,28.547,29.991,20.475,3.306,250.0,250.0,30.216,9.659,4.142,27.217,19.454,12.060,7.394,11.913,5.229,0.637,4.592,3.950,0.000,0.000,0.000,42.0,0.000,
12.11.2025,13:46:18.811,29.907,29.282,19.650,3.388,250.0,250.0,31.402,9.496,4.178,27.143,19.423,12.044,7.379,11.897,4.464,0.496,3.968,3.966,0.000,0.000,0.000,42.0,0.000,
12.11.2025,13:46:19.807,16.313,30.668,21.086,3.395,250.0,250.0,32.426,10.042,4.227,28.672,20.401,12.651,7.750,12.504,5.129,0.585,4.544,3.958,0.000,0.000,0.000,42.0,0.000,
12.11.2025,13:46:20.808,14.953,31.038,21.382,3.413,250.0,250.0,32.266,9.801,4.203,27.720,19.797,12.281,7.516,12.134,5.202,0.608,4.594,3.958,0.000,0.000,0.000,42.0,0.000,
12.11.2025,13:46:21.806,19.032,29.327,19.749,3.379,250.0,250.0,31.981,9.252,4.216,26.168,18.848,11.685,7.163,11.550,4.461,0.493,3.968,3.966,0.000,0.000,0.000,42.0,0.000,
12.11.2025,13:46:22.804,17.672,26.337,16.739,3.380,250.0,250.0,31.770,9.671,4.203,27.298,19.543,12.111,7.432,11.964,5.106,0.572,4.534,3.950,0.000,0.000,0.000,42.0,0.000,
12.11.2025,13:46:23.819,19.032,26.833,17.285,3.352,250.0,250.0,31.543,9.990,4.252,28.375,20.240,12.552,7.688,12.392,5.220,0.641,4.579,3.958,0.000,0.000,0.000,42.0,0.000,
12.11.2025,13:46:24.820,19.032,31.149,21.525,3.387,250.0,250.0,31.402,9.662,4.288,27.154,19.498,12.094,7.404,11.947,5.141,0.589,4.552,3.958,0.000,0.000,0.000,42.0,0.000,
12.11.2025,13:46:25.822,17.672,30.646,21.113,3.354,250.0,250.0,31.420,9.321,4.289,25.867,18.708,11.596,7.112,11.461,5.114,0.574,4.540,3.950,0.000,0.000,0.000,42.0,0.000,
12.11.2025,13:46:26.822,27.188,32.265,22.630,3.373,250.0,250.0,31.596,9.725,4.302,27.383,19.652,12.184,7.468,12.037,5.133,0.587,4.546,3.958,0.000,0.000,0.000,42.0,0.000,
12.11.2025,13:46:27.827,20.391,30.236,20.687,3.340,250.0,250.0,31.475,9.208,4.204,26.054,18.768,11.631,7.137,11.496,4.414,0.456,3.958,3.958,0.000,0.000,0.000,42.0,0.000,
12.11.2025,13:46:28.828,16.313,29.918,20.392,3.343,250.0,250.0,31.529,9.547,4.252,26.771,19.237,11.933,7.304,11.786,5.116,0.573,4.543,3.958,0.000,0.000,0.000,42.0,0.000,
12.11.2025,13:46:29.825,17.672,30.067,20.524,3.337,250.0,250.0,31.745,10.023,4.228,28.567,20.337,12.612,7.725,12.453,5.172,0.619,4.553,3.966,0.000,0.000,0.000,42.0,0.000,
12.11.2025,13:46:30.826,20.391,29.110,19.602,3.345,250.0,250.0,31.634,9.440,4.253,26.410,19.006,11.786,7.220,11.651,5.061,0.570,4.491,3.958,0.000,0.000,0.000,42.0,0.000,
12.11.2025,13:46:31.820,14.953,28.817,19.277,3.302,250.0,250.0,31.436,9.685,4.252,27.295,19.560,12.131,7.429,11.984,5.116,0.572,4.544,3.966,0.000,0.000,0.000,42.0,0.000,
12.11.2025,13:46:32.820,20.391,27.302,17.797,3.299,250.0,250.0,31.302,9.312,4.265,26.322,18.972,11.764,7.208,11.616,4.502,0.483,4.019,3.966,0.000,0.000,0.000,42.0,0.000,
12.11.2025,13:46:33.836,36.704,29.194,19.695,3.312,250.0,250.0,31.550,9.075,4.253,25.502,18.458,11.446,7.012,11.298,4.413,0.455,3.958,3.958,0.000,0.000,0.000,42.0,0.000,
12.11.2025,13:46:34.838,21.750,30.917,21.422,3.308,250.0,250.0,31.546,9.393,4.253,26.205,18.890,11.717,7.173,11.570,5.076,0.570,4.506,3.966,0.000,0.000,0.000,42.0,0.000,
12.11.2025,13:46:35.850,21.750,30.327,20.789,3.301,250.0,250.0,31.397,9.630,4.204,27.129,19.434,12.051,7.383,11.904,5.119,0.577,4.542,3.958,0.000,0.000,0.000,42.0,0.000,
12.11.2025,13:46:36.847,20.391,28.739,19.233,3.311,250.0,250.0,31.832,9.630,4.215,28.106,20.040,12.427,7.613,12.279,5.141,0.585,4.556,3.966,0.000,0.000,0.000,42.0,0.000,
12.11.2025,13:46:37.846,23.110,29.671,20.149,3.289,250.0,250.0,31.832,9.893,4.215,28.106,20.040,12.427,7.613,12.279,5.141,0.585,4.556,3.966,0.000,0.000,0.000,42.0,0.000,
12.11.2025,13:46:38.847,25.829,36.881,27.033,3.628,250.0,250.0,32.162,9.776,4.204,27.613,19.733,12.238,7.495,12.090,5.210,0.604,4.606,3.966,0.000,0.000,0.000,42.0,0.000,
12.11.2025,13:46:39.849,20.391,30.317,20.766,3.321,250.0,250.0,32.554,9.637,4.252,26.989,19.384,12.014,7.370,11.866,5.266,0.608,4.658,3.966,0.000,0.000,0.000,42.0,0.000,
12.11.2025,13:46:40.845,20.391,31.522,22.039,3.276,250.0,250.0,31.739,9.892,4.191,28.133,20.043,12.429,7.614,12.281,5.134,0.587,4.547,3.958,0.000,0.000,0.000,42.0,0.000,
12.11.2025,13:46:41.843,21.750,32.029,22.559,3.246,250.0,250.0,31.600,9.475,4.141,27.132,19.391,12.023,7.368,11.888,4.421,0.455,3.966,3.966,0.000,0.000,0.000,42.0,0.000,
12.11.2025,13:46:42.841,35.344,29.884,20.465,3.249,250.0,250.0,31.415,9.758,4.142,28.145,20.021,12.418,7.603,12.271,4.505,0.482,4.023,3.966,0.000,0.000,0.000,42.0,0.000,
12.11.2025,13:46:43.839,19.032,27.448,18.053,3.223,250.0,250.0,31.579,9.798,4.142,27.814,19.825,12.295,7.530,12.135,5.140,0.585,4.555,3.958,0.000,0.000,0.000,42.0,0.000,
12.11.2025,13:46:44.851,20.391,31.087,21.520,3.273,250.0,250.0,31.694,9.970,4.216,28.403,20.219,12.542,7.677,12.395,5.137,0.588,4.549,3.974,0.000,0.000,0.000,42.0,0.000,
12.11.2025,13:46:45.851,33.985,29.306,19.895,3.268,250.0,250.0,32.279,9.752,4.227,27.561,19.709,12.231,7.478,12.083,5.137,0.585,4.552,3.958,0.000,0.000,0.000,42.0,0.000,
12.11.2025,13:46:46.857,23.110,31.922,22.442,3.267,250.0,250.0,31.982,9.390,4.264,26.685,19.191,11.897,7.294,11.762,4.420,0.454,3.966,3.966,0.000,0.000,0.000,42.0,0.000,
12.11.2025,13:46:47.856,24.469,31.062,21.574,3.321,250.0,250.0,31.636,9.713,4.288,27.586,19.765,12.264,7.501,12.116,4.820,0.550,4.270,3.974,0.000,0.000,0.000,42.0,0.000,
12.11.2025,13:46:48.857,23.110,30.194,20.695,3.266,250.0,250.0,31.355,7.568,3.885,20.117,14.888,9.225,5.663,9.115,4.416,0.458,3.958,3.950,0.000,0.000,0.000,42.0,0.000,
12.11.2025,13:46:49.852,16.313,29.467,19.915,3.377,250.0,250.0,30.153,9.406,4.252,26.638,19.153,11.873,7.280,11.738,4.576,0.494,4.082,3.974,0.000,0.000,0.000,42.0,0.000,
12.11.2025,13:46:50.865,29.907,27.830,18.204,3.396,250.0,250.0,31.326,9.332,4.179,26.015,18.729,11.618,7.111,11.470,5.122,0.572,4.550,3.958,0.001,0.000,0.000,42.0,0.000,
12.11.2025,13:46:51.865,19.032,30.399,20.766,3.385,250.0,250.0,31.154,9.517,4.240,27.208,19.496,12.093,7.403,11.945,4.412,0.454,3.958,3.958,0.000,0.000,0.000,42.0,0.000,
12.11.2025,13:46:52.865,16.313,29.011,19.448,3.367,250.0,250.0,31.508,9.835,4.191,28.456,20.246,12.548,7.698,12.400,4.421,0.455,3.966,3.966,0.000,0.000,0.000,42.0,0.000,
12.11.2025,13:46:53.864,28.547,30.722,21.180,3.371,250.0,250.0,31.818,10.315,4.264,29.683,21.045,13.052,7.993,12.893,5.124,0.574,4.550,3.966,0.000,0.000,0.000,42.0,0.000,
12.11.2025,13:46:54.863,35.344,28.796,19.110,3.389,250.0,250.0,32.480,9.425,4.228,26.868,19.280,11.961,7.319,11.814,4.413,0.455,3.958,3.958,0.001,0.000,0.000,42.0,0.000,
12.11.2025,13:46:55.863,19.032,28.884,19.323,3.366,250.0,250.0,32.184,10.207,4.216,29.316,20.793,12.896,7.897,12.736,5.126,0.573,4.553,3.966,0.000,0.000,0.000,42.0,0.000,
12.11.2025,13:46:56.863,16.313,31.631,22.118,3.353,250.0,250.0,32.330,9.991,4.252,28.993,20.617,12.783,7.834,12.623,4.421,0.455,3.966,3.966,0.000,0.000,0.000,42.0,0.000,
12.11.2025,13:46:57.855,17.672,30.007,20.424,3.369,250.0,250.0,31.882,10.414,4.215,30.569,21.565,13.374,8.191,13.214,4.517,0.489,4.028,3.974,0.000,0.000,0.000,42.0,0.000,
12.11.2025,13:46:58.862,20.391,30.901,21.329,3.333,250.0,250.0,32.119,10.403,4.264,30.553,21.588,13.385,8.203,13.226,4.421,0.455,3.966,3.966,0.000,0.000,0.000,42.0,0.000,
12.11.2025,13:46:59.861,24.469,27.781,18.254,3.327,250.0,250.0,32.263,10.155,4.228,29.105,20.671,12.823,7.848,12.663,5.124,0.570,4.554,3.966,0.000,0.000,0.000,42.0,0.000,
12.11.2025,13:47:0.852,29.907,31.225,21.720,3.344,250.0,250.0,31.323,10.063,4.142,28.773,20.408,12.660,7.748,12.501,5.212,0.599,4.613,3.974,0.000,0.000,0.000,42.0,0.000,
12.11.2025,13:47:1.852,20.391,33.974,24.363,3.351,250.0,250.0,31.613,9.977,4.227,28.972,20.590,12.769,7.821,12.609,4.413,0.455,3.958,3.958,0.000,0.000,0.000,42.0,0.000,
12.11.2025,13:47:2.850,25.829,29.994,20.507,3.327,250.0,250.0,31.808,10.113,4.142,29.015,20.561,12.749,7.812,12.590,5.144,0.587,4.557,3.966,0.000,0.000,0.000,42.0,0.000,
12.11.2025,13:47:3.861,19.032,30.439,20.923,3.281,250.0,250.0,31.816,9.576,4.129,26.982,19.295,11.962,7.333,11.827,5.129,0.574,4.555,3.974,0.000,0.000,0.000,42.0,0.000,
12.11.2025,13:47:4.859,21.750,32.689,23.158,3.324,250.0,250.0,31.805,9.860,4.191,28.009,19.962,12.383,7.579,12.235,5.136,0.575,4.561,3.966,0.000,0.000,0.000,42.0,0.000,
12.11.2025,13:47:5.853,17.672,28.906,19.416,3.287,250.0,250.0,32.242,9.739,4.118,28.152,20.011,12.407,7.604,12.259,4.438,0.456,3.982,3.966,0.000,0.000,0.000,42.0,0.000,
12.11.2025,13:47:6.850,25.829,29.678,20.174,3.308,250.0,250.0,31.651,9.782,4.216,27.638,19.763,12.246,7.517,12.098,5.177,0.625,4.552,3.991,0.000,0.000,0.000,42.0,0.000,
12.11.2025,13:47:7.856,28.547,31.599,22.086,3.315,250.0,250.0,32.074,9.665,4.216,27.250,19.518,12.099,7.419,11.951,5.116,0.571,4.545,3.966,0.000,0.000,0.000,42.0,0.000,
12.11.2025,13:47:8.860,17.672,28.869,19.376,3.295,250.0,250.0,32.317,9.445,4.265,26.879,19.319,11.975,7.344,11.828,4.432,0.458,3.974,3.974,0.000,0.000,0.000,42.0,0.000,
12.11.2025,13:47:9.856,24.469,30.879,21.417,3.286,250.0,250.0,32.400,9.994,4.276,28.453,20.297,12.586,7.711,12.438,5.099,0.570,4.529,3.982,0.000,0.000,0.000,42.0,0.000,
12.11.2025,13:47:10.852,23.110,27.750,18.208,3.283,250.0,250.0,32.622,9.475,4.314,26.419,19.060,11.814,7.246,11.679,5.125,0.574,4.551,3.966,0.000,0.000,0.000,42.0,0.000,
12.11.2025,13:47:11.863,23.110,29.754,20.294,3.263,250.0,250.0,32.124,9.949,4.300,28.204,20.152,12.494,7.658,12.346,5.182,0.619,4.563,3.974,0.000,0.000,0.000,42.0,0.000,
12.11.2025,13:47:12.864,21.750,33.522,24.017,3.312,250.0,250.0,32.166,9.603,4.202,26.996,19.346,11.993,7.353,11.858,5.152,0.587,4.565,3.974,0.000,0.000,0.000,42.0,0.000,
12.11.2025,13:47:13.850,27.188,28.276,18.821,3.247,250.0,250.0,31.645,10.929,4.202,31.975,22.428,13.909,8.519,13.737,5.276,0.687,4.589,3.966,0.000,0.000,0.000,42.0,0.000,
12.11.2025,13:47:14.855,36.704,35.427,25.829,3.336,250.0,250.0,32.520,10.666,4.239,30.785,21.724,13.471,8.253,13.299,5.450,0.818,4.632,3.991,0.000,0.000,0.000,42.0,0.000,
12.11.2025,13:47:15.856,23.110,34.317,24.611,3.450,250.0,250.0,33.290,9.744,4.252,27.430,19.651,12.184,7.467,12.036,5.221,0.603,4.618,3.982,0.000,0.000,0.000,42.0,0.000,
12.11.2025,13:47:16.854,16.313,32.592,23.004,3.343,250.0,250.0,32.456,10.890,4.251,31.467,22.151,13.740,8.411,13.568,5.659,0.781,4.878,3.991,0.000,0.000,0.000,42.0,0.000,
12.11.2025,13:47:17.851,19.032,32.354,22.788,3.362,250.0,250.0,32.323,10.551,4.276,31.050,21.895,13.574,8.321,13.415,4.500,0.524,3.976,3.974,0.000,0.000,0.000,42.0,0.000,
12.11.2025,13:47:18.850,21.750,30.901,21.337,3.310,250.0,250.0,32.522,9.931,4.227,28.480,20.279,12.570,7.709,12.422,4.827,0.853,3.974,3.974,0.000,0.000,0.000,42.0,0.000,
12.11.2025,13:47:19.865,23.110,32.542,23.093,3.300,250.0,250.0,31.875,10.106,4.300,28.814,20.530,12.733,7.797,12.586,5.159,0.589,4.570,3.982,0.000,0.000,0.000,42.0,0.000,
12.11.2025,13:47:20.861,16.313,29.499,19.871,3.387,250.0,250.0,29.903,9.402,4.252,26.744,19.224,11.920,7.304,11.773,4.420,0.454,3.966,3.966,0.000,0.000,0.000,42.0,0.000,
12.11.2025,13:47:21.856,16.313,29.381,19.767,3.440,250.0,250.0,31.518,10.181,4.202,29.218,20.722,12.853,7.869,12.693,5.144,0.586,4.558,3.966,0.000,0.000,0.000,42.0,0.000,
12.11.2025,13:47:22.856,21.750,29.306,19.616,3.414,250.0,250.0,31.464,9.987,4.240,28.986,20.602,12.781,7.821,12.622,4.423,0.457,3.966,3.974,0.000,0.000,0.000,42.0,0.000,
12.11.2025,13:47:23.857,27.188,29.609,20.056,3.395,250.0,250.0,32.186,9.999,4.240,29.032,20.635,12.799,7.836,12.639,4.422,0.456,3.966,3.966,0.000,0.000,0.000,42.0,0.000,
12.11.2025,13:47:24.856,14.953,33.146,23.428,3.439,250.0,250.0,32.253,9.857,4.240,28.449,20.272,12.573,7.699,12.414,4.473,0.497,3.976,3.974,0.000,0.000,0.000,42.0,0.000,
12.11.2025,13:47:25.852,21.750,28.878,19.272,3.370,250.0,250.0,32.031,10.264,4.289,29.257,20.804,12.907,7.897,12.748,5.380,0.809,4.571,3.982,0.000,0.000,0.000,42.0,0.000,
12.11.2025,13:47:26.854,32.625,30.025,20.419,3.418,250.0,250.0,32.971,10.366,4.204,29.971,21.192,13.145,8.047,12.985,5.069,1.103,3.966,3.982,0.000,0.000,0.000,42.0,0.000,
12.11.2025,13:47:27.853,10.875,30.871,21.267,3.375,250.0,250.0,31.505,4.360,2.660,9.082,7.286,4.517,2.769,4.455,4.434,0.460,3.974,3.958,0.000,0.000,0.000,42.0,0.000,
12.11.2025,13:47:28.865,19.032,26.321,16.919,3.229,250.0,250.0,27.048,9.728,4.155,27.515,19.648,12.177,7.471,12.030,5.153,0.592,4.561,3.974,0.000,0.000,0.000,42.0,0.000,
12.11.2025,13:47:29.861,20.391,28.998,19.513,3.275,250.0,250.0,31.651,9.354,4.191,26.001,18.728,11.617,7.111,11.470,5.226,0.601,4.625,3.974,0.000,0.000,0.000,42.0,0.000,
12.11.2025,13:47:30.851,21.750,28.597,19.048,3.352,250.0,250.0,31.463,9.838,4.277,27.829,19.912,12.345,7.567,12.197,5.136,0.573,4.563,3.982,0.000,0.000,0.000,42.0,0.000,
12.11.2025,13:47:31.858,20.391,29.089,19.538,3.372,250.0,250.0,31.787,9.822,4.277,27.761,19.874,12.320,7.554,12.172,5.148,0.588,4.560,3.966,0.000,0.000,0.000,42.0,0.000,
12.11.2025,13:47:32.860,31.266,28.486,18.987,3.349,250.0,250.0,32.011,9.677,4.301,27.731,19.869,12.317,7.552,12.169,4.430,0.456,3.974,3.974,0.000,0.000,0.000,42.0,0.000,
12.11.2025,13:47:33.858,16.313,29.858,20.287,3.355,250.0,250.0,31.609,9.693,4.312,27.247,19.566,12.140,7.426,11.992,5.138,0.575,4.563,3.974,0.000,0.000,0.000,42.0,0.000,
12.11.2025,13:47:34.856,23.110,30.046,20.437,3.402,250.0,250.0,31.863,9.705,4.301,27.329,19.614,12.171,7.443,12.024,5.097,0.575,4.522,3.974,0.000,0.000,0.000,42.0,0.000,
12.11.2025,13:47:35.855,21.750,29.436,19.772,3.384,250.0,250.0,31.861,9.711,4.264,27.354,19.612,12.158,7.454,12.010,5.138,0.573,4.565,3.982,0.000,0.000,0.000,42.0,0.000,
12.11.2025,13:47:36.856,19.032,28.905,19.370,3.337,250.0,250.0,31.116,9.566,4.251,26.806,19.261,11.944,7.317,11.797,5.153,0.591,4.562,3.974,0.000,0.000,0.000,42.0,0.000,
12.11.2025,13:47:37.862,29.907,27.640,18.126,3.321,250.0,250.0,31.382,9.343,4.191,26.567,19.070,11.825,7.245,11.690,4.433,0.459,3.974,3.974,0.000,0.000,0.000,42.0,0.000,
12.11.2025,13:47:38.861,23.110,31.280,21.601,3.481,250.0,250.0,31.452,9.583,4.252,26.873,19.308,11.975,7.333,11.828,5.139,0.575,4.564,3.982,0.000,0.000,0.000,42.0,0.000,
12.11.2025,13:47:39.860,23.110,34.665,24.811,3.581,250.0,250.0,31.239,9.327,4.265,26.426,19.041,11.805,7.236,11.658,4.432,0.458,3.974,3.974,0.000,0.000,0.000,42.0,0.000,
12.11.2025,13:47:40.857,23.110,28.555,19.078,3.260,250.0,250.0,31.394,9.553,4.313,27.245,19.573,12.132,7.441,11.985,4.432,0.458,3.974,3.974,0.000,0.000,0.000,42.0,0.000,
12.11.2025,13:47:41.854,20.391,30.109,20.678,3.266,250.0,250.0,31.791,9.477,4.301,26.365,19.017,11.798,7.219,11.651,5.223,0.603,4.620,3.974,0.000,0.000,0.000,42.0,0.000,
12.11.2025,13:47:42.851,28.547,27.930,18.497,3.246,250.0,250.0,31.402,9.454,4.313,26.810,19.299,11.970,7.329,11.822,4.513,0.484,4.029,3.974,0.000,0.000,0.000,42.0,0.000,
12.11.2025,13:47:43.852,27.188,31.231,21.754,3.265,250.0,250.0,31.706,9.697,4.276,27.823,19.910,12.344,7.566,12.196,4.431,0.457,3.974,3.991,0.001,0.000,0.000,42.0,0.000,
12.11.2025,13:47:44.853,17.672,32.370,22.794,3.309,250.0,250.0,31.525,9.737,4.277,27.428,19.663,12.196,7.467,12.048,5.152,0.589,4.563,3.982,0.000,0.000,0.000,42.0,0.000,
12.11.2025,13:47:45.864,19.032,31.954,22.422,3.303,250.0,250.0,31.596,9.552,4.227,26.735,19.199,11.907,7.292,11.760,5.213,0.599,4.614,3.974,0.000,0.000,0.000,42.0,0.000,
12.11.2025,13:47:46.857,21.750,29.295,19.870,3.269,250.0,250.0,31.199,9.618,4.263,26.984,19.389,12.021,7.368,11.874,5.151,0.589,4.562,3.982,0.000,0.000,0.000,42.0,0.000,
12.11.2025,13:47:47.861,29.907,30.268,20.771,3.289,250.0,250.0,31.621,9.678,4.263,27.768,19.873,12.324,7.549,12.164,4.430,0.456,3.974,3.974,0.000,0.000,0.000,42.0,0.000,
12.11.2025,13:47:48.861,17.672,28.042,18.576,3.272,250.0,250.0,31.528,9.786,4.288,28.156,20.124,12.475,7.649,12.328,4.432,0.458,3.974,3.974,0.000,0.000,0.000,42.0,0.000,
12.11.2025,13:47:49.860,17.672,28.042,18.576,3.272,250.0,250.0,31.686,10.030,4.239,28.613,20.364,12.631,7.733,12.483,5.133,0.574,4.559,3.974,0.000,0.000,0.000,42.0,0.000,
12.11.2025,13:47:50.859,24.469,29.013,19.533,3.264,250.0,250.0,31.970,9.903,4.276,28.624,20.399,12.654,7.745,12.494,4.430,0.456,3.974,3.974,0.000,0.000,0.000,42.0,0.000,
12.11.2025,13:47:51.856,29.907,29.600,20.158,3.260,250.0,250.0,31.730,9.575,4.227,26.886,19.302,11.972,7.330,11.824,5.117,0.572,4.545,3.974,0.000,0.000,0.000,42.0,0.000,
12.11.2025,13:47:52.859,13.594,30.770,21.274,3.258,250.0,250.0,31.028,9.380,4.239,26.116,18.829,11.673,7.156,11.525,5.138,0.573,4.565,3.982,0.000,0.000,0.000,42.0,0.000,
12.11.2025,13:47:53.854,19.032,29.782,20.277,3.293,250.0,250.0,31.440,9.788,4.289,27.636,19.792,12.278,7.514,12.130,5.133,0.574,4.559,3.974,0.000,0.000,0.000,42.0,0.000,
12.11.2025,13:47:54.854,23.110,28.759,19.158,3.383,250.0,250.0,31.426,9.924,4.301,28.530,20.357,12.622,7.735,12.474,4.618,0.528,4.090,3.982,0.000,0.000,0.000,42.0,0.000,
12.11.2025,13:47:55.866,17.672,29.732,20.143,3.398,250.0,250.0,31.809,9.362,4.338,26.494,19.121,11.863,7.258,11.715,4.430,0.456,3.974,3.974,0.000,0.000,0.000,42.0,0.000,
12.11.2025,13:47:56.874,16.313,29.161,19.529,3.400,250.0,250.0,31.629,9.406,4.362,26.642,19.220,11.917,7.303,11.782,4.430,0.456,3.974,3.974,0.000,0.000,0.000,42.0,0.000,
12.11.2025,13:47:57.874,35.344,27.911,18.367,3.364,250.0,250.0,31.730,9.872,4.313,28.427,20.308,12.597,7.711,12.438,4.469,0.487,3.982,3.991,0.000,0.000,0.000,42.0,0.000,
12.11.2025,13:47:58.877,16.313,28.446,18.816,3.375,250.0,250.0,32.063,9.452,4.289,26.877,19.333,11.988,7.345,11.841,4.438,0.456,3.982,3.974,0.000,0.000,0.000,42.0,0.000,
12.11.2025,13:47:59.877,24.469,29.263,19.705,3.367,250.0,250.0,32.247,9.658,4.326,27.048,19.449,12.058,7.391,11.923,5.195,0.621,4.574,3.991,0.000,0.000,0.000,42.0,0.000,
12.11.2025,13:48:0.872,16.313,29.237,19.584,3.388,250.0,250.0,31.993,9.974,4.289,28.336,20.233,12.543,7.690,12.396,5.136,0.574,4.562,3.982,0.000,0.000,0.000,42.0,0.000,
12.11.2025,13:48:1.870,21.750,30.220,20.607,3.385,250.0,250.0,32.696,9.741,4.277,27.451,19.678,12.197,7.481,12.050,5.149,0.572,4.577,3.974,0.000,0.000,0.000,42.0,0.000,
12.11.2025,13:48:2.870,27.188,31.498,21.950,3.392,250.0,250.0,32.812,9.956,4.265,28.245,20.153,12.502,7.651,12.355,5.197,0.622,4.575,3.991,0.000,0.000,0.000,42.0,0.000,
12.11.2025,13:48:3.881,21.750,29.929,20.292,3.365,250.0,250.0,32.717,10.121,4.302,28.734,20.487,12.700,7.787,12.553,5.323,0.687,4.636,4.000,0.000,0.000,0.000,42.0,0.000,
12.11.2025,13:48:4.876,17.672,31.540,21.950,3.389,250.0,250.0,32.672,10.073,4.277,28.716,20.463,12.688,7.775,12.529,5.145,0.573,4.572,3.991,0.000,0.000,0.000,42.0,0.000,
12.11.2025,13:48:5.871,19.032,30.173,20.573,3.342,250.0,250.0,32.694,9.984,4.239,28.846,20.517,12.720,7.797,12.560,4.586,0.593,3.993,3.991,0.000,0.000,0.000,42.0,0.000,
12.11.2025,13:48:6.885,17.672,29.788,20.314,3.333,250.0,250.0,32.445,9.434,4.264,26.190,18.888,11.716,7.172,11.568,5.273,0.643,4.630,3.991,0.000,0.000,0.000,42.0,0.000,
12.11.2025,13:48:7.897,24.469,27.544,17.949,3.363,250.0,250.0,32.296,9.724,4.264,27.410,19.633,12.180,7.453,12.033,5.141,0.577,4.564,3.982,0.000,0.000,0.000,42.0,0.000,
12.11.2025,13:48:8.910,19.032,30.572,21.017,3.312,250.0,250.0,32.558,10.292,4.252,29.417,20.876,12.943,7.933,12.784,5.363,0.782,4.581,3.991,0.001,0.000,0.500,42.0,0.000,
12.11.2025,13:48:9.908,24.469,28.800,19.279,3.345,250.0,250.0,32.397,9.685,4.314,27.607,19.801,12.271,7.530,12.124,4.610,0.626,3.984,3.982,0.000,0.000,0.000,42.0,0.000,
12.11.2025,13:48:10.906,20.391,30.727,21.143,3.357,250.0,250.0,32.717,9.642,4.301,26.921,19.366,12.010,7.356,11.862,5.301,0.659,4.642,4.000,0.000,0.000,0.000,42.0,0.000,
12.11.2025,13:48:11.902,23.110,29.151,19.655,3.319,250.0,250.0,32.388,9.172,4.251,25.277,18.319,11.357,6.962,11.222,5.164,0.578,4.586,4.000,0.000,0.000,0.000,42.0,0.000,
12.11.2025,13:48:12.916,19.032,29.160,19.627,3.324,250.0,250.0,32.390,10.074,4.239,28.708,20.430,12.670,7.760,12.523,5.216,0.625,4.591,3.982,0.000,0.000,0.000,42.0,0.000,
12.11.2025,13:48:13.925,13.594,28.870,19.428,3.280,250.0,250.0,31.771,10.343,4.214,29.776,21.074,13.072,8.002,12.912,5.189,0.611,4.578,4.000,0.000,0.000,0.000,42.0,0.000,
12.11.2025,13:48:14.916,21.750,33.649,24.097,3.345,250.0,250.0,32.988,10.236,4.239,29.360,20.833,12.915,7.918,12.768,5.169,0.586,4.583,3.991,0.000,0.000,0.000,42.0,0.000,
12.11.2025,13:48:15.933,23.110,30.240,20.671,3.334,250.0,250.0,32.161,9.599,4.276,27.443,19.669,12.204,7.465,12.056,4.448,0.457,3.991,3.982,0.000,0.000,0.000,42.0,0.000,
12.11.2025,13:48:16.929,23.110,30.062,20.543,3.335,250.0,250.0,32.117,9.599,4.277,27.333,19.603,12.160,7.443,12.012,5.153,0.575,4.578,3.991,0.000,0.000,0.000,42.0,0.000,
12.11.2025,13:48:17.930,19.032,30.130,20.621,3.327,250.0,250.0,32.117,9.713,4.277,27.333,19.603,12.160,7.443,12.012,5.153,0.575,4.578,3.991,0.000,0.000,0.000,42.0,0.000,
12.11.2025,13:48:18.946,17.672,30.174,20.658,3.284,250.0,250.0,32.240,9.638,4.326,28.760,20.526,12.726,7.800,12.566,4.491,0.490,4.001,3.991,0.000,0.000,0.000,42.0,0.000,
12.11.2025,13:48:19.957,20.391,27.228,17.781,3.276,250.0,250.0,32.647,9.968,4.265,26.670,19.182,11.900,7.282,11.752,5.168,0.578,4.590,3.991,0.000,0.000,0.000,42.0,0.000,
12.11.2025,13:48:20.954,21.750,29.738,20.258,3.304,250.0,250.0,32.647,9.538,4.265,26.670,19.182,11.900,7.282,11.752,5.168,0.578,4.590,3.991,0.000,0.000,0.000,42.0,0.000,
12.11.2025,13:48:21.951,14.953,29.788,20.297,3.292,250.0,250.0,32.276,9.615,4.265,26.978,19.382,12.012,7.370,11.865,5.142,0.572,4.570,3.991,0.000,0.000,0.000,42.0,0.000,
12.11.2025,13:48:22.947,19.032,27.466,17.962,3.283,250.0,250.0,31.964,9.652,4.178,27.700,19.768,12.254,7.514,12.106,4.505,0.495,4.010,3.991,0.000,0.000,0.000,42.0,0.000,
12.11.2025,13:48:23.945,24.469,27.423,17.980,3.273,250.0,250.0,31.961,9.706,4.227,27.899,19.922,12.348,7.574,12.201,4.448,0.457,3.991,3.991,0.000,0.000,0.000,42.0,0.000,
12.11.2025,13:48:24.958,39.422,30.632,21.047,3.336,250.0,250.0,32.114,9.793,4.289,28.106,20.092,12.453,7.639,12.306,4.529,0.483,4.046,3.991,0.000,0.000,0.000,42.0,0.000,
12.11.2025,13:48:25.958,24.469,28.378,18.816,3.371,250.0,250.0,30.169,9.551,4.289,27.240,19.552,12.121,7.431,11.986,4.449,0.458,3.991,3.991,0.000,0.000,0.000,42.0,0.000,
12.11.2025,13:48:26.972,17.672,29.815,20.133,3.492,250.0,250.0,31.800,9.876,4.252,28.497,20.310,12.599,7.711,12.439,4.480,0.489,3.991,3.991,0.000,0.000,0.000,42.0,0.000,
12.11.2025,13:48:27.985,16.313,26.410,16.724,3.433,250.0,250.0,31.975,9.834,4.276,27.783,19.884,12.331,7.553,12.183,5.165,0.578,4.587,4.000,0.000,0.000,0.000,42.0,0.000,
12.11.2025,13:48:28.987,20.391,27.380,17.699,3.436,250.0,250.0,31.716,9.138,4.264,25.676,18.568,11.519,7.049,11.384,4.459,0.459,4.000,4.000,0.000,0.000,0.000,42.0,0.000,
12.11.2025,13:48:29.982,19.032,28.765,19.151,3.424,250.0,250.0,31.625,10.200,4.252,29.161,20.715,12.844,7.871,12.696,5.168,0.595,4.573,4.124,0.000,0.000,0.000,42.0,0.000,
12.11.2025,13:48:30.978,23.110,27.977,18.287,3.436,250.0,250.0,31.701,9.644,4.239,27.047,19.407,12.030,7.377,11.882,5.231,0.601,4.630,3.991,0.000,0.000,0.000,42.0,0.000,
12.11.2025,13:48:31.979,20.391,26.466,16.882,3.425,250.0,250.0,32.001,9.780,4.214,27.628,19.752,12.239,7.513,12.092,5.182,0.591,4.591,4.000,0.000,0.000,0.000,42.0,0.000,
12.11.2025,13:48:32.978,19.032,29.030,19.374,3.395,250.0,250.0,31.827,9.761,4.276,28.058,20.049,12.437,7.612,12.289,4.448,0.457,3.991,3.991,0.000,0.000,0.000,42.0,0.000,
12.11.2025,13:48:33.990,23.110,28.995,19.430,3.359,250.0,250.0,32.112,10.248,4.263,29.899,21.187,13.135,8.052,12.975,4.487,0.494,3.993,3.991,0.000,0.000,0.000,42.0,0.000,
12.11.2025,13:48:34.992,23.110,31.976,22.329,3.374,250.0,250.0,32.504,10.013,4.276,28.995,20.633,12.790,7.843,12.630,4.485,0.493,3.992,3.991,0.000,0.000,0.000,42.0,0.000,
12.11.2025,13:48:35.994,17.672,27.911,18.385,3.348,250.0,250.0,33.108,10.429,4.300,30.037,21.287,13.209,8.078,13.050,5.166,0.586,4.580,3.991,0.000,0.000,0.000,42.0,0.000,
12.11.2025,13:48:36.993,27.188,32.131,22.541,3.372,250.0,250.0,32.662,10.485,4.277,30.289,21.443,13.288,8.155,13.128,5.135,0.617,4.518,4.000,0.000,0.000,0.000,42.0,0.000,
12.11.2025,13:48:38.004,19.032,30.117,20.537,3.402,250.0,250.0,32.399,10.579,4.277,30.604,21.626,13.410,8.216,13.250,5.205,0.620,4.585,4.000,0.000,0.000,0.000,42.0,0.000,
12.11.2025,13:48:39.017,21.750,28.904,19.279,3.358,250.0,250.0,32.497,10.403,4.289,29.898,21.191,13.149,8.042,12.989,5.230,0.646,4.584,4.008,0.000,0.000,0.000,42.0,0.000,
12.11.2025,13:48:40.012,24.469,27.561,18.088,3.301,250.0,250.0,31.785,10.126,4.313,29.418,20.906,12.963,7.943,12.816,4.449,0.458,3.991,4.000,0.000,0.000,0.000,42.0,0.000,
12.11.2025,13:48:41.010,20.391,34.669,24.718,3.658,250.0,250.0,32.028,10.362,4.325,29.601,21.028,13.037,7.991,12.890,5.371,0.669,4.702,4.008,0.000,0.000,0.000,42.0,0.000,
12.11.2025,13:48:42.021,20.391,31.121,21.449,3.451,250.0,250.0,32.542,9.615,4.351,26.861,19.359,12.001,7.358,11.854,5.182,0.591,4.591,4.000,0.000,0.000,0.000,42.0,0.000,
12.11.2025,13:48:43.020,16.313,29.185,19.631,3.314,250.0,250.0,32.117,9.958,4.326,28.722,20.495,12.710,7.785,12.550,4.494,0.493,4.001,4.000,0.000,0.000,0.000,42.0,0.000,
12.11.2025,13:48:44.016,24.469,28.774,19.331,3.271,250.0,250.0,29.743,9.991,4.325,28.252,20.199,12.525,7.674,12.378,5.276,0.635,4.641,4.000,0.000,0.000,0.000,42.0,0.000,
12.11.2025,13:48:45.015,20.391,28.945,19.496,3.169,250.0,250.0,28.441,10.126,4.252,28.772,20.479,12.703,7.776,12.556,5.354,0.649,4.705,4.008,0.000,0.000,0.000,42.0,0.000,
12.11.2025,13:48:46.010,20.391,28.403,18.898,3.301,250.0,250.0,32.994,9.586,4.253,26.855,19.299,11.965,7.334,11.817,5.166,0.577,4.589,4.008,0.000,0.000,0.000,42.0,0.000,
12.11.2025,13:48:47.011,21.750,30.150,20.633,3.304,250.0,250.0,33.274,10.147,4.277,28.979,20.620,12.785,7.835,12.638,5.166,0.577,4.589,4.008,0.000,0.000,0.000,42.0,0.000,
12.11.2025,13:48:48.007,19.032,30.192,20.621,3.341,250.0,250.0,33.355,9.908,4.289,28.041,20.047,12.423,7.624,12.276,5.188,0.591,4.597,4.008,0.000,0.000,0.000,42.0,0.000,
12.11.2025,13:48:49.021,19.032,28.550,19.048,3.305,250.0,250.0,32.823,10.371,4.289,30.351,21.475,13.322,8.153,13.163,4.483,0.490,3.993,3.991,0.001,0.000,0.000,42.0,0.000,
12.11.2025,13:48:50.021,19.032,28.298,18.812,3.308,250.0,250.0,32.890,9.805,4.301,27.631,19.800,12.283,7.517,12.135,5.188,0.591,4.597,4.008,0.000,0.000,0.000,42.0,0.000,
12.11.2025,13:48:51.007,16.313,29.511,20.023,3.312,250.0,250.0,32.413,10.064,4.289,28.592,20.391,12.640,7.751,12.492,5.237,0.601,4.636,4.008,0.000,0.000,0.375,42.0,0.000,
12.11.2025,13:48:52.008,16.313,29.790,20.275,3.294,250.0,250.0,33.217,9.856,4.277,27.803,19.903,12.335,7.568,12.188,5.241,0.603,4.638,4.000,0.000,0.000,0.000,42.0,0.000,
12.11.2025,13:48:53.014,23.110,29.703,20.294,3.270,250.0,250.0,32.662,9.706,4.228,27.271,19.545,12.113,7.432,11.965,5.250,0.602,4.648,4.008,0.000,0.000,0.000,42.0,0.000,
12.11.2025,13:48:54.015,17.672,30.155,20.735,3.241,250.0,250.0,32.273,10.418,4.240,30.052,21.263,13.193,8.070,13.033,5.161,0.578,4.583,4.008,0.000,0.000,0.000,42.0,0.000,
12.11.2025,13:48:55.012,23.110,30.017,20.432,3.267,250.0,250.0,32.706,9.550,4.216,27.297,19.539,12.121,7.418,11.974,4.467,0.459,4.008,4.000,0.000,0.000,0.000,42.0,0.000,
12.11.2025,13:48:56.009,20.391,29.035,19.541,3.269,250.0,250.0,32.643,9.647,4.277,27.072,19.436,12.057,7.379,11.910,5.165,0.578,4.587,4.008,0.000,0.000,0.000,42.0,0.000,
12.11.2025,13:48:57.010,21.750,29.067,19.634,3.275,250.0,250.0,32.660,9.443,4.289,26.813,19.289,11.959,7.330,11.812,4.467,0.459,4.008,4.000,0.000,0.000,0.000,42.0,0.000,
12.11.2025,13:48:58.012,16.313,30.190,20.721,3.268,250.0,250.0,32.591,8.549,4.155,23.528,17.170,10.649,6.521,10.514,4.476,0.468,4.008,4.000,0.000,0.000,0.000,42.0,0.000,
12.11.2025,13:48:59.009,17.672,26.836,17.279,3.355,250.0,250.0,30.350,10.036,4.166,28.634,20.334,12.610,7.724,12.463,5.215,0.622,4.593,4.000,0.000,0.000,0.000,42.0,0.000,
12.11.2025,13:49:0.008,23.110,28.220,18.613,3.386,250.0,250.0,31.793,9.863,4.191,27.924,19.917,12.353,7.564,12.193,5.246,0.603,4.643,4.000,0.000,0.000,0.000,42.0,0.000,
12.11.2025,13:49:1.015,16.313,27.015,17.443,3.352,250.0,250.0,31.716,9.327,4.203,26.461,19.012,11.795,7.217,11.648,4.468,0.460,4.008,4.000,0.000,0.000,0.000,42.0,0.000,
12.11.2025,13:49:2.006,21.750,28.979,19.399,3.382,250.0,250.0,31.728,9.704,4.264,27.265,19.541,12.115,7.426,11.980,5.218,0.626,4.592,4.008,0.000,0.000,0.000,42.0,0.000,
12.11.2025,13:49:3.020,19.032,28.979,19.439,3.336,250.0,250.0,32.426,9.825,4.264,28.292,20.190,12.519,7.671,12.360,4.478,0.461,4.017,4.000,0.000,0.000,0.000,42.0,0.000,
12.11.2025,13:49:4.021,20.391,30.597,20.959,3.377,250.0,250.0,31.751,9.671,4.325,27.063,19.473,12.069,7.404,11.922,5.225,0.631,4.594,4.008,0.000,0.000,0.000,42.0,0.000,
12.11.2025,13:49:5.016,19.032,30.478,20.811,3.391,250.0,250.0,31.708,9.523,4.350,27.029,19.460,12.069,7.391,11.922,4.500,0.498,4.002,4.008,0.000,0.000,0.000,42.0,0.000,
12.11.2025,13:49:6.019,32.625,30.404,20.883,3.369,250.0,250.0,32.200,9.763,4.325,27.411,19.686,12.207,7.479,12.060,5.227,0.625,4.602,4.008,0.000,0.000,0.000,42.0,0.000,
12.11.2025,13:49:7.018,23.110,31.108,21.525,3.379,250.0,250.0,31.978,9.642,4.264,27.047,19.413,12.046,7.367,11.899,5.190,0.589,4.601,4.008,0.000,0.000,0.000,42.0,0.000,
12.11.2025,13:49:8.010,20.391,30.707,21.141,3.345,250.0,250.0,32.011,9.772,4.239,27.577,19.727,12.239,7.488,12.091,5.179,0.591,4.588,4.000,0.000,0.000,0.000,42.0,0.000,
12.11.2025,13:49:9.019,19.032,30.477,20.864,3.364,250.0,250.0,31.638,9.629,4.191,27.616,19.731,12.229,7.502,12.081,4.468,0.460,4.008,4.008,0.000,0.000,0.000,42.0,0.000,
12.11.2025,13:49:10.009,20.391,30.328,20.762,3.364,250.0,250.0,32.502,9.390,4.240,26.658,19.159,11.876,7.283,11.741,4.470,0.462,4.008,4.008,0.000,0.000,0.000,42.0,0.000,
12.11.2025,13:49:11.007,19.032,30.219,20.703,3.366,250.0,250.0,32.017,9.771,4.240,27.559,19.716,12.227,7.489,12.080,5.193,0.593,4.600,4.008,0.000,0.000,0.000,42.0,0.000,
12.11.2025,13:49:12.011,25.829,28.276,18.697,3.352,250.0,250.0,32.053,9.415,4.253,26.733,19.226,11.916,7.310,11.769,4.468,0.460,4.008,4.008,0.000,0.000,0.000,42.0,0.000,
12.11.2025,13:49:13.015,27.188,29.158,19.590,3.364,250.0,250.0,32.210,10.369,4.301,29.790,21.130,13.100,8.030,12.953,5.191,0.589,4.602,4.008,0.000,0.000,0.000,42.0,0.000,
12.11.2025,13:49:14.011,17.672,29.493,19.973,3.329,250.0,250.0,32.664,9.935,4.264,28.176,20.119,12.479,7.640,12.331,5.166,0.578,4.588,4.008,0.000,0.000,0.000,42.0,0.000,
12.11.2025,13:49:15.008,24.469,32.613,23.050,3.360,250.0,250.0,32.684,9.463,4.240,26.940,19.328,11.985,7.343,11.850,4.468,0.460,4.008,4.008,0.000,0.000,0.000,42.0,0.000,
12.11.2025,13:49:16.017,19.032,32.202,22.603,3.343,250.0,250.0,31.894,9.724,4.252,27.924,19.960,12.369,7.591,12.222,4.459,0.459,4.000,4.000,0.000,0.000,0.000,42.0,0.000,
12.11.2025,13:49:17.017,21.750,30.814,21.268,3.348,250.0,250.0,32.210,9.711,4.203,27.918,19.918,12.353,7.565,12.206,4.468,0.460,4.008,4.008,0.000,0.000,0.000,42.0,0.000,
12.11.2025,13:49:18.011,24.469,28.536,19.011,3.303,250.0,250.0,32.359,9.727,4.240,27.874,19.922,12.356,7.566,12.197,4.551,0.485,4.066,4.008,0.000,0.000,0.000,42.0,0.000,
12.11.2025,13:49:19.017,23.110,29.204,19.688,3.311,250.0,250.0,32.448,9.630,4.252,27.571,19.734,12.231,7.503,12.083,4.462,0.462,4.000,4.000,0.000,0.000,0.000,42.0,0.000,
12.11.2025,13:49:20.015,14.953,29.210,19.694,3.333,250.0,250.0,32.085,9.691,4.326,27.167,19.532,12.112,7.420,11.965,5.191,0.589,4.602,4.008,0.000,0.000,0.000,42.0,0.000,
12.11.2025,13:49:21.012,20.391,28.352,18.937,3.269,250.0,250.0,32.247,9.733,4.264,27.941,19.976,12.388,7.588,12.229,4.468,0.460,4.008,4.008,0.001,0.000,0.000,42.0,0.000,
12.11.2025,13:49:22.015,19.032,30.203,20.673,3.317,250.0,250.0,32.054,9.556,4.216,26.715,19.183,11.900,7.283,11.753,5.250,0.602,4.648,4.008,0.000,0.000,0.000,42.0,0.000,
12.11.2025,13:49:23.010,27.188,29.162,19.694,3.275,250.0,250.0,32.000,10.034,4.215,29.079,20.645,12.802,7.843,12.642,4.555,0.481,4.074,4.008,0.000,0.000,0.000,42.0,0.000,
12.11.2025,13:49:24.020,27.188,28.472,18.924,3.290,250.0,250.0,32.560,9.770,4.240,27.566,19.729,12.228,7.501,12.081,5.172,0.577,4.595,4.008,0.000,0.000,0.000,42.0,0.000,
12.11.2025,13:49:25.007,28.547,30.384,20.875,3.334,250.0,250.0,32.284,9.598,4.239,26.914,19.326,11.984,7.342,11.837,5.165,0.575,4.590,4.008,0.000,0.000,0.000,42.0,0.000,
12.11.2025,13:49:26.021,20.391,29.842,20.374,3.296,250.0,250.0,32.252,9.975,4.301,28.285,20.213,12.538,7.675,12.378,5.174,0.578,4.596,4.017,0.000,0.000,0.000,42.0,0.000,
12.11.2025,13:49:27.020,19.032,30.636,21.049,3.315,250.0,250.0,32.151,9.842,4.325,27.762,19.899,12.337,7.562,12.190,5.168,0.578,4.590,4.008,0.000,0.000,0.000,42.0,0.000,
12.11.2025,13:49:28.014,23.110,31.146,21.739,3.247,250.0,250.0,31.432,9.509,4.313,26.538,19.130,11.861,7.269,11.726,5.120,0.574,4.546,4.008,0.000,0.000,0.000,42.0,0.000,
12.11.2025,13:49:29.017,14.953,28.672,19.205,3.288,250.0,250.0,31.618,9.793,4.337,28.097,20.112,12.475,7.637,12.327,4.467,0.459,4.008,4.008,0.000,0.000,0.000,42.0,0.000,
12.11.2025,13:49:30.015,14.953,29.615,20.103,3.286,250.0,250.0,31.691,9.573,4.228,27.367,19.597,12.144,7.453,11.996,4.467,0.459,4.008,4.008,0.000,0.000,0.000,42.0,0.000,
12.11.2025,13:49:31.012,14.953,29.728,20.252,3.295,250.0,250.0,32.201,9.667,4.215,27.741,19.813,12.288,7.525,12.141,4.469,0.461,4.008,4.008,0.000,0.000,0.000,42.0,0.000,
12.11.2025,13:49:32.020,16.313,29.439,19.829,3.404,250.0,250.0,29.857,10.120,4.287,28.848,20.546,12.740,7.806,12.593,5.185,0.592,4.593,4.008,0.000,0.000,0.000,42.0,0.000,
12.11.2025,13:49:33.018,28.547,27.733,18.134,3.411,250.0,250.0,31.442,10.140,4.288,28.855,20.552,12.744,7.808,12.596,5.275,0.616,4.659,4.008,0.000,0.000,0.000,42.0,0.125,
12.11.2025,13:49:34.015,16.313,29.777,20.143,3.430,250.0,250.0,31.622,9.725,4.276,27.359,19.624,12.170,7.454,12.022,5.170,0.578,4.592,4.008,0.000,0.000,0.000,42.0,0.000,
12.11.2025,13:49:35.014,24.469,31.071,21.435,3.447,250.0,250.0,31.389,9.594,4.289,27.389,19.644,12.179,7.465,12.032,4.468,0.460,4.008,4.008,0.000,0.000,0.000,42.0,0.000,
12.11.2025,13:49:36.013,29.907,30.922,21.240,3.436,250.0,250.0,31.876,10.064,4.288,28.630,20.419,12.659,7.760,12.500,5.188,0.590,4.598,4.008,0.000,0.000,0.000,42.0,0.000,
12.11.2025,13:49:37.010,21.750,29.890,20.178,3.445,250.0,250.0,32.034,9.620,4.276,27.480,19.689,12.213,7.476,12.066,4.487,0.461,4.026,4.026,0.000,0.000,0.000,42.0,0.000,
12.11.2025,13:49:38.019,17.672,28.561,18.989,3.405,250.0,250.0,31.685,10.006,4.276,28.412,20.272,12.573,7.699,12.414,5.204,0.599,4.605,4.008,0.000,0.000,0.000,42.0,0.000,
12.11.2025,13:49:39.018,17.672,28.561,18.989,3.405,250.0,250.0,31.723,9.983,4.263,28.342,20.219,12.534,7.685,12.387,5.194,0.598,4.596,4.008,0.000,0.000,0.000,42.0,0.000,
12.11.2025,13:49:40.007,25.829,25.887,16.277,3.389,250.0,250.0,31.925,9.615,4.264,27.425,19.657,12.180,7.477,12.033,4.552,0.486,4.066,4.008,0.000,0.000,0.000,42.0,0.000,
12.11.2025,13:49:41.006,25.829,29.715,20.133,3.389,250.0,250.0,31.747,9.774,4.275,28.086,20.072,12.448,7.624,12.288,4.467,0.459,4.008,4.008,0.001,0.000,0.000,42.0,0.000,
12.11.2025,13:49:42.021,21.750,27.221,17.614,3.393,250.0,250.0,31.347,9.520,4.300,27.088,19.474,12.070,7.404,11.922,4.468,0.460,4.008,4.008,0.000,0.000,0.000,42.0,0.000,
12.11.2025,13:49:43.015,19.032,34.684,24.684,3.666,250.0,250.0,31.476,10.033,4.227,28.458,20.276,12.576,7.700,12.416,5.330,0.679,4.651,4.017,0.000,0.000,0.000,42.0,0.000,
12.11.2025,13:49:44.006,28.547,29.517,19.938,3.382,250.0,250.0,31.367,9.354,4.178,26.557,19.057,11.812,7.245,11.677,4.502,0.492,4.010,4.008,0.001,0.000,0.000,42.0,0.375,
12.11.2025,13:49:45.011,19.032,28.863,19.323,3.322,250.0,250.0,31.807,9.619,4.226,27.514,19.685,12.199,7.486,12.052,4.504,0.494,4.010,4.017,0.000,0.000,0.000,42.0,0.000,
12.11.2025,13:49:46.011,23.110,29.149,19.535,3.375,250.0,250.0,31.738,9.674,4.166,27.274,19.501,12.096,7.405,11.948,5.171,0.578,4.593,4.008,0.000,0.000,0.000,42.0,0.000,
12.11.2025,13:49:47.009,19.032,31.140,21.540,3.357,250.0,250.0,31.900,9.987,4.239,28.357,20.212,12.537,7.675,12.390,5.221,0.622,4.599,4.017,0.000,0.000,0.000,42.0,0.000,
12.11.2025,13:49:48.009,19.032,33.229,23.681,3.379,250.0,250.0,31.975,9.603,4.202,26.924,19.308,11.968,7.340,11.821,5.223,0.623,4.600,4.017,0.000,0.000,0.000,42.0,0.000,
12.11.2025,13:49:49.007,19.032,27.984,18.427,3.318,250.0,250.0,31.389,9.227,4.251,25.483,18.444,11.437,7.007,11.290,5.170,0.578,4.592,4.017,0.000,0.000,0.000,42.0,0.000,
12.11.2025,13:49:50.021,20.391,26.855,17.330,3.315,250.0,250.0,31.845,9.549,4.325,27.170,19.529,12.115,7.414,11.967,4.478,0.461,4.017,4.017,0.000,0.000,0.000,42.0,0.000,
12.11.2025,13:49:51.007,25.829,28.932,19.426,3.315,250.0,250.0,31.425,9.554,4.325,27.162,19.533,12.105,7.428,11.958,4.505,0.495,4.010,4.017,0.000,0.000,0.000,42.0,0.000,
12.11.2025,13:49:52.009,23.110,30.858,21.367,3.282,250.0,250.0,31.727,9.421,4.289,26.663,19.190,11.897,7.293,11.762,4.552,0.485,4.067,4.008,0.000,0.000,0.000,42.0,0.000,
12.11.2025,13:49:53.007,17.672,28.565,19.103,3.267,250.0,250.0,32.182,9.994,4.251,28.429,20.272,12.573,7.699,12.414,5.145,0.573,4.572,4.008,0.000,0.000,0.000,42.0,0.000,
12.11.2025,13:49:54.035,32.625,29.257,19.851,3.259,250.0,250.0,31.928,10.116,4.276,28.804,20.521,12.723,7.798,12.563,5.231,0.633,4.598,4.008,0.000,0.000,0.000,42.0,0.000,
12.11.2025,13:49:55.027,16.313,31.360,21.859,3.283,250.0,250.0,32.233,9.780,4.251,27.492,19.691,12.202,7.489,12.055,5.302,0.641,4.661,4.017,0.000,0.000,0.000,42.0,0.000,
12.11.2025,13:49:56.033,20.391,30.097,20.578,3.250,250.0,250.0,31.556,9.408,4.301,26.155,18.890,11.710,7.180,11.563,5.130,0.577,4.553,4.026,0.000,0.000,0.000,42.0,0.000,
12.11.2025,13:49:57.035,14.953,28.405,18.997,3.254,250.0,250.0,32.079,10.029,4.276,29.040,20.653,12.807,7.846,12.659,4.500,0.491,4.009,4.008,0.000,0.000,0.000,42.0,0.000,
12.11.2025,13:49:58.026,27.188,29.441,19.918,3.300,250.0,250.0,31.918,9.613,4.252,26.943,19.353,11.997,7.356,11.850,5.171,0.578,4.593,4.034,0.000,0.000,0.000,42.0,0.000,
12.11.2025,13:49:59.025,19.032,29.870,20.411,3.261,250.0,250.0,32.634,9.850,4.300,28.352,20.252,12.556,7.696,12.396,4.468,0.460,4.008,4.008,0.001,0.000,0.000,42.0,0.000,
12.11.2025,13:50:0.040,40.782,30.380,20.935,3.282,250.0,250.0,32.073,9.887,4.301,27.876,19.954,12.378,7.576,12.231,5.264,0.602,4.662,4.026,0.000,0.000,0.000,42.0,0.000,
12.11.2025,13:50:1.050,27.188,31.238,21.782,3.233,250.0,250.0,32.499,9.688,4.239,27.774,19.850,12.313,7.537,12.166,4.487,0.461,4.026,4.026,0.000,0.000,0.000,42.0,0.000,
12.11.2025,13:50:2.047,27.188,30.226,20.808,3.225,250.0,250.0,32.514,9.775,4.252,27.571,19.734,12.243,7.491,12.096,5.175,0.575,4.600,4.017,0.000,0.000,0.000,42.0,0.000,
12.11.2025,13:50:3.045,13.594,28.652,19.211,3.278,250.0,250.0,32.483,9.665,4.289,27.027,19.425,12.045,7.380,11.898,5.287,0.611,4.676,4.017,0.001,0.000,0.000,42.0,0.000,
12.11.2025,13:50:4.042,29.907,28.194,18.709,3.234,250.0,250.0,32.020,9.819,4.338,27.637,19.832,12.292,7.540,12.145,5.194,0.581,4.613,4.017,0.000,0.000,0.000,42.0,0.000,
12.11.2025,13:50:5.058,31.266,31.928,22.423,3.297,250.0,250.0,30.741,9.758,4.288,28.012,20.038,12.426,7.612,12.266,4.467,0.459,4.008,4.008,0.000,0.000,0.000,42.0,0.000,
12.11.2025,13:50:6.068,32.625,29.521,20.101,3.256,250.0,250.0,32.388,10.050,4.264,28.518,20.338,12.613,7.725,12.454,5.284,0.618,4.666,4.017,0.000,0.000,0.000,42.0,0.000,
12.11.2025,13:50:7.055,28.547,29.781,20.124,3.439,250.0,250.0,31.455,9.902,4.264,28.519,20.333,12.610,7.723,12.451,4.553,0.486,4.067,4.008,0.000,0.000,0.000,42.0,0.000,
12.11.2025,13:50:8.054,21.750,28.264,18.647,3.432,250.0,250.0,32.290,9.867,4.216,27.909,19.921,12.355,7.566,12.208,5.235,0.624,4.611,4.026,0.000,0.000,0.000,42.0,0.000,
12.11.2025,13:50:9.055,16.313,27.316,17.685,3.385,250.0,250.0,32.570,9.497,4.289,26.997,19.404,12.035,7.369,11.888,4.487,0.461,4.026,4.017,0.000,0.000,0.000,42.0,0.000,
12.11.2025,13:50:10.068,17.672,27.911,18.342,3.375,250.0,250.0,32.079,9.806,4.288,27.613,19.786,12.262,7.524,12.114,5.228,0.622,4.606,4.017,0.000,0.000,0.000,42.0,0.000,
12.11.2025,13:50:11.067,19.032,27.969,18.379,3.371,250.0,250.0,31.923,9.481,4.252,26.962,19.360,12.006,7.354,11.859,4.500,0.481,4.019,4.017,0.000,0.000,0.000,42.0,0.000,
12.11.2025,13:50:12.065,21.750,27.922,18.344,3.385,250.0,250.0,31.919,9.953,4.289,28.407,20.268,12.571,7.697,12.424,4.928,0.548,4.380,4.017,0.000,0.000,0.000,42.0,0.000,
12.11.2025,13:50:13.064,19.032,27.315,17.737,3.372,250.0,250.0,32.053,9.582,4.325,27.273,19.598,12.157,7.441,12.009,4.502,0.492,4.010,4.008,0.000,0.000,0.000,42.0,0.000,
12.11.2025,13:50:14.064,19.032,27.882,18.343,3.347,250.0,250.0,32.222,9.749,4.313,27.366,19.657,12.180,7.477,12.032,5.226,0.621,4.605,4.017,0.000,0.000,0.000,42.0,0.000,
12.11.2025,13:50:15.064,12.235,31.142,21.485,3.401,250.0,250.0,32.291,9.825,4.227,27.743,19.830,12.291,7.539,12.144,5.230,0.623,4.607,4.017,0.000,0.000,0.000,42.0,0.000,
12.11.2025,13:50:16.064,25.829,30.342,20.754,3.387,250.0,250.0,31.683,9.905,4.215,28.098,20.041,12.427,7.614,12.280,5.179,0.577,4.602,4.017,0.000,0.000,0.000,42.0,0.000,
12.11.2025,13:50:17.062,16.313,29.567,19.990,3.339,250.0,250.0,31.717,9.905,4.177,28.631,20.351,12.618,7.733,12.458,5.229,0.620,4.609,4.017,0.000,0.000,0.000,42.0,0.000,
12.11.2025,13:50:18.057,17.672,30.282,20.721,3.362,250.0,250.0,31.717,10.044,4.177,28.631,20.351,12.618,7.733,12.458,5.229,0.620,4.609,4.017,0.000,0.000,0.000,42.0,0.000,
12.11.2025,13:50:19.068,17.672,27.740,18.223,3.302,250.0,250.0,32.302,9.654,4.300,27.063,19.444,12.054,7.390,11.919,5.179,0.578,4.601,4.017,0.000,0.000,0.000,42.0,0.000,
12.11.2025,13:50:20.066,25.829,28.446,18.888,3.312,250.0,250.0,31.544,9.661,4.313,27.616,19.801,12.276,7.525,12.128,4.467,0.459,4.008,4.017,0.000,0.000,0.000,42.0,0.000,
12.11.2025,13:50:21.064,20.391,29.195,19.661,3.342,250.0,250.0,31.770,13.048,4.289,25.631,18.552,11.504,7.048,11.369,4.478,0.461,4.017,43.133,0.000,0.000,0.000,42.0,0.000,
12.11.2025,13:50:22.062,24.469,28.886,19.397,3.316,250.0,250.0,31.603,9.589,4.314,27.340,19.634,12.168,7.466,12.021,4.467,0.459,4.008,4.017,0.000,0.000,0.000,42.0,0.000,
12.11.2025,13:50:23.065,23.110,29.292,19.775,3.312,250.0,250.0,31.710,10.281,4.289,29.418,20.893,12.963,7.930,12.803,5.245,0.646,4.599,4.026,0.000,0.000,0.000,42.0,0.000,
12.11.2025,13:50:24.064,23.110,28.904,19.330,3.333,250.0,250.0,31.994,10.063,4.264,28.643,20.408,12.660,7.748,12.501,5.188,0.588,4.600,4.034,0.000,0.000,0.000,42.0,0.000,
12.11.2025,13:50:25.057,19.032,30.892,21.441,3.307,250.0,250.0,31.783,9.543,4.252,26.674,19.176,11.896,7.280,11.749,5.198,0.590,4.608,4.008,0.000,0.000,0.000,42.0,0.000,
12.11.2025,13:50:26.066,21.750,29.566,20.050,3.307,250.0,250.0,31.760,10.259,4.301,29.286,20.831,12.921,7.910,12.761,5.267,0.651,4.616,4.042,0.000,0.000,0.000,42.0,0.000,
12.11.2025,13:50:27.062,17.672,31.533,21.982,3.338,250.0,250.0,31.845,10.383,4.252,29.825,21.131,13.101,8.030,12.941,5.262,0.603,4.659,4.026,0.000,0.000,0.000,42.0,0.000,
12.11.2025,13:50:28.059,17.672,30.756,21.236,3.296,250.0,250.0,32.369,10.219,4.325,29.025,20.684,12.823,7.861,12.675,5.387,0.724,4.663,4.026,0.000,0.000,0.000,42.0,0.000,
12.11.2025,13:50:29.063,24.469,28.331,18.902,3.273,250.0,250.0,31.653,10.274,4.326,29.330,20.876,12.943,7.933,12.784,5.255,0.641,4.614,4.034,0.000,0.000,0.000,42.0,0.000,
12.11.2025,13:50:30.061,19.032,28.617,19.097,3.290,250.0,250.0,32.214,9.593,4.239,26.882,19.302,11.972,7.330,11.824,5.188,0.592,4.596,4.008,0.000,0.000,0.000,42.0,0.000,
12.11.2025,13:50:31.061,17.672,30.742,21.310,3.253,250.0,250.0,31.903,10.235,4.252,29.308,20.813,12.905,7.908,12.745,5.203,0.592,4.611,4.017,0.000,0.000,0.000,42.0,0.000,
12.11.2025,13:50:32.057,21.750,31.262,21.803,3.254,250.0,250.0,32.682,10.390,4.263,29.856,21.155,13.125,8.030,12.965,5.242,0.624,4.618,4.026,0.000,0.000,0.000,42.0,0.000,
12.11.2025,13:50:33.054,24.469,27.867,18.425,3.249,250.0,250.0,32.273,10.139,4.288,28.775,20.502,12.719,7.783,12.559,5.374,0.652,4.722,4.017,0.000,0.000,0.000,42.0,0.000,
12.11.2025,13:50:34.054,19.032,28.426,18.965,3.244,250.0,250.0,31.943,9.659,4.314,26.977,19.403,12.035,7.368,11.887,5.295,0.639,4.656,4.017,0.001,0.000,0.000,42.0,0.000,
12.11.2025,13:50:35.058,23.110,32.078,22.562,3.298,250.0,250.0,32.041,10.087,4.325,29.208,20.800,12.893,7.907,12.733,4.487,0.461,4.026,4.026,0.000,0.000,0.000,42.0,0.000,
12.11.2025,13:50:36.057,19.032,29.758,20.320,3.238,250.0,250.0,32.152,10.088,4.326,28.660,20.462,12.687,7.775,12.527,5.209,0.591,4.618,4.026,0.005,0.000,0.000,42.0,0.000,
12.11.2025,13:50:37.055,17.672,29.053,19.603,3.256,250.0,250.0,32.535,10.274,4.325,29.897,21.220,13.164,8.056,13.005,4.523,0.494,4.029,4.026,0.000,0.000,0.000,42.0,0.000,
12.11.2025,13:50:38.068,20.391,29.082,19.599,3.300,250.0,250.0,32.023,10.371,4.313,30.300,21.455,13.305,8.150,13.146,4.511,0.493,4.018,4.017,0.000,0.000,0.000,42.0,0.000,
12.11.2025,13:50:39.052,19.032,31.587,22.051,3.293,250.0,250.0,32.109,10.278,4.288,29.989,21.251,13.185,8.066,13.025,4.479,0.462,4.017,4.017,0.000,0.000,0.000,42.0,0.000,
12.11.2025,13:50:40.062,21.750,29.420,19.893,3.358,250.0,250.0,29.376,9.410,4.240,26.557,19.105,11.844,7.261,11.709,4.681,0.535,4.146,4.026,0.000,0.000,0.000,42.0,0.000,
12.11.2025,13:50:41.061,19.032,26.898,17.265,3.415,250.0,250.0,31.406,10.185,4.313,29.053,20.687,12.830,7.857,12.670,5.207,0.593,4.614,4.026,0.000,0.000,0.000,42.0,0.000,
12.11.2025,13:50:42.053,17.672,27.019,17.334,3.414,250.0,250.0,32.252,10.325,4.277,29.597,20.998,13.029,7.969,12.869,5.243,0.628,4.615,4.026,0.000,0.000,0.000,42.0,0.000,
12.11.2025,13:50:43.064,36.704,31.147,21.364,3.553,250.0,250.0,31.579,9.768,4.240,27.473,19.662,12.195,7.467,12.048,5.284,0.619,4.665,4.026,0.000,0.000,0.000,42.0,0.000,
12.11.2025,13:50:44.060,28.547,32.460,22.578,3.615,250.0,250.0,31.592,9.856,4.301,27.727,19.856,12.316,7.540,12.169,5.315,0.642,4.673,4.026,0.000,0.000,0.000,42.0,0.000,
12.11.2025,13:50:45.058,21.750,30.158,20.506,3.442,250.0,250.0,32.064,9.321,4.301,26.305,18.983,11.775,7.208,11.628,4.495,0.461,4.034,4.017,0.000,0.000,0.000,42.0,0.000,
12.11.2025,13:50:46.057,23.110,29.402,19.815,3.392,250.0,250.0,31.990,9.894,4.301,27.970,20.013,12.413,7.600,12.253,5.182,0.580,4.602,4.026,0.000,0.000,0.000,42.0,0.000,
12.11.2025,13:50:47.058,17.672,31.055,21.406,3.434,250.0,250.0,32.569,10.068,4.239,29.182,20.729,12.857,7.872,12.697,4.539,0.496,4.043,4.026,0.000,0.000,0.000,42.0,0.000,
12.11.2025,13:50:48.057,19.032,29.713,20.043,3.425,250.0,250.0,32.329,9.835,4.289,27.658,19.812,12.283,7.529,12.136,5.306,0.644,4.662,4.034,0.000,0.000,0.000,42.0,0.000,
12.11.2025,13:50:49.056,19.032,30.667,20.990,3.412,250.0,250.0,32.039,9.844,4.265,27.786,19.886,12.332,7.554,12.172,5.211,0.594,4.617,4.026,0.000,0.000,0.000,42.0,0.000,
12.11.2025,13:50:50.057,17.672,29.597,20.008,3.401,250.0,250.0,31.726,9.723,4.313,27.278,19.597,12.144,7.453,11.996,5.212,0.595,4.617,4.026,0.000,0.000,0.000,42.0,0.000,
12.11.2025,13:50:51.057,14.953,27.819,18.249,3.406,250.0,250.0,31.879,9.684,4.276,27.198,19.523,12.107,7.416,11.959,5.168,0.579,4.589,4.026,0.000,0.000,0.000,42.0,0.000,
12.11.2025,13:50:52.055,19.032,27.795,18.139,3.402,250.0,250.0,31.766,9.739,4.300,27.297,19.589,12.151,7.438,12.003,5.296,0.619,4.677,4.026,0.000,0.000,0.000,42.0,0.000,
12.11.2025,13:50:53.054,20.391,28.451,18.910,3.368,250.0,250.0,32.065,9.524,4.228,27.158,19.462,12.070,7.392,11.923,4.488,0.462,4.026,4.026,0.000,0.000,0.000,42.0,0.000,
12.11.2025,13:50:54.054,17.672,28.692,19.092,3.386,250.0,250.0,31.709,9.432,4.227,26.264,18.902,11.721,7.181,11.586,5.206,0.592,4.614,4.026,0.000,0.000,0.000,42.0,0.000,
12.11.2025,13:50:55.053,20.391,29.297,19.639,3.407,250.0,250.0,31.928,9.775,4.325,27.460,19.708,12.230,7.478,12.083,5.218,0.592,4.626,4.034,0.000,0.000,0.000,42.0,0.000,
12.11.2025,13:50:56.056,39.422,29.872,20.276,3.391,250.0,250.0,31.370,9.642,4.264,27.571,19.735,12.236,7.499,12.089,4.496,0.462,4.034,4.034,0.000,0.000,0.000,42.0,2.125,
12.11.2025,13:50:57.058,20.391,30.038,20.455,3.364,250.0,250.0,31.541,9.292,4.264,26.235,18.914,11.734,7.180,11.587,4.488,0.462,4.026,4.026,0.000,0.000,0.000,42.0,0.000,
12.11.2025,13:50:58.057,17.672,28.541,19.061,3.288,250.0,250.0,31.556,9.372,4.300,26.507,19.102,11.846,7.256,11.711,4.488,0.462,4.026,4.026,0.000,0.000,0.000,42.0,0.000,
12.11.2025,13:50:59.068,31.266,30.106,20.576,3.302,250.0,250.0,31.899,9.938,4.336,28.629,20.449,12.679,7.770,12.520,4.487,0.461,4.026,4.026,0.001,0.000,0.000,42.0,0.000,
12.11.2025,13:51:0.067,16.313,30.109,20.664,3.327,250.0,250.0,32.046,9.880,4.336,28.413,20.305,12.588,7.717,12.440,4.488,0.462,4.026,4.026,0.000,0.000,0.000,42.0,0.000,
12.11.2025,13:51:1.063,13.594,29.779,20.315,3.251,250.0,250.0,31.434,9.372,4.313,26.482,19.103,11.847,7.256,11.700,4.497,0.463,4.034,4.026,0.000,0.000,0.000,42.0,0.000,
12.11.2025,13:51:2.067,17.672,30.349,20.814,3.320,250.0,250.0,31.534,10.017,4.288,28.425,20.292,12.583,7.709,12.423,5.207,0.590,4.617,4.034,0.000,0.000,0.000,42.0,0.000,
12.11.2025,13:51:3.066,20.391,27.813,18.406,3.247,250.0,250.0,31.594,9.874,4.202,28.525,20.292,12.583,7.709,12.436,4.488,0.462,4.026,4.017,0.000,0.000,0.000,42.0,0.000,
12.11.2025,13:51:4.065,21.750,28.351,18.873,3.255,250.0,250.0,32.126,9.517,4.265,27.093,19.439,12.059,7.380,11.912,4.496,0.462,4.034,4.026,0.000,0.000,0.000,42.0,0.000,
12.11.2025,13:51:5.065,17.672,29.416,19.904,3.300,250.0,250.0,32.225,9.533,4.289,26.512,19.105,11.849,7.256,11.702,5.293,0.609,4.684,4.034,0.000,0.000,0.000,42.0,0.000,
12.11.2025,13:51:6.064,20.391,29.814,20.338,3.264,250.0,250.0,31.973,9.437,4.314,26.732,19.259,11.939,7.320,11.791,4.497,0.463,4.034,4.026,0.000,0.000,0.000,42.0,0.000,
12.11.2025,13:51:7.061,21.750,28.297,18.834,3.278,250.0,250.0,31.813,9.432,4.265,26.224,18.913,11.728,7.185,11.581,5.197,0.578,4.619,4.034,0.000,0.000,0.000,42.0,0.000,
12.11.2025,13:51:8.060,21.750,31.295,21.833,3.269,250.0,250.0,31.700,9.963,4.313,28.210,20.172,12.511,7.661,12.352,5.191,0.579,4.612,4.026,0.000,0.000,0.000,42.0,0.000,
12.11.2025,13:51:9.057,21.750,29.775,20.300,3.248,250.0,250.0,31.892,9.655,4.300,27.049,19.444,12.054,7.390,11.907,5.189,0.580,4.609,4.026,0.000,0.000,0.000,42.0,0.000,
12.11.2025,13:51:10.054,17.672,28.908,19.463,3.256,250.0,250.0,31.791,9.774,4.240,27.558,19.717,12.228,7.489,12.080,5.196,0.581,4.615,4.034,0.000,0.000,0.000,42.0,0.000,
12.11.2025,13:51:11.069,13.594,30.532,21.107,3.258,250.0,250.0,31.586,9.969,4.251,28.594,20.356,12.626,7.730,12.479,4.814,0.507,4.307,4.026,0.000,0.000,0.000,42.0,0.000,
12.11.2025,13:51:12.086,19.032,27.448,18.019,3.247,250.0,250.0,32.228,10.114,4.312,28.776,20.520,12.727,7.793,12.568,5.206,0.584,4.622,4.034,0.000,0.000,0.000,42.0,0.000,
12.11.2025,13:51:13.103,19.032,29.101,19.707,3.213,250.0,250.0,31.934,9.365,4.312,26.465,19.088,11.833,7.255,11.698,4.488,0.462,4.026,4.026,0.000,0.000,0.000,42.0,0.000,
12.11.2025,13:51:14.101,25.829,27.619,18.008,3.373,250.0,250.0,29.968,9.484,4.301,26.385,19.027,11.797,7.230,11.662,5.207,0.592,4.615,4.026,0.001,0.000,0.000,42.0,0.000,
12.11.2025,13:51:15.108,23.110,30.777,21.207,3.300,250.0,250.0,30.852,5.745,3.174,13.736,10.475,6.496,3.979,6.423,4.572,0.488,4.084,4.026,0.000,0.000,0.000,42.0,0.000,
12.11.2025,13:51:16.115,19.032,26.616,17.210,3.270,250.0,250.0,28.627,9.746,4.277,27.956,19.992,12.391,7.601,12.244,4.488,0.462,4.026,4.026,0.001,0.000,0.000,42.0,0.000,
12.11.2025,13:51:17.114,17.672,29.686,20.020,3.415,250.0,250.0,31.343,9.722,4.240,27.904,19.927,12.364,7.563,12.216,4.489,0.463,4.026,4.026,0.000,0.000,0.000,42.0,0.000,
12.11.2025,13:51:18.106,21.750,27.494,17.899,3.382,250.0,250.0,32.109,9.747,4.277,27.945,19.986,12.394,7.592,12.247,4.497,0.463,4.034,4.034,0.000,0.000,0.000,42.0,0.000,
12.11.2025,13:51:19.110,20.391,27.780,18.195,3.383,250.0,250.0,31.338,9.871,4.289,27.874,19.948,12.369,7.579,12.222,5.203,0.593,4.610,4.026,0.000,0.000,0.000,42.0,0.000,
12.11.2025,13:51:20.112,23.110,30.196,20.572,3.378,250.0,250.0,31.492,9.781,4.326,27.508,19.740,12.247,7.493,12.099,5.188,0.581,4.607,4.026,0.000,0.000,0.000,42.0,0.000,
12.11.2025,13:51:21.110,21.750,28.566,19.009,3.356,250.0,250.0,31.796,9.767,4.301,28.005,20.042,12.428,7.614,12.269,4.487,0.461,4.026,4.034,0.000,0.000,0.000,42.0,0.000,
12.11.2025,13:51:22.106,20.391,28.542,18.993,3.359,250.0,250.0,31.576,9.870,4.277,27.875,19.935,12.369,7.566,12.222,5.212,0.598,4.614,4.034,0.000,0.000,0.000,42.0,0.000,
12.11.2025,13:51:23.107,19.032,27.576,18.040,3.324,250.0,250.0,31.013,10.011,4.313,28.914,20.604,12.782,7.822,12.622,4.495,0.461,4.034,4.059,0.000,0.000,0.000,42.0,0.000,
12.11.2025,13:51:24.104,23.110,27.790,18.276,3.344,250.0,250.0,32.140,9.704,4.264,27.786,19.884,12.331,7.553,12.171,4.511,0.469,4.042,4.034,0.000,0.000,0.000,42.0,0.000,
12.11.2025,13:51:25.100,13.594,32.100,22.501,3.395,250.0,250.0,32.513,9.159,4.204,25.781,18.593,11.532,7.061,11.397,4.497,0.463,4.034,4.026,0.000,0.000,0.000,42.0,0.000,
12.11.2025,13:51:26.115,20.391,28.362,18.766,3.368,250.0,250.0,32.341,10.372,4.240,29.717,21.056,13.051,8.005,12.891,5.351,0.654,4.697,4.059,0.000,0.000,0.000,42.0,0.000,
12.11.2025,13:51:27.112,20.391,28.362,18.766,3.368,250.0,250.0,32.079,9.970,4.276,28.787,20.508,12.722,7.786,12.562,4.507,0.465,4.042,4.042,0.000,0.000,0.000,42.0,0.000,
12.11.2025,13:51:28.111,28.547,29.828,20.229,3.371,250.0,250.0,32.384,9.427,4.240,26.763,19.229,11.923,7.306,11.775,4.499,0.465,4.034,4.034,0.000,0.000,0.000,42.0,0.000,
12.11.2025,13:51:29.105,24.469,28.738,19.156,3.354,250.0,250.0,31.689,9.814,4.264,27.692,19.811,12.287,7.524,12.140,5.195,0.577,4.618,4.034,0.000,0.000,0.000,42.0,0.000,
12.11.2025,13:51:30.102,17.672,28.069,18.549,3.343,250.0,250.0,31.747,10.025,4.288,28.945,20.606,12.776,7.830,12.616,4.581,0.554,4.027,4.026,0.000,0.000,0.000,42.0,0.000,
12.11.2025,13:51:31.101,20.391,29.884,20.338,3.326,250.0,250.0,31.923,9.515,4.252,26.986,19.372,12.006,7.366,11.859,4.631,0.587,4.044,4.042,0.000,0.000,0.000,42.0,0.000,
12.11.2025,13:51:32.104,17.672,28.404,18.953,3.278,250.0,250.0,31.387,9.721,4.252,27.210,19.515,12.097,7.418,11.950,5.359,0.655,4.704,4.051,0.000,0.000,0.000,42.0,0.000,
12.11.2025,13:51:33.112,14.953,26.867,17.328,3.295,250.0,250.0,31.923,9.379,4.203,26.628,19.121,11.863,7.258,11.715,4.487,0.461,4.026,4.026,0.000,0.000,0.000,42.0,0.000,
12.11.2025,13:51:34.110,20.391,27.480,17.999,3.262,250.0,250.0,31.364,9.495,4.228,26.493,19.057,11.812,7.245,11.665,5.202,0.579,4.623,4.042,0.000,0.000,0.000,42.0,0.000,
12.11.2025,13:51:35.108,9.516,27.241,17.835,3.274,250.0,250.0,31.682,9.929,4.276,28.616,20.390,12.644,7.746,12.497,4.538,0.495,4.043,4.042,0.000,0.000,0.000,42.0,0.000,
12.11.2025,13:51:36.108,23.110,30.883,21.377,3.276,250.0,250.0,31.950,9.932,4.226,28.678,20.413,12.655,7.758,12.496,4.530,0.494,4.036,4.034,0.001,0.000,0.000,42.0,0.000,
12.11.2025,13:51:37.105,16.313,28.925,19.325,3.333,250.0,250.0,31.780,10.342,4.276,30.143,21.345,13.239,8.106,13.079,4.592,0.490,4.102,4.042,0.000,0.000,0.375,42.0,0.000,
12.11.2025,13:51:38.104,20.391,32.459,22.944,3.297,250.0,250.0,31.881,9.871,4.178,27.947,19.925,12.350,7.575,12.203,5.247,0.627,4.620,4.042,0.000,0.000,0.000,42.0,0.000,
12.11.2025,13:51:39.100,17.672,28.276,18.846,3.282,250.0,250.0,31.764,9.400,4.191,26.108,18.788,11.653,7.135,11.518,5.285,0.606,4.679,4.034,0.000,0.000,0.000,42.0,0.000,
12.11.2025,13:51:40.113,19.032,29.947,20.468,3.281,250.0,250.0,31.749,9.735,4.154,27.986,19.927,12.364,7.563,12.216,4.553,0.500,4.053,4.034,0.000,0.000,0.000,42.0,0.000,
12.11.2025,13:51:41.113,17.672,29.705,20.240,3.281,250.0,250.0,32.242,10.047,4.240,28.533,20.318,12.596,7.722,12.448,5.284,0.603,4.681,4.042,0.000,0.000,0.000,42.0,0.000,
12.11.2025,13:51:42.113,17.672,26.720,17.294,3.243,250.0,250.0,31.983,9.498,4.228,26.998,19.365,12.009,7.356,11.862,4.562,0.518,4.044,4.034,0.000,0.000,0.000,42.0,0.375,
12.11.2025,13:51:43.105,16.313,27.112,17.656,3.254,250.0,250.0,32.108,9.237,4.314,25.969,18.778,11.643,7.135,11.508,4.495,0.461,4.034,4.034,0.000,0.000,0.000,42.0,0.000,
12.11.2025,13:51:44.114,17.672,30.712,21.275,3.256,250.0,250.0,31.828,10.136,4.325,28.807,20.549,12.742,7.807,12.582,5.251,0.625,4.626,4.042,0.000,0.000,0.000,42.0,0.000,
12.11.2025,13:51:45.113,16.313,38.230,28.292,3.594,250.0,250.0,32.194,9.408,4.312,26.075,18.836,11.682,7.154,11.547,5.214,0.583,4.631,4.042,0.000,0.000,0.000,42.0,0.000,
12.11.2025,13:51:46.107,19.032,30.131,20.586,3.380,250.0,250.0,31.711,10.094,4.251,29.279,20.794,12.889,7.905,12.729,4.530,0.494,4.036,4.034,0.000,0.000,0.375,42.0,0.000,
12.11.2025,13:51:47.111,19.032,29.245,19.719,3.312,250.0,250.0,31.609,6.371,3.174,16.160,11.982,7.435,4.547,7.349,4.518,0.490,4.028,4.026,0.000,0.000,0.000,42.0,0.000,
12.11.2025,13:51:48.111,21.750,27.926,18.502,3.242,250.0,250.0,29.327,9.784,4.154,27.682,19.743,12.241,7.502,12.094,5.197,0.580,4.617,4.034,0.000,0.000,0.000,42.0,0.000,
12.11.2025,13:51:49.105,16.313,26.477,16.831,3.381,250.0,250.0,31.338,9.678,4.239,27.151,19.470,12.067,7.403,11.920,5.249,0.623,4.626,4.034,0.000,0.000,0.000,42.0,0.000,
12.11.2025,13:51:50.106,14.953,28.482,18.908,3.398,250.0,250.0,31.322,9.455,4.301,26.804,19.286,11.957,7.329,11.822,4.505,0.463,4.042,4.042,0.000,0.000,0.000,42.0,0.000,
12.11.2025,13:51:51.104,16.313,26.528,16.869,3.421,250.0,250.0,31.506,11.706,4.263,28.154,20.108,12.472,7.636,12.312,4.546,0.504,4.042,23.026,0.000,0.000,0.000,42.0,0.000,
12.11.2025,13:51:52.102,20.391,27.222,17.648,3.384,250.0,250.0,31.926,9.634,4.288,26.840,19.316,11.973,7.343,11.826,5.360,0.620,4.740,4.034,0.000,0.000,0.000,42.0,0.000,
12.11.2025,13:51:53.102,19.032,27.695,18.038,3.421,250.0,250.0,31.607,10.043,4.251,28.559,20.353,12.619,7.734,12.459,5.204,0.578,4.626,4.051,0.000,0.000,0.000,42.0,0.000,
12.11.2025,13:51:54.104,19.032,29.184,19.538,3.411,250.0,250.0,31.791,9.568,4.264,27.261,19.545,12.118,7.427,11.983,4.523,0.464,4.059,4.034,0.000,0.000,0.000,42.0,0.000,
12.11.2025,13:51:55.103,16.313,31.484,21.856,3.441,250.0,250.0,31.680,9.176,4.166,25.872,18.627,11.555,7.072,11.420,4.506,0.464,4.042,4.034,0.000,0.000,0.000,42.0,0.000,
12.11.2025,13:51:56.102,19.032,28.857,19.209,3.397,250.0,250.0,31.449,9.176,4.214,30.152,21.309,13.220,8.089,13.060,4.496,0.462,4.034,4.059,0.000,0.000,0.000,42.0,0.000,
12.11.2025,13:51:57.113,17.672,28.630,19.021,3.426,250.0,250.0,31.957,10.310,4.276,25.763,18.624,11.553,7.071,11.418,4.497,0.463,4.034,4.034,0.000,0.000,0.000,42.0,0.000,
12.11.2025,13:51:58.115,16.313,28.327,18.751,3.379,250.0,250.0,31.750,9.173,4.264,27.417,19.656,12.179,7.477,12.032,5.235,0.595,4.640,4.034,0.000,0.000,0.000,42.0,0.000,
12.11.2025,13:51:59.111,17.672,26.613,17.010,3.375,250.0,250.0,31.750,9.753,4.264,27.417,19.656,12.179,7.477,12.032,5.235,0.595,4.640,4.034,0.000,0.000,0.000,42.0,0.000,
12.11.2025,13:52:0.111,19.032,26.554,17.014,3.404,250.0,250.0,32.093,9.726,4.301,27.235,19.556,12.129,7.427,11.982,5.292,0.605,4.687,4.042,0.000,0.000,0.000,42.0,0.000,
12.11.2025,13:52:1.108,20.391,31.315,21.658,3.403,250.0,250.0,31.943,9.795,4.252,27.593,19.753,12.240,7.513,12.092,5.238,0.596,4.642,4.034,0.000,0.000,0.000,42.0,0.000,
12.11.2025,13:52:2.101,19.032,28.383,18.774,3.379,250.0,250.0,31.741,9.932,4.239,28.141,20.077,12.444,7.633,12.297,5.222,0.592,4.630,4.042,0.000,0.000,0.000,42.0,0.000,
12.11.2025,13:52:3.101,19.032,31.688,22.096,3.388,250.0,250.0,31.306,9.072,4.227,25.339,18.345,11.371,6.974,11.236,4.597,0.494,4.103,4.034,0.000,0.000,0.000,42.0,0.000,
12.11.2025,13:52:4.112,28.547,28.734,19.186,3.346,250.0,250.0,31.206,9.403,4.264,26.521,19.089,11.834,7.255,11.699,4.667,0.505,4.162,4.034,0.000,0.000,0.000,42.0,0.000,
12.11.2025,13:52:5.115,17.672,34.365,24.580,3.534,250.0,250.0,31.892,9.568,4.287,26.957,19.379,12.015,7.364,11.868,4.882,0.535,4.347,4.042,0.000,0.000,0.000,42.0,0.000,
12.11.2025,13:52:6.107,28.547,34.608,24.850,3.493,250.0,250.0,31.608,10.093,4.251,28.741,20.466,12.695,7.771,12.535,5.216,0.593,4.623,4.042,0.000,0.000,0.000,42.0,0.000,
12.11.2025,13:52:7.111,33.985,29.716,20.207,3.362,250.0,250.0,31.571,9.635,4.350,26.894,19.369,12.017,7.352,11.869,5.228,0.593,4.635,4.042,0.000,0.000,0.000,42.0,0.000,
12.11.2025,13:52:8.112,40.782,28.859,19.257,3.336,250.0,250.0,31.366,9.693,4.301,27.677,19.824,12.299,7.525,12.152,4.555,0.511,4.044,4.042,0.000,0.000,0.000,42.0,0.000,
12.11.2025,13:52:9.107,28.547,26.988,17.537,3.250,250.0,250.0,31.189,9.798,4.313,27.596,19.789,12.264,7.525,12.116,5.170,0.577,4.593,4.042,0.000,0.000,0.000,42.0,0.000,
12.11.2025,13:52:10.104,50.298,27.800,18.367,3.276,250.0,250.0,31.769,10.237,4.251,29.264,20.779,12.887,7.892,12.727,5.265,0.630,4.635,4.042,0.001,0.000,0.000,42.0,0.000,
12.11.2025,13:52:11.100,28.547,27.997,18.567,3.262,250.0,250.0,31.871,10.547,4.191,30.981,21.811,13.521,8.290,13.362,4.638,0.533,4.105,4.042,0.000,0.000,0.000,42.0,0.000,
12.11.2025,13:52:12.108,39.422,30.328,20.777,3.296,250.0,250.0,31.698,10.157,4.240,28.939,20.576,12.756,7.820,12.596,5.305,0.621,4.684,4.034,0.000,0.000,0.000,42.0,0.000,
12.11.2025,13:52:13.104,36.704,27.016,17.596,3.271,250.0,250.0,31.904,10.339,4.314,30.130,21.361,13.242,8.119,13.082,4.549,0.499,4.050,4.042,0.000,0.000,0.000,42.0,0.000,
12.11.2025,13:52:14.100,35.344,28.983,19.486,3.271,250.0,250.0,31.992,9.874,4.264,27.867,19.926,12.351,7.575,12.204,5.260,0.631,4.629,4.034,0.000,0.000,0.000,42.0,0.000,
12.11.2025,13:52:15.114,35.344,30.528,21.023,3.280,250.0,250.0,31.473,10.312,4.313,30.040,21.295,13.207,8.088,13.047,4.543,0.497,4.046,4.042,0.000,0.000,0.000,42.0,0.000,
12.11.2025,13:52:16.114,43.501,31.851,22.361,3.302,250.0,250.0,31.868,10.130,4.263,29.377,20.861,12.942,7.919,12.782,4.556,0.509,4.047,4.042,0.000,0.000,0.000,42.0,0.000,
12.11.2025,13:52:17.111,27.188,32.353,22.903,3.305,250.0,250.0,31.642,9.741,4.313,27.882,19.965,12.377,7.588,12.229,4.506,0.464,4.042,4.042,0.000,0.000,0.000,42.0,0.000,
12.11.2025,13:52:18.115,32.625,29.200,19.672,3.293,250.0,250.0,31.435,9.294,4.252,26.240,18.903,11.722,7.181,11.587,4.509,0.467,4.042,4.034,0.000,0.000,0.000,42.0,0.000,
12.11.2025,13:52:19.100,29.907,29.784,20.312,3.286,250.0,250.0,31.284,8.968,4.215,25.027,18.136,11.248,6.888,11.113,4.505,0.463,4.042,4.042,0.000,0.000,0.000,42.0,0.000,
12.11.2025,13:52:20.114,25.829,29.665,20.192,3.269,250.0,250.0,31.424,9.205,4.265,25.341,18.362,11.386,6.976,11.251,5.220,0.584,4.636,4.034,0.000,0.000,0.000,42.0,0.000,
12.11.2025,13:52:21.112,29.907,27.780,18.422,3.254,250.0,250.0,31.417,9.539,4.277,27.144,19.485,12.081,7.404,11.934,4.509,0.467,4.042,4.042,0.000,0.000,0.000,42.0,0.000,
12.11.2025,13:52:22.106,28.547,30.086,20.547,3.276,250.0,250.0,30.768,9.640,4.264,27.385,19.636,12.170,7.466,12.022,4.706,0.540,4.166,4.042,0.000,0.000,0.000,42.0,0.000,
12.11.2025,13:52:23.104,33.985,27.097,17.489,3.452,250.0,250.0,29.797,9.649,4.264,27.044,19.413,12.046,7.367,11.899,5.209,0.583,4.626,4.042,0.000,0.000,0.000,42.0,0.000,
12.11.2025,13:52:24.115,25.829,28.230,18.587,3.413,250.0,250.0,31.148,9.722,4.227,27.337,19.577,12.147,7.430,12.000,5.228,0.596,4.632,4.042,0.000,0.000,0.000,42.0,0.000,
12.11.2025,13:52:25.113,29.907,32.970,23.309,3.451,250.0,250.0,31.329,9.260,4.215,26.156,18.833,11.676,7.157,11.541,4.495,0.461,4.034,4.034,0.000,0.000,0.000,42.0,0.000,
12.11.2025,13:52:26.109,32.625,27.930,18.270,3.433,250.0,250.0,31.831,9.858,4.251,27.835,19.898,12.337,7.561,12.190,5.230,0.599,4.631,4.042,0.000,0.000,0.000,42.0,0.000,
12.11.2025,13:52:27.109,33.985,28.899,19.232,3.456,250.0,250.0,31.196,9.776,4.252,27.543,19.716,12.227,7.489,12.080,5.205,0.580,4.625,4.042,0.000,0.000,0.000,42.0,0.000,
12.11.2025,13:52:28.108,25.829,26.799,17.114,3.410,250.0,250.0,31.582,9.766,4.227,27.518,19.695,12.205,7.490,12.057,5.219,0.594,4.625,4.034,0.000,0.000,0.000,42.0,0.000,
12.11.2025,13:52:29.109,28.547,27.414,17.788,3.438,250.0,250.0,31.990,9.497,4.289,26.874,19.328,11.985,7.343,11.838,4.636,0.530,4.106,4.042,0.000,0.000,0.000,42.0,0.000,
12.11.2025,13:52:30.103,19.032,29.269,19.687,3.388,250.0,250.0,29.824,5.918,3.358,14.236,10.901,6.760,4.141,6.686,4.534,0.498,4.036,4.034,0.000,0.000,0.000,42.0,0.000,
12.11.2025,13:52:31.114,19.032,26.495,17.022,3.276,250.0,250.0,29.522,10.225,4.240,29.784,21.094,13.076,8.018,12.916,4.544,0.508,4.036,4.034,0.000,0.000,0.000,42.0,0.000,
12.11.2025,13:52:32.114,23.110,27.665,18.229,3.247,250.0,250.0,32.520,10.012,4.289,28.402,20.277,12.576,7.701,12.416,5.208,0.582,4.626,4.042,0.000,0.000,0.000,42.0,0.000,
12.11.2025,13:52:33.115,33.985,27.842,18.229,3.384,250.0,250.0,32.555,10.101,4.264,28.412,20.269,12.567,7.702,12.419,5.668,1.046,4.622,4.042,0.000,0.000,0.000,42.0,0.000,
12.11.2025,13:52:34.115,27.188,30.848,21.200,3.388,250.0,250.0,32.288,9.759,4.252,27.408,19.636,12.182,7.454,12.034,5.293,0.608,4.685,4.042,0.000,0.000,0.000,42.0,0.000,
12.11.2025,13:52:35.103,20.391,31.178,21.577,3.413,250.0,250.0,32.224,9.602,4.214,27.419,19.612,12.162,7.450,12.015,4.550,0.497,4.053,4.051,0.000,0.000,0.000,42.0,0.000,
12.11.2025,13:52:36.115,24.469,30.329,20.713,3.393,250.0,250.0,32.241,10.294,4.264,29.440,20.893,12.963,7.930,12.804,5.304,0.619,4.685,4.034,0.000,0.000,0.000,42.0,0.000,
12.11.2025,13:52:37.112,19.032,29.201,19.564,3.404,250.0,250.0,31.924,9.707,4.252,27.207,19.515,12.097,7.418,11.950,5.296,0.607,4.689,4.042,0.000,0.000,0.000,42.0,0.000,
12.11.2025,13:52:38.109,28.547,29.054,19.447,3.362,250.0,250.0,32.086,9.884,4.301,27.893,19.968,12.379,7.589,12.232,5.218,0.584,4.634,4.042,0.000,0.000,0.000,42.0,0.000,
12.11.2025,13:52:39.110,23.110,28.920,19.385,3.361,250.0,250.0,32.643,9.521,4.276,27.067,19.439,12.059,7.380,11.911,4.515,0.464,4.051,4.051,0.000,0.000,0.000,42.0,0.000,
12.11.2025,13:52:40.111,17.672,28.706,19.136,3.348,250.0,250.0,31.687,9.850,4.264,27.791,19.883,12.330,7.553,12.183,5.227,0.583,4.644,4.042,0.000,0.000,0.000,42.0,0.000,
12.11.2025,13:52:41.110,19.032,29.711,20.249,3.344,250.0,250.0,32.108,9.954,4.154,28.160,20.040,12.427,7.613,12.280,5.413,0.662,4.751,4.042,0.000,0.000,0.000,42.0,0.000,
12.11.2025,13:52:42.104,17.672,29.119,19.516,3.358,250.0,250.0,31.475,9.768,4.166,27.579,19.697,12.206,7.491,12.059,5.219,0.582,4.637,4.042,0.000,0.000,0.000,42.0,0.000,
12.11.2025,13:52:43.107,20.391,29.923,20.474,3.319,250.0,250.0,32.238,9.401,4.228,26.665,19.156,11.874,7.282,11.739,4.508,0.466,4.042,4.051,0.000,0.000,0.000,42.0,0.000,
12.11.2025,13:52:44.108,21.750,30.514,20.931,3.331,250.0,250.0,31.956,9.344,4.265,25.880,18.694,11.595,7.099,11.447,5.211,0.582,4.629,4.042,0.000,0.000,0.000,42.0,0.125,
12.11.2025,13:52:45.114,25.829,31.539,21.823,3.442,250.0,250.0,31.770,9.758,4.239,27.986,19.991,12.390,7.601,12.242,4.542,0.498,4.044,4.042,0.000,0.000,0.000,42.0,0.000,
12.11.2025,13:52:46.111,25.829,35.773,25.834,3.656,250.0,250.0,31.830,9.631,4.240,26.947,19.345,12.000,7.345,11.852,5.268,0.629,4.639,4.042,0.000,0.000,0.000,42.0,0.000,
12.11.2025,13:52:47.111,19.032,29.950,20.437,3.334,250.0,250.0,31.876,9.785,4.240,27.747,19.833,12.305,7.528,12.157,4.543,0.499,4.044,4.954,0.000,0.000,0.000,42.0,0.000,
12.11.2025,13:52:48.109,16.313,30.430,20.957,3.289,250.0,250.0,31.989,9.679,4.240,27.675,19.796,12.268,7.528,12.121,4.550,0.497,4.053,4.059,0.000,0.000,0.000,42.0,0.000,
12.11.2025,13:52:49.107,16.313,29.671,20.181,3.247,250.0,250.0,31.463,9.641,4.240,27.015,19.381,12.024,7.357,11.877,5.229,0.584,4.645,4.059,0.000,0.000,0.000,42.0,0.000,
12.11.2025,13:52:50.108,24.469,29.615,20.175,3.253,250.0,250.0,31.810,9.647,4.252,27.025,19.396,12.026,7.370,11.890,5.233,0.597,4.636,4.042,0.000,0.000,0.000,42.0,0.000,
12.11.2025,13:52:51.109,21.750,27.531,18.079,3.231,250.0,250.0,31.422,9.901,4.301,27.948,19.992,12.403,7.589,12.255,5.235,0.596,4.639,4.051,0.000,0.000,1.375,42.0,0.000,
12.11.2025,13:52:52.104,19.032,30.526,21.105,3.240,250.0,250.0,32.062,9.657,4.301,27.567,19.770,12.255,7.515,12.107,4.508,0.466,4.042,4.042,0.000,0.000,0.000,42.0,0.000,
12.11.2025,13:52:53.112,19.032,29.211,19.882,3.208,250.0,250.0,31.841,9.858,4.277,28.366,20.237,12.550,7.687,12.403,4.508,0.466,4.042,4.042,0.000,0.000,0.000,42.0,0.000,
12.11.2025,13:52:54.110,25.829,29.283,19.785,3.246,250.0,250.0,31.952,9.910,4.289,27.991,20.021,12.418,7.603,12.258,5.234,0.596,4.638,4.051,0.000,0.000,0.000,42.0,0.000,
12.11.2025,13:52:55.107,19.032,30.897,21.451,3.228,250.0,250.0,32.802,10.231,4.277,29.230,20.785,12.886,7.899,12.727,5.231,0.596,4.635,4.042,0.000,0.000,0.000,42.0,0.000,
12.11.2025,13:52:56.106,16.313,30.605,21.219,3.221,250.0,250.0,32.207,10.442,4.228,27.856,19.892,12.340,7.552,12.193,4.506,0.464,4.042,11.343,0.000,0.000,0.000,42.0,0.000,
12.11.2025,13:52:57.104,27.188,29.066,19.511,3.350,250.0,250.0,29.806,9.758,4.240,27.466,19.665,12.197,7.468,12.050,5.226,0.596,4.630,4.042,0.000,0.000,0.500,42.0,0.000,
12.11.2025,13:52:58.105,21.750,27.960,18.343,3.361,250.0,250.0,31.475,10.423,4.252,26.962,19.354,11.998,7.356,11.863,4.506,0.464,4.042,13.430,0.000,0.000,0.000,42.0,0.000,
12.11.2025,13:52:59.101,40.782,28.619,19.083,3.363,250.0,250.0,31.596,9.361,4.264,26.469,19.056,11.811,7.245,11.676,4.518,0.467,4.051,4.051,0.000,0.000,0.000,42.0,0.000,
12.11.2025,13:53:0.111,19.032,29.216,19.581,3.417,250.0,250.0,31.231,9.621,4.302,27.431,19.677,12.209,7.468,12.061,4.508,0.466,4.042,4.042,0.000,0.000,0.000,42.0,0.000,
12.11.2025,13:53:1.108,14.953,29.545,19.931,3.362,250.0,250.0,31.968,10.195,4.301,28.954,20.617,12.783,7.834,12.635,5.383,0.621,4.762,4.059,0.000,0.000,0.000,42.0,0.000,
12.11.2025,13:53:2.106,16.313,28.842,19.271,3.388,250.0,250.0,32.303,9.611,4.314,26.837,19.319,11.987,7.332,11.839,5.214,0.582,4.632,4.051,0.000,0.000,0.000,42.0,0.000,
12.11.2025,13:53:3.107,16.313,28.842,19.271,3.388,250.0,250.0,31.486,9.728,4.265,27.344,19.602,12.159,7.443,12.012,5.204,0.580,4.624,4.051,0.000,0.000,0.000,42.0,0.000,
12.11.2025,13:53:4.104,23.110,29.457,19.905,3.369,250.0,250.0,31.794,9.583,4.253,27.335,19.591,12.148,7.443,12.000,4.507,0.465,4.042,4.051,0.000,0.000,0.000,42.0,0.000,
12.11.2025,13:53:5.103,16.313,28.810,19.231,3.351,250.0,250.0,32.035,10.478,4.228,30.231,21.361,13.254,8.107,13.095,5.224,0.595,4.629,4.059,0.000,0.000,0.000,42.0,0.000,
12.11.2025,13:53:6.100,19.032,30.921,21.313,3.392,250.0,250.0,32.122,9.640,4.289,27.515,19.727,12.234,7.493,12.087,4.508,0.466,4.042,4.042,0.000,0.000,0.000,42.0,0.000,
12.11.2025,13:53:7.101,19.032,29.435,19.826,3.380,250.0,250.0,31.641,9.154,4.253,25.688,18.572,11.509,7.063,11.374,4.517,0.466,4.051,4.042,0.000,0.000,0.000,42.0,0.000,
12.11.2025,13:53:8.115,24.469,29.532,19.956,3.369,250.0,250.0,31.890,9.935,4.289,28.046,20.049,12.425,7.624,12.277,5.292,0.608,4.684,4.059,0.000,0.000,0.000,42.0,0.000,
12.11.2025,13:53:9.108,21.750,26.919,17.383,3.329,250.0,250.0,31.777,9.940,4.252,28.151,20.090,12.464,7.626,12.317,5.224,0.594,4.630,4.051,0.000,0.000,0.000,42.0,0.000,
12.11.2025,13:53:10.111,17.672,31.126,21.575,3.348,250.0,250.0,32.084,10.060,4.265,28.581,20.364,12.626,7.738,12.478,5.245,0.596,4.649,4.059,0.000,0.000,0.000,42.0,0.000,
12.11.2025,13:53:11.111,21.750,28.799,19.239,3.329,250.0,250.0,32.122,9.663,4.276,27.074,19.434,12.056,7.378,11.908,5.232,0.598,4.634,4.042,0.000,0.000,0.000,42.0,0.000,
12.11.2025,13:53:12.110,23.110,29.475,19.951,3.322,250.0,250.0,31.839,9.571,4.301,27.204,19.537,12.120,7.417,11.973,4.552,0.499,4.053,4.051,0.000,0.000,0.000,42.0,0.000,
12.11.2025,13:53:13.105,25.829,29.992,20.453,3.307,250.0,250.0,32.163,9.237,4.351,25.905,18.766,11.631,7.135,11.496,4.517,0.466,4.051,4.051,0.000,0.000,0.000,42.0,0.000,
12.11.2025,13:53:14.101,23.110,30.905,21.396,3.321,250.0,250.0,32.301,9.210,4.314,25.300,18.376,11.387,6.989,11.252,5.216,0.584,4.632,4.051,0.000,0.000,0.000,42.0,0.000,
12.11.2025,13:53:15.102,14.953,33.845,24.273,3.345,250.0,250.0,32.166,9.795,4.350,28.008,20.068,12.441,7.627,12.294,4.557,0.515,4.042,4.042,0.000,0.000,0.000,42.0,0.000,
12.11.2025,13:53:16.102,25.829,29.201,19.641,3.316,250.0,250.0,31.725,9.843,4.350,28.077,20.116,12.477,7.639,12.317,4.706,0.540,4.166,4.042,0.000,0.000,0.000,42.0,0.000,
12.11.2025,13:53:17.102,20.391,31.506,21.955,3.345,250.0,250.0,32.955,9.559,4.350,27.128,19.522,12.106,7.416,11.959,4.523,0.464,4.059,4.059,0.000,0.000,0.000,42.0,0.000,
12.11.2025,13:53:18.100,17.672,31.467,21.953,3.306,250.0,250.0,33.087,9.604,4.264,27.222,19.524,12.107,7.417,11.960,4.744,0.585,4.159,4.059,0.000,0.000,0.000,42.0,0.000,
12.11.2025,13:53:19.114,17.672,27.948,18.516,3.275,250.0,250.0,32.501,9.984,4.301,28.771,20.508,12.722,7.786,12.563,4.574,0.530,4.044,4.042,0.000,0.000,0.000,42.0,0.000,
12.11.2025,13:53:20.101,10.875,28.940,19.457,3.279,250.0,250.0,32.098,9.488,4.313,26.840,19.315,11.984,7.331,11.837,4.603,0.502,4.101,4.051,0.000,0.000,0.000,42.0,0.000,
12.11.2025,13:53:21.105,17.672,29.615,20.106,3.272,250.0,250.0,32.558,9.652,4.313,27.516,19.738,12.246,7.492,12.099,4.526,0.467,4.059,4.059,0.000,0.000,0.000,42.0,0.000,
12.11.2025,13:53:22.112,13.594,28.818,19.362,3.272,250.0,250.0,32.907,9.681,4.289,27.111,19.479,12.073,7.406,11.925,5.239,0.597,4.642,4.051,0.000,0.000,0.000,42.0,0.000,
12.11.2025,13:53:23.106,19.032,29.678,20.225,3.253,250.0,250.0,32.523,9.805,4.338,27.549,19.769,12.267,7.502,12.119,5.223,0.582,4.641,4.059,0.000,0.000,0.000,42.0,0.000,
12.11.2025,13:53:24.114,31.266,28.290,18.782,3.290,250.0,250.0,32.520,9.783,4.325,27.975,20.036,12.424,7.612,12.264,4.570,0.517,4.053,4.059,0.000,0.000,0.000,42.0,0.875,
12.11.2025,13:53:25.108,14.953,29.379,20.005,3.228,250.0,250.0,32.211,9.313,4.301,26.192,18.909,11.726,7.183,11.591,4.595,0.495,4.100,4.042,0.000,0.000,0.000,42.0,0.000,
12.11.2025,13:53:26.107,23.110,31.947,22.494,3.254,250.0,250.0,32.265,9.297,4.301,26.192,18.901,11.721,7.180,11.586,4.523,0.464,4.059,4.042,0.000,0.000,0.000,42.0,0.000,
12.11.2025,13:53:27.104,29.907,29.661,20.116,3.296,250.0,250.0,32.355,9.528,4.301,26.536,19.128,11.860,7.268,11.712,5.213,0.581,4.632,4.051,0.000,0.000,0.000,42.0,0.000,
12.11.2025,13:53:28.104,20.391,28.914,19.452,3.244,250.0,250.0,32.139,9.662,4.326,27.550,19.770,12.255,7.515,12.108,4.525,0.466,4.059,4.042,0.000,0.000,0.000,42.0,0.000,
12.11.2025,13:53:29.113,20.391,29.748,20.347,3.256,250.0,250.0,32.659,10.079,4.324,29.113,20.731,12.851,7.880,12.704,4.564,0.504,4.060,4.059,0.000,0.000,0.000,42.0,0.000,
12.11.2025,13:53:30.114,20.391,29.307,19.839,3.246,250.0,250.0,32.881,9.959,4.313,28.064,20.074,12.450,7.624,12.303,5.352,0.623,4.729,4.059,0.000,0.000,0.000,42.0,0.000,
12.11.2025,13:53:31.106,29.907,29.467,19.913,3.331,250.0,250.0,31.782,9.380,4.313,26.496,19.104,11.848,7.256,11.713,4.515,0.464,4.051,4.042,0.000,0.000,0.000,42.0,0.000,
12.11.2025,13:53:32.111,19.032,25.872,16.349,3.365,250.0,250.0,32.233,9.452,4.276,26.741,19.242,11.936,7.306,11.788,4.590,0.537,4.053,4.051,0.000,0.000,0.000,42.0,0.000,
12.11.2025,13:53:33.112,21.750,27.315,17.703,3.382,250.0,250.0,32.267,9.318,4.264,26.306,18.963,11.753,7.210,11.618,4.509,0.467,4.042,4.042,0.000,0.000,0.000,42.0,0.000,
12.11.2025,13:53:34.106,19.032,28.981,19.338,3.417,250.0,250.0,31.731,9.736,4.276,27.863,19.927,12.364,7.563,12.216,4.549,0.497,4.052,4.051,0.001,0.000,0.000,42.0,0.000,
12.11.2025,13:53:35.111,19.032,26.968,17.334,3.387,250.0,250.0,31.854,9.299,4.289,26.184,18.898,11.715,7.183,11.580,4.542,0.483,4.059,4.059,0.000,0.000,0.000,42.0,0.000,
12.11.2025,13:53:36.108,21.750,28.642,18.998,3.407,250.0,250.0,32.139,9.275,4.313,26.092,18.857,11.687,7.170,11.552,4.515,0.464,4.051,4.051,0.000,0.000,0.000,42.0,0.000,
12.11.2025,13:53:37.109,20.391,28.645,19.048,3.430,250.0,250.0,31.774,9.696,4.350,27.014,19.450,12.058,7.392,11.911,5.361,0.618,4.743,4.059,0.000,0.000,0.000,42.0,0.000,
12.11.2025,13:53:38.107,20.391,28.641,18.970,3.410,250.0,250.0,32.640,9.562,4.350,27.144,19.534,12.106,7.428,11.958,4.527,0.476,4.051,4.051,0.000,0.000,0.000,42.0,0.000,
12.11.2025,13:53:39.107,23.110,28.712,19.157,3.395,250.0,250.0,32.631,9.843,4.349,28.208,20.200,12.525,7.675,12.365,4.533,0.490,4.043,4.042,0.000,0.000,0.000,42.0,0.000,
12.11.2025,13:53:40.106,24.469,27.692,18.025,3.402,250.0,250.0,32.298,9.819,4.326,27.539,19.764,12.259,7.505,12.112,5.314,0.622,4.692,4.059,0.000,0.000,0.000,42.0,0.000,
12.11.2025,13:53:41.102,23.110,27.080,17.520,3.390,250.0,250.0,32.657,9.872,4.289,27.868,19.937,12.370,7.567,12.222,5.208,0.581,4.627,4.051,0.000,0.000,0.000,42.0,0.000,
12.11.2025,13:53:42.115,17.672,28.814,19.148,3.413,250.0,250.0,32.743,9.573,4.314,27.233,19.562,12.133,7.429,11.985,4.516,0.465,4.051,4.042,0.000,0.000,0.000,42.0,0.000,
12.11.2025,13:53:43.113,23.110,28.569,19.010,3.370,250.0,250.0,32.525,9.573,4.289,27.709,19.847,12.306,7.541,12.158,5.312,0.610,4.702,4.059,0.000,0.000,0.000,42.0,0.250,
12.11.2025,13:53:44.115,24.469,28.232,18.671,3.381,250.0,250.0,32.655,9.853,4.338,30.532,21.628,13.411,8.217,13.239,4.516,0.465,4.051,4.059,0.000,0.000,0.000,42.0,0.000,
12.11.2025,13:53:45.111,25.829,28.232,18.671,3.381,250.0,250.0,32.655,10.446,4.338,30.532,21.628,13.411,8.217,13.239,4.516,0.465,4.051,4.059,0.000,0.000,0.000,42.0,0.000,
12.11.2025,13:53:46.113,25.829,29.653,19.918,3.487,250.0,250.0,32.948,10.001,4.338,28.299,20.234,12.548,7.686,12.400,5.223,0.581,4.642,4.059,0.000,0.000,0.000,42.0,0.000,
12.11.2025,13:53:47.110,20.391,33.921,24.042,3.585,250.0,250.0,30.554,10.134,4.350,28.776,20.548,12.736,7.812,12.589,5.238,0.597,4.641,4.051,0.000,0.000,0.000,42.0,0.000,
12.11.2025,13:53:48.112,19.032,33.921,24.042,3.585,250.0,250.0,32.827,9.963,4.325,28.124,20.125,12.475,7.650,12.328,5.277,0.605,4.672,4.051,0.000,0.000,0.000,42.0,0.000,
12.11.2025,13:53:49.108,17.672,29.025,19.466,3.333,250.0,250.0,32.929,10.068,4.289,28.596,20.398,12.649,7.749,12.490,5.225,0.581,4.644,4.059,0.000,0.000,0.000,42.0,0.000,
12.11.2025,13:53:50.105,31.266,26.609,17.142,3.309,250.0,250.0,32.952,10.445,4.301,30.566,21.630,13.413,8.217,13.241,4.516,0.465,4.051,4.051,0.000,0.000,0.000,42.0,0.000,
12.11.2025,13:53:51.103,24.469,26.822,17.268,3.326,250.0,250.0,32.603,9.750,4.314,27.896,19.978,12.385,7.593,12.237,4.517,0.466,4.051,4.059,0.000,0.000,0.000,42.0,0.000,
12.11.2025,13:53:52.100,24.469,27.086,17.573,3.311,250.0,250.0,32.864,10.296,4.314,29.442,20.926,12.981,7.945,12.821,5.239,0.593,4.646,4.051,0.000,0.000,0.000,42.0,0.000,
12.11.2025,13:53:53.101,13.594,27.086,17.573,3.311,250.0,250.0,32.946,10.421,4.349,29.890,21.236,13.159,8.077,13.000,5.227,0.597,4.630,4.042,0.000,0.000,0.000,42.0,0.000,
12.11.2025,13:53:54.100,25.829,30.544,20.983,3.323,250.0,250.0,33.345,10.300,4.350,29.420,20.937,12.980,7.957,12.833,5.233,0.587,4.646,4.059,0.000,0.000,0.000,42.0,0.000,
12.11.2025,13:53:55.103,27.188,29.459,20.000,3.288,250.0,250.0,33.186,10.690,4.276,30.989,21.863,13.552,8.311,13.392,5.232,0.592,4.640,4.051,0.000,0.000,0.000,42.0,0.000,
12.11.2025,13:53:56.115,23.110,31.701,22.189,3.296,250.0,250.0,32.898,10.225,4.325,29.158,20.756,12.876,7.880,12.716,5.242,0.595,4.647,4.059,0.000,0.000,0.000,42.0,0.000,
12.11.2025,13:53:57.102,24.469,27.678,18.158,3.301,250.0,250.0,32.771,10.720,4.325,31.037,21.927,13.591,8.336,13.432,5.246,0.595,4.651,4.059,0.001,0.000,0.000,42.0,0.000,
12.11.2025,13:53:58.107,23.110,27.850,18.335,3.308,250.0,250.0,33.097,10.421,4.288,30.495,21.567,13.367,8.200,13.208,4.517,0.466,4.051,4.051,0.000,0.000,0.000,42.0,0.000,
12.11.2025,13:53:59.112,31.266,27.850,18.335,3.308,250.0,250.0,33.229,10.153,4.325,29.423,20.929,12.975,7.954,12.815,4.525,0.466,4.059,4.059,0.000,0.000,0.000,42.0,0.000,
12.11.2025,13:54:0.109,24.469,28.056,18.574,3.317,250.0,250.0,33.146,10.530,4.312,30.884,21.827,13.528,8.299,13.368,4.517,0.466,4.051,4.051,0.001,0.000,0.000,42.0,0.000,
12.11.2025,13:54:1.109,21.750,32.093,22.496,3.351,250.0,250.0,32.961,10.044,4.349,28.989,20.671,12.815,7.856,12.667,4.523,0.464,4.059,4.051,0.000,0.000,0.000,42.0,0.000,
12.11.2025,13:54:2.111,21.750,28.047,18.582,3.290,250.0,250.0,32.976,9.824,4.324,28.174,20.152,12.494,7.658,12.346,4.523,0.464,4.059,4.051,0.000,0.000,0.000,42.0,0.000,
12.11.2025,13:54:3.110,19.032,28.997,19.451,3.315,250.0,250.0,32.746,9.391,4.350,25.954,18.790,11.647,7.143,11.512,5.227,0.583,4.644,4.059,0.000,0.000,0.000,42.0,0.000,
12.11.2025,13:54:4.104,24.469,31.832,22.279,3.354,250.0,250.0,32.473,9.359,4.313,25.867,18.724,11.615,7.109,11.468,5.223,0.583,4.640,4.051,0.000,0.000,0.000,42.0,0.000,
12.11.2025,13:54:5.106,16.313,27.113,17.404,3.441,250.0,250.0,32.274,9.354,4.314,26.340,19.013,11.791,7.222,11.656,4.575,0.506,4.069,4.059,0.001,0.000,0.000,42.0,0.000,
12.11.2025,13:54:6.116,19.032,27.113,17.404,3.441,250.0,250.0,31.911,9.702,4.314,27.673,19.837,12.307,7.530,12.160,4.570,0.501,4.069,4.059,0.001,0.000,0.000,42.0,0.000,
12.11.2025,13:54:7.126,25.829,28.113,18.423,3.477,250.0,250.0,32.970,9.685,4.325,27.116,19.492,12.090,7.402,11.943,5.214,0.582,4.632,4.051,0.000,0.000,0.000,42.0,0.000,
12.11.2025,13:54:8.121,20.391,28.744,19.150,3.411,250.0,250.0,31.908,10.199,4.313,29.065,20.695,12.839,7.856,12.680,5.242,0.594,4.648,4.059,0.000,0.000,0.000,42.0,0.000,
12.11.2025,13:54:9.125,17.672,28.744,19.150,3.411,250.0,250.0,32.580,9.644,4.349,27.461,19.725,12.237,7.488,12.090,4.515,0.464,4.051,4.059,0.000,0.000,0.000,42.0,0.000,
12.11.2025,13:54:10.141,19.032,30.430,20.776,3.398,250.0,250.0,32.698,9.912,4.325,27.969,20.030,12.421,7.609,12.261,5.221,0.582,4.639,4.059,0.000,0.000,0.000,42.0,0.000,
12.11.2025,13:54:11.137,23.110,28.988,19.416,3.353,250.0,250.0,32.530,9.961,4.350,28.579,20.418,12.658,7.760,12.511,4.636,0.524,4.112,4.059,0.000,0.000,0.000,42.0,0.000,
12.11.2025,13:54:12.136,19.032,28.878,19.294,3.374,250.0,250.0,32.670,9.661,4.301,26.986,19.398,12.032,7.366,11.885,5.297,0.607,4.690,4.051,0.000,0.000,0.000,42.0,0.000,
12.11.2025,13:54:13.151,14.953,28.953,19.326,3.410,250.0,250.0,32.529,9.906,4.313,27.906,19.980,12.391,7.589,12.244,5.288,0.638,4.650,4.059,0.000,0.000,0.000,42.0,0.000,
12.11.2025,13:54:14.149,17.672,29.100,19.508,3.409,250.0,250.0,32.248,9.386,4.265,26.555,19.108,11.850,7.258,11.715,4.526,0.467,4.059,4.059,0.000,0.000,0.000,42.0,0.000,
12.11.2025,13:54:15.160,20.391,29.376,19.656,3.447,250.0,250.0,32.600,10.177,4.326,28.919,20.620,12.785,7.835,12.625,5.300,0.607,4.693,4.059,0.000,0.000,0.000,42.0,0.000,
12.11.2025,13:54:16.165,13.594,28.623,18.934,3.514,250.0,250.0,33.119,9.980,4.326,28.163,20.146,12.485,7.661,12.338,5.306,0.608,4.698,4.068,0.000,0.000,0.000,42.0,0.000,
12.11.2025,13:54:17.165,14.953,31.459,21.788,3.482,250.0,250.0,32.192,9.898,4.289,27.929,19.982,12.392,7.590,12.244,5.250,0.597,4.653,4.059,0.000,0.000,0.000,42.0,0.000,
12.11.2025,13:54:18.176,25.829,27.820,18.118,3.456,250.0,250.0,32.399,10.059,4.215,28.631,20.374,12.637,7.737,12.478,5.226,0.579,4.647,4.059,0.000,0.000,0.000,42.0,0.000,
12.11.2025,13:54:19.175,16.313,28.267,18.715,3.393,250.0,250.0,32.478,10.170,4.301,29.482,20.955,12.996,7.959,12.836,4.558,0.497,4.061,4.059,0.000,0.000,0.000,42.0,0.000,
12.11.2025,13:54:20.163,19.032,26.429,16.838,3.359,250.0,250.0,32.239,10.235,4.289,29.196,20.763,12.880,7.883,12.721,5.278,0.626,4.652,4.059,0.000,0.000,0.375,42.0,0.000,
12.11.2025,13:54:21.174,17.672,29.089,19.537,3.369,250.0,250.0,32.172,9.509,4.326,26.966,19.410,12.039,7.371,11.891,4.517,0.466,4.051,4.051,0.000,0.000,0.000,42.0,0.000,
12.11.2025,13:54:22.173,20.391,28.766,19.216,3.358,250.0,250.0,31.951,9.743,4.289,27.902,19.954,12.378,7.576,12.230,4.523,0.464,4.059,4.059,0.000,0.000,0.000,42.0,0.000,
12.11.2025,13:54:23.163,24.469,28.299,18.698,3.342,250.0,250.0,32.193,9.941,4.350,28.587,20.424,12.662,7.762,12.515,4.523,0.464,4.059,4.059,0.000,0.000,0.000,42.0,0.000,
12.11.2025,13:54:24.167,19.032,28.520,19.045,3.329,250.0,250.0,32.232,9.892,4.350,28.404,20.306,12.596,7.710,12.437,4.528,0.469,4.059,4.059,0.000,0.000,0.000,42.0,0.000,
12.11.2025,13:54:25.164,29.907,29.764,20.161,3.360,250.0,250.0,32.071,9.781,4.363,27.967,20.045,12.430,7.615,12.283,4.524,0.465,4.059,4.059,0.000,0.000,0.000,42.0,0.000,
12.11.2025,13:54:26.175,17.672,28.971,19.382,3.352,250.0,250.0,32.969,9.862,4.314,28.283,20.215,12.539,7.676,12.380,4.575,0.514,4.061,4.059,0.000,0.000,0.000,42.0,0.000,
12.11.2025,13:54:27.169,19.032,29.250,19.767,3.302,250.0,250.0,32.634,9.851,4.314,27.631,19.816,12.285,7.531,12.138,5.367,0.619,4.748,4.059,0.000,0.000,0.000,42.0,0.000,
12.11.2025,13:54:28.165,17.672,29.140,19.654,3.307,250.0,250.0,33.533,9.966,4.302,28.743,20.490,12.702,7.788,12.554,4.515,0.464,4.051,4.051,0.000,0.000,0.000,42.0,0.000,
12.11.2025,13:54:29.176,14.953,29.743,20.236,3.313,250.0,250.0,33.113,9.817,4.339,28.124,20.134,12.481,7.653,12.333,4.525,0.466,4.059,4.059,0.000,0.000,0.000,42.0,0.000,
12.11.2025,13:54:30.191,23.110,30.259,20.764,3.283,250.0,250.0,33.223,10.373,4.314,30.216,21.408,13.277,8.131,13.117,4.602,0.491,4.111,4.059,0.000,0.000,0.000,42.0,0.000,
12.11.2025,13:54:31.191,17.672,29.467,19.973,3.297,250.0,250.0,33.354,10.222,4.301,29.712,21.096,13.085,8.011,12.925,4.517,0.466,4.051,4.051,0.000,0.000,0.000,42.0,0.000,
12.11.2025,13:54:32.192,16.313,27.216,17.767,3.287,250.0,250.0,33.165,9.875,4.314,27.724,19.877,12.322,7.555,12.175,5.364,0.617,4.747,4.059,0.000,0.000,0.000,42.0,0.000,
12.11.2025,13:54:33.189,19.032,29.064,19.550,3.293,250.0,250.0,33.694,10.155,4.276,29.453,20.911,12.966,7.945,12.819,4.559,0.498,4.061,4.059,0.000,0.000,0.000,42.0,0.000,
12.11.2025,13:54:34.189,28.547,30.267,20.813,3.293,250.0,250.0,33.084,10.532,4.277,30.345,21.464,13.311,8.153,13.151,5.280,0.629,4.651,4.059,0.000,0.000,0.000,42.0,0.000,
12.11.2025,13:54:35.181,21.750,30.821,21.262,3.315,250.0,250.0,32.932,9.989,4.276,28.295,20.201,12.526,7.675,12.378,5.236,0.584,4.652,4.068,0.000,0.000,0.000,42.0,0.000,
12.11.2025,13:54:36.183,25.829,30.445,20.935,3.309,250.0,250.0,33.339,9.861,4.264,27.834,19.905,12.341,7.564,12.193,5.226,0.584,4.642,4.059,0.000,0.000,0.000,42.0,0.000,
12.11.2025,13:54:37.181,16.313,30.042,20.524,3.297,250.0,250.0,33.027,9.857,4.301,27.777,19.891,12.327,7.564,12.180,5.233,0.587,4.646,4.059,0.000,0.000,0.000,42.0,0.000,
12.11.2025,13:54:38.189,24.469,29.102,19.676,3.277,250.0,250.0,33.316,10.112,4.314,29.270,20.829,12.920,7.909,12.760,4.528,0.469,4.059,4.059,0.000,0.000,0.000,42.0,0.000,
12.11.2025,13:54:39.198,19.032,28.823,19.290,3.312,250.0,250.0,32.962,9.385,4.290,25.883,18.722,11.609,7.113,11.462,5.364,0.677,4.687,4.042,0.001,0.000,0.000,42.0,0.000,
12.11.2025,13:54:40.199,14.953,28.225,18.589,3.455,250.0,250.0,30.395,10.296,4.289,29.440,20.918,12.971,7.947,12.812,5.259,0.608,4.651,4.059,0.000,0.000,0.000,42.0,0.000,
12.11.2025,13:54:41.196,14.953,28.225,18.589,3.455,250.0,250.0,32.320,9.966,4.326,28.706,20.484,12.698,7.786,12.550,4.525,0.466,4.059,4.059,0.000,0.000,0.000,42.0,0.000,
12.11.2025,13:54:42.204,24.469,27.976,18.347,3.434,250.0,250.0,32.545,10.027,4.289,28.444,20.295,12.585,7.710,12.437,5.227,0.582,4.645,4.059,0.000,0.000,0.000,42.0,0.000,
12.11.2025,13:54:43.213,20.391,28.606,18.931,3.416,250.0,250.0,32.616,10.160,4.276,28.933,20.586,12.767,7.819,12.620,5.272,0.603,4.669,4.059,0.000,0.000,0.000,42.0,0.000,
12.11.2025,13:54:44.210,20.391,27.184,17.595,3.422,250.0,250.0,32.679,10.243,4.301,29.728,21.101,13.093,8.008,12.934,4.604,0.493,4.111,4.059,0.000,0.000,0.000,42.0,0.000,
12.11.2025,13:54:45.225,28.547,27.860,18.197,3.447,250.0,250.0,32.720,9.879,4.301,28.384,20.278,12.577,7.701,12.418,4.535,0.467,4.068,4.059,0.000,0.000,0.000,42.0,0.000,
12.11.2025,13:54:46.221,25.829,30.151,20.494,3.410,250.0,250.0,32.766,9.536,4.338,27.048,19.468,12.074,7.394,11.927,4.523,0.464,4.059,4.059,0.000,0.000,0.000,42.0,0.000,
12.11.2025,13:54:47.215,27.188,30.151,20.494,3.410,250.0,250.0,32.436,10.272,4.325,29.279,20.837,12.917,7.920,12.770,5.306,0.607,4.699,4.059,0.000,0.000,0.000,42.0,0.000,
12.11.2025,13:54:48.225,19.032,29.260,19.569,3.449,250.0,250.0,32.266,10.628,4.325,30.615,21.673,13.434,8.239,13.274,5.328,0.622,4.706,4.068,0.000,0.000,0.000,42.0,0.000,
12.11.2025,13:54:49.240,21.750,27.388,17.679,3.502,250.0,250.0,33.243,9.899,4.252,27.971,19.986,12.387,7.599,12.240,5.246,0.598,4.648,4.059,0.000,0.000,0.000,42.0,0.000,
12.11.2025,13:54:50.234,20.391,29.041,19.393,3.427,250.0,250.0,32.374,10.219,4.276,29.101,20.694,12.839,7.855,12.679,5.347,0.651,4.696,4.051,0.000,0.000,0.000,42.0,0.000,
12.11.2025,13:54:51.230,14.953,27.847,18.187,3.414,250.0,250.0,32.811,10.011,4.313,28.344,20.265,12.564,7.701,12.405,5.229,0.586,4.643,4.059,0.000,0.000,0.000,42.0,0.000,
12.11.2025,13:54:52.234,20.391,27.923,18.325,3.416,250.0,250.0,32.567,10.216,4.313,29.603,21.032,13.039,7.993,12.880,4.615,0.528,4.087,4.068,0.000,0.000,0.000,42.0,0.000,
12.11.2025,13:54:53.252,17.672,28.623,18.988,3.412,250.0,250.0,33.597,10.284,4.301,29.941,21.239,13.168,8.071,13.008,4.526,0.467,4.059,4.059,0.000,0.000,0.000,42.0,0.000,
12.11.2025,13:54:54.246,14.953,30.638,21.022,3.426,250.0,250.0,33.815,10.767,4.301,31.078,21.949,13.609,8.340,13.437,5.446,0.690,4.756,4.068,0.000,0.000,0.000,42.0,0.000,
12.11.2025,13:54:55.247,17.672,30.612,20.906,3.436,250.0,250.0,34.022,9.267,4.326,26.033,18.834,11.684,7.150,11.536,4.525,0.466,4.059,4.059,0.000,0.000,0.000,42.0,0.000,
12.11.2025,13:54:56.246,19.032,30.612,20.906,3.436,250.0,250.0,33.151,9.856,4.326,28.237,20.194,12.517,7.677,12.369,4.590,0.529,4.061,4.059,0.000,0.000,0.000,42.0,0.000,
12.11.2025,13:54:57.244,33.985,31.305,21.616,3.424,250.0,250.0,33.864,10.311,4.314,30.003,21.286,13.192,8.094,13.032,4.563,0.503,4.060,4.059,0.000,0.000,0.000,42.0,0.000,
12.11.2025,13:54:58.256,19.032,31.305,21.616,3.424,250.0,250.0,34.034,9.962,4.301,28.666,20.447,12.673,7.774,12.526,4.578,0.517,4.061,4.077,0.000,0.000,0.000,42.0,0.000,
12.11.2025,13:54:59.267,20.391,27.535,17.913,3.394,250.0,250.0,33.467,9.999,4.301,28.744,20.496,12.710,7.786,12.550,4.673,0.506,4.167,4.059,0.000,0.000,0.000,42.0,0.000,
12.11.2025,13:55:0.430,21.750,26.894,17.370,3.360,250.0,250.0,33.229,10.085,4.301,28.657,20.430,12.671,7.759,12.524,5.225,0.582,4.643,4.059,0.000,0.000,0.000,42.0,0.000,
12.11.2025,13:55:1.417,31.266,27.511,18.080,3.195,250.0,250.0,30.390,10.046,4.289,28.428,20.290,12.577,7.713,12.430,5.335,0.640,4.695,4.059,0.000,0.000,0.000,42.0,0.000,
12.11.2025,13:55:2.412,20.391,28.171,18.787,3.217,250.0,250.0,31.382,9.946,4.326,28.037,20.074,12.445,7.629,12.297,5.297,0.607,4.690,4.059,0.000,0.000,0.000,42.0,0.000,
12.11.2025,13:55:3.419,35.344,29.611,20.082,3.292,250.0,250.0,33.019,9.743,4.289,27.358,19.621,12.168,7.453,12.020,5.233,0.587,4.646,4.059,0.000,0.000,0.000,42.0,0.000,
12.11.2025,13:55:4.415,46.219,29.611,20.082,3.292,250.0,250.0,32.695,10.120,4.265,29.363,20.846,12.923,7.923,12.776,4.523,0.464,4.059,4.059,0.000,0.000,0.000,42.0,0.000,
12.11.2025,13:55:5.414,23.110,30.360,20.820,3.278,250.0,250.0,32.849,10.023,4.191,28.434,20.237,12.545,7.692,12.398,5.334,0.640,4.694,4.068,0.000,0.000,0.000,42.0,0.000,
12.11.2025,13:55:6.415,21.750,30.259,20.777,3.328,250.0,250.0,33.627,10.055,4.339,28.504,20.363,12.625,7.738,12.478,5.224,0.583,4.641,4.059,0.000,0.000,0.000,42.0,0.000,
12.11.2025,13:55:7.413,21.750,31.886,22.318,3.306,250.0,250.0,33.292,9.937,4.326,28.059,20.081,12.454,7.627,12.307,5.227,0.582,4.645,4.059,0.000,0.000,0.000,42.0,0.000,
12.11.2025,13:55:8.413,24.469,30.460,21.002,3.276,250.0,250.0,33.812,10.392,4.325,29.786,21.150,13.110,8.040,12.950,5.249,0.598,4.651,4.059,0.000,0.000,0.000,42.0,0.000,
12.11.2025,13:55:9.422,33.985,30.460,21.002,3.276,250.0,250.0,33.318,10.298,4.338,29.939,21.258,13.177,8.081,13.018,4.554,0.495,4.059,4.059,0.000,0.000,0.000,42.0,0.000,
12.11.2025,13:55:10.421,19.032,28.135,18.693,3.282,250.0,250.0,33.142,10.142,4.351,28.778,20.543,12.741,7.802,12.593,5.277,0.626,4.651,4.059,0.000,0.000,0.000,42.0,0.000,
12.11.2025,13:55:11.439,20.391,29.438,20.028,3.251,250.0,250.0,33.597,9.934,4.313,27.991,20.041,12.427,7.614,12.267,5.311,0.607,4.704,4.068,0.000,0.000,0.000,42.0,0.000,
12.11.2025,13:55:12.439,24.469,29.419,19.941,3.249,250.0,250.0,33.481,10.000,4.314,28.295,20.220,12.542,7.678,12.395,5.242,0.590,4.652,4.068,0.000,0.000,0.000,42.0,0.000,
12.11.2025,13:55:13.435,17.672,28.170,18.672,3.246,250.0,250.0,33.459,9.942,4.264,28.662,20.425,12.663,7.762,12.503,4.538,0.470,4.068,4.068,0.000,0.000,0.000,42.0,0.000,
12.11.2025,13:55:14.434,24.469,29.610,20.042,3.351,250.0,250.0,30.822,10.053,4.325,28.506,20.357,12.622,7.735,12.475,5.227,0.582,4.645,4.059,0.000,0.000,0.000,42.0,0.000,
12.11.2025,13:55:15.436,32.625,27.611,17.966,3.400,250.0,250.0,33.014,9.864,4.326,28.314,20.245,12.555,7.690,12.408,4.523,0.464,4.059,4.059,0.000,0.000,0.000,42.0,0.000,
12.11.2025,13:55:16.431,29.907,27.611,17.966,3.400,250.0,250.0,32.565,9.478,4.326,26.847,19.326,11.983,7.343,11.848,4.525,0.466,4.059,4.059,0.000,0.000,0.375,42.0,0.000,
12.11.2025,13:55:17.437,19.032,26.906,17.294,3.389,250.0,250.0,31.803,9.874,4.326,27.831,19.935,12.369,7.566,12.222,5.218,0.582,4.636,4.051,0.001,0.000,0.000,42.0,0.000,
12.11.2025,13:55:18.428,16.313,28.623,19.009,3.412,250.0,250.0,32.077,9.906,4.313,27.917,19.990,12.389,7.601,12.242,5.275,0.625,4.650,4.059,0.000,0.000,0.000,42.0,0.000,
12.11.2025,13:55:19.429,16.313,28.833,19.277,3.356,250.0,250.0,31.980,9.775,4.276,27.434,19.669,12.192,7.477,12.044,5.300,0.608,4.692,4.059,0.000,0.000,0.000,42.0,0.000,
12.11.2025,13:55:20.442,24.469,28.822,19.202,3.373,250.0,250.0,32.339,9.752,4.276,27.935,19.978,12.390,7.588,12.243,4.526,0.467,4.059,4.059,0.000,0.000,0.000,42.0,0.000,
12.11.2025,13:55:21.438,17.672,25.859,16.297,3.385,250.0,250.0,32.792,10.018,4.264,28.957,20.602,12.781,7.821,12.622,4.536,0.468,4.068,4.059,0.000,0.000,0.000,42.0,0.000,
12.11.2025,13:55:22.434,17.672,29.210,19.641,3.363,250.0,250.0,32.553,10.011,4.277,28.385,20.264,12.564,7.700,12.404,5.223,0.580,4.643,4.068,0.000,0.000,0.000,42.0,0.000,
12.11.2025,13:55:23.447,19.032,28.720,19.102,3.377,250.0,250.0,32.843,10.201,4.313,28.974,20.640,12.794,7.846,12.647,5.365,0.620,4.745,4.068,0.000,0.000,0.000,42.0,0.000,
12.11.2025,13:55:24.459,19.032,29.482,19.899,3.369,250.0,250.0,32.989,9.942,4.277,28.057,20.053,12.427,7.626,12.280,5.322,0.610,4.712,4.059,0.000,0.000,0.000,42.0,0.000,
12.11.2025,13:55:25.458,17.672,29.170,19.521,3.404,250.0,250.0,32.900,9.902,4.313,27.922,19.998,12.394,7.604,12.247,5.243,0.597,4.646,4.059,0.000,0.000,0.000,42.0,0.000,
12.11.2025,13:55:26.455,16.313,29.219,19.682,3.366,250.0,250.0,32.820,9.920,4.314,28.010,20.047,12.431,7.616,12.284,5.221,0.582,4.639,4.059,0.000,0.000,0.000,42.0,0.000,
12.11.2025,13:55:27.456,20.391,31.114,21.475,3.380,250.0,250.0,32.484,9.863,4.265,27.828,19.896,12.343,7.553,12.196,5.239,0.586,4.653,4.068,0.000,0.000,0.000,42.0,0.000,
12.11.2025,13:55:28.454,28.547,28.851,19.351,3.343,250.0,250.0,32.362,9.688,4.290,27.671,19.825,12.295,7.530,12.135,4.535,0.467,4.068,4.068,0.000,0.000,0.000,42.0,0.375,
12.11.2025,13:55:29.454,31.266,29.631,20.070,3.333,250.0,250.0,32.731,9.545,4.351,27.072,19.488,12.083,7.405,11.936,4.527,0.468,4.059,4.059,0.000,0.000,0.000,42.0,0.000,
12.11.2025,13:55:30.471,27.188,28.498,18.920,3.351,250.0,250.0,32.606,9.928,4.325,28.026,20.059,12.436,7.623,12.289,5.231,0.585,4.646,4.059,0.000,0.000,0.000,42.0,0.000,
12.11.2025,13:55:31.490,27.188,30.912,21.311,3.359,250.0,250.0,32.714,9.327,4.337,26.238,18.971,11.763,7.208,11.616,4.536,0.468,4.068,4.068,0.000,0.000,0.000,42.0,0.000,
12.11.2025,13:55:32.483,23.110,28.726,19.211,3.326,250.0,250.0,32.256,9.973,4.363,28.138,20.154,12.490,7.664,12.343,5.256,0.600,4.656,4.068,0.000,0.000,0.000,42.0,0.000,
12.11.2025,13:55:33.485,23.110,29.787,20.251,3.345,250.0,250.0,32.802,10.216,4.349,29.002,20.683,12.827,7.856,12.667,5.361,0.616,4.745,4.059,0.000,0.000,0.000,42.0,0.000,
12.11.2025,13:55:34.478,31.266,31.018,21.461,3.349,250.0,250.0,32.815,9.713,4.313,27.752,19.888,12.326,7.562,12.178,4.526,0.467,4.059,4.059,0.000,0.000,0.000,42.0,0.000,
12.11.2025,13:55:35.483,31.266,31.018,21.461,3.349,250.0,250.0,32.261,9.492,4.252,26.436,19.024,11.795,7.229,11.660,5.230,0.586,4.644,4.059,0.000,0.000,0.000,42.0,0.000,
12.11.2025,13:55:36.478,21.750,31.356,21.860,3.317,250.0,250.0,32.348,9.995,4.338,28.311,20.251,12.551,7.700,12.403,5.168,0.581,4.587,4.059,0.000,0.000,0.000,42.0,0.000,
12.11.2025,13:55:37.490,13.594,32.207,22.595,3.364,250.0,250.0,32.529,10.000,4.300,28.857,20.562,12.755,7.807,12.595,4.526,0.467,4.059,4.068,0.000,0.000,0.000,42.0,0.000,
12.11.2025,13:55:38.495,21.750,27.514,18.050,3.280,250.0,250.0,32.331,10.265,4.337,29.288,20.856,12.926,7.930,12.766,5.245,0.598,4.647,4.059,0.000,0.000,0.000,42.0,0.000,
12.11.2025,13:55:39.502,21.750,27.514,18.050,3.280,250.0,250.0,32.587,9.856,4.314,27.761,19.896,12.331,7.565,12.183,5.225,0.581,4.644,4.059,0.000,0.000,0.000,42.0,0.000,
12.11.2025,13:55:40.517,17.672,31.591,22.082,3.298,250.0,250.0,32.077,9.830,4.325,28.178,20.156,12.504,7.652,12.356,4.526,0.467,4.059,4.077,0.000,0.000,0.500,42.0,0.375,
12.11.2025,13:55:41.512,25.829,30.575,21.053,3.311,250.0,250.0,31.975,10.059,4.338,28.402,20.298,12.586,7.712,12.439,5.370,0.621,4.749,4.077,0.000,0.000,0.000,42.0,0.000,
12.11.2025,13:55:42.509,21.750,30.998,21.505,3.262,250.0,250.0,32.463,9.504,4.351,26.923,19.387,12.020,7.367,11.885,4.525,0.466,4.059,4.059,0.000,0.000,0.000,42.0,0.000,
12.11.2025,13:55:43.508,19.032,30.212,20.771,3.261,250.0,250.0,32.560,9.955,4.252,28.171,20.112,12.475,7.637,12.316,5.259,0.601,4.658,4.068,0.000,0.000,0.000,42.0,0.000,
12.11.2025,13:55:44.508,23.110,31.353,21.798,3.318,250.0,250.0,32.400,9.694,4.277,27.204,19.528,12.110,7.418,11.962,5.190,0.582,4.608,4.059,0.000,0.000,0.000,42.0,0.000,
12.11.2025,13:55:45.520,20.391,28.436,18.951,3.298,250.0,250.0,31.980,10.194,4.288,29.069,20.681,12.826,7.855,12.667,5.241,0.594,4.647,4.068,0.000,0.000,0.000,42.0,0.000,
12.11.2025,13:55:46.521,25.829,30.676,21.169,3.305,250.0,250.0,32.393,9.806,4.301,27.575,19.775,12.258,7.517,12.110,5.232,0.586,4.646,4.059,0.000,0.000,0.000,42.0,0.000,
12.11.2025,13:55:47.520,21.750,29.036,19.516,3.319,250.0,250.0,32.474,10.455,4.312,30.038,21.298,13.208,8.090,13.049,5.243,0.596,4.647,4.068,0.000,0.000,0.000,42.0,0.000,
12.11.2025,13:55:48.512,19.032,29.036,19.516,3.319,250.0,250.0,32.553,8.840,4.215,24.512,17.827,11.050,6.777,10.915,4.523,0.464,4.059,4.059,0.000,0.000,0.000,42.0,0.000,
12.11.2025,13:55:49.507,21.750,30.254,20.312,3.637,250.0,250.0,30.934,9.936,4.300,28.078,20.085,12.449,7.636,12.302,5.225,0.583,4.642,4.059,0.000,0.000,0.000,42.0,0.000,
12.11.2025,13:55:50.507,14.953,30.254,20.312,3.430,250.0,250.0,32.318,9.798,4.264,28.016,20.018,12.416,7.602,12.269,4.660,0.529,4.131,4.077,0.001,0.000,0.000,42.0,0.000,
12.11.2025,13:55:51.506,14.953,27.196,17.592,3.414,250.0,250.0,32.650,9.577,4.301,27.233,19.556,12.129,7.427,11.982,4.535,0.467,4.068,4.068,0.000,0.000,0.000,42.0,0.000,
12.11.2025,13:55:52.506,20.391,27.645,18.023,3.398,250.0,250.0,32.518,9.807,4.325,27.483,19.737,12.233,7.504,12.086,5.317,0.614,4.703,4.068,0.000,0.000,0.000,42.0,0.000,
12.11.2025,13:55:53.521,21.750,27.801,18.178,3.418,250.0,250.0,32.212,9.909,4.338,28.392,20.293,12.583,7.710,12.436,4.637,0.526,4.111,4.059,0.000,0.000,0.000,42.0,0.000,
12.11.2025,13:55:54.518,23.110,29.056,19.414,3.421,250.0,250.0,32.237,9.681,4.338,27.021,19.446,12.055,7.391,11.908,5.294,0.612,4.682,4.068,0.000,0.000,0.000,42.0,0.000,
12.11.2025,13:55:55.517,23.110,29.028,19.359,3.427,250.0,250.0,32.670,9.217,4.351,25.799,18.706,11.595,7.111,11.460,4.544,0.467,4.077,4.059,0.000,0.000,0.000,42.0,0.000,
12.11.2025,13:55:56.512,14.953,29.028,19.359,3.511,250.0,250.0,25.234,7.586,3.824,20.131,14.853,9.214,5.639,9.103,4.522,0.471,4.051,4.051,0.000,0.000,0.000,42.0,0.000,
12.11.2025,13:55:57.517,20.391,15.325,6.180,2.957,250.0,250.0,15.257,4.369,2.771,8.918,7.250,4.493,2.757,4.443,4.510,0.468,4.042,4.042,0.000,0.000,0.000,42.0,0.000,
12.11.2025,13:55:58.516,9.516,13.486,4.411,2.869,250.0,250.0,11.791,4.818,2.819,10.588,8.321,5.158,3.163,5.096,4.499,0.465,4.034,4.034,0.000,0.000,0.000,42.0,0.000,
12.11.2025,13:55:59.514,10.875,11.671,2.714,2.815,250.0,250.0,11.837,4.818,2.856,8.799,7.236,4.492,2.744,4.431,4.507,0.465,4.042,4.034,0.000,0.000,0.000,42.0,0.000,
12.11.2025,13:56:0.509,13.594,12.354,3.411,2.784,250.0,250.0,11.837,4.361,2.856,8.799,7.236,4.492,2.744,4.431,4.507,0.465,4.042,4.034,0.000,0.000,0.000,42.0,0.000,
12.11.2025,13:56:1.512,20.391,13.970,4.918,2.854,250.0,250.0,11.542,4.853,2.942,10.565,8.374,5.189,3.185,5.128,4.551,0.508,4.043,4.042,0.000,0.000,0.000,42.0,0.000,
12.11.2025,13:56:2.510,8.156,12.029,3.086,2.798,250.0,250.0,11.919,4.374,2.967,8.746,7.268,4.508,2.760,4.459,4.499,0.465,4.034,4.034,0.000,0.000,0.000,42.0,0.000,
12.11.2025,13:56:3.514,24.469,11.950,2.977,2.812,250.0,250.0,11.923,4.572,2.967,9.502,7.739,4.798,2.941,4.737,4.499,0.465,4.034,4.034,0.000,0.000,0.000,42.0,0.000,
12.11.2025,13:56:4.514,13.594,14.740,5.690,2.844,250.0,250.0,11.787,4.285,2.893,8.483,7.070,4.385,2.685,4.324,4.491,0.465,4.026,4.026,0.000,0.000,0.000,42.0,0.000,
12.11.2025,13:56:5.508,13.594,12.507,3.466,2.828,250.0,250.0,11.746,4.312,2.991,8.498,7.127,4.419,2.708,4.370,4.491,0.465,4.026,4.026,0.000,0.000,0.000,42.0,0.000,
12.11.2025,13:56:6.506,17.672,12.904,3.893,2.821,250.0,250.0,11.864,4.580,2.783,9.689,7.739,4.798,2.941,4.737,4.542,0.512,4.030,4.026,0.000,0.000,0.000,42.0,0.000,
12.11.2025,13:56:7.521,14.953,12.667,3.671,2.850,250.0,250.0,11.826,4.460,2.844,9.190,7.454,4.625,2.829,4.575,4.532,0.512,4.020,4.017,0.000,0.000,0.000,42.0,0.000,
12.11.2025,13:56:8.519,16.313,13.086,4.073,2.798,250.0,250.0,11.520,4.623,2.893,9.744,7.836,4.859,2.977,4.810,4.541,0.512,4.029,4.026,0.000,0.000,0.000,42.0,0.000,
12.11.2025,13:56:9.516,10.875,12.435,3.499,2.827,250.0,250.0,11.768,4.510,2.917,9.244,7.539,4.673,2.866,4.624,4.605,0.536,4.069,4.026,0.000,0.000,0.000,42.0,0.000,
12.11.2025,13:56:10.509,13.594,14.790,5.694,2.905,250.0,250.0,11.522,4.558,2.918,9.483,7.692,4.775,2.917,4.714,4.531,0.512,4.019,4.017,0.000,0.000,0.000,42.0,0.000,
12.11.2025,13:56:11.515,13.594,12.789,3.769,2.847,250.0,250.0,11.775,5.160,2.979,11.717,9.109,5.650,3.459,5.588,4.539,0.511,4.028,4.026,0.000,0.000,0.000,42.0,0.000,
12.11.2025,13:56:12.510,12.235,12.136,3.161,2.806,250.0,250.0,11.846,4.302,2.758,8.669,7.086,4.392,2.694,4.343,4.532,0.512,4.020,4.017,0.000,0.000,0.000,42.0,0.000,
12.11.2025,13:56:13.510,10.875,12.015,3.022,2.827,250.0,250.0,11.254,4.946,2.746,11.143,8.608,5.337,3.271,5.276,4.531,0.510,4.021,4.017,0.000,0.000,0.000,42.0,0.000,
12.11.2025,13:56:14.507,13.594,14.998,5.997,2.857,250.0,250.0,11.359,4.389,2.819,8.944,7.290,4.524,2.766,4.474,4.529,0.509,4.020,4.017,0.000,0.000,0.000,42.0,0.000,
12.11.2025,13:56:15.519,12.235,13.692,4.668,2.833,250.0,250.0,11.725,4.040,2.930,7.545,6.496,4.035,2.461,3.986,4.471,0.463,4.008,4.008,0.000,0.000,0.000,42.0,0.000,
12.11.2025,13:56:16.506,10.875,13.964,4.867,2.856,250.0,250.0,11.836,4.163,3.016,7.931,6.788,4.206,2.582,4.157,4.471,0.463,4.008,4.008,0.000,0.000,0.000,42.0,0.000,
12.11.2025,13:56:17.514,12.235,15.236,6.263,2.796,250.0,250.0,11.426,4.129,3.016,7.796,6.707,4.159,2.548,4.110,4.471,0.463,4.008,4.008,0.000,0.000,0.000,42.0,0.000,
12.11.2025,13:56:18.508,21.750,12.063,3.096,2.837,250.0,250.0,11.578,4.403,3.016,8.794,7.324,4.542,2.782,4.493,4.537,0.489,4.048,4.008,0.000,0.000,0.000,42.0,0.000,
12.11.2025,13:56:19.513,12.235,12.522,3.552,2.804,250.0,250.0,11.299,4.029,2.967,7.459,6.474,4.012,2.462,3.963,4.471,0.463,4.008,4.008,0.000,0.000,0.000,42.0,0.000,
12.11.2025,13:56:20.514,9.516,11.415,2.448,2.814,250.0,250.0,11.298,3.943,2.721,7.377,6.269,3.892,2.377,3.842,4.471,0.463,4.008,4.008,0.000,0.000,0.000,42.0,0.000,
12.11.2025,13:56:21.522,13.594,12.209,3.244,2.814,250.0,250.0,11.326,3.942,2.709,7.390,6.267,3.891,2.376,3.841,4.471,0.463,4.008,4.008,0.000,0.000,0.000,42.0,0.000,
12.11.2025,13:56:22.520,10.875,11.877,2.929,2.823,250.0,250.0,11.436,3.954,2.648,7.490,6.298,3.907,2.391,3.857,4.471,0.463,4.008,4.008,0.000,0.000,0.000,42.0,0.000,
12.11.2025,13:56:23.515,12.235,12.568,3.568,2.830,250.0,250.0,11.404,4.591,2.881,9.704,7.804,4.837,2.967,4.788,4.463,0.463,4.000,4.000,0.000,0.000,0.000,42.0,0.000,
12.11.2025,13:56:24.518,13.594,13.250,4.209,2.864,250.0,250.0,11.362,4.014,2.942,7.447,6.440,3.994,2.446,3.945,4.463,0.463,4.000,4.000,0.000,0.000,0.000,42.0,0.000,
12.11.2025,13:56:25.514,12.235,13.174,4.199,2.817,250.0,250.0,11.022,3.899,2.795,7.146,6.169,3.829,2.340,3.780,4.463,0.463,4.000,4.000,0.000,0.000,0.000,42.0,0.000,
12.11.2025,13:56:26.510,12.235,14.068,5.045,2.833,250.0,250.0,11.248,3.926,2.869,7.194,6.239,3.876,2.363,3.827,4.451,0.460,3.991,3.991,0.000,0.000,0.000,42.0,0.000,
12.11.2025,13:56:27.511,12.235,12.010,3.029,2.817,250.0,250.0,11.040,4.075,2.795,7.834,6.596,4.085,2.511,4.036,4.451,0.460,3.991,3.991,0.000,0.000,0.000,42.0,0.000,
12.11.2025,13:56:28.508,13.594,11.884,2.965,2.780,250.0,250.0,10.981,4.175,2.881,8.075,6.807,4.222,2.585,4.161,4.514,0.483,4.031,3.991,0.001,0.000,0.000,42.0,0.000,
12.11.2025,13:56:29.523,10.875,12.321,3.382,2.779,250.0,250.0,11.274,3.967,2.672,7.549,6.337,3.938,2.399,3.889,4.451,0.460,3.991,3.982,0.000,0.000,0.000,42.0,0.000,
12.11.2025,13:56:30.522,9.516,11.913,2.977,2.748,250.0,250.0,11.097,4.091,2.771,7.912,6.625,4.113,2.512,4.063,4.463,0.463,4.000,3.991,0.000,0.000,0.000,42.0,0.000,
12.11.2025,13:56:31.522,4.078,11.761,2.891,2.754,250.0,250.0,11.847,4.113,2.857,7.911,6.689,4.139,2.550,4.090,4.451,0.460,3.991,3.991,0.000,0.000,0.000,42.0,0.000,
12.11.2025,13:56:32.520,4.078,11.659,2.757,2.745,250.0,250.0,11.820,3.998,2.967,7.376,6.424,3.975,2.449,3.926,4.442,0.460,3.982,3.982,0.000,0.000,0.000,42.0,0.000,
12.11.2025,13:56:33.517,4.078,12.077,3.157,2.765,250.0,250.0,11.611,4.579,2.979,9.558,7.773,4.821,2.952,4.760,4.475,0.492,3.983,3.991,0.000,0.000,0.000,42.0,0.000,
12.11.2025,13:56:34.517,4.078,13.309,4.313,2.801,250.0,250.0,11.352,4.029,2.955,7.512,6.500,4.025,2.475,3.976,4.434,0.460,3.974,3.982,0.000,0.000,0.000,42.0,0.000,
12.11.2025,13:56:35.520,4.078,13.056,4.043,2.808,250.0,250.0,11.430,3.878,2.819,7.077,6.132,3.810,2.322,3.761,4.442,0.460,3.982,3.974,0.000,0.000,0.000,42.0,0.000,
12.11.2025,13:56:36.517,6.797,12.408,3.465,2.753,250.0,250.0,11.149,3.870,2.783,7.072,6.118,3.791,2.327,3.742,4.442,0.460,3.982,3.982,0.000,0.000,0.000,42.0,0.000,
12.11.2025,13:56:37.519,4.078,12.398,3.545,2.745,250.0,250.0,11.318,4.270,2.807,8.588,7.063,4.380,2.683,4.331,4.434,0.460,3.974,3.974,0.000,0.000,0.000,42.0,0.000,
12.11.2025,13:56:38.520,4.078,12.001,3.097,2.754,250.0,250.0,11.211,3.934,2.771,7.328,6.268,3.891,2.377,3.842,4.442,0.460,3.982,3.974,0.000,0.000,0.000,42.0,0.000,
12.11.2025,13:56:39.510,2.719,12.143,3.233,2.744,250.0,250.0,11.307,4.194,2.893,8.213,6.886,4.267,2.619,4.217,4.434,0.460,3.974,3.974,0.000,0.000,0.000,42.0,0.000,
12.11.2025,13:56:40.513,4.078,11.621,2.773,2.723,250.0,250.0,11.312,4.169,3.053,7.956,6.827,4.232,2.595,4.183,4.434,0.460,3.974,3.974,0.000,0.000,0.000,42.0,0.000,
12.11.2025,13:56:41.511,4.078,11.836,2.909,2.768,250.0,250.0,11.506,4.086,2.905,7.783,6.632,4.109,2.523,4.060,4.434,0.460,3.974,3.974,0.000,0.000,0.000,42.0,0.000,
12.11.2025,13:56:42.508,8.156,11.702,2.847,2.736,250.0,250.0,11.270,4.165,2.869,8.118,6.822,4.224,2.598,4.174,4.434,0.460,3.974,3.974,0.000,0.000,0.000,42.0,0.000,
12.11.2025,13:56:43.518,5.438,12.305,3.408,2.734,250.0,250.0,11.126,4.388,2.709,9.098,7.321,4.540,2.781,4.491,4.487,0.481,4.006,3.966,0.000,0.000,0.000,42.0,0.000,
12.11.2025,13:56:44.517,6.797,16.703,7.664,2.810,250.0,250.0,11.211,4.166,2.733,8.261,6.818,4.234,2.584,4.185,4.434,0.460,3.974,3.974,0.000,0.000,0.000,42.0,0.000,
12.11.2025,13:56:45.512,5.438,12.557,3.606,2.792,250.0,250.0,10.961,4.147,2.733,8.200,6.781,4.209,2.572,4.159,4.424,0.458,3.966,3.966,0.000,0.000,0.000,42.0,0.000,
12.11.2025,13:56:46.509,5.438,13.178,4.162,2.833,250.0,250.0,11.500,4.154,2.844,8.111,6.807,4.222,2.585,4.161,4.424,0.458,3.966,3.966,0.000,0.000,0.000,42.0,0.000,
12.11.2025,13:56:47.509,4.078,12.409,3.436,2.795,250.0,250.0,11.290,4.591,2.758,9.873,7.835,4.858,2.977,4.797,4.424,0.458,3.966,3.966,0.000,0.000,0.000,42.0,0.000,
12.11.2025,13:56:48.508,2.719,12.372,3.426,2.760,250.0,250.0,11.111,4.117,2.819,8.005,6.721,4.161,2.560,4.112,4.416,0.458,3.958,3.958,0.000,0.000,0.000,42.0,0.000,
12.11.2025,13:56:49.517,17.672,17.930,8.636,3.121,250.0,250.0,10.974,4.067,2.954,7.675,6.597,4.086,2.511,4.037,4.424,0.458,3.966,3.966,0.000,0.000,0.000,42.0,0.000,
12.11.2025,13:56:50.516,17.672,17.930,8.636,3.121,250.0,250.0,11.103,3.933,2.758,7.366,6.281,3.892,2.389,3.855,4.416,0.458,3.958,3.958,0.000,0.000,0.000,42.0,0.000,
12.11.2025,13:56:51.515,6.797,13.953,4.930,2.812,250.0,250.0,11.037,3.874,2.660,7.230,6.146,3.806,2.340,3.756,4.424,0.458,3.966,3.958,0.000,0.000,0.000,42.0,0.000,
12.11.2025,13:56:52.510,6.797,12.368,3.478,2.770,250.0,250.0,10.985,4.130,2.869,8.008,6.746,4.185,2.561,4.136,4.416,0.458,3.958,3.966,0.000,0.000,0.000,42.0,0.000,
12.11.2025,13:56:53.507,13.594,11.772,2.832,2.755,250.0,250.0,10.978,4.129,2.672,8.148,6.715,4.157,2.558,4.108,4.488,0.498,3.990,3.958,0.000,0.000,0.000,42.0,0.375,
12.11.2025,13:56:54.506,16.313,13.831,4.873,2.840,250.0,250.0,11.000,3.847,2.783,7.019,6.084,3.768,2.316,3.731,4.408,0.458,3.950,3.950,0.000,0.000,0.000,42.0,0.000,
12.11.2025,13:56:55.521,9.516,13.244,4.253,2.770,250.0,250.0,11.237,3.871,2.758,7.142,6.140,3.815,2.325,3.766,4.408,0.458,3.950,3.950,0.000,0.000,0.000,42.0,0.000,
12.11.2025,13:56:56.511,20.391,12.622,3.726,2.762,250.0,250.0,11.431,3.870,2.734,7.168,6.137,3.812,2.325,3.763,4.408,0.458,3.950,3.950,0.000,0.000,0.000,42.0,0.000,
12.11.2025,13:56:57.521,12.235,13.493,4.493,2.838,250.0,250.0,10.963,4.434,2.672,9.346,7.452,4.624,2.828,4.563,4.452,0.502,3.950,3.950,0.000,0.000,0.000,42.0,0.000,
12.11.2025,13:56:58.519,12.235,12.617,3.575,2.825,250.0,250.0,10.748,3.896,2.685,7.304,6.206,3.842,2.364,3.792,4.408,0.458,3.950,3.950,0.000,0.000,0.000,42.0,0.000,
12.11.2025,13:56:59.516,10.875,12.550,3.603,2.789,250.0,250.0,11.008,3.894,2.746,7.241,6.199,3.838,2.361,3.789,4.408,0.458,3.950,3.950,0.000,0.000,0.000,42.0,0.000,
12.11.2025,13:57:0.523,14.953,12.285,3.388,2.766,250.0,250.0,11.142,3.883,2.697,7.244,6.169,3.830,2.339,3.781,4.408,0.458,3.950,3.950,0.000,0.000,0.000,42.0,0.000,
12.11.2025,13:57:1.515,9.516,12.449,3.405,2.804,250.0,250.0,11.251,4.124,2.734,8.131,6.745,4.185,2.560,4.124,4.408,0.458,3.950,3.950,0.000,0.000,0.000,42.0,0.000,
12.11.2025,13:57:2.509,19.032,13.274,4.335,2.829,250.0,250.0,10.974,4.258,2.746,8.630,7.062,4.380,2.682,4.319,4.408,0.458,3.950,3.950,0.000,0.000,0.000,42.0,0.000,
12.11.2025,13:57:3.508,10.875,12.479,3.472,2.814,250.0,250.0,10.783,3.949,2.881,7.316,6.326,3.926,2.400,3.877,4.408,0.458,3.950,3.950,0.000,0.000,0.000,42.0,0.000,
12.11.2025,13:57:4.519,20.391,14.447,5.454,2.846,250.0,250.0,10.683,4.103,2.869,7.922,6.700,4.151,2.549,4.102,4.396,0.455,3.941,3.941,0.000,0.000,0.000,42.0,0.000,
12.11.2025,13:57:5.509,14.953,11.763,2.782,2.794,250.0,250.0,10.984,3.986,2.685,7.660,6.426,3.976,2.450,3.927,4.399,0.458,3.941,3.941,0.000,0.000,0.000,42.0,0.000,
12.11.2025,13:57:6.522,10.875,11.843,2.846,2.803,250.0,250.0,10.498,3.967,2.635,7.630,6.370,3.948,2.422,3.899,4.408,0.458,3.950,3.950,0.000,0.000,0.000,42.0,0.000,
12.11.2025,13:57:7.519,5.438,13.623,4.621,2.866,250.0,250.0,10.670,4.406,2.685,9.275,7.415,4.599,2.816,4.537,4.396,0.455,3.941,3.941,0.000,0.000,0.000,42.0,0.000,
12.11.2025,13:57:8.515,17.672,12.054,3.097,2.820,250.0,250.0,10.931,4.095,2.746,8.011,6.685,4.137,2.548,4.088,4.399,0.458,3.941,3.941,0.000,0.000,0.000,42.0,0.000,
12.11.2025,13:57:9.514,6.797,12.384,3.400,2.813,250.0,250.0,11.037,4.059,2.868,7.754,6.599,4.087,2.512,4.038,4.396,0.455,3.941,3.941,0.000,0.000,0.000,42.0,0.000,
12.11.2025,13:57:10.517,20.391,11.963,3.034,2.800,250.0,250.0,10.632,3.873,2.746,7.166,6.156,3.817,2.339,3.768,4.396,0.455,3.941,3.941,0.000,0.000,0.000,42.0,0.000,
12.11.2025,13:57:11.509,25.829,12.072,3.094,2.796,250.0,250.0,10.580,3.754,2.709,6.754,5.869,3.642,2.227,3.605,4.396,0.455,3.941,3.941,0.000,0.000,0.000,42.0,0.000,
12.11.2025,13:57:12.507,20.391,12.040,3.061,2.805,250.0,250.0,10.735,4.353,2.685,9.072,7.295,4.527,2.768,4.466,4.387,0.455,3.932,3.941,0.000,0.000,0.000,42.0,0.000,
12.11.2025,13:57:13.508,16.313,12.266,3.351,2.797,250.0,250.0,10.607,3.877,2.648,7.297,6.173,3.824,2.349,3.775,4.387,0.455,3.932,3.932,0.000,0.000,0.000,42.0,0.000,
12.11.2025,13:57:14.522,20.391,14.260,5.211,2.844,250.0,250.0,11.112,4.480,2.758,9.491,7.595,4.707,2.888,4.646,4.387,0.455,3.932,3.941,0.000,0.000,0.000,42.0,0.000,
12.11.2025,13:57:15.515,17.672,13.235,4.249,2.832,250.0,250.0,11.947,3.733,2.599,6.800,5.831,3.617,2.214,3.567,4.387,0.455,3.932,3.932,0.000,0.000,0.000,42.0,0.000,
12.11.2025,13:57:16.524,24.469,11.838,2.831,2.794,250.0,250.0,10.847,4.087,2.771,7.983,6.664,4.131,2.533,4.082,4.387,0.455,3.932,3.932,0.000,0.000,0.000,42.0,0.000,
12.11.2025,13:57:17.517,10.875,13.082,4.048,2.865,250.0,250.0,10.855,4.322,2.869,8.777,7.216,4.475,2.741,4.426,4.387,0.455,3.932,3.941,0.000,0.000,0.000,42.0,0.000,
12.11.2025,13:57:18.508,9.516,11.633,2.664,2.807,250.0,250.0,11.218,3.881,2.770,7.199,6.187,3.837,2.350,3.788,4.379,0.455,3.924,3.924,0.000,0.000,0.000,42.0,0.000,
12.11.2025,13:57:19.522,10.875,12.424,3.474,2.805,250.0,250.0,10.757,3.789,2.672,6.942,5.967,3.703,2.264,3.654,4.379,0.455,3.924,3.932,0.000,0.000,0.000,42.0,0.000,
12.11.2025,13:57:20.523,9.516,12.202,3.269,2.775,250.0,250.0,10.718,3.740,2.501,6.940,5.856,3.629,2.227,3.592,4.367,0.452,3.915,3.924,0.000,0.000,0.000,42.0,0.000,
12.11.2025,13:57:21.516,5.438,11.801,2.894,2.767,250.0,250.0,10.960,3.831,2.550,7.227,6.067,3.766,2.301,3.717,4.379,0.455,3.924,3.924,0.000,0.000,0.000,42.0,0.000,
12.11.2025,13:57:22.520,10.875,12.147,3.193,2.792,250.0,250.0,10.994,4.345,2.586,9.129,7.272,4.503,2.769,4.454,4.404,0.479,3.925,3.924,0.000,0.000,0.000,42.0,0.000,
12.11.2025,13:57:23.515,10.875,11.758,2.814,2.788,250.0,250.0,10.891,3.820,2.696,7.049,6.050,3.751,2.299,3.702,4.367,0.452,3.915,3.915,0.000,0.000,0.000,42.0,0.000,
12.11.2025,13:57:24.508,4.078,13.871,4.924,2.808,250.0,250.0,10.575,3.803,2.782,6.899,6.013,3.726,2.287,3.676,4.367,0.452,3.915,3.915,0.000,0.000,0.000,42.0,0.000,
12.11.2025,13:57:25.510,2.719,11.923,2.989,2.797,250.0,250.0,10.678,3.779,2.856,6.729,5.956,3.692,2.264,3.642,4.367,0.452,3.915,3.915,0.000,0.000,0.000,42.0,0.000,
12.11.2025,13:57:26.521,9.516,12.147,3.188,2.790,250.0,250.0,11.171,4.184,2.844,8.291,6.914,4.281,2.633,4.232,4.367,0.452,3.915,3.915,0.000,0.000,0.000,42.0,0.000,
12.11.2025,13:57:27.517,10.875,13.177,4.152,2.894,250.0,250.0,10.751,3.738,2.807,6.626,5.859,3.631,2.228,3.582,4.367,0.452,3.915,3.915,0.000,0.000,0.000,42.0,0.000,
12.11.2025,13:57:28.516,10.875,12.145,3.182,2.787,250.0,250.0,10.674,3.837,2.746,7.072,6.088,3.776,2.312,3.727,4.367,0.452,3.915,3.915,0.000,0.000,0.000,42.0,0.000,
12.11.2025,13:57:29.516,12.235,12.090,3.095,2.809,250.0,250.0,10.862,3.807,2.660,7.041,6.016,3.727,2.289,3.690,4.367,0.452,3.915,3.915,0.000,0.000,0.000,42.0,0.000,
12.11.2025,13:57:30.516,10.875,11.904,2.971,2.788,250.0,250.0,10.556,3.948,2.783,7.451,6.351,3.939,2.412,3.890,4.367,0.452,3.915,3.915,0.000,0.000,0.000,42.0,0.000,
12.11.2025,13:57:31.515,13.594,12.183,3.256,2.753,250.0,250.0,10.752,3.929,2.795,7.375,6.313,3.913,2.400,3.864,4.358,0.452,3.906,3.915,0.000,0.000,0.000,42.0,0.000,
12.11.2025,13:57:32.513,25.829,12.105,3.192,2.783,250.0,250.0,10.658,4.256,2.795,8.552,7.035,4.366,2.669,4.317,4.456,0.510,3.946,3.915,0.000,0.000,0.000,42.0,0.000,
12.11.2025,13:57:33.519,5.438,15.166,6.272,2.719,250.0,250.0,10.520,3.858,2.746,7.154,6.145,3.817,2.328,3.768,4.358,0.452,3.906,3.906,0.000,0.000,0.000,42.0,0.000,
12.11.2025,13:57:34.519,10.875,13.628,4.688,2.806,250.0,250.0,10.746,4.030,2.783,7.783,6.555,4.058,2.497,4.009,4.358,0.452,3.906,3.898,0.000,0.000,0.000,42.0,0.000,
12.11.2025,13:57:35.514,12.235,11.855,2.889,2.769,250.0,250.0,11.159,4.030,2.746,7.475,6.339,3.939,2.400,3.889,4.367,0.452,3.915,3.906,0.000,0.000,0.000,42.0,0.000,
12.11.2025,13:57:36.517,4.078,12.129,3.226,2.767,250.0,250.0,11.159,3.943,2.746,7.475,6.339,3.939,2.400,3.889,4.367,0.452,3.915,3.906,0.000,0.000,0.000,42.0,0.000,
12.11.2025,13:57:37.517,6.797,13.006,3.978,2.831,250.0,250.0,10.945,4.882,2.807,11.010,8.562,5.314,3.248,5.253,4.358,0.452,3.906,3.906,0.000,0.000,0.000,42.0,0.000,
12.11.2025,13:57:38.509,10.875,11.825,2.918,2.750,250.0,250.0,10.518,3.957,2.685,7.598,6.378,3.952,2.426,3.915,4.358,0.452,3.906,3.898,0.000,0.000,0.000,42.0,0.000,
12.11.2025,13:57:39.515,10.875,12.009,3.086,2.796,250.0,250.0,10.293,3.884,2.587,7.413,6.206,3.854,2.352,3.805,4.358,0.452,3.906,3.906,0.000,0.000,0.000,42.0,0.000,
12.11.2025,13:57:40.511,10.875,11.751,2.823,2.774,250.0,250.0,10.663,4.381,2.721,9.147,7.359,4.565,2.794,4.516,4.402,0.500,3.902,3.898,0.000,0.000,0.000,42.0,0.000,
12.11.2025,13:57:41.508,10.875,13.168,4.213,2.795,250.0,250.0,10.650,4.251,2.672,8.709,7.059,4.378,2.681,4.316,4.399,0.499,3.900,3.898,0.000,0.000,0.000,42.0,0.000,
12.11.2025,13:57:42.509,12.235,11.943,2.951,2.804,250.0,250.0,10.828,4.252,2.893,8.492,7.055,4.376,2.679,4.327,4.398,0.498,3.900,3.898,0.000,0.000,0.000,42.0,0.000,
12.11.2025,13:57:43.513,10.875,12.078,3.113,2.807,250.0,250.0,10.553,4.299,2.807,8.768,7.179,4.450,2.729,4.389,4.391,0.497,3.894,3.890,0.000,0.000,0.000,42.0,0.000,
12.11.2025,13:57:44.509,10.875,12.965,3.975,2.830,250.0,250.0,10.924,4.779,2.880,10.523,8.312,5.152,3.160,5.091,4.390,0.497,3.893,3.890,0.000,0.000,0.000,42.0,0.000,
12.11.2025,13:57:45.514,10.875,12.436,3.471,2.814,250.0,250.0,11.385,4.487,2.930,9.349,7.614,4.723,2.891,4.662,4.402,0.500,3.902,3.898,0.000,0.000,0.000,42.0,0.000,
12.11.2025,13:57:46.510,5.438,12.448,3.402,2.810,250.0,250.0,11.056,4.410,2.869,9.130,7.443,4.613,2.830,4.552,4.389,0.497,3.892,3.890,0.000,0.000,0.000,42.0,0.000,
12.11.2025,13:57:47.521,6.797,12.989,3.975,2.876,250.0,250.0,10.764,4.418,2.869,9.154,7.462,4.630,2.832,4.568,4.387,0.496,3.891,3.890,0.000,0.000,0.000,42.0,0.000,
12.11.2025,13:57:48.517,16.313,11.828,2.834,2.784,250.0,250.0,11.095,4.365,2.991,8.830,7.332,4.552,2.780,4.490,4.391,0.498,3.893,3.890,0.000,0.000,0.000,42.0,0.000,
12.11.2025,13:57:49.517,12.235,12.416,3.479,2.820,250.0,250.0,11.183,4.428,3.040,9.023,7.481,4.639,2.842,4.590,4.390,0.497,3.893,3.890,0.000,0.000,0.000,42.0,0.000,
12.11.2025,13:57:50.510,13.594,16.366,7.118,3.014,250.0,250.0,11.033,3.950,3.028,7.248,6.370,3.947,2.423,3.910,4.340,0.450,3.890,3.890,0.000,0.000,0.000,42.0,0.000,
12.11.2025,13:57:51.511,10.875,16.357,7.219,2.928,250.0,250.0,10.760,3.880,2.881,7.134,6.215,3.852,2.363,3.803,4.331,0.450,3.881,3.890,0.000,0.000,0.000,42.0,0.000,
12.11.2025,13:57:52.521,13.594,12.005,3.103,2.775,250.0,250.0,10.646,4.122,2.783,8.150,6.785,4.211,2.574,4.162,4.331,0.450,3.881,3.890,0.000,0.000,0.000,42.0,0.000,
12.11.2025,13:57:53.519,10.875,12.257,3.262,2.816,250.0,250.0,10.687,3.748,2.660,6.849,5.898,3.657,2.241,3.620,4.331,0.450,3.881,3.890,0.001,0.000,0.000,42.0,0.000,
12.11.2025,13:57:54.518,9.516,13.112,4.172,2.810,250.0,250.0,10.924,3.923,2.783,7.402,6.312,3.912,2.400,3.875,4.331,0.450,3.881,3.881,0.000,0.000,0.000,42.0,0.000,
12.11.2025,13:57:55.516,8.156,12.601,3.580,2.781,250.0,250.0,10.960,3.963,2.795,7.533,6.409,3.973,2.436,3.924,4.340,0.450,3.890,3.881,0.000,0.000,0.000,42.0,0.000,
12.11.2025,13:57:56.519,10.875,12.270,3.348,2.813,250.0,250.0,10.963,4.195,2.881,8.334,6.965,4.319,2.646,4.258,4.331,0.450,3.881,3.881,0.000,0.000,0.000,42.0,0.000,
12.11.2025,13:57:57.509,8.156,14.055,5.058,2.820,250.0,250.0,10.631,4.484,2.991,9.334,7.644,4.744,2.900,4.683,4.331,0.450,3.881,3.881,0.000,0.000,0.000,42.0,0.000,
12.11.2025,13:57:58.513,2.719,12.501,3.435,2.807,250.0,250.0,11.015,3.920,2.831,7.344,6.307,3.910,2.397,3.873,4.331,0.450,3.881,3.881,0.000,0.000,0.000,42.0,0.000,
12.11.2025,13:57:59.517,4.078,12.124,3.219,2.792,250.0,250.0,10.609,3.807,2.807,6.940,6.049,3.750,2.299,3.700,4.323,0.450,3.873,3.881,0.000,0.000,0.000,42.0,0.000,
12.11.2025,13:58:0.509,2.719,12.029,3.073,2.789,250.0,250.0,10.234,3.839,2.771,7.103,6.124,3.800,2.324,3.750,4.323,0.450,3.873,3.873,0.000,0.000,0.000,42.0,0.000,
12.11.2025,13:58:1.509,2.719,13.881,4.913,2.828,250.0,250.0,10.595,4.669,2.954,10.089,8.077,5.016,3.061,4.954,4.330,0.457,3.873,3.881,0.000,0.000,0.000,42.0,0.000,
12.11.2025,13:58:2.509,2.719,12.270,3.319,2.800,250.0,250.0,11.092,4.281,2.893,8.621,7.136,4.429,2.707,4.380,4.387,0.474,3.913,3.873,0.000,0.000,0.000,42.0,0.000,
12.11.2025,13:58:3.509,5.438,12.343,3.324,2.822,250.0,250.0,11.024,3.869,2.905,7.080,6.198,3.837,2.361,3.787,4.323,0.450,3.873,3.873,0.000,0.000,0.000,42.0,0.000,
12.11.2025,13:58:4.520,2.719,13.677,4.717,2.820,250.0,250.0,10.625,3.788,2.905,6.769,6.005,3.728,2.277,3.679,4.323,0.450,3.873,3.873,0.000,0.000,0.000,42.0,0.000,
12.11.2025,13:58:5.516,5.438,12.365,3.403,2.810,250.0,250.0,10.571,3.775,2.734,6.908,5.980,3.703,2.277,3.666,4.310,0.446,3.864,3.864,0.000,0.000,0.000,42.0,0.000,
12.11.2025,13:58:6.521,5.438,13.018,4.013,2.802,250.0,250.0,10.553,4.226,2.783,8.557,7.043,4.371,2.672,4.310,4.323,0.450,3.873,3.873,0.005,0.000,0.000,42.0,0.000,
12.11.2025,13:58:7.517,2.719,12.855,3.894,2.788,250.0,250.0,10.715,3.756,2.807,6.759,5.931,3.679,2.252,3.643,4.310,0.446,3.864,3.864,0.000,0.000,0.000,42.0,0.000,
12.11.2025,13:58:8.515,2.719,11.772,2.863,2.780,250.0,250.0,10.852,3.771,2.783,6.837,5.974,3.707,2.267,3.658,4.310,0.446,3.864,3.864,0.000,0.000,0.000,42.0,0.000,
12.11.2025,13:58:9.516,13.594,11.927,2.979,2.796,250.0,250.0,10.592,3.790,2.832,6.858,6.021,3.731,2.290,3.681,4.310,0.446,3.864,3.864,0.000,0.000,0.000,42.0,0.000,
12.11.2025,13:58:10.516,9.516,11.536,2.609,2.769,250.0,250.0,10.705,3.863,2.795,7.177,6.190,3.840,2.350,3.791,4.310,0.446,3.864,3.864,0.000,0.000,0.000,42.0,0.000,
12.11.2025,13:58:11.511,8.156,12.273,3.330,2.806,250.0,250.0,10.911,4.267,2.966,8.492,7.108,4.403,2.705,4.354,4.391,0.487,3.904,3.864,0.000,0.000,0.000,42.0,0.000,
12.11.2025,13:58:12.520,8.156,11.999,3.060,2.799,250.0,250.0,11.370,3.838,2.917,6.973,6.136,3.812,2.324,3.762,4.301,0.446,3.855,3.855,0.000,0.000,0.000,42.0,0.000,
12.11.2025,13:58:13.518,10.875,12.594,3.680,2.795,250.0,250.0,10.812,3.910,2.991,7.173,6.310,3.912,2.398,3.863,4.301,0.446,3.855,3.855,0.000,0.000,0.000,42.0,0.000,
12.11.2025,13:58:14.522,12.235,14.708,5.681,2.845,250.0,250.0,11.083,3.851,2.783,7.153,6.161,3.824,2.337,3.775,4.310,0.446,3.864,3.855,0.000,0.000,0.000,42.0,0.000,
12.11.2025,13:58:15.518,12.235,13.282,4.182,2.870,250.0,250.0,11.213,3.856,2.746,7.215,6.178,3.827,2.351,3.790,4.301,0.446,3.855,3.855,0.000,0.000,0.000,42.0,0.000,
12.11.2025,13:58:16.509,9.516,12.631,3.718,2.815,250.0,250.0,11.365,4.200,2.795,8.460,6.972,4.328,2.644,4.279,4.334,0.478,3.856,3.855,0.000,0.000,0.000,42.0,0.000,
12.11.2025,13:58:17.514,9.516,12.498,3.528,2.794,250.0,250.0,10.894,3.807,2.795,6.975,6.059,3.756,2.303,3.719,4.301,0.446,3.855,3.855,0.000,0.000,0.000,42.0,0.000,
12.11.2025,13:58:18.518,12.235,11.740,2.794,2.787,250.0,250.0,10.933,3.940,2.869,7.415,6.380,3.954,2.426,3.917,4.293,0.446,3.847,3.855,0.000,0.000,0.000,42.0,0.000,
12.11.2025,13:58:19.515,10.875,12.592,3.606,2.810,250.0,250.0,11.269,3.943,2.795,7.497,6.385,3.961,2.424,3.912,4.301,0.446,3.855,3.855,0.000,0.000,0.000,42.0,0.000,
12.11.2025,13:58:20.519,5.438,12.356,3.441,2.804,250.0,250.0,11.119,4.328,2.991,8.772,7.292,4.525,2.767,4.476,4.301,0.446,3.855,3.855,0.000,0.000,0.000,42.0,0.000,
12.11.2025,13:58:21.517,12.235,12.075,3.156,2.799,250.0,250.0,11.444,3.825,2.856,6.988,6.115,3.789,2.326,3.740,4.293,0.446,3.847,3.847,0.000,0.000,0.000,42.0,0.000,
12.11.2025,13:58:22.516,9.516,12.116,3.166,2.790,250.0,250.0,11.176,3.972,2.917,7.496,6.457,4.009,2.448,3.960,4.293,0.446,3.847,3.847,0.000,0.000,0.000,42.0,0.000,
12.11.2025,13:58:23.510,6.797,12.151,3.170,2.802,250.0,250.0,11.123,3.917,2.697,7.499,6.329,3.928,2.401,3.879,4.293,0.446,3.847,3.847,0.000,0.000,0.000,42.0,0.000,
12.11.2025,13:58:24.511,12.235,13.833,4.827,2.811,250.0,250.0,10.825,3.964,2.734,7.647,6.437,4.000,2.437,3.951,4.292,0.445,3.847,3.847,0.000,0.000,0.000,42.0,0.000,
12.11.2025,13:58:25.511,9.516,12.667,3.719,2.794,250.0,250.0,10.730,3.975,2.844,7.562,6.468,4.004,2.464,3.954,4.301,0.446,3.855,3.855,0.000,0.000,0.000,42.0,0.000,
12.11.2025,13:58:26.510,12.235,13.124,4.118,2.859,250.0,250.0,11.027,3.994,2.954,7.553,6.519,4.035,2.484,3.986,4.283,0.445,3.838,3.838,0.000,0.000,0.000,42.0,0.000,
12.11.2025,13:58:27.521,14.953,13.341,4.296,2.826,250.0,250.0,11.107,3.931,2.832,7.433,6.368,3.954,2.414,3.904,4.283,0.445,3.838,3.838,0.000,0.000,0.000,42.0,0.000,
12.11.2025,13:58:28.521,10.875,12.656,3.717,2.803,250.0,250.0,10.924,3.918,2.758,7.447,6.336,3.924,2.412,3.875,4.292,0.445,3.847,3.847,0.000,0.000,0.000,42.0,0.000,
12.11.2025,13:58:29.508,13.594,12.553,3.569,2.796,250.0,250.0,10.696,3.820,2.648,7.190,6.106,3.792,2.314,3.743,4.283,0.445,3.838,3.838,0.001,0.000,0.000,42.0,0.000,
12.11.2025,13:58:30.508,10.875,12.413,3.486,2.753,250.0,250.0,10.861,4.420,2.770,9.340,7.510,4.658,2.852,4.597,4.316,0.477,3.839,3.838,0.000,0.000,0.000,42.0,0.000,
12.11.2025,13:58:31.506,12.235,12.291,3.364,2.796,250.0,250.0,10.820,3.901,2.795,7.348,6.303,3.903,2.400,3.854,4.283,0.445,3.838,3.838,0.000,0.000,0.000,42.0,0.000,
12.11.2025,13:58:32.521,6.797,12.199,3.221,2.821,250.0,250.0,10.909,3.902,2.869,7.280,6.305,3.904,2.401,3.854,4.283,0.445,3.838,3.838,0.000,0.000,0.000,42.0,0.000,
12.11.2025,13:58:33.514,12.235,11.887,2.983,2.760,250.0,250.0,11.353,4.485,3.052,9.323,7.672,4.758,2.914,4.709,4.293,0.455,3.838,3.838,0.000,0.000,0.000,42.0,0.000,
12.11.2025,13:58:34.509,12.235,11.887,2.983,2.760,250.0,250.0,11.304,3.991,3.028,7.467,6.519,4.034,2.485,3.985,4.275,0.445,3.830,3.838,0.000,0.000,0.000,42.0,0.000,
12.11.2025,13:58:35.520,17.672,13.891,4.862,2.825,250.0,250.0,11.305,4.543,3.052,9.564,7.815,4.854,2.961,4.792,4.275,0.445,3.830,3.838,0.000,0.000,0.000,42.0,0.000,
12.11.2025,13:58:36.507,17.672,12.562,3.624,2.771,250.0,250.0,11.365,4.015,2.954,7.640,6.575,4.068,2.507,4.019,4.275,0.445,3.830,3.838,0.000,0.000,0.000,42.0,0.000,
12.11.2025,13:58:37.519,19.032,12.548,3.547,2.833,250.0,250.0,11.188,4.006,2.807,7.756,6.554,4.058,2.496,4.009,4.275,0.445,3.830,3.830,0.000,0.000,0.000,42.0,0.000,
12.11.2025,13:58:38.514,12.235,12.471,3.564,2.770,250.0,250.0,11.223,4.071,2.869,7.939,6.705,4.158,2.547,4.109,4.275,0.445,3.830,3.830,0.000,0.000,0.000,42.0,0.000,
12.11.2025,13:58:39.521,9.516,12.417,3.447,2.787,250.0,250.0,11.285,3.924,2.807,7.439,6.362,3.938,2.424,3.888,4.275,0.445,3.830,3.830,0.000,0.000,0.000,42.0,0.000,
12.11.2025,13:58:40.517,9.516,12.455,3.501,2.786,250.0,250.0,10.860,4.155,2.930,8.150,6.876,4.256,2.620,4.207,4.339,0.469,3.870,3.830,0.000,0.000,0.000,42.0,0.000,
12.11.2025,13:58:41.508,8.156,11.726,2.832,2.742,250.0,250.0,10.968,3.938,2.942,7.362,6.392,3.958,2.434,3.909,4.275,0.445,3.830,3.830,0.000,0.000,0.000,42.0,0.000,
12.11.2025,13:58:42.511,10.875,12.109,3.234,2.738,250.0,250.0,10.816,3.929,2.954,7.311,6.374,3.950,2.424,3.901,4.275,0.445,3.830,3.830,0.000,0.000,0.000,42.0,0.000,
12.11.2025,13:58:43.509,10.875,12.152,3.291,2.759,250.0,250.0,11.161,3.976,3.040,7.412,6.480,4.021,2.459,3.972,4.275,0.445,3.830,3.830,0.000,0.000,0.000,42.0,0.000,
12.11.2025,13:58:44.507,12.235,13.818,4.848,2.767,250.0,250.0,10.993,4.148,3.028,8.081,6.888,4.268,2.620,4.219,4.275,0.445,3.830,3.830,0.000,0.000,0.000,42.0,0.000,
12.11.2025,13:58:45.520,10.875,12.408,3.498,2.758,250.0,250.0,11.029,4.397,2.795,9.235,7.457,4.627,2.830,4.578,4.308,0.477,3.831,3.830,0.000,0.000,0.000,42.0,0.000,
12.11.2025,13:58:46.517,9.516,12.196,3.213,2.799,250.0,250.0,10.910,3.986,2.758,7.728,6.509,4.036,2.473,3.986,4.271,0.441,3.830,3.830,0.000,0.000,0.000,42.0,0.000,
12.11.2025,13:58:47.514,20.391,12.678,3.655,2.847,250.0,250.0,11.263,4.032,2.893,7.764,6.619,4.097,2.522,4.047,4.275,0.445,3.830,3.830,0.000,0.000,0.000,42.0,0.000,
12.11.2025,13:58:48.521,10.875,12.887,3.953,2.776,250.0,250.0,11.001,3.897,2.770,7.384,6.303,3.915,2.388,3.866,4.263,0.441,3.822,3.822,0.000,0.000,0.000,42.0,0.000,
12.11.2025,13:58:49.519,16.313,14.879,5.916,2.729,250.0,250.0,10.664,4.285,2.856,8.766,7.214,4.469,2.745,4.420,4.275,0.445,3.830,3.830,0.000,0.000,0.000,42.0,0.000,
12.11.2025,13:58:50.511,10.875,12.257,3.368,2.752,250.0,250.0,10.844,4.128,2.918,8.107,6.849,4.250,2.599,4.188,4.271,0.441,3.830,3.830,0.000,0.000,0.000,42.0,0.000,
12.11.2025,13:58:51.511,13.594,14.545,5.436,2.925,250.0,250.0,11.058,3.928,2.672,7.608,6.370,3.948,2.422,3.911,4.263,0.441,3.822,3.822,0.000,0.000,0.000,42.0,0.000,
12.11.2025,13:58:52.521,10.875,18.419,9.183,3.061,250.0,250.0,10.736,4.052,2.783,7.956,6.657,4.134,2.523,4.085,4.275,0.445,3.830,3.830,0.000,0.000,0.000,42.0,0.000,
12.11.2025,13:58:53.517,10.875,11.834,2.870,2.788,250.0,250.0,11.059,3.762,2.599,7.044,5.976,3.701,2.275,3.665,4.271,0.441,3.830,3.822,0.000,0.000,0.000,42.0,0.000,
12.11.2025,13:58:54.519,10.875,14.472,5.461,2.809,250.0,250.0,10.811,3.858,2.819,7.189,6.213,3.851,2.362,3.801,4.263,0.441,3.822,3.822,0.000,0.000,0.000,42.0,0.000,
12.11.2025,13:58:55.512,16.313,11.888,2.957,2.757,250.0,250.0,10.732,4.040,2.758,7.888,6.597,4.091,2.506,4.041,4.328,0.466,3.862,3.860,0.000,0.000,0.000,42.0,0.000,
12.11.2025,13:58:56.510,16.313,12.996,4.007,2.766,250.0,250.0,10.900,3.792,2.795,6.965,6.051,3.751,2.300,3.714,4.263,0.441,3.822,3.822,0.000,0.000,0.000,42.0,0.000,
12.11.2025,13:58:57.515,10.875,13.954,4.992,2.828,250.0,250.0,10.854,3.833,2.966,6.948,6.147,3.811,2.336,3.775,4.263,0.441,3.822,3.822,0.000,0.000,0.000,42.0,0.000,
12.11.2025,13:58:58.516,16.313,12.262,3.287,2.792,250.0,250.0,10.855,3.835,2.869,7.054,6.151,3.813,2.338,3.776,4.263,0.441,3.822,3.822,0.000,0.000,0.000,42.0,0.000,
12.11.2025,13:58:59.519,16.313,12.421,3.422,2.789,250.0,250.0,10.682,4.353,2.881,9.024,7.378,4.574,2.804,4.525,4.263,0.441,3.822,3.822,0.000,0.000,0.000,42.0,0.000,
12.11.2025,13:59:0.518,20.391,11.528,2.626,2.772,250.0,250.0,10.730,3.835,2.783,7.144,6.149,3.813,2.336,3.776,4.263,0.441,3.822,3.822,0.000,0.000,0.000,42.0,0.000,
12.11.2025,13:59:1.519,12.235,12.916,3.990,2.799,250.0,250.0,10.825,3.711,2.771,6.670,5.866,3.635,2.231,3.586,4.263,0.441,3.822,3.822,0.000,0.000,0.000,42.0,0.000,
12.11.2025,13:59:2.517,10.875,13.270,4.304,2.794,250.0,250.0,10.431,3.722,2.709,6.786,5.893,3.654,2.239,3.604,4.263,0.441,3.822,3.813,0.000,0.000,0.000,42.0,0.000,
12.11.2025,13:59:3.514,10.875,12.276,3.304,2.791,250.0,250.0,10.604,3.699,2.770,6.636,5.829,3.616,2.213,3.579,4.263,0.441,3.822,3.822,0.000,0.000,0.000,42.0,0.000,
12.11.2025,13:59:4.511,13.594,15.450,6.456,2.840,250.0,250.0,10.427,3.657,2.795,6.443,5.741,3.560,2.181,3.511,4.263,0.441,3.822,3.813,0.000,0.000,0.000,42.0,0.000,
12.11.2025,13:59:5.513,12.235,12.354,3.340,2.807,250.0,250.0,10.584,3.665,2.832,6.453,5.757,3.568,2.189,3.531,4.254,0.441,3.813,3.813,0.000,0.000,0.000,42.0,0.000,
12.11.2025,13:59:6.511,9.516,13.270,4.293,2.865,250.0,250.0,10.266,3.700,2.868,6.547,5.843,3.629,2.214,3.579,4.254,0.441,3.813,3.813,0.000,0.000,0.000,42.0,0.000,
12.11.2025,13:59:7.507,9.516,12.414,3.439,2.810,250.0,250.0,10.421,3.660,2.709,6.563,5.759,3.568,2.191,3.519,4.245,0.441,3.804,3.804,0.000,0.000,0.000,42.0,0.000,
12.11.2025,13:59:8.520,10.875,12.791,3.814,2.798,250.0,250.0,10.439,3.662,2.709,6.562,5.756,3.567,2.189,3.518,4.254,0.441,3.813,3.813,0.000,0.000,0.000,42.0,0.000,
12.11.2025,13:59:9.522,10.875,11.835,2.927,2.764,250.0,250.0,10.213,4.167,2.721,8.485,6.956,4.309,2.647,4.260,4.245,0.441,3.804,3.804,0.000,0.000,0.000,42.0,0.000,
12.11.2025,13:59:10.518,16.313,11.683,2.756,2.801,250.0,250.0,10.324,3.806,2.906,6.928,6.097,3.781,2.316,3.744,4.243,0.439,3.804,3.804,0.000,0.000,0.000,42.0,0.000,
12.11.2025,13:59:11.512,12.235,13.005,3.986,2.796,250.0,250.0,10.251,3.810,2.979,6.871,6.111,3.787,2.324,3.738,4.245,0.441,3.804,3.804,0.000,0.000,0.000,42.0,0.000,
12.11.2025,13:59:12.508,10.875,11.752,2.854,2.773,250.0,250.0,10.467,3.782,2.881,6.857,6.041,3.753,2.288,3.704,4.245,0.441,3.804,3.804,0.000,0.000,0.000,42.0,0.000,
12.11.2025,13:59:13.521,10.875,12.398,3.414,2.799,250.0,250.0,10.954,3.842,2.783,7.185,6.181,3.829,2.352,3.792,4.245,0.441,3.804,3.804,0.000,0.000,0.000,42.0,0.000,
12.11.2025,13:59:14.518,10.875,12.856,3.896,2.853,250.0,250.0,10.638,4.319,2.856,8.925,7.306,4.526,2.780,4.477,4.254,0.441,3.813,3.813,0.000,0.000,0.000,42.0,0.000,
12.11.2025,13:59:15.518,13.594,13.329,4.298,2.818,250.0,250.0,12.902,3.905,2.832,7.391,6.334,3.936,2.398,3.887,4.236,0.439,3.797,3.804,0.000,0.000,0.000,42.0,0.000,
12.11.2025,13:59:16.509,14.953,13.017,4.035,2.855,250.0,250.0,11.627,3.905,2.869,7.490,6.427,3.989,2.438,3.940,4.243,0.439,3.804,3.797,0.000,0.000,0.000,42.0,0.000,
12.11.2025,13:59:17.515,9.516,12.059,3.060,2.839,250.0,250.0,11.627,3.944,2.869,7.490,6.427,3.989,2.438,3.940,4.243,0.439,3.804,3.797,0.000,0.000,0.000,42.0,0.000,
12.11.2025,13:59:18.516,6.797,11.908,2.918,2.801,250.0,250.0,10.695,3.890,2.930,7.216,6.303,3.902,2.401,3.853,4.243,0.439,3.804,3.804,0.000,0.000,0.000,42.0,0.000,
12.11.2025,13:59:19.514,13.594,12.041,3.068,2.842,250.0,250.0,10.665,3.865,2.881,7.184,6.243,3.879,2.364,3.829,4.236,0.439,3.797,3.797,0.000,0.000,0.000,42.0,0.000,
12.11.2025,13:59:20.519,10.875,11.941,2.992,2.826,250.0,250.0,10.856,4.423,3.089,9.088,7.550,4.685,2.865,4.624,4.268,0.471,3.797,3.797,0.000,0.000,0.000,42.0,0.000,
12.11.2025,13:59:21.517,13.594,12.035,3.049,2.809,250.0,250.0,10.706,3.918,2.954,7.315,6.372,3.948,2.424,3.899,4.236,0.439,3.797,3.797,0.000,0.000,0.000,42.0,0.000,
12.11.2025,13:59:22.510,10.875,12.035,3.049,2.809,250.0,250.0,10.528,4.314,2.991,8.753,7.281,4.514,2.767,4.464,4.288,0.489,3.799,3.797,0.000,0.000,0.000,42.0,0.000,
12.11.2025,13:59:23.509,10.875,12.753,3.827,2.820,250.0,250.0,10.654,4.498,2.881,9.570,7.718,4.781,2.937,4.719,4.288,0.487,3.801,3.797,0.000,0.000,0.000,42.0,0.000,
12.11.2025,13:59:24.521,5.438,14.200,5.138,2.860,250.0,250.0,10.804,4.210,2.807,8.538,7.040,4.369,2.671,4.308,4.286,0.484,3.802,3.797,0.000,0.000,0.000,42.0,0.000,
12.11.2025,13:59:25.513,5.438,12.221,3.259,2.810,250.0,250.0,10.537,4.481,2.770,9.620,7.676,4.760,2.916,4.711,4.278,0.481,3.797,3.797,0.000,0.000,0.000,42.0,0.000,
12.11.2025,13:59:26.518,9.516,12.846,3.857,2.857,250.0,250.0,10.811,4.331,2.905,8.909,7.321,4.540,2.781,4.491,4.284,0.484,3.800,3.797,0.000,0.000,0.000,42.0,0.000,
12.11.2025,13:59:27.518,5.438,13.479,4.448,2.839,250.0,250.0,10.754,4.226,2.771,8.651,7.075,4.393,2.682,4.344,4.277,0.485,3.792,3.788,0.000,0.000,0.000,42.0,0.000,
12.11.2025,13:59:28.515,9.516,12.048,3.087,2.805,250.0,250.0,10.963,4.373,2.807,9.178,7.431,4.614,2.817,4.552,4.272,0.482,3.790,3.788,0.000,0.000,0.000,42.0,0.000,
12.11.2025,13:59:29.514,9.516,12.342,3.340,2.782,250.0,250.0,11.004,4.313,2.930,8.814,7.281,4.514,2.767,4.465,4.282,0.483,3.799,3.797,0.000,0.000,0.000,42.0,0.000,
12.11.2025,13:59:30.511,9.516,11.742,2.800,2.796,250.0,250.0,10.615,4.246,2.893,8.550,7.100,4.405,2.695,4.344,4.342,0.510,3.832,3.788,0.000,0.000,0.000,42.0,0.000,
12.11.2025,13:59:31.510,16.313,12.588,3.696,2.791,250.0,250.0,10.545,4.041,2.820,7.933,6.667,4.133,2.534,4.084,4.227,0.439,3.788,3.788,0.000,0.000,0.000,42.0,0.000,
12.11.2025,13:59:32.511,10.875,12.071,3.093,2.803,250.0,250.0,10.742,3.927,2.734,7.576,6.403,3.965,2.438,3.915,4.227,0.439,3.788,3.788,0.000,0.000,0.000,42.0,0.000,
12.11.2025,13:59:33.510,10.875,12.307,3.328,2.807,250.0,250.0,11.123,3.924,2.856,7.447,6.394,3.959,2.435,3.910,4.227,0.439,3.788,3.788,0.000,0.000,0.000,42.0,0.000,
12.11.2025,13:59:34.520,10.875,14.493,5.498,2.829,250.0,250.0,10.673,3.874,2.783,7.322,6.276,3.888,2.388,3.839,4.227,0.439,3.788,3.788,0.000,0.000,0.000,42.0,0.000,
12.11.2025,13:59:35.520,10.875,12.577,3.581,2.819,250.0,250.0,10.846,4.742,2.905,10.521,8.329,5.167,3.162,5.106,4.218,0.439,3.779,3.797,0.000,0.000,0.000,42.0,0.000,
12.11.2025,13:59:36.515,9.516,13.298,4.247,2.911,250.0,250.0,11.207,3.903,2.758,7.474,6.349,3.937,2.412,3.888,4.218,0.439,3.779,3.779,0.000,0.000,0.000,42.0,0.000,
12.11.2025,13:59:37.508,12.235,12.152,3.179,2.810,250.0,250.0,10.733,3.879,2.758,7.368,6.282,3.893,2.389,3.856,4.227,0.439,3.788,3.788,0.000,0.000,0.000,42.0,0.000,
12.11.2025,13:59:38.522,13.594,12.149,3.140,2.798,250.0,250.0,11.164,3.949,2.771,7.633,6.461,3.999,2.462,3.950,4.218,0.439,3.779,3.779,0.000,0.000,0.000,42.0,0.000,
12.11.2025,13:59:39.536,14.953,12.810,3.914,2.803,250.0,250.0,10.578,4.132,2.734,8.373,6.891,4.270,2.621,4.220,4.218,0.439,3.779,3.779,0.000,0.000,0.000,42.0,0.000,
12.11.2025,13:59:40.534,13.594,12.648,3.650,2.795,250.0,250.0,10.589,4.239,2.807,8.708,7.138,4.430,2.708,4.381,4.218,0.439,3.779,3.779,0.000,0.000,0.000,42.0,0.000,
12.11.2025,13:59:41.531,17.672,12.131,3.214,2.795,250.0,250.0,10.731,4.319,2.856,8.961,7.335,4.554,2.781,4.492,4.218,0.439,3.779,3.779,0.000,0.000,0.000,42.0,0.000,
12.11.2025,13:59:42.527,16.313,12.627,3.674,2.785,250.0,250.0,11.106,3.806,2.782,7.077,6.116,3.790,2.326,3.753,4.218,0.439,3.779,3.779,0.000,0.000,0.000,42.0,0.000,
12.11.2025,13:59:43.539,14.953,12.343,3.360,2.800,250.0,250.0,10.730,3.752,2.930,6.719,5.994,3.717,2.277,3.667,4.218,0.439,3.779,3.779,0.000,0.000,0.000,42.0,0.000,
12.11.2025,13:59:44.534,10.875,13.891,4.890,2.822,250.0,250.0,10.974,3.745,2.893,6.733,5.977,3.702,2.275,3.653,4.218,0.439,3.779,3.779,0.000,0.000,0.000,42.0,0.000,
12.11.2025,13:59:45.535,14.953,12.917,3.941,2.837,250.0,250.0,10.576,4.022,2.807,7.875,6.629,4.115,2.514,4.066,4.218,0.439,3.779,3.779,0.000,0.000,0.000,42.0,0.000,
12.11.2025,13:59:46.534,12.235,13.374,4.364,2.840,250.0,250.0,10.732,3.718,2.709,6.822,5.920,3.668,2.252,3.618,4.210,0.439,3.771,3.771,0.000,0.000,0.000,42.0,0.000,
12.11.2025,13:59:47.528,13.594,12.526,3.549,2.793,250.0,250.0,10.700,3.815,2.807,7.094,6.145,3.818,2.327,3.769,4.210,0.439,3.771,3.771,0.000,0.000,0.000,42.0,0.000,
12.11.2025,13:59:48.525,9.516,12.050,3.113,2.803,250.0,250.0,10.738,3.760,2.734,6.947,6.012,3.733,2.279,3.684,4.218,0.439,3.779,3.779,0.001,0.000,0.000,42.0,0.000,
12.11.2025,13:59:49.532,10.875,12.802,3.833,2.797,250.0,250.0,10.919,4.249,2.917,8.652,7.176,4.448,2.728,4.387,4.207,0.436,3.771,3.771,0.000,0.000,0.000,42.0,0.000,
12.11.2025,13:59:50.531,16.313,11.953,3.050,2.781,250.0,250.0,11.182,3.972,3.077,7.424,6.522,4.036,2.486,3.987,4.207,0.436,3.771,3.771,0.000,0.000,0.000,42.0,0.000,
12.11.2025,13:59:51.522,14.953,12.880,3.926,2.804,250.0,250.0,11.148,3.784,2.795,6.994,6.075,3.763,2.312,3.714,4.207,0.436,3.771,3.771,0.000,0.000,0.000,42.0,0.000,
12.11.2025,13:59:52.534,14.953,20.250,10.764,3.207,250.0,250.0,10.649,3.901,2.881,7.350,6.350,3.938,2.412,3.889,4.207,0.436,3.771,3.771,0.000,0.000,0.000,42.0,0.000,
12.11.2025,13:59:53.529,10.875,12.478,3.530,2.787,250.0,250.0,10.794,3.720,2.709,6.827,5.920,3.668,2.252,3.618,4.218,0.439,3.779,3.771,0.000,0.000,0.000,42.0,0.000,
12.11.2025,13:59:54.524,2.719,13.835,4.790,2.851,250.0,250.0,10.647,3.883,2.771,7.391,6.306,3.917,2.389,3.868,4.207,0.436,3.771,3.771,0.000,0.000,0.000,42.0,0.000,
12.11.2025,13:59:55.533,2.719,12.370,3.443,2.808,250.0,250.0,11.011,3.825,2.722,7.229,6.174,3.825,2.349,3.776,4.207,0.436,3.771,3.762,0.000,0.000,0.000,42.0,0.000,
12.11.2025,13:59:56.543,6.797,12.474,3.421,2.873,250.0,250.0,10.882,3.733,2.685,6.907,5.956,3.692,2.264,3.642,4.207,0.436,3.771,3.771,0.000,0.000,0.000,42.0,0.000,
12.11.2025,13:59:57.553,2.719,13.653,4.661,2.838,250.0,250.0,10.668,3.703,2.795,6.685,5.889,3.646,2.243,3.609,4.198,0.436,3.762,3.762,0.000,0.000,0.000,42.0,0.000,
12.11.2025,13:59:58.567,2.719,12.122,3.132,2.805,250.0,250.0,10.706,3.807,2.893,6.981,6.132,3.805,2.327,3.756,4.207,0.436,3.771,3.762,0.000,0.000,0.000,42.0,0.000,
12.11.2025,13:59:59.565,2.719,12.190,3.173,2.815,250.0,250.0,10.750,4.071,2.758,8.124,6.754,4.183,2.571,4.134,4.207,0.436,3.771,3.771,0.000,0.000,0.000,42.0,0.000,
12.11.2025,14:0:0.561,2.719,11.734,2.813,2.810,250.0,250.0,10.942,3.751,2.673,7.004,5.998,3.720,2.278,3.683,4.198,0.436,3.762,3.754,0.000,0.000,0.000,42.0,0.000,
12.11.2025,14:0:1.562,1.359,12.656,3.625,2.825,250.0,250.0,10.774,3.802,2.734,7.126,6.118,3.792,2.326,3.743,4.207,0.436,3.771,3.762,0.000,0.000,0.000,42.0,0.000,
12.11.2025,14:0:2.646,9.516,12.258,3.340,2.789,250.0,250.0,11.060,3.757,2.783,6.902,6.011,3.732,2.279,3.683,4.207,0.436,3.771,3.762,0.000,0.000,0.000,42.0,0.000,
12.11.2025,14:0:3.647,12.235,14.968,5.991,2.766,250.0,250.0,10.885,3.782,2.783,7.026,6.076,3.763,2.313,3.726,4.189,0.435,3.754,3.754,0.000,0.000,0.000,42.0,0.000,
12.11.2025,14:0:4.645,2.719,15.172,6.239,2.787,250.0,250.0,11.000,4.107,2.857,8.173,6.848,4.249,2.599,4.187,4.198,0.436,3.762,3.762,0.000,0.000,0.000,42.0,0.000,
12.11.2025,14:0:5.642,4.078,12.896,3.811,2.848,250.0,250.0,10.959,3.852,2.856,7.215,6.245,3.873,2.372,3.824,4.190,0.436,3.754,3.754,0.000,0.000,0.000,42.0,0.000,
12.11.2025,14:0:6.639,2.719,12.883,3.902,2.831,250.0,250.0,10.688,3.978,2.893,7.659,6.544,4.059,2.485,4.010,4.190,0.436,3.754,3.754,0.000,0.000,0.000,42.0,0.000,
12.11.2025,14:0:7.634,2.719,11.957,2.992,2.847,250.0,250.0,10.926,3.930,2.893,7.464,6.423,3.987,2.436,3.938,4.198,0.436,3.762,3.762,0.000,0.000,0.000,42.0,0.000,
12.11.2025,14:0:8.644,4.078,11.896,2.915,2.825,250.0,250.0,10.873,3.923,2.783,7.558,6.415,3.977,2.438,3.927,4.190,0.436,3.754,3.754,0.000,0.000,0.000,42.0,0.000,
12.11.2025,14:0:9.634,2.719,11.858,2.899,2.834,250.0,250.0,11.290,4.354,2.795,9.167,7.418,4.601,2.817,4.539,4.223,0.468,3.755,3.754,0.000,0.000,0.000,42.0,0.000,
12.11.2025,14:0:10.633,2.719,12.414,3.360,2.837,250.0,250.0,10.806,3.902,2.771,7.490,6.362,3.950,2.412,3.901,4.191,0.437,3.754,3.754,0.000,0.000,0.000,42.0,0.000,
12.11.2025,14:0:11.649,2.719,11.607,2.653,2.833,250.0,250.0,10.931,3.841,2.746,7.281,6.216,3.852,2.364,3.815,4.190,0.436,3.754,3.754,0.000,0.000,0.000,42.0,0.000,
12.11.2025,14:0:12.646,1.359,12.287,3.293,2.858,250.0,250.0,11.058,3.969,2.955,7.566,6.519,4.047,2.472,3.997,4.190,0.436,3.754,3.754,0.000,0.000,0.000,42.0,0.000,
12.11.2025,14:0:13.657,2.719,11.986,3.025,2.823,250.0,250.0,11.350,4.205,2.942,8.481,7.079,4.387,2.692,4.338,4.190,0.436,3.754,3.754,0.000,0.000,0.000,42.0,0.000,
12.11.2025,14:0:14.660,9.516,14.657,5.599,2.890,250.0,250.0,11.282,4.458,2.918,9.474,7.678,4.762,2.916,4.713,4.180,0.434,3.746,3.754,0.000,0.000,0.000,42.0,0.000,
12.11.2025,14:0:15.659,2.719,12.534,3.477,2.908,250.0,250.0,12.460,3.859,2.930,7.165,6.260,3.886,2.374,3.837,4.190,0.436,3.754,3.754,0.000,0.000,0.000,42.0,0.000,
12.11.2025,14:0:16.662,2.719,12.652,3.567,2.872,250.0,250.0,10.909,3.792,2.771,7.080,6.114,3.789,2.325,3.739,4.180,0.434,3.746,3.746,0.000,0.000,0.000,42.0,0.000,
12.11.2025,14:0:17.658,2.719,11.985,2.938,2.892,250.0,250.0,11.080,3.886,2.624,7.579,6.326,3.926,2.400,3.877,4.190,0.436,3.754,3.746,0.000,0.000,0.000,42.0,0.000,
12.11.2025,14:0:18.673,12.235,12.519,3.473,2.861,250.0,250.0,11.048,3.799,2.820,7.050,6.123,3.794,2.329,3.757,4.180,0.434,3.746,3.754,0.000,0.000,0.000,42.0,0.000,
12.11.2025,14:0:19.668,16.313,12.087,3.156,2.812,250.0,250.0,10.954,4.227,2.746,8.739,7.129,4.420,2.709,4.358,4.213,0.466,3.747,3.746,0.000,0.000,0.000,42.0,0.000,
12.11.2025,14:0:20.669,10.875,12.653,3.698,2.797,250.0,250.0,10.596,3.860,2.955,7.148,6.266,3.890,2.376,3.841,4.190,0.436,3.754,3.746,0.000,0.000,0.000,42.0,0.000,
12.11.2025,14:0:21.670,14.953,11.650,2.706,2.824,250.0,250.0,10.840,3.719,2.783,6.789,5.934,3.681,2.253,3.644,4.180,0.434,3.746,3.746,0.000,0.000,0.000,42.0,0.000,
12.11.2025,14:0:22.668,13.594,11.982,2.971,2.819,250.0,250.0,10.518,3.734,2.660,6.966,5.976,3.709,2.267,3.660,4.180,0.434,3.746,3.737,0.000,0.000,0.000,42.0,0.000,
12.11.2025,14:0:23.669,12.235,12.297,3.355,2.824,250.0,250.0,10.755,4.244,2.771,8.802,7.177,4.444,2.733,4.395,4.180,0.434,3.746,3.754,0.000,0.000,0.000,42.0,0.000,
12.11.2025,14:0:24.663,16.313,13.954,4.938,2.879,250.0,250.0,10.601,3.715,2.709,6.849,5.937,3.683,2.254,3.634,4.171,0.434,3.737,3.746,0.001,0.000,0.000,42.0,0.000,
12.11.2025,14:0:25.672,8.156,13.900,4.784,2.885,250.0,250.0,10.888,4.139,2.734,8.441,6.933,4.298,2.635,4.248,4.180,0.434,3.746,3.746,0.000,0.000,0.000,42.0,0.000,
12.11.2025,14:0:26.665,8.156,12.154,3.179,2.840,250.0,250.0,10.975,3.942,2.783,7.637,6.464,4.014,2.450,3.964,4.180,0.434,3.746,3.746,0.000,0.000,0.000,42.0,0.000,
12.11.2025,14:0:27.665,1.359,12.501,3.481,2.843,250.0,250.0,10.722,4.026,2.734,8.016,6.668,4.141,2.527,4.092,4.171,0.434,3.737,3.737,0.000,0.000,0.000,42.0,0.000,
12.11.2025,14:0:28.693,14.953,12.578,3.576,2.817,250.0,250.0,10.880,4.346,3.077,8.902,7.424,4.605,2.819,4.556,4.171,0.434,3.737,3.737,0.000,0.000,0.000,42.0,0.000,
12.11.2025,14:0:29.690,14.953,11.819,2.906,2.815,250.0,250.0,10.881,4.074,2.955,7.985,6.782,4.210,2.572,4.161,4.171,0.434,3.737,3.737,0.000,0.000,0.000,42.0,0.000,
12.11.2025,14:0:30.688,13.594,12.564,3.554,2.823,250.0,250.0,10.918,3.946,2.783,7.661,6.480,4.016,2.464,3.979,4.171,0.434,3.737,3.737,0.000,0.000,0.000,42.0,0.000,
12.11.2025,14:0:31.681,23.110,11.745,2.790,2.824,250.0,250.0,10.844,3.968,2.685,7.842,6.534,4.056,2.478,4.007,4.171,0.434,3.737,3.737,0.000,0.000,0.000,42.0,0.000,
12.11.2025,14:0:32.680,19.032,12.339,3.371,2.828,250.0,250.0,10.921,3.904,2.660,7.626,6.381,3.955,2.426,3.918,4.171,0.434,3.737,3.737,0.000,0.000,0.000,42.0,0.000,
12.11.2025,14:0:33.690,13.594,12.778,3.785,2.874,250.0,250.0,10.511,4.774,2.758,10.842,8.427,5.228,3.199,5.167,4.193,0.465,3.728,3.728,0.000,0.000,0.000,42.0,0.000,
12.11.2025,14:0:34.697,14.953,13.296,4.247,2.857,250.0,250.0,10.773,4.075,2.906,8.037,6.785,4.211,2.574,4.162,4.171,0.434,3.737,3.737,0.000,0.000,0.000,42.0,0.000,
12.11.2025,14:0:35.724,14.953,13.239,4.145,2.868,250.0,250.0,11.009,4.028,2.881,7.887,6.685,4.136,2.549,4.087,4.162,0.434,3.728,3.728,0.000,0.000,0.000,42.0,0.000,
12.11.2025,14:0:36.737,13.594,12.336,3.331,2.843,250.0,250.0,11.215,4.097,2.807,8.231,6.842,4.246,2.596,4.197,4.162,0.434,3.728,3.728,0.005,0.000,0.000,42.0,0.000,
12.11.2025,14:0:37.730,13.594,12.769,3.830,2.804,250.0,250.0,10.948,3.913,2.759,7.567,6.405,3.979,2.426,3.930,4.162,0.434,3.728,3.737,0.000,0.000,0.000,42.0,0.000,
12.11.2025,14:0:38.738,19.032,15.028,5.907,2.899,250.0,250.0,11.172,4.300,2.746,9.074,7.319,4.539,2.780,4.489,4.162,0.434,3.728,3.728,0.000,0.000,0.000,42.0,0.000,
12.11.2025,14:0:39.737,25.829,11.724,2.798,2.831,250.0,250.0,11.066,3.764,2.611,7.148,6.060,3.757,2.303,3.707,4.162,0.434,3.728,3.728,0.000,0.000,0.000,42.0,0.000,
12.11.2025,14:0:40.734,25.829,11.724,2.798,2.831,250.0,250.0,10.759,3.811,2.660,7.282,6.169,3.830,2.339,3.781,4.162,0.434,3.728,3.728,0.000,0.000,0.000,42.0,0.000,
12.11.2025,14:0:41.728,19.032,12.296,3.310,2.843,250.0,250.0,11.240,3.863,2.893,7.249,6.290,3.902,2.388,3.853,4.162,0.434,3.728,3.728,0.001,0.000,0.000,42.0,0.000,
12.11.2025,14:0:42.725,10.875,11.988,3.011,2.829,250.0,250.0,11.029,3.791,2.746,7.124,6.118,3.791,2.327,3.754,4.162,0.434,3.728,3.728,0.000,0.000,0.000,42.0,0.000,
12.11.2025,14:0:43.727,9.516,12.319,3.297,2.848,250.0,250.0,11.056,4.191,2.844,8.516,7.034,4.366,2.668,4.317,4.215,0.455,3.760,3.737,0.000,0.000,0.000,42.0,0.000,
12.11.2025,14:0:44.739,13.594,13.811,4.778,2.880,250.0,250.0,11.488,3.891,2.856,7.390,6.360,3.937,2.423,3.888,4.162,0.434,3.728,3.728,0.000,0.000,0.000,42.0,0.000,
12.11.2025,14:0:45.725,9.516,12.320,3.230,2.845,250.0,250.0,11.437,3.762,2.623,7.131,6.054,3.753,2.301,3.703,4.162,0.434,3.728,3.728,0.000,0.000,0.000,42.0,0.000,
12.11.2025,14:0:46.735,9.516,13.171,4.112,2.869,250.0,250.0,10.745,3.866,2.734,7.429,6.303,3.915,2.388,3.865,4.151,0.431,3.720,3.720,0.000,0.000,0.000,42.0,0.000,
12.11.2025,14:0:47.739,12.235,12.769,3.820,2.819,250.0,250.0,11.125,3.816,2.660,7.305,6.178,3.827,2.351,3.790,4.162,0.434,3.728,3.728,0.000,0.000,0.000,42.0,0.000,
12.11.2025,14:0:48.739,9.516,13.063,4.019,2.851,250.0,250.0,10.968,4.554,2.783,10.011,7.931,4.918,3.013,4.857,4.151,0.431,3.720,3.720,0.000,0.000,0.000,42.0,0.000,
12.11.2025,14:0:49.730,10.875,11.771,2.766,2.846,250.0,250.0,11.732,3.864,2.893,7.266,6.298,3.911,2.387,3.862,4.151,0.431,3.720,3.720,0.000,0.000,0.000,42.0,0.000,
12.11.2025,14:0:50.729,10.875,11.861,2.856,2.847,250.0,250.0,11.304,3.865,2.832,7.318,6.300,3.900,2.400,3.851,4.162,0.434,3.728,3.728,0.000,0.000,0.000,42.0,0.000,
12.11.2025,14:0:51.736,10.875,12.283,3.267,2.834,250.0,250.0,10.915,3.924,2.979,7.411,6.442,3.996,2.446,3.947,4.151,0.431,3.720,3.720,0.000,0.000,0.000,42.0,0.000,
12.11.2025,14:0:52.735,8.156,11.758,2.770,2.841,250.0,250.0,11.385,4.123,2.917,8.234,6.907,4.289,2.618,4.240,4.151,0.431,3.720,3.720,0.000,0.000,0.000,42.0,0.000,
12.11.2025,14:0:53.728,13.594,19.717,10.361,3.161,250.0,250.0,11.169,3.854,2.648,7.475,6.272,3.886,2.386,3.850,4.151,0.431,3.720,3.720,0.000,0.000,0.000,42.0,0.000,
12.11.2025,14:0:54.744,14.953,15.599,6.454,2.962,250.0,250.0,11.011,3.826,2.684,7.325,6.215,3.852,2.363,3.803,4.151,0.431,3.720,3.720,0.000,0.000,0.000,42.0,0.000,
12.11.2025,14:0:55.755,14.953,12.746,3.721,2.821,250.0,250.0,10.908,3.966,2.746,7.797,6.541,4.065,2.476,4.015,4.151,0.431,3.720,3.720,0.000,0.000,0.000,42.0,0.000,
12.11.2025,14:0:56.770,16.313,12.076,3.079,2.839,250.0,250.0,11.519,4.279,2.869,8.873,7.285,4.516,2.769,4.454,4.151,0.431,3.720,3.720,0.000,0.000,0.000,42.0,0.000,
12.11.2025,14:0:57.772,19.032,13.573,4.563,2.902,250.0,250.0,11.416,4.082,2.820,8.179,6.812,4.230,2.582,4.180,4.151,0.431,3.720,3.720,0.000,0.000,0.000,42.0,0.000,
12.11.2025,14:0:58.769,10.875,12.701,3.709,2.819,250.0,250.0,11.462,4.703,2.844,10.500,8.271,5.125,3.146,5.064,4.182,0.462,3.720,3.720,0.000,0.000,0.000,42.0,0.000,
12.11.2025,14:0:59.761,10.875,11.651,2.641,2.846,250.0,250.0,10.987,3.914,2.795,7.554,6.424,3.975,2.449,3.925,4.151,0.431,3.720,3.720,0.000,0.000,0.000,42.0,0.000,
12.11.2025,14:1:0.768,10.875,11.712,2.782,2.840,250.0,250.0,10.890,3.972,2.819,7.752,6.555,4.071,2.484,4.021,4.151,0.431,3.720,3.720,0.000,0.000,0.000,42.0,0.000,
12.11.2025,14:1:1.769,10.875,13.096,4.023,2.883,250.0,250.0,11.318,3.904,2.770,7.541,6.393,3.971,2.422,3.922,4.151,0.431,3.720,3.720,0.000,0.000,0.000,42.0,0.000,
12.11.2025,14:1:2.762,23.110,11.964,2.952,2.863,250.0,250.0,10.968,4.136,2.721,8.479,6.948,4.304,2.644,4.255,4.142,0.431,3.711,3.720,0.000,0.000,0.000,42.0,0.000,
12.11.2025,14:1:3.767,19.032,12.441,3.435,2.867,250.0,250.0,10.609,3.885,2.685,7.544,6.354,3.941,2.413,3.892,4.151,0.431,3.720,3.720,0.000,0.000,0.000,42.0,0.000,
12.11.2025,14:1:4.765,16.313,13.924,4.830,2.893,250.0,250.0,10.603,3.912,2.807,7.533,6.416,3.970,2.446,3.921,4.151,0.431,3.720,3.720,0.000,0.000,0.000,42.0,0.000,
12.11.2025,14:1:5.762,17.672,11.864,2.882,2.843,250.0,250.0,10.693,4.005,2.783,7.917,6.646,4.123,2.523,4.061,4.142,0.431,3.711,3.711,0.000,0.000,0.000,42.0,0.000,
12.11.2025,14:1:6.763,16.313,12.721,3.730,2.855,250.0,250.0,10.878,3.832,2.746,7.289,6.228,3.865,2.363,3.815,4.151,0.431,3.720,3.711,0.000,0.000,0.000,42.0,0.000,
12.11.2025,14:1:7.772,2.719,13.543,4.417,2.901,250.0,250.0,11.394,6.181,3.420,15.589,11.778,7.308,4.470,7.222,4.151,0.431,3.720,3.720,0.000,0.000,0.000,42.0,0.000,
12.11.2025,14:1:8.771,10.875,13.709,4.697,2.854,250.0,250.0,12.053,3.769,2.697,7.104,6.083,3.768,2.315,3.731,4.142,0.431,3.711,3.711,0.000,0.000,0.000,42.0,0.000,
12.11.2025,14:1:9.771,12.235,12.790,3.779,2.835,250.0,250.0,10.625,3.891,2.807,7.451,6.364,3.951,2.413,3.902,4.151,0.431,3.720,3.720,0.000,0.000,0.000,42.0,0.000,
12.11.2025,14:1:10.758,2.719,12.388,4.008,2.854,250.0,250.0,61.428,18.805,8.864,55.546,39.955,24.776,15.179,24.469,6.614,0.585,6.029,6.029,0.000,0.000,0.000,42.0,0.000,
12.11.2025,14:1:11.760,2.719,10.833,3.666,2.845,250.0,250.0,64.634,18.863,8.889,55.735,40.081,24.851,15.230,24.556,6.624,0.585,6.039,6.039,0.000,0.000,0.000,42.0,0.000,
12.11.2025,14:1:12.758,2.719,10.075,2.763,2.827,250.0,250.0,40.740,7.696,4.008,20.749,15.357,9.521,5.836,9.411,4.171,0.434,3.737,3.737,0.002,0.000,0.000,42.0,0.000,
12.11.2025,14:1:13.768,6.797,12.506,3.116,2.843,250.0,250.0,15.241,4.028,3.126,7.654,6.690,4.144,2.546,4.095,4.151,0.431,3.720,3.720,0.000,0.000,0.000,42.0,0.000,
12.11.2025,14:1:14.759,5.438,14.086,4.834,2.853,250.0,250.0,11.080,3.766,2.832,6.948,6.069,3.767,2.302,3.717,4.151,0.431,3.720,3.720,0.000,0.000,0.000,42.0,0.000,
12.11.2025,14:1:15.774,0.000,13.285,4.243,2.874,250.0,250.0,10.546,3.828,2.783,7.239,6.214,3.851,2.363,3.814,4.150,0.430,3.720,3.720,0.000,0.000,0.000,42.0,0.000,
12.11.2025,14:1:16.775,2.719,13.115,4.063,2.836,250.0,250.0,10.644,4.259,2.697,8.927,7.203,4.469,2.734,4.420,4.209,0.478,3.731,3.720,0.000,0.000,0.000,42.0,0.000,
12.11.2025,14:1:17.760,2.719,13.215,4.125,2.906,250.0,250.0,12.694,4.024,2.697,8.073,6.680,4.134,2.546,4.085,4.151,0.431,3.720,3.720,0.000,0.000,0.000,42.0,0.000,
12.11.2025,14:1:18.909,23.110,13.865,4.913,2.800,250.0,250.0,13.352,3.807,2.697,7.242,6.168,3.829,2.339,3.779,4.151,0.431,3.720,3.720,0.000,0.000,0.000,42.0,0.000,
12.11.2025,14:1:19.917,12.235,16.039,7.010,2.829,250.0,250.0,12.272,3.851,2.869,7.241,6.274,3.888,2.386,3.839,4.150,0.430,3.720,3.711,0.000,0.000,0.000,42.0,0.000,
12.11.2025,14:1:20.916,10.875,16.039,7.010,2.829,250.0,250.0,10.686,3.938,2.906,7.531,6.477,4.014,2.463,3.965,4.151,0.431,3.720,3.720,0.000,0.000,0.000,42.0,0.000,
12.11.2025,14:1:21.918,10.875,12.243,3.296,2.823,250.0,250.0,10.538,3.860,2.758,7.388,6.301,3.901,2.400,3.852,4.142,0.431,3.711,3.720,0.000,0.000,0.000,42.0,0.000,
12.11.2025,14:1:22.929,4.078,12.286,3.272,2.784,250.0,250.0,10.614,3.794,2.722,7.169,6.143,3.804,2.339,3.754,4.151,0.431,3.720,3.711,0.000,0.000,0.000,42.0,0.000,
12.11.2025,14:1:23.923,12.235,12.773,3.811,2.825,250.0,250.0,10.469,3.737,2.672,7.003,6.005,3.728,2.277,3.679,4.142,0.431,3.711,3.720,0.000,0.000,0.000,42.0,0.000,
12.11.2025,14:1:24.920,10.875,14.347,5.283,2.839,250.0,250.0,10.601,3.893,2.734,7.546,6.373,3.949,2.424,3.912,4.142,0.431,3.711,3.711,0.000,0.000,0.000,42.0,0.000,
12.11.2025,14:1:25.923,13.594,11.821,2.832,2.822,250.0,250.0,10.423,3.940,2.771,7.688,6.487,4.025,2.462,3.976,4.142,0.431,3.711,3.711,0.000,0.000,0.000,42.0,0.000,
12.11.2025,14:1:26.918,19.032,12.774,3.757,2.832,250.0,250.0,10.458,3.809,2.672,7.281,6.182,3.830,2.352,3.781,4.142,0.431,3.711,3.711,0.000,0.000,0.000,42.0,0.000,
12.11.2025,14:1:27.917,10.875,12.650,3.664,2.855,250.0,250.0,10.417,3.744,2.685,7.018,6.024,3.733,2.291,3.696,4.142,0.431,3.711,3.711,0.000,0.000,0.000,42.0,0.000,
12.11.2025,14:1:28.923,9.516,13.058,3.983,2.830,250.0,250.0,10.454,3.887,2.660,7.599,6.358,3.948,2.410,3.899,4.142,0.431,3.711,3.711,0.000,0.000,0.000,42.0,0.000,
12.11.2025,14:1:29.924,9.516,12.434,3.452,2.818,250.0,250.0,10.662,3.931,2.685,7.735,6.464,4.014,2.450,3.964,4.142,0.431,3.711,3.711,0.000,0.000,0.000,42.0,0.000,
12.11.2025,14:1:30.923,16.313,12.018,3.050,2.821,250.0,250.0,10.663,3.977,2.722,7.874,6.575,4.075,2.500,4.026,4.142,0.431,3.711,3.711,0.001,0.000,0.000,42.0,0.000,
12.11.2025,14:1:31.934,12.235,12.007,3.086,2.785,250.0,250.0,10.558,3.805,2.550,7.387,6.171,3.831,2.340,3.781,4.142,0.431,3.711,3.711,0.000,0.000,0.000,42.0,0.000,
12.11.2025,14:1:32.950,16.313,12.113,3.158,2.830,250.0,250.0,10.418,3.860,2.771,7.394,6.301,3.914,2.387,3.865,4.131,0.429,3.702,3.702,0.000,0.000,0.000,42.0,0.000,
12.11.2025,14:1:33.960,9.516,12.249,3.245,2.808,250.0,250.0,10.489,3.982,2.722,7.911,6.595,4.085,2.510,4.036,4.131,0.429,3.702,3.702,0.000,0.000,0.000,42.0,0.000,
12.11.2025,14:1:34.957,9.516,14.888,5.884,2.867,250.0,250.0,10.731,3.760,2.710,7.054,6.066,3.760,2.306,3.711,4.142,0.431,3.711,3.711,0.000,0.000,0.000,42.0,0.000,
12.11.2025,14:1:35.954,9.516,13.293,4.197,2.884,250.0,250.0,10.805,3.888,2.783,7.484,6.371,3.956,2.415,3.907,4.131,0.429,3.702,3.702,0.000,0.000,0.000,42.0,0.000,
12.11.2025,14:1:36.968,10.875,12.133,3.222,2.816,250.0,250.0,11.068,4.038,2.992,7.838,6.726,4.164,2.562,4.114,4.142,0.431,3.711,3.702,0.000,0.000,0.000,42.0,0.000,
12.11.2025,14:1:37.966,9.516,11.718,2.758,2.823,250.0,250.0,11.297,3.996,2.979,7.700,6.627,4.114,2.513,4.065,4.131,0.429,3.702,3.702,0.001,0.000,0.000,42.0,0.000,
12.11.2025,14:1:38.967,19.032,12.648,3.672,2.816,250.0,250.0,11.202,3.906,2.893,7.439,6.416,3.978,2.438,3.928,4.131,0.429,3.702,3.702,0.000,0.000,0.000,42.0,0.000,
12.11.2025,14:1:39.964,12.235,12.400,3.421,2.804,250.0,250.0,10.953,3.973,2.771,7.824,6.571,4.073,2.498,4.024,4.131,0.429,3.702,3.711,0.000,0.000,0.000,42.0,0.000,
12.11.2025,14:1:40.960,9.516,12.659,3.622,2.823,250.0,250.0,10.864,3.754,2.636,7.131,6.054,3.753,2.301,3.716,4.123,0.429,3.694,3.702,0.000,0.000,0.000,42.0,0.000,
12.11.2025,14:1:41.968,9.516,11.853,2.899,2.831,250.0,250.0,10.639,3.754,2.856,8.178,6.839,4.244,2.595,4.195,4.131,0.429,3.702,3.702,0.000,0.000,0.000,42.0,0.000,
12.11.2025,14:1:42.964,13.594,12.235,3.218,2.836,250.0,250.0,10.639,4.087,2.856,8.178,6.839,4.244,2.595,4.195,4.131,0.429,3.702,3.702,0.000,0.000,0.000,42.0,0.000,
12.11.2025,14:1:43.975,10.875,12.210,3.275,2.804,250.0,250.0,10.989,4.080,2.918,8.074,6.830,4.229,2.601,4.179,4.131,0.429,3.702,3.702,0.000,0.000,0.000,42.0,0.000,
12.11.2025,14:1:44.972,13.594,14.302,5.315,2.842,250.0,250.0,10.931,3.983,2.844,7.799,6.598,4.099,2.499,4.050,4.124,0.430,3.694,3.694,0.000,0.000,0.000,42.0,0.000,
12.11.2025,14:1:45.967,13.594,12.762,3.740,2.811,250.0,250.0,10.847,3.951,2.783,7.738,6.526,4.051,2.475,4.001,4.123,0.429,3.694,3.694,0.000,0.000,0.000,42.0,0.000,
12.11.2025,14:1:46.966,10.875,12.975,3.938,2.866,250.0,250.0,10.926,3.875,2.685,7.550,6.346,3.935,2.411,3.886,4.123,0.429,3.694,3.694,0.000,0.000,0.000,42.0,0.000,
12.11.2025,14:1:47.963,12.235,12.128,3.153,2.842,250.0,250.0,10.896,3.800,2.722,7.220,6.168,3.829,2.339,3.779,4.123,0.429,3.694,3.694,0.000,0.000,0.000,42.0,0.000,
12.11.2025,14:1:48.961,16.313,12.663,3.672,2.830,250.0,250.0,10.653,3.928,2.648,7.777,6.463,4.013,2.450,3.964,4.131,0.429,3.702,3.702,0.000,0.000,0.000,42.0,0.000,
12.11.2025,14:1:49.973,9.516,12.078,3.110,2.821,250.0,250.0,10.833,3.980,2.685,7.940,6.594,4.092,2.502,4.043,4.123,0.429,3.694,3.694,0.000,0.000,0.000,42.0,0.000,
12.11.2025,14:1:50.988,12.235,12.664,3.681,2.834,250.0,250.0,11.297,3.987,2.844,7.811,6.610,4.099,2.511,4.050,4.123,0.429,3.694,3.694,0.000,0.000,0.000,42.0,0.000,
12.11.2025,14:1:51.999,10.875,11.975,3.028,2.804,250.0,250.0,11.016,3.927,2.771,7.655,6.467,4.016,2.451,3.966,4.123,0.429,3.694,3.694,0.000,0.000,0.000,42.0,0.000,
12.11.2025,14:1:52.997,16.313,12.127,3.163,2.814,250.0,250.0,10.833,4.003,2.807,7.911,6.649,4.125,2.524,4.075,4.123,0.429,3.694,3.694,0.000,0.000,0.000,42.0,0.000,
12.11.2025,14:1:54.003,14.953,18.378,9.086,3.072,250.0,250.0,11.156,4.018,2.722,8.051,6.689,4.139,2.550,4.089,4.123,0.429,3.694,3.694,0.000,0.000,0.000,42.0,0.000,
12.11.2025,14:1:55.003,10.875,17.790,8.672,2.968,250.0,250.0,11.207,4.215,2.673,8.819,7.130,4.421,2.709,4.360,4.171,0.475,3.696,3.694,0.000,0.000,0.000,42.0,0.000,
12.11.2025,14:1:56.005,12.235,13.067,4.072,2.832,250.0,250.0,10.911,4.153,2.783,8.481,6.979,4.332,2.647,4.283,4.171,0.475,3.696,3.686,0.000,0.000,0.000,42.0,0.000,
12.11.2025,14:1:57.014,13.594,12.761,3.742,2.832,250.0,250.0,10.772,4.276,2.893,8.834,7.271,4.503,2.768,4.454,4.173,0.476,3.697,3.694,0.000,0.000,0.000,42.0,0.000,
12.11.2025,14:1:58.017,10.875,12.184,3.190,2.829,250.0,250.0,10.791,4.190,2.893,8.505,7.063,4.380,2.683,4.331,4.176,0.479,3.697,3.694,0.000,0.000,0.000,42.0,0.000,
12.11.2025,14:1:59.017,12.235,13.301,4.343,2.815,250.0,250.0,10.937,4.242,2.930,8.674,7.199,4.467,2.732,4.405,4.166,0.476,3.690,3.686,0.000,0.000,0.000,42.0,0.000,
12.11.2025,14:2:0.015,16.313,13.321,4.265,2.827,250.0,250.0,11.034,4.298,2.991,8.818,7.320,4.539,2.781,4.490,4.173,0.476,3.697,3.694,0.000,0.000,0.000,42.0,0.000,
12.11.2025,14:2:1.014,2.719,12.548,3.592,2.832,250.0,250.0,11.332,4.691,3.053,10.260,8.259,5.120,3.139,5.059,4.163,0.475,3.688,3.694,0.000,0.000,0.000,42.0,0.000,
12.11.2025,14:2:2.017,1.359,12.348,3.378,2.832,250.0,250.0,11.509,4.270,2.906,8.808,7.260,4.504,2.756,4.455,4.165,0.476,3.689,3.686,0.000,0.000,0.000,42.0,0.000,
12.11.2025,14:2:3.020,2.719,12.237,3.209,2.837,250.0,250.0,10.862,4.147,2.893,8.344,6.971,4.323,2.648,4.274,4.166,0.476,3.690,3.686,0.001,0.000,0.000,42.0,0.000,
12.11.2025,14:2:4.020,19.032,12.576,3.575,2.846,250.0,250.0,10.619,4.062,2.795,8.122,6.773,4.199,2.574,4.150,4.160,0.473,3.687,3.686,0.000,0.000,0.000,42.0,0.000,
12.11.2025,14:2:5.012,16.313,13.958,4.897,2.862,250.0,250.0,10.615,4.122,2.856,8.291,6.914,4.281,2.633,4.232,4.161,0.474,3.687,3.686,0.000,0.000,0.000,42.0,0.000,
12.11.2025,14:2:6.013,5.438,12.720,3.679,2.888,250.0,250.0,10.721,4.275,2.991,8.737,7.272,4.504,2.768,4.455,4.167,0.476,3.691,3.686,0.005,0.000,0.000,42.0,0.000,
12.11.2025,14:2:7.025,10.875,13.696,4.665,2.846,250.0,250.0,10.845,4.128,2.881,8.289,6.927,4.294,2.633,4.244,4.167,0.476,3.691,3.677,0.001,0.000,0.000,42.0,0.000,
12.11.2025,14:2:8.038,16.313,12.256,3.232,2.813,250.0,250.0,10.692,4.385,2.844,9.341,7.562,4.692,2.870,4.630,4.115,0.429,3.686,3.686,0.000,0.000,0.000,42.0,0.000,
12.11.2025,14:2:9.033,17.672,12.402,3.398,2.828,250.0,250.0,10.642,4.406,2.893,9.388,7.616,4.725,2.891,4.663,4.102,0.425,3.677,3.677,0.000,0.000,0.000,42.0,0.000,
12.11.2025,14:2:10.036,8.156,11.503,2.575,2.795,250.0,250.0,10.837,4.464,2.869,9.631,7.753,4.812,2.941,4.750,4.102,0.425,3.677,3.677,0.000,0.000,0.000,42.0,0.000,
12.11.2025,14:2:11.037,9.516,12.091,3.197,2.793,250.0,250.0,10.984,4.427,2.807,9.537,7.659,4.753,2.906,4.692,4.115,0.429,3.686,3.686,0.001,0.000,0.000,42.0,0.000,
12.11.2025,14:2:12.032,4.078,11.590,2.573,2.769,250.0,250.0,10.637,4.246,2.795,8.878,7.234,4.490,2.744,4.441,4.102,0.425,3.677,3.677,0.000,0.000,0.000,42.0,0.000,
12.11.2025,14:2:13.032,1.359,12.251,3.308,2.807,250.0,250.0,10.390,4.352,2.807,9.262,7.487,4.642,2.845,4.593,4.102,0.425,3.677,3.677,0.000,0.000,0.000,42.0,0.000,
12.11.2025,14:2:14.031,16.313,13.975,4.973,2.856,250.0,250.0,10.525,4.268,2.746,9.000,7.290,4.519,2.771,4.470,4.102,0.425,3.677,3.677,0.001,0.000,0.000,42.0,0.000,
12.11.2025,14:2:15.029,10.875,13.799,4.758,2.820,250.0,250.0,10.801,4.292,2.795,9.051,7.344,4.552,2.792,4.503,4.102,0.425,3.677,3.677,0.000,0.000,0.000,42.0,0.000,
12.11.2025,14:2:16.041,9.516,11.910,2.894,2.834,250.0,250.0,11.221,4.334,2.893,9.114,7.444,4.614,2.830,4.565,4.102,0.425,3.677,3.677,0.000,0.000,0.000,42.0,0.000,
12.11.2025,14:2:17.060,9.516,13.742,4.663,2.896,250.0,250.0,10.555,3.820,2.697,7.344,6.230,3.866,2.364,3.817,4.102,0.425,3.677,3.677,0.000,0.000,0.000,42.0,0.000,
12.11.2025,14:2:18.054,10.875,12.266,3.285,2.807,250.0,250.0,10.815,3.681,2.734,6.777,5.897,3.657,2.240,3.620,4.102,0.425,3.677,3.677,0.000,0.000,0.000,42.0,0.000,
12.11.2025,14:2:19.053,10.875,12.488,3.514,2.848,250.0,250.0,10.398,3.797,2.722,7.230,6.179,3.828,2.351,3.779,4.102,0.425,3.677,3.677,0.000,0.000,0.000,42.0,0.000,
12.11.2025,14:2:20.060,10.875,11.839,2.846,2.820,250.0,250.0,10.732,3.947,2.832,7.699,6.537,4.050,2.487,4.001,4.094,0.425,3.669,3.677,0.000,0.000,0.000,42.0,0.000,
12.11.2025,14:2:21.064,16.313,12.591,3.595,2.816,250.0,250.0,10.825,3.891,2.820,7.498,6.394,3.972,2.422,3.923,4.102,0.425,3.677,3.677,0.000,0.000,0.000,42.0,0.000,
12.11.2025,14:2:22.062,10.875,11.519,2.566,2.806,250.0,250.0,10.756,3.942,2.954,7.560,6.515,4.044,2.471,3.995,4.102,0.425,3.677,3.677,0.000,0.000,0.000,42.0,0.000,
12.11.2025,14:2:23.061,10.875,12.310,3.333,2.818,250.0,250.0,10.791,3.873,3.016,7.224,6.363,3.938,2.425,3.889,4.102,0.425,3.677,3.669,0.001,0.000,0.000,42.0,0.000,
12.11.2025,14:2:24.055,10.875,13.894,4.890,2.853,250.0,250.0,10.932,3.923,3.040,7.399,6.471,4.010,2.461,3.973,4.102,0.425,3.677,3.677,0.000,0.000,0.000,42.0,0.000,
12.11.2025,14:2:25.066,17.672,11.952,2.962,2.837,250.0,250.0,10.792,3.899,2.955,7.390,6.420,3.973,2.447,3.924,4.102,0.425,3.677,3.677,0.000,0.000,0.000,42.0,0.000,
12.11.2025,14:2:26.063,10.875,13.151,4.090,2.863,250.0,250.0,11.095,3.828,2.746,7.334,6.252,3.877,2.375,3.827,4.102,0.425,3.677,3.669,0.000,0.000,0.000,42.0,0.000,
12.11.2025,14:2:27.063,19.032,13.656,4.692,2.854,250.0,250.0,10.788,4.077,2.844,8.175,6.843,4.246,2.597,4.185,4.102,0.425,3.677,3.677,0.000,0.000,0.000,42.0,0.000,
12.11.2025,14:2:28.059,14.953,11.984,2.957,2.843,250.0,250.0,10.852,3.818,2.869,7.179,6.234,3.861,2.373,3.812,4.094,0.425,3.669,3.669,0.000,0.000,0.000,42.0,0.000,
12.11.2025,14:2:29.055,12.235,13.360,4.323,2.876,250.0,250.0,11.625,3.793,2.770,7.168,6.168,3.829,2.339,3.779,4.102,0.425,3.677,3.677,0.000,0.000,0.000,42.0,0.000,
12.11.2025,14:2:30.065,14.953,12.922,3.850,2.868,250.0,250.0,13.234,3.820,2.807,7.235,6.230,3.866,2.364,3.816,4.102,0.425,3.677,3.677,0.000,0.000,0.000,42.0,0.000,
12.11.2025,14:2:31.065,12.235,12.327,3.363,2.832,250.0,250.0,14.806,3.715,2.832,6.814,5.987,3.708,2.279,3.671,4.094,0.425,3.669,3.669,0.000,0.000,0.000,42.0,0.000,
12.11.2025,14:2:32.059,16.313,11.632,2.697,2.829,250.0,250.0,10.822,3.790,2.820,7.121,6.165,3.827,2.338,3.777,4.094,0.425,3.669,3.669,0.000,0.000,0.000,42.0,0.000,
12.11.2025,14:2:33.058,13.594,12.170,3.121,2.834,250.0,250.0,10.836,3.812,2.893,7.124,6.219,3.855,2.364,3.806,4.094,0.425,3.669,3.669,0.000,0.000,0.000,42.0,0.000,
12.11.2025,14:2:34.060,14.953,14.427,5.430,2.836,250.0,250.0,10.604,3.789,2.758,7.176,6.158,3.818,2.340,3.781,4.094,0.425,3.669,3.669,0.000,0.000,0.000,42.0,0.000,
12.11.2025,14:2:35.061,17.672,14.592,5.631,2.804,250.0,250.0,10.470,3.731,2.758,6.951,6.024,3.733,2.291,3.696,4.094,0.425,3.669,3.669,0.000,0.000,0.000,42.0,0.000,
12.11.2025,14:2:36.060,10.875,14.812,5.678,2.875,250.0,250.0,10.624,3.870,2.660,7.580,6.354,3.941,2.413,3.892,4.094,0.425,3.669,3.669,0.000,0.000,0.000,42.0,0.000,
12.11.2025,14:2:37.054,10.875,12.726,3.765,2.831,250.0,250.0,10.711,3.896,2.832,7.514,6.422,3.974,2.448,3.924,4.094,0.425,3.669,3.660,0.000,0.000,0.000,42.0,0.000,
12.11.2025,14:2:38.059,14.953,12.006,3.067,2.824,250.0,250.0,11.139,4.028,2.832,8.018,6.727,4.169,2.558,4.120,4.094,0.425,3.669,3.669,0.000,0.000,0.000,42.0,0.000,
12.11.2025,14:2:39.060,14.953,12.006,3.067,2.824,250.0,250.0,11.103,3.927,2.611,7.852,6.496,4.031,2.465,3.982,4.085,0.425,3.660,3.660,0.000,0.000,0.000,42.0,0.000,
12.11.2025,14:2:40.062,13.594,12.558,3.521,2.842,250.0,250.0,10.768,3.881,2.697,7.592,6.389,3.964,2.425,3.914,4.085,0.425,3.660,3.660,0.000,0.000,0.000,42.0,0.000,
12.11.2025,14:2:41.059,10.875,12.053,3.093,2.812,250.0,250.0,10.683,3.861,2.709,7.505,6.343,3.929,2.414,3.879,4.085,0.425,3.660,3.660,0.000,0.000,0.000,42.0,0.000,
12.11.2025,14:2:42.061,12.235,12.021,3.086,2.823,250.0,250.0,10.845,3.902,2.758,7.617,6.439,3.989,2.450,3.939,4.085,0.425,3.660,3.660,0.000,0.000,0.000,42.0,0.000,
12.11.2025,14:2:43.068,13.594,12.318,3.338,2.810,250.0,250.0,10.978,3.981,2.881,7.792,6.615,4.107,2.508,4.058,4.094,0.425,3.669,3.660,0.000,0.000,0.000,42.0,0.000,
12.11.2025,14:2:44.068,17.672,12.213,3.235,2.811,250.0,250.0,10.961,3.960,2.893,7.698,6.576,4.076,2.500,4.027,4.085,0.425,3.660,3.660,0.000,0.000,0.000,42.0,0.000,
12.11.2025,14:2:45.068,12.235,15.029,6.004,2.843,250.0,250.0,10.655,3.823,2.893,7.181,6.250,3.876,2.374,3.827,4.085,0.425,3.660,3.660,0.001,0.000,0.000,42.0,0.000,
12.11.2025,14:2:46.061,12.235,12.282,3.293,2.816,250.0,250.0,10.814,3.813,2.819,7.217,6.226,3.864,2.362,3.815,4.085,0.425,3.660,3.660,0.000,0.000,0.000,42.0,0.000,
12.11.2025,14:2:47.062,13.594,12.758,3.760,2.841,250.0,250.0,11.009,3.701,2.832,6.775,5.957,3.693,2.264,3.656,4.085,0.425,3.660,3.660,0.000,0.000,0.000,42.0,0.000,
12.11.2025,14:2:48.058,10.875,13.515,4.459,2.871,250.0,250.0,10.695,3.880,2.807,7.485,6.385,3.962,2.423,3.913,4.083,0.423,3.660,3.660,0.000,0.000,0.000,42.0,0.000,
12.11.2025,14:2:49.054,10.875,12.157,3.224,2.806,250.0,250.0,10.805,4.085,2.783,8.290,6.863,4.256,2.607,4.207,4.093,0.433,3.660,3.660,0.000,0.000,0.000,42.0,0.000,
12.11.2025,14:2:50.057,8.156,12.687,3.694,2.826,250.0,250.0,10.761,3.826,2.685,7.413,6.262,3.888,2.374,3.839,4.074,0.423,3.651,3.651,0.000,0.000,0.000,42.0,0.000,
12.11.2025,14:2:51.057,10.875,11.890,2.935,2.834,250.0,250.0,10.975,3.870,2.795,7.452,6.366,3.940,2.426,3.891,4.083,0.423,3.660,3.660,0.000,0.000,0.000,42.0,0.000,
12.11.2025,14:2:52.059,10.875,12.713,3.781,2.815,250.0,250.0,10.787,4.055,2.918,8.039,6.804,4.220,2.584,4.158,4.083,0.423,3.660,3.660,0.000,0.000,0.000,42.0,0.000,
12.11.2025,14:2:53.070,17.672,11.876,2.871,2.811,250.0,250.0,11.275,3.929,2.979,7.510,6.506,4.034,2.472,3.985,4.074,0.423,3.651,3.651,0.000,0.000,0.000,42.0,0.000,
12.11.2025,14:2:54.058,13.594,11.804,2.818,2.845,250.0,250.0,11.299,3.918,2.905,7.535,6.469,4.009,2.460,3.972,4.083,0.423,3.660,3.660,0.000,0.000,0.000,42.0,0.000,
12.11.2025,14:2:55.062,19.032,17.549,8.213,3.081,250.0,250.0,11.250,3.854,2.746,7.459,6.333,3.923,2.410,3.874,4.074,0.423,3.651,3.651,0.000,0.000,0.000,42.0,0.000,
12.11.2025,14:2:56.058,13.594,16.804,7.569,3.071,250.0,250.0,11.126,3.858,2.844,7.375,6.337,3.937,2.400,3.888,4.073,0.422,3.651,3.651,0.000,0.000,0.000,42.0,0.000,
12.11.2025,14:2:57.060,10.875,12.019,2.996,2.812,250.0,250.0,10.621,3.862,2.623,7.596,6.341,3.940,2.401,3.891,4.083,0.423,3.660,3.660,0.000,0.000,0.000,42.0,0.000,
12.11.2025,14:2:58.060,10.875,13.294,4.243,2.891,250.0,250.0,10.472,3.992,2.783,7.953,6.661,4.125,2.536,4.076,4.065,0.422,3.643,3.651,0.000,0.000,0.000,42.0,0.000,
12.11.2025,14:2:59.059,9.516,12.554,3.564,2.841,250.0,250.0,11.138,3.933,2.808,7.689,6.519,4.042,2.477,3.993,4.074,0.423,3.651,3.651,0.000,0.000,0.000,42.0,0.000,
12.11.2025,14:3:0.059,13.594,12.219,3.273,2.835,250.0,250.0,10.912,3.952,2.795,7.782,6.562,4.063,2.499,4.014,4.074,0.423,3.651,3.651,0.000,0.000,0.000,42.0,0.000,
12.11.2025,14:3:1.065,16.313,12.374,3.326,2.810,250.0,250.0,11.248,3.883,2.820,7.500,6.403,3.977,2.426,3.928,4.066,0.423,3.643,3.643,0.000,0.000,0.000,42.0,0.000,
12.11.2025,14:3:2.070,9.516,14.428,5.415,2.822,250.0,250.0,11.188,3.867,2.746,7.506,6.365,3.940,2.425,3.891,4.073,0.422,3.651,3.651,0.000,0.000,0.000,42.0,0.000,
12.11.2025,14:3:3.070,17.672,12.068,3.138,2.810,250.0,250.0,10.586,4.018,2.746,8.087,6.720,4.160,2.560,4.110,4.074,0.423,3.651,3.651,0.000,0.000,0.000,42.0,0.000,
12.11.2025,14:3:4.064,10.875,12.568,3.537,2.866,250.0,250.0,10.784,3.872,2.685,7.589,6.377,3.952,2.425,3.903,4.074,0.423,3.651,3.643,0.000,0.000,0.000,42.0,0.000,
12.11.2025,14:3:5.061,9.516,14.588,5.506,2.904,250.0,250.0,10.511,3.971,2.820,7.834,6.606,4.096,2.510,4.047,4.074,0.423,3.651,3.651,0.000,0.000,0.000,42.0,0.000,
12.11.2025,14:3:6.058,16.313,11.924,2.909,2.867,250.0,250.0,10.735,3.956,3.003,7.588,6.573,4.074,2.499,4.025,4.074,0.423,3.651,3.651,0.000,0.000,0.000,42.0,0.000,
12.11.2025,14:3:7.068,16.313,12.484,3.437,2.855,250.0,250.0,10.666,3.835,2.869,7.268,6.291,3.902,2.389,3.853,4.066,0.423,3.643,3.643,0.000,0.000,0.000,42.0,0.000,
12.11.2025,14:3:8.061,12.235,12.236,3.203,2.867,250.0,250.0,10.673,4.028,3.151,7.718,6.738,4.181,2.557,4.132,4.074,0.423,3.651,3.651,0.000,0.000,0.000,42.0,0.000,
12.11.2025,14:3:9.069,12.235,11.877,2.886,2.856,250.0,250.0,11.007,3.974,3.126,7.548,6.617,4.108,2.509,4.058,4.066,0.423,3.643,3.643,0.000,0.000,0.000,42.0,0.000,
12.11.2025,14:3:10.069,12.235,12.274,3.264,2.847,250.0,250.0,10.500,3.963,3.016,7.615,6.595,4.085,2.510,4.036,4.066,0.423,3.643,3.643,0.000,0.000,0.000,42.0,0.000,
12.11.2025,14:3:11.061,14.953,11.727,2.741,2.825,250.0,250.0,10.761,3.831,2.759,7.374,6.277,3.890,2.387,3.853,4.066,0.423,3.643,3.643,0.000,0.000,0.000,42.0,0.000,
12.11.2025,14:3:12.071,10.875,12.257,3.300,2.846,250.0,250.0,10.846,3.893,2.795,7.559,6.435,3.982,2.453,3.932,4.066,0.423,3.643,3.643,0.000,0.000,0.000,42.0,0.000,
12.11.2025,14:3:13.056,14.953,11.677,2.660,2.812,250.0,250.0,10.831,3.850,2.783,7.413,6.327,3.927,2.400,3.877,4.066,0.423,3.643,3.643,0.000,0.000,0.000,42.0,0.000,
12.11.2025,14:3:14.060,8.156,11.999,3.009,2.826,250.0,250.0,10.602,3.814,2.807,7.247,6.241,3.877,2.364,3.828,4.066,0.423,3.643,3.643,0.000,0.000,0.000,42.0,0.000,
12.11.2025,14:3:15.064,13.594,14.706,5.660,2.881,250.0,250.0,10.812,3.701,2.857,6.786,5.978,3.702,2.276,3.665,4.057,0.423,3.634,3.634,0.000,0.000,0.000,42.0,0.000,
12.11.2025,14:3:16.064,8.156,13.056,4.066,2.815,250.0,250.0,10.639,3.828,2.844,7.267,6.276,3.888,2.388,3.839,4.066,0.423,3.643,3.643,0.000,0.000,0.000,42.0,0.000,
12.11.2025,14:3:17.061,8.156,13.345,4.348,2.850,250.0,250.0,10.793,3.756,2.771,7.079,6.110,3.787,2.323,3.738,4.057,0.423,3.634,3.634,0.000,0.000,0.000,42.0,0.000,
12.11.2025,14:3:18.061,14.953,11.729,2.812,2.794,250.0,250.0,10.484,3.666,2.795,6.706,5.901,3.659,2.242,3.609,4.057,0.423,3.634,3.634,0.000,0.000,0.000,42.0,0.000,
12.11.2025,14:3:19.063,2.719,12.120,3.126,2.809,250.0,250.0,10.637,3.829,2.844,7.283,6.276,3.889,2.387,3.852,4.057,0.423,3.634,3.643,0.000,0.000,0.000,42.0,0.000,
12.11.2025,14:3:20.059,2.719,12.114,3.184,2.803,250.0,250.0,10.763,3.887,2.807,7.540,6.424,3.975,2.449,3.926,4.057,0.423,3.634,3.634,0.000,0.000,0.000,42.0,0.000,
12.11.2025,14:3:21.057,2.719,11.514,2.521,2.834,250.0,250.0,10.831,3.823,2.820,7.276,6.263,3.888,2.375,3.839,4.066,0.423,3.643,3.634,0.000,0.000,0.000,42.0,0.000,
12.11.2025,14:3:22.061,4.078,11.904,2.932,2.822,250.0,250.0,10.842,3.848,2.857,7.346,6.327,3.927,2.400,3.878,4.057,0.423,3.634,3.634,0.000,0.000,0.000,42.0,0.000,
12.11.2025,14:3:23.056,9.516,11.782,2.842,2.804,250.0,250.0,10.684,3.732,2.807,6.945,6.058,3.755,2.303,3.706,4.057,0.423,3.634,3.634,0.000,0.000,0.000,42.0,0.000,
12.11.2025,14:3:24.055,8.156,12.078,3.099,2.834,250.0,250.0,10.570,3.833,2.832,7.312,6.296,3.898,2.398,3.849,4.057,0.423,3.634,3.634,0.000,0.000,0.000,42.0,0.000,
12.11.2025,14:3:25.070,8.156,13.953,4.932,2.869,250.0,250.0,10.841,3.817,2.734,7.351,6.253,3.878,2.375,3.841,4.054,0.420,3.634,3.634,0.000,0.000,0.000,42.0,0.000,
12.11.2025,14:3:26.069,4.078,12.121,3.133,2.823,250.0,250.0,10.367,3.875,2.770,7.532,6.393,3.959,2.434,3.909,4.057,0.423,3.634,3.634,0.000,0.000,0.000,42.0,0.000,
12.11.2025,14:3:27.067,9.516,12.613,3.548,2.874,250.0,250.0,10.400,3.825,2.758,7.349,6.276,3.889,2.387,3.840,4.057,0.423,3.634,3.634,0.000,0.000,0.000,42.0,0.000,
12.11.2025,14:3:28.057,6.797,12.574,3.596,2.849,250.0,250.0,10.510,3.870,2.795,7.500,6.388,3.963,2.425,3.914,4.046,0.420,3.626,3.626,0.000,0.000,0.000,42.0,0.000,
12.11.2025,14:3:29.059,6.797,13.452,4.446,2.823,250.0,250.0,12.325,3.946,2.869,7.709,6.557,4.072,2.485,4.023,4.057,0.423,3.634,3.634,0.000,0.000,0.000,42.0,0.000,
12.11.2025,14:3:30.062,2.719,11.966,2.969,2.839,250.0,250.0,13.031,3.923,2.917,7.568,6.507,4.035,2.472,3.986,4.057,0.423,3.634,3.634,0.000,0.000,0.000,42.0,0.000,
12.11.2025,14:3:31.059,4.078,11.930,2.948,2.825,250.0,250.0,10.738,3.942,3.089,7.472,6.555,4.059,2.496,4.010,4.054,0.420,3.634,3.634,0.000,0.000,0.000,42.0,0.000,
12.11.2025,14:3:32.055,5.438,12.522,3.525,2.862,250.0,250.0,10.710,3.911,2.967,7.473,6.474,4.012,2.462,3.975,4.057,0.423,3.634,3.634,0.000,0.000,0.000,42.0,0.000,
12.11.2025,14:3:33.054,5.438,12.179,3.159,2.850,250.0,250.0,10.557,3.929,2.893,7.620,6.518,4.046,2.472,3.997,4.054,0.420,3.634,3.634,0.000,0.000,0.000,42.0,0.000,
12.11.2025,14:3:34.066,6.797,12.319,3.292,2.824,250.0,250.0,10.516,3.929,2.673,7.323,6.211,3.845,2.366,3.795,4.046,0.420,3.626,3.626,0.001,0.000,0.000,42.0,0.000,
12.11.2025,14:3:35.061,4.078,13.412,4.437,2.851,250.0,250.0,10.599,3.793,2.783,7.612,6.445,4.005,2.440,3.956,4.054,0.420,3.634,3.634,0.000,0.000,0.000,42.0,0.000,
12.11.2025,14:3:36.064,12.235,12.473,3.450,2.824,250.0,250.0,10.599,3.898,2.783,7.612,6.445,4.005,2.440,3.956,4.054,0.420,3.634,3.634,0.000,0.000,0.000,42.0,0.000,
12.11.2025,14:3:37.056,12.235,12.482,3.442,2.890,250.0,250.0,10.596,3.774,2.857,7.065,6.164,3.822,2.342,3.772,4.046,0.420,3.626,3.626,0.000,0.000,0.000,42.0,0.000,
12.11.2025,14:3:38.070,5.438,12.220,3.197,2.824,250.0,250.0,10.350,3.793,2.857,7.138,6.211,3.845,2.366,3.795,4.046,0.420,3.626,3.626,0.000,0.000,0.000,42.0,0.000,
12.11.2025,14:3:39.066,2.719,11.857,2.924,2.808,250.0,250.0,10.494,3.716,2.857,6.852,6.019,3.730,2.289,3.693,4.045,0.419,3.626,3.634,0.000,0.000,0.000,42.0,0.000,
12.11.2025,14:3:40.068,2.719,11.857,2.924,2.808,250.0,250.0,10.366,3.715,2.881,6.829,6.016,3.728,2.288,3.691,4.046,0.420,3.626,3.626,0.000,0.000,0.000,42.0,0.000,
12.11.2025,14:3:41.061,4.078,11.738,2.787,2.825,250.0,250.0,10.396,3.774,2.918,7.008,6.157,3.817,2.340,3.768,4.054,0.420,3.634,3.626,0.000,0.000,0.000,42.0,0.000,
12.11.2025,14:3:42.066,6.797,11.793,2.814,2.808,250.0,250.0,10.669,3.726,2.808,6.942,6.043,3.754,2.289,3.705,4.046,0.420,3.626,3.626,0.000,0.000,0.000,42.0,0.000,
12.11.2025,14:3:43.063,4.078,11.786,2.830,2.810,250.0,250.0,10.503,3.683,2.722,6.858,5.942,3.686,2.256,3.649,4.046,0.420,3.626,3.626,0.000,0.000,0.000,42.0,0.000,
12.11.2025,14:3:44.057,4.078,12.024,3.048,2.814,250.0,250.0,10.306,3.789,2.746,7.241,6.196,3.843,2.353,3.794,4.046,0.420,3.626,3.626,0.000,0.000,0.000,42.0,0.000,
12.11.2025,14:3:45.062,12.235,12.641,3.671,2.835,250.0,250.0,10.698,4.536,2.991,9.849,7.963,4.935,3.028,4.873,4.046,0.420,3.626,3.626,0.000,0.000,0.000,42.0,0.000,
12.11.2025,14:3:46.057,12.235,13.920,4.863,2.840,250.0,250.0,10.658,4.286,2.918,8.976,7.375,4.568,2.807,4.519,4.038,0.420,3.618,3.618,0.000,0.000,0.000,42.0,0.000,
12.11.2025,14:3:47.056,2.719,12.350,3.399,2.819,250.0,250.0,10.762,4.625,3.003,10.179,8.170,5.069,3.101,5.008,4.046,0.420,3.626,3.626,0.000,0.000,0.000,42.0,0.000,
12.11.2025,14:3:48.054,10.875,13.176,4.130,2.885,250.0,250.0,10.664,4.688,2.893,10.535,8.332,5.169,3.163,5.095,4.038,0.420,3.618,3.618,0.000,0.000,0.000,42.0,0.000,
12.11.2025,14:3:49.063,8.156,12.733,3.750,2.804,250.0,250.0,10.896,4.628,2.832,10.373,8.185,5.071,3.114,5.009,4.038,0.420,3.618,3.618,0.000,0.000,0.000,42.0,0.000,
12.11.2025,14:3:50.061,9.516,12.128,3.167,2.809,250.0,250.0,10.816,4.331,2.746,9.318,7.486,4.642,2.844,4.580,4.038,0.420,3.618,3.618,0.000,0.000,0.000,42.0,0.000,
12.11.2025,14:3:51.064,14.953,13.085,4.108,2.785,250.0,250.0,10.568,4.390,2.734,9.561,7.616,4.724,2.892,4.675,4.038,0.420,3.618,3.618,0.000,0.000,0.000,42.0,0.000,
12.11.2025,14:3:52.061,10.875,14.336,5.401,2.783,250.0,250.0,10.512,4.257,2.795,8.976,7.305,4.533,2.772,4.472,4.046,0.420,3.626,3.626,0.000,0.000,0.000,42.0,0.000,
12.11.2025,14:3:53.059,2.719,11.874,2.907,2.804,250.0,250.0,10.686,4.594,2.954,10.113,8.108,5.020,3.088,4.959,4.038,0.420,3.618,3.618,0.000,0.000,0.000,42.0,0.000,
12.11.2025,14:3:54.068,32.625,11.713,2.765,2.818,250.0,250.0,10.880,3.848,3.077,7.145,6.337,3.937,2.400,3.888,4.038,0.420,3.618,3.618,0.000,0.000,0.000,42.0,0.000,
12.11.2025,14:3:55.061,20.391,13.675,4.677,2.871,250.0,250.0,10.827,3.872,2.979,7.326,6.399,3.963,2.436,3.914,4.038,0.420,3.618,3.626,0.000,0.000,0.000,42.0,0.000,
12.11.2025,14:3:56.057,14.953,14.719,5.568,2.937,250.0,250.0,11.076,3.909,2.954,7.496,6.486,4.024,2.462,3.975,4.038,0.420,3.618,3.618,0.000,0.000,0.000,42.0,0.000,
12.11.2025,14:3:57.070,9.516,20.732,11.401,3.153,250.0,250.0,10.973,3.798,2.807,7.219,6.219,3.855,2.364,3.818,4.038,0.420,3.618,3.618,0.000,0.000,0.000,42.0,0.000,
12.11.2025,14:3:58.062,10.875,14.087,4.984,2.890,250.0,250.0,10.818,3.729,2.820,6.946,6.055,3.754,2.301,3.717,4.038,0.420,3.618,3.618,0.000,0.000,0.000,42.0,0.000,
12.11.2025,14:3:59.061,10.875,11.979,3.028,2.811,250.0,250.0,10.646,3.778,2.722,7.228,6.180,3.828,2.352,3.779,4.038,0.420,3.618,3.618,0.000,0.000,0.000,42.0,0.000,
12.11.2025,14:4:0.057,9.516,12.344,3.358,2.812,250.0,250.0,10.588,3.775,2.795,7.145,6.167,3.828,2.339,3.779,4.038,0.420,3.618,3.618,0.000,0.000,0.000,42.0,0.000,
12.11.2025,14:4:1.068,9.516,12.501,3.588,2.776,250.0,250.0,10.691,3.785,2.734,7.250,6.189,3.839,2.350,3.790,4.038,0.420,3.618,3.618,0.000,0.000,0.000,42.0,0.000,
12.11.2025,14:4:2.071,2.719,13.529,4.541,2.810,250.0,250.0,10.793,3.686,2.881,6.729,5.953,3.690,2.263,3.653,4.038,0.420,3.618,3.618,0.000,0.000,0.000,42.0,0.000,
12.11.2025,14:4:3.069,20.391,12.361,3.376,2.795,250.0,250.0,10.412,3.809,2.832,7.239,6.248,3.882,2.366,3.833,4.038,0.420,3.618,3.618,0.000,0.000,0.000,42.0,0.000,
12.11.2025,14:4:4.057,9.516,12.252,3.340,2.798,250.0,250.0,10.766,3.812,2.832,7.253,6.257,3.880,2.377,3.831,4.038,0.420,3.618,3.618,0.000,0.000,0.000,42.0,0.000,
12.11.2025,14:4:5.057,8.156,14.125,5.122,2.861,250.0,250.0,10.811,3.761,2.709,7.180,6.134,3.806,2.328,3.756,4.038,0.420,3.618,3.618,0.000,0.000,0.000,42.0,0.000,
12.11.2025,14:4:6.068,10.875,12.164,3.144,2.795,250.0,250.0,10.619,3.767,2.771,7.139,6.147,3.819,2.328,3.770,4.038,0.420,3.618,3.618,0.000,0.000,0.000,42.0,0.000,
12.11.2025,14:4:7.063,9.516,12.155,3.252,2.818,250.0,250.0,10.430,3.810,2.881,7.213,6.252,3.877,2.375,3.840,4.028,0.418,3.610,3.610,0.000,0.000,0.000,42.0,0.000,
12.11.2025,14:4:8.068,10.875,12.620,3.524,2.873,250.0,250.0,10.631,3.779,2.783,7.186,6.181,3.830,2.351,3.793,4.030,0.420,3.610,3.610,0.000,0.000,0.000,42.0,0.000,
12.11.2025,14:4:9.071,8.156,11.969,3.030,2.774,250.0,250.0,10.392,3.820,2.795,7.320,6.284,3.893,2.391,3.844,4.030,0.420,3.610,3.610,0.000,0.000,0.000,42.0,0.000,
12.11.2025,14:4:10.067,10.875,12.694,3.736,2.807,250.0,250.0,10.497,3.812,2.844,7.250,6.256,3.879,2.377,3.843,4.028,0.418,3.610,3.610,0.000,0.000,0.000,42.0,0.000,
12.11.2025,14:4:11.057,10.875,11.320,2.367,2.803,250.0,250.0,10.455,3.916,2.661,7.819,6.508,4.030,2.478,3.981,4.038,0.420,3.618,3.610,0.000,0.000,0.000,42.0,0.000,
12.11.2025,14:4:12.062,10.875,11.773,2.860,2.781,250.0,250.0,10.600,3.867,2.820,7.483,6.391,3.965,2.426,3.916,4.030,0.420,3.610,3.610,0.000,0.000,0.000,42.0,0.000,
12.11.2025,14:4:13.061,5.438,11.836,2.896,2.788,250.0,250.0,10.656,3.900,2.783,7.646,6.466,4.015,2.451,3.966,4.030,0.420,3.610,3.610,0.000,0.000,0.000,42.0,0.000,
12.11.2025,14:4:14.055,9.516,11.985,2.956,2.821,250.0,250.0,10.758,3.975,2.820,7.891,6.653,4.127,2.526,4.065,4.030,0.420,3.610,3.610,0.000,0.000,0.000,42.0,0.000,
12.11.2025,14:4:15.057,12.235,13.849,4.806,2.867,250.0,250.0,11.013,3.922,2.795,7.729,6.525,4.050,2.475,4.001,4.019,0.418,3.601,3.610,0.000,0.000,0.000,42.0,0.000,
12.11.2025,14:4:16.060,4.078,11.694,2.768,2.805,250.0,250.0,11.002,3.877,2.844,7.497,6.416,3.978,2.438,3.928,4.028,0.418,3.610,3.610,0.000,0.000,0.000,42.0,0.000,
12.11.2025,14:4:17.058,12.235,11.808,2.830,2.811,250.0,250.0,10.771,3.904,3.065,7.380,6.477,4.014,2.463,3.977,4.028,0.418,3.610,3.610,0.000,0.000,0.000,42.0,0.000,
12.11.2025,14:4:18.060,8.156,13.103,4.074,2.858,250.0,250.0,10.806,3.869,2.869,7.455,6.402,3.977,2.425,3.928,4.019,0.418,3.601,3.601,0.000,0.000,0.000,42.0,0.000,
12.11.2025,14:4:19.055,8.156,13.103,4.074,2.858,250.0,250.0,10.642,3.943,2.771,7.819,6.570,4.080,2.490,4.031,4.030,0.420,3.610,3.610,0.000,0.000,0.000,42.0,0.000,
12.11.2025,14:4:20.055,19.032,12.254,3.296,2.791,250.0,250.0,10.532,3.714,2.611,7.115,6.030,3.741,2.289,3.692,4.028,0.418,3.610,3.610,0.005,0.000,0.000,42.0,0.000,
12.11.2025,14:4:21.060,12.235,12.878,3.884,2.820,250.0,250.0,10.392,3.809,2.697,7.390,6.263,3.883,2.380,3.834,4.019,0.418,3.601,3.601,0.000,0.000,0.000,42.0,0.000,
12.11.2025,14:4:22.066,13.594,11.594,2.631,2.803,250.0,250.0,10.827,3.919,2.832,7.668,6.516,4.040,2.476,3.991,4.030,0.420,3.610,3.610,0.000,0.000,0.000,42.0,0.000,
12.11.2025,14:4:23.066,9.516,11.412,2.482,2.815,250.0,250.0,10.865,3.822,2.881,7.258,6.293,3.904,2.389,3.854,4.019,0.418,3.601,3.601,0.000,0.000,0.000,42.0,0.000,
12.11.2025,14:4:24.056,8.156,11.441,2.432,2.790,250.0,250.0,10.909,3.814,2.857,7.253,6.275,3.896,2.379,3.846,4.019,0.418,3.601,3.601,0.000,0.000,0.000,42.0,0.000,
12.11.2025,14:4:25.058,9.516,12.112,3.217,2.810,250.0,250.0,10.835,3.870,2.832,7.495,6.402,3.977,2.425,3.928,4.019,0.418,3.601,3.601,0.000,0.000,0.000,42.0,0.000,
12.11.2025,14:4:26.069,12.235,13.659,4.593,2.850,250.0,250.0,10.959,3.784,2.783,7.212,6.206,3.842,2.364,3.792,4.019,0.418,3.601,3.601,0.000,0.000,0.000,42.0,0.000,
12.11.2025,14:4:27.060,10.875,12.659,3.681,2.804,250.0,250.0,10.629,3.823,2.709,7.441,6.297,3.899,2.398,3.850,4.019,0.418,3.601,3.601,0.000,0.000,0.000,42.0,0.000,
12.11.2025,14:4:28.067,10.875,12.330,3.339,2.813,250.0,250.0,10.678,3.746,2.636,7.209,6.114,3.797,2.317,3.748,4.019,0.418,3.601,3.601,0.000,0.000,0.000,42.0,0.000,
12.11.2025,14:4:29.064,4.078,13.152,4.115,2.859,250.0,250.0,10.467,3.704,2.660,7.028,6.013,3.734,2.279,3.685,4.019,0.418,3.601,3.601,0.000,0.000,0.000,42.0,0.000,
12.11.2025,14:4:30.059,2.719,11.661,2.657,2.813,250.0,250.0,10.928,3.887,2.734,7.654,6.445,4.005,2.440,3.955,4.019,0.418,3.601,3.601,0.000,0.000,0.000,42.0,0.000,
12.11.2025,14:4:31.060,8.156,12.985,4.010,2.805,250.0,250.0,10.659,3.907,2.697,7.770,6.491,4.028,2.463,3.979,4.019,0.418,3.601,3.601,0.000,0.000,0.000,42.0,0.000,
12.11.2025,14:4:32.065,4.078,11.924,2.985,2.828,250.0,250.0,10.797,3.827,2.624,7.533,6.308,3.906,2.402,3.857,4.019,0.418,3.601,3.601,0.001,0.000,0.000,42.0,0.000,
12.11.2025,14:4:33.061,4.078,11.587,2.589,2.841,250.0,250.0,10.967,3.982,2.661,8.093,6.670,4.142,2.528,4.093,4.019,0.418,3.601,3.601,0.000,0.000,0.000,42.0,0.000,
12.11.2025,14:4:34.056,4.078,11.904,2.932,2.829,250.0,250.0,10.845,3.919,2.636,7.875,6.523,4.044,2.479,3.995,4.019,0.418,3.601,3.601,0.000,0.000,0.000,42.0,0.000,
12.11.2025,14:4:35.057,2.719,12.023,3.027,2.828,250.0,250.0,10.686,3.876,2.759,7.588,6.422,3.981,2.441,3.932,4.019,0.418,3.601,3.601,0.000,0.000,0.000,42.0,0.000,
12.11.2025,14:4:36.067,6.797,14.166,5.141,2.869,250.0,250.0,10.755,3.853,2.759,7.496,6.372,3.944,2.428,3.894,4.019,0.418,3.601,3.601,0.000,0.000,0.000,42.0,0.000,
12.11.2025,14:4:37.065,4.078,12.082,3.110,2.829,250.0,250.0,10.646,3.965,2.807,7.876,6.631,4.117,2.514,4.067,4.019,0.418,3.601,3.601,0.000,0.000,0.000,42.0,0.000,
12.11.2025,14:4:38.065,2.719,12.257,3.333,2.794,250.0,250.0,10.669,3.743,2.795,7.050,6.103,3.790,2.313,3.740,4.019,0.418,3.601,3.601,0.000,0.000,0.000,42.0,0.000,
12.11.2025,14:4:39.065,4.078,12.570,3.514,2.861,250.0,250.0,10.726,3.894,3.089,7.333,6.461,4.012,2.449,3.962,4.019,0.418,3.601,3.601,0.000,0.000,0.000,42.0,0.000,
12.11.2025,14:4:40.060,10.875,11.481,2.585,2.814,250.0,250.0,10.660,3.855,2.795,7.469,6.370,3.955,2.415,3.906,4.019,0.418,3.601,3.601,0.001,0.000,0.000,42.0,0.000,
12.11.2025,14:4:41.058,8.156,12.171,3.169,2.824,250.0,250.0,11.130,4.011,3.016,7.852,6.743,4.184,2.559,4.122,4.019,0.418,3.601,3.601,0.000,0.000,0.000,42.0,0.000,
12.11.2025,14:4:42.055,2.719,11.672,2.697,2.805,250.0,250.0,11.111,3.904,2.734,7.723,6.482,4.017,2.465,3.980,4.019,0.418,3.601,3.601,0.000,0.000,0.000,42.0,0.000,
12.11.2025,14:4:43.055,5.438,11.877,2.932,2.821,250.0,250.0,11.167,4.000,2.771,8.051,6.711,4.162,2.549,4.113,4.019,0.418,3.601,3.601,0.000,0.000,0.000,42.0,0.000,
12.11.2025,14:4:44.058,5.438,12.066,3.094,2.806,250.0,250.0,11.099,3.946,2.893,7.727,6.584,4.086,2.498,4.036,4.019,0.418,3.601,3.601,0.000,0.000,0.000,42.0,0.000,
12.11.2025,14:4:45.054,6.797,12.870,3.902,2.811,250.0,250.0,11.261,3.892,2.918,7.498,6.460,3.999,2.461,3.950,4.019,0.418,3.601,3.601,0.000,0.000,0.000,42.0,0.000,
12.11.2025,14:4:46.061,13.594,13.356,4.351,2.862,250.0,250.0,11.356,3.993,2.820,7.975,6.696,4.156,2.540,4.106,4.019,0.418,3.601,3.601,0.000,0.000,0.000,42.0,0.000,
12.11.2025,14:4:47.066,2.719,12.518,3.554,2.796,250.0,250.0,11.236,4.082,2.918,8.218,6.912,4.288,2.624,4.226,4.019,0.418,3.601,3.601,0.000,0.000,0.000,42.0,0.000,
12.11.2025,14:4:48.064,4.078,12.328,3.303,2.823,250.0,250.0,11.008,3.938,2.906,7.688,6.563,4.076,2.487,4.026,4.019,0.418,3.601,3.593,0.000,0.000,0.000,42.0,0.000,
12.11.2025,14:4:49.066,6.797,12.781,3.752,2.835,250.0,250.0,10.873,3.854,2.820,7.448,6.367,3.953,2.414,3.904,4.019,0.418,3.601,3.601,0.000,0.000,0.000,42.0,0.000,
12.11.2025,14:4:50.068,4.078,11.923,3.010,2.778,250.0,250.0,10.938,3.934,2.783,7.789,6.556,4.067,2.489,4.018,4.019,0.418,3.601,3.601,0.000,0.000,0.000,42.0,0.000,
12.11.2025,14:4:51.060,6.797,11.811,2.866,2.797,250.0,250.0,10.889,3.784,2.648,7.357,6.208,3.843,2.365,3.793,4.019,0.418,3.601,3.593,0.000,0.000,0.000,42.0,0.000,
12.11.2025,14:4:52.062,2.719,11.789,2.859,2.792,250.0,250.0,10.838,3.969,2.722,7.980,6.642,4.116,2.526,4.066,4.019,0.418,3.601,3.601,0.000,0.000,0.000,42.0,0.000,
12.11.2025,14:4:53.063,2.719,12.387,3.488,2.760,250.0,250.0,10.740,3.898,2.795,7.644,6.476,4.013,2.463,3.964,4.011,0.418,3.593,3.601,0.000,0.000,0.000,42.0,0.000,
12.11.2025,14:4:54.059,6.797,12.436,3.558,2.753,250.0,250.0,10.544,3.960,2.783,7.892,6.622,4.099,2.523,4.050,4.019,0.418,3.601,3.593,0.000,0.000,0.000,42.0,0.000,
12.11.2025,14:4:55.056,2.719,12.190,3.282,2.790,250.0,250.0,10.832,3.870,2.734,7.592,6.408,3.968,2.440,3.918,4.019,0.418,3.601,3.601,0.000,0.000,0.000,42.0,0.000,
12.11.2025,14:4:56.067,4.078,13.832,4.815,2.851,250.0,250.0,10.702,3.819,2.771,7.367,6.293,3.904,2.389,3.854,4.011,0.418,3.593,3.593,0.000,0.000,0.000,42.0,0.000,
12.11.2025,14:4:57.063,4.078,12.244,3.225,2.812,250.0,250.0,10.719,3.883,2.660,7.726,6.438,4.001,2.437,3.952,4.011,0.418,3.593,3.593,0.000,0.000,0.000,42.0,0.000,
12.11.2025,14:4:58.064,21.750,25.662,16.141,3.338,250.0,250.0,10.627,3.883,2.660,7.721,6.446,3.993,2.453,3.944,4.011,0.418,3.593,3.593,0.000,0.000,0.000,42.0,0.000,
12.11.2025,14:4:59.063,10.875,13.518,4.436,2.876,250.0,250.0,10.707,3.906,2.648,7.824,6.494,4.030,2.464,3.981,4.011,0.418,3.593,3.593,0.000,0.000,0.000,42.0,0.000,
12.11.2025,14:5:0.059,4.078,14.261,5.177,2.898,250.0,250.0,10.702,3.900,2.722,7.716,6.478,4.015,2.463,3.965,4.019,0.418,3.601,3.601,0.000,0.000,0.000,42.0,0.000,
12.11.2025,14:5:1.057,2.719,12.100,3.146,2.803,250.0,250.0,10.654,3.843,2.820,7.406,6.351,3.934,2.417,3.885,4.011,0.418,3.593,3.593,0.000,0.000,0.000,42.0,0.000,
12.11.2025,14:5:2.054,2.719,12.881,3.877,2.883,250.0,250.0,10.468,3.869,2.869,7.463,6.409,3.981,2.428,3.931,4.011,0.418,3.593,3.593,0.000,0.000,0.000,42.0,0.000,
12.11.2025,14:5:3.061,2.719,13.332,4.344,2.822,250.0,250.0,10.521,3.908,2.906,7.583,6.495,4.035,2.460,3.986,4.011,0.418,3.593,3.593,0.000,0.000,0.000,42.0,0.000,
12.11.2025,14:5:4.065,2.719,12.262,3.313,2.815,250.0,250.0,10.503,3.846,2.746,7.497,6.354,3.941,2.413,3.892,4.011,0.418,3.593,3.593,0.000,0.000,0.000,42.0,0.000,
12.11.2025,14:5:5.066,4.078,12.502,3.465,2.831,250.0,250.0,10.089,3.846,2.575,6.946,5.909,3.664,2.245,3.627,4.011,0.418,3.593,3.593,0.000,0.000,0.000,42.0,0.000,
12.11.2025,14:5:6.069,12.235,13.601,4.545,2.868,250.0,250.0,9.962,3.658,2.538,6.895,5.854,3.636,2.218,3.587,4.011,0.418,3.593,3.593,0.001,0.000,0.000,42.0,0.000,
12.11.2025,14:5:7.068,8.156,15.060,6.148,2.762,250.0,250.0,9.962,3.634,2.538,6.895,5.854,3.636,2.218,3.587,4.011,0.418,3.593,3.593,0.000,0.000,0.000,42.0,0.000,
12.11.2025,14:5:8.069,24.469,13.947,4.883,2.880,250.0,250.0,10.214,3.780,2.795,7.196,6.203,3.840,2.363,3.790,4.011,0.418,3.593,3.593,0.000,0.000,0.000,42.0,0.000,
12.11.2025,14:5:9.058,23.110,27.168,17.617,3.290,250.0,250.0,10.650,3.862,2.771,7.532,6.394,3.967,2.427,3.917,4.011,0.418,3.593,3.593,0.000,0.000,0.000,42.0,0.000,
12.11.2025,14:5:10.060,24.469,35.018,25.036,3.647,250.0,250.0,10.787,3.705,2.734,6.972,6.019,3.730,2.289,3.693,4.011,0.418,3.593,3.593,0.000,0.000,0.000,42.0,0.000,
12.11.2025,14:5:11.064,12.235,36.572,26.508,3.744,250.0,250.0,10.734,3.666,2.722,6.841,5.932,3.680,2.252,3.631,4.011,0.418,3.593,3.584,0.000,0.000,0.000,42.0,0.000,
12.11.2025,14:5:12.065,19.032,27.836,18.440,3.204,250.0,250.0,10.401,3.777,2.685,7.297,6.190,3.840,2.350,3.791,4.011,0.418,3.593,3.593,0.000,0.000,0.000,42.0,0.000,
12.11.2025,14:5:13.066,4.078,20.315,10.763,3.164,250.0,250.0,10.337,3.751,2.746,7.144,6.132,3.805,2.327,3.756,4.002,0.418,3.584,3.593,0.000,0.000,0.000,42.0,0.000,
12.11.2025,14:5:14.062,2.719,12.022,3.050,2.842,250.0,250.0,10.360,3.747,2.685,7.186,6.122,3.794,2.328,3.745,4.011,0.418,3.593,3.584,0.000,0.000,0.000,42.0,0.000,
12.11.2025,14:5:15.059,4.078,12.236,3.276,2.831,250.0,250.0,10.429,3.786,2.795,7.220,6.209,3.856,2.353,3.807,4.011,0.418,3.593,3.593,0.000,0.000,0.000,42.0,0.000,
12.11.2025,14:5:16.056,2.719,14.622,5.496,2.877,250.0,250.0,10.654,3.725,2.759,7.032,6.075,3.771,2.304,3.722,4.002,0.418,3.584,3.584,0.000,0.000,0.000,42.0,0.000,
12.11.2025,14:5:17.067,4.078,11.691,2.742,2.838,250.0,250.0,10.466,3.850,2.808,7.456,6.363,3.951,2.412,3.901,4.011,0.418,3.593,3.593,0.000,0.000,0.000,42.0,0.000,
12.11.2025,14:5:18.061,14.953,13.631,4.547,2.877,250.0,250.0,11.002,4.620,2.869,10.324,8.188,5.073,3.115,5.012,4.011,0.418,3.593,3.593,0.000,0.000,0.000,42.0,0.000,
12.11.2025,14:5:19.063,4.078,11.397,2.469,2.822,250.0,250.0,10.835,4.492,2.905,9.822,7.884,4.895,2.989,4.833,4.002,0.418,3.584,3.584,0.000,0.000,0.000,42.0,0.000,
12.11.2025,14:5:20.060,6.797,11.942,2.903,2.849,250.0,250.0,10.914,4.306,2.820,9.183,7.447,4.616,2.831,4.554,4.011,0.418,3.593,3.593,0.000,0.000,0.000,42.0,0.000,
12.11.2025,14:5:21.059,6.797,11.989,3.044,2.805,250.0,250.0,11.001,4.375,2.709,9.564,7.611,4.717,2.894,4.667,4.002,0.418,3.584,3.584,0.000,0.000,0.000,42.0,0.000,
12.11.2025,14:5:22.060,2.719,12.183,3.239,2.817,250.0,250.0,10.955,4.623,2.868,10.361,8.201,5.078,3.123,5.016,4.002,0.418,3.584,3.584,0.000,0.000,0.000,42.0,0.000,
12.11.2025,14:5:23.056,2.719,11.606,2.656,2.812,250.0,250.0,10.910,4.560,2.807,10.183,8.046,4.995,3.051,4.933,4.002,0.418,3.584,3.584,0.000,0.000,0.000,42.0,0.000,
12.11.2025,14:5:24.059,5.438,12.022,3.062,2.804,250.0,250.0,10.872,4.466,2.918,9.708,7.827,4.861,2.966,4.799,3.999,0.415,3.584,3.584,0.000,0.000,0.000,42.0,0.000,
12.11.2025,14:5:25.059,2.719,11.703,2.709,2.793,250.0,250.0,11.040,4.758,3.089,10.647,8.517,5.280,3.237,5.219,4.002,0.418,3.584,3.584,0.000,0.000,0.000,42.0,0.000,
12.11.2025,14:5:26.057,4.078,14.176,5.161,2.854,250.0,250.0,11.284,4.045,3.041,7.978,6.828,4.232,2.596,4.183,4.002,0.418,3.584,3.584,0.000,0.000,0.000,42.0,0.000,
12.11.2025,14:5:27.054,2.719,12.390,3.419,2.816,250.0,250.0,11.309,3.856,2.881,7.419,6.386,3.962,2.424,3.913,3.999,0.415,3.584,3.575,0.000,0.000,0.000,42.0,0.000,
12.11.2025,14:5:28.056,2.719,13.695,4.620,2.899,250.0,250.0,11.306,3.941,2.869,7.741,6.594,4.080,2.514,4.030,4.002,0.418,3.584,3.584,0.000,0.000,0.000,42.0,0.000,
12.11.2025,14:5:29.053,2.719,12.096,3.140,2.814,250.0,250.0,11.235,3.797,2.759,7.313,6.243,3.879,2.364,3.830,3.999,0.415,3.584,3.584,0.000,0.000,0.000,42.0,0.000,
12.11.2025,14:5:30.055,2.719,12.547,3.513,2.817,250.0,250.0,10.882,3.797,2.759,7.322,6.248,3.882,2.366,3.833,3.990,0.415,3.575,3.584,0.001,0.000,0.000,42.0,0.000,
12.11.2025,14:5:31.067,2.719,12.648,3.720,2.811,250.0,250.0,11.060,3.936,2.918,7.682,6.576,4.076,2.500,4.027,3.999,0.415,3.584,3.584,0.000,0.000,0.000,42.0,0.000,
12.11.2025,14:5:32.066,2.719,12.404,3.467,2.814,250.0,250.0,11.193,3.871,2.746,7.610,6.430,3.979,2.451,3.930,3.990,0.415,3.575,3.584,0.001,0.000,0.000,42.0,0.000,
12.11.2025,14:5:33.061,2.719,11.929,2.891,2.817,250.0,250.0,10.854,3.763,2.820,7.128,6.173,3.832,2.341,3.782,3.990,0.415,3.575,3.575,0.000,0.000,0.000,42.0,0.000,
12.11.2025,14:5:34.063,20.391,12.526,3.598,2.800,250.0,250.0,10.792,3.741,2.893,6.967,6.121,3.793,2.328,3.744,3.990,0.415,3.575,3.584,0.000,0.000,0.000,42.0,0.000,
12.11.2025,14:5:35.061,2.719,12.253,3.272,2.831,250.0,250.0,10.812,3.905,2.820,7.670,6.506,4.041,2.465,3.992,3.990,0.415,3.575,3.575,0.001,0.000,0.000,42.0,0.000,
12.11.2025,14:5:36.059,6.797,15.131,6.109,2.827,250.0,250.0,10.589,3.805,2.832,7.278,6.269,3.892,2.377,3.843,3.990,0.415,3.575,3.575,0.000,0.000,0.000,42.0,0.000,
12.11.2025,14:5:37.071,20.391,12.053,3.120,2.796,250.0,250.0,10.770,3.753,2.746,7.147,6.148,3.807,2.341,3.758,3.999,0.415,3.584,3.584,0.000,0.000,0.000,42.0,0.000,
12.11.2025,14:5:38.060,2.719,13.727,4.702,2.858,250.0,250.0,10.362,3.789,2.783,7.264,6.234,3.869,2.365,3.820,3.990,0.415,3.575,3.575,0.000,0.000,0.000,42.0,0.000,
12.11.2025,14:5:39.060,2.719,12.079,3.112,2.792,250.0,250.0,10.555,3.921,2.869,7.678,6.536,4.062,2.474,4.013,3.999,0.415,3.584,3.584,0.000,0.000,0.000,42.0,0.000,
12.11.2025,14:5:40.060,8.156,13.710,4.735,2.814,250.0,250.0,10.950,3.926,2.869,7.701,6.558,4.068,2.490,4.018,3.990,0.415,3.575,3.575,0.000,0.000,0.000,42.0,0.000,
12.11.2025,14:5:41.060,13.594,12.511,3.492,2.806,250.0,250.0,10.884,3.956,2.893,7.796,6.628,4.115,2.513,4.065,3.990,0.415,3.575,3.575,0.000,0.000,0.000,42.0,0.000,
12.11.2025,14:5:42.056,8.156,12.523,3.577,2.823,250.0,250.0,10.803,3.991,2.844,7.968,6.703,4.165,2.538,4.115,3.999,0.415,3.584,3.584,0.000,0.000,0.000,42.0,0.000,
12.11.2025,14:5:43.056,27.188,11.952,3.029,2.792,250.0,250.0,10.615,3.964,2.832,7.881,6.653,4.127,2.526,4.065,3.990,0.415,3.575,3.575,0.000,0.000,0.000,42.0,0.000,
12.11.2025,14:5:44.062,9.516,13.221,4.302,2.797,250.0,250.0,10.663,3.877,2.734,7.646,6.447,3.994,2.453,3.944,3.990,0.415,3.575,3.575,0.000,0.000,0.000,42.0,0.000,
12.11.2025,14:5:45.061,2.719,14.261,5.208,2.861,250.0,250.0,10.459,3.976,2.918,7.850,6.675,4.138,2.537,4.089,3.990,0.415,3.575,3.575,0.000,0.000,0.000,42.0,0.000,
12.11.2025,14:5:46.058,5.438,11.990,3.064,2.791,250.0,250.0,10.797,3.944,2.808,7.831,6.603,4.090,2.513,4.041,3.990,0.415,3.575,3.575,0.000,0.000,0.000,42.0,0.000,
12.11.2025,14:5:47.055,2.719,12.642,3.616,2.772,250.0,250.0,10.945,4.096,2.967,8.242,6.955,4.316,2.639,4.266,3.999,0.415,3.584,3.575,0.000,0.000,0.000,42.0,0.000,
12.11.2025,14:5:48.067,4.078,12.863,3.816,2.879,250.0,250.0,11.079,3.962,2.992,7.719,6.647,4.124,2.523,4.062,3.990,0.415,3.575,3.575,0.000,0.000,0.000,42.0,0.000,
12.11.2025,14:5:49.064,5.438,12.300,3.349,2.798,250.0,250.0,10.740,3.937,2.991,7.627,6.581,4.084,2.497,4.034,3.990,0.415,3.575,3.575,0.000,0.000,0.000,42.0,0.000,
12.11.2025,14:5:50.061,5.438,12.300,3.349,2.798,250.0,250.0,10.619,3.980,2.955,7.829,6.682,4.147,2.535,4.098,3.990,0.415,3.575,3.575,0.000,0.000,0.000,42.0,0.000,
12.11.2025,14:5:51.057,8.156,12.353,3.415,2.806,250.0,250.0,10.690,3.910,2.709,7.814,6.519,4.047,2.472,3.998,3.982,0.415,3.567,3.575,0.000,0.000,0.000,42.0,0.000,
12.11.2025,14:5:52.067,19.032,11.535,2.605,2.784,250.0,250.0,10.726,3.855,2.783,7.518,6.386,3.957,2.429,3.920,3.990,0.415,3.575,3.575,0.000,0.000,0.000,42.0,0.000,
12.11.2025,14:5:53.066,9.516,12.635,3.687,2.789,250.0,250.0,10.499,3.747,2.758,7.129,6.135,3.807,2.328,3.758,3.990,0.415,3.575,3.575,0.000,0.000,0.000,42.0,0.000,
12.11.2025,14:5:54.067,13.594,11.769,2.837,2.782,250.0,250.0,10.438,3.664,2.734,6.842,5.941,3.686,2.255,3.649,3.982,0.415,3.567,3.567,0.000,0.000,0.000,42.0,0.000,
12.11.2025,14:5:55.059,12.235,12.316,3.367,2.832,250.0,250.0,10.400,3.717,2.758,7.012,6.061,3.757,2.304,3.720,3.990,0.415,3.575,3.575,0.000,0.000,0.000,42.0,0.000,
12.11.2025,14:5:56.069,4.078,13.907,4.900,2.845,250.0,250.0,10.922,4.148,2.832,8.595,7.077,4.394,2.683,4.344,3.990,0.415,3.575,3.575,0.000,0.000,0.000,42.0,0.000,
12.11.2025,14:5:57.063,12.235,13.396,4.346,2.873,250.0,250.0,10.611,3.784,2.722,7.314,6.224,3.857,2.367,3.820,3.982,0.415,3.567,3.567,0.000,0.000,0.000,42.0,0.000,
12.11.2025,14:5:58.061,9.516,12.950,3.920,2.875,250.0,250.0,10.418,3.795,2.709,7.365,6.246,3.881,2.365,3.832,3.990,0.415,3.575,3.575,0.000,0.000,0.000,42.0,0.000,
12.11.2025,14:5:59.059,2.719,22.054,12.536,3.248,250.0,250.0,10.787,3.733,2.722,7.110,6.099,3.782,2.317,3.745,3.990,0.415,3.575,3.575,0.000,0.000,0.000,42.0,0.000,
12.11.2025,14:6:0.056,1.359,14.055,5.006,2.879,250.0,250.0,10.509,3.890,2.758,7.680,6.479,4.016,2.463,3.967,3.982,0.415,3.567,3.567,0.000,0.000,0.000,42.0,0.000,
12.11.2025,14:6:1.053,2.719,12.490,3.467,2.837,250.0,250.0,10.676,3.824,2.820,7.361,6.317,3.916,2.401,3.867,3.990,0.415,3.575,3.575,0.000,0.000,0.000,42.0,0.000,
12.11.2025,14:6:2.054,2.719,11.883,2.926,2.837,250.0,250.0,10.827,3.699,2.893,6.820,6.025,3.733,2.292,3.696,3.982,0.415,3.567,3.567,0.000,0.000,0.000,42.0,0.000,
12.11.2025,14:6:3.053,1.359,13.732,4.737,2.817,250.0,250.0,10.796,3.816,2.869,7.284,6.300,3.901,2.399,3.852,3.990,0.415,3.575,3.575,0.000,0.000,0.000,42.0,0.000,
12.11.2025,14:6:4.060,2.719,12.009,3.066,2.822,250.0,250.0,10.775,3.926,2.660,7.913,6.567,4.066,2.501,4.017,3.982,0.415,3.567,3.567,0.000,0.000,0.000,42.0,0.000,
12.11.2025,14:6:5.058,2.719,12.631,3.640,2.833,250.0,250.0,10.881,5.544,2.844,13.903,10.372,6.427,3.945,6.354,4.014,0.446,3.568,3.567,0.000,0.000,0.000,42.0,0.000,
12.11.2025,14:6:6.063,2.719,13.732,4.718,2.860,250.0,250.0,11.613,3.753,2.783,7.135,6.151,3.814,2.337,3.765,3.990,0.415,3.575,3.567,0.000,0.000,0.000,42.0,0.000,
12.11.2025,14:6:7.060,2.719,13.034,3.968,2.869,250.0,250.0,10.308,3.821,2.660,7.518,6.318,3.916,2.402,3.867,3.982,0.415,3.567,3.567,0.000,0.000,0.000,42.0,0.000,
12.11.2025,14:6:8.057,1.359,11.579,2.563,2.847,250.0,250.0,10.443,3.751,2.795,7.117,6.152,3.814,2.338,3.765,3.982,0.415,3.567,3.567,0.000,0.000,0.000,42.0,0.000,
12.11.2025,14:6:9.060,2.719,14.218,5.193,2.876,250.0,250.0,10.525,3.837,2.930,7.305,6.353,3.940,2.413,3.890,3.982,0.415,3.567,3.575,0.000,0.000,0.000,42.0,0.000,
12.11.2025,14:6:10.056,4.078,11.954,2.939,2.833,250.0,250.0,10.532,3.829,2.869,7.344,6.343,3.929,2.414,3.879,3.973,0.415,3.558,3.567,0.000,0.000,0.000,42.0,0.000,
12.11.2025,14:6:11.067,2.719,12.106,3.132,2.855,250.0,250.0,10.743,3.921,2.869,7.691,6.552,4.064,2.488,4.015,3.982,0.415,3.567,3.567,0.000,0.000,0.000,42.0,0.000,
12.11.2025,14:6:12.068,2.719,12.233,3.263,2.823,250.0,250.0,10.898,3.751,2.844,7.070,6.149,3.812,2.337,3.763,3.982,0.415,3.567,3.567,0.000,0.000,0.000,42.0,0.000,
12.11.2025,14:6:13.061,2.719,12.100,3.124,2.838,250.0,250.0,10.368,3.648,2.673,6.853,5.914,3.671,2.243,3.622,3.973,0.415,3.558,3.558,0.000,0.000,0.000,42.0,0.000,
12.11.2025,14:6:14.064,2.719,11.747,2.750,2.829,250.0,250.0,10.416,3.709,2.734,7.018,6.048,3.757,2.291,3.707,3.982,0.415,3.567,3.567,0.000,0.000,0.000,42.0,0.000,
12.11.2025,14:6:15.066,2.719,11.805,2.849,2.845,250.0,250.0,10.451,3.713,2.623,7.147,6.055,3.753,2.302,3.716,3.982,0.415,3.567,3.567,0.000,0.000,0.000,42.0,0.000,
12.11.2025,14:6:16.060,21.750,14.011,4.898,2.891,250.0,250.0,10.363,3.778,2.832,7.199,6.215,3.852,2.363,3.815,3.973,0.415,3.558,3.558,0.000,0.000,0.000,42.0,0.000,
12.11.2025,14:6:17.056,2.719,12.719,3.732,2.871,250.0,250.0,10.572,3.838,2.808,7.439,6.354,3.941,2.413,3.892,3.982,0.415,3.567,3.567,0.000,0.000,0.000,42.0,0.000,
12.11.2025,14:6:18.057,2.719,12.028,3.008,2.850,250.0,250.0,10.588,3.699,2.869,6.853,6.036,3.745,2.291,3.695,3.973,0.415,3.558,3.558,0.000,0.000,0.000,42.0,0.000,
12.11.2025,14:6:19.069,2.719,13.320,4.232,2.908,250.0,250.0,10.614,3.714,2.869,6.916,6.067,3.766,2.301,3.716,3.973,0.415,3.558,3.558,0.000,0.000,0.000,42.0,0.000,
12.11.2025,14:6:20.067,2.719,12.246,3.308,2.811,250.0,250.0,10.306,3.853,2.795,7.505,6.390,3.965,2.425,3.916,3.982,0.415,3.567,3.567,0.000,0.000,0.000,42.0,0.000,
12.11.2025,14:6:21.103,12.235,11.983,3.009,2.850,250.0,250.0,10.783,3.972,2.942,7.822,6.684,4.136,2.548,4.086,3.970,0.412,3.558,3.558,0.000,0.000,0.000,42.0,0.000,
12.11.2025,14:6:22.109,4.078,12.770,3.806,2.798,250.0,250.0,10.761,3.886,2.673,7.752,6.470,4.017,2.453,3.968,3.982,0.415,3.567,3.558,0.000,0.000,0.000,42.0,0.000,
12.11.2025,14:6:23.110,2.719,15.051,6.121,2.803,250.0,250.0,10.491,3.749,2.636,7.274,6.152,3.822,2.330,3.772,3.973,0.415,3.558,3.558,0.000,0.000,0.000,42.0,0.000,
12.11.2025,14:6:24.115,2.719,11.858,2.818,2.846,250.0,250.0,10.428,3.859,2.869,7.465,6.410,3.982,2.428,3.933,3.970,0.412,3.558,3.558,0.000,0.000,0.000,42.0,0.000,
12.11.2025,14:6:25.107,2.719,12.976,4.018,2.818,250.0,250.0,10.838,3.966,2.881,7.869,6.659,4.136,2.523,4.087,3.973,0.415,3.558,3.558,0.000,0.000,0.000,42.0,0.000,
12.11.2025,14:6:26.110,2.719,13.818,4.758,2.880,250.0,250.0,11.041,3.814,2.808,7.354,6.310,3.907,2.403,3.858,3.973,0.415,3.558,3.558,0.000,0.000,0.000,42.0,0.000,
12.11.2025,14:6:27.108,2.719,12.120,3.159,2.845,250.0,250.0,11.000,3.847,2.673,7.616,6.387,3.958,2.429,3.909,3.970,0.412,3.558,3.558,0.000,0.000,0.000,42.0,0.000,
12.11.2025,14:6:28.107,14.953,12.916,3.852,2.867,250.0,250.0,11.194,3.872,2.673,7.713,6.444,3.992,2.452,3.943,3.973,0.415,3.558,3.558,0.000,0.000,0.000,42.0,0.000,
12.11.2025,14:6:29.103,1.359,13.813,4.697,2.922,250.0,250.0,10.802,3.801,2.636,7.475,6.273,3.889,2.384,3.852,3.970,0.412,3.558,3.558,0.000,0.000,0.000,42.0,0.000,
12.11.2025,14:6:30.104,2.719,11.865,2.853,2.833,250.0,250.0,11.128,3.989,2.746,8.078,6.722,4.169,2.553,4.119,3.970,0.412,3.558,3.558,0.000,0.000,0.000,42.0,0.000,
12.11.2025,14:6:31.100,10.875,12.216,3.245,2.846,250.0,250.0,11.130,3.957,2.856,7.859,6.641,4.120,2.521,4.070,3.970,0.412,3.558,3.558,0.000,0.000,0.000,42.0,0.000,
12.11.2025,14:6:32.117,2.719,12.395,3.439,2.810,250.0,250.0,10.700,3.951,2.795,7.895,6.628,4.115,2.513,4.065,3.970,0.412,3.558,3.558,0.000,0.000,0.000,42.0,0.000,
12.11.2025,14:6:33.105,2.719,12.203,3.262,2.816,250.0,250.0,11.262,4.030,3.028,7.965,6.818,4.221,2.597,4.172,3.970,0.412,3.558,3.558,0.000,0.000,0.000,42.0,0.000,
12.11.2025,14:6:34.119,10.875,12.248,3.237,2.812,250.0,250.0,11.138,4.049,2.992,8.069,6.864,4.251,2.613,4.202,3.971,0.413,3.558,3.558,0.001,0.000,0.000,42.0,0.000,
12.11.2025,14:6:35.105,4.078,12.090,3.114,2.835,250.0,250.0,11.228,3.759,2.795,7.167,6.187,3.833,2.354,3.783,3.962,0.412,3.550,3.550,0.000,0.000,0.000,42.0,0.000,
12.11.2025,14:6:36.106,2.719,13.771,4.695,2.881,250.0,250.0,10.492,3.927,2.734,7.868,6.574,4.075,2.499,4.025,3.970,0.412,3.558,3.558,0.000,0.000,0.000,42.0,0.000,
12.11.2025,14:6:37.104,9.516,12.193,3.223,2.832,250.0,250.0,10.835,3.760,2.710,7.247,6.182,3.830,2.352,3.781,3.970,0.412,3.558,3.558,0.000,0.000,0.000,42.0,0.000,
12.11.2025,14:6:38.102,2.719,13.199,4.198,2.858,250.0,250.0,10.681,3.826,2.709,7.508,6.338,3.926,2.412,3.877,3.970,0.412,3.558,3.550,0.000,0.000,0.000,42.0,0.000,
12.11.2025,14:6:39.102,2.719,12.069,3.156,2.791,250.0,250.0,10.825,3.711,2.697,7.076,6.060,3.756,2.304,3.719,3.970,0.412,3.558,3.558,0.000,0.000,0.000,42.0,0.000,
12.11.2025,14:6:40.100,5.438,12.088,3.135,2.781,250.0,250.0,10.498,3.711,2.893,7.114,6.208,3.855,2.353,3.806,3.962,0.412,3.550,3.558,0.000,0.000,0.000,42.0,0.000,
12.11.2025,14:6:41.105,2.719,12.269,3.356,2.801,250.0,250.0,10.498,3.771,2.893,7.114,6.208,3.855,2.353,3.806,3.962,0.412,3.550,3.558,0.001,0.000,0.000,42.0,0.000,
12.11.2025,14:6:42.117,5.438,11.903,2.938,2.825,250.0,250.0,10.584,3.699,2.795,6.928,6.038,3.746,2.292,3.697,3.970,0.412,3.558,3.550,0.000,0.000,0.000,42.0,0.000,
12.11.2025,14:6:43.117,2.719,11.926,3.003,2.800,250.0,250.0,10.479,3.733,2.759,7.099,6.120,3.793,2.327,3.744,3.962,0.412,3.550,3.558,0.000,0.000,0.000,42.0,0.000,
12.11.2025,14:6:44.116,10.875,11.510,2.560,2.799,250.0,250.0,10.353,3.594,2.710,6.621,5.792,3.586,2.206,3.549,3.962,0.412,3.550,3.550,0.000,0.000,0.000,42.0,0.000,
12.11.2025,14:6:45.114,1.359,12.139,3.127,2.824,250.0,250.0,10.270,4.159,2.722,8.731,7.110,4.411,2.699,4.349,4.008,0.457,3.551,3.550,0.000,0.000,0.000,42.0,0.000,
12.11.2025,14:6:46.110,5.438,14.290,5.362,2.807,250.0,250.0,10.361,4.117,2.722,8.566,7.005,4.346,2.659,4.285,4.016,0.457,3.559,3.558,0.000,0.000,0.000,42.0,0.000,
12.11.2025,14:6:47.109,2.719,12.515,3.528,2.801,250.0,250.0,10.450,4.276,2.881,9.021,7.383,4.577,2.806,4.516,4.012,0.459,3.553,3.550,0.000,0.000,0.000,42.0,0.000,
12.11.2025,14:6:48.105,17.672,12.476,3.447,2.864,250.0,250.0,10.598,4.564,2.942,10.053,8.058,4.995,3.063,4.933,4.019,0.458,3.561,3.558,0.000,0.000,0.000,42.0,0.000,
12.11.2025,14:6:49.108,2.719,11.657,2.657,2.797,250.0,250.0,10.577,4.353,3.004,9.193,7.568,4.688,2.880,4.627,4.011,0.459,3.552,3.550,0.000,0.000,0.000,42.0,0.000,
12.11.2025,14:6:50.109,4.078,12.069,3.146,2.796,250.0,250.0,10.489,4.343,2.807,9.345,7.540,4.682,2.858,4.620,4.012,0.459,3.553,3.550,0.000,0.000,0.000,42.0,0.000,
12.11.2025,14:6:51.104,2.719,11.764,2.825,2.828,250.0,250.0,10.566,4.455,2.807,9.780,7.809,4.841,2.968,4.779,4.011,0.458,3.553,3.550,0.000,0.000,0.000,42.0,0.000,
12.11.2025,14:6:52.114,2.719,11.699,2.750,2.796,250.0,250.0,10.932,4.234,2.673,9.085,7.284,4.516,2.768,4.467,4.004,0.459,3.545,3.542,0.000,0.000,0.000,42.0,0.000,
12.11.2025,14:6:53.115,2.719,12.140,3.222,2.816,250.0,250.0,10.578,4.130,2.808,8.571,7.061,4.375,2.686,4.326,3.962,0.412,3.550,3.550,0.000,0.000,0.000,42.0,0.000,
12.11.2025,14:6:54.109,1.359,11.530,2.516,2.831,250.0,250.0,10.947,4.237,2.906,8.886,7.311,4.529,2.782,4.480,3.962,0.412,3.550,3.550,0.000,0.000,0.000,42.0,0.000,
12.11.2025,14:6:55.109,2.719,12.556,3.571,2.813,250.0,250.0,11.153,3.865,2.832,7.552,6.432,3.997,2.435,3.948,3.954,0.412,3.542,3.550,0.000,0.000,0.000,42.0,0.000,
12.11.2025,14:6:56.109,2.719,14.685,5.690,2.839,250.0,250.0,10.911,3.767,2.869,7.121,6.208,3.843,2.365,3.793,3.962,0.412,3.550,3.550,0.000,0.000,0.000,42.0,0.000,
12.11.2025,14:6:57.108,5.438,12.456,3.513,2.829,250.0,250.0,10.801,3.784,2.893,7.161,6.244,3.867,2.377,3.818,3.962,0.412,3.550,3.550,0.000,0.000,0.000,42.0,0.000,
12.11.2025,14:6:58.115,16.313,14.035,4.986,2.870,250.0,250.0,10.878,3.746,2.955,6.971,6.153,3.815,2.338,3.778,3.954,0.412,3.542,3.542,0.000,0.000,0.000,42.0,0.000,
12.11.2025,14:6:59.105,2.719,17.800,8.486,3.098,250.0,250.0,10.704,3.799,2.783,7.331,6.278,3.898,2.380,3.849,3.962,0.412,3.550,3.550,0.000,0.000,0.000,42.0,0.000,
12.11.2025,14:7:0.114,2.719,14.529,5.372,2.946,250.0,250.0,10.823,3.706,2.722,7.052,6.055,3.753,2.302,3.716,3.954,0.412,3.542,3.550,0.000,0.000,0.000,42.0,0.000,
12.11.2025,14:7:1.107,2.719,11.669,2.659,2.836,250.0,250.0,10.699,3.757,2.807,7.159,6.180,3.828,2.352,3.791,3.954,0.412,3.542,3.542,0.000,0.000,0.000,42.0,0.000,
12.11.2025,14:7:2.105,2.719,12.482,3.496,2.829,250.0,250.0,10.746,3.814,2.783,7.395,6.314,3.914,2.400,3.864,3.962,0.412,3.550,3.550,0.000,0.000,0.000,42.0,0.000,
12.11.2025,14:7:3.108,1.359,11.811,2.870,2.802,250.0,250.0,10.716,3.828,2.783,7.455,6.352,3.939,2.413,3.890,3.954,0.412,3.542,3.542,0.000,0.000,0.000,42.0,0.000,
12.11.2025,14:7:4.110,2.719,11.777,2.831,2.818,250.0,250.0,10.719,3.729,2.771,7.085,6.120,3.793,2.327,3.743,3.954,0.412,3.542,3.542,0.000,0.000,0.000,42.0,0.000,
12.11.2025,14:7:5.109,5.438,11.907,2.899,2.822,250.0,250.0,10.681,3.770,2.783,7.235,6.214,3.852,2.362,3.803,3.954,0.412,3.542,3.542,0.000,0.000,0.000,42.0,0.000,
12.11.2025,14:7:6.109,16.313,14.264,5.240,2.871,250.0,250.0,10.659,3.858,2.918,7.437,6.418,3.984,2.434,3.935,3.954,0.412,3.542,3.542,0.000,0.000,0.000,42.0,0.000,
12.11.2025,14:7:7.103,1.359,12.184,3.170,2.829,250.0,250.0,10.724,3.847,2.722,7.583,6.387,3.963,2.424,3.914,3.962,0.412,3.550,3.550,0.000,0.000,0.000,42.0,0.000,
12.11.2025,14:7:8.105,4.078,12.691,3.650,2.868,250.0,250.0,10.695,3.809,2.624,7.545,6.305,3.916,2.389,3.866,3.954,0.412,3.542,3.542,0.000,0.000,0.000,42.0,0.000,
12.11.2025,14:7:9.107,2.719,11.994,3.030,2.805,250.0,250.0,10.546,3.771,2.611,7.408,6.219,3.855,2.364,3.806,3.954,0.412,3.542,3.542,0.000,0.000,0.000,42.0,0.000,
12.11.2025,14:7:10.117,1.359,11.916,2.924,2.836,250.0,250.0,10.401,3.663,2.807,6.800,5.957,3.692,2.265,3.655,3.954,0.412,3.542,3.542,0.000,0.000,0.000,42.0,0.000,
12.11.2025,14:7:11.117,4.078,11.854,2.858,2.818,250.0,250.0,10.418,3.658,2.673,6.919,5.947,3.694,2.253,3.644,3.954,0.412,3.542,3.542,0.000,0.000,0.000,42.0,0.000,
12.11.2025,14:7:12.114,2.719,12.476,3.595,2.811,250.0,250.0,10.464,3.689,2.599,7.103,6.026,3.734,2.292,3.685,3.954,0.412,3.542,3.542,0.000,0.000,0.000,42.0,0.000,
12.11.2025,14:7:13.111,2.719,11.926,2.972,2.797,250.0,250.0,10.411,3.866,2.611,7.764,6.444,3.992,2.452,3.943,3.954,0.412,3.542,3.542,0.000,0.000,0.000,42.0,0.000,
12.11.2025,14:7:14.106,23.110,12.098,3.100,2.823,250.0,250.0,10.732,3.810,2.648,7.520,6.307,3.917,2.390,3.868,3.954,0.412,3.542,3.542,0.000,0.000,0.000,42.0,0.000,
12.11.2025,14:7:15.110,2.719,12.748,3.750,2.862,250.0,250.0,10.488,3.867,2.660,7.727,6.435,3.999,2.436,3.950,3.962,0.412,3.550,3.542,0.000,0.000,0.000,42.0,0.000,
12.11.2025,14:7:16.109,2.719,13.107,4.080,2.846,250.0,250.0,10.570,3.807,2.722,7.429,6.305,3.904,2.401,3.855,3.954,0.412,3.542,3.542,0.000,0.000,0.000,42.0,0.000,
12.11.2025,14:7:17.112,1.359,12.179,3.219,2.834,250.0,250.0,10.609,3.875,2.759,7.666,6.457,4.010,2.447,3.961,3.954,0.412,3.542,3.542,0.000,0.000,0.000,42.0,0.000,
12.11.2025,14:7:18.109,2.719,12.808,3.742,2.900,250.0,250.0,10.688,3.793,2.758,7.342,6.268,3.891,2.377,3.842,3.954,0.412,3.542,3.542,0.000,0.000,0.000,42.0,0.000,
12.11.2025,14:7:19.108,2.719,11.433,2.442,2.813,250.0,250.0,10.603,3.982,2.979,7.856,6.719,4.172,2.547,4.123,3.943,0.410,3.533,3.542,0.000,0.000,0.000,42.0,0.000,
12.11.2025,14:7:20.109,1.359,11.942,3.027,2.813,250.0,250.0,10.802,4.012,2.893,8.047,6.785,4.211,2.574,4.162,3.954,0.412,3.542,3.542,0.000,0.000,0.000,42.0,0.000,
12.11.2025,14:7:21.110,2.719,11.892,2.922,2.825,250.0,250.0,10.508,3.865,2.734,7.648,6.435,3.999,2.436,3.950,3.954,0.412,3.542,3.542,0.000,0.000,0.000,42.0,0.000,
12.11.2025,14:7:22.109,2.719,11.727,2.696,2.828,250.0,250.0,10.552,3.944,2.685,7.999,6.626,4.113,2.513,4.064,3.954,0.412,3.542,3.533,0.001,0.000,0.000,42.0,0.000,
12.11.2025,14:7:23.107,1.359,11.571,2.619,2.808,250.0,250.0,10.561,3.820,2.550,7.654,6.333,3.930,2.403,3.881,3.954,0.412,3.542,3.542,0.000,0.000,0.000,42.0,0.000,
12.11.2025,14:7:24.102,12.235,11.967,3.000,2.832,250.0,250.0,10.464,3.698,2.624,7.113,6.048,3.745,2.303,3.696,3.954,0.412,3.542,3.542,0.000,0.000,0.000,42.0,0.000,
12.11.2025,14:7:25.106,2.719,14.316,5.292,2.906,250.0,250.0,10.416,3.803,2.734,7.417,6.305,3.904,2.401,3.855,3.943,0.410,3.533,3.533,0.000,0.000,0.000,42.0,0.000,
12.11.2025,14:7:26.108,4.078,12.620,3.610,2.841,250.0,250.0,10.502,3.795,2.722,7.386,6.274,3.895,2.379,3.846,3.954,0.412,3.542,3.542,0.000,0.000,0.000,42.0,0.000,
12.11.2025,14:7:27.107,4.078,12.620,3.610,2.841,250.0,250.0,10.640,3.716,2.746,7.064,6.083,3.768,2.315,3.731,3.954,0.412,3.542,3.542,0.000,0.000,0.000,42.0,0.000,
12.11.2025,14:7:28.106,23.110,12.111,3.130,2.823,250.0,250.0,10.458,3.837,2.697,7.586,6.380,3.954,2.426,3.905,3.943,0.410,3.533,3.533,0.001,0.000,0.000,42.0,0.000,
12.11.2025,14:7:29.116,20.391,13.566,4.500,2.903,250.0,250.0,10.715,3.758,2.709,7.252,6.190,3.835,2.355,3.785,3.954,0.412,3.542,3.542,0.000,0.000,0.000,42.0,0.000,
12.11.2025,14:7:30.118,12.235,11.656,2.686,2.826,250.0,250.0,10.657,3.682,2.636,7.058,6.012,3.733,2.279,3.684,3.943,0.410,3.533,3.533,0.000,0.000,0.000,42.0,0.000,
12.11.2025,14:7:31.119,35.344,12.004,3.031,2.830,250.0,250.0,10.720,3.804,2.685,7.474,6.305,3.904,2.401,3.855,3.943,0.410,3.533,3.533,0.000,0.000,0.000,42.0,0.000,
12.11.2025,14:7:32.137,16.313,12.523,3.494,2.841,250.0,250.0,10.750,3.801,2.722,7.415,6.282,3.893,2.389,3.856,3.954,0.412,3.542,3.542,0.001,0.000,0.000,42.0,0.000,
12.11.2025,14:7:33.140,20.391,26.927,17.394,3.334,250.0,250.0,10.829,3.814,2.746,7.456,6.319,3.917,2.402,3.880,3.943,0.410,3.533,3.533,0.000,0.000,0.000,42.0,0.000,
12.11.2025,14:7:34.138,12.235,12.554,3.529,2.843,250.0,250.0,10.596,3.748,2.722,7.214,6.157,3.818,2.339,3.781,3.954,0.412,3.542,3.542,0.000,0.000,0.000,42.0,0.000,
12.11.2025,14:7:35.136,8.156,12.077,3.116,2.823,250.0,250.0,10.694,3.686,2.697,7.011,6.024,3.733,2.291,3.684,3.943,0.410,3.533,3.533,0.000,0.000,0.000,42.0,0.000,
12.11.2025,14:7:36.143,13.594,13.627,4.648,2.860,250.0,250.0,10.409,3.652,2.648,6.928,5.938,3.683,2.255,3.646,3.943,0.410,3.533,3.533,0.000,0.000,0.000,42.0,0.000,
12.11.2025,14:7:37.136,6.797,12.652,3.632,2.808,250.0,250.0,10.486,3.742,2.587,7.336,6.157,3.817,2.340,3.768,3.943,0.410,3.533,3.533,0.000,0.000,0.000,42.0,0.000,
12.11.2025,14:7:38.139,2.719,12.225,3.290,2.796,250.0,250.0,10.602,3.670,2.648,7.005,5.991,3.711,2.280,3.674,3.934,0.410,3.524,3.524,0.000,0.000,0.000,42.0,0.000,
12.11.2025,14:7:39.132,2.719,16.082,7.019,2.844,250.0,250.0,10.367,3.671,2.648,6.995,5.992,3.711,2.281,3.661,3.943,0.410,3.533,3.533,0.000,0.000,0.000,42.0,0.000,
12.11.2025,14:7:40.135,2.719,11.463,2.521,2.816,250.0,250.0,10.292,3.782,2.820,7.251,6.249,3.883,2.366,3.834,3.943,0.410,3.533,3.533,0.000,0.000,0.000,42.0,0.000,
12.11.2025,14:7:41.132,4.078,11.749,2.786,2.792,250.0,250.0,10.563,3.855,2.881,7.470,6.428,3.977,2.451,3.928,3.943,0.410,3.533,3.524,0.000,0.000,0.000,42.0,0.000,
12.11.2025,14:7:42.136,4.078,12.058,3.090,2.796,250.0,250.0,10.601,3.835,2.930,7.343,6.378,3.952,2.426,3.903,3.942,0.409,3.533,3.533,0.000,0.000,0.000,42.0,0.000,
12.11.2025,14:7:43.136,4.078,12.699,3.689,2.831,250.0,250.0,10.631,3.770,2.869,7.150,6.225,3.858,2.367,3.809,3.943,0.410,3.533,3.533,0.000,0.000,0.000,42.0,0.000,
12.11.2025,14:7:44.132,2.719,11.822,2.889,2.804,250.0,250.0,10.572,3.762,2.648,7.348,6.209,3.844,2.365,3.794,3.943,0.410,3.533,3.524,0.001,0.000,0.000,42.0,0.000,
12.11.2025,14:7:45.144,2.719,12.123,3.217,2.805,250.0,250.0,10.340,3.805,2.673,7.489,6.305,3.916,2.389,3.866,3.943,0.410,3.533,3.533,0.000,0.000,0.000,42.0,0.000,
12.11.2025,14:7:46.158,2.719,14.975,5.906,2.853,250.0,250.0,10.004,3.770,2.710,7.323,6.225,3.858,2.367,3.821,3.934,0.410,3.524,3.533,0.000,0.000,0.000,42.0,0.000,
12.11.2025,14:7:47.155,2.719,11.877,2.959,2.808,250.0,250.0,10.515,3.822,2.881,7.345,6.343,3.941,2.402,3.892,3.943,0.410,3.533,3.533,0.000,0.000,0.000,42.0,0.000,
12.11.2025,14:7:48.168,2.719,12.024,3.057,2.799,250.0,250.0,10.560,3.728,2.844,7.028,6.117,3.791,2.326,3.754,3.943,0.410,3.533,3.533,0.000,0.000,0.000,42.0,0.000,
12.11.2025,14:7:49.168,2.719,13.482,4.469,2.856,250.0,250.0,10.507,3.929,2.709,7.931,6.608,4.093,2.515,4.044,3.934,0.410,3.524,3.524,0.000,0.000,0.000,42.0,0.000,
12.11.2025,14:7:50.168,2.719,12.032,3.092,2.772,250.0,250.0,10.840,3.759,2.857,7.129,6.195,3.842,2.353,3.793,3.943,0.410,3.533,3.533,0.000,0.000,0.000,42.0,0.000,
12.11.2025,14:7:51.166,2.719,12.032,3.092,2.772,250.0,250.0,10.505,3.727,2.709,7.153,6.122,3.794,2.328,3.744,3.943,0.410,3.533,3.533,0.000,0.000,0.000,42.0,0.000,
12.11.2025,14:7:52.174,2.719,11.984,3.053,2.794,250.0,250.0,10.620,3.684,2.771,6.934,6.027,3.734,2.293,3.685,3.934,0.410,3.524,3.524,0.000,0.000,0.000,42.0,0.000,
12.11.2025,14:7:53.173,2.719,11.837,2.893,2.814,250.0,250.0,10.259,3.619,2.575,6.871,5.868,3.637,2.231,3.588,3.943,0.410,3.533,3.533,0.000,0.000,0.000,42.0,0.000,
12.11.2025,14:7:54.182,2.719,11.982,3.007,2.811,250.0,250.0,10.071,3.497,2.538,6.459,5.579,3.460,2.119,3.423,3.934,0.410,3.524,3.524,0.001,0.000,0.000,42.0,0.000,
12.11.2025,14:7:55.179,2.719,12.280,3.341,2.829,250.0,250.0,9.759,3.643,2.734,6.819,5.925,3.671,2.254,3.634,3.934,0.410,3.524,3.524,0.000,0.000,0.000,42.0,0.000,
12.11.2025,14:7:56.174,2.719,12.707,3.679,2.835,250.0,250.0,10.268,3.586,2.758,6.573,5.794,3.587,2.207,3.550,3.934,0.410,3.524,3.524,0.000,0.000,0.000,42.0,0.000,
12.11.2025,14:7:57.176,2.719,12.488,3.480,2.836,250.0,250.0,10.021,3.672,2.673,6.990,5.997,3.719,2.278,3.670,3.934,0.410,3.524,3.524,0.000,0.000,0.000,42.0,0.000,
12.11.2025,14:7:58.172,16.313,13.600,4.532,2.904,250.0,250.0,10.160,3.597,2.636,6.737,5.822,3.614,2.208,3.564,3.934,0.410,3.524,3.524,0.000,0.000,0.000,42.0,0.000,
12.11.2025,14:7:59.168,12.235,15.472,6.322,2.939,250.0,250.0,9.943,3.599,2.513,6.867,5.827,3.610,2.217,3.561,3.934,0.410,3.524,3.524,0.000,0.000,0.000,42.0,0.000,
12.11.2025,14:8:0.178,2.719,18.268,9.024,3.076,250.0,250.0,10.051,3.615,2.550,6.903,5.858,3.630,2.228,3.593,3.934,0.410,3.524,3.524,0.000,0.000,0.000,42.0,0.000,
12.11.2025,14:8:1.196,2.719,12.319,3.299,2.829,250.0,250.0,9.818,3.635,2.587,6.931,5.902,3.660,2.242,3.623,3.943,0.410,3.533,3.524,0.000,0.000,0.000,42.0,0.000,
12.11.2025,14:8:2.184,2.719,14.396,5.409,2.824,250.0,250.0,10.001,3.536,2.722,6.426,5.677,3.522,2.155,3.472,3.934,0.410,3.524,3.524,0.000,0.000,0.000,42.0,0.000,
12.11.2025,14:8:3.195,2.719,11.716,2.739,2.804,250.0,250.0,10.098,3.668,2.709,6.939,5.984,3.706,2.278,3.669,3.934,0.410,3.524,3.524,0.000,0.000,0.000,42.0,0.000,
12.11.2025,14:8:4.197,2.719,12.488,3.551,2.814,250.0,250.0,10.282,3.771,2.808,7.233,6.227,3.859,2.368,3.822,3.934,0.410,3.524,3.524,0.000,0.000,0.000,42.0,0.000,
12.11.2025,14:8:5.191,2.719,13.489,4.476,2.844,250.0,250.0,10.433,3.633,2.722,6.797,5.900,3.658,2.242,3.621,3.934,0.410,3.524,3.524,0.000,0.000,0.000,42.0,0.000,
12.11.2025,14:8:6.189,2.719,12.801,3.828,2.814,250.0,250.0,10.343,3.713,2.746,7.079,6.093,3.779,2.314,3.729,3.934,0.410,3.524,3.524,0.000,0.000,0.000,42.0,0.000,
12.11.2025,14:8:7.188,9.516,12.407,3.402,2.840,250.0,250.0,10.277,3.611,2.611,6.821,5.849,3.633,2.216,3.584,3.934,0.410,3.524,3.524,0.000,0.000,0.000,42.0,0.000,
12.11.2025,14:8:8.191,4.078,13.478,4.429,2.852,250.0,250.0,9.962,3.594,2.697,6.675,5.811,3.607,2.204,3.558,3.934,0.410,3.524,3.524,0.000,0.000,0.000,42.0,0.000,
12.11.2025,14:8:9.194,2.719,11.418,2.438,2.815,250.0,250.0,10.262,3.626,2.697,6.797,5.885,3.645,2.240,3.608,3.934,0.410,3.524,3.524,0.000,0.000,0.000,42.0,0.000,
12.11.2025,14:8:10.188,8.156,12.137,3.177,2.822,250.0,250.0,10.180,3.768,2.734,7.291,6.226,3.859,2.367,3.809,3.934,0.410,3.524,3.524,0.000,0.000,0.000,42.0,0.000,
12.11.2025,14:8:11.182,2.719,11.791,2.841,2.816,250.0,250.0,10.220,3.846,2.759,7.571,6.406,3.979,2.427,3.930,3.934,0.410,3.524,3.524,0.000,0.000,0.000,42.0,0.000,
12.11.2025,14:8:12.203,1.359,12.213,3.179,2.832,250.0,250.0,10.372,3.860,2.685,7.690,6.447,3.994,2.453,3.944,3.934,0.410,3.524,3.524,0.000,0.000,0.000,42.0,0.000,
12.11.2025,14:8:13.200,8.156,11.618,2.655,2.836,250.0,250.0,10.333,3.736,2.771,7.139,6.147,3.819,2.328,3.769,3.934,0.410,3.524,3.524,0.000,0.000,0.000,42.0,0.000,
12.11.2025,14:8:14.199,2.719,11.728,2.778,2.846,250.0,250.0,10.146,3.928,2.820,7.819,6.604,4.091,2.513,4.042,3.934,0.410,3.524,3.524,0.000,0.000,0.000,42.0,0.000,
12.11.2025,14:8:15.199,2.719,13.444,4.422,2.858,250.0,250.0,10.423,3.771,2.685,7.360,6.228,3.865,2.363,3.816,3.934,0.410,3.524,3.524,0.000,0.000,0.000,42.0,0.000,
12.11.2025,14:8:16.210,2.719,12.288,3.246,2.841,250.0,250.0,10.053,3.693,2.734,7.015,6.050,3.758,2.292,3.709,3.926,0.410,3.516,3.516,0.000,0.000,0.000,42.0,0.000,
12.11.2025,14:8:17.209,9.516,12.153,3.166,2.854,250.0,250.0,10.150,3.722,2.660,7.193,6.116,3.798,2.318,3.748,3.934,0.410,3.524,3.524,0.000,0.000,0.000,42.0,0.000,
12.11.2025,14:8:18.209,1.359,13.455,4.455,2.811,250.0,250.0,10.068,3.910,2.783,7.794,6.561,4.062,2.499,4.013,3.934,0.410,3.524,3.524,0.000,0.000,0.000,42.0,0.000,
12.11.2025,14:8:19.223,2.719,12.290,3.346,2.806,250.0,250.0,10.338,3.672,2.697,6.982,5.995,3.717,2.278,3.680,3.926,0.410,3.516,3.516,0.000,0.000,0.000,42.0,0.000,
12.11.2025,14:8:20.218,4.078,12.083,3.116,2.802,250.0,250.0,9.977,3.726,2.722,7.143,6.127,3.797,2.330,3.747,3.934,0.410,3.524,3.524,0.001,0.000,0.000,42.0,0.000,
12.11.2025,14:8:21.234,1.359,12.205,3.282,2.798,250.0,250.0,10.246,3.698,2.697,7.070,6.064,3.759,2.305,3.710,3.926,0.410,3.516,3.524,0.000,0.000,0.000,42.0,0.000,
12.11.2025,14:8:22.228,2.719,11.882,2.913,2.807,250.0,250.0,10.254,3.574,2.795,6.504,5.767,3.574,2.193,3.537,3.926,0.410,3.516,3.516,0.000,0.000,0.000,42.0,0.000,
12.11.2025,14:8:23.242,2.719,11.323,2.434,2.788,250.0,250.0,10.081,3.634,2.771,6.751,5.907,3.662,2.245,3.625,3.926,0.410,3.516,3.524,0.000,0.000,0.000,42.0,0.000,
12.11.2025,14:8:24.234,2.719,11.701,2.723,2.804,250.0,250.0,10.136,3.634,2.722,6.803,5.914,3.671,2.243,3.622,3.926,0.410,3.516,3.516,0.000,0.000,0.000,42.0,0.000,
12.11.2025,14:8:25.232,2.719,13.505,4.524,2.825,250.0,250.0,9.959,3.583,2.722,6.616,5.793,3.592,2.201,3.543,3.926,0.410,3.516,3.516,0.000,0.000,0.000,42.0,0.000,
12.11.2025,14:8:26.239,10.875,15.309,6.253,2.864,250.0,250.0,10.419,3.651,2.856,6.734,5.953,3.690,2.263,3.641,3.926,0.410,3.516,3.524,0.000,0.000,0.000,42.0,0.000,
12.11.2025,14:8:27.239,4.078,19.995,10.788,3.034,250.0,250.0,10.639,3.735,2.942,6.974,6.151,3.814,2.337,3.765,3.926,0.410,3.516,3.516,0.000,0.000,0.000,42.0,0.000,
12.11.2025,14:8:28.239,14.953,12.592,3.607,2.828,250.0,250.0,11.282,3.724,2.869,6.991,6.125,3.796,2.329,3.747,3.934,0.410,3.524,3.516,0.000,0.000,0.000,42.0,0.000,
12.11.2025,14:8:29.235,2.719,12.499,3.485,2.823,250.0,250.0,11.307,4.195,2.771,8.894,7.234,4.491,2.743,4.429,3.934,0.410,3.524,3.524,0.000,0.000,0.000,42.0,0.000,
12.11.2025,14:8:30.229,8.156,13.391,4.454,2.826,250.0,250.0,19.320,18.814,8.840,56.025,40.236,24.946,15.290,24.639,6.240,0.552,5.688,5.688,0.000,0.000,0.000,42.0,0.000,
12.11.2025,14:8:31.225,19.032,9.983,2.784,2.820,250.0,250.0,64.909,19.146,8.842,57.242,40.983,25.419,15.564,25.112,6.286,0.558,5.728,5.728,0.000,0.000,0.000,42.0,0.000,
12.11.2025,14:8:32.231,2.719,14.145,6.879,2.899,250.0,250.0,65.705,9.413,4.462,24.464,17.942,11.121,6.821,10.986,6.300,0.562,5.738,5.738,0.000,0.000,0.000,42.0,0.000,
12.11.2025,14:8:33.225,2.719,15.681,6.843,2.849,250.0,250.0,32.687,8.909,4.241,25.378,18.363,11.394,6.969,11.258,3.966,0.408,3.558,3.558,0.002,0.000,0.000,42.0,0.000,
12.11.2025,14:8:34.225,4.078,12.800,3.400,2.821,250.0,250.0,26.367,7.461,3.923,20.162,14.930,9.265,5.665,9.154,3.978,0.420,3.558,3.558,0.000,0.000,0.000,42.0,0.000,
12.11.2025,14:8:35.239,4.078,19.495,10.292,2.933,250.0,250.0,26.753,3.945,2.869,7.816,6.625,4.113,2.512,4.064,3.954,0.412,3.542,3.542,0.000,0.000,0.000,42.0,0.000,
12.11.2025,14:8:36.240,2.719,15.053,5.945,2.886,250.0,250.0,15.451,3.887,2.820,7.653,6.502,4.027,2.475,3.977,3.943,0.410,3.533,3.533,0.000,0.000,0.000,42.0,0.000,
12.11.2025,14:8:37.229,2.719,14.163,5.147,2.887,250.0,250.0,13.941,4.153,2.709,8.754,7.113,4.406,2.707,4.357,3.974,0.441,3.533,3.533,0.000,0.000,0.000,42.0,0.000,
12.11.2025,14:8:38.224,2.719,17.998,8.811,2.966,250.0,250.0,12.024,4.153,2.783,7.588,6.440,3.989,2.451,3.940,3.943,0.410,3.533,3.533,0.000,0.000,0.000,42.0,0.000,
12.11.2025,14:8:39.240,2.719,12.018,3.039,2.852,250.0,250.0,10.840,3.861,2.771,7.654,6.464,4.014,2.450,3.965,3.943,0.410,3.533,3.533,0.000,0.000,0.000,42.0,0.000,
12.11.2025,14:8:40.239,2.719,12.628,3.647,2.825,250.0,250.0,10.836,3.874,2.746,7.534,6.386,3.957,2.429,3.908,3.944,0.411,3.533,3.533,0.000,0.000,0.000,42.0,0.000,
12.11.2025,14:8:41.239,4.078,12.168,3.238,2.796,250.0,250.0,10.836,3.838,2.746,7.534,6.386,3.957,2.429,3.908,3.944,0.411,3.533,3.533,0.000,0.000,0.000,42.0,0.000,
12.11.2025,14:8:42.236,10.875,12.379,3.361,2.819,250.0,250.0,10.777,4.453,2.869,9.318,7.555,4.688,2.867,4.627,4.532,0.967,3.565,3.542,0.000,0.000,0.000,42.0,0.000,
12.11.2025,14:8:43.239,5.438,12.379,3.361,2.819,250.0,250.0,11.678,3.660,2.893,6.716,5.957,3.693,2.264,3.656,3.943,0.410,3.533,3.533,0.000,0.000,0.000,42.0,0.000,
12.11.2025,14:8:44.230,25.829,13.355,4.344,2.854,250.0,250.0,11.631,6.222,3.224,16.089,11.959,7.412,4.547,7.326,4.060,0.437,3.623,3.542,0.000,0.000,0.000,42.0,0.000,
12.11.2025,14:8:45.245,12.235,17.203,8.090,2.906,250.0,250.0,21.805,9.062,4.168,25.981,18.698,11.597,7.101,11.450,4.031,0.449,3.582,3.567,0.000,0.000,0.000,42.0,0.000,
12.11.2025,14:8:46.244,4.078,13.351,4.308,2.880,250.0,250.0,30.634,3.659,2.673,6.916,5.947,3.694,2.253,3.645,3.962,0.412,3.550,3.542,0.000,0.000,0.000,42.0,0.000,
12.11.2025,14:8:47.258,9.516,15.182,6.116,2.887,250.0,250.0,23.766,3.609,2.660,6.748,5.836,3.620,2.216,3.571,3.954,0.412,3.542,3.533,0.001,0.000,0.000,42.0,0.000,
12.11.2025,14:8:48.251,4.078,12.713,3.627,2.837,250.0,250.0,15.727,4.798,2.807,11.119,8.624,5.352,3.272,5.290,3.988,0.444,3.544,3.542,0.000,0.000,0.000,42.0,0.000,
12.11.2025,14:8:49.255,2.719,11.558,2.636,2.800,250.0,250.0,16.331,5.393,3.065,13.061,9.989,6.200,3.789,6.127,4.068,0.460,3.608,3.558,0.000,0.000,0.000,42.0,0.000,
12.11.2025,14:8:50.269,17.672,12.509,3.522,2.804,250.0,250.0,16.979,3.778,2.906,7.148,6.243,3.867,2.376,3.818,3.943,0.410,3.533,3.533,0.000,0.000,0.000,42.0,0.000,
12.11.2025,14:8:51.267,2.719,11.648,2.733,2.820,250.0,250.0,12.010,3.874,2.795,7.634,6.464,4.014,2.450,3.965,3.943,0.410,3.533,3.533,0.000,0.000,0.000,42.0,0.000,
12.11.2025,14:8:52.261,4.078,13.390,4.411,2.804,250.0,250.0,10.729,3.980,2.844,8.001,6.717,4.171,2.546,4.122,3.934,0.410,3.524,3.533,0.000,0.000,0.000,42.0,0.000,
12.11.2025,14:8:53.262,6.797,14.690,5.714,2.777,250.0,250.0,10.611,3.795,2.746,7.381,6.280,3.891,2.389,3.855,3.944,0.411,3.533,3.524,0.000,0.000,0.000,42.0,0.000,
12.11.2025,14:8:54.259,2.719,11.721,2.784,2.805,250.0,250.0,10.546,3.857,2.710,7.645,6.432,3.980,2.452,3.931,3.943,0.410,3.533,3.533,0.000,0.000,0.000,42.0,0.000,
12.11.2025,14:8:55.263,12.235,14.784,5.713,2.878,250.0,250.0,10.797,4.010,2.807,8.148,6.796,4.211,2.585,4.162,3.934,0.410,3.524,3.524,0.000,0.000,0.000,42.0,0.000,
12.11.2025,14:8:56.259,5.438,11.835,2.867,2.825,250.0,250.0,10.506,4.014,2.918,8.043,6.803,4.220,2.583,4.158,3.943,0.410,3.533,3.533,0.000,0.000,0.000,42.0,0.000,
12.11.2025,14:8:57.257,2.719,13.616,4.519,2.906,250.0,250.0,10.619,4.240,2.807,8.962,7.302,4.531,2.771,4.470,4.013,0.435,3.578,3.533,0.000,0.000,0.000,42.0,0.000,
12.11.2025,14:8:58.267,2.719,12.604,3.640,2.826,250.0,250.0,10.827,6.612,3.579,17.238,12.908,8.003,4.905,7.904,4.019,0.432,3.587,3.542,0.000,0.000,0.000,42.0,0.000,
12.11.2025,14:8:59.261,13.594,12.567,3.555,2.869,250.0,250.0,15.832,5.559,3.150,13.711,10.451,6.480,3.971,6.406,3.943,0.410,3.533,3.533,0.000,0.000,0.000,42.0,0.000,
12.11.2025,14:9:0.272,14.953,22.037,12.504,3.239,250.0,250.0,13.080,4.348,2.930,9.308,7.588,4.710,2.878,4.648,3.943,0.410,3.533,3.533,0.000,0.000,0.000,42.0,0.000,
12.11.2025,14:9:1.268,2.719,13.434,4.434,2.868,250.0,250.0,10.646,7.652,3.886,20.901,15.369,9.534,5.835,9.411,4.019,0.466,3.553,3.550,0.000,0.000,0.000,42.0,0.000,
Date,Time,"VR VCC 전류 (SVID IOUT) [A]","CPU 패키지 전력 소비 [W]","IA 코어 전력 소비 [W]","시스템 에이전트 전력 소비 [W]","PL1 전력 제한 (Static) [W]","PL2 전력 제한 (Static) [W]","GPU 전력 소비 [W]","GPU 라인 전력 소비 (avg) [W]","GPU PCIe +12V 입력 전력 소비 [W]","GPU 12VHPWR 전력 소비 [W]","GPU Unknown Rail (D6) 전력 소비 (sum) [W]","GPU Core (NVVDD) 입력 전력 소비 (sum) [W]","GPU Unknown Rail (D4) 전력 소비 (sum) [W]","GPU Misc0 입력 전력 소비 (sum) [W]","GPU Unknown Rail (D) 전력 소비 (sum) [W]","GPU Unknown Rail (10) 전력 소비 [W]","GPU Core (NVVDD) 출력 전력 소비 [W]","GPU Core (NVVDD) 출력 전력 소비 [W]","PCH 전력 소비 [W]","나머지 칩 전력 소비 [W]","총 전력 소비 [W]","T3 [°C]","총 전력 소비 [W]",
,,CPU [#0]: Intel Core Ultra 7 265KF: Enhanced,CPU [#0]: Intel Core Ultra 7 265KF: Enhanced,CPU [#0]: Intel Core Ultra 7 265KF: Enhanced,CPU [#0]: Intel Core Ultra 7 265KF: Enhanced,CPU [#0]: Intel Core Ultra 7 265KF: Enhanced,CPU [#0]: Intel Core Ultra 7 265KF: Enhanced,GPU [#1]: NVIDIA GeForce RTX 5090: GIGABYTE GeForce RTX 5090 GAMING OC 32G (GV-N5090GAMING OC-32GD),GPU [#1]: NVIDIA GeForce RTX 5090: GIGABYTE GeForce RTX 5090 GAMING OC 32G (GV-N5090GAMING OC-32GD),GPU [#1]: NVIDIA GeForce RTX 5090: GIGABYTE GeForce RTX 5090 GAMING OC 32G (GV-N5090GAMING OC-32GD),GPU [#1]: NVIDIA GeForce RTX 5090: GIGABYTE GeForce RTX 5090 GAMING OC 32G (GV-N5090GAMING OC-32GD),GPU [#1]: NVIDIA GeForce RTX 5090: GIGABYTE GeForce RTX 5090 GAMING OC 32G (GV-N5090GAMING OC-32GD),GPU [#1]: NVIDIA GeForce RTX 5090: GIGABYTE GeForce RTX 5090 GAMING OC 32G (GV-N5090GAMING OC-32GD),GPU [#1]: NVIDIA GeForce RTX 5090: GIGABYTE GeForce RTX 5090 GAMING OC 32G (GV-N5090GAMING OC-32GD),GPU [#1]: NVIDIA GeForce RTX 5090: GIGABYTE GeForce RTX 5090 GAMING OC 32G (GV-N5090GAMING OC-32GD),GPU [#1]: NVIDIA GeForce RTX 5090: GIGABYTE GeForce RTX 5090 GAMING OC 32G (GV-N5090GAMING OC-32GD),GPU [#1]: NVIDIA GeForce RTX 5090: GIGABYTE GeForce RTX 5090 GAMING OC 32G (GV-N5090GAMING OC-32GD),GPU [#1]: NVIDIA GeForce RTX 5090: GIGABYTE GeForce RTX 5090 GAMING OC 32G (GV-N5090GAMING OC-32GD),GPU [#1]: NVIDIA GeForce RTX 5090: GIGABYTE GeForce RTX 5090 GAMING OC 32G (GV-N5090GAMING OC-32GD),CPU [#0]: Intel Core Ultra 7 265KF: Enhanced,CPU [#0]: Intel Core Ultra 7 265KF: Enhanced,DDR5 DIMM [#3]: Micron CP32G64C40U5B.M8B1 (BANK 0/DIMMA2),NUC126,DDR5 DIMM [#1]: Micron CP32G64C40U5B.M8B1 (BANK 1/DIMMB2),
