Date,Time,"VR VCC 전류 (SVID IOUT) [A]","CPU 패키지 전력 소비 [W]","IA 코어 전력 소비 [W]","시스템 에이전트 전력 소비 [W]","PL1 전력 제한 (Static) [W]","PL2 전력 제한 (Static) [W]","GPU 전력 소비 [W]","GPU 라인 전력 소비 (avg) [W]","GPU PCIe +12V 입력 전력 소비 [W]","GPU 12VHPWR 전력 소비 [W]","GPU Unknown Rail (D6) 전력 소비 (sum) [W]","GPU Core (NVVDD) 입력 전력 소비 (sum) [W]","GPU Unknown Rail (D4) 전력 소비 (sum) [W]","GPU Misc0 입력 전력 소비 (sum) [W]","GPU Unknown Rail (D) 전력 소비 (sum) [W]","GPU Unknown Rail (10) 전력 소비 [W]","GPU Core (NVVDD) 출력 전력 소비 [W]","GPU Core (NVVDD) 출력 전력 소비 [W]","PCH 전력 소비 [W]","나머지 칩 전력 소비 [W]","총 전력 소비 [W]","T3 [°C]","총 전력 소비 [W]",
12.11.2025,14:30:21.107,10.875,12.354,3.414,2.754,250.0,250.0,10.849,3.898,2.685,7.269,6.179,3.828,2.351,3.779,4.451,0.460,3.991,3.991,0.000,0.000,0.000,42.0,0.000,
12.11.2025,14:30:22.102,2.719,15.442,6.422,2.828,250.0,250.0,12.062,7.105,3.702,18.479,13.752,8.529,5.223,8.419,4.471,0.463,4.008,4.008,0.000,0.000,0.000,42.0,0.000,
12.11.2025,14:30:23.113,12.235,16.099,7.085,2.870,250.0,250.0,17.372,5.639,2.966,13.539,10.230,6.345,3.885,6.271,4.574,0.519,4.055,4.008,0.000,0.000,0.000,42.0,0.000,
12.11.2025,14:30:24.113,16.313,17.916,8.723,3.044,250.0,250.0,12.793,4.394,2.795,9.037,7.345,4.552,2.793,4.490,4.463,0.463,4.000,4.000,0.000,0.000,0.000,42.0,0.000,
12.11.2025,14:30:25.117,23.110,36.342,26.671,3.396,250.0,250.0,14.642,3.946,2.685,7.437,6.280,3.891,2.389,3.855,4.463,0.463,4.000,4.000,0.000,0.000,1.125,42.0,0.000,
12.11.2025,14:30:26.116,19.032,34.103,25.080,3.262,250.0,250.0,46.711,25.017,8.859,78.665,54.286,33.663,20.623,33.246,7.153,0.632,6.521,6.521,0.000,0.000,0.000,42.0,0.000,
12.11.2025,14:30:27.146,19.032,29.219,21.456,3.262,250.0,250.0,89.797,26.721,8.872,80.631,55.511,34.418,21.093,34.013,11.170,0.836,10.334,10.334,0.000,0.000,0.000,42.0,0.000,
12.11.2025,14:30:28.142,23.110,30.253,22.802,3.043,250.0,250.0,85.241,25.211,8.907,79.216,54.662,33.889,20.773,33.484,7.303,0.732,6.571,6.571,0.000,0.000,0.000,42.0,0.000,
12.11.2025,14:30:29.139,21.750,27.605,19.812,3.251,250.0,250.0,68.217,20.657,8.885,61.931,43.918,27.230,16.688,26.911,7.218,0.672,6.546,6.571,0.000,0.000,0.000,42.0,0.000,
12.11.2025,14:30:30.139,17.672,29.110,21.331,3.337,250.0,250.0,81.883,23.121,8.959,69.206,48.482,30.064,18.418,29.696,9.863,1.067,8.796,6.661,0.000,0.000,0.000,42.0,0.000,
12.11.2025,14:30:31.145,21.750,29.439,21.687,3.315,250.0,250.0,77.325,23.456,8.923,72.540,50.524,31.330,19.194,30.950,7.239,0.638,6.601,6.621,0.000,0.000,0.000,42.0,0.000,
12.11.2025,14:30:32.146,19.032,27.985,20.203,3.315,250.0,250.0,77.600,22.923,8.848,69.094,48.339,29.972,18.367,29.604,9.169,0.942,8.227,6.672,0.000,0.000,0.000,42.0,0.000,
12.11.2025,14:30:33.143,17.672,25.833,18.166,3.275,250.0,250.0,62.590,13.648,4.324,41.430,28.378,17.589,10.789,17.381,5.112,0.556,4.556,6.364,0.000,0.000,0.000,42.0,0.000,
12.11.2025,14:30:34.144,27.188,30.745,20.992,3.293,250.0,250.0,49.375,14.782,4.301,46.857,31.730,19.676,12.054,19.431,4.745,0.480,4.265,4.282,0.002,0.000,0.375,42.0,0.000,
12.11.2025,14:30:35.140,23.110,32.208,22.395,3.264,250.0,250.0,47.733,15.270,4.190,47.018,31.750,19.686,12.064,19.452,7.193,0.874,6.319,4.153,0.000,0.000,0.000,42.0,0.000,
12.11.2025,14:30:36.138,17.672,31.450,21.875,3.319,250.0,250.0,48.644,15.467,4.227,48.045,32.405,20.093,12.312,19.860,6.809,0.807,6.002,4.110,0.000,0.000,0.000,42.0,0.000,
12.11.2025,14:30:37.134,24.469,31.840,22.337,3.275,250.0,250.0,49.059,13.164,4.214,40.318,27.613,17.120,10.493,16.911,5.411,0.649,4.762,4.153,0.000,0.000,0.000,42.0,0.000,
12.11.2025,14:30:38.132,17.672,29.731,20.244,3.281,250.0,250.0,47.573,14.246,4.202,45.105,30.570,18.960,11.610,18.727,4.586,0.476,4.110,4.110,0.000,0.000,0.000,42.0,0.000,
12.11.2025,14:30:39.134,25.829,32.746,23.192,3.293,250.0,250.0,48.411,13.767,4.264,41.355,28.284,17.530,10.754,17.322,7.018,0.844,6.174,4.119,0.000,0.000,0.000,42.0,0.000,
12.11.2025,14:30:40.135,38.063,30.071,20.460,3.359,250.0,250.0,47.142,15.331,4.239,45.926,31.106,19.285,11.821,19.051,6.869,0.844,6.025,8.146,0.000,0.000,0.000,42.0,0.000,
12.11.2025,14:30:41.132,23.110,30.655,21.183,3.306,250.0,250.0,47.892,14.886,4.190,45.560,30.841,19.121,11.720,18.900,7.188,0.877,6.311,4.153,0.000,0.000,0.000,42.0,0.000,
12.11.2025,14:30:42.132,17.672,28.979,19.473,3.291,250.0,250.0,47.407,13.679,4.190,42.877,29.178,18.098,11.080,17.877,4.657,0.479,4.178,4.178,0.000,0.000,0.000,42.0,0.000,
12.11.2025,14:30:43.145,17.672,27.643,18.188,3.263,250.0,250.0,47.677,11.842,4.227,35.865,24.866,15.423,9.443,15.239,4.612,0.476,4.136,4.136,0.001,0.000,0.000,42.0,0.000,
12.11.2025,14:30:44.145,20.391,29.384,19.819,3.292,250.0,250.0,46.513,14.190,4.252,44.154,30.012,18.608,11.404,18.387,5.476,0.625,4.851,4.128,0.000,0.000,0.000,42.0,0.000,
12.11.2025,14:30:45.144,24.469,30.056,20.611,3.271,250.0,250.0,45.725,13.449,4.239,41.986,28.657,17.771,10.886,17.562,4.624,0.480,4.144,4.144,0.000,0.000,0.000,42.0,0.000,
12.11.2025,14:30:46.141,24.469,30.056,20.611,3.271,250.0,250.0,46.010,12.793,4.202,39.372,27.015,16.754,10.261,16.558,4.814,0.514,4.300,4.142,0.000,0.000,0.000,42.0,0.000,
12.11.2025,14:30:47.138,25.829,31.864,22.278,3.325,250.0,250.0,45.452,13.966,4.129,42.047,28.636,17.761,10.875,17.540,7.276,0.905,6.371,4.119,0.001,0.000,0.000,42.0,0.000,
12.11.2025,14:30:48.140,16.313,28.708,19.295,3.254,250.0,250.0,46.509,13.412,4.215,41.751,28.507,17.678,10.829,17.457,4.752,0.520,4.232,4.178,0.000,0.000,0.000,42.0,0.000,
12.11.2025,14:30:49.138,13.594,30.750,21.249,3.250,250.0,250.0,47.546,14.168,4.215,42.757,29.128,18.056,11.072,17.835,7.245,0.902,6.343,4.128,0.000,0.000,0.000,42.0,0.000,
12.11.2025,14:30:50.140,20.391,30.921,21.386,3.281,250.0,250.0,47.077,14.903,4.240,45.594,30.887,19.151,11.736,18.930,7.171,0.874,6.297,4.153,0.000,0.000,0.375,42.0,0.000,
12.11.2025,14:30:51.138,17.672,30.094,20.632,3.256,250.0,250.0,47.776,15.279,4.214,47.032,31.772,19.697,12.075,19.464,7.181,0.884,6.297,4.170,0.000,0.000,0.000,42.0,0.000,
12.11.2025,14:30:52.135,17.672,30.036,20.600,3.251,250.0,250.0,47.435,14.982,4.301,46.143,31.270,19.398,11.872,19.164,6.769,0.814,5.955,4.136,0.001,0.000,0.000,42.0,0.000,
12.11.2025,14:30:53.133,19.032,29.556,20.118,3.221,250.0,250.0,48.050,15.236,4.288,46.806,31.680,19.639,12.041,19.406,7.179,0.880,6.299,4.144,0.000,0.000,0.000,42.0,0.000,
12.11.2025,14:30:54.135,24.469,29.234,19.830,3.207,250.0,250.0,46.751,11.950,4.301,36.171,25.101,15.564,9.537,15.367,4.654,0.484,4.170,4.153,0.000,0.000,0.000,42.0,0.000,
12.11.2025,14:30:55.132,28.547,29.317,19.886,3.230,250.0,250.0,45.828,13.398,4.265,41.741,28.517,17.677,10.840,17.469,4.656,0.478,4.178,4.161,0.001,0.000,0.000,42.0,0.000,
12.11.2025,14:30:56.133,19.032,29.409,19.942,3.250,250.0,250.0,46.781,14.164,4.191,40.795,27.888,17.295,10.593,17.087,4.813,0.526,4.287,14.160,0.000,0.000,0.000,42.0,0.000,
12.11.2025,14:30:57.132,17.672,32.130,22.568,3.309,250.0,250.0,46.355,14.064,4.203,43.926,29.845,18.501,11.344,18.280,5.186,0.572,4.614,4.170,0.000,0.000,0.000,42.0,0.000,
12.11.2025,14:30:58.145,25.829,30.266,20.773,3.276,250.0,250.0,47.165,15.940,4.203,51.048,34.255,21.240,13.015,20.982,5.248,0.572,4.676,4.161,0.000,0.000,0.000,42.0,0.000,
12.11.2025,14:30:59.149,20.391,30.156,20.647,3.291,250.0,250.0,47.836,12.072,4.252,36.674,25.378,15.740,9.638,15.543,4.674,0.528,4.146,4.144,0.001,0.000,0.000,42.0,0.000,
12.11.2025,14:31:0.151,19.032,30.377,20.841,3.331,250.0,250.0,46.436,14.776,4.252,45.088,30.596,18.969,11.627,18.735,7.169,0.865,6.304,4.153,0.000,0.000,0.000,42.0,0.000,
12.11.2025,14:31:1.151,17.672,32.628,23.038,3.306,250.0,250.0,47.733,14.132,4.276,42.542,29.036,17.998,11.038,17.777,7.238,0.897,6.341,4.178,0.001,0.000,0.000,42.0,0.000,
12.11.2025,14:31:2.149,29.907,29.613,20.163,3.303,250.0,250.0,46.331,13.934,4.240,41.668,28.462,17.644,10.818,17.435,7.449,0.967,6.482,4.178,0.000,0.000,0.000,42.0,0.000,
12.11.2025,14:31:3.147,13.594,31.177,21.603,3.334,250.0,250.0,45.119,12.462,4.239,38.197,26.320,16.315,10.005,16.118,4.635,0.482,4.153,4.153,0.000,0.000,0.000,42.0,0.000,
12.11.2025,14:31:4.161,16.313,28.851,19.355,3.298,250.0,250.0,44.113,13.411,4.203,41.832,28.547,17.705,10.842,17.484,4.657,0.479,4.178,4.178,0.000,0.000,0.000,42.0,0.000,
12.11.2025,14:31:5.157,19.032,30.434,20.928,3.281,250.0,250.0,45.378,13.399,4.240,39.680,27.227,16.879,10.348,16.682,7.378,0.946,6.432,4.178,0.000,0.000,0.000,42.0,0.000,
12.11.2025,14:31:6.168,16.313,31.911,22.333,3.312,250.0,250.0,45.512,12.974,4.252,40.039,27.459,17.025,10.434,16.829,4.773,0.502,4.271,4.153,0.000,0.000,0.000,42.0,0.000,
12.11.2025,14:31:7.166,19.032,35.262,25.684,3.339,250.0,250.0,43.973,14.071,4.264,42.374,28.920,17.934,10.986,17.713,7.163,0.874,6.289,4.195,0.000,0.000,0.000,42.0,0.000,
12.11.2025,14:31:8.177,21.750,31.741,22.211,3.303,250.0,250.0,45.016,13.933,4.263,41.780,28.548,17.698,10.850,17.490,7.254,0.898,6.356,4.195,0.000,0.000,0.000,42.0,0.000,
12.11.2025,14:31:9.180,17.672,32.533,22.997,3.298,250.0,250.0,46.352,12.512,4.214,38.261,26.334,16.333,10.001,16.137,4.832,0.553,4.279,4.178,0.000,0.000,0.000,42.0,0.000,
12.11.2025,14:31:10.189,20.391,32.341,22.760,3.363,250.0,250.0,44.058,10.537,4.105,30.989,21.768,13.493,8.275,13.334,4.636,0.475,4.161,4.136,0.000,0.000,0.000,42.0,0.000,
12.11.2025,14:31:11.189,24.469,30.808,21.306,3.310,250.0,250.0,42.487,13.471,4.140,40.141,27.453,17.022,10.431,16.825,7.272,0.935,6.337,4.153,0.000,0.000,0.000,42.0,0.000,
12.11.2025,14:31:12.180,21.750,30.723,21.094,3.403,250.0,250.0,45.646,15.657,4.214,48.448,32.644,20.249,12.395,20.004,7.223,0.906,6.317,4.170,0.000,0.000,0.000,42.0,0.000,
12.11.2025,14:31:13.189,14.953,30.537,20.992,3.326,250.0,250.0,45.636,14.614,4.288,44.262,30.106,18.667,11.439,18.434,7.381,0.968,6.413,4.186,0.000,0.000,0.000,42.0,0.000,
12.11.2025,14:31:14.191,21.750,31.349,21.811,3.323,250.0,250.0,45.635,12.249,4.263,37.227,25.724,15.955,9.769,15.758,4.688,0.518,4.170,4.415,0.005,0.000,0.000,42.0,0.000,
12.11.2025,14:31:15.181,19.032,31.366,21.781,3.327,250.0,250.0,45.102,12.976,4.325,39.956,27.455,17.023,10.432,16.814,4.792,0.550,4.242,4.170,0.000,0.000,0.000,42.0,0.000,
12.11.2025,14:31:16.185,25.829,31.761,22.285,3.304,250.0,250.0,44.567,13.914,4.300,41.852,28.619,17.746,10.873,17.525,7.026,0.906,6.120,4.178,0.000,0.000,0.000,42.0,0.000,
12.11.2025,14:31:17.190,24.469,31.769,22.206,3.320,250.0,250.0,45.995,11.902,4.264,36.017,24.983,15.493,9.490,15.296,4.656,0.486,4.170,4.170,0.000,0.000,0.000,42.0,0.000,
12.11.2025,14:31:18.189,19.032,31.046,21.514,3.305,250.0,250.0,44.835,13.467,4.178,40.814,27.894,17.299,10.595,17.090,6.313,0.878,5.435,4.178,0.000,0.000,0.000,42.0,0.000,
12.11.2025,14:31:19.188,17.672,29.647,20.119,3.294,250.0,250.0,45.506,12.906,4.215,39.901,27.349,16.960,10.389,16.763,4.655,0.485,4.170,4.170,0.000,0.000,0.000,42.0,0.000,
12.11.2025,14:31:20.187,19.032,30.633,21.122,3.324,250.0,250.0,45.429,12.142,4.214,36.988,25.550,15.843,9.707,15.646,4.649,0.479,4.170,4.170,0.000,0.000,0.000,42.0,0.000,
12.11.2025,14:31:21.188,27.188,29.317,19.788,3.284,250.0,250.0,46.112,13.431,4.203,41.558,28.371,17.592,10.779,17.384,5.120,0.580,4.540,4.178,0.000,0.000,0.000,42.0,0.000,
12.11.2025,14:31:22.187,19.032,32.022,22.523,3.312,250.0,250.0,45.826,13.973,4.227,39.021,26.816,16.625,10.191,16.428,4.676,0.481,4.195,17.069,0.000,0.000,0.000,42.0,0.000,
12.11.2025,14:31:23.189,17.672,30.133,20.638,3.295,250.0,250.0,45.471,13.044,4.179,40.316,27.588,17.115,10.473,16.906,4.824,0.530,4.294,4.212,0.000,0.000,0.000,42.0,0.000,
12.11.2025,14:31:24.179,19.032,29.582,20.059,3.320,250.0,250.0,45.921,12.457,4.264,38.122,26.290,16.295,9.995,16.098,4.662,0.484,4.178,4.186,0.000,0.000,0.000,42.0,0.000,
12.11.2025,14:31:25.189,20.391,32.303,22.717,3.329,250.0,250.0,45.102,14.700,4.276,43.085,29.367,18.207,11.160,17.986,4.663,0.485,4.178,13.588,0.000,0.000,0.000,42.0,0.000,
12.11.2025,14:31:26.187,14.953,35.717,25.737,3.684,250.0,250.0,46.496,12.878,4.239,39.164,26.916,16.692,10.224,16.483,5.418,0.620,4.798,4.221,0.000,0.000,0.000,42.0,0.000,
12.11.2025,14:31:27.187,19.032,33.450,23.789,3.408,250.0,250.0,46.229,14.779,4.202,45.105,30.570,18.960,11.610,18.727,7.216,0.874,6.342,4.178,0.000,0.000,0.000,42.0,0.000,
12.11.2025,14:31:28.184,20.391,32.280,22.692,3.324,250.0,250.0,46.684,13.608,4.227,40.521,27.741,17.209,10.532,17.001,7.334,0.919,6.415,4.178,0.000,0.000,0.000,42.0,0.000,
12.11.2025,14:31:29.199,19.032,29.869,20.353,3.338,250.0,250.0,45.276,14.134,4.215,42.630,29.039,18.005,11.034,17.797,7.209,0.875,6.334,4.204,0.000,0.000,0.000,42.0,0.000,
12.11.2025,14:31:30.194,20.391,30.500,20.898,3.327,250.0,250.0,44.874,13.839,4.215,41.607,28.413,17.620,10.793,17.399,7.078,0.861,6.217,4.186,0.000,0.000,0.000,42.0,0.000,
12.11.2025,14:31:31.195,14.953,29.714,20.183,3.323,250.0,250.0,45.521,13.177,4.264,40.347,27.672,17.151,10.521,16.942,5.349,0.581,4.768,4.178,0.000,0.000,0.000,42.0,0.000,
12.11.2025,14:31:32.207,17.672,30.116,20.616,3.315,250.0,250.0,41.263,7.728,3.836,20.497,15.092,9.365,5.727,9.255,4.666,0.488,4.178,4.178,0.000,0.000,0.000,42.0,0.000,
12.11.2025,14:31:33.196,19.032,26.938,17.528,3.190,250.0,250.0,40.904,14.542,4.215,44.153,29.990,18.598,11.392,18.377,7.250,0.893,6.357,4.195,0.000,0.000,0.000,42.0,0.000,
12.11.2025,14:31:34.205,19.032,29.092,19.689,3.165,250.0,250.0,45.361,13.996,4.239,43.396,29.531,18.312,11.219,18.091,5.465,0.598,4.867,4.238,0.000,0.000,0.000,42.0,0.000,
12.11.2025,14:31:35.204,10.875,30.313,20.798,3.278,250.0,250.0,46.514,13.759,4.300,42.096,28.766,17.839,10.927,17.631,5.898,0.676,5.222,4.238,0.000,0.000,0.000,42.0,0.000,
12.11.2025,14:31:36.203,16.313,29.271,19.794,3.310,250.0,250.0,46.078,12.575,4.251,38.585,26.568,16.476,10.092,16.279,4.662,0.484,4.178,4.178,0.000,0.000,0.000,42.0,0.000,
12.11.2025,14:31:37.201,24.469,31.891,22.327,3.336,250.0,250.0,44.993,13.976,4.289,41.915,28.648,17.761,10.887,17.540,7.259,0.893,6.366,4.204,0.000,0.000,0.000,42.0,0.000,
12.11.2025,14:31:38.200,23.110,31.866,22.399,3.265,250.0,250.0,46.272,13.712,4.312,42.018,28.729,17.819,10.910,17.599,4.724,0.486,4.238,6.282,0.000,0.000,0.000,42.0,0.000,
12.11.2025,14:31:39.216,24.469,30.598,21.053,3.305,250.0,250.0,45.953,12.905,4.300,39.018,26.858,16.657,10.201,16.461,5.678,0.648,5.030,4.195,0.000,0.000,0.000,42.0,0.000,
12.11.2025,14:31:40.224,21.750,30.742,21.255,3.269,250.0,250.0,46.517,11.946,4.215,36.194,25.056,15.542,9.514,15.358,4.691,0.487,4.204,4.204,0.000,0.000,0.000,42.0,0.000,
12.11.2025,14:31:41.224,28.547,30.011,20.510,3.276,250.0,250.0,46.786,14.776,4.179,45.063,30.536,18.933,11.603,18.700,7.266,0.893,6.373,4.212,0.000,0.000,0.000,42.0,0.000,
12.11.2025,14:31:42.218,17.672,28.328,18.919,3.254,250.0,250.0,46.547,14.776,4.178,49.191,33.091,20.522,12.569,20.264,4.830,0.528,4.302,4.238,0.000,0.000,0.000,42.0,0.000,
12.11.2025,14:31:43.210,27.188,31.085,21.551,3.267,250.0,250.0,47.910,15.371,4.252,37.703,26.012,16.138,9.874,15.942,5.028,0.545,4.483,4.212,0.000,0.000,0.000,42.0,0.000,
12.11.2025,14:31:44.214,20.391,30.069,20.633,3.288,250.0,250.0,46.993,12.419,4.301,43.479,29.621,18.365,11.256,18.144,6.728,0.805,5.923,4.195,0.000,0.000,0.000,42.0,0.000,
12.11.2025,14:31:45.223,14.953,29.445,19.949,3.259,250.0,250.0,46.915,14.282,4.301,39.892,27.406,16.994,10.412,16.785,4.685,0.481,4.204,4.204,0.001,0.000,0.000,42.0,1.375,
12.11.2025,14:31:46.210,25.829,31.014,21.499,3.289,250.0,250.0,46.915,12.936,4.301,39.892,27.406,16.994,10.412,16.785,4.685,0.481,4.204,4.204,0.000,0.000,0.000,42.0,0.000,
12.11.2025,14:31:47.238,25.829,33.403,23.802,3.323,250.0,250.0,46.333,13.864,4.276,45.447,30.822,19.112,11.710,18.891,6.734,0.790,5.944,4.204,0.000,0.000,0.000,42.0,0.000,
12.11.2025,14:31:48.231,25.829,30.532,21.031,3.293,250.0,250.0,46.333,14.793,4.276,45.447,30.822,19.112,11.710,18.891,6.734,0.790,5.944,4.204,0.001,0.000,0.000,42.0,0.000,
12.11.2025,14:31:49.226,17.672,30.833,21.383,3.280,250.0,250.0,46.254,14.723,4.252,46.385,31.388,19.469,11.919,19.236,5.187,0.577,4.610,4.212,0.000,0.000,0.000,42.0,0.000,
12.11.2025,14:31:50.226,20.391,30.281,20.754,3.269,250.0,250.0,46.286,13.989,4.252,43.928,29.875,18.522,11.353,18.301,4.724,0.486,4.238,4.212,0.000,0.000,0.000,42.0,0.000,
12.11.2025,14:31:51.228,31.266,32.480,22.980,3.263,250.0,250.0,45.678,13.670,4.251,42.682,29.097,18.040,11.057,17.831,4.701,0.489,4.212,4.335,0.000,0.000,0.000,42.0,0.000,
12.11.2025,14:31:52.231,17.672,30.096,20.624,3.255,250.0,250.0,46.533,13.322,4.289,39.409,27.087,16.802,10.285,16.594,7.258,0.877,6.381,4.238,0.001,0.000,0.000,42.0,0.000,
12.11.2025,14:31:53.233,17.672,30.660,21.228,3.256,250.0,250.0,47.490,10.791,4.252,31.744,22.325,13.840,8.485,13.680,4.694,0.482,4.212,4.195,0.000,0.000,0.000,42.0,0.000,
12.11.2025,14:31:54.232,16.313,28.186,18.563,3.369,250.0,250.0,42.980,13.949,4.253,41.938,28.633,17.754,10.879,17.545,7.144,0.855,6.289,4.204,0.000,0.000,0.000,42.0,0.000,
12.11.2025,14:31:55.227,14.953,30.968,21.422,3.320,250.0,250.0,45.510,14.728,4.190,44.839,30.401,18.852,11.549,18.619,7.301,0.916,6.385,4.230,0.000,0.000,0.000,42.0,0.000,
12.11.2025,14:31:56.238,17.672,30.786,21.276,3.310,250.0,250.0,44.828,14.561,4.227,44.163,29.994,18.593,11.401,18.372,7.315,0.923,6.392,4.230,0.000,0.000,0.000,42.0,0.000,
12.11.2025,14:31:57.230,21.750,32.028,22.391,3.362,250.0,250.0,45.530,14.868,4.140,45.406,30.712,19.043,11.669,18.822,7.324,0.926,6.398,4.238,0.000,0.000,0.000,42.0,1.000,
12.11.2025,14:31:58.232,10.875,31.193,21.626,3.334,250.0,250.0,46.114,14.271,4.189,42.985,29.247,18.140,11.107,17.919,7.445,1.038,6.407,4.238,0.000,0.000,0.000,42.0,0.000,
12.11.2025,14:31:59.231,19.032,31.497,21.978,3.350,250.0,250.0,45.540,14.337,4.263,44.154,30.022,18.619,11.403,18.386,6.127,0.696,5.431,4.263,0.000,0.000,0.000,42.0,0.000,
12.11.2025,14:32:0.239,20.391,31.603,22.032,3.327,250.0,250.0,45.754,12.669,4.189,38.963,26.761,16.589,10.172,16.392,4.704,0.483,4.221,4.221,0.000,0.000,0.000,42.0,0.375,
12.11.2025,14:32:1.231,20.391,30.370,20.831,3.315,250.0,250.0,44.846,14.574,4.251,43.528,29.623,18.370,11.253,18.150,6.130,0.746,5.384,8.309,0.000,0.000,0.000,42.0,0.000,
12.11.2025,14:32:2.249,19.032,33.033,23.455,3.318,250.0,250.0,44.751,13.820,4.312,42.685,29.133,18.064,11.069,17.856,5.415,0.588,4.827,4.246,0.000,0.000,0.000,42.0,0.000,
12.11.2025,14:32:3.248,27.188,28.396,18.959,3.260,250.0,250.0,46.165,15.145,4.299,46.145,31.283,19.391,11.892,19.157,7.518,1.033,6.485,4.246,0.000,0.000,0.000,42.0,0.000,
12.11.2025,14:32:4.248,36.704,30.671,21.140,3.272,250.0,250.0,45.775,13.618,4.239,42.022,28.683,17.784,10.899,17.563,5.378,0.643,4.735,4.230,0.000,0.000,0.750,42.0,0.000,
12.11.2025,14:32:5.246,20.391,29.711,20.186,3.301,250.0,250.0,45.777,12.497,4.202,38.188,26.286,16.304,9.982,16.108,4.817,0.551,4.266,4.263,0.000,0.000,0.000,42.0,0.000,
12.11.2025,14:32:6.251,21.750,30.354,20.788,3.305,250.0,250.0,46.804,14.036,4.227,42.884,29.206,18.108,11.098,17.899,6.357,0.934,5.423,4.221,0.000,0.000,0.000,42.0,0.000,
12.11.2025,14:32:7.252,25.829,32.716,23.133,3.348,250.0,250.0,46.057,14.350,4.300,42.898,29.258,18.139,11.119,17.930,5.757,0.775,4.982,8.338,0.000,0.000,0.000,42.0,0.000,
12.11.2025,14:32:8.248,20.391,29.397,19.881,3.323,250.0,250.0,46.084,14.610,4.325,44.226,30.099,18.658,11.441,18.437,7.320,0.885,6.435,4.272,0.000,0.000,0.000,42.0,0.000,
12.11.2025,14:32:9.248,17.672,33.530,23.987,3.330,250.0,250.0,45.862,16.196,4.301,50.351,33.884,21.010,12.874,20.752,7.274,0.879,6.395,4.238,0.000,0.000,0.375,42.0,0.000,
12.11.2025,14:32:10.246,20.391,30.420,20.893,3.280,250.0,250.0,45.954,14.058,4.263,42.208,28.819,17.870,10.949,17.649,7.286,0.905,6.381,4.246,0.001,0.000,0.000,42.0,0.000,
12.11.2025,14:32:11.245,24.469,32.145,22.682,3.274,250.0,250.0,47.162,14.665,4.300,45.145,30.658,19.011,11.647,18.777,6.438,0.790,5.648,4.238,0.000,0.000,0.000,42.0,0.000,
12.11.2025,14:32:12.249,21.750,32.062,22.551,3.299,250.0,250.0,46.527,14.742,4.264,44.734,30.379,18.841,11.538,18.608,7.399,0.919,6.480,4.255,0.000,0.000,0.000,42.0,0.000,
12.11.2025,14:32:13.252,16.313,30.354,20.869,3.274,250.0,250.0,47.140,14.564,4.227,44.417,30.161,18.696,11.465,18.475,5.830,0.699,5.131,6.538,0.000,0.000,0.000,42.0,0.000,
12.11.2025,14:32:14.266,33.985,30.902,21.340,3.298,250.0,250.0,46.382,14.922,4.264,45.503,30.850,19.126,11.724,18.905,7.296,0.900,6.396,4.255,0.000,0.000,0.000,42.0,0.000,
12.11.2025,14:32:15.263,20.391,31.349,21.893,3.295,250.0,250.0,46.536,13.469,4.277,40.917,28.015,17.371,10.644,17.162,6.008,0.767,5.241,4.289,0.000,0.000,0.000,42.0,0.000,
12.11.2025,14:32:16.267,20.391,30.128,20.576,3.340,250.0,250.0,45.437,14.732,4.264,44.650,30.335,18.807,11.528,18.574,7.451,1.019,6.432,4.255,0.001,0.000,0.000,42.0,0.000,
12.11.2025,14:32:17.260,17.672,32.452,22.882,3.302,250.0,250.0,45.539,14.751,4.288,44.841,30.460,18.887,11.573,18.654,7.285,0.880,6.405,4.238,0.000,0.000,0.000,42.0,0.000,
12.11.2025,14:32:18.266,21.750,31.856,22.330,3.311,250.0,250.0,46.782,15.097,4.277,46.062,31.209,19.361,11.848,19.128,7.419,0.963,6.456,4.246,0.000,0.000,0.000,42.0,0.000,
12.11.2025,14:32:19.263,17.672,31.773,22.185,3.331,250.0,250.0,48.312,14.575,4.264,44.326,30.125,18.684,11.441,18.450,7.084,0.843,6.241,4.289,0.000,0.000,0.000,42.0,0.000,
12.11.2025,14:32:20.263,27.188,31.603,22.125,3.315,250.0,250.0,46.520,12.187,4.302,36.953,25.576,15.864,9.712,15.667,4.778,0.530,4.248,4.246,0.000,0.000,0.000,42.0,0.000,
12.11.2025,14:32:21.264,28.547,31.776,22.181,3.317,250.0,250.0,46.336,14.342,4.288,43.168,29.423,18.253,11.170,18.032,7.393,0.931,6.462,4.298,0.000,0.000,0.000,42.0,0.000,
12.11.2025,14:32:22.264,16.313,30.634,21.109,3.311,250.0,250.0,47.508,12.231,4.312,37.035,25.640,15.895,9.745,15.711,4.862,0.514,4.348,4.246,0.000,0.000,0.000,42.0,0.000,
12.11.2025,14:32:23.258,13.594,30.621,21.147,3.286,250.0,250.0,46.811,15.571,4.313,48.033,32.452,20.129,12.323,19.884,7.157,0.925,6.232,4.263,0.000,0.000,0.000,42.0,0.000,
12.11.2025,14:32:24.270,27.188,30.807,21.239,3.324,250.0,250.0,46.504,13.308,4.349,41.210,28.253,17.514,10.739,17.306,4.732,0.486,4.246,4.246,0.000,0.000,0.000,42.0,0.000,
12.11.2025,14:32:25.262,14.953,28.806,19.306,3.313,250.0,250.0,46.386,14.828,4.325,45.035,30.597,18.974,11.623,18.753,7.357,0.932,6.425,4.263,0.001,0.000,0.000,42.0,0.000,
12.11.2025,14:32:26.270,27.188,35.407,25.629,3.500,250.0,250.0,46.782,14.169,4.313,42.527,29.041,18.006,11.035,17.785,7.363,0.941,6.422,4.255,0.000,0.000,0.000,42.0,0.000,
12.11.2025,14:32:27.267,17.672,36.042,26.083,3.632,250.0,250.0,44.662,12.105,4.239,36.729,25.398,15.749,9.649,15.565,4.738,0.492,4.246,4.246,0.000,0.000,0.875,42.0,0.000,
12.11.2025,14:32:28.266,21.750,31.645,22.096,3.344,250.0,250.0,46.433,14.110,4.227,42.423,28.921,17.935,10.986,17.726,7.320,0.897,6.423,4.246,0.000,0.000,0.000,42.0,0.000,
12.11.2025,14:32:29.268,27.188,29.913,20.338,3.343,250.0,250.0,45.607,13.791,4.264,37.520,25.905,16.071,9.834,15.875,4.780,0.491,4.289,18.879,0.000,0.000,0.000,42.0,0.000,
12.11.2025,14:32:30.269,19.032,30.071,20.557,3.319,250.0,250.0,46.249,14.162,4.276,43.532,29.638,18.384,11.254,18.164,6.060,0.700,5.360,4.255,0.000,0.000,0.000,42.0,0.000,
12.11.2025,14:32:31.264,16.313,31.097,21.585,3.311,250.0,250.0,46.500,14.255,4.275,44.873,30.474,18.900,11.574,18.667,4.762,0.490,4.272,4.263,0.000,0.000,0.000,42.0,0.000,
12.11.2025,14:32:32.269,20.391,28.461,18.880,3.334,250.0,250.0,46.822,15.445,4.314,47.854,32.339,20.049,12.290,19.816,6.761,0.805,5.956,4.263,0.001,0.000,0.000,42.0,0.000,
12.11.2025,14:32:33.257,19.032,30.096,20.579,3.309,250.0,250.0,46.628,13.961,4.300,43.606,29.705,18.425,11.280,18.204,4.920,0.537,4.383,4.255,0.000,0.000,0.000,42.0,0.000,
12.11.2025,14:32:34.272,21.750,29.488,20.048,3.304,250.0,250.0,46.719,15.608,4.313,48.031,32.447,20.126,12.321,19.881,7.330,0.907,6.423,4.298,0.000,0.000,0.000,42.0,0.000,
12.11.2025,14:32:35.267,16.313,31.878,22.350,3.302,250.0,250.0,46.911,12.804,4.264,38.559,26.560,16.471,10.089,16.263,5.771,0.654,5.117,4.289,0.000,0.000,0.000,42.0,0.000,
12.11.2025,14:32:36.263,27.188,31.391,21.830,3.348,250.0,250.0,46.708,13.488,4.239,40.993,28.045,17.392,10.653,17.183,6.062,0.687,5.375,4.246,0.000,0.000,0.000,42.0,0.125,
12.11.2025,14:32:37.267,16.313,28.843,19.171,3.415,250.0,250.0,42.271,14.973,4.301,47.007,31.806,19.727,12.079,19.494,5.531,0.605,4.926,4.255,0.000,0.000,0.000,42.0,0.000,
12.11.2025,14:32:38.265,12.235,30.888,21.217,3.406,250.0,250.0,44.297,13.464,4.299,41.843,28.616,17.744,10.872,17.523,4.744,0.489,4.255,4.255,0.000,0.000,0.000,42.0,0.000,
12.11.2025,14:32:39.258,21.750,29.777,20.190,3.397,250.0,250.0,45.655,12.361,4.324,37.296,25.807,16.002,9.805,15.805,5.142,0.561,4.581,4.289,0.000,0.000,0.000,42.0,0.250,
12.11.2025,14:32:40.265,16.313,29.126,19.545,3.355,250.0,250.0,45.532,13.941,4.312,41.637,28.494,17.671,10.823,17.450,7.382,0.925,6.457,4.263,0.000,0.000,0.000,42.0,0.000,
12.11.2025,14:32:41.261,17.672,30.721,21.134,3.363,250.0,250.0,44.844,15.398,4.251,47.871,32.316,20.035,12.281,19.790,6.584,0.787,5.797,4.272,0.000,0.000,0.000,42.0,0.000,
12.11.2025,14:32:42.261,27.188,31.452,21.897,3.350,250.0,250.0,44.557,15.062,4.275,45.953,31.146,19.304,11.842,19.071,7.369,0.916,6.453,4.289,0.000,0.000,0.000,42.0,0.000,
12.11.2025,14:32:43.259,33.985,29.326,19.754,3.344,250.0,250.0,45.994,14.815,4.300,44.990,30.560,18.949,11.611,18.716,7.366,0.913,6.453,4.289,0.000,0.000,0.000,42.0,0.000,
12.11.2025,14:32:44.258,19.032,28.171,18.554,3.341,250.0,250.0,45.668,12.177,4.313,36.889,25.545,15.835,9.710,15.651,4.772,0.491,4.281,4.281,0.000,0.000,0.000,42.0,0.000,
12.11.2025,14:32:45.264,19.032,28.252,18.714,3.335,250.0,250.0,47.131,14.453,4.300,43.590,29.694,18.413,11.281,18.192,7.387,0.937,6.450,4.289,0.000,0.000,0.500,42.0,0.000,
12.11.2025,14:32:46.271,19.032,29.844,20.166,3.403,250.0,250.0,45.700,13.454,4.313,39.800,27.351,16.965,10.386,16.756,7.339,0.891,6.448,4.289,0.000,0.000,0.000,42.0,0.000,
12.11.2025,14:32:47.271,20.391,30.306,20.762,3.348,250.0,250.0,44.968,15.062,4.349,46.009,31.222,19.366,11.856,19.133,7.193,0.856,6.337,4.298,0.000,0.000,0.000,42.0,0.000,
12.11.2025,14:32:48.256,16.313,27.781,18.302,3.229,250.0,250.0,42.195,7.631,3.996,19.874,14.812,9.182,5.630,9.072,4.744,0.489,4.255,4.255,0.000,0.000,0.000,42.0,0.000,
12.11.2025,14:32:49.257,16.313,27.781,18.302,3.229,250.0,250.0,41.555,15.050,4.276,45.364,30.784,19.086,11.698,18.853,6.196,0.714,5.482,8.048,0.000,0.000,0.750,42.0,0.000,
12.11.2025,14:32:50.270,19.032,27.816,18.405,3.270,250.0,250.0,46.151,14.465,4.239,44.701,30.337,18.813,11.524,18.592,6.073,0.689,5.384,4.298,0.000,0.000,0.000,42.0,0.000,
12.11.2025,14:32:51.271,31.266,29.167,19.572,3.330,250.0,250.0,45.626,13.917,4.239,42.288,28.845,17.884,10.961,17.676,6.494,0.851,5.643,4.289,0.001,0.000,0.000,42.0,0.000,
12.11.2025,14:32:52.268,27.188,30.156,20.633,3.349,250.0,250.0,45.413,13.167,4.288,40.640,27.860,17.268,10.592,17.060,4.836,0.546,4.290,4.289,0.000,0.000,0.000,42.0,0.000,
12.11.2025,14:32:53.267,20.391,29.502,19.895,3.340,250.0,250.0,46.396,13.719,4.313,40.816,27.981,17.353,10.628,17.133,7.327,0.890,6.437,4.306,0.000,0.000,0.000,42.0,0.000,
12.11.2025,14:32:54.267,19.032,29.904,20.411,3.338,250.0,250.0,46.665,15.213,4.288,46.520,31.499,19.535,11.964,19.302,7.371,0.889,6.482,4.281,0.000,0.000,0.000,42.0,0.000,
12.11.2025,14:32:55.263,31.266,30.753,21.164,3.310,250.0,250.0,46.408,14.681,4.337,44.435,30.246,18.757,11.489,18.524,7.352,0.904,6.448,4.322,0.001,0.000,0.000,42.0,0.000,
12.11.2025,14:32:56.262,17.672,30.662,21.128,3.321,250.0,250.0,46.485,14.519,4.313,43.882,29.887,18.534,11.353,18.301,7.319,0.884,6.435,4.281,0.000,0.000,0.000,42.0,0.000,
12.11.2025,14:32:57.266,14.953,32.066,22.523,3.340,250.0,250.0,44.293,13.428,4.312,40.892,28.028,17.376,10.652,17.167,5.773,0.719,5.054,4.306,0.000,0.000,0.000,42.0,0.000,
12.11.2025,14:32:58.268,19.032,30.468,20.891,3.286,250.0,250.0,46.296,17.578,4.313,47.249,31.970,19.820,12.150,19.587,6.158,0.778,5.380,28.374,0.000,0.000,0.000,42.0,0.000,
12.11.2025,14:32:59.270,17.672,30.061,20.608,3.277,250.0,250.0,45.887,13.904,4.276,41.521,28.401,17.612,10.789,17.391,7.358,0.893,6.465,4.331,0.000,0.000,0.000,42.0,0.000,
12.11.2025,14:33:0.268,20.391,29.336,19.790,3.314,250.0,250.0,45.006,14.774,4.287,43.092,29.376,18.222,11.154,18.001,5.064,0.593,4.471,13.475,0.000,0.000,0.000,42.0,0.000,
12.11.2025,14:33:1.268,19.032,29.511,20.014,3.286,250.0,250.0,46.441,14.603,4.287,44.329,30.146,18.694,11.452,18.473,7.149,0.894,6.255,4.348,0.000,0.000,0.000,42.0,0.000,
12.11.2025,14:33:2.264,16.313,31.217,21.704,3.294,250.0,250.0,45.680,14.079,4.313,41.992,28.711,17.799,10.912,17.590,7.582,0.993,6.589,4.306,0.000,0.000,0.000,42.0,0.000,
12.11.2025,14:33:3.267,17.672,30.229,20.722,3.310,250.0,250.0,47.383,15.164,4.300,48.047,32.465,20.130,12.335,19.884,5.074,0.592,4.482,4.331,0.000,0.000,0.000,42.0,0.000,
12.11.2025,14:33:4.268,19.032,28.549,19.015,3.305,250.0,250.0,45.468,12.166,4.287,36.848,25.519,15.822,9.697,15.625,4.786,0.497,4.289,4.289,0.000,0.000,0.000,42.0,0.000,
12.11.2025,14:33:5.260,24.469,29.730,20.171,3.289,250.0,250.0,45.945,13.247,4.239,40.915,27.994,17.366,10.628,17.158,4.918,0.585,4.333,4.331,0.000,0.000,0.000,42.0,0.125,
12.11.2025,14:33:6.257,20.391,30.912,21.414,3.289,250.0,250.0,46.722,12.160,4.263,36.842,25.493,15.809,9.684,15.612,4.798,0.500,4.298,4.298,0.000,0.000,0.000,42.0,0.000,
12.11.2025,14:33:7.272,20.391,30.936,21.381,3.352,250.0,250.0,48.679,13.304,4.336,41.109,28.178,17.476,10.702,17.268,4.822,0.500,4.322,4.322,0.000,0.000,0.000,42.0,0.000,
12.11.2025,14:33:8.275,20.391,27.423,17.852,3.303,250.0,250.0,47.294,12.166,4.326,36.806,25.504,15.815,9.689,15.631,4.798,0.500,4.298,4.298,0.000,0.000,0.000,42.0,0.000,
12.11.2025,14:33:9.290,20.391,30.183,20.754,3.285,250.0,250.0,47.989,14.377,4.362,43.142,29.452,18.268,11.184,18.047,7.503,0.955,6.548,4.314,0.001,0.000,0.000,42.0,0.000,
12.11.2025,14:33:10.289,19.032,30.619,21.030,3.342,250.0,250.0,48.085,15.385,4.349,47.196,31.961,19.822,12.139,19.576,7.248,0.907,6.341,4.314,0.000,0.000,0.250,42.0,0.000,
12.11.2025,14:33:11.295,21.750,27.155,17.652,3.285,250.0,250.0,48.960,14.768,4.349,46.672,31.644,19.615,12.029,19.381,4.828,0.497,4.331,4.331,0.000,0.000,0.000,42.0,0.375,
12.11.2025,14:33:12.296,19.032,29.563,20.015,3.278,250.0,250.0,47.921,15.226,4.275,46.427,31.450,19.493,11.957,19.260,7.545,0.931,6.614,4.306,0.000,0.000,0.000,42.0,0.000,
12.11.2025,14:33:13.292,20.391,30.809,21.327,3.292,250.0,250.0,46.635,14.465,4.287,43.649,29.719,18.430,11.289,18.210,7.370,0.892,6.478,4.322,0.000,0.000,0.000,42.0,0.000,
12.11.2025,14:33:14.288,17.672,30.513,20.972,3.290,250.0,250.0,48.030,13.862,4.264,41.299,28.251,17.520,10.731,17.311,7.470,0.946,6.524,4.306,0.000,0.000,0.000,42.0,0.000,
12.11.2025,14:33:15.315,19.032,30.299,20.793,3.315,250.0,250.0,48.543,14.721,4.313,45.425,30.843,19.122,11.721,18.889,6.264,0.739,5.525,4.374,0.000,0.000,0.000,42.0,0.000,
12.11.2025,14:33:16.303,38.063,27.709,18.194,3.285,250.0,250.0,46.857,15.079,4.276,46.494,31.476,19.511,11.965,19.278,6.718,0.795,5.923,4.357,0.001,0.000,0.000,42.0,0.000,
12.11.2025,14:33:17.318,16.313,33.343,23.766,3.352,250.0,250.0,47.516,12.887,4.288,39.549,27.177,16.854,10.323,16.658,4.842,0.503,4.339,4.339,0.000,0.000,0.000,42.0,0.000,
12.11.2025,14:33:18.307,19.032,29.258,19.729,3.317,250.0,250.0,46.802,14.147,4.288,43.645,29.723,18.433,11.290,18.200,5.763,0.670,5.093,4.365,0.000,0.000,0.000,42.0,0.000,
12.11.2025,14:33:19.309,27.188,32.110,22.591,3.302,250.0,250.0,48.033,12.631,4.301,38.579,26.585,16.484,10.101,16.287,4.827,0.502,4.325,4.322,0.000,0.000,0.000,42.0,0.000,
12.11.2025,14:33:20.306,12.235,30.811,21.191,3.354,250.0,250.0,44.377,14.889,4.299,45.238,30.714,19.044,11.670,18.823,7.400,0.911,6.489,4.306,0.001,0.000,0.000,42.0,0.000,
12.11.2025,14:33:21.304,17.672,26.526,16.974,3.350,250.0,250.0,45.055,13.910,4.288,42.803,29.198,18.103,11.095,17.882,5.646,0.624,5.022,4.443,0.000,0.000,0.000,42.0,0.000,
12.11.2025,14:33:22.315,20.391,28.181,18.587,3.374,250.0,250.0,45.699,13.818,4.288,41.069,28.128,17.439,10.689,17.231,7.502,0.955,6.547,4.331,0.000,0.000,0.000,42.0,0.000,
12.11.2025,14:33:23.310,20.391,28.136,18.493,3.387,250.0,250.0,46.573,12.629,4.325,38.559,26.596,16.495,10.101,16.286,4.801,0.495,4.306,4.322,0.000,0.000,0.000,42.0,0.000,
12.11.2025,14:33:24.314,21.750,28.977,19.362,3.338,250.0,250.0,45.843,13.477,4.313,41.752,28.567,17.714,10.853,17.493,4.862,0.505,4.357,4.357,0.000,0.000,0.000,42.0,0.000,
12.11.2025,14:33:25.314,25.829,29.561,20.042,3.340,250.0,250.0,46.777,12.561,4.263,38.352,26.430,16.388,10.042,16.192,4.814,0.500,4.314,4.314,0.000,0.000,0.000,42.0,0.000,
12.11.2025,14:33:26.307,25.829,28.186,18.563,3.361,250.0,250.0,44.932,12.352,4.263,37.500,25.897,16.066,9.831,15.870,4.865,0.500,4.365,4.365,0.001,0.000,0.000,42.0,0.000,
12.11.2025,14:33:27.304,20.391,28.524,18.904,3.398,250.0,250.0,45.515,12.081,4.264,36.479,25.268,15.666,9.602,15.482,4.850,0.502,4.348,4.348,0.000,0.000,0.000,42.0,0.000,
12.11.2025,14:33:28.318,16.313,34.529,24.648,3.586,250.0,250.0,45.713,14.828,4.276,44.949,30.529,18.929,11.600,18.695,7.487,0.924,6.563,4.331,0.000,0.000,0.000,42.0,0.000,
12.11.2025,14:33:29.314,21.750,34.460,24.568,3.580,250.0,250.0,46.499,14.648,4.288,44.181,30.057,18.631,11.426,18.410,7.578,0.942,6.636,4.331,0.000,0.000,0.000,42.0,0.000,
12.11.2025,14:33:30.306,17.672,31.089,21.530,3.366,250.0,250.0,47.162,14.729,4.276,44.526,30.270,18.768,11.502,18.535,7.526,0.926,6.600,4.365,0.000,0.000,0.000,42.0,0.000,
12.11.2025,14:33:31.308,20.391,30.505,20.891,3.369,250.0,250.0,47.795,12.952,4.349,39.709,27.326,16.941,10.385,16.744,4.856,0.499,4.357,4.357,0.000,0.000,0.000,42.0,0.000,
12.11.2025,14:33:32.307,17.672,27.235,17.732,3.339,250.0,250.0,47.051,15.322,4.350,48.786,32.940,20.422,12.518,20.176,4.853,0.500,4.353,4.322,0.000,0.000,0.000,42.0,0.000,
12.11.2025,14:33:33.310,25.829,29.679,20.115,3.335,250.0,250.0,47.369,13.053,4.349,38.157,26.350,16.347,10.003,16.151,7.401,0.911,6.490,4.374,0.000,0.000,0.000,42.0,0.000,
12.11.2025,14:33:34.318,17.672,28.889,19.300,3.339,250.0,250.0,47.495,13.434,4.300,41.084,28.142,17.452,10.690,17.243,5.533,0.612,4.921,4.365,0.000,0.000,0.000,42.0,0.000,
12.11.2025,14:33:35.317,17.672,28.785,19.271,3.325,250.0,250.0,47.098,12.303,4.275,37.350,25.806,16.002,9.804,15.818,4.825,0.494,4.331,4.322,0.000,0.000,0.000,42.0,0.000,
12.11.2025,14:33:36.313,20.391,28.514,18.964,3.312,250.0,250.0,46.235,14.007,4.286,41.888,28.638,17.754,10.884,17.533,7.372,0.892,6.480,4.348,0.000,0.000,0.000,42.0,0.000,
12.11.2025,14:33:37.312,19.032,28.736,19.192,3.355,250.0,250.0,47.443,14.538,4.276,45.509,30.868,19.147,11.721,18.913,5.280,0.576,4.704,4.382,0.000,0.000,0.000,42.0,0.000,
12.11.2025,14:33:38.313,21.750,30.613,21.010,3.335,250.0,250.0,49.160,14.634,4.313,46.190,31.313,19.419,11.894,19.185,4.834,0.503,4.331,4.357,0.000,0.000,0.000,42.0,0.000,
12.11.2025,14:33:39.314,16.313,30.806,21.273,3.337,250.0,250.0,47.881,13.192,4.312,40.694,27.910,17.306,10.604,17.097,4.827,0.496,4.331,4.339,0.000,0.000,0.000,42.0,0.000,
12.11.2025,14:33:40.310,19.032,29.028,19.472,3.322,250.0,250.0,48.072,13.735,4.313,42.648,29.118,18.058,11.060,17.837,4.825,0.494,4.331,4.666,0.000,0.000,0.000,42.0,0.000,
12.11.2025,14:33:41.312,24.469,29.141,19.634,3.304,250.0,250.0,47.399,12.279,4.313,37.174,25.724,15.950,9.774,15.766,4.870,0.505,4.365,4.348,0.000,0.000,0.000,42.0,0.000,
12.11.2025,14:33:42.311,19.032,30.259,20.669,3.317,250.0,250.0,50.082,14.455,4.300,45.254,30.716,19.046,11.670,18.825,5.202,0.571,4.631,4.339,0.000,0.000,0.000,42.0,0.000,
12.11.2025,14:33:43.307,17.672,29.204,19.677,3.309,250.0,250.0,47.180,14.772,4.263,44.726,30.377,18.840,11.537,18.607,7.503,0.929,6.574,4.365,0.000,0.000,0.000,42.0,0.000,
12.11.2025,14:33:44.308,14.953,29.616,20.130,3.323,250.0,250.0,46.974,14.772,4.300,43.181,29.440,18.248,11.192,18.028,7.574,0.975,6.599,4.365,0.000,0.000,0.000,42.0,0.000,
12.11.2025,14:33:45.308,19.032,29.927,20.346,3.319,250.0,250.0,46.974,14.390,4.300,43.181,29.440,18.248,11.192,18.028,7.574,0.975,6.599,4.365,0.000,0.000,0.000,42.0,0.000,
12.11.2025,14:33:46.306,21.750,29.608,20.121,3.303,250.0,250.0,48.485,13.769,4.313,40.947,28.058,17.404,10.654,17.196,7.387,0.889,6.498,4.339,0.000,0.000,0.000,42.0,0.000,
12.11.2025,14:33:47.305,19.032,30.206,20.604,3.344,250.0,250.0,47.861,14.767,4.324,45.415,30.845,19.123,11.722,18.890,6.496,0.758,5.738,4.357,0.000,0.000,0.000,42.0,0.000,
12.11.2025,14:33:48.307,20.391,29.185,19.608,3.310,250.0,250.0,47.466,13.662,4.337,42.362,28.955,17.958,10.997,17.737,4.939,0.540,4.399,4.399,0.000,0.000,0.000,42.0,0.000,
12.11.2025,14:33:49.304,23.110,29.864,20.329,3.340,250.0,250.0,46.937,13.322,4.325,39.855,27.387,16.982,10.405,16.785,6.572,0.772,5.800,4.339,0.000,0.000,0.000,42.0,0.375,
12.11.2025,14:33:50.303,16.313,30.647,21.131,3.293,250.0,250.0,48.609,15.657,4.263,50.120,33.714,20.906,12.808,20.661,4.865,0.500,4.365,4.365,0.000,0.000,0.000,42.0,0.000,
12.11.2025,14:33:51.304,24.469,29.516,20.032,3.271,250.0,250.0,49.285,15.041,4.287,45.685,30.984,19.216,11.768,18.983,7.571,0.988,6.583,4.348,0.001,0.000,0.000,42.0,0.000,
12.11.2025,14:33:52.315,14.953,30.048,20.598,3.275,250.0,250.0,48.827,14.465,4.263,44.974,30.535,18.937,11.598,18.704,5.619,0.704,4.915,4.399,0.000,0.000,0.000,42.0,0.000,
12.11.2025,14:33:53.308,23.110,28.906,19.399,3.297,250.0,250.0,50.159,16.712,4.287,51.947,34.865,21.623,13.242,21.365,7.702,0.983,6.719,4.390,0.000,0.000,0.000,42.0,0.000,
12.11.2025,14:33:54.316,24.469,29.161,19.636,3.299,250.0,250.0,47.626,15.418,4.324,47.169,31.925,19.790,12.135,19.557,7.436,0.925,6.511,4.408,0.000,0.000,0.000,42.0,0.000,
12.11.2025,14:33:55.312,25.829,28.793,19.294,3.313,250.0,250.0,48.708,15.603,4.324,47.790,32.306,20.036,12.270,19.791,7.560,0.981,6.579,4.390,0.000,0.000,0.000,42.0,0.000,
12.11.2025,14:33:56.309,19.032,30.170,20.619,3.311,250.0,250.0,49.968,15.258,4.324,46.513,31.522,19.546,11.976,19.301,7.497,0.942,6.555,4.408,0.000,0.000,0.000,42.0,0.000,
12.11.2025,14:33:57.316,19.032,31.609,22.018,3.352,250.0,250.0,46.724,15.549,4.323,46.576,31.555,19.569,11.986,19.336,6.812,0.840,5.972,8.522,0.000,0.000,0.000,42.0,0.000,
12.11.2025,14:33:58.315,17.672,30.397,20.883,3.331,250.0,250.0,46.212,12.506,4.300,38.055,26.262,16.285,9.977,16.089,4.857,0.500,4.357,4.382,0.000,0.000,0.000,42.0,0.000,
12.11.2025,14:33:59.315,29.907,30.399,20.820,3.355,250.0,250.0,49.405,14.298,4.263,42.885,29.236,18.128,11.108,17.907,7.521,0.916,6.605,4.408,0.000,0.000,0.000,42.0,0.000,
12.11.2025,14:34:0.315,19.032,28.761,19.266,3.299,250.0,250.0,48.092,15.711,4.275,48.283,32.587,20.215,12.372,19.969,7.514,0.988,6.526,4.382,0.000,0.000,0.000,42.0,0.000,
12.11.2025,14:34:1.310,21.750,32.613,23.014,3.321,250.0,250.0,46.690,13.325,4.300,41.153,28.179,17.477,10.702,17.269,4.891,0.509,4.382,4.390,0.000,0.000,0.000,42.0,0.000,
12.11.2025,14:34:2.305,19.032,32.955,23.421,3.333,250.0,250.0,47.471,15.230,4.300,43.793,29.825,18.491,11.334,18.270,6.297,0.763,5.534,13.695,0.000,0.000,0.000,42.0,0.000,
12.11.2025,14:34:3.319,17.672,32.054,22.540,3.326,250.0,250.0,46.201,12.562,4.312,38.222,26.373,16.359,10.014,16.162,4.910,0.542,4.368,4.357,0.000,0.000,0.000,42.0,0.000,
12.11.2025,14:34:4.303,19.032,26.866,17.536,3.082,250.0,250.0,37.682,12.242,4.300,36.959,25.585,15.862,9.723,15.677,4.955,0.545,4.410,4.408,0.000,0.000,0.000,42.0,0.000,
12.11.2025,14:34:5.311,14.953,31.854,22.283,3.300,250.0,250.0,45.736,15.602,4.300,47.962,32.400,20.090,12.310,19.857,7.356,0.876,6.480,4.390,0.001,0.000,0.000,42.0,0.000,
12.11.2025,14:34:6.317,19.032,32.018,22.398,3.405,250.0,250.0,42.158,13.988,4.323,41.635,28.489,17.668,10.821,17.459,7.567,1.054,6.513,4.348,0.000,0.000,0.000,42.0,0.000,
12.11.2025,14:34:7.318,19.032,31.254,21.596,3.424,250.0,250.0,44.265,14.811,4.263,45.119,30.615,18.983,11.632,18.750,7.194,0.856,6.338,4.357,0.000,0.000,0.000,42.0,0.000,
12.11.2025,14:34:8.311,27.188,29.532,19.864,3.390,250.0,250.0,44.772,12.757,4.262,38.918,26.776,16.603,10.173,16.407,5.018,0.625,4.393,4.390,0.001,0.000,0.000,42.0,0.000,
12.11.2025,14:34:9.314,19.032,29.397,19.718,3.444,250.0,250.0,44.575,12.997,4.300,39.871,27.391,16.984,10.407,16.775,4.917,0.509,4.408,4.408,0.000,0.000,0.000,42.0,0.000,
12.11.2025,14:34:10.314,19.032,30.776,21.145,3.379,250.0,250.0,44.240,12.097,4.288,36.411,25.231,15.647,9.584,15.463,4.973,0.572,4.401,4.399,0.000,0.000,0.000,42.0,0.000,
12.11.2025,14:34:11.305,20.391,30.221,20.649,3.401,250.0,250.0,44.654,13.779,4.287,38.052,26.259,16.283,9.976,16.086,4.915,0.505,4.410,17.022,0.000,0.000,0.000,42.0,0.000,
12.11.2025,14:34:12.305,21.750,29.101,19.456,3.385,250.0,250.0,45.011,14.199,4.238,42.612,29.053,18.011,11.042,17.790,7.429,0.892,6.537,4.382,0.000,0.000,0.000,42.0,0.000,
12.11.2025,14:34:13.306,19.032,29.859,20.304,3.388,250.0,250.0,45.267,15.505,4.214,47.575,32.113,19.916,12.197,19.671,7.493,0.923,6.570,4.382,0.000,0.000,0.000,42.0,0.000,
12.11.2025,14:34:14.306,14.953,29.858,20.268,3.365,250.0,250.0,45.313,12.859,4.263,38.932,26.787,16.615,10.172,16.406,5.513,0.643,4.870,4.390,0.000,0.000,0.000,42.0,0.000,
12.11.2025,14:34:15.318,19.032,30.042,20.417,3.382,250.0,250.0,45.028,13.038,4.226,38.036,26.211,16.247,9.964,16.050,7.621,0.952,6.669,4.408,0.001,0.000,0.000,42.0,0.000,
12.11.2025,14:34:16.317,21.750,31.969,22.324,3.412,250.0,250.0,45.149,13.901,4.250,41.328,28.261,17.524,10.737,17.315,7.619,0.959,6.660,4.357,0.000,0.000,0.000,42.0,0.000,
12.11.2025,14:34:17.311,32.625,30.667,21.050,3.393,250.0,250.0,44.521,12.528,4.324,38.118,26.310,16.321,9.989,16.125,4.858,0.501,4.357,4.374,0.000,0.000,0.000,42.0,0.000,
12.11.2025,14:34:18.314,28.547,30.366,20.698,3.399,250.0,250.0,45.414,14.644,4.337,44.169,30.081,18.655,11.426,18.421,7.477,0.943,6.534,4.399,0.000,0.000,0.000,42.0,0.000,
12.11.2025,14:34:19.314,9.516,33.579,23.907,3.444,250.0,250.0,45.062,13.496,4.323,41.803,28.606,17.733,10.873,17.525,4.862,0.505,4.357,4.374,0.000,0.000,0.250,42.0,0.000,
12.11.2025,14:34:20.315,21.750,29.322,19.658,3.395,250.0,250.0,44.312,14.515,4.286,43.569,29.667,18.404,11.263,18.183,7.675,1.054,6.621,4.425,0.000,0.000,0.000,42.0,0.000,
12.11.2025,14:34:21.315,8.156,29.375,19.790,3.392,250.0,250.0,46.196,12.777,4.238,38.146,26.285,16.296,9.989,16.100,6.152,0.758,5.394,4.408,0.000,0.000,0.000,42.0,0.000,
12.11.2025,14:34:22.313,19.032,30.143,20.555,3.360,250.0,250.0,44.624,14.039,4.250,41.911,28.624,17.754,10.870,17.533,7.544,0.969,6.575,4.365,0.000,0.000,0.000,42.0,0.000,
12.11.2025,14:34:23.312,17.672,29.422,19.811,3.335,250.0,250.0,45.834,14.365,4.225,44.076,29.957,18.568,11.389,18.347,4.901,0.502,4.399,7.289,0.000,0.000,0.000,42.0,0.500,
12.11.2025,14:34:24.310,17.672,27.820,18.338,3.288,250.0,250.0,45.424,14.144,4.287,40.772,27.937,17.324,10.613,17.116,4.889,0.504,4.385,13.617,0.000,0.000,0.000,42.0,0.000,
12.11.2025,14:34:25.306,16.313,31.570,22.051,3.296,250.0,250.0,46.707,14.201,4.287,42.579,29.062,18.017,11.045,17.808,7.425,0.890,6.535,4.365,0.000,0.000,0.000,42.0,0.000,
12.11.2025,14:34:26.306,23.110,31.611,22.087,3.322,250.0,250.0,46.180,13.324,4.299,41.089,28.154,17.452,10.702,17.243,4.940,0.515,4.425,4.425,0.000,0.000,0.000,42.0,0.000,
12.11.2025,14:34:27.309,17.672,30.047,20.477,3.308,250.0,250.0,46.434,14.419,4.286,43.714,29.764,18.452,11.312,18.231,4.942,0.508,4.434,8.548,0.000,0.000,0.000,42.0,0.000,
12.11.2025,14:34:28.315,19.032,31.226,21.660,3.363,250.0,250.0,46.668,14.767,4.287,46.665,31.592,19.593,11.999,19.347,4.897,0.507,4.390,4.390,0.000,0.000,0.000,42.0,0.000,
12.11.2025,14:34:29.306,28.547,37.571,27.612,3.645,250.0,250.0,45.000,13.193,4.275,39.133,26.913,16.690,10.223,16.494,4.887,0.505,4.382,8.425,0.000,0.000,0.000,42.0,0.000,
12.11.2025,14:34:30.309,20.391,31.094,21.562,3.283,250.0,250.0,45.302,14.323,4.299,44.936,30.531,18.934,11.597,18.701,4.913,0.505,4.408,4.408,0.000,0.000,0.000,42.0,0.000,
12.11.2025,14:34:31.306,19.032,32.126,22.647,3.262,250.0,250.0,45.787,12.729,4.311,36.950,25.585,15.866,9.719,15.682,7.392,0.905,6.487,4.390,0.000,0.000,0.000,42.0,0.000,
12.11.2025,14:34:32.303,19.032,30.475,20.978,3.263,250.0,250.0,46.487,13.606,4.312,41.808,28.598,17.736,10.862,17.527,5.399,0.592,4.807,4.416,0.000,0.000,0.000,42.0,0.000,
12.11.2025,14:34:33.310,32.625,29.848,20.366,3.263,250.0,250.0,45.701,13.502,4.299,41.766,28.570,17.709,10.861,17.500,4.941,0.507,4.434,4.434,0.000,0.000,0.000,42.0,0.000,
12.11.2025,14:34:34.311,27.188,34.260,24.691,3.364,250.0,250.0,44.864,13.331,4.263,39.857,27.353,16.959,10.394,16.763,6.650,0.754,5.896,4.416,0.000,0.000,0.000,42.0,0.000,
12.11.2025,14:34:35.307,39.422,37.769,28.045,3.432,250.0,250.0,45.702,13.765,4.252,40.916,27.994,17.366,10.628,17.158,7.457,0.921,6.536,4.425,0.000,0.000,0.000,42.0,0.000,
12.11.2025,14:34:36.317,25.829,31.585,22.009,3.352,250.0,250.0,45.023,14.698,4.251,44.464,30.204,18.729,11.475,18.508,7.463,0.900,6.563,4.425,0.000,0.000,0.000,42.0,0.000,
12.11.2025,14:34:37.317,19.032,35.596,25.946,3.394,250.0,250.0,46.548,12.505,4.287,37.402,25.863,16.031,9.832,15.834,5.214,0.559,4.655,5.373,0.000,0.000,0.000,42.0,0.000,
12.11.2025,14:34:38.313,17.672,30.579,21.030,3.291,250.0,250.0,45.141,12.103,4.275,36.467,25.264,15.669,9.595,15.473,4.949,0.507,4.442,4.390,0.000,0.000,0.000,42.0,0.000,
12.11.2025,14:34:39.315,16.313,31.417,21.874,3.304,250.0,250.0,45.632,12.340,4.300,37.367,25.840,16.019,9.821,15.835,4.912,0.504,4.408,4.390,0.000,0.000,0.000,42.0,0.000,
12.11.2025,14:34:40.313,16.313,31.417,21.874,3.304,250.0,250.0,46.270,12.321,4.287,37.267,25.768,15.976,9.792,15.780,4.974,0.564,4.410,4.390,0.000,0.000,0.000,42.0,0.000,
12.11.2025,14:34:41.313,25.829,32.402,22.968,3.252,250.0,250.0,46.379,14.870,4.287,45.293,30.741,19.058,11.683,18.837,7.178,0.849,6.329,4.442,0.000,0.000,0.000,42.0,0.375,
12.11.2025,14:34:42.316,19.032,31.658,22.211,3.260,250.0,250.0,46.912,13.827,4.312,42.820,29.223,18.128,11.095,17.907,5.173,0.604,4.569,4.442,0.000,0.000,0.125,42.0,0.000,
12.11.2025,14:34:43.314,20.391,30.462,20.979,3.251,250.0,250.0,46.647,14.825,4.214,39.628,27.182,16.862,10.320,16.653,5.873,0.644,5.229,21.646,0.000,0.000,0.000,42.0,0.000,
12.11.2025,14:34:44.310,23.110,30.866,21.358,3.269,250.0,250.0,45.176,14.110,4.189,43.246,29.411,18.233,11.178,18.013,6.205,0.698,5.507,4.416,0.000,0.000,0.000,42.0,0.000,
12.11.2025,14:34:45.307,19.032,32.262,22.800,3.255,250.0,250.0,45.730,14.972,4.215,42.908,29.225,18.117,11.108,17.896,4.949,0.507,4.442,16.353,0.000,0.000,0.000,42.0,0.000,
12.11.2025,14:34:46.316,21.750,30.607,21.064,3.285,250.0,250.0,45.949,13.330,4.313,40.472,27.763,17.220,10.543,17.012,5.796,0.704,5.092,4.382,0.001,0.000,0.000,42.0,0.000,
12.11.2025,14:34:47.314,23.110,31.414,21.913,3.308,250.0,250.0,45.816,13.749,4.288,41.784,28.564,17.713,10.851,17.505,6.169,0.689,5.480,4.450,0.000,0.000,0.000,42.0,0.000,
12.11.2025,14:34:48.310,20.391,31.153,21.631,3.286,250.0,250.0,46.690,13.419,4.313,41.393,28.342,17.577,10.765,17.356,5.000,0.556,4.444,4.442,0.000,0.000,0.000,42.0,0.375,
12.11.2025,14:34:49.308,20.391,31.721,22.164,3.289,250.0,250.0,46.558,14.884,4.300,45.058,30.597,18.975,11.622,18.754,7.563,0.929,6.634,4.408,0.000,0.000,0.500,42.0,0.000,
12.11.2025,14:34:50.304,29.907,33.812,24.313,3.293,250.0,250.0,40.890,13.177,4.288,40.440,27.732,17.191,10.541,16.982,5.083,0.647,4.436,4.434,0.000,0.000,0.000,42.0,0.000,
12.11.2025,14:34:51.314,24.469,27.832,18.257,3.324,250.0,250.0,43.951,13.992,4.288,41.759,28.551,17.700,10.851,17.491,7.445,0.899,6.546,4.390,0.000,0.000,0.000,42.0,0.375,
12.11.2025,14:34:52.308,14.953,30.147,20.612,3.356,250.0,250.0,44.054,14.729,4.251,45.350,30.753,19.070,11.683,18.837,6.474,0.901,5.573,4.399,0.000,0.000,0.000,42.0,0.000,
12.11.2025,14:34:53.310,20.391,29.271,19.748,3.330,250.0,250.0,43.832,12.034,4.264,36.240,25.109,15.573,9.536,15.389,4.912,0.504,4.408,4.408,0.000,0.000,0.000,42.0,0.000,
12.11.2025,14:34:54.311,35.344,30.870,21.260,3.362,250.0,250.0,44.012,13.610,4.263,40.266,27.612,17.120,10.492,16.911,7.496,0.950,6.546,4.442,0.000,0.000,0.000,42.0,0.000,
12.11.2025,14:34:55.305,19.032,29.959,20.434,3.347,250.0,250.0,44.327,12.301,4.288,37.154,25.705,15.934,9.771,15.738,5.008,0.616,4.392,4.408,0.000,0.000,0.000,42.0,1.000,
12.11.2025,14:34:56.318,25.829,30.222,20.621,3.360,250.0,250.0,44.122,12.052,4.264,36.314,25.160,15.607,9.553,15.423,4.898,0.508,4.390,4.399,0.000,0.000,0.000,42.0,0.000,
12.11.2025,14:34:57.315,16.313,30.805,21.172,3.371,250.0,250.0,45.102,12.547,4.240,37.597,25.943,16.084,9.859,15.887,4.893,0.503,4.390,6.074,0.000,0.000,0.000,42.0,0.000,
12.11.2025,14:34:58.317,19.032,32.885,23.348,3.332,250.0,250.0,43.789,15.338,4.203,47.854,32.277,20.012,12.265,19.767,6.297,0.800,5.497,4.408,0.000,0.000,0.000,42.0,0.000,
12.11.2025,14:34:59.312,19.032,29.400,19.832,3.343,250.0,250.0,44.876,13.699,4.239,40.570,27.779,17.235,10.544,17.026,7.572,0.991,6.581,4.450,0.000,0.000,0.000,42.0,0.000,
12.11.2025,14:35:0.304,19.032,34.380,24.840,3.339,250.0,250.0,45.010,14.472,4.215,43.587,29.640,18.373,11.267,18.152,7.527,0.939,6.588,4.434,0.000,0.000,0.000,42.0,0.000,
12.11.2025,14:35:1.312,20.391,29.833,20.285,3.307,250.0,250.0,45.583,15.383,4.300,39.944,27.441,17.010,10.431,16.801,4.957,0.547,4.410,27.990,0.000,0.000,0.000,42.0,0.000,
12.11.2025,14:35:2.311,17.672,31.933,22.382,3.316,250.0,250.0,45.053,13.771,4.300,40.762,27.938,17.332,10.606,17.124,7.604,0.945,6.659,4.442,0.000,0.000,0.000,42.0,0.000,
12.11.2025,14:35:3.311,16.313,29.849,20.278,3.332,250.0,250.0,45.987,12.690,4.324,36.743,25.472,15.799,9.673,15.602,7.446,0.896,6.550,4.399,0.000,0.000,0.000,42.0,0.000,
12.11.2025,14:35:4.306,12.235,29.004,19.448,3.319,250.0,250.0,46.335,14.748,4.361,46.410,31.473,19.522,11.951,19.289,5.034,0.527,4.507,4.408,0.000,0.000,0.000,42.0,0.000,
12.11.2025,14:35:5.305,17.672,29.316,19.821,3.323,250.0,250.0,45.828,14.693,4.300,44.417,30.204,18.729,11.475,18.508,7.449,0.892,6.557,4.399,0.000,0.000,0.000,42.0,0.000,
12.11.2025,14:35:6.316,16.313,32.215,22.599,3.324,250.0,250.0,45.117,14.246,4.214,42.776,29.142,18.070,11.072,17.849,7.465,0.902,6.563,4.408,0.000,0.000,0.000,42.0,0.000,
12.11.2025,14:35:7.307,12.235,33.091,23.511,3.357,250.0,250.0,45.691,14.951,4.251,45.427,30.813,19.102,11.711,18.869,7.462,0.896,6.566,4.408,0.000,0.000,0.000,42.0,0.000,
12.11.2025,14:35:8.304,25.829,29.117,19.587,3.314,250.0,250.0,45.323,12.370,4.288,37.450,25.882,16.052,9.830,15.856,4.949,0.507,4.442,4.442,0.000,0.000,0.000,42.0,0.000,
12.11.2025,14:35:9.314,20.391,34.016,24.502,3.324,250.0,250.0,46.101,12.519,4.252,36.061,24.996,15.506,9.490,15.322,7.576,0.933,6.643,4.416,0.000,0.000,0.000,42.0,0.000,
12.11.2025,14:35:10.307,9.516,30.461,20.870,3.302,250.0,250.0,44.784,12.882,4.262,38.138,26.295,16.307,9.988,16.099,6.663,0.785,5.878,4.399,0.000,0.000,0.000,42.0,0.000,
12.11.2025,14:35:11.315,14.953,30.756,21.295,3.297,250.0,250.0,45.216,12.155,4.287,36.649,25.385,15.741,9.644,15.545,4.937,0.512,4.425,4.425,0.000,0.000,0.000,42.0,0.000,
12.11.2025,14:35:12.314,19.032,28.125,18.599,3.291,250.0,250.0,45.768,13.775,4.239,42.208,28.805,17.858,10.947,17.637,4.957,0.520,4.437,6.143,0.000,0.000,0.000,42.0,0.000,
12.11.2025,14:35:13.311,17.672,31.197,21.690,3.277,250.0,250.0,46.349,12.345,4.239,37.434,25.837,16.018,9.819,15.834,4.932,0.507,4.425,4.408,0.000,0.000,0.000,42.0,0.000,
12.11.2025,14:35:14.308,14.953,31.974,22.453,3.274,250.0,250.0,46.352,12.543,4.190,38.230,26.304,16.313,9.991,16.116,4.926,0.510,4.416,4.434,0.000,0.000,0.000,42.0,0.000,
12.11.2025,14:35:15.310,20.391,33.077,23.572,3.281,250.0,250.0,46.449,15.001,4.226,45.602,30.893,19.151,11.742,18.918,7.530,0.917,6.613,4.416,0.000,0.000,0.000,42.0,0.000,
12.11.2025,14:35:16.311,17.672,29.810,20.325,3.303,250.0,250.0,46.730,15.067,4.178,45.793,30.982,19.210,11.772,18.989,7.651,0.944,6.707,4.442,0.000,0.000,0.000,42.0,0.000,
12.11.2025,14:35:17.311,17.672,31.111,21.554,3.330,250.0,250.0,47.195,13.129,4.288,40.370,27.701,17.170,10.531,16.961,4.920,0.504,4.416,4.425,0.000,0.000,0.125,42.0,0.000,
12.11.2025,14:35:18.304,21.750,32.474,22.893,3.337,250.0,250.0,46.664,13.834,4.264,41.965,28.666,17.777,10.889,17.568,6.382,0.751,5.631,4.450,0.000,0.000,0.000,42.0,0.000,
12.11.2025,14:35:19.311,21.750,29.349,19.844,3.297,250.0,250.0,43.279,13.877,4.264,42.720,29.128,18.069,11.059,17.848,5.614,0.621,4.993,4.450,0.000,0.000,0.000,42.0,0.000,
12.11.2025,14:35:20.309,19.032,31.531,22.016,3.285,250.0,250.0,47.057,14.344,4.177,43.356,29.472,18.277,11.195,18.056,7.246,0.858,6.388,4.416,0.000,0.000,0.000,42.0,0.000,
12.11.2025,14:35:21.310,19.032,29.595,20.133,3.293,250.0,250.0,47.246,14.319,4.166,43.084,29.295,18.172,11.123,17.951,7.490,0.923,6.567,4.416,0.000,0.000,0.000,42.0,0.000,
12.11.2025,14:35:22.313,19.032,31.618,22.043,3.307,250.0,250.0,47.046,12.922,4.202,39.632,27.176,16.853,10.323,16.656,4.974,0.515,4.459,4.434,0.000,0.000,0.000,42.0,0.000,
12.11.2025,14:35:23.314,17.672,32.830,23.288,3.310,250.0,250.0,46.154,14.681,4.215,44.402,30.144,18.693,11.451,18.460,7.487,0.915,6.572,4.467,0.000,0.000,0.000,42.0,0.875,
12.11.2025,14:35:24.308,21.750,30.690,21.123,3.312,250.0,250.0,47.148,13.698,4.252,41.731,28.510,17.681,10.829,17.472,6.031,0.685,5.346,4.442,0.000,0.000,0.000,42.0,0.000,
12.11.2025,14:35:25.307,20.391,31.379,21.906,3.327,250.0,250.0,47.352,13.698,4.275,43.307,29.509,18.290,11.219,18.069,7.709,0.983,6.726,4.425,0.000,0.000,0.000,42.0,0.000,
12.11.2025,14:35:26.306,23.110,29.626,20.080,3.298,250.0,250.0,47.352,14.451,4.275,43.307,29.509,18.290,11.219,18.069,7.709,0.983,6.726,4.425,0.000,0.000,0.000,42.0,0.000,
12.11.2025,14:35:27.316,29.907,32.579,22.962,3.362,250.0,250.0,47.564,14.097,4.288,43.363,29.541,18.323,11.218,18.102,5.857,0.660,5.197,4.416,0.000,0.000,0.000,42.0,0.000,
12.11.2025,14:35:28.308,25.829,30.230,20.719,3.324,250.0,250.0,47.118,13.362,4.251,41.293,28.238,17.512,10.726,17.303,4.938,0.513,4.425,4.425,0.000,0.000,0.000,42.0,0.000,
12.11.2025,14:35:29.316,24.469,32.777,23.246,3.345,250.0,250.0,46.872,14.094,4.214,43.996,29.898,18.533,11.365,18.312,5.038,0.552,4.486,4.544,0.000,0.000,0.000,42.0,0.000,
12.11.2025,14:35:30.309,17.672,35.333,25.517,3.541,250.0,250.0,47.013,15.550,4.263,47.670,32.197,19.971,12.226,19.726,7.507,0.912,6.595,4.434,0.000,0.000,0.000,42.0,0.000,
12.11.2025,14:35:31.308,20.391,34.508,24.735,3.502,250.0,250.0,47.118,12.927,4.202,39.670,27.201,16.866,10.335,16.670,4.947,0.513,4.434,4.434,0.000,0.000,0.000,42.0,0.000,
12.11.2025,14:35:32.314,14.953,30.006,20.488,3.278,250.0,250.0,48.456,14.685,4.190,44.322,30.076,18.647,11.429,18.426,7.661,0.983,6.678,4.442,0.000,0.000,0.000,42.0,0.000,
12.11.2025,14:35:33.308,23.110,29.973,20.425,3.302,250.0,250.0,48.149,13.034,4.251,38.097,26.259,16.291,9.968,16.095,7.482,0.903,6.579,4.416,0.000,0.000,0.000,42.0,0.000,
12.11.2025,14:35:34.305,17.672,27.171,17.723,3.273,250.0,250.0,47.438,13.323,4.276,41.068,28.115,17.426,10.689,17.218,4.983,0.516,4.467,4.467,0.000,0.000,0.000,42.0,0.000,
12.11.2025,14:35:35.313,14.953,30.743,21.169,3.292,250.0,250.0,48.302,14.292,4.287,42.828,29.225,18.117,11.108,17.896,7.511,0.918,6.593,4.434,0.000,0.000,0.000,42.0,0.000,
12.11.2025,14:35:36.310,19.032,28.672,19.074,3.390,250.0,250.0,42.650,14.137,4.287,43.029,29.341,18.187,11.154,17.966,6.481,0.796,5.685,4.442,0.000,0.000,0.000,42.0,0.000,
12.11.2025,14:35:37.309,19.032,31.514,21.864,3.408,250.0,250.0,44.263,14.114,4.251,42.115,28.747,17.823,10.924,17.614,7.598,1.017,6.581,4.475,0.000,0.000,0.000,42.0,0.000,
12.11.2025,14:35:38.311,29.907,29.416,19.797,3.378,250.0,250.0,44.822,15.056,4.200,41.211,28.156,17.458,10.698,17.250,5.016,0.551,4.465,21.556,0.000,0.000,0.000,42.0,0.000,
12.11.2025,14:35:39.308,16.313,30.845,21.163,3.419,250.0,250.0,44.932,13.031,4.141,39.927,27.323,16.939,10.384,16.743,5.207,0.646,4.561,4.434,0.001,0.000,0.000,42.0,0.000,
12.11.2025,14:35:40.304,19.032,27.840,18.243,3.385,250.0,250.0,45.476,13.922,4.188,41.457,28.302,17.543,10.759,17.334,7.579,0.994,6.585,4.475,0.000,0.000,0.000,42.0,0.000,
12.11.2025,14:35:41.315,19.032,29.070,19.480,3.386,250.0,250.0,43.885,14.810,4.213,45.001,30.519,18.922,11.597,18.689,7.373,0.895,6.478,4.416,0.000,0.000,0.000,42.0,0.000,
12.11.2025,14:35:42.314,28.547,27.998,18.365,3.361,250.0,250.0,44.304,13.427,4.213,41.532,28.369,17.583,10.786,17.374,4.994,0.551,4.443,4.425,0.000,0.000,0.000,42.0,0.000,
12.11.2025,14:35:43.313,23.110,29.427,19.880,3.366,250.0,250.0,45.517,13.313,4.165,39.163,26.870,16.657,10.213,16.461,7.571,1.003,6.568,4.459,0.000,0.000,0.000,42.0,0.000,
12.11.2025,14:35:44.310,16.313,30.969,21.388,3.357,250.0,250.0,45.472,14.178,4.214,42.435,28.919,17.933,10.986,17.725,7.543,0.936,6.607,4.475,0.000,0.000,0.000,42.0,0.000,
12.11.2025,14:35:45.305,19.032,27.273,17.677,3.350,250.0,250.0,46.875,13.117,4.178,39.456,27.064,16.779,10.285,16.570,6.204,0.727,5.477,4.434,0.000,0.000,0.000,42.0,0.000,
12.11.2025,14:35:46.305,16.313,30.891,21.231,3.385,250.0,250.0,46.795,14.085,4.250,42.663,29.094,18.038,11.056,17.817,6.730,0.773,5.957,4.467,0.000,0.000,0.000,42.0,0.000,
12.11.2025,14:35:47.311,17.672,28.991,19.414,3.371,250.0,250.0,46.625,13.454,4.263,40.655,27.861,17.269,10.592,17.060,6.206,0.712,5.494,4.425,0.000,0.000,0.000,42.0,0.000,
12.11.2025,14:35:48.316,29.907,30.201,20.552,3.386,250.0,250.0,46.077,20.566,4.263,44.360,30.148,18.688,11.460,18.467,6.074,0.746,5.328,66.124,0.000,0.000,0.000,42.0,0.000,
12.11.2025,14:35:49.313,20.391,29.641,20.039,3.411,250.0,250.0,46.332,13.136,4.288,40.340,27.678,17.159,10.519,16.951,4.977,0.510,4.467,4.467,0.000,0.000,0.000,42.0,0.000,
12.11.2025,14:35:50.306,23.110,30.279,20.620,3.374,250.0,250.0,46.919,12.134,4.324,36.520,25.327,15.707,9.620,15.510,4.947,0.513,4.434,4.434,0.000,0.000,0.000,42.0,0.000,
12.11.2025,14:35:51.310,25.829,29.226,19.691,3.370,250.0,250.0,46.968,13.270,4.263,40.846,27.965,17.339,10.626,17.130,5.028,0.552,4.476,4.475,0.000,0.000,0.000,42.0,0.000,
12.11.2025,14:35:52.309,16.313,29.539,19.919,3.355,250.0,250.0,45.527,13.293,4.190,39.188,26.895,16.682,10.213,16.485,7.401,0.886,6.515,4.475,0.000,0.000,0.000,42.0,0.000,
12.11.2025,14:35:53.309,17.672,28.636,19.019,3.364,250.0,250.0,46.033,14.134,4.177,42.263,28.802,17.855,10.947,17.634,7.585,0.955,6.630,4.492,0.000,0.000,0.000,42.0,0.000,
12.11.2025,14:35:54.310,16.313,29.388,19.799,3.373,250.0,250.0,45.053,12.387,4.190,37.612,25.924,16.080,9.844,15.883,4.950,0.508,4.442,4.442,0.001,0.000,0.000,42.0,0.000,
12.11.2025,14:35:55.304,20.391,29.910,20.399,3.361,250.0,250.0,45.060,12.527,4.178,37.357,25.751,15.968,9.783,15.784,5.995,0.681,5.314,4.459,0.000,0.000,0.000,42.0,0.000,
12.11.2025,14:35:56.307,16.313,30.029,20.354,3.376,250.0,250.0,46.627,12.322,4.214,37.309,25.757,15.972,9.785,15.776,4.974,0.515,4.459,4.459,0.000,0.000,0.000,42.0,0.000,
12.11.2025,14:35:57.304,20.391,29.378,19.829,3.349,250.0,250.0,47.491,13.969,4.153,43.080,29.282,18.163,11.119,17.943,5.752,0.626,5.126,4.442,0.000,0.000,0.000,42.0,0.000,
12.11.2025,14:35:58.304,14.953,30.402,20.800,3.338,250.0,250.0,47.652,12.448,4.227,37.748,26.028,16.145,9.883,15.949,5.022,0.521,4.501,4.459,0.000,0.000,0.000,42.0,0.000,
12.11.2025,14:35:59.305,14.953,33.065,23.475,3.373,250.0,250.0,46.110,17.630,4.239,54.635,36.506,22.635,13.871,22.365,6.777,0.794,5.983,8.496,0.000,0.000,0.000,42.0,0.000,
12.11.2025,14:36:0.304,17.672,30.262,20.751,3.325,250.0,250.0,47.977,13.741,4.215,42.747,29.123,18.061,11.062,17.840,4.949,0.507,4.442,4.459,0.000,0.000,0.000,42.0,0.000,
12.11.2025,14:36:1.318,19.032,28.808,19.278,3.322,250.0,250.0,47.265,15.049,4.215,45.726,30.968,19.205,11.763,18.972,7.588,0.923,6.665,4.467,0.000,0.000,0.000,42.0,0.000,
12.11.2025,14:36:2.318,20.391,31.199,21.650,3.334,250.0,250.0,47.635,15.004,4.165,45.645,30.881,19.147,11.734,18.927,7.551,0.905,6.646,4.442,0.000,0.000,0.000,42.0,0.000,
12.11.2025,14:36:3.304,24.469,30.450,20.867,3.326,250.0,250.0,47.362,15.134,4.276,47.074,31.841,19.738,12.103,19.504,6.178,0.702,5.476,4.450,0.000,0.000,0.000,42.0,0.000,
12.11.2025,14:36:4.317,21.750,28.772,19.215,3.322,250.0,250.0,46.768,13.605,4.202,40.209,27.544,17.074,10.470,16.865,7.593,0.913,6.680,4.501,0.000,0.000,0.000,42.0,0.000,
12.11.2025,14:36:5.316,19.032,28.852,19.362,3.314,250.0,250.0,47.495,15.111,4.202,47.343,31.955,19.819,12.136,19.586,5.811,0.636,5.175,4.450,0.000,0.000,0.000,42.0,0.000,
12.11.2025,14:36:6.315,14.953,33.324,23.725,3.352,250.0,250.0,47.166,14.275,4.178,42.770,29.100,18.042,11.058,17.833,7.653,0.956,6.697,4.467,0.000,0.000,0.000,42.0,0.000,
12.11.2025,14:36:7.310,20.391,30.126,20.539,3.330,250.0,250.0,47.196,15.218,4.165,45.815,30.986,19.217,11.769,18.984,5.005,0.513,4.492,11.233,0.000,0.000,0.000,42.0,0.000,
12.11.2025,14:36:8.312,17.672,30.962,21.428,3.344,250.0,250.0,47.830,15.602,4.215,48.613,32.749,20.315,12.434,20.069,6.579,0.751,5.828,4.467,0.001,0.000,0.250,42.0,0.000,
12.11.2025,14:36:9.309,17.672,28.733,19.087,3.388,250.0,250.0,46.277,14.538,4.276,43.691,29.743,18.438,11.305,18.217,7.625,0.936,6.689,4.459,0.000,0.000,0.000,42.0,0.000,
12.11.2025,14:36:10.308,14.953,27.583,18.040,3.314,250.0,250.0,46.807,12.484,4.227,37.913,26.128,16.207,9.921,16.011,4.982,0.515,4.467,4.467,0.000,0.000,0.000,42.0,0.000,
12.11.2025,14:36:11.309,25.829,29.803,20.275,3.308,250.0,250.0,48.099,15.049,4.325,45.686,31.001,19.232,11.769,18.999,7.516,0.908,6.608,4.450,0.000,0.000,0.000,42.0,0.000,
12.11.2025,14:36:12.309,20.391,29.162,19.628,3.312,250.0,250.0,48.601,12.794,4.325,39.008,26.869,16.657,10.212,16.460,4.974,0.515,4.459,4.459,0.000,0.000,0.000,42.0,0.000,
12.11.2025,14:36:13.308,25.829,29.746,20.261,3.310,250.0,250.0,47.329,14.165,4.325,44.174,30.071,18.644,11.427,18.423,5.033,0.515,4.518,4.518,0.000,0.000,0.000,42.0,0.000,
12.11.2025,14:36:14.309,19.032,30.749,21.212,3.313,250.0,250.0,46.558,15.067,4.264,45.652,30.945,19.185,11.760,18.964,7.716,0.946,6.770,4.467,0.000,0.000,0.000,42.0,0.000,
12.11.2025,14:36:15.308,19.032,30.158,20.597,3.321,250.0,250.0,48.355,13.645,4.190,42.301,28.825,17.874,10.951,17.665,5.025,0.515,4.510,4.592,0.000,0.000,0.000,42.0,0.000,
12.11.2025,14:36:16.305,16.313,34.637,25.004,3.374,250.0,250.0,46.915,14.257,4.202,42.710,29.086,18.040,11.046,17.819,7.577,0.907,6.670,4.510,0.000,0.000,0.000,42.0,0.000,
12.11.2025,14:36:17.304,17.672,30.176,20.619,3.333,250.0,250.0,46.620,19.706,4.251,44.528,30.245,18.756,11.489,18.535,5.542,1.083,4.459,58.167,0.000,0.000,0.000,42.0,0.000,
12.11.2025,14:36:18.304,25.829,29.686,20.144,3.326,250.0,250.0,46.323,14.992,4.239,45.488,30.827,19.119,11.708,18.886,7.568,0.909,6.659,4.518,0.000,0.000,0.000,42.0,0.000,
12.11.2025,14:36:19.319,20.391,31.072,21.532,3.363,250.0,250.0,48.259,16.218,4.227,50.171,33.726,20.913,12.813,20.668,7.579,0.908,6.671,4.501,0.000,0.000,0.000,42.0,0.000,
12.11.2025,14:36:20.330,33.985,29.883,20.312,3.321,250.0,250.0,47.444,15.442,4.226,47.192,31.878,19.767,12.111,19.522,7.593,0.929,6.664,4.535,0.000,0.000,0.000,42.0,0.000,
12.11.2025,14:36:21.324,25.829,26.999,17.303,3.436,250.0,250.0,43.433,11.884,4.214,35.623,24.705,15.317,9.388,15.133,5.007,0.515,4.492,4.450,0.000,0.000,0.000,42.0,0.000,
12.11.2025,14:36:22.330,24.469,29.074,19.456,3.402,250.0,250.0,45.155,13.336,4.276,40.033,27.473,17.039,10.434,16.830,6.403,0.737,5.666,4.467,0.000,0.000,0.000,42.0,0.000,
12.11.2025,14:36:23.322,23.110,29.376,19.769,3.414,250.0,250.0,45.462,12.115,4.227,36.470,25.246,15.656,9.590,15.459,5.022,0.521,4.501,4.459,0.000,0.000,0.000,42.0,0.000,
12.11.2025,14:36:24.327,20.391,29.725,20.038,3.402,250.0,250.0,44.560,13.378,4.264,41.001,28.065,17.409,10.656,17.200,5.361,0.574,4.787,4.459,0.000,0.000,0.000,42.0,0.000,
12.11.2025,14:36:25.327,29.907,28.999,19.374,3.413,250.0,250.0,45.605,13.373,4.264,41.262,28.236,17.506,10.730,17.297,4.982,0.510,4.472,4.467,0.000,0.000,0.000,42.0,0.000,
12.11.2025,14:36:26.322,17.672,31.849,22.095,3.463,250.0,250.0,45.489,13.409,4.338,39.489,27.175,16.853,10.322,16.644,7.401,0.908,6.493,4.467,0.000,0.000,0.000,42.0,0.000,
12.11.2025,14:36:27.322,20.391,30.182,20.576,3.415,250.0,250.0,45.796,13.173,4.312,38.506,26.545,16.457,10.088,16.261,7.551,0.930,6.621,4.459,0.000,0.000,0.000,42.0,0.000,
12.11.2025,14:36:28.335,25.829,27.851,18.230,3.392,250.0,250.0,45.702,13.981,4.276,41.640,28.476,17.650,10.826,17.442,7.523,0.911,6.612,4.450,0.000,0.000,0.000,42.0,0.000,
12.11.2025,14:36:29.350,21.750,31.257,21.581,3.447,250.0,250.0,45.761,13.944,4.276,43.441,29.586,18.346,11.240,18.125,4.981,0.514,4.467,4.467,0.000,0.000,0.000,42.0,0.000,
12.11.2025,14:36:30.357,20.391,29.469,19.858,3.408,250.0,250.0,46.004,14.868,4.299,45.769,31.043,19.252,11.791,19.019,6.524,0.798,5.726,4.459,0.000,0.000,0.000,42.0,0.000,
12.11.2025,14:36:31.351,19.032,35.116,25.096,3.691,250.0,250.0,46.166,13.612,4.264,40.238,27.594,17.111,10.483,16.902,7.529,0.903,6.626,4.467,0.000,0.000,0.000,42.0,0.000,
12.11.2025,14:36:32.350,19.032,35.116,25.096,3.691,250.0,250.0,46.524,13.703,4.324,42.441,29.010,17.985,11.025,17.764,4.997,0.513,4.484,4.484,0.000,0.000,0.000,42.0,0.000,
12.11.2025,14:36:33.351,24.469,28.880,19.273,3.413,250.0,250.0,45.943,12.986,4.324,38.786,26.734,16.571,10.163,16.375,6.225,0.712,5.513,4.459,0.001,0.000,0.000,42.0,0.125,
12.11.2025,14:36:34.351,16.313,30.214,20.549,3.398,250.0,250.0,45.411,12.768,4.349,38.396,26.503,16.437,10.066,16.240,5.605,0.619,4.986,4.475,0.000,0.000,0.000,42.0,0.000,
12.11.2025,14:36:35.359,10.875,29.351,19.758,3.400,250.0,250.0,42.127,15.081,4.337,45.740,31.050,19.256,11.794,19.023,7.535,0.907,6.628,4.535,0.000,0.000,0.000,42.0,0.000,
12.11.2025,14:36:36.362,16.313,27.286,17.741,3.261,250.0,250.0,47.232,14.381,4.324,42.916,29.295,18.163,11.132,17.942,7.760,0.952,6.808,4.518,0.000,0.000,0.000,42.0,0.000,
12.11.2025,14:36:37.350,25.829,32.079,22.451,3.406,250.0,250.0,47.229,13.395,4.276,41.054,28.103,17.426,10.677,17.218,5.342,0.574,4.768,4.510,0.000,0.000,0.000,42.0,0.000,
12.11.2025,14:36:38.361,19.032,30.664,21.052,3.377,250.0,250.0,47.563,13.820,4.312,42.892,29.275,18.154,11.121,17.934,5.016,0.515,4.501,4.475,0.000,0.000,0.000,42.0,0.000,
12.11.2025,14:36:39.360,16.313,30.463,20.915,3.368,250.0,250.0,49.006,14.046,4.312,43.287,29.512,18.296,11.216,18.075,5.631,0.675,4.956,4.501,0.000,0.000,0.000,42.0,0.000,
12.11.2025,14:36:40.359,17.672,30.773,21.139,3.357,250.0,250.0,47.452,13.777,4.300,41.749,28.555,17.707,10.848,17.486,6.304,0.791,5.513,4.518,0.000,0.000,0.000,42.0,0.000,
12.11.2025,14:36:41.356,20.391,27.897,18.358,3.338,250.0,250.0,47.948,14.524,4.338,44.525,30.293,18.779,11.514,18.558,6.383,0.714,5.669,4.467,0.000,0.000,0.000,42.0,0.000,
12.11.2025,14:36:42.355,19.032,30.479,20.938,3.331,250.0,250.0,46.270,17.033,4.338,48.252,32.619,20.220,12.399,19.974,4.998,0.514,4.484,22.534,0.000,0.000,0.000,42.0,0.000,
12.11.2025,14:36:43.352,16.313,30.276,20.688,3.337,250.0,250.0,50.318,15.420,4.337,47.453,32.104,19.906,12.198,19.673,7.010,0.888,6.122,4.510,0.000,0.000,0.000,42.0,0.000,
12.11.2025,14:36:44.350,21.750,28.113,18.550,3.335,250.0,250.0,49.677,14.916,4.337,47.003,31.831,19.732,12.099,19.498,5.079,0.576,4.503,4.501,0.000,0.000,0.000,42.0,0.000,
12.11.2025,14:36:45.364,19.032,27.283,17.743,3.311,250.0,250.0,48.119,14.655,4.275,44.125,30.008,18.606,11.402,18.385,7.626,0.960,6.666,4.501,0.000,0.000,0.000,42.0,0.000,
12.11.2025,14:36:46.362,19.032,29.846,20.307,3.309,250.0,250.0,47.223,14.960,4.300,46.005,31.183,19.341,11.842,19.108,6.658,0.819,5.839,4.510,0.000,0.000,0.000,42.0,0.000,
12.11.2025,14:36:47.360,23.110,32.040,22.383,3.357,250.0,250.0,47.309,13.384,4.263,41.237,28.217,17.490,10.727,17.281,5.051,0.525,4.526,4.526,0.000,0.000,0.000,42.0,0.000,
12.11.2025,14:36:48.361,24.469,30.174,20.653,3.343,250.0,250.0,47.873,13.652,4.312,42.185,28.836,17.886,10.950,17.665,5.082,0.555,4.527,4.526,0.000,0.000,0.000,42.0,0.375,
12.11.2025,14:36:49.355,27.188,31.404,21.787,3.351,250.0,250.0,48.162,15.816,4.288,49.481,33.338,20.671,12.667,20.425,6.395,0.765,5.630,4.501,0.001,0.000,1.000,42.0,0.000,
12.11.2025,14:36:50.359,23.110,28.723,19.226,3.334,250.0,250.0,48.486,16.397,4.275,51.306,34.466,21.370,13.096,21.112,6.918,0.800,6.118,4.510,0.000,0.000,0.000,42.0,0.000,
12.11.2025,14:36:51.358,19.032,28.116,18.549,3.291,250.0,250.0,48.075,14.315,4.226,42.821,29.178,18.093,11.085,17.872,7.685,0.945,6.740,4.510,0.000,0.000,0.000,42.0,0.375,
12.11.2025,14:36:52.357,14.953,28.067,18.602,3.303,250.0,250.0,48.925,14.449,4.263,43.322,29.505,18.299,11.206,18.078,7.658,0.995,6.663,4.501,0.000,0.000,0.000,42.0,0.000,
12.11.2025,14:36:53.358,19.032,30.010,20.495,3.304,250.0,250.0,48.067,13.350,4.289,41.142,28.157,17.466,10.691,17.258,5.003,0.519,4.484,4.492,0.000,0.000,0.000,42.0,0.000,
12.11.2025,14:36:54.356,24.469,31.217,21.632,3.327,250.0,250.0,48.568,14.787,4.301,46.570,31.533,19.553,11.980,19.320,5.048,0.556,4.492,4.518,0.000,0.000,0.000,42.0,0.000,
12.11.2025,14:36:55.354,33.985,29.182,19.746,3.277,250.0,250.0,48.895,15.061,4.301,45.869,31.105,19.284,11.821,19.051,7.330,0.867,6.463,4.518,0.000,0.000,0.125,42.0,0.000,
12.11.2025,14:36:56.351,16.313,31.095,21.497,3.305,250.0,250.0,49.677,12.523,4.326,37.764,26.104,16.183,9.921,15.986,5.225,0.563,4.662,4.501,0.000,0.000,0.000,42.0,0.000,
12.11.2025,14:36:57.364,14.953,29.846,20.274,3.325,250.0,250.0,48.212,14.398,4.362,43.015,29.375,18.217,11.158,17.996,7.672,0.992,6.680,4.518,0.000,0.000,0.000,42.0,0.000,
12.11.2025,14:36:58.362,39.422,29.948,20.474,3.295,250.0,250.0,47.704,15.031,4.337,46.725,31.664,19.637,12.027,19.391,6.007,0.737,5.270,4.518,0.000,0.000,0.000,42.0,0.000,
12.11.2025,14:36:59.358,17.672,32.187,22.536,3.396,250.0,250.0,48.567,16.588,4.312,51.665,34.709,21.515,13.194,21.257,7.348,0.913,6.435,4.535,0.000,0.000,0.000,42.0,0.000,
12.11.2025,14:37:0.362,20.391,30.414,20.868,3.307,250.0,250.0,49.155,14.043,4.239,41.769,28.525,17.687,10.838,17.479,7.681,0.940,6.741,4.526,0.000,0.000,0.000,42.0,0.000,
12.11.2025,14:37:1.358,16.313,29.300,19.791,3.272,250.0,250.0,47.220,14.224,4.288,42.464,28.993,17.983,11.010,17.762,7.601,0.915,6.686,4.535,0.000,0.000,0.000,42.0,0.000,
12.11.2025,14:37:2.357,19.032,32.928,23.415,3.302,250.0,250.0,46.898,14.173,4.337,44.004,29.972,18.582,11.390,18.361,5.294,0.616,4.678,4.492,0.000,0.000,0.000,42.0,0.000,
12.11.2025,14:37:3.355,16.313,30.530,21.007,3.319,250.0,250.0,47.647,14.706,4.300,46.173,31.299,19.405,11.894,19.172,5.150,0.546,4.604,4.518,0.001,0.000,0.000,42.0,0.000,
12.11.2025,14:37:4.351,28.547,30.599,21.107,3.291,250.0,250.0,47.781,13.779,4.312,42.702,29.153,18.081,11.072,17.860,5.056,0.553,4.503,4.501,0.000,0.000,0.000,42.0,0.000,
12.11.2025,14:37:5.351,16.313,30.921,21.378,3.322,250.0,250.0,46.943,13.779,4.299,41.083,28.141,17.452,10.689,17.243,5.407,0.586,4.821,4.484,0.000,0.000,0.000,42.0,0.000,
12.11.2025,14:37:6.351,19.032,31.100,21.601,3.299,250.0,250.0,46.943,13.420,4.299,41.083,28.141,17.452,10.689,17.243,5.407,0.586,4.821,4.484,0.000,0.000,0.000,42.0,0.000,
12.11.2025,14:37:7.364,20.391,30.216,20.590,3.311,250.0,250.0,47.869,13.567,4.300,41.824,28.595,17.734,10.861,17.525,5.139,0.585,4.554,4.552,0.000,0.000,0.000,42.0,0.000,
12.11.2025,14:37:8.362,17.672,31.454,21.839,3.377,250.0,250.0,46.333,13.702,4.313,40.832,27.988,17.358,10.630,17.149,7.116,0.846,6.270,4.518,0.000,0.000,0.000,42.0,0.000,
12.11.2025,14:37:9.364,14.953,28.716,19.059,3.447,250.0,250.0,41.482,14.598,4.300,45.428,30.828,19.120,11.708,18.887,5.617,0.610,5.007,4.475,0.000,0.000,0.000,42.0,0.000,
12.11.2025,14:37:10.364,13.594,28.805,19.198,3.423,250.0,250.0,43.685,12.201,4.300,36.694,25.424,15.763,9.661,15.579,5.037,0.519,4.518,4.518,0.000,0.000,0.000,42.0,0.000,
12.11.2025,14:37:11.352,16.313,29.340,19.649,3.412,250.0,250.0,44.632,13.307,4.299,40.824,27.979,17.352,10.627,17.143,5.174,0.671,4.503,4.501,0.000,0.000,0.000,42.0,0.000,
12.11.2025,14:37:12.359,17.672,30.008,20.372,3.404,250.0,250.0,44.754,12.899,4.324,39.173,26.973,16.726,10.247,16.517,5.274,0.754,4.520,4.484,0.000,0.000,0.000,42.0,0.000,
12.11.2025,14:37:13.354,17.672,27.850,18.229,3.426,250.0,250.0,44.485,13.023,4.350,39.679,27.297,16.933,10.364,16.724,5.200,0.654,4.546,4.484,0.000,0.000,0.000,42.0,0.000,
12.11.2025,14:37:14.353,16.313,30.017,20.376,3.424,250.0,250.0,45.414,15.380,4.301,47.327,32.018,19.852,12.166,19.606,7.018,1.000,6.018,4.492,0.000,0.000,0.000,42.0,0.000,
12.11.2025,14:37:15.364,20.391,29.128,19.466,3.402,250.0,250.0,46.377,14.161,4.301,42.073,28.753,17.827,10.926,17.606,7.794,1.136,6.658,4.535,0.000,0.000,0.000,42.0,0.000,
12.11.2025,14:37:16.350,17.672,29.380,19.756,3.377,250.0,250.0,45.861,14.006,4.276,43.460,29.605,18.349,11.256,18.128,5.234,0.713,4.521,4.518,0.000,0.000,0.000,42.0,0.000,
12.11.2025,14:37:17.364,20.391,31.314,21.684,3.402,250.0,250.0,46.273,14.601,4.251,45.108,30.600,18.976,11.624,18.756,6.101,0.861,5.240,4.492,0.000,0.000,0.000,42.0,0.000,
12.11.2025,14:37:18.363,14.953,29.871,20.193,3.391,250.0,250.0,46.579,12.452,4.276,37.606,25.967,16.100,9.867,15.904,5.147,0.652,4.495,4.501,0.000,0.000,0.000,42.0,0.000,
12.11.2025,14:37:19.361,14.953,29.579,19.953,3.384,250.0,250.0,45.345,13.090,4.287,39.222,26.977,16.729,10.248,16.532,6.192,0.793,5.399,4.518,0.000,0.000,0.000,42.0,0.000,
12.11.2025,14:37:20.360,19.032,28.465,18.912,3.355,250.0,250.0,44.987,13.798,4.337,42.467,29.025,17.992,11.033,17.771,5.436,0.790,4.646,4.484,0.000,0.000,0.000,42.0,0.000,
12.11.2025,14:37:21.359,19.032,30.584,20.972,3.367,250.0,250.0,45.742,14.286,4.338,42.484,29.025,18.004,11.021,17.783,7.827,1.092,6.735,4.552,0.000,0.000,0.000,42.0,0.000,
12.11.2025,14:37:22.363,21.750,30.610,21.078,3.355,250.0,250.0,44.821,13.591,4.289,40.098,27.529,17.068,10.461,16.859,7.559,0.912,6.647,4.492,0.000,0.000,0.000,42.0,0.000,
12.11.2025,14:37:23.363,31.266,29.701,20.117,3.325,250.0,250.0,44.613,14.151,4.300,44.063,29.987,18.596,11.391,18.375,5.026,0.516,4.510,4.746,0.000,0.000,0.000,42.0,0.000,
12.11.2025,14:37:24.361,23.110,30.819,21.250,3.341,250.0,250.0,45.940,13.534,4.300,41.795,28.585,17.723,10.862,17.502,5.032,0.522,4.510,4.510,0.000,0.000,0.000,42.0,0.000,
12.11.2025,14:37:25.363,27.188,30.688,21.161,3.342,250.0,250.0,45.171,14.105,4.300,43.279,29.499,18.291,11.208,18.070,5.947,0.648,5.299,4.510,0.000,0.000,0.000,42.0,0.000,
12.11.2025,14:37:26.350,16.313,30.265,20.654,3.366,250.0,250.0,45.640,13.400,4.264,41.087,28.123,17.431,10.692,17.223,5.333,0.814,4.519,4.518,0.000,0.000,0.000,42.0,0.000,
12.11.2025,14:37:27.351,23.110,30.791,21.225,3.333,250.0,250.0,44.851,14.444,4.300,43.351,29.543,18.313,11.230,18.092,7.561,0.913,6.648,4.492,0.000,0.000,0.000,42.0,0.000,
12.11.2025,14:37:28.351,32.625,29.232,19.686,3.319,250.0,250.0,47.039,14.538,4.276,43.736,29.767,18.449,11.318,18.228,7.559,0.911,6.648,4.492,0.000,0.000,0.000,42.0,0.000,
12.11.2025,14:37:29.352,17.672,29.427,19.864,3.351,250.0,250.0,46.325,13.920,4.276,41.356,28.297,17.543,10.754,17.334,7.570,0.911,6.659,4.501,0.000,0.000,0.000,42.0,0.000,
12.11.2025,14:37:30.364,17.672,28.764,19.261,3.302,250.0,250.0,46.930,12.691,4.288,36.650,25.382,15.735,9.647,15.550,7.581,0.921,6.660,4.501,0.000,0.000,0.000,42.0,0.000,
12.11.2025,14:37:31.359,23.110,29.918,20.410,3.307,250.0,250.0,45.569,13.913,4.264,43.287,29.476,18.284,11.192,18.063,5.026,0.516,4.510,4.510,0.000,0.000,0.000,42.0,0.000,
12.11.2025,14:37:32.356,27.188,32.696,22.962,3.478,250.0,250.0,46.619,14.236,4.202,44.563,30.242,18.754,11.488,18.521,5.034,0.516,4.518,4.518,0.000,0.000,0.000,42.0,0.000,
12.11.2025,14:37:33.353,19.032,35.870,26.043,3.526,250.0,250.0,47.296,14.559,4.264,43.970,29.907,18.538,11.369,18.317,7.355,0.928,6.427,4.518,0.000,0.000,0.000,42.0,0.000,
12.11.2025,14:37:34.351,23.110,33.467,23.932,3.300,250.0,250.0,47.168,13.077,4.263,39.109,26.893,16.681,10.212,16.472,6.321,0.756,5.565,4.501,0.000,0.000,0.000,42.0,0.000,
12.11.2025,14:37:35.365,27.188,29.709,20.169,3.319,250.0,250.0,45.988,15.094,4.276,45.832,31.066,19.270,11.796,19.037,7.571,0.911,6.660,4.518,0.000,0.000,0.000,42.0,0.000,
12.11.2025,14:37:36.364,21.750,32.997,23.461,3.315,250.0,250.0,47.573,12.629,4.227,38.402,26.441,16.387,10.054,16.191,5.033,0.515,4.518,4.518,0.000,0.000,0.000,42.0,0.000,
12.11.2025,14:37:37.363,23.110,29.820,20.243,3.297,250.0,250.0,46.477,14.834,4.215,45.608,30.894,19.155,11.739,18.922,6.417,0.746,5.671,4.969,0.000,0.000,0.000,42.0,0.000,
12.11.2025,14:37:38.355,31.266,30.517,21.014,3.308,250.0,250.0,46.615,14.666,4.214,44.253,30.045,18.631,11.414,18.410,7.591,0.928,6.663,4.510,0.000,0.000,0.000,42.0,0.000,
12.11.2025,14:37:39.360,24.469,30.112,20.567,3.325,250.0,250.0,46.584,15.216,4.227,46.487,31.436,19.492,11.944,19.259,7.388,0.893,6.495,4.543,0.000,0.000,0.000,42.0,0.000,
12.11.2025,14:37:40.359,32.625,30.882,21.340,3.280,250.0,250.0,47.095,12.793,4.178,39.092,26.824,16.635,10.189,16.438,5.033,0.515,4.518,4.510,0.000,0.000,0.000,42.0,0.000,
12.11.2025,14:37:41.361,16.313,30.632,21.131,3.288,250.0,250.0,46.636,15.198,4.239,48.196,32.507,20.162,12.345,19.917,5.054,0.519,4.535,4.510,0.000,0.000,0.000,42.0,0.000,
12.11.2025,14:37:42.359,17.672,32.581,23.136,3.281,250.0,250.0,47.221,12.410,4.288,37.193,25.715,15.945,9.770,15.761,5.453,0.589,4.864,4.518,0.001,0.000,0.000,42.0,0.000,
12.11.2025,14:37:43.355,43.501,30.671,21.094,3.306,250.0,250.0,46.712,15.212,4.325,46.223,31.340,19.432,11.908,19.199,7.590,0.910,6.680,4.518,0.000,0.000,0.000,42.0,0.000,
12.11.2025,14:37:44.358,17.672,30.852,21.338,3.309,250.0,250.0,48.165,14.445,4.325,43.184,29.460,18.273,11.187,18.052,7.715,0.943,6.772,4.543,0.000,0.000,0.000,42.0,0.000,
12.11.2025,14:37:45.359,20.391,31.606,22.086,3.305,250.0,250.0,46.826,12.997,4.263,39.775,27.308,16.937,10.371,16.728,5.034,0.516,4.518,4.518,0.000,0.000,0.000,42.0,0.375,
12.11.2025,14:37:46.362,17.672,34.143,24.531,3.330,250.0,250.0,46.513,14.205,4.165,42.437,28.893,17.920,10.973,17.699,7.711,0.936,6.775,4.543,0.000,0.000,0.000,42.0,0.000,
12.11.2025,14:37:47.360,28.547,27.482,18.003,3.307,250.0,250.0,47.598,14.300,4.201,42.842,29.172,18.090,11.082,17.869,7.603,0.910,6.693,4.535,0.000,0.000,0.000,42.0,0.000,
12.11.2025,14:37:48.360,21.750,32.300,22.800,3.272,250.0,250.0,47.544,13.607,4.238,42.062,28.716,17.807,10.909,17.586,5.093,0.524,4.569,4.569,0.000,0.000,0.000,42.0,0.000,
12.11.2025,14:37:49.358,24.469,34.695,25.147,3.324,250.0,250.0,47.838,15.705,4.226,48.184,32.495,20.150,12.345,19.904,7.612,0.934,6.678,4.518,0.000,0.000,0.000,42.0,0.000,
12.11.2025,14:37:50.354,25.829,30.718,21.240,3.273,250.0,250.0,47.590,14.567,4.262,43.720,29.758,18.444,11.314,18.223,7.707,0.941,6.766,4.535,0.001,0.000,0.000,42.0,0.000,
12.11.2025,14:37:51.360,17.672,30.842,21.351,3.282,250.0,250.0,46.707,12.403,4.214,37.575,25.902,16.061,9.841,15.877,5.025,0.515,4.510,4.510,0.000,0.000,0.000,42.0,0.000,
12.11.2025,14:37:52.361,17.672,30.891,21.353,3.276,250.0,250.0,47.075,14.201,4.275,42.807,29.199,18.104,11.095,17.883,7.062,0.834,6.228,4.518,0.000,0.000,0.000,42.0,0.000,
12.11.2025,14:37:53.359,25.829,30.533,21.094,3.267,250.0,250.0,47.739,14.442,4.226,43.214,29.423,18.241,11.182,18.020,7.790,0.956,6.834,4.535,0.000,0.000,0.000,42.0,0.000,
12.11.2025,14:37:54.362,33.985,28.764,19.135,3.387,250.0,250.0,44.578,13.734,4.202,42.563,29.000,17.980,11.020,17.759,5.152,0.541,4.611,4.510,0.000,0.000,0.000,42.0,0.000,
12.11.2025,14:37:55.363,16.313,28.354,18.756,3.372,250.0,250.0,43.960,13.432,4.203,41.336,28.235,17.506,10.729,17.297,5.249,0.555,4.694,4.518,0.000,0.000,0.000,42.0,0.000,
12.11.2025,14:37:56.361,16.313,33.253,23.593,3.386,250.0,250.0,44.852,14.842,4.190,45.652,30.908,19.161,11.747,18.927,6.661,0.755,5.906,4.518,0.000,0.000,0.000,42.0,0.000,
12.11.2025,14:37:57.361,20.391,30.361,20.757,3.393,250.0,250.0,46.042,13.620,4.289,40.049,27.491,17.054,10.437,16.845,7.744,0.970,6.774,4.543,0.000,0.000,0.000,42.0,0.000,
12.11.2025,14:37:58.359,16.313,30.037,20.373,3.391,250.0,250.0,45.748,15.008,4.264,45.511,30.864,19.139,11.725,18.906,7.586,0.907,6.679,4.501,0.000,0.000,0.000,42.0,0.000,
12.11.2025,14:37:59.359,16.313,32.666,22.989,3.423,250.0,250.0,46.138,13.622,4.239,41.442,28.318,17.565,10.753,17.356,6.000,0.702,5.298,4.543,0.000,0.000,0.000,42.0,0.000,
12.11.2025,14:38:0.366,20.391,29.038,19.432,3.381,250.0,250.0,45.216,12.913,4.227,39.458,27.080,16.793,10.287,16.597,5.087,0.526,4.561,4.518,0.000,0.000,0.000,42.0,0.000,
12.11.2025,14:38:1.366,29.907,30.225,20.630,3.372,250.0,250.0,46.001,12.707,4.240,37.918,26.133,16.203,9.930,16.019,6.053,0.684,5.369,4.518,0.000,0.000,0.000,42.0,0.000,
12.11.2025,14:38:2.367,21.750,30.626,21.004,3.413,250.0,250.0,44.734,18.970,4.239,42.270,28.832,17.884,10.948,17.663,5.033,0.515,4.518,57.798,0.000,0.000,0.000,42.0,0.000,
12.11.2025,14:38:3.367,19.032,28.866,19.190,3.410,250.0,250.0,44.823,12.462,4.227,37.739,26.022,16.141,9.881,15.944,5.073,0.521,4.552,4.518,0.000,0.000,0.000,42.0,0.000,
12.11.2025,14:38:4.379,19.032,28.005,18.440,3.393,250.0,250.0,45.475,13.611,4.239,41.245,28.208,17.492,10.716,17.271,6.204,0.705,5.499,4.526,0.000,0.000,0.000,42.0,0.000,
12.11.2025,14:38:5.373,21.750,30.061,20.406,3.369,250.0,250.0,46.066,14.150,4.324,42.012,28.728,17.819,10.909,17.598,7.776,0.956,6.820,4.561,0.000,0.000,0.000,42.0,0.000,
12.11.2025,14:38:6.378,36.704,31.706,22.095,3.377,250.0,250.0,46.661,14.068,4.337,41.897,28.657,17.771,10.886,17.563,7.517,0.895,6.622,4.535,0.000,0.000,0.000,42.0,0.000,
12.11.2025,14:38:7.371,24.469,31.543,21.949,3.363,250.0,250.0,47.790,11.313,4.325,33.261,23.316,14.451,8.865,14.279,5.062,0.519,4.543,4.510,0.000,0.000,0.000,42.0,0.000,
12.11.2025,14:38:8.372,23.110,33.063,23.386,3.425,250.0,250.0,44.597,13.458,4.226,39.527,27.140,16.829,10.311,16.620,7.707,0.972,6.735,4.510,0.000,0.000,0.000,42.0,0.000,
12.11.2025,14:38:9.389,24.469,31.724,22.207,3.350,250.0,250.0,45.480,13.904,4.214,43.286,29.451,18.267,11.184,18.046,5.038,0.520,4.518,4.518,0.000,0.000,0.000,42.0,0.000,
12.11.2025,14:38:10.385,23.110,30.473,20.897,3.341,250.0,250.0,46.368,18.002,4.275,43.274,29.479,18.286,11.193,18.065,5.046,0.520,4.526,45.356,0.000,0.000,0.000,42.0,0.000,
12.11.2025,14:38:11.383,25.829,30.911,21.333,3.353,250.0,250.0,45.661,14.605,4.251,43.972,29.903,18.536,11.367,18.315,7.594,0.922,6.672,4.518,0.000,0.000,0.000,42.0,0.000,
12.11.2025,14:38:12.381,31.266,29.804,20.200,3.361,250.0,250.0,46.584,14.534,4.276,44.555,30.277,18.773,11.504,18.540,6.447,0.728,5.719,4.518,0.000,0.000,0.000,42.0,0.000,
12.11.2025,14:38:13.396,20.391,32.781,23.175,3.364,250.0,250.0,45.819,12.724,4.276,38.681,26.633,16.507,10.126,16.311,5.079,0.527,4.552,4.552,0.000,0.000,0.000,42.0,0.000,
12.11.2025,14:38:14.395,19.032,32.620,23.083,3.330,250.0,250.0,45.782,15.288,4.299,46.507,31.501,19.536,11.965,19.291,7.629,0.951,6.678,4.518,0.000,0.000,0.000,42.0,0.000,
12.11.2025,14:38:15.393,21.750,30.925,21.393,3.320,250.0,250.0,46.267,14.979,4.238,45.375,30.774,19.076,11.698,18.842,7.635,0.958,6.677,4.518,0.000,0.000,0.000,42.0,0.000,
12.11.2025,14:38:16.392,21.750,33.243,23.620,3.348,250.0,250.0,46.014,12.682,4.287,38.409,26.475,16.423,10.052,16.227,5.207,0.679,4.528,4.535,0.000,0.000,0.000,42.0,0.000,
12.11.2025,14:38:17.392,19.032,29.612,20.081,3.318,250.0,250.0,46.908,14.573,4.227,43.833,29.806,18.476,11.330,18.255,7.641,0.920,6.721,4.518,0.000,0.000,0.000,42.0,0.000,
12.11.2025,14:38:18.392,28.547,30.329,20.755,3.346,250.0,250.0,45.951,14.833,4.251,44.906,30.493,18.905,11.588,18.672,7.502,0.885,6.617,4.510,0.000,0.000,0.000,42.0,0.000,
12.11.2025,14:38:19.393,23.110,30.416,20.866,3.334,250.0,250.0,46.733,13.573,4.264,41.959,28.654,17.769,10.885,17.561,5.054,0.519,4.535,4.526,0.000,0.000,0.000,42.0,0.000,
12.11.2025,14:38:20.390,23.110,30.416,20.866,3.334,250.0,250.0,47.269,15.899,4.312,48.945,33.019,20.479,12.540,20.234,7.471,0.888,6.583,4.518,0.000,0.000,0.000,42.0,0.000,
12.11.2025,14:38:21.381,21.750,30.028,20.502,3.290,250.0,250.0,47.522,16.170,4.312,49.858,33.588,20.825,12.763,20.568,7.631,0.928,6.703,4.526,0.000,0.000,0.000,42.0,0.000,
12.11.2025,14:38:22.386,17.672,31.934,22.344,3.318,250.0,250.0,47.054,16.054,4.239,47.009,31.779,19.701,12.078,19.468,7.059,0.821,6.238,12.152,0.001,0.000,0.000,42.0,0.000,
12.11.2025,14:38:23.388,16.313,29.921,20.432,3.298,250.0,250.0,46.865,12.742,4.190,38.815,26.660,16.534,10.126,16.337,5.107,0.529,4.578,4.543,0.000,0.000,0.000,42.0,0.000,
12.11.2025,14:38:24.392,14.953,30.528,20.944,3.334,250.0,250.0,45.799,12.293,4.252,37.080,25.634,15.898,9.736,15.702,5.053,0.518,4.535,4.526,0.001,0.000,0.000,42.0,0.000,
12.11.2025,14:38:25.394,17.672,30.000,20.495,3.334,250.0,250.0,47.117,13.972,4.251,41.435,28.326,17.563,10.763,17.354,7.734,0.973,6.761,4.561,0.000,0.000,0.000,42.0,0.000,
12.11.2025,14:38:26.394,24.469,32.238,22.659,3.308,250.0,250.0,46.418,13.049,4.288,39.892,27.400,16.990,10.410,16.781,5.102,0.565,4.537,4.526,0.000,0.000,0.000,42.0,0.000,
12.11.2025,14:38:27.396,19.032,33.763,24.108,3.336,250.0,250.0,47.130,12.336,4.288,37.209,25.740,15.957,9.783,15.761,5.045,0.519,4.526,4.526,0.000,0.000,0.000,42.0,0.000,
12.11.2025,14:38:28.398,29.907,31.332,21.803,3.341,250.0,250.0,47.372,12.718,4.300,38.656,26.640,16.512,10.128,16.315,5.042,0.524,4.518,4.543,0.000,0.000,0.000,42.0,0.000,
12.11.2025,14:38:29.394,28.547,31.378,21.796,3.339,250.0,250.0,46.574,15.337,4.312,46.681,31.609,19.604,12.005,19.370,7.629,0.932,6.697,4.535,0.000,0.000,0.000,42.0,0.000,
12.11.2025,14:38:30.394,31.266,30.702,21.131,3.328,250.0,250.0,47.364,15.054,4.300,46.230,31.334,19.429,11.905,19.195,6.806,0.780,6.026,4.535,0.000,0.000,0.000,42.0,0.000,
12.11.2025,14:38:31.393,28.547,30.079,20.538,3.311,250.0,250.0,48.016,13.603,4.276,41.951,28.665,17.776,10.889,17.555,5.163,0.592,4.571,4.589,0.001,0.000,0.000,42.0,0.000,
12.11.2025,14:38:32.388,25.829,29.562,20.087,3.301,250.0,250.0,48.832,14.405,4.288,43.241,29.464,18.273,11.191,18.052,7.504,0.894,6.610,4.535,0.000,0.000,0.000,42.0,0.375,
12.11.2025,14:38:33.386,33.985,28.622,19.038,3.314,250.0,250.0,49.129,13.742,4.252,42.559,29.032,17.996,11.036,17.775,5.099,0.530,4.569,4.569,0.000,0.000,0.000,42.0,0.000,
12.11.2025,14:38:34.396,21.750,34.447,24.498,3.659,250.0,250.0,47.393,15.093,4.276,45.701,30.986,19.213,11.773,18.992,7.716,0.941,6.775,4.552,0.000,0.000,0.000,42.0,0.000,
12.11.2025,14:38:35.393,19.032,32.069,22.519,3.365,250.0,250.0,48.018,15.928,4.313,49.143,33.139,20.546,12.593,20.300,7.358,0.921,6.437,4.526,0.000,0.000,0.000,42.0,0.000,
12.11.2025,14:38:36.402,25.829,31.738,22.204,3.307,250.0,250.0,48.499,12.947,4.263,39.474,27.119,16.819,10.300,16.622,5.143,0.557,4.586,4.586,0.000,0.000,0.000,42.0,0.000,
12.11.2025,14:38:37.415,17.672,31.950,22.395,3.326,250.0,250.0,46.623,13.880,4.288,41.756,28.552,17.701,10.851,17.492,6.811,0.823,5.988,4.535,0.000,0.000,0.000,42.0,0.000,
12.11.2025,14:38:38.413,23.110,30.295,20.771,3.321,250.0,250.0,46.770,14.398,4.275,43.073,29.366,18.207,11.159,17.986,7.691,0.990,6.701,4.535,0.000,0.000,0.000,42.0,0.000,
12.11.2025,14:38:39.428,21.750,31.939,22.300,3.350,250.0,250.0,46.210,13.571,4.227,39.998,27.426,17.003,10.423,16.795,7.649,0.914,6.735,4.543,0.001,0.000,0.000,42.0,0.000,
12.11.2025,14:38:40.421,19.032,30.825,21.336,3.303,250.0,250.0,47.092,7.527,3.701,19.434,14.340,8.889,5.451,8.790,5.075,0.523,4.552,4.518,0.000,0.000,0.000,42.0,0.000,
12.11.2025,14:38:41.422,17.672,29.637,20.080,3.308,250.0,250.0,42.332,12.682,4.239,38.483,26.495,16.427,10.068,16.231,5.172,0.539,4.633,4.535,0.000,0.000,0.000,42.0,0.000,
12.11.2025,14:38:42.423,21.750,29.104,19.465,3.408,250.0,250.0,45.183,14.300,4.251,44.601,30.288,18.777,11.511,18.556,5.236,0.691,4.545,4.543,0.000,0.000,0.000,42.0,0.000,
12.11.2025,14:38:43.418,14.953,30.239,20.666,3.364,250.0,250.0,44.902,14.073,4.264,41.736,28.529,17.689,10.840,17.468,7.817,1.128,6.689,4.569,0.000,0.000,0.250,42.0,0.000,
12.11.2025,14:38:44.415,16.313,28.444,18.877,3.364,250.0,250.0,44.476,13.726,4.276,42.499,29.005,17.982,11.023,17.761,5.087,0.526,4.561,4.535,0.001,0.000,0.000,42.0,0.000,
12.11.2025,14:38:45.413,14.953,29.921,20.294,3.389,250.0,250.0,44.381,13.668,4.214,40.432,27.676,17.170,10.506,16.961,7.599,0.908,6.691,4.518,0.000,0.000,0.000,42.0,0.000,
12.11.2025,14:38:46.423,20.391,29.832,20.182,3.397,250.0,250.0,44.777,12.807,4.227,39.043,26.829,16.630,10.199,16.433,5.078,0.526,4.552,4.552,0.000,0.000,0.000,42.0,0.000,
12.11.2025,14:38:47.424,29.907,29.333,19.755,3.395,250.0,250.0,45.521,13.563,4.239,39.941,27.395,16.987,10.408,16.778,7.653,0.918,6.735,4.578,0.000,0.000,0.000,42.0,0.000,
12.11.2025,14:38:48.418,17.672,29.509,19.832,3.402,250.0,250.0,44.365,13.158,4.189,38.445,26.434,16.395,10.039,16.199,7.672,0.972,6.700,4.535,0.001,0.000,0.000,42.0,0.000,
12.11.2025,14:38:49.415,21.750,31.307,21.673,3.413,250.0,250.0,44.236,14.202,4.276,42.370,28.926,17.937,10.989,17.716,7.646,0.963,6.683,4.518,0.000,0.000,0.000,42.0,0.000,
12.11.2025,14:38:50.428,23.110,28.604,18.926,3.382,250.0,250.0,44.874,12.914,4.301,39.379,27.082,16.794,10.288,16.585,5.078,0.526,4.552,4.552,0.000,0.000,0.000,42.0,0.000,
12.11.2025,14:38:51.442,17.672,28.381,18.826,3.369,250.0,250.0,45.202,13.606,4.325,40.052,27.518,17.068,10.450,16.860,7.632,0.942,6.690,4.526,0.000,0.000,0.000,42.0,0.000,
12.11.2025,14:38:52.440,24.469,28.951,19.306,3.379,250.0,250.0,44.380,14.089,4.301,43.879,29.865,18.523,11.342,18.302,5.066,0.523,4.543,4.543,0.000,0.000,0.500,42.0,0.000,
12.11.2025,14:38:53.438,28.547,29.103,19.552,3.346,250.0,250.0,46.129,13.897,4.300,41.191,28.202,17.488,10.714,17.279,7.637,0.958,6.679,4.518,0.000,0.000,0.500,42.0,0.000,
12.11.2025,14:38:54.441,23.110,29.624,20.002,3.369,250.0,250.0,45.013,12.442,4.240,37.613,25.958,16.098,9.860,15.902,5.092,0.523,4.569,4.569,0.000,0.000,0.000,42.0,0.000,
12.11.2025,14:38:55.438,20.391,31.681,22.040,3.418,250.0,250.0,46.355,13.334,4.215,41.044,28.062,17.407,10.655,17.198,5.098,0.529,4.569,4.569,0.001,0.000,0.000,42.0,0.000,
12.11.2025,14:38:56.444,21.750,32.097,22.511,3.389,250.0,250.0,46.081,13.643,4.263,42.218,28.812,17.866,10.946,17.658,5.061,0.518,4.543,4.543,0.000,0.000,0.000,42.0,0.000,
12.11.2025,14:38:57.457,19.032,33.435,23.772,3.391,250.0,250.0,45.926,13.826,4.215,42.923,29.231,18.121,11.110,17.900,5.100,0.574,4.526,4.561,0.001,0.000,0.000,42.0,0.000,
12.11.2025,14:38:58.455,31.266,30.555,20.956,3.344,250.0,250.0,46.774,15.117,4.226,45.795,31.027,19.232,11.795,18.999,7.775,0.993,6.782,4.543,0.000,0.000,0.000,42.0,0.000,
12.11.2025,14:38:59.450,23.110,32.198,22.562,3.399,250.0,250.0,46.627,14.982,4.300,46.156,31.284,19.404,11.880,19.171,6.542,0.738,5.804,4.543,0.000,0.000,0.000,42.0,0.000,
12.11.2025,14:39:0.445,17.672,29.207,19.566,3.374,250.0,250.0,46.477,14.982,4.287,46.804,31.677,19.642,12.035,19.397,7.130,0.911,6.219,6.577,0.000,0.000,0.000,42.0,0.000,
12.11.2025,14:39:1.458,23.110,31.826,22.226,3.378,250.0,250.0,46.427,15.468,4.288,38.140,26.311,16.309,10.002,16.113,5.118,0.524,4.594,4.535,0.000,0.000,0.000,42.0,0.000,
12.11.2025,14:39:2.451,19.032,31.824,22.195,3.397,250.0,250.0,46.427,12.593,4.288,38.140,26.311,16.309,10.002,16.113,5.118,0.524,4.594,4.535,0.000,0.000,0.000,42.0,0.000,
12.11.2025,14:39:3.458,19.032,30.410,20.841,3.352,250.0,250.0,47.428,14.559,4.227,42.853,29.189,18.105,11.084,17.884,5.651,0.616,5.035,10.950,0.000,0.000,0.000,42.0,0.000,
12.11.2025,14:39:4.466,14.953,28.977,19.411,3.374,250.0,250.0,46.970,14.500,4.227,45.423,30.784,19.087,11.697,18.866,5.184,0.630,4.554,4.543,0.000,0.000,0.000,42.0,0.000,
12.11.2025,14:39:5.462,17.672,30.917,21.250,3.372,250.0,250.0,46.864,13.290,4.276,38.685,26.632,16.519,10.113,16.323,7.882,1.070,6.812,4.586,0.000,0.000,0.000,42.0,0.000,
12.11.2025,14:39:6.467,16.313,26.817,17.436,3.186,250.0,250.0,42.428,9.825,4.276,27.622,19.791,12.265,7.526,12.117,5.069,0.526,4.543,4.518,0.000,0.000,0.000,42.0,0.000,
12.11.2025,14:39:7.465,21.750,31.739,22.143,3.320,250.0,250.0,46.610,16.431,4.262,51.125,34.342,21.287,13.055,21.029,7.333,0.994,6.339,4.543,0.000,0.000,0.000,42.0,0.000,
12.11.2025,14:39:8.466,23.110,31.225,21.659,3.335,250.0,250.0,47.931,13.302,4.275,40.756,27.918,17.315,10.603,17.106,5.225,0.630,4.595,4.594,0.000,0.000,0.000,42.0,0.000,
12.11.2025,14:39:9.465,23.110,28.811,19.178,3.389,250.0,250.0,48.768,15.701,4.275,47.999,32.408,20.100,12.308,19.854,7.759,1.055,6.704,4.543,0.001,0.000,0.000,42.0,0.000,
12.11.2025,14:39:10.463,19.032,28.785,19.274,3.353,250.0,250.0,47.690,14.897,4.177,44.995,30.489,18.902,11.587,18.681,7.797,1.087,6.710,4.543,0.000,0.000,0.000,42.0,0.000,
12.11.2025,14:39:11.461,23.110,30.283,20.710,3.333,250.0,250.0,48.598,14.929,4.275,46.925,31.750,19.686,12.064,19.441,5.290,0.719,4.571,4.569,0.001,0.000,0.000,42.0,0.000,
12.11.2025,14:39:12.465,16.313,28.561,18.979,3.336,250.0,250.0,47.286,14.972,4.275,45.208,30.685,19.025,11.660,18.792,7.764,1.060,6.704,4.543,0.000,0.000,0.000,42.0,0.000,
12.11.2025,14:39:13.467,19.032,27.163,17.607,3.334,250.0,250.0,47.735,13.491,4.300,41.395,28.342,17.577,10.765,17.356,5.289,0.695,4.594,4.594,0.000,0.000,0.000,42.0,0.000,
12.11.2025,14:39:14.462,20.391,31.645,22.092,3.343,250.0,250.0,48.029,15.426,4.299,46.913,31.758,19.695,12.063,19.450,7.770,1.067,6.703,4.543,0.000,0.000,0.000,42.0,0.000,
12.11.2025,14:39:15.475,19.032,39.815,29.849,3.619,250.0,250.0,49.032,15.207,4.297,48.105,32.482,20.137,12.345,19.891,5.116,0.530,4.586,4.586,0.000,0.000,0.000,42.0,0.000,
12.11.2025,14:39:16.489,17.672,38.368,30.145,3.586,250.0,250.0,73.142,23.736,8.922,70.727,49.398,30.633,18.765,30.264,10.650,1.120,9.530,7.353,0.000,0.000,0.000,42.0,0.500,
12.11.2025,14:39:17.490,19.032,35.433,27.453,3.497,250.0,250.0,78.015,23.170,8.874,69.033,48.319,29.959,18.360,29.603,10.100,1.016,9.084,7.353,0.000,0.000,0.000,42.0,0.000,
12.11.2025,14:39:18.489,21.750,30.485,20.666,3.392,250.0,250.0,53.708,16.917,4.337,52.712,35.367,21.929,13.438,21.671,7.489,0.841,6.648,4.738,0.002,0.000,0.000,42.0,0.000,
12.11.2025,14:39:19.487,19.032,28.223,18.330,3.361,250.0,250.0,49.424,12.292,4.240,37.027,25.585,15.862,9.723,15.677,5.115,0.529,4.586,4.578,0.000,0.000,0.000,42.0,0.000,
12.11.2025,14:39:20.488,29.907,28.956,19.399,3.326,250.0,250.0,47.455,14.406,4.228,43.313,29.471,18.272,11.199,18.064,7.449,0.877,6.572,4.612,0.001,0.000,0.000,42.0,0.000,
12.11.2025,14:39:21.489,20.391,30.536,20.929,3.383,250.0,250.0,46.058,14.295,4.203,42.647,29.048,18.011,11.037,17.802,7.785,0.967,6.818,4.629,0.000,0.000,0.000,42.0,0.000,
12.11.2025,14:39:22.480,28.547,28.671,19.136,3.322,250.0,250.0,46.705,13.869,4.252,41.068,28.097,17.430,10.667,17.221,7.680,0.940,6.740,4.594,0.000,0.000,0.000,42.0,0.000,
12.11.2025,14:39:23.484,14.953,30.367,20.834,3.318,250.0,250.0,46.435,13.474,4.252,41.550,28.407,17.617,10.790,17.396,5.092,0.525,4.567,4.543,0.000,0.000,0.000,42.0,0.000,
12.11.2025,14:39:24.477,19.032,28.582,19.097,3.326,250.0,250.0,45.066,13.346,4.251,40.756,27.913,17.308,10.605,17.099,5.101,0.523,4.578,5.322,0.000,0.000,0.000,42.0,0.000,
12.11.2025,14:40:5.523,27.188,28.372,18.899,3.283,250.0,250.0,72.328,22.593,9.109,65.847,46.496,28.831,17.665,28.476,11.005,3.507,7.498,7.498,0.000,0.000,0.000,42.0,2.250,
12.11.2025,14:40:7.177,17.672,28.372,18.899,3.283,250.0,250.0,72.328,22.593,9.109,65.847,46.496,28.831,17.665,28.476,11.005,3.507,7.498,7.498,0.000,0.000,0.000,42.0,0.000,
12.11.2025,14:40:8.188,29.907,24.450,17.012,3.344,250.0,250.0,72.176,22.663,9.091,68.775,48.301,29.948,18.353,29.580,7.742,0.689,7.053,7.102,0.000,0.001,0.000,42.0,0.000,
12.11.2025,14:40:9.188,20.391,39.156,31.729,3.479,250.0,250.0,76.168,23.275,9.110,69.041,48.459,30.049,18.410,29.694,10.412,1.108,9.304,7.162,0.000,0.000,0.000,42.0,0.000,
12.11.2025,14:40:10.215,57.095,30.790,23.726,3.242,250.0,250.0,78.324,24.352,9.122,74.118,51.622,32.011,19.611,31.631,9.127,0.886,8.241,7.153,0.000,0.000,0.000,42.0,0.000,
12.11.2025,14:40:11.179,27.188,61.782,53.986,3.791,250.0,250.0,78.256,24.600,9.112,74.917,52.109,32.308,19.801,31.916,9.330,1.064,8.266,7.173,0.000,0.000,2.375,42.0,0.000,
12.11.2025,14:40:12.188,33.985,65.297,57.190,3.962,250.0,250.0,79.411,22.698,9.057,66.893,47.093,29.205,17.888,28.851,10.403,1.081,9.322,7.183,0.000,0.000,0.000,42.0,0.000,
12.11.2025,14:40:13.192,21.750,31.028,23.781,3.428,250.0,250.0,76.892,22.366,9.106,65.562,46.307,28.709,17.598,28.367,10.439,1.091,9.348,7.132,0.000,0.000,0.000,42.0,0.250,
12.11.2025,14:40:14.188,28.547,32.154,24.916,3.419,250.0,250.0,77.056,23.159,9.085,68.581,48.167,29.867,18.300,29.512,10.461,1.111,9.350,7.153,0.000,0.000,0.000,42.0,0.000,
12.11.2025,14:40:15.183,20.391,35.125,27.752,3.433,250.0,250.0,78.304,22.726,9.136,67.817,47.725,29.585,18.140,29.230,9.247,0.918,8.329,7.132,0.000,0.000,0.000,42.0,0.000,
12.11.2025,14:40:16.181,32.625,31.685,24.412,3.424,250.0,250.0,77.541,22.898,9.131,67.659,47.620,29.532,18.088,29.177,10.293,1.207,9.086,7.183,0.000,0.000,0.000,42.0,0.000,
12.11.2025,14:40:17.199,14.953,31.591,24.227,3.486,250.0,250.0,77.074,23.264,9.262,70.613,49.538,30.719,18.819,30.352,8.090,0.835,7.255,7.162,0.000,0.000,0.000,42.0,0.000,
12.11.2025,14:40:18.200,20.391,32.695,25.398,3.464,250.0,250.0,77.979,22.502,9.257,67.845,47.816,29.649,18.167,29.294,7.911,0.736,7.175,7.173,0.000,0.000,0.000,42.0,0.000,
12.11.2025,14:40:19.197,29.907,28.891,20.687,3.389,250.0,250.0,65.382,13.758,4.360,42.201,28.871,17.900,10.971,17.692,5.392,0.586,4.806,4.805,0.002,0.000,0.000,42.0,0.000,
12.11.2025,14:40:20.196,32.625,31.175,22.465,3.423,250.0,250.0,59.807,22.532,9.001,66.542,46.852,29.052,17.800,28.709,10.099,1.031,9.068,7.162,0.000,0.000,0.000,42.0,0.000,
12.11.2025,14:40:21.198,29.907,29.464,22.149,3.438,250.0,250.0,76.893,22.547,9.083,68.173,47.916,29.705,18.211,29.350,7.928,0.748,7.180,7.173,0.000,0.000,0.000,42.0,0.000,
12.11.2025,14:40:22.206,27.188,36.663,29.282,3.540,250.0,250.0,77.802,24.405,9.119,72.685,50.721,31.453,19.268,31.074,11.250,1.556,9.694,7.233,0.000,0.000,0.000,42.0,0.000,
12.11.2025,14:40:23.206,19.032,38.329,30.825,3.579,250.0,250.0,78.381,21.952,9.148,65.879,46.524,28.850,17.674,28.507,7.878,0.695,7.183,7.183,0.000,0.000,0.000,42.0,0.000,
12.11.2025,14:40:24.208,16.313,29.458,22.163,3.466,250.0,250.0,77.429,23.296,9.088,70.518,49.367,30.614,18.753,30.247,8.578,0.806,7.772,7.213,0.000,0.000,0.000,42.0,0.000,
12.11.2025,14:40:25.199,20.391,35.865,27.296,3.505,250.0,250.0,67.540,13.944,4.364,41.512,28.450,17.636,10.814,17.427,7.253,0.813,6.440,4.732,0.003,0.000,0.000,42.0,0.375,
12.11.2025,14:40:26.200,17.672,33.733,24.108,3.416,250.0,250.0,48.028,15.007,4.364,45.305,30.796,19.102,11.694,18.869,7.719,0.933,6.786,4.501,0.000,0.000,0.000,42.0,0.375,
12.11.2025,14:40:27.198,27.188,34.950,25.473,3.420,250.0,250.0,47.617,13.189,4.328,40.454,27.772,17.216,10.556,17.008,5.042,0.524,4.518,4.475,0.000,0.000,0.000,42.0,0.000,
12.11.2025,14:40:28.197,27.188,29.937,20.707,3.386,250.0,250.0,46.899,13.512,4.314,41.733,28.546,17.700,10.846,17.492,5.003,0.519,4.484,4.484,0.000,0.000,0.000,42.0,0.000,
12.11.2025,14:40:29.200,28.547,45.748,36.257,3.556,250.0,250.0,47.829,14.960,4.317,45.305,30.772,19.078,11.694,18.845,7.525,0.901,6.624,4.535,0.000,0.000,0.000,42.0,0.500,
12.11.2025,14:40:30.197,21.750,33.185,23.940,3.407,250.0,250.0,46.795,13.345,4.318,39.121,26.939,16.702,10.237,16.494,7.573,0.944,6.629,4.492,0.000,0.000,0.000,42.0,0.000,
12.11.2025,14:40:31.196,28.547,32.894,23.635,3.412,250.0,250.0,46.553,14.160,4.340,42.228,28.872,17.901,10.971,17.693,7.549,0.905,6.644,4.492,0.000,0.000,0.000,42.0,0.000,
12.11.2025,14:40:32.207,21.750,39.232,30.126,3.497,250.0,250.0,57.348,16.741,4.359,51.080,34.375,21.313,13.062,21.056,8.445,1.003,7.442,5.274,0.000,0.000,0.000,42.0,0.000,
12.11.2025,14:40:33.204,17.672,30.757,21.145,3.404,250.0,250.0,53.922,14.559,4.349,45.110,30.678,19.019,11.659,18.787,5.478,0.589,4.889,5.031,0.000,0.000,0.000,42.0,0.000,
12.11.2025,14:40:34.201,14.953,33.544,23.906,3.405,250.0,250.0,50.206,13.531,4.353,39.477,27.172,16.850,10.322,16.654,7.851,0.914,6.937,4.776,0.000,0.000,0.000,42.0,0.000,
12.11.2025,14:40:35.205,23.110,31.779,22.480,3.366,250.0,250.0,47.088,13.369,4.331,39.234,27.018,16.755,10.263,16.547,7.537,0.909,6.628,4.467,0.000,0.000,0.000,42.0,0.000,
12.11.2025,14:40:36.206,23.110,33.754,24.472,3.408,250.0,250.0,48.026,17.343,4.318,45.529,30.915,19.169,11.746,18.936,5.242,0.758,4.484,32.330,0.000,0.000,0.000,42.0,0.000,
12.11.2025,14:40:37.204,27.188,29.981,20.806,3.365,250.0,250.0,48.171,13.446,4.292,39.513,27.157,16.835,10.322,16.639,7.595,0.923,6.672,4.510,0.000,0.000,0.000,42.0,0.000,
12.11.2025,14:40:38.200,28.547,32.610,23.384,3.362,250.0,250.0,47.913,14.634,4.291,45.962,31.158,19.319,11.839,19.087,5.091,0.588,4.503,4.501,0.000,0.000,0.000,42.0,0.000,
12.11.2025,14:40:39.201,24.469,30.923,21.770,3.349,250.0,250.0,48.383,13.252,4.319,40.655,27.886,17.293,10.593,17.085,5.089,0.577,4.512,4.510,0.000,0.000,0.000,42.0,0.000,
12.11.2025,14:40:40.200,24.469,30.923,21.770,3.349,250.0,250.0,48.209,14.607,4.342,44.181,30.090,18.652,11.438,18.432,5.183,0.622,4.561,8.566,0.000,0.000,0.000,42.0,0.000,
12.11.2025,14:40:41.194,24.469,29.806,20.622,3.328,250.0,250.0,47.634,14.694,4.329,44.156,30.065,18.639,11.426,18.418,7.705,0.972,6.733,4.501,0.000,0.000,0.000,42.0,0.000,
12.11.2025,14:40:42.208,17.672,30.169,21.007,3.340,250.0,250.0,47.526,13.543,4.327,41.775,28.593,17.731,10.862,17.511,5.050,0.524,4.526,4.526,0.000,0.000,0.000,42.0,0.000,
12.11.2025,14:40:43.205,20.391,29.528,20.410,3.321,250.0,250.0,46.771,13.517,4.329,40.282,27.657,17.153,10.504,16.945,6.915,0.812,6.103,4.475,0.000,0.000,0.000,42.0,0.000,
12.11.2025,14:40:44.205,16.313,32.669,23.520,3.292,250.0,250.0,46.936,16.077,4.305,49.543,33.391,20.706,12.685,20.449,7.605,0.925,6.680,4.484,0.000,0.000,0.000,42.0,0.000,
12.11.2025,14:40:45.204,19.032,31.747,22.619,3.307,250.0,250.0,48.217,14.794,4.305,45.600,30.944,19.189,11.755,18.956,6.339,0.724,5.615,4.510,0.000,0.000,0.000,42.0,0.000,
12.11.2025,14:40:46.197,19.032,30.451,21.269,3.304,250.0,250.0,47.525,15.487,4.329,47.171,31.939,19.803,12.136,19.558,7.710,0.939,6.771,4.518,0.000,0.000,0.000,42.0,0.000,
12.11.2025,14:40:47.197,33.985,33.472,24.369,3.325,250.0,250.0,48.332,13.988,4.317,43.527,29.666,18.390,11.276,18.170,5.013,0.521,4.492,4.510,0.000,0.000,0.000,42.0,0.000,
12.11.2025,14:40:48.208,21.750,31.794,22.611,3.309,250.0,250.0,49.170,13.813,4.293,42.699,29.128,18.060,11.068,17.852,5.259,0.557,4.702,4.510,0.000,0.000,0.000,42.0,0.000,
12.11.2025,14:40:49.194,32.625,32.622,23.518,3.321,250.0,250.0,48.700,13.959,4.306,41.916,28.662,17.773,10.889,17.565,6.001,0.660,5.341,6.482,0.000,0.000,0.000,42.0,0.000,
12.11.2025,14:40:50.205,16.313,33.059,23.904,3.299,250.0,250.0,47.235,15.393,4.318,46.816,31.702,19.653,12.049,19.421,7.730,0.970,6.760,4.510,0.000,0.000,0.000,42.0,0.000,
12.11.2025,14:40:51.204,24.469,33.067,23.926,3.291,250.0,250.0,48.055,14.997,4.280,45.453,30.837,19.129,11.708,18.897,7.572,0.908,6.664,4.518,0.000,0.000,0.000,42.0,0.000,
12.11.2025,14:40:52.205,19.032,32.714,23.593,3.267,250.0,250.0,46.813,14.042,4.293,43.703,29.760,18.456,11.304,18.235,5.067,0.531,4.536,4.538,0.000,0.000,0.000,42.0,0.000,
12.11.2025,14:40:53.207,19.032,28.663,19.604,3.248,250.0,250.0,47.780,12.798,4.318,38.949,26.832,16.643,10.189,16.435,5.044,0.518,4.526,4.526,0.000,0.000,0.000,42.0,0.000,
12.11.2025,14:40:54.209,21.750,30.026,20.987,3.242,250.0,250.0,47.179,15.334,4.318,44.193,30.077,18.651,11.426,18.430,5.033,0.515,4.518,16.178,0.000,0.000,0.000,42.0,0.000,
12.11.2025,14:40:55.210,17.672,32.580,23.388,3.302,250.0,250.0,47.783,13.298,4.307,40.840,27.997,17.354,10.643,17.146,5.072,0.520,4.552,4.552,0.000,0.000,0.000,42.0,0.000,
12.11.2025,14:40:56.224,17.672,29.336,20.267,3.279,250.0,250.0,47.932,15.190,4.315,46.073,31.242,19.367,11.875,19.135,7.690,0.953,6.737,4.510,0.000,0.000,0.000,42.0,0.000,
12.11.2025,14:40:57.221,16.313,31.731,22.626,3.289,250.0,250.0,47.423,13.262,4.292,38.826,26.729,16.579,10.150,16.383,7.586,0.933,6.653,4.492,0.000,0.000,0.500,42.0,0.000,
12.11.2025,14:40:58.217,17.672,30.833,21.655,3.309,250.0,250.0,47.890,16.813,4.281,50.524,33.981,21.074,12.907,20.817,6.657,0.775,5.882,11.233,0.000,0.000,0.000,42.0,0.000,
12.11.2025,14:40:59.216,20.391,29.525,20.519,3.249,250.0,250.0,47.857,11.238,4.255,33.154,23.192,14.388,8.804,14.217,4.959,0.509,4.450,4.450,0.000,0.000,0.000,42.0,0.000,
12.11.2025,14:41:0.214,35.344,29.225,20.049,3.335,250.0,250.0,43.398,12.963,4.316,39.634,27.256,16.897,10.359,16.689,4.997,0.513,4.484,4.484,0.000,0.000,0.000,42.0,0.000,
12.11.2025,14:41:1.217,21.750,27.053,17.865,3.355,250.0,250.0,44.787,12.769,4.304,38.898,26.794,16.618,10.176,16.410,5.003,0.515,4.488,4.484,0.000,0.000,0.000,42.0,0.000,
12.11.2025,14:41:2.213,16.313,28.800,19.591,3.382,250.0,250.0,45.217,13.475,4.303,41.593,28.454,17.647,10.807,17.427,5.014,0.522,4.492,4.492,0.000,0.000,0.000,42.0,0.000,
12.11.2025,14:41:3.213,20.391,30.787,21.484,3.421,250.0,250.0,44.422,13.311,4.326,40.941,28.075,17.411,10.664,17.190,5.005,0.513,4.492,4.492,0.000,0.000,0.000,42.0,0.500,
12.11.2025,14:41:4.219,13.594,34.205,24.830,3.522,250.0,250.0,46.358,15.731,4.313,47.505,32.122,19.922,12.200,19.677,6.846,1.264,5.582,7.878,0.000,0.000,0.000,42.0,0.000,
12.11.2025,14:41:5.235,16.313,36.024,26.674,3.470,250.0,250.0,46.171,14.699,4.278,46.274,31.338,19.439,11.899,19.206,5.030,0.546,4.484,4.492,0.000,0.000,0.000,42.0,0.000,
12.11.2025,14:41:6.234,29.907,31.210,21.877,3.468,250.0,250.0,46.071,13.763,4.289,40.616,27.846,17.258,10.588,17.050,7.728,0.991,6.737,4.526,0.000,0.000,0.000,42.0,0.000,
12.11.2025,14:41:7.234,16.313,33.930,24.205,3.733,250.0,250.0,44.970,12.989,4.314,37.889,26.173,16.220,9.953,16.024,7.403,0.880,6.523,4.510,0.000,0.000,0.000,42.0,0.000,
12.11.2025,14:41:8.231,23.110,34.143,24.729,3.546,250.0,250.0,47.032,13.612,4.314,40.021,27.479,17.038,10.441,16.842,7.719,1.068,6.651,4.543,0.000,0.000,0.000,42.0,0.000,
12.11.2025,14:41:9.229,17.672,30.737,21.545,3.381,250.0,250.0,45.374,13.062,4.302,40.005,27.467,17.038,10.429,16.830,5.026,0.516,4.510,4.492,0.000,0.000,0.000,42.0,0.000,
12.11.2025,14:41:10.231,17.672,29.134,19.907,3.360,250.0,250.0,45.076,13.752,4.303,41.452,28.354,17.585,10.769,17.377,6.595,1.386,5.209,4.492,0.000,0.000,0.000,42.0,0.000,
12.11.2025,14:41:11.227,23.110,29.991,20.823,3.363,250.0,250.0,45.929,13.198,4.291,40.206,27.596,17.103,10.493,16.895,5.448,0.606,4.842,4.501,0.000,0.000,0.000,42.0,0.000,
12.11.2025,14:41:12.225,23.110,31.552,22.344,3.371,250.0,250.0,47.140,13.344,4.304,41.067,28.134,17.446,10.688,17.226,5.031,0.521,4.510,4.510,0.000,0.000,0.000,42.0,0.000,
12.11.2025,14:41:13.242,16.313,31.308,22.092,3.364,250.0,250.0,46.176,13.855,4.289,43.046,29.347,18.206,11.141,17.986,5.016,0.515,4.501,4.501,0.000,0.000,0.000,42.0,0.000,
12.11.2025,14:41:14.247,17.672,29.909,20.729,3.363,250.0,250.0,46.467,15.637,4.291,43.636,29.714,18.426,11.288,18.206,5.055,0.552,4.503,20.695,0.000,0.000,0.000,42.0,0.000,
12.11.2025,14:41:15.252,16.313,32.458,23.179,3.392,250.0,250.0,46.404,13.031,4.278,37.952,26.189,16.235,9.954,16.039,7.579,0.910,6.669,4.510,0.000,0.000,1.250,42.0,0.000,
12.11.2025,14:41:16.244,23.110,29.588,20.416,3.367,250.0,250.0,46.082,14.673,4.314,45.654,30.980,19.205,11.775,18.973,5.662,0.625,5.037,4.501,0.000,0.000,0.000,42.0,0.000,
12.11.2025,14:41:17.246,20.391,31.974,22.722,3.377,250.0,250.0,46.288,12.388,4.314,37.365,25.845,16.026,9.819,15.831,5.069,0.526,4.543,4.543,0.000,0.000,0.000,42.0,0.250,
12.11.2025,14:41:18.245,19.032,32.994,23.794,3.366,250.0,250.0,46.733,13.323,4.303,40.978,28.072,17.409,10.663,17.200,5.042,0.524,4.518,4.518,0.000,0.000,0.000,42.0,0.000,
12.11.2025,14:41:19.240,32.625,28.060,18.921,3.323,250.0,250.0,44.133,15.115,4.279,46.370,31.413,19.473,11.940,19.240,6.981,0.812,6.169,4.475,0.000,0.000,0.000,42.0,0.000,
12.11.2025,14:41:20.241,19.032,27.606,18.584,3.229,250.0,250.0,42.481,12.468,4.265,37.739,26.050,16.146,9.904,15.950,5.063,0.520,4.543,4.501,0.000,0.000,0.000,42.0,0.000,
12.11.2025,14:41:21.242,19.032,31.639,22.490,3.334,250.0,250.0,42.089,14.603,4.292,43.846,29.852,18.514,11.338,18.281,7.688,0.946,6.742,4.535,0.000,0.000,0.000,42.0,0.000,
12.11.2025,14:41:22.245,19.032,28.801,19.732,3.231,250.0,250.0,45.495,14.555,4.293,43.715,29.774,18.457,11.317,18.237,7.631,0.911,6.720,4.492,0.000,0.000,0.000,42.0,0.000,
12.11.2025,14:41:23.243,13.594,28.214,19.085,3.327,250.0,250.0,46.116,12.689,4.302,38.587,26.592,16.491,10.101,16.295,5.008,0.516,4.492,4.510,0.000,0.000,0.000,42.0,0.000,
12.11.2025,14:41:24.249,21.750,30.237,21.061,3.326,250.0,250.0,46.333,15.417,4.313,47.008,31.830,19.735,12.095,19.490,7.588,0.913,6.675,4.526,0.000,0.000,0.000,42.0,0.000,
12.11.2025,14:41:25.244,23.110,33.534,24.339,3.336,250.0,250.0,46.454,16.934,4.338,44.124,30.043,18.633,11.410,18.413,6.646,0.757,5.889,29.090,0.000,0.000,0.000,42.0,0.000,
12.11.2025,14:41:26.245,17.672,32.377,23.206,3.344,250.0,250.0,46.451,14.009,4.341,39.620,27.253,16.895,10.358,16.699,5.026,0.516,4.510,14.874,0.000,0.000,0.000,42.0,0.000,
12.11.2025,14:41:27.242,21.750,29.188,20.035,3.339,250.0,250.0,46.101,15.517,4.305,47.390,32.060,19.875,12.185,19.630,7.614,0.911,6.703,4.501,0.000,0.000,0.000,42.0,0.000,
12.11.2025,14:41:28.241,20.391,28.048,18.890,3.299,250.0,250.0,46.786,14.750,4.305,43.174,29.435,18.256,11.179,18.036,5.179,0.552,4.627,12.760,0.000,0.000,0.000,42.0,0.000,
12.11.2025,14:41:29.242,24.469,29.852,20.756,3.296,250.0,250.0,47.409,14.776,4.319,44.563,30.312,18.800,11.512,18.567,7.585,0.906,6.679,4.518,0.000,0.000,0.000,42.0,0.000,
12.11.2025,14:41:30.262,19.032,30.683,21.575,3.311,250.0,250.0,47.073,13.312,4.316,40.124,27.552,17.083,10.469,16.887,6.092,0.689,5.403,4.501,0.000,0.000,0.000,42.0,0.000,
12.11.2025,14:41:31.261,17.672,29.887,20.751,3.321,250.0,250.0,48.093,13.312,4.341,42.528,29.059,18.026,11.033,17.806,5.059,0.523,4.536,10.905,0.000,0.000,0.000,42.0,0.000,
12.11.2025,14:41:32.261,21.750,29.713,20.570,3.305,250.0,250.0,48.093,14.382,4.341,42.528,29.059,18.026,11.033,17.806,5.059,0.523,4.536,10.905,0.001,0.000,0.000,42.0,0.000,
12.11.2025,14:41:33.263,16.313,27.491,18.305,3.309,250.0,250.0,48.544,15.252,4.339,46.285,31.394,19.468,11.926,19.224,7.682,0.939,6.743,4.518,0.000,0.000,0.000,42.0,0.000,
12.11.2025,14:41:34.259,17.672,28.053,18.981,3.310,250.0,250.0,48.294,13.490,4.339,41.506,28.431,17.632,10.799,17.411,5.103,0.525,4.578,4.578,0.000,0.000,0.000,42.0,0.000,
12.11.2025,14:41:35.258,13.594,31.319,22.126,3.346,250.0,250.0,48.312,13.878,4.317,43.054,29.385,18.214,11.171,17.994,5.054,0.519,4.535,4.535,0.000,0.000,0.000,42.0,0.000,
12.11.2025,14:41:36.274,17.672,29.288,20.112,3.299,250.0,250.0,48.208,14.662,4.330,45.333,30.801,19.093,11.708,18.860,5.983,0.675,5.308,4.526,0.001,0.000,0.000,42.0,0.000,
12.11.2025,14:41:37.286,17.672,29.434,20.330,3.276,250.0,250.0,48.056,13.269,4.326,40.755,27.950,17.336,10.614,17.128,5.033,0.515,4.518,4.518,0.000,0.000,0.000,42.0,0.000,
12.11.2025,14:41:38.274,21.750,28.543,19.447,3.318,250.0,250.0,47.999,14.221,4.314,42.336,28.926,17.933,10.993,17.713,7.716,0.946,6.770,4.561,0.000,0.000,0.000,42.0,0.000,
12.11.2025,14:41:39.277,19.032,29.809,20.653,3.308,250.0,250.0,47.544,15.097,4.329,45.724,31.031,19.251,11.780,19.018,7.645,0.933,6.712,4.552,0.000,0.000,0.000,42.0,0.000,
12.11.2025,14:41:40.275,17.672,26.521,17.401,3.293,250.0,250.0,47.671,14.615,4.328,45.880,31.122,19.307,11.815,19.074,5.054,0.532,4.522,4.518,0.000,0.000,0.000,42.0,0.000,
12.11.2025,14:41:41.275,17.672,29.887,20.756,3.268,250.0,250.0,49.088,12.819,4.329,39.023,26.876,16.665,10.211,16.469,5.050,0.524,4.526,4.518,0.000,0.000,0.000,42.0,0.000,
12.11.2025,14:41:42.285,16.313,29.704,20.622,3.267,250.0,250.0,48.460,15.342,4.327,48.608,32.823,20.347,12.476,20.102,5.109,0.545,4.564,4.518,0.000,0.000,0.000,42.0,0.000,
12.11.2025,14:41:43.284,16.313,30.631,21.573,3.284,250.0,250.0,48.148,13.533,4.293,41.778,28.573,17.722,10.851,17.502,5.044,0.518,4.526,4.518,0.000,0.000,0.000,42.0,0.000,
12.11.2025,14:41:44.284,19.032,29.525,20.412,3.292,250.0,250.0,47.937,12.729,4.292,38.714,26.674,16.534,10.140,16.338,5.042,0.524,4.518,4.518,0.000,0.000,0.000,42.0,0.000,
12.11.2025,14:41:45.281,19.032,33.486,24.297,3.307,250.0,250.0,47.911,15.134,4.303,45.914,31.137,19.309,11.828,19.077,7.600,0.922,6.678,4.569,0.000,0.000,0.000,42.0,0.000,
12.11.2025,14:41:46.273,20.391,31.168,22.071,3.275,250.0,250.0,47.650,12.653,4.315,38.405,26.500,16.434,10.066,16.226,5.031,0.521,4.510,4.518,0.000,0.000,0.000,42.0,0.000,
12.11.2025,14:41:47.272,21.750,30.760,21.652,3.270,250.0,250.0,48.615,16.383,4.316,50.618,34.066,21.123,12.943,20.866,7.655,0.917,6.738,4.586,0.000,0.000,0.000,42.0,0.000,
12.11.2025,14:41:48.273,17.672,29.376,20.304,3.263,250.0,250.0,49.047,13.423,4.342,41.268,28.279,17.538,10.741,17.330,5.108,0.522,4.586,4.518,0.000,0.000,0.000,42.0,0.000,
12.11.2025,14:41:49.275,19.032,27.418,18.133,3.419,250.0,250.0,42.631,14.403,4.328,43.346,29.564,18.334,11.230,18.113,5.229,0.551,4.678,8.662,0.000,0.000,0.000,42.0,0.000,
12.11.2025,14:41:50.286,14.953,31.179,21.878,3.433,250.0,250.0,45.689,14.796,4.338,44.537,30.302,18.786,11.516,18.553,7.690,0.975,6.715,4.552,0.000,0.000,0.000,42.0,0.000,
12.11.2025,14:41:51.286,16.313,30.945,21.683,3.415,250.0,250.0,45.487,14.714,4.265,44.280,30.103,18.669,11.434,18.436,7.683,0.934,6.749,4.586,0.000,0.000,0.000,42.0,0.000,
12.11.2025,14:41:52.286,16.313,27.464,18.258,3.395,250.0,250.0,44.617,14.728,4.291,44.310,30.134,18.685,11.449,18.465,7.688,0.959,6.729,4.569,0.000,0.000,0.000,42.0,0.000,
12.11.2025,14:41:53.273,27.188,27.794,18.581,3.383,250.0,250.0,44.509,13.330,4.293,40.700,27.890,17.299,10.591,17.091,5.454,0.590,4.864,4.526,0.000,0.000,0.000,42.0,0.000,
12.11.2025,14:41:54.273,14.953,28.299,19.065,3.379,250.0,250.0,45.268,14.312,4.314,43.618,29.721,18.423,11.298,18.202,6.507,0.755,5.752,4.526,0.000,0.000,0.000,42.0,0.375,
12.11.2025,14:41:55.286,17.672,28.978,19.727,3.402,250.0,250.0,44.249,13.478,4.290,41.180,28.192,17.481,10.711,17.273,5.565,0.606,4.959,4.518,0.000,0.000,0.000,42.0,0.000,
12.11.2025,14:41:56.285,19.032,29.578,20.383,3.386,250.0,250.0,44.826,13.255,4.312,40.712,27.918,17.306,10.612,17.098,5.039,0.521,4.518,4.518,0.000,0.000,0.000,42.0,0.000,
12.11.2025,14:41:57.286,27.188,29.668,20.418,3.414,250.0,250.0,45.743,13.163,4.314,40.361,27.702,17.175,10.527,16.967,5.032,0.514,4.518,4.518,0.000,0.000,0.000,42.0,0.000,
12.11.2025,14:41:58.285,17.672,29.258,20.038,3.369,250.0,250.0,45.402,13.098,4.312,38.963,26.827,16.632,10.195,16.437,6.531,0.758,5.773,4.552,0.000,0.000,0.000,42.0,0.000,
12.11.2025,14:41:59.282,16.313,29.927,20.721,3.374,250.0,250.0,45.484,13.971,4.267,41.529,28.400,17.611,10.789,17.403,7.598,0.922,6.676,4.518,0.000,0.000,1.125,42.0,0.000,
12.11.2025,14:42:0.284,13.594,28.738,19.516,3.375,250.0,250.0,45.028,13.620,4.290,40.069,27.513,17.056,10.457,16.848,7.699,0.952,6.747,4.569,0.000,0.000,0.000,42.0,0.000,
12.11.2025,14:42:1.282,24.469,28.345,19.114,3.384,250.0,250.0,45.272,14.558,4.302,45.542,30.896,19.157,11.739,18.936,5.226,0.601,4.625,4.561,0.000,0.000,0.000,42.0,0.000,
12.11.2025,14:42:2.275,24.469,29.830,20.567,3.377,250.0,250.0,46.685,12.892,4.302,39.297,27.028,16.758,10.270,16.562,5.092,0.523,4.569,4.518,0.000,0.000,0.000,42.0,0.000,
12.11.2025,14:42:3.274,16.313,28.973,19.791,3.362,250.0,250.0,47.068,13.316,4.290,40.794,27.957,17.340,10.617,17.131,5.258,0.558,4.700,4.518,0.000,0.000,0.000,42.0,0.000,
12.11.2025,14:42:4.277,17.672,29.385,20.212,3.375,250.0,250.0,46.120,14.691,4.316,44.128,30.036,18.624,11.412,18.403,7.692,1.001,6.691,4.603,0.000,0.000,0.000,42.0,0.000,
12.11.2025,14:42:5.276,20.391,32.392,23.151,3.391,250.0,250.0,46.735,12.605,4.290,37.840,26.126,16.197,9.929,16.002,5.566,0.609,4.957,4.535,0.000,0.000,0.000,42.0,0.000,
12.11.2025,14:42:6.272,14.953,29.950,20.739,3.362,250.0,250.0,45.632,12.700,4.289,38.549,26.562,16.464,10.098,16.268,5.116,0.562,4.554,4.535,0.000,0.000,0.000,42.0,0.000,
12.11.2025,14:42:7.285,17.672,30.463,21.197,3.399,250.0,250.0,47.334,14.978,4.303,45.277,30.748,19.066,11.682,18.834,7.643,0.929,6.714,4.578,0.000,0.000,0.000,42.0,0.500,
12.11.2025,14:42:8.286,17.672,34.605,24.980,3.687,250.0,250.0,47.092,14.946,4.301,46.027,31.196,19.349,11.847,19.116,6.543,0.873,5.670,4.535,0.000,0.000,0.000,42.0,0.000,
12.11.2025,14:42:9.273,20.391,30.010,20.770,3.435,250.0,250.0,47.131,13.213,4.316,40.467,27.772,17.217,10.555,17.009,5.107,0.529,4.578,4.578,0.000,0.000,0.000,42.0,0.000,
12.11.2025,14:42:10.287,17.672,27.008,17.822,3.351,250.0,250.0,47.341,14.472,4.339,43.466,29.645,18.380,11.265,18.160,7.438,0.878,6.560,4.586,0.000,0.000,0.000,42.0,0.000,
12.11.2025,14:42:11.276,20.391,29.786,20.522,3.355,250.0,250.0,47.235,14.804,4.326,44.576,30.319,18.801,11.518,18.569,7.686,0.959,6.727,4.561,0.000,0.000,0.000,42.0,0.000,
12.11.2025,14:42:12.272,25.829,29.638,20.510,3.328,250.0,250.0,47.965,14.277,4.353,44.289,30.160,18.698,11.462,18.478,5.369,0.571,4.798,4.594,0.000,0.000,0.000,42.0,0.000,
12.11.2025,14:42:13.282,16.313,29.183,20.037,3.339,250.0,250.0,47.608,13.229,4.313,40.581,27.837,17.260,10.577,17.052,5.063,0.520,4.543,4.543,0.000,0.000,0.000,42.0,0.000,
12.11.2025,14:42:14.278,14.953,28.907,19.703,3.339,250.0,250.0,47.499,13.713,4.301,40.493,27.775,17.223,10.552,17.015,7.625,0.937,6.688,4.526,0.000,0.000,0.000,42.0,0.000,
12.11.2025,14:42:15.274,13.594,29.556,20.347,3.356,250.0,250.0,47.616,14.824,4.301,44.587,30.320,18.797,11.523,18.576,7.771,0.947,6.824,4.594,0.001,0.000,0.000,42.0,0.000,
12.11.2025,14:42:16.284,19.032,28.338,19.144,3.314,250.0,250.0,48.930,13.889,4.300,41.095,28.144,17.457,10.687,17.249,7.679,0.925,6.754,4.594,0.000,0.000,0.000,42.0,0.000,
12.11.2025,14:42:17.284,14.953,30.037,20.864,3.344,250.0,250.0,47.109,14.932,4.314,45.152,30.659,19.007,11.652,18.787,7.604,0.909,6.695,4.535,0.000,0.000,0.000,42.0,0.000,
12.11.2025,14:42:18.284,23.110,28.302,19.223,3.281,250.0,250.0,48.302,14.717,4.314,46.255,31.348,19.438,11.910,19.206,5.073,0.521,4.552,4.552,0.000,0.000,0.000,42.0,0.000,
12.11.2025,14:42:19.282,17.672,28.331,19.241,3.291,250.0,250.0,49.919,16.600,4.314,52.428,35.189,21.819,13.370,21.549,6.399,0.789,5.610,4.535,0.000,0.000,0.000,42.0,0.000,
12.11.2025,14:42:20.282,21.750,29.310,20.143,3.302,250.0,250.0,49.283,14.098,4.315,43.771,29.810,18.486,11.324,18.266,5.218,0.580,4.638,4.569,0.000,0.000,0.000,42.0,0.000,
12.11.2025,14:42:21.273,28.547,30.858,21.752,3.321,250.0,250.0,47.590,14.908,4.287,44.985,30.552,18.948,11.604,18.716,7.726,1.023,6.703,4.535,0.000,0.000,0.000,42.0,0.000,
12.11.2025,14:42:22.273,14.953,30.276,21.119,3.306,250.0,250.0,47.944,15.119,4.287,45.759,31.030,19.242,11.788,19.010,7.742,0.949,6.793,4.586,0.000,0.000,0.000,42.0,0.000,
12.11.2025,14:42:23.276,20.391,28.585,19.450,3.338,250.0,250.0,48.583,14.481,4.288,42.970,29.305,18.166,11.139,17.946,5.121,0.584,4.537,10.751,0.000,0.000,0.000,42.0,0.000,
12.11.2025,14:42:24.274,20.391,28.585,19.450,3.338,250.0,250.0,47.898,15.205,4.311,46.354,31.414,19.482,11.932,19.237,7.357,0.925,6.432,4.603,0.000,0.000,0.000,42.0,0.000,
12.11.2025,14:42:25.275,24.469,27.835,18.637,3.337,250.0,250.0,48.904,13.936,4.313,43.165,29.448,18.256,11.192,18.036,5.199,0.588,4.611,4.552,0.000,0.000,0.000,42.0,0.000,
12.11.2025,14:42:26.272,28.547,31.482,22.243,3.351,250.0,250.0,49.629,15.284,4.339,46.331,31.413,19.477,11.936,19.244,7.747,0.987,6.760,4.603,0.000,0.000,0.000,42.0,0.000,
12.11.2025,14:42:27.273,19.032,28.660,19.465,3.368,250.0,250.0,48.629,14.301,4.311,44.676,30.381,18.838,11.543,18.606,5.062,0.519,4.543,4.526,0.000,0.000,0.000,42.0,0.000,
12.11.2025,14:42:28.274,31.266,30.089,20.903,3.344,250.0,250.0,48.933,15.370,4.322,46.680,31.616,19.601,12.015,19.368,7.744,0.969,6.775,4.612,0.000,0.000,0.000,42.0,0.000,
12.11.2025,14:42:29.273,14.953,29.778,20.680,3.315,250.0,250.0,48.649,13.690,4.324,42.306,28.915,17.934,10.981,17.713,5.087,0.526,4.561,4.552,0.000,0.000,0.000,42.0,0.000,
12.11.2025,14:42:30.274,19.032,31.267,22.036,3.338,250.0,250.0,48.070,15.505,4.312,47.314,32.014,19.857,12.157,19.613,7.619,0.919,6.700,4.543,0.000,0.000,0.000,42.0,0.000,
12.11.2025,14:42:31.273,29.907,27.613,18.534,3.277,250.0,250.0,48.950,13.693,4.324,42.245,28.874,17.907,10.967,17.687,5.183,0.555,4.628,4.561,0.000,0.000,0.000,42.0,0.000,
12.11.2025,14:42:32.286,14.953,28.734,19.608,3.294,250.0,250.0,49.019,15.800,4.311,48.423,32.690,20.280,12.410,20.035,7.648,0.933,6.715,4.552,0.000,0.000,0.000,42.0,0.000,
12.11.2025,14:42:33.281,16.313,27.879,18.776,3.255,250.0,250.0,48.883,13.644,4.323,42.095,28.773,17.844,10.929,17.636,5.120,0.526,4.594,4.594,0.000,0.000,0.000,42.0,0.000,
12.11.2025,14:42:34.285,25.829,28.812,19.785,3.267,250.0,250.0,48.864,15.232,4.338,46.440,31.495,19.532,11.963,19.287,7.363,0.872,6.491,4.543,0.000,0.000,0.000,42.0,0.000,
12.11.2025,14:42:35.284,17.672,30.012,20.862,3.297,250.0,250.0,48.298,14.555,4.302,44.593,30.324,18.799,11.525,18.579,6.431,0.749,5.682,4.561,0.000,0.000,0.000,42.0,0.000,
12.11.2025,14:42:36.282,17.672,30.429,21.263,3.319,250.0,250.0,44.761,14.736,4.326,46.315,31.398,19.463,11.935,19.231,5.072,0.520,4.552,4.552,0.000,0.000,0.000,42.0,0.000,
12.11.2025,14:42:37.280,25.829,26.984,18.030,3.137,250.0,250.0,42.723,14.292,4.303,44.210,30.079,18.645,11.434,18.424,5.654,0.628,5.026,4.518,0.000,0.000,0.000,42.0,0.000,
12.11.2025,14:42:38.283,16.313,27.197,18.062,3.237,250.0,250.0,44.161,14.189,4.304,42.744,29.172,18.089,11.083,17.881,7.023,0.824,6.199,4.569,0.000,0.000,0.000,42.0,0.000,
12.11.2025,14:42:39.281,20.391,25.866,16.631,3.347,250.0,250.0,47.294,13.816,4.314,42.778,29.199,18.107,11.092,17.886,5.115,0.570,4.545,4.552,0.000,0.000,0.000,42.0,0.000,
12.11.2025,14:42:40.282,17.672,28.679,19.475,3.367,250.0,250.0,46.244,14.004,4.328,42.976,29.340,18.184,11.156,17.964,5.763,0.741,5.022,4.561,0.000,0.000,0.000,42.0,0.000,
12.11.2025,14:42:41.281,17.672,27.628,18.391,3.392,250.0,250.0,46.939,13.948,4.316,43.309,29.538,18.308,11.230,18.088,5.080,0.522,4.558,4.535,0.000,0.000,0.000,42.0,0.000,
12.11.2025,14:42:42.282,14.953,27.260,18.086,3.367,250.0,250.0,47.093,13.802,4.341,41.347,28.342,17.576,10.766,17.355,6.851,0.797,6.054,4.586,0.000,0.000,0.000,42.0,0.000,
12.11.2025,14:42:43.275,23.110,28.067,18.846,3.348,250.0,250.0,45.271,13.213,4.328,38.540,26.579,16.479,10.100,16.283,7.610,0.914,6.696,4.603,0.000,0.000,0.000,42.0,0.000,
12.11.2025,14:42:44.272,20.391,29.223,20.024,3.362,250.0,250.0,45.418,13.113,4.326,40.104,27.541,17.076,10.465,16.880,5.092,0.523,4.569,4.552,0.000,0.000,0.000,42.0,0.000,
12.11.2025,14:42:45.277,14.953,30.494,21.293,3.380,250.0,250.0,46.510,13.248,4.339,38.637,26.654,16.528,10.126,16.320,7.653,0.951,6.702,4.569,0.000,0.000,0.000,42.0,0.000,
12.11.2025,14:42:46.271,16.313,28.919,19.740,3.333,250.0,250.0,45.496,13.197,4.329,39.290,27.052,16.777,10.275,16.569,6.560,0.761,5.799,4.561,0.000,0.000,0.000,42.0,0.000,
12.11.2025,14:42:47.280,16.313,30.157,20.926,3.369,250.0,250.0,46.600,12.943,4.341,39.376,27.112,16.813,10.299,16.605,5.162,0.533,4.629,4.561,0.000,0.000,0.000,42.0,0.000,
12.11.2025,14:42:48.281,21.750,27.695,18.551,3.361,250.0,250.0,46.438,14.655,4.339,44.013,29.985,18.586,11.399,18.366,7.631,0.910,6.721,4.603,0.000,0.000,0.000,42.0,0.000,
12.11.2025,14:42:49.277,20.391,27.340,18.106,3.353,250.0,250.0,46.425,15.367,4.340,46.664,31.622,19.612,12.010,19.368,7.729,0.942,6.787,4.594,0.000,0.000,1.000,42.0,0.000,
12.11.2025,14:42:50.276,16.313,29.319,20.153,3.363,250.0,250.0,46.393,13.220,4.301,38.608,26.611,16.500,10.111,16.292,7.598,0.908,6.690,4.578,0.000,0.000,0.000,42.0,0.000,
12.11.2025,14:42:51.277,19.032,27.678,18.427,3.361,250.0,250.0,45.858,13.777,4.316,42.645,29.117,18.060,11.057,17.840,5.092,0.523,4.569,4.552,0.000,0.000,0.000,42.0,0.000,
12.11.2025,14:42:52.276,17.672,27.175,17.980,3.384,250.0,250.0,48.134,14.766,4.327,44.424,30.241,18.752,11.489,18.519,7.651,0.911,6.740,4.603,0.000,0.000,0.000,42.0,0.000,
12.11.2025,14:42:53.280,25.829,27.957,18.725,3.358,250.0,250.0,47.771,14.721,4.314,44.223,30.100,18.662,11.438,18.442,7.709,0.938,6.771,4.612,0.000,0.000,0.000,42.0,0.000,
12.11.2025,14:42:54.276,16.313,28.623,19.471,3.361,250.0,250.0,47.427,14.787,4.339,44.507,30.293,18.783,11.510,18.551,7.661,0.930,6.731,4.569,0.000,0.000,0.000,42.0,0.000,
12.11.2025,14:42:55.272,19.032,29.502,20.255,3.385,250.0,250.0,47.886,14.736,4.352,44.287,30.158,18.697,11.461,18.477,7.672,0.934,6.738,4.578,0.000,0.000,0.000,42.0,0.000,
12.11.2025,14:42:56.279,27.188,29.563,20.351,3.371,250.0,250.0,47.802,13.134,4.350,39.163,26.977,16.732,10.245,16.524,6.369,0.787,5.582,4.612,0.000,0.000,0.000,42.0,0.000,
12.11.2025,14:42:57.275,21.750,28.247,19.068,3.346,250.0,250.0,47.564,15.003,4.350,45.361,30.831,19.113,11.718,18.880,7.615,0.911,6.704,4.543,0.000,0.000,0.000,42.0,0.000,
12.11.2025,14:42:58.273,25.829,28.423,19.168,3.428,250.0,250.0,48.317,15.533,4.348,47.364,32.059,19.879,12.180,19.647,7.645,0.925,6.720,4.561,0.000,0.000,0.000,42.0,0.000,
12.11.2025,14:42:59.283,24.469,29.029,19.803,3.365,250.0,250.0,47.868,14.631,4.339,45.841,31.118,19.300,11.818,19.067,5.130,0.538,4.592,4.569,0.000,0.000,0.000,42.0,1.375,
12.11.2025,14:43:0.274,21.750,28.837,19.636,3.360,250.0,250.0,47.713,15.518,4.317,47.364,32.048,19.875,12.173,19.630,7.613,0.912,6.701,4.543,0.000,0.000,0.000,42.0,0.000,
12.11.2025,14:43:1.276,9.516,28.392,19.208,3.334,250.0,250.0,47.148,12.883,4.329,39.156,26.969,16.718,10.251,16.522,5.137,0.525,4.612,4.612,0.000,0.000,0.000,42.0,0.000,
12.11.2025,14:43:2.278,20.391,28.625,19.439,3.361,250.0,250.0,47.535,13.088,4.327,39.387,27.110,16.812,10.298,16.604,5.882,0.713,5.169,4.578,0.000,0.000,0.000,42.0,0.000,
12.11.2025,14:43:3.279,16.313,30.983,21.801,3.357,250.0,250.0,47.375,13.168,4.339,39.861,27.410,16.992,10.418,16.784,5.648,0.670,4.978,4.578,0.000,0.000,0.000,42.0,0.000,
12.11.2025,14:43:4.275,47.579,28.606,19.460,3.339,250.0,250.0,46.646,13.694,4.327,40.245,27.641,17.146,10.495,16.938,7.783,0.987,6.796,4.586,0.000,0.000,0.000,42.0,0.000,
12.11.2025,14:43:5.273,29.907,32.094,22.801,3.389,250.0,250.0,47.360,13.440,4.325,39.258,27.023,16.754,10.269,16.546,7.822,0.984,6.838,4.578,0.000,0.000,0.000,42.0,0.000,
12.11.2025,14:43:6.285,16.313,30.828,21.613,3.367,250.0,250.0,47.147,13.423,4.328,41.161,28.208,17.483,10.725,17.275,5.241,0.610,4.631,4.569,0.000,0.000,0.000,42.0,0.000,
12.11.2025,14:43:7.282,20.391,27.858,18.697,3.327,250.0,250.0,49.616,14.522,4.316,43.420,29.605,18.361,11.244,18.141,7.767,0.952,6.815,4.594,0.000,0.000,0.000,42.0,0.000,
12.11.2025,14:43:8.277,16.313,30.917,21.729,3.352,250.0,250.0,48.206,13.429,4.302,41.308,28.284,17.534,10.750,17.326,5.118,0.524,4.594,4.552,0.000,0.000,0.000,42.0,0.000,
12.11.2025,14:43:9.287,35.344,29.644,20.318,3.440,250.0,250.0,47.394,14.901,4.315,44.935,30.534,18.940,11.594,18.707,7.680,0.926,6.754,4.629,0.000,0.000,0.000,42.0,0.000,
12.11.2025,14:43:10.272,16.313,35.644,26.106,3.679,250.0,250.0,47.121,15.080,4.326,46.022,31.218,19.355,11.863,19.122,7.144,0.831,6.313,4.612,0.000,0.000,0.000,42.0,0.000,
12.11.2025,14:43:11.285,25.829,28.421,19.270,3.317,250.0,250.0,47.063,12.726,4.337,38.498,26.558,16.461,10.097,16.265,5.231,0.593,4.638,4.578,0.000,0.000,0.000,42.0,0.000,
12.11.2025,14:43:12.282,17.672,30.054,20.846,3.316,250.0,250.0,47.227,14.613,4.310,44.149,30.044,18.626,11.418,18.405,7.290,0.864,6.426,4.594,0.000,0.000,0.000,42.0,0.000,
12.11.2025,14:43:13.280,20.391,28.882,19.778,3.300,250.0,250.0,48.170,13.714,4.300,42.393,28.949,17.957,10.992,17.736,5.115,0.529,4.586,4.586,0.000,0.000,0.000,42.0,0.000,
12.11.2025,14:43:14.272,28.547,30.851,21.724,3.318,250.0,250.0,48.765,13.471,4.310,40.499,27.770,17.224,10.546,17.016,6.387,0.745,5.642,4.569,0.000,0.000,0.000,42.0,0.000,
12.11.2025,14:43:15.276,14.953,31.423,22.268,3.316,250.0,250.0,47.658,14.860,4.287,44.846,30.464,18.885,11.579,18.665,7.647,0.912,6.735,4.578,0.000,0.000,0.000,42.0,0.000,
12.11.2025,14:43:16.277,19.032,27.543,18.411,3.273,250.0,250.0,47.317,14.383,4.286,42.927,29.276,18.151,11.125,17.931,7.768,0.947,6.821,4.594,0.000,0.000,0.000,42.0,0.000,
12.11.2025,14:43:17.277,14.953,30.431,21.292,3.335,250.0,250.0,46.742,12.752,4.321,38.658,26.645,16.515,10.130,16.319,5.156,0.536,4.620,4.620,0.000,0.000,0.000,42.0,0.000,
12.11.2025,14:43:18.277,20.391,29.136,20.024,3.287,250.0,250.0,47.511,13.148,4.335,40.224,27.626,17.136,10.490,16.928,5.088,0.527,4.561,4.561,0.000,0.000,0.000,42.0,0.000,
12.11.2025,14:43:19.276,16.313,31.553,22.455,3.263,250.0,250.0,46.854,12.834,4.348,38.925,26.830,16.634,10.196,16.439,5.192,0.546,4.646,4.578,0.000,0.000,0.000,42.0,0.000,
12.11.2025,14:43:20.274,19.032,30.472,21.356,3.274,250.0,250.0,47.712,13.113,4.334,39.986,27.471,17.033,10.438,16.837,5.221,0.560,4.661,4.594,0.000,0.000,0.000,42.0,0.000,
12.11.2025,14:43:21.274,19.032,29.019,19.887,3.283,250.0,250.0,47.262,13.113,4.335,45.206,30.720,19.044,11.676,18.811,7.654,0.917,6.737,4.578,0.000,0.000,0.000,42.0,0.000,
12.11.2025,14:43:22.272,20.391,30.176,21.047,3.299,250.0,250.0,47.262,14.968,4.335,45.206,30.720,19.044,11.676,18.811,7.654,0.917,6.737,4.578,0.000,0.000,0.000,42.0,0.000,
12.11.2025,14:43:23.282,17.672,29.660,20.574,3.288,250.0,250.0,47.690,13.256,4.288,40.349,27.680,17.164,10.516,16.955,5.158,0.529,4.629,5.297,0.000,0.000,0.000,42.0,0.500,
12.11.2025,14:43:24.272,16.313,29.936,20.797,3.285,250.0,250.0,47.993,13.000,4.311,39.632,27.246,16.891,10.355,16.696,5.132,0.527,4.605,4.603,0.000,0.000,0.000,42.0,0.000,
12.11.2025,14:43:25.276,21.750,30.375,21.197,3.323,250.0,250.0,47.640,13.548,4.314,41.758,28.572,17.714,10.858,17.494,5.101,0.523,4.578,4.569,0.000,0.000,0.000,42.0,0.000,
12.11.2025,14:43:26.275,14.953,27.936,18.805,3.289,250.0,250.0,48.455,15.088,4.327,45.532,30.913,19.172,11.741,18.940,7.810,0.947,6.863,4.638,0.000,0.000,0.000,42.0,0.000,
12.11.2025,14:43:27.273,17.672,28.944,19.620,3.424,250.0,250.0,42.296,14.431,4.336,43.017,29.369,18.204,11.165,17.983,7.799,0.958,6.841,4.638,0.000,0.000,0.000,42.0,0.000,
12.11.2025,14:43:28.273,19.032,28.592,19.346,3.410,250.0,250.0,44.772,14.306,4.311,43.210,29.462,18.274,11.188,18.054,6.998,0.809,6.189,4.561,0.000,0.000,0.000,42.0,0.000,
12.11.2025,14:43:29.283,10.875,27.303,18.043,3.417,250.0,250.0,44.527,13.524,4.323,39.586,27.222,16.879,10.343,16.683,7.782,0.959,6.823,4.638,0.000,0.000,0.000,42.0,0.000,
12.11.2025,14:43:30.275,13.594,26.492,17.240,3.406,250.0,250.0,44.256,13.691,4.323,40.197,27.596,17.120,10.476,16.912,7.841,0.988,6.853,4.603,0.000,0.000,0.000,42.0,0.000,
12.11.2025,14:43:31.283,17.672,28.019,18.832,3.394,250.0,250.0,44.723,13.582,4.289,39.871,27.384,16.979,10.405,16.770,7.741,0.956,6.785,4.638,0.000,0.000,0.000,42.0,0.000,
12.11.2025,14:43:32.282,13.594,29.912,20.624,3.398,250.0,250.0,45.143,13.470,4.289,39.456,27.133,16.823,10.310,16.615,7.733,0.948,6.785,4.603,0.000,0.000,0.000,42.0,0.000,
12.11.2025,14:43:33.281,20.391,28.226,19.015,3.389,250.0,250.0,45.841,13.895,4.313,42.470,29.003,17.984,11.019,17.776,5.899,0.669,5.230,4.586,0.000,0.000,0.000,42.0,0.000,
12.11.2025,14:43:34.283,13.594,29.062,19.779,3.401,250.0,250.0,44.301,13.125,4.327,40.144,27.563,17.099,10.464,16.891,5.101,0.523,4.578,4.561,0.000,0.000,0.000,42.0,0.000,
12.11.2025,14:43:35.275,19.032,29.947,20.658,3.427,250.0,250.0,44.008,13.202,4.336,38.482,26.541,16.458,10.083,16.262,7.634,0.917,6.717,4.594,0.000,0.000,0.000,42.0,0.000,
12.11.2025,14:43:36.276,17.672,29.691,20.477,3.411,250.0,250.0,44.738,13.653,4.301,40.236,27.611,17.122,10.489,16.914,7.644,0.913,6.731,4.569,0.000,0.000,0.000,42.0,0.000,
12.11.2025,14:43:37.273,28.547,29.772,20.542,3.402,250.0,250.0,44.590,13.694,4.291,42.264,28.871,17.900,10.971,17.680,5.195,0.543,4.652,4.569,0.000,0.000,0.000,42.0,0.000,
12.11.2025,14:43:38.274,16.313,28.440,19.194,3.378,250.0,250.0,45.524,13.955,4.290,43.318,29.519,18.304,11.215,18.084,5.119,0.533,4.586,4.578,0.000,0.000,0.000,42.0,0.000,
12.11.2025,14:43:39.273,25.829,28.853,19.697,3.375,250.0,250.0,46.420,14.687,4.292,45.316,30.760,19.078,11.682,18.845,6.162,0.695,5.467,4.569,0.000,0.000,0.000,42.0,0.000,
12.11.2025,14:43:40.285,21.750,29.769,20.503,3.378,250.0,250.0,45.841,16.025,4.303,47.296,31.980,19.827,12.153,19.595,5.101,0.523,4.578,14.895,0.000,0.000,0.000,42.0,0.000,
12.11.2025,14:43:41.283,23.110,28.951,19.720,3.398,250.0,250.0,47.077,14.353,4.302,42.750,29.171,18.093,11.078,17.872,7.828,0.988,6.840,4.612,0.000,0.000,0.000,42.0,0.375,
12.11.2025,14:43:42.283,17.672,29.126,19.929,3.396,250.0,250.0,45.763,14.637,4.335,45.532,30.907,19.173,11.734,18.940,5.584,0.596,4.988,4.578,0.000,0.000,0.750,42.0,0.000,
12.11.2025,14:43:43.284,29.907,29.138,19.910,3.359,250.0,250.0,46.002,13.560,4.337,41.767,28.577,17.721,10.856,17.513,5.110,0.524,4.586,4.612,0.000,0.000,0.000,42.0,0.000,
12.11.2025,14:43:44.283,17.672,29.692,20.473,3.388,250.0,250.0,46.796,13.513,4.338,39.579,27.224,16.881,10.343,16.685,7.724,0.927,6.797,4.638,0.000,0.000,0.000,42.0,0.000,
12.11.2025,14:43:45.283,29.907,33.267,24.052,3.409,250.0,250.0,45.740,14.832,4.252,44.755,30.380,18.837,11.543,18.617,7.681,0.937,6.744,4.578,0.000,0.000,0.000,42.0,0.000,
12.11.2025,14:43:46.281,17.672,31.467,22.196,3.407,250.0,250.0,46.237,13.244,4.299,39.307,27.036,16.767,10.269,16.559,6.804,0.794,6.010,4.594,0.000,0.000,0.000,42.0,0.000,
12.11.2025,14:43:47.277,23.110,29.858,20.653,3.380,250.0,250.0,46.345,12.684,4.299,38.141,26.319,16.318,10.001,16.122,5.532,0.598,4.934,4.578,0.000,0.000,0.000,42.0,0.000,
12.11.2025,14:43:48.274,17.672,30.798,21.543,3.370,250.0,250.0,45.582,16.042,4.311,49.884,33.600,20.833,12.767,20.589,6.897,0.802,6.095,4.645,0.000,0.000,0.000,42.0,0.000,
12.11.2025,14:43:49.274,20.391,29.404,20.260,3.354,250.0,250.0,46.760,12.872,4.324,39.173,26.969,16.722,10.247,16.526,5.092,0.523,4.569,4.578,0.000,0.000,0.000,42.0,0.000,
12.11.2025,14:43:50.274,23.110,28.652,19.444,3.371,250.0,250.0,46.884,13.326,4.314,38.858,26.776,16.602,10.174,16.394,7.776,0.961,6.815,4.594,0.000,0.000,0.000,42.0,0.000,
12.11.2025,14:43:51.278,19.032,28.858,19.690,3.357,250.0,250.0,47.058,14.283,4.340,42.625,29.121,18.063,11.058,17.843,7.573,0.899,6.674,4.638,0.000,0.000,0.000,42.0,0.000,
12.11.2025,14:43:52.276,23.110,27.936,18.972,3.097,250.0,250.0,40.322,11.332,3.792,33.492,23.108,14.332,8.776,14.161,5.538,0.588,4.950,4.586,0.000,0.000,0.000,42.0,0.000,
12.11.2025,14:43:53.273,16.313,29.499,20.337,3.340,250.0,250.0,45.691,12.966,4.312,39.528,27.187,16.855,10.332,16.647,5.107,0.529,4.578,4.586,0.000,0.000,0.000,42.0,0.000,
12.11.2025,14:43:54.272,13.594,30.270,21.137,3.322,250.0,250.0,47.349,13.425,4.301,39.335,27.064,16.777,10.287,16.581,7.654,0.918,6.736,4.594,0.000,0.000,0.000,42.0,0.000,
12.11.2025,14:43:55.284,23.110,31.547,22.317,3.362,250.0,250.0,46.335,15.213,4.300,46.126,31.260,19.388,11.872,19.155,7.695,0.929,6.766,4.638,0.000,0.000,0.000,42.0,0.000,
12.11.2025,14:43:56.283,31.266,29.069,19.916,3.326,250.0,250.0,46.611,15.328,4.326,46.711,31.654,19.629,12.025,19.385,7.482,0.909,6.573,4.586,0.000,0.000,0.000,42.0,0.000,
12.11.2025,14:43:57.276,20.391,30.358,21.161,3.325,250.0,250.0,47.106,15.549,4.337,47.345,32.049,19.869,12.180,19.624,7.746,0.986,6.760,4.594,0.000,0.000,0.000,42.0,0.000,
12.11.2025,14:43:58.277,16.313,28.628,19.508,3.329,250.0,250.0,47.029,13.618,4.340,41.312,28.305,17.544,10.761,17.336,5.972,0.665,5.307,4.638,0.000,0.000,0.000,42.0,0.000,
12.11.2025,14:43:59.277,21.750,30.571,21.426,3.322,250.0,250.0,47.071,12.761,4.326,38.673,26.666,16.528,10.138,16.332,5.158,0.529,4.629,4.629,0.000,0.000,0.000,42.0,0.000,
12.11.2025,14:44:0.273,21.750,29.822,20.693,3.302,250.0,250.0,46.793,12.848,4.301,39.018,26.863,16.652,10.211,16.456,5.168,0.530,4.638,4.638,0.000,0.000,0.000,42.0,0.000,
12.11.2025,14:44:1.285,20.391,29.683,20.504,3.319,250.0,250.0,47.801,15.268,4.315,46.357,31.411,19.476,11.935,19.244,7.676,0.924,6.752,4.594,0.000,0.000,0.000,42.0,0.000,
12.11.2025,14:44:2.286,20.391,31.418,22.293,3.327,250.0,250.0,47.882,15.139,4.314,46.036,31.218,19.355,11.863,19.122,7.450,0.894,6.556,4.586,0.000,0.000,0.000,42.0,0.000,
12.11.2025,14:44:3.286,19.032,31.365,22.161,3.326,250.0,250.0,47.757,15.403,4.325,41.295,28.288,17.541,10.747,17.320,5.253,0.602,4.651,24.013,0.000,0.000,0.000,42.0,0.000,
12.11.2025,14:44:4.276,16.313,30.710,21.605,3.311,250.0,250.0,47.827,14.525,4.313,45.397,30.825,19.110,11.715,18.877,5.207,0.576,4.631,4.603,0.000,0.000,0.500,42.0,0.000,
12.11.2025,14:44:5.277,29.907,35.071,25.832,3.347,250.0,250.0,48.199,14.603,4.323,43.653,29.742,18.445,11.297,18.224,7.865,1.038,6.827,4.620,0.000,0.000,0.000,42.0,0.000,
12.11.2025,14:44:6.279,12.235,32.588,23.408,3.347,250.0,250.0,47.534,14.176,4.336,42.602,29.107,18.042,11.065,17.822,7.092,0.829,6.263,4.603,0.000,0.000,0.000,42.0,0.000,
12.11.2025,14:44:7.275,12.235,32.588,23.408,3.347,250.0,250.0,48.617,12.448,4.311,37.529,25.949,16.084,9.865,15.888,5.128,0.525,4.603,4.594,0.000,0.000,0.000,42.0,0.000,
12.11.2025,14:44:8.273,31.266,32.080,22.958,3.294,250.0,250.0,47.744,13.954,4.273,42.826,29.191,18.107,11.084,17.887,5.782,0.644,5.138,4.603,0.000,0.000,0.000,42.0,0.000,
12.11.2025,14:44:9.286,17.672,31.982,22.789,3.332,250.0,250.0,46.317,13.513,4.275,40.028,27.464,17.037,10.427,16.829,7.236,0.911,6.325,4.603,0.000,0.000,0.000,42.0,0.000,
12.11.2025,14:44:10.275,28.547,30.112,20.904,3.388,250.0,250.0,46.935,13.225,4.288,40.484,27.761,17.210,10.551,17.002,5.180,0.535,4.645,4.594,0.000,0.000,0.000,42.0,0.000,
12.11.2025,14:44:11.279,40.782,32.743,23.311,3.546,250.0,250.0,46.648,13.522,4.289,41.648,28.490,17.667,10.823,17.446,5.137,0.525,4.612,4.586,0.000,0.000,0.000,42.0,0.000,
12.11.2025,14:44:12.278,16.313,34.076,24.656,3.560,250.0,250.0,47.704,15.358,4.288,47.586,32.154,19.939,12.215,19.706,5.238,0.553,4.685,7.215,0.000,0.000,0.000,42.0,0.000,
12.11.2025,14:44:13.277,17.672,28.936,19.798,3.304,250.0,250.0,46.923,12.757,4.325,38.648,26.649,16.525,10.124,16.317,5.174,0.536,4.638,4.638,0.000,0.000,0.000,42.0,0.000,
12.11.2025,14:44:14.276,17.672,29.670,20.466,3.319,250.0,250.0,47.102,14.874,4.310,45.141,30.654,19.004,11.650,18.784,7.303,0.897,6.406,4.594,0.000,0.000,0.000,42.0,0.000,
12.11.2025,14:44:15.276,20.391,31.920,22.762,3.317,250.0,250.0,47.473,11.396,4.312,33.516,23.462,14.547,8.915,14.376,5.118,0.524,4.594,4.594,0.000,0.000,0.500,42.0,0.000,
12.11.2025,14:44:16.276,16.313,30.816,21.650,3.346,250.0,250.0,42.385,12.791,4.286,38.886,26.765,16.595,10.170,16.399,5.109,0.523,4.586,4.586,0.000,0.000,0.000,42.0,0.000,
12.11.2025,14:44:17.273,17.672,30.164,20.831,3.449,250.0,250.0,45.032,14.083,4.272,41.795,28.557,17.705,10.852,17.497,7.762,0.975,6.787,4.629,0.000,0.000,0.000,42.0,0.000,
12.11.2025,14:44:18.278,16.313,31.052,21.820,3.433,250.0,250.0,44.859,13.462,4.313,39.223,26.993,16.734,10.259,16.538,7.963,1.103,6.860,4.629,0.000,0.000,0.000,42.0,0.000,
12.11.2025,14:44:19.277,16.313,29.829,20.540,3.398,250.0,250.0,45.293,14.196,4.303,42.877,29.250,18.145,11.105,17.925,6.893,0.932,5.961,4.569,0.000,0.000,0.000,42.0,0.000,
12.11.2025,14:44:20.278,19.032,27.202,17.966,3.388,250.0,250.0,45.122,19.686,4.301,44.345,30.170,18.709,11.461,18.476,5.337,0.689,4.648,58.723,0.000,0.000,0.000,42.0,0.000,
12.11.2025,14:44:21.273,27.188,30.233,21.034,3.386,250.0,250.0,44.261,13.793,4.312,40.557,27.823,17.247,10.576,17.039,7.870,1.068,6.802,4.638,0.000,0.000,0.000,42.0,0.000,
12.11.2025,14:44:22.273,17.672,29.871,20.641,3.408,250.0,250.0,45.339,12.633,4.275,38.278,26.388,16.364,10.024,16.156,5.125,0.531,4.594,4.594,0.000,0.000,0.000,42.0,0.000,
12.11.2025,14:44:23.273,36.704,28.679,19.475,3.395,250.0,250.0,44.910,13.290,4.301,38.748,26.687,16.551,10.136,16.355,7.739,0.936,6.803,4.645,0.000,0.000,0.000,42.0,0.000,
12.11.2025,14:44:24.276,33.985,29.268,20.019,3.399,250.0,250.0,45.025,14.150,4.301,44.039,29.973,18.586,11.387,18.366,5.125,0.531,4.594,4.594,0.000,0.000,0.000,42.0,0.000,
12.11.2025,14:44:25.276,20.391,30.584,21.358,3.395,250.0,250.0,44.841,12.926,4.314,37.965,26.218,16.263,9.955,16.067,6.943,0.817,6.126,4.586,0.000,0.000,0.000,42.0,0.000,
12.11.2025,14:44:26.274,19.032,26.798,17.524,3.385,250.0,250.0,45.147,13.589,4.301,41.245,28.239,17.504,10.735,17.296,5.967,0.659,5.308,4.638,0.000,0.000,0.000,42.0,0.000,
12.11.2025,14:44:27.281,16.313,29.597,20.363,3.401,250.0,250.0,45.562,13.922,4.300,41.208,28.219,17.494,10.725,17.286,7.674,0.928,6.746,4.638,0.000,0.000,0.000,42.0,0.000,
12.11.2025,14:44:28.284,17.672,29.204,20.053,3.360,250.0,250.0,45.717,13.700,4.326,40.341,27.701,17.182,10.519,16.974,7.672,0.922,6.750,4.612,0.000,0.000,0.000,42.0,0.000,
12.11.2025,14:44:29.274,19.032,30.521,21.314,3.360,250.0,250.0,44.726,14.592,4.337,43.727,29.801,18.480,11.321,18.248,7.685,0.932,6.753,4.638,0.000,0.000,0.000,42.0,0.000,
12.11.2025,14:44:30.280,20.391,29.775,20.518,3.362,250.0,250.0,45.960,13.797,4.288,40.753,27.921,17.320,10.601,17.112,7.679,0.921,6.758,4.612,0.000,0.000,0.000,42.0,0.000,
12.11.2025,14:44:31.278,16.313,30.024,20.848,3.362,250.0,250.0,46.005,13.895,4.299,43.050,29.359,18.198,11.161,17.977,5.159,0.530,4.629,4.586,0.001,0.000,0.000,42.0,0.000,
12.11.2025,14:44:32.279,19.032,29.198,20.040,3.353,250.0,250.0,45.327,13.062,4.290,39.853,27.381,16.972,10.409,16.764,5.184,0.530,4.654,4.586,0.000,0.000,0.000,42.0,0.000,
12.11.2025,14:44:33.272,21.750,29.923,20.750,3.338,250.0,250.0,46.995,12.775,4.301,38.794,26.729,16.578,10.151,16.370,5.114,0.528,4.586,4.594,0.000,0.000,0.000,42.0,0.000,
12.11.2025,14:44:34.276,23.110,29.224,20.027,3.341,250.0,250.0,46.717,12.955,4.299,39.172,26.957,16.711,10.246,16.515,5.498,0.588,4.910,4.654,0.000,0.000,0.000,42.0,0.000,
12.11.2025,14:44:35.278,21.750,28.892,19.643,3.350,250.0,250.0,44.647,14.844,4.325,44.734,30.413,18.860,11.553,18.627,7.667,0.917,6.750,4.594,0.000,0.000,0.000,42.0,0.000,
12.11.2025,14:44:36.276,24.469,27.852,18.682,3.329,250.0,250.0,46.866,14.880,4.314,44.848,30.481,18.901,11.580,18.668,7.704,0.941,6.763,4.603,0.000,0.000,0.000,42.0,0.000,
12.11.2025,14:44:37.277,21.750,28.166,18.970,3.356,250.0,250.0,46.375,13.416,4.299,40.997,28.082,17.420,10.662,17.212,5.427,0.649,4.778,4.638,0.000,0.000,1.125,42.0,0.000,
12.11.2025,14:44:38.272,19.032,29.018,19.867,3.322,250.0,250.0,47.852,13.749,4.290,42.275,28.872,17.901,10.971,17.693,5.387,0.571,4.816,4.712,0.000,0.000,0.000,42.0,0.000,
12.11.2025,14:44:39.277,19.032,27.576,18.432,3.319,250.0,250.0,47.281,15.169,4.290,46.000,31.179,19.329,11.850,19.097,7.677,0.922,6.755,4.594,0.000,0.000,0.000,42.0,0.000,
12.11.2025,14:44:40.277,25.829,29.975,20.785,3.329,250.0,250.0,47.339,13.474,4.289,41.355,28.303,17.542,10.761,17.334,5.257,0.548,4.709,4.638,0.000,0.000,0.000,42.0,0.000,
12.11.2025,14:44:41.272,27.188,28.496,19.367,3.297,250.0,250.0,47.048,13.807,4.325,42.652,29.122,18.056,11.066,17.847,5.181,0.536,4.645,4.645,0.000,0.000,0.000,42.0,0.000,
12.11.2025,14:44:42.272,24.469,28.660,19.570,3.291,250.0,250.0,48.003,13.687,4.313,42.126,28.797,17.851,10.946,17.643,5.257,0.577,4.680,4.679,0.000,0.000,0.000,42.0,0.000,
12.11.2025,14:44:43.276,32.625,30.173,21.015,3.289,250.0,250.0,48.037,15.046,4.312,45.457,30.865,19.136,11.729,18.904,7.723,0.944,6.779,4.612,0.000,0.000,0.000,42.0,0.125,
12.11.2025,14:44:44.274,27.188,30.193,21.053,3.276,250.0,250.0,48.139,14.680,4.263,43.876,29.846,18.510,11.336,18.289,8.019,1.102,6.917,4.638,0.000,0.000,0.000,42.0,0.000,
12.11.2025,14:44:45.287,28.547,31.567,22.412,3.313,250.0,250.0,47.883,13.915,4.289,41.316,28.270,17.525,10.745,17.317,7.525,0.954,6.571,4.638,0.000,0.000,0.000,42.0,0.000,
12.11.2025,14:44:46.283,29.907,29.795,20.694,3.290,250.0,250.0,47.623,16.194,4.262,49.867,33.554,20.803,12.751,20.558,7.740,0.938,6.802,4.662,0.000,0.000,0.000,42.0,0.000,
12.11.2025,14:44:47.284,31.266,31.755,22.577,3.310,250.0,250.0,48.600,13.110,4.261,40.048,27.476,17.037,10.439,16.829,5.192,0.578,4.614,4.629,0.000,0.000,0.000,42.0,0.000,
12.11.2025,14:44:48.287,31.266,28.889,19.796,3.265,250.0,250.0,48.421,15.056,4.309,45.404,30.817,19.109,11.708,18.877,7.850,1.017,6.833,4.638,0.000,0.000,0.000,42.0,0.000,
12.11.2025,14:44:49.283,20.391,30.751,21.667,3.258,250.0,250.0,47.529,12.854,4.324,39.048,26.893,16.672,10.221,16.476,5.150,0.530,4.620,4.603,0.000,0.000,0.000,42.0,0.000,
12.11.2025,14:44:50.282,19.032,30.581,21.469,3.258,250.0,250.0,48.491,16.148,4.322,49.635,33.451,20.746,12.705,20.502,7.720,0.922,6.798,4.679,0.000,0.000,0.000,42.0,0.000,
12.11.2025,14:44:51.278,16.313,30.498,21.431,3.249,250.0,250.0,48.177,14.668,4.299,43.907,29.888,18.530,11.358,18.310,7.861,0.979,6.882,4.662,0.000,0.000,0.000,42.0,0.000,
12.11.2025,14:44:52.276,20.391,28.376,19.304,3.263,250.0,250.0,47.841,14.348,4.310,44.675,30.374,18.834,11.540,18.601,5.256,0.642,4.614,4.629,0.000,0.000,0.000,42.0,0.000,
12.11.2025,14:44:53.285,16.313,29.289,20.216,3.254,250.0,250.0,48.471,16.002,4.300,49.041,33.074,20.503,12.571,20.258,7.793,0.959,6.834,4.688,0.000,0.000,0.000,42.0,0.000,
12.11.2025,14:44:54.285,32.625,28.938,19.840,3.260,250.0,250.0,48.536,15.750,4.301,48.151,32.519,20.158,12.361,19.913,7.714,0.919,6.795,4.670,0.000,0.000,0.000,42.0,0.000,
12.11.2025,14:44:55.286,23.110,29.867,20.703,3.279,250.0,250.0,48.350,14.147,4.300,43.742,29.783,18.472,11.311,18.251,5.506,0.590,4.916,4.603,0.000,0.000,0.000,42.0,0.000,
12.11.2025,14:44:56.279,24.469,29.444,20.371,3.264,250.0,250.0,47.923,15.916,4.312,49.191,33.177,20.567,12.610,20.322,7.184,0.848,6.336,4.612,0.000,0.000,0.000,42.0,0.000,
12.11.2025,14:44:57.284,19.032,32.022,22.777,3.395,250.0,250.0,48.410,13.857,4.274,42.905,29.249,18.137,11.112,17.917,5.167,0.529,4.638,4.638,0.000,0.000,0.000,42.0,0.000,
12.11.2025,14:44:58.283,16.313,35.537,26.217,3.441,250.0,250.0,49.472,13.907,4.276,41.051,28.108,17.421,10.687,17.213,7.837,0.959,6.878,4.645,0.000,0.000,0.000,42.0,0.000,
12.11.2025,14:44:59.277,27.188,31.548,22.378,3.285,250.0,250.0,49.072,13.191,4.313,40.277,27.647,17.141,10.506,16.945,5.217,0.572,4.645,4.645,0.000,0.000,0.000,42.0,0.000,
12.11.2025,14:45:0.277,27.188,29.647,20.528,3.281,250.0,250.0,49.115,14.327,4.302,42.658,29.118,18.061,11.057,17.840,7.782,0.948,6.834,4.670,0.000,0.000,0.000,42.0,0.000,
12.11.2025,14:45:1.272,20.391,28.002,18.893,3.270,250.0,250.0,49.378,14.196,4.302,43.331,29.528,18.314,11.214,18.094,6.261,0.756,5.505,4.654,0.000,0.000,0.375,42.0,0.000,
12.11.2025,14:45:2.283,35.344,29.128,20.023,3.255,250.0,250.0,49.487,15.943,4.304,48.848,32.955,20.439,12.516,20.194,7.772,0.978,6.794,4.629,0.000,0.000,0.000,42.0,0.000,
12.11.2025,14:45:3.287,21.750,29.084,19.996,3.274,250.0,250.0,49.436,15.421,4.287,46.938,31.764,19.695,12.069,19.450,7.695,0.922,6.773,4.612,0.000,0.000,0.000,42.0,0.000,
12.11.2025,14:45:4.274,20.391,28.558,19.515,3.252,250.0,250.0,44.931,13.924,4.313,43.093,29.391,18.227,11.164,18.007,5.222,0.617,4.605,4.603,0.000,0.000,0.000,42.0,0.000,
12.11.2025,14:45:5.273,17.672,29.480,20.241,3.395,250.0,250.0,42.759,12.935,4.279,38.995,26.831,16.642,10.189,16.446,5.665,0.700,4.965,4.638,0.000,0.000,0.000,42.0,0.000,
12.11.2025,14:45:6.273,17.672,26.940,17.751,3.345,250.0,250.0,44.683,12.935,4.014,22.165,16.248,10.072,6.176,9.950,5.128,0.534,4.594,4.594,0.000,0.000,0.000,42.0,0.000,
12.11.2025,14:45:7.284,10.875,28.553,19.389,3.301,250.0,250.0,39.068,8.348,4.303,43.318,29.526,18.301,11.225,18.080,5.120,0.526,4.594,4.594,0.000,0.000,0.000,42.0,0.000,
12.11.2025,14:45:8.283,23.110,26.673,17.679,3.141,250.0,250.0,39.068,13.959,4.303,43.318,29.526,18.301,11.225,18.080,5.120,0.526,4.594,4.594,0.000,0.000,0.000,42.0,0.000,
12.11.2025,14:45:9.278,16.313,28.787,19.605,3.329,250.0,250.0,43.054,13.473,4.229,41.481,28.351,17.574,10.777,17.366,5.168,0.530,4.638,4.612,0.000,0.000,0.000,42.0,0.000,
12.11.2025,14:45:10.277,14.953,27.438,18.265,3.352,250.0,250.0,46.411,14.287,4.267,43.211,29.438,18.258,11.180,18.037,6.911,0.802,6.109,4.654,0.000,0.000,0.000,42.0,0.000,
12.11.2025,14:45:11.274,17.672,25.867,16.720,3.321,250.0,250.0,45.784,12.618,4.265,37.227,25.728,15.948,9.780,15.752,6.439,0.745,5.694,4.603,0.000,0.000,0.000,42.0,0.000,
12.11.2025,14:45:12.273,17.672,33.741,24.207,3.618,250.0,250.0,46.681,13.404,4.260,39.200,26.941,16.701,10.240,16.505,7.767,0.931,6.836,4.662,0.000,0.000,0.000,42.0,0.000,
12.11.2025,14:45:13.274,17.672,31.254,21.904,3.486,250.0,250.0,45.924,13.667,4.300,41.832,28.607,17.737,10.870,17.517,5.586,0.622,4.964,4.638,0.000,0.000,0.000,42.0,0.000,
12.11.2025,14:45:14.274,17.672,30.047,20.826,3.351,250.0,250.0,45.645,14.144,4.323,41.985,28.711,17.807,10.904,17.586,7.729,0.961,6.768,4.670,0.000,0.000,0.000,42.0,0.000,
12.11.2025,14:45:15.287,24.469,30.097,20.836,3.383,250.0,250.0,45.400,13.535,4.300,39.687,27.267,16.914,10.353,16.706,7.729,0.964,6.765,4.662,0.000,0.000,0.000,42.0,0.000,
12.11.2025,14:45:16.274,17.672,27.644,18.430,3.342,250.0,250.0,47.104,14.493,4.291,45.314,30.755,19.075,11.680,18.843,5.170,0.532,4.638,4.629,0.000,0.000,0.000,42.0,0.000,
12.11.2025,14:45:17.273,19.032,30.183,20.992,3.376,250.0,250.0,47.389,13.368,4.291,40.955,28.052,17.399,10.653,17.191,5.257,0.551,4.706,4.629,0.000,0.000,0.000,42.0,0.000,
12.11.2025,14:45:18.275,14.953,29.723,20.569,3.323,250.0,250.0,46.604,14.131,4.278,42.349,28.905,17.923,10.982,17.715,6.428,0.718,5.710,6.302,0.000,0.000,0.000,42.0,0.000,
12.11.2025,14:45:19.287,14.953,28.121,18.938,3.332,250.0,250.0,47.459,14.254,4.254,41.655,28.474,17.660,10.814,17.439,7.491,0.886,6.605,7.263,0.000,0.000,0.000,42.0,0.375,
12.11.2025,14:45:20.273,23.110,29.203,20.038,3.312,250.0,250.0,47.326,14.506,4.264,43.410,29.557,18.322,11.235,18.102,7.756,0.966,6.790,4.654,0.000,0.000,0.000,42.0,0.000,
12.11.2025,14:45:21.284,25.829,27.823,18.706,3.303,250.0,250.0,47.892,13.721,4.302,40.377,27.705,17.177,10.528,16.969,7.734,0.935,6.799,4.679,0.000,0.000,0.000,42.0,0.000,
12.11.2025,14:45:22.283,16.313,30.376,21.232,3.302,250.0,250.0,48.211,15.213,4.291,46.076,31.242,19.374,11.868,19.129,7.747,0.929,6.818,4.654,0.000,0.000,0.000,42.0,0.000,
12.11.2025,14:45:23.287,21.750,28.308,19.138,3.333,250.0,250.0,48.492,15.440,4.289,47.929,32.381,20.077,12.304,19.832,6.478,0.793,5.685,4.638,0.000,0.000,0.000,42.0,0.000,
12.11.2025,14:45:24.282,20.391,28.977,19.804,3.307,250.0,250.0,48.100,13.609,4.285,39.937,27.406,16.994,10.412,16.799,7.782,0.936,6.846,4.688,0.000,0.000,0.000,42.0,0.000,
12.11.2025,14:45:25.282,14.953,29.753,20.580,3.358,250.0,250.0,47.477,14.851,4.252,44.780,30.405,18.850,11.555,18.618,7.705,0.918,6.787,4.638,0.000,0.000,0.000,42.0,0.000,
12.11.2025,14:45:26.280,14.953,28.047,18.895,3.317,250.0,250.0,47.490,15.420,4.250,46.808,31.659,19.629,12.030,19.385,7.890,1.009,6.881,4.662,0.000,0.000,0.000,42.0,0.000,
12.11.2025,14:45:27.276,29.907,27.958,18.822,3.296,250.0,250.0,47.988,14.021,4.261,43.555,29.646,18.377,11.269,18.157,5.158,0.529,4.629,4.629,0.000,0.000,0.000,42.0,0.000,
12.11.2025,14:45:28.283,20.391,27.551,18.383,3.329,250.0,250.0,46.460,13.679,4.300,42.197,28.829,17.873,10.956,17.664,5.169,0.531,4.638,4.638,0.001,0.000,0.000,42.0,0.000,
12.11.2025,14:45:29.282,17.672,28.798,19.699,3.298,250.0,250.0,48.222,15.328,4.286,47.469,32.092,19.902,12.190,19.657,6.509,0.777,5.732,4.670,0.000,0.000,0.000,42.0,0.000,
12.11.2025,14:45:30.273,19.032,28.181,19.039,3.283,250.0,250.0,48.300,14.339,4.289,44.609,30.322,18.803,11.519,18.570,5.168,0.530,4.638,4.943,0.000,0.000,0.000,42.0,0.000,
12.11.2025,14:45:31.286,24.469,28.740,19.589,3.312,250.0,250.0,48.442,13.822,4.253,41.071,28.105,17.419,10.686,17.211,7.421,0.876,6.545,4.638,0.000,0.000,0.000,42.0,0.000,
12.11.2025,14:45:32.276,20.391,29.128,20.043,3.284,250.0,250.0,47.193,15.199,4.287,46.000,31.171,19.337,11.834,19.104,7.783,0.941,6.842,4.688,0.000,0.000,0.000,42.0,0.000,
12.11.2025,14:45:33.281,14.953,29.833,20.675,3.320,250.0,250.0,47.359,14.654,4.301,43.951,29.918,18.546,11.372,18.326,7.733,0.934,6.799,4.662,0.000,0.000,0.000,42.0,0.000,
12.11.2025,14:45:34.277,20.391,27.779,18.663,3.293,250.0,250.0,47.521,14.357,4.312,44.350,30.168,18.700,11.468,18.480,5.728,0.627,5.101,4.638,0.000,0.000,0.000,42.0,0.000,
12.11.2025,14:45:35.277,17.672,31.335,22.126,3.322,250.0,250.0,48.942,15.091,4.325,47.500,32.131,19.928,12.203,19.683,5.251,0.537,4.714,4.638,0.000,0.000,0.000,42.0,0.000,
12.11.2025,14:45:36.277,19.032,28.528,19.445,3.268,250.0,250.0,49.334,14.924,4.336,45.541,30.913,19.177,11.736,18.945,6.971,0.801,6.170,4.654,0.000,0.000,0.000,42.0,0.000,
12.11.2025,14:45:37.277,19.032,33.529,24.316,3.314,250.0,250.0,48.798,15.201,4.337,46.992,31.832,19.736,12.096,19.491,6.440,0.734,5.706,4.645,0.000,0.000,0.000,42.0,0.000,
12.11.2025,14:45:38.273,21.750,28.421,19.333,3.266,250.0,250.0,50.446,14.756,4.338,44.306,30.158,18.702,11.456,18.469,7.745,0.943,6.802,4.645,0.001,0.000,0.000,42.0,0.000,
12.11.2025,14:45:39.275,17.672,28.195,19.120,3.265,250.0,250.0,49.966,15.331,4.302,46.525,31.517,19.542,11.975,19.310,7.737,0.926,6.811,4.662,0.000,0.000,0.000,42.0,0.000,
12.11.2025,14:45:40.275,19.032,27.221,18.095,3.269,250.0,250.0,49.799,12.902,4.287,39.243,26.987,16.731,10.256,16.535,5.171,0.533,4.638,4.638,0.000,0.000,0.000,42.0,0.000,
12.11.2025,14:45:41.284,19.032,26.767,17.712,3.270,250.0,250.0,49.209,15.397,4.299,46.760,31.660,19.630,12.030,19.385,7.764,0.933,6.831,4.679,0.001,0.000,0.000,42.0,0.000,
12.11.2025,14:45:42.277,20.391,30.752,21.625,3.276,250.0,250.0,49.338,13.272,4.289,40.655,27.863,17.286,10.577,17.077,5.168,0.530,4.638,4.638,0.000,0.000,0.000,42.0,0.000,
12.11.2025,14:45:43.277,14.953,28.848,19.704,3.274,250.0,250.0,49.787,14.087,4.311,43.574,29.690,18.406,11.284,18.186,5.364,0.611,4.753,4.688,0.000,0.000,0.000,42.0,0.000,
12.11.2025,14:45:44.274,14.953,29.742,20.688,3.273,250.0,250.0,50.949,14.285,4.312,43.716,29.785,18.461,11.324,18.240,6.162,0.738,5.424,4.688,0.000,0.000,0.000,42.0,0.000,
12.11.2025,14:45:45.272,16.313,30.865,21.725,3.315,250.0,250.0,50.247,13.252,4.310,40.370,27.701,17.186,10.515,16.978,5.375,0.595,4.780,4.714,0.000,0.000,0.000,42.0,0.000,
12.11.2025,14:45:46.285,19.032,27.903,18.792,3.264,250.0,250.0,49.049,13.869,4.310,41.137,28.168,17.473,10.695,17.265,7.488,0.911,6.577,4.670,0.000,0.000,0.000,42.0,0.000,
12.11.2025,14:45:47.286,16.313,32.863,23.657,3.324,250.0,250.0,49.288,13.854,4.286,42.850,29.223,18.124,11.099,17.903,5.196,0.534,4.662,4.662,0.000,0.000,0.000,42.0,0.000,
12.11.2025,14:45:48.283,14.953,28.633,19.560,3.278,250.0,250.0,48.860,15.129,4.264,45.797,31.045,19.244,11.801,19.011,7.744,0.943,6.801,4.638,0.000,0.000,0.000,42.0,0.375,
12.11.2025,14:45:49.282,20.391,28.867,19.744,3.268,250.0,250.0,48.578,16.300,4.276,51.581,34.634,21.473,13.161,21.216,6.010,0.656,5.354,4.638,0.000,0.000,0.000,42.0,0.000,
12.11.2025,14:45:50.283,16.313,25.785,16.749,3.250,250.0,250.0,49.758,15.441,4.289,46.880,31.726,19.677,12.049,19.444,7.856,0.991,6.865,4.638,0.000,0.000,0.000,42.0,0.000,
12.11.2025,14:45:51.280,16.313,28.009,18.836,3.267,250.0,250.0,49.782,15.914,4.289,48.741,32.885,20.385,12.500,20.140,7.777,0.974,6.803,4.645,0.000,0.000,0.000,42.0,0.000,
12.11.2025,14:45:52.282,20.391,28.321,19.300,3.257,250.0,250.0,51.961,16.753,4.289,52.815,35.409,21.953,13.456,21.696,6.624,0.791,5.833,4.662,0.000,0.000,0.000,42.0,0.000,
12.11.2025,14:45:53.275,21.750,27.767,18.608,3.277,250.0,250.0,52.128,14.746,4.286,46.267,31.342,19.434,11.908,19.201,5.181,0.536,4.645,4.662,0.000,0.000,0.000,42.0,0.000,
12.11.2025,14:45:54.282,16.313,31.121,22.044,3.257,250.0,250.0,49.223,14.998,4.275,46.237,31.329,19.429,11.900,19.184,6.480,0.749,5.731,4.670,0.000,0.000,2.250,42.0,0.000,
12.11.2025,14:45:55.276,17.672,28.649,19.404,3.423,250.0,250.0,43.466,13.443,4.289,41.308,28.269,17.532,10.737,17.323,5.168,0.530,4.638,4.638,0.000,0.000,0.000,42.0,0.000,
12.11.2025,14:45:56.280,17.672,28.529,19.247,3.410,250.0,250.0,47.631,15.011,4.302,46.428,31.452,19.503,11.949,19.270,6.284,0.694,5.590,4.638,0.000,0.000,0.000,42.0,0.000,
12.11.2025,14:45:57.272,17.672,28.529,19.247,3.410,250.0,250.0,48.085,14.107,4.300,43.814,29.829,18.495,11.334,18.274,5.191,0.537,4.654,4.638,0.000,0.000,0.000,42.0,0.000,
12.11.2025,14:45:58.278,14.953,29.228,20.011,3.410,250.0,250.0,48.033,15.021,4.325,45.262,30.737,19.059,11.678,18.839,7.816,0.965,6.851,4.679,0.000,0.000,0.000,42.0,0.000,
12.11.2025,14:45:59.276,20.391,26.240,17.032,3.355,250.0,250.0,46.923,14.468,4.336,43.163,29.452,18.264,11.188,18.043,7.783,0.959,6.824,4.670,0.000,0.000,0.000,42.0,0.000,
12.11.2025,14:46:0.284,21.750,28.400,19.176,3.369,250.0,250.0,46.570,13.289,4.350,40.611,27.880,17.289,10.591,17.080,5.228,0.588,4.640,4.638,0.000,0.000,0.000,42.0,0.000,
12.11.2025,14:46:1.275,19.032,28.592,19.463,3.346,250.0,250.0,47.684,14.919,4.314,46.096,31.259,19.382,11.877,19.150,6.239,0.730,5.509,4.638,0.000,0.000,0.000,42.0,0.000,
12.11.2025,14:46:2.282,14.953,28.231,18.995,3.361,250.0,250.0,46.493,12.730,4.264,38.488,26.498,16.438,10.060,16.242,5.313,0.570,4.743,4.679,0.000,0.000,0.000,42.0,0.000,
12.11.2025,14:46:3.283,21.750,27.308,18.135,3.360,250.0,250.0,45.683,14.453,4.291,43.110,29.387,18.220,11.167,18.011,7.862,1.009,6.853,4.620,0.000,0.000,0.000,42.0,0.000,
12.11.2025,14:46:4.281,20.391,29.327,20.057,3.396,250.0,250.0,45.808,15.525,4.302,48.007,32.425,20.111,12.314,19.867,6.792,0.770,6.022,4.638,0.000,0.000,0.000,42.0,0.000,
12.11.2025,14:46:5.273,28.547,28.836,19.598,3.363,250.0,250.0,45.885,13.916,4.327,42.695,29.152,18.084,11.068,17.864,5.658,0.615,5.043,4.654,0.000,0.000,0.000,42.0,0.000,
12.11.2025,14:46:6.278,40.782,32.360,23.118,3.395,250.0,250.0,46.219,12.671,4.303,38.298,26.413,16.384,10.029,16.189,5.210,0.540,4.670,4.670,0.005,0.000,0.000,42.0,0.000,
12.11.2025,14:46:7.277,19.032,31.379,22.167,3.334,250.0,250.0,45.305,14.447,4.301,43.460,29.612,18.362,11.250,18.141,5.302,0.563,4.739,8.741,0.000,0.000,0.000,42.0,0.000,
12.11.2025,14:46:8.280,25.829,31.323,22.142,3.383,250.0,250.0,45.858,13.379,4.313,40.999,28.097,17.422,10.675,17.214,5.213,0.566,4.647,4.645,0.000,0.000,0.000,42.0,0.000,
12.11.2025,14:46:9.280,27.188,28.896,19.632,3.370,250.0,250.0,46.793,15.411,4.313,46.919,31.776,19.702,12.074,19.457,7.619,0.903,6.716,4.629,0.000,0.000,0.000,42.0,0.000,
12.11.2025,14:46:10.274,19.032,30.622,21.408,3.375,250.0,250.0,47.869,14.253,4.264,42.367,28.903,17.927,10.976,17.706,7.876,1.058,6.818,4.638,0.000,0.000,0.000,42.0,0.000,
12.11.2025,14:46:11.273,20.391,28.939,19.765,3.365,250.0,250.0,46.740,13.974,4.300,41.547,28.426,17.628,10.798,17.420,7.475,0.881,6.594,4.670,0.000,0.000,0.000,42.0,0.000,
12.11.2025,14:46:12.277,20.391,29.339,20.132,3.356,250.0,250.0,47.167,13.415,4.315,39.190,26.976,16.727,10.249,16.531,7.764,0.931,6.833,4.638,0.000,0.000,0.000,42.0,0.000,
12.11.2025,14:46:13.274,39.422,31.066,21.861,3.386,250.0,250.0,45.973,14.006,4.302,43.357,29.543,18.328,11.215,18.108,5.283,0.558,4.725,4.638,0.000,0.000,0.000,42.0,0.000,
12.11.2025,14:46:14.287,19.032,36.048,26.384,3.691,250.0,250.0,45.730,14.645,4.315,43.879,29.885,18.523,11.362,18.303,7.763,0.973,6.790,4.654,0.000,0.000,0.000,42.0,0.000,
12.11.2025,14:46:15.279,25.829,33.394,24.127,3.452,250.0,250.0,47.286,15.426,4.279,47.534,32.128,19.921,12.207,19.676,6.922,0.791,6.131,4.670,0.000,0.000,0.250,42.0,0.000,
12.11.2025,14:46:16.279,55.735,31.997,22.730,3.366,250.0,250.0,47.304,15.162,4.277,45.889,31.112,19.284,11.828,19.051,7.747,0.936,6.811,4.688,0.000,0.000,0.000,42.0,0.000,
12.11.2025,14:46:17.283,48.938,29.769,20.575,3.368,250.0,250.0,46.753,14.364,4.292,42.844,29.227,18.121,11.106,17.901,7.743,0.945,6.798,4.662,0.000,0.000,0.000,42.0,0.000,
12.11.2025,14:46:18.285,23.110,32.019,22.691,3.418,250.0,250.0,47.199,13.913,4.289,43.068,29.369,18.204,11.165,17.984,5.205,0.535,4.670,4.638,0.000,0.000,0.000,42.0,0.000,
12.11.2025,14:46:19.282,20.391,31.199,21.995,3.357,250.0,250.0,46.922,12.919,4.313,38.626,26.629,16.516,10.113,16.308,6.025,0.697,5.328,4.638,0.000,0.000,0.000,42.0,0.000,
12.11.2025,14:46:20.278,21.750,28.424,19.272,3.344,250.0,250.0,47.438,13.851,4.304,42.844,29.229,18.123,11.106,17.915,5.174,0.536,4.638,4.638,0.000,0.000,0.000,42.0,0.000,
12.11.2025,14:46:21.275,17.672,29.886,20.698,3.345,250.0,250.0,47.090,13.916,4.326,41.124,28.188,17.473,10.715,17.265,7.716,0.921,6.795,4.638,0.000,0.000,0.000,42.0,0.000,
12.11.2025,14:46:22.281,19.032,31.771,22.635,3.343,250.0,250.0,44.225,15.418,4.335,48.338,32.648,20.252,12.396,20.008,5.783,0.638,5.145,4.638,0.000,0.000,0.000,42.0,0.000,
12.11.2025,14:46:23.276,16.313,26.215,17.231,3.182,250.0,250.0,43.676,15.398,4.338,47.478,32.118,19.915,12.203,19.682,6.805,0.772,6.033,4.638,0.000,0.000,0.000,42.0,0.000,
12.11.2025,14:46:24.277,16.313,29.617,20.570,3.189,250.0,250.0,47.948,13.903,4.303,42.998,29.337,18.183,11.154,17.962,5.189,0.535,4.654,4.716,0.000,0.000,0.000,42.0,0.000,
12.11.2025,14:46:25.277,14.953,27.705,18.561,3.322,250.0,250.0,47.414,15.106,4.277,46.436,31.447,19.500,11.947,19.255,6.779,0.769,6.010,4.638,0.000,0.000,0.000,42.0,0.000,
12.11.2025,14:46:26.275,19.032,30.681,21.463,3.350,250.0,250.0,48.525,15.272,4.316,47.218,31.943,19.810,12.133,19.577,6.538,0.744,5.794,4.645,0.000,0.000,0.000,42.0,0.000,
12.11.2025,14:46:27.274,19.032,29.032,19.833,3.345,250.0,250.0,48.302,14.782,4.314,44.419,30.216,18.732,11.484,18.511,7.753,0.950,6.803,4.638,0.000,0.000,0.000,42.0,0.000,
12.11.2025,14:46:28.276,17.672,30.659,21.503,3.325,250.0,250.0,48.622,14.386,4.327,42.868,29.259,18.143,11.116,17.923,7.770,0.933,6.837,4.679,0.000,0.000,0.000,42.0,0.000,
12.11.2025,14:46:29.275,28.547,29.145,19.990,3.337,250.0,250.0,49.185,16.631,4.313,52.807,35.419,21.964,13.455,21.694,6.010,0.657,5.353,4.638,0.000,0.000,0.000,42.0,0.000,
12.11.2025,14:46:30.287,23.110,31.182,21.966,3.358,250.0,250.0,49.483,14.643,4.327,43.784,29.829,18.502,11.327,18.282,7.856,0.972,6.884,4.670,0.000,0.000,0.000,42.0,0.000,
12.11.2025,14:46:31.283,20.391,31.523,22.364,3.352,250.0,250.0,49.299,14.989,4.326,47.139,31.901,19.782,12.119,19.549,5.204,0.534,4.670,4.670,0.000,0.000,0.000,42.0,0.000,
12.11.2025,14:46:32.275,20.391,29.549,20.409,3.313,250.0,250.0,48.230,13.253,4.315,40.466,27.770,17.216,10.554,17.008,5.247,0.542,4.705,4.705,0.000,0.000,0.000,42.0,0.000,
12.11.2025,14:46:33.283,14.953,33.115,23.935,3.343,250.0,250.0,48.779,14.340,4.304,44.104,30.013,18.613,11.400,18.392,5.956,0.758,5.198,4.662,0.000,0.000,0.000,42.0,0.000,
12.11.2025,14:46:34.273,16.313,28.520,19.380,3.280,250.0,250.0,48.816,14.214,4.279,44.252,30.098,18.661,11.437,18.428,5.169,0.531,4.638,4.645,0.000,0.000,0.000,42.0,0.000,
12.11.2025,14:46:35.277,24.469,30.467,21.350,3.297,250.0,250.0,49.105,14.273,4.305,43.827,29.843,18.503,11.340,18.283,5.987,0.666,5.321,4.654,0.000,0.000,0.000,42.0,0.000,
12.11.2025,14:46:36.271,19.032,32.032,22.868,3.284,250.0,250.0,49.108,15.402,4.304,46.865,31.729,19.679,12.050,19.434,7.637,0.903,6.734,4.688,0.000,0.000,0.000,42.0,0.000,
12.11.2025,14:46:37.276,19.032,31.052,21.929,3.294,250.0,250.0,49.556,14.818,4.328,45.981,31.191,19.349,11.842,19.117,5.841,0.688,5.153,4.688,0.001,0.000,0.000,42.0,0.000,
12.11.2025,14:46:38.279,51.657,32.521,23.385,3.323,250.0,250.0,58.507,23.960,8.941,71.903,50.144,31.095,19.049,30.715,10.121,1.018,9.103,7.514,0.000,0.000,0.000,42.0,0.000,
12.11.2025,14:46:39.277,46.219,50.528,41.395,3.573,250.0,250.0,80.270,24.716,8.967,74.417,51.709,32.061,19.648,31.682,9.458,0.922,8.536,9.763,0.000,0.000,0.000,42.0,0.000,
12.11.2025,14:46:40.272,16.313,32.458,25.172,3.402,250.0,250.0,78.390,17.157,4.349,50.807,34.197,21.206,12.991,20.949,10.949,1.155,9.794,5.176,0.000,0.000,0.000,42.0,0.000,
12.11.2025,14:46:41.287,16.313,33.743,26.499,3.375,250.0,250.0,52.264,14.627,4.325,45.364,30.802,19.098,11.704,18.878,5.582,0.608,4.974,4.932,0.000,0.000,0.000,42.0,0.000,
12.11.2025,14:46:42.277,33.985,30.267,20.798,3.306,250.0,250.0,50.743,13.484,4.312,41.282,28.265,17.530,10.735,17.322,5.355,0.626,4.729,4.679,0.003,0.000,0.000,42.0,0.000,
12.11.2025,14:46:43.278,21.750,36.518,27.079,3.386,250.0,250.0,49.880,15.572,4.315,47.338,32.034,19.862,12.172,19.617,7.853,1.010,6.843,4.670,0.000,0.000,0.000,42.0,0.000,
12.11.2025,14:46:44.276,28.547,32.159,22.927,3.360,250.0,250.0,44.790,12.575,4.339,37.760,26.109,16.190,9.919,15.994,5.376,0.568,4.808,4.688,0.000,0.000,0.000,42.0,0.000,
12.11.2025,14:46:45.274,19.032,32.058,22.783,3.392,250.0,250.0,46.480,14.724,4.327,45.353,30.810,19.103,11.707,18.871,6.212,0.682,5.530,4.645,0.000,0.000,0.000,42.0,0.000,
12.11.2025,14:46:46.278,21.750,28.466,19.178,3.413,250.0,250.0,46.963,13.646,4.338,41.993,28.726,17.808,10.918,17.588,5.219,0.565,4.654,4.654,0.000,0.000,0.000,42.0,0.000,
12.11.2025,14:46:47.276,17.672,27.740,18.540,3.383,250.0,250.0,45.517,14.333,4.289,42.716,29.147,18.068,11.079,17.848,7.749,0.924,6.825,4.688,0.000,0.000,0.000,42.0,0.000,
12.11.2025,14:46:48.276,36.704,28.382,19.079,3.406,250.0,250.0,45.986,13.719,4.290,42.290,28.882,17.912,10.970,17.692,5.256,0.609,4.647,4.645,0.000,0.000,0.000,42.0,0.000,
12.11.2025,14:46:49.286,16.313,33.800,24.527,3.448,250.0,250.0,46.655,13.248,4.277,40.437,27.728,17.188,10.540,16.980,5.341,0.637,4.704,4.645,0.000,0.000,0.000,42.0,0.000,
12.11.2025,14:46:50.283,17.672,28.192,18.988,3.384,250.0,250.0,45.401,13.675,4.300,41.562,28.440,17.629,10.811,17.421,5.952,0.705,5.247,4.679,0.000,0.000,0.000,42.0,0.000,
12.11.2025,14:46:51.278,17.672,28.961,19.757,3.382,250.0,250.0,45.636,13.675,4.287,41.287,28.262,17.528,10.734,17.308,5.932,0.705,5.227,4.662,0.000,0.000,0.000,42.0,0.000,
12.11.2025,14:46:52.275,17.672,28.387,19.201,3.353,250.0,250.0,45.636,13.593,4.287,41.287,28.262,17.528,10.734,17.308,5.932,0.705,5.227,4.662,0.000,0.000,0.375,42.0,0.000,
12.11.2025,14:46:53.287,17.672,27.605,18.366,3.376,250.0,250.0,45.382,13.069,4.301,39.665,27.263,16.906,10.357,16.698,5.412,0.615,4.797,4.679,0.000,0.000,0.000,42.0,0.000,
12.11.2025,14:46:54.286,16.313,26.843,17.690,3.334,250.0,250.0,45.768,14.805,4.299,45.953,31.162,19.314,11.848,19.081,5.355,0.567,4.788,5.686,0.000,0.000,0.000,42.0,0.000,
12.11.2025,14:46:55.282,29.907,28.930,19.736,3.346,250.0,250.0,46.016,14.482,4.302,43.283,29.509,18.293,11.216,18.073,7.726,0.920,6.806,4.696,0.000,0.000,0.000,42.0,0.000,
12.11.2025,14:46:56.282,23.110,29.477,20.298,3.353,250.0,250.0,45.914,15.450,4.264,47.968,32.380,20.077,12.303,19.845,6.484,0.767,5.717,4.696,0.000,0.000,0.000,42.0,0.000,
12.11.2025,14:46:57.282,19.032,31.164,21.922,3.400,250.0,250.0,46.183,14.438,4.301,45.029,30.577,18.961,11.616,18.740,5.214,0.535,4.679,4.727,0.000,0.000,0.000,42.0,0.000,
12.11.2025,14:46:58.279,17.672,28.921,19.721,3.347,250.0,250.0,47.189,13.371,4.264,40.999,28.069,17.407,10.662,17.187,5.231,0.543,4.688,4.662,0.000,0.000,0.000,42.0,0.000,
12.11.2025,14:46:59.277,17.672,29.503,20.259,3.342,250.0,250.0,46.453,13.697,4.314,42.178,28.831,17.874,10.957,17.654,5.256,0.584,4.672,4.645,0.000,0.000,0.000,42.0,0.000,
12.11.2025,14:47:0.287,19.032,30.642,21.478,3.351,250.0,250.0,46.517,13.466,4.300,40.703,27.912,17.310,10.602,17.090,6.026,0.656,5.370,4.688,0.000,0.000,0.000,42.0,0.000,
12.11.2025,14:47:1.302,17.672,30.263,21.096,3.354,250.0,250.0,46.302,13.374,4.316,38.983,26.852,16.653,10.199,16.445,7.809,0.955,6.854,4.670,0.000,0.000,0.000,42.0,0.000,
12.11.2025,14:47:2.303,38.063,34.865,25.610,3.356,250.0,250.0,48.178,15.113,4.276,46.911,31.741,19.683,12.058,19.438,6.161,0.735,5.426,4.696,0.000,0.000,0.000,42.0,0.000,
12.11.2025,14:47:3.305,19.032,30.053,20.847,3.346,250.0,250.0,47.304,14.260,4.266,43.868,29.851,18.513,11.338,18.280,5.909,0.647,5.262,4.662,0.000,0.000,0.000,42.0,0.000,
12.11.2025,14:47:4.315,32.625,28.214,19.122,3.301,250.0,250.0,48.614,15.252,4.301,46.878,31.732,19.673,12.059,19.440,6.864,0.893,5.971,4.705,0.000,0.000,0.000,42.0,0.000,
12.11.2025,14:47:5.312,23.110,32.704,23.494,3.346,250.0,250.0,48.310,14.970,4.278,47.053,31.837,19.739,12.098,19.494,5.264,0.576,4.688,4.670,0.000,0.000,0.000,42.0,0.000,
12.11.2025,14:47:6.308,17.672,31.183,21.961,3.329,250.0,250.0,48.053,14.986,4.292,45.221,30.705,19.045,11.660,18.812,7.737,0.922,6.815,4.654,0.000,0.000,0.000,42.0,0.000,
12.11.2025,14:47:7.310,14.953,29.505,20.340,3.326,250.0,250.0,48.210,14.925,4.314,46.842,31.715,19.671,12.044,19.426,5.236,0.572,4.664,4.766,0.000,0.000,0.000,42.0,0.000,
12.11.2025,14:47:8.304,29.907,31.572,22.388,3.344,250.0,250.0,47.545,16.153,4.327,50.484,33.987,21.070,12.917,20.813,6.640,0.829,5.811,4.654,0.000,0.000,0.000,42.0,0.000,
12.11.2025,14:47:9.308,29.907,32.765,23.591,3.317,250.0,250.0,49.609,15.003,4.328,45.220,30.719,19.051,11.668,18.819,7.778,0.943,6.835,4.670,0.000,0.000,0.750,42.0,0.000,
12.11.2025,14:47:10.311,19.032,30.393,21.243,3.327,250.0,250.0,48.509,14.068,4.301,41.609,28.456,17.649,10.807,17.440,7.855,0.985,6.870,4.714,0.000,0.000,0.000,42.0,0.000,
12.11.2025,14:47:11.305,17.672,28.626,19.416,3.325,250.0,250.0,47.212,16.024,4.288,49.887,33.590,20.835,12.755,20.578,6.828,0.822,6.006,4.654,0.000,0.000,0.000,42.0,0.000,
12.11.2025,14:47:12.312,19.032,30.294,21.082,3.362,250.0,250.0,47.695,14.716,4.266,44.150,30.022,18.611,11.411,18.391,7.825,0.955,6.870,4.654,0.000,0.000,0.000,42.0,0.000,
12.11.2025,14:47:13.309,24.469,31.082,21.919,3.306,250.0,250.0,47.558,14.944,4.291,46.469,31.469,19.518,11.951,19.285,5.892,0.637,5.255,4.670,0.000,0.000,0.000,42.0,0.000,
12.11.2025,14:47:14.318,20.391,29.364,20.188,3.337,250.0,250.0,48.101,16.280,4.289,43.704,29.757,18.447,11.310,18.226,5.245,0.573,4.672,26.572,0.000,0.000,0.000,42.0,0.000,
12.11.2025,14:47:15.314,33.985,37.371,27.779,3.672,250.0,250.0,49.048,15.347,4.306,46.980,31.798,19.721,12.077,19.488,7.220,0.838,6.382,4.662,0.000,0.000,0.000,42.0,0.000,
12.11.2025,14:47:16.307,17.672,29.250,20.107,3.325,250.0,250.0,49.149,15.433,4.289,46.894,31.736,19.676,12.060,19.444,7.778,0.946,6.832,4.670,0.000,0.000,0.000,42.0,0.000,
12.11.2025,14:47:17.304,19.032,31.439,22.313,3.291,250.0,250.0,48.712,15.254,4.293,46.316,31.373,19.458,11.915,19.225,7.638,0.915,6.723,4.679,0.000,0.000,0.000,42.0,0.000,
12.11.2025,14:47:18.303,14.953,29.403,20.274,3.317,250.0,250.0,49.320,13.964,4.292,43.251,29.480,18.286,11.194,18.066,5.202,0.540,4.662,4.662,0.000,0.000,0.000,42.0,0.000,
12.11.2025,14:47:19.305,21.750,31.795,22.649,3.269,250.0,250.0,48.818,15.737,4.316,47.940,32.396,20.091,12.305,19.846,7.879,0.963,6.916,4.722,0.000,0.000,0.000,42.0,0.000,
12.11.2025,14:47:20.323,14.953,31.121,22.026,3.275,250.0,250.0,49.088,13.099,4.290,39.962,27.438,17.018,10.420,16.810,5.196,0.534,4.662,4.654,0.000,0.000,0.000,42.0,0.000,
12.11.2025,14:47:21.326,19.032,30.605,21.475,3.283,250.0,250.0,48.834,14.293,4.302,44.454,30.220,18.739,11.481,18.519,5.278,0.561,4.717,4.662,0.000,0.000,0.000,42.0,0.000,
12.11.2025,14:47:22.324,17.672,32.197,23.044,3.305,250.0,250.0,49.233,15.075,4.337,45.472,30.885,19.146,11.739,18.913,7.787,0.948,6.839,4.688,0.000,0.000,0.000,42.0,0.250,
12.11.2025,14:47:23.323,20.391,29.666,20.624,3.277,250.0,250.0,48.709,13.874,4.328,42.661,29.129,18.060,11.069,17.852,5.483,0.590,4.893,4.679,0.000,0.000,0.000,42.0,0.000,
12.11.2025,14:47:24.325,20.391,29.076,19.929,3.247,250.0,250.0,49.619,14.829,4.338,45.508,30.894,19.156,11.738,18.935,6.516,0.789,5.727,4.688,0.000,0.000,0.000,42.0,0.000,
12.11.2025,14:47:25.340,19.032,32.625,23.478,3.311,250.0,250.0,49.599,14.319,4.313,44.605,30.321,18.802,11.519,18.582,5.184,0.530,4.654,4.684,0.000,0.000,0.000,42.0,0.000,
12.11.2025,14:47:26.340,19.032,29.446,20.402,3.238,250.0,250.0,50.356,15.496,4.302,47.092,31.869,19.760,12.109,19.515,7.800,0.949,6.851,4.714,0.000,0.000,0.000,42.0,0.000,
12.11.2025,14:47:27.337,29.907,31.713,22.619,3.286,250.0,250.0,49.228,13.277,4.328,40.605,27.857,17.277,10.580,17.069,5.196,0.534,4.662,4.662,0.000,0.000,0.000,42.0,0.000,
12.11.2025,14:47:28.335,27.188,28.907,19.822,3.237,250.0,250.0,49.095,13.834,4.327,42.097,28.783,17.850,10.933,17.630,6.026,0.674,5.352,4.670,0.000,0.000,0.000,42.0,0.000,
12.11.2025,14:47:29.345,13.594,32.479,23.367,3.239,250.0,250.0,50.188,15.544,4.327,47.167,31.933,19.799,12.134,19.554,7.904,0.965,6.939,4.714,0.000,0.000,0.000,42.0,0.000,
12.11.2025,14:47:30.345,21.750,28.737,19.564,3.356,250.0,250.0,40.951,8.597,4.073,23.046,16.830,10.436,6.394,10.301,5.140,0.528,4.612,4.612,0.000,0.000,0.000,42.0,0.000,
12.11.2025,14:47:31.346,21.750,25.955,16.985,3.173,250.0,250.0,17.910,5.703,3.408,12.690,9.981,6.197,3.784,6.124,5.125,0.531,4.594,4.594,0.000,0.000,0.000,42.0,0.000,
Date,Time,"VR VCC 전류 (SVID IOUT) [A]","CPU 패키지 전력 소비 [W]","IA 코어 전력 소비 [W]","시스템 에이전트 전력 소비 [W]","PL1 전력 제한 (Static) [W]","PL2 전력 제한 (Static) [W]","GPU 전력 소비 [W]","GPU 라인 전력 소비 (avg) [W]","GPU PCIe +12V 입력 전력 소비 [W]","GPU 12VHPWR 전력 소비 [W]","GPU Unknown Rail (D6) 전력 소비 (sum) [W]","GPU Core (NVVDD) 입력 전력 소비 (sum) [W]","GPU Unknown Rail (D4) 전력 소비 (sum) [W]","GPU Misc0 입력 전력 소비 (sum) [W]","GPU Unknown Rail (D) 전력 소비 (sum) [W]","GPU Unknown Rail (10) 전력 소비 [W]","GPU Core (NVVDD) 출력 전력 소비 [W]","GPU Core (NVVDD) 출력 전력 소비 [W]","PCH 전력 소비 [W]","나머지 칩 전력 소비 [W]","총 전력 소비 [W]","T3 [°C]","총 전력 소비 [W]",
,,CPU [#0]: Intel Core Ultra 7 265KF: Enhanced,CPU [#0]: Intel Core Ultra 7 265KF: Enhanced,CPU [#0]: Intel Core Ultra 7 265KF: Enhanced,CPU [#0]: Intel Core Ultra 7 265KF: Enhanced,CPU [#0]: Intel Core Ultra 7 265KF: Enhanced,CPU [#0]: Intel Core Ultra 7 265KF: Enhanced,GPU [#1]: NVIDIA GeForce RTX 5090: GIGABYTE GeForce RTX 5090 GAMING OC 32G (GV-N5090GAMING OC-32GD),GPU [#1]: NVIDIA GeForce RTX 5090: GIGABYTE GeForce RTX 5090 GAMING OC 32G (GV-N5090GAMING OC-32GD),GPU [#1]: NVIDIA GeForce RTX 5090: GIGABYTE GeForce RTX 5090 GAMING OC 32G (GV-N5090GAMING OC-32GD),GPU [#1]: NVIDIA GeForce RTX 5090: GIGABYTE GeForce RTX 5090 GAMING OC 32G (GV-N5090GAMING OC-32GD),GPU [#1]: NVIDIA GeForce RTX 5090: GIGABYTE GeForce RTX 5090 GAMING OC 32G (GV-N5090GAMING OC-32GD),GPU [#1]: NVIDIA GeForce RTX 5090: GIGABYTE GeForce RTX 5090 GAMING OC 32G (GV-N5090GAMING OC-32GD),GPU [#1]: NVIDIA GeForce RTX 5090: GIGABYTE GeForce RTX 5090 GAMING OC 32G (GV-N5090GAMING OC-32GD),GPU [#1]: NVIDIA GeForce RTX 5090: GIGABYTE GeForce RTX 5090 GAMING OC 32G (GV-N5090GAMING OC-32GD),GPU [#1]: NVIDIA GeForce RTX 5090: GIGABYTE GeForce RTX 5090 GAMING OC 32G (GV-N5090GAMING OC-32GD),GPU [#1]: NVIDIA GeForce RTX 5090: GIGABYTE GeForce RTX 5090 GAMING OC 32G (GV-N5090GAMING OC-32GD),GPU [#1]: NVIDIA GeForce RTX 5090: GIGABYTE GeForce RTX 5090 GAMING OC 32G (GV-N5090GAMING OC-32GD),GPU [#1]: NVIDIA GeForce RTX 5090: GIGABYTE GeForce RTX 5090 GAMING OC 32G (GV-N5090GAMING OC-32GD),CPU [#0]: Intel Core Ultra 7 265KF: Enhanced,CPU [#0]: Intel Core Ultra 7 265KF: Enhanced,DDR5 DIMM [#3]: Micron CP32G64C40U5B.M8B1 (BANK 0/DIMMA2),NUC126,DDR5 DIMM [#1]: Micron CP32G64C40U5B.M8B1 (BANK 1/DIMMB2),
