Date,Time,"VR VCC 전류 (SVID IOUT) [A]","CPU 패키지 전력 소비 [W]","IA 코어 전력 소비 [W]","시스템 에이전트 전력 소비 [W]","나머지 칩 전력 소비 [W]","PL1 전력 제한 (Static) [W]","PL2 전력 제한 (Static) [W]","GPU 전력 소비 [W]","GPU 라인 전력 소비 (avg) [W]","GPU PCIe +12V 입력 전력 소비 [W]","GPU 12VHPWR 전력 소비 [W]","GPU Unknown Rail (D6) 전력 소비 (sum) [W]","GPU Core (NVVDD) 입력 전력 소비 (sum) [W]","GPU Unknown Rail (D4) 전력 소비 (sum) [W]","GPU Misc0 입력 전력 소비 (sum) [W]","GPU Unknown Rail (D) 전력 소비 (sum) [W]","GPU Unknown Rail (10) 전력 소비 [W]","GPU Core (NVVDD) 출력 전력 소비 [W]","GPU Core (NVVDD) 출력 전력 소비 [W]","PCH 전력 소비 [W]","총 전력 소비 [W]","총 전력 소비 [W]",
11.11.2025,8:20:10.071,12.235,12.016,3.001,2.907,0.000,250.0,250.0,10.905,5.877,2.771,15.474,11.298,7.003,4.295,6.917,3.835,0.468,3.367,3.346,0.000,0.000,0.000,
11.11.2025,8:20:11.067,12.235,12.982,4.811,2.879,0.000,250.0,250.0,33.933,18.688,8.822,55.931,40.168,24.909,15.259,24.602,5.900,0.523,5.377,5.387,0.000,0.000,0.000,
11.11.2025,8:20:12.063,21.750,15.992,8.604,2.972,0.000,250.0,250.0,65.326,19.030,8.797,57.127,40.892,25.362,15.530,25.055,6.054,0.587,5.467,5.427,0.000,0.000,0.000,
11.11.2025,8:20:13.061,13.594,33.953,26.413,3.096,0.000,250.0,250.0,65.688,18.748,8.798,56.113,40.269,24.971,15.298,24.664,5.967,0.529,5.438,5.438,0.000,0.000,0.500,
11.11.2025,8:20:14.063,23.110,25.972,17.325,3.935,0.000,250.0,250.0,64.988,18.880,8.796,56.586,40.558,25.153,15.405,24.846,6.004,0.565,5.439,5.448,0.000,0.000,0.000,
11.11.2025,8:20:15.063,13.594,28.564,18.539,3.547,0.000,250.0,250.0,40.451,9.792,4.217,28.957,20.580,12.761,7.819,12.602,3.799,0.427,3.372,3.389,0.002,0.500,0.000,
11.11.2025,8:20:16.060,13.594,28.436,18.327,3.519,0.000,250.0,250.0,24.965,5.737,3.249,14.457,10.979,6.806,4.173,6.720,3.809,0.406,3.403,3.371,0.000,1.000,0.750,
11.11.2025,8:20:17.073,14.953,26.476,16.203,3.812,0.000,250.0,250.0,15.676,3.715,2.710,7.327,6.222,3.857,2.365,3.820,3.746,0.392,3.354,3.354,0.000,0.000,0.875,
11.11.2025,8:20:18.069,17.672,27.522,17.483,3.689,0.000,250.0,250.0,17.583,3.938,2.587,8.251,6.725,4.163,2.562,4.114,3.811,0.409,3.402,3.354,0.000,1.125,0.000,
11.11.2025,8:20:19.061,20.391,27.404,17.273,3.692,0.000,250.0,250.0,12.498,5.482,3.053,13.636,10.344,6.408,3.936,6.334,3.875,0.415,3.460,3.363,0.000,0.000,0.000,
11.11.2025,8:20:20.061,14.953,26.705,16.671,3.671,0.000,250.0,250.0,17.339,4.317,2.709,9.614,7.647,4.741,2.906,4.680,3.755,0.392,3.363,3.363,0.000,2.125,0.000,
11.11.2025,8:20:21.073,25.829,27.488,17.331,3.761,0.001,250.0,250.0,14.180,6.050,3.310,15.650,11.750,7.284,4.466,7.197,3.746,0.392,3.354,3.354,0.000,0.375,0.000,
11.11.2025,8:20:22.070,20.391,28.402,18.276,3.719,0.000,250.0,250.0,16.636,6.914,3.433,18.825,13.794,8.552,5.242,8.453,3.742,0.388,3.354,3.354,0.000,0.000,0.000,
11.11.2025,8:20:23.070,23.110,27.394,17.542,3.586,0.000,250.0,250.0,22.348,5.660,3.077,14.385,10.820,6.708,4.112,6.634,3.752,0.389,3.363,3.363,0.000,1.000,1.000,
11.11.2025,8:20:24.067,17.672,27.417,17.099,3.866,0.000,250.0,250.0,19.819,4.505,2.918,10.119,8.086,5.009,3.077,4.947,3.763,0.392,3.371,3.371,0.000,0.000,0.000,
11.11.2025,8:20:25.061,20.391,30.100,19.962,3.718,0.000,250.0,250.0,19.421,3.865,2.783,7.829,6.584,4.074,2.510,4.025,3.746,0.392,3.354,3.354,0.000,2.125,0.000,
11.11.2025,8:20:26.067,20.391,29.762,19.604,3.729,0.000,250.0,250.0,19.164,8.968,4.217,25.855,18.653,11.563,7.090,11.427,3.751,0.388,3.363,3.371,0.001,2.000,0.000,
11.11.2025,8:20:27.063,13.594,29.130,19.065,3.698,0.000,250.0,250.0,20.462,5.758,3.274,14.569,11.055,6.862,4.193,6.776,3.746,0.392,3.354,3.354,0.000,0.500,0.000,
11.11.2025,8:20:28.073,24.469,27.376,17.375,3.641,0.000,250.0,250.0,21.345,5.922,3.286,15.174,11.442,7.099,4.343,7.013,3.755,0.392,3.363,3.354,0.000,0.000,1.000,
11.11.2025,8:20:29.059,20.391,27.151,17.007,3.776,0.000,250.0,250.0,15.276,3.715,2.464,7.559,6.226,3.859,2.367,3.809,3.755,0.392,3.363,3.354,0.000,0.000,0.250,
11.11.2025,8:20:30.073,19.032,28.801,18.625,3.721,0.000,250.0,250.0,15.471,7.769,3.567,21.945,15.819,9.808,6.011,9.685,3.749,0.395,3.354,3.354,0.000,1.875,0.000,
11.11.2025,8:20:31.084,20.391,30.273,20.341,3.642,0.000,250.0,250.0,18.968,3.829,2.612,7.850,6.491,4.028,2.463,3.979,3.755,0.392,3.363,3.354,0.000,0.000,0.000,
11.11.2025,8:20:32.084,21.750,27.784,17.809,3.573,0.000,250.0,250.0,21.676,6.456,3.298,17.196,12.705,7.884,4.821,7.786,3.751,0.388,3.363,3.363,0.001,0.000,0.000,
11.11.2025,8:20:33.082,17.672,28.412,18.457,3.624,0.000,250.0,250.0,22.241,3.848,2.697,7.834,6.535,4.049,2.486,4.000,3.755,0.392,3.363,3.363,0.000,0.000,0.000,
11.11.2025,8:20:34.074,14.953,30.483,20.525,3.637,0.000,250.0,250.0,19.621,6.341,3.334,16.721,12.423,7.704,4.719,7.618,3.759,0.388,3.371,3.371,0.000,0.750,0.125,
11.11.2025,8:20:35.088,19.032,29.500,19.658,3.530,0.001,250.0,250.0,22.256,6.924,3.715,18.567,13.814,8.566,5.248,8.456,3.755,0.392,3.363,3.363,0.000,0.000,0.000,
11.11.2025,8:20:36.080,19.032,28.281,18.105,3.729,0.000,250.0,250.0,17.045,4.144,2.501,9.118,7.209,4.473,2.736,4.412,3.819,0.417,3.402,3.354,0.000,0.000,0.000,
11.11.2025,8:20:37.075,16.313,28.936,18.868,3.681,0.000,250.0,250.0,12.715,5.170,2.746,12.851,9.670,5.991,3.679,5.917,3.746,0.392,3.354,3.354,0.000,0.750,0.000,
11.11.2025,8:20:38.076,16.313,26.495,16.250,3.814,0.000,250.0,250.0,15.594,3.714,2.477,7.554,6.234,3.864,2.370,3.815,3.738,0.392,3.346,3.346,0.000,1.000,1.125,
11.11.2025,8:20:39.075,17.672,29.923,19.977,3.610,0.000,250.0,250.0,14.951,7.048,3.445,19.315,14.106,8.744,5.362,8.645,3.751,0.388,3.363,3.363,0.000,0.000,0.000,
11.11.2025,8:20:40.078,19.032,28.441,18.523,3.554,0.000,250.0,250.0,20.253,7.184,3.543,19.720,14.420,8.937,5.483,8.827,3.775,0.420,3.355,3.354,0.000,0.000,0.000,
11.11.2025,8:20:41.074,16.313,26.181,15.819,3.913,0.000,250.0,250.0,12.347,3.597,2.526,7.062,5.955,3.699,2.256,3.649,3.738,0.392,3.346,3.346,0.000,0.375,0.000,
11.11.2025,8:20:42.077,19.032,27.644,17.401,3.767,0.000,250.0,250.0,11.062,3.608,2.428,7.201,5.978,3.710,2.268,3.660,3.746,0.392,3.354,3.346,0.000,0.000,0.000,
11.11.2025,8:20:43.074,19.032,28.542,18.428,3.741,0.000,250.0,250.0,12.274,3.625,2.465,7.230,6.013,3.734,2.279,3.685,3.746,0.392,3.354,3.354,0.000,0.000,0.000,
11.11.2025,8:20:44.089,17.672,27.019,16.835,3.771,0.000,250.0,250.0,16.852,7.767,3.678,21.827,15.810,9.798,6.012,9.688,3.749,0.395,3.354,3.354,0.000,0.000,0.500,
11.11.2025,8:20:45.088,16.313,28.271,18.328,3.590,0.000,250.0,250.0,20.720,7.616,3.715,21.185,15.444,9.579,5.865,9.456,3.775,0.420,3.355,3.363,0.001,1.375,0.000,
11.11.2025,8:20:46.084,21.750,29.376,18.908,4.002,0.000,250.0,250.0,16.318,3.647,2.538,7.247,6.069,3.767,2.302,3.717,3.738,0.392,3.346,3.354,0.000,0.500,1.125,
11.11.2025,8:20:47.076,20.391,29.626,19.076,4.054,0.000,250.0,250.0,13.747,5.558,3.016,14.038,10.572,6.552,4.020,6.479,3.776,0.420,3.356,3.354,0.000,1.250,0.000,
11.11.2025,8:20:48.094,17.672,28.473,18.358,3.714,0.000,250.0,250.0,15.518,3.887,2.673,8.009,6.629,4.115,2.514,4.066,3.755,0.392,3.363,3.354,0.000,2.125,0.500,
11.11.2025,8:20:49.099,21.750,27.905,17.741,3.737,0.000,250.0,250.0,16.438,5.732,3.249,14.495,10.996,6.818,4.178,6.732,3.746,0.392,3.354,3.354,0.000,1.125,0.000,
11.11.2025,8:20:50.110,27.188,28.664,18.828,3.528,0.000,250.0,250.0,23.066,8.630,4.070,24.701,17.849,11.076,6.773,10.940,3.765,0.394,3.371,3.363,0.001,0.000,0.000,
11.11.2025,8:20:51.108,12.235,28.785,18.656,3.746,0.000,250.0,250.0,19.124,6.551,3.433,17.421,12.935,8.017,4.918,7.918,3.755,0.392,3.363,3.363,0.000,0.000,2.375,
11.11.2025,8:20:52.119,28.547,30.064,19.994,3.725,0.000,250.0,250.0,21.402,5.737,3.237,14.475,10.980,6.812,4.168,6.725,3.809,0.406,3.403,3.354,0.000,0.000,0.000,
11.11.2025,8:20:53.115,21.750,28.870,18.707,3.750,0.000,250.0,250.0,14.552,3.944,2.550,8.355,6.766,4.203,2.563,4.154,3.746,0.392,3.354,3.354,0.000,0.375,0.000,
11.11.2025,8:20:54.113,13.594,27.504,17.565,3.572,0.000,250.0,250.0,14.530,6.737,3.555,18.024,13.374,8.297,5.077,8.199,3.742,0.388,3.354,3.354,0.000,1.500,0.125,
11.11.2025,8:20:55.111,19.032,28.083,17.403,4.115,0.001,250.0,250.0,14.354,4.115,2.501,9.008,7.140,4.432,2.708,4.370,3.819,0.417,3.402,3.354,0.000,0.000,0.000,
11.11.2025,8:20:56.108,20.391,28.774,18.623,3.763,0.000,250.0,250.0,11.645,4.244,2.636,9.423,7.481,4.639,2.842,4.577,3.746,0.392,3.354,3.354,0.000,1.125,1.250,
11.11.2025,8:20:57.120,14.953,26.336,16.109,3.786,0.001,250.0,250.0,11.859,4.431,2.636,10.094,7.889,4.898,2.991,4.836,3.811,0.417,3.394,3.346,0.000,1.000,1.125,
11.11.2025,8:20:58.119,20.391,27.875,17.645,3.821,0.000,250.0,250.0,16.760,9.094,4.229,26.313,18.946,11.746,7.200,11.598,3.776,0.420,3.356,3.354,0.000,0.250,0.000,
11.11.2025,8:20:59.105,14.953,28.153,17.999,3.756,0.000,250.0,250.0,17.155,3.655,2.489,7.322,6.082,3.768,2.314,3.731,3.746,0.392,3.354,3.354,0.000,1.375,1.250,
11.11.2025,8:21:0.119,23.110,29.278,18.980,3.810,0.000,250.0,250.0,13.011,4.885,2.832,11.670,8.990,5.571,3.419,5.510,3.749,0.395,3.354,3.354,0.000,0.000,1.875,
11.11.2025,8:21:1.114,14.953,28.268,18.061,3.843,0.000,250.0,250.0,13.770,5.669,3.102,14.402,10.848,6.727,4.121,6.641,3.749,0.395,3.354,3.354,0.000,1.125,0.000,
11.11.2025,8:21:2.114,19.032,26.230,16.188,3.652,0.000,250.0,250.0,15.581,3.591,2.599,6.959,5.937,3.683,2.254,3.633,3.746,0.392,3.354,3.354,0.000,0.375,0.000,
11.11.2025,8:21:3.108,20.391,27.618,16.932,4.110,0.000,250.0,250.0,10.894,3.637,2.562,7.183,6.046,3.756,2.290,3.707,3.738,0.392,3.346,3.346,0.000,0.375,1.125,
11.11.2025,8:21:4.107,21.750,27.748,17.510,3.841,0.000,250.0,250.0,11.209,6.784,3.298,18.466,13.487,8.360,5.127,8.262,3.738,0.392,3.346,3.363,0.000,1.000,0.000,
11.11.2025,8:21:5.106,19.032,27.466,17.477,3.636,0.000,250.0,250.0,15.275,7.898,3.886,22.116,16.126,9.993,6.133,9.870,3.745,0.399,3.346,3.363,0.000,1.000,0.000,
11.11.2025,8:21:6.105,24.469,29.387,19.488,3.577,0.000,250.0,250.0,23.131,7.175,3.531,19.702,14.409,8.933,5.476,8.823,3.754,0.400,3.354,3.363,0.000,0.000,0.000,
11.11.2025,8:21:7.121,21.750,29.175,18.833,3.851,0.000,250.0,250.0,16.054,3.779,2.526,7.753,6.378,3.952,2.426,3.903,3.746,0.392,3.354,3.354,0.000,0.000,0.000,
11.11.2025,8:21:8.121,17.672,27.808,17.828,3.651,0.000,250.0,250.0,15.380,3.771,2.562,7.680,6.361,3.945,2.416,3.895,3.746,0.392,3.354,3.354,0.000,0.000,2.250,
11.11.2025,8:21:9.121,27.188,28.707,18.645,3.703,0.000,250.0,250.0,22.332,7.492,3.800,20.659,15.163,9.400,5.763,9.289,3.746,0.392,3.354,3.354,0.001,0.000,0.000,
11.11.2025,8:21:10.136,17.672,30.145,20.178,3.645,0.000,250.0,250.0,19.123,6.256,3.519,16.217,12.235,7.587,4.648,7.488,3.751,0.388,3.363,3.363,0.000,0.000,0.000,
11.11.2025,8:21:11.152,20.391,27.656,17.483,3.781,0.000,250.0,250.0,19.543,4.450,2.795,10.061,7.965,4.937,3.028,4.888,3.738,0.392,3.346,3.346,0.000,0.000,0.000,
11.11.2025,8:21:12.152,25.829,28.575,18.423,3.706,0.000,250.0,250.0,11.940,3.938,2.624,8.266,6.756,4.184,2.572,4.135,3.746,0.392,3.354,3.354,0.000,1.500,0.000,
11.11.2025,8:21:13.166,20.391,28.876,18.485,3.913,0.000,250.0,250.0,12.395,6.280,3.310,16.523,12.297,7.624,4.673,7.525,3.749,0.395,3.354,3.354,0.000,0.000,1.625,
11.11.2025,8:21:14.165,20.391,28.876,18.485,3.913,0.000,250.0,250.0,18.543,6.832,3.285,18.603,13.568,8.414,5.154,8.315,3.814,0.412,3.402,3.354,0.000,1.125,2.250,
11.11.2025,8:21:15.166,40.782,33.267,23.156,3.730,0.000,250.0,250.0,18.842,4.336,2.673,9.684,7.666,4.750,2.916,4.689,3.814,0.412,3.402,3.354,0.001,1.000,1.625,
11.11.2025,8:21:16.164,31.266,38.217,27.791,4.022,0.000,250.0,250.0,16.466,3.898,2.599,8.148,6.661,4.137,2.524,4.088,3.738,0.392,3.346,3.346,0.000,1.000,1.250,
11.11.2025,8:21:17.154,35.344,41.751,31.270,3.986,0.000,250.0,250.0,16.713,7.681,3.764,21.410,15.609,9.680,5.929,9.569,3.746,0.392,3.354,3.354,0.000,1.125,1.250,
11.11.2025,8:21:18.156,32.625,42.123,31.686,4.015,0.000,250.0,250.0,17.773,3.774,2.612,7.643,6.364,3.939,2.425,3.889,3.755,0.392,3.363,3.354,0.000,1.375,0.000,
11.11.2025,8:21:19.152,13.594,30.840,20.460,3.920,0.000,250.0,250.0,19.885,7.237,3.739,19.732,14.560,9.026,5.534,8.916,3.755,0.392,3.363,3.354,0.000,0.000,0.000,
11.11.2025,8:21:20.154,20.391,27.873,17.789,3.717,0.000,250.0,250.0,22.361,6.781,3.555,18.181,13.464,8.353,5.111,8.255,3.763,0.392,3.371,3.363,0.000,0.000,2.250,
11.11.2025,8:21:21.157,19.032,29.213,19.279,3.589,0.000,250.0,250.0,17.696,3.728,2.612,7.471,6.258,3.880,2.378,3.831,3.746,0.392,3.354,3.354,0.000,0.000,0.500,
11.11.2025,8:21:22.159,12.235,27.659,17.221,3.929,0.000,250.0,250.0,13.782,3.672,2.587,7.285,6.120,3.793,2.327,3.756,3.746,0.392,3.354,3.354,0.000,0.000,0.000,
11.11.2025,8:21:23.157,16.313,27.226,17.120,3.740,0.000,250.0,250.0,12.925,4.352,2.759,9.714,7.732,4.802,2.930,4.740,3.746,0.392,3.354,3.354,0.000,0.000,0.000,
11.11.2025,8:21:24.153,20.391,27.191,16.869,3.873,0.000,250.0,250.0,13.749,3.930,2.636,8.183,6.706,4.159,2.547,4.110,3.803,0.409,3.394,3.354,0.000,0.000,0.125,
11.11.2025,8:21:25.167,23.110,26.805,16.716,3.718,0.001,250.0,250.0,13.641,6.546,3.347,17.474,12.904,8.000,4.904,7.902,3.784,0.420,3.364,3.363,0.000,0.000,0.500,
11.11.2025,8:21:26.151,16.313,29.028,18.909,3.725,0.000,250.0,250.0,19.323,4.384,2.648,9.919,7.793,4.838,2.955,4.777,3.779,0.424,3.355,3.354,0.000,0.000,0.000,
11.11.2025,8:21:27.162,19.032,30.392,20.037,3.877,0.000,250.0,250.0,18.144,3.705,2.587,7.409,6.211,3.845,2.366,3.796,3.746,0.392,3.354,3.346,0.000,0.000,0.000,
11.11.2025,8:21:28.158,13.594,30.922,20.823,3.760,0.001,250.0,250.0,18.665,7.247,3.555,19.945,14.569,9.037,5.532,8.926,3.771,0.400,3.371,3.363,0.000,0.000,1.625,
11.11.2025,8:21:29.160,14.953,30.784,20.434,3.874,0.000,250.0,250.0,21.430,7.247,3.518,18.887,13.893,8.619,5.274,8.508,3.791,0.427,3.364,3.363,0.000,0.000,0.000,
11.11.2025,8:21:30.160,19.032,28.725,18.847,3.606,0.000,250.0,250.0,21.430,6.964,3.518,18.887,13.893,8.619,5.274,8.508,3.791,0.427,3.364,3.363,0.001,1.375,0.000,
11.11.2025,8:21:31.156,13.594,30.213,19.921,3.815,0.000,250.0,250.0,18.915,3.769,2.710,7.520,6.345,3.943,2.402,3.894,3.755,0.392,3.363,3.363,0.000,1.500,1.125,
11.11.2025,8:21:32.166,19.032,29.335,19.042,3.862,0.001,250.0,250.0,18.898,3.811,2.648,7.751,6.455,4.004,2.451,3.955,3.746,0.392,3.354,3.354,0.000,0.000,0.000,
11.11.2025,8:21:33.153,20.391,29.288,19.234,3.718,0.000,250.0,250.0,13.151,4.106,2.783,8.745,7.151,4.431,2.720,4.381,3.746,0.392,3.354,3.354,0.000,0.000,0.000,
11.11.2025,8:21:34.165,19.032,27.043,16.862,3.788,0.000,250.0,250.0,15.371,4.173,2.857,8.935,7.308,4.528,2.780,4.479,3.746,0.392,3.354,3.354,0.000,0.750,0.000,
11.11.2025,8:21:35.163,17.672,27.923,17.831,3.699,0.000,250.0,250.0,11.780,4.407,2.808,9.850,7.842,4.863,2.979,4.814,3.780,0.424,3.356,3.354,0.000,2.000,0.125,
11.11.2025,8:21:36.164,24.469,29.110,19.030,3.659,0.000,250.0,250.0,15.838,4.834,2.881,11.443,8.882,5.511,3.371,5.438,3.735,0.389,3.346,3.346,0.000,2.125,0.000,
11.11.2025,8:21:37.163,16.313,29.012,18.957,3.688,0.000,250.0,250.0,16.253,3.696,2.477,7.482,6.185,3.832,2.353,3.783,3.746,0.392,3.354,3.354,0.000,0.000,0.000,
11.11.2025,8:21:38.159,16.313,27.413,17.293,3.719,0.000,250.0,250.0,18.040,5.059,3.004,12.159,9.403,5.826,3.577,5.752,3.755,0.392,3.363,3.363,0.000,0.500,0.000,
11.11.2025,8:21:39.155,17.672,26.828,16.593,3.842,0.000,250.0,250.0,13.886,4.243,2.611,9.282,7.373,4.566,2.807,4.517,3.962,0.510,3.452,3.354,0.000,0.125,0.000,
11.11.2025,8:21:40.154,23.110,28.771,18.713,3.715,0.000,250.0,250.0,12.292,4.398,2.648,9.945,7.801,4.836,2.965,4.787,3.822,0.419,3.403,3.354,0.000,0.000,0.125,
11.11.2025,8:21:41.159,12.235,28.130,17.942,3.775,0.000,250.0,250.0,15.778,7.851,3.678,22.142,16.013,9.930,6.083,9.807,3.749,0.395,3.354,3.354,0.000,0.000,0.000,
11.11.2025,8:21:42.163,21.750,28.752,18.589,3.737,0.000,250.0,250.0,16.317,6.273,3.322,16.487,12.278,7.607,4.671,7.521,3.747,0.393,3.354,3.354,0.000,0.375,0.000,
11.11.2025,8:21:43.159,17.672,28.175,17.933,3.817,0.000,250.0,250.0,17.838,6.155,3.286,16.063,11.994,7.443,4.551,7.357,3.747,0.393,3.354,3.363,0.000,0.000,0.000,
11.11.2025,8:21:44.158,25.829,27.742,17.782,3.664,0.000,250.0,250.0,20.738,9.154,4.143,26.618,19.086,11.835,7.251,11.688,3.776,0.421,3.355,3.371,0.000,0.375,0.000,
11.11.2025,8:21:45.152,17.672,26.904,16.731,3.780,0.001,250.0,250.0,15.425,4.456,2.562,10.205,7.914,4.911,3.003,4.849,3.879,0.427,3.452,3.354,0.000,1.500,0.000,
11.11.2025,8:21:46.154,23.110,29.694,19.573,3.712,0.000,250.0,250.0,20.478,8.292,3.984,23.514,17.057,10.581,6.476,10.446,3.750,0.396,3.354,3.363,0.000,0.000,0.000,
11.11.2025,8:21:47.166,23.110,27.922,17.738,3.787,0.000,250.0,250.0,17.348,6.149,3.212,16.127,11.988,7.427,4.561,7.341,3.739,0.393,3.346,3.354,0.000,0.000,1.625,
11.11.2025,8:21:48.162,27.188,29.187,18.593,4.054,0.000,250.0,250.0,14.124,4.550,3.004,10.211,8.187,5.077,3.110,5.016,3.763,0.392,3.371,3.371,0.000,0.000,0.000,
11.11.2025,8:21:49.162,19.032,28.772,18.163,4.130,0.000,250.0,250.0,14.498,6.982,3.530,18.928,13.917,8.635,5.282,8.524,3.821,0.409,3.412,3.363,0.000,0.000,0.500,
11.11.2025,8:21:50.164,17.672,27.609,17.571,3.661,0.000,250.0,250.0,19.790,7.906,3.873,22.146,16.135,10.003,6.132,9.893,3.758,0.395,3.363,3.363,0.000,0.000,0.000,
11.11.2025,8:21:51.157,19.032,27.871,17.817,3.719,0.000,250.0,250.0,20.465,6.633,3.334,17.830,13.121,8.141,4.980,8.042,3.758,0.395,3.363,3.363,0.000,1.875,0.000,
11.11.2025,8:21:52.160,19.032,30.767,20.804,3.625,0.000,250.0,250.0,20.102,5.830,3.114,14.995,11.226,6.960,4.266,6.874,3.751,0.388,3.363,3.363,0.000,0.000,1.125,
11.11.2025,8:21:53.154,16.313,28.158,18.057,3.693,0.000,250.0,250.0,17.015,8.113,3.751,23.061,16.624,10.309,6.315,10.186,3.758,0.395,3.363,3.363,0.000,0.375,0.000,
11.11.2025,8:21:54.153,20.391,26.700,16.942,3.513,0.000,250.0,250.0,18.601,3.671,2.562,7.306,6.120,3.793,2.327,3.756,3.746,0.392,3.354,3.354,0.000,0.000,2.500,
11.11.2025,8:21:55.153,20.391,27.553,17.288,3.825,0.000,250.0,250.0,14.305,3.710,2.636,7.364,6.210,3.857,2.353,3.808,3.755,0.392,3.363,3.363,0.000,0.500,0.000,
11.11.2025,8:21:56.152,19.032,26.762,16.631,3.676,0.000,250.0,250.0,14.959,3.492,2.538,6.638,5.704,3.536,2.168,3.487,3.746,0.392,3.354,3.354,0.000,0.500,0.000,
11.11.2025,8:21:57.163,21.750,27.771,17.544,3.785,0.000,250.0,250.0,11.843,5.972,3.212,15.427,11.561,7.170,4.391,7.084,3.758,0.395,3.363,3.354,0.000,0.000,0.000,
11.11.2025,8:21:58.162,17.672,28.202,18.444,3.468,0.000,250.0,250.0,17.309,8.772,4.180,25.146,18.195,11.278,6.917,11.143,3.751,0.388,3.363,3.363,0.000,0.000,1.250,
11.11.2025,8:21:59.165,36.704,26.826,16.711,3.703,0.000,250.0,250.0,17.800,3.700,2.489,7.478,6.185,3.832,2.353,3.795,3.755,0.392,3.363,3.354,0.000,1.125,0.000,
11.11.2025,8:22:0.163,19.032,31.441,21.393,3.734,0.000,250.0,250.0,15.611,3.595,2.538,7.032,5.934,3.681,2.253,3.644,3.755,0.392,3.363,3.354,0.000,0.375,1.250,
11.11.2025,8:22:1.159,23.110,28.263,18.097,3.713,0.000,250.0,250.0,16.745,7.120,3.494,19.540,14.279,8.860,5.419,8.750,3.753,0.399,3.354,3.354,0.000,0.000,0.000,
11.11.2025,8:22:2.157,13.594,28.317,18.013,3.897,0.000,250.0,250.0,15.371,3.701,2.599,7.377,6.196,3.843,2.353,3.794,3.746,0.392,3.354,3.354,0.000,0.375,1.500,
11.11.2025,8:22:3.152,17.672,27.414,17.352,3.659,0.000,250.0,250.0,12.698,6.801,3.555,18.262,13.531,8.394,5.137,8.284,3.742,0.388,3.354,3.363,0.000,0.250,2.375,
11.11.2025,8:22:4.154,14.953,27.528,17.372,3.772,0.001,250.0,250.0,14.737,5.126,3.028,12.396,9.567,5.927,3.640,5.853,3.745,0.391,3.354,3.354,0.000,2.250,0.000,
11.11.2025,8:22:5.167,23.110,27.198,17.092,3.678,0.000,250.0,250.0,17.550,3.769,2.746,7.497,6.359,3.936,2.423,3.886,3.746,0.392,3.354,3.354,0.000,0.375,0.000,
11.11.2025,8:22:6.166,17.672,28.812,18.611,3.807,0.000,250.0,250.0,14.258,3.728,2.599,7.474,6.260,3.882,2.378,3.833,3.755,0.392,3.363,3.346,0.000,0.375,1.125,
11.11.2025,8:22:7.165,17.672,27.336,17.355,3.600,0.000,250.0,250.0,12.472,3.601,2.538,7.052,5.950,3.696,2.254,3.646,3.755,0.392,3.363,3.363,0.000,1.750,1.125,
11.11.2025,8:22:8.165,17.672,28.557,18.475,3.706,0.000,250.0,250.0,13.877,8.573,3.910,24.663,17.720,10.986,6.734,10.851,3.751,0.388,3.363,3.363,0.000,0.000,0.000,
11.11.2025,8:22:9.165,19.032,28.003,17.920,3.694,0.000,250.0,250.0,22.328,5.520,3.138,13.793,10.497,6.502,3.995,6.428,3.746,0.392,3.354,3.354,0.000,0.000,0.000,
11.11.2025,8:22:10.167,20.391,29.620,19.654,3.584,0.000,250.0,250.0,19.556,3.612,2.538,7.095,5.988,3.708,2.280,3.659,3.746,0.392,3.354,3.354,0.000,1.625,0.000,
11.11.2025,8:22:11.152,20.391,27.109,17.280,3.492,0.000,250.0,250.0,15.420,3.636,2.599,7.137,6.044,3.742,2.302,3.693,3.746,0.392,3.354,3.354,0.000,0.375,2.125,
11.11.2025,8:22:12.164,20.391,30.152,19.598,4.064,0.000,250.0,250.0,12.217,3.834,2.538,7.952,6.507,4.035,2.472,3.986,3.746,0.392,3.354,3.354,0.000,0.000,0.000,
11.11.2025,8:22:13.164,24.469,29.941,19.907,3.640,0.000,250.0,250.0,14.175,8.195,3.726,23.359,16.797,10.408,6.389,10.285,3.815,0.412,3.403,3.354,0.000,0.000,0.000,
11.11.2025,8:22:14.154,17.672,26.997,16.893,3.724,0.000,250.0,250.0,18.326,6.231,3.163,16.495,12.188,7.551,4.637,7.465,3.734,0.388,3.346,3.346,0.000,0.000,0.000,
11.11.2025,8:22:15.155,23.110,26.898,16.787,3.703,0.000,250.0,250.0,16.606,3.678,2.550,7.334,6.134,3.806,2.328,3.757,3.755,0.392,3.363,3.363,0.000,0.000,0.250,
11.11.2025,8:22:16.159,14.953,26.588,16.474,3.723,0.000,250.0,250.0,16.965,3.751,2.624,7.547,6.311,3.920,2.391,3.871,3.746,0.392,3.354,3.354,0.000,0.000,2.250,
11.11.2025,8:22:17.160,14.953,28.335,18.173,3.770,0.000,250.0,250.0,14.290,6.602,3.310,17.755,13.057,8.090,4.967,7.991,3.746,0.392,3.354,3.354,0.000,0.000,0.000,
11.11.2025,8:22:18.155,16.313,26.931,16.888,3.673,0.000,250.0,250.0,18.447,7.950,3.837,22.357,16.232,10.064,6.168,9.953,3.759,0.388,3.371,3.371,0.000,0.500,1.250,
11.11.2025,8:22:19.157,16.313,27.165,17.419,3.470,0.001,250.0,250.0,24.344,6.797,3.690,18.095,13.500,8.373,5.127,8.275,3.770,0.399,3.371,3.371,0.000,0.875,1.125,
11.11.2025,8:22:20.152,17.672,28.431,18.289,3.713,0.000,250.0,250.0,23.223,6.529,3.531,17.251,12.882,7.990,4.892,7.891,3.749,0.395,3.354,3.354,0.000,0.000,0.000,
11.11.2025,8:22:21.166,17.672,26.850,16.738,3.699,0.000,250.0,250.0,19.314,5.109,3.090,12.260,9.517,5.902,3.615,5.828,3.755,0.392,3.363,3.363,0.000,0.500,0.000,
11.11.2025,8:22:22.152,19.032,29.908,19.965,3.637,0.001,250.0,250.0,17.614,8.705,4.033,25.040,18.033,11.179,6.854,11.044,3.749,0.395,3.354,3.371,0.000,1.500,2.125,
11.11.2025,8:22:23.164,14.953,27.750,17.647,3.676,0.000,250.0,250.0,22.094,3.716,2.538,7.493,6.227,3.860,2.367,3.823,3.746,0.392,3.354,3.354,0.000,1.250,0.000,
11.11.2025,8:22:24.161,17.672,26.523,16.552,3.609,0.000,250.0,250.0,14.307,6.639,3.433,17.770,13.143,8.151,4.992,8.053,3.746,0.392,3.354,3.354,0.000,0.000,0.000,
11.11.2025,8:22:25.154,20.391,28.267,17.998,3.849,0.000,250.0,250.0,13.051,4.353,2.660,9.758,7.707,4.777,2.930,4.716,3.811,0.409,3.402,3.354,0.000,1.000,0.000,
11.11.2025,8:22:26.161,20.391,29.723,19.580,3.690,0.000,250.0,250.0,16.128,6.876,3.641,18.454,13.701,8.491,5.210,8.393,3.755,0.392,3.363,3.363,0.000,0.000,0.000,
11.11.2025,8:22:27.160,21.750,27.975,17.962,3.655,0.000,250.0,250.0,21.845,8.582,4.119,24.473,17.741,10.996,6.745,10.861,3.758,0.395,3.363,3.371,0.000,0.000,0.500,
11.11.2025,8:22:28.160,16.313,27.660,17.800,3.568,0.000,250.0,250.0,21.910,7.838,3.984,21.773,15.980,9.908,6.072,9.785,3.758,0.395,3.363,3.363,0.000,0.750,1.375,
11.11.2025,8:22:29.162,20.391,27.279,17.069,3.775,0.000,250.0,250.0,18.322,3.853,2.538,8.024,6.548,4.062,2.486,4.012,3.746,0.392,3.354,3.363,0.000,2.000,0.000,
11.11.2025,8:22:30.158,20.391,28.286,18.167,3.702,0.000,250.0,250.0,18.885,8.167,3.960,23.071,16.756,10.393,6.363,10.270,3.749,0.395,3.354,3.354,0.000,0.000,2.500,
11.11.2025,8:22:31.155,17.672,28.416,18.098,3.841,0.000,250.0,250.0,18.783,5.505,3.077,13.693,10.393,6.445,3.948,6.371,3.880,0.418,3.462,3.363,0.000,0.625,0.000,
11.11.2025,8:22:32.155,16.313,27.314,17.130,3.760,0.000,250.0,250.0,15.804,5.083,2.611,12.633,9.447,5.855,3.592,5.782,3.776,0.420,3.356,3.354,0.000,0.000,0.000,
11.11.2025,8:22:33.155,19.032,29.542,19.495,3.657,0.000,250.0,250.0,17.439,6.698,3.433,17.997,13.279,8.238,5.041,8.139,3.750,0.396,3.354,3.354,0.001,0.000,0.000,
11.11.2025,8:22:34.166,25.829,26.345,16.129,3.779,0.000,250.0,250.0,14.741,3.818,2.587,7.844,6.468,4.016,2.452,3.967,3.746,0.392,3.354,3.354,0.000,0.000,0.000,
11.11.2025,8:22:35.167,17.672,27.507,17.281,3.791,0.000,250.0,250.0,11.618,3.755,2.513,7.677,6.318,3.916,2.402,3.879,3.746,0.392,3.354,3.354,0.000,2.000,1.125,
11.11.2025,8:22:36.161,14.953,27.340,17.347,3.653,0.000,250.0,250.0,15.713,6.583,3.445,17.533,13.007,8.065,4.942,7.966,3.755,0.392,3.363,3.363,0.000,0.000,0.000,
11.11.2025,8:22:37.162,17.672,27.445,17.453,3.658,0.000,250.0,250.0,18.992,4.325,2.550,9.745,7.624,4.730,2.894,4.681,3.829,0.409,3.420,3.371,0.000,0.000,0.000,
11.11.2025,8:22:38.159,27.188,27.665,17.715,3.596,0.000,250.0,250.0,21.234,6.682,3.273,18.050,13.227,8.199,5.028,8.101,3.785,0.420,3.365,3.371,0.000,0.000,0.000,
11.11.2025,8:22:39.154,17.672,26.730,16.652,3.665,0.000,250.0,250.0,23.222,4.619,2.893,10.585,8.362,5.177,3.185,5.115,3.755,0.392,3.363,3.363,0.000,0.000,0.000,
11.11.2025,8:22:40.153,16.313,29.557,19.606,3.649,0.000,250.0,250.0,21.227,7.638,3.751,21.243,15.498,9.611,5.887,9.501,3.758,0.395,3.363,3.371,0.000,0.000,0.000,
11.11.2025,8:22:41.163,19.032,27.691,17.758,3.591,0.000,250.0,250.0,23.105,4.635,2.955,10.589,8.403,5.204,3.199,5.142,3.746,0.392,3.354,3.363,0.000,1.000,0.875,
11.11.2025,8:22:42.160,16.313,29.445,19.289,3.758,0.000,250.0,250.0,13.619,5.580,3.004,14.136,10.628,6.593,4.035,6.507,3.766,0.411,3.355,3.363,0.000,1.875,0.000,
11.11.2025,8:22:43.157,17.672,29.302,19.243,3.672,0.000,250.0,250.0,13.673,4.838,2.967,11.266,8.822,5.475,3.347,5.413,3.866,0.415,3.451,3.363,0.000,0.125,0.000,
11.11.2025,8:22:44.157,14.953,26.315,16.022,3.824,0.000,250.0,250.0,16.473,3.662,2.661,7.170,6.093,3.779,2.314,3.742,3.755,0.392,3.363,3.354,0.000,0.000,1.250,
11.11.2025,8:22:45.158,14.953,28.582,18.458,3.757,0.000,250.0,250.0,13.035,6.988,3.383,19.086,13.937,8.640,5.297,8.530,3.819,0.408,3.411,3.363,0.000,0.375,0.000,
11.11.2025,8:22:46.167,20.391,28.455,18.366,3.712,0.000,250.0,250.0,16.174,7.707,3.665,21.591,15.659,9.710,5.949,9.600,3.762,0.399,3.363,3.371,0.000,0.000,0.500,
11.11.2025,8:22:47.162,19.032,27.802,17.675,3.708,0.000,250.0,250.0,17.550,5.530,2.746,14.228,10.521,6.527,3.994,6.441,3.746,0.392,3.354,3.354,0.000,0.000,0.000,
11.11.2025,8:22:48.164,16.313,28.001,18.123,3.564,0.000,250.0,250.0,18.564,7.884,3.874,22.058,16.075,9.967,6.108,9.856,3.765,0.394,3.371,3.371,0.000,0.000,0.000,
11.11.2025,8:22:49.159,16.313,30.136,19.833,3.839,0.000,250.0,250.0,19.532,3.884,2.599,8.085,6.625,4.113,2.512,4.063,3.746,0.392,3.354,3.354,0.000,1.125,0.500,
11.11.2025,8:22:50.159,16.313,31.798,21.375,3.980,0.000,250.0,250.0,13.684,7.896,3.910,22.078,16.126,9.993,6.133,9.870,3.746,0.392,3.354,3.354,0.000,0.000,0.500,
11.11.2025,8:22:51.157,19.032,28.450,18.297,3.774,0.000,250.0,250.0,19.024,6.212,3.334,16.219,12.123,7.512,4.611,7.426,3.763,0.392,3.371,3.371,0.000,0.000,0.000,
11.11.2025,8:22:52.157,19.032,29.422,19.490,3.600,0.000,250.0,250.0,24.342,8.725,4.045,25.107,18.092,11.209,6.883,11.074,3.742,0.388,3.354,3.354,0.000,0.000,1.125,
11.11.2025,8:22:53.155,19.032,29.422,19.490,3.600,0.000,250.0,250.0,20.411,3.775,2.464,7.800,6.366,3.952,2.414,3.903,3.746,0.392,3.354,3.354,0.000,0.000,1.250,
11.11.2025,8:22:54.153,24.469,29.335,19.352,3.644,0.000,250.0,250.0,16.334,3.781,2.489,7.791,6.377,3.952,2.425,3.902,3.755,0.392,3.363,3.363,0.000,0.000,0.000,
11.11.2025,8:22:55.160,20.391,28.849,18.807,3.642,0.001,250.0,250.0,16.308,3.793,2.611,7.707,6.410,3.969,2.441,3.920,3.755,0.392,3.363,3.363,0.000,0.375,1.125,
11.11.2025,8:22:56.154,23.110,27.413,17.752,3.400,0.000,250.0,250.0,12.894,3.877,2.612,8.034,6.602,4.101,2.501,4.052,3.755,0.392,3.363,3.354,0.000,0.000,1.250,
11.11.2025,8:22:57.166,20.391,26.943,16.255,4.082,0.000,250.0,250.0,15.174,5.843,3.126,15.010,11.238,6.972,4.266,6.886,3.782,0.419,3.363,3.363,0.000,1.000,1.125,
11.11.2025,8:22:58.163,21.750,27.245,17.220,3.681,0.000,250.0,250.0,16.115,3.547,2.379,7.011,5.831,3.612,2.219,3.575,3.746,0.392,3.354,3.354,0.000,0.000,1.125,
11.11.2025,8:22:59.164,19.032,28.232,18.094,3.708,0.000,250.0,250.0,14.297,6.659,3.298,17.943,13.165,8.162,5.003,8.064,3.791,0.419,3.372,3.371,0.000,0.375,0.000,
11.11.2025,8:23:0.159,24.469,28.450,18.319,3.745,0.000,250.0,250.0,18.727,3.629,2.489,7.217,6.023,3.732,2.291,3.695,3.746,0.392,3.354,3.354,0.000,0.000,0.000,
11.11.2025,8:23:1.156,17.672,29.675,19.612,3.677,0.000,250.0,250.0,17.665,9.448,4.119,27.787,19.780,12.273,7.507,12.126,3.759,0.388,3.371,3.371,0.000,0.750,0.000,
11.11.2025,8:23:2.156,19.032,29.666,19.445,3.845,0.000,250.0,250.0,21.428,7.369,3.531,20.446,14.861,9.219,5.642,9.108,3.758,0.395,3.363,3.371,0.001,0.000,0.000,
11.11.2025,8:23:3.171,17.672,27.523,17.490,3.642,0.000,250.0,250.0,16.484,4.217,2.722,9.228,7.421,4.598,2.823,4.536,3.746,0.392,3.354,3.354,0.000,0.500,0.000,
11.11.2025,8:23:4.169,17.672,26.450,16.271,3.775,0.000,250.0,250.0,17.253,7.344,3.801,20.068,14.803,9.172,5.631,9.062,3.765,0.394,3.371,3.371,0.000,0.000,2.250,
11.11.2025,8:23:5.196,13.594,31.347,21.296,3.684,0.000,250.0,250.0,21.774,3.713,2.709,7.316,6.211,3.849,2.362,3.812,3.755,0.392,3.363,3.363,0.000,0.125,0.750,
11.11.2025,8:23:6.194,12.235,28.859,18.833,3.663,0.000,250.0,250.0,16.497,4.456,3.016,9.844,7.972,4.946,3.026,4.884,3.755,0.392,3.363,3.363,0.000,0.000,1.125,
11.11.2025,8:23:7.196,21.750,27.089,16.787,3.866,0.000,250.0,250.0,19.207,6.965,3.568,18.864,13.902,8.617,5.285,8.519,3.763,0.392,3.371,3.371,0.000,2.125,0.000,
11.11.2025,8:23:8.187,21.750,28.246,18.173,3.714,0.000,250.0,250.0,22.872,6.965,2.820,13.286,9.988,6.187,3.801,6.114,3.850,0.436,3.414,3.363,0.000,1.000,0.000,
11.11.2025,8:23:9.183,14.953,28.086,17.925,3.748,0.000,250.0,250.0,22.872,5.326,2.820,13.286,9.988,6.187,3.801,6.114,3.850,0.436,3.414,3.363,0.000,0.500,0.000,
11.11.2025,8:23:10.191,21.750,30.257,20.280,3.598,0.000,250.0,250.0,17.218,6.921,3.469,18.800,13.806,8.556,5.250,8.458,3.755,0.392,3.363,3.363,0.000,0.000,0.000,
11.11.2025,8:23:11.197,29.907,26.387,16.258,3.740,0.000,250.0,250.0,18.226,3.753,2.611,7.561,6.311,3.912,2.399,3.863,3.755,0.392,3.363,3.363,0.000,0.250,1.500,
11.11.2025,8:23:12.196,17.672,28.018,17.949,3.743,0.000,250.0,250.0,15.832,7.726,3.813,21.454,15.671,9.722,5.949,9.600,3.842,0.429,3.413,3.363,0.000,0.000,0.000,
11.11.2025,8:23:13.189,19.032,27.432,17.248,3.755,0.000,250.0,250.0,17.516,3.708,2.611,7.392,6.202,3.852,2.350,3.803,3.755,0.392,3.363,3.363,0.000,1.750,0.000,
11.11.2025,8:23:14.193,17.672,29.567,19.468,3.713,0.000,250.0,250.0,16.813,6.855,3.653,18.359,13.642,8.455,5.187,8.357,3.763,0.392,3.371,3.371,0.000,0.000,1.000,
11.11.2025,8:23:15.199,21.750,28.018,18.016,3.644,0.000,250.0,250.0,23.888,6.852,3.445,18.532,13.620,8.445,5.175,8.347,3.793,0.420,3.373,3.371,0.000,0.000,0.000,
11.11.2025,8:23:16.213,20.391,27.206,17.081,3.693,0.000,250.0,250.0,21.769,5.046,2.758,12.261,9.313,5.782,3.531,5.709,3.866,0.452,3.414,3.371,0.000,0.000,0.000,
11.11.2025,8:23:17.207,17.672,29.797,19.650,3.802,0.000,250.0,250.0,13.918,8.009,3.653,22.720,16.359,10.140,6.219,10.017,3.805,0.441,3.364,3.371,0.000,0.000,1.125,
11.11.2025,8:23:18.210,16.313,29.853,19.856,3.623,0.000,250.0,250.0,19.820,7.037,3.383,19.284,14.047,8.713,5.334,8.615,3.809,0.435,3.374,3.371,0.001,0.000,0.000,
11.11.2025,8:23:19.218,14.953,28.863,18.836,3.671,0.000,250.0,250.0,14.572,4.171,2.722,9.003,7.271,4.503,2.768,4.454,3.808,0.435,3.373,3.371,0.000,1.125,0.000,
11.11.2025,8:23:20.216,13.594,27.048,16.603,3.967,0.000,250.0,250.0,12.421,4.020,2.526,8.636,6.922,4.299,2.623,4.250,3.791,0.435,3.356,3.363,0.000,0.500,1.125,
11.11.2025,8:23:21.230,20.391,28.884,18.765,3.706,0.000,250.0,250.0,19.023,5.880,3.175,15.090,11.317,7.016,4.301,6.943,3.794,0.427,3.367,3.371,0.000,0.000,0.375,
11.11.2025,8:23:22.230,17.672,30.203,20.194,3.687,0.000,250.0,250.0,19.807,8.011,3.702,22.617,16.312,10.122,6.190,9.999,3.896,0.475,3.421,3.380,0.000,0.000,0.000,
11.11.2025,8:23:23.246,17.672,29.015,18.930,3.699,0.000,250.0,250.0,17.618,3.776,2.563,7.692,6.372,3.944,2.428,3.894,3.755,0.392,3.363,3.354,0.000,1.625,0.000,
11.11.2025,8:23:24.246,19.032,29.092,18.650,3.946,0.000,250.0,250.0,13.073,4.157,2.526,9.105,7.214,4.469,2.745,4.419,3.859,0.445,3.414,3.371,0.000,0.000,0.000,
11.11.2025,8:23:25.260,24.469,27.727,17.446,3.795,0.000,250.0,250.0,13.807,6.169,3.237,16.161,12.027,7.453,4.574,7.367,3.755,0.392,3.363,3.363,0.000,0.000,0.000,
11.11.2025,8:23:26.257,20.391,29.775,19.561,3.817,0.000,250.0,250.0,15.095,7.998,3.788,22.483,16.283,10.101,6.182,9.978,3.895,0.425,3.470,3.371,0.000,0.000,0.000,
11.11.2025,8:23:27.258,21.750,30.522,20.520,3.710,0.000,250.0,250.0,19.968,9.314,4.180,27.206,19.466,12.068,7.398,11.933,3.759,0.388,3.371,3.371,0.000,0.000,0.000,
11.11.2025,8:23:28.256,19.032,29.871,19.804,3.696,0.000,250.0,250.0,16.328,6.767,3.249,18.438,13.440,8.337,5.103,8.239,3.751,0.388,3.363,3.363,0.000,0.000,0.000,
11.11.2025,8:23:29.254,21.750,29.054,18.885,3.769,0.000,250.0,250.0,17.967,6.268,3.298,16.415,12.226,7.576,4.650,7.490,3.831,0.419,3.412,3.363,0.000,0.375,0.125,
11.11.2025,8:23:30.247,38.063,28.246,18.295,3.601,0.000,250.0,250.0,18.131,7.784,3.739,21.809,15.845,9.822,6.023,9.699,3.768,0.397,3.371,3.371,0.000,0.875,2.375,
11.11.2025,8:23:31.254,40.782,29.673,19.675,3.674,0.000,250.0,250.0,21.910,8.109,3.910,22.877,16.612,10.297,6.315,10.174,3.766,0.395,3.371,3.371,0.001,0.000,0.000,
11.11.2025,8:23:32.245,21.750,27.537,17.391,3.759,0.000,250.0,250.0,18.449,7.158,3.359,19.815,14.367,8.910,5.457,8.799,3.755,0.392,3.363,3.363,0.000,0.000,0.000,
11.11.2025,8:23:33.259,33.985,29.464,19.303,3.725,0.000,250.0,250.0,16.829,7.280,3.530,20.100,14.649,9.082,5.567,8.972,3.763,0.392,3.371,3.371,0.000,1.000,0.000,
11.11.2025,8:23:34.267,28.547,29.978,19.919,3.716,0.000,250.0,250.0,18.005,7.192,3.653,19.544,14.384,8.926,5.458,8.815,3.885,0.416,3.469,3.371,0.000,0.000,0.000,
11.11.2025,8:23:35.263,35.344,29.405,19.310,3.724,0.000,250.0,250.0,21.203,3.700,2.526,7.429,6.183,3.831,2.352,3.782,3.765,0.394,3.371,3.363,0.000,0.000,0.000,
11.11.2025,8:23:36.266,39.422,28.111,17.824,3.816,0.000,250.0,250.0,12.995,6.258,3.249,16.483,12.230,7.584,4.646,7.498,3.758,0.395,3.363,3.371,0.000,0.000,0.000,
11.11.2025,8:23:37.262,24.469,28.818,18.650,3.758,0.000,250.0,250.0,14.503,4.402,2.673,9.973,7.842,4.863,2.979,4.813,3.755,0.392,3.363,3.363,0.000,0.000,0.125,
11.11.2025,8:23:38.277,27.188,28.160,18.150,3.684,0.000,250.0,250.0,15.495,5.940,3.175,15.339,11.472,7.120,4.352,7.034,3.766,0.395,3.371,3.371,0.001,0.000,0.000,
11.11.2025,8:23:39.277,19.032,29.085,19.020,3.687,0.000,250.0,250.0,17.276,6.415,3.273,17.047,12.595,7.810,4.785,7.724,3.770,0.399,3.371,3.371,0.000,0.000,0.000,
11.11.2025,8:23:40.292,35.344,28.432,18.377,3.661,0.000,250.0,250.0,19.560,4.875,2.857,11.596,8.959,5.550,3.409,5.489,3.763,0.392,3.371,3.363,0.000,0.000,0.000,
11.11.2025,8:23:41.289,38.063,28.843,18.683,3.744,0.000,250.0,250.0,15.513,7.253,3.273,20.206,14.551,9.016,5.535,8.906,3.836,0.424,3.412,3.371,0.000,0.250,0.625,
11.11.2025,8:23:42.281,33.985,29.031,19.012,3.679,0.000,250.0,250.0,19.266,3.806,2.550,7.821,6.435,3.994,2.441,3.945,3.755,0.392,3.363,3.363,0.000,0.000,1.375,
11.11.2025,8:23:43.280,40.782,28.246,18.167,3.676,0.000,250.0,250.0,13.881,6.751,3.494,18.122,13.400,8.306,5.094,8.208,3.759,0.388,3.371,3.371,0.000,2.125,1.250,
11.11.2025,8:23:44.283,35.344,27.849,17.559,3.863,0.000,250.0,250.0,15.053,4.499,2.746,10.269,8.066,5.000,3.066,4.951,3.758,0.395,3.363,3.371,0.000,0.000,0.000,
11.11.2025,8:23:45.282,32.625,28.237,18.073,3.744,0.000,250.0,250.0,15.475,3.790,2.575,7.741,6.396,3.968,2.428,3.919,3.755,0.392,3.363,3.363,0.000,0.000,1.125,
11.11.2025,8:23:46.279,31.266,28.389,18.289,3.691,0.000,250.0,250.0,13.367,6.254,3.089,16.624,12.216,7.578,4.638,7.479,3.770,0.399,3.371,3.371,0.000,1.750,0.000,
11.11.2025,8:23:47.279,25.829,29.407,19.204,3.764,0.000,250.0,250.0,15.917,8.771,3.972,25.300,18.142,11.259,6.883,11.123,3.829,0.409,3.420,3.371,0.000,0.000,0.000,
11.11.2025,8:23:48.291,25.829,28.473,18.496,3.664,0.000,250.0,250.0,22.327,5.948,3.200,15.344,11.502,7.122,4.380,7.036,3.761,0.390,3.371,3.371,0.000,0.375,0.000,
11.11.2025,8:23:49.285,46.219,28.350,18.263,3.680,0.000,250.0,250.0,20.682,6.176,3.200,16.217,12.041,7.466,4.575,7.367,3.761,0.390,3.371,3.371,0.000,1.500,0.000,
11.11.2025,8:23:50.284,40.782,28.935,18.950,3.684,0.000,250.0,250.0,22.092,9.112,4.242,26.384,18.994,11.777,7.217,11.642,3.751,0.388,3.363,3.363,0.000,2.250,1.125,
11.11.2025,8:23:51.287,43.501,30.862,20.352,4.030,0.000,250.0,250.0,17.485,4.531,2.906,10.235,8.143,5.051,3.092,4.989,3.763,0.392,3.371,3.371,0.000,0.250,0.000,
11.11.2025,8:23:52.284,33.985,30.620,20.319,3.886,0.000,250.0,250.0,13.218,4.063,2.771,8.586,7.045,4.372,2.673,4.310,3.755,0.392,3.363,3.363,0.000,0.000,0.000,
11.11.2025,8:23:53.278,40.782,28.601,18.610,3.596,0.000,250.0,250.0,15.269,5.857,3.151,15.053,11.285,7.002,4.283,6.916,3.759,0.388,3.371,3.363,0.000,0.500,0.000,
11.11.2025,8:23:54.279,33.985,27.509,17.205,3.885,0.000,250.0,250.0,15.500,3.721,2.514,7.527,6.225,3.859,2.366,3.822,3.765,0.394,3.371,3.363,0.000,0.000,1.750,
11.11.2025,8:23:55.291,35.344,27.600,17.537,3.692,0.000,250.0,250.0,19.863,7.713,3.788,21.499,15.682,9.729,5.953,9.606,3.751,0.388,3.363,3.371,0.000,0.000,0.000,
11.11.2025,8:23:56.278,40.782,28.785,18.631,3.749,0.000,250.0,250.0,19.627,7.773,3.763,21.704,15.790,9.793,5.997,9.670,3.819,0.399,3.420,3.371,0.000,0.000,2.125,
11.11.2025,8:23:57.292,40.782,27.348,17.351,3.661,0.000,250.0,250.0,18.378,3.655,2.587,7.193,6.074,3.770,2.304,3.721,3.765,0.394,3.371,3.371,0.000,1.375,0.000,
11.11.2025,8:23:58.282,31.266,26.663,16.295,3.922,0.000,250.0,250.0,14.998,4.017,2.599,8.586,6.936,4.300,2.636,4.251,3.746,0.392,3.354,3.371,0.000,2.125,0.000,
11.11.2025,8:23:59.286,19.032,29.266,19.343,3.599,0.000,250.0,250.0,17.503,3.634,2.599,7.114,6.023,3.732,2.291,3.695,3.763,0.392,3.371,3.363,0.000,0.000,1.125,
11.11.2025,8:24:0.281,28.547,28.501,18.149,3.861,0.000,250.0,250.0,15.236,5.314,3.041,13.093,9.992,6.202,3.790,6.128,3.763,0.392,3.371,3.371,0.000,2.125,0.000,
11.11.2025,8:24:1.277,47.579,26.786,16.586,3.784,0.000,250.0,250.0,13.626,3.566,2.550,6.899,5.875,3.641,2.234,3.592,3.755,0.392,3.363,3.354,0.000,0.000,1.500,
11.11.2025,8:24:2.278,40.782,29.629,19.468,3.810,0.000,250.0,250.0,11.782,6.442,3.347,16.990,12.606,7.822,4.784,7.723,3.887,0.418,3.469,3.371,0.000,0.000,1.125,
11.11.2025,8:24:3.291,20.391,29.615,19.531,3.664,0.000,250.0,250.0,20.475,3.949,2.563,8.340,6.772,4.194,2.578,4.145,3.763,0.392,3.371,3.371,0.000,2.000,0.000,
11.11.2025,8:24:4.286,28.547,28.246,18.041,3.797,0.000,250.0,250.0,15.066,4.700,2.734,11.059,8.553,5.304,3.249,5.230,3.755,0.392,3.363,3.363,0.000,2.000,2.500,
11.11.2025,8:24:5.293,28.547,28.884,18.534,3.903,0.000,250.0,250.0,13.922,5.768,3.089,14.770,11.073,6.865,4.208,6.779,3.763,0.392,3.371,3.371,0.000,0.000,0.000,
11.11.2025,8:24:6.307,35.344,27.580,17.563,3.630,0.000,250.0,250.0,19.009,6.482,3.286,17.309,12.764,7.919,4.845,7.821,3.758,0.395,3.363,3.363,0.000,0.000,1.250,
11.11.2025,8:24:7.305,36.704,27.097,16.908,3.802,0.000,250.0,250.0,19.102,3.836,2.550,7.933,6.509,4.031,2.478,3.982,3.755,0.392,3.363,3.363,0.000,1.000,1.125,
11.11.2025,8:24:8.305,28.547,27.103,17.163,3.598,0.000,250.0,250.0,12.584,3.883,2.612,8.053,6.619,4.105,2.514,4.056,3.755,0.392,3.363,3.363,0.000,1.125,0.250,
11.11.2025,8:24:9.318,19.032,27.274,16.734,4.017,0.000,250.0,250.0,12.077,4.235,2.562,9.450,7.454,4.620,2.834,4.559,3.755,0.392,3.363,3.363,0.000,0.000,0.000,
11.11.2025,8:24:10.314,24.469,28.671,18.517,3.749,0.001,250.0,250.0,13.565,4.266,2.611,9.494,7.514,4.656,2.858,4.594,3.787,0.424,3.363,3.363,0.000,0.000,0.000,
11.11.2025,8:24:11.314,20.391,29.198,19.127,3.697,0.000,250.0,250.0,13.672,4.176,2.624,9.165,7.311,4.529,2.782,4.480,3.755,0.392,3.363,3.363,0.000,1.000,0.000,
11.11.2025,8:24:12.312,19.032,26.956,16.760,3.745,0.000,250.0,250.0,14.290,3.766,2.697,7.527,6.337,3.938,2.399,3.889,3.755,0.392,3.363,3.363,0.000,0.000,0.000,
11.11.2025,8:24:13.310,24.469,29.384,19.386,3.645,0.000,250.0,250.0,20.952,5.000,3.114,11.809,9.253,5.734,3.519,5.673,3.765,0.394,3.371,3.371,0.000,1.000,0.000,
11.11.2025,8:24:14.308,12.235,26.403,16.343,3.727,0.000,250.0,250.0,20.172,3.770,2.857,7.363,6.344,3.942,2.402,3.893,3.763,0.392,3.371,3.371,0.000,0.375,0.000,
11.11.2025,8:24:15.309,17.672,28.447,18.113,3.829,0.000,250.0,250.0,14.577,4.169,2.648,9.083,7.276,4.506,2.770,4.457,3.788,0.424,3.364,3.371,0.000,0.000,0.000,
11.11.2025,8:24:16.324,19.032,28.604,18.536,3.694,0.000,250.0,250.0,14.367,3.593,2.513,7.044,5.935,3.682,2.253,3.633,3.755,0.392,3.363,3.363,0.000,0.500,0.875,
11.11.2025,8:24:17.324,25.829,26.799,16.681,3.768,0.000,250.0,250.0,12.220,5.038,2.906,12.154,9.337,5.794,3.543,5.720,3.777,0.412,3.365,3.371,0.000,1.375,2.125,
11.11.2025,8:24:18.333,32.625,29.978,19.869,3.716,0.000,250.0,250.0,19.866,3.695,2.661,7.286,6.169,3.829,2.340,3.780,3.763,0.392,3.371,3.363,0.000,0.000,0.000,
11.11.2025,8:24:19.332,32.625,28.545,18.465,3.668,0.000,250.0,250.0,16.669,6.910,3.494,18.728,13.780,8.543,5.237,8.433,3.758,0.395,3.363,3.371,0.000,0.500,0.000,
11.11.2025,8:24:20.325,33.985,30.232,20.209,3.649,0.000,250.0,250.0,16.480,5.612,3.004,14.213,10.678,6.619,4.059,6.533,3.825,0.405,3.420,3.363,0.000,2.125,0.000,
11.11.2025,8:24:21.332,35.344,28.916,18.960,3.602,0.000,250.0,250.0,20.393,6.654,3.506,17.732,13.168,8.164,5.004,8.065,3.765,0.394,3.371,3.371,0.000,0.000,0.000,
11.11.2025,8:24:22.326,27.188,28.810,18.677,3.754,0.000,250.0,250.0,13.756,8.177,3.923,23.128,16.776,10.398,6.378,10.275,3.763,0.400,3.363,3.363,0.001,2.250,0.000,
11.11.2025,8:24:23.328,33.985,28.161,17.905,3.813,0.000,250.0,250.0,16.160,3.956,2.746,8.183,6.788,4.201,2.587,4.151,3.765,0.394,3.371,3.371,0.000,0.000,1.000,
11.11.2025,8:24:24.326,39.422,31.933,21.628,3.843,0.000,250.0,250.0,16.863,5.172,2.869,12.716,9.658,5.992,3.666,5.918,3.763,0.392,3.371,3.371,0.000,0.000,1.625,
11.11.2025,8:24:25.338,23.110,28.333,18.275,3.676,0.001,250.0,250.0,16.981,4.019,2.599,8.527,6.909,4.286,2.623,4.225,3.829,0.417,3.412,3.363,0.000,0.000,0.000,
11.11.2025,8:24:26.338,32.625,27.493,17.278,3.773,0.000,250.0,250.0,15.300,4.793,3.004,11.127,8.769,5.436,3.333,5.363,3.765,0.394,3.371,3.371,0.000,1.000,0.000,
11.11.2025,8:24:27.331,32.625,29.926,19.827,3.769,0.000,250.0,250.0,16.863,7.976,3.984,22.290,16.296,10.102,6.194,9.979,3.773,0.402,3.371,3.371,0.000,1.000,0.500,
11.11.2025,8:24:28.324,29.907,29.695,19.681,3.636,0.000,250.0,250.0,22.531,7.965,3.898,22.339,16.268,10.087,6.181,9.964,3.770,0.399,3.371,3.371,0.000,0.000,1.000,
11.11.2025,8:24:29.330,19.032,27.841,17.755,3.686,0.000,250.0,250.0,18.140,4.912,2.722,11.856,9.024,5.594,3.430,5.532,3.798,0.425,3.373,3.371,0.000,0.000,1.125,
11.11.2025,8:24:30.325,24.469,28.694,18.798,3.599,0.000,250.0,250.0,16.130,7.562,3.776,20.921,15.319,9.504,5.815,9.381,3.764,0.393,3.371,3.371,0.000,0.000,0.000,
11.11.2025,8:24:31.324,20.391,28.221,18.070,3.741,0.000,250.0,250.0,19.744,3.648,2.464,7.307,6.061,3.757,2.304,3.720,3.755,0.392,3.363,3.354,0.000,1.250,0.750,
11.11.2025,8:24:32.333,13.594,29.053,18.933,3.732,0.000,250.0,250.0,13.470,5.996,3.249,15.478,11.613,7.196,4.417,7.110,3.763,0.392,3.371,3.371,0.000,0.000,0.000,
11.11.2025,8:24:33.336,17.672,29.353,19.376,3.604,0.000,250.0,250.0,19.334,3.616,2.575,7.058,5.981,3.712,2.269,3.662,3.765,0.394,3.371,3.371,0.000,0.000,0.000,
11.11.2025,8:24:34.324,17.672,28.460,18.317,3.810,0.000,250.0,250.0,14.409,9.335,4.131,27.344,19.522,12.109,7.413,11.961,3.751,0.388,3.363,3.371,0.001,0.375,0.000,
11.11.2025,8:24:35.324,14.953,29.739,19.520,3.759,0.000,250.0,250.0,21.784,6.762,3.445,18.211,13.422,8.329,5.093,8.231,3.759,0.388,3.371,3.371,0.000,0.000,0.000,
11.11.2025,8:24:36.339,21.750,28.410,18.231,3.807,0.000,250.0,250.0,15.363,4.961,2.992,11.782,9.160,5.676,3.484,5.614,3.763,0.392,3.371,3.371,0.000,0.000,0.000,
11.11.2025,8:24:37.352,17.672,27.794,17.606,3.766,0.000,250.0,250.0,16.378,3.809,2.759,7.630,6.440,4.002,2.438,3.952,3.755,0.392,3.363,3.363,0.000,0.375,1.125,
11.11.2025,8:24:38.352,19.032,27.326,17.242,3.764,0.000,250.0,250.0,12.845,4.264,2.783,9.333,7.509,4.653,2.856,4.604,3.765,0.394,3.371,3.371,0.000,0.000,1.250,
11.11.2025,8:24:39.347,17.672,27.407,17.246,3.745,0.000,250.0,250.0,16.823,8.483,3.898,24.321,17.504,10.854,6.650,10.718,3.759,0.388,3.371,3.371,0.000,0.000,0.000,
11.11.2025,8:24:40.358,20.391,28.769,18.568,3.824,0.000,250.0,250.0,18.473,7.543,3.518,21.091,15.252,9.463,5.789,9.353,3.794,0.421,3.373,3.371,0.000,0.750,0.000,
11.11.2025,8:24:41.370,17.672,29.928,19.808,3.737,0.000,250.0,250.0,22.166,3.770,2.587,7.629,6.349,3.933,2.416,3.884,3.763,0.392,3.371,3.371,0.000,0.000,0.000,
11.11.2025,8:24:42.368,14.953,28.101,18.019,3.707,0.001,250.0,250.0,16.570,5.296,2.967,13.101,9.961,6.173,3.788,6.099,3.755,0.392,3.363,3.363,0.001,0.000,0.000,
11.11.2025,8:24:43.366,20.391,28.175,17.915,3.803,0.000,250.0,250.0,14.534,5.072,2.893,12.313,9.417,5.840,3.577,5.778,3.765,0.394,3.371,3.371,0.000,1.375,0.000,
11.11.2025,8:24:44.369,24.469,27.983,17.941,3.702,0.000,250.0,250.0,18.028,4.843,2.967,11.359,8.877,5.508,3.369,5.447,3.763,0.392,3.371,3.371,0.000,1.000,0.000,
11.11.2025,8:24:45.370,17.672,27.506,17.297,3.786,0.000,250.0,250.0,12.587,7.124,3.457,19.558,14.268,8.848,5.420,8.738,3.791,0.419,3.372,3.371,0.000,1.125,0.000,
11.11.2025,8:24:46.369,17.672,27.243,17.143,3.708,0.000,250.0,250.0,17.813,3.772,2.489,7.744,6.348,3.944,2.404,3.895,3.763,0.392,3.371,3.371,0.000,0.000,1.625,
11.11.2025,8:24:47.361,19.032,27.181,16.786,3.915,0.000,250.0,250.0,12.690,5.588,2.942,14.232,10.642,6.594,4.048,6.520,3.775,0.419,3.356,3.354,0.000,0.000,0.125,
11.11.2025,8:24:48.364,19.032,27.181,16.786,3.915,0.000,250.0,250.0,16.277,3.836,2.611,7.867,6.504,4.028,2.476,3.978,3.763,0.392,3.371,3.371,0.000,0.000,0.000,
11.11.2025,8:24:49.362,17.672,26.669,16.452,3.817,0.001,250.0,250.0,12.901,5.285,3.114,12.906,9.931,6.165,3.766,6.091,3.755,0.392,3.363,3.371,0.000,2.125,0.000,
11.11.2025,8:24:50.357,16.313,29.846,19.835,3.653,0.000,250.0,250.0,17.717,3.910,2.648,8.118,6.684,4.143,2.541,4.094,3.755,0.392,3.363,3.363,0.000,1.125,0.000,
11.11.2025,8:24:51.367,27.188,29.361,19.152,3.764,0.000,250.0,250.0,15.810,5.844,3.090,15.037,11.232,6.963,4.269,6.890,3.795,0.422,3.373,3.371,0.000,0.000,0.000,
11.11.2025,8:24:52.360,23.110,30.704,20.598,3.731,0.000,250.0,250.0,21.534,6.307,3.200,16.717,12.348,7.662,4.686,7.564,3.759,0.388,3.371,3.371,0.000,2.000,0.000,
11.11.2025,8:24:53.355,20.391,31.729,21.295,3.990,0.000,250.0,250.0,20.088,3.863,2.575,8.011,6.567,4.078,2.489,4.029,3.755,0.392,3.363,3.371,0.000,0.000,0.000,
11.11.2025,8:24:54.368,16.313,31.631,21.222,3.984,0.000,250.0,250.0,11.420,4.615,2.550,10.892,8.329,5.167,3.162,5.106,3.787,0.424,3.363,3.371,0.000,0.000,0.000,
11.11.2025,8:24:55.364,20.391,27.615,17.497,3.725,0.000,250.0,250.0,15.122,3.728,2.661,7.418,6.256,3.879,2.377,3.830,3.746,0.392,3.354,3.363,0.000,0.000,0.000,
11.11.2025,8:24:56.361,17.672,27.771,17.769,3.638,0.000,250.0,250.0,14.028,3.792,2.587,7.732,6.401,3.976,2.425,3.926,3.755,0.392,3.363,3.363,0.000,2.125,0.000,
11.11.2025,8:24:57.358,17.672,29.781,19.852,3.598,0.000,250.0,250.0,13.746,3.792,2.734,8.194,6.784,4.199,2.585,4.150,3.763,0.392,3.371,3.371,0.000,1.625,1.250,
11.11.2025,8:24:58.358,17.672,26.957,16.827,3.731,0.000,250.0,250.0,16.447,3.954,2.759,7.798,6.558,4.068,2.490,4.018,3.755,0.392,3.363,3.363,0.000,0.000,1.250,
11.11.2025,8:24:59.356,20.391,26.084,15.820,3.766,0.000,250.0,250.0,16.447,3.856,2.759,7.798,6.558,4.068,2.490,4.018,3.755,0.392,3.363,3.363,0.000,1.000,0.000,
11.11.2025,8:25:0.357,19.032,28.434,18.198,3.823,0.000,250.0,250.0,13.550,6.614,3.482,17.613,13.084,8.104,4.980,8.005,3.755,0.392,3.363,3.363,0.000,0.000,0.000,
11.11.2025,8:25:1.365,14.953,27.279,17.137,3.761,0.000,250.0,250.0,12.911,4.213,2.685,9.242,7.400,4.593,2.807,4.531,3.755,0.392,3.363,3.363,0.000,0.000,0.000,
11.11.2025,8:25:2.360,20.391,28.749,18.557,3.788,0.000,250.0,250.0,14.419,5.844,2.869,15.277,11.242,6.974,4.268,6.888,3.777,0.413,3.364,3.363,0.000,0.000,0.000,
11.11.2025,8:25:3.358,19.032,27.240,17.246,3.637,0.000,250.0,250.0,16.832,7.507,3.690,20.792,15.182,9.417,5.765,9.306,3.772,0.401,3.371,3.371,0.000,1.000,0.000,
11.11.2025,8:25:4.360,16.313,27.666,17.318,3.870,0.000,250.0,250.0,14.685,3.898,2.611,8.097,6.655,4.129,2.526,4.067,3.763,0.392,3.371,3.371,0.000,0.375,0.500,
11.11.2025,8:25:5.356,17.672,27.684,17.549,3.784,0.000,250.0,250.0,14.570,5.378,2.856,13.466,10.117,6.270,3.847,6.196,3.830,0.417,3.413,3.363,0.000,0.000,0.000,
11.11.2025,8:25:6.360,13.594,27.537,17.466,3.658,0.000,250.0,250.0,14.622,3.914,2.562,8.223,6.690,4.152,2.538,4.103,3.755,0.392,3.363,3.363,0.000,0.375,0.000,
11.11.2025,8:25:7.359,13.594,28.336,17.941,3.941,0.000,250.0,250.0,15.074,6.863,3.433,18.628,13.670,8.482,5.188,8.384,3.746,0.392,3.354,3.354,0.000,0.000,0.000,
11.11.2025,8:25:8.356,16.313,29.865,19.655,3.841,0.000,250.0,250.0,16.826,3.828,2.611,7.834,6.478,4.015,2.463,3.978,3.763,0.392,3.371,3.371,0.000,0.000,2.250,
11.11.2025,8:25:9.360,17.672,28.913,18.669,3.795,0.000,250.0,250.0,16.857,7.717,3.788,21.477,15.673,9.724,5.949,9.601,3.792,0.420,3.372,3.371,0.000,2.125,0.000,
11.11.2025,8:25:10.364,19.032,28.587,18.466,3.754,0.000,250.0,250.0,15.524,4.404,2.673,9.990,7.848,4.871,2.977,4.809,3.755,0.392,3.363,3.363,0.000,0.375,1.125,
11.11.2025,8:25:11.360,14.953,28.027,18.009,3.657,0.000,250.0,250.0,19.035,5.882,3.090,15.201,11.337,7.034,4.303,6.948,3.766,0.395,3.371,3.371,0.000,0.375,0.000,
11.11.2025,8:25:12.358,16.313,28.437,17.951,4.005,0.000,250.0,250.0,13.173,5.268,2.906,12.953,9.825,6.099,3.726,6.025,3.886,0.423,3.463,3.371,0.000,0.000,1.625,
11.11.2025,8:25:13.359,14.953,26.942,16.763,3.753,0.000,250.0,250.0,15.559,8.509,4.033,24.289,17.558,10.886,6.672,10.763,3.759,0.388,3.371,3.371,0.000,0.000,0.000,
11.11.2025,8:25:14.364,19.032,27.947,17.806,3.752,0.000,250.0,250.0,21.132,5.272,2.795,13.175,9.893,6.140,3.753,6.067,3.763,0.392,3.371,3.371,0.000,1.000,0.000,
11.11.2025,8:25:15.360,14.953,27.614,17.394,3.830,0.000,250.0,250.0,14.018,5.006,2.967,11.988,9.268,5.748,3.520,5.686,3.755,0.392,3.363,3.371,0.000,1.375,1.125,
11.11.2025,8:25:16.355,17.672,28.581,18.495,3.690,0.000,250.0,250.0,13.918,7.900,3.641,22.363,16.122,10.003,6.119,9.880,3.751,0.388,3.363,3.371,0.000,0.000,0.000,
11.11.2025,8:25:17.357,17.672,26.739,16.598,3.741,0.001,250.0,250.0,16.653,5.851,3.126,15.048,11.268,6.987,4.281,6.901,3.766,0.395,3.371,3.371,0.000,0.750,0.000,
11.11.2025,8:25:18.370,17.672,28.857,18.562,3.859,0.000,250.0,250.0,14.093,9.289,4.144,27.157,19.409,12.034,7.375,11.898,3.751,0.388,3.363,3.371,0.000,0.750,1.125,
11.11.2025,8:25:19.370,16.313,28.018,17.858,3.763,0.000,250.0,250.0,18.730,4.202,2.612,9.270,7.366,4.570,2.796,4.520,3.763,0.392,3.371,3.363,0.000,1.125,1.000,
11.11.2025,8:25:20.359,17.672,29.301,19.421,3.554,0.000,250.0,250.0,15.030,3.594,2.562,6.989,5.927,3.672,2.255,3.635,3.763,0.392,3.371,3.371,0.000,1.500,1.000,
11.11.2025,8:25:21.358,6.797,26.269,15.955,3.891,0.000,250.0,250.0,17.467,6.218,3.347,16.240,12.135,7.524,4.611,7.438,3.759,0.388,3.371,3.371,0.000,0.000,0.000,
11.11.2025,8:25:22.359,16.313,28.471,18.339,3.712,0.000,250.0,250.0,18.323,3.798,2.661,7.665,6.409,3.981,2.428,3.931,3.765,0.394,3.371,3.371,0.000,0.000,0.000,
11.11.2025,8:25:23.359,16.313,27.856,17.885,3.633,0.000,250.0,250.0,16.332,6.981,3.592,18.845,13.911,8.627,5.284,8.516,3.832,0.412,3.420,3.371,0.001,0.375,0.000,
11.11.2025,8:25:24.357,19.032,28.171,18.054,3.718,0.000,250.0,250.0,16.732,3.591,2.464,7.084,5.927,3.672,2.255,3.635,3.755,0.392,3.363,3.363,0.000,1.375,1.625,
11.11.2025,8:25:25.359,14.953,28.362,18.305,3.707,0.000,250.0,250.0,11.208,8.768,3.996,25.309,18.175,11.269,6.906,11.133,3.761,0.390,3.371,3.371,0.000,0.000,0.000,
11.11.2025,8:25:26.363,28.547,29.914,19.692,3.789,0.000,250.0,250.0,18.967,3.785,2.526,7.754,6.382,3.955,2.427,3.905,3.763,0.392,3.371,3.371,0.000,0.375,0.000,
11.11.2025,8:25:27.359,19.032,29.007,18.850,3.817,0.000,250.0,250.0,17.459,6.233,3.089,16.534,12.175,7.551,4.624,7.453,3.768,0.397,3.371,3.371,0.000,1.500,2.250,
11.11.2025,8:25:28.354,19.032,28.507,18.338,3.728,0.000,250.0,250.0,20.428,3.804,2.599,7.752,6.428,3.978,2.450,3.929,3.765,0.394,3.371,3.371,0.000,0.875,0.500,
11.11.2025,8:25:29.356,19.032,29.001,19.030,3.634,0.000,250.0,250.0,17.906,4.313,2.869,9.433,7.628,4.737,2.891,4.675,3.765,0.394,3.371,3.371,0.000,0.000,0.000,
11.11.2025,8:25:30.356,21.750,29.764,19.682,3.700,0.000,250.0,250.0,18.619,5.200,3.016,12.617,9.684,6.010,3.674,5.936,3.840,0.411,3.429,3.380,0.000,0.000,0.500,
11.11.2025,8:25:31.368,14.953,29.794,19.766,3.668,0.000,250.0,250.0,19.307,3.901,2.501,8.224,6.654,4.128,2.526,4.078,3.763,0.392,3.371,3.371,0.000,0.000,1.125,
11.11.2025,8:25:32.364,13.594,29.493,19.319,3.788,0.001,250.0,250.0,15.943,6.701,3.359,18.063,13.273,8.234,5.039,8.136,3.766,0.395,3.371,3.371,0.000,0.000,0.000,
11.11.2025,8:25:33.363,20.391,29.778,19.730,3.672,0.000,250.0,250.0,25.931,8.222,3.665,23.560,16.882,10.468,6.414,10.333,3.761,0.390,3.371,3.371,0.000,0.000,1.125,
11.11.2025,8:25:34.362,13.594,30.155,20.317,3.549,0.000,250.0,250.0,23.150,3.915,2.710,8.069,6.686,4.149,2.537,4.100,3.765,0.394,3.371,3.371,0.000,0.000,0.000,
11.11.2025,8:25:35.363,13.594,27.440,17.303,3.733,0.000,250.0,250.0,18.846,6.396,3.335,16.924,12.555,7.784,4.771,7.697,3.761,0.390,3.371,3.371,0.000,0.500,0.000,
11.11.2025,8:25:36.360,20.391,29.669,19.714,3.645,0.000,250.0,250.0,18.237,9.347,4.106,27.393,19.535,12.114,7.421,11.967,3.781,0.401,3.380,3.371,0.000,0.000,0.000,
11.11.2025,8:25:37.358,19.032,28.017,18.008,3.687,0.000,250.0,250.0,20.864,8.894,4.033,25.748,18.478,11.458,7.020,11.310,3.759,0.388,3.371,3.371,0.000,0.125,1.125,
11.11.2025,8:25:38.358,19.032,30.291,20.282,3.617,0.000,250.0,250.0,21.495,4.133,2.710,8.898,7.201,4.468,2.733,4.406,3.774,0.394,3.380,3.371,0.000,0.500,0.750,
11.11.2025,8:25:39.357,17.672,31.341,21.140,3.811,0.000,250.0,250.0,19.696,3.855,2.562,7.984,6.542,4.066,2.476,4.017,3.765,0.394,3.371,3.371,0.000,0.000,1.250,
11.11.2025,8:25:40.355,24.469,27.747,17.726,3.664,0.000,250.0,250.0,16.881,6.015,3.151,15.643,11.661,7.233,4.428,7.135,3.765,0.394,3.371,3.371,0.000,1.000,0.250,
11.11.2025,8:25:41.363,19.032,26.243,15.878,3.905,0.000,250.0,250.0,14.660,3.954,2.599,8.324,6.782,4.205,2.577,4.155,3.765,0.394,3.371,3.371,0.000,2.125,0.000,
11.11.2025,8:25:42.365,20.391,28.522,18.225,3.844,0.000,250.0,250.0,12.304,4.548,2.856,10.321,8.168,5.068,3.100,5.007,3.794,0.423,3.371,3.371,0.000,0.000,1.125,
11.11.2025,8:25:43.358,13.594,28.570,18.457,3.699,0.000,250.0,250.0,15.117,7.610,3.714,21.117,15.403,9.551,5.852,9.428,3.831,0.411,3.420,3.371,0.000,0.000,0.000,
11.11.2025,8:25:44.361,17.672,27.141,17.149,3.663,0.000,250.0,250.0,20.465,6.963,3.690,18.730,13.895,8.620,5.275,8.521,3.763,0.392,3.371,3.371,0.000,0.000,1.125,
11.11.2025,8:25:45.360,21.750,28.945,19.042,3.598,0.000,250.0,250.0,22.247,6.924,3.739,18.529,13.807,8.557,5.250,8.459,3.765,0.394,3.371,3.371,0.000,0.000,0.000,
11.11.2025,8:25:46.355,19.032,27.723,17.756,3.592,0.000,250.0,250.0,22.890,5.255,3.077,12.822,9.854,6.114,3.740,6.041,3.765,0.394,3.371,3.371,0.000,2.000,0.250,
11.11.2025,8:25:47.362,20.391,29.809,19.637,3.803,0.000,250.0,250.0,17.919,7.811,3.555,22.081,15.891,9.856,6.035,9.733,3.793,0.422,3.371,3.371,0.000,0.375,0.000,
11.11.2025,8:25:48.368,19.032,26.543,16.552,3.586,0.000,250.0,250.0,15.942,3.800,2.513,7.830,6.417,3.978,2.439,3.929,3.763,0.392,3.371,3.371,0.000,0.000,0.000,
11.11.2025,8:25:49.364,19.032,26.833,16.404,3.968,0.000,250.0,250.0,11.316,3.930,2.759,8.083,6.719,4.172,2.547,4.123,3.763,0.392,3.371,3.371,0.000,0.375,0.000,
11.11.2025,8:25:50.362,13.594,28.637,18.525,3.734,0.000,250.0,250.0,20.975,7.000,3.641,18.918,13.982,8.670,5.312,8.572,3.765,0.394,3.371,3.371,0.000,1.000,0.000,
11.11.2025,8:25:51.357,23.110,26.567,16.285,3.835,0.000,250.0,250.0,12.868,3.783,2.685,7.591,6.379,3.953,2.426,3.903,3.763,0.392,3.371,3.363,0.000,0.000,1.625,
11.11.2025,8:25:52.357,20.391,30.066,19.964,3.699,0.000,250.0,250.0,21.476,9.162,3.984,26.798,19.089,11.837,7.252,11.690,3.794,0.422,3.372,3.380,0.000,0.000,0.000,
11.11.2025,8:25:53.359,19.032,30.657,20.784,3.594,0.000,250.0,250.0,24.927,8.503,3.948,24.317,17.532,10.868,6.664,10.733,3.795,0.422,3.373,3.380,0.000,0.000,0.000,
11.11.2025,8:25:54.358,21.750,33.254,22.891,3.929,0.000,250.0,250.0,22.949,7.146,3.531,19.588,14.330,8.893,5.437,8.782,3.765,0.394,3.371,3.371,0.000,0.000,0.500,
11.11.2025,8:25:55.356,17.672,31.944,21.388,4.051,0.000,250.0,250.0,22.082,7.673,3.629,21.474,15.561,9.649,5.912,9.538,3.795,0.422,3.373,3.380,0.000,0.000,0.000,
11.11.2025,8:25:56.355,23.110,29.389,19.206,3.777,0.000,250.0,250.0,15.722,4.233,2.538,9.451,7.442,4.621,2.821,4.559,3.763,0.392,3.371,3.371,0.000,0.000,0.000,
11.11.2025,8:25:57.367,19.032,28.924,18.801,3.732,0.000,250.0,250.0,16.086,8.262,3.616,23.753,16.958,10.519,6.439,10.396,3.785,0.414,3.371,3.371,0.000,0.000,2.125,
11.11.2025,8:25:58.360,14.953,29.982,19.930,3.707,0.000,250.0,250.0,18.513,7.124,3.482,19.523,14.268,8.844,5.424,8.733,3.794,0.421,3.373,3.380,0.000,0.000,0.000,
11.11.2025,8:25:59.363,21.750,28.575,18.607,3.652,0.000,250.0,250.0,21.710,5.895,3.151,15.168,11.353,7.048,4.305,6.962,3.795,0.422,3.373,3.371,0.000,2.125,1.250,
11.11.2025,8:26:0.366,17.672,26.865,16.868,3.662,0.001,250.0,250.0,19.414,3.848,2.575,7.944,6.533,4.043,2.490,3.994,3.765,0.394,3.371,3.371,0.000,0.375,0.000,
11.11.2025,8:26:1.366,13.594,28.955,18.994,3.611,0.000,250.0,250.0,20.393,3.973,2.599,8.398,6.825,4.226,2.599,4.177,3.765,0.394,3.371,3.371,0.000,1.000,0.000,
11.11.2025,8:26:2.365,19.032,28.585,18.378,3.764,0.000,250.0,250.0,13.144,7.629,3.703,21.255,15.475,9.595,5.880,9.484,3.766,0.395,3.371,3.371,0.000,0.000,0.500,
11.11.2025,8:26:3.364,16.313,28.747,18.430,3.876,0.000,250.0,250.0,13.715,4.875,2.979,11.468,8.953,5.554,3.399,5.492,3.765,0.394,3.371,3.371,0.000,0.000,0.375,
11.11.2025,8:26:4.362,16.313,28.630,18.380,3.840,0.000,250.0,250.0,14.884,4.646,2.844,10.647,8.364,5.178,3.186,5.116,3.880,0.419,3.461,3.363,0.000,2.125,1.000,
11.11.2025,8:26:5.365,19.032,26.151,16.123,3.651,0.000,250.0,250.0,20.238,3.881,2.587,8.058,6.605,4.103,2.502,4.054,3.765,0.394,3.371,3.371,0.000,0.375,0.500,
11.11.2025,8:26:6.362,23.110,31.892,21.744,3.782,0.000,250.0,250.0,19.028,3.875,2.673,7.950,6.592,4.091,2.501,4.042,3.765,0.394,3.371,3.371,0.000,0.375,2.250,
11.11.2025,8:26:7.362,23.110,43.613,33.238,3.962,0.000,250.0,250.0,18.279,5.234,3.114,12.665,9.782,6.066,3.716,5.993,3.815,0.397,3.418,3.371,0.000,1.125,0.500,
11.11.2025,8:26:8.360,19.032,41.947,31.423,4.030,0.000,250.0,250.0,14.004,4.076,2.808,8.583,7.072,4.386,2.686,4.324,3.765,0.394,3.371,3.371,0.000,0.375,0.000,
11.11.2025,8:26:9.371,20.391,36.570,25.832,4.169,0.000,250.0,250.0,12.440,4.977,2.832,12.007,9.198,5.706,3.492,5.632,3.763,0.392,3.371,3.371,0.000,0.000,0.000,
11.11.2025,8:26:10.384,19.032,28.760,18.721,3.686,0.000,250.0,250.0,16.963,9.236,3.959,27.131,19.283,11.958,7.325,11.810,3.761,0.390,3.371,3.371,0.000,0.000,0.375,
11.11.2025,8:26:11.397,19.032,28.109,17.953,3.756,0.000,250.0,250.0,20.967,4.509,2.759,10.294,8.091,5.017,3.074,4.955,3.765,0.394,3.371,3.371,0.000,0.000,0.875,
11.11.2025,8:26:12.395,17.672,28.144,18.072,3.679,0.000,250.0,250.0,15.450,5.024,2.894,12.077,9.282,5.761,3.521,5.687,3.825,0.405,3.420,3.371,0.000,0.000,0.000,
11.11.2025,8:26:13.387,24.469,31.567,21.290,3.862,0.000,250.0,250.0,20.612,3.919,2.685,8.106,6.696,4.156,2.540,4.107,3.765,0.394,3.371,3.371,0.000,0.625,0.000,
11.11.2025,8:26:14.406,19.032,30.855,20.591,3.846,0.000,250.0,250.0,15.135,7.236,3.543,19.918,14.546,9.021,5.525,8.910,3.761,0.390,3.371,3.371,0.000,1.500,0.000,
11.11.2025,8:26:15.402,16.313,27.766,17.784,3.613,0.001,250.0,250.0,24.200,3.751,2.599,7.553,6.299,3.907,2.392,3.858,3.765,0.394,3.371,3.371,0.000,0.000,1.625,
11.11.2025,8:26:16.412,20.391,26.899,16.879,3.690,0.000,250.0,250.0,22.969,9.012,4.046,26.186,18.753,11.633,7.120,11.485,3.761,0.390,3.371,3.371,0.000,0.000,0.000,
11.11.2025,8:26:17.408,17.672,27.396,17.317,3.683,0.000,250.0,250.0,20.116,9.593,4.094,28.306,20.088,12.458,7.630,12.311,3.835,0.415,3.420,3.371,0.000,0.000,0.000,
11.11.2025,8:26:18.406,25.829,27.256,17.241,3.678,0.000,250.0,250.0,23.297,6.260,3.347,16.402,12.231,7.584,4.647,7.498,3.761,0.390,3.371,3.371,0.000,0.000,0.000,
11.11.2025,8:26:19.405,21.750,27.629,17.564,3.724,0.000,250.0,250.0,20.148,3.772,2.550,7.682,6.345,3.942,2.403,3.893,3.765,0.394,3.371,3.371,0.001,0.000,0.000,
11.11.2025,8:26:20.409,19.032,28.066,17.928,3.743,0.000,250.0,250.0,15.252,6.320,3.322,16.639,12.368,7.671,4.697,7.585,3.770,0.390,3.380,3.380,0.000,1.000,2.375,
11.11.2025,8:26:21.402,20.391,30.480,20.387,3.743,0.000,250.0,250.0,21.620,9.283,4.193,27.075,19.397,12.022,7.375,11.875,3.761,0.390,3.371,3.371,0.000,0.375,0.000,
11.11.2025,8:26:22.414,19.032,28.166,17.887,3.800,0.000,250.0,250.0,20.571,3.753,2.612,7.545,6.308,3.905,2.403,3.856,3.765,0.394,3.371,3.371,0.000,0.000,0.500,
11.11.2025,8:26:23.413,13.594,27.178,17.275,3.620,0.000,250.0,250.0,13.161,5.374,3.004,13.351,10.139,6.288,3.851,6.214,3.763,0.392,3.371,3.371,0.000,0.000,1.125,
11.11.2025,8:26:24.413,19.032,28.684,18.391,3.879,0.000,250.0,250.0,12.775,5.923,3.187,15.264,11.433,7.094,4.339,7.008,3.765,0.394,3.371,3.371,0.000,0.000,0.000,
11.11.2025,8:26:25.407,19.032,29.233,19.048,3.770,0.000,250.0,250.0,18.634,5.076,2.869,12.354,9.428,5.846,3.582,5.784,3.765,0.394,3.371,3.371,0.001,1.375,1.125,
11.11.2025,8:26:26.414,20.391,27.154,17.085,3.694,0.000,250.0,250.0,19.209,4.192,2.759,9.075,7.342,4.558,2.784,4.497,3.765,0.394,3.371,3.371,0.000,0.000,0.000,
11.11.2025,8:26:27.414,23.110,28.342,17.956,3.928,0.000,250.0,250.0,19.844,3.756,2.562,7.609,6.307,3.917,2.390,3.868,3.765,0.394,3.371,3.371,0.000,1.125,0.000,
11.11.2025,8:26:28.407,23.110,26.852,16.604,3.856,0.000,250.0,250.0,13.154,5.710,3.139,14.506,10.931,6.775,4.156,6.701,3.761,0.390,3.371,3.371,0.000,0.375,0.000,
11.11.2025,8:26:29.407,20.391,28.488,18.462,3.666,0.000,250.0,250.0,20.470,7.505,3.764,20.671,15.144,9.391,5.753,9.280,3.836,0.407,3.429,3.380,0.000,0.000,0.000,
11.11.2025,8:26:30.403,23.110,28.488,18.462,3.666,0.000,250.0,250.0,20.972,4.088,2.808,8.631,7.095,4.397,2.698,4.348,3.765,0.394,3.371,3.371,0.000,0.000,1.125,
11.11.2025,8:26:31.404,23.110,28.112,17.988,3.741,0.001,250.0,250.0,13.124,7.131,2.771,7.968,6.668,4.129,2.539,4.079,3.763,0.392,3.371,35.631,0.001,0.000,0.000,
11.11.2025,8:26:32.407,21.750,29.200,18.991,3.802,0.000,250.0,250.0,13.504,4.268,2.661,9.471,7.522,4.666,2.856,4.604,3.765,0.394,3.371,3.371,0.000,0.000,0.000,
11.11.2025,8:26:33.407,20.391,27.935,17.828,3.730,0.000,250.0,250.0,14.843,8.963,4.094,25.944,18.630,11.551,7.079,11.416,3.770,0.390,3.380,3.380,0.000,0.000,2.250,
11.11.2025,8:26:34.409,23.110,29.537,19.561,3.627,0.000,250.0,250.0,22.460,5.276,3.053,12.917,9.911,6.143,3.768,6.069,3.765,0.394,3.371,3.371,0.000,0.000,1.500,
11.11.2025,8:26:35.408,17.672,28.565,18.634,3.590,0.000,250.0,250.0,22.060,7.922,3.788,22.234,16.137,10.004,6.133,9.881,3.836,0.415,3.421,3.371,0.000,0.000,0.000,
11.11.2025,8:26:36.402,16.313,27.303,17.201,3.750,0.000,250.0,250.0,13.744,8.720,4.021,25.074,18.039,11.195,6.844,11.060,3.795,0.422,3.373,3.380,0.000,0.375,2.250,
11.11.2025,8:26:37.402,17.672,28.878,18.796,3.707,0.001,250.0,250.0,20.678,3.869,2.685,7.917,6.578,4.077,2.501,4.028,3.765,0.394,3.371,3.371,0.000,0.000,0.000,
11.11.2025,8:26:38.405,23.110,28.675,18.793,3.553,0.000,250.0,250.0,19.488,4.084,2.845,8.581,7.083,4.397,2.686,4.348,3.765,0.394,3.371,3.371,0.000,0.500,0.000,
11.11.2025,8:26:39.402,17.672,28.698,18.333,3.901,0.000,250.0,250.0,11.893,9.165,4.254,26.534,19.097,11.847,7.250,11.699,3.795,0.422,3.373,3.380,0.000,0.000,0.000,
11.11.2025,8:26:40.415,19.032,29.817,19.753,3.679,0.000,250.0,250.0,16.955,4.452,2.710,10.064,7.924,4.909,3.015,4.848,3.839,0.418,3.421,3.371,0.000,0.875,1.625,
11.11.2025,8:26:41.413,12.235,29.925,19.667,3.863,0.001,250.0,250.0,16.714,3.814,2.538,7.860,6.443,4.004,2.439,3.955,3.765,0.394,3.371,3.371,0.000,0.750,1.000,
11.11.2025,8:26:42.411,40.782,28.401,18.082,3.850,0.000,250.0,250.0,13.277,3.846,2.661,7.853,6.527,4.039,2.488,3.990,3.765,0.394,3.371,3.371,0.000,0.000,0.875,
11.11.2025,8:26:43.408,25.829,27.188,17.059,3.764,0.000,250.0,250.0,15.182,4.633,2.832,10.687,8.385,5.196,3.189,5.135,3.765,0.394,3.371,3.371,0.000,0.000,0.000,
11.11.2025,8:26:44.404,17.672,28.716,18.623,3.709,0.000,250.0,250.0,18.045,4.971,3.139,11.679,9.186,5.694,3.492,5.620,3.765,0.394,3.371,3.371,0.000,0.000,0.000,
11.11.2025,8:26:45.402,19.032,27.021,16.862,3.742,0.000,250.0,250.0,14.417,4.078,2.624,8.730,7.041,4.370,2.671,4.308,3.834,0.414,3.420,3.371,0.000,1.125,2.250,
11.11.2025,8:26:46.402,16.313,27.533,17.389,3.762,0.000,250.0,250.0,14.890,4.078,2.661,7.921,6.568,4.067,2.501,4.018,3.765,0.394,3.371,3.371,0.000,1.125,1.625,
11.11.2025,8:26:47.408,23.110,29.865,19.756,3.714,0.000,250.0,250.0,19.461,3.864,3.666,20.220,14.806,9.186,5.620,9.076,3.767,0.396,3.371,3.371,0.000,0.000,0.000,
11.11.2025,8:26:48.411,17.672,28.384,18.552,3.574,0.000,250.0,250.0,19.461,7.348,3.666,20.220,14.806,9.186,5.620,9.076,3.767,0.396,3.371,3.371,0.000,0.000,1.625,
11.11.2025,8:26:49.410,20.391,28.902,18.557,3.870,0.000,250.0,250.0,19.205,6.902,3.555,18.634,13.754,8.530,5.224,8.420,3.765,0.394,3.371,3.371,0.000,0.000,0.000,
11.11.2025,8:26:50.408,13.594,27.897,18.010,3.565,0.000,250.0,250.0,25.699,8.269,4.033,23.353,16.987,10.534,6.453,10.399,3.777,0.397,3.380,3.380,0.000,1.000,2.375,
11.11.2025,8:26:51.406,19.032,28.470,18.438,3.637,0.000,250.0,250.0,24.866,9.084,3.935,26.536,18.899,11.723,7.176,11.576,3.808,0.435,3.373,3.380,0.000,0.000,0.000,
11.11.2025,8:26:52.416,16.313,28.408,18.220,3.798,0.000,250.0,250.0,16.789,6.541,3.445,17.334,12.879,7.988,4.891,7.889,3.801,0.428,3.373,3.380,0.000,0.375,0.125,
11.11.2025,8:26:53.403,14.953,26.624,16.452,3.774,0.000,250.0,250.0,14.764,3.965,2.771,8.193,6.810,4.224,2.586,4.162,3.765,0.394,3.371,3.371,0.001,2.125,1.500,
11.11.2025,8:26:54.403,20.391,28.522,18.296,3.808,0.000,250.0,250.0,13.818,5.327,3.065,13.082,10.012,6.199,3.813,6.126,3.802,0.429,3.373,3.371,0.000,1.125,0.000,
11.11.2025,8:26:55.413,16.313,27.129,16.958,3.771,0.000,250.0,250.0,17.223,4.584,2.697,10.599,8.248,5.109,3.139,5.048,3.815,0.441,3.374,3.371,0.000,0.000,0.750,
11.11.2025,8:26:56.409,19.032,30.248,19.909,3.917,0.000,250.0,250.0,14.672,5.580,2.906,14.150,10.568,6.557,4.011,6.471,3.877,0.454,3.423,3.380,0.000,0.000,1.875,
11.11.2025,8:26:57.404,13.594,33.353,23.075,3.896,0.000,250.0,250.0,17.737,5.371,2.918,13.399,10.110,6.273,3.837,6.199,3.801,0.428,3.373,3.371,0.000,0.375,1.625,
11.11.2025,8:26:58.404,19.032,26.928,16.371,4.045,0.000,250.0,250.0,12.530,4.548,2.734,10.364,8.128,5.037,3.091,4.976,3.886,0.464,3.422,3.380,0.000,0.000,0.000,
11.11.2025,8:26:59.403,24.469,27.180,16.932,3.792,0.000,250.0,250.0,12.004,4.298,2.710,9.493,7.577,4.694,2.883,4.632,3.810,0.437,3.373,3.371,0.000,0.000,0.500,
11.11.2025,8:27:0.402,19.032,27.194,17.044,3.751,0.000,250.0,250.0,13.012,6.972,3.482,18.944,13.898,8.622,5.276,8.511,3.807,0.435,3.372,3.371,0.000,0.000,0.000,
11.11.2025,8:27:1.402,19.032,27.795,17.611,3.798,0.000,250.0,250.0,16.799,9.145,4.242,26.490,19.058,11.816,7.242,11.680,3.770,0.390,3.380,3.380,0.001,0.000,2.250,
11.11.2025,8:27:2.402,20.391,27.408,17.200,3.803,0.000,250.0,250.0,19.500,3.731,2.624,7.448,6.251,3.884,2.367,3.835,3.765,0.394,3.371,3.371,0.000,0.000,0.000,
11.11.2025,8:27:3.417,19.032,28.431,18.247,3.764,0.001,250.0,250.0,15.121,5.718,3.200,14.414,10.911,6.765,4.146,6.691,3.837,0.407,3.430,3.380,0.000,0.000,0.000,
11.11.2025,8:27:4.414,20.391,30.518,20.590,3.583,0.000,250.0,250.0,21.482,8.218,3.739,23.458,16.858,10.459,6.399,10.336,3.774,0.394,3.380,3.380,0.000,0.000,0.375,
11.11.2025,8:27:5.414,17.672,29.281,19.052,3.786,0.000,250.0,250.0,19.709,4.680,2.599,11.111,8.492,5.268,3.224,5.206,3.765,0.394,3.371,3.371,0.000,0.625,0.000,
11.11.2025,8:27:6.411,17.672,26.286,16.147,3.757,0.000,250.0,250.0,13.460,4.716,2.648,11.189,8.582,5.319,3.263,5.258,3.765,0.394,3.371,3.371,0.000,0.000,2.000,
11.11.2025,8:27:7.418,23.110,29.065,19.024,3.674,0.000,250.0,250.0,17.528,7.967,3.898,22.336,16.263,10.092,6.171,9.969,3.781,0.401,3.380,3.380,0.001,2.125,0.000,
11.11.2025,8:27:8.430,17.672,29.239,19.064,3.766,0.000,250.0,250.0,21.047,6.142,3.298,15.986,11.959,7.419,4.540,7.320,3.765,0.394,3.371,3.371,0.000,0.375,1.625,
11.11.2025,8:27:9.423,19.032,28.153,17.919,3.792,0.000,250.0,250.0,14.307,8.180,3.837,23.209,16.774,10.404,6.370,10.281,3.774,0.394,3.380,3.380,0.000,0.000,0.000,
11.11.2025,8:27:10.423,19.032,28.947,18.889,3.737,0.000,250.0,250.0,19.270,4.623,2.685,10.782,8.341,5.179,3.162,5.118,3.796,0.424,3.372,3.371,0.000,0.375,1.500,
11.11.2025,8:27:11.419,17.672,30.300,20.242,3.687,0.000,250.0,250.0,12.177,9.310,4.045,27.305,19.438,12.061,7.377,11.913,3.796,0.423,3.373,3.371,0.000,0.000,1.125,
11.11.2025,8:27:12.418,21.750,32.012,21.995,3.676,0.000,250.0,250.0,20.302,6.999,3.310,19.196,13.943,8.644,5.299,8.545,3.840,0.411,3.429,3.371,0.000,1.375,0.000,
11.11.2025,8:27:13.429,23.110,30.664,20.456,3.781,0.000,250.0,250.0,19.053,3.759,2.599,7.583,6.318,3.916,2.402,3.867,3.765,0.394,3.371,3.371,0.001,1.875,0.000,
11.11.2025,8:27:14.430,13.594,28.380,18.315,3.684,0.000,250.0,250.0,15.612,3.958,2.673,8.263,6.786,4.200,2.586,4.150,3.774,0.394,3.380,3.371,0.000,0.000,0.500,
11.11.2025,8:27:15.425,28.547,27.500,17.364,3.738,0.000,250.0,250.0,17.614,4.900,2.832,11.709,9.013,5.590,3.423,5.529,3.765,0.394,3.371,3.371,0.000,0.375,0.000,
11.11.2025,8:27:16.425,17.672,27.362,17.072,3.868,0.000,250.0,250.0,16.145,3.854,2.857,7.682,6.546,4.056,2.490,4.007,3.765,0.394,3.371,3.371,0.000,1.125,0.000,
11.11.2025,8:27:17.424,20.391,29.146,19.030,3.727,0.000,250.0,250.0,14.464,7.206,3.666,19.681,14.465,8.967,5.498,8.868,3.765,0.394,3.371,3.380,0.000,1.000,0.000,
11.11.2025,8:27:18.421,16.313,27.671,17.392,3.822,0.000,250.0,250.0,18.672,3.846,2.648,7.866,6.525,4.038,2.487,3.989,3.765,0.394,3.371,3.371,0.000,1.000,0.000,
11.11.2025,8:27:19.417,14.953,26.496,16.442,3.696,0.000,250.0,250.0,19.285,4.345,2.795,9.624,7.707,4.777,2.930,4.715,3.765,0.394,3.371,3.371,0.000,0.000,1.250,
11.11.2025,8:27:20.418,16.313,28.025,18.016,3.666,0.000,250.0,250.0,13.863,8.965,4.070,25.979,18.645,11.566,7.079,11.418,3.761,0.390,3.371,3.371,0.001,0.000,2.125,
11.11.2025,8:27:21.443,25.829,26.768,16.653,3.699,0.000,250.0,250.0,20.050,3.789,2.673,7.622,6.387,3.958,2.429,3.921,3.763,0.392,3.371,3.371,0.000,2.125,0.000,
11.11.2025,8:27:22.435,21.750,26.919,16.915,3.675,0.000,250.0,250.0,15.918,5.473,3.102,13.627,10.370,6.433,3.937,6.359,3.765,0.394,3.371,3.371,0.000,1.625,0.500,
11.11.2025,8:27:23.439,13.594,27.602,17.309,3.875,0.000,250.0,250.0,17.320,6.978,3.629,18.844,13.936,8.639,5.297,8.529,3.765,0.394,3.371,3.371,0.000,0.000,0.125,
11.11.2025,8:27:24.452,20.391,29.436,19.339,3.668,0.000,250.0,250.0,18.121,7.119,3.665,19.344,14.261,8.844,5.417,8.733,3.774,0.394,3.380,3.380,0.000,0.000,0.000,
11.11.2025,8:27:25.451,19.032,28.117,18.011,3.733,0.000,250.0,250.0,20.999,7.900,3.849,22.063,16.074,9.961,6.113,9.838,3.862,0.432,3.430,3.380,0.000,0.000,0.875,
11.11.2025,8:27:26.464,19.032,35.290,25.047,3.860,0.000,250.0,250.0,20.820,3.851,2.624,7.912,6.538,4.051,2.487,4.001,3.765,0.394,3.371,3.371,0.000,1.250,0.000,
11.11.2025,8:27:27.450,14.953,28.513,18.423,3.705,0.001,250.0,250.0,16.995,3.830,2.587,7.873,6.481,4.017,2.464,3.980,3.765,0.394,3.371,3.371,0.000,0.750,0.000,
11.11.2025,8:27:28.449,17.672,26.431,16.369,3.714,0.000,250.0,250.0,13.564,4.462,2.697,10.133,7.956,4.939,3.017,4.877,3.808,0.426,3.382,3.380,0.000,0.000,0.000,
11.11.2025,8:27:29.462,19.032,30.693,20.663,3.624,0.000,250.0,250.0,18.303,8.900,3.972,25.835,18.486,11.463,7.023,11.327,3.761,0.390,3.371,3.371,0.000,0.000,0.000,
11.11.2025,8:27:30.449,17.672,29.515,19.373,3.781,0.000,250.0,250.0,20.977,3.743,2.722,7.394,6.283,3.893,2.390,3.843,3.765,0.394,3.371,3.371,0.000,0.000,1.125,
11.11.2025,8:27:31.460,17.672,28.758,18.705,3.690,0.000,250.0,250.0,19.433,5.929,3.212,15.234,11.439,7.085,4.354,6.999,3.795,0.422,3.373,3.380,0.000,0.000,0.500,
11.11.2025,8:27:32.458,19.032,30.030,19.815,3.788,0.001,250.0,250.0,17.000,4.528,2.710,10.360,8.109,5.020,3.089,4.959,3.831,0.411,3.420,3.371,0.000,2.125,2.250,
11.11.2025,8:27:33.456,23.110,28.670,18.534,3.743,0.000,250.0,250.0,18.710,5.172,3.065,12.502,9.654,5.985,3.669,5.923,3.774,0.394,3.380,3.371,0.000,0.000,0.125,
11.11.2025,8:27:34.454,17.672,28.210,18.095,3.725,0.000,250.0,250.0,21.935,6.812,3.519,18.308,13.540,8.399,5.141,8.288,3.774,0.394,3.380,3.380,0.001,0.500,0.000,
11.11.2025,8:27:35.452,16.313,27.254,16.978,3.852,0.000,250.0,250.0,11.720,3.716,2.710,7.307,6.218,3.854,2.364,3.805,3.765,0.394,3.371,3.371,0.000,1.000,2.500,
11.11.2025,8:27:36.449,24.469,27.094,16.905,3.820,0.000,250.0,250.0,14.208,5.729,3.126,14.580,10.968,6.800,4.168,6.726,3.772,0.401,3.371,3.380,0.000,2.000,0.000,
11.11.2025,8:27:37.464,12.235,30.291,20.216,3.671,0.000,250.0,250.0,19.978,7.602,3.715,21.145,15.409,9.555,5.854,9.445,3.761,0.390,3.371,3.380,0.000,1.000,0.000,
11.11.2025,8:27:38.459,19.032,27.316,17.084,3.843,0.000,250.0,250.0,13.687,3.838,2.734,7.744,6.509,4.031,2.478,3.982,3.765,0.394,3.371,3.371,0.000,0.000,0.000,
11.11.2025,8:27:39.458,16.313,28.503,18.385,3.715,0.000,250.0,250.0,17.718,7.486,3.666,20.735,15.120,9.379,5.741,9.269,3.780,0.391,3.389,3.389,0.000,0.000,1.250,
11.11.2025,8:27:40.455,21.750,27.438,17.288,3.787,0.000,250.0,250.0,17.645,8.663,3.972,24.884,17.890,11.091,6.799,10.956,3.833,0.412,3.421,3.371,0.000,0.000,0.875,
11.11.2025,8:27:41.459,20.391,27.702,17.546,3.747,0.000,250.0,250.0,18.889,4.944,2.697,12.014,9.116,5.654,3.462,5.592,3.765,0.394,3.371,3.371,0.000,0.000,0.000,
11.11.2025,8:27:42.457,21.750,28.805,18.652,3.804,0.000,250.0,250.0,16.588,7.194,3.654,19.576,14.404,8.930,5.474,8.820,3.849,0.411,3.438,3.389,0.001,0.000,0.000,
11.11.2025,8:27:43.453,35.344,28.295,18.126,3.772,0.000,250.0,250.0,21.296,6.340,3.273,16.740,12.397,7.687,4.710,7.601,3.804,0.422,3.382,3.380,0.000,0.000,1.500,
11.11.2025,8:27:44.450,14.953,28.396,18.166,3.822,0.000,250.0,250.0,15.986,8.141,3.960,22.922,16.678,10.344,6.334,10.208,3.786,0.397,3.389,3.389,0.000,0.000,0.000,
11.11.2025,8:27:45.449,17.672,29.977,19.777,3.811,0.000,250.0,250.0,17.912,3.855,2.648,7.899,6.547,4.056,2.491,4.007,3.765,0.394,3.371,3.371,0.000,0.750,0.750,
11.11.2025,8:27:46.460,19.032,29.960,19.620,3.876,0.000,250.0,250.0,12.239,3.899,2.599,8.113,6.654,4.128,2.526,4.066,3.765,0.394,3.371,3.371,0.000,0.500,1.125,
11.11.2025,8:27:47.458,19.032,28.145,17.940,3.790,0.000,250.0,250.0,14.293,6.974,3.494,18.946,13.916,8.630,5.286,8.519,3.779,0.390,3.389,3.389,0.000,1.250,0.000,
11.11.2025,8:27:48.452,16.313,27.627,17.470,3.796,0.000,250.0,250.0,20.711,4.764,3.004,11.006,8.692,5.392,3.300,5.318,3.774,0.394,3.380,3.380,0.000,0.000,0.000,
11.11.2025,8:27:49.450,19.032,26.770,16.554,3.776,0.000,250.0,250.0,16.353,8.182,3.899,23.170,16.779,10.411,6.368,10.288,3.761,0.390,3.371,3.380,0.000,0.000,0.000,
11.11.2025,8:27:50.449,13.594,28.174,18.047,3.781,0.000,250.0,250.0,15.851,4.083,2.636,8.791,7.078,4.394,2.684,4.345,3.765,0.394,3.371,3.371,0.000,1.000,0.000,
11.11.2025,8:27:51.463,10.875,28.970,18.474,3.951,0.001,250.0,250.0,13.407,3.595,2.563,6.996,5.929,3.674,2.255,3.637,3.765,0.394,3.371,3.371,0.000,0.750,1.625,
11.11.2025,8:27:52.464,19.032,29.399,19.277,3.757,0.000,250.0,250.0,13.020,4.553,2.734,10.422,8.153,5.062,3.091,5.000,3.849,0.411,3.438,3.371,0.000,0.000,0.000,
11.11.2025,8:27:53.450,17.672,26.637,16.614,3.683,0.000,250.0,250.0,17.951,4.682,2.783,10.930,8.501,5.265,3.236,5.204,3.765,0.394,3.371,3.371,0.000,1.375,0.000,
11.11.2025,8:27:54.449,13.594,27.442,17.222,3.832,0.001,250.0,250.0,12.194,6.142,3.212,16.074,11.955,7.416,4.539,7.330,3.761,0.390,3.371,3.371,0.000,0.000,0.500,
11.11.2025,8:27:55.449,17.672,28.319,18.138,3.746,0.000,250.0,250.0,17.123,3.990,2.464,8.601,6.861,4.262,2.599,4.212,3.765,0.394,3.371,3.371,0.000,0.375,0.000,
11.11.2025,8:27:56.464,17.672,29.443,19.063,3.912,0.000,250.0,250.0,12.877,3.829,2.477,7.973,6.482,4.017,2.465,3.980,3.763,0.392,3.371,3.371,0.000,0.625,1.625,
11.11.2025,8:27:57.458,19.032,30.859,20.435,3.982,0.000,250.0,250.0,14.241,5.892,3.053,15.272,11.351,7.046,4.305,6.960,3.777,0.397,3.380,3.380,0.000,0.375,0.000,
11.11.2025,8:27:58.457,20.391,30.339,19.669,4.156,0.000,250.0,250.0,15.589,3.985,2.514,8.534,6.848,4.249,2.599,4.200,3.765,0.394,3.371,3.371,0.001,0.000,0.000,
11.11.2025,8:27:59.455,24.469,28.407,18.459,3.610,0.000,250.0,250.0,16.541,4.610,2.857,10.573,8.334,5.171,3.163,5.097,3.765,0.394,3.371,3.371,0.000,2.000,0.500,
11.11.2025,8:28:0.456,23.110,27.886,17.804,3.780,0.000,250.0,250.0,16.329,3.710,2.624,7.373,6.205,3.841,2.364,3.792,3.765,0.394,3.371,3.371,0.001,0.375,1.125,
11.11.2025,8:28:1.455,17.672,29.493,19.142,3.896,0.000,250.0,250.0,13.434,3.724,2.648,7.398,6.236,3.870,2.366,3.820,3.765,0.394,3.371,3.371,0.000,0.000,0.500,
11.11.2025,8:28:2.451,21.750,28.430,18.113,3.875,0.000,250.0,250.0,11.241,8.921,4.144,25.688,18.503,11.470,7.033,11.335,3.834,0.414,3.420,3.371,0.000,0.000,0.000,
11.11.2025,8:28:3.450,20.391,29.093,19.163,3.606,0.001,250.0,250.0,20.905,5.762,3.151,14.678,11.048,6.853,4.195,6.767,3.774,0.394,3.380,3.380,0.000,0.000,0.000,
11.11.2025,8:28:4.449,13.594,29.118,18.760,3.885,0.000,250.0,250.0,13.530,3.832,2.489,7.971,6.487,4.020,2.467,3.983,3.765,0.394,3.371,3.371,0.000,0.000,2.000,
11.11.2025,8:28:5.450,14.953,29.510,19.286,3.841,0.000,250.0,250.0,14.253,5.753,3.102,14.710,11.032,6.838,4.194,6.765,3.761,0.390,3.371,3.371,0.001,0.125,0.000,
11.11.2025,8:28:6.452,14.953,28.521,18.361,3.750,0.000,250.0,250.0,15.391,5.301,2.955,13.076,9.933,6.167,3.766,6.093,3.827,0.407,3.420,3.371,0.000,0.000,1.125,
11.11.2025,8:28:7.456,14.953,28.521,18.361,3.750,0.000,250.0,250.0,18.902,5.823,3.249,14.823,11.197,6.940,4.257,6.866,3.765,0.394,3.371,3.371,0.000,2.000,0.500,
11.11.2025,8:28:8.454,20.391,27.932,17.951,3.655,0.000,250.0,250.0,16.654,3.888,2.636,8.036,6.627,4.102,2.525,4.052,3.765,0.394,3.371,3.371,0.000,0.750,0.000,
11.11.2025,8:28:9.453,19.032,29.286,18.991,3.876,0.000,250.0,250.0,17.360,7.367,3.641,20.307,14.851,9.208,5.643,9.098,3.770,0.390,3.380,3.380,0.000,0.500,0.000,
11.11.2025,8:28:10.449,17.672,26.430,16.316,3.755,0.000,250.0,250.0,13.342,3.832,2.587,7.878,6.489,4.026,2.463,3.977,3.765,0.394,3.371,3.371,0.001,0.000,0.000,
11.11.2025,8:28:11.450,17.672,28.218,17.929,3.829,0.000,250.0,250.0,11.466,6.452,3.261,17.205,12.692,7.871,4.821,7.773,3.765,0.394,3.371,3.371,0.000,0.000,0.000,
11.11.2025,8:28:12.450,13.594,29.000,18.746,3.859,0.000,250.0,250.0,16.401,7.811,3.605,22.044,15.901,9.863,6.038,9.740,3.770,0.390,3.380,3.380,0.000,0.000,0.000,
11.11.2025,8:28:13.460,24.469,28.670,18.548,3.748,0.000,250.0,250.0,22.589,7.476,3.616,20.748,15.106,9.366,5.740,9.256,3.771,0.391,3.380,3.380,0.000,2.125,2.250,
11.11.2025,8:28:14.459,13.594,29.926,20.053,3.636,0.000,250.0,250.0,24.987,4.014,2.587,8.555,6.917,4.291,2.626,4.241,3.774,0.394,3.380,3.371,0.000,2.000,0.500,
11.11.2025,8:28:15.460,23.110,28.701,18.663,3.672,0.001,250.0,250.0,18.230,3.763,2.575,7.622,6.324,3.920,2.404,3.883,3.765,0.394,3.371,3.371,0.000,0.000,0.000,
11.11.2025,8:28:16.456,50.298,29.633,19.298,3.894,0.000,250.0,250.0,13.372,3.727,2.685,7.376,6.245,3.868,2.377,3.819,3.765,0.394,3.371,3.371,0.000,0.000,0.000,
11.11.2025,8:28:17.452,19.032,27.515,17.280,3.788,0.000,250.0,250.0,12.281,3.693,2.501,7.436,6.157,3.818,2.339,3.781,3.765,0.394,3.371,3.371,0.001,2.125,1.125,
11.11.2025,8:28:18.449,20.391,29.928,19.493,3.963,0.000,250.0,250.0,14.836,5.971,3.151,15.489,11.550,7.159,4.391,7.073,3.765,0.394,3.371,3.371,0.000,0.000,0.000,
11.11.2025,8:28:19.451,13.594,28.917,18.808,3.784,0.000,250.0,250.0,12.236,4.011,2.501,8.588,6.878,4.265,2.613,4.216,3.840,0.419,3.421,3.371,0.000,0.000,0.750,
11.11.2025,8:28:20.450,19.032,27.506,17.191,3.866,0.001,250.0,250.0,16.736,5.937,3.077,15.400,11.445,7.101,4.344,7.014,3.804,0.422,3.382,3.380,0.000,0.000,1.500,
11.11.2025,8:28:21.449,19.032,28.947,18.795,3.768,0.000,250.0,250.0,20.075,3.772,2.673,7.565,6.345,3.942,2.403,3.893,3.765,0.394,3.371,3.371,0.000,0.000,1.125,
11.11.2025,8:28:22.450,19.032,29.144,19.064,3.719,0.001,250.0,250.0,13.014,4.216,2.587,9.313,7.374,4.567,2.807,4.518,3.808,0.426,3.382,3.380,0.000,0.500,0.750,
11.11.2025,8:28:23.450,25.829,26.997,16.727,3.854,0.000,250.0,250.0,13.874,5.544,3.200,13.809,10.536,6.536,4.000,6.462,3.765,0.394,3.371,3.371,0.000,1.125,0.000,
11.11.2025,8:28:24.463,14.953,30.992,20.620,3.879,0.000,250.0,250.0,12.650,6.575,3.408,17.533,12.974,8.043,4.931,7.957,3.768,0.397,3.371,3.371,0.001,2.000,1.125,
11.11.2025,8:28:25.458,19.032,28.581,18.371,3.820,0.000,250.0,250.0,18.656,6.380,3.237,16.866,12.452,7.727,4.725,7.629,3.898,0.524,3.374,3.371,0.000,1.875,2.250,
11.11.2025,8:28:26.454,17.672,27.315,17.129,3.814,0.000,250.0,250.0,18.656,6.380,3.237,16.866,12.452,7.727,4.725,7.629,3.898,0.524,3.374,3.371,0.000,2.250,2.250,
11.11.2025,8:28:27.455,27.188,29.540,19.287,3.818,0.000,250.0,250.0,15.876,5.813,3.225,14.753,11.141,6.906,4.235,6.832,3.831,0.411,3.420,3.380,0.000,0.000,0.000,
11.11.2025,8:28:28.451,19.032,28.721,18.692,3.696,0.000,250.0,250.0,21.873,3.861,2.575,7.988,6.554,4.073,2.481,4.024,3.774,0.394,3.380,3.371,0.000,0.000,0.500,
11.11.2025,8:28:29.452,17.672,28.112,17.799,3.864,0.000,250.0,250.0,16.170,4.201,2.710,9.161,7.367,4.571,2.796,4.509,3.765,0.394,3.371,3.371,0.000,0.250,2.000,
11.11.2025,8:28:30.464,16.313,28.832,18.626,3.817,0.000,250.0,250.0,16.080,8.263,3.984,23.360,16.955,10.513,6.442,10.390,3.805,0.423,3.382,3.380,0.000,0.000,0.000,
11.11.2025,8:28:31.449,17.672,27.510,17.477,3.714,0.000,250.0,250.0,19.029,4.772,2.820,11.207,8.686,5.389,3.297,5.328,3.804,0.422,3.382,3.380,0.000,0.000,0.000,
11.11.2025,8:28:32.464,19.032,27.621,17.480,3.718,0.000,250.0,250.0,17.588,6.603,3.543,17.498,13.037,8.093,4.944,7.995,3.774,0.394,3.380,3.371,0.000,0.375,0.000,
11.11.2025,8:28:33.460,13.594,28.135,17.980,3.803,0.000,250.0,250.0,17.789,3.952,2.771,8.151,6.773,4.199,2.574,4.150,3.765,0.394,3.371,3.371,0.000,0.000,0.125,
11.11.2025,8:28:34.457,21.750,27.854,17.616,3.835,0.000,250.0,250.0,13.026,4.391,2.808,9.745,7.780,4.826,2.954,4.764,3.833,0.412,3.421,3.371,0.000,0.375,1.125,
11.11.2025,8:28:35.450,14.953,28.574,18.411,3.777,0.000,250.0,250.0,17.547,6.617,3.494,17.604,13.080,8.109,4.971,8.010,3.765,0.394,3.371,3.371,0.000,0.000,0.000,
11.11.2025,8:28:36.449,20.391,29.807,19.623,3.754,0.000,250.0,250.0,17.610,5.302,2.980,13.101,9.963,6.182,3.781,6.108,3.765,0.394,3.371,3.371,0.000,0.000,1.250,
11.11.2025,8:28:37.463,17.672,28.821,18.682,3.767,0.001,250.0,250.0,16.813,5.036,2.881,12.188,9.330,5.785,3.545,5.724,3.765,0.394,3.371,3.371,0.000,0.000,2.250,
11.11.2025,8:28:38.459,14.953,28.553,18.444,3.770,0.000,250.0,250.0,16.691,5.813,3.102,14.905,11.150,6.916,4.234,6.830,3.805,0.422,3.383,3.380,0.000,0.000,0.625,
11.11.2025,8:28:39.458,17.672,28.141,18.023,3.752,0.001,250.0,250.0,17.380,6.825,3.420,18.465,13.560,8.409,5.151,8.298,3.786,0.414,3.372,3.371,0.000,1.375,0.000,
11.11.2025,8:28:40.454,19.032,29.064,18.993,3.710,0.000,250.0,250.0,18.673,7.004,3.617,18.943,13.990,8.674,5.316,8.563,3.777,0.397,3.380,3.380,0.000,2.125,0.000,
11.11.2025,8:28:41.457,17.672,28.980,18.897,3.715,0.001,250.0,250.0,21.079,8.030,3.727,22.739,16.411,10.174,6.237,10.051,3.796,0.422,3.374,3.371,0.000,0.500,0.000,
11.11.2025,8:28:42.456,19.032,27.506,17.147,3.906,0.000,250.0,250.0,15.674,4.392,2.673,9.935,7.814,4.848,2.966,4.787,3.765,0.394,3.371,3.371,0.000,0.000,0.375,
11.11.2025,8:28:43.457,19.032,28.692,18.425,3.873,0.000,250.0,250.0,12.743,7.859,3.899,21.935,16.020,9.934,6.086,9.811,3.768,0.397,3.371,3.371,0.000,0.000,0.000,
11.11.2025,8:28:44.449,17.672,29.115,18.900,3.809,0.000,250.0,250.0,16.525,4.531,2.783,10.348,8.142,5.050,3.092,4.989,3.765,0.394,3.371,3.371,0.000,0.375,0.000,
11.11.2025,8:28:45.451,21.750,29.054,18.858,3.775,0.000,250.0,250.0,18.041,6.929,3.470,18.808,13.810,8.559,5.251,8.461,3.777,0.397,3.380,3.380,0.000,0.000,0.000,
11.11.2025,8:28:46.449,24.469,29.859,19.587,3.866,0.000,250.0,250.0,16.238,4.118,2.820,8.739,7.165,4.444,2.721,4.395,3.763,0.392,3.371,3.371,0.000,0.000,1.625,
11.11.2025,8:28:47.459,21.750,29.098,18.820,3.859,0.000,250.0,250.0,12.529,3.835,2.771,7.699,6.501,4.026,2.475,3.977,3.765,0.394,3.371,3.371,0.000,0.000,0.000,
11.11.2025,8:28:48.449,17.672,29.806,19.616,3.807,0.000,250.0,250.0,16.103,6.981,3.678,18.752,13.909,8.621,5.288,8.523,3.831,0.411,3.420,3.380,0.000,0.375,0.000,
11.11.2025,8:28:49.464,14.953,28.869,18.722,3.797,0.000,250.0,250.0,19.020,5.429,3.028,13.531,10.268,6.370,3.898,6.283,3.770,0.390,3.380,3.371,0.000,0.500,1.625,
11.11.2025,8:28:50.461,17.672,29.046,18.733,3.866,0.000,250.0,250.0,18.963,6.035,3.274,15.603,11.695,7.255,4.440,7.169,3.774,0.394,3.380,3.371,0.000,0.750,0.000,
11.11.2025,8:28:51.456,14.953,28.018,17.916,3.716,0.000,250.0,250.0,21.369,3.689,2.624,7.278,6.152,3.810,2.342,3.761,3.774,0.394,3.380,3.371,0.000,0.000,0.000,
11.11.2025,8:28:52.454,20.391,29.119,18.714,3.971,0.000,250.0,250.0,14.922,3.579,2.575,6.917,5.891,3.648,2.243,3.611,3.765,0.394,3.371,3.371,0.000,0.000,0.000,
11.11.2025,8:28:53.452,20.391,27.925,17.611,3.854,0.000,250.0,250.0,13.133,4.476,2.722,10.100,7.949,4.922,3.027,4.860,3.900,0.429,3.471,3.380,0.000,0.125,0.000,
11.11.2025,8:28:54.462,17.672,28.175,17.851,3.892,0.000,250.0,250.0,12.637,4.258,2.710,9.380,7.497,4.653,2.844,4.592,3.765,0.394,3.371,3.371,0.000,0.875,0.000,
11.11.2025,8:28:55.463,14.953,27.790,17.772,3.715,0.000,250.0,250.0,17.411,7.469,3.813,20.537,15.098,9.356,5.742,9.246,3.765,0.394,3.371,3.371,0.001,0.000,0.000,
11.11.2025,8:28:56.460,20.391,28.884,18.621,3.836,0.000,250.0,250.0,20.276,3.833,2.685,7.772,6.481,4.016,2.465,3.979,3.774,0.394,3.380,3.380,0.000,0.000,0.500,
11.11.2025,8:28:57.459,16.313,27.771,17.463,3.877,0.000,250.0,250.0,18.643,5.944,3.212,15.292,11.473,7.115,4.358,7.029,3.795,0.422,3.373,3.371,0.000,0.375,0.000,
11.11.2025,8:28:58.455,16.313,28.357,18.178,3.787,0.001,250.0,250.0,21.181,7.557,3.604,21.074,15.301,9.488,5.813,9.365,3.774,0.394,3.380,3.380,0.000,0.000,0.875,
11.11.2025,8:28:59.450,24.469,29.549,19.372,3.850,0.000,250.0,250.0,22.577,5.067,2.673,12.372,9.332,5.787,3.545,5.713,3.936,0.453,3.483,3.380,0.000,1.250,0.000,
11.11.2025,8:29:0.449,21.750,27.574,17.156,3.986,0.000,250.0,250.0,16.836,3.822,2.722,7.705,6.465,4.015,2.450,3.966,3.765,0.394,3.371,3.371,0.000,1.875,0.000,
11.11.2025,8:29:1.461,21.750,27.930,17.744,3.780,0.000,250.0,250.0,12.331,9.215,4.180,26.817,19.230,11.919,7.311,11.771,3.770,0.390,3.380,3.380,0.000,0.000,0.000,
11.11.2025,8:29:2.456,20.391,28.134,17.794,3.890,0.000,250.0,250.0,18.694,3.692,2.550,7.372,6.162,3.820,2.342,3.771,3.765,0.394,3.371,3.371,0.000,1.875,0.000,
11.11.2025,8:29:3.452,19.032,29.619,19.366,3.841,0.000,250.0,250.0,14.473,7.032,3.482,19.199,14.061,8.722,5.339,8.623,3.761,0.390,3.371,3.371,0.000,0.000,2.375,
11.11.2025,8:29:4.464,16.313,28.797,18.767,3.706,0.000,250.0,250.0,18.598,4.524,2.685,10.364,8.090,5.024,3.066,4.963,3.832,0.412,3.420,3.380,0.000,0.375,0.375,
11.11.2025,8:29:5.461,20.391,28.654,18.286,3.884,0.000,250.0,250.0,15.180,3.800,2.538,7.801,6.417,3.978,2.439,3.929,3.765,0.394,3.371,3.371,0.000,0.000,1.125,
11.11.2025,8:29:6.463,19.032,28.233,18.087,3.795,0.000,250.0,250.0,18.979,8.268,3.997,23.294,16.925,10.496,6.429,10.373,3.891,0.421,3.470,3.380,0.000,0.000,0.000,
11.11.2025,8:29:7.463,17.672,28.009,17.969,3.672,0.000,250.0,250.0,19.036,3.905,2.648,8.046,6.635,4.112,2.523,4.063,3.774,0.394,3.380,3.475,0.001,0.000,0.000,
11.11.2025,8:29:8.462,17.672,29.968,19.792,3.785,0.000,250.0,250.0,19.299,7.574,3.702,21.039,15.337,9.512,5.825,9.401,3.770,0.390,3.380,3.380,0.000,2.125,0.000,
11.11.2025,8:29:9.461,19.032,28.751,18.642,3.736,0.000,250.0,250.0,16.735,7.424,3.641,20.536,14.982,9.292,5.690,9.181,3.770,0.390,3.380,3.380,0.001,2.250,0.000,
11.11.2025,8:29:10.457,20.391,26.226,16.173,3.744,0.000,250.0,250.0,20.352,7.353,3.702,20.193,14.821,9.193,5.628,9.070,3.770,0.390,3.380,3.380,0.000,0.875,0.000,
11.11.2025,8:29:11.454,21.750,27.957,17.673,3.842,0.000,250.0,250.0,13.543,6.041,3.298,15.596,11.721,7.269,4.452,7.170,3.761,0.390,3.371,3.380,0.000,1.375,0.000,
11.11.2025,8:29:12.452,20.391,28.900,18.706,3.779,0.000,250.0,250.0,13.813,6.638,3.396,17.763,13.115,8.137,4.978,8.039,3.783,0.394,3.389,3.389,0.000,2.125,0.375,
11.11.2025,8:29:13.460,16.313,28.777,18.402,3.948,0.000,250.0,250.0,14.051,6.275,3.151,16.590,12.241,7.591,4.650,7.493,3.832,0.411,3.421,3.371,0.000,2.125,0.000,
11.11.2025,8:29:14.460,17.672,28.816,18.632,3.811,0.000,250.0,250.0,17.910,4.897,2.857,11.622,8.978,5.567,3.411,5.505,3.828,0.408,3.420,3.371,0.000,0.000,0.000,
11.11.2025,8:29:15.456,20.391,28.835,18.553,3.836,0.000,250.0,250.0,18.292,3.933,2.759,8.085,6.729,4.178,2.551,4.128,3.765,0.394,3.371,3.371,0.000,0.000,0.000,
11.11.2025,8:29:16.453,17.672,28.407,18.450,3.648,0.000,250.0,250.0,15.066,5.112,3.126,12.222,9.521,5.900,3.621,5.826,3.765,0.394,3.371,3.371,0.000,0.875,0.000,
11.11.2025,8:29:17.451,23.110,28.042,17.503,4.026,0.000,250.0,250.0,13.548,3.831,2.673,7.789,6.481,4.017,2.464,3.980,3.765,0.394,3.371,3.371,0.000,1.000,0.000,
11.11.2025,8:29:18.450,24.469,28.845,18.521,3.889,0.000,250.0,250.0,12.823,5.003,3.028,11.861,9.231,5.723,3.508,5.649,3.828,0.407,3.421,3.371,0.000,1.125,0.500,
11.11.2025,8:29:19.460,19.032,27.538,17.351,3.843,0.000,250.0,250.0,14.526,4.863,2.808,11.511,8.878,5.504,3.374,5.430,3.876,0.453,3.423,3.371,0.000,0.750,0.000,
11.11.2025,8:29:20.460,16.313,26.862,16.543,3.876,0.000,250.0,250.0,16.637,3.843,2.599,7.897,6.511,4.045,2.466,3.995,3.774,0.394,3.380,3.371,0.001,0.000,1.625,
11.11.2025,8:29:21.457,19.032,28.152,17.957,3.784,0.000,250.0,250.0,13.696,4.739,2.722,11.145,8.596,5.333,3.263,5.271,3.839,0.410,3.429,3.380,0.000,0.000,0.000,
11.11.2025,8:29:22.453,19.032,27.854,17.613,3.840,0.000,250.0,250.0,16.057,4.056,2.587,8.733,7.021,4.348,2.673,4.299,3.765,0.394,3.371,3.371,0.000,0.000,2.250,
11.11.2025,8:29:23.450,20.391,33.369,22.968,3.984,0.000,250.0,250.0,14.920,6.048,3.175,15.746,11.731,7.268,4.463,7.182,3.765,0.394,3.371,3.380,0.000,0.000,0.000,
11.11.2025,8:29:24.464,14.953,28.046,17.747,3.854,0.000,250.0,250.0,12.134,7.836,3.800,21.947,15.966,9.907,6.059,9.784,3.759,0.388,3.371,3.380,0.000,0.375,0.000,
11.11.2025,8:29:25.449,20.391,27.890,17.514,3.924,0.000,250.0,250.0,18.807,3.746,2.514,7.618,6.285,3.895,2.390,3.858,3.765,0.394,3.371,3.371,0.000,0.000,1.125,
11.11.2025,8:29:26.461,19.032,29.320,19.006,3.902,0.000,250.0,250.0,13.368,4.515,2.612,10.457,8.105,5.026,3.079,4.964,3.765,0.394,3.371,3.380,0.000,0.000,0.000,
11.11.2025,8:29:27.459,19.032,28.304,18.104,3.836,0.000,250.0,250.0,12.273,3.688,2.452,7.460,6.149,3.820,2.329,3.771,3.765,0.394,3.371,3.371,0.000,0.125,0.000,
11.11.2025,8:29:28.457,16.313,27.383,17.037,3.880,0.000,250.0,250.0,16.917,6.095,3.212,15.897,11.843,7.342,4.501,7.256,3.765,0.394,3.371,3.371,0.001,0.000,0.000,
11.11.2025,8:29:29.454,14.953,27.600,17.484,3.782,0.000,250.0,250.0,14.088,4.445,2.857,9.940,7.931,4.926,3.005,4.865,3.774,0.394,3.380,3.380,0.000,0.000,0.375,
11.11.2025,8:29:30.449,19.032,27.963,17.731,3.805,0.000,250.0,250.0,19.071,6.112,3.224,15.937,11.885,7.370,4.515,7.271,3.770,0.390,3.380,3.380,0.000,0.000,0.000,
11.11.2025,8:29:31.462,17.672,26.957,16.678,3.864,0.000,250.0,250.0,18.096,3.724,2.612,7.432,6.235,3.869,2.366,3.820,3.765,0.394,3.371,3.371,0.000,0.875,1.625,
11.11.2025,8:29:32.459,16.313,27.938,17.545,3.986,0.000,250.0,250.0,11.163,3.737,2.722,7.373,6.255,3.879,2.376,3.842,3.774,0.394,3.380,3.380,0.000,0.000,1.125,
11.11.2025,8:29:33.451,16.313,30.114,20.071,3.726,0.000,250.0,250.0,13.877,6.981,3.653,18.839,13.942,8.643,5.299,8.544,3.761,0.390,3.371,3.371,0.000,0.500,1.125,
11.11.2025,8:29:34.450,17.672,27.823,17.739,3.725,0.000,250.0,250.0,21.060,3.694,2.550,7.385,6.160,3.819,2.341,3.783,3.765,0.394,3.371,3.371,0.000,0.375,0.000,
11.11.2025,8:29:35.449,20.391,27.595,17.388,3.797,0.000,250.0,250.0,11.961,6.617,3.249,17.847,13.077,8.107,4.970,8.008,3.772,0.401,3.371,3.371,0.000,0.000,0.000,
11.11.2025,8:29:36.450,16.313,27.614,17.446,3.790,0.000,250.0,250.0,19.347,7.278,3.519,20.094,14.640,9.079,5.561,8.969,3.770,0.390,3.380,3.380,0.000,0.000,0.000,
11.11.2025,8:29:37.450,23.110,29.096,18.871,3.809,0.000,250.0,250.0,19.863,7.838,3.629,22.121,15.966,9.894,6.072,9.771,3.774,0.394,3.380,3.380,0.001,0.375,0.000,
11.11.2025,8:29:38.462,21.750,27.640,17.603,3.727,0.001,250.0,250.0,20.497,7.997,3.764,22.600,16.347,10.128,6.219,10.005,3.770,0.390,3.380,3.371,0.000,1.250,0.875,
11.11.2025,8:29:39.457,16.313,28.409,17.977,3.973,0.000,250.0,250.0,19.902,3.968,2.673,8.300,6.811,4.225,2.586,4.163,3.774,0.394,3.380,3.371,0.000,0.000,0.375,
11.11.2025,8:29:40.459,19.032,28.835,18.705,3.776,0.000,250.0,250.0,12.552,3.726,2.563,7.487,6.235,3.869,2.366,3.820,3.774,0.394,3.380,3.371,0.000,0.000,0.000,
11.11.2025,8:29:41.455,20.391,28.732,18.427,3.845,0.000,250.0,250.0,19.781,3.781,2.612,7.646,6.370,3.943,2.427,3.893,3.774,0.394,3.380,3.371,0.000,0.000,1.125,
11.11.2025,8:29:42.468,23.110,27.843,17.729,3.896,0.000,250.0,250.0,12.788,7.277,3.592,20.016,14.636,9.077,5.559,8.966,3.774,0.394,3.380,3.380,0.000,0.375,0.500,
11.11.2025,8:29:43.477,23.110,28.380,17.931,3.842,0.000,250.0,250.0,14.009,3.836,2.526,7.947,6.501,4.034,2.467,3.984,3.763,0.392,3.371,3.371,0.000,0.125,1.125,
11.11.2025,8:29:44.477,16.313,26.755,16.571,3.802,0.000,250.0,250.0,11.171,4.143,2.489,9.130,7.212,4.475,2.737,4.413,3.800,0.427,3.373,3.371,0.000,0.000,0.000,
11.11.2025,8:29:45.473,16.313,26.755,16.571,3.802,0.000,250.0,250.0,14.061,3.738,2.624,7.479,6.266,3.885,2.381,3.848,3.765,0.394,3.371,3.371,0.000,2.125,1.125,
11.11.2025,8:29:46.469,20.391,28.882,18.774,3.759,0.000,250.0,250.0,18.304,6.542,3.359,17.451,12.907,7.998,4.909,7.899,3.765,0.394,3.371,3.371,0.000,0.000,0.000,
11.11.2025,8:29:47.488,16.313,27.706,17.330,3.897,0.000,250.0,250.0,13.366,6.613,3.420,17.658,13.072,8.104,4.968,8.006,3.765,0.394,3.371,3.371,0.000,0.000,0.000,
11.11.2025,8:29:48.480,24.469,29.260,19.117,3.779,0.000,250.0,250.0,13.455,4.701,2.575,11.184,8.532,5.294,3.238,5.220,3.797,0.426,3.371,3.371,0.000,0.000,0.125,
11.11.2025,8:29:49.484,19.032,30.464,20.171,3.870,0.000,250.0,250.0,14.805,7.778,3.727,21.793,15.827,9.814,6.013,9.691,3.772,0.401,3.371,3.371,0.000,1.000,0.000,
11.11.2025,8:29:50.480,19.032,28.718,18.307,3.921,0.000,250.0,250.0,16.439,3.756,2.428,7.735,6.307,3.905,2.402,3.856,3.774,0.394,3.380,3.380,0.000,0.000,0.000,
11.11.2025,8:29:51.482,13.594,28.894,18.697,3.807,0.000,250.0,250.0,14.557,5.245,3.065,12.795,9.836,6.094,3.742,6.020,3.765,0.394,3.371,3.371,0.000,0.375,0.500,
11.11.2025,8:29:52.496,10.875,28.788,18.807,3.665,0.000,250.0,250.0,11.392,4.329,2.526,9.748,7.616,4.720,2.896,4.658,3.875,0.452,3.423,3.371,0.000,1.125,0.000,
11.11.2025,8:29:53.525,19.032,28.491,17.888,4.052,0.000,250.0,250.0,15.045,7.255,3.531,19.984,14.586,9.040,5.546,8.929,3.777,0.397,3.380,3.380,0.000,0.000,1.125,
11.11.2025,8:29:54.524,20.391,26.790,16.592,3.802,0.000,250.0,250.0,15.836,4.468,2.661,10.197,7.971,4.940,3.031,4.891,3.806,0.435,3.371,3.380,0.000,0.000,0.000,
11.11.2025,8:29:55.518,20.391,29.958,19.787,3.756,0.000,250.0,250.0,16.863,6.318,3.359,16.536,12.341,7.653,4.688,7.555,3.832,0.411,3.421,3.380,0.000,0.000,0.375,
11.11.2025,8:29:56.515,19.032,26.437,16.175,3.860,0.000,250.0,250.0,18.656,3.855,2.673,7.880,6.541,4.065,2.476,4.016,3.765,0.394,3.371,3.371,0.000,2.125,0.875,
11.11.2025,8:29:57.520,17.672,28.949,18.839,3.744,0.000,250.0,250.0,13.781,6.403,3.212,17.049,12.555,7.784,4.771,7.698,3.793,0.422,3.371,3.371,0.000,0.000,0.375,
11.11.2025,8:29:58.512,21.750,27.360,17.243,3.751,0.000,250.0,250.0,12.503,3.928,2.550,8.274,6.719,4.167,2.552,4.117,3.765,0.394,3.371,3.371,0.000,0.875,1.250,
11.11.2025,8:29:59.511,14.953,26.547,16.221,3.886,0.000,250.0,250.0,16.329,3.722,2.452,7.580,6.223,3.857,2.366,3.820,3.774,0.394,3.380,3.371,0.000,2.000,0.000,
11.11.2025,8:30:0.522,10.875,26.914,16.786,3.729,0.000,250.0,250.0,18.742,6.273,3.114,16.402,12.098,7.500,4.598,7.414,4.116,0.695,3.421,3.371,0.000,0.750,0.000,
11.11.2025,8:30:1.519,20.391,28.628,18.192,4.002,0.000,250.0,250.0,17.561,6.273,2.685,11.216,8.616,5.342,3.274,5.280,3.765,0.394,3.371,3.380,0.000,0.125,0.375,
11.11.2025,8:30:2.513,19.032,29.450,19.113,3.922,0.000,250.0,250.0,17.561,4.732,2.685,11.216,8.616,5.342,3.274,5.280,3.765,0.394,3.371,3.380,0.000,1.500,1.125,
11.11.2025,8:30:3.525,13.594,29.311,18.894,3.933,0.000,250.0,250.0,11.624,3.983,2.575,8.464,6.852,4.252,2.600,4.190,3.763,0.392,3.371,3.371,0.000,0.000,0.000,
11.11.2025,8:30:4.525,16.313,28.460,18.402,3.734,0.000,250.0,250.0,13.762,6.073,3.273,15.691,11.757,7.293,4.464,7.206,3.831,0.411,3.420,3.380,0.000,0.000,0.375,
11.11.2025,8:30:5.521,17.672,29.566,19.259,3.833,0.000,250.0,250.0,16.795,3.850,2.526,7.991,6.534,4.044,2.490,3.995,3.774,0.394,3.380,3.371,0.000,1.000,1.125,
11.11.2025,8:30:6.512,13.594,27.459,17.222,3.863,0.000,250.0,250.0,12.672,3.718,2.624,7.401,6.217,3.853,2.364,3.816,3.765,0.394,3.371,3.371,0.000,0.500,0.000,
11.11.2025,8:30:7.515,17.672,28.848,18.634,3.782,0.000,250.0,250.0,15.414,8.821,4.095,25.387,18.286,11.331,6.955,11.196,3.795,0.422,3.373,3.371,0.000,1.125,0.000,
11.11.2025,8:30:8.512,23.110,28.041,17.875,3.770,0.000,250.0,250.0,15.606,4.136,2.489,9.101,7.199,4.462,2.737,4.400,3.799,0.426,3.373,3.371,0.000,1.750,0.000,
11.11.2025,8:30:9.523,17.672,28.336,18.199,3.791,0.000,250.0,250.0,13.853,7.350,3.604,20.291,14.815,9.184,5.631,9.073,3.768,0.397,3.371,3.371,0.000,0.250,0.000,
11.11.2025,8:30:10.526,17.672,27.893,17.697,3.775,0.000,250.0,250.0,18.784,7.074,3.347,19.488,14.155,8.781,5.374,8.670,3.774,0.394,3.380,3.380,0.000,0.000,0.500,
11.11.2025,8:30:11.519,16.313,26.955,16.699,3.871,0.000,250.0,250.0,17.708,6.001,3.224,15.503,11.607,7.193,4.414,7.107,3.795,0.422,3.373,3.371,0.000,1.375,1.125,
11.11.2025,8:30:12.523,17.672,29.470,19.422,3.690,0.000,250.0,250.0,20.294,8.494,3.849,24.387,17.506,10.855,6.651,10.732,3.794,0.422,3.372,3.371,0.000,1.375,0.000,
11.11.2025,8:30:13.518,20.391,26.874,16.617,3.854,0.001,250.0,250.0,15.832,4.177,2.636,9.150,7.299,4.529,2.770,4.480,3.765,0.394,3.371,3.371,0.000,1.250,1.625,
11.11.2025,8:30:14.515,12.235,29.532,19.417,3.696,0.000,250.0,250.0,15.766,5.479,2.979,13.749,10.375,6.437,3.938,6.351,3.793,0.420,3.373,3.371,0.000,0.500,0.000,
11.11.2025,8:30:15.514,16.313,25.707,15.428,3.833,0.000,250.0,250.0,20.364,6.134,3.163,16.098,11.931,7.404,4.527,7.318,3.765,0.394,3.371,3.371,0.000,0.000,0.000,
11.11.2025,8:30:16.511,19.032,27.733,17.575,3.805,0.000,250.0,250.0,14.329,4.226,2.587,9.327,7.389,4.581,2.808,4.519,3.839,0.419,3.420,3.371,0.000,1.000,0.000,
11.11.2025,8:30:17.511,20.391,39.073,28.643,3.976,0.000,250.0,250.0,13.958,4.439,2.697,10.091,7.924,4.909,3.015,4.848,3.765,0.394,3.371,3.371,0.000,1.375,0.125,
11.11.2025,8:30:18.512,27.188,41.222,30.701,4.045,0.000,250.0,250.0,18.111,7.278,3.641,19.924,14.610,9.051,5.559,8.941,3.836,0.407,3.429,3.380,0.001,0.000,0.000,
11.11.2025,8:30:19.515,20.391,42.588,32.073,4.061,0.000,250.0,250.0,16.754,4.386,2.661,9.920,7.801,4.843,2.958,4.781,3.765,0.394,3.371,3.371,0.000,0.000,0.000,
11.11.2025,8:30:20.540,16.313,34.007,23.776,3.851,0.000,250.0,250.0,17.701,6.052,3.188,15.756,11.732,7.280,4.452,7.194,3.774,0.394,3.380,3.371,0.000,2.125,0.875,
11.11.2025,8:30:21.535,12.235,27.497,17.320,3.723,0.000,250.0,250.0,17.924,7.561,3.470,21.217,15.308,9.492,5.816,9.369,3.777,0.397,3.380,3.380,0.000,0.000,0.000,
11.11.2025,8:30:22.539,17.672,27.635,17.512,3.762,0.000,250.0,250.0,15.915,4.294,2.612,9.563,7.547,4.678,2.869,4.617,3.840,0.419,3.421,3.371,0.000,0.000,0.000,
11.11.2025,8:30:23.532,19.032,28.612,18.246,3.889,0.000,250.0,250.0,15.574,7.800,3.703,21.911,15.869,9.841,6.028,9.730,3.772,0.401,3.371,3.371,0.000,1.375,0.500,
11.11.2025,8:30:24.532,17.672,28.884,18.796,3.733,0.000,250.0,250.0,15.214,9.290,4.217,27.078,19.399,12.035,7.364,11.887,3.769,0.389,3.380,3.380,0.000,0.000,0.000,
11.11.2025,8:30:25.546,16.313,28.201,18.118,3.682,0.000,250.0,250.0,21.957,3.769,2.587,7.632,6.345,3.930,2.415,3.881,3.765,0.394,3.371,3.371,0.000,0.000,0.125,
11.11.2025,8:30:26.560,14.953,26.987,16.792,3.823,0.000,250.0,250.0,18.109,5.956,3.298,15.268,11.508,7.131,4.377,7.045,3.774,0.394,3.380,3.380,0.000,0.000,0.625,
11.11.2025,8:30:27.571,17.672,28.999,18.765,3.804,0.000,250.0,250.0,18.003,3.870,2.538,8.071,6.582,4.080,2.502,4.030,3.765,0.394,3.371,3.371,0.000,1.000,0.500,
11.11.2025,8:30:28.572,23.110,25.960,15.804,3.781,0.000,250.0,250.0,14.508,5.576,2.918,14.146,10.576,6.562,4.014,6.488,3.837,0.407,3.430,3.380,0.000,0.000,0.875,
11.11.2025,8:30:29.572,36.704,27.069,16.912,3.720,0.000,250.0,250.0,16.955,6.822,3.335,18.475,13.516,8.387,5.129,8.289,3.850,0.411,3.439,3.389,0.000,0.000,0.000,
11.11.2025,8:30:30.572,14.953,28.005,18.067,3.636,0.000,250.0,250.0,21.909,5.827,3.212,14.865,11.201,6.947,4.254,6.860,3.774,0.394,3.380,3.380,0.000,0.000,0.500,
11.11.2025,8:30:31.565,20.391,28.414,18.095,3.857,0.000,250.0,250.0,18.790,5.415,2.967,13.486,10.197,6.323,3.874,6.249,3.837,0.407,3.430,3.380,0.000,0.000,1.125,
11.11.2025,8:30:32.565,19.032,25.849,15.565,3.827,0.000,250.0,250.0,17.469,3.890,2.587,8.089,6.631,4.104,2.527,4.055,3.765,0.394,3.371,3.371,0.000,0.000,0.000,
11.11.2025,8:30:33.561,17.672,30.369,20.377,3.690,0.000,250.0,250.0,13.690,7.010,3.494,19.105,14.008,8.683,5.325,8.584,3.766,0.395,3.371,3.371,0.000,0.000,0.000,
11.11.2025,8:30:34.570,16.313,28.880,18.764,3.726,0.000,250.0,250.0,17.366,3.775,2.477,7.750,6.356,3.937,2.419,3.888,3.774,0.394,3.380,3.371,0.000,0.750,0.000,
11.11.2025,8:30:35.565,16.313,30.075,19.846,3.791,0.000,250.0,250.0,15.553,5.449,3.004,13.619,10.315,6.389,3.926,6.315,3.774,0.394,3.380,3.371,0.000,1.375,0.000,
11.11.2025,8:30:36.565,23.110,27.429,17.192,3.817,0.000,250.0,250.0,17.452,5.619,2.832,14.452,10.717,6.644,4.073,6.558,3.772,0.401,3.371,3.371,0.000,0.000,1.625,
11.11.2025,8:30:37.558,23.110,29.020,18.956,3.688,0.000,250.0,250.0,17.080,3.867,2.538,8.043,6.574,4.070,2.504,4.021,3.774,0.394,3.380,3.371,0.000,0.000,1.000,
11.11.2025,8:30:38.557,17.672,27.112,17.107,3.654,0.000,250.0,250.0,22.392,3.964,2.636,8.322,6.798,4.212,2.586,4.162,3.774,0.394,3.380,3.380,0.000,0.000,0.000,
11.11.2025,8:30:39.566,17.672,29.502,19.443,3.680,0.000,250.0,250.0,20.543,5.375,2.992,13.340,10.116,6.277,3.839,6.203,3.804,0.422,3.382,3.371,0.000,0.000,0.000,
11.11.2025,8:30:40.570,16.313,27.659,17.627,3.719,0.000,250.0,250.0,16.357,8.048,3.874,22.665,16.461,10.203,6.258,10.080,3.781,0.401,3.380,3.380,0.000,0.000,2.250,
11.11.2025,8:30:41.569,21.750,27.017,16.771,3.775,0.000,250.0,250.0,16.944,3.754,2.661,7.497,6.310,3.907,2.403,3.857,3.765,0.394,3.371,3.371,0.000,0.000,2.250,
11.11.2025,8:30:42.569,17.672,27.932,17.766,3.761,0.000,250.0,250.0,11.471,6.141,3.200,16.090,11.950,7.413,4.537,7.327,3.761,0.390,3.371,3.371,0.000,0.000,0.000,
11.11.2025,8:30:43.570,20.391,26.964,16.807,3.765,0.000,250.0,250.0,15.402,8.040,3.690,22.806,16.428,10.182,6.246,10.059,3.809,0.436,3.373,3.371,0.000,0.000,0.000,
11.11.2025,8:30:44.566,16.313,28.756,18.769,3.665,0.000,250.0,250.0,20.690,4.008,2.563,8.575,6.909,4.286,2.623,4.224,3.765,0.394,3.371,3.371,0.000,0.000,0.500,
11.11.2025,8:30:45.562,17.672,28.241,18.035,3.778,0.000,250.0,250.0,15.036,6.590,3.224,17.750,13.004,8.058,4.946,7.960,3.795,0.422,3.373,3.371,0.000,0.000,0.000,
11.11.2025,8:30:46.564,13.594,29.364,19.198,3.769,0.000,250.0,250.0,13.833,6.435,3.237,17.145,12.636,7.837,4.799,7.739,3.793,0.422,3.371,3.371,0.000,0.000,0.000,
11.11.2025,8:30:47.567,17.672,27.867,17.744,3.760,0.000,250.0,250.0,13.972,6.330,3.224,16.790,12.394,7.685,4.709,7.599,3.765,0.394,3.371,3.371,0.001,0.000,0.000,
11.11.2025,8:30:48.564,21.750,27.360,17.165,3.793,0.000,250.0,250.0,16.493,6.183,3.151,16.273,12.050,7.471,4.579,7.373,3.774,0.394,3.380,3.380,0.000,0.000,0.000,
11.11.2025,8:30:49.564,21.750,29.281,19.236,3.685,0.000,250.0,250.0,20.674,3.977,2.624,8.374,6.829,4.236,2.593,4.186,3.774,0.394,3.380,3.380,0.001,0.250,1.000,
11.11.2025,8:30:50.562,17.672,30.446,20.264,3.788,0.000,250.0,250.0,19.746,9.162,4.156,26.607,19.089,11.837,7.252,11.690,3.804,0.422,3.382,3.380,0.000,1.125,0.000,
11.11.2025,8:30:51.559,14.953,27.766,17.630,3.741,0.000,250.0,250.0,18.205,6.473,3.249,17.297,12.738,7.894,4.844,7.795,3.766,0.395,3.371,3.380,0.000,2.250,0.000,
11.11.2025,8:30:52.561,20.391,29.017,18.787,3.821,0.000,250.0,250.0,15.467,5.822,3.004,15.038,11.180,6.937,4.243,6.850,3.797,0.423,3.374,3.380,0.000,0.000,0.000,
11.11.2025,8:30:53.559,16.313,29.670,19.559,3.738,0.000,250.0,250.0,20.511,3.908,2.550,8.188,6.671,4.131,2.540,4.081,3.774,0.394,3.380,3.371,0.000,2.000,1.125,
11.11.2025,8:30:54.561,20.391,26.853,16.699,3.754,0.000,250.0,250.0,16.968,4.900,2.979,11.551,9.011,5.589,3.422,5.515,3.774,0.394,3.380,3.380,0.000,0.000,0.000,
11.11.2025,8:30:55.560,21.750,28.930,18.832,3.745,0.000,250.0,250.0,20.267,8.067,3.850,22.775,16.512,10.230,6.282,10.107,3.768,0.397,3.371,3.380,0.000,0.000,1.500,
11.11.2025,8:30:56.572,21.750,27.317,17.256,3.710,0.000,250.0,250.0,21.483,6.662,3.359,17.875,13.164,8.169,4.995,8.071,3.805,0.422,3.383,3.380,0.000,0.000,0.000,
11.11.2025,8:30:57.571,17.672,27.768,17.642,3.750,0.000,250.0,250.0,20.822,3.751,2.465,7.685,6.301,3.909,2.392,3.859,3.765,0.394,3.371,3.371,0.000,0.875,1.625,
11.11.2025,8:30:58.565,13.594,26.806,16.630,3.782,0.000,250.0,250.0,17.082,6.191,3.114,16.325,12.052,7.477,4.575,7.379,3.804,0.422,3.382,3.380,0.000,0.000,1.125,
11.11.2025,8:30:59.567,14.953,27.399,17.058,3.890,0.000,250.0,250.0,13.319,4.376,2.526,10.008,7.772,4.816,2.956,4.767,3.765,0.394,3.371,3.380,0.000,0.000,0.000,
11.11.2025,8:31:0.564,21.750,28.699,18.551,3.781,0.000,250.0,250.0,15.704,7.471,3.641,20.709,15.099,9.357,5.742,9.247,3.768,0.397,3.371,3.380,0.000,0.000,0.000,
11.11.2025,8:31:1.559,13.594,25.750,15.377,3.914,0.000,250.0,250.0,13.519,3.704,2.514,7.448,6.193,3.837,2.356,3.787,3.765,0.394,3.371,3.371,0.000,1.000,0.000,
11.11.2025,8:31:2.573,17.672,28.860,18.426,3.935,0.000,250.0,250.0,11.403,3.742,2.538,7.583,6.280,3.891,2.389,3.842,3.765,0.394,3.371,3.371,0.000,0.000,2.500,
11.11.2025,8:31:3.567,28.547,28.835,18.292,4.098,0.000,250.0,250.0,15.764,3.769,2.722,7.497,6.346,3.931,2.415,3.881,3.765,0.394,3.371,3.371,0.000,1.125,1.750,
11.11.2025,8:31:4.563,16.313,30.581,20.392,3.818,0.000,250.0,250.0,15.144,7.125,3.629,19.403,14.280,8.856,5.424,8.745,3.772,0.401,3.371,3.371,0.000,0.750,0.000,
11.11.2025,8:31:5.563,16.313,25.989,15.575,3.919,0.001,250.0,250.0,14.853,6.227,3.482,16.129,12.157,7.543,4.614,7.445,3.765,0.394,3.371,3.371,0.000,0.375,0.000,
11.11.2025,8:31:6.560,12.235,26.248,16.002,3.842,0.000,250.0,250.0,12.434,3.746,2.489,7.650,6.282,3.892,2.390,3.855,3.765,0.394,3.371,3.371,0.000,0.000,0.000,
11.11.2025,8:31:7.559,32.625,28.425,18.275,3.781,0.000,250.0,250.0,14.353,6.575,3.347,17.534,12.937,8.030,4.907,7.932,3.841,0.411,3.430,3.380,0.000,0.000,0.000,
11.11.2025,8:31:8.571,19.032,27.464,17.259,3.777,0.000,250.0,250.0,20.298,6.218,3.212,16.352,12.124,7.513,4.611,7.427,3.781,0.401,3.380,3.380,0.000,0.000,0.000,
11.11.2025,8:31:9.565,19.032,26.148,15.951,3.778,0.001,250.0,250.0,17.079,3.749,2.550,7.583,6.285,3.894,2.391,3.857,3.774,0.394,3.380,3.380,0.000,1.500,1.375,
11.11.2025,8:31:10.570,17.672,28.342,18.018,3.857,0.000,250.0,250.0,12.576,7.685,3.825,21.341,15.599,9.674,5.925,9.564,3.770,0.390,3.380,3.380,0.000,1.000,0.500,
11.11.2025,8:31:11.565,25.829,28.738,18.582,3.781,0.000,250.0,250.0,19.939,8.524,3.996,24.321,17.560,10.888,6.672,10.753,3.840,0.419,3.421,3.371,0.000,2.125,0.000,
11.11.2025,8:31:12.565,20.391,28.958,18.907,3.686,0.000,250.0,250.0,23.719,3.772,2.661,7.561,6.345,3.930,2.415,3.881,3.774,0.394,3.380,3.380,0.000,0.375,1.125,
11.11.2025,8:31:13.560,16.313,27.967,17.713,3.868,0.000,250.0,250.0,17.136,5.042,2.857,12.174,9.312,5.782,3.530,5.708,3.838,0.408,3.430,3.380,0.000,0.000,0.000,
11.11.2025,8:31:14.558,20.391,25.170,14.920,3.851,0.000,250.0,250.0,18.090,4.122,2.746,8.821,7.176,4.443,2.733,4.394,3.765,0.394,3.371,3.371,0.000,0.000,0.000,
11.11.2025,8:31:15.573,23.110,28.129,17.964,3.781,0.001,250.0,250.0,11.837,6.755,3.372,18.244,13.404,8.313,5.091,8.203,3.770,0.390,3.380,3.380,0.001,0.625,1.500,
11.11.2025,8:31:16.572,16.313,27.042,16.844,3.757,0.000,250.0,250.0,15.852,3.778,2.599,7.655,6.367,3.941,2.426,3.891,3.765,0.394,3.371,3.371,0.000,0.000,0.000,
11.11.2025,8:31:17.560,16.313,28.487,18.501,3.675,0.000,250.0,250.0,20.679,6.837,3.457,18.471,13.592,8.426,5.166,8.328,3.774,0.394,3.380,3.380,0.000,0.125,0.875,
11.11.2025,8:31:18.567,16.313,29.647,19.534,3.705,0.001,250.0,250.0,21.152,6.270,3.310,16.447,12.245,7.593,4.652,7.507,3.779,0.390,3.389,3.389,0.000,0.000,0.000,
11.11.2025,8:31:19.567,14.953,26.322,16.300,3.685,0.000,250.0,250.0,16.369,3.906,2.587,8.162,6.661,4.137,2.524,4.088,3.765,0.394,3.371,3.371,0.000,1.625,0.500,
11.11.2025,8:31:20.561,17.672,28.421,18.267,3.710,0.000,250.0,250.0,11.009,4.275,2.550,9.604,7.539,4.681,2.858,4.620,3.765,0.394,3.371,3.371,0.000,1.375,0.000,
11.11.2025,8:31:21.562,19.032,30.401,20.129,3.877,0.000,250.0,250.0,15.244,5.759,2.992,14.833,11.045,6.851,4.194,6.765,3.767,0.396,3.371,3.380,0.000,0.000,0.000,
11.11.2025,8:31:22.559,20.391,27.785,17.618,3.751,0.000,250.0,250.0,18.057,3.857,2.501,8.052,6.542,4.066,2.476,4.017,3.774,0.394,3.380,3.371,0.000,0.375,0.000,
11.11.2025,8:31:23.572,13.594,29.613,19.640,3.647,0.000,250.0,250.0,20.186,8.580,3.984,24.595,17.724,10.988,6.736,10.853,3.770,0.390,3.380,3.380,0.000,0.000,0.000,
11.11.2025,8:31:24.565,14.953,28.138,18.013,3.701,0.000,250.0,250.0,23.042,6.041,3.188,15.673,11.690,7.248,4.442,7.161,3.813,0.431,3.382,3.380,0.000,0.000,1.125,
11.11.2025,8:31:25.562,20.391,28.318,18.083,3.819,0.000,250.0,250.0,17.488,4.450,2.832,9.972,7.937,4.922,3.015,4.860,3.797,0.426,3.371,3.371,0.000,2.000,2.375,
11.11.2025,8:31:26.566,17.672,27.930,17.874,3.742,0.000,250.0,250.0,14.172,3.924,2.734,8.067,6.702,4.152,2.550,4.103,3.774,0.394,3.380,3.380,0.001,0.000,0.000,
11.11.2025,8:31:27.565,17.672,27.712,17.384,3.863,0.000,250.0,250.0,14.266,5.012,2.955,11.991,9.267,5.743,3.524,5.669,3.798,0.426,3.372,3.371,0.000,0.000,1.250,
11.11.2025,8:31:28.563,19.032,28.031,17.873,3.780,0.000,250.0,250.0,14.418,3.784,2.612,7.666,6.374,3.958,2.416,3.909,3.765,0.394,3.371,3.371,0.000,0.000,0.000,
11.11.2025,8:31:29.563,19.032,28.031,17.873,3.780,0.000,250.0,250.0,13.526,6.632,3.408,17.743,13.114,8.139,4.975,8.040,3.765,0.394,3.371,3.371,0.000,0.000,0.500,
11.11.2025,8:31:30.560,21.750,26.650,16.466,3.817,0.000,250.0,250.0,13.204,4.079,2.489,8.915,7.076,4.388,2.688,4.339,3.763,0.392,3.371,3.371,0.000,1.250,0.000,
11.11.2025,8:31:31.559,20.391,27.055,16.893,3.718,0.000,250.0,250.0,16.430,4.563,2.710,10.494,8.183,5.082,3.101,5.020,3.830,0.410,3.420,3.380,0.000,1.500,2.375,
11.11.2025,8:31:32.561,14.953,28.230,18.123,3.777,0.000,250.0,250.0,18.198,3.763,2.501,7.682,6.323,3.920,2.403,3.871,3.774,0.394,3.380,3.380,0.000,2.250,0.000,
11.11.2025,8:31:33.559,19.032,29.611,19.534,3.706,0.000,250.0,250.0,19.585,3.861,2.563,8.003,6.556,4.067,2.489,4.017,3.774,0.394,3.380,3.371,0.000,1.000,0.500,
11.11.2025,8:31:34.560,21.750,28.360,18.137,3.811,0.000,250.0,250.0,18.943,6.766,3.617,18.035,13.424,8.330,5.094,8.232,3.774,0.394,3.380,3.380,0.000,0.375,0.000,
11.11.2025,8:31:35.560,17.672,26.399,16.190,3.818,0.000,250.0,250.0,15.506,3.887,2.612,8.055,6.615,4.102,2.513,4.052,3.774,0.394,3.380,3.371,0.000,1.000,1.125,
11.11.2025,8:31:36.557,17.672,26.318,16.035,3.823,0.000,250.0,250.0,17.113,3.805,2.514,7.836,6.424,3.983,2.441,3.934,3.774,0.394,3.380,3.371,0.000,0.000,0.500,
11.11.2025,8:31:37.570,20.391,25.774,15.507,3.893,0.000,250.0,250.0,16.196,3.753,2.477,7.675,6.298,3.907,2.391,3.857,3.774,0.394,3.380,3.380,0.000,2.250,0.000,
11.11.2025,8:31:38.568,19.032,27.769,17.398,3.920,0.000,250.0,250.0,14.803,3.845,2.563,7.943,6.522,4.044,2.478,3.995,3.765,0.394,3.371,3.371,0.000,0.375,0.125,
11.11.2025,8:31:39.566,16.313,27.353,17.213,3.754,0.000,250.0,250.0,17.968,6.059,3.249,15.653,11.726,7.272,4.454,7.174,3.841,0.411,3.430,3.380,0.000,1.000,0.000,
11.11.2025,8:31:40.566,16.313,27.474,17.321,3.747,0.000,250.0,250.0,20.974,8.603,4.107,24.564,17.774,11.026,6.748,10.891,3.770,0.390,3.380,3.380,0.000,1.000,0.000,
11.11.2025,8:31:41.564,21.750,29.298,19.284,3.674,0.000,250.0,250.0,19.756,3.757,2.648,7.527,6.311,3.920,2.391,3.870,3.765,0.394,3.371,3.371,0.000,0.000,0.000,
11.11.2025,8:31:42.565,17.672,28.725,18.578,3.761,0.000,250.0,250.0,15.920,6.082,3.212,15.823,11.798,7.307,4.491,7.221,3.796,0.414,3.382,3.380,0.000,0.875,0.500,
11.11.2025,8:31:43.566,23.110,27.204,16.939,3.859,0.000,250.0,250.0,18.003,3.697,2.477,7.455,6.169,3.825,2.344,3.775,3.774,0.394,3.380,3.380,0.000,2.000,1.125,
11.11.2025,8:31:44.569,17.672,29.089,19.013,3.704,0.001,250.0,250.0,16.328,6.311,3.347,16.562,12.334,7.649,4.685,7.562,3.794,0.414,3.380,3.380,0.000,0.000,0.000,
11.11.2025,8:31:45.565,16.313,27.121,16.767,3.874,0.000,250.0,250.0,18.021,6.072,3.249,15.759,11.784,7.307,4.477,7.221,3.774,0.394,3.380,3.380,0.000,1.000,2.000,
11.11.2025,8:31:46.559,17.672,29.053,18.833,3.845,0.000,250.0,250.0,18.979,6.072,3.506,18.288,13.509,8.371,5.138,8.272,3.777,0.397,3.380,3.380,0.000,0.000,2.375,
11.11.2025,8:31:47.558,20.391,28.204,18.085,3.720,0.000,250.0,250.0,18.979,6.802,3.506,18.288,13.509,8.371,5.138,8.272,3.777,0.397,3.380,3.380,0.000,0.000,0.375,
11.11.2025,8:31:48.570,19.032,28.137,17.996,3.752,0.000,250.0,250.0,17.775,3.800,2.599,7.731,6.407,3.980,2.427,3.930,3.774,0.394,3.380,3.380,0.001,0.875,0.000,
11.11.2025,8:31:49.560,24.469,27.581,17.328,3.847,0.000,250.0,250.0,13.030,4.501,2.844,10.160,8.070,5.002,3.068,4.940,3.774,0.394,3.380,3.380,0.000,2.125,0.000,
11.11.2025,8:31:50.561,23.110,27.421,17.329,3.696,0.000,250.0,250.0,16.778,6.285,3.384,16.450,12.291,7.616,4.675,7.530,3.765,0.394,3.371,3.371,0.000,0.750,0.250,
11.11.2025,8:31:51.561,19.032,30.369,20.243,3.795,0.000,250.0,250.0,20.651,4.795,3.102,11.028,8.751,5.428,3.323,5.366,3.783,0.394,3.389,3.389,0.000,0.000,0.875,
11.11.2025,8:31:52.558,16.313,26.252,15.797,3.949,0.000,250.0,250.0,13.925,3.783,2.562,7.699,6.373,3.945,2.428,3.896,3.774,0.394,3.380,3.380,0.000,0.000,0.875,
11.11.2025,8:31:53.574,19.032,28.393,18.392,3.661,0.000,250.0,250.0,14.607,8.982,4.021,26.070,18.657,11.573,7.084,11.437,3.802,0.422,3.380,3.380,0.000,1.000,0.500,
11.11.2025,8:31:54.582,21.750,30.686,20.543,3.750,0.001,250.0,250.0,19.000,6.064,3.188,15.720,11.727,7.272,4.455,7.174,3.864,0.432,3.432,3.380,0.000,2.125,1.625,
11.11.2025,8:31:55.581,19.032,29.816,19.635,3.781,0.000,250.0,250.0,19.360,5.307,3.004,13.082,9.976,6.183,3.793,6.109,3.770,0.390,3.380,3.380,0.000,0.500,0.875,
11.11.2025,8:31:56.586,13.594,25.964,15.608,3.895,0.000,250.0,250.0,13.793,4.093,2.685,8.776,7.109,4.411,2.698,4.349,3.765,0.394,3.371,3.371,0.000,0.375,0.500,
11.11.2025,8:31:57.582,16.313,27.770,17.496,3.858,0.000,250.0,250.0,11.776,4.260,2.734,9.355,7.485,4.641,2.844,4.592,3.783,0.394,3.389,3.380,0.000,0.375,0.000,
11.11.2025,8:31:58.574,13.594,28.226,18.115,3.729,0.000,250.0,250.0,16.897,7.546,3.874,20.755,15.268,9.473,5.795,9.363,3.770,0.390,3.380,3.389,0.000,0.500,0.500,
11.11.2025,8:31:59.580,23.110,27.180,17.035,3.755,0.000,250.0,250.0,23.861,6.082,3.200,15.841,11.807,7.313,4.494,7.227,3.779,0.390,3.389,3.380,0.000,0.000,0.000,
11.11.2025,8:32:0.577,16.313,29.481,19.295,3.806,0.000,250.0,250.0,18.279,5.366,2.992,13.327,10.114,6.263,3.851,6.189,3.770,0.390,3.380,3.380,0.000,0.000,0.000,
11.11.2025,8:32:1.576,23.110,28.718,18.560,3.775,0.000,250.0,250.0,17.380,5.317,2.943,13.185,10.000,6.194,3.806,6.120,3.770,0.390,3.380,3.380,0.000,0.000,1.125,
11.11.2025,8:32:2.591,20.391,26.846,16.577,3.903,0.000,250.0,250.0,15.959,4.225,2.648,9.248,7.376,4.568,2.808,4.519,3.849,0.419,3.430,3.380,0.000,1.500,0.000,
11.11.2025,8:32:3.603,19.032,30.693,20.664,3.679,0.000,250.0,250.0,16.247,7.793,3.739,21.827,15.842,9.820,6.022,9.709,3.790,0.401,3.389,3.389,0.000,0.375,0.000,
11.11.2025,8:32:4.597,9.516,27.930,17.764,3.784,0.000,250.0,250.0,18.167,6.684,3.114,18.251,13.231,8.202,5.029,8.103,3.772,0.401,3.371,3.371,0.000,0.000,0.000,
11.11.2025,8:32:5.594,32.625,27.288,16.950,3.938,0.000,250.0,250.0,12.744,4.121,2.673,8.883,7.170,4.447,2.723,4.385,3.774,0.394,3.380,3.380,0.000,0.000,1.375,
11.11.2025,8:32:6.592,28.547,28.141,17.729,3.992,0.000,250.0,250.0,13.432,3.813,2.599,7.780,6.438,3.996,2.442,3.947,3.774,0.394,3.380,3.380,0.000,0.000,1.125,
11.11.2025,8:32:7.595,19.032,27.345,17.094,3.827,0.000,250.0,250.0,17.085,4.446,2.783,10.019,7.934,4.928,3.006,4.866,3.774,0.394,3.380,3.380,0.000,0.000,1.000,
11.11.2025,8:32:8.597,19.032,29.672,19.501,3.800,0.000,250.0,250.0,19.291,8.732,4.046,25.102,18.080,11.205,6.875,11.070,3.779,0.390,3.389,3.389,0.000,0.000,0.375,
11.11.2025,8:32:9.597,20.391,28.767,18.709,3.745,0.000,250.0,250.0,21.538,6.959,3.482,18.909,13.879,8.605,5.274,8.495,3.781,0.401,3.380,3.380,0.000,0.000,0.000,
11.11.2025,8:32:10.610,20.391,27.926,17.671,3.854,0.000,250.0,250.0,16.951,4.098,2.575,8.834,7.076,4.389,2.687,4.340,3.848,0.418,3.430,3.380,0.000,0.000,2.000,
11.11.2025,8:32:11.608,14.953,28.620,18.424,3.819,0.000,250.0,250.0,12.687,4.307,2.771,9.498,7.611,4.717,2.894,4.655,3.773,0.393,3.380,3.380,0.001,0.000,0.000,
11.11.2025,8:32:12.611,19.032,26.349,16.027,3.891,0.000,250.0,250.0,14.658,3.912,2.759,7.990,6.674,4.133,2.541,4.083,3.783,0.394,3.389,3.371,0.000,0.000,0.000,
11.11.2025,8:32:13.610,17.672,29.421,19.006,3.994,0.000,250.0,250.0,18.066,7.476,3.752,20.620,15.102,9.371,5.731,9.260,3.774,0.394,3.380,3.380,0.000,1.250,2.375,
11.11.2025,8:32:14.611,16.313,28.031,17.874,3.779,0.000,250.0,250.0,19.980,5.587,3.041,14.117,10.635,6.598,4.037,6.512,3.777,0.397,3.380,3.380,0.000,1.250,0.000,
11.11.2025,8:32:15.609,20.391,27.975,17.663,3.866,0.000,250.0,250.0,17.395,3.759,2.636,7.538,6.312,3.920,2.392,3.871,3.774,0.394,3.380,3.371,0.000,0.000,0.125,
11.11.2025,8:32:16.607,16.313,27.520,17.342,3.827,0.000,250.0,250.0,15.313,4.072,2.624,8.740,7.054,4.378,2.676,4.317,3.774,0.394,3.380,3.380,0.000,0.125,0.000,
11.11.2025,8:32:17.607,17.672,28.519,18.215,3.868,0.000,250.0,250.0,14.034,5.206,2.918,12.742,9.710,6.014,3.696,5.940,3.832,0.411,3.421,3.380,0.000,0.000,0.000,
11.11.2025,8:32:18.605,14.953,28.095,17.990,3.741,0.000,250.0,250.0,16.368,7.444,3.727,20.522,15.034,9.326,5.708,9.203,3.770,0.390,3.380,3.380,0.000,2.000,0.000,
11.11.2025,8:32:19.606,17.672,27.866,17.663,3.825,0.000,250.0,250.0,16.769,6.008,3.237,15.538,11.636,7.216,4.420,7.130,3.761,0.390,3.371,3.380,0.000,2.000,0.375,
11.11.2025,8:32:20.618,16.313,27.467,17.251,3.838,0.000,250.0,250.0,16.698,6.198,3.359,16.134,12.081,7.492,4.589,7.394,3.774,0.394,3.380,3.380,0.000,0.875,0.000,
11.11.2025,8:32:21.619,14.953,28.791,18.702,3.737,0.000,250.0,250.0,20.840,6.208,3.384,16.139,12.098,7.495,4.603,7.409,3.786,0.397,3.389,3.380,0.000,1.250,1.125,
11.11.2025,8:32:22.610,17.672,27.931,17.513,3.957,0.000,250.0,250.0,18.783,4.072,2.710,8.657,7.047,4.374,2.673,4.325,3.775,0.395,3.380,3.380,0.000,0.500,0.500,
11.11.2025,8:32:23.613,16.313,29.018,18.697,3.886,0.001,250.0,250.0,13.695,5.002,2.722,12.204,9.250,5.739,3.511,5.665,3.774,0.394,3.380,3.380,0.000,2.000,0.000,
11.11.2025,8:32:24.611,17.672,29.227,19.186,3.743,0.000,250.0,250.0,15.679,4.464,2.673,10.149,7.947,4.928,3.019,4.866,3.841,0.411,3.430,3.380,0.000,0.000,0.000,
11.11.2025,8:32:25.609,19.032,26.723,16.522,3.763,0.000,250.0,250.0,17.238,7.090,3.580,19.301,14.174,8.785,5.389,8.686,3.804,0.422,3.382,3.380,0.000,0.000,0.125,
11.11.2025,8:32:26.613,13.594,28.469,18.377,3.752,0.000,250.0,250.0,17.046,4.141,2.697,8.937,7.213,4.476,2.737,4.426,3.774,0.394,3.380,3.380,0.000,0.000,1.125,
11.11.2025,8:32:27.615,19.032,27.488,17.160,3.898,0.000,250.0,250.0,15.148,8.265,3.764,23.597,16.961,10.516,6.445,10.393,3.798,0.418,3.380,3.380,0.000,0.000,0.000,
11.11.2025,8:32:28.614,20.391,28.612,18.432,3.836,0.000,250.0,250.0,17.229,8.662,3.886,24.987,17.895,11.093,6.802,10.970,3.803,0.422,3.381,3.380,0.000,2.125,0.000,
11.11.2025,8:32:29.613,19.032,29.361,19.146,3.794,0.000,250.0,250.0,18.741,7.292,3.605,20.066,14.670,9.095,5.575,8.984,3.774,0.394,3.380,3.380,0.000,2.125,0.000,
11.11.2025,8:32:30.609,19.032,29.346,19.261,3.752,0.000,250.0,250.0,22.504,3.948,2.489,8.400,6.758,4.193,2.565,4.144,3.774,0.394,3.380,3.380,0.000,1.500,0.000,
11.11.2025,8:32:31.622,19.032,27.869,17.589,3.849,0.000,250.0,250.0,17.763,4.059,2.722,8.600,7.020,4.348,2.672,4.299,3.774,0.394,3.380,3.380,0.000,0.000,1.125,
11.11.2025,8:32:32.621,14.953,31.218,20.905,3.891,0.001,250.0,250.0,15.598,8.788,3.923,25.454,18.204,11.296,6.908,11.161,3.777,0.397,3.380,3.380,0.000,0.000,2.375,
11.11.2025,8:32:33.622,16.313,28.809,18.744,3.716,0.000,250.0,250.0,19.985,4.242,2.759,9.258,7.458,4.623,2.835,4.561,3.774,0.394,3.380,3.380,0.000,0.000,0.500,
11.11.2025,8:32:34.621,14.953,28.227,17.824,3.940,0.000,250.0,250.0,14.585,4.718,2.967,10.852,8.567,5.305,3.262,5.244,3.799,0.427,3.372,3.380,0.000,1.375,0.000,
11.11.2025,8:32:35.627,21.750,26.997,16.723,3.863,0.000,250.0,250.0,17.493,8.045,3.899,22.633,16.452,10.194,6.258,10.071,3.777,0.397,3.380,3.389,0.000,0.000,1.375,
11.11.2025,8:32:36.627,13.594,26.736,16.532,3.785,0.000,250.0,250.0,22.070,5.787,3.212,14.683,11.090,6.880,4.210,6.794,3.804,0.422,3.382,3.389,0.000,0.000,0.000,
11.11.2025,8:32:37.640,16.313,26.998,16.818,3.775,0.000,250.0,250.0,17.484,4.023,2.575,8.599,6.927,4.302,2.625,4.252,3.783,0.394,3.389,3.380,0.000,0.000,0.000,
11.11.2025,8:32:38.657,19.032,28.638,18.363,3.901,0.000,250.0,250.0,11.540,4.872,2.796,11.580,8.916,5.529,3.387,5.455,3.838,0.408,3.430,3.380,0.000,0.000,1.875,
11.11.2025,8:32:39.654,36.704,29.002,18.900,3.698,0.001,250.0,250.0,17.400,7.332,3.482,20.316,14.751,9.141,5.610,9.031,3.804,0.423,3.381,3.380,0.000,1.000,2.375,
11.11.2025,8:32:40.666,19.032,28.768,18.757,3.722,0.000,250.0,250.0,21.435,4.946,2.967,11.728,9.116,5.655,3.461,5.581,3.786,0.397,3.389,3.380,0.000,0.000,1.125,
11.11.2025,8:32:41.666,25.829,29.833,19.911,3.584,0.000,250.0,250.0,23.186,9.070,4.058,26.327,18.844,11.685,7.159,11.537,3.853,0.414,3.439,3.389,0.000,0.000,0.000,
11.11.2025,8:32:42.662,17.672,28.154,17.811,3.875,0.000,250.0,250.0,18.693,8.958,4.021,25.967,18.601,11.527,7.074,11.392,3.804,0.423,3.381,3.389,0.000,0.000,0.500,
11.11.2025,8:32:43.661,21.750,28.559,18.255,3.921,0.000,250.0,250.0,14.912,6.651,3.347,17.759,13.091,8.108,4.983,8.009,3.911,0.469,3.442,3.389,0.000,0.000,0.000,
11.11.2025,8:32:44.660,19.032,28.283,18.066,3.798,0.001,250.0,250.0,17.333,3.821,2.587,7.822,6.457,4.005,2.452,3.956,3.774,0.394,3.380,3.380,0.000,0.000,0.625,
11.11.2025,8:32:45.652,19.032,28.506,18.117,3.935,0.000,250.0,250.0,13.039,3.808,2.575,7.785,6.431,3.979,2.452,3.930,3.774,0.394,3.380,3.380,0.000,0.000,0.500,
11.11.2025,8:32:46.663,29.907,28.433,18.096,3.906,0.000,250.0,250.0,14.700,6.465,3.286,17.217,12.704,7.883,4.821,7.784,3.783,0.394,3.389,3.389,0.000,2.125,0.000,
11.11.2025,8:32:47.666,20.391,29.377,19.164,3.793,0.000,250.0,250.0,25.057,6.951,3.298,18.991,13.812,8.560,5.252,8.462,3.877,0.447,3.430,3.380,0.000,0.000,0.000,
11.11.2025,8:32:48.664,17.672,28.708,18.585,3.795,0.001,250.0,250.0,16.787,3.837,2.575,7.880,6.494,4.025,2.469,3.975,3.783,0.394,3.389,3.389,0.000,0.000,0.125,
11.11.2025,8:32:49.653,16.313,27.515,17.363,3.743,0.000,250.0,250.0,19.190,6.088,3.139,15.907,11.802,7.323,4.479,7.237,3.805,0.422,3.383,3.380,0.000,0.000,0.000,
11.11.2025,8:32:50.667,29.907,28.220,17.966,3.824,0.000,250.0,250.0,14.624,3.745,2.636,7.487,6.281,3.892,2.389,3.842,3.774,0.394,3.380,3.380,0.000,1.000,0.375,
11.11.2025,8:32:51.661,29.907,35.756,25.552,3.863,0.000,250.0,250.0,15.633,4.031,2.465,8.739,6.962,4.320,2.642,4.258,3.774,0.394,3.380,3.380,0.001,0.000,1.125,
11.11.2025,8:32:52.663,28.547,44.856,34.233,4.088,0.000,250.0,250.0,17.796,7.812,3.568,22.076,15.900,9.857,6.043,9.746,3.774,0.394,3.380,3.380,0.000,1.000,0.000,
11.11.2025,8:32:53.664,33.985,39.861,29.345,4.064,0.000,250.0,250.0,14.992,3.977,2.501,8.505,6.830,4.229,2.601,4.179,3.774,0.394,3.380,3.380,0.000,0.000,0.375,
11.11.2025,8:32:54.665,20.391,34.854,24.332,4.036,0.000,250.0,250.0,12.671,5.579,2.857,14.265,10.614,6.575,4.039,6.502,3.774,0.394,3.380,3.389,0.001,0.000,0.000,
11.11.2025,8:32:55.658,21.750,25.984,15.761,3.782,0.000,250.0,250.0,14.653,6.303,3.335,16.557,12.328,7.640,4.688,7.554,3.774,0.394,3.380,3.380,0.000,0.375,0.000,
11.11.2025,8:32:56.653,14.953,28.456,18.018,4.012,0.000,250.0,250.0,20.557,4.612,2.955,10.473,8.323,5.159,3.164,5.098,3.783,0.394,3.389,3.380,0.000,0.375,1.500,
11.11.2025,8:32:57.654,17.672,27.411,17.040,3.883,0.000,250.0,250.0,19.579,8.657,4.034,24.835,17.898,11.096,6.802,10.973,3.770,0.390,3.380,3.389,0.000,1.000,0.000,
11.11.2025,8:32:58.653,17.672,28.968,18.996,3.697,0.000,250.0,250.0,19.451,6.947,3.506,18.838,13.857,8.590,5.267,8.491,3.770,0.390,3.380,3.380,0.000,0.000,0.000,
11.11.2025,8:32:59.657,24.469,28.532,18.400,3.727,0.000,250.0,250.0,14.124,6.751,3.494,18.097,13.380,8.301,5.079,8.202,3.782,0.393,3.389,3.389,0.000,0.000,1.125,
11.11.2025,8:33:0.657,16.313,27.812,17.822,3.686,0.000,250.0,250.0,23.649,4.592,2.759,10.598,8.278,5.137,3.141,5.075,3.774,0.394,3.380,3.380,0.000,0.125,0.000,
11.11.2025,8:33:1.654,20.391,29.184,18.966,3.788,0.000,250.0,250.0,20.981,5.496,2.979,13.820,10.420,6.454,3.966,6.380,3.779,0.390,3.389,3.380,0.000,0.000,0.375,
11.11.2025,8:33:2.665,19.032,27.718,17.567,3.778,0.000,250.0,250.0,18.807,5.382,2.967,13.358,10.114,6.275,3.839,6.202,3.837,0.407,3.430,3.389,0.000,0.000,0.000,
11.11.2025,8:33:3.664,19.032,27.376,17.233,3.811,0.000,250.0,250.0,17.487,3.837,2.698,7.769,6.498,4.032,2.466,3.982,3.774,0.394,3.380,3.380,0.000,0.000,0.000,
11.11.2025,8:33:4.661,17.672,26.725,16.482,3.809,0.000,250.0,250.0,14.368,3.876,2.636,7.984,6.591,4.078,2.513,4.029,3.774,0.394,3.380,3.380,0.000,0.625,0.000,
11.11.2025,8:33:5.657,24.469,30.187,19.720,4.038,0.000,250.0,250.0,16.708,4.341,2.734,9.632,7.676,4.756,2.920,4.694,3.808,0.426,3.382,3.380,0.000,0.000,0.500,
11.11.2025,8:33:6.653,16.313,27.322,17.259,3.740,0.000,250.0,250.0,12.257,7.051,3.334,19.413,14.112,8.748,5.364,8.637,3.765,0.394,3.371,3.371,0.000,0.000,0.000,
11.11.2025,8:33:7.665,17.672,28.965,18.687,3.844,0.000,250.0,250.0,15.266,3.843,2.648,7.842,6.508,4.043,2.465,3.993,3.774,0.394,3.380,3.380,0.001,0.000,0.000,
11.11.2025,8:33:8.659,20.391,27.736,17.516,3.830,0.000,250.0,250.0,16.196,6.096,3.188,15.911,11.840,7.335,4.505,7.249,3.774,0.394,3.380,3.380,0.000,0.000,1.000,
11.11.2025,8:33:9.657,19.032,29.551,19.459,3.709,0.000,250.0,250.0,21.495,7.556,3.567,21.080,15.283,9.480,5.803,9.357,3.804,0.422,3.382,3.380,0.000,0.625,0.000,
11.11.2025,8:33:10.654,12.235,27.386,17.058,3.889,0.000,250.0,250.0,17.019,6.351,3.249,16.817,12.439,7.714,4.725,7.616,3.783,0.394,3.389,3.389,0.000,1.000,0.000,
11.11.2025,8:33:11.654,20.391,27.895,17.625,3.838,0.000,250.0,250.0,13.491,5.573,3.016,14.066,10.587,6.561,4.026,6.487,3.802,0.421,3.381,3.380,0.000,0.000,0.000,
11.11.2025,8:33:12.655,17.672,28.128,17.964,3.788,0.000,250.0,250.0,15.845,6.898,3.506,18.661,13.733,8.520,5.213,8.421,3.774,0.394,3.380,3.380,0.000,0.000,1.125,
11.11.2025,8:33:13.656,21.750,27.817,17.589,3.830,0.000,250.0,250.0,16.088,3.938,2.636,8.217,6.734,4.181,2.553,4.132,3.774,0.394,3.380,3.380,0.000,0.375,0.000,
11.11.2025,8:33:14.654,14.953,27.598,17.249,3.877,0.000,250.0,250.0,13.487,3.884,2.477,8.168,6.611,4.095,2.516,4.046,3.774,0.394,3.380,3.380,0.001,0.000,1.250,
11.11.2025,8:33:15.652,16.313,26.138,15.936,3.816,0.000,250.0,250.0,13.599,4.485,2.538,10.382,8.013,4.968,3.045,4.907,3.807,0.426,3.381,3.380,0.000,1.375,0.000,
11.11.2025,8:33:16.663,16.313,28.190,17.857,3.844,0.000,250.0,250.0,13.901,4.949,2.734,11.966,9.114,5.653,3.461,5.580,3.798,0.418,3.380,3.389,0.000,1.125,1.125,
11.11.2025,8:33:17.662,13.594,28.297,18.226,3.722,0.000,250.0,250.0,15.966,4.526,2.808,10.302,8.127,5.036,3.091,4.974,3.774,0.394,3.380,3.371,0.000,1.125,1.250,
11.11.2025,8:33:18.661,14.953,28.700,18.452,3.840,0.000,250.0,250.0,15.799,16.047,3.678,19.521,14.380,8.918,5.462,8.807,3.794,0.397,3.397,92.122,0.000,0.000,0.250,
11.11.2025,8:33:19.656,20.391,27.528,17.488,3.662,0.000,250.0,250.0,21.682,4.130,2.783,8.806,7.191,4.453,2.738,4.403,3.774,0.394,3.380,3.380,0.000,0.375,0.125,
11.11.2025,8:33:20.655,20.391,27.528,17.488,3.662,0.000,250.0,250.0,17.474,7.817,3.752,21.921,15.910,9.861,6.049,9.738,3.781,0.401,3.380,3.380,0.000,1.125,0.000,
11.11.2025,8:33:21.652,24.469,27.926,17.612,3.878,0.000,250.0,250.0,17.741,6.801,3.776,18.003,13.510,8.379,5.131,8.269,3.774,0.394,3.380,3.389,0.000,0.000,0.000,
11.11.2025,8:33:22.658,21.750,28.810,18.728,3.751,0.000,250.0,250.0,18.764,3.784,2.575,7.696,6.368,3.954,2.414,3.904,3.774,0.394,3.380,3.380,0.000,0.000,1.625,
11.11.2025,8:33:23.656,21.750,34.890,24.415,3.984,0.000,250.0,250.0,14.742,6.910,3.592,18.606,13.764,8.536,5.228,8.425,3.783,0.394,3.389,3.380,0.000,0.000,0.000,
11.11.2025,8:33:24.656,17.672,39.719,29.129,4.087,0.000,250.0,250.0,20.060,3.949,2.575,8.326,6.763,4.188,2.575,4.139,3.774,0.394,3.380,3.380,0.000,0.000,0.000,
11.11.2025,8:33:25.655,25.829,34.341,24.104,3.885,0.000,250.0,250.0,21.596,5.155,2.844,12.482,9.499,5.894,3.605,5.820,4.010,0.475,3.535,3.389,0.000,0.000,0.000,
11.11.2025,8:33:26.665,16.313,29.415,19.312,3.707,0.000,250.0,250.0,18.178,4.361,2.673,9.797,7.741,4.795,2.946,4.733,3.774,0.394,3.380,3.380,0.000,0.000,0.375,
11.11.2025,8:33:27.660,17.672,28.475,18.231,3.858,0.001,250.0,250.0,13.485,3.964,2.685,8.268,6.796,4.218,2.578,4.169,3.774,0.394,3.380,3.380,0.000,0.000,0.000,
11.11.2025,8:33:28.660,16.313,28.132,17.907,3.795,0.000,250.0,250.0,17.187,6.976,3.629,18.819,13.926,8.636,5.290,8.525,3.777,0.397,3.380,3.380,0.000,0.000,0.000,
11.11.2025,8:33:29.658,13.594,30.893,20.630,3.839,0.000,250.0,250.0,21.845,6.499,3.323,17.295,12.779,7.921,4.858,7.823,3.803,0.414,3.389,3.389,0.000,0.375,0.000,
11.11.2025,8:33:30.658,19.032,29.072,19.062,3.676,0.000,250.0,250.0,16.199,4.879,2.697,11.734,8.945,5.549,3.396,5.476,3.805,0.425,3.380,3.380,0.000,0.000,1.125,
11.11.2025,8:33:31.653,17.672,28.998,18.772,3.819,0.000,250.0,250.0,17.797,3.722,2.477,7.548,6.227,3.859,2.368,3.810,3.774,0.394,3.380,3.380,0.001,0.000,1.875,
11.11.2025,8:33:32.669,16.313,30.237,20.021,3.804,0.000,250.0,250.0,15.004,6.837,3.433,18.494,13.592,8.426,5.166,8.327,3.777,0.397,3.380,3.380,0.000,0.000,0.000,
11.11.2025,8:33:33.667,17.672,29.520,19.259,3.852,0.000,250.0,250.0,19.644,3.908,2.550,8.182,6.666,4.135,2.531,4.086,3.774,0.394,3.380,3.380,0.000,0.000,0.000,
11.11.2025,8:33:34.677,24.469,29.117,18.983,3.767,0.000,250.0,250.0,14.239,5.100,3.126,12.151,9.476,5.882,3.594,5.808,3.786,0.397,3.389,3.389,0.000,1.000,0.125,
11.11.2025,8:33:35.668,12.235,28.069,17.866,3.848,0.000,250.0,250.0,22.413,6.051,3.151,15.703,11.682,7.243,4.439,7.157,3.879,0.447,3.432,3.380,0.001,1.500,0.500,
11.11.2025,8:33:36.670,24.469,27.406,17.283,3.777,0.000,250.0,250.0,22.621,3.888,2.685,7.969,6.606,4.104,2.502,4.055,3.783,0.394,3.389,3.389,0.000,0.000,1.625,
11.11.2025,8:33:37.668,14.953,28.696,18.758,3.609,0.000,250.0,250.0,14.282,4.514,2.624,10.380,8.060,5.004,3.056,4.942,3.848,0.419,3.429,3.380,0.000,1.125,0.500,
11.11.2025,8:33:38.669,20.391,27.710,17.216,4.001,0.000,250.0,250.0,20.214,3.833,2.636,7.812,6.484,4.019,2.465,3.970,3.783,0.394,3.389,3.380,0.000,1.000,0.000,
11.11.2025,8:33:39.668,19.032,29.297,19.288,3.680,0.000,250.0,250.0,15.812,6.366,3.335,16.792,12.473,7.737,4.736,7.639,3.779,0.390,3.389,3.389,0.000,2.000,1.125,
11.11.2025,8:33:40.682,44.860,29.838,19.794,3.693,0.000,250.0,250.0,24.324,3.761,2.734,7.420,6.300,3.908,2.392,3.859,3.803,0.397,3.406,3.389,0.000,0.125,1.125,
11.11.2025,8:33:41.671,17.672,29.569,19.273,3.844,0.000,250.0,250.0,24.324,3.761,2.734,7.420,6.300,3.908,2.392,3.859,3.803,0.397,3.406,3.389,0.000,0.000,1.000,
11.11.2025,8:33:42.676,17.672,28.800,18.807,3.684,0.000,250.0,250.0,19.412,5.242,2.710,7.269,6.200,3.846,2.354,3.796,3.774,0.394,3.380,3.380,0.000,2.250,0.500,
11.11.2025,8:33:43.672,16.313,29.573,19.457,3.735,0.001,250.0,250.0,19.412,3.710,2.710,7.269,6.200,3.846,2.354,3.796,3.774,0.394,3.380,3.380,0.000,1.125,0.500,
11.11.2025,8:33:44.670,27.188,28.967,18.790,3.826,0.000,250.0,250.0,21.660,3.751,2.710,7.411,6.279,3.890,2.389,3.841,3.803,0.397,3.406,3.389,0.000,1.875,1.125,
11.11.2025,8:33:45.668,17.672,30.752,20.654,3.677,0.000,250.0,250.0,21.755,3.659,2.575,7.210,6.068,3.766,2.302,3.717,3.786,0.397,3.389,3.380,0.000,0.375,0.000,
11.11.2025,8:33:46.668,19.032,27.278,16.769,4.050,0.000,250.0,250.0,11.888,3.711,2.514,7.471,6.195,3.843,2.352,3.794,3.783,0.394,3.389,3.380,0.000,0.000,0.000,
11.11.2025,8:33:47.668,17.672,26.632,16.427,3.767,0.001,250.0,250.0,13.153,4.122,2.501,9.061,7.164,4.444,2.720,4.395,3.774,0.394,3.380,3.389,0.001,2.000,0.000,
11.11.2025,8:33:48.669,16.313,27.969,17.745,3.806,0.000,250.0,250.0,12.196,4.122,2.612,8.945,7.163,4.443,2.720,4.394,3.783,0.394,3.389,3.380,0.000,0.000,0.000,
11.11.2025,8:33:49.668,17.672,27.656,17.274,3.949,0.000,250.0,250.0,10.831,3.938,2.550,8.300,6.734,4.181,2.553,4.132,3.774,0.394,3.380,3.380,0.000,0.000,2.500,
11.11.2025,8:33:50.675,16.313,28.336,18.251,3.712,0.000,250.0,250.0,14.191,5.879,3.040,15.173,11.282,7.000,4.282,6.914,3.853,0.414,3.439,3.389,0.000,0.000,0.000,
11.11.2025,8:33:51.679,14.953,28.424,18.314,3.767,0.001,250.0,250.0,18.486,5.509,2.955,13.901,10.454,6.477,3.977,6.403,3.770,0.390,3.380,3.380,0.000,0.000,0.000,
11.11.2025,8:33:52.676,17.672,28.624,18.361,3.837,0.000,250.0,250.0,11.751,4.202,2.624,9.244,7.360,4.566,2.794,4.504,3.774,0.394,3.380,3.380,0.000,0.000,0.000,
11.11.2025,8:33:53.681,17.672,27.954,17.860,3.688,0.000,250.0,250.0,13.710,5.571,2.967,14.136,10.606,6.571,4.035,6.497,3.761,0.390,3.371,3.371,0.001,1.000,0.000,
11.11.2025,8:33:54.675,13.594,26.702,16.461,3.833,0.000,250.0,250.0,11.652,4.601,2.624,10.764,8.303,5.149,3.154,5.088,3.774,0.394,3.380,3.380,0.000,0.000,0.000,
11.11.2025,8:33:55.688,23.110,28.979,18.745,3.811,0.000,250.0,250.0,14.106,4.829,2.636,11.621,8.839,5.478,3.361,5.416,3.782,0.402,3.380,3.380,0.000,0.000,0.000,
11.11.2025,8:33:56.701,17.672,26.540,16.450,3.757,0.000,250.0,250.0,13.339,5.207,2.832,12.868,9.740,6.033,3.707,5.959,3.777,0.397,3.380,3.380,0.000,0.000,0.000,
11.11.2025,8:33:57.699,19.032,28.479,18.340,3.729,0.001,250.0,250.0,13.711,3.850,2.624,7.890,6.531,4.042,2.489,3.992,3.774,0.394,3.380,3.380,0.000,0.000,2.500,
11.11.2025,8:33:58.711,16.313,27.973,17.769,3.796,0.000,250.0,250.0,11.990,4.101,2.624,8.851,7.124,4.412,2.712,4.363,3.774,0.394,3.380,3.380,0.000,1.000,1.500,
11.11.2025,8:33:59.712,16.313,28.283,18.042,3.882,0.000,250.0,250.0,12.720,4.380,2.526,10.034,7.782,4.827,2.955,4.765,3.765,0.394,3.371,3.380,0.000,0.000,0.125,
11.11.2025,8:34:0.710,20.391,29.801,19.886,3.552,0.000,250.0,250.0,12.121,5.068,2.881,12.297,9.404,5.835,3.569,5.761,3.774,0.394,3.380,3.380,0.000,0.000,0.000,
11.11.2025,8:34:1.712,16.313,28.696,18.274,3.975,0.000,250.0,250.0,12.118,4.912,2.575,11.950,9.004,5.580,3.424,5.518,3.841,0.411,3.430,3.389,0.000,1.375,0.000,
11.11.2025,8:34:2.708,16.313,29.761,19.606,3.820,0.000,250.0,250.0,13.069,3.918,2.526,8.264,6.687,4.150,2.537,4.101,3.765,0.394,3.371,3.380,0.000,0.000,0.000,
11.11.2025,8:34:3.708,19.032,28.545,18.002,4.033,0.000,250.0,250.0,10.568,4.175,2.587,9.181,7.290,4.519,2.771,4.470,3.774,0.394,3.380,3.380,0.000,1.000,0.750,
11.11.2025,8:34:4.704,19.032,29.432,19.274,3.762,0.000,250.0,250.0,13.510,6.800,3.273,18.521,13.500,8.373,5.127,8.275,3.774,0.394,3.380,3.380,0.000,0.000,1.500,
11.11.2025,8:34:5.703,13.594,29.041,18.820,3.798,0.000,250.0,250.0,17.274,6.325,3.224,16.749,12.379,7.678,4.701,7.592,3.774,0.394,3.380,3.380,0.000,0.000,0.000,
11.11.2025,8:34:6.713,19.032,27.326,17.058,3.902,0.000,250.0,250.0,11.973,4.495,2.796,10.203,8.051,4.998,3.053,4.936,3.765,0.394,3.371,3.380,0.000,2.125,0.625,
11.11.2025,8:34:7.705,17.672,32.090,21.705,3.949,0.000,250.0,250.0,12.686,5.025,2.943,12.071,9.309,5.768,3.541,5.694,3.774,0.394,3.380,3.380,0.000,2.000,0.375,
11.11.2025,8:34:8.703,19.032,31.816,21.159,4.123,0.000,250.0,250.0,12.983,4.044,2.612,8.657,6.980,4.333,2.647,4.284,3.774,0.394,3.380,3.380,0.000,0.500,1.000,
11.11.2025,8:34:9.700,21.750,27.198,17.078,3.788,0.000,250.0,250.0,12.847,4.135,2.526,9.092,7.209,4.473,2.736,4.411,3.765,0.394,3.371,3.371,0.000,2.125,0.000,
11.11.2025,8:34:10.710,17.672,29.752,19.587,3.781,0.000,250.0,250.0,12.834,5.844,3.053,15.064,11.225,6.966,4.259,6.880,3.808,0.426,3.382,3.380,0.000,0.000,0.000,
11.11.2025,8:34:11.711,21.750,28.965,18.663,3.871,0.001,250.0,250.0,14.808,7.457,3.592,20.707,15.062,9.332,5.730,9.222,3.774,0.394,3.380,3.380,0.000,1.000,1.375,
11.11.2025,8:34:12.707,16.313,28.175,17.994,3.827,0.000,250.0,250.0,17.021,4.045,2.575,8.685,6.991,4.328,2.663,4.279,3.774,0.394,3.380,3.380,0.000,0.000,0.000,
11.11.2025,8:34:13.701,24.469,28.008,17.583,3.942,0.000,250.0,250.0,15.057,3.876,2.526,8.091,6.593,4.079,2.514,4.030,3.774,0.394,3.380,3.380,0.000,0.000,0.000,
11.11.2025,8:34:14.699,17.672,27.111,16.793,3.877,0.000,250.0,250.0,11.620,4.007,2.587,8.526,6.896,4.281,2.615,4.232,3.774,0.394,3.380,3.380,0.001,1.000,0.000,
11.11.2025,8:34:15.700,17.672,28.839,18.690,3.821,0.000,250.0,250.0,12.134,3.950,2.538,8.364,6.765,4.190,2.575,4.141,3.774,0.394,3.380,3.380,0.000,0.000,0.000,
11.11.2025,8:34:16.713,16.313,28.318,17.930,3.923,0.000,250.0,250.0,13.871,3.868,2.514,8.075,6.573,4.070,2.503,4.021,3.774,0.394,3.380,3.380,0.000,1.000,0.000,
11.11.2025,8:34:17.713,14.953,28.300,18.195,3.713,0.000,250.0,250.0,11.845,5.381,2.795,13.573,10.147,6.293,3.854,6.219,3.774,0.394,3.380,3.380,0.000,0.000,0.000,
11.11.2025,8:34:18.709,20.391,27.072,16.779,3.884,0.000,250.0,250.0,13.892,5.997,3.139,15.560,11.589,7.192,4.397,7.106,3.801,0.419,3.382,3.380,0.000,0.000,1.625,
11.11.2025,8:34:19.714,29.907,30.762,20.513,3.833,0.001,250.0,250.0,18.958,7.417,3.654,20.482,14.966,9.272,5.694,9.162,3.777,0.397,3.380,3.389,0.000,0.000,0.000,
11.11.2025,8:34:20.705,21.750,43.678,32.968,4.147,0.000,250.0,250.0,11.339,3.891,2.612,8.077,6.628,4.115,2.513,4.065,3.765,0.394,3.371,3.371,0.000,0.000,0.000,
11.11.2025,8:34:21.703,23.110,38.353,27.783,4.106,0.001,250.0,250.0,13.942,5.187,3.065,12.524,9.659,5.992,3.667,5.918,3.831,0.410,3.421,3.380,0.000,0.125,1.125,
11.11.2025,8:34:22.699,19.032,29.019,18.796,3.837,0.000,250.0,250.0,16.614,3.781,2.550,7.694,6.361,3.945,2.416,3.895,3.783,0.394,3.389,3.380,0.000,0.750,0.000,
11.11.2025,8:34:23.712,31.266,28.359,18.171,3.775,0.000,250.0,250.0,12.602,3.715,2.489,7.520,6.219,3.850,2.369,3.800,3.765,0.394,3.371,3.371,0.000,0.000,1.250,
11.11.2025,8:34:24.712,20.391,28.693,18.369,3.876,0.000,250.0,250.0,11.544,3.691,2.538,7.380,6.151,3.821,2.330,3.772,3.774,0.394,3.380,3.371,0.000,0.000,0.000,
11.11.2025,8:34:25.712,19.032,26.450,16.232,3.866,0.000,250.0,250.0,12.384,3.820,2.526,7.890,6.463,4.008,2.455,3.959,3.765,0.394,3.371,3.371,0.000,0.875,0.000,
11.11.2025,8:34:26.709,20.391,28.298,18.007,3.873,0.000,250.0,250.0,14.090,7.840,3.776,21.925,15.934,9.880,6.054,9.770,3.841,0.411,3.430,3.380,0.000,1.250,0.500,
11.11.2025,8:34:27.713,14.953,31.699,21.258,3.971,0.000,250.0,250.0,16.445,3.810,2.759,7.604,6.438,3.984,2.454,3.934,3.774,0.394,3.380,3.380,0.000,1.750,0.500,
11.11.2025,8:34:28.711,23.110,29.449,19.190,3.871,0.000,250.0,250.0,12.326,6.618,3.507,17.572,13.067,8.096,4.971,7.998,3.795,0.422,3.373,3.380,0.000,1.375,0.000,
11.11.2025,8:34:29.709,21.750,28.430,18.290,3.758,0.000,250.0,250.0,14.479,4.732,3.102,10.790,8.608,5.345,3.263,5.283,3.774,0.394,3.380,3.380,0.000,0.375,0.000,
11.11.2025,8:34:30.707,19.032,29.317,19.046,3.896,0.000,250.0,250.0,14.269,3.974,2.624,8.382,6.826,4.226,2.600,4.177,3.765,0.394,3.371,3.371,0.001,0.125,1.625,
11.11.2025,8:34:31.703,10.875,28.546,18.294,3.834,0.000,250.0,250.0,13.336,4.384,2.526,10.043,7.794,4.839,2.955,4.778,3.765,0.394,3.371,3.371,0.000,0.000,0.000,
11.11.2025,8:34:32.710,16.313,29.367,19.164,3.791,0.000,250.0,250.0,13.889,5.336,2.709,13.442,10.010,6.205,3.805,6.131,3.841,0.411,3.430,3.380,0.000,1.125,0.500,
11.11.2025,8:34:33.710,19.032,29.638,19.390,3.808,0.000,250.0,250.0,16.230,3.988,2.636,8.418,6.851,4.251,2.600,4.201,3.774,0.394,3.380,3.380,0.001,0.000,0.000,
11.11.2025,8:34:34.706,19.032,27.902,17.638,3.844,0.000,250.0,250.0,11.747,4.248,2.526,9.493,7.462,4.625,2.837,4.563,3.800,0.427,3.373,3.371,0.000,0.000,1.125,
11.11.2025,8:34:35.702,14.953,27.661,17.413,3.839,0.000,250.0,250.0,11.497,3.789,2.636,7.659,6.390,3.960,2.430,3.911,3.765,0.394,3.371,3.371,0.000,0.000,1.375,
11.11.2025,8:34:36.703,17.672,27.621,17.590,3.711,0.000,250.0,250.0,13.776,6.463,3.323,17.191,12.713,7.889,4.824,7.791,3.765,0.394,3.371,3.371,0.000,0.000,0.000,
11.11.2025,8:34:37.702,20.391,28.115,17.730,3.864,0.000,250.0,250.0,12.211,4.639,2.734,10.793,8.377,5.199,3.178,5.137,3.799,0.426,3.373,3.371,0.000,1.250,1.125,
11.11.2025,8:34:38.714,16.313,28.628,18.211,3.961,0.000,250.0,250.0,11.317,3.917,2.599,8.182,6.697,4.144,2.553,4.094,3.765,0.394,3.371,3.371,0.000,1.125,2.250,
11.11.2025,8:34:39.712,17.672,29.312,19.172,3.784,0.000,250.0,250.0,12.776,3.888,2.563,8.113,6.625,4.108,2.517,4.059,3.763,0.392,3.371,3.371,0.000,0.000,0.500,
11.11.2025,8:34:40.710,17.672,26.978,16.922,3.674,0.000,250.0,250.0,19.793,3.840,2.440,8.049,6.512,4.033,2.479,3.984,3.765,0.394,3.371,3.371,0.001,0.375,1.125,
11.11.2025,8:34:41.708,19.032,29.435,19.158,3.835,0.000,250.0,250.0,12.598,3.824,2.440,7.983,6.477,4.009,2.468,3.960,3.765,0.394,3.371,3.371,0.000,0.000,1.750,
11.11.2025,8:34:42.707,24.469,28.249,18.193,3.725,0.000,250.0,250.0,14.478,3.988,2.538,8.514,6.860,4.257,2.603,4.207,3.765,0.394,3.371,3.371,0.000,1.000,0.000,
11.11.2025,8:34:43.703,14.953,26.465,16.432,3.673,0.000,250.0,250.0,19.176,3.869,2.563,8.036,6.572,4.081,2.491,4.032,3.774,0.394,3.380,3.371,0.001,0.000,0.000,
11.11.2025,8:34:44.703,19.032,27.939,17.827,3.715,0.000,250.0,250.0,14.695,3.944,2.489,8.394,6.762,4.195,2.567,4.133,3.765,0.394,3.371,3.371,0.000,1.000,0.000,
11.11.2025,8:34:45.700,19.032,26.770,16.352,3.908,0.000,250.0,250.0,13.848,3.786,2.415,7.870,6.382,3.955,2.427,3.906,3.765,0.394,3.371,3.371,0.000,1.125,0.000,
11.11.2025,8:34:46.701,16.313,28.931,18.934,3.665,0.000,250.0,250.0,11.330,6.296,3.224,16.648,12.314,7.640,4.674,7.554,3.765,0.394,3.371,3.380,0.000,0.625,0.000,
11.11.2025,8:34:47.699,21.750,27.353,17.183,3.813,0.000,250.0,250.0,12.257,4.365,2.526,9.978,7.748,4.804,2.944,4.754,3.763,0.392,3.371,3.371,0.000,0.000,0.000,
11.11.2025,8:34:48.710,17.672,27.930,17.740,3.753,0.000,250.0,250.0,16.369,6.171,3.090,16.304,12.027,7.460,4.567,7.362,3.764,0.393,3.371,3.371,0.000,0.000,0.000,
11.11.2025,8:34:49.706,20.391,28.880,18.694,3.808,0.000,250.0,250.0,16.403,3.902,2.587,8.133,6.662,4.133,2.529,4.072,3.765,0.394,3.371,3.371,0.000,0.750,0.375,
11.11.2025,8:34:50.706,20.391,27.527,17.388,3.761,0.000,250.0,250.0,12.108,4.078,2.636,8.764,7.076,4.389,2.687,4.327,3.765,0.394,3.371,3.371,0.001,1.250,1.125,
11.11.2025,8:34:51.719,21.750,28.978,18.839,3.743,0.000,250.0,250.0,16.435,3.772,2.685,7.542,6.344,3.929,2.415,3.880,3.774,0.394,3.380,3.380,0.000,0.500,0.500,
11.11.2025,8:34:52.715,16.313,28.550,18.366,3.798,0.000,250.0,250.0,12.613,4.642,2.759,10.741,8.373,5.184,3.189,5.123,3.840,0.419,3.421,3.371,0.000,0.000,0.000,
11.11.2025,8:34:53.729,20.391,28.226,18.029,3.780,0.000,250.0,250.0,12.290,4.066,2.563,8.785,7.034,4.361,2.673,4.312,3.765,0.394,3.371,3.404,0.001,0.875,0.500,
11.11.2025,8:34:54.738,16.313,27.592,17.320,3.881,0.000,250.0,250.0,12.470,3.645,2.428,7.312,6.054,3.748,2.306,3.699,3.765,0.394,3.371,3.371,0.000,0.000,0.000,
11.11.2025,8:34:55.732,20.391,27.399,17.105,3.858,0.000,250.0,250.0,10.866,3.786,2.477,7.808,6.383,3.956,2.427,3.907,3.765,0.394,3.371,3.371,0.000,0.000,0.125,
11.11.2025,8:34:56.743,20.391,28.476,18.319,3.786,0.000,250.0,250.0,12.565,4.403,2.587,10.061,7.838,4.860,2.978,4.799,3.765,0.394,3.371,3.371,0.001,0.500,0.000,
11.11.2025,8:34:57.738,20.391,29.057,18.928,3.766,0.000,250.0,250.0,12.477,4.243,2.538,9.497,7.464,4.631,2.833,4.570,3.765,0.394,3.371,3.371,0.000,0.875,0.000,
11.11.2025,8:34:58.735,20.391,26.692,16.481,3.807,0.000,250.0,250.0,13.082,4.916,2.673,11.934,9.051,5.615,3.436,5.553,3.763,0.392,3.371,3.371,0.001,0.000,0.000,
11.11.2025,8:34:59.739,17.672,31.240,21.185,3.686,0.000,250.0,250.0,13.561,3.793,2.501,7.809,6.397,3.969,2.428,3.920,3.765,0.394,3.371,3.371,0.000,0.750,0.375,
11.11.2025,8:35:0.737,17.672,28.069,17.947,3.718,0.001,250.0,250.0,11.639,4.077,2.697,8.693,7.076,4.389,2.687,4.327,3.765,0.394,3.371,3.371,0.000,1.000,0.500,
11.11.2025,8:35:1.731,17.672,28.069,17.947,3.718,0.001,250.0,250.0,12.627,4.985,2.795,11.997,9.169,5.686,3.483,5.612,3.867,0.443,3.424,3.371,0.000,0.000,1.875,
11.11.2025,8:35:2.743,23.110,29.217,18.882,3.875,0.000,250.0,250.0,15.931,5.504,2.857,13.997,10.445,6.471,3.974,6.397,3.765,0.394,3.371,3.371,0.000,1.125,1.125,
11.11.2025,8:35:3.739,27.188,30.561,20.452,3.757,0.001,250.0,250.0,13.461,3.912,2.513,8.245,6.684,4.143,2.541,4.094,3.765,0.394,3.371,3.371,0.000,1.500,0.000,
11.11.2025,8:35:4.738,20.391,28.009,17.793,3.810,0.000,250.0,250.0,11.464,4.212,2.587,9.327,7.393,4.584,2.809,4.522,3.765,0.394,3.371,3.371,0.001,0.000,0.000,
11.11.2025,8:35:5.730,13.594,28.578,18.491,3.666,0.000,250.0,250.0,11.641,3.764,2.587,7.613,6.328,3.923,2.405,3.886,3.765,0.394,3.371,3.371,0.000,0.000,0.000,
11.11.2025,8:35:6.748,21.750,27.619,17.260,3.921,0.000,250.0,250.0,15.249,6.945,3.482,18.849,13.843,8.581,5.262,8.471,3.791,0.420,3.371,3.380,0.000,0.750,0.500,
11.11.2025,8:35:7.748,19.032,30.701,20.797,3.627,0.000,250.0,250.0,15.179,4.885,2.808,11.676,8.980,5.568,3.412,5.506,3.765,0.394,3.371,3.371,0.001,0.000,1.375,
11.11.2025,8:35:8.761,25.829,28.109,17.869,3.836,0.000,250.0,250.0,16.044,3.718,2.538,7.486,6.224,3.858,2.366,3.808,3.765,0.394,3.371,3.371,0.000,2.125,1.875,
11.11.2025,8:35:9.769,23.110,29.993,19.519,3.956,0.000,250.0,250.0,12.390,3.855,2.636,7.905,6.549,4.058,2.491,4.009,3.763,0.392,3.371,3.371,0.001,0.000,0.000,
11.11.2025,8:35:10.766,19.032,30.540,20.064,4.070,0.000,250.0,250.0,13.214,3.639,2.563,7.166,6.034,3.744,2.290,3.695,3.763,0.392,3.371,3.371,0.000,0.000,1.125,
11.11.2025,8:35:11.762,19.032,28.911,18.611,3.857,0.000,250.0,250.0,13.221,4.262,2.746,9.228,7.423,4.604,2.819,4.554,3.939,0.464,3.475,3.371,0.000,0.375,0.000,
11.11.2025,8:35:12.791,14.953,29.050,18.807,3.796,0.000,250.0,250.0,11.894,3.753,2.722,7.440,6.307,3.905,2.402,3.855,3.763,0.392,3.371,3.371,0.000,1.000,0.375,
11.11.2025,8:35:13.791,19.032,28.282,18.020,3.837,0.000,250.0,250.0,11.995,3.843,2.857,7.648,6.518,4.041,2.477,3.992,3.765,0.394,3.371,3.371,0.001,0.000,0.125,
11.11.2025,8:35:14.791,20.391,27.454,17.243,3.804,0.000,250.0,250.0,12.605,3.900,2.832,7.886,6.654,4.128,2.526,4.067,3.765,0.394,3.371,3.371,0.000,0.000,0.000,
11.11.2025,8:35:15.785,16.313,26.616,16.454,3.791,0.001,250.0,250.0,15.457,6.850,3.543,18.441,13.627,8.449,5.178,8.338,3.774,0.394,3.380,3.380,0.000,2.125,0.000,
11.11.2025,8:35:16.790,20.391,28.737,18.614,3.706,0.000,250.0,250.0,18.174,5.340,3.016,13.211,10.062,6.232,3.830,6.158,3.761,0.390,3.371,3.371,0.000,0.000,0.000,
11.11.2025,8:35:17.788,17.672,27.008,16.757,3.817,0.000,250.0,250.0,15.365,3.767,2.477,7.743,6.336,3.932,2.404,3.883,3.763,0.392,3.371,3.371,0.000,0.000,0.500,
11.11.2025,8:35:18.785,14.953,27.470,17.648,3.559,0.000,250.0,250.0,10.699,4.299,2.501,9.723,7.584,4.698,2.886,4.636,3.797,0.425,3.372,3.371,0.000,0.000,0.000,
11.11.2025,8:35:19.786,19.032,27.845,17.329,4.014,0.000,250.0,250.0,13.573,3.822,2.575,7.846,6.471,4.006,2.465,3.956,3.765,0.394,3.371,3.371,0.000,0.000,1.625,
11.11.2025,8:35:20.780,16.313,28.127,18.031,3.720,0.000,250.0,250.0,11.088,3.761,2.563,7.625,6.331,3.924,2.407,3.875,3.763,0.392,3.371,3.363,0.001,0.000,0.000,
11.11.2025,8:35:21.782,17.672,27.876,17.595,3.871,0.000,250.0,250.0,13.694,7.006,3.396,19.192,13.997,8.679,5.318,8.580,3.765,0.394,3.371,3.371,0.000,0.375,0.000,
11.11.2025,8:35:22.791,31.266,29.464,19.352,3.694,0.000,250.0,250.0,14.310,4.272,2.624,9.515,7.529,4.670,2.859,4.621,3.763,0.392,3.371,3.371,0.000,1.000,0.000,
11.11.2025,8:35:23.785,21.750,40.815,30.225,4.119,0.000,250.0,250.0,13.204,4.070,2.648,8.718,7.052,4.377,2.675,4.327,3.765,0.394,3.371,3.371,0.001,2.250,1.625,
11.11.2025,8:35:24.789,29.907,44.440,33.782,4.123,0.001,250.0,250.0,16.935,3.840,2.575,7.911,6.512,4.033,2.479,3.984,3.765,0.394,3.371,3.371,0.000,1.500,0.375,
11.11.2025,8:35:25.783,23.110,32.394,22.186,3.821,0.000,250.0,250.0,17.985,4.921,2.722,11.804,9.006,5.581,3.425,5.520,3.891,0.420,3.471,3.371,0.000,0.000,0.000,
11.11.2025,8:35:26.780,14.953,27.813,17.852,3.673,0.000,250.0,250.0,15.822,4.318,2.636,9.683,7.641,4.745,2.896,4.683,3.763,0.392,3.371,3.371,0.000,0.000,0.000,
11.11.2025,8:35:27.780,23.110,29.163,18.931,3.781,0.000,250.0,250.0,17.035,3.834,2.673,7.796,6.494,4.029,2.465,3.980,3.765,0.394,3.371,3.371,0.000,0.000,1.125,
11.11.2025,8:35:28.806,19.032,27.543,17.486,3.737,0.000,250.0,250.0,12.473,3.948,2.514,8.387,6.771,4.193,2.578,4.144,3.763,0.392,3.371,3.363,0.000,1.125,2.250,
11.11.2025,8:35:29.821,24.469,31.289,21.029,3.816,0.000,250.0,250.0,11.344,3.957,2.636,8.300,6.790,4.202,2.588,4.153,3.765,0.394,3.371,3.371,0.000,0.000,0.000,
11.11.2025,8:35:30.820,17.672,30.281,19.876,3.908,0.000,250.0,250.0,11.135,4.271,2.526,9.619,7.524,4.667,2.857,4.618,3.765,0.394,3.371,3.371,0.000,0.000,0.000,
11.11.2025,8:35:31.819,20.391,27.729,17.455,3.852,0.000,250.0,250.0,11.571,3.829,2.538,7.920,6.478,4.015,2.463,3.978,3.763,0.392,3.371,3.371,0.000,0.000,0.000,
11.11.2025,8:35:32.817,19.032,27.499,17.295,3.783,0.000,250.0,250.0,12.687,6.872,3.433,18.617,13.671,8.471,5.200,8.373,3.794,0.421,3.373,3.371,0.000,1.500,0.000,
11.11.2025,8:35:33.811,21.750,29.243,19.193,3.690,0.000,250.0,250.0,12.437,4.451,2.575,10.256,7.954,4.937,3.017,4.876,3.763,0.392,3.371,3.371,0.000,1.000,0.000,
11.11.2025,8:35:34.817,17.672,27.442,17.212,3.820,0.000,250.0,250.0,16.741,6.381,3.457,16.739,12.524,7.763,4.761,7.665,3.763,0.392,3.371,3.371,0.000,0.000,0.000,
11.11.2025,8:35:35.813,24.469,28.008,17.982,3.666,0.000,250.0,250.0,16.796,8.800,4.131,25.269,18.233,11.311,6.922,11.176,3.795,0.422,3.373,3.371,0.000,0.000,0.000,
11.11.2025,8:35:36.811,20.391,29.377,19.435,3.643,0.000,250.0,250.0,17.727,8.800,3.396,17.088,12.689,7.869,4.820,7.783,3.763,0.392,3.371,3.371,0.000,2.000,0.000,
11.11.2025,8:35:37.810,16.313,28.283,18.122,3.721,0.000,250.0,250.0,17.727,6.454,3.396,17.088,12.689,7.869,4.820,7.783,3.763,0.392,3.371,3.371,0.000,1.000,0.500,
11.11.2025,8:35:38.809,14.953,29.035,18.963,3.670,0.000,250.0,250.0,19.519,4.131,2.746,8.857,7.196,4.461,2.735,4.412,3.765,0.394,3.371,3.371,0.000,0.375,0.500,
11.11.2025,8:35:39.819,20.391,28.677,18.722,3.626,0.000,250.0,250.0,17.688,5.567,3.041,14.051,10.597,6.573,4.024,6.487,3.761,0.390,3.371,3.371,0.000,0.000,0.000,
11.11.2025,8:35:40.814,24.469,28.586,18.569,3.679,0.000,250.0,250.0,19.195,3.676,2.514,7.352,6.128,3.798,2.330,3.749,3.765,0.394,3.371,3.363,0.000,0.000,1.625,
11.11.2025,8:35:41.809,19.032,27.665,17.379,3.815,0.000,250.0,250.0,13.268,3.667,2.538,7.294,6.101,3.784,2.317,3.735,3.765,0.394,3.371,3.371,0.000,0.000,0.000,
11.11.2025,8:35:42.814,19.032,28.135,18.028,3.771,0.000,250.0,250.0,13.024,3.772,2.550,7.678,6.354,3.936,2.418,3.886,3.765,0.394,3.371,3.371,0.000,0.000,0.000,
11.11.2025,8:35:43.813,19.032,27.132,17.034,3.685,0.000,250.0,250.0,15.176,3.767,2.612,7.599,6.338,3.933,2.405,3.884,3.763,0.392,3.371,3.371,0.000,0.000,0.000,
11.11.2025,8:35:44.824,17.672,28.256,17.867,3.907,0.000,250.0,250.0,10.850,3.850,2.624,7.912,6.531,4.054,2.477,4.005,3.763,0.392,3.371,3.371,0.001,0.000,0.000,
11.11.2025,8:35:45.833,19.032,29.287,19.116,3.770,0.000,250.0,250.0,11.433,3.850,2.648,7.887,6.535,4.057,2.478,4.008,3.763,0.392,3.371,3.363,0.000,0.750,0.000,
11.11.2025,8:35:46.832,19.032,27.659,17.460,3.772,0.000,250.0,250.0,12.058,4.526,2.832,10.279,8.137,5.043,3.094,4.981,3.763,0.392,3.371,3.371,0.000,0.000,0.000,
11.11.2025,8:35:47.837,20.391,27.727,17.536,3.824,0.000,250.0,250.0,12.884,3.777,2.575,7.676,6.361,3.945,2.416,3.895,3.763,0.392,3.371,3.371,0.000,0.000,0.000,
11.11.2025,8:35:48.830,17.672,28.474,18.397,3.706,0.000,250.0,250.0,11.749,4.897,2.746,11.795,9.014,5.591,3.423,5.529,3.755,0.392,3.363,3.363,0.000,0.000,1.250,
11.11.2025,8:35:49.834,20.391,27.041,16.690,3.837,0.000,250.0,250.0,12.381,7.266,3.408,20.109,14.573,9.039,5.534,8.928,3.854,0.438,3.416,3.363,0.000,2.125,1.125,
11.11.2025,8:35:50.832,20.391,28.378,18.253,3.730,0.000,250.0,250.0,14.669,6.834,3.237,18.666,13.576,8.419,5.157,8.320,3.797,0.424,3.373,3.371,0.000,0.625,0.750,
11.11.2025,8:35:51.829,14.953,26.338,16.182,3.793,0.000,250.0,250.0,14.129,4.356,2.562,9.917,7.732,4.802,2.930,4.740,3.755,0.392,3.363,3.363,0.000,0.000,0.500,
11.11.2025,8:35:52.828,19.032,27.917,17.725,3.750,0.000,250.0,250.0,12.330,4.195,2.624,9.221,7.353,4.557,2.796,4.496,3.763,0.392,3.371,3.371,0.000,0.375,1.125,
11.11.2025,8:35:53.833,17.672,27.066,16.974,3.713,0.000,250.0,250.0,13.335,4.482,2.624,10.331,8.025,4.985,3.040,4.923,3.763,0.392,3.371,3.371,0.000,1.125,0.500,
11.11.2025,8:35:54.829,19.032,27.044,16.715,3.850,0.000,250.0,250.0,10.793,4.152,2.489,9.204,7.253,4.494,2.759,4.445,3.755,0.392,3.363,3.363,0.000,1.000,0.000,
11.11.2025,8:35:55.831,29.907,31.692,21.665,3.679,0.000,250.0,250.0,12.433,3.723,2.526,7.518,6.233,3.868,2.365,3.819,3.763,0.392,3.371,3.371,0.000,1.000,1.125,
11.11.2025,8:35:56.828,17.672,41.934,31.408,4.008,0.000,250.0,250.0,12.439,3.754,2.452,7.717,6.313,3.921,2.392,3.871,3.755,0.392,3.363,3.363,0.000,0.000,0.000,
11.11.2025,8:35:57.831,29.907,40.671,30.099,4.077,0.000,250.0,250.0,12.468,3.780,2.538,7.737,6.376,3.951,2.425,3.902,3.755,0.392,3.363,3.363,0.000,2.125,0.000,
11.11.2025,8:35:58.830,20.391,33.145,22.811,3.876,0.000,250.0,250.0,12.786,3.718,2.526,7.512,6.222,3.856,2.366,3.819,3.755,0.392,3.363,3.371,0.000,2.000,0.000,
11.11.2025,8:35:59.830,19.032,33.455,23.453,3.700,0.000,250.0,250.0,16.727,3.656,2.612,7.184,6.079,3.765,2.314,3.716,3.763,0.392,3.371,3.363,0.000,0.500,1.625,
11.11.2025,8:36:0.835,12.235,29.198,18.880,3.851,0.001,250.0,250.0,10.612,3.653,2.599,7.180,6.070,3.767,2.303,3.718,3.763,0.392,3.371,3.363,0.000,0.000,0.000,
11.11.2025,8:36:1.832,19.032,28.889,18.628,3.831,0.000,250.0,250.0,10.938,3.792,2.648,7.671,6.406,3.967,2.439,3.917,3.755,0.392,3.363,3.363,0.000,1.000,0.000,
11.11.2025,8:36:2.831,24.469,28.718,18.701,3.660,0.001,250.0,250.0,16.653,5.943,3.225,15.304,11.490,7.123,4.367,7.036,3.755,0.392,3.363,3.371,0.000,2.250,0.000,
11.11.2025,8:36:3.826,17.672,27.208,16.907,3.858,0.000,250.0,250.0,15.912,3.746,2.489,7.650,6.285,3.894,2.391,3.857,3.763,0.392,3.371,3.371,0.001,1.250,0.000,
11.11.2025,8:36:4.824,16.313,27.440,17.239,3.769,0.000,250.0,250.0,12.992,5.815,3.004,15.039,11.176,6.930,4.246,6.856,3.762,0.399,3.363,3.371,0.000,1.000,0.000,
11.11.2025,8:36:5.824,19.032,28.375,18.176,3.787,0.000,250.0,250.0,16.996,4.009,2.636,8.500,6.914,4.284,2.630,4.235,3.763,0.392,3.371,3.363,0.000,0.000,0.000,
11.11.2025,8:36:6.834,21.750,27.899,17.729,3.801,0.000,250.0,250.0,14.986,3.735,2.624,7.467,6.260,3.881,2.379,3.844,3.763,0.392,3.371,3.371,0.000,0.000,0.000,
11.11.2025,8:36:7.839,19.032,28.805,18.702,3.704,0.000,250.0,250.0,14.314,7.334,3.568,20.261,14.777,9.154,5.623,9.043,3.776,0.413,3.363,3.363,0.000,0.000,0.000,
11.11.2025,8:36:8.837,20.391,25.801,15.739,3.704,0.000,250.0,250.0,14.872,4.172,2.710,9.025,7.277,4.506,2.771,4.457,3.800,0.427,3.373,3.371,0.000,0.000,0.000,
11.11.2025,8:36:9.828,19.032,26.180,15.912,3.842,0.000,250.0,250.0,11.955,3.778,2.697,7.565,6.373,3.945,2.428,3.896,3.755,0.392,3.363,3.363,0.000,1.375,1.125,
11.11.2025,8:36:10.828,20.391,28.253,17.951,3.852,0.000,250.0,250.0,11.104,3.791,2.526,7.787,6.402,3.972,2.430,3.923,3.755,0.392,3.363,3.363,0.000,2.125,0.000,
11.11.2025,8:36:11.825,19.032,29.612,19.063,4.063,0.000,250.0,250.0,11.969,3.761,2.513,7.681,6.318,3.916,2.402,3.879,3.763,0.392,3.371,3.371,0.000,0.000,2.250,
11.11.2025,8:36:12.831,19.032,30.233,20.136,3.706,0.000,250.0,250.0,15.818,7.332,3.641,20.191,14.769,9.162,5.607,9.051,3.766,0.395,3.371,3.371,0.000,0.000,0.000,
11.11.2025,8:36:13.831,17.672,27.622,17.459,3.752,0.000,250.0,250.0,14.501,3.899,2.612,8.117,6.654,4.128,2.526,4.078,3.755,0.392,3.363,3.363,0.000,0.375,0.000,
11.11.2025,8:36:14.824,20.391,27.178,16.879,3.901,0.000,250.0,250.0,10.965,3.958,2.759,8.123,6.751,4.188,2.563,4.139,3.841,0.419,3.422,3.371,0.000,0.000,0.000,
11.11.2025,8:36:15.826,14.953,29.839,19.812,3.636,0.000,250.0,250.0,18.022,5.186,3.175,12.460,9.696,6.004,3.692,5.930,3.763,0.392,3.371,3.371,0.000,0.000,0.000,
11.11.2025,8:36:16.838,17.672,27.634,17.597,3.662,0.001,250.0,250.0,12.781,3.865,2.599,7.996,6.579,4.078,2.501,4.028,3.755,0.392,3.363,3.363,0.000,0.000,0.125,
11.11.2025,8:36:17.828,19.032,28.359,18.105,3.833,0.000,250.0,250.0,10.738,3.733,2.538,7.555,6.251,3.876,2.375,3.840,3.763,0.392,3.371,3.371,0.000,0.875,0.500,
11.11.2025,8:36:18.827,19.032,27.860,17.814,3.688,0.000,250.0,250.0,13.765,3.999,2.526,8.584,6.891,4.277,2.614,4.228,3.755,0.392,3.363,3.363,0.000,0.750,0.625,
11.11.2025,8:36:19.830,17.672,29.585,19.431,3.731,0.000,250.0,250.0,13.040,6.389,3.188,17.048,12.537,7.776,4.761,7.690,3.759,0.388,3.371,3.371,0.000,0.000,0.000,
11.11.2025,8:36:20.826,28.547,34.368,24.216,3.800,0.000,250.0,250.0,16.261,4.383,2.673,9.902,7.798,4.841,2.957,4.780,3.755,0.392,3.363,3.363,0.000,0.000,0.000,
11.11.2025,8:36:21.828,31.266,41.641,31.164,3.999,0.000,250.0,250.0,17.978,7.967,3.739,22.516,16.277,10.093,6.184,9.971,3.759,0.388,3.371,3.371,0.000,2.000,2.250,
11.11.2025,8:36:22.824,14.953,35.101,24.794,3.870,0.000,250.0,250.0,20.535,5.525,3.261,13.672,10.492,6.507,3.985,6.433,3.765,0.394,3.371,3.371,0.000,0.000,0.500,
11.11.2025,8:36:23.833,14.953,28.456,18.311,3.751,0.000,250.0,250.0,13.505,4.147,2.575,9.101,7.244,4.497,2.747,4.435,3.755,0.392,3.363,3.363,0.000,0.875,0.000,
11.11.2025,8:36:24.824,20.391,28.635,18.621,3.654,0.000,250.0,250.0,15.847,8.404,3.935,23.992,17.315,10.741,6.574,10.606,3.751,0.388,3.363,3.371,0.000,0.000,0.000,
11.11.2025,8:36:25.824,17.672,28.974,18.923,3.690,0.000,250.0,250.0,17.069,5.292,2.783,13.267,9.949,6.161,3.788,6.087,3.758,0.395,3.363,3.371,0.000,0.375,0.000,
11.11.2025,8:36:26.829,16.313,27.506,17.384,3.727,0.000,250.0,250.0,12.969,4.285,2.477,9.736,7.567,4.688,2.879,4.639,3.755,0.392,3.363,3.354,0.000,0.500,1.625,
11.11.2025,8:36:27.833,20.391,28.141,17.958,3.758,0.000,250.0,250.0,12.233,3.996,2.550,8.538,6.882,4.260,2.622,4.211,3.764,0.393,3.371,3.363,0.000,0.000,0.000,
11.11.2025,8:36:28.827,14.953,27.454,17.176,3.859,0.000,250.0,250.0,11.112,3.818,2.550,7.866,6.468,4.004,2.464,3.955,3.755,0.392,3.363,3.363,0.000,0.000,0.000,
11.11.2025,8:36:29.827,17.672,28.341,18.195,3.742,0.000,250.0,250.0,13.587,3.925,2.501,8.327,6.717,4.166,2.551,4.117,3.755,0.392,3.363,3.363,0.000,0.000,0.500,
11.11.2025,8:36:30.825,17.672,30.622,20.421,3.806,0.000,250.0,250.0,10.993,4.399,2.636,9.998,7.830,4.863,2.967,4.801,3.763,0.392,3.371,3.371,0.000,0.000,0.000,
11.11.2025,8:36:31.837,23.110,30.203,20.008,3.804,0.000,250.0,250.0,11.798,3.900,2.575,8.151,6.659,4.131,2.528,4.082,3.755,0.392,3.363,3.363,0.000,0.750,0.875,
11.11.2025,8:36:32.832,17.672,28.340,18.039,3.860,0.000,250.0,250.0,12.282,4.216,2.624,9.311,7.407,4.597,2.810,4.535,3.755,0.392,3.363,3.363,0.000,1.125,1.250,
11.11.2025,8:36:33.831,17.672,26.984,16.764,3.761,0.000,250.0,250.0,15.613,3.824,2.489,7.950,6.481,4.017,2.464,3.967,3.755,0.392,3.363,3.363,0.000,0.375,0.000,
11.11.2025,8:36:34.836,20.391,27.780,17.601,3.820,0.000,250.0,250.0,10.638,3.928,2.440,8.415,6.726,4.176,2.550,4.126,3.746,0.392,3.354,3.354,0.000,0.000,1.125,
11.11.2025,8:36:35.830,20.391,29.494,19.347,3.757,0.000,250.0,250.0,13.418,4.581,2.574,10.708,8.238,5.110,3.128,5.048,3.822,0.409,3.413,3.363,0.000,0.000,0.000,
11.11.2025,8:36:36.825,17.672,27.871,17.732,3.745,0.000,250.0,250.0,12.985,3.873,2.538,8.091,6.594,4.092,2.502,4.043,3.755,0.392,3.363,3.363,0.000,0.000,0.125,
11.11.2025,8:36:37.826,19.032,28.011,17.651,3.885,0.000,250.0,250.0,11.145,4.820,2.759,11.449,8.815,5.467,3.348,5.393,3.809,0.405,3.404,3.354,0.000,0.000,0.000,
11.11.2025,8:36:38.824,39.422,27.869,17.700,3.763,0.000,250.0,250.0,11.473,5.012,2.636,12.240,9.218,5.718,3.500,5.656,3.893,0.421,3.472,3.363,0.000,1.375,0.000,
11.11.2025,8:36:39.825,13.594,28.629,18.601,3.688,0.000,250.0,250.0,14.358,4.035,2.563,8.688,6.975,4.325,2.650,4.276,3.755,0.392,3.363,3.363,0.000,0.375,0.000,
11.11.2025,8:36:40.824,19.032,27.169,16.898,3.859,0.000,250.0,250.0,11.189,8.847,3.984,25.625,18.370,11.386,6.984,11.251,3.751,0.388,3.363,3.363,0.000,0.000,0.125,
11.11.2025,8:36:41.829,10.875,27.186,17.020,3.759,0.000,250.0,250.0,15.306,3.994,2.550,8.534,6.876,4.264,2.612,4.215,3.763,0.392,3.371,3.363,0.001,1.000,0.875,
11.11.2025,8:36:42.825,10.875,27.186,17.020,3.759,0.000,250.0,250.0,16.476,3.802,2.526,7.828,6.431,3.979,2.452,3.930,3.755,0.392,3.363,3.363,0.001,0.000,0.000,
11.11.2025,8:36:43.838,17.672,28.639,18.619,3.686,0.000,250.0,250.0,11.389,5.762,3.089,14.764,11.064,6.859,4.205,6.773,3.750,0.396,3.354,3.363,0.000,0.000,0.000,
11.11.2025,8:36:44.833,20.391,28.495,18.168,3.907,0.000,250.0,250.0,14.610,3.954,2.575,8.364,6.788,4.201,2.587,4.151,3.755,0.392,3.363,3.363,0.000,0.250,0.500,
11.11.2025,8:36:45.829,19.032,27.795,17.583,3.772,0.000,250.0,250.0,12.958,4.393,2.869,9.750,7.827,4.849,2.978,4.788,3.755,0.392,3.363,3.354,0.000,0.000,0.125,
11.11.2025,8:36:46.831,16.313,27.436,17.329,3.778,0.000,250.0,250.0,18.388,3.803,2.587,7.769,6.432,3.980,2.452,3.930,3.763,0.392,3.371,3.354,0.000,0.000,0.500,
11.11.2025,8:36:47.830,17.672,28.742,18.838,3.576,0.000,250.0,250.0,12.881,3.750,2.538,7.628,6.308,3.918,2.390,3.869,3.746,0.392,3.354,3.354,0.000,0.875,0.500,
11.11.2025,8:36:48.829,19.032,27.697,17.195,3.987,0.000,250.0,250.0,10.966,3.856,2.452,8.110,6.553,4.065,2.488,4.016,3.755,0.392,3.363,3.363,0.000,0.000,0.000,
11.11.2025,8:36:49.824,25.829,27.058,16.754,3.908,0.000,250.0,250.0,14.718,5.312,2.795,13.330,9.994,6.203,3.791,6.129,3.755,0.392,3.363,3.363,0.000,0.500,0.000,
11.11.2025,8:36:50.829,17.672,28.030,17.933,3.736,0.000,250.0,250.0,11.236,4.570,2.587,10.704,8.247,5.108,3.139,5.046,3.755,0.392,3.363,3.363,0.000,0.000,0.000,
11.11.2025,8:36:51.830,21.750,27.985,17.690,3.846,0.000,250.0,250.0,14.427,3.773,2.550,7.696,6.359,3.936,2.423,3.887,3.755,0.392,3.363,3.363,0.000,0.000,0.000,
11.11.2025,8:36:52.831,16.313,28.117,18.033,3.729,0.000,250.0,250.0,15.176,5.864,3.089,15.134,11.293,7.000,4.293,6.926,3.764,0.393,3.371,3.371,0.000,0.000,0.000,
11.11.2025,8:36:53.836,29.907,26.052,15.840,3.826,0.000,250.0,250.0,14.490,3.848,2.660,7.880,6.545,4.055,2.490,4.006,3.746,0.392,3.354,3.354,0.000,0.000,1.625,
11.11.2025,8:36:54.829,25.829,41.785,31.268,4.035,0.000,250.0,250.0,12.712,4.947,2.819,11.836,9.089,5.633,3.456,5.571,3.853,0.437,3.416,3.363,0.000,0.000,0.000,
11.11.2025,8:36:55.832,31.266,38.486,27.905,4.085,0.000,250.0,250.0,16.815,5.071,2.648,12.533,9.411,5.831,3.580,5.758,3.795,0.430,3.365,3.363,0.001,0.000,0.000,
11.11.2025,8:36:56.825,16.313,35.037,24.754,3.901,0.000,250.0,250.0,12.697,3.828,2.464,8.007,6.491,4.027,2.464,3.978,3.746,0.392,3.354,3.354,0.000,0.000,2.000,
11.11.2025,8:36:57.825,20.391,28.266,18.083,3.775,0.001,250.0,250.0,11.228,3.783,2.489,7.793,6.387,3.958,2.429,3.909,3.755,0.392,3.363,3.354,0.000,0.375,0.000,
11.11.2025,8:36:58.838,17.672,26.326,15.967,3.905,0.000,250.0,250.0,10.953,3.893,2.575,8.141,6.652,4.127,2.525,4.065,3.746,0.392,3.354,3.354,0.000,0.000,0.000,
11.11.2025,8:36:59.824,19.032,27.827,17.515,3.877,0.000,250.0,250.0,16.199,3.726,2.526,7.546,6.241,3.878,2.363,3.829,3.755,0.392,3.363,3.363,0.000,0.000,0.375,
11.11.2025,8:37:0.824,27.188,26.695,16.711,3.644,0.000,250.0,250.0,12.274,4.003,2.648,8.475,6.902,4.277,2.625,4.228,3.755,0.392,3.363,3.363,0.000,0.000,1.000,
11.11.2025,8:37:1.836,14.953,29.575,19.282,3.865,0.000,250.0,250.0,11.252,4.025,2.550,8.676,6.958,4.310,2.648,4.261,3.747,0.393,3.354,3.354,0.000,0.000,0.000,
11.11.2025,8:37:2.827,17.672,28.440,18.071,3.905,0.000,250.0,250.0,13.185,3.853,2.428,8.129,6.545,4.067,2.478,4.018,3.755,0.392,3.363,3.354,0.001,0.750,0.750,
11.11.2025,8:37:3.828,17.672,27.661,17.610,3.708,0.000,250.0,250.0,10.694,4.168,2.526,9.212,7.279,4.508,2.771,4.458,3.784,0.427,3.357,3.363,0.000,0.000,1.000,
11.11.2025,8:37:4.827,20.391,28.588,18.166,3.940,0.000,250.0,250.0,10.702,3.723,2.550,7.515,6.246,3.881,2.365,3.831,3.746,0.392,3.354,3.354,0.000,2.375,1.250,
11.11.2025,8:37:5.827,20.391,26.244,15.981,3.796,0.000,250.0,250.0,11.522,6.496,3.335,17.311,12.796,7.941,4.855,7.842,3.758,0.395,3.363,3.363,0.000,0.375,0.125,
11.11.2025,8:37:6.825,14.953,28.817,18.623,3.777,0.000,250.0,250.0,13.731,3.788,2.575,7.742,6.401,3.964,2.437,3.915,3.746,0.392,3.354,3.354,0.000,0.375,0.000,
11.11.2025,8:37:7.824,20.391,26.202,16.087,3.737,0.000,250.0,250.0,12.233,3.966,2.611,8.383,6.821,4.223,2.598,4.174,3.746,0.392,3.354,3.354,0.000,1.125,1.125,
11.11.2025,8:37:8.824,21.750,28.119,17.866,3.859,0.000,250.0,250.0,10.875,3.771,2.611,7.621,6.343,3.941,2.402,3.892,3.763,0.392,3.371,3.371,0.000,2.000,0.000,
11.11.2025,8:37:9.826,23.110,28.162,17.960,3.772,0.000,250.0,250.0,12.394,6.622,3.347,17.769,13.087,8.110,4.977,8.012,3.776,0.412,3.364,3.363,0.000,1.000,0.000,
11.11.2025,8:37:10.824,19.032,28.121,18.002,3.742,0.000,250.0,250.0,15.987,3.812,2.477,7.915,6.449,4.007,2.442,3.958,3.755,0.392,3.363,3.363,0.000,0.500,0.000,
11.11.2025,8:37:11.827,21.750,27.566,17.386,3.789,0.000,250.0,250.0,13.896,6.360,3.249,16.877,12.482,7.735,4.747,7.637,3.755,0.392,3.363,3.363,0.000,2.250,1.500,
11.11.2025,8:37:12.824,20.391,31.317,20.847,3.980,0.000,250.0,250.0,15.036,3.813,2.501,7.904,6.460,4.007,2.453,3.958,3.746,0.392,3.354,3.354,0.000,1.000,0.125,
11.11.2025,8:37:13.827,19.032,31.645,21.092,4.045,0.000,250.0,250.0,13.186,5.231,2.844,12.910,9.768,6.053,3.715,5.979,3.844,0.438,3.406,3.354,0.000,1.375,0.125,
11.11.2025,8:37:14.826,17.672,28.221,18.029,3.789,0.000,250.0,250.0,16.689,5.231,2.514,7.888,6.450,4.008,2.442,3.959,3.746,0.392,3.354,3.354,0.001,1.000,0.000,
11.11.2025,8:37:15.833,25.829,28.513,18.352,3.775,0.000,250.0,250.0,13.749,3.811,3.408,18.438,13.541,8.400,5.141,8.290,3.755,0.392,3.363,3.363,0.000,0.000,0.000,
11.11.2025,8:37:16.825,12.235,30.131,20.182,3.670,0.000,250.0,250.0,13.749,6.809,3.408,18.438,13.541,8.400,5.141,8.290,3.755,0.392,3.363,3.363,0.000,0.000,1.625,
11.11.2025,8:37:17.824,16.313,27.042,16.846,3.775,0.000,250.0,250.0,17.184,3.754,2.599,7.575,6.310,3.919,2.391,3.869,3.763,0.392,3.371,3.354,0.000,0.875,0.500,
11.11.2025,8:37:18.824,16.313,27.081,16.882,3.795,0.000,250.0,250.0,12.075,3.881,2.550,8.115,6.621,4.106,2.515,4.057,3.746,0.392,3.354,3.354,0.000,0.000,0.000,
11.11.2025,8:37:19.830,17.672,28.527,18.481,3.695,0.000,250.0,250.0,12.135,5.091,2.869,12.418,9.475,5.882,3.593,5.808,3.756,0.393,3.363,3.354,0.000,0.125,1.125,
11.11.2025,8:37:20.834,14.953,27.520,17.338,3.737,0.000,250.0,250.0,14.393,3.708,2.452,7.553,6.215,3.847,2.368,3.798,3.747,0.393,3.354,3.354,0.000,0.000,0.000,
11.11.2025,8:37:21.830,13.594,28.003,17.779,3.822,0.000,250.0,250.0,10.974,5.960,3.077,15.517,11.517,7.149,4.368,7.062,3.776,0.420,3.356,3.363,0.000,0.000,1.625,
11.11.2025,8:37:22.826,20.391,27.840,17.662,3.829,0.000,250.0,250.0,14.291,4.798,2.722,11.460,8.788,5.453,3.335,5.379,3.746,0.392,3.354,3.354,0.000,0.000,2.250,
11.11.2025,8:37:23.828,19.032,28.460,18.496,3.607,0.000,250.0,250.0,14.258,4.240,2.587,9.450,7.458,4.627,2.831,4.578,3.755,0.392,3.363,3.354,0.000,0.750,0.000,
11.11.2025,8:37:24.842,17.672,27.037,16.677,3.902,0.000,250.0,250.0,11.960,4.404,2.587,10.094,7.864,4.873,2.991,4.812,3.738,0.392,3.346,3.346,0.001,0.000,1.250,
11.11.2025,8:37:25.855,13.594,28.054,17.941,3.748,0.000,250.0,250.0,11.174,7.770,3.653,21.872,15.816,9.807,6.009,9.696,3.746,0.392,3.354,3.354,0.000,0.000,0.000,
11.11.2025,8:37:26.862,25.829,29.672,19.272,3.907,0.000,250.0,250.0,12.911,4.392,2.452,10.167,7.834,4.853,2.981,4.791,3.746,0.392,3.354,3.354,0.000,1.125,2.250,
11.11.2025,8:37:27.867,19.032,41.566,31.268,3.938,0.000,250.0,250.0,13.107,5.725,2.979,14.733,10.986,6.815,4.171,6.729,3.742,0.388,3.354,3.354,0.000,0.500,1.125,
11.11.2025,8:37:28.861,13.594,39.919,29.265,4.133,0.000,250.0,250.0,12.890,4.052,2.452,8.866,7.017,4.346,2.671,4.297,3.756,0.393,3.363,3.363,0.000,0.000,0.000,
11.11.2025,8:37:29.860,14.953,32.478,22.465,3.646,0.000,250.0,250.0,11.501,6.758,3.359,18.271,13.407,8.315,5.092,8.216,3.777,0.412,3.365,3.363,0.000,0.000,0.000,
11.11.2025,8:37:30.858,19.032,30.124,19.881,3.781,0.000,250.0,250.0,13.814,7.883,3.764,22.185,16.093,9.983,6.110,9.860,3.742,0.388,3.354,3.354,0.000,2.125,0.000,
11.11.2025,8:37:31.857,24.469,27.985,17.855,3.759,0.000,250.0,250.0,16.278,4.176,2.673,9.121,7.317,4.533,2.784,4.484,3.746,0.392,3.354,3.354,0.001,0.000,0.125,
11.11.2025,8:37:32.857,14.953,28.197,18.082,3.727,0.000,250.0,250.0,14.242,6.842,3.506,18.448,13.610,8.434,5.176,8.336,3.773,0.409,3.364,3.363,0.000,0.000,0.000,
11.11.2025,8:37:33.855,27.188,28.371,18.259,3.728,0.000,250.0,250.0,17.082,6.413,3.114,17.216,12.588,7.806,4.782,7.720,3.773,0.417,3.356,3.354,0.000,0.000,0.000,
11.11.2025,8:37:34.869,19.032,31.439,21.275,3.745,0.000,250.0,250.0,17.990,3.750,2.452,7.720,6.307,3.917,2.390,3.868,3.746,0.392,3.354,3.354,0.000,1.125,1.125,
11.11.2025,8:37:35.856,19.032,29.410,19.299,3.738,0.000,250.0,250.0,10.596,4.003,2.575,8.557,6.913,4.288,2.625,4.227,3.746,0.392,3.354,3.354,0.000,0.000,0.000,
11.11.2025,8:37:36.856,16.313,28.098,18.003,3.730,0.000,250.0,250.0,13.010,4.242,2.538,9.513,7.469,4.634,2.835,4.585,3.747,0.393,3.354,3.354,0.000,0.000,0.000,
11.11.2025,8:37:37.856,20.391,27.696,17.432,3.817,0.000,250.0,250.0,11.001,3.834,2.562,7.928,6.505,4.041,2.464,3.991,3.747,0.393,3.354,3.354,0.001,0.000,0.000,
11.11.2025,8:37:38.859,19.032,27.364,17.059,3.855,0.000,250.0,250.0,10.843,3.781,2.575,7.710,6.385,3.957,2.428,3.908,3.746,0.392,3.354,3.354,0.000,1.250,0.375,
11.11.2025,8:37:39.857,19.032,28.528,18.319,3.764,0.000,250.0,250.0,10.866,5.402,3.126,13.349,10.212,6.336,3.876,6.262,3.746,0.392,3.354,3.363,0.000,0.000,0.000,
11.11.2025,8:37:40.855,17.672,28.801,18.745,3.688,0.000,250.0,250.0,14.504,3.985,2.538,8.533,6.859,4.261,2.598,4.211,3.746,0.392,3.354,3.354,0.001,2.125,0.000,
11.11.2025,8:37:41.856,19.032,26.456,16.306,3.749,0.000,250.0,250.0,11.821,3.619,2.514,7.152,6.003,3.722,2.281,3.673,3.746,0.392,3.354,3.354,0.000,2.125,1.125,
11.11.2025,8:37:42.865,14.953,26.171,15.917,3.835,0.000,250.0,250.0,11.449,4.427,2.550,10.115,7.854,4.875,2.979,4.814,3.857,0.450,3.407,3.363,0.000,0.000,0.000,
11.11.2025,8:37:43.861,20.391,29.425,19.452,3.640,0.000,250.0,250.0,15.976,3.688,2.428,7.495,6.167,3.824,2.343,3.775,3.746,0.392,3.354,3.354,0.000,0.875,2.250,
11.11.2025,8:37:44.865,20.391,27.681,17.383,3.840,0.000,250.0,250.0,11.005,3.823,2.538,7.917,6.475,4.013,2.462,3.976,3.747,0.393,3.354,3.354,0.000,0.625,1.250,
11.11.2025,8:37:45.866,28.547,28.245,18.263,3.650,0.000,250.0,250.0,11.988,3.915,2.587,8.199,6.692,4.153,2.539,4.104,3.756,0.393,3.363,3.363,0.000,0.000,0.000,
11.11.2025,8:37:46.862,28.547,32.214,21.754,3.981,0.000,250.0,250.0,10.977,3.849,2.575,7.970,6.546,4.056,2.490,4.007,3.746,0.392,3.354,3.354,0.001,0.000,0.000,
11.11.2025,8:37:47.865,16.313,28.308,18.106,3.787,0.000,250.0,250.0,10.656,4.099,2.526,8.973,7.139,4.426,2.713,4.364,3.747,0.393,3.354,3.354,0.000,0.000,0.000,
11.11.2025,8:37:48.862,17.672,27.996,17.845,3.708,0.000,250.0,250.0,10.771,3.827,2.403,8.060,6.492,4.028,2.464,3.979,3.746,0.392,3.354,3.354,0.000,1.750,0.000,
11.11.2025,8:37:49.857,16.313,29.744,19.434,3.857,0.000,250.0,250.0,12.256,4.257,2.501,9.575,7.489,4.644,2.845,4.594,3.782,0.425,3.357,3.354,0.000,0.000,1.125,
11.11.2025,8:37:50.870,20.391,27.533,17.476,3.727,0.000,250.0,250.0,15.057,3.750,2.501,7.668,6.310,3.919,2.391,3.869,3.746,0.392,3.354,3.354,0.000,0.625,0.000,
11.11.2025,8:37:51.869,20.391,27.705,17.640,3.654,0.000,250.0,250.0,13.540,5.442,3.016,13.593,10.300,6.387,3.913,6.300,3.778,0.421,3.357,3.354,0.000,0.000,0.000,
11.11.2025,8:37:52.860,19.032,28.129,18.068,3.703,0.001,250.0,250.0,15.825,3.669,2.477,7.386,6.120,3.793,2.327,3.744,3.746,0.392,3.354,3.354,0.000,1.000,0.125,
11.11.2025,8:37:53.860,21.750,26.663,16.416,3.790,0.000,250.0,250.0,12.749,4.109,2.697,8.839,7.158,4.435,2.723,4.386,3.746,0.392,3.354,3.354,0.001,0.250,2.250,
11.11.2025,8:37:54.859,20.391,28.853,18.523,3.839,0.000,250.0,250.0,11.301,4.661,2.697,10.969,8.465,5.254,3.211,5.192,3.739,0.393,3.346,3.346,0.000,0.000,0.000,
11.11.2025,8:37:55.857,16.313,28.694,18.743,3.597,0.000,250.0,250.0,12.845,3.847,2.550,7.978,6.535,4.057,2.478,4.007,3.756,0.393,3.363,3.354,0.000,0.875,1.125,
11.11.2025,8:37:56.869,19.032,27.282,16.906,3.877,0.000,250.0,250.0,12.226,4.143,2.513,9.155,7.240,4.494,2.746,4.433,3.746,0.392,3.354,3.354,0.000,0.000,0.375,
11.11.2025,8:37:57.869,12.235,26.496,16.495,3.662,0.000,250.0,250.0,11.446,3.739,2.440,7.689,6.282,3.892,2.390,3.855,3.746,0.392,3.354,3.346,0.000,0.000,0.000,
11.11.2025,8:37:58.862,31.266,33.505,23.011,3.973,0.000,250.0,250.0,12.486,3.834,2.501,7.987,6.506,4.041,2.465,3.992,3.746,0.392,3.354,3.354,0.000,1.000,1.875,
11.11.2025,8:37:59.868,20.391,44.040,33.739,3.937,0.000,250.0,250.0,12.693,3.855,2.489,8.075,6.561,4.070,2.491,4.020,3.746,0.392,3.354,3.354,0.000,0.500,0.250,
11.11.2025,8:38:0.864,13.594,31.215,20.732,3.934,0.000,250.0,250.0,11.840,3.884,2.526,8.159,6.637,4.108,2.529,4.059,3.738,0.392,3.346,3.346,0.000,0.375,1.250,
11.11.2025,8:38:1.865,19.032,28.511,18.208,3.856,0.000,250.0,250.0,12.954,3.817,2.624,7.804,6.471,4.006,2.465,3.957,3.746,0.392,3.354,3.354,0.000,1.125,0.375,
11.11.2025,8:38:2.858,27.188,28.314,18.175,3.698,0.000,250.0,250.0,11.237,3.840,2.550,7.969,6.532,4.042,2.490,3.993,3.738,0.392,3.346,3.346,0.000,0.500,0.375,
11.11.2025,8:38:3.856,19.032,27.763,17.516,3.838,0.000,250.0,250.0,12.024,3.917,2.526,8.293,6.707,4.167,2.540,4.118,3.738,0.392,3.346,3.346,0.000,0.375,0.000,
11.11.2025,8:38:4.868,20.391,31.367,21.097,3.829,0.000,250.0,250.0,11.122,3.889,2.562,8.131,6.639,4.114,2.525,4.065,3.747,0.393,3.354,3.354,0.000,0.000,0.000,
11.11.2025,8:38:5.860,14.953,28.029,17.942,3.707,0.000,250.0,250.0,17.150,6.491,3.273,17.358,12.791,7.933,4.858,7.834,3.753,0.399,3.354,3.354,0.000,0.000,1.125,
11.11.2025,8:38:6.866,20.391,28.123,17.966,3.766,0.000,250.0,250.0,17.043,3.789,2.477,7.838,6.403,3.973,2.430,3.924,3.746,0.392,3.354,3.354,0.000,0.375,0.000,
11.11.2025,8:38:7.864,24.469,29.100,19.073,3.697,0.000,250.0,250.0,12.440,3.844,2.563,7.958,6.536,4.045,2.491,3.996,3.746,0.392,3.354,3.354,0.000,0.875,0.000,
11.11.2025,8:38:8.863,14.953,25.883,15.718,3.733,0.000,250.0,250.0,12.920,4.258,2.587,9.531,7.516,4.657,2.859,4.608,3.738,0.392,3.346,3.346,0.001,0.000,1.250,
11.11.2025,8:38:9.859,19.032,27.775,17.440,3.858,0.000,250.0,250.0,13.156,4.331,2.624,9.782,7.684,4.765,2.919,4.716,3.738,0.392,3.346,3.346,0.000,2.125,1.625,
11.11.2025,8:38:10.855,16.313,27.544,17.408,3.752,0.001,250.0,250.0,13.136,5.958,3.249,15.367,11.542,7.149,4.393,7.063,3.735,0.389,3.346,3.346,0.001,0.000,0.000,
11.11.2025,8:38:11.869,21.750,28.872,18.816,3.689,0.000,250.0,250.0,17.025,4.394,2.550,10.080,7.835,4.854,2.981,4.792,3.746,0.392,3.354,3.354,0.000,0.000,2.250,
11.11.2025,8:38:12.870,17.672,27.947,17.936,3.669,0.000,250.0,250.0,13.826,6.162,3.322,16.065,12.016,7.453,4.563,7.354,3.746,0.392,3.354,3.354,0.000,0.750,0.000,
11.11.2025,8:38:13.860,16.313,30.524,20.489,3.690,0.000,250.0,250.0,15.406,3.958,2.636,8.338,6.812,4.225,2.587,4.164,3.738,0.392,3.346,3.346,0.000,0.000,0.000,
11.11.2025,8:38:14.857,19.032,29.117,18.464,4.086,0.000,250.0,250.0,11.224,3.758,2.612,7.596,6.325,3.921,2.404,3.884,3.746,0.392,3.354,3.346,0.000,0.000,0.000,
11.11.2025,8:38:15.856,17.672,27.087,16.550,4.025,0.000,250.0,250.0,10.480,3.774,2.538,7.728,6.378,3.948,2.430,3.899,3.738,0.392,3.346,3.346,0.000,0.875,1.000,
11.11.2025,8:38:16.868,17.672,27.087,16.550,4.025,0.000,250.0,250.0,10.963,5.984,3.286,15.427,11.598,7.183,4.415,7.097,3.746,0.392,3.354,3.346,0.000,1.000,0.750,
11.11.2025,8:38:17.867,24.469,27.413,17.319,3.684,0.000,250.0,250.0,14.219,3.851,2.661,7.906,6.551,4.064,2.487,4.015,3.738,0.392,3.346,3.354,0.001,1.750,1.125,
11.11.2025,8:38:18.856,16.313,26.605,16.450,3.711,0.000,250.0,250.0,11.242,3.780,2.526,7.760,6.391,3.960,2.431,3.911,3.735,0.389,3.346,3.346,0.000,0.000,1.125,
11.11.2025,8:38:19.856,17.672,27.445,17.425,3.649,0.000,250.0,250.0,10.672,3.857,2.477,8.108,6.572,4.069,2.503,4.020,3.738,0.392,3.346,3.346,0.000,0.375,2.125,
11.11.2025,8:38:20.856,21.750,27.283,16.956,3.815,0.000,250.0,250.0,12.904,4.304,2.722,9.562,7.619,4.722,2.897,4.672,3.746,0.392,3.354,3.354,0.000,0.375,1.125,
11.11.2025,8:38:21.869,19.032,25.600,15.532,3.712,0.000,250.0,250.0,15.907,4.259,2.538,9.526,7.484,4.636,2.848,4.587,3.810,0.414,3.396,3.346,0.000,1.375,0.500,
11.11.2025,8:38:22.856,29.907,29.501,19.366,3.743,0.000,250.0,250.0,13.420,5.148,2.832,12.686,9.609,5.955,3.654,5.894,3.746,0.392,3.354,3.354,0.000,0.000,0.000,
11.11.2025,8:38:23.855,16.313,28.088,18.001,3.660,0.000,250.0,250.0,12.695,4.216,2.575,9.381,7.416,4.595,2.821,4.545,3.739,0.393,3.346,3.346,0.000,1.375,0.000,
11.11.2025,8:38:24.870,20.391,27.138,17.012,3.768,0.000,250.0,250.0,14.335,9.032,4.144,26.194,18.820,11.673,7.147,11.525,3.734,0.388,3.346,3.346,0.000,1.000,0.750,
11.11.2025,8:38:25.887,36.704,28.808,18.732,3.656,0.000,250.0,250.0,16.803,3.760,2.612,7.601,6.332,3.930,2.402,3.880,3.746,0.392,3.354,3.354,0.000,0.500,0.000,
11.11.2025,8:38:26.888,27.188,37.725,27.218,4.015,0.000,250.0,250.0,14.161,4.346,2.673,9.790,7.730,4.788,2.942,4.726,3.735,0.389,3.346,3.346,0.000,1.750,0.000,
11.11.2025,8:38:27.901,28.547,40.895,30.414,4.016,0.000,250.0,250.0,12.090,6.949,3.555,18.833,13.879,8.601,5.278,8.502,3.746,0.392,3.354,3.354,0.000,0.000,0.000,
11.11.2025,8:38:28.902,19.032,37.087,26.889,3.783,0.000,250.0,250.0,17.582,4.077,2.538,8.890,7.089,4.389,2.700,4.340,3.738,0.392,3.346,3.346,0.000,0.500,1.125,
11.11.2025,8:38:29.900,17.672,27.099,16.974,3.718,0.000,250.0,250.0,11.884,3.822,2.648,7.807,6.487,4.020,2.467,3.971,3.735,0.389,3.346,3.346,0.000,1.000,1.000,
11.11.2025,8:38:30.897,23.110,28.502,18.394,3.724,0.000,250.0,250.0,11.349,3.769,2.526,7.712,6.353,3.947,2.406,3.898,3.746,0.392,3.354,3.354,0.001,2.125,2.250,
11.11.2025,8:38:31.887,19.032,28.627,18.311,3.848,0.001,250.0,250.0,13.188,5.542,2.955,14.059,10.543,6.532,4.011,6.458,3.754,0.400,3.354,3.354,0.000,0.000,0.000,
11.11.2025,8:38:32.889,13.594,29.270,19.081,3.779,0.000,250.0,250.0,16.973,6.946,3.617,18.770,13.877,8.599,5.278,8.501,3.736,0.390,3.346,3.346,0.001,0.250,2.250,
11.11.2025,8:38:33.901,19.032,27.791,17.768,3.678,0.000,250.0,250.0,15.951,4.220,2.538,9.432,7.420,4.597,2.823,4.548,3.746,0.392,3.354,3.346,0.000,0.000,0.000,
11.11.2025,8:38:34.913,19.032,29.227,19.219,3.649,0.000,250.0,250.0,16.817,5.249,2.918,12.980,9.862,6.107,3.755,6.033,3.746,0.392,3.354,3.346,0.001,0.000,2.250,
11.11.2025,8:38:35.907,24.469,29.070,18.993,3.713,0.000,250.0,250.0,18.568,5.245,3.090,12.801,9.850,6.107,3.743,6.033,3.738,0.392,3.346,3.346,0.000,0.375,1.125,
11.11.2025,8:38:36.905,17.672,32.675,22.570,3.728,0.000,250.0,250.0,12.542,3.655,2.538,7.269,6.093,3.774,2.319,3.725,3.739,0.393,3.346,3.354,0.000,0.000,2.250,
11.11.2025,8:38:37.903,20.391,26.995,16.796,3.796,0.000,250.0,250.0,12.795,3.720,2.563,7.495,6.239,3.872,2.367,3.823,3.746,0.392,3.354,3.346,0.000,0.000,0.000,
11.11.2025,8:38:38.906,23.110,27.466,17.310,3.749,0.000,250.0,250.0,15.516,6.440,3.409,17.048,12.675,7.863,4.812,7.765,3.738,0.392,3.346,3.354,0.000,0.000,0.000,
11.11.2025,8:38:39.903,23.110,29.649,19.490,3.728,0.000,250.0,250.0,15.461,5.932,3.273,15.212,11.452,7.110,4.342,7.023,3.776,0.420,3.356,3.354,0.000,0.000,1.875,
11.11.2025,8:38:40.909,23.110,30.052,20.088,3.671,0.000,250.0,250.0,17.029,5.537,3.102,13.870,10.523,6.523,4.000,6.449,3.776,0.420,3.356,3.354,0.000,0.000,0.000,
11.11.2025,8:38:41.907,21.750,30.086,19.906,3.755,0.000,250.0,250.0,12.554,4.468,2.599,10.294,8.001,4.956,3.045,4.894,3.774,0.426,3.348,3.346,0.001,0.000,0.000,
11.11.2025,8:38:42.903,20.391,29.142,18.806,3.846,0.000,250.0,250.0,15.924,3.911,2.538,8.248,6.696,4.156,2.540,4.107,3.738,0.392,3.346,3.346,0.000,0.625,0.750,
11.11.2025,8:38:43.902,28.547,28.648,18.695,3.649,0.000,250.0,250.0,11.933,6.739,3.334,18.255,13.375,8.298,5.077,8.199,3.746,0.392,3.354,3.354,0.000,0.000,0.000,
11.11.2025,8:38:44.913,29.907,27.267,17.129,3.714,0.000,250.0,250.0,19.463,3.689,2.477,7.459,6.162,3.821,2.341,3.784,3.746,0.392,3.354,3.354,0.000,1.375,0.000,
11.11.2025,8:38:45.912,16.313,29.866,19.774,3.697,0.000,250.0,250.0,17.476,6.508,3.384,17.299,12.816,7.945,4.871,7.859,3.776,0.420,3.356,3.354,0.000,1.000,0.000,
11.11.2025,8:38:46.907,17.672,28.449,18.579,3.598,0.000,250.0,250.0,14.020,4.253,2.538,9.535,7.494,4.647,2.847,4.585,3.772,0.424,3.348,3.346,0.001,0.500,0.000,
11.11.2025,8:38:47.902,16.313,30.337,20.073,3.767,0.001,250.0,250.0,16.249,3.806,2.538,7.858,6.445,4.005,2.440,3.955,3.738,0.392,3.346,3.346,0.000,0.375,0.500,
11.11.2025,8:38:48.916,13.594,27.358,17.182,3.795,0.000,250.0,250.0,10.779,4.215,2.550,9.411,7.414,4.594,2.820,4.544,3.735,0.389,3.346,3.346,0.000,2.000,1.250,
11.11.2025,8:38:49.917,16.313,29.100,18.976,3.730,0.000,250.0,250.0,15.162,3.873,2.599,8.053,6.602,4.102,2.500,4.053,3.736,0.390,3.346,3.346,0.001,1.375,1.250,
11.11.2025,8:38:50.911,19.032,28.871,18.704,3.746,0.000,250.0,250.0,10.798,4.210,2.562,9.354,7.382,4.577,2.805,4.527,3.772,0.424,3.348,3.346,0.000,0.000,0.500,
11.11.2025,8:38:51.913,17.672,26.671,16.428,3.850,0.000,250.0,250.0,11.730,3.715,2.587,7.465,6.234,3.868,2.366,3.819,3.735,0.389,3.346,3.346,0.000,1.000,0.000,
11.11.2025,8:38:52.910,19.032,26.370,16.144,3.783,0.000,250.0,250.0,10.881,3.796,2.648,7.700,6.426,3.976,2.450,3.927,3.738,0.392,3.346,3.354,0.001,0.000,1.250,
11.11.2025,8:38:53.906,21.750,26.740,16.578,3.775,0.000,250.0,250.0,15.071,3.753,2.636,7.543,6.322,3.919,2.403,3.870,3.746,0.392,3.354,3.346,0.000,0.375,0.000,
11.11.2025,8:38:54.905,17.672,28.330,18.375,3.575,0.000,250.0,250.0,14.526,3.707,2.648,7.373,6.216,3.853,2.363,3.804,3.735,0.389,3.346,3.346,0.000,0.375,0.500,
11.11.2025,8:38:55.905,13.594,27.610,17.222,3.941,0.000,250.0,250.0,13.375,3.707,2.624,7.540,6.309,3.906,2.403,3.857,3.746,0.392,3.354,3.354,0.000,0.375,0.000,
11.11.2025,8:38:56.904,17.672,28.630,18.486,3.759,0.000,250.0,250.0,13.375,3.749,2.624,7.540,6.309,3.906,2.403,3.857,3.746,0.392,3.354,3.354,0.000,0.000,0.000,
11.11.2025,8:38:57.921,17.672,28.061,17.914,3.759,0.000,250.0,250.0,10.595,4.068,2.550,9.508,7.479,4.633,2.846,4.584,3.874,0.426,3.448,3.346,0.000,0.000,1.125,
11.11.2025,8:38:58.919,16.313,27.574,17.183,3.874,0.000,250.0,250.0,10.595,4.269,2.550,9.508,7.479,4.633,2.846,4.584,3.874,0.426,3.448,3.346,0.000,2.250,2.250,
11.11.2025,8:38:59.935,27.188,30.880,20.802,3.748,0.001,250.0,250.0,12.589,5.172,2.930,12.676,9.668,6.003,3.665,5.929,3.746,0.392,3.354,3.354,0.000,0.000,0.000,
11.11.2025,8:39:0.935,20.391,41.070,30.657,3.951,0.000,250.0,250.0,16.237,3.933,2.661,8.212,6.756,4.192,2.564,4.130,3.735,0.389,3.346,3.346,0.000,0.000,0.000,
11.11.2025,8:39:1.937,16.313,40.690,29.982,4.110,0.000,250.0,250.0,11.627,4.738,2.906,11.045,8.658,5.369,3.289,5.295,3.735,0.389,3.346,3.346,0.000,0.000,0.000,
11.11.2025,8:39:2.950,19.032,31.889,21.667,3.818,0.000,250.0,250.0,13.455,6.210,3.482,16.076,12.131,7.517,4.614,7.431,3.746,0.392,3.354,3.354,0.000,0.750,1.125,
11.11.2025,8:39:3.954,20.391,27.825,17.802,3.699,0.001,250.0,250.0,18.144,4.575,2.942,10.376,8.260,5.121,3.139,5.060,3.746,0.392,3.354,3.354,0.000,0.000,0.000,
11.11.2025,8:39:4.953,21.750,30.064,19.976,3.692,0.000,250.0,250.0,16.649,5.883,3.163,15.156,11.352,7.048,4.304,6.962,3.746,0.392,3.354,3.354,0.000,2.125,0.000,
11.11.2025,8:39:5.964,10.875,28.222,18.050,3.758,0.000,250.0,250.0,13.632,3.856,2.550,8.031,6.570,4.068,2.502,4.018,3.738,0.392,3.346,3.346,0.000,1.000,0.375,
11.11.2025,8:39:6.962,17.672,28.097,17.714,3.906,0.000,250.0,250.0,11.270,6.220,3.188,16.431,12.156,7.542,4.614,7.443,3.738,0.392,3.346,3.346,0.000,2.125,0.000,
11.11.2025,8:39:7.960,17.672,32.504,22.384,3.767,0.000,250.0,250.0,18.550,6.490,3.323,17.316,12.783,7.923,4.860,7.837,3.753,0.399,3.354,3.354,0.000,0.000,0.125,
11.11.2025,8:39:8.956,17.672,27.790,17.624,3.768,0.000,250.0,250.0,15.132,3.754,2.673,7.527,6.320,3.918,2.402,3.881,3.735,0.389,3.346,3.346,0.000,2.000,1.125,
11.11.2025,8:39:9.954,21.750,29.300,19.025,3.837,0.000,250.0,250.0,11.266,3.841,2.624,7.898,6.537,4.045,2.492,3.996,3.735,0.389,3.346,3.346,0.000,2.000,1.500,
11.11.2025,8:39:10.954,20.391,28.282,18.224,3.706,0.000,250.0,250.0,12.746,4.518,2.783,10.326,8.133,5.040,3.093,4.978,3.738,0.392,3.346,3.354,0.000,0.000,1.500,
11.11.2025,8:39:11.954,19.032,28.849,18.704,3.751,0.000,250.0,250.0,13.828,4.125,2.697,8.917,7.203,4.470,2.733,4.408,3.738,0.392,3.346,3.346,0.000,0.000,1.875,
11.11.2025,8:39:12.954,16.313,26.938,16.753,3.793,0.000,250.0,250.0,11.561,4.051,2.636,8.690,7.024,4.350,2.674,4.300,3.746,0.392,3.354,3.346,0.000,1.375,1.125,
11.11.2025,8:39:13.954,21.750,29.303,19.076,3.781,0.000,250.0,250.0,11.977,3.975,2.636,8.402,6.851,4.251,2.600,4.190,3.736,0.390,3.346,3.346,0.000,0.375,2.250,
11.11.2025,8:39:14.962,20.391,29.405,19.118,3.856,0.000,250.0,250.0,11.677,5.100,2.869,12.471,9.501,5.895,3.606,5.821,3.743,0.397,3.346,3.346,0.001,0.000,2.125,
11.11.2025,8:39:15.957,29.907,31.292,20.744,4.067,0.000,250.0,250.0,11.493,3.944,2.489,8.434,6.771,4.206,2.565,4.157,3.735,0.389,3.346,3.346,0.000,1.125,2.375,
11.11.2025,8:39:16.956,20.391,29.078,18.720,3.896,0.000,250.0,250.0,12.644,4.348,2.722,9.725,7.707,4.777,2.930,4.728,3.770,0.422,3.348,3.354,0.000,0.000,1.125,
11.11.2025,8:39:17.953,17.672,29.397,19.255,3.776,0.000,250.0,250.0,12.346,6.207,3.163,16.387,12.104,7.504,4.600,7.418,3.766,0.417,3.349,3.363,0.000,0.375,0.000,
11.11.2025,8:39:18.949,19.032,28.117,17.986,3.727,0.000,250.0,250.0,15.348,4.973,2.685,12.140,9.189,5.703,3.486,5.629,3.769,0.421,3.348,3.363,0.000,0.000,0.000,
11.11.2025,8:39:19.954,19.032,28.123,17.985,3.746,0.000,250.0,250.0,16.427,4.984,2.759,12.107,9.211,5.714,3.497,5.653,3.776,0.428,3.348,3.346,0.000,0.000,0.625,
11.11.2025,8:39:20.949,19.032,29.183,19.014,3.781,0.000,250.0,250.0,12.312,3.734,2.526,7.579,6.268,3.886,2.382,3.849,3.746,0.392,3.354,3.354,0.000,0.000,2.375,
11.11.2025,8:39:21.963,21.750,27.750,17.726,3.713,0.000,250.0,250.0,13.046,4.012,2.636,8.544,6.922,4.299,2.623,4.250,3.747,0.393,3.354,3.354,0.000,0.000,1.000,
11.11.2025,8:39:22.963,17.672,29.187,18.972,3.794,0.000,250.0,250.0,11.093,4.247,2.575,9.506,7.489,4.644,2.845,4.594,3.735,0.389,3.346,3.346,0.000,0.000,0.000,
11.11.2025,8:39:23.960,20.391,28.380,18.138,3.811,0.000,250.0,250.0,10.920,3.753,2.599,7.581,6.319,3.917,2.402,3.867,3.746,0.392,3.354,3.354,0.000,1.125,1.625,
11.11.2025,8:39:24.960,19.032,29.084,19.007,3.745,0.000,250.0,250.0,12.688,4.179,2.710,9.107,7.328,4.545,2.783,4.496,3.738,0.392,3.346,3.346,0.000,0.000,0.000,
11.11.2025,8:39:25.960,21.750,34.066,23.744,3.874,0.000,250.0,250.0,16.273,7.362,3.788,20.120,14.827,9.196,5.631,9.073,3.815,0.409,3.406,3.354,0.001,0.000,0.000,
11.11.2025,8:39:26.964,27.188,41.477,30.964,4.095,0.000,250.0,250.0,20.765,5.392,3.225,13.209,10.189,6.313,3.876,6.239,3.755,0.392,3.363,3.363,0.000,1.250,0.000,
11.11.2025,8:39:27.964,16.313,35.647,25.039,4.041,0.000,250.0,250.0,14.210,3.758,2.599,7.617,6.335,3.932,2.403,3.882,3.735,0.389,3.346,3.346,0.000,0.000,0.500,
11.11.2025,8:39:28.994,21.750,27.432,17.322,3.722,0.000,250.0,250.0,14.307,6.328,3.077,16.934,12.395,7.685,4.710,7.587,3.771,0.416,3.355,3.354,0.000,0.000,0.000,
11.11.2025,8:39:29.993,17.672,28.405,18.274,3.741,0.000,250.0,250.0,12.360,3.830,2.587,7.888,6.496,4.026,2.470,3.989,3.746,0.392,3.354,3.354,0.000,1.750,1.125,
11.11.2025,8:39:30.994,23.110,27.496,16.983,3.998,0.000,250.0,250.0,11.096,3.782,2.673,7.621,6.387,3.958,2.429,3.909,3.746,0.392,3.354,3.354,0.000,1.250,0.000,
11.11.2025,8:39:31.987,13.594,27.995,17.794,3.843,0.000,250.0,250.0,11.681,4.274,2.624,9.480,7.512,4.663,2.849,4.601,3.832,0.418,3.414,3.346,0.000,1.500,0.000,
11.11.2025,8:39:32.981,19.032,27.405,17.208,3.800,0.000,250.0,250.0,17.032,5.297,3.004,13.076,9.968,6.186,3.782,6.112,3.747,0.393,3.354,3.346,0.000,0.000,0.000,
11.11.2025,8:39:33.981,13.594,28.610,18.420,3.771,0.000,250.0,250.0,13.407,4.580,2.710,10.637,8.278,5.125,3.153,5.063,3.746,0.392,3.354,3.346,0.000,1.500,0.000,
11.11.2025,8:39:34.982,16.313,28.883,18.856,3.663,0.000,250.0,250.0,12.175,4.032,2.685,8.566,6.976,4.326,2.650,4.277,3.746,0.392,3.354,3.346,0.000,0.000,0.000,
11.11.2025,8:39:35.983,20.391,27.328,17.120,3.811,0.000,250.0,250.0,13.003,4.702,2.759,11.065,8.563,5.310,3.253,5.249,3.735,0.389,3.346,3.346,0.000,0.375,0.250,
11.11.2025,8:39:36.988,19.032,29.116,18.947,3.765,0.000,250.0,250.0,15.700,3.924,2.501,8.335,6.724,4.170,2.554,4.120,3.746,0.392,3.354,3.346,0.000,0.000,0.000,
11.11.2025,8:39:37.982,16.313,29.814,19.981,3.557,0.000,250.0,250.0,16.532,3.889,2.599,8.098,6.633,4.118,2.515,4.069,3.755,0.392,3.363,3.346,0.000,0.625,0.750,
11.11.2025,8:39:38.988,17.672,32.858,22.339,4.003,0.000,250.0,250.0,12.929,3.935,2.612,8.263,6.753,4.185,2.568,4.136,3.746,0.392,3.354,3.338,0.000,1.375,0.000,
11.11.2025,8:39:39.983,29.907,41.583,30.972,4.113,0.000,250.0,250.0,11.233,4.352,2.673,9.797,7.736,4.800,2.936,4.738,3.746,0.392,3.354,3.346,0.000,1.375,2.375,
11.11.2025,8:39:41.000,14.953,34.445,23.876,4.021,0.000,250.0,250.0,12.706,3.877,2.747,7.911,6.610,4.106,2.504,4.057,3.746,0.392,3.354,3.346,0.000,0.000,0.000,
11.11.2025,8:39:42.000,24.469,28.084,18.005,3.713,0.000,250.0,250.0,12.860,6.331,3.212,16.819,12.415,7.698,4.717,7.611,3.746,0.392,3.354,3.346,0.000,0.000,0.000,
11.11.2025,8:39:43.013,32.625,28.987,18.847,3.767,0.000,250.0,250.0,12.378,4.957,2.771,12.025,9.165,5.679,3.486,5.617,3.739,0.393,3.346,3.346,0.000,0.000,0.000,
11.11.2025,8:39:44.012,16.313,28.228,17.940,3.830,0.000,250.0,250.0,12.085,4.276,2.550,9.634,7.564,4.689,2.875,4.628,3.735,0.389,3.346,3.346,0.000,0.000,0.000,
11.11.2025,8:39:45.011,16.313,28.381,18.397,3.654,0.000,250.0,250.0,14.816,3.864,2.575,8.040,6.588,4.084,2.504,4.035,3.735,0.389,3.346,3.346,0.000,0.000,2.375,
11.11.2025,8:39:46.018,17.672,28.221,17.937,3.873,0.000,250.0,250.0,12.174,4.655,2.832,10.760,8.426,5.223,3.203,5.161,3.800,0.403,3.397,3.346,0.000,0.000,0.000,
11.11.2025,8:39:47.019,21.750,28.492,18.407,3.704,0.000,250.0,250.0,16.890,5.635,3.028,14.283,10.724,6.648,4.076,6.574,3.833,0.434,3.399,3.346,0.001,1.625,0.000,
11.11.2025,8:39:48.017,21.750,30.812,20.592,3.803,0.000,250.0,250.0,19.617,3.796,2.710,7.633,6.419,3.979,2.440,3.930,3.746,0.392,3.354,3.354,0.000,0.875,1.125,
11.11.2025,8:39:49.014,21.750,27.683,17.582,3.754,0.000,250.0,250.0,16.300,5.896,3.237,15.147,11.392,7.062,4.330,6.976,3.735,0.389,3.346,3.346,0.001,0.375,0.125,
11.11.2025,8:39:50.016,19.032,29.447,19.324,3.699,0.000,250.0,250.0,12.827,5.289,2.942,13.096,9.948,6.168,3.780,6.094,3.759,0.410,3.349,3.346,0.000,0.000,0.000,
11.11.2025,8:39:51.017,19.032,27.521,17.513,3.643,0.000,250.0,250.0,16.470,3.806,2.538,7.850,6.446,4.006,2.440,3.957,3.738,0.392,3.346,3.346,0.000,0.000,0.000,
11.11.2025,8:39:52.014,16.313,29.198,18.908,3.873,0.000,250.0,250.0,12.611,4.112,2.477,9.087,7.171,4.448,2.723,4.399,3.736,0.390,3.346,3.346,0.000,1.375,0.500,
11.11.2025,8:39:53.041,23.110,27.495,17.266,3.804,0.000,250.0,250.0,11.939,3.804,2.563,7.819,6.452,3.997,2.455,3.948,3.735,0.389,3.346,3.338,0.000,0.500,0.500,
11.11.2025,8:39:54.027,17.672,28.341,18.020,3.875,0.000,250.0,250.0,11.002,3.803,2.563,7.818,6.446,3.993,2.453,3.944,3.735,0.389,3.346,3.346,0.000,0.000,0.000,
11.11.2025,8:39:55.038,19.032,28.393,18.325,3.685,0.000,250.0,250.0,13.003,7.457,3.629,20.699,15.088,9.358,5.730,9.235,3.742,0.396,3.346,3.346,0.000,0.000,0.000,
11.11.2025,8:39:56.037,23.110,27.703,17.356,3.892,0.000,250.0,250.0,12.125,3.848,2.661,7.896,6.548,4.069,2.479,4.020,3.735,0.389,3.346,3.338,0.000,0.000,0.000,
11.11.2025,8:39:57.033,21.750,27.850,17.544,3.847,0.000,250.0,250.0,11.622,3.821,2.673,7.781,6.479,4.015,2.464,3.978,3.735,0.389,3.346,3.346,0.000,0.000,0.500,
11.11.2025,8:39:58.031,19.032,28.580,18.557,3.715,0.000,250.0,250.0,11.473,6.143,3.408,15.923,11.976,7.427,4.549,7.341,3.735,0.389,3.346,3.338,0.000,2.125,0.000,
11.11.2025,8:39:59.030,19.032,27.826,17.703,3.728,0.000,250.0,250.0,17.001,3.685,2.550,7.375,6.168,3.824,2.344,3.775,3.735,0.389,3.346,3.346,0.000,0.000,1.125,
11.11.2025,8:40:0.043,21.750,26.811,16.641,3.766,0.000,250.0,250.0,11.787,3.907,2.550,8.228,6.692,4.141,2.551,4.091,3.735,0.389,3.346,3.346,0.000,0.000,0.000,
11.11.2025,8:40:1.057,25.829,27.420,17.437,3.650,0.000,250.0,250.0,12.195,8.066,3.678,22.987,16.525,10.255,6.270,10.132,3.735,0.389,3.346,3.346,0.000,0.000,0.000,
11.11.2025,8:40:2.072,24.469,29.698,19.419,3.826,0.000,250.0,250.0,16.903,4.018,2.648,8.547,6.952,4.314,2.638,4.253,3.738,0.392,3.346,3.346,0.000,0.000,2.375,
11.11.2025,8:40:3.065,31.266,35.142,24.721,3.997,0.000,250.0,250.0,14.465,4.907,2.857,11.749,9.047,5.613,3.434,5.552,3.738,0.392,3.346,3.346,0.000,1.000,2.375,
11.11.2025,8:40:4.067,13.594,41.667,31.117,4.065,0.001,250.0,250.0,15.453,4.608,2.709,10.750,8.349,5.172,3.177,5.110,3.735,0.389,3.346,3.346,0.000,2.000,1.500,
11.11.2025,8:40:5.063,17.672,28.424,18.202,3.809,0.000,250.0,250.0,14.195,3.725,2.550,7.535,6.259,3.881,2.378,3.832,3.735,0.389,3.346,3.346,0.000,1.750,0.000,
11.11.2025,8:40:6.062,17.672,28.626,18.420,3.785,0.000,250.0,250.0,11.434,4.438,2.575,10.245,7.952,4.924,3.028,4.862,3.727,0.389,3.338,3.338,0.000,2.000,0.000,
11.11.2025,8:40:7.058,19.032,25.648,15.399,3.816,0.000,250.0,250.0,11.455,5.256,2.906,13.033,9.880,6.127,3.753,6.053,3.731,0.385,3.346,3.346,0.000,1.875,0.000,
11.11.2025,8:40:8.069,10.875,28.626,18.677,3.647,0.000,250.0,250.0,18.785,6.774,3.408,18.320,13.474,8.347,5.127,8.249,3.732,0.386,3.346,3.346,0.000,0.000,1.125,
11.11.2025,8:40:9.061,16.313,28.183,17.838,3.849,0.000,250.0,250.0,18.169,3.688,2.636,7.313,6.176,3.834,2.342,3.784,3.727,0.389,3.338,3.338,0.000,0.500,0.375,
11.11.2025,8:40:10.062,19.032,27.852,17.812,3.721,0.000,250.0,250.0,11.934,6.653,3.519,17.749,13.180,8.176,5.004,8.077,3.742,0.388,3.354,3.346,0.000,0.000,1.625,
11.11.2025,8:40:11.062,16.313,31.818,21.484,3.875,0.000,250.0,250.0,15.112,3.715,2.648,7.398,6.234,3.869,2.365,3.820,3.735,0.389,3.346,3.346,0.000,0.000,1.375,
11.11.2025,8:40:12.072,20.391,29.724,19.416,3.876,0.000,250.0,250.0,12.406,3.562,2.636,6.831,5.871,3.643,2.228,3.594,3.735,0.389,3.346,3.346,0.000,0.000,1.625,
11.11.2025,8:40:13.058,12.235,27.489,17.442,3.715,0.000,250.0,250.0,12.400,4.900,2.857,11.716,9.039,5.603,3.436,5.529,3.735,0.389,3.346,3.346,0.000,1.125,1.000,
11.11.2025,8:40:14.066,16.313,27.039,16.862,3.765,0.001,250.0,250.0,10.697,3.640,2.587,7.179,6.065,3.760,2.305,3.711,3.727,0.389,3.338,3.338,0.000,1.000,0.875,
11.11.2025,8:40:15.059,19.032,28.146,17.855,3.858,0.000,250.0,250.0,12.021,5.214,2.832,12.941,9.782,6.061,3.721,5.987,3.735,0.389,3.346,3.346,0.000,0.000,0.000,
11.11.2025,8:40:16.063,28.547,29.440,19.319,3.694,0.000,250.0,250.0,12.414,4.714,2.636,11.212,8.576,5.323,3.253,5.262,3.764,0.418,3.346,3.346,0.000,0.375,0.750,
11.11.2025,8:40:17.058,28.547,29.440,19.319,3.694,0.000,250.0,250.0,14.147,3.958,2.624,8.356,6.821,4.231,2.590,4.169,3.727,0.389,3.338,3.338,0.000,0.500,0.000,
11.11.2025,8:40:18.067,25.829,28.177,17.849,3.965,0.000,250.0,250.0,12.221,5.402,2.955,13.541,10.223,6.335,3.888,6.261,3.738,0.392,3.346,3.346,0.000,0.000,0.000,
11.11.2025,8:40:19.069,25.829,30.361,19.857,3.964,0.000,250.0,250.0,14.079,3.993,2.648,8.459,6.889,4.276,2.613,4.227,3.735,0.389,3.346,3.346,0.000,0.000,1.125,
11.11.2025,8:40:20.066,28.547,29.829,19.756,3.738,0.000,250.0,250.0,12.528,6.799,3.555,18.273,13.530,8.389,5.141,8.290,3.735,0.389,3.346,3.346,0.000,0.000,1.250,
11.11.2025,8:40:21.066,16.313,30.988,20.734,3.824,0.000,250.0,250.0,16.311,4.168,2.710,9.052,7.296,4.523,2.773,4.474,3.746,0.392,3.354,3.354,0.000,0.000,0.000,
11.11.2025,8:40:22.063,19.032,29.594,19.537,3.715,0.000,250.0,250.0,12.110,3.903,2.550,8.226,6.687,4.138,2.549,4.089,3.727,0.389,3.338,3.338,0.000,0.000,0.000,
11.11.2025,8:40:23.058,13.594,27.609,17.348,3.823,0.000,250.0,250.0,11.385,4.132,2.587,9.069,7.227,4.482,2.745,4.420,3.727,0.389,3.338,3.338,0.000,0.000,0.000,
11.11.2025,8:40:24.073,20.391,28.519,18.362,3.746,0.000,250.0,250.0,12.182,3.835,2.599,7.910,6.515,4.039,2.476,3.990,3.735,0.389,3.346,3.346,0.000,0.375,0.000,
11.11.2025,8:40:25.068,17.672,27.412,17.305,3.707,0.000,250.0,250.0,11.676,6.267,3.237,16.549,12.263,7.609,4.654,7.511,3.750,0.410,3.340,3.346,0.000,0.000,1.125,
11.11.2025,8:40:26.072,28.547,31.921,21.582,3.953,0.000,250.0,250.0,12.285,3.902,2.698,8.067,6.683,4.143,2.540,4.093,3.728,0.390,3.338,3.338,0.000,1.250,2.375,
11.11.2025,8:40:27.069,16.313,41.626,30.969,4.114,0.000,250.0,250.0,13.262,3.751,2.685,7.503,6.322,3.919,2.403,3.870,3.735,0.389,3.346,3.338,0.000,0.000,1.000,
11.11.2025,8:40:28.063,32.625,42.096,31.459,4.074,0.000,250.0,250.0,11.092,3.719,2.563,7.514,6.246,3.881,2.365,3.832,3.727,0.389,3.338,3.338,0.000,0.000,0.125,
11.11.2025,8:40:29.065,23.110,37.647,27.120,4.079,0.000,250.0,250.0,11.887,3.636,2.477,7.266,6.053,3.748,2.305,3.699,3.735,0.389,3.346,3.338,0.000,0.000,0.000,
11.11.2025,8:40:30.066,13.594,42.670,32.295,3.955,0.000,250.0,250.0,10.676,3.650,2.489,7.315,6.089,3.772,2.317,3.723,3.727,0.389,3.338,3.338,0.000,0.125,0.500,
11.11.2025,8:40:31.064,19.032,28.652,18.020,4.103,0.000,250.0,250.0,11.493,3.744,2.661,7.512,6.306,3.916,2.390,3.867,3.727,0.389,3.338,3.338,0.000,1.500,0.000,
11.11.2025,8:40:32.062,14.953,27.791,17.716,3.681,0.000,250.0,250.0,12.025,3.686,2.575,7.368,6.165,3.823,2.342,3.786,3.727,0.389,3.338,3.346,0.000,1.125,1.000,
11.11.2025,8:40:33.064,17.672,27.853,17.508,3.876,0.000,250.0,250.0,12.529,6.571,3.507,17.453,12.988,8.056,4.932,7.958,3.735,0.389,3.346,3.346,0.000,0.375,0.000,
11.11.2025,8:40:34.064,19.032,28.157,18.031,3.712,0.001,250.0,250.0,17.001,4.658,2.783,10.859,8.448,5.246,3.202,5.184,3.756,0.410,3.346,3.346,0.000,0.000,0.000,
11.11.2025,8:40:35.065,19.032,27.130,17.030,3.722,0.000,250.0,250.0,13.171,3.722,2.636,7.440,6.249,3.883,2.366,3.834,3.735,0.389,3.346,3.346,0.000,1.125,1.125,
11.11.2025,8:40:36.061,17.672,27.905,17.855,3.677,0.000,250.0,250.0,15.031,3.762,2.587,7.647,6.343,3.941,2.402,3.892,3.735,0.389,3.346,3.338,0.001,0.000,2.250,
11.11.2025,8:40:37.058,19.032,28.376,18.376,3.681,0.000,250.0,250.0,13.193,4.197,2.526,9.364,7.370,4.572,2.798,4.523,3.735,0.389,3.346,3.346,0.000,0.000,1.125,
11.11.2025,8:40:38.070,17.672,28.464,18.392,3.690,0.000,250.0,250.0,12.972,3.905,2.477,8.310,6.686,4.149,2.537,4.100,3.727,0.389,3.338,3.338,0.000,0.000,0.000,
11.11.2025,8:40:39.071,19.032,28.898,18.639,3.828,0.000,250.0,250.0,10.766,5.157,2.869,12.685,9.640,5.983,3.657,5.909,3.742,0.396,3.346,3.346,0.000,0.000,0.000,
11.11.2025,8:40:40.074,17.672,27.386,17.238,3.753,0.000,250.0,250.0,18.219,6.136,3.212,16.069,11.954,7.416,4.538,7.317,3.749,0.395,3.354,3.354,0.000,2.000,0.000,
11.11.2025,8:40:41.081,19.032,28.891,18.835,3.692,0.001,250.0,250.0,17.477,7.255,3.531,20.024,14.610,9.051,5.559,8.941,3.742,0.396,3.346,3.346,0.000,0.375,0.000,
11.11.2025,8:40:42.083,31.266,31.064,20.791,3.862,0.000,250.0,250.0,16.813,3.722,2.648,7.420,6.251,3.884,2.367,3.835,3.735,0.389,3.346,3.346,0.000,0.000,1.125,
11.11.2025,8:40:43.094,16.313,30.519,20.166,3.940,0.000,250.0,250.0,11.969,3.784,2.697,7.618,6.406,3.967,2.439,3.917,3.727,0.389,3.338,3.338,0.000,0.375,0.625,
11.11.2025,8:40:44.093,17.672,27.837,17.591,3.778,0.000,250.0,250.0,10.984,3.802,2.636,7.762,6.453,4.002,2.451,3.953,3.718,0.389,3.329,3.329,0.000,0.000,0.000,
11.11.2025,8:40:45.092,25.829,27.001,16.650,3.911,0.000,250.0,250.0,14.068,3.898,2.501,8.240,6.671,4.131,2.540,4.081,3.735,0.389,3.346,3.346,0.000,0.000,1.000,
11.11.2025,8:40:46.089,21.750,28.594,18.393,3.805,0.000,250.0,250.0,17.154,3.810,2.612,7.811,6.466,4.003,2.463,3.953,3.727,0.389,3.338,3.338,0.001,0.000,0.000,
11.11.2025,8:40:47.100,20.391,28.504,18.373,3.771,0.000,250.0,250.0,13.750,4.164,2.599,9.180,7.301,4.531,2.770,4.469,3.727,0.389,3.338,3.338,0.000,0.500,0.000,
11.11.2025,8:40:48.099,17.672,29.690,19.486,3.790,0.000,250.0,250.0,12.358,4.136,2.563,9.095,7.234,4.486,2.748,4.425,3.735,0.389,3.346,3.338,0.000,0.000,0.000,
11.11.2025,8:40:49.101,14.953,28.165,18.047,3.767,0.000,250.0,250.0,17.761,3.692,2.563,7.401,6.182,3.830,2.352,3.781,3.735,0.389,3.346,3.338,0.000,0.750,0.750,
11.11.2025,8:40:50.090,19.032,28.936,18.913,3.692,0.000,250.0,250.0,13.798,3.694,2.526,7.443,6.196,3.838,2.358,3.789,3.727,0.389,3.338,3.338,0.000,0.750,1.250,
11.11.2025,8:40:51.101,17.672,28.460,18.023,3.955,0.000,250.0,250.0,11.392,4.488,2.599,10.350,8.036,4.979,3.057,4.918,3.795,0.406,3.389,3.346,0.000,0.875,0.000,
11.11.2025,8:40:52.098,17.672,27.657,17.604,3.692,0.000,250.0,250.0,12.968,3.616,2.501,7.181,6.002,3.722,2.280,3.685,3.727,0.389,3.338,3.338,0.000,0.000,1.125,
11.11.2025,8:40:53.095,19.032,31.327,21.181,3.762,0.000,250.0,250.0,12.933,3.616,2.930,11.943,9.219,5.723,3.496,5.649,3.738,0.392,3.346,3.346,0.000,0.000,0.000,
11.11.2025,8:40:54.093,17.672,29.460,19.402,3.711,0.000,250.0,250.0,12.933,4.978,2.930,11.943,9.219,5.723,3.496,5.649,3.738,0.392,3.346,3.346,0.000,0.375,0.500,
11.11.2025,8:40:55.089,24.469,26.994,16.800,3.771,0.000,250.0,250.0,16.477,3.571,2.599,6.905,5.901,3.659,2.242,3.610,3.727,0.389,3.338,3.338,0.000,0.500,0.000,
11.11.2025,8:40:56.089,17.672,29.279,19.089,3.761,0.000,250.0,250.0,11.514,4.873,2.943,11.538,8.970,5.562,3.408,5.500,3.735,0.389,3.346,3.338,0.000,0.000,0.000,
11.11.2025,8:40:57.100,29.907,34.998,24.843,3.819,0.000,250.0,250.0,16.893,5.289,3.028,13.031,9.953,6.164,3.789,6.090,3.746,0.392,3.354,3.346,0.000,0.000,0.000,
11.11.2025,8:40:58.099,25.829,40.140,29.572,4.094,0.000,250.0,250.0,14.326,4.734,2.832,11.084,8.627,5.354,3.273,5.280,3.776,0.435,3.341,3.338,0.000,0.125,0.000,
11.11.2025,8:40:59.098,16.313,40.301,29.883,3.962,0.001,250.0,250.0,13.872,7.132,3.371,19.698,14.300,8.873,5.427,8.762,3.775,0.434,3.341,3.338,0.000,0.000,0.000,
11.11.2025,8:41:0.096,19.032,27.440,17.320,3.740,0.000,250.0,250.0,13.894,4.105,2.501,8.993,7.137,4.425,2.712,4.363,3.786,0.437,3.349,3.346,0.000,0.000,0.000,
11.11.2025,8:41:1.107,17.672,27.187,16.692,4.001,0.000,250.0,250.0,11.033,4.188,2.477,9.348,7.334,4.548,2.786,4.499,3.775,0.435,3.340,3.338,0.000,0.000,2.000,
11.11.2025,8:41:2.110,14.953,28.693,18.498,3.782,0.000,250.0,250.0,13.239,4.959,2.832,11.907,9.128,5.659,3.469,5.598,3.829,0.438,3.391,3.338,0.000,0.750,0.000,
11.11.2025,8:41:3.107,14.953,27.214,17.197,3.663,0.000,250.0,250.0,15.484,3.750,2.562,7.625,6.319,3.917,2.402,3.880,3.727,0.389,3.338,3.338,0.000,0.000,0.000,
11.11.2025,8:41:4.105,19.032,28.064,17.631,3.929,0.000,250.0,250.0,12.151,4.501,2.697,10.348,8.092,5.013,3.079,4.952,3.750,0.421,3.329,3.329,0.000,0.000,0.000,
11.11.2025,8:41:5.118,27.188,35.072,24.804,3.883,0.001,250.0,250.0,16.298,5.410,3.175,13.346,10.245,6.346,3.899,6.273,3.735,0.389,3.346,3.346,0.000,0.000,0.000,
11.11.2025,8:41:6.106,28.547,43.216,32.684,4.058,0.000,250.0,250.0,13.744,4.229,2.722,9.300,7.448,4.617,2.831,4.568,3.727,0.389,3.338,3.346,0.000,1.375,0.000,
11.11.2025,8:41:7.119,27.188,28.560,18.371,3.777,0.000,250.0,250.0,13.385,4.268,2.710,9.471,7.546,4.678,2.868,4.628,3.727,0.389,3.338,3.329,0.001,0.500,0.000,
11.11.2025,8:41:8.114,20.391,28.462,18.374,3.664,0.000,250.0,250.0,12.352,8.031,3.690,22.837,16.446,10.190,6.256,10.067,3.738,0.392,3.346,3.346,0.000,0.000,0.000,
11.11.2025,8:41:9.119,17.672,26.160,16.017,3.793,0.000,250.0,250.0,13.308,5.090,2.685,12.598,9.466,5.871,3.595,5.797,3.769,0.421,3.348,3.346,0.000,2.125,0.000,
11.11.2025,8:41:10.119,16.313,28.045,18.205,3.528,0.000,250.0,250.0,19.043,8.660,4.034,24.890,17.936,11.113,6.823,10.978,3.738,0.392,3.346,3.346,0.000,0.000,0.000,
11.11.2025,8:41:11.111,20.391,27.621,17.208,3.907,0.000,250.0,250.0,13.707,4.221,2.697,9.293,7.429,4.608,2.821,4.558,3.727,0.389,3.338,3.346,0.001,1.000,0.000,
11.11.2025,8:41:12.109,36.704,28.628,18.435,3.751,0.000,250.0,250.0,11.008,4.725,2.685,11.215,8.607,5.344,3.263,5.282,3.753,0.422,3.331,3.346,0.000,0.000,0.000,
11.11.2025,8:41:13.112,17.672,34.835,24.661,3.811,0.000,250.0,250.0,14.671,6.443,3.175,17.304,12.694,7.872,4.822,7.774,3.727,0.389,3.338,3.338,0.001,0.000,2.375,
11.11.2025,8:41:14.109,16.313,29.613,19.332,3.862,0.001,250.0,250.0,12.511,4.245,2.501,9.573,7.495,4.647,2.848,4.586,3.727,0.389,3.338,3.346,0.000,0.750,0.000,
11.11.2025,8:41:15.109,25.829,28.100,18.020,3.716,0.000,250.0,250.0,13.612,4.342,2.513,9.938,7.721,4.786,2.935,4.737,3.727,0.389,3.338,3.338,0.000,0.750,0.000,
11.11.2025,8:41:16.107,16.313,28.405,18.342,3.689,0.000,250.0,250.0,15.001,6.942,3.543,18.828,13.866,8.600,5.266,8.501,3.735,0.389,3.346,3.346,0.001,0.000,0.000,
11.11.2025,8:41:17.104,14.953,27.931,17.999,3.538,0.000,250.0,250.0,16.550,4.476,2.661,10.301,8.027,4.986,3.041,4.925,3.735,0.389,3.346,3.346,0.000,0.000,0.000,
11.11.2025,8:41:18.111,20.391,28.873,18.678,3.814,0.000,250.0,250.0,11.373,3.787,2.612,7.724,6.405,3.978,2.427,3.929,3.727,0.389,3.338,3.338,0.000,1.000,1.500,
11.11.2025,8:41:19.112,19.032,30.242,19.526,4.174,0.000,250.0,250.0,10.873,5.483,3.151,13.629,10.397,6.448,3.949,6.374,3.768,0.419,3.349,3.346,0.000,0.000,2.375,
11.11.2025,8:41:20.109,17.672,29.158,18.968,3.825,0.000,250.0,250.0,15.693,3.854,2.734,7.845,6.562,4.063,2.499,4.013,3.738,0.392,3.346,3.346,0.001,0.000,0.000,
11.11.2025,8:41:21.106,16.313,30.443,20.238,3.765,0.000,250.0,250.0,13.032,5.855,3.163,15.043,11.278,6.998,4.280,6.912,3.767,0.418,3.349,3.346,0.000,1.000,0.000,
11.11.2025,8:41:22.120,16.313,26.421,16.124,3.846,0.000,250.0,250.0,13.179,3.728,2.575,7.535,6.266,3.886,2.380,3.849,3.727,0.389,3.338,3.338,0.000,0.000,0.875,
11.11.2025,8:41:23.106,20.391,28.594,18.451,3.773,0.000,250.0,250.0,11.066,3.686,2.489,7.466,6.177,3.834,2.343,3.785,3.718,0.389,3.329,3.329,0.000,0.000,1.625,
11.11.2025,8:41:24.106,13.594,28.415,18.193,3.812,0.000,250.0,250.0,11.753,4.475,2.513,10.410,8.019,4.964,3.055,4.903,3.768,0.420,3.348,3.346,0.000,1.000,0.000,
11.11.2025,8:41:25.108,20.391,24.913,14.858,3.653,0.002,250.0,250.0,12.165,5.044,2.746,12.391,9.382,5.824,3.558,5.750,3.727,0.389,3.338,3.338,0.000,0.000,0.000,
11.11.2025,8:41:26.105,19.032,28.062,17.649,3.938,0.000,250.0,250.0,11.673,3.799,2.636,7.728,6.438,3.984,2.454,3.935,3.735,0.389,3.346,3.346,0.000,0.000,0.375,
11.11.2025,8:41:27.105,33.985,37.996,27.398,4.056,0.000,250.0,250.0,15.504,6.104,3.114,16.027,11.861,7.358,4.503,7.271,3.774,0.419,3.355,3.354,0.000,1.500,0.125,
11.11.2025,8:41:28.119,16.313,40.428,29.858,4.062,0.000,250.0,250.0,13.947,5.867,3.163,15.119,11.331,7.020,4.311,6.934,3.727,0.389,3.338,3.338,0.000,0.000,0.000,
11.11.2025,8:41:29.107,21.750,28.518,18.541,3.682,0.000,250.0,250.0,13.095,5.505,3.053,13.824,10.468,6.490,3.978,6.404,3.747,0.409,3.338,3.338,0.000,0.000,0.000,
11.11.2025,8:41:30.106,16.313,28.209,18.030,3.770,0.000,250.0,250.0,16.534,3.845,2.636,7.908,6.541,4.053,2.488,4.004,3.735,0.389,3.346,3.346,0.000,0.000,1.500,
11.11.2025,8:41:31.105,23.110,27.584,17.409,3.777,0.000,250.0,250.0,11.977,3.712,2.550,7.497,6.229,3.861,2.368,3.824,3.727,0.389,3.338,3.338,0.000,2.000,1.000,
11.11.2025,8:41:32.120,21.750,29.091,18.865,3.779,0.000,250.0,250.0,13.580,3.694,2.452,7.514,6.190,3.835,2.355,3.785,3.735,0.389,3.346,3.338,0.000,0.375,0.250,
11.11.2025,8:41:33.113,17.672,29.531,19.397,3.772,0.000,250.0,250.0,12.042,4.112,2.648,8.900,7.166,4.445,2.721,4.384,3.761,0.421,3.340,3.338,0.000,0.250,1.625,
11.11.2025,8:41:34.115,23.110,28.649,18.470,3.773,0.000,250.0,250.0,12.529,4.159,2.599,9.123,7.265,4.507,2.758,4.457,3.775,0.435,3.340,3.329,0.001,0.000,1.125,
11.11.2025,8:41:35.114,20.391,27.943,17.942,3.664,0.001,250.0,250.0,16.319,5.158,2.942,12.516,9.582,5.941,3.641,5.868,3.871,0.415,3.456,3.346,0.000,0.000,0.000,
11.11.2025,8:41:36.113,24.469,28.757,18.749,3.654,0.000,250.0,250.0,19.358,7.651,3.666,21.405,15.540,9.639,5.901,9.528,3.742,0.396,3.346,3.346,0.000,0.750,0.000,
11.11.2025,8:41:37.109,13.594,27.290,17.013,3.785,0.000,250.0,250.0,15.470,3.798,2.526,7.846,6.436,3.995,2.441,3.945,3.727,0.389,3.338,3.338,0.000,1.000,0.000,
11.11.2025,8:41:38.108,19.032,27.596,17.265,3.925,0.000,250.0,250.0,10.576,3.753,2.538,7.659,6.321,3.919,2.402,3.882,3.735,0.389,3.346,3.338,0.000,1.500,1.125,
11.11.2025,8:41:39.121,31.266,27.256,17.002,3.827,0.000,250.0,250.0,11.486,3.725,2.452,7.647,6.258,3.880,2.378,3.843,3.727,0.389,3.338,3.338,0.000,0.000,1.375,
11.11.2025,8:41:40.105,39.422,39.062,28.562,3.948,0.000,250.0,250.0,11.868,3.716,2.575,7.496,6.246,3.881,2.365,3.832,3.718,0.389,3.329,3.329,0.000,1.750,0.625,
11.11.2025,8:41:41.120,21.750,38.586,28.290,3.856,0.000,250.0,250.0,11.350,7.679,3.727,21.464,15.615,9.688,5.927,9.565,3.731,0.385,3.346,3.346,0.000,2.000,0.000,
11.11.2025,8:41:42.115,21.750,31.012,20.943,3.731,0.000,250.0,250.0,16.237,5.745,3.273,14.542,11.036,6.841,4.195,6.767,3.727,0.389,3.338,3.338,0.000,2.250,0.000,
11.11.2025,8:41:43.113,16.313,28.868,18.754,3.709,0.000,250.0,250.0,17.496,4.353,2.648,9.844,7.750,4.805,2.945,4.744,3.727,0.389,3.338,3.338,0.000,0.875,0.625,
11.11.2025,8:41:44.113,27.188,34.002,23.561,3.998,0.000,250.0,250.0,11.797,4.487,2.660,10.347,8.068,5.001,3.067,4.939,3.727,0.389,3.338,3.338,0.000,0.000,2.250,
11.11.2025,8:41:45.117,19.032,34.362,24.002,3.884,0.000,250.0,250.0,14.090,6.111,3.040,16.174,11.906,7.380,4.526,7.293,3.727,0.389,3.338,3.338,0.000,0.375,0.000,
11.11.2025,8:41:46.116,17.672,27.697,17.486,3.790,0.000,250.0,250.0,14.258,3.735,2.477,7.646,6.282,3.892,2.390,3.843,3.735,0.389,3.346,3.346,0.000,0.000,0.000,
11.11.2025,8:41:47.112,19.032,28.375,18.134,3.819,0.000,250.0,250.0,13.638,3.681,2.477,7.450,6.159,3.819,2.340,3.770,3.727,0.389,3.338,3.338,0.000,0.000,0.000,
11.11.2025,8:41:48.111,13.594,25.719,15.478,3.807,0.000,250.0,250.0,13.407,3.760,2.562,7.669,6.344,3.942,2.402,3.892,3.727,0.389,3.338,3.338,0.000,1.000,1.625,
11.11.2025,8:41:49.107,23.110,27.579,17.301,3.851,0.000,250.0,250.0,10.938,3.681,2.624,7.300,6.162,3.820,2.342,3.771,3.727,0.389,3.338,3.338,0.000,0.500,1.125,
11.11.2025,8:41:50.107,21.750,26.817,16.623,3.777,0.000,250.0,250.0,11.187,3.592,2.514,7.082,5.952,3.697,2.255,3.648,3.718,0.389,3.329,3.338,0.000,0.000,2.250,
11.11.2025,8:41:51.120,16.313,26.980,16.760,3.801,0.000,250.0,250.0,10.856,3.702,2.612,7.392,6.215,3.847,2.368,3.798,3.727,0.389,3.338,3.338,0.000,1.375,0.000,
11.11.2025,8:41:52.126,19.032,28.960,18.804,3.771,0.000,250.0,250.0,12.497,4.892,2.636,11.838,8.973,5.563,3.410,5.489,3.834,0.444,3.390,3.346,0.000,0.875,0.500,
11.11.2025,8:41:53.132,16.313,29.099,19.074,3.673,0.000,250.0,250.0,14.671,4.939,2.661,11.992,9.071,5.625,3.446,5.564,3.843,0.452,3.391,3.346,0.000,0.000,0.875,
11.11.2025,8:41:54.130,17.672,28.923,18.936,3.644,0.000,250.0,250.0,15.521,5.971,3.200,15.415,11.542,7.149,4.393,7.063,3.802,0.406,3.396,3.346,0.000,0.500,0.125,
11.11.2025,8:41:55.125,17.672,29.716,19.398,3.842,0.000,250.0,250.0,13.076,3.693,2.440,7.527,6.191,3.835,2.356,3.786,3.727,0.389,3.338,3.338,0.000,0.000,1.500,
11.11.2025,8:41:56.126,24.469,29.584,19.507,3.740,0.000,250.0,250.0,16.922,3.767,2.661,7.592,6.365,3.947,2.418,3.898,3.727,0.389,3.338,3.338,0.000,0.125,0.000,
11.11.2025,8:41:57.138,16.313,26.436,16.335,3.712,0.000,250.0,250.0,10.787,4.149,2.550,9.167,7.267,4.508,2.759,4.447,3.727,0.389,3.338,3.338,0.000,0.000,2.250,
11.11.2025,8:41:58.137,20.391,27.627,17.456,3.718,0.000,250.0,250.0,13.314,3.927,2.538,8.330,6.739,4.176,2.563,4.127,3.727,0.389,3.338,3.338,0.000,0.000,0.000,
11.11.2025,8:41:59.152,17.672,29.690,19.677,3.661,0.000,250.0,250.0,12.217,6.798,3.298,18.539,13.532,8.390,5.142,8.291,3.723,0.385,3.338,3.338,0.000,0.125,1.250,
11.11.2025,8:42:0.167,17.672,29.190,19.038,3.749,0.000,250.0,250.0,14.211,5.901,3.004,15.385,11.397,7.064,4.333,6.978,3.758,0.418,3.340,3.338,0.000,0.000,0.125,
11.11.2025,8:42:1.152,14.953,29.560,19.425,3.752,0.000,250.0,250.0,15.471,5.277,2.955,13.072,9.936,6.156,3.780,6.082,3.727,0.389,3.338,3.338,0.000,0.500,2.500,
11.11.2025,8:42:2.166,14.953,28.290,18.189,3.733,0.000,250.0,250.0,14.168,4.548,2.771,10.411,8.182,5.065,3.117,5.003,3.795,0.406,3.389,3.338,0.000,0.000,0.000,
11.11.2025,8:42:3.163,17.672,27.945,17.649,3.821,0.000,250.0,250.0,11.647,4.161,2.722,9.029,7.294,4.522,2.772,4.460,3.735,0.389,3.346,3.346,0.000,0.000,0.000,
11.11.2025,8:42:4.163,14.953,28.223,17.972,3.850,0.000,250.0,250.0,14.210,3.964,2.710,8.314,6.834,4.236,2.598,4.186,3.718,0.389,3.329,3.329,0.000,0.000,1.250,
11.11.2025,8:42:5.163,20.391,26.825,16.750,3.691,0.000,250.0,250.0,12.524,4.006,2.710,8.458,6.924,4.300,2.624,4.251,3.727,0.389,3.338,3.338,0.000,0.000,0.125,
11.11.2025,8:42:6.160,33.985,28.797,18.574,3.785,0.000,250.0,250.0,12.361,3.867,2.697,7.947,6.594,4.097,2.497,4.048,3.727,0.389,3.338,3.338,0.000,1.125,0.000,
11.11.2025,8:42:7.164,21.750,38.388,27.745,4.133,0.000,250.0,250.0,11.056,3.795,2.698,7.674,6.433,3.993,2.440,3.944,3.718,0.389,3.329,3.329,0.000,1.000,1.000,
11.11.2025,8:42:8.163,17.672,41.467,30.964,3.980,0.000,250.0,250.0,13.002,6.160,3.212,16.186,12.021,7.456,4.565,7.357,3.727,0.389,3.338,3.346,0.000,0.000,1.125,
11.11.2025,8:42:9.158,14.953,27.934,17.850,3.733,0.000,250.0,250.0,15.115,3.794,2.661,7.698,6.432,3.980,2.452,3.930,3.727,0.389,3.338,3.338,0.000,0.750,0.000,
11.11.2025,8:42:10.158,14.953,27.934,17.850,3.733,0.000,250.0,250.0,11.202,4.907,2.844,11.751,9.054,5.617,3.437,5.543,3.745,0.416,3.329,3.338,0.000,0.125,1.125,
11.11.2025,8:42:11.156,16.313,26.599,16.289,3.862,0.000,250.0,250.0,13.537,3.590,2.722,6.857,5.940,3.684,2.256,3.647,3.727,0.389,3.338,3.338,0.000,1.500,1.625,
11.11.2025,8:42:12.152,12.235,27.600,17.335,3.814,0.000,250.0,250.0,13.165,4.028,2.685,8.548,6.973,4.324,2.649,4.262,3.753,0.422,3.331,3.329,0.000,0.000,1.125,
11.11.2025,8:42:13.155,19.032,28.801,18.816,3.660,0.000,250.0,250.0,11.178,4.489,2.808,10.208,8.060,4.996,3.064,4.947,3.735,0.389,3.346,3.338,0.000,0.500,0.000,
11.11.2025,8:42:14.154,17.672,26.494,16.355,3.759,0.000,250.0,250.0,12.221,4.030,2.661,8.596,6.986,4.325,2.661,4.276,3.727,0.389,3.338,3.338,0.000,0.000,2.000,
11.11.2025,8:42:15.154,21.750,28.793,18.478,3.863,0.000,250.0,250.0,17.656,3.619,2.710,6.987,6.011,3.732,2.279,3.683,3.727,0.389,3.338,3.329,0.000,2.000,0.000,
11.11.2025,8:42:16.156,19.032,34.018,23.782,3.820,0.000,250.0,250.0,13.526,3.627,2.514,7.199,6.037,3.741,2.296,3.692,3.727,0.389,3.338,3.338,0.000,0.000,0.500,
11.11.2025,8:42:17.160,14.953,28.900,18.670,3.826,0.000,250.0,250.0,10.977,3.813,2.624,7.799,6.476,4.009,2.467,3.959,3.727,0.389,3.338,3.338,0.000,0.000,0.000,
11.11.2025,8:42:18.153,17.672,28.017,17.966,3.657,0.000,250.0,250.0,12.558,6.861,3.543,18.527,13.686,8.480,5.206,8.382,3.723,0.385,3.338,3.338,0.000,0.000,0.000,
11.11.2025,8:42:19.156,19.032,26.905,16.771,3.760,0.000,250.0,250.0,15.181,3.818,2.624,7.837,6.486,4.020,2.466,3.983,3.718,0.389,3.329,3.329,0.000,0.750,0.000,
11.11.2025,8:42:20.152,19.032,28.345,18.318,3.668,0.000,250.0,250.0,10.976,4.184,2.709,9.142,7.363,4.563,2.800,4.501,3.718,0.389,3.329,3.329,0.000,1.500,0.000,
11.11.2025,8:42:21.162,20.391,30.538,19.893,4.124,0.000,250.0,250.0,13.141,3.744,2.636,7.543,6.314,3.921,2.393,3.872,3.718,0.389,3.329,3.329,0.000,1.000,0.000,
11.11.2025,8:42:22.164,21.750,29.945,19.633,3.870,0.000,250.0,250.0,10.580,3.677,2.636,7.283,6.155,3.824,2.331,3.774,3.718,0.389,3.329,3.329,0.000,1.125,1.125,
11.11.2025,8:42:23.163,13.594,29.218,18.825,3.870,0.000,250.0,250.0,10.695,3.910,2.661,8.157,6.703,4.165,2.538,4.115,3.718,0.389,3.329,3.329,0.000,1.125,1.625,
11.11.2025,8:42:24.159,21.750,28.848,18.667,3.777,0.000,250.0,250.0,13.658,3.754,2.587,7.615,6.329,3.923,2.406,3.886,3.727,0.389,3.338,3.338,0.000,0.375,1.625,
11.11.2025,8:42:25.153,20.391,28.840,18.737,3.707,0.000,250.0,250.0,13.322,3.840,2.685,7.859,6.544,4.054,2.490,4.005,3.718,0.389,3.329,3.329,0.000,0.000,1.375,
11.11.2025,8:42:26.159,20.391,28.494,18.344,3.769,0.000,250.0,250.0,11.635,3.758,2.648,7.585,6.345,3.943,2.402,3.894,3.718,0.389,3.329,3.329,0.000,0.375,1.625,
11.11.2025,8:42:27.152,24.469,28.474,18.316,3.781,0.001,250.0,250.0,11.302,4.069,2.930,8.416,7.041,4.365,2.676,4.316,3.803,0.414,3.389,3.338,0.000,0.000,1.125,
11.11.2025,8:42:28.152,20.391,29.093,19.002,3.688,0.000,250.0,250.0,12.402,5.795,3.347,14.666,11.161,6.928,4.233,6.841,3.718,0.389,3.329,3.338,0.000,0.125,0.500,
11.11.2025,8:42:29.165,27.188,27.334,17.075,3.849,0.000,250.0,250.0,14.538,3.700,2.563,7.440,6.215,3.847,2.368,3.798,3.718,0.389,3.329,3.329,0.000,0.500,2.375,
11.11.2025,8:42:30.165,20.391,28.986,18.838,3.721,0.000,250.0,250.0,12.055,5.224,3.004,12.729,9.751,6.038,3.713,5.964,3.854,0.414,3.440,3.338,0.000,0.000,1.125,
11.11.2025,8:42:31.161,13.594,29.223,19.147,3.673,0.000,250.0,250.0,18.968,7.630,3.678,21.327,15.505,9.611,5.894,9.500,3.723,0.385,3.338,3.338,0.000,1.375,0.000,
11.11.2025,8:42:32.157,20.391,34.564,24.424,3.760,0.000,250.0,250.0,19.807,3.658,2.550,7.280,6.104,3.786,2.318,3.737,3.735,0.389,3.346,3.338,0.000,1.125,0.000,
11.11.2025,8:42:33.156,14.953,38.959,28.446,4.085,0.000,250.0,250.0,14.783,7.967,3.948,22.338,16.294,10.109,6.185,9.986,3.731,0.385,3.346,3.346,0.000,0.000,0.000,
11.11.2025,8:42:34.157,19.032,30.769,20.667,3.686,0.000,250.0,250.0,16.757,4.570,2.722,10.603,8.262,5.122,3.140,5.060,3.727,0.389,3.338,3.338,0.000,1.000,1.125,
11.11.2025,8:42:35.153,19.032,27.631,17.367,3.837,0.001,250.0,250.0,11.933,3.703,2.661,7.343,6.216,3.848,2.368,3.799,3.727,0.389,3.338,3.338,0.000,1.000,1.250,
11.11.2025,8:42:36.156,20.391,26.461,16.312,3.775,0.000,250.0,250.0,14.248,3.730,2.796,7.328,6.284,3.893,2.391,3.844,3.718,0.389,3.329,3.329,0.000,2.000,1.125,
11.11.2025,8:42:37.156,17.672,28.574,18.433,3.717,0.000,250.0,250.0,15.742,7.246,3.751,19.788,14.595,9.050,5.545,8.939,3.727,0.389,3.338,3.338,0.000,0.000,0.125,
11.11.2025,8:42:38.158,19.032,29.104,19.188,3.603,0.000,250.0,250.0,14.979,4.480,2.599,10.390,8.044,4.994,3.050,4.932,3.727,0.389,3.338,3.338,0.000,0.000,1.125,
11.11.2025,8:42:39.154,19.032,27.683,17.458,3.788,0.000,250.0,250.0,10.751,3.543,2.587,6.823,5.842,3.624,2.218,3.575,3.718,0.389,3.329,3.329,0.000,0.000,0.000,
11.11.2025,8:42:40.165,16.313,27.339,17.095,3.848,0.000,250.0,250.0,10.504,3.666,2.599,7.274,6.126,3.796,2.330,3.747,3.727,0.389,3.338,3.338,0.000,0.000,0.000,
11.11.2025,8:42:41.153,20.391,26.446,16.366,3.677,0.000,250.0,250.0,15.553,3.666,2.722,7.246,6.187,3.833,2.354,3.784,3.727,0.389,3.338,3.338,0.000,1.000,0.000,
11.11.2025,8:42:42.153,19.032,28.543,18.458,3.693,0.000,250.0,250.0,15.553,3.692,2.722,7.246,6.187,3.833,2.354,3.784,3.727,0.389,3.338,3.338,0.000,1.000,0.000,
11.11.2025,8:42:43.152,19.032,30.335,20.344,3.657,0.000,250.0,250.0,13.510,3.705,2.710,7.315,6.227,3.859,2.368,3.810,3.718,0.389,3.329,3.329,0.000,0.000,1.125,
11.11.2025,8:42:44.154,19.032,29.762,19.518,3.830,0.000,250.0,250.0,13.049,3.886,2.599,8.112,6.646,4.118,2.528,4.069,3.727,0.389,3.338,3.338,0.000,0.000,0.000,
11.11.2025,8:42:45.157,13.594,27.661,17.444,3.785,0.000,250.0,250.0,10.639,4.164,2.599,9.124,7.270,4.510,2.760,4.461,3.794,0.414,3.380,3.329,0.000,0.000,1.250,
11.11.2025,8:42:46.157,16.313,31.716,21.555,3.754,0.000,250.0,250.0,12.824,3.669,2.636,7.246,6.131,3.804,2.327,3.755,3.727,0.389,3.338,3.338,0.000,0.000,0.000,
11.11.2025,8:42:47.156,19.032,28.555,18.338,3.805,0.000,250.0,250.0,13.059,4.007,2.648,8.535,6.934,4.298,2.636,4.249,3.718,0.389,3.329,3.329,0.000,0.000,0.500,
11.11.2025,8:42:48.154,16.313,27.161,17.171,3.657,0.000,250.0,250.0,12.845,4.549,2.709,10.482,8.178,5.074,3.104,5.013,3.795,0.406,3.389,3.338,0.001,1.000,1.125,
11.11.2025,8:42:49.154,20.391,27.638,17.460,3.780,0.000,250.0,250.0,13.487,3.825,2.599,7.876,6.504,4.028,2.476,3.979,3.727,0.389,3.338,3.338,0.000,0.000,0.000,
11.11.2025,8:42:50.164,13.594,27.476,17.615,3.551,0.000,250.0,250.0,13.827,5.350,3.065,13.237,10.108,6.267,3.841,6.193,3.727,0.389,3.338,3.338,0.000,0.000,0.500,
11.11.2025,8:42:51.163,19.032,29.054,18.508,4.010,0.000,250.0,250.0,12.220,5.151,2.955,12.564,9.610,5.956,3.654,5.894,3.768,0.435,3.333,3.338,0.000,0.000,0.000,
11.11.2025,8:42:52.156,20.391,29.314,19.079,3.802,0.000,250.0,250.0,11.281,4.090,2.722,8.769,7.132,4.422,2.710,4.361,3.727,0.389,3.338,3.329,0.000,0.000,0.000,
11.11.2025,8:42:53.156,19.032,29.023,19.113,3.627,0.001,250.0,250.0,14.988,6.034,3.200,15.695,11.725,7.271,4.454,7.172,3.738,0.392,3.346,3.346,0.000,0.375,0.125,
11.11.2025,8:42:54.157,21.750,27.487,17.055,3.891,0.000,250.0,250.0,10.809,4.539,2.599,10.617,8.193,5.088,3.105,5.026,3.718,0.389,3.329,3.329,0.000,1.375,0.000,
11.11.2025,8:42:55.155,17.672,28.278,18.227,3.732,0.001,250.0,250.0,12.531,4.556,2.661,10.608,8.221,5.107,3.114,5.046,3.727,0.389,3.338,3.346,0.000,0.000,0.000,
11.11.2025,8:42:56.165,17.672,29.656,19.461,3.757,0.000,250.0,250.0,12.435,4.469,2.587,10.352,8.031,4.976,3.055,4.914,3.719,0.390,3.329,3.338,0.000,0.000,0.000,
11.11.2025,8:42:57.164,17.672,27.540,17.386,3.773,0.000,250.0,250.0,11.630,6.387,3.249,16.991,12.540,7.782,4.758,7.684,3.762,0.431,3.331,3.346,0.000,0.000,0.000,
11.11.2025,8:42:58.161,10.875,29.938,19.979,3.635,0.000,250.0,250.0,15.275,6.745,3.372,18.221,13.390,8.295,5.095,8.197,3.766,0.427,3.339,3.346,0.000,0.000,0.000,
11.11.2025,8:42:59.160,14.953,30.041,19.976,3.728,0.000,250.0,250.0,19.513,7.333,3.825,20.045,14.803,9.172,5.631,9.062,3.727,0.389,3.338,3.338,0.000,0.000,0.000,
11.11.2025,8:43:0.160,12.235,28.169,18.043,3.774,0.000,250.0,250.0,17.077,3.618,2.501,7.177,6.003,3.722,2.281,3.685,3.735,0.389,3.346,3.346,0.000,0.000,1.125,
11.11.2025,8:43:1.158,14.953,28.123,17.874,3.793,0.000,250.0,250.0,12.336,3.671,2.501,7.377,6.128,3.798,2.330,3.761,3.735,0.389,3.346,3.346,0.000,0.000,1.125,
11.11.2025,8:43:2.157,16.313,28.146,18.157,3.639,0.001,250.0,250.0,15.936,3.807,2.428,7.970,6.447,4.006,2.441,3.957,3.735,0.389,3.346,3.346,0.000,0.375,1.125,
11.11.2025,8:43:3.161,14.953,26.764,16.281,3.971,0.000,250.0,250.0,11.662,3.766,2.489,7.760,6.361,3.945,2.416,3.896,3.727,0.389,3.338,3.338,0.000,0.750,1.125,
11.11.2025,8:43:4.162,19.032,29.300,19.116,3.801,0.000,250.0,250.0,10.957,4.107,2.697,8.851,7.172,4.449,2.723,4.387,3.727,0.389,3.338,3.338,0.000,0.000,0.375,
11.11.2025,8:43:5.162,21.750,36.509,26.087,3.954,0.000,250.0,250.0,12.636,3.816,2.710,7.731,6.480,4.016,2.464,3.967,3.727,0.389,3.338,3.338,0.000,2.125,1.125,
11.11.2025,8:43:6.157,19.032,40.576,30.044,4.046,0.000,250.0,250.0,13.140,5.792,3.138,14.817,11.132,6.901,4.231,6.815,3.769,0.422,3.347,3.346,0.000,0.000,1.125,
11.11.2025,8:43:7.160,13.594,27.853,17.963,3.603,0.000,250.0,250.0,14.852,4.763,3.004,11.043,8.716,5.405,3.311,5.331,3.735,0.389,3.346,3.346,0.000,0.625,0.000,
11.11.2025,8:43:8.155,17.672,29.235,18.823,3.907,0.000,250.0,250.0,12.077,4.328,2.575,9.801,7.674,4.755,2.919,4.705,3.758,0.418,3.340,3.338,0.000,0.375,0.000,
11.11.2025,8:43:9.167,20.391,27.540,17.578,3.674,0.000,250.0,250.0,15.931,3.552,2.538,6.883,5.845,3.626,2.219,3.589,3.735,0.389,3.346,3.346,0.000,2.000,0.000,
11.11.2025,8:43:10.167,14.953,27.825,17.710,3.712,0.000,250.0,250.0,11.266,4.651,2.820,10.816,8.451,5.248,3.203,5.187,3.727,0.389,3.338,3.329,0.000,0.000,0.000,
11.11.2025,8:43:11.169,20.391,26.560,16.144,3.946,0.000,250.0,250.0,11.358,3.711,2.612,7.427,6.227,3.859,2.368,3.822,3.735,0.389,3.346,3.329,0.000,2.250,1.250,
11.11.2025,8:43:12.181,19.032,28.065,17.852,3.773,0.000,250.0,250.0,11.321,6.411,3.372,16.983,12.622,7.824,4.798,7.725,3.727,0.389,3.338,3.338,0.001,0.000,0.000,
11.11.2025,8:43:13.176,13.594,27.770,17.659,3.749,0.000,250.0,250.0,14.431,5.452,3.016,13.652,10.335,6.410,3.925,6.324,3.760,0.421,3.339,3.338,0.000,0.000,2.375,
11.11.2025,8:43:14.178,33.985,35.338,24.715,4.136,0.000,250.0,250.0,12.771,3.873,2.697,7.961,6.608,4.098,2.510,4.049,3.735,0.389,3.346,3.338,0.000,0.000,2.375,
11.11.2025,8:43:15.179,13.594,31.794,21.496,3.900,0.000,250.0,250.0,13.683,5.467,3.237,13.519,10.380,6.432,3.948,6.358,3.727,0.389,3.338,3.338,0.000,1.250,2.250,
11.11.2025,8:43:16.175,14.953,30.571,20.283,3.841,0.000,250.0,250.0,13.947,6.519,3.433,17.332,12.870,7.985,4.885,7.887,3.730,0.392,3.338,3.338,0.000,1.125,1.125,
11.11.2025,8:43:17.186,14.953,32.252,22.164,3.757,0.000,250.0,250.0,16.376,7.254,3.715,19.838,14.611,9.052,5.559,8.942,3.738,0.392,3.346,3.346,0.000,0.000,0.000,
11.11.2025,8:43:18.200,19.032,29.778,19.520,3.810,0.000,250.0,250.0,15.436,3.658,2.538,7.302,6.104,3.785,2.319,3.748,3.727,0.389,3.338,3.329,0.000,0.375,0.000,
11.11.2025,8:43:19.210,16.313,27.089,17.004,3.685,0.000,250.0,250.0,10.660,4.772,2.893,11.199,8.733,5.412,3.321,5.350,3.735,0.389,3.346,3.346,0.000,0.000,0.000,
11.11.2025,8:43:20.209,17.672,28.538,18.315,3.831,0.000,250.0,250.0,12.750,4.142,2.575,9.117,7.245,4.497,2.748,4.448,3.727,0.389,3.338,3.338,0.000,0.000,0.500,
11.11.2025,8:43:21.202,21.750,28.202,17.751,3.979,0.000,250.0,250.0,12.211,3.713,2.746,7.309,6.244,3.867,2.377,3.818,3.718,0.389,3.329,3.329,0.000,0.000,1.000,
11.11.2025,8:43:22.211,19.032,34.102,23.373,4.158,0.000,250.0,250.0,11.510,6.428,3.433,16.982,12.651,7.844,4.807,7.757,3.734,0.396,3.338,3.338,0.000,0.000,0.250,
11.11.2025,8:43:23.212,16.313,29.967,19.519,3.992,0.000,250.0,250.0,13.851,3.587,2.599,6.974,5.941,3.685,2.256,3.648,3.718,0.389,3.329,3.329,0.000,0.000,1.125,
11.11.2025,8:43:24.199,21.750,26.903,16.739,3.787,0.000,250.0,250.0,11.479,4.100,2.550,8.991,7.156,4.434,2.722,4.385,3.718,0.389,3.329,3.329,0.000,1.625,0.000,
11.11.2025,8:43:25.213,14.953,29.298,19.145,3.753,0.000,250.0,250.0,10.785,3.874,2.526,8.016,6.544,4.055,2.489,4.006,3.883,0.442,3.441,3.338,0.000,0.000,0.000,
11.11.2025,8:43:26.211,17.672,28.150,18.020,3.760,0.001,250.0,250.0,13.582,3.601,2.464,7.164,5.979,3.711,2.268,3.661,3.718,0.389,3.329,3.329,0.000,0.000,0.000,
11.11.2025,8:43:27.208,16.313,28.859,18.822,3.674,0.000,250.0,250.0,12.986,6.412,3.433,16.924,12.623,7.825,4.798,7.738,3.723,0.385,3.338,3.338,0.000,0.375,1.250,
11.11.2025,8:43:28.204,36.704,27.095,16.943,3.746,0.000,250.0,250.0,14.384,3.581,2.710,6.844,5.928,3.672,2.256,3.635,3.718,0.389,3.329,3.329,0.000,0.000,0.125,
11.11.2025,8:43:29.200,20.391,28.358,18.221,3.758,0.000,250.0,250.0,11.470,7.065,3.629,19.224,14.175,8.790,5.385,8.680,3.718,0.389,3.329,3.329,0.000,1.625,1.250,
11.11.2025,8:43:30.214,19.032,27.119,16.942,3.759,0.000,250.0,250.0,12.754,3.494,2.563,6.659,5.712,3.546,2.166,3.509,3.727,0.389,3.338,3.329,0.000,0.000,0.625,
11.11.2025,8:43:31.199,27.188,26.587,16.315,3.826,0.000,250.0,250.0,10.452,3.476,2.501,6.649,5.683,3.526,2.157,3.477,3.718,0.389,3.329,3.329,0.000,0.000,1.125,
11.11.2025,8:43:32.199,14.953,28.043,17.917,3.745,0.000,250.0,250.0,11.029,3.880,2.624,8.083,6.635,4.112,2.523,4.063,3.718,0.389,3.329,3.329,0.000,0.000,1.000,
11.11.2025,8:43:33.212,19.032,27.675,17.427,3.845,0.000,250.0,250.0,11.219,3.515,2.514,6.784,5.772,3.577,2.195,3.540,3.718,0.389,3.329,3.338,0.000,1.750,0.000,
11.11.2025,8:43:34.212,33.985,28.198,18.131,3.701,0.000,250.0,250.0,14.158,3.641,2.599,7.177,6.063,3.759,2.304,3.722,3.727,0.389,3.338,3.329,0.000,0.000,1.000,
11.11.2025,8:43:35.207,36.704,43.831,33.284,4.075,0.000,250.0,250.0,18.046,7.225,3.702,19.762,14.550,9.020,5.530,8.910,3.718,0.389,3.329,3.338,0.000,2.125,1.125,
11.11.2025,8:43:36.207,20.391,33.347,22.902,3.952,0.000,250.0,250.0,14.950,4.502,2.746,10.327,8.109,5.020,3.089,4.959,3.718,0.389,3.329,3.329,0.000,0.000,1.125,
11.11.2025,8:43:37.202,19.032,28.914,18.655,3.862,0.000,250.0,250.0,11.137,4.469,2.783,10.133,8.005,4.968,3.037,4.907,3.764,0.434,3.330,3.329,0.000,0.000,0.000,
11.11.2025,8:43:38.212,21.750,27.777,17.547,3.785,0.000,250.0,250.0,13.477,3.650,2.624,7.183,6.084,3.769,2.315,3.732,3.727,0.389,3.338,3.338,0.000,0.000,2.250,
11.11.2025,8:43:39.211,20.391,30.068,19.955,3.730,0.000,250.0,250.0,13.749,5.597,3.028,14.198,10.673,6.615,4.058,6.542,3.760,0.420,3.340,3.338,0.000,0.000,1.125,
11.11.2025,8:43:40.210,19.032,27.898,17.821,3.764,0.000,250.0,250.0,15.363,6.499,3.138,17.533,12.820,7.948,4.872,7.849,3.751,0.421,3.330,3.329,0.000,0.000,0.000,
11.11.2025,8:43:41.209,23.110,29.626,19.393,3.815,0.000,250.0,250.0,11.709,7.048,3.432,19.354,14.119,8.761,5.358,8.651,3.734,0.396,3.338,3.338,0.000,0.000,1.125,
11.11.2025,8:43:42.206,14.953,30.184,19.958,3.824,0.000,250.0,250.0,13.817,4.236,2.808,9.183,7.433,4.615,2.818,4.554,3.803,0.406,3.397,3.346,0.000,0.000,0.000,
11.11.2025,8:43:43.203,16.313,28.029,17.748,3.839,0.000,250.0,250.0,13.862,3.577,2.587,6.953,5.923,3.669,2.254,3.620,3.718,0.389,3.329,3.329,0.000,0.000,1.625,
11.11.2025,8:43:44.202,20.391,27.000,16.885,3.762,0.000,250.0,250.0,11.303,4.950,2.894,11.817,9.105,5.648,3.457,5.586,3.825,0.434,3.391,3.346,0.000,0.000,0.000,
11.11.2025,8:43:45.202,20.391,31.623,21.420,3.825,0.000,250.0,250.0,15.102,6.641,3.323,17.926,13.164,8.161,5.003,8.063,3.718,0.389,3.329,3.338,0.000,2.000,0.000,
11.11.2025,8:43:46.199,17.672,39.046,28.364,4.165,0.000,250.0,250.0,14.020,3.633,2.636,7.112,6.051,3.759,2.292,3.710,3.718,0.389,3.329,3.329,0.000,1.500,1.500,
11.11.2025,8:43:47.213,29.907,29.061,18.925,3.721,0.000,250.0,250.0,12.088,3.502,2.489,6.755,5.742,3.561,2.181,3.511,3.727,0.389,3.338,3.329,0.000,1.375,0.000,
11.11.2025,8:43:48.200,16.313,32.940,22.532,4.008,0.000,250.0,250.0,9.967,3.511,2.428,6.858,5.766,3.573,2.193,3.524,3.718,0.389,3.329,3.329,0.000,0.750,1.125,
11.11.2025,8:43:49.199,20.391,28.856,18.450,3.893,0.001,250.0,250.0,12.330,3.565,2.514,6.969,5.880,3.649,2.231,3.612,3.735,0.389,3.346,3.329,0.001,2.375,0.500,
11.11.2025,8:43:50.200,16.313,28.215,17.857,3.897,0.000,250.0,250.0,10.157,3.634,2.575,7.181,6.053,3.760,2.293,3.711,3.718,0.389,3.329,3.329,0.000,1.375,0.000,
11.11.2025,8:43:51.212,16.313,27.615,17.579,3.722,0.000,250.0,250.0,13.918,6.518,3.298,17.473,12.875,7.981,4.894,7.895,3.718,0.389,3.329,3.329,0.000,0.000,1.125,
11.11.2025,8:43:52.200,19.032,27.786,17.506,3.805,0.000,250.0,250.0,14.303,3.563,2.464,7.024,5.885,3.644,2.241,3.607,3.718,0.389,3.329,3.329,0.000,2.000,0.000,
11.11.2025,8:43:53.199,19.032,27.703,17.491,3.841,0.000,250.0,250.0,10.932,4.307,2.648,9.684,7.642,4.738,2.904,4.689,3.718,0.389,3.329,3.329,0.000,1.000,0.000,
11.11.2025,8:43:54.202,16.313,27.023,16.706,3.850,0.000,250.0,250.0,11.673,3.523,2.489,6.841,5.791,3.586,2.205,3.549,3.718,0.389,3.329,3.329,0.000,2.000,0.500,
11.11.2025,8:43:55.201,16.313,27.023,16.706,3.850,0.000,250.0,250.0,10.345,3.894,2.464,8.288,6.665,4.139,2.526,4.090,3.718,0.389,3.329,3.329,0.000,2.125,1.250,
11.11.2025,8:43:56.199,14.953,27.374,17.237,3.783,0.000,250.0,250.0,16.243,9.000,4.156,26.036,18.729,11.613,7.116,11.466,3.771,0.431,3.340,3.338,0.000,0.000,1.500,
11.11.2025,8:43:57.200,16.313,30.060,20.015,3.701,0.000,250.0,250.0,17.786,5.880,3.200,15.132,11.360,7.044,4.316,6.958,3.727,0.389,3.338,3.338,0.000,0.000,0.000,
11.11.2025,8:43:58.213,19.032,28.284,17.986,3.836,0.000,250.0,250.0,15.355,3.624,2.599,7.114,6.021,3.731,2.290,3.694,3.727,0.389,3.338,3.338,0.000,0.000,2.375,
11.11.2025,8:43:59.210,17.672,27.882,17.744,3.753,0.000,250.0,250.0,10.760,3.717,2.746,7.331,6.252,3.877,2.375,3.828,3.718,0.389,3.329,3.329,0.000,0.000,1.000,
11.11.2025,8:44:0.206,16.313,26.525,16.264,3.864,0.000,250.0,250.0,10.855,5.139,3.090,12.414,9.608,5.954,3.654,5.880,3.727,0.389,3.338,3.338,0.000,0.000,2.250,
11.11.2025,8:44:1.203,19.032,28.330,18.239,3.734,0.000,250.0,250.0,12.511,4.591,2.857,10.554,8.310,5.151,3.159,5.090,3.727,0.389,3.338,3.338,0.000,0.375,1.250,
11.11.2025,8:44:2.201,23.110,28.691,18.298,3.928,0.000,250.0,250.0,12.060,4.005,2.587,8.531,6.898,4.274,2.624,4.225,3.791,0.411,3.380,3.329,0.000,2.125,2.250,
11.11.2025,8:44:3.199,24.469,33.298,22.841,3.946,0.000,250.0,250.0,15.116,3.701,2.575,7.430,6.204,3.853,2.351,3.803,3.727,0.389,3.338,3.338,0.000,0.000,2.375,
11.11.2025,8:44:4.201,31.266,44.700,34.257,4.021,0.000,250.0,250.0,13.992,3.610,2.452,7.210,5.999,3.720,2.279,3.671,3.718,0.389,3.329,3.329,0.000,0.000,0.000,
11.11.2025,8:44:5.199,19.032,32.768,22.326,3.974,0.000,250.0,250.0,13.695,3.917,2.599,8.227,6.719,4.159,2.560,4.110,3.727,0.389,3.338,3.338,0.000,0.000,0.000,
11.11.2025,8:44:6.212,14.953,28.484,18.521,3.614,0.000,250.0,250.0,10.304,3.899,2.538,8.227,6.685,4.137,2.548,4.088,3.718,0.389,3.329,3.329,0.000,0.000,1.125,
11.11.2025,8:44:7.211,21.750,27.483,17.064,3.936,0.000,250.0,250.0,11.787,3.937,2.550,8.365,6.770,4.197,2.573,4.148,3.718,0.389,3.329,3.329,0.000,0.000,1.125,
11.11.2025,8:44:8.209,16.313,27.771,17.512,3.822,0.000,250.0,250.0,12.714,5.028,2.893,12.169,9.337,5.794,3.543,5.721,3.743,0.397,3.346,3.338,0.000,0.000,0.000,
11.11.2025,8:44:9.203,19.032,29.655,19.612,3.676,0.000,250.0,250.0,14.617,3.495,2.550,6.679,5.726,3.546,2.180,3.509,3.718,0.389,3.329,3.329,0.000,0.000,1.125,
11.11.2025,8:44:10.212,17.672,26.769,16.539,3.846,0.000,250.0,250.0,11.083,3.661,2.501,7.360,6.122,3.794,2.328,3.744,3.718,0.389,3.329,3.329,0.000,1.000,0.000,
11.11.2025,8:44:11.208,20.391,27.340,17.176,3.756,0.000,250.0,250.0,12.002,3.517,2.379,6.934,5.774,3.582,2.192,3.545,3.718,0.389,3.329,3.329,0.000,0.000,1.375,
11.11.2025,8:44:12.204,31.266,33.815,23.442,3.915,0.001,250.0,250.0,10.323,5.832,3.126,15.028,11.252,6.985,4.267,6.898,3.714,0.385,3.329,3.338,0.000,0.875,2.375,
11.11.2025,8:44:13.206,19.032,39.099,28.547,4.081,0.000,250.0,250.0,12.856,4.286,2.661,9.585,7.596,4.715,2.881,4.654,3.721,0.392,3.329,3.329,0.000,1.000,0.000,
11.11.2025,8:44:14.209,19.032,28.942,18.840,3.694,0.000,250.0,250.0,13.849,4.020,2.599,8.617,6.962,4.317,2.645,4.256,3.735,0.389,3.346,3.338,0.000,0.000,0.000,
11.11.2025,8:44:15.207,20.391,29.640,19.522,3.746,0.000,250.0,250.0,13.594,3.916,2.452,8.384,6.719,4.172,2.547,4.123,3.718,0.389,3.329,3.329,0.000,1.500,0.000,
11.11.2025,8:44:16.202,14.953,27.310,17.080,3.843,0.000,250.0,250.0,11.182,4.286,2.526,9.716,7.594,4.714,2.880,4.652,3.727,0.389,3.338,3.329,0.000,0.000,0.000,
11.11.2025,8:44:17.203,17.672,29.351,19.252,3.730,0.000,250.0,250.0,15.401,3.651,2.464,7.355,6.096,3.781,2.315,3.732,3.718,0.389,3.329,3.329,0.000,0.500,0.625,
11.11.2025,8:44:18.203,35.344,28.465,18.203,3.816,0.000,250.0,250.0,11.322,4.986,2.734,12.143,9.221,5.725,3.496,5.651,3.782,0.402,3.380,3.329,0.000,0.000,0.000,
11.11.2025,8:44:19.205,16.313,36.006,25.717,3.901,0.000,250.0,250.0,12.671,3.749,2.587,7.608,6.315,3.914,2.401,3.877,3.727,0.389,3.338,3.338,0.000,0.250,0.000,
11.11.2025,8:44:20.201,13.594,29.652,19.505,3.736,0.000,250.0,250.0,11.927,6.112,3.249,15.962,11.907,7.380,4.527,7.294,3.730,0.392,3.338,3.338,0.000,2.000,2.500,
11.11.2025,8:44:21.198,25.829,27.880,17.656,3.818,0.000,250.0,250.0,16.126,4.492,2.709,10.334,8.085,5.009,3.076,4.947,3.718,0.389,3.329,3.329,0.000,0.000,1.125,
11.11.2025,8:44:22.209,23.110,28.192,18.056,3.690,0.000,250.0,250.0,11.427,4.006,2.722,8.448,6.922,4.299,2.623,4.250,3.727,0.389,3.338,3.338,0.000,0.000,1.625,
11.11.2025,8:44:23.203,17.672,30.376,20.137,3.834,0.000,250.0,250.0,16.733,4.009,2.624,8.568,6.945,4.310,2.635,4.248,3.718,0.389,3.329,3.329,0.000,0.000,0.000,
11.11.2025,8:44:24.199,16.313,33.572,23.132,3.988,0.000,250.0,250.0,10.998,3.710,2.440,7.607,6.234,3.869,2.365,3.820,3.718,0.389,3.329,3.329,0.000,0.000,0.000,
11.11.2025,8:44:25.212,21.750,26.958,16.636,3.889,0.000,250.0,250.0,11.482,3.741,2.464,7.690,6.303,3.910,2.393,3.860,3.727,0.389,3.338,3.338,0.000,1.500,0.000,
11.11.2025,8:44:26.199,14.953,28.236,18.100,3.747,0.000,250.0,250.0,14.654,3.741,2.477,6.940,5.837,3.620,2.217,3.583,3.718,0.389,3.329,3.329,0.000,1.500,0.250,
11.11.2025,8:44:27.199,20.391,29.255,19.031,3.789,0.000,250.0,250.0,10.997,3.544,2.624,8.750,7.051,4.369,2.682,4.320,3.718,0.389,3.329,3.329,0.000,0.500,0.000,
11.11.2025,8:44:28.200,24.469,28.919,18.765,3.689,0.000,250.0,250.0,10.997,4.056,2.624,8.750,7.051,4.369,2.682,4.320,3.718,0.389,3.329,3.329,0.000,0.000,0.000,
11.11.2025,8:44:29.199,16.313,29.362,19.508,3.539,0.000,250.0,250.0,16.812,3.679,2.624,7.307,6.157,3.818,2.339,3.781,3.718,0.389,3.329,3.329,0.000,0.000,1.000,
11.11.2025,8:44:30.210,17.672,29.060,18.833,3.837,0.000,250.0,250.0,15.218,5.330,3.077,13.084,10.017,6.214,3.803,6.140,3.815,0.433,3.382,3.338,0.000,0.000,0.000,
11.11.2025,8:44:31.207,14.953,28.882,18.671,3.759,0.000,250.0,250.0,15.358,4.069,2.673,8.719,7.062,4.380,2.682,4.330,3.752,0.421,3.331,3.338,0.000,0.000,0.000,
11.11.2025,8:44:32.205,17.672,28.037,18.070,3.681,0.000,250.0,250.0,16.200,6.692,3.469,17.968,13.281,8.244,5.037,8.145,3.718,0.389,3.329,3.338,0.000,0.000,0.000,
11.11.2025,8:44:33.205,16.313,27.164,17.176,3.635,0.000,250.0,250.0,17.974,3.713,2.587,7.464,6.239,3.872,2.367,3.822,3.727,0.389,3.338,3.329,0.001,1.000,1.125,
11.11.2025,8:44:34.207,23.110,26.739,16.415,3.820,0.000,250.0,250.0,12.070,4.037,2.587,8.707,7.012,4.350,2.662,4.289,3.718,0.389,3.329,3.329,0.000,0.000,0.500,
11.11.2025,8:44:35.207,16.313,26.845,16.673,3.786,0.000,250.0,250.0,10.765,3.623,2.514,7.201,6.028,3.735,2.293,3.698,3.718,0.389,3.329,3.329,0.000,1.375,0.000,
11.11.2025,8:44:36.203,21.750,36.318,25.931,3.909,0.000,250.0,250.0,10.670,3.797,2.563,7.815,6.442,3.991,2.451,3.941,3.718,0.389,3.329,3.329,0.000,0.250,0.500,
11.11.2025,8:44:37.204,14.953,45.308,34.883,3.960,0.000,250.0,250.0,13.464,3.648,2.587,7.222,6.086,3.770,2.316,3.733,3.718,0.389,3.329,3.329,0.000,0.000,0.000,
11.11.2025,8:44:38.204,20.391,27.494,17.160,3.878,0.000,250.0,250.0,13.492,4.553,2.710,10.570,8.222,5.108,3.114,5.046,3.718,0.389,3.329,3.329,0.000,0.000,0.000,
11.11.2025,8:44:39.200,20.391,27.074,17.072,3.687,0.000,250.0,250.0,12.613,4.012,2.538,8.659,6.943,4.309,2.634,4.247,3.727,0.389,3.338,3.338,0.000,0.000,2.375,
11.11.2025,8:44:40.199,16.313,26.837,16.627,3.765,0.000,250.0,250.0,10.829,4.060,2.575,8.814,7.062,4.380,2.682,4.319,3.718,0.389,3.329,3.329,0.000,0.750,0.000,
11.11.2025,8:44:41.212,17.672,29.422,19.220,3.772,0.000,250.0,250.0,11.088,4.069,2.501,8.919,7.085,4.386,2.699,4.337,3.718,0.389,3.329,3.329,0.000,0.500,0.000,
11.11.2025,8:44:42.210,20.391,27.550,17.307,3.797,0.000,250.0,250.0,10.674,4.052,2.538,8.817,7.046,4.373,2.673,4.311,3.718,0.389,3.329,3.329,0.000,0.375,0.000,
11.11.2025,8:44:43.209,21.750,27.272,16.849,3.953,0.000,250.0,250.0,10.779,4.293,2.648,9.628,7.609,4.716,2.893,4.667,3.718,0.389,3.329,3.329,0.000,1.500,1.125,
11.11.2025,8:44:44.209,19.032,28.112,17.918,3.830,0.000,250.0,250.0,12.219,4.090,2.611,8.886,7.133,4.423,2.710,4.374,3.718,0.389,3.329,3.329,0.000,1.000,0.125,
11.11.2025,8:44:45.209,19.032,39.226,28.658,4.057,0.000,250.0,250.0,11.032,4.574,2.795,10.501,8.248,5.109,3.139,5.047,3.786,0.406,3.380,3.329,0.000,0.000,0.000,
11.11.2025,8:44:46.205,17.672,35.467,25.244,3.807,0.000,250.0,250.0,18.420,6.551,3.580,17.312,12.950,8.031,4.919,7.933,3.727,0.389,3.338,3.329,0.000,0.000,0.000,
11.11.2025,8:44:47.204,31.266,27.802,17.626,3.772,0.000,250.0,250.0,16.405,6.428,3.359,17.053,12.659,7.849,4.810,7.751,3.730,0.392,3.338,3.338,0.000,1.625,0.000,
11.11.2025,8:44:48.201,17.672,30.693,20.565,3.739,0.000,250.0,250.0,16.219,3.869,2.464,8.183,6.605,4.103,2.502,4.054,3.727,0.389,3.338,3.329,0.000,2.125,0.000,
11.11.2025,8:44:49.213,25.829,30.777,20.700,3.689,0.000,250.0,250.0,20.890,5.782,3.090,14.809,11.097,6.885,4.212,6.799,3.795,0.406,3.389,3.338,0.000,0.000,0.000,
11.11.2025,8:44:50.212,17.672,35.020,24.731,3.898,0.000,250.0,250.0,18.687,3.860,2.575,8.036,6.584,4.081,2.503,4.032,3.727,0.389,3.338,3.338,0.000,2.250,0.000,
11.11.2025,8:44:51.208,24.469,29.254,18.923,3.875,0.000,250.0,250.0,13.521,4.026,2.624,8.520,6.919,4.292,2.627,4.230,3.858,0.425,3.433,3.329,0.000,0.000,1.125,
11.11.2025,8:44:52.206,17.672,27.599,17.469,3.754,0.000,250.0,250.0,13.915,3.919,2.673,8.170,6.733,4.168,2.565,4.118,3.718,0.389,3.329,3.329,0.000,1.500,0.000,
11.11.2025,8:44:53.199,17.672,27.189,16.998,3.794,0.000,250.0,250.0,13.238,3.768,2.599,7.665,6.377,3.947,2.430,3.897,3.718,0.389,3.329,3.329,0.000,1.000,0.000,
11.11.2025,8:44:54.200,19.032,27.063,16.874,3.779,0.000,250.0,250.0,10.962,3.693,2.587,7.397,6.193,3.836,2.357,3.799,3.718,0.389,3.329,3.329,0.000,1.125,0.500,
11.11.2025,8:44:55.213,16.313,29.122,18.965,3.786,0.000,250.0,250.0,11.897,6.455,3.298,17.229,12.721,7.886,4.835,7.788,3.727,0.389,3.338,3.338,0.000,0.000,2.250,
11.11.2025,8:44:56.211,19.032,28.948,18.832,3.710,0.000,250.0,250.0,18.459,3.682,2.538,7.408,6.164,3.822,2.342,3.785,3.718,0.389,3.329,3.329,0.000,0.625,2.250,
11.11.2025,8:44:57.209,13.594,26.398,16.175,3.848,0.000,250.0,250.0,12.913,3.695,2.599,7.392,6.200,3.846,2.354,3.796,3.718,0.389,3.329,3.329,0.000,0.000,1.250,
11.11.2025,8:44:58.206,17.672,26.479,16.170,3.837,0.000,250.0,250.0,10.951,3.643,2.599,7.181,6.066,3.760,2.306,3.723,3.727,0.389,3.338,3.338,0.000,0.500,0.000,
11.11.2025,8:44:59.204,21.750,30.537,20.493,3.703,0.000,250.0,250.0,12.063,3.641,2.648,7.116,6.062,3.758,2.304,3.708,3.735,0.389,3.346,3.346,0.000,0.000,0.000,
11.11.2025,8:45:0.201,20.391,27.979,17.929,3.700,0.000,250.0,250.0,15.305,4.462,2.660,10.271,8.010,4.971,3.039,4.909,3.718,0.389,3.329,3.329,0.000,2.250,0.000,
11.11.2025,8:45:1.200,17.672,29.404,19.161,3.819,0.000,250.0,250.0,13.236,4.536,2.575,10.629,8.185,5.071,3.114,5.010,3.718,0.389,3.329,3.338,0.000,0.000,1.625,
11.11.2025,8:45:2.199,17.672,26.382,16.305,3.690,0.000,250.0,250.0,13.867,3.550,2.563,6.867,5.851,3.634,2.217,3.585,3.727,0.389,3.338,3.329,0.000,0.000,0.000,
11.11.2025,8:45:3.211,19.032,27.154,17.079,3.727,0.000,250.0,250.0,13.538,3.491,2.465,6.748,5.717,3.549,2.168,3.500,3.718,0.389,3.329,3.329,0.000,0.500,0.000,
11.11.2025,8:45:4.208,20.391,29.979,19.607,3.882,0.000,250.0,250.0,11.476,3.973,2.575,8.486,6.856,4.246,2.610,4.197,3.718,0.389,3.329,3.329,0.000,0.500,0.000,
11.11.2025,8:45:5.206,16.313,28.952,19.025,3.615,0.000,250.0,250.0,11.145,6.238,3.273,16.427,12.211,7.575,4.636,7.476,3.723,0.385,3.338,3.338,0.000,0.000,1.125,
11.11.2025,8:45:6.205,25.829,28.660,18.463,3.785,0.000,250.0,250.0,14.785,4.310,2.661,9.669,7.648,4.742,2.906,4.680,3.727,0.389,3.338,3.338,0.000,0.000,0.000,
11.11.2025,8:45:7.204,19.032,38.378,27.814,4.078,0.000,250.0,250.0,13.712,4.437,2.894,9.937,7.949,4.934,3.015,4.873,3.718,0.389,3.329,3.329,0.000,0.000,0.375,
11.11.2025,8:45:8.202,16.313,37.720,27.332,3.938,0.000,250.0,250.0,13.057,5.088,2.955,12.353,9.490,5.883,3.607,5.809,3.727,0.389,3.338,3.329,0.000,0.000,0.000,
11.11.2025,8:45:9.213,23.110,26.695,16.569,3.745,0.000,250.0,250.0,16.069,4.675,2.709,11.034,8.512,5.277,3.235,5.216,3.718,0.389,3.329,3.329,0.000,1.500,0.000,
11.11.2025,8:45:10.212,23.110,29.054,18.734,3.852,0.000,250.0,250.0,12.103,4.088,2.526,8.968,7.131,4.422,2.709,4.360,3.718,0.389,3.329,3.329,0.000,0.000,1.500,
11.11.2025,8:45:11.210,17.672,28.721,18.614,3.749,0.000,250.0,250.0,11.739,5.754,2.942,14.889,11.060,6.852,4.208,6.766,3.749,0.418,3.331,3.329,0.000,0.000,0.000,
11.11.2025,8:45:12.207,17.672,27.416,17.374,3.689,0.000,250.0,250.0,12.977,3.741,2.550,7.614,6.306,3.917,2.389,3.868,3.718,0.389,3.329,3.329,0.000,1.500,0.500,
11.11.2025,8:45:13.203,24.469,29.248,19.036,3.780,0.000,250.0,250.0,11.084,4.129,2.575,9.070,7.229,4.483,2.746,4.421,3.718,0.389,3.329,3.329,0.000,0.375,0.000,
11.11.2025,8:45:14.199,27.188,28.724,18.505,3.777,0.000,250.0,250.0,14.024,3.643,2.489,7.304,6.076,3.771,2.305,3.722,3.718,0.389,3.329,3.329,0.000,0.375,0.000,
11.11.2025,8:45:15.201,14.953,27.171,17.206,3.675,0.000,250.0,250.0,13.451,6.495,3.408,17.280,12.825,7.956,4.869,7.857,3.714,0.385,3.329,3.329,0.000,0.000,0.000,
11.11.2025,8:45:16.199,20.391,28.047,17.882,3.752,0.000,250.0,250.0,11.369,3.766,2.575,7.692,6.365,3.952,2.413,3.903,3.718,0.389,3.329,3.329,0.000,0.000,0.000,
11.11.2025,8:45:17.212,21.750,29.194,19.103,3.703,0.001,250.0,250.0,12.819,4.773,2.709,11.398,8.753,5.429,3.324,5.355,3.718,0.389,3.329,3.329,0.000,0.000,1.750,
11.11.2025,8:45:18.210,32.625,29.293,19.303,3.661,0.000,250.0,250.0,15.461,5.216,3.126,12.664,9.792,6.065,3.727,5.991,3.727,0.389,3.338,3.338,0.000,2.000,0.000,
11.11.2025,8:45:19.209,21.750,41.129,30.643,3.993,0.000,250.0,250.0,18.167,5.869,3.053,15.211,11.329,7.019,4.310,6.933,3.748,0.417,3.331,3.338,0.000,2.250,1.625,
11.11.2025,8:45:20.207,20.391,38.708,28.315,3.927,0.000,250.0,250.0,16.270,3.760,2.624,7.612,6.349,3.945,2.404,3.896,3.718,0.389,3.329,3.338,0.000,0.000,0.375,
11.11.2025,8:45:21.209,16.313,30.603,20.416,3.757,0.000,250.0,250.0,13.155,3.789,2.624,7.718,6.418,3.979,2.439,3.930,3.727,0.389,3.338,3.329,0.000,0.125,0.500,
11.11.2025,8:45:22.206,17.672,27.649,17.660,3.669,0.000,250.0,250.0,14.589,7.472,3.690,20.707,15.125,9.383,5.742,9.272,3.730,0.392,3.338,3.338,0.000,1.125,2.375,
11.11.2025,8:45:23.203,24.469,27.789,17.472,3.874,0.001,250.0,250.0,15.240,3.816,2.636,7.812,6.487,4.020,2.467,3.971,3.718,0.389,3.329,3.329,0.000,0.500,0.000,
11.11.2025,8:45:24.201,21.750,29.955,19.624,3.839,0.000,250.0,250.0,11.855,4.777,2.734,11.364,8.739,5.416,3.323,5.354,3.753,0.422,3.331,3.329,0.001,0.000,1.500,
11.11.2025,8:45:25.208,27.188,29.995,19.433,4.070,0.000,250.0,250.0,12.307,3.729,2.636,7.472,6.275,3.896,2.379,3.847,3.727,0.389,3.338,3.329,0.000,0.875,1.750,
11.11.2025,8:45:26.204,27.188,29.995,19.433,4.070,0.000,250.0,250.0,11.142,4.945,2.832,11.850,9.108,5.649,3.459,5.575,3.817,0.434,3.383,3.338,0.000,1.000,1.125,
11.11.2025,8:45:27.203,27.188,29.387,19.192,3.766,0.000,250.0,250.0,18.194,6.751,3.470,18.184,13.417,8.326,5.091,8.227,3.730,0.392,3.338,3.338,0.000,0.000,0.500,
11.11.2025,8:45:28.218,20.391,28.265,18.318,3.611,0.000,250.0,250.0,20.219,3.846,2.563,7.987,6.555,4.061,2.494,4.012,3.727,0.389,3.338,3.338,0.000,1.500,0.375,
11.11.2025,8:45:29.214,14.953,29.611,19.766,3.571,0.000,250.0,250.0,13.430,6.122,3.347,15.893,11.922,7.395,4.527,7.309,3.748,0.417,3.331,3.329,0.000,0.000,0.000,
11.11.2025,8:45:30.223,24.469,28.253,18.078,3.754,0.000,250.0,250.0,16.904,4.818,2.967,11.297,8.839,5.478,3.361,5.416,3.747,0.416,3.331,3.329,0.000,0.000,1.250,
11.11.2025,8:45:31.223,19.032,27.188,17.080,3.741,0.000,250.0,250.0,13.460,4.137,2.722,8.957,7.245,4.497,2.748,4.436,3.718,0.389,3.329,3.329,0.000,0.000,0.500,
11.11.2025,8:45:32.220,20.391,27.017,16.942,3.712,0.000,250.0,250.0,12.900,4.066,2.734,8.679,7.075,4.388,2.687,4.338,3.718,0.389,3.329,3.329,0.000,0.000,1.625,
11.11.2025,8:45:33.214,19.032,29.156,18.987,3.770,0.000,250.0,250.0,12.664,3.791,2.526,7.824,6.430,3.986,2.444,3.937,3.718,0.389,3.329,3.329,0.000,1.375,0.000,
11.11.2025,8:45:34.228,16.313,28.556,18.432,3.722,0.000,250.0,250.0,11.787,3.776,2.538,7.754,6.395,3.963,2.432,3.913,3.718,0.389,3.329,3.329,0.000,0.000,0.000,
11.11.2025,8:45:35.241,21.750,27.855,17.649,3.752,0.000,250.0,250.0,14.636,7.367,3.678,20.327,14.876,9.221,5.655,9.110,3.735,0.397,3.338,3.329,0.000,0.000,0.000,
11.11.2025,8:45:36.244,14.953,28.197,18.010,3.760,0.000,250.0,250.0,17.412,5.278,2.918,13.111,9.940,6.158,3.782,6.084,3.727,0.389,3.338,3.329,0.000,1.500,0.000,
11.11.2025,8:45:37.243,27.188,30.065,19.771,3.880,0.000,250.0,250.0,14.507,7.884,3.739,22.220,16.088,9.975,6.113,9.864,3.746,0.417,3.329,3.346,0.000,0.500,0.000,
11.11.2025,8:45:38.243,19.032,43.165,32.723,4.007,0.000,250.0,250.0,12.833,3.835,2.550,7.971,6.534,4.044,2.490,3.994,3.718,0.389,3.329,3.329,0.000,1.000,1.125,
11.11.2025,8:45:39.250,17.672,27.355,17.123,3.820,0.000,250.0,250.0,14.365,6.052,3.188,15.783,11.753,7.285,4.468,7.199,3.750,0.410,3.340,3.346,0.000,0.000,0.000,
11.11.2025,8:45:40.253,19.032,27.132,17.108,3.670,0.000,250.0,250.0,15.920,3.700,2.550,7.459,6.215,3.847,2.368,3.798,3.718,0.389,3.329,3.329,0.001,1.000,1.125,
11.11.2025,8:45:41.255,17.672,28.928,18.815,3.694,0.001,250.0,250.0,11.382,3.936,2.563,8.350,6.769,4.192,2.577,4.143,3.718,0.389,3.329,3.329,0.000,0.375,0.500,
11.11.2025,8:45:42.264,17.672,27.525,17.411,3.715,0.000,250.0,250.0,11.491,8.316,3.825,23.799,17.127,10.623,6.504,10.488,3.726,0.397,3.329,3.346,0.000,1.125,0.000,
11.11.2025,8:45:43.261,17.672,27.449,17.305,3.786,0.000,250.0,250.0,16.021,3.706,2.624,7.404,6.227,3.859,2.368,3.810,3.718,0.389,3.329,3.329,0.000,1.375,0.000,
11.11.2025,8:45:44.261,20.391,27.695,17.438,3.818,0.000,250.0,250.0,13.084,3.702,2.648,7.369,6.212,3.858,2.354,3.809,3.718,0.389,3.329,3.329,0.000,0.500,0.000,
11.11.2025,8:45:45.275,17.672,28.229,18.073,3.725,0.000,250.0,250.0,10.683,3.822,2.587,7.883,6.499,4.032,2.467,3.983,3.718,0.389,3.329,3.329,0.000,2.000,0.250,
11.11.2025,8:45:46.289,19.032,27.090,16.847,3.830,0.000,250.0,250.0,11.685,4.144,2.477,9.228,7.262,4.505,2.757,4.443,3.718,0.389,3.329,3.329,0.000,0.000,0.000,
11.11.2025,8:45:47.295,31.266,32.227,21.639,4.023,0.000,250.0,250.0,12.269,3.710,2.452,7.596,6.233,3.868,2.365,3.818,3.718,0.389,3.329,3.329,0.000,1.125,1.875,
11.11.2025,8:45:48.308,23.110,37.898,27.223,4.129,0.000,250.0,250.0,10.936,7.239,3.482,20.034,14.578,9.042,5.536,8.932,3.723,0.385,3.338,3.338,0.000,0.000,0.000,
11.11.2025,8:45:49.323,17.672,28.321,18.260,3.685,0.000,250.0,250.0,17.571,4.127,2.538,9.105,7.221,4.473,2.748,4.423,3.718,0.389,3.329,3.329,0.000,0.750,0.875,
11.11.2025,8:45:50.308,19.032,26.968,16.807,3.775,0.000,250.0,250.0,14.707,3.721,2.636,7.452,6.263,3.884,2.379,3.835,3.718,0.389,3.329,3.329,0.000,1.000,1.125,
11.11.2025,8:45:51.311,31.266,28.282,18.186,3.698,0.000,250.0,250.0,13.482,3.605,2.587,7.065,5.983,3.706,2.277,3.669,3.718,0.389,3.329,3.329,0.000,0.000,0.000,
11.11.2025,8:45:52.309,17.672,34.784,24.321,3.972,0.000,250.0,250.0,11.121,3.574,2.648,6.885,5.912,3.670,2.242,3.621,3.718,0.389,3.329,3.329,0.000,1.375,0.000,
11.11.2025,8:45:53.322,13.594,28.380,18.239,3.759,0.000,250.0,250.0,11.631,4.459,2.673,10.227,7.993,4.963,3.030,4.902,3.734,0.396,3.338,3.338,0.000,0.000,0.625,
11.11.2025,8:45:54.320,14.953,27.242,17.080,3.740,0.000,250.0,250.0,15.698,7.415,3.641,20.554,15.004,9.298,5.706,9.187,3.714,0.385,3.329,3.329,0.000,0.000,0.000,
11.11.2025,8:45:55.315,27.188,29.426,19.200,3.813,0.000,250.0,250.0,13.252,5.138,2.918,12.511,9.561,5.931,3.630,5.857,3.817,0.434,3.383,3.338,0.000,0.250,1.125,
11.11.2025,8:45:56.315,16.313,28.235,18.136,3.689,0.000,250.0,250.0,12.914,4.200,2.538,9.385,7.391,4.582,2.809,4.533,3.718,0.389,3.329,3.329,0.000,1.000,2.500,
11.11.2025,8:45:57.313,14.953,27.781,17.666,3.772,0.000,250.0,250.0,15.809,3.724,2.415,7.685,6.265,3.885,2.380,3.848,3.718,0.389,3.329,3.329,0.000,0.000,0.000,
11.11.2025,8:45:58.310,17.672,27.180,17.070,3.710,0.000,250.0,250.0,11.837,4.997,2.612,12.348,9.270,5.749,3.521,5.676,3.727,0.389,3.338,3.338,0.000,1.125,0.000,
11.11.2025,8:45:59.308,21.750,29.208,19.144,3.666,0.000,250.0,250.0,13.174,4.169,2.587,9.213,7.319,4.534,2.785,4.485,3.718,0.389,3.329,3.329,0.000,1.750,0.000,
11.11.2025,8:46:0.312,19.032,27.757,17.691,3.704,0.000,250.0,250.0,13.483,7.818,3.654,22.073,15.958,9.892,6.066,9.769,3.714,0.385,3.329,3.338,0.000,2.250,0.000,
11.11.2025,8:46:1.320,17.672,28.759,18.508,3.798,0.000,250.0,250.0,14.405,6.102,3.274,15.898,11.893,7.375,4.518,7.276,3.723,0.385,3.338,3.338,0.000,2.125,0.500,
11.11.2025,8:46:2.320,16.313,26.274,16.179,3.739,0.000,250.0,250.0,12.790,3.816,2.587,7.854,6.483,4.018,2.465,3.968,3.727,0.389,3.338,3.329,0.001,0.000,1.875,
11.11.2025,8:46:3.314,20.391,28.447,18.181,3.843,0.000,250.0,250.0,18.706,3.816,3.715,22.083,15.993,9.921,6.072,9.798,3.731,0.385,3.346,3.338,0.000,0.000,0.500,
11.11.2025,8:46:4.316,17.672,28.059,17.936,3.759,0.000,250.0,250.0,13.893,7.838,3.531,19.027,13.984,8.671,5.313,8.572,3.718,0.389,3.329,3.338,0.000,0.375,0.000,
11.11.2025,8:46:5.314,19.032,29.579,19.301,3.815,0.000,250.0,250.0,13.893,6.987,3.531,19.027,13.984,8.671,5.313,8.572,3.718,0.389,3.329,3.338,0.000,0.000,1.000,
11.11.2025,8:46:6.311,17.672,29.490,19.501,3.670,0.001,250.0,250.0,14.207,5.983,3.089,15.638,11.612,7.196,4.416,7.110,3.718,0.389,3.329,3.329,0.000,1.000,0.000,
11.11.2025,8:46:7.313,31.266,35.702,25.392,3.910,0.000,250.0,250.0,18.174,3.957,2.673,8.311,6.809,4.223,2.586,4.174,3.727,0.389,3.338,3.338,0.000,1.250,1.125,
11.11.2025,8:46:8.311,17.672,36.896,26.495,3.941,0.000,250.0,250.0,14.934,6.039,3.285,15.655,11.744,7.280,4.464,7.194,3.718,0.389,3.329,3.329,0.000,0.000,0.000,
11.11.2025,8:46:9.322,16.313,27.179,17.139,3.703,0.000,250.0,250.0,14.571,3.681,2.587,7.340,6.162,3.820,2.342,3.771,3.727,0.389,3.338,3.338,0.000,0.000,0.000,
11.11.2025,8:46:10.320,19.032,28.125,17.904,3.832,0.000,250.0,250.0,10.961,4.007,2.513,8.667,6.938,4.301,2.637,4.252,3.718,0.389,3.329,3.329,0.000,2.000,0.000,
11.11.2025,8:46:11.320,20.391,27.012,16.584,3.903,0.000,250.0,250.0,10.605,3.931,2.513,8.321,6.723,4.162,2.561,4.113,3.792,0.413,3.379,3.329,0.000,1.000,0.000,
11.11.2025,8:46:12.317,20.391,27.228,17.176,3.712,0.000,250.0,250.0,11.783,3.720,2.464,7.620,6.261,3.882,2.379,3.833,3.718,0.389,3.329,3.329,0.000,1.000,0.375,
11.11.2025,8:46:13.318,14.953,29.166,19.194,3.590,0.000,250.0,250.0,13.003,3.730,2.575,7.535,6.275,3.896,2.379,3.847,3.727,0.389,3.338,3.338,0.000,0.000,1.375,
11.11.2025,8:46:14.311,23.110,28.880,18.488,3.972,0.000,250.0,250.0,11.774,4.043,2.587,8.728,7.024,4.350,2.674,4.301,3.718,0.389,3.329,3.329,0.001,0.000,2.125,
11.11.2025,8:46:15.313,16.313,28.750,18.753,3.620,0.000,250.0,250.0,11.281,6.527,3.556,17.247,12.894,7.997,4.897,7.899,3.727,0.389,3.338,3.329,0.000,0.000,0.375,
11.11.2025,8:46:16.309,19.032,28.430,18.028,3.910,0.000,250.0,250.0,11.930,4.442,2.820,10.030,7.967,4.938,3.029,4.876,3.718,0.389,3.329,3.329,0.000,0.000,1.625,
11.11.2025,8:46:17.323,25.829,37.411,26.923,3.993,0.000,250.0,250.0,11.009,4.133,2.685,8.976,7.233,4.485,2.748,4.436,3.718,0.389,3.329,3.329,0.001,0.750,0.000,
11.11.2025,8:46:18.319,19.032,31.944,21.529,3.945,0.000,250.0,250.0,10.739,4.345,2.783,9.695,7.731,4.801,2.930,4.740,3.718,0.389,3.329,3.329,0.001,0.000,0.500,
11.11.2025,8:46:19.315,21.750,26.667,16.613,3.694,0.000,250.0,250.0,12.199,7.648,3.666,21.414,15.538,9.638,5.900,9.527,3.730,0.392,3.338,3.338,0.000,2.000,2.250,
11.11.2025,8:46:20.316,20.391,27.620,17.494,3.733,0.000,250.0,250.0,13.669,8.044,3.837,22.746,16.486,10.229,6.257,10.106,3.721,0.392,3.329,3.338,0.000,0.000,1.125,
11.11.2025,8:46:21.313,20.391,30.282,20.131,3.760,0.000,250.0,250.0,14.091,3.684,2.599,7.353,6.171,3.831,2.340,3.782,3.718,0.389,3.329,3.329,0.000,0.000,0.000,
11.11.2025,8:46:22.315,19.032,30.893,20.445,3.944,0.000,250.0,250.0,10.710,3.758,2.661,7.569,6.346,3.943,2.403,3.894,3.718,0.389,3.329,3.329,0.001,1.000,1.125,
11.11.2025,8:46:23.310,27.188,30.406,20.308,3.734,0.000,250.0,250.0,12.001,6.063,3.359,15.673,11.799,7.321,4.478,7.235,3.718,0.389,3.329,3.329,0.000,0.000,0.000,
11.11.2025,8:46:24.311,19.032,28.607,18.342,3.817,0.000,250.0,250.0,16.039,3.565,2.612,6.882,5.890,3.647,2.243,3.610,3.718,0.389,3.329,3.329,0.000,2.125,0.000,
11.11.2025,8:46:25.312,20.391,28.508,18.502,3.653,0.000,250.0,250.0,14.806,3.653,2.612,7.206,6.092,3.774,2.318,3.737,3.727,0.389,3.338,3.338,0.000,0.000,0.000,
11.11.2025,8:46:26.323,27.188,28.382,18.032,3.836,0.000,250.0,250.0,14.616,3.927,2.624,8.263,6.743,4.183,2.560,4.134,3.718,0.389,3.329,3.329,0.000,0.375,0.375,
11.11.2025,8:46:27.321,29.907,34.058,23.686,3.997,0.001,250.0,250.0,14.750,3.668,2.648,7.228,6.126,3.797,2.329,3.760,3.727,0.389,3.338,3.338,0.000,0.250,0.375,
11.11.2025,8:46:28.322,19.032,29.089,18.930,3.697,0.000,250.0,250.0,11.228,3.528,2.550,6.796,5.807,3.600,2.207,3.551,3.718,0.389,3.329,3.329,0.000,2.000,1.000,
11.11.2025,8:46:29.310,24.469,28.310,17.590,4.132,0.001,250.0,250.0,10.380,3.665,2.624,7.253,6.124,3.795,2.329,3.758,3.718,0.389,3.329,3.329,0.000,1.250,0.000,
11.11.2025,8:46:30.308,21.750,27.425,17.423,3.667,0.000,250.0,250.0,11.703,6.307,3.359,16.609,12.370,7.673,4.697,7.586,3.726,0.397,3.329,3.329,0.000,0.000,0.750,
11.11.2025,8:46:31.324,19.032,26.459,16.189,3.839,0.000,250.0,250.0,12.039,4.013,2.722,8.487,6.949,4.312,2.637,4.263,3.718,0.389,3.329,3.329,0.000,2.000,2.125,
11.11.2025,8:46:32.339,29.907,27.514,17.472,3.646,0.000,250.0,250.0,10.503,3.633,2.526,7.222,6.056,3.750,2.306,3.701,3.718,0.389,3.329,3.329,0.000,0.000,1.625,
11.11.2025,8:46:33.331,32.625,27.610,17.134,3.992,0.000,250.0,250.0,10.964,3.832,2.563,7.849,6.457,4.005,2.452,3.955,3.856,0.424,3.432,3.329,0.000,0.000,2.500,
11.11.2025,8:46:34.329,17.672,38.851,28.337,4.035,0.000,250.0,250.0,11.184,3.987,2.575,8.537,6.886,4.275,2.611,4.226,3.718,0.389,3.329,3.329,0.000,0.500,1.125,
11.11.2025,8:46:35.343,17.672,30.125,19.668,3.914,0.000,250.0,250.0,12.307,3.988,2.624,8.491,6.888,4.276,2.612,4.226,3.718,0.389,3.329,3.329,0.000,0.000,0.000,
11.11.2025,8:46:36.369,23.110,27.666,17.391,3.829,0.000,250.0,250.0,10.945,3.943,2.599,8.343,6.787,4.200,2.587,4.151,3.718,0.389,3.329,3.329,0.000,1.375,1.500,
11.11.2025,8:46:37.356,19.032,27.800,17.785,3.671,0.000,250.0,250.0,11.106,4.023,2.587,8.652,6.978,4.327,2.651,4.266,3.718,0.389,3.329,3.329,0.000,0.000,0.000,
11.11.2025,8:46:38.361,23.110,28.331,18.290,3.667,0.000,250.0,250.0,12.182,3.648,2.697,7.109,6.092,3.774,2.318,3.725,3.718,0.389,3.329,3.329,0.000,0.625,0.500,
11.11.2025,8:46:39.359,33.985,26.982,16.264,4.137,0.000,250.0,250.0,10.613,3.703,2.710,7.317,6.223,3.857,2.366,3.807,3.718,0.389,3.329,3.320,0.000,1.500,2.000,
11.11.2025,8:46:40.357,19.032,39.539,29.068,4.037,0.000,250.0,250.0,10.893,5.377,3.138,13.270,10.171,6.309,3.862,6.235,3.727,0.389,3.338,3.329,0.001,0.000,0.500,
11.11.2025,8:46:41.355,16.313,30.212,20.092,3.716,0.000,250.0,250.0,15.618,4.136,2.575,9.103,7.243,4.496,2.747,4.435,3.718,0.389,3.329,3.329,0.000,0.000,0.000,
11.11.2025,8:46:42.355,28.547,29.009,18.786,3.792,0.000,250.0,250.0,14.548,3.570,2.489,7.017,5.906,3.662,2.244,3.613,3.718,0.389,3.329,3.329,0.000,0.000,1.750,
11.11.2025,8:46:43.370,16.313,29.219,19.033,3.771,0.000,250.0,250.0,13.690,4.640,2.673,10.931,8.434,5.233,3.201,5.159,3.718,0.389,3.329,3.329,0.001,0.000,0.000,
11.11.2025,8:46:44.366,17.672,28.836,18.610,3.782,0.000,250.0,250.0,14.662,3.810,2.661,7.767,6.470,4.017,2.453,3.968,3.718,0.389,3.329,3.329,0.000,0.000,0.000,
11.11.2025,8:46:45.363,17.672,27.908,17.856,3.703,0.001,250.0,250.0,14.005,3.887,2.710,8.006,6.659,4.131,2.528,4.069,3.718,0.389,3.329,3.329,0.000,0.000,1.125,
11.11.2025,8:46:46.364,19.032,29.086,18.762,3.889,0.000,250.0,250.0,10.690,3.967,2.562,8.464,6.844,4.242,2.602,4.192,3.718,0.389,3.329,3.329,0.000,0.000,1.000,
11.11.2025,8:46:47.370,19.032,27.977,17.476,3.967,0.000,250.0,250.0,10.769,4.092,2.599,8.914,7.137,4.430,2.707,4.369,3.718,0.389,3.329,3.329,0.000,0.000,0.000,
11.11.2025,8:46:48.372,17.672,28.530,18.503,3.665,0.000,250.0,250.0,13.041,4.147,2.624,9.092,7.270,4.510,2.760,4.449,3.718,0.389,3.329,3.329,0.000,0.000,1.125,
11.11.2025,8:46:49.387,20.391,29.465,19.419,3.685,0.000,250.0,250.0,15.869,9.437,4.119,27.792,19.790,12.267,7.523,12.120,3.714,0.385,3.329,3.329,0.000,0.000,0.000,
11.11.2025,8:46:50.403,29.907,29.244,19.231,3.669,0.000,250.0,250.0,15.422,3.877,2.477,8.206,6.632,4.105,2.527,4.055,3.718,0.389,3.329,3.329,0.000,1.250,1.000,
11.11.2025,8:46:51.403,20.391,42.704,31.963,4.187,0.000,250.0,250.0,10.906,3.769,2.489,7.788,6.373,3.957,2.416,3.907,3.718,0.389,3.329,3.329,0.000,0.500,2.375,
11.11.2025,8:46:52.403,17.672,30.292,20.309,3.619,0.000,250.0,250.0,18.407,7.527,3.653,20.957,15.259,9.463,5.796,9.352,3.727,0.389,3.338,3.338,0.000,1.000,0.000,
11.11.2025,8:46:53.406,21.750,28.264,17.882,3.895,0.000,250.0,250.0,13.135,3.887,2.636,8.088,6.658,4.130,2.528,4.068,3.718,0.389,3.329,3.329,0.000,1.750,0.000,
11.11.2025,8:46:54.404,16.313,28.548,18.430,3.716,0.000,250.0,250.0,13.479,3.953,2.722,8.244,6.804,4.216,2.588,4.167,3.727,0.389,3.338,3.338,0.000,2.000,0.125,
11.11.2025,8:46:55.416,19.032,26.630,16.435,3.831,0.000,250.0,250.0,11.928,4.944,2.930,11.798,9.123,5.664,3.459,5.590,3.773,0.403,3.370,3.329,0.001,0.000,0.500,
11.11.2025,8:46:56.412,17.672,28.827,18.454,3.882,0.001,250.0,250.0,12.380,4.706,2.722,11.138,8.589,5.324,3.265,5.262,3.718,0.389,3.329,3.329,0.000,1.625,2.250,
11.11.2025,8:46:57.411,17.672,27.410,17.437,3.614,0.000,250.0,250.0,16.034,7.699,3.727,21.448,15.606,9.674,5.932,9.563,3.858,0.416,3.442,3.329,0.000,0.000,0.000,
11.11.2025,8:46:58.409,19.032,27.593,17.536,3.701,0.000,250.0,250.0,20.664,5.306,3.151,12.994,10.008,6.204,3.804,6.130,3.718,0.389,3.329,3.329,0.000,1.375,0.000,
11.11.2025,8:46:59.405,21.750,28.965,18.867,3.775,0.000,250.0,250.0,12.423,3.921,2.820,8.038,6.729,4.178,2.551,4.128,3.718,0.389,3.329,3.329,0.000,1.000,0.000,
11.11.2025,8:47:0.403,20.391,28.200,17.871,3.836,0.000,250.0,250.0,13.251,3.884,2.587,8.124,6.648,4.119,2.529,4.070,3.718,0.389,3.329,3.329,0.000,1.500,2.250,
11.11.2025,8:47:1.402,23.110,27.067,16.832,3.809,0.000,250.0,250.0,11.477,3.831,2.759,7.751,6.519,4.042,2.477,3.993,3.718,0.389,3.329,3.329,0.000,0.875,0.000,
11.11.2025,8:47:2.402,17.672,27.696,17.499,3.802,0.000,250.0,250.0,13.891,3.829,2.734,7.767,6.515,4.040,2.475,3.991,3.718,0.389,3.329,3.329,0.000,0.000,0.000,
11.11.2025,8:47:3.416,17.672,26.521,16.161,3.901,0.001,250.0,250.0,11.581,4.410,2.709,10.009,7.896,4.890,3.006,4.829,3.718,0.389,3.329,3.329,0.001,1.375,0.375,
11.11.2025,8:47:4.413,19.032,29.445,19.293,3.718,0.000,250.0,250.0,13.634,5.085,2.991,12.302,9.491,5.884,3.607,5.810,3.718,0.389,3.329,3.329,0.000,0.000,0.000,
11.11.2025,8:47:5.411,19.032,28.327,18.072,3.850,0.000,250.0,250.0,14.754,4.133,2.587,8.975,7.166,4.445,2.721,4.395,3.856,0.424,3.432,3.329,0.000,0.000,0.000,
11.11.2025,8:47:6.408,33.985,31.423,21.265,3.786,0.000,250.0,250.0,14.012,6.760,3.469,18.227,13.452,8.337,5.115,8.238,3.718,0.389,3.329,3.329,0.001,0.000,0.000,
11.11.2025,8:47:7.407,16.313,42.293,31.670,4.081,0.000,250.0,250.0,20.760,3.875,2.661,8.002,6.621,4.106,2.515,4.056,3.727,0.389,3.338,3.338,0.000,0.375,1.625,
11.11.2025,8:47:8.407,21.750,29.042,19.087,3.642,0.000,250.0,250.0,18.606,3.670,2.489,7.405,6.142,3.803,2.339,3.754,3.718,0.389,3.329,3.329,0.000,1.375,0.000,
11.11.2025,8:47:9.407,14.953,28.830,18.687,3.719,0.000,250.0,250.0,10.937,7.147,3.604,19.519,14.330,8.885,5.445,8.787,3.786,0.406,3.380,3.329,0.000,0.000,0.000,
11.11.2025,8:47:10.406,20.391,31.387,21.388,3.685,0.000,250.0,250.0,17.661,4.182,2.636,9.152,7.313,4.530,2.783,4.481,3.795,0.406,3.389,3.338,0.000,0.000,0.750,
11.11.2025,8:47:11.417,40.782,27.814,17.789,3.613,0.000,250.0,250.0,14.989,5.002,2.820,12.163,9.294,5.761,3.533,5.687,3.718,0.389,3.329,3.329,0.000,0.000,2.250,
11.11.2025,8:47:12.418,20.391,30.493,20.332,3.815,0.000,250.0,250.0,14.847,4.509,2.648,10.414,8.102,5.024,3.078,4.962,3.761,0.430,3.331,3.338,0.001,0.375,1.625,
11.11.2025,8:47:13.414,20.391,30.291,20.185,3.692,0.000,250.0,250.0,14.946,3.732,2.538,7.593,6.282,3.893,2.389,3.856,3.718,0.389,3.329,3.329,0.000,0.000,0.375,
11.11.2025,8:47:14.409,21.750,29.140,19.114,3.657,0.000,250.0,250.0,14.726,6.420,3.298,17.092,12.644,7.847,4.797,7.748,3.721,0.392,3.329,3.338,0.001,1.375,1.250,
11.11.2025,8:47:15.407,17.672,28.349,18.359,3.664,0.000,250.0,250.0,17.337,6.350,3.261,16.868,12.479,7.734,4.745,7.648,3.718,0.389,3.329,3.329,0.000,0.000,1.125,
11.11.2025,8:47:16.414,17.672,28.624,18.435,3.762,0.000,250.0,250.0,15.357,3.615,2.452,7.231,6.010,3.731,2.279,3.682,3.717,0.388,3.329,3.329,0.000,1.125,1.625,
11.11.2025,8:47:17.408,19.032,27.104,16.985,3.724,0.000,250.0,250.0,11.026,3.757,2.587,7.641,6.343,3.941,2.402,3.892,3.717,0.388,3.329,3.329,0.000,1.875,1.000,
11.11.2025,8:47:18.402,27.188,26.780,16.627,3.748,0.000,250.0,250.0,11.766,3.623,2.477,7.235,6.019,3.730,2.289,3.693,3.727,0.389,3.338,3.329,0.000,0.000,1.125,
11.11.2025,8:47:19.404,17.672,28.115,17.983,3.745,0.000,250.0,250.0,12.412,6.342,3.237,16.861,12.457,7.723,4.734,7.637,3.718,0.389,3.329,3.338,0.000,0.000,0.500,
11.11.2025,8:47:20.413,16.313,27.140,16.904,3.772,0.000,250.0,250.0,16.032,3.806,2.477,7.936,6.464,4.001,2.463,3.952,3.718,0.389,3.329,3.329,0.000,2.000,0.000,
11.11.2025,8:47:21.410,16.313,29.770,19.708,3.685,0.000,250.0,250.0,12.368,7.176,3.604,19.654,14.415,8.946,5.469,8.835,3.748,0.417,3.331,3.346,0.000,2.125,0.000,
11.11.2025,8:47:22.404,17.672,28.843,18.722,3.723,0.000,250.0,250.0,17.293,3.930,2.452,8.327,6.689,4.151,2.538,4.102,3.854,0.423,3.431,3.329,0.000,0.000,0.000,
11.11.2025,8:47:23.404,17.672,28.843,18.722,3.723,0.000,250.0,250.0,12.692,3.633,2.550,7.196,6.048,3.757,2.291,3.707,3.727,0.389,3.338,3.329,0.000,0.000,2.250,
11.11.2025,8:47:24.416,21.750,30.234,19.986,3.811,0.000,250.0,250.0,11.386,4.002,2.624,8.541,6.922,4.299,2.623,4.250,3.718,0.389,3.329,3.329,0.000,0.000,1.125,
11.11.2025,8:47:25.408,21.750,27.959,17.789,3.736,0.000,250.0,250.0,12.634,6.236,3.249,16.426,12.194,7.560,4.634,7.462,3.749,0.409,3.340,3.338,0.000,0.000,1.000,
11.11.2025,8:47:26.402,19.032,26.285,16.228,3.737,0.000,250.0,250.0,18.828,3.719,2.587,7.475,6.254,3.873,2.381,3.824,3.727,0.389,3.338,3.338,0.000,0.000,0.000,
11.11.2025,8:47:27.411,16.313,28.001,18.117,3.518,0.001,250.0,250.0,13.052,7.427,3.420,20.813,15.026,9.320,5.706,9.197,3.723,0.385,3.338,3.338,0.000,2.250,1.125,
11.11.2025,8:47:28.406,21.750,30.530,20.188,3.921,0.000,250.0,250.0,17.627,3.659,2.415,7.433,6.116,3.798,2.318,3.748,3.718,0.389,3.329,3.329,0.000,0.250,0.000,
11.11.2025,8:47:29.402,19.032,29.305,18.848,4.024,0.000,250.0,250.0,10.512,3.620,2.440,7.263,6.025,3.733,2.292,3.684,3.718,0.389,3.329,3.329,0.000,0.000,0.000,
11.11.2025,8:47:30.408,16.313,28.664,18.389,3.828,0.000,250.0,250.0,10.400,4.206,2.648,9.297,7.412,4.593,2.819,4.531,3.718,0.389,3.329,3.329,0.000,0.000,0.875,
11.11.2025,8:47:31.407,24.469,27.700,17.295,3.927,0.000,250.0,250.0,12.560,3.603,2.624,7.016,5.985,3.707,2.278,3.658,3.718,0.389,3.329,3.329,0.000,1.375,0.000,
11.11.2025,8:47:32.408,14.953,26.030,15.841,3.754,0.000,250.0,250.0,11.989,4.396,2.562,10.088,7.838,4.860,2.978,4.799,3.742,0.396,3.346,3.346,0.000,0.000,0.000,
11.11.2025,8:47:33.407,19.032,27.167,16.897,3.853,0.000,250.0,250.0,13.539,3.690,2.538,7.435,6.185,3.832,2.353,3.795,3.718,0.389,3.329,3.329,0.000,1.000,0.000,
11.11.2025,8:47:34.404,14.953,28.725,18.605,3.716,0.000,250.0,250.0,13.083,3.621,2.452,7.251,6.027,3.735,2.292,3.686,3.718,0.389,3.329,3.329,0.000,1.000,0.000,
11.11.2025,8:47:35.416,14.953,28.202,18.041,3.752,0.000,250.0,250.0,10.766,3.706,2.526,7.514,6.220,3.855,2.365,3.818,3.718,0.389,3.329,3.329,0.000,0.000,0.500,
11.11.2025,8:47:36.402,17.672,27.581,17.379,3.754,0.000,250.0,250.0,14.115,3.922,2.587,8.267,6.736,4.174,2.562,4.125,3.718,0.389,3.329,3.329,0.000,0.000,2.250,
11.11.2025,8:47:37.402,16.313,29.820,19.793,3.687,0.000,250.0,250.0,13.182,3.615,2.538,7.144,6.008,3.726,2.282,3.689,3.718,0.389,3.329,3.329,0.000,1.750,0.875,
11.11.2025,8:47:38.404,21.750,26.820,16.589,3.830,0.000,250.0,250.0,12.168,3.835,2.612,7.916,6.526,4.051,2.475,4.002,3.718,0.389,3.329,3.329,0.000,0.375,0.500,
11.11.2025,8:47:39.402,16.313,26.849,16.500,3.848,0.000,250.0,250.0,10.574,5.605,3.163,14.117,10.714,6.643,4.071,6.557,3.727,0.389,3.338,3.329,0.000,0.000,0.000,
11.11.2025,8:47:40.403,17.672,27.741,17.665,3.685,0.000,250.0,250.0,13.591,4.097,2.452,9.073,7.152,4.439,2.713,4.377,3.718,0.389,3.329,3.329,0.000,0.500,1.000,
11.11.2025,8:47:41.403,16.313,27.157,17.027,3.741,0.001,250.0,250.0,12.034,3.689,2.452,7.523,6.189,3.834,2.355,3.797,3.706,0.386,3.320,3.329,0.000,1.000,0.500,
11.11.2025,8:47:42.415,21.750,27.567,17.375,3.769,0.000,250.0,250.0,10.660,3.643,2.501,7.291,6.075,3.771,2.304,3.721,3.718,0.389,3.329,3.329,0.000,0.000,0.000,
11.11.2025,8:47:43.416,23.110,28.553,18.298,3.836,0.000,250.0,250.0,11.218,3.610,2.440,7.225,6.000,3.721,2.279,3.672,3.718,0.389,3.329,3.329,0.000,1.000,1.500,
11.11.2025,8:47:44.414,21.750,27.284,17.087,3.802,0.000,250.0,250.0,17.236,7.026,3.666,19.032,14.078,8.730,5.348,8.619,3.727,0.389,3.338,3.329,0.000,0.875,0.000,
11.11.2025,8:47:45.412,19.032,29.118,19.066,3.671,0.000,250.0,250.0,19.879,6.730,3.322,18.231,13.354,8.288,5.066,8.190,3.756,0.417,3.339,3.338,0.000,0.000,1.125,
11.11.2025,8:47:46.413,14.953,29.675,19.679,3.618,0.000,250.0,250.0,16.891,5.656,3.237,14.198,10.810,6.703,4.107,6.617,3.775,0.435,3.340,3.338,0.000,0.000,0.750,
11.11.2025,8:47:47.408,20.391,28.028,17.862,3.772,0.000,250.0,250.0,13.098,3.887,2.710,8.002,6.650,4.126,2.524,4.064,3.727,0.389,3.338,3.338,0.000,0.000,0.250,
11.11.2025,8:47:48.409,16.313,27.101,16.842,3.806,0.000,250.0,250.0,13.109,3.731,2.587,7.538,6.287,3.895,2.392,3.846,3.718,0.389,3.329,3.329,0.000,0.375,0.000,
11.11.2025,8:47:49.408,17.672,28.938,18.881,3.681,0.001,250.0,250.0,10.800,3.717,2.526,7.550,6.249,3.883,2.366,3.834,3.718,0.389,3.329,3.329,0.001,2.000,0.000,
11.11.2025,8:47:50.404,20.391,29.828,19.572,3.820,0.000,250.0,250.0,13.720,6.026,3.200,15.681,11.700,7.258,4.442,7.172,3.734,0.396,3.338,3.338,0.000,0.000,2.375,
11.11.2025,8:47:51.402,19.032,29.226,19.231,3.683,0.000,250.0,250.0,13.436,4.121,2.575,9.038,7.212,4.475,2.737,4.413,3.718,0.389,3.329,3.329,0.000,0.000,0.000,
11.11.2025,8:47:52.413,29.907,28.992,18.883,3.702,0.000,250.0,250.0,17.241,5.119,2.783,12.647,9.567,5.935,3.632,5.861,3.718,0.389,3.329,3.329,0.001,0.000,1.250,
11.11.2025,8:47:53.406,17.672,28.578,18.603,3.592,0.000,250.0,250.0,13.632,4.104,2.526,9.024,7.171,4.448,2.723,4.387,3.718,0.389,3.329,3.329,0.000,1.375,0.000,
11.11.2025,8:47:54.407,21.750,30.134,19.844,3.875,0.000,250.0,250.0,14.552,5.251,2.991,12.868,9.832,6.091,3.741,6.018,3.817,0.434,3.383,3.329,0.000,0.000,0.500,
11.11.2025,8:47:55.407,19.032,29.844,19.849,3.667,0.000,250.0,250.0,15.472,5.380,3.175,13.241,10.178,6.314,3.864,6.240,3.727,0.389,3.338,3.338,0.000,1.000,1.125,
11.11.2025,8:47:56.406,23.110,26.726,16.505,3.778,0.000,250.0,250.0,11.786,5.380,2.599,7.829,6.473,4.007,2.466,3.958,3.718,0.389,3.329,3.329,0.000,0.625,0.000,
11.11.2025,8:47:57.404,16.313,28.884,18.670,3.781,0.000,250.0,250.0,11.786,3.810,2.599,7.829,6.473,4.007,2.466,3.958,3.718,0.389,3.329,3.329,0.000,0.000,0.875,
11.11.2025,8:47:58.404,19.032,29.400,19.337,3.704,0.000,250.0,250.0,12.062,3.932,2.465,8.428,6.758,4.193,2.565,4.143,3.718,0.389,3.329,3.329,0.000,0.000,0.000,
11.11.2025,8:47:59.409,13.594,28.992,18.855,3.723,0.000,250.0,250.0,12.027,3.938,2.464,8.377,6.721,4.160,2.561,4.111,3.828,0.446,3.382,3.329,0.000,0.000,1.625,
11.11.2025,8:48:0.408,14.953,27.587,17.334,3.769,0.000,250.0,250.0,10.432,4.132,2.526,9.102,7.211,4.475,2.736,4.426,3.752,0.421,3.331,3.338,0.000,2.250,0.125,
11.11.2025,8:48:1.405,19.032,27.430,17.360,3.701,0.000,250.0,250.0,12.497,3.752,2.599,7.619,6.343,3.929,2.414,3.879,3.706,0.386,3.320,3.329,0.000,1.500,0.000,
11.11.2025,8:48:2.402,20.391,29.055,18.829,3.804,0.000,250.0,250.0,11.958,3.583,2.575,6.987,5.935,3.682,2.253,3.633,3.718,0.389,3.329,3.329,0.000,0.000,1.000,
11.11.2025,8:48:3.415,19.032,28.920,18.743,3.753,0.000,250.0,250.0,11.080,3.667,2.624,7.258,6.130,3.799,2.331,3.762,3.718,0.389,3.329,3.329,0.000,1.500,0.000,
11.11.2025,8:48:4.413,14.953,28.433,18.409,3.673,0.000,250.0,250.0,15.156,5.656,3.090,14.380,10.824,6.716,4.108,6.629,3.744,0.413,3.331,3.329,0.000,0.000,2.375,
11.11.2025,8:48:5.413,16.313,26.556,16.423,3.737,0.000,250.0,250.0,15.932,3.613,2.538,7.137,5.996,3.719,2.277,3.682,3.727,0.389,3.338,3.329,0.000,0.000,2.250,
11.11.2025,8:48:6.413,20.391,29.151,19.197,3.628,0.000,250.0,250.0,18.374,8.514,3.997,24.380,17.601,10.914,6.687,10.779,3.723,0.385,3.338,3.338,0.000,0.000,0.000,
11.11.2025,8:48:7.412,21.750,26.137,15.839,3.854,0.000,250.0,250.0,14.964,3.656,2.501,7.340,6.102,3.784,2.318,3.747,3.718,0.389,3.329,3.329,0.000,1.500,1.000,
11.11.2025,8:48:8.413,21.750,27.938,17.634,3.816,0.000,250.0,250.0,10.087,4.410,2.575,10.149,7.892,4.888,3.004,4.827,3.718,0.389,3.329,3.329,0.000,0.000,0.000,
11.11.2025,8:48:9.408,16.313,27.922,17.840,3.672,0.000,250.0,250.0,12.582,4.414,2.734,10.003,7.897,4.903,2.994,4.841,3.718,0.389,3.329,3.329,0.000,0.000,0.000,
11.11.2025,8:48:10.409,32.625,29.475,19.398,3.766,0.000,250.0,250.0,15.181,5.090,2.967,12.351,9.497,5.893,3.604,5.819,3.718,0.389,3.329,3.329,0.000,1.500,0.000,
11.11.2025,8:48:11.405,17.672,27.532,17.437,3.700,0.000,250.0,250.0,15.874,7.115,3.531,19.494,14.268,8.848,5.420,8.738,3.758,0.418,3.340,3.338,0.000,0.375,0.000,
11.11.2025,8:48:12.405,36.704,27.978,17.839,3.749,0.000,250.0,250.0,14.797,4.009,2.538,8.665,6.945,4.310,2.635,4.261,3.706,0.386,3.320,3.320,0.000,1.000,0.000,
11.11.2025,8:48:13.416,13.594,28.539,18.216,3.843,0.000,250.0,250.0,10.522,3.971,2.538,8.505,6.852,4.252,2.600,4.203,3.718,0.389,3.329,3.329,0.000,1.125,0.000,
11.11.2025,8:48:14.415,19.032,28.726,18.704,3.678,0.000,250.0,250.0,10.708,9.076,3.911,26.583,18.913,11.732,7.181,11.584,3.762,0.431,3.331,3.329,0.000,2.125,1.125,
11.11.2025,8:48:15.414,21.750,26.894,16.667,3.804,0.000,250.0,250.0,17.190,4.391,2.611,10.038,7.844,4.864,2.980,4.803,3.718,0.389,3.329,3.329,0.000,0.625,1.125,
11.11.2025,8:48:16.410,20.391,27.978,17.941,3.671,0.001,250.0,250.0,13.369,4.980,2.820,12.080,9.231,5.723,3.508,5.662,3.718,0.389,3.329,3.338,0.000,1.375,0.000,
11.11.2025,8:48:17.409,17.672,28.208,18.013,3.764,0.000,250.0,250.0,13.224,4.330,2.611,9.724,7.643,4.738,2.905,4.689,3.825,0.496,3.329,3.338,0.000,0.000,0.000,
11.11.2025,8:48:18.408,14.953,27.448,17.340,3.763,0.000,250.0,250.0,12.208,3.920,2.612,8.240,6.727,4.177,2.550,4.127,3.718,0.389,3.329,3.329,0.000,0.000,0.000,
11.11.2025,8:48:19.403,17.672,29.740,19.514,3.759,0.000,250.0,250.0,12.965,4.089,2.538,8.951,7.132,4.422,2.710,4.360,3.718,0.389,3.329,3.338,0.000,0.500,0.500,
11.11.2025,8:48:20.415,19.032,27.716,17.648,3.731,0.000,250.0,250.0,12.839,3.686,2.501,7.447,6.179,3.836,2.343,3.786,3.718,0.389,3.329,3.329,0.000,0.000,0.000,
11.11.2025,8:48:21.411,14.953,27.593,17.553,3.686,0.000,250.0,250.0,12.806,8.792,3.984,25.462,18.259,11.317,6.942,11.182,3.714,0.385,3.329,3.346,0.001,0.000,0.000,
11.11.2025,8:48:22.408,19.032,29.091,19.066,3.697,0.000,250.0,250.0,18.357,5.101,2.893,12.456,9.510,5.893,3.617,5.832,3.730,0.392,3.338,3.346,0.000,0.000,1.875,
11.11.2025,8:48:23.408,21.750,28.190,18.178,3.643,0.000,250.0,250.0,15.918,3.901,2.575,8.198,6.692,4.141,2.551,4.091,3.718,0.389,3.329,3.329,0.000,0.000,0.000,
11.11.2025,8:48:24.406,20.391,28.766,18.783,3.629,0.000,250.0,250.0,13.829,3.663,2.550,7.312,6.122,3.794,2.328,3.744,3.727,0.389,3.338,3.329,0.000,0.000,1.125,
11.11.2025,8:48:25.417,19.032,26.909,16.542,3.911,0.000,250.0,250.0,12.248,3.662,2.611,7.246,6.125,3.796,2.329,3.747,3.718,0.389,3.329,3.329,0.000,1.375,0.000,
11.11.2025,8:48:26.408,14.953,27.381,17.233,3.743,0.000,250.0,250.0,12.577,3.623,2.513,7.202,6.027,3.735,2.292,3.698,3.718,0.389,3.329,3.329,0.000,1.000,1.125,
11.11.2025,8:48:27.414,20.391,29.566,19.361,3.751,0.000,250.0,250.0,12.043,3.600,2.477,7.147,5.975,3.708,2.267,3.659,3.718,0.389,3.329,3.329,0.000,0.000,0.000,
11.11.2025,8:48:28.417,16.313,28.851,18.865,3.648,0.000,250.0,250.0,12.502,5.726,3.102,14.650,11.000,6.816,4.184,6.742,3.718,0.389,3.329,3.329,0.000,0.000,0.000,
11.11.2025,8:48:29.410,19.032,29.219,18.944,3.859,0.000,250.0,250.0,16.895,3.785,2.513,7.816,6.410,3.981,2.429,3.932,3.718,0.389,3.329,3.329,0.001,1.500,0.000,
11.11.2025,8:48:30.409,23.110,29.703,19.164,4.038,0.000,250.0,250.0,10.647,4.919,2.771,11.841,9.061,5.614,3.447,5.553,3.787,0.406,3.381,3.329,0.000,2.250,0.000,
11.11.2025,8:48:31.407,19.032,29.775,19.822,3.657,0.000,250.0,250.0,12.893,4.293,2.599,9.680,7.611,4.717,2.894,4.668,3.718,0.389,3.329,3.329,0.000,0.500,0.000,
11.11.2025,8:48:32.404,20.391,28.826,18.466,3.902,0.000,250.0,250.0,14.251,3.752,2.783,7.411,6.325,3.921,2.404,3.884,3.727,0.389,3.338,3.338,0.000,1.000,0.000,
11.11.2025,8:48:33.402,17.672,28.184,18.017,3.720,0.000,250.0,250.0,13.515,4.208,2.930,9.024,7.409,4.590,2.819,4.541,3.718,0.389,3.329,3.329,0.000,1.500,0.000,
11.11.2025,8:48:34.409,17.672,29.051,19.015,3.716,0.000,250.0,250.0,14.413,3.569,2.624,6.878,5.906,3.662,2.244,3.613,3.718,0.389,3.329,3.329,0.000,0.375,0.000,
11.11.2025,8:48:35.409,17.672,27.976,17.664,3.808,0.000,250.0,250.0,10.347,3.894,2.477,8.281,6.667,4.133,2.534,4.084,3.718,0.389,3.329,3.329,0.000,1.875,0.000,
Date,Time,"VR VCC 전류 (SVID IOUT) [A]","CPU 패키지 전력 소비 [W]","IA 코어 전력 소비 [W]","시스템 에이전트 전력 소비 [W]","나머지 칩 전력 소비 [W]","PL1 전력 제한 (Static) [W]","PL2 전력 제한 (Static) [W]","GPU 전력 소비 [W]","GPU 라인 전력 소비 (avg) [W]","GPU PCIe +12V 입력 전력 소비 [W]","GPU 12VHPWR 전력 소비 [W]","GPU Unknown Rail (D6) 전력 소비 (sum) [W]","GPU Core (NVVDD) 입력 전력 소비 (sum) [W]","GPU Unknown Rail (D4) 전력 소비 (sum) [W]","GPU Misc0 입력 전력 소비 (sum) [W]","GPU Unknown Rail (D) 전력 소비 (sum) [W]","GPU Unknown Rail (10) 전력 소비 [W]","GPU Core (NVVDD) 출력 전력 소비 [W]","GPU Core (NVVDD) 출력 전력 소비 [W]","PCH 전력 소비 [W]","총 전력 소비 [W]","총 전력 소비 [W]",
,,CPU [#0]: Intel Core Ultra 7 265KF: Enhanced,CPU [#0]: Intel Core Ultra 7 265KF: Enhanced,CPU [#0]: Intel Core Ultra 7 265KF: Enhanced,CPU [#0]: Intel Core Ultra 7 265KF: Enhanced,CPU [#0]: Intel Core Ultra 7 265KF: Enhanced,CPU [#0]: Intel Core Ultra 7 265KF: Enhanced,CPU [#0]: Intel Core Ultra 7 265KF: Enhanced,GPU [#1]: NVIDIA GeForce RTX 5090: GIGABYTE GeForce RTX 5090 GAMING OC 32G (GV-N5090GAMING OC-32GD),GPU [#1]: NVIDIA GeForce RTX 5090: GIGABYTE GeForce RTX 5090 GAMING OC 32G (GV-N5090GAMING OC-32GD),GPU [#1]: NVIDIA GeForce RTX 5090: GIGABYTE GeForce RTX 5090 GAMING OC 32G (GV-N5090GAMING OC-32GD),GPU [#1]: NVIDIA GeForce RTX 5090: GIGABYTE GeForce RTX 5090 GAMING OC 32G (GV-N5090GAMING OC-32GD),GPU [#1]: NVIDIA GeForce RTX 5090: GIGABYTE GeForce RTX 5090 GAMING OC 32G (GV-N5090GAMING OC-32GD),GPU [#1]: NVIDIA GeForce RTX 5090: GIGABYTE GeForce RTX 5090 GAMING OC 32G (GV-N5090GAMING OC-32GD),GPU [#1]: NVIDIA GeForce RTX 5090: GIGABYTE GeForce RTX 5090 GAMING OC 32G (GV-N5090GAMING OC-32GD),GPU [#1]: NVIDIA GeForce RTX 5090: GIGABYTE GeForce RTX 5090 GAMING OC 32G (GV-N5090GAMING OC-32GD),GPU [#1]: NVIDIA GeForce RTX 5090: GIGABYTE GeForce RTX 5090 GAMING OC 32G (GV-N5090GAMING OC-32GD),GPU [#1]: NVIDIA GeForce RTX 5090: GIGABYTE GeForce RTX 5090 GAMING OC 32G (GV-N5090GAMING OC-32GD),GPU [#1]: NVIDIA GeForce RTX 5090: GIGABYTE GeForce RTX 5090 GAMING OC 32G (GV-N5090GAMING OC-32GD),GPU [#1]: NVIDIA GeForce RTX 5090: GIGABYTE GeForce RTX 5090 GAMING OC 32G (GV-N5090GAMING OC-32GD),CPU [#0]: Intel Core Ultra 7 265KF: Enhanced,DDR5 DIMM [#1]: Micron CP32G64C40U5B.M8B1 (BANK 1/DIMMB2),DDR5 DIMM [#3]: Micron CP32G64C40U5B.M8B1 (BANK 0/DIMMA2),
