Date,Time,"VR VCC 전류 (SVID IOUT) [A]","CPU 패키지 전력 소비 [W]","IA 코어 전력 소비 [W]","시스템 에이전트 전력 소비 [W]","나머지 칩 전력 소비 [W]","PL1 전력 제한 (Static) [W]","PL2 전력 제한 (Static) [W]","GPU 전력 소비 [W]","GPU 라인 전력 소비 (avg) [W]","GPU PCIe +12V 입력 전력 소비 [W]","GPU 12VHPWR 전력 소비 [W]","GPU Unknown Rail (D6) 전력 소비 (sum) [W]","GPU Core (NVVDD) 입력 전력 소비 (sum) [W]","GPU Unknown Rail (D4) 전력 소비 (sum) [W]","GPU Misc0 입력 전력 소비 (sum) [W]","GPU Unknown Rail (D) 전력 소비 (sum) [W]","GPU Unknown Rail (10) 전력 소비 [W]","GPU Core (NVVDD) 출력 전력 소비 [W]","GPU Core (NVVDD) 출력 전력 소비 [W]","PCH 전력 소비 [W]","총 전력 소비 [W]","총 전력 소비 [W]",
11.11.2025,10:55:17.201,8.156,15.183,6.387,2.963,0.000,250.0,250.0,13.998,3.668,2.501,7.308,6.088,3.771,2.317,3.734,3.786,0.397,3.389,3.389,0.000,0.000,0.000,
11.11.2025,10:55:18.203,13.594,22.928,15.444,3.043,0.000,250.0,250.0,30.598,19.250,8.805,57.956,41.415,25.684,15.731,25.365,6.022,0.535,5.487,5.497,0.000,0.000,0.000,
11.11.2025,10:55:19.209,23.110,30.863,23.208,3.198,0.000,250.0,250.0,66.074,19.783,8.831,59.831,42.587,26.411,16.176,26.092,6.188,0.666,5.522,5.527,0.000,0.000,0.000,
11.11.2025,10:55:20.203,16.313,25.185,16.521,3.939,0.000,250.0,250.0,66.281,19.021,8.882,56.964,40.842,25.318,15.524,25.011,6.065,0.538,5.527,5.538,0.000,0.875,0.875,
11.11.2025,10:55:21.203,16.313,25.185,16.521,3.939,0.000,250.0,250.0,66.440,18.956,8.870,56.721,40.692,25.225,15.467,24.918,6.065,0.538,5.527,5.538,0.000,0.000,0.500,
11.11.2025,10:55:22.199,20.391,26.294,17.070,3.622,0.000,250.0,250.0,45.890,9.813,4.266,28.952,20.597,12.769,7.828,12.621,3.835,0.395,3.440,3.431,0.002,1.125,0.000,
11.11.2025,10:55:23.200,25.829,26.838,16.502,3.600,0.000,250.0,250.0,30.937,19.010,8.845,56.983,40.834,25.320,15.514,25.014,6.032,0.535,5.497,5.527,0.000,1.250,1.750,
11.11.2025,10:55:24.199,17.672,26.867,18.292,3.914,0.000,250.0,250.0,66.891,19.000,8.833,56.919,40.783,25.295,15.488,24.988,6.079,0.541,5.538,5.538,0.000,0.500,0.000,
11.11.2025,10:55:25.213,23.110,26.867,18.292,3.914,0.000,250.0,250.0,66.834,19.252,8.821,57.855,41.362,25.640,15.722,25.333,6.110,0.542,5.568,5.568,0.000,2.000,1.125,
11.11.2025,10:55:26.212,16.313,28.235,18.680,3.777,0.000,250.0,250.0,48.181,9.840,4.315,28.978,20.659,12.806,7.853,12.646,3.847,0.399,3.448,3.448,0.003,0.000,0.000,
11.11.2025,10:55:27.207,19.032,27.199,16.647,3.735,0.000,250.0,250.0,22.291,6.137,3.114,16.077,11.892,7.379,4.513,7.293,3.838,0.407,3.431,3.431,0.000,0.000,1.125,
11.11.2025,10:55:28.202,13.594,28.130,17.920,3.802,0.000,250.0,250.0,13.252,4.035,2.734,8.430,6.923,4.299,2.624,4.250,3.830,0.399,3.431,3.431,0.000,0.375,0.000,
11.11.2025,10:55:29.200,19.032,29.179,19.009,3.801,0.000,250.0,250.0,13.288,4.128,2.820,8.701,7.140,4.432,2.708,4.383,3.830,0.399,3.431,3.431,0.000,0.000,0.125,
11.11.2025,10:55:30.199,17.672,29.213,19.207,3.627,0.000,250.0,250.0,15.583,3.915,2.710,8.010,6.648,4.124,2.524,4.075,3.820,0.398,3.422,3.422,0.000,0.500,1.625,
11.11.2025,10:55:31.209,14.953,26.975,16.609,3.896,0.000,250.0,250.0,13.449,4.817,2.808,11.339,8.775,5.440,3.335,5.378,3.830,0.399,3.431,3.431,0.000,0.375,0.125,
11.11.2025,10:55:32.208,16.313,28.077,17.943,3.772,0.000,250.0,250.0,15.069,8.225,3.776,23.386,16.841,10.449,6.392,10.326,3.822,0.400,3.422,3.431,0.000,0.500,0.000,
11.11.2025,10:55:33.208,14.953,28.271,18.128,3.724,0.000,250.0,250.0,19.627,3.753,2.501,7.584,6.257,3.880,2.377,3.843,3.830,0.399,3.431,3.422,0.000,2.000,0.500,
11.11.2025,10:55:34.205,16.313,27.239,17.116,3.755,0.000,250.0,250.0,15.876,5.092,2.820,12.398,9.429,5.852,3.577,5.778,3.819,0.397,3.422,3.431,0.000,0.750,0.000,
11.11.2025,10:55:35.204,14.953,27.955,17.890,3.713,0.000,250.0,250.0,14.596,3.857,2.734,7.762,6.509,4.036,2.473,3.986,3.830,0.399,3.431,3.414,0.000,0.000,0.500,
11.11.2025,10:55:36.199,19.032,26.637,16.400,3.829,0.001,250.0,250.0,12.917,3.901,2.661,8.000,6.610,4.099,2.511,4.050,3.830,0.399,3.431,3.422,0.000,0.000,1.125,
11.11.2025,10:55:37.213,13.594,28.327,18.161,3.802,0.000,250.0,250.0,14.143,3.860,2.636,7.863,6.522,4.044,2.478,3.994,3.821,0.399,3.422,3.422,0.000,0.000,0.000,
11.11.2025,10:55:38.210,19.032,29.849,19.778,3.724,0.000,250.0,250.0,15.823,7.046,3.654,19.019,14.058,8.720,5.338,8.610,3.821,0.399,3.422,3.422,0.000,2.125,0.000,
11.11.2025,10:55:39.209,17.672,28.883,18.878,3.649,0.000,250.0,250.0,23.696,8.095,3.862,22.774,16.511,10.246,6.265,10.123,3.871,0.439,3.432,3.431,0.001,1.125,0.000,
11.11.2025,10:55:40.205,28.547,27.627,17.633,3.659,0.000,250.0,250.0,15.954,5.351,2.856,13.315,10.024,6.211,3.813,6.137,3.860,0.427,3.433,3.431,0.000,1.000,0.000,
11.11.2025,10:55:41.204,35.344,29.349,19.278,3.694,0.000,250.0,250.0,22.053,6.831,3.481,18.364,13.540,8.392,5.148,8.294,3.830,0.399,3.431,3.431,0.000,0.000,0.000,
11.11.2025,10:55:42.200,27.188,28.664,18.741,3.612,0.000,250.0,250.0,19.487,3.840,2.562,7.863,6.469,4.017,2.452,3.968,3.821,0.399,3.422,3.422,0.000,0.250,0.500,
11.11.2025,10:55:43.201,20.391,27.190,17.072,3.755,0.000,250.0,250.0,12.394,3.822,2.599,7.761,6.430,3.991,2.439,3.941,3.819,0.397,3.422,3.422,0.000,0.000,1.000,
11.11.2025,10:55:44.199,17.672,28.241,18.053,3.761,0.000,250.0,250.0,12.980,3.775,2.526,7.651,6.319,3.917,2.402,3.867,3.821,0.399,3.422,3.422,0.000,1.000,0.000,
11.11.2025,10:55:45.199,14.953,27.760,17.542,3.814,0.000,250.0,250.0,11.137,4.390,2.501,10.025,7.774,4.817,2.957,4.756,3.821,0.399,3.422,3.422,0.000,0.000,0.000,
11.11.2025,10:55:46.212,21.750,28.831,18.748,3.723,0.000,250.0,250.0,19.244,7.233,3.567,19.790,14.473,8.981,5.492,8.871,3.861,0.428,3.433,3.431,0.000,0.000,0.000,
11.11.2025,10:55:47.199,17.672,27.655,17.599,3.681,0.000,250.0,250.0,15.444,3.955,2.526,8.337,6.736,4.175,2.561,4.126,3.830,0.399,3.431,3.431,0.000,1.000,0.000,
11.11.2025,10:55:48.202,21.750,26.309,16.150,3.786,0.000,250.0,250.0,11.555,3.875,2.477,8.084,6.555,4.066,2.489,4.016,3.819,0.397,3.422,3.422,0.000,0.000,0.000,
11.11.2025,10:55:49.214,21.750,28.617,18.293,3.843,0.000,250.0,250.0,12.197,4.294,2.538,9.591,7.531,4.672,2.859,4.610,3.858,0.433,3.425,3.422,0.000,0.750,1.125,
11.11.2025,10:55:50.213,24.469,29.385,19.215,3.798,0.000,250.0,250.0,14.393,3.902,2.587,8.074,6.618,4.104,2.514,4.054,3.821,0.399,3.422,3.422,0.000,0.750,1.125,
11.11.2025,10:55:51.211,19.032,27.676,17.363,3.875,0.000,250.0,250.0,12.331,6.473,3.286,17.160,12.670,7.860,4.810,7.762,3.876,0.412,3.464,3.431,0.000,0.125,0.000,
11.11.2025,10:55:52.209,10.875,27.644,17.658,3.639,0.000,250.0,250.0,16.316,5.010,2.869,12.042,9.234,5.725,3.509,5.664,3.819,0.397,3.422,3.422,0.000,0.000,0.500,
11.11.2025,10:55:53.204,19.032,27.279,16.978,3.856,0.000,250.0,250.0,12.315,4.006,2.612,8.458,6.860,4.261,2.599,4.212,3.819,0.397,3.422,3.422,0.000,1.000,1.125,
11.11.2025,10:55:54.202,19.032,28.328,18.137,3.814,0.000,250.0,250.0,12.263,4.645,2.710,10.749,8.354,5.175,3.179,5.114,3.877,0.413,3.464,3.414,0.000,0.000,0.000,
11.11.2025,10:55:55.204,20.391,29.506,19.436,3.707,0.000,250.0,250.0,12.265,3.960,2.538,8.352,6.751,4.188,2.563,4.139,3.821,0.399,3.422,3.422,0.000,2.000,0.500,
11.11.2025,10:55:56.199,13.594,27.758,17.509,3.804,0.000,250.0,250.0,13.779,6.982,3.470,18.925,13.885,8.609,5.276,8.499,3.860,0.427,3.433,3.431,0.000,0.375,0.000,
11.11.2025,10:55:57.213,20.391,27.493,17.543,3.604,0.000,250.0,250.0,18.176,8.202,3.923,23.150,16.781,10.413,6.368,10.290,3.833,0.402,3.431,3.431,0.000,0.000,0.000,
11.11.2025,10:55:58.210,20.391,32.028,21.891,3.732,0.000,250.0,250.0,22.585,5.534,3.004,13.885,10.473,6.498,3.975,6.411,3.830,0.399,3.431,3.431,0.000,0.750,1.125,
11.11.2025,10:55:59.206,21.750,28.321,18.406,3.615,0.000,250.0,250.0,17.247,4.247,2.796,9.197,7.438,4.618,2.820,4.557,3.811,0.397,3.414,3.422,0.000,0.750,0.000,
11.11.2025,10:56:0.205,21.750,29.098,18.698,3.922,0.000,250.0,250.0,11.614,4.144,2.660,8.926,7.197,4.461,2.736,4.399,3.819,0.397,3.422,3.422,0.000,1.125,0.000,
11.11.2025,10:56:1.208,14.953,28.178,18.347,3.542,0.000,250.0,250.0,13.282,3.923,2.636,8.107,6.672,4.131,2.541,4.082,3.819,0.397,3.422,3.422,0.000,0.375,1.125,
11.11.2025,10:56:2.207,23.110,28.178,18.347,3.542,0.000,250.0,250.0,11.469,3.857,2.575,7.928,6.519,4.042,2.477,3.993,3.811,0.397,3.414,3.414,0.000,0.000,0.625,
11.11.2025,10:56:3.205,17.672,26.219,15.555,4.078,0.000,250.0,250.0,11.412,4.308,2.550,9.665,7.584,4.703,2.881,4.641,3.819,0.397,3.422,3.422,0.000,0.000,0.000,
11.11.2025,10:56:4.201,16.313,29.337,19.294,3.684,0.000,250.0,250.0,12.493,3.754,2.526,7.574,6.267,3.891,2.376,3.841,3.821,0.399,3.422,3.422,0.000,2.125,1.125,
11.11.2025,10:56:5.200,20.391,26.640,16.363,3.835,0.000,250.0,250.0,13.291,3.762,2.734,7.406,6.293,3.904,2.389,3.854,3.811,0.397,3.414,3.414,0.000,0.500,0.000,
11.11.2025,10:56:6.201,19.032,29.535,19.475,3.677,0.000,250.0,250.0,11.410,4.307,2.697,9.463,7.546,4.678,2.868,4.616,3.888,0.415,3.473,3.431,0.000,0.000,0.000,
11.11.2025,10:56:7.212,17.672,28.702,18.577,3.772,0.000,250.0,250.0,14.268,3.808,2.501,7.808,6.393,3.966,2.427,3.917,3.821,0.399,3.422,3.422,0.000,0.500,0.500,
11.11.2025,10:56:8.208,13.594,28.460,18.335,3.734,0.000,250.0,250.0,11.715,4.077,2.587,8.756,7.029,4.358,2.671,4.309,3.819,0.397,3.422,3.422,0.000,0.000,0.000,
11.11.2025,10:56:9.206,16.313,28.177,17.981,3.756,0.000,250.0,250.0,11.201,3.854,2.464,8.012,6.510,4.032,2.478,3.983,3.819,0.397,3.422,3.422,0.000,2.125,1.250,
11.11.2025,10:56:10.206,24.469,28.177,17.981,3.756,0.000,250.0,250.0,11.145,3.830,2.513,7.888,6.451,4.001,2.450,3.952,3.811,0.397,3.414,3.422,0.000,1.000,0.125,
11.11.2025,10:56:11.208,17.672,26.253,16.242,3.707,0.000,250.0,250.0,15.482,6.835,3.310,18.534,13.537,8.398,5.139,8.299,3.849,0.426,3.423,3.431,0.000,0.000,0.000,
11.11.2025,10:56:12.205,20.391,29.176,18.943,3.794,0.000,250.0,250.0,17.491,6.835,3.310,16.517,12.298,7.625,4.673,7.527,3.830,0.399,3.431,3.431,0.000,0.750,0.000,
11.11.2025,10:56:13.199,16.313,32.340,21.886,4.007,0.000,250.0,250.0,17.491,6.304,3.310,16.517,12.298,7.625,4.673,7.527,3.830,0.399,3.431,3.431,0.000,0.750,1.125,
11.11.2025,10:56:14.215,19.032,32.340,21.886,4.007,0.000,250.0,250.0,19.545,4.003,2.857,8.204,6.853,4.257,2.596,4.208,3.821,0.399,3.422,3.414,0.000,0.375,0.125,
11.11.2025,10:56:15.210,16.313,29.270,19.308,3.645,0.000,250.0,250.0,13.083,7.631,3.776,21.112,15.438,9.575,5.863,9.452,3.830,0.399,3.431,3.431,0.000,1.000,0.500,
11.11.2025,10:56:16.213,23.110,31.033,20.965,3.703,0.000,250.0,250.0,17.614,4.859,2.808,11.440,8.832,5.474,3.358,5.412,3.920,0.444,3.476,3.431,0.000,0.000,0.000,
11.11.2025,10:56:17.210,8.156,29.863,19.813,3.647,0.000,250.0,250.0,14.906,7.623,3.592,21.268,15.416,9.564,5.852,9.441,3.833,0.402,3.431,3.431,0.000,0.000,0.000,
11.11.2025,10:56:18.209,17.672,27.395,17.505,3.580,0.000,250.0,250.0,20.425,4.029,2.587,8.551,6.911,4.287,2.624,4.238,3.830,0.399,3.431,3.431,0.000,0.000,1.125,
11.11.2025,10:56:19.209,19.032,27.185,16.587,4.059,0.000,250.0,250.0,15.313,3.894,2.562,8.081,6.601,4.101,2.500,4.052,3.811,0.397,3.414,3.422,0.001,0.875,0.500,
11.11.2025,10:56:20.207,19.032,30.346,20.160,3.783,0.000,250.0,250.0,10.908,4.357,2.648,9.760,7.694,4.776,2.918,4.715,3.819,0.397,3.422,3.422,0.000,0.000,0.750,
11.11.2025,10:56:21.203,14.953,29.200,19.114,3.697,0.000,250.0,250.0,16.819,7.814,3.616,21.942,15.844,9.821,6.023,9.710,3.874,0.441,3.433,3.431,0.000,0.000,1.125,
11.11.2025,10:56:22.202,24.469,28.839,18.694,3.729,0.000,250.0,250.0,20.527,5.969,3.016,15.477,11.461,7.108,4.353,7.021,3.914,0.446,3.468,3.422,0.000,0.000,2.000,
11.11.2025,10:56:23.205,21.750,29.031,18.971,3.706,0.000,250.0,250.0,14.148,9.199,4.168,26.705,19.147,11.871,7.276,11.736,3.826,0.395,3.431,3.431,0.000,0.000,2.250,
11.11.2025,10:56:24.207,19.032,27.093,16.953,3.728,0.000,250.0,250.0,16.655,6.822,3.322,18.418,13.476,8.349,5.127,8.250,3.921,0.446,3.475,3.431,0.000,0.000,0.000,
11.11.2025,10:56:25.205,23.110,28.504,18.410,3.692,0.000,250.0,250.0,14.813,4.704,2.624,11.107,8.510,5.283,3.227,5.221,3.821,0.399,3.422,3.422,0.000,0.000,0.000,
11.11.2025,10:56:26.204,31.266,30.393,20.414,3.660,0.000,250.0,250.0,15.692,6.998,3.285,19.082,13.858,8.595,5.263,8.496,3.984,0.464,3.520,3.431,0.000,0.750,0.000,
11.11.2025,10:56:27.202,24.469,28.018,17.826,3.775,0.000,250.0,250.0,18.793,7.238,3.334,19.990,14.455,8.961,5.494,8.850,3.931,0.455,3.476,3.431,0.000,0.000,0.000,
11.11.2025,10:56:28.199,19.032,29.333,19.023,3.877,0.001,250.0,250.0,15.603,4.222,2.685,9.208,7.373,4.567,2.806,4.518,3.821,0.399,3.422,3.422,0.000,1.250,0.375,
11.11.2025,10:56:29.213,19.032,27.269,17.054,3.802,0.000,250.0,250.0,11.689,6.046,3.224,15.595,11.674,7.233,4.441,7.147,3.854,0.420,3.434,3.440,0.000,0.000,0.000,
11.11.2025,10:56:30.211,19.032,27.519,17.225,3.859,0.000,250.0,250.0,14.068,3.781,2.538,7.669,6.332,3.930,2.402,3.881,3.819,0.397,3.422,3.422,0.000,1.000,1.250,
11.11.2025,10:56:31.209,32.625,27.949,17.799,3.798,0.000,250.0,250.0,12.073,3.787,2.415,7.811,6.342,3.941,2.401,3.891,3.821,0.399,3.422,3.422,0.000,0.375,0.000,
11.11.2025,10:56:32.207,23.110,28.185,17.996,3.780,0.000,250.0,250.0,11.258,7.017,3.359,19.196,13.984,8.671,5.313,8.572,3.821,0.399,3.422,3.431,0.000,2.000,0.000,
11.11.2025,10:56:33.200,14.953,28.744,18.671,3.715,0.000,250.0,250.0,17.820,4.039,2.501,8.682,6.945,4.310,2.635,4.249,3.821,0.399,3.422,3.422,0.000,0.000,2.250,
11.11.2025,10:56:34.212,23.110,31.701,21.623,3.696,0.000,250.0,250.0,14.319,6.642,3.322,17.799,13.096,8.116,4.980,8.018,3.830,0.399,3.431,3.431,0.000,0.000,1.125,
11.11.2025,10:56:35.206,21.750,27.546,17.501,3.718,0.000,250.0,250.0,16.476,4.219,2.673,9.194,7.365,4.569,2.796,4.507,3.830,0.399,3.431,3.431,0.000,0.000,0.000,
11.11.2025,10:56:36.203,14.953,30.218,19.927,3.835,0.000,250.0,250.0,19.001,4.962,3.004,11.705,9.118,5.661,3.457,5.587,3.830,0.399,3.431,3.431,0.000,1.375,0.000,
11.11.2025,10:56:37.203,14.953,30.218,19.927,3.835,0.000,250.0,250.0,12.295,3.793,2.783,7.454,6.353,3.940,2.413,3.891,3.830,0.399,3.431,3.431,0.000,1.375,0.000,
11.11.2025,10:56:38.199,21.750,27.792,17.559,3.835,0.000,250.0,250.0,11.222,4.115,2.746,8.737,7.126,4.418,2.708,4.357,3.819,0.397,3.422,3.422,0.000,0.000,1.250,
11.11.2025,10:56:39.199,33.985,29.172,18.977,3.798,0.000,250.0,250.0,12.873,4.095,2.636,8.756,7.067,4.383,2.684,4.334,3.830,0.399,3.431,3.431,0.000,0.000,0.000,
11.11.2025,10:56:40.199,19.032,27.827,17.681,3.757,0.000,250.0,250.0,12.374,4.178,2.562,9.139,7.256,4.496,2.760,4.447,3.839,0.399,3.440,3.440,0.000,0.000,0.000,
11.11.2025,10:56:41.210,19.032,27.827,17.681,3.757,0.000,250.0,250.0,11.510,4.171,2.538,9.153,7.252,4.494,2.758,4.445,3.821,0.399,3.422,3.422,0.000,0.000,0.000,
11.11.2025,10:56:42.209,19.032,28.698,18.421,3.839,0.000,250.0,250.0,17.214,5.558,2.967,14.026,10.524,6.528,3.996,6.455,3.826,0.395,3.431,3.431,0.000,1.250,0.000,
11.11.2025,10:56:43.211,17.672,28.813,18.821,3.673,0.000,250.0,250.0,18.754,3.922,2.575,8.156,6.663,4.126,2.537,4.076,3.830,0.399,3.431,3.431,0.000,0.000,0.000,
11.11.2025,10:56:44.211,17.672,29.120,18.799,3.851,0.000,250.0,250.0,13.146,3.948,2.526,8.314,6.725,4.175,2.550,4.126,3.821,0.399,3.422,3.422,0.000,0.000,0.000,
11.11.2025,10:56:45.207,27.188,28.355,18.198,3.813,0.000,250.0,250.0,11.352,4.214,2.673,9.175,7.348,4.554,2.794,4.505,3.830,0.399,3.431,3.431,0.000,0.000,0.875,
11.11.2025,10:56:46.207,27.188,27.691,17.420,3.831,0.000,250.0,250.0,11.695,4.479,2.599,10.256,7.974,4.942,3.032,4.893,3.830,0.399,3.431,3.431,0.000,0.000,0.000,
11.11.2025,10:56:47.201,39.422,30.120,19.931,3.811,0.000,250.0,250.0,16.317,3.826,2.587,7.779,6.434,3.993,2.441,3.944,3.830,0.399,3.431,3.422,0.000,1.375,0.500,
11.11.2025,10:56:48.200,31.266,29.392,19.225,3.788,0.000,250.0,250.0,14.356,3.735,2.477,7.540,6.215,3.860,2.355,3.810,3.830,0.399,3.431,3.431,0.000,0.375,1.125,
11.11.2025,10:56:49.211,21.750,27.338,17.220,3.728,0.000,250.0,250.0,14.943,3.689,2.550,7.304,6.116,3.798,2.318,3.748,3.819,0.397,3.422,3.422,0.000,2.125,1.625,
11.11.2025,10:56:50.210,21.750,27.526,17.234,3.914,0.000,250.0,250.0,12.595,8.266,3.862,23.449,16.938,10.497,6.441,10.375,3.833,0.402,3.431,3.431,0.000,0.875,1.250,
11.11.2025,10:56:51.208,19.032,29.514,19.335,3.779,0.000,250.0,250.0,16.059,3.768,2.612,7.534,6.301,3.909,2.392,3.859,3.821,0.399,3.422,3.431,0.000,0.750,0.000,
11.11.2025,10:56:52.207,19.032,28.046,17.922,3.761,0.000,250.0,250.0,13.142,5.142,2.967,12.434,9.550,5.919,3.631,5.845,3.824,0.402,3.422,3.422,0.000,0.000,0.000,
11.11.2025,10:56:53.200,20.391,28.351,18.240,3.757,0.000,250.0,250.0,15.532,3.877,2.477,8.091,6.554,4.065,2.489,4.016,3.830,0.399,3.431,3.422,0.001,0.875,0.000,
11.11.2025,10:56:54.199,16.313,27.229,16.853,3.941,0.000,250.0,250.0,11.141,6.743,3.236,18.279,13.336,8.272,5.064,8.174,3.821,0.399,3.422,3.422,0.000,0.000,0.000,
11.11.2025,10:56:55.214,17.672,27.318,16.957,3.938,0.000,250.0,250.0,13.061,4.524,2.489,10.557,8.087,5.022,3.065,4.961,3.819,0.397,3.422,3.422,0.000,0.000,2.375,
11.11.2025,10:56:56.209,17.672,30.487,20.166,3.882,0.000,250.0,250.0,15.474,6.416,3.298,16.955,12.548,7.779,4.769,7.693,3.839,0.399,3.440,3.440,0.000,1.000,0.000,
11.11.2025,10:56:57.207,19.032,29.120,18.955,3.796,0.000,250.0,250.0,20.071,4.357,2.672,9.720,7.684,4.766,2.918,4.717,3.829,0.398,3.431,3.431,0.000,0.000,0.000,
11.11.2025,10:56:58.207,23.110,29.120,18.955,3.796,0.000,250.0,250.0,19.358,4.364,2.709,9.713,7.700,4.772,2.928,4.723,3.830,0.399,3.431,3.431,0.000,0.000,0.000,
11.11.2025,10:56:59.204,16.313,27.153,17.097,3.750,0.000,250.0,250.0,17.557,4.309,2.722,9.488,7.572,4.691,2.881,4.642,3.830,0.399,3.431,3.431,0.001,0.000,0.000,
11.11.2025,10:57:0.202,16.313,27.997,17.810,3.811,0.000,250.0,250.0,14.022,3.930,2.624,8.149,6.689,4.139,2.550,4.089,3.821,0.399,3.422,3.422,0.000,0.625,0.000,
11.11.2025,10:57:1.206,12.235,30.051,20.032,3.687,0.000,250.0,250.0,13.235,7.230,3.518,19.832,14.476,8.978,5.498,8.867,3.851,0.419,3.432,3.431,0.000,1.000,0.000,
11.11.2025,10:57:2.204,20.391,29.365,19.027,3.860,0.000,250.0,250.0,13.236,3.858,2.477,8.016,6.511,4.045,2.466,3.995,3.821,0.399,3.422,3.431,0.000,0.500,0.000,
11.11.2025,10:57:3.206,19.032,27.241,17.206,3.706,0.001,250.0,250.0,10.975,3.660,2.513,7.224,6.052,3.747,2.305,3.698,3.821,0.399,3.422,3.422,0.000,0.875,2.250,
11.11.2025,10:57:4.205,23.110,27.907,17.601,3.849,0.000,250.0,250.0,12.555,8.643,4.046,24.703,17.826,11.052,6.774,10.929,3.835,0.395,3.440,3.431,0.000,0.000,0.000,
11.11.2025,10:57:5.207,14.953,27.373,17.237,3.769,0.000,250.0,250.0,17.585,3.669,2.526,7.245,6.062,3.758,2.304,3.708,3.830,0.399,3.431,3.422,0.000,0.000,0.000,
11.11.2025,10:57:6.206,16.313,27.728,17.781,3.613,0.000,250.0,250.0,11.314,3.660,2.514,7.230,6.048,3.745,2.303,3.696,3.821,0.399,3.422,3.422,0.000,0.000,1.125,
11.11.2025,10:57:7.205,14.953,29.154,18.866,3.866,0.000,250.0,250.0,14.419,3.702,2.563,7.326,6.141,3.810,2.331,3.761,3.830,0.399,3.431,3.431,0.000,0.750,0.000,
11.11.2025,10:57:8.204,13.594,28.015,18.076,3.647,0.000,250.0,250.0,10.598,3.735,2.685,7.341,6.226,3.859,2.367,3.810,3.819,0.397,3.422,3.422,0.000,2.125,0.000,
11.11.2025,10:57:9.201,20.391,27.592,17.268,3.863,0.000,250.0,250.0,11.093,3.878,2.636,7.933,6.551,4.064,2.487,4.015,3.830,0.399,3.431,3.431,0.000,0.000,0.125,
11.11.2025,10:57:10.204,16.313,28.926,18.587,3.877,0.000,250.0,250.0,15.465,4.123,2.550,8.949,7.133,4.423,2.710,4.373,3.830,0.399,3.431,3.431,0.000,2.000,0.000,
11.11.2025,10:57:11.203,19.032,28.896,18.791,3.749,0.000,250.0,250.0,12.100,3.779,2.526,7.673,6.320,3.918,2.402,3.881,3.821,0.399,3.422,3.422,0.000,0.750,0.000,
11.11.2025,10:57:12.202,28.547,27.020,16.946,3.733,0.000,250.0,250.0,11.433,3.856,2.501,7.976,6.507,4.030,2.477,3.981,3.830,0.399,3.431,3.422,0.000,0.625,0.500,
11.11.2025,10:57:13.213,10.875,29.670,19.356,3.842,0.001,250.0,250.0,11.568,8.657,3.923,24.883,17.863,11.077,6.786,10.942,3.833,0.402,3.431,3.431,0.000,0.000,1.125,
11.11.2025,10:57:14.209,20.391,27.429,17.350,3.753,0.000,250.0,250.0,17.469,6.842,3.383,18.508,13.561,8.414,5.147,8.316,3.830,0.399,3.431,3.431,0.000,0.000,0.000,
11.11.2025,10:57:15.205,23.110,28.755,18.334,3.930,0.000,250.0,250.0,19.733,3.858,2.489,7.992,6.506,4.041,2.465,3.992,3.830,0.399,3.431,3.431,0.000,0.125,0.500,
11.11.2025,10:57:16.201,20.391,32.924,22.477,4.021,0.000,250.0,250.0,15.168,6.768,3.310,18.290,13.396,8.308,5.088,8.197,3.830,0.399,3.431,3.431,0.000,1.000,0.000,
11.11.2025,10:57:17.203,20.391,28.543,18.372,3.775,0.000,250.0,250.0,14.930,3.852,2.575,7.901,6.502,4.027,2.475,3.977,3.821,0.399,3.422,3.422,0.000,1.375,0.000,
11.11.2025,10:57:18.199,16.313,28.145,18.270,3.560,0.000,250.0,250.0,11.219,3.846,2.440,8.000,6.482,4.017,2.465,3.968,3.830,0.399,3.431,3.431,0.000,0.000,1.625,
11.11.2025,10:57:19.212,16.313,27.265,16.817,3.978,0.001,250.0,250.0,11.415,7.093,3.482,19.367,14.170,8.783,5.387,8.672,3.821,0.399,3.422,3.422,0.000,0.000,0.000,
11.11.2025,10:57:20.208,13.594,27.687,17.379,3.872,0.000,250.0,250.0,19.486,8.853,4.058,25.497,18.323,11.368,6.955,11.233,3.833,0.402,3.431,3.431,0.000,0.500,0.000,
11.11.2025,10:57:21.206,14.953,28.447,18.485,3.638,0.000,250.0,250.0,13.649,4.138,2.550,8.955,7.145,4.435,2.710,4.374,3.888,0.415,3.473,3.431,0.000,0.000,0.000,
11.11.2025,10:57:22.201,19.032,31.392,21.136,3.844,0.000,250.0,250.0,14.479,6.639,3.629,17.472,13.091,8.113,4.978,8.014,3.830,0.399,3.431,3.431,0.000,0.000,0.000,
11.11.2025,10:57:23.199,14.953,27.333,17.175,3.796,0.000,250.0,250.0,11.649,4.113,2.710,8.747,7.110,4.411,2.699,4.362,3.830,0.399,3.431,3.431,0.000,1.750,0.000,
11.11.2025,10:57:24.213,21.750,29.120,18.895,3.781,0.000,250.0,250.0,12.555,3.925,2.636,8.109,6.666,4.140,2.526,4.090,3.830,0.399,3.431,3.422,0.000,0.000,2.250,
11.11.2025,10:57:25.209,20.391,27.576,17.219,3.940,0.000,250.0,250.0,15.873,3.978,2.477,8.467,6.789,4.214,2.575,4.164,3.830,0.399,3.431,3.431,0.000,1.250,0.000,
11.11.2025,10:57:26.208,24.469,28.118,17.964,3.752,0.000,250.0,250.0,19.003,4.792,2.795,11.266,8.715,5.404,3.311,5.342,3.830,0.399,3.431,3.431,0.000,0.000,0.000,
11.11.2025,10:57:27.207,17.672,30.137,20.211,3.619,0.000,250.0,250.0,15.442,4.762,2.636,11.310,8.645,5.357,3.288,5.296,3.830,0.399,3.431,3.431,0.000,0.000,0.000,
11.11.2025,10:57:28.210,21.750,29.765,19.616,3.772,0.000,250.0,250.0,13.987,4.372,2.575,9.881,7.725,4.785,2.940,4.724,3.830,0.399,3.431,3.431,0.000,1.875,0.000,
11.11.2025,10:57:29.208,17.672,28.664,18.524,3.804,0.001,250.0,250.0,20.925,6.336,3.090,16.848,12.364,7.664,4.700,7.566,3.842,0.402,3.440,3.448,0.000,0.000,0.000,
11.11.2025,10:57:30.202,14.953,27.945,17.812,3.756,0.000,250.0,250.0,12.471,4.381,2.575,9.886,7.731,4.789,2.942,4.727,3.866,0.432,3.434,3.431,0.000,0.000,0.000,
11.11.2025,10:57:31.219,19.032,26.965,16.815,3.756,0.000,250.0,250.0,11.202,4.318,2.575,9.626,7.577,4.694,2.883,4.633,3.878,0.445,3.433,3.431,0.000,1.125,2.125,
11.11.2025,10:57:32.218,14.953,28.311,18.011,3.892,0.000,250.0,250.0,11.667,5.468,2.869,13.766,10.311,6.398,3.913,6.325,3.833,0.402,3.431,3.431,0.000,0.000,0.000,
11.11.2025,10:57:33.215,13.594,29.432,19.266,3.764,0.000,250.0,250.0,15.430,6.325,3.187,16.724,12.343,7.659,4.684,7.560,3.833,0.402,3.431,3.431,0.000,2.250,1.750,
11.11.2025,10:57:34.225,24.469,29.616,19.611,3.657,0.000,250.0,250.0,19.577,3.972,2.611,8.312,6.778,4.195,2.583,4.146,3.830,0.399,3.431,3.431,0.000,1.000,0.500,
11.11.2025,10:57:35.218,16.313,27.339,17.325,3.680,0.000,250.0,250.0,15.411,3.943,2.611,8.205,6.708,4.160,2.548,4.111,3.830,0.399,3.431,3.431,0.000,0.625,0.500,
11.11.2025,10:57:36.240,16.313,29.316,19.028,3.831,0.000,250.0,250.0,12.739,3.917,2.636,8.081,6.644,4.122,2.522,4.073,3.830,0.399,3.431,3.431,0.000,1.375,0.000,
11.11.2025,10:57:37.235,20.391,27.847,17.734,3.724,0.000,250.0,250.0,14.353,3.907,2.599,8.072,6.629,4.103,2.526,4.053,3.830,0.399,3.431,3.431,0.000,1.000,1.500,
11.11.2025,10:57:38.234,12.235,28.644,18.516,3.754,0.000,250.0,250.0,13.444,3.854,2.526,7.944,6.500,4.026,2.474,3.977,3.830,0.399,3.431,3.431,0.000,2.125,0.000,
11.11.2025,10:57:39.231,16.313,29.679,19.217,3.952,0.000,250.0,250.0,12.129,4.269,2.636,9.411,7.483,4.640,2.843,4.579,3.831,0.400,3.431,3.431,0.000,0.000,0.000,
11.11.2025,10:57:40.246,21.750,27.627,17.410,3.813,0.000,250.0,250.0,13.766,3.812,2.575,7.741,6.394,3.972,2.422,3.923,3.830,0.399,3.431,3.431,0.000,0.000,0.000,
11.11.2025,10:57:41.275,20.391,26.384,16.152,3.823,0.000,250.0,250.0,11.469,3.866,2.587,7.933,6.526,4.051,2.475,4.001,3.830,0.399,3.431,3.422,0.000,0.000,0.000,
11.11.2025,10:57:42.291,24.469,26.424,16.134,3.854,0.000,250.0,250.0,11.346,4.019,2.673,8.429,6.885,4.274,2.611,4.224,3.830,0.399,3.431,3.431,0.000,1.000,0.000,
11.11.2025,10:57:43.282,19.032,29.793,19.740,3.705,0.000,250.0,250.0,14.337,3.857,2.722,7.767,6.499,4.037,2.462,3.988,3.830,0.399,3.431,3.431,0.000,0.000,0.000,
11.11.2025,10:57:44.290,20.391,29.793,19.740,3.705,0.000,250.0,250.0,14.831,6.106,3.359,15.715,11.827,7.327,4.500,7.241,3.830,0.399,3.431,3.431,0.000,0.000,0.000,
11.11.2025,10:57:45.280,16.313,27.466,17.311,3.768,0.000,250.0,250.0,20.707,5.969,3.445,15.087,11.497,7.119,4.378,7.033,3.847,0.399,3.448,3.440,0.000,0.000,0.375,
11.11.2025,10:57:46.293,17.672,29.462,19.425,3.710,0.000,250.0,250.0,21.578,5.966,3.224,15.308,11.494,7.117,4.377,7.031,3.833,0.402,3.431,3.440,0.000,0.000,0.000,
11.11.2025,10:57:47.307,14.953,28.797,18.609,3.780,0.000,250.0,250.0,17.370,8.340,3.726,23.871,17.107,10.610,6.497,10.475,3.833,0.402,3.431,3.448,0.000,0.000,1.125,
11.11.2025,10:57:48.322,17.672,29.131,19.150,3.685,0.000,250.0,250.0,18.504,4.000,2.587,8.440,6.842,4.245,2.597,4.196,3.830,0.399,3.431,3.431,0.000,2.000,1.500,
11.11.2025,10:57:49.319,19.032,27.784,17.689,3.732,0.000,250.0,250.0,15.905,3.902,2.599,8.062,6.621,4.098,2.523,4.049,3.821,0.399,3.422,3.422,0.000,0.375,0.000,
11.11.2025,10:57:50.315,19.032,29.477,19.318,3.754,0.000,250.0,250.0,17.482,3.917,2.550,8.161,6.646,4.123,2.523,4.073,3.830,0.399,3.431,3.431,0.000,0.000,0.500,
11.11.2025,10:57:51.308,19.032,29.231,19.065,3.751,0.000,250.0,250.0,11.861,3.917,2.709,8.174,6.751,4.181,2.570,4.132,3.830,0.399,3.431,3.431,0.000,0.125,0.000,
11.11.2025,10:57:52.310,33.985,26.237,15.857,3.950,0.000,250.0,250.0,12.063,3.961,2.661,8.242,6.765,4.202,2.563,4.153,3.830,0.399,3.431,3.431,0.000,1.625,0.000,
11.11.2025,10:57:53.309,14.953,26.745,16.516,3.843,0.000,250.0,250.0,12.063,3.968,2.661,8.242,6.765,4.202,2.563,4.153,3.830,0.399,3.431,3.431,0.000,0.000,0.500,
11.11.2025,10:57:54.309,17.672,29.736,19.538,3.788,0.001,250.0,250.0,15.729,7.357,3.592,20.249,14.783,9.167,5.616,9.057,3.835,0.395,3.440,3.440,0.000,0.000,0.000,
11.11.2025,10:57:55.308,19.032,29.300,19.072,3.799,0.000,250.0,250.0,17.148,4.265,2.636,9.403,7.472,4.628,2.844,4.579,3.830,0.399,3.431,3.431,0.000,0.000,0.000,
11.11.2025,10:57:56.324,19.032,28.381,18.429,3.645,0.000,250.0,250.0,16.844,6.968,3.482,18.888,13.867,8.598,5.269,8.488,3.830,0.399,3.431,3.431,0.000,0.500,1.625,
11.11.2025,10:57:57.329,25.829,27.849,17.782,3.700,0.001,250.0,250.0,14.349,3.914,2.538,8.153,6.643,4.116,2.527,4.067,3.830,0.399,3.431,3.431,0.000,2.125,0.000,
11.11.2025,10:57:58.332,14.953,28.894,18.589,3.846,0.000,250.0,250.0,11.798,3.871,2.587,7.963,6.541,4.065,2.476,4.015,3.821,0.399,3.422,3.422,0.000,0.000,0.000,
11.11.2025,10:57:59.330,17.672,28.490,18.295,3.826,0.000,250.0,250.0,15.550,3.909,2.611,8.070,6.625,4.113,2.512,4.063,3.830,0.399,3.431,3.431,0.000,0.000,0.000,
11.11.2025,10:58:0.325,19.032,30.702,20.687,3.666,0.001,250.0,250.0,17.659,7.743,3.764,21.509,15.673,9.723,5.950,9.600,3.884,0.442,3.442,3.448,0.000,0.000,0.000,
11.11.2025,10:58:1.340,21.750,28.691,18.715,3.650,0.000,250.0,250.0,18.970,4.332,2.697,9.555,7.600,4.710,2.890,4.649,3.890,0.457,3.433,3.440,0.000,0.500,0.000,
11.11.2025,10:58:2.355,8.156,27.835,17.716,3.758,0.000,250.0,250.0,15.283,7.164,3.433,19.642,14.298,8.864,5.434,8.765,3.881,0.440,3.441,3.448,0.000,0.000,2.375,
11.11.2025,10:58:3.355,16.313,28.718,18.880,3.485,0.000,250.0,250.0,17.304,3.831,2.636,7.749,6.442,4.003,2.439,3.954,3.830,0.399,3.431,3.431,0.000,0.875,0.000,
11.11.2025,10:58:4.356,19.032,26.790,16.120,4.183,0.000,250.0,250.0,11.402,4.308,2.526,9.679,7.576,4.693,2.883,4.632,3.830,0.399,3.431,3.431,0.000,0.000,1.125,
11.11.2025,10:58:5.356,17.672,28.666,18.461,3.764,0.000,250.0,250.0,12.851,4.150,2.673,8.926,7.198,4.462,2.736,4.413,3.830,0.399,3.431,3.431,0.000,0.000,0.000,
11.11.2025,10:58:6.368,17.672,27.835,17.644,3.783,0.000,250.0,250.0,14.083,4.095,2.599,8.739,7.034,4.361,2.673,4.312,3.893,0.419,3.474,3.440,0.000,0.000,0.000,
11.11.2025,10:58:7.365,14.953,29.003,18.850,3.775,0.000,250.0,250.0,13.233,3.854,2.513,7.942,6.491,4.027,2.464,3.978,3.847,0.399,3.448,3.431,0.000,0.375,0.000,
11.11.2025,10:58:8.361,38.063,28.677,18.613,3.695,0.000,250.0,250.0,15.429,4.931,2.930,11.659,9.042,5.610,3.432,5.549,3.830,0.399,3.431,3.431,0.000,0.000,0.625,
11.11.2025,10:58:9.358,19.032,27.102,16.857,3.845,0.000,250.0,250.0,13.109,8.984,4.057,25.960,18.621,11.546,7.075,11.399,3.869,0.428,3.441,3.440,0.000,0.000,0.000,
11.11.2025,10:58:10.357,14.953,27.617,17.603,3.702,0.000,250.0,250.0,20.047,6.697,3.347,17.959,13.214,8.187,5.027,8.089,3.850,0.402,3.448,3.448,0.000,0.000,1.750,
11.11.2025,10:58:11.356,16.313,28.759,18.417,3.851,0.000,250.0,250.0,12.900,4.647,2.574,10.910,8.371,5.183,3.188,5.121,3.839,0.399,3.440,3.440,0.000,1.500,0.000,
11.11.2025,10:58:12.369,17.672,27.627,17.685,3.629,0.000,250.0,250.0,16.912,5.914,2.991,15.350,11.372,7.045,4.327,6.959,3.830,0.399,3.431,3.431,0.000,0.000,0.500,
11.11.2025,10:58:13.361,19.032,27.298,17.193,3.705,0.000,250.0,250.0,16.827,4.941,2.808,11.824,9.066,5.622,3.444,5.560,3.830,0.399,3.431,3.431,0.000,0.000,1.125,
11.11.2025,10:58:14.363,16.313,26.394,16.063,3.892,0.000,250.0,250.0,11.839,4.318,2.758,9.484,7.594,4.714,2.880,4.653,3.830,0.399,3.431,3.431,0.000,0.000,1.125,
11.11.2025,10:58:15.358,17.672,28.967,18.869,3.758,0.000,250.0,250.0,16.021,9.288,4.205,26.977,19.347,11.997,7.350,11.849,3.862,0.428,3.434,3.431,0.000,0.000,0.000,
11.11.2025,10:58:16.360,20.391,30.195,19.753,3.935,0.000,250.0,250.0,15.795,4.536,2.722,10.350,8.112,5.022,3.090,4.961,3.830,0.399,3.431,3.440,0.000,0.000,0.500,
11.11.2025,10:58:17.362,17.672,33.370,22.854,4.045,0.000,250.0,250.0,15.723,8.184,3.800,23.189,16.737,10.371,6.366,10.248,3.842,0.402,3.440,3.440,0.000,0.000,2.375,
11.11.2025,10:58:18.364,21.750,27.210,17.076,3.809,0.000,250.0,250.0,17.069,3.943,2.550,8.261,6.706,4.167,2.539,4.118,3.830,0.399,3.431,3.431,0.000,0.125,0.125,
11.11.2025,10:58:19.363,17.672,28.602,18.436,3.761,0.000,250.0,250.0,13.285,3.893,2.550,8.071,6.589,4.089,2.500,4.040,3.830,0.399,3.431,3.431,0.000,0.000,0.000,
11.11.2025,10:58:20.360,32.625,27.800,17.666,3.759,0.000,250.0,250.0,14.956,3.855,2.489,7.983,6.503,4.035,2.468,3.985,3.830,0.399,3.431,3.431,0.000,1.000,1.000,
11.11.2025,10:58:21.357,32.625,27.800,17.666,3.759,0.000,250.0,250.0,21.482,7.141,3.421,19.574,14.264,8.841,5.423,8.731,3.855,0.398,3.457,3.448,0.000,1.000,0.000,
11.11.2025,10:58:22.355,27.188,29.588,19.381,3.814,0.001,250.0,250.0,22.829,4.899,2.930,11.528,8.960,5.551,3.409,5.489,3.839,0.399,3.440,3.440,0.000,0.375,2.375,
11.11.2025,10:58:23.357,21.750,35.482,25.168,3.875,0.000,250.0,250.0,20.040,4.060,2.673,8.590,6.986,4.325,2.661,4.276,3.830,0.399,3.431,3.431,0.000,1.000,0.500,
11.11.2025,10:58:24.356,21.750,36.285,26.127,3.809,0.000,250.0,250.0,13.741,4.013,2.489,8.585,6.864,4.264,2.600,4.214,3.839,0.399,3.440,3.440,0.000,0.375,0.000,
11.11.2025,10:58:25.357,17.672,30.068,19.654,3.948,0.000,250.0,250.0,13.577,6.274,3.126,16.583,12.220,7.581,4.639,7.482,3.835,0.395,3.440,3.440,0.000,0.000,0.000,
11.11.2025,10:58:26.358,16.313,28.488,18.332,3.748,0.000,250.0,250.0,19.543,4.644,2.538,10.898,8.342,5.176,3.166,5.102,3.896,0.422,3.474,3.431,0.000,1.125,1.125,
11.11.2025,10:58:27.369,17.672,29.741,19.782,3.656,0.000,250.0,250.0,12.821,3.956,2.513,8.349,6.740,4.177,2.563,4.127,3.830,0.399,3.431,3.431,0.000,1.000,1.000,
11.11.2025,10:58:28.363,35.344,28.053,17.754,3.825,0.000,250.0,250.0,12.847,6.565,3.200,17.633,12.907,8.002,4.905,7.916,3.830,0.399,3.431,3.431,0.000,0.000,0.125,
11.11.2025,10:58:29.358,19.032,29.408,19.073,3.911,0.000,250.0,250.0,13.580,6.473,3.101,17.366,12.685,7.867,4.818,7.769,3.842,0.402,3.440,3.440,0.000,1.000,2.250,
11.11.2025,10:58:30.355,16.313,27.177,17.019,3.783,0.000,250.0,250.0,19.962,6.102,3.200,15.854,11.813,7.321,4.492,7.235,3.835,0.395,3.440,3.440,0.000,0.000,1.625,
11.11.2025,10:58:31.355,14.953,30.488,20.464,3.684,0.001,250.0,250.0,15.453,4.178,2.844,8.864,7.266,4.507,2.759,4.446,3.830,0.399,3.431,3.431,0.000,0.500,0.000,
11.11.2025,10:58:32.357,17.672,28.037,17.798,3.818,0.000,250.0,250.0,12.271,4.000,2.771,8.250,6.839,4.239,2.600,4.190,3.839,0.399,3.440,3.431,0.000,0.000,0.000,
11.11.2025,10:58:33.367,16.313,27.216,17.019,3.824,0.000,250.0,250.0,12.246,3.866,2.526,7.989,6.533,4.043,2.490,3.993,3.829,0.398,3.431,3.431,0.000,0.750,2.250,
11.11.2025,10:58:34.364,28.547,28.370,18.136,3.800,0.000,250.0,250.0,13.038,7.466,3.555,20.707,15.042,9.335,5.707,9.225,3.826,0.395,3.431,3.440,0.000,0.000,0.000,
11.11.2025,10:58:35.364,13.594,27.976,17.946,3.709,0.000,250.0,250.0,19.392,3.885,2.538,8.040,6.568,4.067,2.501,4.018,3.839,0.399,3.440,3.440,0.000,0.875,0.000,
11.11.2025,10:58:36.363,19.032,28.902,18.836,3.709,0.000,250.0,250.0,14.727,5.887,3.004,15.215,11.291,6.999,4.292,6.913,3.860,0.427,3.433,3.440,0.000,0.375,0.000,
11.11.2025,10:58:37.358,19.032,27.920,17.742,3.745,0.000,250.0,250.0,14.391,8.982,4.144,25.879,18.625,11.544,7.081,11.409,3.843,0.395,3.448,3.448,0.000,0.000,0.000,
11.11.2025,10:58:38.355,16.313,29.306,19.394,3.649,0.000,250.0,250.0,22.895,7.631,3.702,21.172,15.423,9.561,5.862,9.451,3.843,0.395,3.448,3.448,0.000,0.000,2.250,
11.11.2025,10:58:39.356,20.391,30.718,20.604,3.748,0.000,250.0,250.0,20.287,4.077,2.513,8.801,7.021,4.348,2.673,4.299,3.839,0.399,3.440,3.431,0.000,0.000,0.000,
11.11.2025,10:58:40.355,17.672,29.829,19.662,3.731,0.000,250.0,250.0,14.965,7.002,3.457,19.026,13.935,8.639,5.296,8.540,3.839,0.399,3.440,3.448,0.000,0.000,0.000,
11.11.2025,10:58:41.357,19.032,28.272,18.218,3.698,0.001,250.0,250.0,17.856,7.296,3.420,20.175,14.627,9.071,5.556,8.960,3.858,0.427,3.431,3.431,0.000,0.000,0.000,
11.11.2025,10:58:42.369,17.672,28.629,18.560,3.724,0.000,250.0,250.0,17.617,5.951,2.930,15.419,11.377,7.047,4.330,6.961,3.997,0.460,3.537,3.448,0.000,0.000,0.000,
11.11.2025,10:58:43.368,24.469,28.506,18.458,3.686,0.000,250.0,250.0,18.586,3.858,2.415,8.058,6.504,4.028,2.476,3.978,3.839,0.399,3.440,3.440,0.000,0.375,1.125,
11.11.2025,10:58:44.360,23.110,27.735,17.544,3.766,0.000,250.0,250.0,12.264,3.976,2.538,8.386,6.786,4.200,2.586,4.150,3.839,0.399,3.440,3.440,0.000,0.375,0.000,
11.11.2025,10:58:45.363,23.110,27.125,16.982,3.769,0.000,250.0,250.0,12.962,4.069,2.513,8.765,7.001,4.339,2.662,4.289,3.839,0.399,3.440,3.440,0.000,0.000,0.000,
11.11.2025,10:58:46.359,17.672,27.899,17.810,3.690,0.000,250.0,250.0,14.881,3.982,2.550,8.392,6.794,4.217,2.577,4.168,3.839,0.399,3.440,3.440,0.000,0.500,0.000,
11.11.2025,10:58:47.355,29.907,26.015,16.084,3.585,0.000,250.0,250.0,12.280,3.782,2.489,7.701,6.317,3.916,2.401,3.879,3.839,0.399,3.440,3.440,0.000,0.500,0.000,
11.11.2025,10:58:48.367,13.594,29.525,19.363,3.763,0.000,250.0,250.0,15.690,6.591,3.126,17.786,12.964,8.032,4.932,7.934,3.843,0.395,3.448,3.448,0.000,0.000,0.000,
11.11.2025,10:58:49.361,19.032,26.191,16.036,3.748,0.000,250.0,250.0,18.721,4.620,2.440,10.951,8.303,5.149,3.154,5.087,3.839,0.399,3.440,3.440,0.000,0.000,1.125,
11.11.2025,10:58:50.364,16.313,28.636,18.708,3.609,0.000,250.0,250.0,14.940,4.092,2.489,8.882,7.058,4.373,2.685,4.323,3.839,0.399,3.440,3.431,0.000,1.875,0.500,
11.11.2025,10:58:51.361,23.110,28.110,17.830,3.853,0.000,250.0,250.0,13.926,3.989,2.501,8.480,6.810,4.224,2.586,4.174,3.839,0.399,3.440,3.440,0.000,0.000,0.000,
11.11.2025,10:58:52.359,23.110,27.395,17.141,3.824,0.000,250.0,250.0,11.471,4.306,2.403,9.758,7.548,4.679,2.869,4.617,3.875,0.433,3.442,3.440,0.000,0.000,0.125,
11.11.2025,10:58:53.357,19.032,27.272,17.224,3.694,0.001,250.0,250.0,13.039,3.908,2.587,8.087,6.632,4.105,2.527,4.055,3.830,0.399,3.431,3.431,0.000,0.000,0.375,
11.11.2025,10:58:54.356,17.672,29.546,19.166,3.907,0.000,250.0,250.0,12.147,6.223,3.138,16.350,12.084,7.487,4.597,7.401,3.862,0.428,3.434,3.448,0.000,0.375,0.500,
11.11.2025,10:58:55.355,20.391,27.815,17.380,3.961,0.000,250.0,250.0,12.771,4.809,2.501,11.622,8.751,5.428,3.323,5.366,3.830,0.399,3.431,3.440,0.000,0.000,0.000,
11.11.2025,10:58:56.368,17.672,27.425,17.503,3.632,0.000,250.0,250.0,17.361,5.761,2.845,14.814,10.944,6.783,4.161,6.709,3.956,0.423,3.533,3.440,0.000,0.000,0.000,
11.11.2025,10:58:57.364,17.672,30.906,20.757,3.755,0.000,250.0,250.0,18.771,5.731,2.930,14.659,10.901,6.755,4.146,6.681,3.898,0.415,3.483,3.440,0.000,1.750,0.000,
11.11.2025,10:58:58.362,35.344,28.329,18.317,3.679,0.000,250.0,250.0,20.832,4.943,2.808,11.816,9.070,5.624,3.446,5.551,3.839,0.399,3.440,3.440,0.000,0.000,0.000,
11.11.2025,10:58:59.360,19.032,27.493,17.283,3.824,0.000,250.0,250.0,16.256,4.147,2.452,9.141,7.188,4.455,2.733,4.406,3.831,0.400,3.431,3.431,0.000,1.375,0.000,
11.11.2025,10:59:0.356,13.594,27.447,17.158,3.862,0.000,250.0,250.0,12.986,5.033,2.783,12.123,9.241,5.734,3.507,5.661,3.918,0.428,3.490,3.448,0.000,0.000,0.500,
11.11.2025,10:59:1.370,14.953,28.493,18.560,3.670,0.000,250.0,250.0,15.965,7.746,3.617,21.699,15.695,9.730,5.965,9.619,3.848,0.408,3.440,3.440,0.000,0.000,2.250,
11.11.2025,10:59:2.360,21.750,27.861,17.468,3.886,0.000,250.0,250.0,15.528,4.531,2.611,10.424,8.087,5.017,3.070,4.955,3.850,0.402,3.448,3.448,0.000,1.125,1.125,
11.11.2025,10:59:3.364,16.313,27.164,17.176,3.664,0.000,250.0,250.0,15.129,3.985,2.477,8.482,6.806,4.217,2.589,4.167,3.839,0.399,3.440,3.440,0.000,1.000,0.500,
11.11.2025,10:59:4.365,16.313,28.342,18.188,3.811,0.000,250.0,250.0,13.245,7.812,3.469,22.110,15.860,9.836,6.024,9.713,3.835,0.395,3.440,3.440,0.000,0.000,0.000,
11.11.2025,10:59:5.362,24.469,26.530,16.348,3.786,0.000,250.0,250.0,20.013,4.288,2.440,9.669,7.517,4.658,2.859,4.597,3.847,0.399,3.448,3.448,0.000,0.000,0.000,
11.11.2025,10:59:6.356,19.032,28.283,17.959,3.842,0.000,250.0,250.0,11.598,4.417,2.391,10.230,7.833,4.853,2.980,4.791,3.830,0.399,3.431,3.431,0.000,0.000,0.500,
11.11.2025,10:59:7.368,17.672,27.943,18.022,3.655,0.000,250.0,250.0,16.241,4.055,2.489,8.740,6.970,4.322,2.648,4.261,3.839,0.399,3.440,3.440,0.000,2.125,0.000,
11.11.2025,10:59:8.360,21.750,28.537,18.297,3.766,0.000,250.0,250.0,14.465,4.052,2.379,8.778,6.925,4.288,2.637,4.238,3.905,0.423,3.482,3.468,0.000,0.875,0.500,
11.11.2025,10:59:9.361,17.672,27.307,17.178,3.789,0.000,250.0,250.0,11.288,3.873,2.428,8.107,6.541,4.053,2.488,4.003,3.839,0.399,3.440,3.431,0.000,0.750,1.125,
11.11.2025,10:59:10.359,17.672,28.564,18.142,3.934,0.000,250.0,250.0,11.387,6.264,2.942,16.717,12.190,7.553,4.637,7.467,3.842,0.402,3.440,3.448,0.000,0.000,0.000,
11.11.2025,10:59:11.368,16.313,28.125,18.115,3.711,0.000,250.0,250.0,18.752,5.697,2.955,14.545,10.849,6.728,4.121,6.642,3.847,0.399,3.448,3.440,0.000,0.000,0.000,
11.11.2025,10:59:12.367,14.953,28.041,17.759,3.800,0.000,250.0,250.0,15.094,4.106,2.342,9.085,7.082,4.397,2.685,4.347,3.839,0.399,3.440,3.440,0.000,0.000,0.000,
11.11.2025,10:59:13.362,17.672,28.433,18.314,3.761,0.000,250.0,250.0,11.269,4.145,2.354,9.219,7.181,4.446,2.735,4.397,3.839,0.399,3.440,3.440,0.000,1.125,0.500,
11.11.2025,10:59:14.355,13.594,27.972,17.785,3.775,0.000,250.0,250.0,16.010,7.632,3.432,21.451,15.429,9.565,5.864,9.454,3.836,0.405,3.431,3.448,0.000,0.000,0.000,
11.11.2025,10:59:15.369,13.594,29.468,19.511,3.634,0.001,250.0,250.0,18.514,5.108,2.795,12.462,9.453,5.859,3.594,5.797,3.839,0.399,3.440,3.440,0.000,0.000,0.000,
11.11.2025,10:59:16.354,16.313,29.468,19.511,3.634,0.001,250.0,250.0,13.913,4.292,2.636,9.468,7.515,4.657,2.858,4.595,3.874,0.432,3.442,3.440,0.000,0.000,1.250,
11.11.2025,10:59:17.367,21.750,28.067,17.958,3.768,0.000,250.0,250.0,11.975,3.985,2.501,8.467,6.811,4.220,2.591,4.170,3.830,0.399,3.431,3.431,0.000,0.250,0.000,
11.11.2025,10:59:18.361,17.672,30.347,19.609,4.158,0.000,250.0,250.0,11.726,3.884,2.403,8.165,6.556,4.067,2.489,4.017,3.847,0.399,3.448,3.448,0.000,0.000,0.000,
11.11.2025,10:59:19.360,17.672,28.974,18.765,3.787,0.000,250.0,250.0,13.287,3.860,2.378,8.101,6.511,4.032,2.479,3.983,3.839,0.399,3.440,3.440,0.000,0.000,0.000,
11.11.2025,10:59:20.358,21.750,28.892,18.695,3.786,0.000,250.0,250.0,11.776,6.037,3.077,15.710,11.649,7.221,4.428,7.135,3.850,0.402,3.448,3.448,0.000,1.000,2.250,
11.11.2025,10:59:21.361,21.750,41.654,31.111,4.056,0.000,250.0,250.0,15.588,4.336,2.489,9.809,7.633,4.735,2.898,4.674,3.839,0.399,3.440,3.440,0.000,0.875,0.000,
11.11.2025,10:59:22.363,23.110,41.628,31.025,4.082,0.000,250.0,250.0,11.762,5.061,2.820,12.241,9.343,5.798,3.545,5.724,3.847,0.399,3.448,3.448,0.000,0.000,1.500,
11.11.2025,10:59:23.358,27.188,38.701,28.366,3.926,0.000,250.0,250.0,17.840,5.061,2.550,9.936,7.744,4.802,2.942,4.740,3.839,0.399,3.440,3.440,0.000,0.375,1.250,
11.11.2025,10:59:24.356,13.594,34.787,24.405,3.922,0.000,250.0,250.0,17.840,4.383,2.550,9.936,7.744,4.802,2.942,4.740,3.839,0.399,3.440,3.440,0.000,1.250,0.875,
11.11.2025,10:59:25.356,14.953,28.003,17.687,3.861,0.000,250.0,250.0,12.109,3.821,2.501,7.841,6.413,3.976,2.437,3.927,3.839,0.399,3.440,3.440,0.000,0.000,1.500,
11.11.2025,10:59:26.356,21.750,35.008,24.309,4.103,0.000,250.0,250.0,11.321,3.763,2.440,7.667,6.277,3.897,2.380,3.847,3.839,0.399,3.440,3.440,0.000,0.000,2.250,
11.11.2025,10:59:27.364,23.110,29.575,19.600,3.671,0.000,250.0,250.0,12.489,4.043,2.464,8.723,6.940,4.307,2.633,4.246,3.839,0.399,3.440,3.440,0.000,0.000,0.000,
11.11.2025,10:59:28.364,17.672,27.210,16.926,3.843,0.000,250.0,250.0,16.207,3.813,2.342,7.964,6.394,3.967,2.427,3.917,3.839,0.399,3.440,3.440,0.000,0.000,0.500,
11.11.2025,10:59:29.365,17.672,28.506,18.385,3.748,0.000,250.0,250.0,15.405,4.130,2.501,9.007,7.147,4.436,2.711,4.374,3.847,0.407,3.440,3.431,0.000,0.000,0.000,
11.11.2025,10:59:30.364,17.672,30.134,20.158,3.645,0.000,250.0,250.0,14.763,4.368,2.440,9.962,7.686,4.767,2.919,4.717,3.873,0.431,3.442,3.448,0.000,1.000,0.250,
11.11.2025,10:59:31.362,25.829,31.182,21.055,3.763,0.000,250.0,250.0,15.879,5.347,2.992,13.176,10.023,6.211,3.812,6.137,3.839,0.399,3.440,3.440,0.000,0.000,0.000,
11.11.2025,10:59:32.357,14.953,29.319,19.277,3.670,0.000,250.0,250.0,18.865,3.756,2.575,7.516,6.254,3.878,2.376,3.841,3.839,0.399,3.440,3.440,0.000,1.375,1.500,
11.11.2025,10:59:33.368,14.953,29.242,18.900,3.915,0.000,250.0,250.0,12.230,3.790,2.526,7.687,6.343,3.929,2.414,3.880,3.839,0.399,3.440,3.440,0.000,2.000,1.625,
11.11.2025,10:59:34.361,25.829,27.483,17.387,3.702,0.000,250.0,250.0,12.099,6.818,3.383,18.402,13.498,8.376,5.122,8.278,3.839,0.399,3.440,3.440,0.000,0.000,0.000,
11.11.2025,10:59:35.360,14.953,28.798,18.582,3.844,0.000,250.0,250.0,15.083,6.218,3.052,16.435,12.085,7.487,4.598,7.401,3.839,0.399,3.440,3.440,0.001,0.000,1.125,
11.11.2025,10:59:36.357,16.313,27.812,17.662,3.763,0.000,250.0,250.0,13.676,4.510,2.415,10.518,8.028,4.974,3.054,4.913,3.876,0.433,3.443,3.440,0.000,2.000,0.875,
11.11.2025,10:59:37.367,20.391,28.364,18.169,3.767,0.000,250.0,250.0,11.532,4.334,2.513,9.795,7.632,4.739,2.893,4.677,3.830,0.399,3.431,3.431,0.000,0.000,0.125,
11.11.2025,10:59:38.367,16.313,28.724,18.693,3.678,0.000,250.0,250.0,12.519,8.851,3.800,25.702,18.295,11.340,6.955,11.205,3.885,0.436,3.449,3.448,0.000,0.375,1.125,
11.11.2025,10:59:39.369,14.953,28.798,18.623,3.809,0.000,250.0,250.0,19.931,5.245,2.844,12.927,9.783,6.067,3.716,5.993,3.839,0.399,3.440,3.440,0.000,0.000,0.000,
11.11.2025,10:59:40.356,13.594,27.725,17.706,3.628,0.000,250.0,250.0,12.527,8.462,3.898,24.150,17.399,10.788,6.611,10.653,3.842,0.402,3.440,3.440,0.001,0.000,0.000,
11.11.2025,10:59:41.357,21.750,27.172,17.006,3.803,0.000,250.0,250.0,18.482,6.213,3.101,16.378,12.067,7.483,4.584,7.397,3.839,0.399,3.440,3.440,0.000,0.250,0.000,
11.11.2025,10:59:42.356,20.391,29.632,19.562,3.698,0.000,250.0,250.0,12.489,4.193,2.489,9.268,7.291,4.520,2.771,4.471,3.839,0.399,3.440,3.440,0.000,0.000,0.000,
11.11.2025,10:59:43.368,13.594,28.994,18.818,3.789,0.000,250.0,250.0,15.194,7.452,3.236,20.951,14.985,9.293,5.692,9.183,3.872,0.429,3.443,3.440,0.000,0.000,0.000,
11.11.2025,10:59:44.356,19.032,30.096,20.184,3.601,0.000,250.0,250.0,12.786,4.469,2.526,10.279,7.938,4.923,3.015,4.862,3.850,0.402,3.448,3.448,0.000,1.000,0.875,
11.11.2025,10:59:45.356,16.313,28.041,17.913,3.712,0.000,250.0,250.0,18.436,7.880,3.506,22.304,16.000,9.917,6.083,9.807,3.870,0.428,3.442,3.440,0.000,0.375,0.875,
11.11.2025,10:59:46.359,16.313,28.834,18.576,3.820,0.000,250.0,250.0,13.613,4.237,2.513,9.411,7.399,4.592,2.807,4.531,3.839,0.399,3.440,3.440,0.000,1.000,1.250,
11.11.2025,10:59:47.358,17.672,28.560,18.399,3.807,0.000,250.0,250.0,12.509,6.092,3.114,15.892,11.788,7.301,4.487,7.215,3.839,0.399,3.440,3.440,0.000,1.000,0.000,
11.11.2025,10:59:48.369,29.907,29.484,19.359,3.720,0.000,250.0,250.0,12.566,5.147,2.636,12.762,9.552,5.921,3.631,5.847,3.839,0.399,3.440,3.440,0.000,0.000,0.000,
11.11.2025,10:59:49.366,16.313,30.196,20.017,3.751,0.000,250.0,250.0,18.162,6.753,3.383,18.142,13.341,8.268,5.073,8.170,3.850,0.402,3.448,3.448,0.000,0.000,2.250,
11.11.2025,10:59:50.362,19.032,32.696,22.459,3.809,0.000,250.0,250.0,17.283,4.117,2.513,8.871,7.067,4.383,2.684,4.321,3.941,0.456,3.485,3.448,0.000,1.000,1.125,
11.11.2025,10:59:51.362,19.032,27.324,17.363,3.662,0.000,250.0,250.0,16.966,4.690,2.857,10.787,8.468,5.243,3.225,5.182,3.847,0.399,3.448,3.440,0.000,2.125,0.500,
11.11.2025,10:59:52.356,20.391,31.415,21.236,3.750,0.000,250.0,250.0,12.530,3.731,2.440,7.554,6.204,3.841,2.363,3.792,3.839,0.399,3.440,3.440,0.000,0.000,0.000,
11.11.2025,10:59:53.356,20.391,31.415,21.236,3.750,0.000,250.0,250.0,13.515,4.335,2.575,9.733,7.632,4.739,2.893,4.677,3.830,0.399,3.431,3.440,0.000,0.000,2.000,
11.11.2025,10:59:54.371,23.110,28.161,17.985,3.763,0.000,250.0,250.0,13.922,4.544,2.832,10.267,8.121,5.045,3.076,4.983,3.839,0.399,3.440,3.440,0.000,0.000,0.000,
11.11.2025,10:59:55.385,28.547,27.689,17.500,3.819,0.000,250.0,250.0,12.616,6.157,3.114,16.117,11.924,7.388,4.536,7.302,3.869,0.427,3.442,3.448,0.000,0.000,0.000,
11.11.2025,10:59:56.379,16.313,30.448,20.250,3.775,0.000,250.0,250.0,16.813,3.752,2.428,7.640,6.251,3.884,2.367,3.834,3.839,0.399,3.440,3.440,0.000,0.750,0.500,
11.11.2025,10:59:57.375,16.313,29.075,18.712,3.905,0.000,250.0,250.0,14.545,3.883,2.415,8.153,6.563,4.063,2.500,4.014,3.840,0.400,3.440,3.440,0.000,0.500,0.000,
11.11.2025,10:59:58.372,24.469,28.587,18.213,3.919,0.000,250.0,250.0,11.805,3.741,2.403,7.628,6.222,3.856,2.366,3.819,3.839,0.399,3.440,3.440,0.000,0.000,0.000,
11.11.2025,10:59:59.377,17.672,27.769,17.427,3.906,0.000,250.0,250.0,10.813,4.621,2.489,10.900,8.308,5.145,3.163,5.084,3.839,0.399,3.440,3.440,0.000,0.000,0.000,
11.11.2025,11:0:0.385,17.672,26.819,16.793,3.636,0.000,250.0,250.0,13.631,4.073,2.440,8.807,6.981,4.322,2.659,4.273,3.906,0.423,3.483,3.440,0.000,1.500,0.500,
11.11.2025,11:0:1.380,23.110,28.890,18.638,3.858,0.000,250.0,250.0,14.838,3.941,2.538,8.264,6.692,4.158,2.534,4.109,3.839,0.399,3.440,3.440,0.000,0.000,0.125,
11.11.2025,11:0:2.395,13.594,26.215,16.167,3.717,0.000,250.0,250.0,18.036,3.843,2.587,7.833,6.462,4.012,2.450,3.963,3.839,0.399,3.440,3.440,0.000,1.375,0.000,
11.11.2025,11:0:3.393,17.672,27.898,17.868,3.696,0.000,250.0,250.0,18.877,6.635,3.334,17.736,13.065,8.099,4.966,8.001,3.850,0.402,3.448,3.448,0.000,0.000,0.000,
11.11.2025,11:0:4.389,17.672,30.500,20.305,3.797,0.001,250.0,250.0,14.224,3.711,2.391,7.531,6.163,3.821,2.342,3.771,3.830,0.399,3.431,3.431,0.000,0.000,1.125,
11.11.2025,11:0:5.406,17.672,28.529,18.358,3.766,0.000,250.0,250.0,12.461,4.058,2.648,8.594,6.977,4.319,2.658,4.270,3.839,0.399,3.440,3.440,0.000,0.000,0.000,
11.11.2025,11:0:6.408,17.672,29.173,19.056,3.719,0.000,250.0,250.0,13.042,6.739,3.261,18.219,13.314,8.261,5.053,8.163,3.835,0.395,3.440,3.448,0.000,0.000,0.000,
11.11.2025,11:0:7.403,17.672,28.998,18.821,3.792,0.000,250.0,250.0,13.183,4.228,2.501,9.315,7.325,4.543,2.782,4.493,3.941,0.456,3.485,3.440,0.000,2.125,0.000,
11.11.2025,11:0:8.408,16.313,27.718,17.699,3.664,0.000,250.0,250.0,12.591,3.752,2.452,7.610,6.248,3.882,2.366,3.832,3.847,0.399,3.448,3.440,0.000,1.000,0.000,
11.11.2025,11:0:9.406,17.672,27.276,16.836,4.007,0.000,250.0,250.0,11.771,4.698,2.550,11.135,8.492,5.268,3.224,5.194,3.839,0.399,3.440,3.440,0.000,0.000,0.000,
11.11.2025,11:0:10.414,16.313,27.353,17.219,3.737,0.000,250.0,250.0,12.348,4.681,2.624,10.969,8.435,5.234,3.201,5.160,3.872,0.431,3.441,3.440,0.000,0.000,0.000,
11.11.2025,11:0:11.407,17.672,28.273,18.087,3.828,0.000,250.0,250.0,13.299,5.140,2.771,12.489,9.458,5.867,3.591,5.793,3.991,0.454,3.537,3.448,0.000,0.750,1.125,
11.11.2025,11:0:12.404,17.672,28.665,18.481,3.763,0.000,250.0,250.0,17.621,3.826,2.464,7.894,6.422,3.986,2.436,3.937,3.839,0.399,3.440,3.440,0.000,0.000,0.000,
11.11.2025,11:0:13.415,21.750,27.155,16.962,3.781,0.000,250.0,250.0,13.415,4.097,2.366,9.023,7.071,4.386,2.685,4.324,3.839,0.399,3.440,3.440,0.000,1.625,0.000,
11.11.2025,11:0:14.408,17.672,27.102,16.794,3.897,0.000,250.0,250.0,10.850,3.641,2.427,7.220,5.986,3.708,2.278,3.671,3.839,0.399,3.440,3.440,0.000,2.125,0.000,
11.11.2025,11:0:15.410,14.953,29.092,18.970,3.733,0.000,250.0,250.0,13.195,5.420,2.869,13.506,10.152,6.300,3.852,6.226,3.928,0.443,3.485,3.440,0.000,0.000,1.000,
11.11.2025,11:0:16.405,16.313,29.551,19.322,3.817,0.000,250.0,250.0,14.818,4.428,2.464,10.190,7.844,4.864,2.980,4.815,3.839,0.399,3.440,3.440,0.000,0.500,1.125,
11.11.2025,11:0:17.403,20.391,28.074,17.875,3.813,0.000,250.0,250.0,12.536,3.854,2.464,7.998,6.486,4.024,2.462,3.975,3.847,0.399,3.448,3.440,0.000,0.000,0.000,
11.11.2025,11:0:18.416,17.672,27.192,17.034,3.754,0.000,250.0,250.0,15.187,6.321,2.918,16.959,12.308,7.635,4.673,7.549,3.861,0.420,3.441,3.448,0.000,1.750,0.750,
11.11.2025,11:0:19.409,17.672,28.774,18.342,4.010,0.001,250.0,250.0,15.674,4.636,2.489,10.954,8.337,5.172,3.165,5.110,3.847,0.399,3.448,3.440,0.000,0.000,0.125,
11.11.2025,11:0:20.402,19.032,31.147,20.536,4.079,0.000,250.0,250.0,16.830,5.027,2.808,12.133,9.264,5.746,3.518,5.672,3.847,0.399,3.448,3.440,0.000,1.625,0.375,
11.11.2025,11:0:21.416,17.672,29.755,19.612,3.780,0.000,250.0,250.0,15.084,3.979,2.440,8.494,6.792,4.203,2.589,4.154,3.839,0.399,3.440,3.440,0.000,0.000,0.000,
11.11.2025,11:0:22.411,20.391,27.113,16.719,3.898,0.000,250.0,250.0,11.142,3.922,2.440,8.275,6.658,4.130,2.528,4.068,3.839,0.399,3.440,3.440,0.000,0.000,0.500,
11.11.2025,11:0:23.411,19.032,26.916,16.783,3.758,0.000,250.0,250.0,13.892,8.138,3.763,23.029,16.614,10.298,6.316,10.175,3.867,0.426,3.441,3.448,0.000,0.000,0.000,
11.11.2025,11:0:24.409,23.110,27.006,16.834,3.779,0.000,250.0,250.0,19.396,3.980,2.599,8.328,6.785,4.199,2.586,4.150,3.859,0.402,3.457,3.440,0.000,0.000,1.625,
11.11.2025,11:0:25.410,27.188,38.319,27.845,4.045,0.001,250.0,250.0,13.085,3.900,2.624,8.009,6.602,4.089,2.513,4.040,3.839,0.399,3.440,3.440,0.000,1.875,1.125,
11.11.2025,11:0:26.409,17.672,41.082,30.431,4.085,0.000,250.0,250.0,11.977,4.360,2.587,9.816,7.686,4.771,2.915,4.710,3.839,0.399,3.440,3.440,0.000,0.375,0.000,
11.11.2025,11:0:27.405,13.594,37.357,26.882,4.003,0.000,250.0,250.0,13.178,3.898,2.415,8.209,6.595,4.093,2.502,4.044,3.839,0.399,3.440,3.440,0.000,1.000,0.375,
11.11.2025,11:0:28.416,14.953,28.676,18.420,3.826,0.000,250.0,250.0,11.465,4.505,2.587,10.310,7.998,4.959,3.039,4.897,3.906,0.415,3.491,3.448,0.001,0.000,0.500,
11.11.2025,11:0:29.415,16.313,27.705,17.825,3.620,0.000,250.0,250.0,16.207,3.880,2.415,8.146,6.553,4.065,2.488,4.016,3.839,0.399,3.440,3.440,0.000,1.000,0.000,
11.11.2025,11:0:30.412,20.391,26.146,15.836,3.820,0.000,250.0,250.0,14.857,6.546,3.285,17.438,12.849,7.968,4.881,7.869,3.855,0.398,3.457,3.457,0.000,2.125,2.375,
11.11.2025,11:0:31.408,19.032,26.054,15.930,3.784,0.000,250.0,250.0,13.553,3.886,2.526,8.058,6.565,4.077,2.488,4.028,3.839,0.399,3.440,3.440,0.000,0.125,0.000,
11.11.2025,11:0:32.412,19.032,28.799,18.620,3.747,0.000,250.0,250.0,16.110,3.914,2.476,8.214,6.635,4.111,2.524,4.062,3.839,0.399,3.440,3.440,0.000,0.000,2.250,
11.11.2025,11:0:33.409,21.750,28.953,18.839,3.739,0.000,250.0,250.0,15.928,6.554,3.273,17.492,12.871,7.979,4.892,7.893,3.847,0.399,3.448,3.448,0.000,0.000,0.000,
11.11.2025,11:0:34.423,17.672,30.955,20.896,3.694,0.000,250.0,250.0,17.102,3.881,2.575,7.988,6.556,4.067,2.489,4.017,3.839,0.399,3.440,3.440,0.000,1.500,1.125,
11.11.2025,11:0:35.419,20.391,27.239,17.033,3.790,0.000,250.0,250.0,11.669,5.928,2.991,15.392,11.396,7.064,4.332,6.990,3.835,0.395,3.440,3.440,0.000,0.000,0.000,
11.11.2025,11:0:36.446,16.313,29.185,19.214,3.650,0.001,250.0,250.0,15.707,6.195,3.138,16.254,12.021,7.449,4.572,7.363,3.850,0.402,3.448,3.448,0.000,0.000,0.000,
11.11.2025,11:0:37.435,19.032,29.485,19.289,3.775,0.000,250.0,250.0,18.050,4.930,2.697,11.862,9.036,5.601,3.435,5.527,3.850,0.402,3.448,3.440,0.000,0.000,0.000,
11.11.2025,11:0:38.436,16.313,28.602,18.549,3.695,0.000,250.0,250.0,16.360,3.840,2.428,7.973,6.455,4.003,2.452,3.954,3.847,0.399,3.448,3.440,0.000,0.000,1.625,
11.11.2025,11:0:39.439,20.391,29.635,19.416,3.807,0.000,250.0,250.0,11.487,6.105,3.028,16.030,11.819,7.330,4.489,7.232,3.839,0.399,3.440,3.440,0.000,1.000,0.000,
11.11.2025,11:0:40.440,28.547,29.005,18.973,3.696,0.000,250.0,250.0,12.634,5.468,2.869,13.716,10.274,6.373,3.901,6.299,3.898,0.415,3.483,3.448,0.000,0.000,2.250,
11.11.2025,11:0:41.451,17.672,29.182,19.287,3.602,0.000,250.0,250.0,18.456,4.104,2.415,8.951,7.046,4.373,2.673,4.323,3.907,0.424,3.483,3.448,0.000,0.000,2.250,
11.11.2025,11:0:42.452,14.953,29.723,19.577,3.751,0.000,250.0,250.0,16.007,4.104,2.403,9.008,7.079,4.383,2.696,4.334,3.847,0.399,3.448,3.440,0.000,0.000,1.000,
11.11.2025,11:0:43.462,14.953,28.768,18.749,3.662,0.000,250.0,250.0,20.757,4.749,2.783,11.085,8.601,5.328,3.273,5.267,3.850,0.402,3.448,3.448,0.000,0.000,0.000,
11.11.2025,11:0:44.456,17.672,28.435,18.496,3.621,0.000,250.0,250.0,21.717,8.213,3.702,23.379,16.784,10.415,6.369,10.292,3.866,0.409,3.457,3.457,0.000,1.000,0.000,
11.11.2025,11:0:45.458,19.032,29.525,19.411,3.702,0.000,250.0,250.0,20.391,3.862,2.489,8.005,6.506,4.041,2.465,3.992,3.839,0.399,3.440,3.440,0.000,0.000,0.000,
11.11.2025,11:0:46.454,23.110,26.170,16.172,3.692,0.000,250.0,250.0,13.433,6.403,3.212,16.975,12.517,7.758,4.759,7.660,3.850,0.402,3.448,3.448,0.000,0.000,0.000,
11.11.2025,11:0:47.451,12.235,28.733,18.657,3.669,0.000,250.0,250.0,18.609,4.040,2.575,8.579,6.929,4.290,2.639,4.241,3.850,0.402,3.448,3.448,0.000,0.000,0.000,
11.11.2025,11:0:48.450,21.750,26.585,16.490,3.762,0.000,250.0,250.0,14.952,5.158,2.881,12.553,9.570,5.929,3.641,5.855,3.850,0.402,3.448,3.448,0.000,0.000,0.375,
11.11.2025,11:0:49.448,16.313,29.865,19.792,3.690,0.000,250.0,250.0,15.448,4.194,2.525,9.216,7.294,4.522,2.772,4.460,3.850,0.402,3.448,3.448,0.000,1.250,0.000,
11.11.2025,11:0:50.449,14.953,29.332,19.173,3.747,0.000,250.0,250.0,14.219,3.859,2.391,8.085,6.508,4.031,2.477,3.982,3.839,0.399,3.440,3.440,0.000,0.000,0.000,
11.11.2025,11:0:51.462,16.313,26.979,16.985,3.644,0.000,250.0,250.0,11.060,3.847,2.379,8.050,6.476,4.021,2.455,3.972,3.839,0.399,3.440,3.440,0.000,0.375,1.125,
11.11.2025,11:0:52.459,35.344,28.114,17.610,3.980,0.000,250.0,250.0,11.218,4.200,2.415,9.363,7.299,4.530,2.769,4.481,3.847,0.399,3.448,3.448,0.000,0.750,0.750,
11.11.2025,11:0:53.456,16.313,27.855,17.806,3.687,0.000,250.0,250.0,13.893,4.223,2.562,9.313,7.359,4.565,2.794,4.516,3.839,0.399,3.440,3.440,0.000,0.375,0.500,
11.11.2025,11:0:54.457,19.032,30.177,20.154,3.674,0.000,250.0,250.0,13.976,4.051,2.464,8.739,6.953,4.315,2.638,4.265,3.847,0.399,3.448,3.440,0.000,0.375,0.375,
11.11.2025,11:0:55.454,17.672,28.265,18.186,3.677,0.000,250.0,250.0,16.289,7.228,3.322,19.991,14.454,8.960,5.494,8.850,3.879,0.430,3.449,3.448,0.000,0.000,0.000,
11.11.2025,11:0:56.453,17.672,28.720,18.886,3.541,0.000,250.0,250.0,23.207,6.310,3.200,16.639,12.296,7.623,4.673,7.537,3.843,0.395,3.448,3.448,0.000,0.000,0.000,
11.11.2025,11:0:57.449,14.953,26.180,15.972,3.836,0.000,250.0,250.0,18.214,5.003,2.526,12.295,9.189,5.695,3.494,5.621,3.882,0.433,3.449,3.448,0.000,1.375,0.000,
11.11.2025,11:0:58.448,17.672,27.494,17.433,3.684,0.000,250.0,250.0,15.477,3.829,2.403,7.960,6.423,3.987,2.436,3.937,3.847,0.399,3.448,3.448,0.000,0.000,0.000,
11.11.2025,11:0:59.461,17.672,29.485,19.275,3.774,0.000,250.0,250.0,11.923,3.783,2.415,7.776,6.319,3.917,2.402,3.880,3.839,0.399,3.440,3.440,0.000,2.125,1.625,
11.11.2025,11:1:0.459,19.032,27.542,17.063,3.999,0.000,250.0,250.0,11.081,3.783,2.513,9.206,7.268,4.509,2.759,4.460,3.939,0.456,3.483,3.448,0.000,0.000,0.000,
11.11.2025,11:1:1.458,10.875,28.457,18.239,3.766,0.000,250.0,250.0,11.081,4.204,2.513,9.206,7.268,4.509,2.759,4.460,3.939,0.456,3.483,3.448,0.000,0.000,0.000,
11.11.2025,11:1:2.461,21.750,28.420,18.282,3.753,0.000,250.0,250.0,14.694,3.806,2.550,7.728,6.378,3.952,2.426,3.903,3.839,0.399,3.440,3.440,0.000,0.000,0.000,
11.11.2025,11:1:3.458,29.907,28.382,18.406,3.601,0.000,250.0,250.0,11.513,6.060,3.077,15.795,11.698,7.257,4.441,7.171,3.857,0.409,3.448,3.448,0.000,0.000,0.000,
11.11.2025,11:1:4.455,38.063,30.724,20.757,3.657,0.000,250.0,250.0,19.734,5.204,2.832,12.777,9.678,6.001,3.677,5.928,3.850,0.402,3.448,3.448,0.000,0.375,0.000,
11.11.2025,11:1:5.453,16.313,28.309,18.203,3.698,0.000,250.0,250.0,21.290,6.895,3.199,18.867,13.678,8.480,5.198,8.381,3.850,0.402,3.448,3.448,0.000,0.000,0.000,
11.11.2025,11:1:6.451,19.032,27.883,17.947,3.639,0.000,250.0,250.0,18.976,4.948,2.599,12.001,9.053,5.609,3.444,5.548,3.888,0.438,3.450,3.448,0.000,1.000,0.500,
11.11.2025,11:1:7.462,16.313,28.352,18.083,3.801,0.000,250.0,250.0,16.208,3.798,2.501,7.749,6.363,3.938,2.425,3.889,3.839,0.399,3.440,3.440,0.000,0.000,2.375,
11.11.2025,11:1:8.449,19.032,26.210,16.120,3.732,0.000,250.0,250.0,11.988,3.924,2.550,8.181,6.660,4.124,2.536,4.074,3.839,0.399,3.440,3.440,0.000,1.125,0.000,
11.11.2025,11:1:9.449,39.422,26.094,15.978,3.689,0.000,250.0,250.0,13.779,5.054,2.955,12.087,9.318,5.778,3.540,5.716,3.850,0.402,3.448,3.448,0.000,0.000,0.000,
11.11.2025,11:1:10.449,23.110,28.164,18.091,3.704,0.000,250.0,250.0,16.038,3.924,2.513,8.201,6.654,4.128,2.526,4.066,3.850,0.402,3.448,3.448,0.000,0.875,1.625,
11.11.2025,11:1:11.450,24.469,27.289,17.233,3.678,0.000,250.0,250.0,17.120,4.527,2.746,10.187,8.026,4.973,3.053,4.911,3.961,0.427,3.534,3.448,0.000,0.000,0.000,
11.11.2025,11:1:12.460,16.313,29.027,19.095,3.621,0.000,250.0,250.0,14.912,4.141,2.636,8.859,7.131,4.421,2.710,4.372,3.917,0.426,3.491,3.448,0.000,0.375,0.375,
11.11.2025,11:1:13.461,19.032,30.844,20.609,3.775,0.000,250.0,250.0,14.102,6.428,3.053,17.242,12.577,7.795,4.782,7.709,3.839,0.399,3.440,3.448,0.000,0.000,0.500,
11.11.2025,11:1:14.461,16.313,28.925,18.624,3.858,0.000,250.0,250.0,12.276,4.490,2.501,10.387,7.984,4.958,3.026,4.897,3.847,0.399,3.448,3.448,0.000,0.000,0.000,
11.11.2025,11:1:15.458,19.032,26.578,16.329,3.839,0.000,250.0,250.0,11.315,4.434,2.403,10.266,7.857,4.877,2.980,4.815,3.847,0.399,3.448,3.448,0.000,0.000,1.125,
11.11.2025,11:1:16.456,21.750,28.716,18.723,3.631,0.000,250.0,250.0,11.093,4.618,2.427,10.953,8.298,5.146,3.152,5.084,3.839,0.399,3.440,3.440,0.000,0.000,0.000,
11.11.2025,11:1:17.456,13.594,27.249,17.205,3.690,0.000,250.0,250.0,15.052,7.487,3.457,20.864,15.085,9.356,5.729,9.233,3.850,0.402,3.448,3.448,0.000,2.000,1.125,
11.11.2025,11:1:18.457,23.110,28.871,18.578,3.788,0.000,250.0,250.0,13.218,5.690,2.844,14.602,10.820,6.709,4.111,6.623,3.872,0.423,3.449,3.448,0.000,0.000,0.000,
11.11.2025,11:1:19.456,21.750,29.793,19.728,3.680,0.000,250.0,250.0,12.882,4.690,2.476,11.148,8.439,5.241,3.198,5.179,3.884,0.433,3.451,3.448,0.000,1.000,0.000,
11.11.2025,11:1:20.450,25.829,23.450,14.720,3.728,0.000,250.0,250.0,11.232,5.183,2.758,12.774,9.625,5.974,3.651,5.901,3.847,0.399,3.448,3.448,0.000,0.000,0.000,
11.11.2025,11:1:21.461,25.829,30.093,21.450,4.017,0.000,250.0,250.0,58.883,18.966,8.768,56.809,40.675,25.227,15.448,24.920,6.111,0.543,5.568,5.588,0.000,0.000,2.250,
11.11.2025,11:1:22.456,16.313,28.639,18.834,3.717,0.000,250.0,250.0,65.509,19.119,8.754,57.357,41.001,25.433,15.568,25.126,6.176,0.576,5.600,5.598,0.002,0.750,1.250,
11.11.2025,11:1:23.453,16.313,28.639,18.834,3.717,0.000,250.0,250.0,38.433,8.120,3.641,23.060,16.561,10.271,6.290,10.136,3.880,0.407,3.473,3.482,0.002,0.750,1.250,
11.11.2025,11:1:24.453,23.110,28.172,17.637,3.757,0.000,250.0,250.0,21.856,6.151,3.310,15.902,11.916,7.391,4.525,7.293,3.859,0.402,3.457,3.457,0.000,0.000,0.000,
11.11.2025,11:1:25.449,19.032,27.460,17.220,3.745,0.000,250.0,250.0,14.027,3.877,2.513,8.013,6.532,4.055,2.477,4.006,3.859,0.402,3.457,3.457,0.000,0.000,1.125,
11.11.2025,11:1:26.461,19.032,27.574,17.285,3.837,0.000,250.0,250.0,12.246,4.948,2.636,11.948,9.043,5.611,3.432,5.537,3.902,0.434,3.468,3.465,0.000,0.000,0.000,
11.11.2025,11:1:27.458,23.110,26.181,16.277,3.590,0.000,250.0,250.0,15.635,3.831,2.440,7.906,6.428,3.978,2.450,3.929,3.859,0.402,3.457,3.457,0.000,0.000,2.250,
11.11.2025,11:1:28.456,21.750,28.053,18.009,3.726,0.000,250.0,250.0,14.197,4.764,2.562,11.308,8.604,5.330,3.274,5.268,3.918,0.418,3.500,3.457,0.000,0.750,1.875,
11.11.2025,11:1:29.457,19.032,27.092,16.790,3.832,0.000,250.0,250.0,13.546,7.489,3.322,20.989,15.068,9.341,5.727,9.230,3.880,0.422,3.458,3.457,0.000,1.500,2.250,
11.11.2025,11:1:30.455,20.391,30.925,20.844,3.750,0.000,250.0,250.0,18.915,3.783,2.391,7.763,6.312,3.908,2.404,3.858,3.867,0.402,3.465,3.465,0.000,1.375,0.625,
11.11.2025,11:1:31.451,16.313,28.466,18.335,3.717,0.000,250.0,250.0,15.127,3.792,2.415,7.793,6.330,3.929,2.401,3.880,3.859,0.402,3.457,3.457,0.000,0.000,0.000,
11.11.2025,11:1:32.463,21.750,27.862,17.657,3.844,0.001,250.0,250.0,11.687,6.778,3.396,18.194,13.391,8.300,5.091,8.202,3.881,0.431,3.450,3.448,0.000,0.000,0.000,
11.11.2025,11:1:33.457,25.829,27.626,17.444,3.766,0.000,250.0,250.0,19.010,7.419,3.469,20.560,14.897,9.231,5.666,9.120,3.889,0.423,3.466,3.465,0.000,0.000,0.000,
11.11.2025,11:1:34.454,19.032,30.061,20.161,3.597,0.001,250.0,250.0,18.242,3.754,2.550,7.501,6.247,3.869,2.378,3.819,3.859,0.402,3.457,3.457,0.000,0.000,0.000,
11.11.2025,11:1:35.456,23.110,27.093,16.793,3.837,0.000,250.0,250.0,12.181,3.681,2.428,7.359,6.071,3.768,2.303,3.719,3.859,0.402,3.457,3.448,0.000,0.375,0.500,
11.11.2025,11:1:36.457,25.829,28.681,18.509,3.791,0.000,250.0,250.0,12.214,5.433,2.783,13.688,10.216,6.326,3.890,6.252,3.859,0.402,3.457,3.457,0.000,1.000,0.000,
11.11.2025,11:1:37.456,14.953,27.331,17.292,3.668,0.000,250.0,250.0,13.413,4.088,2.403,8.929,7.037,4.363,2.674,4.301,3.859,0.402,3.457,3.457,0.000,2.125,0.750,
11.11.2025,11:1:38.451,16.313,27.534,17.434,3.708,0.000,250.0,250.0,11.165,5.853,3.016,15.061,11.211,6.945,4.266,6.859,3.859,0.402,3.457,3.457,0.000,1.375,0.000,
11.11.2025,11:1:39.449,13.594,29.196,18.990,3.765,0.000,250.0,250.0,12.583,3.688,2.452,7.355,6.085,3.770,2.315,3.733,3.859,0.402,3.457,3.457,0.000,1.125,1.625,
11.11.2025,11:1:40.449,19.032,27.208,16.870,3.881,0.000,250.0,250.0,11.096,3.661,2.501,7.204,6.019,3.729,2.290,3.692,3.859,0.402,3.457,3.457,0.000,0.500,1.125,
11.11.2025,11:1:41.450,24.469,27.208,16.870,3.881,0.000,250.0,250.0,13.110,5.013,2.783,12.070,9.200,5.707,3.493,5.645,3.889,0.430,3.459,3.457,0.000,0.000,0.000,
11.11.2025,11:1:42.449,27.188,27.435,17.367,3.703,0.000,250.0,250.0,16.547,3.680,2.477,7.293,6.065,3.760,2.305,3.723,3.859,0.402,3.457,3.457,0.001,0.000,0.000,
11.11.2025,11:1:43.449,17.672,28.311,17.973,3.865,0.000,250.0,250.0,10.531,3.893,2.575,8.025,6.578,4.077,2.501,4.028,3.850,0.402,3.448,3.448,0.000,0.000,0.000,
11.11.2025,11:1:44.449,27.188,28.054,17.864,3.814,0.000,250.0,250.0,12.409,4.228,2.440,9.404,7.351,4.556,2.795,4.494,3.894,0.435,3.459,3.457,0.000,0.000,2.000,
11.11.2025,11:1:45.457,25.829,28.054,17.864,3.814,0.000,250.0,250.0,16.759,7.663,3.518,21.440,15.473,9.598,5.875,9.475,3.899,0.440,3.459,3.457,0.000,0.125,2.250,
11.11.2025,11:1:46.452,25.829,28.731,18.833,3.598,0.001,250.0,250.0,21.942,5.932,3.138,15.189,11.360,7.045,4.315,6.959,3.927,0.418,3.509,3.465,0.000,2.250,2.250,
11.11.2025,11:1:47.452,19.032,28.731,18.833,3.598,0.001,250.0,250.0,19.427,3.741,2.464,7.544,6.209,3.856,2.353,3.806,3.859,0.402,3.457,3.457,0.000,0.375,0.750,
11.11.2025,11:1:48.449,20.391,28.722,18.424,3.813,0.000,250.0,250.0,12.779,3.834,2.501,7.857,6.433,3.993,2.440,3.943,3.859,0.402,3.457,3.457,0.000,0.750,1.125,
11.11.2025,11:1:49.461,20.391,29.644,19.669,3.654,0.000,250.0,250.0,13.291,5.463,3.126,13.446,10.281,6.370,3.911,6.297,3.867,0.402,3.465,3.465,0.001,0.375,1.000,
11.11.2025,11:1:50.461,19.032,28.707,18.566,3.715,0.000,250.0,250.0,18.459,3.778,2.428,7.726,6.301,3.901,2.400,3.852,3.859,0.402,3.457,3.457,0.000,0.375,0.000,
11.11.2025,11:1:51.461,20.391,27.591,17.291,3.844,0.000,250.0,250.0,12.865,3.894,2.379,8.224,6.580,4.078,2.502,4.029,3.850,0.402,3.448,3.448,0.000,1.125,0.125,
11.11.2025,11:1:52.462,16.313,27.989,17.851,3.782,0.000,250.0,250.0,14.662,3.790,2.403,7.792,6.323,3.920,2.403,3.883,3.859,0.402,3.457,3.457,0.000,1.000,0.000,
11.11.2025,11:1:53.464,17.672,27.260,17.178,3.657,0.000,250.0,250.0,11.785,3.786,2.464,7.716,6.319,3.917,2.402,3.867,3.859,0.402,3.457,3.457,0.000,0.000,0.500,
11.11.2025,11:1:54.460,21.750,27.818,17.523,3.792,0.000,250.0,250.0,11.489,3.763,2.477,7.621,6.259,3.881,2.378,3.844,3.859,0.402,3.457,3.448,0.000,1.000,0.000,
11.11.2025,11:1:55.457,20.391,28.065,17.908,3.784,0.000,250.0,250.0,11.206,6.663,3.519,17.651,13.123,8.142,4.981,8.043,3.859,0.402,3.457,3.457,0.000,0.000,0.000,
11.11.2025,11:1:56.456,16.313,28.065,17.908,3.784,0.000,250.0,250.0,15.129,3.926,2.587,8.124,6.654,4.128,2.526,4.066,3.859,0.402,3.457,3.457,0.000,0.500,0.000,
11.11.2025,11:1:57.468,21.750,27.846,17.691,3.769,0.000,250.0,250.0,11.707,4.297,2.722,9.420,7.520,4.665,2.855,4.616,3.859,0.402,3.457,3.457,0.000,0.000,0.000,
11.11.2025,11:1:58.479,16.313,29.105,18.978,3.723,0.000,250.0,250.0,12.347,4.024,2.526,8.569,6.882,4.260,2.622,4.210,3.859,0.402,3.457,3.457,0.000,1.500,2.250,
11.11.2025,11:1:59.488,23.110,29.105,18.978,3.723,0.000,250.0,250.0,12.372,3.779,2.501,7.661,6.309,3.906,2.403,3.857,3.850,0.402,3.448,3.457,0.000,0.000,0.000,
11.11.2025,11:2:0.482,17.672,29.485,19.366,3.724,0.000,250.0,250.0,15.289,4.314,2.636,9.562,7.568,4.688,2.880,4.627,3.859,0.402,3.457,3.457,0.001,0.000,1.500,
11.11.2025,11:2:1.491,19.032,29.436,19.365,3.685,0.000,250.0,250.0,13.073,6.050,2.967,15.819,11.642,7.224,4.418,7.138,3.910,0.443,3.467,3.473,0.000,0.000,0.000,
11.11.2025,11:2:2.491,28.547,29.440,19.328,3.776,0.001,250.0,250.0,17.609,7.370,3.445,20.420,14.804,9.173,5.631,9.062,3.855,0.398,3.457,3.457,0.000,1.625,2.625,
11.11.2025,11:2:3.482,21.750,29.350,19.268,3.712,0.000,250.0,250.0,19.278,3.911,2.550,8.103,6.604,4.103,2.501,4.054,3.867,0.402,3.465,3.465,0.000,0.000,0.000,
11.11.2025,11:2:4.485,17.672,28.511,18.416,3.694,0.000,250.0,250.0,11.007,3.799,2.489,7.730,6.354,3.936,2.418,3.886,3.859,0.402,3.457,3.457,0.000,0.000,0.500,
11.11.2025,11:2:5.500,21.750,28.153,17.788,3.882,0.000,250.0,250.0,12.175,4.813,2.918,11.177,8.741,5.417,3.324,5.355,3.867,0.402,3.465,3.465,0.000,0.000,0.000,
11.11.2025,11:2:6.510,16.313,28.153,17.788,3.882,0.000,250.0,250.0,13.917,4.486,2.513,10.286,7.942,4.925,3.017,4.863,3.926,0.418,3.508,3.465,0.000,0.000,0.500,
11.11.2025,11:2:7.504,19.032,28.763,18.682,3.726,0.000,250.0,250.0,12.368,3.836,2.464,7.904,6.436,3.995,2.441,3.945,3.859,0.402,3.457,3.457,0.000,1.375,0.000,
11.11.2025,11:2:8.521,19.032,27.531,17.423,3.744,0.000,250.0,250.0,14.089,5.871,2.955,15.169,11.232,6.963,4.269,6.890,3.890,0.431,3.459,3.457,0.000,0.000,0.000,
11.11.2025,11:2:9.525,17.672,28.235,18.025,3.749,0.000,250.0,250.0,11.795,3.810,2.403,7.866,6.373,3.957,2.416,3.908,3.859,0.402,3.457,3.457,0.000,0.000,0.000,
11.11.2025,11:2:10.522,20.391,26.427,16.360,3.716,0.000,250.0,250.0,11.102,3.913,2.526,8.150,6.627,4.102,2.525,4.052,3.850,0.402,3.448,3.448,0.000,1.125,2.250,
11.11.2025,11:2:11.519,28.547,26.874,16.486,3.907,0.000,250.0,250.0,11.393,4.224,2.526,9.330,7.351,4.556,2.795,4.507,3.859,0.402,3.457,3.457,0.000,1.000,0.000,
11.11.2025,11:2:12.512,17.672,29.505,19.268,3.809,0.000,250.0,250.0,12.522,3.927,2.428,8.288,6.657,4.130,2.527,4.068,3.859,0.402,3.457,3.457,0.000,1.250,1.250,
11.11.2025,11:2:13.540,20.391,28.037,17.928,3.725,0.000,250.0,250.0,12.543,3.968,2.489,8.387,6.752,4.189,2.563,4.127,3.859,0.402,3.457,3.457,0.000,0.000,0.000,
11.11.2025,11:2:14.530,27.188,28.288,18.011,3.856,0.001,250.0,250.0,11.250,7.053,3.310,19.347,14.041,8.705,5.336,8.606,3.865,0.408,3.457,3.457,0.000,1.375,1.125,
11.11.2025,11:2:15.536,17.672,28.288,18.011,3.856,0.001,250.0,250.0,20.490,6.281,3.249,16.456,12.210,7.574,4.636,7.488,3.871,0.398,3.473,3.457,0.000,1.625,0.375,
11.11.2025,11:2:16.529,19.032,29.003,19.100,3.592,0.000,250.0,250.0,20.691,3.850,2.464,7.964,6.467,4.016,2.451,3.966,3.859,0.402,3.457,3.457,0.000,1.000,1.125,
11.11.2025,11:2:17.531,20.391,27.249,16.816,3.935,0.000,250.0,250.0,12.762,4.509,2.526,10.422,8.021,4.982,3.039,4.921,3.859,0.402,3.457,3.457,0.000,1.000,0.000,
11.11.2025,11:2:18.543,24.469,28.071,17.773,3.877,0.000,250.0,250.0,11.676,6.365,3.212,16.819,12.416,7.696,4.720,7.610,3.859,0.402,3.457,3.457,0.000,0.000,0.000,
11.11.2025,11:2:19.544,24.469,29.499,19.422,3.725,0.000,250.0,250.0,17.584,6.651,3.285,17.839,13.093,8.126,4.967,8.028,3.859,0.402,3.457,3.457,0.000,2.250,0.000,
11.11.2025,11:2:20.543,29.907,28.825,18.708,3.748,0.000,250.0,250.0,17.957,4.059,2.501,8.719,6.969,4.322,2.647,4.261,3.859,0.402,3.457,3.457,0.000,1.500,0.000,
11.11.2025,11:2:21.557,19.032,29.716,19.642,3.699,0.000,250.0,250.0,11.811,6.489,3.065,17.435,12.716,7.883,4.833,7.784,3.859,0.402,3.457,3.457,0.000,0.375,0.000,
11.11.2025,11:2:22.556,17.672,29.923,19.515,3.919,0.000,250.0,250.0,11.636,4.347,2.415,9.858,7.615,4.724,2.891,4.662,3.926,0.426,3.500,3.457,0.000,1.000,1.625,
11.11.2025,11:2:23.551,31.266,32.928,22.504,4.023,0.000,250.0,250.0,15.670,7.876,3.567,22.212,15.982,9.909,6.073,9.799,3.874,0.409,3.465,3.465,0.000,0.375,0.000,
11.11.2025,11:2:24.548,24.469,29.744,19.651,3.740,0.000,250.0,250.0,21.265,7.126,3.408,19.529,14.218,8.823,5.395,8.712,3.859,0.402,3.457,3.457,0.000,0.000,0.000,
11.11.2025,11:2:25.561,24.469,26.609,16.425,3.732,0.000,250.0,250.0,14.689,4.427,2.489,10.137,7.832,4.864,2.968,4.803,3.859,0.402,3.457,3.457,0.000,0.000,0.000,
11.11.2025,11:2:26.558,17.672,29.033,19.077,3.664,0.000,250.0,250.0,14.816,4.637,2.624,10.761,8.305,5.143,3.162,5.082,3.918,0.418,3.500,3.457,0.000,0.000,0.000,
11.11.2025,11:2:27.570,14.953,27.502,17.376,3.737,0.000,250.0,250.0,12.886,3.836,2.403,7.967,6.439,3.989,2.450,3.939,3.859,0.402,3.457,3.457,0.000,0.000,0.875,
11.11.2025,11:2:28.569,24.469,28.008,17.819,3.770,0.000,250.0,250.0,11.923,3.859,2.464,8.000,6.488,4.026,2.462,3.976,3.859,0.402,3.457,3.457,0.000,0.000,1.125,
11.11.2025,11:2:29.562,44.860,34.690,24.329,3.937,0.000,250.0,250.0,13.165,5.913,2.918,15.385,11.353,7.035,4.318,6.949,3.859,0.402,3.457,3.457,0.000,0.000,0.000,
11.11.2025,11:2:30.570,28.547,36.170,25.760,3.897,0.000,250.0,250.0,15.337,4.510,2.452,9.934,7.688,4.768,2.920,4.706,3.926,0.426,3.500,4.785,0.000,0.375,0.625,
11.11.2025,11:2:31.569,14.953,27.417,17.339,3.747,0.000,250.0,250.0,12.081,3.812,2.489,7.791,6.379,3.953,2.426,3.904,3.859,0.402,3.457,3.457,0.000,1.500,0.500,
11.11.2025,11:2:32.564,28.547,29.622,19.489,3.760,0.000,250.0,250.0,12.218,6.360,3.163,16.844,12.408,7.698,4.710,7.599,3.859,0.402,3.457,3.457,0.000,0.000,1.125,
11.11.2025,11:2:33.563,16.313,28.401,18.401,3.641,0.000,250.0,250.0,16.948,3.754,2.403,7.655,6.246,3.868,2.378,3.819,3.859,0.402,3.457,3.457,0.000,0.000,2.250,
11.11.2025,11:2:34.560,32.625,28.885,18.769,3.705,0.000,250.0,250.0,12.668,3.907,2.550,8.092,6.607,4.092,2.515,4.043,3.859,0.402,3.457,3.457,0.000,0.375,1.500,
11.11.2025,11:2:35.559,17.672,28.107,17.803,3.867,0.000,250.0,250.0,12.984,7.267,3.445,20.033,14.558,9.025,5.533,8.914,3.855,0.398,3.457,3.457,0.000,1.000,0.000,
11.11.2025,11:2:36.569,20.391,28.395,18.305,3.707,0.000,250.0,250.0,14.577,8.424,3.714,24.173,17.293,10.718,6.575,10.595,3.855,0.398,3.457,3.465,0.000,0.000,0.000,
11.11.2025,11:2:37.566,35.344,28.395,18.305,3.707,0.000,250.0,250.0,19.590,5.452,2.808,13.748,10.259,6.360,3.899,6.286,3.850,0.402,3.448,3.457,0.000,0.500,0.000,
11.11.2025,11:2:38.561,21.750,30.726,20.566,3.729,0.000,250.0,250.0,15.346,4.221,2.587,9.261,7.343,4.551,2.792,4.502,3.859,0.402,3.457,3.457,0.000,0.000,0.000,
11.11.2025,11:2:39.558,27.188,27.981,17.639,3.901,0.001,250.0,250.0,12.566,4.241,2.440,9.482,7.394,4.589,2.805,4.527,3.859,0.402,3.457,3.457,0.000,2.000,2.125,
11.11.2025,11:2:40.558,17.672,27.981,17.639,3.901,0.001,250.0,250.0,13.942,4.601,2.550,10.721,8.223,5.109,3.114,5.047,3.893,0.434,3.459,3.457,0.000,0.500,0.000,
11.11.2025,11:2:41.572,24.469,28.950,18.824,3.754,0.000,250.0,250.0,15.803,7.350,3.506,20.248,14.730,9.136,5.594,9.025,3.896,0.430,3.466,3.465,0.000,0.000,0.000,
11.11.2025,11:2:42.572,17.672,28.825,18.847,3.674,0.000,250.0,250.0,20.234,4.558,2.734,10.394,8.146,5.045,3.101,4.983,3.859,0.402,3.457,3.457,0.001,0.000,0.000,
11.11.2025,11:2:43.571,17.672,29.097,18.973,3.706,0.000,250.0,250.0,14.827,6.734,3.273,18.175,13.293,8.239,5.054,8.141,3.855,0.398,3.457,3.457,0.000,1.375,1.625,
11.11.2025,11:2:44.564,19.032,28.479,18.402,3.721,0.000,250.0,250.0,16.136,3.866,2.391,8.086,6.511,4.032,2.479,3.983,3.859,0.402,3.457,3.457,0.000,0.000,1.375,
11.11.2025,11:2:45.567,14.953,29.481,19.388,3.731,0.000,250.0,250.0,11.977,6.030,3.102,15.623,11.611,7.196,4.415,7.110,3.893,0.434,3.459,3.457,0.000,0.000,0.000,
11.11.2025,11:2:46.565,27.188,31.559,21.388,3.762,0.000,250.0,250.0,17.088,6.030,3.690,24.547,17.504,10.854,6.650,10.731,3.863,0.398,3.465,3.465,0.000,0.000,0.000,
11.11.2025,11:2:47.561,19.032,29.092,19.075,3.690,0.000,250.0,250.0,17.408,8.517,2.501,9.224,7.273,4.512,2.761,4.462,3.859,0.402,3.457,3.457,0.000,0.500,0.000,
11.11.2025,11:2:48.564,17.672,27.169,16.932,3.765,0.000,250.0,250.0,17.408,4.191,2.501,9.224,7.273,4.512,2.761,4.462,3.859,0.402,3.457,3.457,0.000,0.000,0.000,
11.11.2025,11:2:49.565,24.469,27.667,17.373,3.866,0.000,250.0,250.0,16.097,3.940,2.513,8.255,6.690,4.140,2.550,4.091,3.850,0.402,3.448,3.457,0.000,0.000,0.000,
11.11.2025,11:2:50.564,19.032,30.072,19.905,3.781,0.000,250.0,250.0,15.009,3.892,2.501,8.085,6.567,4.078,2.489,4.029,3.859,0.402,3.457,3.457,0.000,0.875,1.625,
11.11.2025,11:2:51.566,17.672,30.183,19.987,3.798,0.000,250.0,250.0,13.768,4.779,2.722,11.258,8.659,5.375,3.284,5.313,3.859,0.402,3.457,3.457,0.000,1.500,0.000,
11.11.2025,11:2:52.561,20.391,27.813,17.679,3.750,0.000,250.0,250.0,12.603,5.765,2.979,14.735,10.982,6.808,4.174,6.734,3.890,0.431,3.459,3.457,0.000,1.375,2.000,
11.11.2025,11:2:53.558,20.391,28.532,18.496,3.721,0.000,250.0,250.0,15.186,6.683,3.286,17.955,13.166,8.163,5.003,8.065,3.863,0.398,3.465,3.465,0.000,0.000,1.750,
11.11.2025,11:2:54.572,19.032,27.278,17.152,3.720,0.000,250.0,250.0,15.327,3.838,2.464,7.909,6.445,3.993,2.452,3.943,3.859,0.402,3.457,3.457,0.000,0.000,1.625,
11.11.2025,11:2:55.563,19.032,28.707,18.471,3.823,0.000,250.0,250.0,12.523,3.821,2.513,7.798,6.406,3.967,2.439,3.917,3.859,0.402,3.457,3.457,0.000,0.000,0.000,
11.11.2025,11:2:56.563,17.672,27.598,17.503,3.766,0.000,250.0,250.0,16.331,8.200,3.494,18.197,13.449,8.335,5.114,8.237,3.859,0.402,3.457,17.455,0.000,0.500,1.000,
11.11.2025,11:2:57.562,21.750,29.879,19.732,3.715,0.000,250.0,250.0,16.175,3.947,2.513,8.279,6.700,4.151,2.549,4.102,3.859,0.402,3.457,3.457,0.000,0.000,0.000,
11.11.2025,11:2:58.558,29.907,28.175,18.130,3.727,0.000,250.0,250.0,16.255,6.931,3.335,18.845,13.753,8.525,5.228,8.426,3.867,0.402,3.465,3.465,0.000,1.500,0.625,
11.11.2025,11:2:59.569,27.188,29.592,19.293,3.833,0.000,250.0,250.0,13.122,3.875,2.403,8.117,6.530,4.041,2.489,3.992,3.859,0.402,3.457,3.457,0.000,2.125,0.000,
11.11.2025,11:3:0.568,21.750,29.396,19.104,3.839,0.000,250.0,250.0,12.982,4.697,2.440,11.195,8.451,5.248,3.203,5.187,3.895,0.435,3.460,3.457,0.000,0.000,0.000,
11.11.2025,11:3:1.567,17.672,31.094,21.151,3.636,0.000,250.0,250.0,14.843,4.847,2.624,11.610,8.827,5.479,3.348,5.405,3.859,0.402,3.457,3.457,0.000,2.000,0.000,
11.11.2025,11:3:2.565,17.672,28.516,18.118,3.920,0.000,250.0,250.0,14.746,5.153,2.599,12.772,9.530,5.903,3.627,5.829,3.903,0.435,3.468,3.465,0.000,0.000,0.000,
11.11.2025,11:3:3.561,13.594,27.882,17.824,3.710,0.000,250.0,250.0,12.702,5.410,2.807,13.580,10.157,6.296,3.861,6.222,3.859,0.402,3.457,3.457,0.000,0.375,1.500,
11.11.2025,11:3:4.568,17.672,26.537,16.268,3.868,0.001,250.0,250.0,11.570,4.349,2.648,9.681,7.646,4.740,2.906,4.691,3.859,0.402,3.457,3.457,0.000,0.375,0.000,
11.11.2025,11:3:5.568,16.313,26.294,15.828,3.966,0.000,250.0,250.0,11.177,4.795,2.550,11.488,8.699,5.397,3.302,5.335,3.859,0.402,3.457,3.457,0.000,0.750,1.125,
11.11.2025,11:3:6.562,16.313,28.426,18.445,3.619,0.000,250.0,250.0,14.618,5.339,2.918,13.203,9.986,6.198,3.788,6.125,3.859,0.402,3.457,3.457,0.000,0.000,0.500,
11.11.2025,11:3:7.568,20.391,29.104,18.944,3.783,0.000,250.0,250.0,12.061,4.358,2.464,9.899,7.674,4.755,2.919,4.693,3.859,0.402,3.457,3.457,0.000,0.000,0.000,
11.11.2025,11:3:8.562,20.391,29.104,18.944,3.783,0.000,250.0,250.0,14.828,5.073,2.611,12.491,9.361,5.806,3.555,5.733,3.859,0.402,3.457,3.457,0.000,0.375,0.000,
11.11.2025,11:3:9.559,16.313,29.676,19.620,3.660,0.000,250.0,250.0,12.177,6.331,3.126,16.776,12.337,7.650,4.687,7.564,3.859,0.402,3.457,3.457,0.000,0.000,0.000,
11.11.2025,11:3:10.570,16.313,29.380,19.145,3.863,0.000,250.0,250.0,12.436,3.851,2.513,7.913,6.470,4.017,2.453,3.968,3.859,0.402,3.457,3.457,0.000,1.500,0.000,
11.11.2025,11:3:11.568,21.750,28.279,17.961,3.844,0.000,250.0,250.0,12.713,3.786,2.428,7.763,6.321,3.919,2.402,3.882,3.850,0.402,3.448,3.448,0.000,0.000,2.250,
11.11.2025,11:3:12.567,21.750,27.419,17.286,3.769,0.000,250.0,250.0,11.828,6.189,3.187,16.174,12.000,7.439,4.561,7.353,3.859,0.402,3.457,3.457,0.000,0.000,0.500,
11.11.2025,11:3:13.568,17.672,26.656,16.319,3.893,0.000,250.0,250.0,18.153,4.876,2.501,11.787,8.861,5.489,3.372,5.428,3.926,0.426,3.500,3.465,0.000,0.875,0.000,
11.11.2025,11:3:14.565,28.547,27.887,17.870,3.669,0.000,250.0,250.0,13.597,4.388,2.526,9.951,7.743,4.801,2.942,4.740,3.859,0.402,3.457,3.457,0.001,0.875,2.250,
11.11.2025,11:3:15.560,19.032,27.364,17.264,3.731,0.000,250.0,250.0,11.512,3.907,2.440,8.205,6.601,4.101,2.500,4.051,3.859,0.402,3.457,3.457,0.000,0.000,0.000,
11.11.2025,11:3:16.562,16.313,26.904,16.554,3.879,0.000,250.0,250.0,12.975,8.207,3.579,23.482,16.774,10.409,6.365,10.286,3.855,0.398,3.457,3.465,0.000,0.000,0.000,
11.11.2025,11:3:17.561,14.953,29.758,19.639,3.754,0.000,250.0,250.0,16.053,3.671,2.342,7.403,6.043,3.754,2.289,3.705,3.859,0.402,3.457,3.457,0.000,0.000,0.000,
11.11.2025,11:3:18.559,14.953,27.099,16.977,3.759,0.000,250.0,250.0,11.083,4.201,2.452,9.315,7.298,4.529,2.769,4.468,3.859,0.402,3.457,3.457,0.000,0.000,0.000,
11.11.2025,11:3:19.572,19.032,28.089,17.773,3.835,0.001,250.0,250.0,15.755,6.012,2.979,15.681,11.570,7.168,4.402,7.082,3.889,0.430,3.459,3.457,0.000,0.375,0.000,
11.11.2025,11:3:20.558,25.829,26.500,16.360,3.784,0.000,250.0,250.0,18.865,3.698,2.427,7.415,6.108,3.793,2.315,3.744,3.859,0.402,3.457,3.457,0.000,0.000,0.000,
11.11.2025,11:3:21.566,14.953,28.081,18.048,3.690,0.000,250.0,250.0,14.975,4.277,2.428,9.630,7.477,4.631,2.846,4.582,3.859,0.402,3.457,3.457,0.000,0.625,0.500,
11.11.2025,11:3:22.560,17.672,26.468,16.242,3.811,0.001,250.0,250.0,13.987,6.598,3.016,17.900,12.960,8.042,4.918,7.944,3.870,0.405,3.465,3.465,0.000,0.500,0.000,
11.11.2025,11:3:23.559,17.672,28.687,18.654,3.647,0.000,250.0,250.0,14.742,3.781,2.317,7.845,6.303,3.915,2.388,3.866,3.859,0.402,3.457,3.457,0.000,0.000,0.000,
11.11.2025,11:3:24.568,29.907,29.071,18.972,3.773,0.000,250.0,250.0,11.764,4.060,2.403,8.825,6.969,4.322,2.647,4.260,3.859,0.402,3.457,3.457,0.000,0.000,0.750,
11.11.2025,11:3:25.564,24.469,31.378,21.022,3.863,0.000,250.0,250.0,11.512,4.166,2.562,9.072,7.216,4.470,2.746,4.421,3.859,0.402,3.457,3.457,0.000,2.125,0.375,
11.11.2025,11:3:26.563,16.313,29.454,18.889,4.074,0.000,250.0,250.0,16.600,7.200,3.408,19.816,14.392,8.923,5.469,8.825,3.855,0.398,3.457,3.457,0.000,0.750,0.000,
11.11.2025,11:3:27.571,19.032,30.195,20.081,3.748,0.000,250.0,250.0,20.061,8.344,3.788,23.795,17.105,10.604,6.501,10.469,3.855,0.398,3.457,3.465,0.000,0.000,0.000,
11.11.2025,11:3:28.562,24.469,28.835,18.968,3.561,0.000,250.0,250.0,20.924,3.888,2.648,7.923,6.562,4.063,2.499,4.014,3.859,0.402,3.457,3.457,0.000,0.500,0.125,
11.11.2025,11:3:29.565,16.313,29.563,19.499,3.685,0.000,250.0,250.0,12.548,4.249,2.538,9.418,7.410,4.591,2.819,4.542,3.859,0.402,3.457,3.457,0.000,0.375,0.000,
11.11.2025,11:3:30.563,17.672,28.856,18.581,3.832,0.000,250.0,250.0,12.469,3.910,2.452,8.205,6.613,4.101,2.512,4.052,3.859,0.402,3.457,3.448,0.000,0.250,1.250,
11.11.2025,11:3:31.560,20.391,26.789,16.608,3.783,0.000,250.0,250.0,11.118,5.993,2.955,15.631,11.517,7.149,4.368,7.063,3.890,0.431,3.459,3.465,0.000,1.500,1.125,
11.11.2025,11:3:32.559,25.829,27.729,17.475,3.848,0.000,250.0,250.0,16.499,7.381,3.285,20.596,14.800,9.182,5.618,9.072,3.891,0.433,3.458,3.473,0.000,0.000,2.375,
11.11.2025,11:3:33.559,23.110,29.545,19.248,3.845,0.001,250.0,250.0,15.402,3.937,2.415,8.344,6.673,4.137,2.536,4.087,3.859,0.402,3.457,3.457,0.000,0.750,1.625,
11.11.2025,11:3:34.564,12.235,28.639,18.425,3.819,0.000,250.0,250.0,11.594,6.996,3.420,19.015,13.907,8.624,5.283,8.514,3.867,0.402,3.465,3.465,0.000,0.000,0.000,
11.11.2025,11:3:35.568,10.875,28.636,18.436,3.758,0.000,250.0,250.0,21.480,3.807,2.513,7.745,6.373,3.944,2.429,3.895,3.859,0.402,3.457,3.457,0.000,0.750,1.625,
11.11.2025,11:3:36.567,28.547,29.578,19.643,3.584,0.000,250.0,250.0,11.678,3.771,2.489,7.629,6.284,3.894,2.390,3.845,3.859,0.402,3.457,3.457,0.000,1.000,0.000,
11.11.2025,11:3:37.565,14.953,27.076,16.768,3.899,0.000,250.0,250.0,14.316,5.178,2.722,12.780,9.606,5.953,3.653,5.891,3.859,0.402,3.457,3.457,0.000,0.000,0.750,
11.11.2025,11:3:38.563,17.672,27.643,17.441,3.770,0.000,250.0,250.0,12.313,5.401,2.697,13.583,10.098,6.256,3.842,6.182,3.949,0.447,3.502,3.457,0.000,0.625,0.000,
11.11.2025,11:3:39.560,21.750,27.432,17.163,3.822,0.000,250.0,250.0,12.634,3.795,2.329,7.880,6.339,3.934,2.405,3.885,3.859,0.402,3.457,3.457,0.000,0.000,0.500,
11.11.2025,11:3:40.571,20.391,30.377,20.195,3.764,0.000,250.0,250.0,11.883,4.384,2.403,10.063,7.729,4.800,2.929,4.738,3.859,0.402,3.457,3.457,0.000,0.000,1.125,
11.11.2025,11:3:41.569,23.110,27.921,17.849,3.743,0.000,250.0,250.0,17.246,6.824,3.089,18.699,13.499,8.372,5.127,8.274,3.859,0.402,3.457,3.457,0.001,0.000,0.000,
11.11.2025,11:3:42.569,19.032,29.382,19.329,3.672,0.000,250.0,250.0,13.512,3.947,2.415,8.375,6.701,4.151,2.550,4.102,3.859,0.402,3.457,3.457,0.000,0.000,1.000,
11.11.2025,11:3:43.566,19.032,29.410,19.131,3.849,0.001,250.0,250.0,11.580,4.322,2.562,9.669,7.581,4.701,2.880,4.652,3.859,0.402,3.457,3.457,0.000,0.375,0.000,
11.11.2025,11:3:44.563,17.672,29.229,19.034,3.784,0.000,250.0,250.0,12.085,6.768,3.298,18.246,13.361,8.280,5.081,8.181,3.889,0.430,3.459,3.457,0.000,0.000,0.000,
11.11.2025,11:3:45.573,17.672,28.361,18.331,3.699,0.000,250.0,250.0,13.219,3.812,2.415,7.871,6.375,3.950,2.425,3.913,3.859,0.402,3.457,3.457,0.000,0.125,0.000,
11.11.2025,11:3:46.568,14.953,30.027,19.979,3.687,0.000,250.0,250.0,12.607,4.049,2.489,8.699,6.947,4.311,2.636,4.249,3.850,0.402,3.448,3.457,0.000,0.000,0.000,
11.11.2025,11:3:47.566,17.672,26.476,16.326,3.782,0.000,250.0,250.0,12.623,5.771,2.844,14.878,10.977,6.805,4.172,6.732,3.920,0.457,3.463,3.465,0.000,0.500,0.000,
11.11.2025,11:3:48.565,21.750,28.610,18.408,3.750,0.000,250.0,250.0,17.908,4.149,2.575,8.989,7.176,4.451,2.725,4.402,3.859,0.402,3.457,3.457,0.000,1.625,1.000,
11.11.2025,11:3:49.563,19.032,28.704,18.604,3.711,0.000,250.0,250.0,13.890,4.077,2.612,8.682,7.009,4.348,2.661,4.287,3.859,0.402,3.457,3.457,0.000,0.000,0.000,
11.11.2025,11:3:50.558,25.829,27.930,17.857,3.735,0.000,250.0,250.0,12.507,4.961,2.930,11.730,9.096,5.637,3.459,5.563,3.867,0.402,3.465,3.457,0.000,1.625,0.000,
11.11.2025,11:3:51.560,12.235,29.258,19.090,3.732,0.000,250.0,250.0,13.474,7.302,3.543,20.066,14.632,9.079,5.553,8.969,3.859,0.402,3.457,3.457,0.000,0.000,2.000,
11.11.2025,11:3:52.573,17.672,28.743,18.624,3.723,0.000,250.0,250.0,18.293,4.045,2.403,8.713,6.899,4.275,2.624,4.225,3.927,0.426,3.501,3.457,0.001,0.000,0.000,
11.11.2025,11:3:53.559,16.313,27.620,17.626,3.646,0.000,250.0,250.0,13.842,4.662,2.697,10.817,8.387,5.197,3.190,5.135,3.867,0.402,3.465,3.465,0.000,0.375,0.000,
11.11.2025,11:3:54.566,25.829,27.751,17.672,3.766,0.000,250.0,250.0,13.338,3.681,2.440,7.337,6.067,3.761,2.306,3.724,3.859,0.402,3.457,3.457,0.000,1.125,0.000,
11.11.2025,11:3:55.570,19.032,28.721,18.622,3.738,0.000,250.0,250.0,11.724,3.705,2.440,7.432,6.121,3.794,2.327,3.757,3.859,0.402,3.457,3.457,0.000,0.375,0.750,
11.11.2025,11:3:56.567,17.672,27.357,17.097,3.757,0.000,250.0,250.0,11.163,3.940,2.612,8.153,6.683,4.143,2.540,4.094,3.859,0.402,3.457,3.457,0.000,0.375,0.500,
11.11.2025,11:3:57.559,25.829,28.274,18.015,3.854,0.000,250.0,250.0,12.127,5.231,2.942,12.767,9.729,6.039,3.690,5.966,3.859,0.402,3.457,3.457,0.000,1.500,0.500,
11.11.2025,11:3:58.563,20.391,28.406,18.286,3.744,0.001,250.0,250.0,12.848,3.834,2.575,7.794,6.430,3.991,2.439,3.941,3.859,0.402,3.457,3.457,0.000,0.000,1.000,
11.11.2025,11:3:59.561,20.391,27.708,17.587,3.707,0.000,250.0,250.0,11.948,4.154,2.513,9.023,7.155,4.433,2.722,4.384,3.927,0.427,3.500,3.457,0.000,0.000,0.000,
11.11.2025,11:4:0.587,17.672,27.350,17.109,3.837,0.000,250.0,250.0,12.057,4.120,2.526,8.938,7.107,4.410,2.697,4.361,3.859,0.402,3.457,3.448,0.000,0.375,0.500,
11.11.2025,11:4:1.586,31.266,27.730,17.590,3.688,0.000,250.0,250.0,12.098,4.260,2.513,9.468,7.438,4.618,2.820,4.556,3.867,0.402,3.465,3.457,0.000,1.000,2.250,
11.11.2025,11:4:2.581,28.547,31.191,21.014,3.823,0.000,250.0,250.0,14.143,3.908,2.403,8.239,6.600,4.100,2.500,4.051,3.867,0.402,3.465,3.457,0.000,0.000,0.000,
11.11.2025,11:4:3.577,27.188,43.848,33.300,4.038,0.000,250.0,250.0,13.239,9.112,4.033,26.482,18.931,11.744,7.187,11.597,3.846,0.398,3.448,3.457,0.000,2.250,1.125,
11.11.2025,11:4:4.578,32.625,39.910,29.264,4.138,0.000,250.0,250.0,17.573,4.473,2.673,10.124,7.939,4.923,3.016,4.862,3.867,0.402,3.465,3.457,0.000,0.000,0.000,
11.11.2025,11:4:5.576,17.672,33.889,23.537,3.911,0.000,250.0,250.0,15.533,3.803,2.489,7.761,6.365,3.939,2.426,3.890,3.850,0.402,3.448,3.457,0.000,0.625,1.000,
11.11.2025,11:4:6.577,20.391,29.099,18.805,3.885,0.001,250.0,250.0,11.253,4.913,2.673,11.772,8.950,5.545,3.405,5.483,3.921,0.421,3.500,3.457,0.000,1.000,0.750,
11.11.2025,11:4:7.574,19.032,26.308,16.062,3.827,0.000,250.0,250.0,11.430,4.060,2.452,8.787,6.967,4.321,2.646,4.272,3.850,0.402,3.448,3.457,0.000,0.000,1.250,
11.11.2025,11:4:8.574,21.750,25.816,15.572,3.779,0.000,250.0,250.0,11.196,5.616,2.881,14.222,10.601,6.567,4.034,6.494,3.949,0.446,3.503,3.457,0.000,1.125,0.375,
11.11.2025,11:4:9.587,16.313,29.270,19.195,3.707,0.000,250.0,250.0,18.680,4.630,2.746,10.619,8.282,5.144,3.138,5.082,3.918,0.418,3.500,3.457,0.000,1.000,0.000,
11.11.2025,11:4:10.579,17.672,29.236,19.128,3.718,0.000,250.0,250.0,17.116,4.032,2.648,8.471,6.898,4.274,2.624,4.225,3.859,0.402,3.457,3.457,0.000,0.000,0.000,
11.11.2025,11:4:11.574,16.313,28.891,18.684,3.768,0.000,250.0,250.0,13.140,8.544,3.947,24.397,17.582,10.898,6.684,10.763,3.854,0.397,3.457,3.457,0.000,0.375,1.000,
11.11.2025,11:4:12.580,17.672,29.810,19.715,3.721,0.000,250.0,250.0,21.319,5.783,3.322,14.482,11.032,6.838,4.194,6.765,3.867,0.402,3.465,3.465,0.000,0.000,0.000,
11.11.2025,11:4:13.575,20.391,28.311,18.342,3.599,0.000,250.0,250.0,17.758,4.838,2.783,11.391,8.793,5.455,3.338,5.381,3.891,0.434,3.457,3.457,0.000,0.875,0.000,
11.11.2025,11:4:14.587,20.391,27.874,17.781,3.725,0.000,250.0,250.0,16.859,7.321,3.371,20.280,14.655,9.086,5.569,8.988,3.902,0.443,3.459,3.457,0.000,0.000,0.000,
11.11.2025,11:4:15.582,17.672,27.934,17.962,3.646,0.000,250.0,250.0,18.536,4.018,2.513,8.555,6.861,4.262,2.599,4.212,3.859,0.402,3.457,3.457,0.000,0.750,0.125,
11.11.2025,11:4:16.580,19.032,27.444,17.240,3.778,0.000,250.0,250.0,12.702,4.018,2.611,11.124,8.519,5.281,3.238,5.219,3.850,0.402,3.448,3.457,0.000,1.375,1.000,
11.11.2025,11:4:17.576,17.672,25.290,15.051,3.807,0.000,250.0,250.0,12.702,4.715,2.611,11.124,8.519,5.281,3.238,5.219,3.850,0.402,3.448,3.457,0.000,1.000,0.000,
11.11.2025,11:4:18.574,21.750,29.747,19.663,3.685,0.000,250.0,250.0,12.158,3.766,2.575,7.528,6.269,3.892,2.377,3.842,3.859,0.402,3.457,3.457,0.000,0.000,0.000,
11.11.2025,11:4:19.574,19.032,30.098,19.981,3.747,0.000,250.0,250.0,11.438,3.828,2.489,7.852,6.418,3.979,2.439,3.930,3.859,0.402,3.457,3.457,0.000,0.375,0.750,
11.11.2025,11:4:20.580,20.391,28.986,18.890,3.710,0.000,250.0,250.0,14.301,4.556,2.587,10.516,8.118,5.043,3.075,4.982,3.890,0.431,3.459,3.457,0.000,0.000,0.000,
11.11.2025,11:4:21.579,19.032,28.386,18.273,3.757,0.000,250.0,250.0,13.553,7.041,3.482,19.126,14.012,8.690,5.322,8.592,3.867,0.402,3.465,3.457,0.000,0.000,0.000,
11.11.2025,11:4:22.578,23.110,26.621,16.522,3.698,0.000,250.0,250.0,14.703,4.155,2.562,9.032,7.187,4.455,2.732,4.406,3.859,0.402,3.457,3.457,0.000,2.125,1.250,
11.11.2025,11:4:23.575,17.672,28.573,18.380,3.792,0.000,250.0,250.0,19.944,6.208,3.188,16.162,11.993,7.442,4.551,7.355,3.960,0.457,3.503,3.473,0.000,0.375,0.000,
11.11.2025,11:4:24.579,19.032,27.413,17.366,3.706,0.000,250.0,250.0,12.456,4.772,2.685,11.268,8.646,5.362,3.284,5.301,3.859,0.402,3.457,3.457,0.000,0.000,2.250,
11.11.2025,11:4:25.576,20.391,27.180,16.762,3.908,0.000,250.0,250.0,12.141,4.196,2.477,9.285,7.287,4.517,2.770,4.468,3.850,0.402,3.448,3.457,0.000,1.000,0.500,
11.11.2025,11:4:26.587,19.032,27.180,16.762,3.908,0.000,250.0,250.0,13.219,5.439,2.820,13.680,10.227,6.338,3.889,6.264,3.859,0.402,3.457,3.457,0.000,0.000,0.000,
11.11.2025,11:4:27.584,27.188,27.712,17.532,3.834,0.000,250.0,250.0,12.158,4.543,2.562,10.512,8.112,5.022,3.090,4.961,3.859,0.402,3.457,3.457,0.000,0.000,0.500,
11.11.2025,11:4:28.580,23.110,27.572,17.441,3.758,0.000,250.0,250.0,12.466,6.832,3.285,18.536,13.522,8.384,5.138,8.285,3.859,0.402,3.457,3.457,0.001,0.125,0.000,
11.11.2025,11:4:29.575,19.032,28.067,17.832,3.796,0.000,250.0,250.0,13.481,6.085,3.065,15.899,11.754,7.291,4.463,7.193,3.862,0.405,3.457,3.457,0.000,0.000,0.000,
11.11.2025,11:4:30.578,24.469,27.252,17.051,3.781,0.000,250.0,250.0,12.483,8.219,3.813,23.278,16.798,10.423,6.375,10.300,3.870,0.405,3.465,3.465,0.000,1.000,0.750,
11.11.2025,11:4:31.576,19.032,27.076,16.861,3.838,0.000,250.0,250.0,13.271,4.596,2.526,10.765,8.236,5.109,3.127,5.048,3.850,0.402,3.448,3.448,0.000,0.000,0.000,
11.11.2025,11:4:32.575,14.953,27.014,16.742,3.823,0.000,250.0,250.0,11.327,4.629,2.538,10.846,8.291,5.142,3.149,5.081,3.893,0.434,3.459,3.457,0.000,0.375,0.125,
11.11.2025,11:4:33.589,16.313,27.184,16.968,3.837,0.001,250.0,250.0,11.388,4.122,2.489,8.977,7.108,4.410,2.698,4.361,3.859,0.402,3.457,3.457,0.000,0.000,0.000,
11.11.2025,11:4:34.588,20.391,28.400,18.216,3.751,0.000,250.0,250.0,12.190,4.082,2.599,8.715,7.013,4.351,2.662,4.302,3.859,0.402,3.457,3.457,0.000,2.000,1.125,
11.11.2025,11:4:35.582,21.750,28.474,18.490,3.672,0.000,250.0,250.0,12.118,4.223,2.747,9.106,7.351,4.556,2.795,4.495,3.859,0.402,3.457,3.457,0.000,0.000,0.000,
11.11.2025,11:4:36.579,25.829,28.148,17.953,3.756,0.000,250.0,250.0,14.056,3.782,2.513,7.655,6.311,3.920,2.391,3.870,3.850,0.402,3.448,3.457,0.001,0.000,0.000,
11.11.2025,11:4:37.583,21.750,27.811,17.520,3.886,0.000,250.0,250.0,12.765,3.832,2.648,7.708,6.432,3.980,2.452,3.930,3.859,0.402,3.457,3.457,0.000,0.000,0.000,
11.11.2025,11:4:38.579,27.188,27.820,17.508,3.828,0.000,250.0,250.0,11.428,3.694,2.464,7.363,6.101,3.784,2.317,3.735,3.859,0.402,3.457,3.457,0.000,0.000,0.000,
11.11.2025,11:4:39.577,16.313,27.753,17.575,3.789,0.000,250.0,250.0,11.753,3.778,2.464,7.686,6.300,3.908,2.392,3.859,3.859,0.402,3.457,3.448,0.000,0.875,0.125,
11.11.2025,11:4:40.577,16.313,27.753,17.575,3.789,0.000,250.0,250.0,11.542,3.825,2.403,7.926,6.413,3.971,2.442,3.921,3.859,0.402,3.457,3.457,0.000,0.375,0.000,
11.11.2025,11:4:41.574,27.188,28.058,17.689,3.907,0.000,250.0,250.0,12.565,3.866,2.440,8.057,6.506,4.042,2.464,3.993,3.850,0.402,3.448,3.457,0.000,1.250,2.250,
11.11.2025,11:4:42.575,20.391,28.405,18.288,3.765,0.000,250.0,250.0,11.724,4.378,2.575,9.867,7.714,4.781,2.933,4.732,3.859,0.402,3.457,3.457,0.001,0.000,0.000,
11.11.2025,11:4:43.581,28.547,28.535,18.571,3.625,0.001,250.0,250.0,15.820,3.942,2.464,8.311,6.691,4.140,2.551,4.091,3.859,0.402,3.457,3.457,0.000,2.000,0.000,
11.11.2025,11:4:44.581,13.594,27.628,17.438,3.746,0.000,250.0,250.0,13.444,4.889,2.599,11.751,8.894,5.511,3.383,5.449,3.921,0.421,3.500,3.457,0.000,0.750,0.000,
11.11.2025,11:4:45.580,25.829,26.717,16.604,3.728,0.000,250.0,250.0,13.436,3.895,2.562,8.034,6.578,4.077,2.501,4.028,3.859,0.402,3.457,3.457,0.000,0.000,0.000,
11.11.2025,11:4:46.580,21.750,27.556,17.096,3.982,0.000,250.0,250.0,12.489,3.868,2.452,8.037,6.510,4.044,2.466,3.995,3.859,0.402,3.457,3.457,0.000,0.000,0.000,
11.11.2025,11:4:47.575,20.391,28.242,18.087,3.756,0.000,250.0,250.0,13.069,4.166,2.513,9.116,7.216,4.470,2.746,4.421,3.859,0.402,3.457,3.457,0.000,1.500,0.000,
11.11.2025,11:4:48.587,19.032,29.651,19.538,3.763,0.000,250.0,250.0,15.702,8.840,3.873,25.592,18.274,11.331,6.943,11.196,3.863,0.398,3.465,3.465,0.000,1.000,0.000,
11.11.2025,11:4:49.576,19.032,27.825,17.723,3.724,0.000,250.0,250.0,17.447,4.546,2.538,10.549,8.114,5.036,3.078,4.974,3.859,0.402,3.457,3.457,0.000,2.000,0.000,
11.11.2025,11:4:50.575,24.469,29.551,19.444,3.724,0.000,250.0,250.0,15.199,3.907,2.538,8.104,6.606,4.092,2.514,4.042,3.859,0.402,3.457,3.457,0.000,1.000,0.000,
11.11.2025,11:4:51.574,21.750,28.529,18.337,3.771,0.000,250.0,250.0,13.450,5.455,2.942,13.571,10.243,6.353,3.890,6.267,3.914,0.414,3.500,3.457,0.000,0.000,1.500,
11.11.2025,11:4:52.574,24.469,29.018,18.842,3.786,0.000,250.0,250.0,17.847,5.442,2.808,13.698,10.234,6.342,3.892,6.268,3.859,0.402,3.457,3.457,0.000,0.000,0.000,
11.11.2025,11:4:53.585,24.469,28.752,18.657,3.722,0.000,250.0,250.0,17.152,3.898,2.526,8.077,6.587,4.083,2.504,4.033,3.859,0.402,3.457,3.457,0.000,0.000,0.500,
11.11.2025,11:4:54.576,13.594,28.853,18.625,3.852,0.000,250.0,250.0,11.895,4.249,2.550,9.403,7.409,4.591,2.818,4.542,3.859,0.402,3.457,3.457,0.000,0.000,0.000,
11.11.2025,11:4:55.578,19.032,27.303,17.097,3.775,0.000,250.0,250.0,13.131,4.620,2.612,10.735,8.280,5.126,3.154,5.064,3.883,0.434,3.449,3.465,0.000,0.000,1.125,
11.11.2025,11:4:56.577,13.594,28.770,18.626,3.763,0.000,250.0,250.0,11.833,4.568,2.612,10.564,8.172,5.066,3.106,5.005,3.850,0.402,3.448,3.457,0.000,0.000,0.000,
11.11.2025,11:4:57.580,19.032,27.493,17.240,3.838,0.000,250.0,250.0,11.766,4.562,2.636,10.483,8.133,5.052,3.081,4.990,3.894,0.435,3.459,3.457,0.000,0.000,0.000,
11.11.2025,11:4:58.577,24.469,27.085,16.874,3.795,0.000,250.0,250.0,11.757,3.970,2.710,8.175,6.755,4.191,2.564,4.142,3.859,0.402,3.457,3.448,0.000,0.000,1.125,
11.11.2025,11:4:59.580,17.672,27.622,17.484,3.737,0.000,250.0,250.0,12.523,3.999,2.783,8.219,6.817,4.233,2.584,4.183,3.859,0.402,3.457,3.457,0.000,0.000,0.000,
11.11.2025,11:5:0.578,25.829,26.977,16.850,3.761,0.001,250.0,250.0,15.462,6.530,3.322,17.356,12.809,7.941,4.868,7.855,3.850,0.402,3.448,3.448,0.000,1.000,1.125,
11.11.2025,11:5:1.578,16.313,28.984,18.747,3.796,0.000,250.0,250.0,12.734,3.886,2.526,8.044,6.553,4.065,2.488,4.015,3.859,0.402,3.457,3.457,0.000,1.375,0.000,
11.11.2025,11:5:2.579,21.750,27.166,16.939,3.788,0.000,250.0,250.0,12.238,3.845,2.513,7.888,6.459,4.006,2.453,3.956,3.859,0.402,3.457,3.457,0.000,0.375,1.125,
11.11.2025,11:5:3.577,19.032,28.239,18.251,3.649,0.000,250.0,250.0,11.500,3.804,2.489,7.766,6.373,3.944,2.429,3.895,3.850,0.402,3.448,3.448,0.000,0.000,0.000,
11.11.2025,11:5:4.576,23.110,29.090,18.803,3.850,0.000,250.0,250.0,11.286,3.873,2.624,7.894,6.533,4.043,2.490,3.994,3.850,0.402,3.448,3.448,0.000,0.000,0.000,
11.11.2025,11:5:5.588,23.110,28.060,17.842,3.792,0.000,250.0,250.0,12.795,4.308,2.599,9.463,7.486,4.642,2.844,4.580,4.007,0.469,3.538,3.448,0.000,1.000,0.125,
11.11.2025,11:5:6.580,21.750,29.141,19.225,3.578,0.000,250.0,250.0,11.234,3.778,2.599,7.551,6.310,3.907,2.403,3.858,3.850,0.402,3.448,3.448,0.000,0.375,1.875,
11.11.2025,11:5:7.576,20.391,27.143,16.655,3.984,0.000,250.0,250.0,11.755,4.094,2.562,8.797,7.042,4.370,2.672,4.321,3.859,0.402,3.457,3.457,0.000,1.375,0.000,
11.11.2025,11:5:8.581,19.032,25.758,15.713,3.688,0.000,250.0,250.0,15.612,4.953,2.734,11.859,9.052,5.616,3.436,5.542,3.919,0.418,3.501,3.457,0.000,0.000,0.000,
11.11.2025,11:5:9.580,16.313,31.094,20.668,3.950,0.000,250.0,250.0,12.936,3.978,2.538,8.379,6.776,4.209,2.567,4.159,3.850,0.402,3.448,3.448,0.000,2.375,2.500,
11.11.2025,11:5:10.573,20.391,31.809,21.670,3.777,0.000,250.0,250.0,16.735,5.232,2.844,12.858,9.736,6.044,3.692,5.970,3.859,0.402,3.457,3.457,0.000,0.000,0.000,
11.11.2025,11:5:11.583,17.672,30.434,20.232,3.793,0.000,250.0,250.0,14.578,3.940,2.501,8.275,6.692,4.141,2.551,4.092,3.850,0.402,3.448,3.448,0.000,0.000,0.375,
11.11.2025,11:5:12.575,14.953,27.271,17.135,3.781,0.000,250.0,250.0,15.861,4.017,2.648,8.419,6.862,4.263,2.599,4.214,3.859,0.402,3.457,3.448,0.000,0.000,1.125,
11.11.2025,11:5:13.583,20.391,27.939,17.613,3.825,0.000,250.0,250.0,11.356,4.509,2.685,10.263,8.029,4.987,3.042,4.925,3.850,0.402,3.448,3.457,0.000,0.000,1.000,
11.11.2025,11:5:14.578,19.032,28.275,18.251,3.722,0.000,250.0,250.0,14.344,4.242,2.526,9.398,7.405,4.596,2.809,4.534,3.850,0.402,3.448,3.448,0.000,0.500,0.000,
11.11.2025,11:5:15.585,21.750,27.270,17.048,3.823,0.000,250.0,250.0,16.798,4.549,2.612,10.428,8.089,5.011,3.078,4.950,3.935,0.418,3.517,3.457,0.000,0.000,0.125,
11.11.2025,11:5:16.580,16.313,26.853,16.693,3.735,0.000,250.0,250.0,13.340,4.093,2.415,8.894,7.017,4.345,2.672,4.296,3.917,0.426,3.491,3.457,0.000,0.375,1.125,
11.11.2025,11:5:17.575,13.594,28.389,18.167,3.807,0.000,250.0,250.0,12.324,4.256,2.489,9.380,7.373,4.574,2.799,4.512,3.987,0.451,3.536,3.457,0.000,1.125,0.500,
11.11.2025,11:5:18.576,14.953,28.977,19.169,3.520,0.000,250.0,250.0,16.267,4.060,2.526,8.701,6.971,4.323,2.648,4.261,3.859,0.402,3.457,3.457,0.000,0.000,0.000,
11.11.2025,11:5:19.574,17.672,28.702,18.486,3.810,0.000,250.0,250.0,11.973,4.160,2.489,9.132,7.205,4.471,2.734,4.421,3.850,0.402,3.448,3.448,0.000,0.375,0.000,
11.11.2025,11:5:20.582,17.672,28.423,18.145,3.824,0.000,250.0,250.0,12.098,4.853,2.906,11.355,8.843,5.486,3.357,5.412,3.859,0.402,3.457,3.457,0.000,0.000,0.000,
11.11.2025,11:5:21.583,23.110,32.137,21.793,3.909,0.000,250.0,250.0,14.079,3.933,2.599,8.146,6.662,4.138,2.524,4.089,3.859,0.402,3.457,3.457,0.000,0.000,0.000,
11.11.2025,11:5:22.577,31.266,32.137,21.793,3.909,0.000,250.0,250.0,11.905,3.927,2.599,8.127,6.662,4.125,2.537,4.076,3.850,0.402,3.448,3.448,0.000,1.250,0.000,
11.11.2025,11:5:23.573,25.829,29.047,18.851,3.782,0.000,250.0,250.0,13.960,6.403,3.212,16.973,12.513,7.756,4.757,7.670,3.850,0.402,3.448,3.448,0.000,0.000,0.000,
11.11.2025,11:5:24.575,19.032,28.004,17.939,3.698,0.000,250.0,250.0,18.193,3.841,2.477,7.912,6.446,4.006,2.440,3.956,3.859,0.402,3.457,3.457,0.000,0.000,0.000,
11.11.2025,11:5:25.574,17.672,28.193,17.911,3.842,0.000,250.0,250.0,14.612,4.379,2.648,9.810,7.726,4.793,2.933,4.731,3.850,0.402,3.448,3.448,0.000,0.000,0.000,
11.11.2025,11:5:26.580,20.391,27.931,18.033,3.601,0.000,250.0,250.0,14.560,3.848,2.685,7.732,6.468,4.004,2.464,3.955,3.859,0.402,3.457,3.457,0.000,0.375,0.000,
11.11.2025,11:5:27.579,23.110,29.965,19.561,3.948,0.000,250.0,250.0,13.847,4.135,2.526,8.930,7.114,4.414,2.700,4.352,3.927,0.426,3.501,3.457,0.000,0.000,0.250,
11.11.2025,11:5:28.586,19.032,34.540,23.987,4.056,0.000,250.0,250.0,13.094,4.196,2.660,9.075,7.276,4.506,2.770,4.457,3.884,0.434,3.450,3.448,0.000,2.125,1.625,
11.11.2025,11:5:29.579,19.032,29.452,19.148,3.883,0.000,250.0,250.0,12.248,3.871,2.685,7.818,6.518,4.041,2.477,3.992,3.859,0.402,3.457,3.457,0.000,0.000,0.000,
11.11.2025,11:5:30.575,12.235,27.178,16.906,3.816,0.000,250.0,250.0,13.911,4.125,2.722,8.755,7.120,4.410,2.710,4.361,3.859,0.402,3.457,3.457,0.000,0.750,0.500,
11.11.2025,11:5:31.575,20.391,29.095,19.045,3.709,0.000,250.0,250.0,14.233,3.861,2.550,7.929,6.504,4.028,2.476,3.978,3.850,0.402,3.448,3.448,0.000,1.125,1.625,
11.11.2025,11:5:32.574,29.907,28.384,18.265,3.727,0.000,250.0,250.0,12.705,7.449,3.543,20.626,14.982,9.292,5.690,9.181,3.855,0.398,3.457,3.465,0.000,2.000,1.625,
11.11.2025,11:5:33.583,23.110,29.810,19.667,3.749,0.000,250.0,250.0,16.625,3.923,2.538,8.168,6.653,4.127,2.526,4.066,3.850,0.402,3.448,3.448,0.000,1.000,1.500,
11.11.2025,11:5:34.586,20.391,28.406,18.396,3.657,0.000,250.0,250.0,16.730,7.469,3.580,20.674,15.031,9.328,5.703,9.217,3.850,0.402,3.448,3.457,0.001,1.000,1.125,
11.11.2025,11:5:35.586,23.110,28.406,18.396,3.657,0.000,250.0,250.0,13.378,3.836,2.599,7.774,6.439,3.989,2.450,3.939,3.859,0.402,3.457,3.457,0.001,2.250,2.375,
11.11.2025,11:5:36.588,40.782,28.886,18.739,3.754,0.000,250.0,250.0,12.121,5.414,2.893,13.505,10.170,6.309,3.861,6.223,3.862,0.405,3.457,3.457,0.000,0.000,1.750,
11.11.2025,11:5:37.582,29.907,41.732,31.231,4.048,0.000,250.0,250.0,16.669,4.535,2.611,10.425,8.094,5.014,3.080,4.953,3.859,0.402,3.457,3.457,0.000,2.000,0.500,
11.11.2025,11:5:38.587,31.266,41.732,31.231,4.048,0.000,250.0,250.0,14.390,4.438,2.575,10.103,7.867,4.875,2.992,4.813,3.850,0.402,3.448,3.457,0.000,0.000,1.125,
11.11.2025,11:5:39.580,24.469,44.171,33.665,4.025,0.000,250.0,250.0,11.833,3.863,2.513,7.975,6.503,4.040,2.463,3.991,3.850,0.402,3.448,3.448,0.000,0.000,0.000,
11.11.2025,11:5:40.581,21.750,31.188,21.083,3.763,0.000,250.0,250.0,13.350,8.517,3.898,24.273,17.470,10.831,6.639,10.696,3.953,0.450,3.503,3.457,0.001,2.000,1.625,
11.11.2025,11:5:41.585,16.313,28.160,17.707,3.911,0.000,250.0,250.0,14.041,4.272,2.550,9.427,7.417,4.600,2.817,4.551,3.953,0.459,3.494,3.448,0.000,0.000,1.125,
11.11.2025,11:5:42.580,19.032,28.551,18.421,3.749,0.000,250.0,250.0,13.781,3.937,2.673,8.088,6.673,4.137,2.536,4.087,3.859,0.402,3.457,3.457,0.000,0.000,0.000,
11.11.2025,11:5:43.575,29.907,26.836,16.802,3.710,0.000,250.0,250.0,13.869,5.928,3.384,14.985,11.384,7.056,4.328,6.970,3.859,0.402,3.457,3.457,0.000,1.375,0.000,
11.11.2025,11:5:44.576,19.032,28.493,18.371,3.714,0.000,250.0,250.0,13.945,6.322,3.408,16.464,12.317,7.633,4.684,7.547,3.855,0.398,3.457,3.457,0.000,0.000,1.125,
11.11.2025,11:5:45.581,20.391,26.814,16.719,3.709,0.000,250.0,250.0,17.115,4.274,2.697,9.262,7.425,4.605,2.820,4.544,3.963,0.460,3.503,3.457,0.000,0.375,0.000,
11.11.2025,11:5:46.576,13.594,26.814,16.719,3.709,0.000,250.0,250.0,13.452,3.848,2.501,7.918,6.476,4.009,2.467,3.959,3.850,0.402,3.448,3.448,0.000,0.000,0.000,
11.11.2025,11:5:47.575,21.750,30.318,19.988,3.860,0.000,250.0,250.0,12.260,7.218,3.604,19.684,14.437,8.957,5.480,8.846,3.859,0.402,3.457,3.457,0.000,0.000,1.625,
11.11.2025,11:5:48.587,28.547,27.811,17.799,3.692,0.000,250.0,250.0,19.186,4.169,2.636,8.954,7.197,4.461,2.736,4.399,3.927,0.426,3.501,3.457,0.000,0.125,1.625,
11.11.2025,11:5:49.581,17.672,28.170,18.022,3.735,0.000,250.0,250.0,12.109,4.169,2.575,7.171,6.049,3.757,2.292,3.708,3.859,0.402,3.457,3.448,0.000,0.000,0.000,
11.11.2025,11:5:50.579,21.750,27.637,17.262,3.893,0.000,250.0,250.0,12.109,3.672,2.575,7.171,6.049,3.757,2.292,3.708,3.859,0.402,3.457,3.448,0.000,0.000,0.625,
11.11.2025,11:5:51.579,19.032,26.573,16.534,3.662,0.000,250.0,250.0,15.994,3.728,2.526,7.440,6.180,3.829,2.351,3.792,3.859,0.402,3.457,3.448,0.000,0.000,0.000,
11.11.2025,11:5:52.574,19.032,30.451,20.330,3.755,0.000,250.0,250.0,14.427,5.690,3.126,14.296,10.810,6.702,4.108,6.616,3.889,0.430,3.459,3.465,0.000,0.500,0.125,
11.11.2025,11:5:53.590,21.750,28.394,18.341,3.677,0.000,250.0,250.0,18.390,5.982,3.114,15.425,11.500,7.121,4.379,7.035,3.889,0.430,3.459,3.465,0.000,0.000,2.250,
11.11.2025,11:5:54.600,19.032,27.340,17.252,3.719,0.000,250.0,250.0,18.843,3.831,2.673,7.670,6.427,3.977,2.450,3.927,3.867,0.402,3.465,3.457,0.000,0.000,0.125,
11.11.2025,11:5:55.603,19.032,28.042,17.907,3.728,0.000,250.0,250.0,18.244,4.335,2.661,9.617,7.617,4.725,2.892,4.663,3.859,0.402,3.457,3.457,0.000,0.875,0.500,
11.11.2025,11:5:56.601,16.313,26.276,16.059,3.782,0.000,250.0,250.0,11.476,3.824,2.428,7.903,6.415,3.985,2.430,3.936,3.849,0.401,3.448,3.448,0.000,0.000,0.375,
11.11.2025,11:5:57.597,13.594,27.089,16.969,3.731,0.000,250.0,250.0,11.505,4.162,2.513,9.108,7.201,4.468,2.733,4.419,3.859,0.402,3.457,3.457,0.000,0.375,1.000,
11.11.2025,11:5:58.595,21.750,29.135,19.141,3.636,0.000,250.0,250.0,15.254,4.958,2.783,11.878,9.089,5.640,3.449,5.566,3.859,0.402,3.457,3.457,0.000,0.000,0.000,
11.11.2025,11:5:59.605,17.672,25.709,15.477,3.849,0.000,250.0,250.0,16.657,4.477,2.624,10.206,7.956,4.939,3.017,4.877,3.850,0.402,3.448,3.448,0.000,1.000,0.000,
11.11.2025,11:6:0.605,17.672,25.709,15.477,3.849,0.000,250.0,250.0,12.307,4.436,2.550,10.077,7.834,4.853,2.981,4.791,3.908,0.449,3.459,3.457,0.000,0.000,1.625,
11.11.2025,11:6:1.619,29.907,28.996,18.877,3.739,0.000,250.0,250.0,11.825,9.302,3.984,27.230,19.351,11.999,7.352,11.864,3.897,0.446,3.451,3.448,0.000,1.000,0.500,
11.11.2025,11:6:2.616,20.391,28.341,18.096,3.808,0.000,250.0,250.0,19.250,4.316,2.464,9.698,7.546,4.686,2.860,4.624,3.913,0.453,3.460,3.457,0.000,1.000,0.000,
11.11.2025,11:6:3.614,19.032,27.607,17.442,3.764,0.000,250.0,250.0,12.085,6.112,2.967,16.076,11.800,7.309,4.491,7.223,3.897,0.438,3.459,3.457,0.000,0.000,1.125,
11.11.2025,11:6:4.609,19.032,29.270,19.363,3.596,0.000,250.0,250.0,16.170,4.288,2.538,9.548,7.483,4.640,2.843,4.591,3.895,0.445,3.450,3.448,0.000,0.000,0.000,
11.11.2025,11:6:5.611,14.953,28.113,17.932,3.761,0.000,250.0,250.0,12.700,7.855,3.543,22.174,15.938,9.888,6.050,9.765,3.863,0.406,3.457,3.465,0.000,0.875,0.875,
11.11.2025,11:6:6.610,21.750,29.202,19.048,3.767,0.000,250.0,250.0,14.817,4.042,2.685,8.486,6.920,4.297,2.623,4.248,3.850,0.402,3.448,3.457,0.000,0.000,0.000,
11.11.2025,11:6:7.619,19.032,28.249,18.097,3.773,0.000,250.0,250.0,12.820,3.839,2.685,7.703,6.441,4.002,2.439,3.953,3.859,0.402,3.457,3.448,0.001,0.000,0.000,
11.11.2025,11:6:8.619,20.391,28.233,18.128,3.720,0.000,250.0,250.0,12.265,3.959,2.648,8.195,6.726,4.176,2.550,4.126,3.859,0.402,3.457,3.457,0.000,0.000,0.000,
11.11.2025,11:6:9.614,19.032,28.922,18.839,3.720,0.000,250.0,250.0,16.236,4.766,2.881,11.042,8.631,5.356,3.275,5.295,3.859,0.402,3.457,3.457,0.000,1.375,1.250,
11.11.2025,11:6:10.612,32.625,26.056,15.933,3.724,0.000,250.0,250.0,14.852,4.300,2.513,9.635,7.536,4.679,2.857,4.618,3.850,0.402,3.448,3.457,0.000,0.000,0.000,
11.11.2025,11:6:11.610,14.953,26.735,16.787,3.643,0.000,250.0,250.0,19.349,6.134,3.225,15.914,11.871,7.356,4.515,7.270,3.867,0.402,3.465,3.457,0.001,1.125,0.000,
11.11.2025,11:6:12.609,13.594,31.066,20.930,3.771,0.000,250.0,250.0,22.021,9.123,4.021,26.526,18.943,11.752,7.191,11.605,3.863,0.398,3.465,3.465,0.000,2.125,1.125,
11.11.2025,11:6:13.605,17.672,27.571,17.426,3.754,0.000,250.0,250.0,17.289,5.477,2.771,13.879,10.313,6.392,3.921,6.318,3.859,0.402,3.457,3.457,0.000,1.125,0.500,
11.11.2025,11:6:14.620,20.391,27.118,16.756,3.877,0.000,250.0,250.0,12.556,4.056,2.526,8.684,6.959,4.311,2.648,4.261,3.859,0.402,3.457,3.457,0.000,2.000,0.000,
11.11.2025,11:6:15.630,16.313,28.308,18.123,3.756,0.000,250.0,250.0,11.738,5.010,2.844,12.009,9.208,5.712,3.496,5.651,3.859,0.402,3.457,3.457,0.000,0.000,0.000,
11.11.2025,11:6:16.625,13.594,26.855,16.778,3.709,0.000,250.0,250.0,12.945,4.076,2.599,8.688,7.008,4.348,2.660,4.286,3.859,0.402,3.457,3.457,0.000,1.000,0.500,
11.11.2025,11:6:17.629,14.953,27.523,17.048,3.947,0.000,250.0,250.0,11.181,3.900,2.611,7.999,6.594,4.080,2.514,4.031,3.859,0.402,3.457,3.457,0.000,0.000,0.000,
11.11.2025,11:6:18.635,44.860,28.592,18.430,3.755,0.000,250.0,250.0,12.656,4.064,2.538,8.705,6.974,4.325,2.649,4.275,3.859,0.402,3.457,3.457,0.000,0.000,0.000,
11.11.2025,11:6:19.633,44.860,28.592,18.430,3.755,0.000,250.0,250.0,16.770,3.946,2.477,8.318,6.694,4.154,2.540,4.105,3.859,0.402,3.457,3.457,0.000,2.125,0.000,
11.11.2025,11:6:20.632,21.750,28.722,18.621,3.695,0.000,250.0,250.0,13.849,4.339,2.575,9.721,7.626,4.731,2.895,4.670,3.859,0.402,3.457,3.457,0.000,0.000,1.125,
11.11.2025,11:6:21.630,21.750,27.968,17.783,3.803,0.000,250.0,250.0,12.197,3.949,2.477,8.330,6.712,4.158,2.554,4.108,3.850,0.402,3.448,3.448,0.000,0.500,1.125,
11.11.2025,11:6:22.625,29.907,27.926,17.631,3.839,0.000,250.0,250.0,11.754,5.518,2.820,13.978,10.411,6.449,3.962,6.375,3.866,0.409,3.457,3.457,0.000,0.000,0.000,
11.11.2025,11:6:23.625,19.032,28.114,17.978,3.770,0.000,250.0,250.0,17.679,6.085,3.212,15.752,11.756,7.287,4.469,7.201,3.859,0.402,3.457,3.457,0.000,0.375,0.000,
11.11.2025,11:6:24.625,16.313,29.492,19.343,3.753,0.000,250.0,250.0,14.205,3.961,2.452,8.398,6.727,4.177,2.550,4.128,3.859,0.402,3.457,3.457,0.001,0.375,0.000,
11.11.2025,11:6:25.632,19.032,28.025,17.843,3.756,0.000,250.0,250.0,11.383,4.535,2.587,10.408,8.053,4.999,3.054,4.938,3.926,0.426,3.500,3.457,0.000,0.000,0.000,
11.11.2025,11:6:26.633,16.313,26.489,16.141,3.884,0.000,250.0,250.0,14.822,6.307,3.175,16.650,12.281,7.610,4.671,7.524,3.853,0.405,3.448,3.457,0.000,0.000,0.000,
11.11.2025,11:6:27.626,20.391,29.670,19.527,3.715,0.000,250.0,250.0,14.793,4.075,2.514,8.765,6.997,4.336,2.661,4.287,3.867,0.402,3.465,3.457,0.000,0.000,1.125,
11.11.2025,11:6:28.629,19.032,27.823,17.726,3.745,0.000,250.0,250.0,17.064,4.487,2.624,10.240,7.972,4.941,3.031,4.891,3.859,0.402,3.457,3.457,0.000,1.750,0.000,
11.11.2025,11:6:29.623,28.547,29.743,19.560,3.762,0.000,250.0,250.0,13.543,4.248,2.734,9.208,7.416,4.595,2.821,4.533,3.859,0.402,3.457,3.457,0.000,0.125,1.250,
11.11.2025,11:6:30.629,20.391,30.188,19.883,3.879,0.001,250.0,250.0,11.760,4.784,2.661,11.336,8.673,5.384,3.289,5.322,3.859,0.402,3.457,3.457,0.000,2.000,0.500,
11.11.2025,11:6:31.632,20.391,31.529,20.927,4.080,0.000,250.0,250.0,13.373,4.390,2.820,9.677,7.746,4.803,2.943,4.754,3.850,0.402,3.448,3.457,0.000,0.375,0.000,
11.11.2025,11:6:32.797,17.672,29.491,19.245,3.793,0.000,250.0,250.0,14.350,7.333,3.580,20.142,14.708,9.125,5.583,9.014,3.855,0.398,3.457,3.465,0.000,0.000,0.000,
11.11.2025,11:6:33.779,17.672,27.676,17.763,3.535,0.000,250.0,250.0,19.331,6.027,3.224,15.519,11.613,7.209,4.404,7.123,3.859,0.402,3.457,3.457,0.000,0.000,0.000,
11.11.2025,11:6:34.783,20.391,27.676,17.763,3.535,0.000,250.0,250.0,16.912,6.019,3.175,15.530,11.600,7.196,4.404,7.110,3.859,0.402,3.457,3.457,0.000,0.000,0.000,
11.11.2025,11:6:35.796,19.032,29.427,19.312,3.717,0.000,250.0,250.0,14.853,3.998,2.563,8.425,6.819,4.229,2.590,4.180,3.859,0.402,3.457,3.457,0.001,0.000,0.000,
11.11.2025,11:6:36.804,23.110,27.703,17.389,3.849,0.000,250.0,250.0,11.384,4.870,2.734,11.587,8.880,5.505,3.375,5.444,3.859,0.402,3.457,3.457,0.000,0.875,0.000,
11.11.2025,11:6:37.800,17.672,28.705,18.813,3.553,0.000,250.0,250.0,13.890,3.862,2.575,7.898,6.499,4.025,2.474,3.975,3.859,0.402,3.457,3.457,0.000,1.125,0.000,
11.11.2025,11:6:38.812,25.829,28.624,18.456,3.764,0.000,250.0,250.0,15.795,3.928,2.550,8.178,6.652,4.127,2.525,4.078,3.859,0.402,3.457,3.457,0.000,0.000,0.000,
11.11.2025,11:6:39.808,16.313,28.534,18.633,3.612,0.000,250.0,250.0,13.448,5.438,3.090,13.404,10.224,6.336,3.888,6.263,3.859,0.402,3.457,3.457,0.000,0.000,0.000,
11.11.2025,11:6:40.820,21.750,28.798,18.635,3.777,0.000,250.0,250.0,16.794,3.951,2.599,8.216,6.705,4.166,2.539,4.116,3.859,0.402,3.457,3.457,0.000,0.000,0.000,
11.11.2025,11:6:41.819,24.469,28.620,18.403,3.816,0.000,250.0,250.0,15.099,4.661,2.587,10.857,8.335,5.171,3.164,5.110,3.962,0.459,3.503,3.457,0.000,1.500,2.500,
11.11.2025,11:6:42.814,17.672,33.632,23.190,3.960,0.000,250.0,250.0,12.510,5.377,2.979,13.289,10.074,6.249,3.825,6.175,3.859,0.402,3.457,3.457,0.000,1.625,0.000,
11.11.2025,11:6:43.816,20.391,33.632,23.190,3.960,0.000,250.0,250.0,14.104,3.880,2.562,7.980,6.539,4.052,2.487,4.003,3.859,0.402,3.457,3.457,0.000,0.000,0.000,
11.11.2025,11:6:44.817,20.391,27.281,16.999,3.833,0.000,250.0,250.0,12.841,5.098,2.783,12.413,9.417,5.835,3.582,5.774,3.859,0.402,3.457,3.457,0.000,0.375,0.000,
11.11.2025,11:6:45.812,20.391,27.281,16.999,3.833,0.000,250.0,250.0,12.522,4.050,2.550,8.642,6.942,4.303,2.639,4.254,3.859,0.402,3.457,3.448,0.000,0.000,1.250,
11.11.2025,11:6:46.809,21.750,25.962,15.811,3.714,0.000,250.0,250.0,11.950,5.045,2.771,12.141,9.239,5.728,3.511,5.666,3.969,0.424,3.545,3.457,0.000,1.000,0.000,
11.11.2025,11:6:47.838,13.594,26.649,16.524,3.764,0.000,250.0,250.0,18.948,3.925,2.501,8.202,6.649,4.120,2.529,4.071,3.859,0.402,3.457,3.457,0.000,0.375,1.000,
11.11.2025,11:6:48.831,14.953,30.587,20.483,3.711,0.000,250.0,250.0,22.822,7.422,3.654,20.414,14.916,9.247,5.669,9.136,3.862,0.405,3.457,3.465,0.000,2.125,0.500,
11.11.2025,11:6:49.835,19.032,29.052,18.852,3.772,0.000,250.0,250.0,11.772,3.992,2.648,8.318,6.806,4.217,2.589,4.167,3.859,0.402,3.457,3.457,0.000,0.750,0.000,
11.11.2025,11:6:50.828,21.750,27.886,17.692,3.794,0.000,250.0,250.0,15.338,5.425,2.918,13.489,10.164,6.300,3.864,6.227,3.910,0.418,3.492,3.465,0.000,0.000,2.250,
11.11.2025,11:6:51.829,20.391,28.155,18.026,3.745,0.000,250.0,250.0,12.568,4.028,2.648,8.456,6.888,4.276,2.612,4.226,3.859,0.402,3.457,3.457,0.000,2.125,0.000,
11.11.2025,11:6:52.830,23.110,27.259,16.999,3.827,0.000,250.0,250.0,13.036,4.010,2.734,8.308,6.844,4.247,2.597,4.198,3.859,0.402,3.457,3.457,0.000,0.500,0.000,
11.11.2025,11:6:53.830,16.313,27.667,17.379,3.889,0.000,250.0,250.0,14.138,3.941,2.734,8.045,6.690,4.152,2.538,4.102,3.850,0.402,3.448,3.448,0.000,0.000,0.875,
11.11.2025,11:6:54.826,27.188,29.304,19.201,3.689,0.000,250.0,250.0,13.875,3.926,2.710,8.004,6.651,4.126,2.525,4.065,3.859,0.402,3.457,3.457,0.000,0.000,0.000,
11.11.2025,11:6:55.825,21.750,29.304,19.201,3.689,0.000,250.0,250.0,16.939,4.718,2.857,10.877,8.515,5.279,3.236,5.217,3.867,0.402,3.465,3.465,0.000,0.000,1.125,
11.11.2025,11:6:56.826,20.391,28.588,18.552,3.678,0.000,250.0,250.0,16.089,8.272,3.837,23.456,16.929,10.499,6.430,10.364,3.870,0.405,3.465,3.465,0.000,1.500,0.000,
11.11.2025,11:6:57.832,16.313,28.957,18.912,3.685,0.000,250.0,250.0,17.394,4.038,2.611,8.528,6.914,4.289,2.625,4.240,3.859,0.402,3.457,3.457,0.000,0.000,1.875,
11.11.2025,11:6:58.830,17.672,26.209,16.039,3.737,0.000,250.0,250.0,13.127,6.996,3.494,18.912,13.894,8.619,5.275,8.508,3.897,0.430,3.467,3.465,0.000,0.000,1.625,
11.11.2025,11:6:59.831,20.391,27.689,17.758,3.611,0.000,250.0,250.0,19.146,4.053,2.673,8.522,6.955,4.316,2.639,4.254,3.859,0.402,3.457,3.457,0.000,0.000,1.000,
11.11.2025,11:7:0.826,14.953,26.062,15.712,3.844,0.000,250.0,250.0,12.495,4.904,2.709,11.744,8.962,5.552,3.410,5.490,3.859,0.402,3.457,3.457,0.000,0.375,2.375,
11.11.2025,11:7:1.824,17.672,26.062,15.712,3.844,0.000,250.0,250.0,14.031,8.179,3.727,23.217,16.705,10.362,6.343,10.239,3.866,0.409,3.457,3.465,0.000,0.000,0.000,
11.11.2025,11:7:2.832,21.750,27.526,17.391,3.755,0.000,250.0,250.0,19.284,4.563,2.722,10.376,8.132,5.039,3.093,4.977,3.918,0.418,3.500,3.457,0.000,0.000,0.000,
11.11.2025,11:7:3.832,16.313,28.048,18.069,3.644,0.000,250.0,250.0,13.512,3.871,2.526,7.972,6.522,4.044,2.478,3.995,3.859,0.402,3.457,3.457,0.000,0.000,0.625,
11.11.2025,11:7:4.837,20.391,27.000,16.945,3.644,0.000,250.0,250.0,11.101,4.016,2.489,8.580,6.857,4.260,2.597,4.211,3.859,0.402,3.457,3.448,0.000,2.000,1.125,
11.11.2025,11:7:5.836,21.750,27.136,16.758,3.916,0.000,250.0,250.0,15.286,3.856,2.563,7.884,6.482,4.017,2.465,3.980,3.859,0.402,3.457,3.457,0.000,0.750,0.000,
11.11.2025,11:7:6.829,13.594,28.325,18.268,3.694,0.000,250.0,250.0,14.179,3.882,2.734,7.814,6.536,4.062,2.474,4.012,3.867,0.402,3.465,3.457,0.000,0.000,0.750,
11.11.2025,11:7:7.827,31.266,27.121,16.808,3.841,0.000,250.0,250.0,12.561,4.261,2.624,9.374,7.440,4.619,2.821,4.557,3.859,0.402,3.457,3.457,0.000,2.000,1.125,
11.11.2025,11:7:8.824,28.547,27.567,17.492,3.685,0.000,250.0,250.0,13.509,3.793,2.612,7.596,6.332,3.930,2.402,3.881,3.859,0.402,3.457,3.457,0.000,0.125,0.000,
11.11.2025,11:7:9.828,17.672,28.303,18.262,3.678,0.000,250.0,250.0,12.579,3.889,2.550,8.021,6.565,4.064,2.501,4.015,3.859,0.402,3.457,3.457,0.000,0.000,0.000,
11.11.2025,11:7:10.824,33.985,27.041,17.123,3.591,0.000,250.0,250.0,15.634,3.801,2.477,7.762,6.354,3.941,2.413,3.892,3.859,0.402,3.457,3.457,0.000,2.125,0.000,
11.11.2025,11:7:11.832,13.594,27.421,16.987,3.937,0.000,250.0,250.0,11.242,3.760,2.526,7.556,6.255,3.879,2.376,3.830,3.859,0.402,3.457,3.457,0.000,0.000,0.000,
11.11.2025,11:7:12.837,24.469,28.092,17.829,3.841,0.000,250.0,250.0,11.021,3.876,2.624,7.912,6.537,4.050,2.487,4.001,3.850,0.402,3.448,3.448,0.000,0.000,0.000,
11.11.2025,11:7:13.832,21.750,28.092,17.829,3.841,0.000,250.0,250.0,13.224,3.926,2.673,8.049,6.647,4.123,2.524,4.074,3.859,0.402,3.457,3.457,0.000,0.000,0.000,
11.11.2025,11:7:14.829,23.110,28.882,18.765,3.748,0.000,250.0,250.0,22.034,6.065,3.445,15.439,11.709,7.257,4.452,7.171,3.859,0.402,3.457,3.457,0.000,1.750,0.000,
11.11.2025,11:7:15.824,13.594,29.345,19.195,3.734,0.000,250.0,250.0,17.931,5.146,2.955,12.352,9.490,5.884,3.606,5.810,3.955,0.452,3.503,3.457,0.000,2.250,0.750,
11.11.2025,11:7:16.824,28.547,28.885,18.918,3.640,0.000,250.0,250.0,13.027,4.406,2.673,9.789,7.730,4.788,2.942,4.727,3.979,0.434,3.545,3.457,0.000,0.500,0.000,
11.11.2025,11:7:17.824,17.672,28.885,18.918,3.640,0.000,250.0,250.0,14.499,5.529,2.783,14.050,10.427,6.467,3.960,6.381,3.884,0.426,3.458,3.457,0.000,1.750,0.000,
11.11.2025,11:7:18.830,20.391,26.687,16.387,3.844,0.000,250.0,250.0,13.105,5.347,3.004,13.139,10.014,6.201,3.813,6.127,3.859,0.402,3.457,3.457,0.000,1.000,0.000,
11.11.2025,11:7:19.828,21.750,27.517,17.372,3.786,0.000,250.0,250.0,17.421,3.809,2.538,7.728,6.370,3.955,2.415,3.906,3.859,0.402,3.457,3.457,0.000,0.000,0.000,
11.11.2025,11:7:20.828,20.391,27.517,17.372,3.786,0.000,250.0,250.0,11.777,4.260,2.587,9.410,7.444,4.622,2.822,4.560,3.850,0.402,3.448,3.457,0.000,1.500,1.125,
11.11.2025,11:7:21.826,21.750,28.256,18.037,3.790,0.000,250.0,250.0,11.741,3.878,2.636,7.891,6.535,4.057,2.478,4.007,3.859,0.402,3.457,3.457,0.000,1.750,0.000,
11.11.2025,11:7:22.839,23.110,28.248,18.227,3.710,0.000,250.0,250.0,15.872,3.822,2.526,7.785,6.397,3.969,2.428,3.920,3.867,0.402,3.465,3.457,0.000,0.000,0.000,
11.11.2025,11:7:23.835,27.188,27.826,17.685,3.749,0.000,250.0,250.0,13.674,5.263,2.881,12.937,9.809,6.080,3.729,6.006,3.866,0.409,3.457,3.457,0.000,0.000,0.000,
11.11.2025,11:7:24.829,21.750,26.599,16.613,3.645,0.000,250.0,250.0,16.451,8.977,4.131,25.857,18.607,11.540,7.067,11.393,3.855,0.398,3.457,3.465,0.001,1.000,0.000,
11.11.2025,11:7:25.829,21.750,27.881,17.711,3.750,0.000,250.0,250.0,17.686,3.833,2.636,7.719,6.435,3.982,2.453,3.932,3.859,0.402,3.457,3.457,0.000,0.000,1.125,
11.11.2025,11:7:26.831,19.032,29.176,18.965,3.788,0.000,250.0,250.0,12.929,3.934,2.575,8.174,6.663,4.138,2.525,4.089,3.859,0.402,3.457,3.457,0.000,1.000,0.500,
11.11.2025,11:7:27.830,20.391,27.440,17.216,3.797,0.000,250.0,250.0,11.173,4.426,2.648,9.965,7.829,4.850,2.979,4.788,3.866,0.401,3.465,3.465,0.000,1.000,0.500,
11.11.2025,11:7:28.826,25.829,27.337,17.056,3.840,0.000,250.0,250.0,15.456,5.091,3.139,12.015,9.399,5.832,3.567,5.758,3.867,0.402,3.465,3.465,0.000,1.000,0.375,
11.11.2025,11:7:29.833,28.547,27.166,17.089,3.758,0.000,250.0,250.0,15.861,4.204,2.673,9.105,7.304,4.533,2.771,4.483,3.859,0.402,3.457,3.457,0.000,0.500,0.000,
11.11.2025,11:7:30.826,24.469,29.173,18.720,3.955,0.000,250.0,250.0,14.380,3.904,2.599,8.025,6.597,4.094,2.503,4.044,3.859,0.402,3.457,3.457,0.000,1.375,1.000,
11.11.2025,11:7:31.825,29.907,31.406,20.829,4.118,0.000,250.0,250.0,12.685,4.049,2.501,8.691,6.949,4.312,2.637,4.250,3.850,0.402,3.448,3.448,0.000,1.375,1.125,
11.11.2025,11:7:32.834,23.110,30.552,20.298,3.825,0.000,250.0,250.0,12.892,4.640,2.673,10.757,8.336,5.172,3.164,5.098,3.867,0.402,3.465,3.465,0.000,2.125,0.000,
11.11.2025,11:7:33.831,19.032,28.966,18.969,3.712,0.000,250.0,250.0,16.838,4.085,2.673,8.640,7.021,4.348,2.673,4.299,3.867,0.402,3.465,3.465,0.000,0.500,0.000,
11.11.2025,11:7:34.826,25.829,29.313,19.114,3.732,0.000,250.0,250.0,12.186,3.981,2.636,8.297,6.789,4.201,2.588,4.152,3.849,0.401,3.448,3.448,0.000,0.375,0.000,
11.11.2025,11:7:35.830,12.235,29.551,19.352,3.799,0.000,250.0,250.0,13.790,4.659,2.967,10.551,8.384,5.200,3.184,5.126,3.859,0.402,3.457,3.457,0.000,0.000,0.000,
11.11.2025,11:7:36.826,23.110,27.147,17.116,3.705,0.000,250.0,250.0,15.529,3.787,2.648,7.526,6.319,3.917,2.402,3.868,3.867,0.402,3.465,3.457,0.000,2.125,0.000,
11.11.2025,11:7:37.836,25.829,27.963,17.715,3.807,0.000,250.0,250.0,11.729,4.249,2.857,9.012,7.359,4.566,2.793,4.517,3.962,0.459,3.503,3.457,0.000,1.500,0.000,
11.11.2025,11:7:38.834,17.672,27.947,17.779,3.776,0.000,250.0,250.0,12.959,4.318,2.746,9.441,7.559,4.691,2.868,4.629,3.893,0.434,3.459,3.457,0.000,2.125,2.250,
11.11.2025,11:7:39.826,21.750,27.262,17.326,3.625,0.000,250.0,250.0,13.931,3.776,2.599,7.544,6.293,3.904,2.389,3.854,3.859,0.402,3.457,3.457,0.000,0.000,0.000,
11.11.2025,11:7:40.826,24.469,28.125,17.988,3.757,0.000,250.0,250.0,14.936,3.776,2.930,10.676,8.434,5.225,3.209,5.163,3.859,0.402,3.457,3.457,0.000,1.625,0.000,
11.11.2025,11:7:41.829,25.829,28.125,17.988,3.757,0.000,250.0,250.0,15.863,4.681,2.464,7.628,6.260,3.881,2.379,3.844,3.859,0.402,3.457,3.457,0.000,0.000,0.000,
11.11.2025,11:7:42.827,19.032,29.792,19.777,3.640,0.000,250.0,250.0,15.863,3.763,2.464,7.628,6.260,3.881,2.379,3.844,3.859,0.402,3.457,3.457,0.000,0.375,0.000,
11.11.2025,11:7:43.826,17.672,27.218,17.016,3.801,0.000,250.0,250.0,11.323,4.066,2.526,8.732,6.978,4.332,2.646,4.282,3.859,0.402,3.457,3.448,0.000,1.125,2.375,
11.11.2025,11:7:44.832,23.110,29.138,19.054,3.739,0.000,250.0,250.0,13.118,4.748,2.771,11.000,8.539,5.291,3.248,5.230,3.972,0.427,3.545,3.457,0.000,1.375,0.000,
11.11.2025,11:7:45.828,28.547,28.683,18.665,3.684,0.000,250.0,250.0,16.712,4.141,2.538,8.996,7.157,4.435,2.722,4.386,3.859,0.402,3.457,3.457,0.000,0.000,1.125,
11.11.2025,11:7:46.835,24.469,28.187,17.936,3.807,0.000,250.0,250.0,13.827,3.851,2.636,7.792,6.469,4.017,2.452,3.967,3.859,0.402,3.457,3.457,0.000,0.000,0.000,
11.11.2025,11:7:47.830,20.391,28.508,18.194,3.869,0.001,250.0,250.0,13.195,3.783,2.538,7.629,6.310,3.919,2.391,3.870,3.859,0.402,3.457,3.457,0.000,0.000,0.000,
11.11.2025,11:7:48.835,24.469,29.484,19.448,3.674,0.000,250.0,250.0,13.517,7.386,3.469,20.403,14.810,9.176,5.634,9.065,3.923,0.422,3.501,3.457,0.000,0.000,0.000,
11.11.2025,11:7:49.831,14.953,28.652,18.307,3.908,0.000,250.0,250.0,18.895,3.832,2.477,7.877,6.430,3.979,2.451,3.930,3.859,0.402,3.457,3.457,0.000,1.375,0.125,
11.11.2025,11:7:50.829,20.391,25.911,15.675,3.811,0.000,250.0,250.0,11.435,4.300,2.538,9.604,7.534,4.678,2.856,4.616,3.859,0.402,3.457,3.457,0.000,2.000,2.500,
11.11.2025,11:7:51.830,20.391,29.384,19.331,3.716,0.000,250.0,250.0,11.754,6.321,3.249,16.625,12.321,7.636,4.685,7.550,3.850,0.402,3.448,3.448,0.000,0.000,1.750,
11.11.2025,11:7:52.836,19.032,28.069,17.868,3.776,0.000,250.0,250.0,14.679,4.419,2.709,9.836,7.790,4.832,2.958,4.770,3.919,0.419,3.500,3.457,0.000,0.625,0.500,
11.11.2025,11:7:53.830,16.313,27.140,17.023,3.756,0.000,250.0,250.0,15.279,3.836,2.562,7.810,6.439,3.989,2.450,3.939,3.859,0.402,3.457,3.457,0.000,0.375,0.000,
11.11.2025,11:7:54.824,14.953,26.827,16.730,3.729,0.000,250.0,250.0,11.484,3.827,2.440,7.897,6.415,3.977,2.438,3.928,3.859,0.402,3.457,3.457,0.000,0.875,1.000,
11.11.2025,11:7:55.826,29.907,29.141,18.865,3.813,0.000,250.0,250.0,13.254,3.905,2.587,8.050,6.598,4.087,2.511,4.038,3.859,0.402,3.457,3.457,0.000,0.000,0.000,
11.11.2025,11:7:56.824,19.032,27.195,17.268,3.633,0.000,250.0,250.0,16.241,6.260,3.224,16.398,12.170,7.548,4.622,7.449,3.867,0.402,3.465,3.457,0.000,2.000,2.125,
11.11.2025,11:7:57.839,19.032,27.582,17.515,3.718,0.000,250.0,250.0,21.194,7.680,3.518,21.485,15.504,9.614,5.890,9.491,3.915,0.414,3.501,3.465,0.000,0.375,0.125,
11.11.2025,11:7:58.832,23.110,26.822,16.467,3.889,0.000,250.0,250.0,15.564,4.347,2.722,9.606,7.643,4.738,2.905,4.677,3.859,0.402,3.457,3.457,0.000,1.875,2.125,
11.11.2025,11:7:59.836,19.032,29.630,19.464,3.769,0.000,250.0,250.0,11.340,4.262,2.722,9.285,7.450,4.618,2.832,4.556,3.850,0.402,3.448,3.457,0.000,2.000,2.250,
11.11.2025,11:8:0.836,23.110,27.747,17.365,3.909,0.000,250.0,250.0,12.941,4.016,2.710,8.355,6.855,4.258,2.597,4.209,3.859,0.402,3.457,3.457,0.000,0.000,0.000,
11.11.2025,11:8:1.831,20.391,27.202,17.053,3.757,0.001,250.0,250.0,11.555,4.082,2.636,8.672,7.010,4.349,2.661,4.300,3.867,0.402,3.465,3.457,0.000,2.125,1.125,
11.11.2025,11:8:2.826,27.188,27.532,17.317,3.824,0.000,250.0,250.0,11.676,4.372,2.759,9.673,7.702,4.774,2.928,4.725,3.850,0.402,3.448,3.457,0.000,0.000,0.000,
11.11.2025,11:8:3.824,25.829,29.168,18.974,3.786,0.000,250.0,250.0,12.500,6.019,3.102,15.599,11.600,7.184,4.416,7.098,3.867,0.402,3.465,3.457,0.000,0.000,0.500,
11.11.2025,11:8:4.828,16.313,29.051,18.996,3.681,0.000,250.0,250.0,12.847,4.534,2.526,10.507,8.089,5.011,3.078,4.950,3.859,0.402,3.457,3.457,0.000,0.500,0.500,
11.11.2025,11:8:5.827,25.829,27.884,17.600,3.899,0.000,250.0,250.0,15.571,6.049,3.151,15.673,11.666,7.241,4.425,7.155,3.859,0.402,3.457,3.457,0.000,0.000,0.000,
11.11.2025,11:8:6.825,17.672,28.604,18.510,3.731,0.000,250.0,250.0,11.667,3.977,2.612,8.303,6.767,4.196,2.571,4.147,3.859,0.402,3.457,3.457,0.000,2.125,1.250,
11.11.2025,11:8:7.828,17.672,28.604,18.510,3.731,0.000,250.0,250.0,14.204,3.786,2.501,7.677,6.320,3.918,2.402,3.868,3.859,0.402,3.457,3.457,0.000,0.000,1.250,
11.11.2025,11:8:8.827,28.547,27.060,16.870,3.761,0.000,250.0,250.0,16.242,3.813,2.513,7.768,6.383,3.956,2.427,3.907,3.859,0.402,3.457,3.457,0.000,0.000,0.000,
11.11.2025,11:8:9.833,12.235,28.755,18.706,3.708,0.000,250.0,250.0,14.815,3.768,2.587,7.524,6.275,3.896,2.379,3.846,3.859,0.402,3.457,3.457,0.000,2.125,1.125,
11.11.2025,11:8:10.825,16.313,25.825,15.388,3.981,0.000,250.0,250.0,13.215,3.809,2.710,7.559,6.370,3.955,2.415,3.905,3.859,0.402,3.457,3.457,0.000,1.000,0.500,
11.11.2025,11:8:11.828,23.110,27.591,17.262,3.861,0.000,250.0,250.0,13.288,3.838,2.562,7.812,6.435,3.987,2.448,3.938,3.867,0.402,3.465,3.465,0.000,2.125,1.250,
11.11.2025,11:8:12.825,32.625,29.112,18.949,3.780,0.000,250.0,250.0,13.107,3.756,2.513,7.550,6.244,3.879,2.365,3.830,3.859,0.402,3.457,3.457,0.000,2.000,2.250,
11.11.2025,11:8:13.826,32.625,37.651,27.024,4.126,0.000,250.0,250.0,11.662,3.724,2.427,7.517,6.171,3.831,2.340,3.781,3.859,0.402,3.457,3.457,0.000,2.125,2.375,
11.11.2025,11:8:14.828,24.469,41.123,30.576,4.060,0.000,250.0,250.0,12.487,3.903,2.562,8.065,6.598,4.087,2.511,4.037,3.859,0.402,3.457,3.457,0.000,1.375,0.000,
11.11.2025,11:8:15.837,29.907,38.940,28.417,4.052,0.001,250.0,250.0,12.880,4.880,2.820,11.530,8.903,5.521,3.382,5.447,3.867,0.402,3.465,3.465,0.000,2.250,1.250,
11.11.2025,11:8:16.831,19.032,29.102,19.060,3.705,0.000,250.0,250.0,16.430,7.204,3.531,19.700,14.407,8.937,5.470,8.826,3.855,0.398,3.457,3.457,0.000,0.000,0.000,
11.11.2025,11:8:17.833,17.672,27.940,17.850,3.719,0.000,250.0,250.0,17.005,5.805,3.016,14.852,11.068,6.862,4.206,6.788,3.898,0.430,3.468,3.465,0.001,1.125,0.000,
11.11.2025,11:8:18.830,23.110,29.114,19.023,3.714,0.000,250.0,250.0,15.038,3.807,2.464,7.797,6.367,3.953,2.414,3.904,3.859,0.402,3.457,3.457,0.000,0.000,0.000,
11.11.2025,11:8:19.830,19.032,27.620,17.506,3.733,0.000,250.0,250.0,15.476,3.770,2.452,7.666,6.283,3.893,2.390,3.843,3.859,0.402,3.457,3.457,0.000,0.375,0.000,
11.11.2025,11:8:20.826,24.469,27.188,16.940,3.846,0.000,250.0,250.0,13.272,5.167,2.746,12.631,9.536,5.906,3.630,5.832,3.967,0.464,3.503,3.457,0.000,0.000,0.000,
11.11.2025,11:8:21.826,19.032,27.313,17.136,3.803,0.000,250.0,250.0,13.930,3.895,2.464,8.137,6.579,4.078,2.501,4.029,3.859,0.402,3.457,3.448,0.000,0.625,0.000,
11.11.2025,11:8:22.824,20.391,28.697,18.464,3.821,0.000,250.0,250.0,12.151,4.039,2.464,8.679,6.920,4.285,2.635,4.235,3.859,0.402,3.457,3.457,0.000,1.500,1.250,
11.11.2025,11:8:23.824,21.750,27.431,17.344,3.745,0.000,250.0,250.0,18.267,5.937,3.163,15.202,11.383,7.064,4.319,6.978,3.899,0.431,3.468,3.465,0.000,1.125,1.125,
11.11.2025,11:8:24.824,23.110,27.210,16.969,3.813,0.000,250.0,250.0,16.135,3.847,2.636,7.777,6.464,4.001,2.463,3.952,3.859,0.402,3.457,3.457,0.000,0.375,0.125,
11.11.2025,11:8:25.831,33.985,28.797,18.556,3.812,0.000,250.0,250.0,17.462,3.782,2.624,7.543,6.305,3.916,2.389,3.866,3.859,0.402,3.457,3.457,0.000,0.000,1.125,
11.11.2025,11:8:26.833,21.750,27.245,16.981,3.870,0.000,250.0,250.0,12.429,3.928,2.489,8.235,6.660,4.132,2.528,4.083,3.850,0.402,3.448,3.457,0.000,0.500,0.000,
11.11.2025,11:8:27.830,16.313,27.242,17.130,3.753,0.000,250.0,250.0,11.308,3.825,2.415,7.914,6.409,3.981,2.428,3.932,3.859,0.402,3.457,3.457,0.000,0.375,1.250,
11.11.2025,11:8:28.825,27.188,28.885,18.579,3.901,0.000,250.0,250.0,13.658,4.281,2.673,9.393,7.485,4.641,2.844,4.580,3.867,0.402,3.465,3.465,0.000,0.000,0.000,
11.11.2025,11:8:29.828,20.391,27.133,16.791,3.906,0.000,250.0,250.0,10.808,3.741,2.526,7.491,6.218,3.854,2.364,3.805,3.850,0.402,3.448,3.448,0.000,0.000,0.000,
11.11.2025,11:8:30.825,14.953,28.627,18.430,3.804,0.000,250.0,250.0,10.749,4.006,2.526,8.440,6.812,4.225,2.587,4.164,3.926,0.426,3.500,3.457,0.000,1.250,2.375,
11.11.2025,11:8:31.831,16.313,26.877,16.490,3.889,0.000,250.0,250.0,11.945,4.805,2.992,11.078,8.729,5.417,3.312,5.344,3.859,0.402,3.457,3.457,0.000,0.000,1.125,
11.11.2025,11:8:32.825,23.110,29.356,19.113,3.891,0.000,250.0,250.0,12.552,3.907,2.587,8.062,6.599,4.100,2.499,4.050,3.859,0.402,3.457,3.457,0.000,0.750,1.625,
11.11.2025,11:8:33.836,23.110,30.345,19.726,4.117,0.000,250.0,250.0,12.189,6.193,3.200,16.174,12.014,7.452,4.562,7.354,3.859,0.402,3.457,3.457,0.000,1.000,0.750,
11.11.2025,11:8:34.831,14.953,27.434,17.109,3.866,0.000,250.0,250.0,11.960,4.266,2.550,9.419,7.427,4.607,2.820,4.545,3.919,0.418,3.501,3.457,0.000,2.125,1.125,
11.11.2025,11:8:35.827,17.672,29.587,19.465,3.729,0.000,250.0,250.0,15.120,3.872,2.550,7.962,6.524,4.037,2.487,3.988,3.859,0.402,3.457,3.457,0.000,0.000,0.000,
11.11.2025,11:8:36.830,17.672,26.467,16.269,3.793,0.000,250.0,250.0,12.192,3.858,2.477,7.981,6.485,4.024,2.461,3.974,3.859,0.402,3.457,3.457,0.000,0.000,0.000,
11.11.2025,11:8:37.828,21.750,28.047,18.157,3.547,0.000,250.0,250.0,15.766,3.736,2.563,7.429,6.202,3.839,2.363,3.790,3.859,0.402,3.457,3.457,0.000,1.500,2.250,
11.11.2025,11:8:38.824,19.032,27.340,17.102,3.813,0.000,250.0,250.0,12.703,3.776,2.661,7.481,6.294,3.904,2.390,3.855,3.859,0.402,3.457,3.457,0.000,0.000,0.000,
11.11.2025,11:8:39.829,19.032,28.689,18.602,3.712,0.000,250.0,250.0,12.117,7.677,3.727,21.292,15.521,9.623,5.898,9.500,3.875,0.410,3.465,3.457,0.000,1.125,1.125,
11.11.2025,11:8:40.825,17.672,28.297,18.273,3.677,0.000,250.0,250.0,19.847,6.039,3.249,15.538,11.651,7.227,4.424,7.129,3.859,0.402,3.457,3.457,0.000,0.000,0.000,
11.11.2025,11:8:41.824,13.594,27.940,17.954,3.646,0.000,250.0,250.0,18.712,7.219,3.457,19.812,14.435,8.951,5.484,8.840,3.875,0.410,3.465,3.465,0.000,1.000,1.125,
11.11.2025,11:8:42.830,19.032,27.907,17.785,3.755,0.000,250.0,250.0,11.746,3.670,2.526,7.207,6.050,3.746,2.304,3.697,3.859,0.402,3.457,3.457,0.000,1.500,0.875,
11.11.2025,11:8:43.829,20.391,31.686,21.427,3.788,0.000,250.0,250.0,11.667,3.803,2.550,7.698,6.360,3.937,2.423,3.888,3.859,0.402,3.457,3.457,0.000,1.375,0.000,
11.11.2025,11:8:44.824,21.750,43.371,32.824,4.099,0.000,250.0,250.0,11.468,3.828,2.771,7.569,6.416,3.978,2.438,3.929,3.859,0.402,3.457,3.457,0.000,1.000,1.125,
11.11.2025,11:8:45.825,21.750,41.358,30.923,3.979,0.000,250.0,250.0,14.382,5.390,2.967,13.307,10.085,6.248,3.837,6.174,3.915,0.414,3.501,3.457,0.000,0.000,0.000,
11.11.2025,11:8:46.839,21.750,32.314,22.119,3.764,0.000,250.0,250.0,18.086,3.843,2.685,7.719,6.451,4.001,2.450,3.952,3.859,0.402,3.457,3.457,0.000,0.000,0.000,
11.11.2025,11:8:47.827,31.266,27.431,17.250,3.796,0.000,250.0,250.0,13.324,6.003,3.286,15.344,11.553,7.160,4.393,7.074,3.875,0.402,3.473,3.473,0.000,2.000,0.250,
11.11.2025,11:8:48.831,17.672,30.284,20.076,3.770,0.000,250.0,250.0,18.265,4.535,2.501,10.489,8.055,5.001,3.054,4.939,3.926,0.425,3.501,3.457,0.000,0.500,0.000,
11.11.2025,11:8:49.829,21.750,28.726,18.623,3.729,0.000,250.0,250.0,13.475,5.815,3.126,14.802,11.108,6.893,4.215,6.807,3.867,0.402,3.465,3.465,0.000,0.000,0.000,
11.11.2025,11:8:50.823,20.391,27.547,17.307,3.807,0.000,250.0,250.0,14.080,4.365,2.538,9.805,7.652,4.744,2.908,4.694,3.926,0.426,3.500,3.457,0.000,0.000,2.250,
11.11.2025,11:8:51.825,17.672,29.379,19.418,3.649,0.000,250.0,250.0,15.657,6.755,3.187,18.339,13.332,8.269,5.063,8.171,3.863,0.398,3.465,3.465,0.000,2.125,0.000,
11.11.2025,11:8:52.832,16.313,27.796,17.640,3.709,0.000,250.0,250.0,18.522,4.789,2.648,11.374,8.682,5.386,3.296,5.325,3.859,0.402,3.457,3.457,0.000,0.500,0.000,
11.11.2025,11:8:53.828,16.313,27.265,17.275,3.651,0.000,250.0,250.0,13.728,3.821,2.489,7.815,6.402,3.972,2.430,3.923,3.859,0.402,3.457,3.457,0.000,0.000,0.625,
11.11.2025,11:8:54.825,23.110,27.437,17.227,3.813,0.000,250.0,250.0,10.991,4.656,2.660,10.801,8.343,5.168,3.175,5.107,3.923,0.422,3.501,3.457,0.000,0.000,0.000,
11.11.2025,11:8:55.824,20.391,29.672,19.620,3.653,0.000,250.0,250.0,16.375,7.177,3.592,19.523,14.336,8.889,5.447,8.779,3.867,0.402,3.465,3.465,0.000,0.000,0.750,
11.11.2025,11:8:56.828,17.672,28.848,18.981,3.602,0.000,250.0,250.0,21.858,3.823,2.501,7.815,6.409,3.969,2.440,3.920,3.859,0.402,3.457,3.457,0.001,1.125,0.000,
11.11.2025,11:8:57.825,12.235,28.197,18.057,3.726,0.000,250.0,250.0,16.888,4.964,2.685,11.966,9.084,5.637,3.447,5.563,3.893,0.434,3.459,3.473,0.000,2.000,2.375,
11.11.2025,11:8:58.838,21.750,30.047,19.987,3.692,0.000,250.0,250.0,14.554,5.578,3.053,13.973,10.553,6.544,4.009,6.470,3.859,0.402,3.457,3.457,0.000,0.000,0.000,
11.11.2025,11:8:59.830,19.032,29.765,19.659,3.741,0.001,250.0,250.0,14.475,6.240,3.261,16.296,12.122,7.512,4.610,7.426,3.859,0.402,3.457,3.457,0.000,0.000,2.250,
11.11.2025,11:9:0.825,10.875,26.478,16.463,3.700,0.000,250.0,250.0,18.481,7.314,3.678,19.969,14.655,9.086,5.569,8.988,3.867,0.402,3.465,3.465,0.000,0.000,0.000,
11.11.2025,11:9:1.824,16.313,30.298,20.213,3.698,0.000,250.0,250.0,17.225,4.036,2.562,8.570,6.913,4.288,2.625,4.226,3.859,0.402,3.457,3.457,0.001,1.125,1.125,
11.11.2025,11:9:2.831,20.391,27.194,16.879,3.865,0.000,250.0,250.0,11.657,4.008,2.526,8.457,6.813,4.226,2.587,4.177,3.918,0.418,3.500,3.457,0.000,1.000,2.250,
11.11.2025,11:9:3.835,19.032,28.712,18.478,3.808,0.000,250.0,250.0,14.238,3.711,2.489,7.403,6.135,3.807,2.328,3.757,3.867,0.402,3.465,3.457,0.000,0.000,0.125,
11.11.2025,11:9:4.825,17.672,26.682,16.428,3.784,0.000,250.0,250.0,12.217,3.767,2.464,7.647,6.271,3.893,2.378,3.844,3.859,0.402,3.457,3.457,0.000,0.125,0.000,
11.11.2025,11:9:5.825,14.953,29.017,18.803,3.807,0.000,250.0,250.0,11.095,4.261,2.636,9.276,7.395,4.585,2.810,4.524,3.961,0.458,3.503,3.465,0.000,1.375,0.500,
11.11.2025,11:9:6.824,17.672,30.817,20.753,3.711,0.000,250.0,250.0,13.482,7.267,3.739,19.722,14.546,9.025,5.521,8.914,3.867,0.402,3.465,3.465,0.000,0.375,0.000,
11.11.2025,11:9:7.833,19.032,27.923,17.875,3.679,0.000,250.0,250.0,20.654,3.929,2.587,8.139,6.655,4.129,2.526,4.080,3.859,0.402,3.457,3.457,0.000,0.000,0.125,
11.11.2025,11:9:8.839,27.188,27.625,17.391,3.794,0.000,250.0,250.0,12.069,7.642,3.837,21.060,15.444,9.578,5.866,9.455,3.862,0.405,3.457,3.457,0.000,0.000,0.000,
11.11.2025,11:9:9.831,16.313,30.184,20.123,3.676,0.000,250.0,250.0,14.985,4.325,2.648,9.474,7.515,4.657,2.858,4.607,4.017,0.469,3.548,3.457,0.000,0.000,0.000,
11.11.2025,11:9:10.832,17.672,27.725,17.500,3.796,0.000,250.0,250.0,11.916,3.931,2.611,8.110,6.655,4.129,2.526,4.080,3.867,0.402,3.465,3.465,0.000,0.375,0.125,
11.11.2025,11:9:11.829,17.672,27.357,17.225,3.757,0.000,250.0,250.0,13.610,4.306,2.489,9.654,7.528,4.669,2.859,4.620,3.894,0.435,3.459,3.457,0.000,0.000,0.000,
11.11.2025,11:9:12.830,23.110,37.350,26.955,3.932,0.000,250.0,250.0,15.918,6.952,3.420,18.856,13.807,8.557,5.250,8.458,3.859,0.402,3.457,3.457,0.000,0.000,2.375,
11.11.2025,11:9:13.827,23.110,40.356,29.964,3.987,0.000,250.0,250.0,17.569,3.981,2.513,8.412,6.777,4.202,2.575,4.152,3.859,0.402,3.457,3.457,0.000,0.000,0.000,
11.11.2025,11:9:14.825,16.313,34.054,23.788,3.869,0.000,250.0,250.0,14.726,4.476,2.746,10.052,7.935,4.921,3.014,4.860,3.878,0.405,3.473,3.473,0.000,0.750,0.000,
11.11.2025,11:9:15.826,36.704,30.001,19.715,3.840,0.000,250.0,250.0,12.676,4.494,2.660,10.205,7.973,4.946,3.027,4.884,3.892,0.434,3.458,3.457,0.001,1.625,0.000,
11.11.2025,11:9:16.839,17.672,31.779,21.764,3.662,0.000,250.0,250.0,11.660,3.805,2.685,7.569,6.367,3.941,2.426,3.891,3.859,0.402,3.457,3.457,0.000,0.000,2.875,
11.11.2025,11:9:17.830,17.672,28.113,17.648,3.982,0.001,250.0,250.0,11.934,4.095,2.636,8.714,7.048,4.374,2.674,4.312,3.867,0.402,3.465,3.457,0.000,1.125,0.000,
11.11.2025,11:9:18.829,16.313,28.020,18.035,3.631,0.000,250.0,250.0,11.647,3.925,2.575,8.137,6.654,4.128,2.526,4.067,3.859,0.402,3.457,3.448,0.000,0.000,0.000,
11.11.2025,11:9:19.833,19.032,26.948,16.337,4.031,0.000,250.0,250.0,11.506,4.211,2.587,9.215,7.321,4.536,2.785,4.487,3.859,0.402,3.457,3.457,0.000,0.000,0.000,
11.11.2025,11:9:20.829,23.110,28.055,17.975,3.737,0.000,250.0,250.0,14.655,4.211,3.151,15.111,11.313,7.022,4.291,6.936,3.867,0.402,3.465,3.457,0.000,0.000,0.000,
11.11.2025,11:9:21.825,19.032,29.000,18.974,3.660,0.000,250.0,250.0,14.655,5.901,3.151,15.111,11.313,7.022,4.291,6.936,3.867,0.402,3.465,3.457,0.000,0.000,0.375,
11.11.2025,11:9:22.835,24.469,28.319,18.138,3.787,0.000,250.0,250.0,14.993,4.284,2.526,9.482,7.446,4.615,2.831,4.553,3.963,0.460,3.503,3.457,0.000,1.000,1.125,
11.11.2025,11:9:23.831,16.313,27.066,16.714,3.898,0.000,250.0,250.0,11.752,3.835,2.587,7.780,6.434,3.994,2.440,3.945,3.859,0.402,3.457,3.457,0.001,0.000,0.000,
11.11.2025,11:9:24.825,19.032,27.654,17.445,3.792,0.000,250.0,250.0,11.813,3.977,2.587,8.322,6.768,4.204,2.564,4.154,3.859,0.402,3.457,3.457,0.000,0.375,1.125,
11.11.2025,11:9:25.825,16.313,27.042,16.941,3.751,0.000,250.0,250.0,12.238,3.969,2.636,8.247,6.748,4.187,2.561,4.137,3.859,0.402,3.457,3.457,0.000,0.000,0.500,
11.11.2025,11:9:26.824,31.266,27.042,16.941,3.751,0.000,250.0,250.0,12.354,4.203,2.525,9.250,7.299,4.529,2.770,4.480,3.859,0.402,3.457,3.457,0.000,0.000,0.500,
11.11.2025,11:9:27.829,17.672,28.432,18.282,3.741,0.000,250.0,250.0,13.185,3.789,2.452,7.741,6.319,3.917,2.402,3.880,3.859,0.402,3.457,3.457,0.001,0.875,1.625,
11.11.2025,11:9:28.826,21.750,28.280,18.123,3.754,0.000,250.0,250.0,15.811,6.361,3.359,16.658,12.409,7.699,4.710,7.600,3.859,0.402,3.457,3.457,0.000,0.000,0.000,
11.11.2025,11:9:29.825,16.313,27.085,16.908,3.773,0.000,250.0,250.0,15.047,4.380,2.685,9.760,7.725,4.793,2.932,4.731,3.859,0.402,3.457,3.457,0.000,0.750,0.000,
11.11.2025,11:9:30.833,17.672,27.085,16.908,3.773,0.000,250.0,250.0,11.599,3.863,2.489,7.984,6.504,4.028,2.476,3.979,3.859,0.402,3.457,3.457,0.000,0.375,0.000,
11.11.2025,11:9:31.831,21.750,26.682,16.612,3.727,0.000,250.0,250.0,11.737,3.899,2.660,7.947,6.591,4.078,2.513,4.029,3.859,0.402,3.457,3.457,0.000,0.000,0.000,
11.11.2025,11:9:32.829,14.953,26.786,16.591,3.776,0.000,250.0,250.0,12.313,3.887,2.759,7.804,6.557,4.067,2.490,4.018,3.859,0.402,3.457,3.457,0.000,1.500,0.000,
11.11.2025,11:9:33.824,24.469,29.800,19.427,3.918,0.000,250.0,250.0,11.958,4.628,2.783,10.628,8.303,5.154,3.149,5.092,3.859,0.402,3.457,3.457,0.000,1.500,0.000,
11.11.2025,11:9:34.825,25.829,30.146,19.518,4.080,0.000,250.0,250.0,11.714,7.837,3.616,22.035,15.892,9.850,6.042,9.739,3.862,0.405,3.457,3.473,0.000,1.875,1.625,
11.11.2025,11:9:35.839,24.469,30.175,20.101,3.727,0.000,250.0,250.0,15.531,4.160,2.562,9.056,7.197,4.466,2.731,4.417,3.859,0.402,3.457,3.457,0.000,0.000,0.000,
11.11.2025,11:9:36.837,24.469,30.175,20.101,3.727,0.000,250.0,250.0,17.526,7.163,3.420,19.601,14.276,8.853,5.423,8.742,3.924,0.415,3.509,3.465,0.000,0.250,0.000,
11.11.2025,11:9:37.825,23.110,38.611,28.248,3.993,0.000,250.0,250.0,16.214,4.910,2.611,11.862,8.979,5.567,3.412,5.494,3.859,0.402,3.457,3.457,0.000,1.250,0.375,
11.11.2025,11:9:38.834,27.188,39.912,29.300,4.113,0.000,250.0,250.0,13.103,4.860,2.636,11.652,8.857,5.486,3.371,5.425,3.859,0.402,3.457,3.457,0.000,1.375,0.000,
11.11.2025,11:9:39.837,25.829,32.325,22.015,3.854,0.000,250.0,250.0,14.132,4.344,2.709,9.606,7.636,4.734,2.902,4.673,3.859,0.402,3.457,3.457,0.000,0.000,0.125,
11.11.2025,11:9:40.831,13.594,27.425,17.386,3.678,0.000,250.0,250.0,15.847,6.236,3.335,16.200,12.115,7.515,4.600,7.417,3.859,0.402,3.457,3.457,0.000,1.125,0.000,
11.11.2025,11:9:41.829,16.313,28.260,17.850,3.930,0.000,250.0,250.0,14.210,4.987,2.844,11.928,9.154,5.672,3.482,5.611,3.859,0.402,3.457,3.457,0.000,0.125,0.000,
11.11.2025,11:9:42.827,16.313,25.871,15.656,3.831,0.000,250.0,250.0,12.172,6.769,3.371,18.204,13.372,8.296,5.076,8.198,3.859,0.402,3.457,3.457,0.000,0.875,0.000,
11.11.2025,11:9:43.825,29.907,29.219,19.032,3.775,0.000,250.0,250.0,13.004,4.206,2.452,9.337,7.308,4.527,2.781,4.478,3.859,0.402,3.457,3.457,0.000,0.500,0.000,
11.11.2025,11:9:44.824,21.750,28.055,17.937,3.732,0.000,250.0,250.0,11.957,3.781,2.538,7.619,6.310,3.907,2.403,3.857,3.859,0.402,3.457,3.457,0.000,1.000,0.000,
11.11.2025,11:9:45.827,17.672,28.169,17.959,3.781,0.000,250.0,250.0,11.266,4.160,2.526,9.082,7.203,4.470,2.733,4.408,3.859,0.402,3.457,3.457,0.000,0.000,1.125,
11.11.2025,11:9:46.830,39.422,28.169,17.959,3.781,0.000,250.0,250.0,14.255,7.239,3.518,19.857,14.490,8.984,5.506,8.873,3.855,0.398,3.457,3.457,0.000,2.250,0.000,
11.11.2025,11:9:47.828,39.422,28.169,17.959,3.781,0.000,250.0,250.0,16.040,3.784,2.636,7.540,6.313,3.913,2.400,3.864,3.859,0.402,3.457,3.457,0.000,2.250,0.000,
11.11.2025,11:9:48.838,19.032,32.287,21.930,3.919,0.000,250.0,250.0,15.716,5.569,2.930,14.027,10.517,6.519,3.998,6.433,3.899,0.431,3.468,3.465,0.000,0.000,0.000,
11.11.2025,11:9:49.830,35.344,26.831,16.819,3.683,0.000,250.0,250.0,15.280,4.968,2.844,11.846,9.110,5.650,3.460,5.576,3.867,0.402,3.465,3.465,0.000,1.500,0.000,
11.11.2025,11:9:50.829,19.032,28.021,17.825,3.778,0.000,250.0,250.0,17.070,8.674,3.984,24.837,17.877,11.090,6.787,10.955,3.871,0.398,3.473,3.473,0.000,0.125,0.000,
11.11.2025,11:9:51.830,16.313,27.232,17.196,3.672,0.000,250.0,250.0,17.736,3.845,2.440,7.965,6.455,4.004,2.451,3.955,3.859,0.402,3.457,3.457,0.000,1.500,0.000,
11.11.2025,11:9:52.829,16.313,27.954,17.713,3.809,0.000,250.0,250.0,12.989,5.287,2.844,13.078,9.860,6.123,3.737,6.049,3.859,0.402,3.457,3.457,0.000,1.000,0.000,
11.11.2025,11:9:53.825,17.672,28.703,18.469,3.780,0.000,250.0,250.0,12.029,5.338,3.053,13.062,9.984,6.197,3.787,6.123,3.859,0.402,3.457,3.457,0.000,0.000,0.000,
11.11.2025,11:9:54.837,17.672,27.655,17.667,3.677,0.000,250.0,250.0,15.298,3.969,2.648,8.232,6.749,4.187,2.562,4.138,3.859,0.402,3.457,3.457,0.000,1.375,0.000,
11.11.2025,11:9:55.840,13.594,27.655,17.667,3.677,0.000,250.0,250.0,12.655,3.912,2.648,8.009,6.617,4.103,2.514,4.054,3.859,0.402,3.457,3.457,0.000,1.125,1.125,
11.11.2025,11:9:56.853,21.750,28.951,18.591,3.894,0.000,250.0,250.0,11.543,6.987,3.543,18.862,13.887,8.615,5.272,8.516,3.859,0.402,3.457,3.457,0.000,0.000,0.000,
11.11.2025,11:9:57.853,21.750,26.367,16.337,3.641,0.000,250.0,250.0,12.949,3.879,2.440,8.099,6.536,4.050,2.486,4.001,3.859,0.402,3.457,3.457,0.001,0.000,0.000,
11.11.2025,11:9:58.850,14.953,28.813,18.474,3.881,0.000,250.0,250.0,13.606,4.029,2.452,8.655,6.890,4.277,2.613,4.227,3.859,0.402,3.457,3.457,0.000,0.375,0.750,
11.11.2025,11:9:59.845,17.672,27.280,17.182,3.693,0.000,250.0,250.0,13.095,6.779,3.273,18.336,13.406,8.314,5.092,8.204,3.855,0.398,3.457,3.457,0.000,0.000,1.125,
11.11.2025,11:10:0.857,19.032,28.317,18.157,3.744,0.000,250.0,250.0,16.000,7.506,3.420,20.965,15.120,9.380,5.740,9.257,3.859,0.402,3.457,3.457,0.000,0.000,0.000,
11.11.2025,11:10:1.866,21.750,28.317,18.157,3.744,0.000,250.0,250.0,15.551,6.026,3.138,15.573,11.598,7.195,4.403,7.109,3.892,0.432,3.460,3.457,0.000,0.000,0.500,
11.11.2025,11:10:2.864,17.672,28.309,18.124,3.772,0.000,250.0,250.0,16.674,4.619,2.599,10.774,8.282,5.144,3.138,5.083,3.859,0.402,3.457,3.457,0.000,0.000,0.000,
11.11.2025,11:10:3.862,17.672,28.782,18.850,3.607,0.000,250.0,250.0,11.801,3.905,2.526,8.112,6.601,4.089,2.512,4.039,3.859,0.402,3.457,3.457,0.000,0.000,0.500,
11.11.2025,11:10:4.860,19.032,28.092,17.822,3.805,0.001,250.0,250.0,11.835,3.844,2.477,7.925,6.455,4.003,2.452,3.954,3.859,0.402,3.457,3.457,0.000,1.000,0.000,
11.11.2025,11:10:5.858,21.750,29.558,19.613,3.633,0.000,250.0,250.0,15.436,6.931,3.285,18.904,13.760,8.534,5.226,8.423,3.859,0.402,3.457,3.457,0.000,0.000,0.000,
11.11.2025,11:10:6.856,16.313,25.739,15.757,3.620,0.000,250.0,250.0,17.027,4.041,2.501,8.651,6.919,4.292,2.627,4.242,3.859,0.402,3.457,3.457,0.000,0.375,0.500,
11.11.2025,11:10:7.864,16.313,26.978,16.704,3.855,0.000,250.0,250.0,13.299,4.553,2.587,10.504,8.120,5.027,3.093,4.966,3.889,0.430,3.459,3.457,0.000,1.125,0.000,
11.11.2025,11:10:8.858,16.313,29.417,19.301,3.717,0.000,250.0,250.0,15.368,6.432,3.249,17.038,12.578,7.795,4.783,7.697,3.862,0.405,3.457,3.457,0.000,0.125,0.000,
11.11.2025,11:10:9.859,14.953,29.470,19.353,3.730,0.000,250.0,250.0,15.773,4.666,2.599,10.943,8.391,5.204,3.187,5.143,3.867,0.402,3.465,3.457,0.000,0.000,0.000,
11.11.2025,11:10:10.855,13.594,27.444,17.340,3.714,0.000,250.0,250.0,16.322,3.865,2.612,7.868,6.503,4.027,2.476,3.978,3.867,0.402,3.465,3.457,0.000,0.000,0.000,
11.11.2025,11:10:11.855,17.672,26.108,15.837,3.809,0.000,250.0,250.0,13.344,4.803,2.734,11.325,8.719,5.406,3.313,5.345,3.867,0.402,3.465,3.457,0.001,0.250,0.000,
11.11.2025,11:10:12.855,13.594,26.108,15.837,3.809,0.000,250.0,250.0,13.656,3.844,2.624,7.782,6.455,4.003,2.452,3.954,3.859,0.402,3.457,3.457,0.001,0.000,2.250,
11.11.2025,11:10:13.856,20.391,28.588,18.373,3.786,0.000,250.0,250.0,11.605,3.973,2.514,8.388,6.765,4.190,2.575,4.141,3.850,0.402,3.448,3.457,0.000,0.000,0.625,
11.11.2025,11:10:14.856,17.672,28.328,18.157,3.785,0.000,250.0,250.0,13.293,3.910,2.514,8.137,6.612,4.095,2.517,4.046,3.859,0.402,3.457,3.457,0.000,0.000,1.625,
11.11.2025,11:10:15.868,33.985,31.483,21.130,3.863,0.000,250.0,250.0,13.618,3.779,2.550,7.597,6.303,3.910,2.393,3.861,3.859,0.402,3.457,3.457,0.000,1.000,0.000,
11.11.2025,11:10:16.859,32.625,41.588,31.041,4.072,0.000,250.0,250.0,12.967,5.658,3.065,14.261,10.750,6.662,4.088,6.575,3.862,0.405,3.457,3.457,0.000,0.625,0.000,
11.11.2025,11:10:17.855,14.953,41.588,31.041,4.072,0.000,250.0,250.0,13.896,4.113,2.808,8.614,7.095,4.393,2.702,4.343,3.859,0.402,3.457,3.457,0.000,0.000,1.125,
11.11.2025,11:10:18.868,32.625,36.920,26.532,3.993,0.000,250.0,250.0,12.314,4.122,2.759,8.701,7.116,4.415,2.701,4.354,3.859,0.402,3.457,3.457,0.000,0.500,1.125,
11.11.2025,11:10:19.861,19.032,29.073,18.916,3.741,0.000,250.0,250.0,14.537,7.157,3.433,19.616,14.289,8.862,5.427,8.751,3.866,0.409,3.457,3.457,0.000,0.000,1.250,
11.11.2025,11:10:20.863,24.469,31.085,20.760,3.905,0.000,250.0,250.0,19.610,7.440,3.359,20.774,14.959,9.276,5.683,9.165,3.866,0.409,3.457,3.457,0.000,1.000,0.000,
11.11.2025,11:10:21.860,13.594,29.134,18.998,3.708,0.000,250.0,250.0,15.340,4.422,2.587,10.026,7.822,4.853,2.969,4.791,3.859,0.402,3.457,3.457,0.001,0.000,2.125,
11.11.2025,11:10:22.859,20.391,28.427,18.268,3.749,0.000,250.0,250.0,12.434,4.139,2.513,9.016,7.150,4.438,2.712,4.389,3.859,0.402,3.457,3.457,0.000,2.125,0.500,
11.11.2025,11:10:23.867,13.594,26.832,16.729,3.742,0.000,250.0,250.0,12.318,4.468,2.587,10.203,7.932,4.914,3.018,4.853,3.859,0.402,3.457,3.457,0.000,0.000,0.000,
11.11.2025,11:10:24.865,27.188,28.519,18.234,3.796,0.000,250.0,250.0,13.317,3.922,2.624,8.079,6.637,4.113,2.524,4.064,3.859,0.402,3.457,3.457,0.000,0.375,0.375,
11.11.2025,11:10:25.862,23.110,30.447,20.502,3.631,0.001,250.0,250.0,13.076,3.904,2.538,8.089,6.602,4.085,2.517,4.035,3.859,0.402,3.457,3.457,0.000,2.125,0.500,
11.11.2025,11:10:26.859,21.750,26.586,16.466,3.772,0.000,250.0,250.0,16.673,5.526,2.832,14.004,10.433,6.472,3.961,6.386,3.859,0.402,3.457,3.457,0.000,1.125,0.500,
11.11.2025,11:10:27.856,17.672,27.795,17.646,3.742,0.000,250.0,250.0,15.412,6.453,3.249,17.131,12.621,7.824,4.797,7.738,3.859,0.402,3.457,3.457,0.000,0.000,0.000,
11.11.2025,11:10:28.855,20.391,26.843,16.635,3.781,0.000,250.0,250.0,17.766,4.831,2.575,11.601,8.789,5.449,3.340,5.387,3.859,0.402,3.457,3.457,0.001,0.375,0.000,
11.11.2025,11:10:29.866,17.672,26.786,16.658,3.797,0.000,250.0,250.0,12.678,4.205,2.464,9.324,7.304,4.533,2.771,4.483,3.859,0.402,3.457,3.457,0.000,0.000,1.125,
11.11.2025,11:10:30.864,19.032,27.069,16.774,3.843,0.000,250.0,250.0,12.573,3.930,2.514,8.218,6.657,4.130,2.527,4.080,3.859,0.402,3.457,3.457,0.000,0.000,0.000,
11.11.2025,11:10:31.860,14.953,29.449,19.270,3.734,0.000,250.0,250.0,12.972,6.200,3.212,16.194,12.019,7.455,4.564,7.369,3.859,0.402,3.457,3.465,0.000,0.000,0.000,
11.11.2025,11:10:32.859,25.829,28.988,18.799,3.828,0.000,250.0,250.0,17.172,4.016,2.612,8.452,6.861,4.249,2.612,4.200,3.859,0.402,3.457,3.457,0.000,0.000,0.000,
11.11.2025,11:10:33.855,20.391,28.186,18.065,3.708,0.000,250.0,250.0,14.244,4.095,2.562,8.793,7.051,4.376,2.675,4.314,3.859,0.402,3.457,3.457,0.000,0.000,0.000,
11.11.2025,11:10:34.870,23.110,27.246,17.117,3.721,0.000,250.0,250.0,14.134,7.277,3.310,20.180,14.564,9.029,5.535,8.918,3.887,0.430,3.457,3.457,0.000,0.000,0.000,
11.11.2025,11:10:35.865,20.391,28.022,17.769,3.858,0.000,250.0,250.0,18.243,4.021,2.452,8.636,6.881,4.267,2.614,4.217,3.850,0.402,3.448,3.448,0.000,0.000,0.000,
11.11.2025,11:10:36.862,20.391,30.823,20.169,4.085,0.000,250.0,250.0,12.697,4.035,2.501,8.634,6.910,4.286,2.624,4.225,3.859,0.402,3.457,3.457,0.000,0.375,0.500,
11.11.2025,11:10:37.858,21.750,27.582,17.425,3.802,0.000,250.0,250.0,11.947,4.195,2.759,8.963,7.273,4.512,2.761,4.450,3.878,0.405,3.473,3.473,0.000,2.000,1.625,
11.11.2025,11:10:38.856,16.313,29.123,18.855,3.815,0.000,250.0,250.0,15.056,4.284,2.722,9.363,7.492,4.645,2.847,4.596,3.859,0.402,3.457,3.457,0.000,0.000,0.000,
11.11.2025,11:10:39.857,14.953,29.123,18.855,3.815,0.000,250.0,250.0,14.452,5.692,3.151,14.217,10.767,6.681,4.086,6.595,3.973,0.454,3.519,3.473,0.000,0.375,0.000,
11.11.2025,11:10:40.856,21.750,28.814,18.700,3.726,0.000,250.0,250.0,12.999,4.881,2.832,11.530,8.907,5.519,3.388,5.458,3.859,0.402,3.457,3.457,0.000,0.000,0.000,
11.11.2025,11:10:41.856,20.391,27.490,17.371,3.734,0.000,250.0,250.0,16.265,4.182,2.661,9.036,7.247,4.499,2.748,4.450,3.859,0.402,3.457,3.457,0.000,0.000,0.000,
11.11.2025,11:10:42.857,17.672,24.971,14.963,3.659,0.000,250.0,250.0,19.939,4.050,2.612,8.570,6.943,4.304,2.639,4.254,3.859,0.402,3.457,3.457,0.000,0.500,0.000,
11.11.2025,11:10:43.856,28.547,39.342,28.975,3.926,0.000,250.0,250.0,21.294,6.271,3.175,16.450,12.166,7.541,4.625,7.455,3.919,0.418,3.501,3.465,0.000,1.000,0.000,
11.11.2025,11:10:44.867,25.829,40.162,29.576,4.079,0.000,250.0,250.0,16.842,4.632,2.550,10.863,8.318,5.163,3.155,5.101,3.859,0.402,3.457,3.457,0.000,0.500,2.375,
11.11.2025,11:10:45.864,23.110,36.607,26.202,3.952,0.000,250.0,250.0,17.011,4.680,2.857,10.734,8.428,5.224,3.204,5.163,3.867,0.402,3.465,3.457,0.000,1.000,0.000,
11.11.2025,11:10:46.860,14.953,29.743,19.607,3.724,0.000,250.0,250.0,13.939,4.169,2.722,8.923,7.231,4.484,2.747,4.422,3.859,0.402,3.457,3.448,0.000,0.000,0.000,
11.11.2025,11:10:47.862,16.313,27.959,17.794,3.765,0.001,250.0,250.0,14.443,3.915,2.612,8.056,6.624,4.108,2.516,4.058,3.859,0.402,3.457,3.457,0.000,2.250,0.000,
11.11.2025,11:10:48.858,14.953,28.060,17.865,3.768,0.000,250.0,250.0,14.005,4.328,2.673,9.577,7.599,4.717,2.882,4.655,3.859,0.402,3.457,3.457,0.000,1.375,1.000,
11.11.2025,11:10:49.857,24.469,31.687,21.453,3.836,0.000,250.0,250.0,12.399,4.147,2.673,8.887,7.168,4.446,2.722,4.397,3.859,0.402,3.457,3.457,0.000,1.125,0.000,
11.11.2025,11:10:50.857,19.032,30.461,20.136,3.903,0.000,250.0,250.0,14.668,5.187,2.955,12.574,9.637,5.969,3.668,5.896,3.859,0.402,3.457,3.457,0.000,0.000,0.000,
11.11.2025,11:10:51.857,20.391,27.478,17.214,3.831,0.000,250.0,250.0,15.068,4.798,2.612,11.418,8.689,5.391,3.298,5.329,3.892,0.434,3.458,3.457,0.000,0.000,0.000,
11.11.2025,11:10:52.856,14.953,29.877,19.699,3.765,0.000,250.0,250.0,17.210,4.798,2.538,8.710,6.980,4.329,2.651,4.280,3.860,0.403,3.457,3.457,0.000,0.250,0.000,
11.11.2025,11:10:53.870,20.391,27.737,17.611,3.748,0.000,250.0,250.0,15.991,4.066,3.102,14.826,11.120,6.888,4.232,6.802,3.889,0.430,3.459,3.457,0.000,0.000,0.000,
11.11.2025,11:10:54.856,17.672,27.543,17.493,3.675,0.000,250.0,250.0,15.991,5.820,3.102,14.826,11.120,6.888,4.232,6.802,3.889,0.430,3.459,3.457,0.000,0.000,2.250,
11.11.2025,11:10:55.855,17.672,27.910,17.856,3.714,0.000,250.0,250.0,17.105,3.970,2.599,8.288,6.751,4.188,2.563,4.139,3.859,0.402,3.457,3.457,0.000,0.000,0.000,
11.11.2025,11:10:56.863,14.953,28.706,18.589,3.720,0.000,250.0,250.0,16.782,7.304,3.494,20.103,14.612,9.070,5.542,8.959,3.897,0.430,3.467,3.465,0.000,0.000,0.000,
11.11.2025,11:10:57.864,24.469,28.942,18.904,3.684,0.000,250.0,250.0,16.933,5.018,2.734,12.152,9.226,5.720,3.506,5.646,3.867,0.402,3.465,3.465,0.000,0.000,0.000,
11.11.2025,11:10:58.864,17.672,26.826,16.714,3.751,0.000,250.0,250.0,15.248,4.342,2.636,9.575,7.577,4.694,2.883,4.633,3.982,0.436,3.546,3.457,0.000,0.000,0.000,
11.11.2025,11:10:59.866,23.110,28.411,18.207,3.752,0.000,250.0,250.0,11.952,4.345,2.575,9.748,7.636,4.742,2.894,4.680,3.859,0.402,3.457,3.457,0.000,0.000,0.000,
11.11.2025,11:11:0.858,19.032,28.170,18.139,3.720,0.000,250.0,250.0,13.176,5.351,2.893,13.267,10.021,6.204,3.817,6.130,3.859,0.402,3.457,3.457,0.000,1.250,0.000,
11.11.2025,11:11:1.857,21.750,27.413,17.252,3.762,0.000,250.0,250.0,16.671,8.714,3.898,25.075,17.965,11.140,6.825,11.005,3.889,0.430,3.459,3.457,0.000,0.000,0.000,
11.11.2025,11:11:2.856,19.032,28.734,18.405,3.853,0.000,250.0,250.0,13.693,3.841,2.722,7.666,6.444,4.004,2.440,3.955,3.859,0.402,3.457,3.457,0.000,0.000,0.000,
11.11.2025,11:11:3.862,20.391,26.950,16.806,3.735,0.001,250.0,250.0,11.577,3.949,2.795,8.007,6.704,4.153,2.551,4.103,3.859,0.402,3.457,3.457,0.000,0.000,1.125,
11.11.2025,11:11:4.868,17.672,28.179,17.940,3.831,0.000,250.0,250.0,14.493,4.025,2.795,8.294,6.887,4.263,2.624,4.213,3.859,0.402,3.457,3.457,0.000,0.000,0.000,
11.11.2025,11:11:5.867,28.547,27.456,17.231,3.843,0.000,250.0,250.0,12.757,5.596,2.942,14.149,10.591,6.569,4.022,6.495,3.867,0.402,3.465,3.457,0.000,0.000,0.000,
11.11.2025,11:11:6.864,14.953,29.318,19.083,3.799,0.000,250.0,250.0,13.384,4.832,2.648,11.528,8.787,5.452,3.335,5.378,3.868,0.411,3.457,3.457,0.000,0.000,0.000,
11.11.2025,11:11:7.863,23.110,27.519,17.260,3.812,0.000,250.0,250.0,12.140,4.209,2.526,9.272,7.316,4.532,2.784,4.483,3.859,0.402,3.457,3.457,0.000,0.000,0.000,
11.11.2025,11:11:8.862,19.032,28.079,18.139,3.632,0.000,250.0,250.0,14.452,4.387,2.599,9.879,7.737,4.805,2.932,4.744,3.859,0.402,3.457,3.457,0.000,1.000,0.250,
11.11.2025,11:11:9.857,24.469,28.203,17.784,3.974,0.000,250.0,250.0,16.286,6.585,3.261,17.610,12.932,8.022,4.910,7.924,3.865,0.408,3.457,3.457,0.000,0.000,0.000,
11.11.2025,11:11:10.857,16.313,27.464,17.267,3.773,0.000,250.0,250.0,12.547,4.369,2.587,9.820,7.689,4.769,2.920,4.719,3.859,0.402,3.457,3.465,0.000,0.000,0.000,
11.11.2025,11:11:11.869,17.672,28.725,18.462,3.824,0.000,250.0,250.0,12.090,4.452,2.599,10.131,7.895,4.890,3.005,4.828,3.859,0.402,3.457,3.457,0.000,0.000,0.000,
11.11.2025,11:11:12.860,23.110,24.648,14.470,3.821,0.000,250.0,250.0,12.067,4.449,2.710,10.009,7.885,4.891,2.994,4.830,3.859,0.402,3.457,3.457,0.000,0.000,0.000,
11.11.2025,11:11:13.866,36.704,41.168,30.576,4.063,0.000,250.0,250.0,12.230,4.752,2.599,11.270,8.594,5.331,3.263,5.269,3.867,0.410,3.457,3.457,0.000,0.500,0.000,
11.11.2025,11:11:14.867,29.907,42.321,31.840,4.031,0.000,250.0,250.0,13.186,4.723,2.661,11.100,8.536,5.296,3.240,5.222,3.859,0.402,3.457,3.457,0.000,0.000,1.625,
11.11.2025,11:11:15.860,17.672,31.270,20.866,3.974,0.000,250.0,250.0,14.159,4.362,2.636,9.744,7.678,4.757,2.921,4.708,3.859,0.402,3.457,3.457,0.001,2.000,0.500,
11.11.2025,11:11:16.866,31.266,29.305,19.062,3.818,0.000,250.0,250.0,13.065,6.509,3.200,17.374,12.758,7.911,4.847,7.812,3.866,0.409,3.457,3.457,0.000,1.000,0.000,
11.11.2025,11:11:17.867,16.313,28.127,17.993,3.755,0.000,250.0,250.0,17.053,5.691,2.943,14.516,10.819,6.708,4.111,6.634,3.859,0.402,3.457,3.457,0.000,0.000,0.000,
11.11.2025,11:11:18.861,16.313,27.479,17.278,3.786,0.000,250.0,250.0,17.717,5.620,2.967,14.213,10.647,6.598,4.049,6.524,3.867,0.402,3.465,3.465,0.000,0.125,1.125,
11.11.2025,11:11:19.864,19.032,27.787,17.443,3.907,0.000,250.0,250.0,12.998,4.359,2.587,9.796,7.672,4.753,2.919,4.704,3.850,0.402,3.448,3.457,0.000,1.375,0.000,
11.11.2025,11:11:20.866,24.469,34.009,23.718,3.864,0.000,250.0,250.0,11.793,4.946,2.660,11.877,9.019,5.594,3.425,5.520,3.955,0.451,3.504,3.457,0.000,1.000,0.000,
11.11.2025,11:11:21.865,19.032,27.188,17.033,3.790,0.000,250.0,250.0,15.808,5.246,2.820,12.862,9.722,6.025,3.697,5.951,3.957,0.446,3.511,3.465,0.000,1.000,1.125,
11.11.2025,11:11:22.862,13.594,27.463,17.333,3.739,0.000,250.0,250.0,16.542,4.092,2.563,8.775,7.039,4.364,2.675,4.302,3.867,0.402,3.465,3.465,0.000,0.000,0.000,
11.11.2025,11:11:23.859,28.547,28.974,18.810,3.766,0.000,250.0,250.0,14.826,4.019,2.501,8.566,6.872,4.256,2.616,4.207,3.859,0.402,3.457,3.457,0.000,2.250,1.125,
11.11.2025,11:11:24.862,13.594,28.713,18.345,3.893,0.000,250.0,250.0,14.028,5.450,2.918,13.598,10.234,6.342,3.892,6.268,3.894,0.434,3.460,3.457,0.000,0.000,1.500,
11.11.2025,11:11:25.870,17.672,28.256,18.079,3.758,0.000,250.0,250.0,13.552,5.544,2.942,13.951,10.468,6.495,3.973,6.408,3.870,0.405,3.465,3.465,0.000,1.250,0.000,
11.11.2025,11:11:26.868,19.032,26.741,16.660,3.738,0.000,250.0,250.0,18.662,4.129,2.648,8.833,7.124,4.412,2.712,4.363,3.867,0.402,3.465,3.465,0.000,0.000,0.000,
11.11.2025,11:11:27.864,19.032,26.741,16.660,3.738,0.000,250.0,250.0,16.395,4.041,2.648,8.504,6.919,4.292,2.627,4.242,3.859,0.402,3.457,3.457,0.000,0.750,0.375,
11.11.2025,11:11:28.860,14.953,27.547,17.379,3.778,0.000,250.0,250.0,12.292,5.104,2.808,12.411,9.429,5.847,3.582,5.785,3.859,0.402,3.457,3.457,0.000,1.500,0.375,
11.11.2025,11:11:29.862,21.750,32.534,22.125,3.885,0.000,250.0,250.0,12.551,3.820,2.513,7.796,6.399,3.970,2.429,3.921,3.859,0.402,3.457,3.457,0.000,0.000,0.000,
11.11.2025,11:11:30.855,25.829,31.565,21.339,3.855,0.000,250.0,250.0,11.390,4.608,2.636,10.657,8.240,5.119,3.121,5.058,3.894,0.435,3.459,3.457,0.000,0.000,2.375,
11.11.2025,11:11:31.867,20.391,29.436,19.431,3.676,0.000,250.0,250.0,13.504,4.005,2.599,8.420,6.831,4.242,2.589,4.193,3.859,0.402,3.457,3.457,0.001,0.000,0.000,
11.11.2025,11:11:32.863,20.391,27.759,17.493,3.810,0.000,250.0,250.0,12.774,4.114,2.636,8.795,7.090,4.402,2.688,4.352,3.859,0.402,3.457,3.457,0.000,0.750,0.000,
11.11.2025,11:11:33.860,24.469,27.082,16.757,3.885,0.000,250.0,250.0,12.171,6.264,3.249,16.344,12.152,7.535,4.617,7.436,3.919,0.418,3.501,3.465,0.000,0.000,0.000,
11.11.2025,11:11:34.858,16.313,30.564,20.534,3.660,0.000,250.0,250.0,17.249,4.179,2.747,8.915,7.242,4.491,2.751,4.429,3.878,0.405,3.473,3.457,0.000,1.000,0.000,
11.11.2025,11:11:35.855,19.032,26.710,16.696,3.647,0.000,250.0,250.0,15.901,4.059,2.538,8.683,6.965,4.314,2.651,4.265,3.859,0.402,3.457,3.457,0.000,0.000,0.625,
11.11.2025,11:11:36.869,17.672,26.926,16.586,3.897,0.000,250.0,250.0,11.828,6.674,3.310,17.903,13.147,8.154,4.993,8.055,3.859,0.402,3.457,3.457,0.001,0.000,0.000,
11.11.2025,11:11:37.865,17.672,29.064,18.833,3.827,0.000,250.0,250.0,14.890,4.028,2.526,8.577,6.892,4.266,2.626,4.217,3.859,0.402,3.457,3.457,0.000,2.000,0.125,
11.11.2025,11:11:38.860,16.313,31.769,21.170,4.109,0.000,250.0,250.0,14.742,5.798,2.906,14.929,11.058,6.859,4.199,6.772,3.897,0.430,3.467,3.465,0.000,1.000,0.000,
11.11.2025,11:11:39.861,19.032,29.777,19.708,3.682,0.000,250.0,250.0,20.154,6.273,3.188,16.472,12.175,7.551,4.624,7.465,3.893,0.426,3.467,3.465,0.000,0.125,0.000,
11.11.2025,11:11:40.862,20.391,29.109,19.049,3.724,0.000,250.0,250.0,21.217,6.658,3.359,17.761,13.088,8.118,4.970,8.020,3.897,0.430,3.467,3.465,0.000,2.125,0.875,
11.11.2025,11:11:41.866,39.422,32.028,21.915,3.766,0.000,250.0,250.0,19.781,4.524,2.759,10.227,8.063,4.993,3.070,4.931,3.867,0.402,3.465,3.465,0.000,0.000,1.625,
11.11.2025,11:11:42.861,36.704,40.793,30.156,4.066,0.000,250.0,250.0,12.177,4.295,2.526,9.544,7.493,4.646,2.847,4.585,3.927,0.426,3.501,3.457,0.000,0.750,1.875,
11.11.2025,11:11:43.864,21.750,41.814,31.460,3.964,0.000,250.0,250.0,14.669,4.675,2.624,10.935,8.400,5.210,3.190,5.148,3.893,0.434,3.459,3.457,0.000,1.000,1.375,
11.11.2025,11:11:44.862,23.110,28.367,18.247,3.717,0.000,250.0,250.0,15.007,3.960,2.612,8.241,6.726,4.176,2.550,4.126,3.859,0.402,3.457,3.457,0.001,0.000,0.000,
11.11.2025,11:11:45.861,23.110,27.650,17.500,3.782,0.000,250.0,250.0,14.868,4.603,2.697,10.585,8.239,5.106,3.133,5.045,3.875,0.402,3.473,3.473,0.000,0.375,0.000,
11.11.2025,11:11:46.855,17.672,27.993,17.885,3.704,0.000,250.0,250.0,14.317,4.065,2.612,8.636,6.976,4.326,2.650,4.277,3.859,0.402,3.457,3.457,0.000,1.500,0.000,
11.11.2025,11:11:47.855,20.391,29.285,19.194,3.723,0.000,250.0,250.0,13.414,4.095,2.612,8.746,7.053,4.377,2.676,4.315,3.859,0.402,3.457,3.457,0.000,0.875,0.500,
11.11.2025,11:11:48.869,20.391,26.803,16.457,3.930,0.000,250.0,250.0,14.609,4.063,2.820,8.409,6.969,4.317,2.652,4.268,3.867,0.402,3.465,3.457,0.000,2.000,0.000,
11.11.2025,11:11:49.864,17.672,27.414,17.312,3.717,0.000,250.0,250.0,12.756,5.188,3.090,12.448,9.633,5.974,3.659,5.900,3.859,0.402,3.457,3.457,0.000,0.375,0.000,
11.11.2025,11:11:50.864,21.750,27.965,17.830,3.726,0.000,250.0,250.0,13.680,3.888,2.599,7.972,6.559,4.069,2.490,4.020,3.859,0.402,3.457,3.457,0.000,0.000,0.750,
11.11.2025,11:11:51.858,28.547,36.370,25.660,4.170,0.000,250.0,250.0,14.561,8.628,3.739,24.917,17.767,11.017,6.750,10.882,3.870,0.405,3.465,3.465,0.000,0.500,0.000,
11.11.2025,11:11:52.854,19.032,28.776,18.742,3.709,0.000,250.0,250.0,18.547,4.063,2.624,8.611,6.976,4.326,2.650,4.265,3.859,0.402,3.457,3.457,0.000,0.000,1.000,
11.11.2025,11:11:53.871,27.188,26.489,16.153,3.848,0.000,250.0,250.0,12.263,4.592,2.734,10.526,8.216,5.100,3.116,5.038,3.867,0.402,3.465,3.457,0.000,0.000,2.250,
11.11.2025,11:11:54.883,20.391,31.344,21.283,3.735,0.000,250.0,250.0,18.148,4.173,2.710,8.938,7.224,4.475,2.749,4.425,3.875,0.402,3.473,3.457,0.000,0.000,0.000,
11.11.2025,11:11:55.881,20.391,28.984,18.938,3.671,0.000,250.0,250.0,14.990,4.215,2.710,9.109,7.334,4.548,2.786,4.486,3.859,0.402,3.457,3.457,0.000,0.250,1.250,
11.11.2025,11:11:56.877,17.672,27.925,17.478,3.956,0.000,250.0,250.0,12.470,4.633,2.795,10.626,8.319,5.156,3.163,5.095,3.859,0.402,3.457,3.457,0.000,0.000,0.000,
11.11.2025,11:11:57.873,21.750,30.278,20.194,3.688,0.000,250.0,250.0,14.002,4.446,2.685,10.016,7.876,4.881,2.995,4.831,3.859,0.402,3.457,3.457,0.000,1.250,0.875,
11.11.2025,11:11:58.871,20.391,29.075,19.084,3.689,0.000,250.0,250.0,13.779,4.196,2.587,9.156,7.288,4.513,2.775,4.464,3.859,0.402,3.457,3.457,0.000,0.000,0.375,
11.11.2025,11:11:59.880,14.953,27.649,17.292,3.862,0.000,250.0,250.0,11.891,4.554,2.624,10.494,8.128,5.049,3.079,4.988,3.859,0.402,3.457,3.457,0.000,0.375,0.000,
11.11.2025,11:12:0.877,24.469,27.830,17.796,3.706,0.000,250.0,250.0,18.007,8.618,3.825,24.807,17.750,11.014,6.736,10.878,3.855,0.398,3.457,3.457,0.000,2.125,0.000,
11.11.2025,11:12:1.873,21.750,28.766,18.560,3.817,0.000,250.0,250.0,17.453,4.587,2.660,10.575,8.209,5.083,3.126,5.021,3.867,0.402,3.465,3.465,0.000,0.000,1.125,
11.11.2025,11:12:2.879,17.672,28.989,18.850,3.722,0.000,250.0,250.0,14.054,4.123,2.722,8.743,7.112,4.413,2.699,4.364,3.859,0.402,3.457,3.457,0.000,0.500,1.125,
11.11.2025,11:12:3.878,19.032,28.662,18.536,3.775,0.000,250.0,250.0,14.553,7.554,3.580,20.994,15.232,9.449,5.783,9.338,3.855,0.398,3.457,3.457,0.000,0.000,1.125,
11.11.2025,11:12:4.895,14.953,28.268,18.085,3.749,0.000,250.0,250.0,13.715,4.451,2.624,10.038,7.850,4.868,2.982,4.818,3.935,0.426,3.509,3.457,0.000,0.000,1.125,
11.11.2025,11:12:5.893,24.469,27.449,17.405,3.670,0.000,250.0,250.0,14.022,3.838,2.501,7.879,6.444,3.992,2.452,3.942,3.859,0.402,3.457,3.457,0.000,0.000,0.000,
11.11.2025,11:12:6.889,17.672,27.331,17.320,3.654,0.000,250.0,250.0,13.811,3.831,2.477,7.875,6.424,3.983,2.441,3.934,3.859,0.402,3.457,3.457,0.000,0.000,0.875,
11.11.2025,11:12:7.898,17.672,27.664,17.246,3.908,0.000,250.0,250.0,11.464,4.815,2.685,11.432,8.751,5.428,3.323,5.354,3.859,0.402,3.457,3.457,0.000,0.875,0.000,
11.11.2025,11:12:8.900,35.344,37.693,27.355,3.951,0.000,250.0,250.0,13.746,4.051,2.673,8.522,6.946,4.311,2.635,4.249,3.859,0.402,3.457,3.457,0.001,0.000,0.000,
11.11.2025,11:12:9.898,33.985,43.185,32.650,4.061,0.000,250.0,250.0,15.895,3.970,2.636,8.242,6.759,4.194,2.565,4.132,3.859,0.402,3.457,3.457,0.000,0.500,0.625,
11.11.2025,11:12:10.897,19.032,39.914,29.252,4.115,0.000,250.0,250.0,12.643,5.660,3.090,14.258,10.744,6.658,4.086,6.585,3.859,0.402,3.457,3.457,0.000,1.375,0.000,
11.11.2025,11:12:11.888,21.750,27.779,17.708,3.692,0.000,250.0,250.0,16.871,4.018,2.783,8.282,6.866,4.253,2.613,4.204,3.859,0.402,3.457,3.457,0.000,0.000,0.000,
11.11.2025,11:12:12.888,32.625,28.476,18.241,3.803,0.000,250.0,250.0,13.424,4.873,2.881,11.398,8.855,5.493,3.362,5.419,3.927,0.418,3.509,3.465,0.000,0.000,0.000,
11.11.2025,11:12:13.901,20.391,30.316,20.182,3.745,0.000,250.0,250.0,13.423,4.554,2.587,10.526,8.136,5.042,3.094,4.981,3.859,0.402,3.457,3.457,0.000,0.000,1.625,
11.11.2025,11:12:14.887,14.953,28.825,18.672,3.806,0.000,250.0,250.0,13.918,4.103,2.661,8.732,7.072,4.386,2.686,4.324,3.859,0.402,3.457,3.457,0.000,0.875,2.125,
11.11.2025,11:12:15.903,12.235,29.990,19.858,3.751,0.000,250.0,250.0,13.701,4.257,2.575,9.410,7.427,4.606,2.821,4.557,3.859,0.402,3.457,3.457,0.000,1.000,0.750,
11.11.2025,11:12:16.915,20.391,29.281,18.915,3.858,0.000,250.0,250.0,11.410,4.509,2.661,10.284,8.027,4.974,3.053,4.913,3.859,0.402,3.457,3.457,0.000,1.000,0.500,
11.11.2025,11:12:17.914,14.953,28.637,18.528,3.788,0.000,250.0,250.0,12.676,4.343,2.636,9.669,7.628,4.732,2.896,4.683,3.864,0.407,3.457,3.457,0.000,0.625,0.500,
11.11.2025,11:12:18.911,20.391,28.050,17.799,3.827,0.000,250.0,250.0,11.845,7.328,3.555,20.151,14.697,9.113,5.584,9.002,3.859,0.402,3.457,3.457,0.001,0.000,0.000,
11.11.2025,11:12:19.910,17.672,28.705,18.668,3.686,0.000,250.0,250.0,17.136,3.904,2.612,8.026,6.598,4.087,2.511,4.037,3.859,0.402,3.457,3.457,0.000,0.000,1.000,
11.11.2025,11:12:20.907,23.110,28.343,18.065,3.828,0.000,250.0,250.0,12.591,4.009,2.636,8.392,6.848,4.249,2.599,4.188,3.859,0.402,3.457,3.457,0.000,0.000,0.000,
11.11.2025,11:12:21.917,13.594,29.662,19.273,3.932,0.001,250.0,250.0,12.403,7.559,3.519,21.062,15.244,9.454,5.790,9.331,3.862,0.405,3.457,3.465,0.000,2.250,0.000,
11.11.2025,11:12:22.916,24.469,31.831,21.420,3.964,0.000,250.0,250.0,12.201,3.907,2.624,8.026,6.603,4.102,2.501,4.053,3.859,0.402,3.457,3.448,0.000,1.375,0.500,
11.11.2025,11:12:23.914,17.672,28.312,18.058,3.806,0.000,250.0,250.0,12.476,3.741,2.538,7.473,6.209,3.856,2.353,3.807,3.859,0.402,3.457,3.457,0.000,0.000,0.000,
11.11.2025,11:12:24.913,13.594,27.795,17.458,3.894,0.000,250.0,250.0,12.213,3.915,2.636,8.034,6.625,4.100,2.525,4.051,3.859,0.402,3.457,3.457,0.000,0.000,2.375,
11.11.2025,11:12:25.911,20.391,27.638,17.564,3.708,0.000,250.0,250.0,15.136,5.262,3.077,12.697,9.780,6.065,3.715,5.991,3.920,0.419,3.501,3.457,0.000,0.875,0.000,
11.11.2025,11:12:26.910,24.469,28.367,17.949,3.933,0.000,250.0,250.0,14.218,3.856,2.648,7.799,6.481,4.017,2.464,3.980,3.859,0.402,3.457,3.457,0.000,0.000,0.500,
11.11.2025,11:12:27.906,17.672,28.243,18.076,3.793,0.000,250.0,250.0,13.313,3.838,2.624,7.753,6.442,3.991,2.451,3.942,3.859,0.402,3.457,3.457,0.000,0.000,0.000,
11.11.2025,11:12:28.904,23.110,27.767,17.632,3.773,0.001,250.0,250.0,12.339,3.873,2.477,8.035,6.525,4.038,2.487,3.989,3.859,0.402,3.457,3.457,0.001,1.500,0.000,
11.11.2025,11:12:29.904,27.188,28.232,17.993,3.800,0.000,250.0,250.0,12.875,4.037,2.513,8.624,6.917,4.291,2.626,4.229,3.859,0.402,3.457,3.457,0.000,0.000,0.000,
11.11.2025,11:12:30.902,20.391,27.445,17.200,3.826,0.000,250.0,250.0,14.303,5.334,3.016,12.992,9.929,6.159,3.770,6.085,3.968,0.423,3.545,3.457,0.001,0.000,0.000,
11.11.2025,11:12:31.903,47.579,27.928,17.668,3.855,0.000,250.0,250.0,14.466,4.357,2.636,9.724,7.670,4.752,2.918,4.691,3.859,0.402,3.457,3.457,0.000,1.000,0.750,
11.11.2025,11:12:32.903,19.032,28.706,18.694,3.714,0.000,250.0,250.0,12.396,4.357,2.575,9.629,7.579,4.695,2.884,4.633,3.859,0.402,3.457,3.457,0.000,1.000,0.750,
11.11.2025,11:12:33.916,16.313,26.943,16.636,3.842,0.000,250.0,250.0,14.019,4.317,2.783,8.656,7.096,4.398,2.698,4.349,3.859,0.402,3.457,3.457,0.000,0.000,0.000,
11.11.2025,11:12:34.914,19.032,26.317,16.156,3.800,0.000,250.0,250.0,14.019,4.115,2.783,8.656,7.096,4.398,2.698,4.349,3.859,0.402,3.457,3.457,0.000,0.000,0.000,
11.11.2025,11:12:35.906,16.313,27.941,17.911,3.646,0.001,250.0,250.0,12.336,4.509,2.746,10.188,8.031,4.976,3.055,4.915,3.859,0.402,3.457,3.457,0.000,0.000,0.000,
11.11.2025,11:12:36.906,19.032,29.250,19.126,3.768,0.000,250.0,250.0,17.521,6.950,3.543,18.708,13.799,8.560,5.239,8.449,3.867,0.402,3.465,3.465,0.000,0.000,0.000,
11.11.2025,11:12:37.905,16.313,27.643,17.454,3.751,0.001,250.0,250.0,14.124,4.317,2.575,9.626,7.580,4.696,2.884,4.634,3.859,0.402,3.457,3.457,0.000,0.000,1.000,
11.11.2025,11:12:38.917,19.032,27.846,17.452,3.992,0.000,250.0,250.0,12.804,4.148,2.636,8.875,7.141,4.428,2.713,4.378,3.929,0.428,3.501,3.457,0.000,0.875,0.000,
11.11.2025,11:12:39.913,14.953,31.630,21.177,3.996,0.000,250.0,250.0,13.552,4.364,2.587,9.809,7.683,4.765,2.918,4.716,3.850,0.402,3.448,3.457,0.000,0.375,0.000,
11.11.2025,11:12:40.912,17.672,26.953,16.699,3.816,0.000,250.0,250.0,11.844,4.972,2.869,11.817,9.112,5.652,3.460,5.578,3.890,0.431,3.459,3.457,0.000,0.000,0.000,
11.11.2025,11:12:41.910,31.266,38.083,27.492,4.080,0.000,250.0,250.0,12.162,5.635,3.151,14.099,10.690,6.630,4.060,6.556,3.855,0.398,3.457,3.457,0.000,0.000,1.500,
11.11.2025,11:12:42.914,32.625,40.139,29.623,4.062,0.000,250.0,250.0,13.938,6.140,3.236,15.938,11.886,7.362,4.524,7.276,3.862,0.405,3.457,3.457,0.000,2.250,0.000,
11.11.2025,11:12:43.907,19.032,34.210,23.747,3.981,0.000,250.0,250.0,19.229,5.513,3.077,13.679,10.392,6.444,3.948,6.358,3.886,0.413,3.473,3.465,0.000,0.000,0.375,
11.11.2025,11:12:44.903,14.953,26.376,16.163,3.781,0.000,250.0,250.0,13.264,4.493,2.820,10.056,7.989,4.949,3.040,4.887,3.867,0.410,3.457,3.457,0.000,1.500,0.000,
11.11.2025,11:12:45.909,27.188,28.692,18.606,3.732,0.000,250.0,250.0,17.209,6.630,3.359,17.673,13.030,8.088,4.942,7.990,3.876,0.411,3.465,3.465,0.000,0.750,0.000,
11.11.2025,11:12:46.907,19.032,28.583,18.468,3.711,0.000,250.0,250.0,14.339,4.829,2.648,11.483,8.768,5.431,3.337,5.369,3.894,0.435,3.459,3.465,0.000,0.000,1.000,
11.11.2025,11:12:47.916,14.953,27.943,17.811,3.763,0.000,250.0,250.0,18.215,5.564,3.053,13.919,10.526,6.530,3.996,6.444,3.855,0.398,3.457,3.465,0.000,0.000,0.000,
11.11.2025,11:12:48.903,25.829,29.676,19.608,3.683,0.000,250.0,250.0,13.633,4.397,2.636,9.873,7.757,4.814,2.943,4.753,3.867,0.410,3.457,3.457,0.000,0.000,0.000,
11.11.2025,11:12:49.903,27.188,29.448,19.267,3.748,0.000,250.0,250.0,17.969,5.753,3.053,14.638,10.968,6.807,4.161,6.721,3.856,0.399,3.457,3.465,0.000,0.000,0.000,
11.11.2025,11:12:50.911,21.750,27.790,17.706,3.718,0.000,250.0,250.0,13.488,3.807,2.513,7.748,6.366,3.952,2.414,3.903,3.859,0.402,3.457,3.457,0.000,0.000,0.000,
11.11.2025,11:12:51.916,14.953,27.518,17.366,3.743,0.000,250.0,250.0,14.254,5.142,2.660,12.705,9.526,5.907,3.619,5.833,3.859,0.402,3.457,3.457,0.000,1.125,0.000,
11.11.2025,11:12:52.915,27.188,31.445,21.110,3.873,0.000,250.0,250.0,14.391,9.068,3.923,26.418,18.813,11.661,7.152,11.526,3.863,0.398,3.465,3.465,0.000,0.000,2.500,
11.11.2025,11:12:53.916,25.829,31.887,21.743,3.786,0.000,250.0,250.0,16.390,6.589,3.126,17.718,12.914,8.007,4.907,7.909,3.924,0.422,3.502,3.457,0.000,0.000,0.500,
11.11.2025,11:12:54.916,19.032,25.841,15.494,3.853,0.000,250.0,250.0,17.103,6.126,3.261,15.862,11.851,7.347,4.504,7.260,3.859,0.402,3.457,3.457,0.000,0.000,0.000,
11.11.2025,11:12:55.915,16.313,29.622,19.466,3.808,0.001,250.0,250.0,12.122,4.395,2.734,9.780,7.755,4.813,2.942,4.752,3.859,0.402,3.457,3.457,0.000,0.750,0.000,
11.11.2025,11:12:56.917,16.313,29.304,19.110,3.735,0.000,250.0,250.0,14.243,4.866,2.783,11.526,8.873,5.501,3.372,5.427,3.859,0.402,3.457,3.457,0.000,2.000,1.125,
11.11.2025,11:12:57.904,19.032,27.547,17.184,3.908,0.000,250.0,250.0,12.066,5.197,3.139,12.442,9.647,5.980,3.667,5.918,3.859,0.402,3.457,3.457,0.000,0.000,0.000,
11.11.2025,11:12:58.904,24.469,27.972,17.698,3.855,0.000,250.0,250.0,12.102,3.894,2.734,7.861,6.569,4.079,2.490,4.030,3.859,0.402,3.457,3.457,0.000,0.000,1.625,
11.11.2025,11:12:59.903,24.469,27.972,17.698,3.855,0.000,250.0,250.0,11.993,5.467,3.004,13.600,10.292,6.377,3.915,6.304,3.862,0.405,3.457,3.457,0.000,0.000,2.375,
11.11.2025,11:13:0.916,25.829,27.940,17.791,3.769,0.000,250.0,250.0,13.735,5.307,2.967,13.021,9.907,6.141,3.766,6.068,3.867,0.402,3.465,3.465,0.000,1.125,1.000,
11.11.2025,11:13:1.902,19.032,27.826,17.554,3.798,0.000,250.0,250.0,13.546,5.158,2.857,12.577,9.560,5.931,3.629,5.857,3.859,0.402,3.457,3.457,0.000,0.000,0.000,
11.11.2025,11:13:2.903,17.672,25.192,14.909,3.825,0.000,250.0,250.0,12.770,6.634,3.028,17.994,13.019,8.077,4.942,7.978,3.923,0.422,3.501,3.457,0.000,1.000,0.000,
11.11.2025,11:13:3.916,25.829,29.155,19.117,3.669,0.000,250.0,250.0,18.061,4.445,2.832,9.860,7.866,4.875,2.991,4.826,3.867,0.402,3.465,3.465,0.000,1.000,0.000,
11.11.2025,11:13:4.914,19.032,28.163,17.960,3.805,0.000,250.0,250.0,14.160,4.056,2.550,8.660,6.957,4.310,2.647,4.261,3.859,0.402,3.457,3.457,0.000,0.000,0.250,
11.11.2025,11:13:5.909,20.391,28.618,18.477,3.743,0.001,250.0,250.0,12.897,7.099,3.384,19.421,14.137,8.765,5.372,8.655,3.892,0.434,3.458,3.473,0.000,1.250,0.000,
11.11.2025,11:13:6.913,19.032,27.209,17.133,3.709,0.000,250.0,250.0,13.660,4.466,2.697,10.082,7.928,4.912,3.016,4.851,3.859,0.402,3.457,3.457,0.000,0.250,1.250,
11.11.2025,11:13:7.911,20.391,27.011,16.878,3.699,0.000,250.0,250.0,12.085,4.022,2.722,8.362,6.876,4.263,2.613,4.214,3.859,0.402,3.457,3.457,0.000,1.500,0.500,
11.11.2025,11:13:8.911,17.672,27.397,16.953,3.958,0.000,250.0,250.0,11.695,4.289,2.550,9.550,7.513,4.656,2.857,4.594,3.859,0.402,3.457,3.457,0.000,2.125,0.875,
11.11.2025,11:13:9.912,27.188,28.193,17.950,3.807,0.000,250.0,250.0,11.669,4.201,2.611,9.153,7.303,4.532,2.771,4.470,3.859,0.402,3.457,3.457,0.000,2.125,2.250,
11.11.2025,11:13:10.914,35.344,41.236,30.614,4.100,0.000,250.0,250.0,11.951,5.546,2.955,13.941,10.464,6.492,3.972,6.418,3.875,0.402,3.473,3.465,0.000,0.000,2.375,
11.11.2025,11:13:11.910,25.829,44.442,33.837,4.125,0.000,250.0,250.0,14.455,5.546,3.004,13.904,10.479,6.494,3.985,6.420,3.859,0.402,3.457,3.457,0.000,0.000,0.750,
11.11.2025,11:13:12.909,20.391,31.827,21.637,3.790,0.000,250.0,250.0,15.287,6.535,3.408,17.279,12.816,7.946,4.870,7.860,3.859,0.402,3.457,3.457,0.000,1.750,0.000,
11.11.2025,11:13:13.909,14.953,28.615,18.413,3.823,0.000,250.0,250.0,15.991,3.985,2.648,8.281,6.787,4.200,2.587,4.151,3.867,0.402,3.465,3.457,0.000,0.000,0.000,
11.11.2025,11:13:14.906,21.750,27.193,16.796,3.904,0.000,250.0,250.0,12.937,4.630,2.599,10.811,8.308,5.157,3.151,5.096,3.859,0.402,3.457,3.457,0.000,0.000,0.000,
11.11.2025,11:13:15.902,16.313,27.137,16.934,3.838,0.000,250.0,250.0,11.625,3.808,2.599,7.663,6.369,3.954,2.415,3.905,3.859,0.402,3.457,3.457,0.000,0.000,0.000,
11.11.2025,11:13:16.910,14.953,27.027,16.809,3.800,0.000,250.0,250.0,12.538,3.974,2.636,8.260,6.765,4.189,2.576,4.140,3.859,0.402,3.457,3.457,0.000,2.125,0.500,
11.11.2025,11:13:17.908,14.953,26.732,16.425,3.880,0.000,250.0,250.0,11.670,4.389,2.881,9.563,7.713,4.785,2.928,4.723,3.919,0.418,3.501,3.457,0.000,0.375,0.000,
11.11.2025,11:13:18.904,9.516,28.104,17.923,3.787,0.000,250.0,250.0,16.753,7.455,3.482,20.687,14.992,9.298,5.694,9.175,3.885,0.427,3.458,3.457,0.001,1.000,0.125,
11.11.2025,11:13:19.915,19.032,28.057,17.694,3.897,0.000,250.0,250.0,14.543,4.247,2.783,9.152,7.404,4.595,2.809,4.533,3.867,0.402,3.465,3.465,0.000,0.375,0.500,
11.11.2025,11:13:20.909,16.313,28.467,18.345,3.753,0.000,250.0,250.0,12.754,3.894,2.820,7.774,6.572,4.074,2.498,4.025,3.859,0.402,3.457,3.457,0.000,0.625,0.000,
11.11.2025,11:13:21.915,10.875,27.963,17.572,3.881,0.000,250.0,250.0,11.402,4.137,2.771,8.693,7.107,4.410,2.697,4.361,3.934,0.426,3.508,3.465,0.000,1.000,0.625,
11.11.2025,11:13:22.911,14.953,26.612,16.373,3.837,0.000,250.0,250.0,13.047,4.559,2.636,10.494,8.149,5.047,3.102,4.986,3.859,0.402,3.457,3.457,0.000,0.000,1.125,
11.11.2025,11:13:23.906,25.829,27.019,16.917,3.726,0.001,250.0,250.0,12.271,4.447,2.550,10.125,7.863,4.873,2.990,4.811,3.900,0.435,3.465,3.457,0.000,0.375,1.875,
11.11.2025,11:13:24.905,24.469,31.325,20.978,3.863,0.000,250.0,250.0,12.344,3.874,2.587,7.930,6.530,4.041,2.489,3.992,3.859,0.402,3.457,3.457,0.000,0.125,1.875,
11.11.2025,11:13:25.903,21.750,29.951,19.739,3.854,0.001,250.0,250.0,12.752,4.676,2.844,10.739,8.421,5.220,3.201,5.158,3.859,0.402,3.457,3.457,0.000,0.000,2.125,
11.11.2025,11:13:26.917,16.313,28.751,18.634,3.706,0.000,250.0,250.0,19.197,6.119,3.335,15.730,11.817,7.328,4.489,7.242,3.890,0.431,3.459,3.465,0.000,0.000,1.125,
11.11.2025,11:13:27.914,17.672,28.532,18.123,3.930,0.000,250.0,250.0,13.251,4.009,2.710,8.318,6.843,4.246,2.597,4.185,3.867,0.402,3.465,3.457,0.000,0.000,1.125,
11.11.2025,11:13:28.910,19.032,27.707,17.559,3.771,0.000,250.0,250.0,13.838,6.136,3.163,15.973,11.862,7.351,4.511,7.265,3.888,0.430,3.458,3.457,0.000,0.000,2.250,
11.11.2025,11:13:29.909,17.672,29.243,19.034,3.798,0.000,250.0,250.0,15.692,5.996,3.114,15.503,11.543,7.155,4.388,7.069,3.867,0.402,3.465,3.457,0.000,0.000,0.000,
11.11.2025,11:13:30.904,19.032,28.975,18.825,3.748,0.000,250.0,250.0,12.366,4.018,2.648,8.419,6.863,4.263,2.600,4.214,3.859,0.402,3.457,3.457,0.000,2.000,0.000,
11.11.2025,11:13:31.903,10.875,28.503,18.309,3.802,0.000,250.0,250.0,13.035,4.616,2.660,10.684,8.274,5.134,3.140,5.073,3.867,0.402,3.465,3.465,0.000,0.000,1.125,
11.11.2025,11:13:32.904,24.469,26.754,16.716,3.687,0.000,250.0,250.0,15.519,4.243,2.562,9.303,7.362,4.567,2.795,4.506,3.934,0.425,3.509,3.465,0.000,0.000,0.500,
11.11.2025,11:13:33.907,17.672,27.158,17.075,3.741,0.000,250.0,250.0,15.651,6.204,3.396,15.925,11.978,7.428,4.550,7.342,3.977,0.424,3.553,3.465,0.000,0.375,1.375,
11.11.2025,11:13:34.906,17.672,27.056,17.267,3.434,0.000,250.0,250.0,16.296,3.855,2.673,7.767,6.483,4.018,2.465,3.968,3.859,0.402,3.457,3.457,0.000,0.000,0.000,
11.11.2025,11:13:35.905,16.313,28.200,17.633,4.030,0.000,250.0,250.0,10.656,3.825,2.648,7.684,6.411,3.975,2.436,3.926,3.859,0.402,3.457,3.457,0.001,1.000,1.250,
11.11.2025,11:13:36.902,13.594,26.979,16.571,3.969,0.000,250.0,250.0,11.001,3.816,2.636,7.661,6.397,3.969,2.428,3.920,3.850,0.402,3.448,3.448,0.000,2.000,1.125,
11.11.2025,11:13:37.904,31.266,27.322,17.015,3.860,0.000,250.0,250.0,11.413,4.590,2.697,10.502,8.194,5.077,3.117,5.015,3.919,0.418,3.501,3.457,0.000,0.000,1.000,
11.11.2025,11:13:38.905,16.313,27.769,17.666,3.756,0.000,250.0,250.0,12.549,3.837,2.611,7.764,6.441,3.990,2.451,3.941,3.859,0.402,3.457,3.457,0.000,0.000,0.250,
11.11.2025,11:13:39.916,17.672,26.666,16.450,3.791,0.000,250.0,250.0,11.047,3.830,2.661,7.681,6.424,3.983,2.441,3.933,3.859,0.402,3.457,3.457,0.001,2.250,0.000,
11.11.2025,11:13:40.910,16.313,30.717,20.110,4.054,0.000,250.0,250.0,11.279,6.955,3.445,18.835,13.816,8.567,5.249,8.457,3.862,0.405,3.457,3.457,0.000,1.000,0.500,
11.11.2025,11:13:41.909,27.188,32.501,21.885,4.119,0.000,250.0,250.0,13.908,4.793,2.893,11.132,8.690,5.391,3.299,5.330,3.867,0.402,3.465,3.465,0.000,0.000,2.375,
11.11.2025,11:13:42.916,32.625,37.842,27.353,4.069,0.000,250.0,250.0,15.059,5.695,3.089,14.387,10.831,6.712,4.119,6.626,3.865,0.408,3.457,3.457,0.000,2.125,2.250,
11.11.2025,11:13:43.912,19.032,40.664,30.181,4.027,0.000,250.0,250.0,13.858,6.302,3.408,16.382,12.271,7.611,4.660,7.513,3.859,0.402,3.457,3.457,0.000,0.500,0.000,
11.11.2025,11:13:44.907,21.750,28.841,18.580,3.827,0.000,250.0,250.0,13.627,3.846,2.697,7.705,6.462,4.008,2.454,3.958,3.859,0.402,3.457,3.457,0.000,0.000,1.500,
11.11.2025,11:13:45.908,17.672,28.801,18.748,3.698,0.000,250.0,250.0,16.558,3.888,2.746,7.826,6.559,4.061,2.498,4.012,3.859,0.402,3.457,3.457,0.000,2.250,0.000,
11.11.2025,11:13:46.905,16.313,29.830,19.592,3.791,0.000,250.0,250.0,13.395,4.243,2.722,9.206,7.398,4.591,2.807,4.530,3.859,0.402,3.457,3.457,0.000,0.125,0.875,
11.11.2025,11:13:47.917,17.672,28.087,17.923,3.761,0.000,250.0,250.0,11.673,4.597,2.844,10.437,8.234,5.108,3.126,5.047,3.859,0.402,3.457,3.457,0.000,0.000,0.000,
11.11.2025,11:13:48.915,17.672,27.533,17.518,3.693,0.000,250.0,250.0,17.428,3.862,2.697,7.767,6.493,4.029,2.464,3.979,3.867,0.402,3.465,3.457,0.000,0.000,1.000,
11.11.2025,11:13:49.913,17.672,27.495,17.344,3.763,0.000,250.0,250.0,13.376,3.900,2.624,7.990,6.591,4.078,2.513,4.028,3.859,0.402,3.457,3.457,0.000,1.000,0.000,
11.11.2025,11:13:50.907,16.313,28.723,18.419,3.848,0.000,250.0,250.0,12.492,4.005,2.599,8.420,6.835,4.237,2.598,4.188,3.859,0.402,3.457,3.457,0.000,0.000,1.125,
11.11.2025,11:13:51.904,20.391,27.905,17.550,3.885,0.000,250.0,250.0,12.194,4.751,2.685,11.177,8.597,5.333,3.264,5.259,3.869,0.410,3.459,3.457,0.000,0.250,0.500,
11.11.2025,11:13:52.909,13.594,26.888,16.727,3.761,0.000,250.0,250.0,13.672,4.393,2.697,9.798,7.745,4.802,2.943,4.753,3.868,0.409,3.459,3.457,0.000,1.500,0.000,
11.11.2025,11:13:53.917,13.594,27.291,17.244,3.732,0.000,250.0,250.0,13.439,5.931,2.954,15.416,11.393,7.062,4.331,6.976,3.862,0.405,3.457,3.457,0.000,0.000,0.000,
11.11.2025,11:13:54.912,17.672,29.150,19.092,3.683,0.000,250.0,250.0,15.431,4.043,2.575,8.587,6.926,4.289,2.637,4.240,3.859,0.402,3.457,3.457,0.000,0.000,1.125,
11.11.2025,11:13:55.912,19.032,32.189,21.989,3.808,0.000,250.0,250.0,15.764,6.504,3.273,17.248,12.714,7.882,4.832,7.796,3.919,0.418,3.501,3.457,0.000,0.000,2.250,
11.11.2025,11:13:56.910,23.110,28.239,17.926,3.880,0.000,250.0,250.0,16.178,3.963,2.611,8.242,6.738,4.176,2.562,4.126,3.859,0.402,3.457,3.457,0.000,0.000,0.000,
11.11.2025,11:13:57.909,14.953,29.188,19.012,3.779,0.000,250.0,250.0,12.316,3.944,2.587,8.195,6.693,4.142,2.551,4.093,3.859,0.402,3.457,3.457,0.000,0.875,1.625,
11.11.2025,11:13:58.905,17.672,28.333,18.054,3.838,0.000,250.0,250.0,14.546,4.018,2.636,8.435,6.861,4.262,2.599,4.213,3.859,0.402,3.457,3.457,0.000,0.375,0.000,
11.11.2025,11:13:59.903,16.313,28.016,17.844,3.799,0.000,250.0,250.0,18.050,4.165,2.575,9.023,7.192,4.458,2.734,4.408,3.902,0.435,3.467,3.457,0.000,2.000,0.000,
11.11.2025,11:14:0.904,24.469,29.204,19.011,3.779,0.000,250.0,250.0,14.558,6.591,3.273,17.536,12.904,7.996,4.908,7.898,3.962,0.451,3.511,3.473,0.000,0.375,1.000,
11.11.2025,11:14:1.915,17.672,28.299,18.306,3.663,0.000,250.0,250.0,21.960,3.948,2.599,8.203,6.700,4.150,2.550,4.101,3.859,0.402,3.457,3.457,0.000,0.000,0.000,
11.11.2025,11:14:2.914,19.032,28.337,18.130,3.812,0.000,250.0,250.0,16.030,4.277,2.673,9.394,7.476,4.631,2.845,4.581,3.859,0.402,3.457,3.457,0.000,0.000,0.000,
11.11.2025,11:14:3.911,20.391,29.552,19.422,3.744,0.000,250.0,250.0,12.937,3.895,2.624,7.979,6.575,4.076,2.499,4.027,3.859,0.402,3.457,3.457,0.000,0.125,0.000,
11.11.2025,11:14:4.908,17.672,27.014,16.925,3.710,0.000,250.0,250.0,15.744,7.817,3.739,21.812,15.839,9.826,6.013,9.703,3.880,0.422,3.458,3.473,0.000,0.000,0.000,
11.11.2025,11:14:5.905,13.594,27.992,17.901,3.698,0.000,250.0,250.0,19.450,3.823,2.685,7.639,6.405,3.966,2.439,3.917,3.859,0.402,3.457,3.457,0.000,0.000,1.125,
11.11.2025,11:14:6.904,19.032,26.716,16.772,3.605,0.000,250.0,250.0,19.204,5.607,3.237,13.903,10.616,6.581,4.035,6.508,3.867,0.402,3.465,3.457,0.000,2.250,0.000,
11.11.2025,11:14:7.903,20.391,27.316,17.139,3.736,0.000,250.0,250.0,15.981,4.544,2.550,10.496,8.085,5.016,3.069,4.955,3.902,0.435,3.467,3.465,0.000,0.750,0.500,
11.11.2025,11:14:8.911,12.235,27.125,17.122,3.677,0.000,250.0,250.0,16.732,4.038,2.563,8.576,6.914,4.284,2.630,4.235,3.859,0.402,3.457,3.457,0.000,0.000,1.125,
11.11.2025,11:14:9.912,19.032,28.647,18.450,3.764,0.000,250.0,250.0,12.377,4.130,2.526,8.968,7.134,4.419,2.715,4.369,3.859,0.402,3.457,3.457,0.000,0.500,0.000,
11.11.2025,11:14:10.907,16.313,30.256,20.069,3.778,0.000,250.0,250.0,14.224,3.950,2.587,8.208,6.698,4.157,2.541,4.108,3.867,0.402,3.465,3.465,0.000,1.000,0.000,
11.11.2025,11:14:11.903,17.672,29.051,18.990,3.719,0.000,250.0,250.0,13.727,3.950,2.501,8.364,6.743,4.179,2.564,4.130,3.859,0.402,3.457,3.457,0.000,0.000,0.000,
11.11.2025,11:14:12.915,20.391,28.715,18.522,3.765,0.000,250.0,250.0,11.773,3.966,3.617,19.349,14.241,8.830,5.411,8.720,3.855,0.398,3.457,3.457,0.000,0.375,0.000,
11.11.2025,11:14:13.916,16.313,26.737,16.453,3.875,0.000,250.0,250.0,13.820,7.133,2.771,8.160,6.788,4.201,2.587,4.152,3.859,0.402,3.457,3.457,0.000,0.375,2.375,
11.11.2025,11:14:14.913,20.391,27.387,17.266,3.728,0.000,250.0,250.0,13.820,3.983,2.771,8.160,6.788,4.201,2.587,4.152,3.859,0.402,3.457,3.457,0.000,0.000,0.000,
11.11.2025,11:14:15.913,12.235,28.672,18.637,3.668,0.000,250.0,250.0,12.353,4.661,2.734,10.790,8.387,5.197,3.190,5.135,3.859,0.402,3.457,3.457,0.000,0.375,2.000,
11.11.2025,11:14:16.912,19.032,26.390,15.970,3.913,0.000,250.0,250.0,13.959,3.964,2.661,8.199,6.740,4.177,2.563,4.128,3.859,0.402,3.457,3.457,0.000,1.000,1.250,
11.11.2025,11:14:17.911,21.750,37.513,27.254,3.891,0.000,250.0,250.0,11.687,4.616,2.575,10.755,8.271,5.120,3.151,5.059,3.884,0.427,3.457,3.457,0.000,0.000,0.000,
11.11.2025,11:14:18.912,17.672,39.820,29.200,4.074,0.000,250.0,250.0,14.299,5.386,3.004,13.297,10.107,6.258,3.849,6.184,3.855,0.398,3.457,3.457,0.000,0.750,0.000,
11.11.2025,11:14:19.909,17.672,27.458,17.005,3.947,0.000,250.0,250.0,12.379,5.556,3.053,13.864,10.492,6.507,3.985,6.421,3.888,0.430,3.458,3.465,0.000,0.000,0.000,
11.11.2025,11:14:20.909,14.953,26.723,16.722,3.703,0.000,250.0,250.0,14.686,8.450,3.800,24.116,17.303,10.729,6.574,10.606,3.950,0.441,3.509,3.473,0.000,0.750,1.750,
11.11.2025,11:14:21.910,17.672,29.203,19.116,3.663,0.000,250.0,250.0,17.516,4.488,2.624,10.221,7.973,4.942,3.031,4.880,3.875,0.410,3.465,3.457,0.000,0.000,2.000,
11.11.2025,11:14:22.904,29.907,27.461,17.228,3.822,0.000,250.0,250.0,11.440,5.552,2.930,13.989,10.479,6.494,3.985,6.421,3.872,0.415,3.457,3.473,0.000,0.375,0.000,
11.11.2025,11:14:23.902,17.672,30.661,20.391,3.820,0.000,250.0,250.0,11.727,6.693,3.212,18.075,13.196,8.178,5.018,8.080,3.855,0.398,3.457,3.465,0.000,1.000,0.000,
11.11.2025,11:14:24.915,14.953,27.948,18.066,3.604,0.000,250.0,250.0,17.871,7.154,3.273,19.766,14.268,8.848,5.420,8.750,3.869,0.404,3.465,3.473,0.000,0.000,0.000,
11.11.2025,11:14:25.911,19.032,27.548,17.360,3.743,0.000,250.0,250.0,18.585,5.495,2.930,13.760,10.343,6.408,3.935,6.334,3.886,0.429,3.457,3.465,0.001,0.000,0.500,
11.11.2025,11:14:26.914,19.032,28.582,18.267,3.876,0.000,250.0,250.0,13.347,5.478,3.004,13.652,10.319,6.395,3.924,6.321,3.855,0.398,3.457,3.457,0.000,0.000,0.000,
11.11.2025,11:14:27.912,24.469,31.228,20.892,3.886,0.000,250.0,250.0,11.938,4.682,2.746,10.811,8.404,5.205,3.199,5.143,3.927,0.426,3.501,3.457,0.000,0.000,0.000,
11.11.2025,11:14:28.908,12.235,31.387,21.270,3.753,0.000,250.0,250.0,13.853,6.946,3.506,18.729,13.781,8.544,5.237,8.446,3.874,0.401,3.473,3.473,0.000,0.000,0.000,
11.11.2025,11:14:29.903,17.672,28.523,18.393,3.771,0.000,250.0,250.0,19.301,6.041,3.175,15.617,11.642,7.224,4.418,7.138,3.867,0.402,3.465,3.465,0.000,1.000,0.750,
11.11.2025,11:14:30.915,17.672,30.730,20.482,3.787,0.000,250.0,250.0,13.931,5.072,2.795,12.292,9.350,5.795,3.555,5.721,3.874,0.409,3.465,3.465,0.000,0.000,0.000,
11.11.2025,11:14:31.910,17.672,30.730,20.482,3.787,0.000,250.0,250.0,13.102,5.911,2.979,15.305,11.329,7.024,4.305,6.938,3.878,0.405,3.473,3.473,0.000,1.000,1.000,
11.11.2025,11:14:32.908,27.188,28.864,18.785,3.714,0.000,250.0,250.0,16.668,3.931,2.562,8.153,6.654,4.128,2.526,4.066,3.875,0.402,3.473,3.473,0.000,0.000,0.000,
11.11.2025,11:14:33.907,16.313,27.264,17.305,3.604,0.000,250.0,250.0,15.416,3.861,2.599,7.863,6.483,4.018,2.465,3.981,3.867,0.402,3.465,3.465,0.000,1.625,0.000,
11.11.2025,11:14:34.902,16.313,28.594,18.343,3.854,0.001,250.0,250.0,11.373,3.789,2.624,7.576,6.317,3.916,2.401,3.879,3.859,0.402,3.457,3.457,0.000,0.000,0.000,
11.11.2025,11:14:35.902,24.469,26.964,16.634,3.837,0.000,250.0,250.0,11.764,3.924,2.599,8.106,6.641,4.115,2.526,4.066,3.867,0.402,3.465,3.457,0.000,0.000,2.250,
11.11.2025,11:14:36.914,19.032,26.858,16.717,3.772,0.000,250.0,250.0,11.735,4.046,2.624,8.543,6.929,4.291,2.638,4.242,3.867,0.402,3.465,3.457,0.000,0.000,1.625,
11.11.2025,11:14:37.913,14.953,27.852,17.809,3.643,0.000,250.0,250.0,13.775,6.414,3.163,17.057,12.529,7.766,4.763,7.680,3.855,0.398,3.457,3.473,0.000,0.375,1.125,
11.11.2025,11:14:38.912,20.391,28.465,18.268,3.782,0.000,250.0,250.0,13.988,5.179,2.893,12.598,9.600,5.957,3.643,5.883,3.875,0.402,3.473,3.465,0.000,2.125,0.000,
11.11.2025,11:14:39.906,17.672,27.379,17.323,3.704,0.000,250.0,250.0,14.603,5.172,2.783,12.589,9.528,5.904,3.624,5.842,3.990,0.427,3.563,3.473,0.000,2.250,0.000,
11.11.2025,11:14:40.905,17.672,27.430,17.430,3.636,0.001,250.0,250.0,19.164,3.962,2.612,8.226,6.729,4.165,2.564,4.116,3.875,0.402,3.473,3.457,0.001,1.000,1.625,
11.11.2025,11:14:41.914,21.750,28.175,17.967,3.788,0.000,250.0,250.0,15.494,4.259,2.513,9.461,7.433,4.610,2.823,4.548,3.867,0.402,3.465,3.465,0.000,0.000,0.875,
11.11.2025,11:14:42.906,25.829,28.748,18.368,3.925,0.000,250.0,250.0,11.771,5.396,2.906,13.420,10.116,6.277,3.839,6.203,3.867,0.402,3.465,3.465,0.000,0.000,0.000,
11.11.2025,11:14:43.902,14.953,31.839,21.403,3.989,0.000,250.0,250.0,15.851,3.981,2.648,8.266,6.766,4.203,2.563,4.154,3.875,0.402,3.473,3.457,0.000,0.125,0.000,
11.11.2025,11:14:44.916,17.672,28.719,18.661,3.652,0.000,250.0,250.0,14.058,3.845,2.587,7.821,6.457,4.005,2.452,3.955,3.859,0.402,3.457,3.457,0.001,0.000,0.000,
11.11.2025,11:14:45.906,19.032,27.694,17.387,3.868,0.000,250.0,250.0,11.712,3.913,2.538,8.127,6.618,4.104,2.514,4.054,3.859,0.402,3.457,3.457,0.000,0.000,1.000,
11.11.2025,11:14:46.905,19.032,28.132,17.970,3.759,0.000,250.0,250.0,13.688,3.970,2.599,8.273,6.753,4.190,2.563,4.128,3.867,0.402,3.465,3.465,0.000,0.000,1.125,
11.11.2025,11:14:47.902,24.469,28.336,18.343,3.649,0.000,250.0,250.0,15.104,5.558,3.041,13.894,10.491,6.506,3.985,6.433,3.878,0.405,3.473,3.473,0.000,0.000,0.000,
11.11.2025,11:14:48.907,19.032,30.363,20.430,3.581,0.000,250.0,250.0,17.757,4.025,2.661,8.429,6.882,4.267,2.615,4.218,3.859,0.402,3.457,3.457,0.000,0.000,0.000,
11.11.2025,11:14:49.904,20.391,26.159,15.932,3.809,0.000,250.0,250.0,12.230,5.633,3.225,13.994,10.671,6.622,4.049,6.536,3.878,0.405,3.473,3.473,0.000,0.500,0.000,
11.11.2025,11:14:50.905,19.032,28.701,18.880,3.535,0.000,250.0,250.0,15.751,3.895,2.746,7.852,6.573,4.074,2.499,4.025,3.860,0.403,3.457,3.457,0.000,0.000,2.375,
11.11.2025,11:14:51.907,32.625,27.684,17.089,4.028,0.000,250.0,250.0,11.368,4.226,2.795,9.043,7.343,4.551,2.792,4.490,3.895,0.435,3.460,3.457,0.001,1.125,1.250,
11.11.2025,11:14:52.906,23.110,41.209,30.615,4.103,0.000,250.0,250.0,11.490,4.348,2.734,9.595,7.647,4.741,2.906,4.679,3.859,0.402,3.457,3.457,0.000,1.375,2.250,
11.11.2025,11:14:53.907,32.625,44.915,34.308,4.046,0.000,250.0,250.0,17.809,6.449,3.261,17.058,12.598,7.812,4.786,7.714,3.898,0.431,3.467,3.465,0.000,2.250,0.000,
11.11.2025,11:14:54.906,13.594,41.105,30.676,4.025,0.000,250.0,250.0,16.169,5.071,2.746,12.314,9.332,5.786,3.546,5.724,3.899,0.440,3.459,3.465,0.000,0.125,0.000,
11.11.2025,11:14:55.902,16.313,28.046,17.800,3.805,0.000,250.0,250.0,11.614,4.287,2.599,9.501,7.500,4.655,2.845,4.593,3.859,0.402,3.457,3.457,0.000,2.000,0.000,
11.11.2025,11:14:56.902,19.032,29.323,19.273,3.669,0.000,250.0,250.0,14.589,3.898,2.550,8.050,6.582,4.080,2.502,4.030,3.867,0.402,3.465,3.457,0.000,0.000,1.875,
11.11.2025,11:14:57.912,14.953,28.610,18.489,3.728,0.000,250.0,250.0,15.407,4.675,2.697,10.875,8.408,5.220,3.188,5.158,3.868,0.403,3.465,3.465,0.000,0.000,0.875,
11.11.2025,11:14:58.907,17.672,30.465,20.359,3.768,0.000,250.0,250.0,13.834,4.517,2.685,10.235,8.017,4.963,3.054,4.901,3.919,0.418,3.501,3.473,0.000,2.000,1.875,
11.11.2025,11:14:59.903,17.672,33.832,23.203,3.979,0.000,250.0,250.0,18.330,3.919,2.661,8.014,6.632,4.105,2.527,4.056,3.867,0.402,3.465,3.457,0.000,0.000,1.875,
11.11.2025,11:15:0.915,13.594,27.431,17.377,3.690,0.000,250.0,250.0,11.477,4.050,2.648,8.538,6.938,4.301,2.637,4.251,3.867,0.402,3.465,3.457,0.000,1.375,0.000,
11.11.2025,11:15:1.914,17.672,26.777,16.421,3.877,0.000,250.0,250.0,13.519,3.980,2.550,8.366,6.768,4.204,2.564,4.155,3.867,0.402,3.465,3.457,0.001,0.000,1.250,
11.11.2025,11:15:2.908,20.391,26.960,16.867,3.741,0.000,250.0,250.0,11.907,4.025,2.526,8.551,6.881,4.262,2.619,4.212,3.867,0.402,3.465,3.465,0.000,0.000,0.000,
11.11.2025,11:15:3.908,17.672,28.178,18.092,3.655,0.000,250.0,250.0,14.124,3.878,2.501,8.032,6.532,4.055,2.477,4.006,3.859,0.402,3.457,3.457,0.000,0.000,2.375,
11.11.2025,11:15:4.907,20.391,28.167,18.039,3.728,0.000,250.0,250.0,12.673,4.056,2.636,8.576,6.954,4.315,2.639,4.266,3.859,0.402,3.457,3.457,0.000,0.000,0.000,
11.11.2025,11:15:5.905,14.953,26.440,16.305,3.742,0.000,250.0,250.0,12.445,4.450,2.759,9.950,7.883,4.890,2.993,4.828,3.867,0.402,3.465,3.465,0.000,0.000,1.125,
11.11.2025,11:15:6.903,14.953,28.451,18.424,3.643,0.000,250.0,250.0,15.719,4.016,2.710,8.348,6.864,4.252,2.612,4.203,3.859,0.402,3.457,3.457,0.000,0.500,0.875,
11.11.2025,11:15:7.902,10.875,26.984,16.767,3.791,0.000,250.0,250.0,12.999,5.887,2.967,15.215,11.275,6.991,4.284,6.905,3.889,0.430,3.459,3.457,0.005,0.000,0.000,
11.11.2025,11:15:8.911,19.032,29.586,19.502,3.706,0.000,250.0,250.0,14.234,7.081,3.359,19.374,14.089,8.736,5.353,8.638,3.897,0.430,3.467,3.465,0.000,0.000,0.000,
11.11.2025,11:15:9.909,23.110,28.293,18.168,3.760,0.000,250.0,250.0,14.452,4.982,2.943,11.802,9.137,5.664,3.473,5.603,3.867,0.402,3.465,3.465,0.000,0.000,2.250,
11.11.2025,11:15:10.904,20.391,27.762,17.682,3.691,0.000,250.0,250.0,13.096,6.138,3.151,16.015,11.880,7.367,4.513,7.268,3.859,0.402,3.457,3.465,0.000,0.375,0.000,
11.11.2025,11:15:11.905,12.235,27.973,17.919,3.695,0.000,250.0,250.0,15.113,5.104,2.955,12.209,9.398,5.831,3.567,5.757,3.923,0.414,3.509,3.473,0.000,0.000,0.000,
11.11.2025,11:15:12.902,20.391,26.148,16.068,3.661,0.000,250.0,250.0,15.282,3.973,2.808,8.083,6.758,4.193,2.565,4.144,3.859,0.402,3.457,3.457,0.000,0.000,1.125,
11.11.2025,11:15:13.910,19.032,28.049,17.928,3.702,0.001,250.0,250.0,12.497,5.665,3.175,14.182,10.759,6.672,4.087,6.599,3.859,0.402,3.457,3.457,0.000,1.000,0.000,
11.11.2025,11:15:14.912,17.672,28.063,17.994,3.718,0.000,250.0,250.0,11.869,3.845,2.869,7.534,6.458,4.005,2.453,3.956,3.859,0.402,3.457,3.457,0.000,1.875,0.125,
11.11.2025,11:15:15.903,14.953,27.346,16.979,3.851,0.000,250.0,250.0,12.638,5.105,2.869,12.325,9.422,5.838,3.584,5.764,3.895,0.435,3.460,3.457,0.000,0.000,0.000,
11.11.2025,11:15:16.905,20.391,28.931,18.840,3.754,0.000,250.0,250.0,13.368,3.782,2.501,7.652,6.306,3.912,2.394,3.863,3.867,0.402,3.465,3.457,0.000,2.125,1.500,
11.11.2025,11:15:17.917,16.313,28.510,18.250,3.766,0.001,250.0,250.0,11.417,4.285,2.599,9.487,7.486,4.642,2.844,4.593,3.867,0.402,3.465,3.465,0.000,0.000,0.000,
11.11.2025,11:15:18.913,16.313,26.916,16.768,3.778,0.000,250.0,250.0,11.622,3.850,2.685,7.737,6.471,4.006,2.465,3.957,3.859,0.402,3.457,3.457,0.000,0.250,2.000,
11.11.2025,11:15:19.909,35.344,31.117,20.781,3.864,0.000,250.0,250.0,13.991,7.299,3.604,19.977,14.631,9.069,5.562,8.958,3.863,0.398,3.465,3.465,0.000,0.000,1.125,
11.11.2025,11:15:20.911,19.032,39.848,29.407,4.016,0.000,250.0,250.0,18.769,3.941,2.636,8.134,6.687,4.138,2.549,4.088,3.859,0.402,3.457,3.457,0.000,0.875,0.000,
11.11.2025,11:15:21.916,17.672,35.934,25.555,3.892,0.000,250.0,250.0,11.862,3.982,2.697,8.230,6.780,4.203,2.577,4.154,3.859,0.402,3.457,3.457,0.000,1.125,0.000,
11.11.2025,11:15:22.912,12.235,28.436,18.314,3.725,0.000,250.0,250.0,13.675,6.245,3.200,16.370,12.128,7.515,4.613,7.429,3.867,0.402,3.465,3.465,0.000,0.000,0.000,
11.11.2025,11:15:23.910,17.672,27.805,17.673,3.740,0.000,250.0,250.0,15.901,3.860,2.526,7.940,6.490,4.027,2.463,3.977,3.859,0.402,3.457,3.457,0.000,0.000,0.750,
11.11.2025,11:15:24.909,19.032,27.417,17.352,3.731,0.000,250.0,250.0,19.643,5.790,2.991,14.841,11.052,6.848,4.204,6.762,3.867,0.402,3.465,3.465,0.000,0.500,0.000,
11.11.2025,11:15:25.903,17.672,29.244,19.112,3.733,0.000,250.0,250.0,15.678,3.797,2.550,7.657,6.338,3.933,2.405,3.884,3.867,0.402,3.465,3.465,0.000,0.000,1.500,
11.11.2025,11:15:26.917,23.110,27.220,17.061,3.772,0.000,250.0,250.0,12.231,3.986,2.562,8.384,6.787,4.213,2.574,4.164,3.859,0.402,3.457,3.457,0.000,1.000,0.500,
11.11.2025,11:15:27.914,23.110,27.993,17.720,3.822,0.000,250.0,250.0,13.390,3.874,2.697,7.809,6.522,4.044,2.478,3.994,3.867,0.402,3.465,3.465,0.000,0.250,0.000,
11.11.2025,11:15:28.907,23.110,28.837,18.625,3.801,0.000,250.0,250.0,11.364,4.390,2.709,9.785,7.743,4.801,2.942,4.751,3.859,0.402,3.457,3.457,0.000,0.000,0.000,
11.11.2025,11:15:29.917,21.750,35.904,25.575,3.925,0.000,250.0,250.0,13.902,6.739,3.396,18.067,13.297,8.254,5.043,8.156,3.859,0.402,3.457,3.457,0.000,2.250,0.000,
11.11.2025,11:15:30.913,25.829,28.905,18.939,3.629,0.001,250.0,250.0,19.122,3.704,2.550,7.308,6.127,3.797,2.330,3.747,3.859,0.402,3.457,3.465,0.000,0.000,0.000,
11.11.2025,11:15:31.909,17.672,29.261,18.922,3.889,0.000,250.0,250.0,11.970,4.208,2.526,9.270,7.310,4.529,2.781,4.480,3.859,0.402,3.457,3.465,0.000,0.000,1.125,
11.11.2025,11:15:32.908,19.032,29.564,19.561,3.598,0.000,250.0,250.0,13.363,3.734,2.452,7.530,6.195,3.843,2.352,3.794,3.859,0.402,3.457,3.457,0.000,0.000,0.000,
11.11.2025,11:15:33.908,16.313,28.031,17.786,3.867,0.000,250.0,250.0,12.864,3.792,2.661,7.538,6.320,3.917,2.403,3.880,3.867,0.402,3.465,3.465,0.000,0.000,0.500,
11.11.2025,11:15:34.906,16.313,28.743,18.598,3.750,0.000,250.0,250.0,12.515,3.945,2.612,8.170,6.693,4.141,2.552,4.092,3.867,0.402,3.465,3.457,0.000,0.000,1.125,
11.11.2025,11:15:35.903,20.391,30.223,20.017,3.737,0.000,250.0,250.0,12.250,3.831,2.722,7.625,6.423,3.982,2.441,3.932,3.867,0.402,3.465,3.457,0.000,0.000,0.500,
11.11.2025,11:15:36.902,23.110,27.086,16.953,3.750,0.000,250.0,250.0,11.622,4.210,2.759,9.045,7.319,4.539,2.780,4.477,3.859,0.402,3.457,3.465,0.000,0.000,0.500,
11.11.2025,11:15:37.914,13.594,28.317,18.197,3.750,0.000,250.0,250.0,12.859,4.695,2.709,10.950,8.468,5.243,3.225,5.181,3.859,0.402,3.457,3.457,0.000,0.750,0.000,
11.11.2025,11:15:38.910,10.875,30.988,21.031,3.633,0.000,250.0,250.0,13.193,3.877,2.599,7.914,6.532,4.042,2.490,3.993,3.867,0.402,3.465,3.465,0.000,0.000,0.000,
11.11.2025,11:15:39.906,20.391,26.803,16.431,3.906,0.001,250.0,250.0,13.110,8.097,3.776,22.833,16.498,10.229,6.269,10.106,3.896,0.430,3.466,3.465,0.000,0.000,1.625,
11.11.2025,11:15:40.902,24.469,28.401,18.344,3.639,0.000,250.0,250.0,16.377,4.361,2.538,9.839,7.675,4.755,2.920,4.706,3.859,0.402,3.457,3.457,0.000,0.375,0.500,
11.11.2025,11:15:41.912,19.032,25.399,15.270,3.752,0.000,250.0,250.0,12.726,5.946,3.065,15.337,11.408,7.069,4.339,6.983,3.899,0.432,3.467,3.465,0.000,0.000,0.000,
11.11.2025,11:15:42.909,20.391,27.020,17.006,3.668,0.000,250.0,250.0,17.267,5.946,2.501,8.162,6.617,4.103,2.514,4.054,3.859,0.402,3.457,3.457,0.000,1.000,0.000,
11.11.2025,11:15:43.908,16.313,28.429,18.085,3.915,0.000,250.0,250.0,17.267,3.913,2.501,8.162,6.617,4.103,2.514,4.054,3.859,0.402,3.457,3.457,0.000,0.000,0.000,
11.11.2025,11:15:44.918,24.469,29.554,18.970,4.051,0.000,250.0,250.0,11.445,3.955,2.624,8.196,6.717,4.166,2.551,4.117,3.859,0.402,3.457,3.457,0.000,1.375,1.125,
11.11.2025,11:15:45.904,17.672,28.704,18.598,3.761,0.000,250.0,250.0,11.987,4.197,2.648,9.109,7.287,4.517,2.770,4.468,3.859,0.402,3.457,3.457,0.000,0.875,0.000,
11.11.2025,11:15:46.904,28.547,37.234,26.753,4.005,0.000,250.0,250.0,11.940,4.534,2.575,10.464,8.088,5.010,3.078,4.949,3.859,0.402,3.457,3.457,0.000,0.000,0.000,
11.11.2025,11:15:47.905,13.594,39.353,28.801,4.076,0.000,250.0,250.0,11.654,4.356,2.501,9.766,7.616,4.720,2.896,4.659,3.970,0.459,3.511,3.465,0.001,0.500,0.750,
11.11.2025,11:15:48.917,20.391,27.543,17.319,3.790,0.000,250.0,250.0,12.420,4.012,2.452,8.593,6.851,4.251,2.600,4.202,3.859,0.402,3.457,3.457,0.000,0.000,0.500,
11.11.2025,11:15:49.911,20.391,26.625,16.280,3.867,0.000,250.0,250.0,13.649,3.985,2.501,8.429,6.786,4.200,2.586,4.151,3.867,0.402,3.465,3.465,0.000,0.000,0.500,
11.11.2025,11:15:50.909,20.391,31.028,20.967,3.730,0.000,250.0,250.0,13.096,4.296,2.575,9.507,7.491,4.645,2.846,4.595,3.918,0.450,3.468,3.465,0.000,1.000,1.250,
11.11.2025,11:15:51.908,14.953,28.823,18.554,3.787,0.000,250.0,250.0,12.502,4.568,2.648,10.489,8.145,5.044,3.101,4.983,3.903,0.444,3.459,3.465,0.000,2.000,0.500,
11.11.2025,11:15:52.905,16.313,27.691,17.450,3.840,0.000,250.0,250.0,11.007,4.367,2.562,9.789,7.659,4.753,2.906,4.692,3.920,0.461,3.459,3.465,0.000,0.375,0.000,
11.11.2025,11:15:53.916,20.391,26.839,16.606,3.828,0.000,250.0,250.0,12.773,5.229,2.881,12.766,9.701,6.020,3.681,5.946,3.912,0.437,3.475,3.473,0.000,0.375,0.500,
11.11.2025,11:15:54.911,29.907,27.368,17.217,3.770,0.000,250.0,250.0,13.093,4.416,2.501,10.055,7.786,4.829,2.957,4.767,3.906,0.448,3.458,3.457,0.000,0.000,0.125,
11.11.2025,11:15:55.909,21.750,40.808,30.224,4.048,0.000,250.0,250.0,15.919,6.017,3.041,15.512,11.503,7.131,4.372,7.044,4.048,0.482,3.566,3.473,0.000,1.000,0.000,
11.11.2025,11:15:56.907,16.313,32.921,22.614,3.886,0.000,250.0,250.0,21.048,5.334,2.930,13.117,9.950,6.169,3.781,6.095,3.914,0.440,3.474,3.465,0.000,0.000,0.000,
11.11.2025,11:15:57.902,16.313,28.111,18.044,3.700,0.000,250.0,250.0,17.235,5.549,3.004,13.827,10.428,6.469,3.959,6.383,3.980,0.460,3.520,3.465,0.000,0.125,0.000,
11.11.2025,11:15:58.917,19.032,27.151,17.048,3.708,0.000,250.0,250.0,14.966,4.238,2.599,9.293,7.372,4.566,2.806,4.517,3.875,0.402,3.473,3.473,0.000,0.750,0.000,
11.11.2025,11:15:59.909,19.032,30.616,20.523,3.689,0.000,250.0,250.0,11.118,5.613,3.004,14.155,10.623,6.590,4.033,6.517,3.870,0.405,3.465,3.465,0.000,0.000,2.375,
11.11.2025,11:16:0.903,13.594,29.459,19.307,3.770,0.000,250.0,250.0,15.090,4.750,2.881,10.980,8.588,5.328,3.260,5.266,3.867,0.402,3.465,3.465,0.000,0.000,0.000,
11.11.2025,11:16:1.903,13.594,36.320,25.951,3.956,0.000,250.0,250.0,13.835,8.997,4.070,25.984,18.630,11.552,7.078,11.417,3.881,0.408,3.473,3.473,0.000,1.625,0.000,
11.11.2025,11:16:2.912,20.391,27.612,17.471,3.779,0.000,250.0,250.0,17.991,6.298,3.089,16.622,12.219,7.580,4.639,7.494,3.934,0.417,3.517,3.473,0.000,1.000,0.500,
11.11.2025,11:16:3.904,20.391,27.612,17.471,3.779,0.000,250.0,250.0,15.127,9.111,4.045,26.441,18.909,11.721,7.188,11.574,3.878,0.405,3.473,3.473,0.000,0.000,0.000,
11.11.2025,11:16:4.916,25.829,29.701,19.353,3.839,0.000,250.0,250.0,18.572,4.794,2.783,11.239,8.685,5.388,3.297,5.326,3.875,0.402,3.473,3.473,0.000,1.000,0.625,
11.11.2025,11:16:5.912,28.547,28.172,17.999,3.790,0.000,250.0,250.0,12.541,4.471,2.648,10.138,7.931,4.926,3.005,4.865,3.867,0.402,3.465,3.465,0.000,0.000,1.000,
11.11.2025,11:16:6.911,19.032,27.131,16.794,3.889,0.000,250.0,250.0,11.778,4.036,2.624,8.500,6.907,4.285,2.622,4.223,3.867,0.402,3.465,3.465,0.000,1.500,0.000,
11.11.2025,11:16:7.902,19.032,26.524,16.411,3.711,0.000,250.0,250.0,11.920,7.050,3.420,19.215,14.036,8.709,5.327,8.598,3.863,0.398,3.465,3.473,0.000,1.375,0.000,
11.11.2025,11:16:8.910,21.750,28.234,18.101,3.746,0.000,250.0,250.0,16.427,4.439,2.771,9.888,7.851,4.873,2.978,4.811,3.878,0.405,3.473,3.465,0.000,2.125,0.000,
11.11.2025,11:16:9.911,27.188,27.392,17.315,3.723,0.000,250.0,250.0,14.428,4.013,2.513,8.512,6.848,4.249,2.599,4.187,3.878,0.405,3.473,3.465,0.000,2.000,0.500,
11.11.2025,11:16:10.909,14.953,28.715,18.495,3.780,0.000,250.0,250.0,15.195,4.011,2.464,8.564,6.849,4.250,2.599,4.188,3.867,0.402,3.465,3.465,0.000,0.000,1.125,
11.11.2025,11:16:11.907,17.672,26.135,16.074,3.697,0.000,250.0,250.0,15.551,6.121,3.077,16.012,11.824,7.338,4.486,7.252,3.878,0.405,3.473,3.465,0.000,0.375,1.125,
11.11.2025,11:16:12.905,19.032,27.408,17.238,3.744,0.001,250.0,250.0,14.495,4.667,2.526,11.000,8.402,5.211,3.191,5.137,3.867,0.402,3.465,3.473,0.000,0.000,1.250,
11.11.2025,11:16:13.904,24.469,27.974,17.832,3.734,0.000,250.0,250.0,11.679,6.479,3.249,17.209,12.680,7.859,4.821,7.773,3.867,0.402,3.465,3.465,0.000,0.000,0.000,
11.11.2025,11:16:14.914,16.313,28.907,18.980,3.647,0.000,250.0,250.0,13.473,3.790,2.489,7.708,6.317,3.916,2.401,3.879,3.867,0.402,3.465,3.457,0.000,0.125,0.000,
11.11.2025,11:16:15.911,21.750,27.102,16.803,3.872,0.000,250.0,250.0,12.779,7.144,3.298,19.615,14.202,8.804,5.398,8.705,3.977,0.423,3.554,3.465,0.000,1.000,0.000,
11.11.2025,11:16:16.909,13.594,28.647,18.560,3.725,0.000,250.0,250.0,17.720,3.798,2.428,7.792,6.343,3.929,2.414,3.879,3.867,0.402,3.465,3.465,0.000,2.125,0.000,
11.11.2025,11:16:17.907,25.829,28.429,18.177,3.795,0.000,250.0,250.0,14.935,4.773,2.550,11.389,8.638,5.353,3.285,5.291,3.875,0.402,3.473,3.473,0.000,0.000,0.000,
11.11.2025,11:16:18.904,12.235,29.025,18.975,3.673,0.000,250.0,250.0,13.983,6.968,3.347,18.980,13.843,8.581,5.262,8.471,3.867,0.402,3.465,3.465,0.000,1.000,0.000,
11.11.2025,11:16:19.902,23.110,29.489,19.451,3.696,0.000,250.0,250.0,19.125,3.934,2.513,8.226,6.663,4.126,2.537,4.076,3.867,0.402,3.465,3.465,0.000,1.750,0.000,
11.11.2025,11:16:20.916,16.313,39.610,28.993,4.101,0.000,250.0,250.0,12.067,3.944,2.538,8.228,6.681,4.142,2.539,4.092,3.875,0.402,3.473,3.473,0.000,2.125,0.500,
11.11.2025,11:16:21.915,20.391,35.302,24.884,3.944,0.000,250.0,250.0,15.170,3.982,2.575,8.342,6.775,4.208,2.567,4.159,3.867,0.402,3.465,3.465,0.000,0.750,1.250,
11.11.2025,11:16:22.914,28.547,28.199,18.099,3.751,0.000,250.0,250.0,12.499,3.930,2.624,8.094,6.656,4.129,2.527,4.068,3.867,0.402,3.465,3.465,0.000,0.750,1.250,
11.11.2025,11:16:23.905,20.391,27.362,16.954,3.925,0.000,250.0,250.0,13.166,3.822,2.648,7.660,6.394,3.967,2.427,3.917,3.867,0.402,3.465,3.473,0.000,1.625,0.000,
11.11.2025,11:16:24.917,19.032,27.291,17.130,3.739,0.000,250.0,250.0,13.747,7.084,3.555,19.215,14.121,8.758,5.363,8.648,3.859,0.402,3.457,3.465,0.000,0.000,0.000,
11.11.2025,11:16:25.903,20.391,27.236,17.111,3.749,0.000,250.0,250.0,13.235,4.616,2.685,10.633,8.259,5.120,3.139,5.059,3.900,0.434,3.466,3.465,0.000,1.000,0.000,
11.11.2025,11:16:26.911,24.469,26.899,16.663,3.856,0.000,250.0,250.0,18.240,3.966,2.599,8.253,6.730,4.179,2.551,4.130,3.878,0.405,3.473,3.465,0.000,1.125,2.375,
11.11.2025,11:16:27.911,19.032,27.403,17.258,3.732,0.000,250.0,250.0,14.541,6.155,3.102,16.118,11.911,7.383,4.528,7.296,3.875,0.402,3.473,3.465,0.000,1.375,0.625,
11.11.2025,11:16:28.909,19.032,28.141,17.892,3.821,0.000,250.0,250.0,15.046,3.936,2.612,8.120,6.663,4.133,2.530,4.084,3.875,0.402,3.473,3.465,0.000,0.000,0.000,
11.11.2025,11:16:29.905,23.110,28.364,18.255,3.746,0.000,250.0,250.0,16.386,7.840,3.776,21.846,15.880,9.845,6.035,9.734,3.906,0.431,3.475,3.473,0.000,0.000,0.000,
11.11.2025,11:16:30.915,19.032,31.848,21.674,3.791,0.000,250.0,250.0,14.384,4.022,2.648,8.422,6.868,4.266,2.602,4.217,3.867,0.402,3.465,3.465,0.000,1.625,0.000,
11.11.2025,11:16:31.909,28.547,39.955,29.406,4.086,0.000,250.0,250.0,15.435,7.078,3.605,19.127,14.093,8.744,5.349,8.633,3.878,0.405,3.473,3.473,0.000,1.125,0.000,
11.11.2025,11:16:32.914,21.750,33.809,23.699,3.689,0.000,250.0,250.0,16.463,3.856,2.513,7.930,6.484,4.018,2.466,3.969,3.859,0.402,3.457,3.465,0.000,0.000,0.125,
11.11.2025,11:16:33.911,17.672,33.737,23.202,4.079,0.000,250.0,250.0,11.473,3.849,2.550,7.860,6.460,4.007,2.453,3.958,3.867,0.402,3.465,3.465,0.000,0.500,1.500,
11.11.2025,11:16:34.911,20.391,28.064,17.942,3.757,0.000,250.0,250.0,14.022,4.069,2.648,8.610,6.981,4.322,2.659,4.273,3.867,0.402,3.465,3.465,0.000,0.000,1.125,
11.11.2025,11:16:35.909,17.672,28.173,18.144,3.646,0.000,250.0,250.0,11.458,4.068,2.685,8.580,6.978,4.332,2.646,4.283,3.859,0.402,3.457,3.457,0.000,0.000,1.125,
11.11.2025,11:16:36.911,13.594,28.118,17.754,3.874,0.000,250.0,250.0,12.497,3.920,2.587,8.098,6.626,4.114,2.512,4.065,3.867,0.402,3.465,3.465,0.000,1.250,0.000,
11.11.2025,11:16:37.903,19.032,26.078,15.975,3.745,0.000,250.0,250.0,15.584,4.040,2.710,8.422,6.911,4.287,2.624,4.226,3.875,0.402,3.473,3.473,0.000,0.000,2.375,
11.11.2025,11:16:38.902,19.032,27.213,17.305,3.592,0.000,250.0,250.0,16.085,7.199,3.494,19.710,14.383,8.925,5.458,8.815,3.870,0.405,3.465,3.465,0.000,0.000,1.125,
11.11.2025,11:16:39.914,21.750,27.160,17.155,3.598,0.000,250.0,250.0,13.268,4.023,2.550,8.534,6.870,4.260,2.610,4.210,3.867,0.402,3.465,3.465,0.000,0.000,0.000,
11.11.2025,11:16:40.916,16.313,27.265,17.049,3.829,0.000,250.0,250.0,11.402,3.920,2.526,8.149,6.633,4.105,2.528,4.056,3.867,0.402,3.465,3.465,0.000,0.375,0.375,
11.11.2025,11:16:41.912,19.032,27.346,17.020,3.854,0.000,250.0,250.0,12.687,6.693,3.310,17.963,13.192,8.171,5.021,8.073,3.867,0.402,3.465,3.465,0.000,1.125,1.500,
11.11.2025,11:16:42.911,19.032,27.938,17.771,3.791,0.000,250.0,250.0,15.280,4.909,2.709,11.750,8.959,5.550,3.409,5.489,3.875,0.402,3.473,3.473,0.000,0.500,0.000,
11.11.2025,11:16:43.915,19.032,27.632,17.470,3.744,0.000,250.0,250.0,13.997,6.066,3.237,15.645,11.702,7.260,4.442,7.173,3.867,0.402,3.465,3.465,0.000,1.125,0.125,
11.11.2025,11:16:44.911,16.313,28.836,18.633,3.788,0.000,250.0,250.0,12.669,4.288,2.894,9.193,7.498,4.649,2.849,4.600,3.867,0.402,3.465,3.465,0.000,2.000,0.500,
11.11.2025,11:16:45.912,20.391,32.425,21.995,3.951,0.000,250.0,250.0,13.816,4.030,2.673,8.426,6.891,4.265,2.626,4.216,3.867,0.402,3.465,3.465,0.000,0.000,0.500,
11.11.2025,11:16:46.909,19.032,33.517,22.842,4.131,0.000,250.0,250.0,12.297,4.247,2.587,9.321,7.394,4.584,2.810,4.522,3.893,0.434,3.459,3.465,0.000,1.125,1.125,
11.11.2025,11:16:47.914,19.032,28.238,18.179,3.693,0.000,250.0,250.0,12.576,3.834,2.465,7.885,6.423,3.982,2.441,3.932,3.875,0.402,3.473,3.465,0.000,0.000,0.000,
11.11.2025,11:16:48.912,31.266,32.079,21.550,4.066,0.000,250.0,250.0,13.356,6.621,3.175,17.816,13.015,8.070,4.945,7.972,3.874,0.409,3.465,3.473,0.001,0.000,0.000,
11.11.2025,11:16:49.910,20.391,41.368,30.766,4.074,0.000,250.0,250.0,17.644,4.062,2.550,8.664,6.962,4.313,2.649,4.263,3.878,0.405,3.473,3.465,0.000,0.000,0.000,
11.11.2025,11:16:50.911,19.032,34.096,23.629,3.991,0.000,250.0,250.0,13.321,3.896,2.550,8.035,6.572,4.081,2.491,4.032,3.867,0.402,3.465,3.465,0.000,0.000,0.875,
11.11.2025,11:16:51.910,16.313,29.084,18.982,3.712,0.000,250.0,250.0,18.247,6.132,3.163,15.937,11.842,7.341,4.501,7.255,3.898,0.431,3.467,3.482,0.000,0.000,2.250,
11.11.2025,11:16:52.907,16.313,27.684,17.567,3.765,0.000,250.0,250.0,15.803,4.826,2.722,11.393,8.745,5.424,3.321,5.363,3.907,0.432,3.475,3.473,0.000,1.750,0.000,
11.11.2025,11:16:53.908,14.953,27.476,17.293,3.767,0.000,250.0,250.0,12.342,4.654,2.685,10.809,8.365,5.179,3.186,5.118,3.867,0.402,3.465,3.465,0.000,1.750,0.000,
11.11.2025,11:16:54.904,14.953,27.533,17.433,3.744,0.000,250.0,250.0,12.114,4.028,2.624,8.472,6.889,4.264,2.625,4.215,3.867,0.402,3.465,3.457,0.000,2.000,0.000,
11.11.2025,11:16:55.911,17.672,27.457,17.268,3.799,0.000,250.0,250.0,13.740,4.276,2.636,9.397,7.469,4.634,2.835,4.573,3.875,0.402,3.473,3.465,0.000,0.000,1.625,
11.11.2025,11:16:56.909,14.953,29.339,19.183,3.764,0.000,250.0,250.0,13.639,5.021,2.832,11.995,9.196,5.700,3.496,5.638,3.939,0.421,3.518,3.473,0.000,0.750,2.375,
11.11.2025,11:16:57.909,17.672,31.475,21.383,3.710,0.000,250.0,250.0,16.272,4.286,2.599,9.477,7.486,4.642,2.844,4.593,3.875,0.402,3.473,3.473,0.000,1.250,0.000,
11.11.2025,11:16:58.909,17.672,26.450,16.474,3.644,0.000,250.0,250.0,15.664,4.723,2.881,10.821,8.492,5.268,3.224,5.206,3.933,0.418,3.515,3.473,0.000,0.000,0.375,
11.11.2025,11:16:59.901,32.625,28.380,18.137,3.800,0.000,250.0,250.0,12.842,4.077,2.697,8.583,7.000,4.338,2.662,4.289,3.867,0.402,3.465,3.465,0.000,0.000,1.875,
11.11.2025,11:17:0.905,20.391,27.707,17.250,3.962,0.000,250.0,250.0,11.807,4.581,2.587,10.625,8.189,5.086,3.103,5.024,3.867,0.402,3.465,3.465,0.000,0.000,1.125,
11.11.2025,11:17:1.902,16.313,27.975,17.713,3.835,0.000,250.0,250.0,11.602,3.834,2.575,7.769,6.421,3.981,2.440,3.932,3.875,0.402,3.473,3.473,0.000,0.000,0.000,
11.11.2025,11:17:2.918,17.672,27.052,16.773,3.841,0.000,250.0,250.0,12.762,3.970,2.526,8.360,6.749,4.187,2.562,4.138,3.859,0.402,3.457,3.457,0.000,0.000,0.000,
11.11.2025,11:17:3.933,21.750,31.100,20.940,3.786,0.000,250.0,250.0,15.059,4.388,2.648,9.826,7.734,4.803,2.931,4.741,3.867,0.402,3.465,3.465,0.000,0.000,1.375,
11.11.2025,11:17:4.933,20.391,29.832,19.706,3.711,0.000,250.0,250.0,14.258,6.439,3.249,17.046,12.587,7.801,4.786,7.702,3.875,0.402,3.473,3.473,0.000,1.000,0.000,
11.11.2025,11:17:5.944,19.032,30.669,20.394,3.839,0.000,250.0,250.0,15.060,4.027,2.636,8.459,6.884,4.261,2.623,4.212,3.867,0.402,3.465,3.465,0.000,0.000,0.000,
11.11.2025,11:17:6.951,9.516,27.069,16.692,3.914,0.000,250.0,250.0,11.853,3.946,2.685,8.078,6.682,4.142,2.540,4.093,3.887,0.405,3.482,3.465,0.000,1.125,0.750,
11.11.2025,11:17:7.949,16.313,28.342,18.402,3.635,0.000,250.0,250.0,18.742,4.005,2.796,8.205,6.833,4.231,2.602,4.182,3.867,0.402,3.465,3.465,0.000,0.000,0.000,
11.11.2025,11:17:8.961,25.829,27.414,17.112,3.869,0.000,250.0,250.0,11.787,6.134,3.225,15.895,11.851,7.347,4.504,7.260,3.897,0.430,3.467,3.465,0.000,0.000,1.250,
11.11.2025,11:17:9.960,20.391,29.341,19.132,3.781,0.000,250.0,250.0,14.583,3.948,2.685,8.097,6.697,4.144,2.553,4.094,3.867,0.402,3.465,3.473,0.000,0.000,0.000,
11.11.2025,11:17:10.956,19.032,29.240,18.974,3.860,0.000,250.0,250.0,11.970,4.071,2.624,8.636,6.992,4.328,2.664,4.279,3.859,0.402,3.457,3.465,0.000,0.000,0.500,
11.11.2025,11:17:11.960,19.032,26.909,16.671,3.776,0.000,250.0,250.0,11.569,4.310,2.648,9.449,7.503,4.657,2.846,4.596,3.968,0.456,3.512,3.465,0.000,0.000,0.125,
11.11.2025,11:17:12.957,20.391,27.786,17.550,3.843,0.000,250.0,250.0,12.063,3.820,2.538,7.761,6.388,3.959,2.429,3.922,3.867,0.402,3.465,3.465,0.001,0.375,2.250,
11.11.2025,11:17:13.953,19.032,27.269,17.199,3.720,0.000,250.0,250.0,12.124,5.438,2.918,13.568,10.220,6.329,3.891,6.255,3.867,0.402,3.465,3.465,0.000,2.000,0.000,
11.11.2025,11:17:14.949,21.750,28.933,18.680,3.793,0.000,250.0,250.0,12.085,6.021,3.212,15.491,11.593,7.187,4.406,7.101,3.875,0.402,3.473,3.473,0.000,0.000,0.000,
11.11.2025,11:17:15.961,20.391,30.270,20.291,3.673,0.000,250.0,250.0,17.159,4.084,2.587,8.713,7.015,4.352,2.663,4.291,3.878,0.405,3.473,3.465,0.000,0.000,0.000,
11.11.2025,11:17:16.960,20.391,30.109,20.044,3.676,0.000,250.0,250.0,13.554,5.022,2.906,11.768,9.104,5.642,3.462,5.568,4.155,0.690,3.465,3.465,0.000,2.250,0.875,
11.11.2025,11:17:17.955,14.953,26.626,16.431,3.789,0.000,250.0,250.0,15.595,4.506,2.562,10.325,7.996,4.953,3.043,4.892,3.908,0.434,3.474,3.473,0.000,0.000,1.125,
11.11.2025,11:17:18.951,19.032,28.301,18.364,3.602,0.000,250.0,250.0,15.544,3.990,2.563,8.383,6.799,4.208,2.591,4.159,3.867,0.402,3.465,3.465,0.000,0.000,0.000,
11.11.2025,11:17:19.961,19.032,26.477,16.045,3.906,0.000,250.0,250.0,12.865,4.690,2.611,10.991,8.438,5.235,3.203,5.161,3.900,0.434,3.466,3.465,0.000,0.000,1.125,
11.11.2025,11:17:20.956,16.313,28.996,18.979,3.654,0.000,250.0,250.0,15.944,4.035,2.661,8.457,6.904,4.278,2.626,4.228,3.867,0.402,3.465,3.465,0.000,1.625,0.000,
11.11.2025,11:17:21.954,13.594,26.923,16.686,3.833,0.000,250.0,250.0,13.489,4.994,2.660,12.111,9.163,5.678,3.485,5.604,3.891,0.434,3.457,3.457,0.000,0.000,0.500,
11.11.2025,11:17:22.955,14.953,28.888,18.588,3.850,0.000,250.0,250.0,15.024,4.251,2.673,9.275,7.415,4.594,2.821,4.532,3.867,0.402,3.465,3.465,0.000,1.125,0.000,
11.11.2025,11:17:23.951,13.594,26.662,16.613,3.680,0.000,250.0,250.0,16.091,6.603,3.200,17.731,12.969,8.047,4.922,7.948,3.874,0.409,3.465,3.465,0.000,0.000,1.500,
11.11.2025,11:17:24.953,19.032,28.428,18.295,3.753,0.000,250.0,250.0,13.619,4.400,2.599,9.897,7.741,4.799,2.942,4.750,3.902,0.435,3.467,3.465,0.000,0.375,0.000,
11.11.2025,11:17:25.954,17.672,28.502,18.112,3.942,0.000,250.0,250.0,11.716,4.324,2.538,9.682,7.575,4.693,2.882,4.644,3.878,0.405,3.473,3.473,0.000,0.500,2.250,
11.11.2025,11:17:26.950,19.032,28.982,18.840,3.725,0.000,250.0,250.0,13.827,3.825,2.661,7.660,6.406,3.967,2.439,3.918,3.867,0.402,3.465,3.465,0.000,0.000,0.000,
11.11.2025,11:17:27.961,25.829,39.607,29.049,4.082,0.000,250.0,250.0,13.695,4.032,2.612,8.502,6.891,4.278,2.613,4.229,3.867,0.402,3.465,3.465,0.000,0.000,0.000,
11.11.2025,11:17:28.960,16.313,38.317,27.853,4.022,0.000,250.0,250.0,13.010,4.032,2.587,8.228,6.701,4.164,2.537,4.115,3.867,0.402,3.465,3.473,0.000,0.000,1.125,
11.11.2025,11:17:29.956,20.391,29.815,19.561,3.822,0.000,250.0,250.0,13.010,3.954,2.587,8.228,6.701,4.164,2.537,4.115,3.867,0.402,3.465,3.473,0.000,1.375,0.000,
11.11.2025,11:17:30.969,17.672,28.518,18.337,3.777,0.000,250.0,250.0,11.496,4.115,2.820,8.610,7.084,4.398,2.686,4.349,3.867,0.402,3.465,3.465,0.000,0.000,0.000,
11.11.2025,11:17:31.967,16.313,28.896,18.727,3.776,0.000,250.0,250.0,14.259,6.676,3.445,17.741,13.133,8.140,4.993,8.042,3.898,0.431,3.467,3.473,0.000,0.875,1.125,
11.11.2025,11:17:32.992,23.110,28.117,17.797,3.878,0.000,250.0,250.0,17.230,4.041,2.771,8.371,6.909,4.286,2.623,4.236,3.875,0.402,3.473,3.465,0.000,0.500,1.375,
11.11.2025,11:17:33.985,20.391,29.386,19.329,3.694,0.000,250.0,250.0,11.840,4.232,2.624,9.207,7.333,4.548,2.785,4.499,3.935,0.426,3.509,3.457,0.000,0.000,0.000,
11.11.2025,11:17:34.995,21.750,33.440,23.112,3.887,0.000,250.0,250.0,11.205,6.061,3.077,15.762,11.677,7.248,4.429,7.162,3.897,0.430,3.467,3.465,0.000,2.250,0.000,
11.11.2025,11:17:35.997,19.032,28.196,17.793,3.946,0.000,250.0,250.0,13.369,3.992,2.538,8.421,6.801,4.214,2.587,4.164,3.867,0.402,3.465,3.465,0.000,0.750,0.000,
11.11.2025,11:17:37.013,21.750,28.157,17.957,3.808,0.000,250.0,250.0,12.042,4.046,2.648,8.518,6.924,4.300,2.624,4.251,3.867,0.402,3.465,3.465,0.000,0.000,2.250,
11.11.2025,11:17:38.019,16.313,27.986,18.042,3.580,0.000,250.0,250.0,12.136,4.355,2.660,9.659,7.642,4.738,2.904,4.676,3.897,0.430,3.467,3.473,0.000,0.000,0.000,
11.11.2025,11:17:39.018,17.672,28.342,18.137,3.813,0.000,250.0,250.0,17.878,4.029,2.746,8.353,6.885,4.274,2.611,4.224,3.867,0.402,3.465,3.465,0.001,0.375,2.250,
11.11.2025,11:17:40.015,17.672,28.687,18.450,3.838,0.000,250.0,250.0,12.796,4.576,2.820,10.345,8.163,5.060,3.103,4.999,3.902,0.435,3.467,3.465,0.000,0.000,1.125,
11.11.2025,11:17:41.014,16.313,29.749,19.555,3.803,0.000,250.0,250.0,12.823,5.462,3.151,13.385,10.241,6.356,3.885,6.282,3.926,0.451,3.475,3.473,0.000,0.500,0.000,
11.11.2025,11:17:42.012,20.391,28.189,18.137,3.683,0.000,250.0,250.0,14.778,4.629,2.685,10.710,8.307,5.144,3.163,5.082,3.867,0.402,3.465,3.465,0.000,1.500,0.500,
11.11.2025,11:17:43.020,14.953,29.919,19.729,3.806,0.000,250.0,250.0,13.937,3.799,2.575,7.638,6.346,3.931,2.415,3.882,3.867,0.402,3.465,3.465,0.001,0.000,0.000,
11.11.2025,11:17:44.025,13.594,29.473,19.337,3.687,0.000,250.0,250.0,11.502,3.986,2.685,8.248,6.790,4.202,2.588,4.153,3.867,0.402,3.465,3.465,0.000,0.250,0.500,
11.11.2025,11:17:45.013,21.750,27.738,17.479,3.876,0.000,250.0,250.0,13.960,3.744,2.611,7.398,6.210,3.856,2.354,3.807,3.867,0.402,3.465,3.465,0.000,0.000,0.875,
11.11.2025,11:17:46.026,20.391,28.014,17.674,3.829,0.000,250.0,250.0,11.113,4.695,2.758,10.848,8.440,5.229,3.211,5.167,3.913,0.438,3.475,3.473,0.001,1.125,0.375,
11.11.2025,11:17:47.021,21.750,31.334,21.034,3.895,0.000,250.0,250.0,12.368,4.201,2.722,9.031,7.293,4.521,2.772,4.472,3.867,0.402,3.465,3.465,0.000,0.375,0.000,
11.11.2025,11:17:48.015,21.750,31.433,20.786,4.108,0.000,250.0,250.0,12.072,3.932,2.550,8.176,6.657,4.130,2.527,4.081,3.867,0.402,3.465,3.465,0.000,2.125,0.000,
11.11.2025,11:17:49.017,19.032,27.412,17.388,3.686,0.000,250.0,250.0,11.948,4.710,2.648,11.048,8.501,5.273,3.228,5.199,3.867,0.402,3.465,3.473,0.000,0.875,0.125,
11.11.2025,11:17:50.016,19.032,27.412,17.388,3.686,0.000,250.0,250.0,11.728,4.342,2.685,9.620,7.624,4.729,2.895,4.680,3.859,0.402,3.457,3.465,0.000,2.000,0.000,
11.11.2025,11:17:51.011,23.110,27.443,17.022,3.945,0.000,250.0,250.0,12.770,4.516,2.734,10.221,8.038,4.981,3.057,4.919,3.875,0.402,3.473,3.465,0.001,0.000,0.000,
11.11.2025,11:17:52.018,14.953,27.714,17.540,3.775,0.000,250.0,250.0,12.911,8.025,3.837,22.513,16.335,10.135,6.200,10.012,3.874,0.409,3.465,3.473,0.000,1.000,1.125,
11.11.2025,11:17:53.016,17.672,27.398,17.322,3.743,0.001,250.0,250.0,14.418,4.424,2.734,9.881,7.820,4.852,2.968,4.790,3.867,0.402,3.465,3.457,0.000,0.375,1.125,
11.11.2025,11:17:54.013,16.313,25.882,15.808,3.657,0.000,250.0,250.0,12.583,6.261,3.323,16.302,12.158,7.536,4.622,7.450,3.878,0.405,3.473,3.465,0.000,0.375,1.125,
11.11.2025,11:17:55.012,17.672,27.327,17.407,3.608,0.000,250.0,250.0,13.682,8.104,4.045,22.596,16.523,10.253,6.270,10.130,3.875,0.410,3.465,3.473,0.000,0.000,0.000,
11.11.2025,11:17:56.012,25.829,29.190,19.094,3.682,0.000,250.0,250.0,18.335,5.998,3.249,15.362,11.534,7.156,4.378,7.070,3.878,0.405,3.473,3.473,0.000,2.000,0.000,
11.11.2025,11:17:57.012,19.032,28.148,18.126,3.715,0.000,250.0,250.0,19.336,4.590,2.562,10.567,8.141,5.050,3.091,4.988,4.008,0.437,3.571,3.482,0.000,1.000,0.000,
11.11.2025,11:17:58.012,19.032,28.077,18.007,3.705,0.000,250.0,250.0,13.747,4.163,2.599,9.011,7.207,4.472,2.735,4.411,3.867,0.402,3.465,3.465,0.000,0.750,0.000,
11.11.2025,11:17:59.012,29.907,29.008,18.740,3.808,0.000,250.0,250.0,13.492,3.883,2.661,7.887,6.534,4.061,2.473,4.012,3.867,0.402,3.465,3.465,0.000,0.000,1.250,
11.11.2025,11:18:0.022,38.063,44.224,33.666,4.111,0.000,250.0,250.0,12.814,3.972,2.783,8.080,6.750,4.188,2.562,4.127,3.878,0.405,3.473,3.473,0.000,1.750,0.000,
11.11.2025,11:18:1.017,17.672,35.713,25.367,3.912,0.000,250.0,250.0,13.895,7.260,3.592,19.842,14.534,9.013,5.521,8.903,3.867,0.402,3.465,3.465,0.000,0.375,0.750,
11.11.2025,11:18:2.020,17.672,28.234,18.132,3.723,0.000,250.0,250.0,17.825,3.792,2.673,7.519,6.323,3.920,2.403,3.883,3.867,0.402,3.465,3.465,0.000,0.000,2.375,
11.11.2025,11:18:3.017,20.391,27.802,17.658,3.748,0.000,250.0,250.0,12.527,3.769,2.648,7.458,6.270,3.892,2.378,3.843,3.867,0.402,3.465,3.465,0.000,0.000,0.000,
11.11.2025,11:18:4.013,13.594,28.054,17.751,3.856,0.000,250.0,250.0,12.085,4.263,2.685,9.316,7.436,4.617,2.819,4.555,3.867,0.402,3.465,3.465,0.000,1.125,1.625,
11.11.2025,11:18:5.025,17.672,28.195,18.047,3.811,0.000,250.0,250.0,12.736,3.813,2.513,7.746,6.377,3.947,2.430,3.898,3.875,0.402,3.473,3.473,0.000,1.125,0.000,
11.11.2025,11:18:6.018,20.391,31.654,21.307,3.897,0.000,250.0,250.0,13.028,6.782,3.408,18.202,13.403,8.312,5.091,8.201,3.863,0.398,3.465,3.473,0.000,0.000,2.375,
11.11.2025,11:18:7.022,17.672,28.814,18.678,3.744,0.001,250.0,250.0,14.249,5.331,3.151,12.926,9.956,6.183,3.773,6.109,3.875,0.402,3.473,3.465,0.000,2.125,0.000,
11.11.2025,11:18:8.017,20.391,26.930,16.539,3.921,0.000,250.0,250.0,14.958,3.757,2.697,7.348,6.242,3.866,2.376,3.817,3.875,0.402,3.473,3.473,0.000,0.000,0.000,
11.11.2025,11:18:9.014,19.032,26.570,16.408,3.779,0.000,250.0,250.0,12.466,3.945,2.722,8.048,6.686,4.137,2.549,4.088,3.878,0.405,3.473,3.465,0.000,0.750,0.500,
11.11.2025,11:18:10.012,17.672,29.239,19.243,3.696,0.000,250.0,250.0,13.748,3.757,2.575,7.478,6.248,3.869,2.379,3.820,3.867,0.402,3.465,3.465,0.000,0.000,0.000,
11.11.2025,11:18:11.026,16.313,28.944,18.634,3.870,0.000,250.0,250.0,14.961,5.445,3.175,13.323,10.229,6.344,3.885,6.270,3.878,0.405,3.473,3.473,0.000,0.000,0.000,
11.11.2025,11:18:12.021,17.672,27.113,16.967,3.771,0.000,250.0,250.0,17.305,3.745,2.513,7.488,6.209,3.856,2.353,3.807,3.878,0.405,3.473,3.465,0.000,0.000,1.250,
11.11.2025,11:18:13.020,25.829,28.419,18.221,3.776,0.000,250.0,250.0,11.995,4.463,2.550,10.171,7.886,4.896,2.990,4.835,3.912,0.437,3.475,3.473,0.000,0.000,1.125,
11.11.2025,11:18:14.019,16.313,27.637,17.752,3.581,0.000,250.0,250.0,18.745,7.252,3.580,19.821,14.504,8.997,5.507,8.887,3.875,0.402,3.473,3.473,0.000,1.500,0.500,
11.11.2025,11:18:15.021,19.032,28.740,18.306,3.980,0.000,250.0,250.0,12.367,3.890,2.624,7.937,6.555,4.066,2.489,4.017,3.875,0.402,3.473,3.465,0.000,0.000,0.500,
11.11.2025,11:18:16.013,19.032,27.916,17.709,3.794,0.000,250.0,250.0,12.840,4.268,2.660,9.326,7.433,4.615,2.818,4.553,3.902,0.435,3.467,3.473,0.000,0.000,0.375,
11.11.2025,11:18:17.012,17.672,30.021,20.035,3.644,0.000,250.0,250.0,17.770,3.891,2.697,7.870,6.564,4.064,2.500,4.014,3.867,0.402,3.465,3.465,0.000,0.250,0.000,
11.11.2025,11:18:18.027,16.313,26.106,15.714,3.950,0.000,250.0,250.0,11.393,4.405,2.783,9.752,7.779,4.825,2.954,4.763,3.867,0.402,3.465,3.465,0.000,0.375,1.125,
11.11.2025,11:18:19.027,19.032,27.109,16.994,3.743,0.000,250.0,250.0,14.909,4.005,2.575,8.401,6.818,4.229,2.589,4.179,3.887,0.405,3.482,3.482,0.000,1.000,0.500,
11.11.2025,11:18:20.039,19.032,27.948,17.759,3.786,0.000,250.0,250.0,12.704,4.090,2.673,8.656,7.038,4.363,2.675,4.301,3.867,0.402,3.465,3.465,0.000,0.000,0.625,
11.11.2025,11:18:21.037,21.750,27.972,17.757,3.792,0.000,250.0,250.0,13.377,4.326,2.587,9.649,7.584,4.703,2.881,4.654,3.867,0.402,3.465,3.465,0.000,1.000,0.000,
11.11.2025,11:18:22.030,27.188,28.647,18.635,3.681,0.000,250.0,250.0,17.563,8.284,3.653,23.638,16.925,10.497,6.428,10.361,3.932,0.459,3.473,3.473,0.000,1.000,0.125,
11.11.2025,11:18:23.034,16.313,27.776,17.717,3.693,0.000,250.0,250.0,15.138,4.437,2.648,9.980,7.833,4.865,2.968,4.804,3.902,0.435,3.467,3.465,0.000,1.500,0.000,
11.11.2025,11:18:24.032,19.032,28.412,18.214,3.783,0.000,250.0,250.0,13.533,4.005,2.636,8.359,6.824,4.225,2.599,4.176,3.878,0.405,3.473,3.473,0.000,1.500,0.000,
11.11.2025,11:18:25.047,24.469,31.099,20.949,3.792,0.001,250.0,250.0,13.248,6.160,3.187,16.028,11.916,7.391,4.525,7.293,3.899,0.431,3.468,3.465,0.000,1.125,1.750,
11.11.2025,11:18:26.048,28.547,38.510,27.958,4.099,0.000,250.0,250.0,15.539,4.127,2.734,8.729,7.110,4.411,2.699,4.362,3.878,0.405,3.473,3.465,0.000,0.875,0.000,
11.11.2025,11:18:27.048,17.672,29.995,19.653,3.858,0.000,250.0,250.0,12.247,3.811,2.563,7.696,6.373,3.944,2.429,3.895,3.867,0.402,3.465,3.473,0.000,1.000,0.000,
11.11.2025,11:18:28.047,21.750,28.269,17.907,3.906,0.000,250.0,250.0,11.910,4.314,2.599,9.587,7.561,4.692,2.869,4.630,3.867,0.402,3.465,3.473,0.000,1.000,0.000,
11.11.2025,11:18:29.052,16.313,30.060,20.087,3.657,0.000,250.0,250.0,18.979,3.793,2.563,7.634,6.318,3.917,2.401,3.880,3.878,0.405,3.473,3.465,0.000,0.375,1.625,
11.11.2025,11:18:30.048,20.391,27.993,17.650,3.861,0.000,250.0,250.0,15.977,4.796,3.028,10.990,8.690,5.391,3.299,5.330,3.878,0.405,3.473,3.473,0.000,0.000,1.125,
11.11.2025,11:18:31.054,17.672,28.233,18.246,3.633,0.000,250.0,250.0,19.599,3.629,2.575,6.989,5.937,3.683,2.254,3.634,3.878,0.405,3.473,3.465,0.000,2.250,0.125,
11.11.2025,11:18:32.050,23.110,26.682,16.391,3.863,0.000,250.0,250.0,10.909,4.118,2.624,8.809,7.088,4.401,2.687,4.352,3.878,0.405,3.473,3.465,0.000,2.125,0.000,
11.11.2025,11:18:33.048,16.313,26.501,16.634,3.572,0.000,250.0,250.0,16.081,3.865,2.599,7.867,6.499,4.033,2.466,3.984,3.867,0.402,3.465,3.465,0.000,0.000,0.000,
11.11.2025,11:18:34.044,20.391,28.706,18.306,3.901,0.000,250.0,250.0,11.743,3.869,2.636,7.857,6.505,4.041,2.464,3.992,3.867,0.402,3.465,3.465,0.000,0.000,1.000,
11.11.2025,11:18:35.058,17.672,26.803,16.630,3.786,0.000,250.0,250.0,11.288,5.121,2.734,12.515,9.449,5.856,3.593,5.782,3.902,0.429,3.473,3.482,0.000,1.125,0.000,
11.11.2025,11:18:36.057,14.953,37.395,27.080,3.888,0.000,250.0,250.0,12.861,4.177,2.636,9.032,7.234,4.486,2.748,4.436,3.867,0.402,3.465,3.465,0.000,0.000,0.000,
11.11.2025,11:18:37.071,20.391,27.268,17.071,3.783,0.000,250.0,250.0,14.027,4.338,2.771,9.499,7.615,4.719,2.896,4.658,3.875,0.402,3.473,3.473,0.000,0.625,1.250,
11.11.2025,11:18:38.070,27.188,26.600,16.505,3.740,0.000,250.0,250.0,13.502,7.111,3.482,19.367,14.175,8.786,5.389,8.675,3.882,0.409,3.473,3.473,0.000,1.125,0.625,
11.11.2025,11:18:39.068,17.672,30.543,20.256,3.846,0.000,250.0,250.0,14.248,6.215,3.347,16.101,12.061,7.483,4.578,7.385,3.863,0.398,3.465,3.465,0.001,1.875,0.000,
11.11.2025,11:18:40.068,17.672,28.563,18.432,3.731,0.000,250.0,250.0,15.649,6.944,3.481,18.746,13.778,8.542,5.236,8.443,3.871,0.398,3.473,3.473,0.000,0.000,1.125,
11.11.2025,11:18:41.067,21.750,27.397,17.317,3.725,0.000,250.0,250.0,14.153,4.846,2.881,11.320,8.816,5.467,3.349,5.393,3.878,0.405,3.473,3.473,0.000,0.000,0.000,
11.11.2025,11:18:42.065,19.032,29.093,19.022,3.683,0.000,250.0,250.0,14.299,4.014,2.526,8.509,6.856,4.254,2.602,4.193,3.867,0.402,3.465,3.465,0.000,0.000,0.000,
11.11.2025,11:18:43.071,17.672,28.175,18.028,3.760,0.001,250.0,250.0,13.118,6.099,3.040,15.957,11.773,7.308,4.465,7.222,3.875,0.402,3.473,3.473,0.000,0.000,0.875,
11.11.2025,11:18:44.067,17.672,26.882,16.566,3.825,0.000,250.0,250.0,11.822,6.480,3.310,17.141,12.679,7.858,4.821,7.772,3.875,0.402,3.473,3.473,0.000,0.000,1.250,
11.11.2025,11:18:45.062,19.032,27.596,17.321,3.854,0.000,250.0,250.0,13.620,3.936,2.575,8.169,6.663,4.138,2.525,4.089,3.867,0.402,3.465,3.465,0.000,0.375,1.250,
11.11.2025,11:18:46.059,17.672,28.761,18.642,3.701,0.000,250.0,250.0,12.932,7.018,3.469,19.032,13.945,8.645,5.300,8.546,3.885,0.412,3.473,3.473,0.000,0.000,0.000,
11.11.2025,11:18:47.058,17.672,29.376,19.121,3.821,0.000,250.0,250.0,13.841,3.862,2.587,7.865,6.482,4.017,2.465,3.980,3.878,0.405,3.473,3.473,0.000,0.000,0.875,
11.11.2025,11:18:48.086,19.032,28.983,18.863,3.778,0.000,250.0,250.0,11.731,5.766,3.224,14.510,10.998,6.815,4.183,6.741,3.863,0.398,3.465,3.465,0.000,0.000,2.000,
11.11.2025,11:18:49.076,25.829,31.131,20.591,4.008,0.000,250.0,250.0,11.844,7.544,3.727,20.732,15.157,9.404,5.753,9.294,3.944,0.418,3.526,3.482,0.000,0.000,0.000,
11.11.2025,11:18:50.078,19.032,32.264,21.805,4.040,0.001,250.0,250.0,17.698,4.180,2.562,9.110,7.245,4.497,2.748,4.435,3.867,0.402,3.465,3.465,0.000,0.000,1.125,
11.11.2025,11:18:51.076,16.313,27.377,17.303,3.714,0.000,250.0,250.0,16.045,5.824,2.979,14.970,11.130,6.899,4.231,6.813,3.874,0.401,3.473,3.473,0.000,1.500,1.125,
11.11.2025,11:18:52.076,14.953,27.818,17.776,3.674,0.000,250.0,250.0,18.272,3.774,2.501,7.625,6.276,3.888,2.388,3.851,3.867,0.402,3.465,3.473,0.000,0.375,0.000,
11.11.2025,11:18:53.074,23.110,28.155,17.804,3.885,0.000,250.0,250.0,12.704,8.020,3.886,22.443,16.318,10.125,6.193,10.002,3.882,0.409,3.473,3.473,0.000,0.000,0.000,
11.11.2025,11:18:54.074,19.032,25.653,15.678,3.640,0.000,250.0,250.0,15.780,3.872,2.526,7.964,6.506,4.042,2.464,3.993,3.875,0.402,3.473,3.473,0.000,0.000,0.000,
11.11.2025,11:18:55.079,32.625,36.688,26.181,4.037,0.000,250.0,250.0,11.641,3.887,2.526,8.037,6.548,4.062,2.486,4.013,3.867,0.402,3.465,3.465,0.000,1.500,0.000,
11.11.2025,11:18:56.076,20.391,40.868,30.265,4.056,0.000,250.0,250.0,11.652,3.886,2.477,8.079,6.544,4.067,2.477,4.017,3.867,0.402,3.465,3.465,0.000,0.000,0.000,
11.11.2025,11:18:57.085,23.110,28.152,17.747,3.931,0.000,250.0,250.0,12.237,4.194,2.513,9.205,7.265,4.507,2.758,4.458,3.878,0.405,3.473,3.473,0.000,0.000,2.250,
11.11.2025,11:18:58.082,19.032,27.439,17.387,3.732,0.000,250.0,250.0,14.638,4.523,2.685,10.293,8.049,4.997,3.052,4.936,3.875,0.402,3.473,3.465,0.000,1.750,0.000,
11.11.2025,11:18:59.074,23.110,28.939,18.929,3.631,0.000,250.0,250.0,17.064,4.100,2.636,8.722,7.048,4.374,2.674,4.325,3.875,0.402,3.473,3.473,0.000,0.125,0.000,
11.11.2025,11:19:0.075,20.391,30.153,20.024,3.770,0.000,250.0,250.0,14.362,3.905,2.538,8.087,6.591,4.090,2.501,4.041,3.867,0.402,3.465,3.465,0.000,1.000,0.000,
11.11.2025,11:19:1.076,12.235,26.914,16.816,3.714,0.000,250.0,250.0,11.566,4.305,2.673,9.464,7.516,4.662,2.854,4.613,3.903,0.435,3.468,3.465,0.000,0.375,0.000,
11.11.2025,11:19:2.074,31.266,27.945,17.546,3.914,0.000,250.0,250.0,12.418,6.688,3.469,17.762,13.163,8.168,4.995,8.070,3.887,0.405,3.482,3.482,0.000,0.000,1.125,
11.11.2025,11:19:3.080,25.829,38.059,27.591,4.031,0.000,250.0,250.0,16.785,4.324,2.624,9.539,7.550,4.680,2.870,4.619,3.943,0.426,3.517,3.473,0.000,0.375,2.250,
11.11.2025,11:19:4.083,21.750,33.448,23.219,3.851,0.000,250.0,250.0,18.223,5.753,3.151,14.527,10.951,6.792,4.159,6.718,3.878,0.405,3.473,3.473,0.000,1.500,0.000,
11.11.2025,11:19:5.078,21.750,29.136,18.892,3.830,0.000,250.0,250.0,12.054,3.947,2.538,8.236,6.691,4.140,2.551,4.091,3.875,0.402,3.473,3.473,0.000,1.375,2.250,
11.11.2025,11:19:6.077,17.672,34.680,24.256,3.966,0.000,250.0,250.0,13.401,4.740,2.832,10.977,8.563,5.303,3.260,5.241,3.878,0.405,3.473,3.473,0.000,2.125,2.500,
11.11.2025,11:19:7.085,14.953,28.748,18.748,3.644,0.000,250.0,250.0,15.822,3.905,2.526,8.091,6.593,4.079,2.514,4.029,3.875,0.402,3.473,3.473,0.000,0.375,0.000,
11.11.2025,11:19:8.076,40.782,26.777,16.548,3.879,0.000,250.0,250.0,11.076,4.569,2.697,10.416,8.131,5.043,3.088,4.982,3.929,0.418,3.511,3.473,0.000,0.000,1.125,
11.11.2025,11:19:9.074,19.032,28.957,18.608,3.819,0.000,250.0,250.0,17.149,4.158,2.648,8.929,7.194,4.459,2.735,4.397,3.879,0.406,3.473,3.465,0.000,0.375,0.000,
11.11.2025,11:19:10.087,20.391,29.452,19.300,3.786,0.001,250.0,250.0,17.490,5.607,3.028,14.066,10.593,6.570,4.023,6.496,3.909,0.434,3.475,3.473,0.000,0.000,0.000,
11.11.2025,11:19:11.086,20.391,29.115,18.904,3.802,0.000,250.0,250.0,16.295,5.253,2.979,12.740,9.750,6.044,3.706,5.970,3.936,0.419,3.517,3.473,0.000,1.000,0.000,
11.11.2025,11:19:12.079,16.313,29.759,19.464,3.838,0.000,250.0,250.0,15.151,4.166,2.648,8.965,7.210,4.474,2.736,4.412,3.875,0.402,3.473,3.465,0.000,0.750,0.000,
11.11.2025,11:19:13.080,23.110,27.579,17.432,3.796,0.000,250.0,250.0,11.848,5.806,2.906,14.952,11.069,6.863,4.206,6.777,3.908,0.434,3.474,3.473,0.000,0.000,0.000,
11.11.2025,11:19:14.082,23.110,28.822,18.659,3.740,0.000,250.0,250.0,13.321,3.963,2.587,8.263,6.724,4.175,2.549,4.125,3.867,0.402,3.465,3.473,0.000,0.000,0.500,
11.11.2025,11:19:15.082,17.672,27.219,16.820,3.960,0.000,250.0,250.0,11.407,4.139,2.747,8.767,7.152,4.439,2.713,4.378,3.867,0.402,3.465,3.465,0.000,0.000,0.000,
11.11.2025,11:19:16.075,27.188,28.360,18.182,3.744,0.000,250.0,250.0,14.574,4.079,2.673,8.609,7.001,4.339,2.662,4.289,3.875,0.402,3.473,3.473,0.000,0.000,0.500,
11.11.2025,11:19:17.077,24.469,25.646,15.371,3.882,0.000,250.0,250.0,13.155,5.975,3.188,15.319,11.475,7.116,4.359,7.030,3.897,0.430,3.467,3.465,0.000,0.250,0.750,
11.11.2025,11:19:18.074,17.672,27.999,17.824,3.785,0.000,250.0,250.0,14.731,4.042,2.636,8.495,6.914,4.289,2.625,4.228,3.878,0.405,3.473,3.473,0.000,0.375,0.000,
11.11.2025,11:19:19.074,17.672,27.999,17.824,3.785,0.000,250.0,250.0,12.286,4.042,2.501,7.769,6.376,3.959,2.417,3.909,3.867,0.402,3.465,3.465,0.000,0.375,0.000,
11.11.2025,11:19:20.088,33.985,28.055,17.808,3.765,0.000,250.0,250.0,14.701,6.689,3.286,17.934,13.150,8.156,4.994,8.057,3.917,0.433,3.484,3.482,0.000,1.000,0.500,
11.11.2025,11:19:21.087,32.625,27.521,17.228,3.837,0.000,250.0,250.0,20.015,6.689,2.918,13.625,10.258,6.354,3.904,6.280,3.878,0.405,3.473,3.473,0.000,2.000,1.125,
11.11.2025,11:19:22.086,13.594,29.340,19.228,3.757,0.000,250.0,250.0,20.015,5.457,2.918,13.625,10.258,6.354,3.904,6.280,3.878,0.405,3.473,3.473,0.000,0.000,2.250,
11.11.2025,11:19:23.077,12.235,27.908,17.854,3.670,0.000,250.0,250.0,15.803,4.736,2.722,11.048,8.532,5.294,3.238,5.232,3.909,0.434,3.475,3.473,0.000,0.000,1.125,
11.11.2025,11:19:24.074,24.469,28.540,18.630,3.587,0.000,250.0,250.0,13.076,3.932,2.562,8.152,6.651,4.126,2.525,4.077,3.875,0.402,3.473,3.473,0.000,0.750,0.500,
11.11.2025,11:19:25.082,23.110,27.701,17.354,3.880,0.000,250.0,250.0,11.595,4.945,2.770,11.793,9.028,5.596,3.432,5.535,3.911,0.437,3.474,3.473,0.000,0.500,0.000,
11.11.2025,11:19:26.079,32.625,43.797,33.338,3.962,0.000,250.0,250.0,12.433,3.943,2.783,7.986,6.687,4.138,2.549,4.089,3.867,0.402,3.465,3.465,0.000,0.000,0.875,
11.11.2025,11:19:27.075,23.110,35.839,25.318,4.007,0.000,250.0,250.0,11.658,5.096,3.028,12.082,9.370,5.816,3.554,5.743,3.946,0.429,3.517,3.473,0.000,2.000,0.000,
11.11.2025,11:19:28.086,23.110,29.679,19.492,3.772,0.000,250.0,250.0,12.459,6.777,3.249,18.211,13.298,8.247,5.051,8.149,4.039,0.473,3.566,3.482,0.000,0.000,0.000,
11.11.2025,11:19:29.079,17.672,27.260,17.352,3.622,0.000,250.0,250.0,16.276,4.679,2.673,10.862,8.393,5.206,3.187,5.144,3.926,0.461,3.465,3.473,0.000,0.000,0.500,
11.11.2025,11:19:30.080,24.469,28.674,18.461,3.792,0.000,250.0,250.0,16.143,5.620,3.016,14.099,10.620,6.583,4.037,6.497,3.932,0.440,3.492,3.482,0.000,0.000,0.000,
11.11.2025,11:19:31.075,13.594,28.850,18.848,3.601,0.001,250.0,250.0,15.793,4.317,2.697,9.453,7.539,4.681,2.858,4.619,3.924,0.449,3.475,3.473,0.000,0.500,0.000,
11.11.2025,11:19:32.090,14.953,28.773,18.396,3.915,0.000,250.0,250.0,12.690,5.530,2.906,13.890,10.405,6.457,3.948,6.384,3.916,0.441,3.475,3.473,0.000,0.000,0.000,
11.11.2025,11:19:33.099,17.672,27.988,17.734,3.832,0.000,250.0,250.0,12.244,5.503,2.967,13.721,10.349,6.411,3.938,6.337,3.912,0.437,3.475,3.482,0.000,0.000,1.125,
11.11.2025,11:19:34.100,13.594,28.098,18.039,3.687,0.000,250.0,250.0,15.505,4.879,2.808,11.492,8.863,5.490,3.373,5.428,3.929,0.461,3.468,3.482,0.000,2.000,0.000,
11.11.2025,11:19:35.098,16.313,28.701,18.414,3.853,0.000,250.0,250.0,11.653,5.715,3.040,14.464,10.850,6.729,4.121,6.655,3.910,0.436,3.474,3.473,0.000,0.000,1.125,
11.11.2025,11:19:36.109,17.672,27.077,16.986,3.742,0.000,250.0,250.0,13.451,3.810,2.587,7.655,6.354,3.941,2.413,3.892,3.887,0.405,3.482,3.482,0.000,0.000,1.125,
11.11.2025,11:19:37.111,25.829,27.136,16.855,3.836,0.000,250.0,250.0,11.703,4.586,2.550,10.681,8.207,5.082,3.125,5.020,3.867,0.402,3.465,3.465,0.000,0.500,0.000,
11.11.2025,11:19:38.107,20.391,37.571,27.116,3.994,0.000,250.0,250.0,11.677,4.407,2.562,9.985,7.781,4.826,2.955,4.764,3.867,0.402,3.465,3.465,0.000,2.375,0.000,
11.11.2025,11:19:39.105,17.672,33.516,23.158,3.901,0.001,250.0,250.0,14.533,6.504,3.249,17.303,12.733,7.903,4.830,7.804,3.871,0.398,3.473,3.473,0.000,0.000,0.375,
11.11.2025,11:19:40.120,16.313,27.246,17.115,3.719,0.000,250.0,250.0,17.030,5.187,2.930,12.585,9.616,5.959,3.657,5.897,3.878,0.405,3.473,3.473,0.000,0.000,0.500,
11.11.2025,11:19:41.128,12.235,27.942,17.873,3.696,0.000,250.0,250.0,17.270,4.230,2.599,9.258,7.351,4.556,2.795,4.507,3.878,0.405,3.473,3.473,0.000,0.250,0.000,
11.11.2025,11:19:42.129,13.594,27.386,17.305,3.745,0.000,250.0,250.0,13.796,8.070,3.715,22.802,16.447,10.190,6.257,10.067,3.875,0.402,3.473,3.473,0.000,0.375,0.750,
11.11.2025,11:19:43.128,17.672,29.523,19.363,3.728,0.000,250.0,250.0,14.223,4.998,2.562,12.229,9.176,5.690,3.486,5.616,3.875,0.402,3.473,3.473,0.000,0.000,0.000,
11.11.2025,11:19:44.122,20.391,29.073,18.950,3.723,0.000,250.0,250.0,15.347,3.950,2.464,8.313,6.691,4.140,2.551,4.091,3.887,0.405,3.482,3.473,0.000,1.000,0.000,
11.11.2025,11:19:45.137,17.672,28.035,17.905,3.757,0.000,250.0,250.0,14.685,4.341,2.587,9.697,7.616,4.720,2.896,4.670,3.875,0.402,3.473,3.473,0.000,0.375,0.000,
11.11.2025,11:19:46.166,16.313,26.991,17.060,3.614,0.000,250.0,250.0,14.598,3.876,2.477,8.032,6.520,4.043,2.477,3.993,3.875,0.402,3.473,3.473,0.000,1.500,0.000,
11.11.2025,11:19:47.161,21.750,26.280,16.052,3.800,0.000,250.0,250.0,13.638,5.692,3.077,14.365,10.815,6.705,4.110,6.619,3.878,0.405,3.473,3.473,0.000,0.000,0.000,
11.11.2025,11:19:48.164,19.032,28.885,18.811,3.732,0.001,250.0,250.0,20.266,4.102,2.747,8.623,7.052,4.377,2.675,4.328,3.878,0.405,3.473,3.465,0.000,0.000,0.000,
11.11.2025,11:19:49.161,19.032,28.080,17.973,3.722,0.000,250.0,250.0,16.486,3.893,2.685,7.881,6.559,4.068,2.491,4.019,3.878,0.405,3.473,3.473,0.000,0.000,0.000,
11.11.2025,11:19:50.155,17.672,26.931,16.666,3.823,0.000,250.0,250.0,11.696,4.288,2.575,9.449,7.460,4.629,2.831,4.567,3.947,0.430,3.517,3.473,0.000,1.000,0.500,
11.11.2025,11:19:51.164,21.750,31.890,21.570,3.930,0.000,250.0,250.0,13.127,4.249,2.538,9.387,7.402,4.594,2.808,4.533,3.875,0.402,3.473,3.473,0.000,2.125,2.375,
11.11.2025,11:19:52.163,10.875,32.750,22.142,4.060,0.000,250.0,250.0,12.703,3.925,2.489,8.203,6.632,4.110,2.522,4.061,3.878,0.405,3.473,3.473,0.000,1.000,0.000,
11.11.2025,11:19:53.165,17.672,28.458,18.411,3.702,0.000,250.0,250.0,17.753,7.834,3.763,21.818,15.860,9.841,6.019,9.718,3.918,0.434,3.484,3.482,0.000,0.625,0.000,
11.11.2025,11:19:54.152,32.625,34.184,24.177,3.663,0.000,250.0,250.0,17.826,3.948,2.575,8.187,6.684,4.143,2.541,4.094,3.887,0.405,3.482,3.482,0.000,0.000,1.250,
11.11.2025,11:19:55.153,19.032,40.044,29.369,4.170,0.000,250.0,250.0,12.294,4.302,2.660,9.478,7.520,4.665,2.855,4.616,3.878,0.405,3.473,3.473,0.001,0.000,0.000,
11.11.2025,11:19:56.152,13.594,28.747,18.510,3.794,0.000,250.0,250.0,13.166,4.488,2.685,10.136,7.954,4.925,3.029,4.863,3.910,0.435,3.475,3.473,0.000,0.000,2.375,
11.11.2025,11:19:57.167,16.313,27.729,17.643,3.738,0.000,250.0,250.0,20.273,7.841,3.715,21.921,15.897,9.860,6.037,9.737,3.883,0.401,3.482,3.482,0.000,0.375,1.125,
11.11.2025,11:19:58.164,16.313,27.746,17.858,3.572,0.000,250.0,250.0,17.874,3.881,2.562,7.960,6.527,4.052,2.475,4.003,3.878,0.405,3.473,3.473,0.000,0.000,0.000,
11.11.2025,11:19:59.163,19.032,26.856,16.546,3.879,0.000,250.0,250.0,11.281,3.898,2.526,8.070,6.571,4.073,2.498,4.024,3.875,0.402,3.473,3.473,0.000,0.750,2.250,
11.11.2025,11:20:0.163,21.750,27.376,17.239,3.728,0.000,250.0,250.0,12.997,3.853,2.538,7.870,6.469,4.005,2.464,3.956,3.878,0.405,3.473,3.473,0.000,0.375,0.250,
11.11.2025,11:20:1.163,20.391,28.177,17.838,3.904,0.000,250.0,250.0,11.764,4.353,2.550,9.780,7.644,4.739,2.905,4.689,3.875,0.402,3.473,3.473,0.000,0.000,0.000,
11.11.2025,11:20:2.161,23.110,27.915,17.997,3.610,0.000,250.0,250.0,17.081,3.864,2.562,7.898,6.489,4.026,2.463,3.977,3.878,0.405,3.473,3.473,0.000,0.375,0.875,
11.11.2025,11:20:3.161,20.391,27.265,16.928,3.889,0.000,250.0,250.0,17.096,3.956,2.624,8.181,6.697,4.161,2.536,4.111,3.887,0.405,3.482,3.482,0.000,0.000,0.500,
11.11.2025,11:20:4.159,12.235,27.852,17.788,3.649,0.000,250.0,250.0,11.993,3.922,2.624,8.065,6.636,4.112,2.524,4.063,3.867,0.402,3.465,3.465,0.000,0.000,0.000,
11.11.2025,11:20:5.159,24.469,29.121,18.922,3.805,0.000,250.0,250.0,13.328,3.759,2.562,7.490,6.243,3.867,2.376,3.818,3.878,0.405,3.473,3.473,0.000,0.000,0.000,
11.11.2025,11:20:6.156,14.953,28.338,18.024,3.875,0.000,250.0,250.0,12.247,3.893,2.562,8.004,6.562,4.063,2.499,4.014,3.878,0.405,3.473,3.473,0.000,1.250,0.000,
11.11.2025,11:20:7.157,35.344,32.632,22.279,3.911,0.000,250.0,250.0,11.714,3.922,2.562,8.128,6.630,4.108,2.522,4.059,3.875,0.402,3.473,3.465,0.000,0.000,1.125,
11.11.2025,11:20:8.156,14.953,36.888,26.292,4.083,0.000,250.0,250.0,11.769,4.139,2.575,8.939,7.133,4.427,2.706,4.378,3.878,0.405,3.473,3.473,0.000,0.000,0.000,
11.11.2025,11:20:9.155,16.313,28.900,18.770,3.735,0.000,250.0,250.0,14.767,3.903,2.611,7.991,6.588,4.076,2.512,4.026,3.878,0.405,3.473,3.473,0.000,0.000,0.000,
11.11.2025,11:20:10.153,21.750,32.602,22.035,4.050,0.000,250.0,250.0,11.873,4.336,2.685,9.580,7.604,4.712,2.892,4.663,3.875,0.402,3.473,3.473,0.000,2.250,0.000,
11.11.2025,11:20:11.152,16.313,28.025,17.980,3.701,0.000,250.0,250.0,17.053,4.702,2.881,10.763,8.468,5.243,3.225,5.181,3.887,0.405,3.482,3.482,0.000,2.250,0.625,
11.11.2025,11:20:12.166,20.391,28.870,18.649,3.821,0.000,250.0,250.0,15.151,4.043,2.746,8.399,6.916,4.283,2.633,4.234,3.875,0.402,3.473,3.473,0.000,0.000,2.375,
11.11.2025,11:20:13.152,20.391,29.685,19.581,3.729,0.000,250.0,250.0,14.083,5.718,3.016,14.403,10.800,6.691,4.109,6.617,4.025,0.460,3.565,3.490,0.000,2.125,0.000,
11.11.2025,11:20:14.153,21.750,28.583,18.551,3.698,0.000,250.0,250.0,20.340,6.140,3.040,16.072,11.854,7.353,4.501,7.255,3.918,0.434,3.484,3.490,0.000,0.000,0.500,
11.11.2025,11:20:15.154,13.594,27.909,17.815,3.713,0.000,250.0,250.0,18.450,6.479,3.310,17.132,12.672,7.854,4.818,7.768,3.882,0.409,3.473,3.473,0.000,1.000,1.250,
11.11.2025,11:20:16.165,14.953,26.009,15.686,3.870,0.000,250.0,250.0,14.432,4.789,2.685,11.309,8.674,5.377,3.297,5.315,3.878,0.405,3.473,3.473,0.000,1.000,0.000,
11.11.2025,11:20:17.162,14.953,27.516,17.528,3.638,0.000,250.0,250.0,13.990,4.872,2.685,11.627,8.871,5.500,3.371,5.439,3.878,0.405,3.473,3.473,0.000,2.000,0.000,
11.11.2025,11:20:18.160,20.391,28.438,18.345,3.708,0.000,250.0,250.0,17.037,4.943,2.807,11.656,8.967,5.560,3.407,5.499,4.028,0.555,3.473,3.473,0.000,0.000,0.125,
11.11.2025,11:20:19.156,17.672,26.396,16.043,3.888,0.000,250.0,250.0,13.092,3.896,2.734,7.829,6.562,4.063,2.499,4.013,3.887,0.405,3.482,3.482,0.000,0.000,0.000,
11.11.2025,11:20:20.159,16.313,26.885,16.723,3.756,0.000,250.0,250.0,11.738,5.668,3.003,14.344,10.757,6.675,4.082,6.589,3.878,0.405,3.473,3.473,0.000,0.000,2.250,
11.11.2025,11:20:21.161,19.032,30.067,20.196,3.573,0.000,250.0,250.0,19.165,6.425,3.273,16.971,12.548,7.779,4.769,7.693,3.874,0.401,3.473,3.473,0.000,0.125,0.125,
11.11.2025,11:20:22.161,19.032,25.041,14.876,3.743,0.000,250.0,250.0,12.404,3.930,2.587,8.118,6.651,4.126,2.525,4.065,3.878,0.405,3.473,3.473,0.000,0.000,0.375,
11.11.2025,11:20:23.160,17.672,27.696,17.348,3.935,0.000,250.0,250.0,11.297,4.293,2.574,9.516,7.511,4.654,2.857,4.592,3.875,0.402,3.473,3.473,0.000,0.000,0.375,
11.11.2025,11:20:24.223,16.313,27.558,17.418,3.727,0.000,250.0,250.0,12.425,6.516,3.396,17.179,12.754,7.913,4.841,7.814,3.895,0.405,3.490,3.473,0.000,0.000,0.000,
11.11.2025,11:20:25.160,24.469,26.196,16.274,3.583,0.001,250.0,250.0,18.545,4.210,2.587,9.083,7.238,4.493,2.745,4.444,4.019,0.439,3.580,3.473,0.001,0.000,0.625,
11.11.2025,11:20:26.156,28.547,37.871,27.633,3.883,0.000,250.0,250.0,13.672,3.834,2.538,7.808,6.420,3.973,2.447,3.924,3.878,0.405,3.473,3.473,0.000,0.000,0.625,
11.11.2025,11:20:27.154,17.672,35.914,25.393,4.043,0.000,250.0,250.0,11.366,3.768,2.489,7.595,6.260,3.882,2.378,3.832,3.887,0.405,3.482,3.473,0.000,0.000,0.000,
11.11.2025,11:20:28.153,19.032,28.044,17.892,3.730,0.000,250.0,250.0,15.469,3.801,2.538,7.666,6.338,3.933,2.405,3.884,3.887,0.405,3.482,3.473,0.000,1.125,0.000,
11.11.2025,11:20:29.153,17.672,27.436,17.175,3.821,0.000,250.0,250.0,12.673,4.246,2.489,9.430,7.389,4.581,2.808,4.532,3.878,0.405,3.473,3.473,0.000,0.500,0.000,
11.11.2025,11:20:30.163,17.672,29.007,18.761,3.824,0.000,250.0,250.0,12.005,3.874,2.562,7.918,6.501,4.038,2.463,3.989,3.895,0.405,3.490,3.482,0.000,0.000,0.625,
11.11.2025,11:20:31.160,24.469,28.192,18.114,3.745,0.001,250.0,250.0,14.341,5.066,2.930,12.079,9.315,5.771,3.544,5.697,3.924,0.414,3.510,3.473,0.000,0.375,0.000,
11.11.2025,11:20:32.159,13.594,29.255,19.121,3.741,0.000,250.0,250.0,14.874,4.025,2.599,8.456,6.858,4.260,2.598,4.211,3.895,0.405,3.490,3.473,0.000,0.000,0.000,
11.11.2025,11:20:33.167,17.672,28.419,18.241,3.770,0.000,250.0,250.0,12.134,5.128,2.918,12.362,9.469,5.878,3.591,5.805,3.887,0.405,3.482,3.482,0.000,2.125,0.000,
11.11.2025,11:20:34.165,29.907,29.761,19.641,3.737,0.000,250.0,250.0,17.066,3.932,2.783,7.935,6.653,4.120,2.533,4.070,3.878,0.405,3.473,3.473,0.000,0.000,0.000,
11.11.2025,11:20:35.160,17.672,37.623,27.165,3.999,0.000,250.0,250.0,12.277,4.028,2.538,8.545,6.881,4.259,2.622,4.210,3.878,0.405,3.473,3.473,0.000,1.500,2.125,
11.11.2025,11:20:36.156,23.110,29.619,19.305,3.936,0.000,250.0,250.0,11.719,7.395,3.506,20.421,14.839,9.208,5.631,9.098,3.883,0.401,3.482,3.482,0.000,0.250,0.000,
11.11.2025,11:20:37.157,17.672,28.372,18.232,3.745,0.000,250.0,250.0,18.168,4.003,2.489,8.492,6.811,4.224,2.587,4.175,3.887,0.405,3.482,3.482,0.000,0.000,0.000,
11.11.2025,11:20:38.154,19.032,27.268,16.930,3.893,0.000,250.0,250.0,13.339,4.111,2.575,8.820,7.063,4.381,2.682,4.332,3.887,0.405,3.482,3.482,0.000,1.000,0.500,
11.11.2025,11:20:39.155,23.110,28.056,18.046,3.681,0.000,250.0,250.0,14.734,6.183,3.151,16.154,11.967,7.417,4.550,7.331,3.887,0.405,3.482,3.482,0.000,0.375,0.000,
11.11.2025,11:20:40.157,21.750,29.213,19.063,3.727,0.000,250.0,250.0,18.522,6.072,3.224,15.656,11.708,7.256,4.452,7.170,3.887,0.405,3.482,3.482,0.000,0.000,0.000,
11.11.2025,11:20:41.153,19.032,35.001,24.716,3.851,0.000,250.0,250.0,18.292,5.911,3.249,15.019,11.321,7.019,4.302,6.945,3.887,0.405,3.482,3.482,0.000,0.000,0.000,
11.11.2025,11:20:42.154,19.032,29.136,18.944,3.817,0.000,250.0,250.0,15.675,4.316,2.526,9.663,7.561,4.692,2.869,4.630,3.875,0.402,3.473,3.473,0.000,0.000,0.000,
11.11.2025,11:20:43.153,13.594,29.338,19.174,3.740,0.000,250.0,250.0,14.755,6.091,3.052,15.895,11.746,7.282,4.465,7.195,3.894,0.412,3.482,3.482,0.000,1.500,0.000,
11.11.2025,11:20:44.162,17.672,29.962,19.905,3.688,0.000,250.0,250.0,14.143,5.466,3.041,13.519,10.277,6.376,3.901,6.290,3.887,0.405,3.482,3.482,0.000,0.000,0.000,
11.11.2025,11:20:45.162,19.032,26.810,16.910,3.597,0.000,250.0,250.0,18.741,3.912,2.514,8.121,6.605,4.091,2.514,4.042,3.878,0.405,3.473,3.473,0.000,0.000,0.000,
11.11.2025,11:20:46.161,16.313,26.714,16.637,3.750,0.000,250.0,250.0,13.297,3.796,2.513,7.663,6.323,3.920,2.403,3.871,3.895,0.405,3.490,3.473,0.000,0.000,0.000,
11.11.2025,11:20:47.158,20.391,29.471,19.267,3.755,0.000,250.0,250.0,18.391,3.833,2.624,7.701,6.403,3.977,2.426,3.928,3.895,0.405,3.490,3.482,0.000,0.000,0.500,
11.11.2025,11:20:48.160,19.032,27.898,17.813,3.740,0.000,250.0,250.0,14.229,3.875,2.562,7.935,6.515,4.040,2.475,3.991,3.878,0.405,3.473,3.473,0.000,0.000,0.000,
11.11.2025,11:20:49.158,19.032,28.665,18.390,3.841,0.000,250.0,250.0,11.370,3.814,2.526,7.725,6.372,3.944,2.428,3.894,3.887,0.405,3.482,3.482,0.000,0.000,2.250,
11.11.2025,11:20:50.154,16.313,28.850,18.561,3.865,0.000,250.0,250.0,11.140,3.932,2.477,8.243,6.650,4.126,2.524,4.077,3.875,0.402,3.473,3.473,0.000,0.875,0.000,
11.11.2025,11:20:51.152,24.469,28.203,17.939,3.838,0.000,250.0,250.0,11.093,4.479,2.550,10.178,7.893,4.901,2.992,4.840,3.982,0.462,3.520,3.473,0.000,1.375,0.000,
11.11.2025,11:20:52.163,29.907,32.691,22.297,3.990,0.001,250.0,250.0,18.188,7.334,3.494,20.182,14.678,9.097,5.581,8.987,3.917,0.434,3.483,3.490,0.000,0.375,0.000,
11.11.2025,11:20:53.159,19.032,31.864,21.535,3.931,0.000,250.0,250.0,17.579,5.403,2.918,13.387,10.110,6.261,3.849,6.187,3.918,0.434,3.484,3.482,0.000,0.000,0.000,
11.11.2025,11:20:54.155,21.750,29.781,19.576,3.754,0.000,250.0,250.0,15.060,4.168,2.562,9.020,7.196,4.461,2.735,4.399,3.916,0.440,3.476,3.473,0.000,1.000,0.000,
11.11.2025,11:20:55.154,19.032,28.157,18.008,3.762,0.000,250.0,250.0,14.159,5.134,3.040,12.259,9.481,5.878,3.603,5.817,3.887,0.405,3.482,3.482,0.000,2.125,0.000,
11.11.2025,11:20:56.164,19.032,30.547,20.467,3.711,0.001,250.0,250.0,16.464,3.925,2.599,8.092,6.635,4.112,2.523,4.063,3.878,0.405,3.473,3.473,0.000,0.000,0.000,
11.11.2025,11:20:57.161,29.907,26.708,16.514,3.852,0.000,250.0,250.0,11.838,4.571,2.697,10.453,8.153,5.054,3.099,4.993,3.887,0.405,3.482,3.482,0.000,0.000,0.500,
11.11.2025,11:20:58.157,29.907,26.708,16.514,3.852,0.000,250.0,250.0,15.305,7.181,3.506,19.616,14.328,8.884,5.444,8.786,3.883,0.401,3.482,3.482,0.000,0.625,0.000,
11.11.2025,11:20:59.155,27.188,28.923,18.652,3.817,0.000,250.0,250.0,13.838,4.030,2.489,8.608,6.878,4.270,2.608,4.221,3.878,0.405,3.473,3.473,0.000,2.125,0.500,
11.11.2025,11:21:0.165,40.782,37.360,26.824,4.078,0.000,250.0,250.0,11.879,6.131,3.138,15.973,11.844,7.342,4.502,7.256,3.887,0.405,3.482,3.482,0.000,0.375,2.000,
11.11.2025,11:21:1.162,16.313,33.440,22.984,3.971,0.000,250.0,250.0,13.553,8.000,3.886,22.353,16.276,10.085,6.191,9.962,3.881,0.408,3.473,3.490,0.000,0.000,0.000,
11.11.2025,11:21:2.161,19.032,29.392,19.238,3.793,0.000,250.0,250.0,14.195,8.000,3.530,18.047,13.382,8.295,5.087,8.196,3.917,0.433,3.484,3.490,0.000,1.125,0.000,
11.11.2025,11:21:3.152,17.672,27.806,17.666,3.756,0.000,250.0,250.0,14.195,6.786,3.530,18.047,13.382,8.295,5.087,8.196,3.917,0.433,3.484,3.490,0.000,0.000,0.000,
11.11.2025,11:21:4.153,13.594,29.256,19.215,3.674,0.000,250.0,250.0,17.887,3.806,2.550,7.679,6.341,3.940,2.401,3.890,3.887,0.405,3.482,3.482,0.000,0.000,0.000,
11.11.2025,11:21:5.153,23.110,27.183,16.869,3.860,0.000,250.0,250.0,11.807,6.570,3.433,17.346,12.888,7.993,4.895,7.895,3.887,0.405,3.482,3.473,0.000,0.000,0.000,
11.11.2025,11:21:6.152,27.188,28.865,18.811,3.703,0.000,250.0,250.0,20.061,6.866,3.494,18.386,13.567,8.406,5.161,8.308,3.925,0.433,3.492,3.490,0.000,0.375,1.375,
11.11.2025,11:21:7.164,19.032,28.819,18.729,3.756,0.000,250.0,250.0,17.719,6.159,3.163,16.048,11.908,7.385,4.523,7.299,3.887,0.405,3.482,3.490,0.000,0.000,1.125,
11.11.2025,11:21:8.165,14.953,27.555,17.330,3.773,0.000,250.0,250.0,13.268,5.185,2.599,12.882,9.594,5.953,3.641,5.879,3.911,0.437,3.474,3.482,0.000,1.000,1.625,
11.11.2025,11:21:9.162,16.313,28.316,18.155,3.811,0.000,250.0,250.0,16.690,8.185,3.837,23.099,16.697,10.358,6.339,10.235,3.898,0.408,3.490,3.490,0.000,0.750,0.000,
11.11.2025,11:21:10.158,24.469,28.104,17.814,3.855,0.000,250.0,250.0,16.537,3.818,2.464,7.818,6.373,3.949,2.424,3.912,3.878,0.405,3.473,3.482,0.000,0.000,0.000,
11.11.2025,11:21:11.154,17.672,28.771,18.525,3.802,0.001,250.0,250.0,10.816,3.989,2.513,8.424,6.781,4.209,2.572,4.160,3.878,0.405,3.473,3.473,0.000,0.000,0.000,
11.11.2025,11:21:12.165,13.594,27.527,17.292,3.844,0.000,250.0,250.0,11.772,4.153,2.489,9.069,7.163,4.443,2.720,4.393,3.887,0.405,3.482,3.482,0.000,0.000,0.000,
11.11.2025,11:21:13.161,19.032,30.850,20.387,3.980,0.000,250.0,250.0,11.062,6.530,3.003,17.627,12.801,7.931,4.870,7.833,3.881,0.408,3.473,3.473,0.000,1.500,0.000,
11.11.2025,11:21:14.158,16.313,27.666,17.191,3.961,0.000,250.0,250.0,12.879,4.179,2.476,9.177,7.226,4.481,2.745,4.432,3.887,0.405,3.482,3.482,0.000,2.250,0.375,
11.11.2025,11:21:15.158,16.313,27.325,17.390,3.600,0.000,250.0,250.0,12.801,6.092,3.102,15.859,11.754,7.291,4.463,7.205,3.885,0.412,3.473,3.473,0.000,0.000,0.000,
11.11.2025,11:21:16.157,20.391,28.293,18.052,3.863,0.000,250.0,250.0,12.013,8.086,3.775,22.777,16.463,10.210,6.253,10.087,3.902,0.412,3.490,3.490,0.000,0.000,0.000,
11.11.2025,11:21:17.153,14.953,29.318,19.201,3.716,0.000,250.0,250.0,15.865,4.781,2.636,11.320,8.649,5.364,3.285,5.303,3.887,0.405,3.482,3.482,0.000,0.000,1.125,
11.11.2025,11:21:18.166,14.953,26.936,16.767,3.760,0.000,250.0,250.0,12.659,6.720,3.273,18.087,13.233,8.208,5.025,8.110,3.890,0.408,3.482,3.482,0.000,1.000,0.000,
11.11.2025,11:21:19.163,16.313,29.385,19.170,3.803,0.000,250.0,250.0,13.443,4.754,2.721,11.129,8.583,5.324,3.259,5.263,3.887,0.405,3.482,3.482,0.000,0.500,0.000,
11.11.2025,11:21:20.158,16.313,27.261,17.094,3.738,0.000,250.0,250.0,13.698,3.860,2.587,7.847,6.475,4.013,2.462,3.963,3.887,0.405,3.482,3.482,0.000,1.000,0.000,
11.11.2025,11:21:21.162,16.313,27.811,17.647,3.752,0.000,250.0,250.0,12.663,5.823,3.053,14.860,11.098,6.882,4.216,6.796,3.918,0.434,3.484,3.490,0.000,0.000,0.500,
11.11.2025,11:21:22.156,27.188,30.523,20.425,3.736,0.000,250.0,250.0,17.666,3.736,2.477,7.478,6.186,3.832,2.354,3.783,3.887,0.405,3.482,3.473,0.000,0.000,0.000,
11.11.2025,11:21:23.154,19.032,27.458,17.275,3.800,0.000,250.0,250.0,11.556,4.619,2.587,10.667,8.224,5.097,3.127,5.035,3.984,0.455,3.529,3.482,0.000,0.000,0.500,
11.11.2025,11:21:24.153,35.344,34.345,23.991,3.902,0.000,250.0,250.0,13.635,3.843,2.526,7.846,6.438,3.988,2.450,3.939,3.887,0.405,3.482,3.473,0.000,0.000,0.000,
11.11.2025,11:21:25.153,12.235,40.259,29.744,4.050,0.000,250.0,250.0,16.132,3.865,2.526,7.916,6.482,4.017,2.465,3.968,3.895,0.405,3.490,3.482,0.000,0.000,0.000,
11.11.2025,11:21:26.153,19.032,29.649,19.414,3.801,0.000,250.0,250.0,13.866,3.963,2.587,8.241,6.716,4.165,2.551,4.116,3.887,0.405,3.482,3.482,0.001,1.000,0.000,
11.11.2025,11:21:27.164,14.953,27.417,17.224,3.841,0.000,250.0,250.0,13.127,4.949,2.697,11.824,8.998,5.584,3.414,5.522,3.990,0.461,3.529,3.473,0.000,0.000,0.000,
11.11.2025,11:21:28.161,17.672,28.767,18.529,3.808,0.000,250.0,250.0,12.965,3.998,2.612,8.343,6.789,4.214,2.575,4.165,3.895,0.405,3.490,3.490,0.000,0.000,0.000,
11.11.2025,11:21:29.159,13.594,26.935,16.683,3.821,0.000,250.0,250.0,14.670,4.326,2.501,9.707,7.579,4.695,2.884,4.634,3.887,0.405,3.482,3.482,0.000,0.000,0.000,
11.11.2025,11:21:30.158,16.313,29.809,19.691,3.735,0.000,250.0,250.0,14.151,4.740,2.599,11.195,8.557,5.306,3.251,5.232,3.887,0.405,3.482,3.482,0.000,0.000,0.000,
11.11.2025,11:21:31.155,24.469,27.718,17.578,3.782,0.000,250.0,250.0,13.157,4.265,2.489,9.494,7.427,4.607,2.820,4.558,3.887,0.405,3.482,3.482,0.000,2.125,0.000,
11.11.2025,11:21:32.153,20.391,30.085,20.006,3.726,0.000,250.0,250.0,21.158,7.308,3.506,20.088,14.633,9.075,5.558,8.964,3.887,0.405,3.482,3.482,0.000,0.000,0.000,
11.11.2025,11:21:33.163,21.750,27.392,17.350,3.687,0.000,250.0,250.0,18.844,4.963,2.820,11.772,9.043,5.610,3.433,5.549,3.955,0.421,3.534,3.490,0.000,1.250,0.000,
11.11.2025,11:21:34.153,13.594,28.309,18.310,3.669,0.000,250.0,250.0,20.688,4.085,2.513,8.769,7.004,4.345,2.659,4.283,3.895,0.405,3.490,3.490,0.000,0.000,1.125,
11.11.2025,11:21:35.155,14.953,28.592,18.426,3.766,0.001,250.0,250.0,14.624,4.155,2.501,9.057,7.169,4.447,2.722,4.398,3.887,0.405,3.482,3.482,0.000,0.250,1.250,
11.11.2025,11:21:36.163,16.313,26.790,16.778,3.653,0.000,250.0,250.0,12.678,4.021,2.501,8.540,6.849,4.250,2.599,4.200,3.895,0.405,3.490,3.482,0.000,0.125,0.000,
11.11.2025,11:21:37.164,19.032,26.429,15.989,3.942,0.000,250.0,250.0,11.887,3.831,2.452,7.865,6.407,3.967,2.440,3.918,3.887,0.405,3.482,3.482,0.000,1.500,0.000,
11.11.2025,11:21:38.164,20.391,28.223,18.066,3.757,0.000,250.0,250.0,12.883,4.280,2.477,9.566,7.469,4.634,2.835,4.585,3.878,0.405,3.473,3.482,0.000,0.000,0.000,
11.11.2025,11:21:39.168,24.469,34.302,24.205,3.738,0.000,250.0,250.0,15.510,3.768,2.452,7.627,6.257,3.880,2.377,3.831,3.887,0.405,3.482,3.482,0.000,2.125,0.000,
11.11.2025,11:21:40.166,16.313,42.605,31.901,4.150,0.000,250.0,250.0,11.590,3.887,2.464,8.084,6.539,4.064,2.475,4.014,3.877,0.404,3.473,3.482,0.000,1.500,0.250,
11.11.2025,11:21:41.163,17.672,26.667,16.681,3.639,0.000,250.0,250.0,12.185,4.484,2.697,10.072,7.922,4.916,3.006,4.854,3.948,0.421,3.527,3.473,0.000,1.000,0.250,
11.11.2025,11:21:42.162,25.829,26.010,15.849,3.707,0.000,250.0,250.0,12.591,4.222,2.648,9.135,7.299,4.530,2.769,4.481,3.936,0.451,3.485,3.482,0.000,1.000,2.625,
11.11.2025,11:21:43.156,17.672,30.658,20.162,4.026,0.000,250.0,250.0,14.437,3.883,2.648,7.876,6.528,4.052,2.476,4.003,3.887,0.405,3.482,3.473,0.000,1.000,2.625,
11.11.2025,11:21:44.155,23.110,29.022,18.668,3.894,0.000,250.0,250.0,11.471,3.895,2.489,8.087,6.556,4.067,2.489,4.017,3.887,0.405,3.482,3.473,0.000,0.000,0.000,
11.11.2025,11:21:45.152,17.672,29.171,18.799,3.940,0.000,250.0,250.0,12.770,4.045,2.428,8.712,6.914,4.289,2.625,4.228,3.887,0.405,3.482,3.482,0.000,0.000,0.000,
11.11.2025,11:21:46.166,19.032,28.611,18.393,3.815,0.000,250.0,250.0,12.523,4.042,2.538,8.603,6.906,4.284,2.622,4.235,3.878,0.405,3.473,3.473,0.000,1.000,0.125,
11.11.2025,11:21:47.153,12.235,29.151,19.027,3.783,0.000,250.0,250.0,16.534,3.910,2.513,8.105,6.595,4.080,2.515,4.031,3.887,0.405,3.482,3.482,0.000,1.000,0.125,
11.11.2025,11:21:48.152,16.313,27.606,17.171,3.960,0.000,250.0,250.0,11.132,5.301,3.053,12.887,9.879,6.127,3.752,6.053,3.887,0.405,3.482,3.482,0.000,0.750,0.000,
11.11.2025,11:21:49.162,17.672,28.070,17.898,3.787,0.000,250.0,250.0,17.884,4.391,2.550,9.894,7.725,4.793,2.932,4.731,3.895,0.405,3.490,3.490,0.000,1.125,0.125,
11.11.2025,11:21:50.160,19.032,26.360,16.136,3.799,0.000,250.0,250.0,14.511,3.850,2.612,7.782,6.447,4.006,2.441,3.957,3.887,0.405,3.482,3.482,0.000,0.000,1.000,
11.11.2025,11:21:51.155,20.391,27.162,17.072,3.729,0.000,250.0,250.0,12.734,5.070,2.807,12.257,9.341,5.796,3.545,5.722,3.878,0.405,3.473,3.473,0.000,0.000,0.500,
11.11.2025,11:21:52.156,20.391,27.739,17.614,3.765,0.000,250.0,250.0,11.583,4.635,2.562,10.829,8.309,5.145,3.164,5.084,3.887,0.405,3.482,3.482,0.000,0.375,0.000,
11.11.2025,11:21:53.163,19.032,28.896,18.925,3.644,0.000,250.0,250.0,16.795,3.824,2.440,7.839,6.385,3.957,2.428,3.907,3.895,0.405,3.490,3.490,0.000,2.125,0.000,
11.11.2025,11:21:54.155,19.032,29.536,19.071,4.003,0.000,250.0,250.0,10.790,3.987,2.489,8.438,6.781,4.197,2.584,4.148,3.878,0.405,3.473,3.473,0.000,1.125,2.250,
11.11.2025,11:21:55.156,21.750,28.979,18.196,4.185,0.000,250.0,250.0,10.722,3.728,2.477,7.455,6.159,3.819,2.340,3.782,3.887,0.405,3.482,3.473,0.000,1.125,2.000,
11.11.2025,11:21:56.155,28.547,34.194,23.610,4.097,0.000,250.0,250.0,11.428,3.713,2.661,7.208,6.122,3.794,2.328,3.757,3.887,0.405,3.482,3.482,0.000,1.500,0.500,
11.11.2025,11:21:57.153,23.110,30.455,20.004,3.960,0.000,250.0,250.0,11.964,3.716,2.599,7.284,6.137,3.808,2.329,3.759,3.887,0.405,3.482,3.473,0.000,0.000,0.000,
11.11.2025,11:21:58.166,19.032,26.184,15.920,3.829,0.000,250.0,250.0,10.963,3.627,2.452,7.089,5.924,3.670,2.254,3.621,3.887,0.405,3.482,3.482,0.000,0.000,0.000,
11.11.2025,11:21:59.152,17.672,28.734,18.510,3.821,0.000,250.0,250.0,11.485,3.750,2.513,7.500,6.221,3.856,2.365,3.807,3.878,0.405,3.473,3.482,0.000,1.375,0.375,
11.11.2025,11:22:0.167,13.594,27.403,17.122,3.844,0.000,250.0,250.0,11.067,3.593,2.440,6.974,5.843,3.624,2.219,3.587,3.887,0.405,3.482,3.473,0.000,0.000,0.000,
11.11.2025,11:22:1.164,21.750,28.093,17.766,3.887,0.000,250.0,250.0,12.258,3.679,2.513,7.234,6.046,3.756,2.290,3.706,3.887,0.405,3.482,3.473,0.000,0.000,0.000,
11.11.2025,11:22:2.166,17.672,39.749,29.071,4.123,0.000,250.0,250.0,12.694,3.840,2.587,7.777,6.426,3.989,2.437,3.940,3.887,0.405,3.482,3.473,0.000,0.000,1.250,
11.11.2025,11:22:3.162,16.313,30.342,20.063,3.905,0.000,250.0,250.0,11.093,3.841,2.563,7.803,6.429,3.990,2.439,3.941,3.887,0.405,3.482,3.473,0.000,0.000,0.000,
11.11.2025,11:22:4.161,13.594,26.739,16.436,3.842,0.000,250.0,250.0,11.257,4.606,2.783,10.410,8.188,5.073,3.115,5.011,4.000,0.437,3.563,3.482,0.000,0.000,2.000,
11.11.2025,11:22:5.160,19.032,28.599,18.454,3.742,0.000,250.0,250.0,12.907,3.869,2.673,7.805,6.500,4.038,2.462,3.988,3.878,0.405,3.473,3.473,0.000,0.625,1.625,
11.11.2025,11:22:6.161,20.391,28.056,17.470,4.042,0.000,250.0,250.0,11.149,3.848,2.685,7.686,6.442,3.991,2.451,3.941,3.895,0.405,3.490,3.490,0.000,2.000,0.000,
11.11.2025,11:22:7.158,16.313,27.297,17.264,3.720,0.001,250.0,250.0,15.797,3.847,2.513,7.865,6.441,4.002,2.439,3.953,3.887,0.405,3.482,3.482,0.000,2.125,0.000,
11.11.2025,11:22:8.155,14.953,27.869,17.560,3.842,0.000,250.0,250.0,12.852,6.436,3.077,17.201,12.577,7.794,4.783,7.696,3.881,0.408,3.473,3.473,0.000,0.000,0.000,
11.11.2025,11:22:9.152,13.594,26.832,16.672,3.786,0.000,250.0,250.0,12.188,4.509,2.673,10.235,8.011,4.959,3.052,4.898,3.890,0.408,3.482,3.482,0.000,2.250,0.000,
11.11.2025,11:22:10.167,16.313,28.238,17.942,3.862,0.000,250.0,250.0,13.364,6.115,3.310,15.746,11.813,7.327,4.486,7.241,3.878,0.405,3.473,3.473,0.000,0.375,0.000,
11.11.2025,11:22:11.154,20.391,27.497,17.456,3.650,0.000,250.0,250.0,13.269,3.774,2.562,7.550,6.277,3.889,2.388,3.840,3.878,0.405,3.473,3.473,0.000,0.000,0.000,
11.11.2025,11:22:12.157,12.235,38.557,27.852,4.147,0.001,250.0,250.0,10.805,3.866,2.624,7.829,6.489,4.026,2.463,3.977,3.887,0.405,3.482,3.482,0.000,2.000,0.750,
11.11.2025,11:22:13.155,20.391,34.142,23.575,4.030,0.000,250.0,250.0,10.893,3.946,2.489,8.278,6.689,4.139,2.550,4.090,3.878,0.405,3.473,3.473,0.000,1.250,0.000,
11.11.2025,11:22:14.166,19.032,25.902,15.527,3.907,0.000,250.0,250.0,11.299,3.886,2.575,7.948,6.526,4.051,2.475,4.001,3.895,0.405,3.490,3.490,0.000,0.000,0.000,
11.11.2025,11:22:15.163,19.032,25.959,15.910,3.687,0.000,250.0,250.0,13.904,6.339,3.151,16.748,12.331,7.647,4.684,7.561,3.895,0.405,3.490,3.482,0.000,1.000,0.000,
11.11.2025,11:22:16.162,17.672,29.079,18.968,3.745,0.000,250.0,250.0,17.714,4.002,2.612,8.356,6.809,4.223,2.586,4.162,3.895,0.405,3.490,3.482,0.000,0.125,0.000,
11.11.2025,11:22:17.161,19.032,27.453,17.298,3.755,0.000,250.0,250.0,19.259,5.881,3.151,14.997,11.250,6.983,4.267,6.897,3.887,0.405,3.482,3.490,0.000,1.375,1.125,
11.11.2025,11:22:18.160,20.391,27.553,17.285,3.853,0.000,250.0,250.0,12.894,4.380,2.562,9.862,7.707,4.777,2.930,4.728,3.878,0.405,3.473,3.482,0.000,1.125,0.000,
11.11.2025,11:22:19.160,19.032,29.962,19.888,3.685,0.000,250.0,250.0,16.465,3.839,2.452,7.901,6.422,3.986,2.436,3.937,3.887,0.405,3.482,3.482,0.000,0.000,0.000,
11.11.2025,11:22:20.158,16.313,29.756,19.519,3.794,0.000,250.0,250.0,13.267,6.390,3.163,16.923,12.456,7.722,4.734,7.636,3.887,0.405,3.482,3.490,0.000,2.125,0.000,
11.11.2025,11:22:21.154,14.953,27.390,17.288,3.713,0.000,250.0,250.0,10.963,3.940,2.366,8.381,6.671,4.135,2.536,4.086,3.878,0.405,3.473,3.473,0.000,0.000,0.000,
11.11.2025,11:22:22.154,19.032,26.847,16.787,3.706,0.000,250.0,250.0,11.738,4.041,2.477,8.645,6.908,4.285,2.623,4.223,3.887,0.405,3.482,3.473,0.000,0.125,0.000,
11.11.2025,11:22:23.154,20.391,27.019,16.686,3.873,0.000,250.0,250.0,13.900,5.915,3.065,15.214,11.334,7.032,4.302,6.946,3.887,0.405,3.482,3.482,0.000,0.750,0.000,
11.11.2025,11:22:24.157,19.032,28.846,18.877,3.650,0.000,250.0,250.0,20.968,8.852,4.008,25.478,18.287,11.335,6.952,11.200,3.883,0.401,3.482,3.490,0.000,0.000,1.625,
11.11.2025,11:22:25.163,17.672,39.118,28.553,4.051,0.000,250.0,250.0,15.464,5.965,2.942,15.529,11.442,7.103,4.339,7.017,3.896,0.406,3.490,3.490,0.000,2.000,0.000,
11.11.2025,11:22:26.162,17.672,30.881,20.790,3.776,0.000,250.0,250.0,12.783,6.219,3.138,16.286,12.040,7.470,4.570,7.372,3.917,0.433,3.484,3.482,0.000,0.000,0.000,
11.11.2025,11:22:27.162,21.750,27.346,17.036,3.876,0.000,250.0,250.0,12.954,4.344,2.611,9.638,7.605,4.713,2.892,4.651,3.922,0.438,3.484,3.482,0.000,1.500,1.125,
11.11.2025,11:22:28.157,16.313,28.439,18.192,3.812,0.000,250.0,250.0,11.160,4.837,2.685,11.452,8.773,5.438,3.335,5.364,3.919,0.437,3.482,3.482,0.000,0.000,0.000,
11.11.2025,11:22:29.155,20.391,28.150,17.738,3.940,0.000,250.0,250.0,12.380,3.946,2.403,8.360,6.680,4.133,2.547,4.084,3.887,0.405,3.482,3.482,0.001,0.000,1.125,
11.11.2025,11:22:30.152,25.829,27.779,17.369,3.930,0.000,250.0,250.0,11.004,4.109,2.317,9.061,7.069,4.384,2.685,4.322,3.887,0.405,3.482,3.482,0.000,0.000,1.500,
11.11.2025,11:22:31.152,25.829,27.779,17.369,3.930,0.000,250.0,250.0,14.118,3.886,2.427,8.101,6.536,4.049,2.487,4.000,3.887,0.405,3.482,3.482,0.000,0.000,0.000,
11.11.2025,11:22:32.152,16.313,28.019,17.912,3.711,0.000,250.0,250.0,11.142,4.363,2.476,9.859,7.654,4.750,2.904,4.689,3.913,0.438,3.475,3.473,0.000,0.000,2.000,
11.11.2025,11:22:33.162,16.313,27.289,17.032,3.859,0.001,250.0,250.0,13.713,5.472,2.905,13.675,10.283,6.377,3.906,6.291,3.895,0.405,3.490,3.490,0.000,0.000,0.000,
11.11.2025,11:22:34.159,17.672,27.511,17.386,3.731,0.000,250.0,250.0,19.660,5.560,2.918,13.940,10.450,6.479,3.971,6.405,3.979,0.450,3.529,3.482,0.000,2.000,0.000,
11.11.2025,11:22:35.157,20.391,28.142,18.170,3.725,0.000,250.0,250.0,15.190,4.068,2.538,8.683,6.971,4.323,2.648,4.261,3.887,0.405,3.482,3.482,0.000,0.000,0.000,
11.11.2025,11:22:36.155,14.953,28.409,18.302,3.649,0.000,250.0,250.0,13.186,8.153,3.800,22.996,16.612,10.309,6.303,10.186,3.916,0.434,3.482,3.490,0.000,0.000,0.500,
11.11.2025,11:22:37.155,17.672,30.286,20.110,3.781,0.000,250.0,250.0,17.561,8.153,3.175,16.993,12.511,7.755,4.756,7.656,3.910,0.426,3.484,3.490,0.000,0.000,2.250,
11.11.2025,11:22:38.154,28.547,30.921,20.725,3.791,0.001,250.0,250.0,17.561,6.416,3.175,16.993,12.511,7.755,4.756,7.656,3.910,0.426,3.484,3.490,0.000,0.000,0.375,
11.11.2025,11:22:39.154,17.672,39.931,29.383,4.066,0.000,250.0,250.0,17.299,3.855,2.440,7.973,6.455,4.008,2.447,3.959,3.895,0.405,3.490,3.482,0.000,0.375,0.375,
11.11.2025,11:22:40.161,23.110,30.523,20.353,3.793,0.000,250.0,250.0,15.320,3.778,2.428,7.685,6.277,3.889,2.388,3.840,3.895,0.405,3.490,3.482,0.000,0.125,0.750,
11.11.2025,11:22:41.162,23.110,28.757,18.535,3.822,0.000,250.0,250.0,13.291,4.092,2.550,8.763,7.028,4.357,2.671,4.295,3.887,0.405,3.482,3.482,0.000,0.000,0.500,
11.11.2025,11:22:42.160,25.829,28.794,18.581,3.809,0.000,250.0,250.0,13.624,4.319,2.538,9.592,7.519,4.664,2.855,4.614,3.965,0.430,3.535,3.482,0.000,2.250,0.000,
11.11.2025,11:22:43.157,17.672,28.254,18.227,3.728,0.000,250.0,250.0,13.763,4.686,2.562,10.998,8.405,5.218,3.187,5.157,3.920,0.437,3.483,3.490,0.000,1.125,0.000,
11.11.2025,11:22:44.152,16.313,32.711,22.465,3.816,0.000,250.0,250.0,12.294,3.944,2.562,8.196,6.678,4.132,2.546,4.083,3.887,0.405,3.482,3.473,0.000,0.000,1.125,
11.11.2025,11:22:45.155,19.032,28.623,18.351,3.809,0.000,250.0,250.0,11.565,4.085,2.489,8.789,7.002,4.344,2.658,4.283,3.895,0.405,3.490,3.490,0.000,0.000,1.125,
11.11.2025,11:22:46.152,14.953,28.551,18.229,3.947,0.000,250.0,250.0,11.732,6.056,3.101,15.702,11.657,7.230,4.427,7.144,3.903,0.413,3.490,3.490,0.000,0.000,0.000,
11.11.2025,11:22:47.152,17.672,27.372,17.101,3.825,0.000,250.0,250.0,16.027,7.469,3.420,20.792,15.008,9.305,5.703,9.194,3.891,0.401,3.490,3.490,0.000,0.000,0.500,
11.11.2025,11:22:48.160,23.110,27.411,17.184,3.815,0.000,250.0,250.0,16.517,4.442,2.501,10.164,7.845,4.869,2.976,4.808,3.887,0.405,3.482,3.482,0.000,0.000,0.000,
11.11.2025,11:22:49.158,17.672,26.173,15.999,3.794,0.000,250.0,250.0,13.671,5.696,2.795,14.652,10.807,6.701,4.106,6.627,3.894,0.412,3.482,3.482,0.000,1.375,1.375,
11.11.2025,11:22:50.158,17.672,28.910,18.753,3.759,0.000,250.0,250.0,13.244,4.284,2.587,9.466,7.478,4.637,2.841,4.576,3.887,0.405,3.482,3.482,0.000,0.000,0.000,
11.11.2025,11:22:51.163,17.672,27.364,17.158,3.815,0.000,250.0,250.0,13.169,4.928,2.771,11.744,8.999,5.581,3.418,5.507,3.887,0.405,3.482,3.482,0.000,1.125,1.125,
11.11.2025,11:22:52.155,20.391,27.370,17.010,3.918,0.000,250.0,250.0,12.288,4.811,2.575,11.495,8.724,5.414,3.310,5.340,3.887,0.405,3.482,3.482,0.000,0.000,1.125,
11.11.2025,11:22:53.165,20.391,29.986,19.798,3.766,0.000,250.0,250.0,13.829,4.592,2.440,10.780,8.200,5.085,3.115,5.023,3.895,0.405,3.490,3.490,0.000,0.000,0.000,
11.11.2025,11:22:54.160,17.672,27.896,17.965,3.639,0.000,250.0,250.0,16.254,8.104,3.763,22.871,16.508,10.244,6.264,10.121,3.891,0.401,3.490,3.490,0.000,0.000,0.000,
11.11.2025,11:22:55.156,27.188,29.285,19.105,3.798,0.000,250.0,250.0,14.798,6.261,2.991,16.615,12.150,7.538,4.612,7.440,3.890,0.408,3.482,3.482,0.000,1.375,1.750,
11.11.2025,11:22:56.163,24.469,31.988,21.602,3.954,0.000,250.0,250.0,14.318,3.776,2.612,7.493,6.272,3.894,2.378,3.844,3.887,0.405,3.482,3.490,0.000,0.000,0.000,
11.11.2025,11:22:57.157,12.235,32.764,22.110,4.056,0.000,250.0,250.0,11.251,3.921,2.587,8.085,6.625,4.101,2.524,4.052,3.878,0.405,3.473,3.482,0.000,0.000,0.000,
11.11.2025,11:22:58.154,17.672,27.703,17.195,4.036,0.000,250.0,250.0,11.254,3.739,2.563,7.410,6.185,3.831,2.354,3.794,3.887,0.405,3.482,3.482,0.000,0.000,0.000,
11.11.2025,11:22:59.153,14.953,28.773,18.706,3.734,0.000,250.0,250.0,14.629,3.941,2.538,8.203,6.668,4.129,2.539,4.080,3.887,0.405,3.482,3.482,0.000,0.500,0.000,
11.11.2025,11:23:0.154,9.516,27.710,17.297,3.953,0.000,250.0,250.0,11.960,4.521,2.636,10.321,8.034,4.991,3.043,4.929,3.887,0.405,3.482,3.482,0.000,0.000,0.000,
11.11.2025,11:23:1.157,14.953,28.315,18.105,3.803,0.000,250.0,250.0,14.568,5.324,2.857,13.160,9.930,6.152,3.778,6.078,3.895,0.405,3.490,3.490,0.000,0.000,0.000,
11.11.2025,11:23:2.152,16.313,27.815,17.631,3.766,0.000,250.0,250.0,13.053,3.820,2.452,7.825,6.380,3.953,2.427,3.904,3.887,0.405,3.482,3.482,0.000,0.000,0.000,
11.11.2025,11:23:3.166,17.672,29.472,19.160,3.856,0.000,250.0,250.0,12.298,3.935,2.391,8.316,6.654,4.128,2.526,4.066,3.895,0.405,3.490,3.482,0.000,1.375,0.000,
11.11.2025,11:23:4.160,17.672,28.425,18.332,3.733,0.000,250.0,250.0,14.039,4.028,2.575,8.491,6.861,4.262,2.599,4.213,3.895,0.405,3.490,3.490,0.000,0.000,1.125,
11.11.2025,11:23:5.162,17.672,26.812,16.605,3.856,0.000,250.0,250.0,13.543,3.804,2.624,7.587,6.338,3.926,2.412,3.877,3.895,0.405,3.490,3.482,0.000,1.375,0.125,
11.11.2025,11:23:6.159,16.313,27.467,17.039,3.924,0.000,250.0,250.0,11.495,4.283,2.673,9.380,7.471,4.628,2.843,4.579,3.887,0.405,3.482,3.482,0.000,0.000,0.750,
11.11.2025,11:23:7.155,20.391,27.131,16.889,3.830,0.000,250.0,250.0,12.555,3.993,2.501,8.434,6.779,4.207,2.572,4.158,3.895,0.405,3.490,3.490,0.000,1.125,1.250,
11.11.2025,11:23:8.165,17.672,27.802,17.531,3.832,0.000,250.0,250.0,11.872,4.076,2.513,8.742,6.982,4.335,2.647,4.286,3.887,0.405,3.482,3.482,0.000,0.000,1.125,
11.11.2025,11:23:9.165,17.672,27.094,17.066,3.719,0.000,250.0,250.0,12.398,3.948,2.513,8.254,6.683,4.135,2.548,4.086,3.887,0.405,3.482,3.482,0.000,2.000,1.375,
11.11.2025,11:23:10.162,17.672,25.096,14.739,3.921,0.000,250.0,250.0,12.652,4.533,2.648,10.337,8.045,4.994,3.051,4.932,3.923,0.438,3.485,3.482,0.000,0.375,0.000,
11.11.2025,11:23:11.155,25.829,28.582,18.330,3.794,0.000,250.0,250.0,14.377,4.549,2.538,10.523,8.103,5.024,3.079,4.963,3.887,0.405,3.482,3.482,0.000,1.500,1.750,
11.11.2025,11:23:12.153,10.875,27.472,17.408,3.736,0.000,250.0,250.0,12.441,4.251,2.673,9.242,7.390,4.582,2.808,4.533,3.895,0.405,3.490,3.490,0.001,0.000,1.625,
11.11.2025,11:23:13.167,16.313,27.187,17.017,3.760,0.000,250.0,250.0,12.918,4.227,2.734,9.093,7.344,4.559,2.785,4.498,3.887,0.405,3.482,3.482,0.000,0.000,0.000,
11.11.2025,11:23:14.166,19.032,28.377,18.209,3.774,0.000,250.0,250.0,18.148,6.771,3.408,18.148,13.359,8.283,5.076,8.185,3.883,0.401,3.482,3.482,0.000,0.375,0.625,
11.11.2025,11:23:15.159,19.032,29.574,19.292,3.868,0.001,250.0,250.0,14.577,3.944,2.513,8.230,6.662,4.138,2.524,4.089,3.895,0.405,3.490,3.490,0.000,0.000,0.000,
11.11.2025,11:23:16.158,19.032,27.824,17.832,3.668,0.000,250.0,250.0,12.924,3.932,2.440,8.277,6.647,4.124,2.523,4.075,3.878,0.405,3.473,3.482,0.000,0.000,1.125,
11.11.2025,11:23:17.158,17.672,29.380,19.139,3.829,0.000,250.0,250.0,11.560,3.934,2.501,8.211,6.656,4.129,2.527,4.068,3.887,0.405,3.482,3.473,0.000,0.000,0.000,
11.11.2025,11:23:18.154,19.032,26.437,16.063,3.925,0.001,250.0,250.0,12.557,6.828,3.212,18.526,13.478,8.362,5.116,8.264,3.916,0.433,3.483,3.490,0.000,0.000,0.000,
11.11.2025,11:23:19.152,19.032,26.566,16.480,3.748,0.000,250.0,250.0,20.271,7.827,3.542,22.002,15.842,9.820,6.022,9.710,3.926,0.434,3.492,3.482,0.000,0.000,0.000,
11.11.2025,11:23:20.166,10.875,27.574,17.527,3.688,0.000,250.0,250.0,21.192,6.912,3.383,18.690,13.690,8.492,5.198,8.381,3.895,0.405,3.490,3.490,0.000,0.000,0.000,
11.11.2025,11:23:21.162,12.235,29.585,19.565,3.678,0.000,250.0,250.0,16.036,3.944,2.575,8.177,6.672,4.136,2.536,4.087,3.887,0.405,3.482,3.482,0.000,0.000,0.000,
11.11.2025,11:23:22.156,16.313,27.956,17.646,3.894,0.000,250.0,250.0,17.510,4.503,2.624,10.253,7.989,4.961,3.028,4.899,3.895,0.405,3.490,3.482,0.000,0.000,0.000,
11.11.2025,11:23:23.152,17.672,27.565,17.325,3.817,0.000,250.0,250.0,16.095,4.374,2.477,9.904,7.686,4.767,2.919,4.705,3.895,0.405,3.490,3.490,0.000,0.000,0.000,
11.11.2025,11:23:24.167,19.032,28.345,18.071,3.856,0.000,250.0,250.0,11.621,4.042,2.427,8.704,6.902,4.281,2.621,4.232,3.886,0.404,3.482,3.482,0.000,0.000,0.000,
11.11.2025,11:23:25.162,14.953,28.550,18.387,3.785,0.000,250.0,250.0,15.362,4.061,2.440,8.754,6.949,4.312,2.637,4.263,3.887,0.405,3.482,3.482,0.000,0.000,0.000,
11.11.2025,11:23:26.162,20.391,28.145,17.959,3.776,0.000,250.0,250.0,14.918,3.870,2.501,7.956,6.490,4.027,2.463,3.978,3.895,0.405,3.490,3.490,0.000,0.000,0.000,
11.11.2025,11:23:27.159,19.032,28.941,18.699,3.870,0.000,250.0,250.0,11.632,4.012,2.648,8.373,6.843,4.246,2.597,4.184,3.878,0.405,3.473,3.473,0.000,0.000,0.000,
11.11.2025,11:23:28.154,17.672,27.740,17.536,3.793,0.000,250.0,250.0,13.235,3.988,2.562,8.356,6.775,4.200,2.575,4.151,3.887,0.405,3.482,3.482,0.000,2.125,1.125,
11.11.2025,11:23:29.165,20.391,27.797,17.590,3.800,0.000,250.0,250.0,12.032,4.057,2.562,8.620,6.940,4.302,2.638,4.252,3.887,0.405,3.482,3.482,0.000,0.000,0.000,
11.11.2025,11:23:30.163,19.032,28.016,17.535,4.039,0.000,250.0,250.0,11.081,4.044,2.464,8.662,6.913,4.288,2.625,4.227,3.887,0.405,3.482,3.482,0.000,1.125,1.875,
11.11.2025,11:23:31.162,17.672,29.389,19.299,3.727,0.000,250.0,250.0,12.012,3.843,2.415,7.945,6.424,3.987,2.437,3.938,3.895,0.405,3.490,3.490,0.000,0.375,1.500,
11.11.2025,11:23:32.156,16.313,28.883,18.627,3.833,0.000,250.0,250.0,12.345,5.113,2.942,12.263,9.430,5.852,3.578,5.779,3.895,0.405,3.490,3.490,0.000,0.000,1.250,
11.11.2025,11:23:33.154,17.672,28.451,18.267,3.808,0.001,250.0,250.0,15.164,8.074,3.837,22.671,16.433,10.194,6.239,10.071,3.903,0.413,3.490,3.490,0.000,0.875,0.000,
11.11.2025,11:23:34.154,16.313,27.861,17.754,3.733,0.000,250.0,250.0,17.488,3.952,2.599,8.166,6.690,4.140,2.550,4.091,3.895,0.405,3.490,3.490,0.000,0.375,0.000,
11.11.2025,11:23:35.153,17.672,26.602,16.245,3.962,0.000,250.0,250.0,10.906,3.860,2.661,7.784,6.473,4.012,2.461,3.975,3.878,0.405,3.473,3.482,0.000,0.000,0.000,
11.11.2025,11:23:36.153,19.032,30.226,19.917,3.899,0.000,250.0,250.0,11.651,3.836,2.673,7.667,6.416,3.978,2.438,3.928,3.887,0.405,3.482,3.482,0.000,0.000,1.250,
11.11.2025,11:23:37.152,27.188,28.400,18.181,3.797,0.001,250.0,250.0,12.472,6.805,3.433,18.219,13.426,8.324,5.102,8.225,3.917,0.433,3.484,3.490,0.000,0.000,0.000,
11.11.2025,11:23:38.163,16.313,27.663,17.456,3.811,0.000,250.0,250.0,12.977,6.353,3.126,16.828,12.373,7.675,4.698,7.577,3.887,0.405,3.482,3.482,0.000,0.000,0.000,
11.11.2025,11:23:39.175,13.594,27.090,17.100,3.664,0.000,250.0,250.0,15.182,3.886,2.403,8.119,6.532,4.055,2.477,4.006,3.895,0.405,3.490,3.482,0.000,0.000,0.000,
11.11.2025,11:23:40.193,19.032,27.543,17.227,3.857,0.000,250.0,250.0,10.713,3.862,2.391,8.052,6.474,4.013,2.461,3.976,3.887,0.405,3.482,3.482,0.000,0.375,2.375,
11.11.2025,11:23:41.199,20.391,27.065,16.680,3.969,0.000,250.0,250.0,10.999,5.004,2.599,12.181,9.163,5.682,3.481,5.608,3.918,0.436,3.482,3.490,0.000,0.000,0.000,
11.11.2025,11:23:42.214,12.235,29.257,19.095,3.769,0.000,250.0,250.0,16.359,4.281,2.513,9.475,7.435,4.616,2.819,4.554,3.956,0.421,3.535,3.490,0.000,0.000,0.500,
11.11.2025,11:23:43.210,16.313,28.346,18.164,3.836,0.000,250.0,250.0,12.727,6.453,3.187,17.148,12.605,7.821,4.784,7.723,3.890,0.408,3.482,3.482,0.000,0.250,0.500,
11.11.2025,11:23:44.204,17.672,28.052,17.834,3.804,0.000,250.0,250.0,14.664,4.379,2.611,9.737,7.670,4.752,2.918,4.690,3.963,0.428,3.535,3.490,0.000,0.000,1.250,
11.11.2025,11:23:45.208,13.594,29.360,19.287,3.677,0.000,250.0,250.0,13.407,4.057,2.587,8.584,6.928,4.295,2.633,4.246,3.887,0.405,3.482,3.518,0.000,0.500,0.000,
11.11.2025,11:23:46.208,19.032,28.584,18.426,3.819,0.000,250.0,250.0,12.208,4.126,2.489,8.952,7.106,4.409,2.697,4.348,3.887,0.405,3.482,3.482,0.000,0.000,0.500,
11.11.2025,11:23:47.211,16.313,31.622,21.439,3.790,0.000,250.0,250.0,12.580,4.060,2.440,8.745,6.945,4.310,2.635,4.248,3.895,0.405,3.490,3.490,0.000,0.000,0.000,
11.11.2025,11:23:48.208,31.266,27.678,17.521,3.796,0.000,250.0,250.0,17.797,3.969,2.403,8.437,6.723,4.174,2.549,4.125,3.895,0.405,3.490,3.490,0.001,0.000,0.000,
11.11.2025,11:23:49.205,17.672,29.406,19.264,3.764,0.000,250.0,250.0,15.770,3.970,2.538,8.315,6.733,4.173,2.560,4.124,3.887,0.405,3.482,3.482,0.000,0.000,0.000,
11.11.2025,11:23:50.204,23.110,29.585,19.441,3.791,0.000,250.0,250.0,15.469,4.058,2.611,8.566,6.936,4.300,2.636,4.251,3.895,0.405,3.490,3.490,0.000,0.000,0.000,
11.11.2025,11:23:51.209,19.032,26.164,16.117,3.660,0.000,250.0,250.0,13.148,6.300,3.261,16.478,12.240,7.595,4.645,7.496,3.895,0.405,3.490,3.490,0.000,1.125,1.125,
11.11.2025,11:23:52.204,20.391,28.500,18.372,3.755,0.000,250.0,250.0,15.005,4.367,2.611,9.711,7.642,4.738,2.904,4.676,3.955,0.428,3.527,3.482,0.000,1.000,1.125,
11.11.2025,11:23:53.204,17.672,28.508,18.292,3.789,0.000,250.0,250.0,11.711,6.610,3.372,17.556,12.975,8.043,4.932,7.945,3.893,0.403,3.490,3.490,0.000,0.000,0.000,
11.11.2025,11:23:54.206,14.953,28.372,18.211,3.787,0.000,250.0,250.0,17.334,4.206,2.538,9.208,7.296,4.523,2.773,4.461,3.887,0.405,3.482,3.490,0.000,1.125,0.000,
11.11.2025,11:23:55.203,24.469,28.141,17.988,3.746,0.000,250.0,250.0,12.604,5.886,3.065,15.100,11.251,6.984,4.267,6.898,3.903,0.413,3.490,3.490,0.000,0.000,1.125,
11.11.2025,11:23:56.206,21.750,29.255,19.302,3.620,0.000,250.0,250.0,19.693,4.027,2.648,8.407,6.865,4.252,2.613,4.203,3.895,0.405,3.490,3.490,0.000,1.000,0.500,
11.11.2025,11:23:57.212,20.391,32.150,21.486,4.182,0.000,250.0,250.0,12.659,4.466,2.808,9.933,7.904,4.900,3.004,4.838,3.895,0.405,3.490,3.482,0.000,0.000,0.000,
11.11.2025,11:23:58.214,19.032,28.408,18.055,3.943,0.000,250.0,250.0,13.420,4.234,2.820,9.033,7.350,4.555,2.795,4.506,3.897,0.407,3.490,3.490,0.000,0.000,0.000,
11.11.2025,11:23:59.200,16.313,27.732,17.427,3.839,0.000,250.0,250.0,14.740,4.259,2.685,9.254,7.419,4.597,2.822,4.535,3.895,0.405,3.490,3.490,0.000,1.000,0.000,
11.11.2025,11:24:0.211,24.469,27.453,17.226,3.835,0.000,250.0,250.0,14.992,4.052,2.575,8.585,6.915,4.294,2.621,4.245,3.895,0.405,3.490,3.490,0.000,0.000,0.000,
11.11.2025,11:24:1.199,24.469,27.386,17.199,3.805,0.000,250.0,250.0,18.096,4.517,2.734,10.201,8.016,4.979,3.037,4.918,3.897,0.407,3.490,3.490,0.000,1.125,0.000,
11.11.2025,11:24:2.213,19.032,29.529,19.346,3.787,0.000,250.0,250.0,11.911,3.942,2.476,8.271,6.668,4.133,2.535,4.084,3.887,0.405,3.482,3.482,0.000,0.500,0.750,
11.11.2025,11:24:3.209,20.391,28.103,17.801,3.928,0.000,250.0,250.0,14.290,6.009,3.175,15.457,11.548,7.170,4.378,7.083,3.895,0.405,3.490,3.490,0.000,1.125,0.000,
11.11.2025,11:24:4.206,20.391,28.223,18.007,3.811,0.000,250.0,250.0,18.628,5.615,3.102,14.021,10.620,6.584,4.036,6.510,3.895,0.405,3.490,3.490,0.000,0.375,1.125,
11.11.2025,11:24:5.206,24.469,27.036,16.867,3.799,0.000,250.0,250.0,15.198,7.087,3.420,19.328,14.109,8.746,5.363,8.635,3.891,0.401,3.490,3.490,0.000,0.500,0.500,
11.11.2025,11:24:6.207,13.594,27.444,17.342,3.756,0.000,250.0,250.0,17.194,4.074,2.599,8.638,6.973,4.324,2.649,4.275,3.895,0.405,3.490,3.490,0.000,0.000,0.000,
11.11.2025,11:24:7.205,17.672,29.446,19.161,3.836,0.000,250.0,250.0,15.218,4.087,2.624,8.669,7.002,4.344,2.658,4.295,3.895,0.405,3.490,3.490,0.000,0.875,0.000,
11.11.2025,11:24:8.204,13.594,29.409,19.116,3.919,0.000,250.0,250.0,11.826,4.716,2.820,10.881,8.496,5.270,3.226,5.208,3.887,0.405,3.482,3.482,0.000,1.000,0.000,
11.11.2025,11:24:9.213,17.672,27.448,17.309,3.789,0.000,250.0,250.0,15.665,5.899,3.138,15.072,11.286,6.996,4.290,6.922,3.895,0.405,3.490,3.490,0.000,2.250,0.000,
11.11.2025,11:24:10.212,17.672,29.584,19.354,3.793,0.000,250.0,250.0,19.884,6.857,3.286,18.586,13.559,8.408,5.151,8.297,3.895,0.405,3.490,3.490,0.000,2.000,0.000,
11.11.2025,11:24:11.209,17.672,29.584,19.354,3.793,0.000,250.0,250.0,13.115,5.409,2.709,13.453,10.014,6.201,3.813,6.127,4.137,0.493,3.644,3.498,0.000,0.000,1.750,
11.11.2025,11:24:12.207,16.313,27.513,17.212,3.887,0.000,250.0,250.0,12.552,4.257,2.709,9.225,7.411,4.592,2.819,4.531,3.895,0.405,3.490,3.490,0.000,0.000,0.000,
11.11.2025,11:24:13.207,10.875,15.106,5.868,3.046,0.000,250.0,250.0,11.503,3.989,2.538,8.384,6.779,4.203,2.576,4.154,3.887,0.405,3.482,3.482,0.000,0.000,0.000,
11.11.2025,11:24:14.207,6.797,12.153,2.967,2.991,0.000,250.0,250.0,11.439,3.989,2.526,8.451,6.813,4.226,2.587,4.164,3.887,0.405,3.482,3.482,0.000,0.000,0.000,
11.11.2025,11:24:15.211,6.797,11.511,2.466,2.968,0.000,250.0,250.0,11.439,4.002,2.526,8.451,6.813,4.226,2.587,4.164,3.887,0.405,3.482,3.482,0.000,0.000,0.000,
11.11.2025,11:24:16.205,9.516,12.634,3.437,2.999,0.000,250.0,250.0,11.216,4.024,2.513,8.543,6.861,4.250,2.611,4.201,3.887,0.405,3.482,3.482,0.000,0.000,0.000,
11.11.2025,11:24:17.204,6.797,12.184,3.045,3.008,0.000,250.0,250.0,11.010,3.935,2.477,8.245,6.657,4.130,2.527,4.081,3.878,0.405,3.473,3.473,0.000,0.000,0.000,
11.11.2025,11:24:18.206,8.156,11.048,1.943,2.964,0.000,250.0,250.0,11.001,3.732,2.550,7.390,6.172,3.831,2.341,3.782,3.887,0.405,3.482,3.482,0.001,0.000,0.000,
11.11.2025,11:24:19.205,6.797,11.626,2.545,2.983,0.000,250.0,250.0,10.663,3.938,2.599,8.134,6.658,4.123,2.535,4.073,3.887,0.405,3.482,3.482,0.000,0.000,0.000,
11.11.2025,11:24:20.205,12.235,11.412,2.269,2.969,0.000,250.0,250.0,11.033,4.040,2.648,8.474,6.899,4.275,2.624,4.226,3.887,0.405,3.482,3.482,0.000,0.000,0.000,
11.11.2025,11:24:21.207,13.594,12.470,3.377,2.980,0.000,250.0,250.0,11.683,4.009,2.562,8.427,6.820,4.223,2.597,4.174,3.895,0.405,3.490,3.490,0.000,0.000,0.000,
11.11.2025,11:24:22.208,9.516,11.314,2.149,2.968,0.000,250.0,250.0,11.546,4.019,2.685,8.351,6.854,4.253,2.601,4.192,3.887,0.405,3.482,3.482,0.001,0.000,0.000,
11.11.2025,11:24:23.205,10.875,11.311,2.219,2.953,0.000,250.0,250.0,11.407,3.937,2.685,8.036,6.655,4.129,2.526,4.080,3.887,0.405,3.482,3.482,0.000,0.000,0.000,
11.11.2025,11:24:24.204,9.516,11.408,2.322,2.923,0.000,250.0,250.0,11.338,4.003,2.538,8.446,6.810,4.224,2.586,4.174,3.887,0.405,3.482,3.482,0.000,0.000,0.000,
11.11.2025,11:24:25.203,13.594,12.132,2.998,2.977,0.000,250.0,250.0,11.520,4.022,2.587,8.473,6.865,4.252,2.613,4.203,3.878,0.405,3.473,3.473,0.000,0.000,0.000,
11.11.2025,11:24:26.212,14.953,11.222,2.151,2.927,0.000,250.0,250.0,11.331,4.056,2.562,8.618,6.936,4.300,2.636,4.251,3.887,0.405,3.482,3.482,0.000,0.000,0.000,
11.11.2025,11:24:27.211,17.672,11.382,2.327,2.928,0.000,250.0,250.0,11.348,4.192,2.513,9.190,7.258,4.498,2.760,4.449,3.887,0.405,3.482,3.482,0.000,0.000,0.000,
11.11.2025,11:24:28.205,12.235,11.503,2.417,2.933,0.000,250.0,250.0,10.866,4.152,2.661,8.888,7.171,4.448,2.723,4.386,3.887,0.405,3.482,3.473,0.000,0.000,0.000,
11.11.2025,11:24:29.207,16.313,12.124,3.072,2.960,0.000,250.0,250.0,10.823,4.018,2.648,8.393,6.844,4.247,2.597,4.198,3.887,0.405,3.482,3.482,0.000,0.000,0.000,
11.11.2025,11:24:30.206,12.235,11.698,2.590,2.917,0.000,250.0,250.0,10.461,4.135,2.587,8.898,7.124,4.417,2.707,4.356,3.887,0.405,3.482,3.482,0.000,0.000,0.000,
11.11.2025,11:24:31.202,12.235,12.157,3.094,2.937,0.000,250.0,250.0,10.776,4.061,2.624,8.578,6.945,4.310,2.635,4.260,3.887,0.405,3.482,3.482,0.000,0.000,0.000,
11.11.2025,11:24:32.202,10.875,11.439,2.329,2.946,0.000,250.0,250.0,10.726,4.171,2.587,9.029,7.207,4.472,2.735,4.410,3.887,0.405,3.482,3.490,0.001,0.000,0.000,
11.11.2025,11:24:33.205,10.875,11.584,2.540,2.927,0.000,250.0,250.0,10.735,4.187,2.477,9.214,7.245,4.497,2.748,4.448,3.878,0.405,3.473,3.482,0.000,0.000,0.000,
11.11.2025,11:24:34.202,12.235,11.580,2.513,2.939,0.000,250.0,250.0,10.709,4.033,2.452,8.638,6.884,4.261,2.623,4.212,3.887,0.405,3.482,3.482,0.000,0.000,0.000,
11.11.2025,11:24:35.214,9.516,11.637,2.634,2.896,0.000,250.0,250.0,10.912,4.208,2.563,9.202,7.295,4.522,2.773,4.473,3.887,0.405,3.482,3.482,0.000,0.000,0.000,
11.11.2025,11:24:36.210,10.875,11.218,2.201,2.870,0.000,250.0,250.0,10.955,4.178,2.587,9.067,7.225,4.480,2.745,4.431,3.887,0.405,3.482,3.473,0.000,0.000,0.000,
11.11.2025,11:24:37.206,8.156,11.687,2.637,2.884,0.000,250.0,250.0,10.620,4.361,2.587,9.761,7.656,4.751,2.905,4.690,3.887,0.405,3.482,3.482,0.000,0.000,0.000,
11.11.2025,11:24:38.205,16.313,11.253,2.248,2.870,0.000,250.0,250.0,10.908,3.989,2.464,8.460,6.779,4.203,2.576,4.153,3.887,0.405,3.482,3.482,0.000,0.000,0.000,
11.11.2025,11:24:39.216,12.235,11.727,2.755,2.862,0.000,250.0,250.0,10.932,3.884,2.464,8.056,6.536,4.045,2.491,3.995,3.887,0.405,3.482,3.482,0.000,0.000,0.000,
11.11.2025,11:24:40.216,14.953,11.813,2.824,2.854,0.000,250.0,250.0,10.959,3.910,2.624,8.001,6.590,4.090,2.500,4.041,3.887,0.405,3.482,3.482,0.000,0.000,0.000,
11.11.2025,11:24:41.213,20.391,12.335,3.306,2.889,0.000,250.0,250.0,11.025,3.918,2.550,8.109,6.610,4.099,2.511,4.049,3.887,0.405,3.482,3.482,0.001,0.000,0.000,
11.11.2025,11:24:42.213,27.188,11.849,2.743,2.918,0.000,250.0,250.0,11.060,3.961,2.599,8.220,6.712,4.163,2.549,4.114,3.887,0.405,3.482,3.482,0.000,0.000,0.000,
11.11.2025,11:24:43.209,13.594,11.499,2.470,2.898,0.000,250.0,250.0,11.026,4.171,2.636,8.985,7.206,4.471,2.735,4.422,3.887,0.405,3.482,3.482,0.000,0.000,0.000,
11.11.2025,11:24:44.211,2.719,11.546,2.539,2.882,0.000,250.0,250.0,11.288,4.151,2.648,8.906,7.172,4.449,2.723,4.387,3.878,0.405,3.473,3.473,0.000,0.000,0.000,
11.11.2025,11:24:45.211,4.078,11.170,2.134,2.901,0.000,250.0,250.0,11.421,3.873,2.759,7.719,6.509,4.031,2.478,3.982,3.887,0.405,3.482,3.482,0.000,0.000,0.000,
11.11.2025,11:24:46.207,5.438,11.213,2.152,2.876,0.000,250.0,250.0,11.129,3.797,2.526,7.667,6.321,3.919,2.402,3.882,3.887,0.405,3.482,3.482,0.000,0.000,0.000,
11.11.2025,11:24:47.205,2.719,12.270,3.229,2.925,0.000,250.0,250.0,10.901,3.803,2.464,7.761,6.345,3.930,2.415,3.881,3.878,0.405,3.473,3.473,0.000,0.000,0.000,
11.11.2025,11:24:48.203,4.078,10.989,1.939,2.900,0.000,250.0,250.0,10.786,3.713,2.464,7.410,6.124,3.795,2.329,3.758,3.887,0.405,3.482,3.473,0.000,0.000,0.000,
11.11.2025,11:24:49.217,2.719,11.044,2.010,2.899,0.000,250.0,250.0,10.753,3.762,2.465,7.596,6.248,3.870,2.378,3.821,3.878,0.405,3.473,3.482,0.000,0.000,0.000,
11.11.2025,11:24:50.212,4.078,11.199,2.164,2.883,0.000,250.0,250.0,10.862,4.022,2.562,8.501,6.858,4.260,2.598,4.211,3.878,0.405,3.473,3.473,0.000,0.000,0.000,
11.11.2025,11:24:51.213,2.719,12.299,3.247,2.920,0.000,250.0,250.0,10.870,3.872,2.599,7.885,6.496,4.035,2.461,3.986,3.887,0.405,3.482,3.482,0.000,0.000,0.000,
11.11.2025,11:24:52.214,2.719,11.817,2.735,2.911,0.000,250.0,250.0,10.847,4.294,2.685,9.416,7.504,4.658,2.846,4.596,3.878,0.405,3.473,3.482,0.000,0.000,0.000,
11.11.2025,11:24:53.206,16.313,11.571,2.527,2.892,0.000,250.0,250.0,11.161,4.038,2.538,8.586,6.900,4.276,2.624,4.227,3.879,0.406,3.473,3.473,0.000,0.000,0.000,
11.11.2025,11:24:54.206,13.594,11.419,2.453,2.860,0.000,250.0,250.0,10.943,4.093,2.587,8.733,7.025,4.351,2.674,4.302,3.887,0.405,3.482,3.482,0.000,0.000,0.000,
11.11.2025,11:24:55.220,20.391,11.604,2.571,2.877,0.000,250.0,250.0,11.135,3.846,2.477,7.905,6.453,3.998,2.455,3.948,3.878,0.405,3.473,3.473,0.000,0.000,0.000,
11.11.2025,11:24:56.219,21.750,11.216,2.194,2.886,0.000,250.0,250.0,10.593,3.887,2.526,8.019,6.546,4.056,2.490,4.006,3.878,0.405,3.473,3.473,0.000,0.000,0.000,
11.11.2025,11:24:57.216,19.032,11.157,2.081,2.888,0.000,250.0,250.0,10.660,3.960,2.550,8.264,6.705,4.166,2.539,4.117,3.887,0.405,3.482,3.482,0.001,0.000,0.000,
11.11.2025,11:24:58.229,13.594,11.032,2.082,2.846,0.000,250.0,250.0,10.755,3.828,2.526,7.793,6.409,3.969,2.440,3.919,3.878,0.405,3.473,3.473,0.000,0.000,0.000,
11.11.2025,11:24:59.239,19.032,17.970,8.399,3.324,0.000,250.0,250.0,10.550,4.091,2.575,8.739,7.022,4.349,2.673,4.299,3.887,0.405,3.482,3.482,0.000,0.000,0.000,
11.11.2025,11:25:0.234,14.953,15.375,6.150,3.058,0.000,250.0,250.0,10.598,3.989,2.526,8.406,6.788,4.201,2.587,4.152,3.878,0.405,3.473,3.473,0.000,0.000,0.000,
11.11.2025,11:25:1.238,14.953,12.313,3.270,2.882,0.000,250.0,250.0,10.521,4.011,2.501,8.521,6.837,4.238,2.599,4.189,3.878,0.405,3.473,3.473,0.000,0.000,0.000,
11.11.2025,11:25:2.233,13.594,11.649,2.613,2.852,0.000,250.0,250.0,10.908,3.680,2.526,7.225,6.051,3.759,2.292,3.710,3.878,0.405,3.473,3.482,0.000,0.000,0.000,
11.11.2025,11:25:3.235,2.719,11.446,2.491,2.867,0.000,250.0,250.0,10.689,3.753,2.489,7.546,6.225,3.858,2.367,3.821,3.875,0.402,3.473,3.473,0.000,0.000,0.000,
11.11.2025,11:25:4.235,4.078,11.246,2.239,2.864,0.000,250.0,250.0,10.744,3.724,2.489,7.434,6.158,3.818,2.340,3.769,3.878,0.405,3.473,3.473,0.000,0.000,0.000,
11.11.2025,11:25:5.247,2.719,12.242,3.250,2.856,0.000,250.0,250.0,10.896,3.830,2.538,7.792,6.405,3.979,2.426,3.930,3.878,0.405,3.473,3.473,0.000,0.000,0.000,
11.11.2025,11:25:6.260,2.719,11.434,2.455,2.858,0.000,250.0,250.0,10.857,3.791,2.636,7.547,6.317,3.916,2.401,3.866,3.878,0.405,3.473,3.473,0.000,0.000,0.000,
11.11.2025,11:25:7.259,2.719,11.851,2.846,2.886,0.000,250.0,250.0,10.880,4.021,2.771,8.281,6.858,4.248,2.610,4.199,3.887,0.405,3.482,3.473,0.000,0.000,0.000,
11.11.2025,11:25:8.277,4.078,11.745,2.661,2.906,0.000,250.0,250.0,10.775,4.001,2.648,8.333,6.813,4.226,2.587,4.177,3.878,0.405,3.473,3.473,0.000,0.000,0.000,
11.11.2025,11:25:9.291,2.719,11.921,2.885,2.899,0.000,250.0,250.0,10.983,3.750,2.489,7.535,6.223,3.857,2.366,3.807,3.878,0.405,3.473,3.473,0.000,0.000,0.000,
Date,Time,"VR VCC 전류 (SVID IOUT) [A]","CPU 패키지 전력 소비 [W]","IA 코어 전력 소비 [W]","시스템 에이전트 전력 소비 [W]","나머지 칩 전력 소비 [W]","PL1 전력 제한 (Static) [W]","PL2 전력 제한 (Static) [W]","GPU 전력 소비 [W]","GPU 라인 전력 소비 (avg) [W]","GPU PCIe +12V 입력 전력 소비 [W]","GPU 12VHPWR 전력 소비 [W]","GPU Unknown Rail (D6) 전력 소비 (sum) [W]","GPU Core (NVVDD) 입력 전력 소비 (sum) [W]","GPU Unknown Rail (D4) 전력 소비 (sum) [W]","GPU Misc0 입력 전력 소비 (sum) [W]","GPU Unknown Rail (D) 전력 소비 (sum) [W]","GPU Unknown Rail (10) 전력 소비 [W]","GPU Core (NVVDD) 출력 전력 소비 [W]","GPU Core (NVVDD) 출력 전력 소비 [W]","PCH 전력 소비 [W]","총 전력 소비 [W]","총 전력 소비 [W]",
,,CPU [#0]: Intel Core Ultra 7 265KF: Enhanced,CPU [#0]: Intel Core Ultra 7 265KF: Enhanced,CPU [#0]: Intel Core Ultra 7 265KF: Enhanced,CPU [#0]: Intel Core Ultra 7 265KF: Enhanced,CPU [#0]: Intel Core Ultra 7 265KF: Enhanced,CPU [#0]: Intel Core Ultra 7 265KF: Enhanced,CPU [#0]: Intel Core Ultra 7 265KF: Enhanced,GPU [#1]: NVIDIA GeForce RTX 5090: GIGABYTE GeForce RTX 5090 GAMING OC 32G (GV-N5090GAMING OC-32GD),GPU [#1]: NVIDIA GeForce RTX 5090: GIGABYTE GeForce RTX 5090 GAMING OC 32G (GV-N5090GAMING OC-32GD),GPU [#1]: NVIDIA GeForce RTX 5090: GIGABYTE GeForce RTX 5090 GAMING OC 32G (GV-N5090GAMING OC-32GD),GPU [#1]: NVIDIA GeForce RTX 5090: GIGABYTE GeForce RTX 5090 GAMING OC 32G (GV-N5090GAMING OC-32GD),GPU [#1]: NVIDIA GeForce RTX 5090: GIGABYTE GeForce RTX 5090 GAMING OC 32G (GV-N5090GAMING OC-32GD),GPU [#1]: NVIDIA GeForce RTX 5090: GIGABYTE GeForce RTX 5090 GAMING OC 32G (GV-N5090GAMING OC-32GD),GPU [#1]: NVIDIA GeForce RTX 5090: GIGABYTE GeForce RTX 5090 GAMING OC 32G (GV-N5090GAMING OC-32GD),GPU [#1]: NVIDIA GeForce RTX 5090: GIGABYTE GeForce RTX 5090 GAMING OC 32G (GV-N5090GAMING OC-32GD),GPU [#1]: NVIDIA GeForce RTX 5090: GIGABYTE GeForce RTX 5090 GAMING OC 32G (GV-N5090GAMING OC-32GD),GPU [#1]: NVIDIA GeForce RTX 5090: GIGABYTE GeForce RTX 5090 GAMING OC 32G (GV-N5090GAMING OC-32GD),GPU [#1]: NVIDIA GeForce RTX 5090: GIGABYTE GeForce RTX 5090 GAMING OC 32G (GV-N5090GAMING OC-32GD),GPU [#1]: NVIDIA GeForce RTX 5090: GIGABYTE GeForce RTX 5090 GAMING OC 32G (GV-N5090GAMING OC-32GD),CPU [#0]: Intel Core Ultra 7 265KF: Enhanced,DDR5 DIMM [#1]: Micron CP32G64C40U5B.M8B1 (BANK 1/DIMMB2),DDR5 DIMM [#3]: Micron CP32G64C40U5B.M8B1 (BANK 0/DIMMA2),
