Date,Time,"VR VCC 전류 (SVID IOUT) [A]","CPU 패키지 전력 소비 [W]","IA 코어 전력 소비 [W]","시스템 에이전트 전력 소비 [W]","나머지 칩 전력 소비 [W]","PL1 전력 제한 (Static) [W]","PL2 전력 제한 (Static) [W]","GPU 전력 소비 [W]","GPU 라인 전력 소비 (avg) [W]","GPU PCIe +12V 입력 전력 소비 [W]","GPU 12VHPWR 전력 소비 [W]","GPU Unknown Rail (D6) 전력 소비 (sum) [W]","GPU Core (NVVDD) 입력 전력 소비 (sum) [W]","GPU Unknown Rail (D4) 전력 소비 (sum) [W]","GPU Misc0 입력 전력 소비 (sum) [W]","GPU Unknown Rail (D) 전력 소비 (sum) [W]","GPU Unknown Rail (10) 전력 소비 [W]","GPU Core (NVVDD) 출력 전력 소비 [W]","GPU Core (NVVDD) 출력 전력 소비 [W]","PCH 전력 소비 [W]","총 전력 소비 [W]","총 전력 소비 [W]",
11.11.2025,12:14:41.114,9.516,11.671,2.520,2.964,0.000,250.0,250.0,11.838,4.354,3.028,9.061,7.505,4.651,2.854,4.589,4.094,0.425,3.669,3.669,0.000,0.000,0.000,
11.11.2025,12:14:42.111,8.156,16.062,6.858,3.042,0.000,250.0,250.0,13.768,4.807,3.126,10.688,8.562,5.314,3.248,5.253,4.102,0.425,3.677,3.677,0.000,0.000,0.000,
11.11.2025,12:14:43.111,10.875,14.046,4.771,3.072,0.000,250.0,250.0,14.760,4.250,2.844,8.847,7.252,4.494,2.758,4.445,4.095,0.426,3.669,3.669,0.000,0.000,0.000,
11.11.2025,12:14:44.120,19.032,36.256,26.947,3.078,0.000,250.0,250.0,14.993,10.331,4.302,30.600,21.638,13.423,8.215,13.263,4.098,0.421,3.677,3.677,0.001,0.000,0.000,
11.11.2025,12:14:45.119,17.672,28.709,19.601,3.028,0.000,250.0,250.0,24.849,8.005,3.959,22.062,16.130,10.000,6.130,9.889,4.102,0.425,3.677,3.677,0.000,0.000,0.000,
11.11.2025,12:14:46.106,19.032,28.566,19.348,3.012,0.000,250.0,250.0,21.631,7.568,3.787,20.571,15.109,9.372,5.737,9.249,4.091,0.422,3.669,3.669,0.000,0.000,0.000,
11.11.2025,12:14:47.118,16.313,28.318,19.109,3.062,0.000,250.0,250.0,21.924,7.822,3.812,21.510,15.702,9.731,5.971,9.620,4.098,0.421,3.677,3.677,0.000,0.000,0.000,
11.11.2025,12:14:48.119,17.672,28.889,19.695,3.091,0.000,250.0,250.0,24.681,4.745,3.053,10.538,8.420,5.224,3.196,5.163,4.094,0.425,3.669,3.669,0.000,0.000,0.000,
11.11.2025,12:14:49.118,13.594,29.898,20.642,3.057,0.000,250.0,250.0,24.302,6.646,3.542,17.280,12.910,8.009,4.901,7.911,4.111,0.425,3.686,3.686,0.000,2.125,0.000,
11.11.2025,12:14:50.117,19.032,29.639,20.499,3.030,0.000,250.0,250.0,21.684,8.606,3.996,24.324,17.564,10.894,6.670,10.759,4.091,0.422,3.669,3.669,0.000,0.000,0.000,
11.11.2025,12:14:51.118,17.672,28.368,19.206,3.030,0.000,250.0,250.0,22.240,5.490,3.187,13.161,10.135,6.278,3.857,6.204,4.201,0.449,3.752,3.677,0.000,0.000,0.000,
11.11.2025,12:14:52.112,13.594,27.708,18.497,3.061,0.000,250.0,250.0,24.462,6.938,3.604,18.340,13.615,8.442,5.173,8.332,4.098,0.421,3.677,3.677,0.000,0.000,0.000,
11.11.2025,12:14:53.116,17.672,28.553,19.295,3.063,0.000,250.0,250.0,23.311,6.232,3.592,15.659,11.939,7.407,4.532,7.309,4.103,0.426,3.677,3.677,0.000,0.000,0.000,
11.11.2025,12:14:54.113,19.032,28.704,19.554,3.044,0.000,250.0,250.0,24.328,5.901,3.506,14.483,11.156,6.917,4.239,6.831,4.102,0.425,3.677,3.677,0.000,0.000,0.000,
11.11.2025,12:14:55.112,36.704,29.161,19.948,3.034,0.000,250.0,250.0,26.509,9.641,4.327,27.904,19.992,12.391,7.601,12.243,4.133,0.454,3.679,3.686,0.000,0.000,0.000,
11.11.2025,12:14:56.108,25.829,26.596,17.434,3.056,0.000,250.0,250.0,25.548,7.104,3.628,18.950,14.005,8.686,5.319,8.575,4.098,0.421,3.677,3.677,0.000,0.000,0.000,
11.11.2025,12:14:57.119,17.672,28.235,19.117,2.984,0.000,250.0,250.0,24.740,6.280,3.310,16.096,12.029,7.459,4.570,7.373,4.145,0.457,3.688,3.677,0.000,0.000,0.000,
11.11.2025,12:14:58.118,20.391,27.446,18.287,2.996,0.000,250.0,250.0,25.766,7.004,3.604,18.597,13.771,8.538,5.233,8.428,4.098,0.421,3.677,3.677,0.000,0.000,0.000,
11.11.2025,12:14:59.111,20.391,27.445,18.277,2.996,0.000,250.0,250.0,20.590,6.558,3.506,16.988,12.703,7.875,4.828,7.789,4.109,0.432,3.677,3.677,0.000,0.000,0.000,
11.11.2025,12:15:0.114,19.032,27.952,18.786,3.007,0.000,250.0,250.0,24.937,9.520,4.290,27.436,19.679,12.198,7.481,12.051,4.188,0.464,3.724,3.686,0.000,0.000,0.000,
11.11.2025,12:15:1.113,17.672,29.074,19.939,3.023,0.000,250.0,250.0,26.865,8.900,4.192,25.209,18.242,11.314,6.928,11.166,4.133,0.454,3.679,3.686,0.000,0.000,0.000,
11.11.2025,12:15:2.113,19.032,27.312,18.117,3.046,0.000,250.0,250.0,21.878,6.305,3.408,16.097,12.102,7.502,4.600,7.404,4.132,0.453,3.679,3.677,0.000,0.000,0.000,
11.11.2025,12:15:3.108,21.750,27.348,18.138,3.027,0.000,250.0,250.0,22.327,7.314,3.763,19.619,14.497,8.993,5.504,8.882,4.102,0.425,3.677,3.677,0.000,0.000,0.000,
11.11.2025,12:15:4.109,17.672,28.777,19.598,3.001,0.000,250.0,250.0,21.225,6.146,3.322,15.596,11.727,7.277,4.450,7.191,4.109,0.432,3.677,3.677,0.000,0.000,0.000,
11.11.2025,12:15:5.107,17.672,29.151,20.034,2.982,0.000,250.0,250.0,19.237,6.403,3.285,16.611,12.328,7.645,4.683,7.559,4.125,0.456,3.669,3.669,0.000,0.000,0.000,
11.11.2025,12:15:6.107,14.953,28.570,19.423,3.042,0.000,250.0,250.0,21.449,6.737,3.359,17.822,13.127,8.149,4.978,8.051,4.102,0.425,3.677,3.677,0.000,0.000,0.000,
11.11.2025,12:15:7.119,24.469,26.918,17.779,3.020,0.000,250.0,250.0,25.135,4.951,3.114,11.211,8.876,5.508,3.368,5.446,4.154,0.440,3.714,3.677,0.000,0.000,0.000,
11.11.2025,12:15:8.116,24.469,30.446,20.577,3.617,0.000,250.0,250.0,21.391,8.985,4.229,25.535,18.455,11.444,7.011,11.308,4.098,0.421,3.677,3.677,0.000,0.000,0.000,
11.11.2025,12:15:9.111,17.672,31.720,22.051,3.452,0.000,250.0,250.0,21.230,7.707,3.836,21.059,15.434,9.565,5.869,9.454,4.094,0.425,3.669,3.669,0.000,0.000,0.000,
11.11.2025,12:15:10.106,17.672,28.539,19.397,3.012,0.000,250.0,250.0,22.124,6.340,3.518,16.073,12.142,7.533,4.609,7.447,4.200,0.448,3.752,3.677,0.000,0.000,0.000,
11.11.2025,12:15:11.120,14.953,29.738,20.540,3.046,0.000,250.0,250.0,22.150,6.970,3.616,18.450,13.686,8.489,5.197,8.378,4.102,0.425,3.677,3.677,0.000,0.000,0.000,
11.11.2025,12:15:12.116,14.953,29.738,20.540,3.046,0.000,250.0,250.0,24.742,4.082,2.832,8.209,6.856,4.246,2.610,4.197,4.102,0.425,3.677,3.669,0.000,0.000,0.000,
11.11.2025,12:15:13.118,25.829,27.527,18.359,2.982,0.000,250.0,250.0,20.938,6.959,3.641,18.379,13.654,8.468,5.186,8.369,4.115,0.429,3.686,3.669,0.000,0.000,0.000,
11.11.2025,12:15:14.111,28.547,27.124,17.916,3.053,0.000,250.0,250.0,23.706,5.041,3.285,11.422,9.116,5.651,3.465,5.590,4.102,0.425,3.677,3.677,0.000,0.000,0.000,
11.11.2025,12:15:15.113,20.391,28.792,19.559,3.057,0.000,250.0,250.0,22.063,6.064,3.445,15.089,11.493,7.129,4.364,7.043,4.200,0.448,3.752,3.677,0.000,0.000,0.000,
11.11.2025,12:15:16.115,17.672,29.059,19.868,3.032,0.000,250.0,250.0,22.459,6.507,3.616,16.661,12.572,7.792,4.780,7.706,4.132,0.453,3.679,3.677,0.000,0.000,0.000,
11.11.2025,12:15:17.112,19.032,28.431,19.296,3.010,0.000,250.0,250.0,23.229,5.157,3.371,11.773,9.393,5.828,3.565,5.754,4.102,0.425,3.677,3.677,0.000,0.000,0.000,
11.11.2025,12:15:18.115,21.750,27.694,18.544,3.037,0.000,250.0,250.0,20.223,5.157,3.102,10.697,8.559,5.300,3.259,5.238,4.102,0.425,3.677,3.669,0.000,0.000,0.000,
11.11.2025,12:15:19.117,16.313,29.731,20.468,3.041,0.000,250.0,250.0,18.403,4.803,4.266,26.889,19.319,11.987,7.332,11.839,4.131,0.453,3.678,3.686,0.000,0.000,0.000,
11.11.2025,12:15:20.118,19.032,28.462,19.336,2.984,0.000,250.0,250.0,22.019,9.358,3.592,18.889,13.939,8.646,5.293,8.536,4.132,0.453,3.679,3.686,0.000,0.000,0.000,
11.11.2025,12:15:21.107,20.391,27.700,18.591,2.989,0.000,250.0,250.0,22.019,7.085,3.592,18.889,13.939,8.646,5.293,8.536,4.132,0.453,3.679,3.686,0.000,0.000,0.000,
11.11.2025,12:15:22.116,13.594,29.306,20.190,2.994,0.000,250.0,250.0,23.567,6.571,3.518,17.032,12.740,7.900,4.840,7.802,4.102,0.425,3.677,3.669,0.000,0.000,0.000,
11.11.2025,12:15:23.112,17.672,28.441,19.168,3.057,0.000,250.0,250.0,22.421,8.183,3.984,22.680,16.531,10.255,6.276,10.133,4.143,0.457,3.686,3.686,0.000,0.000,0.000,
11.11.2025,12:15:24.110,21.750,29.115,19.971,3.007,0.000,250.0,250.0,24.692,6.414,3.469,16.476,12.371,7.673,4.698,7.575,4.102,0.425,3.677,3.677,0.000,0.000,0.000,
11.11.2025,12:15:25.115,17.672,27.899,18.728,3.018,0.000,250.0,250.0,19.501,7.761,3.935,21.079,15.515,9.619,5.896,9.496,4.196,0.444,3.752,3.677,0.000,0.000,0.000,
11.11.2025,12:15:26.115,24.469,27.332,18.198,3.020,0.000,250.0,250.0,20.815,6.916,3.543,18.321,13.554,8.405,5.149,8.307,4.102,0.425,3.677,3.677,0.000,0.000,0.000,
11.11.2025,12:15:27.115,17.672,28.606,19.389,3.064,0.000,250.0,250.0,24.411,8.548,4.008,24.084,17.421,10.799,6.622,10.676,4.098,0.421,3.677,3.677,0.000,0.000,0.000,
11.11.2025,12:15:28.112,17.672,28.548,19.330,3.018,0.000,250.0,250.0,24.459,4.912,3.040,11.157,8.803,5.459,3.344,5.397,4.115,0.429,3.686,3.686,0.000,0.000,0.000,
11.11.2025,12:15:29.108,20.391,30.760,21.558,3.042,0.000,250.0,250.0,22.918,7.596,3.788,20.675,15.169,9.408,5.761,9.285,4.098,0.421,3.677,3.677,0.000,0.000,0.000,
11.11.2025,12:15:30.107,14.953,28.618,19.482,3.032,0.000,250.0,250.0,21.627,9.271,4.229,26.580,19.107,11.850,7.257,11.703,4.152,0.437,3.715,3.677,0.000,0.000,0.000,
11.11.2025,12:15:31.106,17.672,29.177,20.028,3.009,0.000,250.0,250.0,23.524,4.018,2.771,8.027,6.697,4.161,2.536,4.111,4.102,0.425,3.677,3.677,0.000,0.000,0.000,
11.11.2025,12:15:32.106,17.672,28.505,19.376,2.980,0.000,250.0,250.0,22.300,7.616,3.849,20.693,15.209,9.435,5.774,9.325,4.098,0.421,3.677,3.677,0.000,0.000,0.000,
11.11.2025,12:15:33.115,21.750,27.827,18.619,3.070,0.000,250.0,250.0,23.287,7.801,3.775,21.473,15.648,9.703,5.945,9.592,4.098,0.421,3.677,3.677,0.000,0.000,0.000,
11.11.2025,12:15:34.120,17.672,30.358,21.183,2.994,0.000,250.0,250.0,21.747,8.163,3.714,22.903,16.501,10.227,6.274,10.104,4.105,0.428,3.677,3.694,0.000,0.000,0.000,
11.11.2025,12:15:35.113,14.953,29.163,20.027,2.986,0.000,250.0,250.0,21.217,6.447,3.481,16.586,12.451,7.719,4.732,7.621,4.102,0.425,3.677,3.677,0.000,0.000,0.000,
11.11.2025,12:15:36.112,19.032,27.026,17.862,3.016,0.000,250.0,250.0,22.298,8.107,3.837,22.560,16.377,10.148,6.229,10.025,4.109,0.432,3.677,3.677,0.000,0.000,0.000,
11.11.2025,12:15:37.105,20.391,30.926,21.713,3.042,0.000,250.0,250.0,20.854,6.439,3.506,16.532,12.417,7.701,4.716,7.615,4.115,0.429,3.686,3.677,0.000,0.000,0.000,
11.11.2025,12:15:38.106,17.672,29.424,20.328,2.973,0.000,250.0,250.0,19.053,5.884,3.163,14.766,11.109,6.894,4.215,6.808,4.102,0.425,3.677,3.677,0.000,0.000,0.000,
11.11.2025,12:15:39.117,23.110,29.754,20.572,2.975,0.000,250.0,250.0,18.593,9.591,4.228,27.841,19.892,12.328,7.564,12.180,4.098,0.421,3.677,3.686,0.001,0.000,0.000,
11.11.2025,12:15:40.112,23.110,28.176,19.059,2.999,0.000,250.0,250.0,22.061,7.941,3.959,21.807,15.981,9.913,6.068,9.790,4.109,0.432,3.677,3.677,0.000,0.000,0.000,
11.11.2025,12:15:41.110,19.032,28.818,19.632,2.994,0.000,250.0,250.0,23.949,8.126,3.922,22.553,16.419,10.180,6.239,10.057,4.109,0.432,3.677,3.677,0.000,0.000,0.000,
11.11.2025,12:15:42.122,19.032,28.034,18.907,2.981,0.000,250.0,250.0,23.064,8.020,3.861,22.211,16.173,10.021,6.152,9.898,4.098,0.421,3.677,3.686,0.000,0.000,0.000,
11.11.2025,12:15:43.122,24.469,29.220,20.051,3.024,0.000,250.0,250.0,20.661,9.495,4.241,27.410,19.640,12.172,7.468,12.025,4.152,0.445,3.707,3.686,0.000,0.000,0.000,
11.11.2025,12:15:44.125,27.188,32.859,23.389,3.284,0.000,250.0,250.0,23.835,6.288,3.457,15.994,12.067,7.483,4.584,7.385,4.115,0.429,3.686,3.677,0.000,0.000,0.000,
11.11.2025,12:15:45.121,14.953,27.904,18.723,2.995,0.000,250.0,250.0,20.792,7.128,3.628,19.035,14.049,8.707,5.342,8.609,4.111,0.425,3.686,3.686,0.000,0.000,0.000,
11.11.2025,12:15:46.134,16.313,26.940,17.842,2.976,0.000,250.0,250.0,24.101,4.085,2.905,8.146,6.854,4.257,2.597,4.208,4.102,0.425,3.677,3.677,0.000,0.000,0.000,
11.11.2025,12:15:47.133,20.391,27.869,18.663,3.044,0.000,250.0,250.0,20.593,4.973,3.065,11.332,8.923,5.531,3.392,5.470,4.167,0.474,3.693,3.686,0.000,0.000,0.000,
11.11.2025,12:15:48.126,16.313,28.032,18.906,3.025,0.000,250.0,250.0,20.106,8.280,4.044,23.014,16.781,10.398,6.383,10.275,4.111,0.425,3.686,3.686,0.000,0.000,0.000,
11.11.2025,12:15:49.127,17.672,29.414,20.212,2.990,0.000,250.0,250.0,21.089,6.075,3.420,15.207,11.550,7.163,4.387,7.077,4.133,0.454,3.679,3.677,0.000,0.000,0.000,
11.11.2025,12:15:50.128,16.313,26.161,17.019,2.994,0.000,250.0,250.0,21.727,3.985,2.771,7.901,6.617,4.108,2.509,4.059,4.102,0.425,3.677,3.677,0.001,0.000,0.000,
11.11.2025,12:15:51.128,16.313,27.176,18.021,3.006,0.000,250.0,250.0,16.936,5.475,3.016,13.323,10.128,6.281,3.847,6.207,4.133,0.454,3.679,3.677,0.000,0.250,0.000,
11.11.2025,12:15:52.125,14.953,28.745,19.546,3.024,0.000,250.0,250.0,22.857,5.576,3.175,13.537,10.364,6.430,3.934,6.343,4.147,0.458,3.689,3.686,0.000,0.000,0.000,
11.11.2025,12:15:53.121,14.953,28.995,19.812,3.034,0.000,250.0,250.0,22.279,8.916,4.290,25.190,18.287,11.336,6.951,11.201,4.111,0.425,3.686,3.686,0.000,0.000,0.000,
11.11.2025,12:15:54.135,29.907,30.074,20.970,2.985,0.000,250.0,250.0,19.174,6.365,3.482,16.291,12.254,7.595,4.659,7.509,4.094,0.425,3.669,3.669,0.001,0.000,0.000,
11.11.2025,12:15:55.129,20.391,28.646,19.424,3.024,0.000,250.0,250.0,20.846,7.630,3.886,20.649,15.212,9.437,5.775,9.327,4.167,0.444,3.723,3.677,0.000,0.000,0.000,
11.11.2025,12:15:56.122,23.110,28.955,19.844,3.003,0.000,250.0,250.0,22.805,3.990,2.771,7.915,6.635,4.111,2.524,4.062,4.102,0.425,3.677,3.677,0.000,0.000,0.000,
11.11.2025,12:15:57.124,27.188,27.498,18.276,3.025,0.000,250.0,250.0,21.049,6.640,3.469,17.231,12.834,7.966,4.868,7.868,4.245,0.481,3.764,3.677,0.000,0.375,0.000,
11.11.2025,12:15:58.136,14.953,27.681,18.550,2.998,0.000,250.0,250.0,22.809,8.370,3.898,23.478,16.979,10.529,6.450,10.393,4.145,0.457,3.688,3.686,0.000,0.000,0.000,
11.11.2025,12:15:59.132,17.672,29.400,20.238,3.004,0.000,250.0,250.0,24.159,5.332,3.188,12.626,9.796,6.072,3.724,6.011,4.115,0.429,3.686,3.677,0.000,0.000,0.000,
11.11.2025,12:16:0.132,19.032,28.250,19.126,3.005,0.000,250.0,250.0,22.738,5.930,3.236,14.829,11.207,6.943,4.264,6.857,4.145,0.457,3.688,3.677,0.001,0.000,0.000,
11.11.2025,12:16:1.132,17.672,28.886,19.702,3.033,0.000,250.0,250.0,24.230,7.809,3.874,21.376,15.659,9.710,5.949,9.600,4.118,0.432,3.686,3.686,0.000,0.000,0.000,
11.11.2025,12:16:2.131,24.469,27.523,18.325,3.002,0.000,250.0,250.0,18.066,7.328,3.776,19.637,14.518,9.011,5.507,8.900,4.129,0.452,3.677,3.677,0.000,0.000,0.000,
11.11.2025,12:16:3.129,17.672,27.359,18.183,3.026,0.000,250.0,250.0,24.606,6.368,3.457,16.263,12.226,7.581,4.645,7.483,4.176,0.461,3.715,3.677,0.000,0.000,0.000,
11.11.2025,12:16:4.125,29.907,26.643,17.535,2.964,0.000,250.0,250.0,20.868,6.586,3.531,17.075,12.773,7.917,4.856,7.819,4.105,0.428,3.677,3.677,0.000,0.000,0.000,
11.11.2025,12:16:5.145,14.953,27.289,18.140,3.009,0.000,250.0,250.0,19.933,6.822,3.629,17.871,13.338,8.273,5.065,8.162,4.102,0.425,3.677,3.677,0.000,0.000,0.000,
11.11.2025,12:16:6.156,17.672,29.249,20.056,3.024,0.000,250.0,250.0,19.499,9.543,4.204,27.560,19.699,12.220,7.479,12.073,4.255,0.490,3.765,3.686,0.000,0.000,0.000,
11.11.2025,12:16:7.157,20.391,27.444,18.327,3.013,0.000,250.0,250.0,22.178,4.998,3.212,11.329,9.022,5.593,3.429,5.519,4.102,0.425,3.677,3.677,0.000,0.000,0.000,
11.11.2025,12:16:8.156,19.032,27.720,18.568,2.995,0.000,250.0,250.0,20.319,8.301,3.959,23.158,16.826,10.435,6.391,10.299,4.133,0.454,3.679,3.677,0.000,0.000,0.000,
11.11.2025,12:16:9.166,17.672,28.636,19.438,3.034,0.000,250.0,250.0,23.025,6.251,3.396,15.888,11.958,7.418,4.540,7.332,4.146,0.458,3.688,3.686,0.000,0.000,0.000,
11.11.2025,12:16:10.159,25.829,30.554,20.723,3.604,0.000,250.0,250.0,25.035,6.989,3.678,18.464,13.729,8.518,5.211,8.407,4.102,0.425,3.677,3.677,0.000,0.000,0.000,
11.11.2025,12:16:11.158,20.391,30.550,20.908,3.376,0.000,250.0,250.0,24.586,6.226,3.420,15.768,11.901,7.377,4.524,7.291,4.147,0.459,3.688,3.686,0.000,0.000,0.000,
11.11.2025,12:16:12.160,19.032,27.008,17.869,3.015,0.000,250.0,250.0,23.640,8.574,4.205,23.965,17.473,10.837,6.636,10.702,4.118,0.432,3.686,3.686,0.000,0.000,0.000,
11.11.2025,12:16:13.161,14.953,27.418,18.211,3.022,0.000,250.0,250.0,23.284,6.757,3.567,17.610,13.119,8.144,4.975,8.046,4.216,0.498,3.718,3.677,0.000,0.000,0.000,
11.11.2025,12:16:14.157,17.672,29.051,19.916,2.997,0.000,250.0,250.0,23.313,6.909,3.666,18.169,13.537,8.398,5.139,8.299,4.102,0.425,3.677,3.677,0.000,0.000,0.000,
11.11.2025,12:16:15.163,17.672,28.611,19.433,3.019,0.000,250.0,250.0,23.618,8.620,4.131,24.235,17.584,10.904,6.680,10.781,4.105,0.428,3.677,3.677,0.000,0.000,0.000,
11.11.2025,12:16:16.157,17.672,27.583,18.458,3.008,0.000,250.0,250.0,24.110,4.717,2.942,10.467,8.324,5.164,3.160,5.091,4.167,0.444,3.723,3.686,0.000,0.000,0.000,
11.11.2025,12:16:17.160,20.391,29.213,20.004,3.014,0.000,250.0,250.0,16.705,8.340,3.971,23.307,16.909,10.487,6.422,10.364,4.132,0.453,3.679,3.677,0.000,0.000,0.000,
11.11.2025,12:16:18.157,25.829,28.532,19.415,2.973,0.000,250.0,250.0,20.700,7.008,3.739,18.475,13.771,8.538,5.233,8.439,4.102,0.425,3.677,3.677,0.000,0.000,0.000,
11.11.2025,12:16:19.153,9.516,28.548,19.411,3.027,0.000,250.0,250.0,23.249,6.954,3.567,18.414,13.631,8.456,5.175,8.358,4.133,0.454,3.679,3.677,0.000,0.000,0.000,
11.11.2025,12:16:20.154,25.829,27.925,18.730,2.990,0.000,250.0,250.0,22.456,7.514,3.690,20.407,14.932,9.259,5.673,9.149,4.171,0.479,3.692,3.686,0.000,0.000,0.000,
11.11.2025,12:16:21.155,20.391,28.971,19.825,3.002,0.000,250.0,250.0,22.490,4.529,2.857,9.898,7.906,4.906,3.000,4.845,4.102,0.425,3.677,3.677,0.000,0.000,0.000,
11.11.2025,12:16:22.160,21.750,28.174,19.045,2.995,0.000,250.0,250.0,17.531,9.599,4.253,27.825,19.892,12.328,7.564,12.180,4.130,0.452,3.678,3.686,0.000,0.000,0.000,
11.11.2025,12:16:23.158,17.672,29.885,20.672,3.036,0.000,250.0,250.0,23.245,5.456,3.359,12.929,10.102,6.256,3.846,6.182,4.102,0.425,3.677,3.677,0.000,0.000,0.000,
11.11.2025,12:16:24.153,24.469,28.089,18.927,3.046,0.000,250.0,250.0,21.878,8.320,4.119,23.085,16.881,10.468,6.413,10.333,4.110,0.433,3.677,3.677,0.000,0.000,0.000,
11.11.2025,12:16:25.153,21.750,29.991,20.868,2.991,0.000,250.0,250.0,24.648,5.279,3.359,12.258,9.679,6.007,3.672,5.933,4.102,0.425,3.677,3.677,0.000,0.000,0.000,
11.11.2025,12:16:26.153,19.032,28.426,19.238,3.000,0.000,250.0,250.0,23.842,9.047,4.278,25.677,18.573,11.522,7.051,11.387,4.145,0.457,3.688,3.694,0.000,0.000,0.000,
11.11.2025,12:16:27.165,17.672,27.952,18.776,3.019,0.000,250.0,250.0,22.238,8.242,4.008,22.843,16.653,10.329,6.324,10.194,4.195,0.444,3.751,3.677,0.000,0.000,0.000,
11.11.2025,12:16:28.152,14.953,29.125,20.038,2.973,0.000,250.0,250.0,23.394,7.015,3.530,18.677,13.770,8.537,5.233,8.427,4.145,0.457,3.688,3.686,0.000,0.000,0.000,
11.11.2025,12:16:29.166,16.313,29.099,19.914,3.003,0.000,250.0,250.0,22.900,7.014,3.592,18.649,13.785,8.551,5.234,8.453,4.098,0.421,3.677,3.677,0.000,0.000,0.000,
11.11.2025,12:16:30.166,16.313,26.069,16.996,2.971,0.000,250.0,250.0,22.006,7.398,3.726,19.971,14.695,9.117,5.578,9.007,4.102,0.425,3.677,3.677,0.001,0.000,0.000,
11.11.2025,12:16:31.165,20.391,26.799,17.621,2.982,0.000,250.0,250.0,23.657,8.580,3.935,24.266,17.489,10.844,6.645,10.709,4.111,0.425,3.686,3.686,0.000,0.000,0.125,
11.11.2025,12:16:32.162,19.032,29.147,20.027,2.990,0.000,250.0,250.0,24.724,7.231,3.616,19.459,14.302,8.871,5.431,8.761,4.098,0.421,3.677,3.677,0.000,0.000,0.000,
11.11.2025,12:16:33.158,23.110,28.863,19.732,2.979,0.000,250.0,250.0,24.335,8.781,4.143,24.840,17.968,11.139,6.829,11.016,4.098,0.421,3.677,3.677,0.000,0.000,0.000,
11.11.2025,12:16:34.157,21.750,28.645,19.472,2.995,0.000,250.0,250.0,26.476,7.602,3.800,20.687,15.180,9.415,5.765,9.304,4.098,0.421,3.677,3.677,0.000,0.000,0.000,
11.11.2025,12:16:35.156,16.313,28.955,19.854,2.974,0.000,250.0,250.0,23.567,8.420,3.984,23.619,17.116,10.616,6.500,10.493,4.098,0.421,3.677,3.677,0.000,0.000,0.000,
11.11.2025,12:16:36.157,19.032,28.466,19.388,2.924,0.000,250.0,250.0,24.208,8.415,3.984,23.600,17.102,10.603,6.499,10.480,4.102,0.425,3.677,3.677,0.000,0.000,0.000,
11.11.2025,12:16:37.156,21.750,27.339,18.235,2.951,0.000,250.0,250.0,21.695,4.883,2.979,11.079,8.721,5.412,3.309,5.338,4.155,0.441,3.714,3.682,0.000,0.000,0.000,
11.11.2025,12:16:38.166,23.110,28.267,19.189,2.945,0.000,250.0,250.0,18.359,4.779,3.016,10.674,8.492,5.268,3.224,5.206,4.115,0.429,3.686,3.686,0.000,0.000,0.000,
11.11.2025,12:16:39.163,19.032,27.012,17.908,2.959,0.000,250.0,250.0,27.068,9.075,4.327,25.757,18.656,11.569,7.087,11.434,4.119,0.425,3.694,3.686,0.001,0.000,0.000,
11.11.2025,12:16:40.165,12.235,29.913,20.788,2.951,0.000,250.0,250.0,26.260,8.483,3.923,23.910,17.263,10.702,6.561,10.567,4.111,0.425,3.686,3.686,0.000,0.000,0.000,
11.11.2025,12:16:41.154,17.672,29.813,20.722,2.950,0.000,250.0,250.0,24.294,7.942,3.763,21.975,15.961,9.904,6.057,9.781,4.145,0.457,3.688,3.686,0.000,0.000,0.000,
11.11.2025,12:16:42.164,17.672,28.915,19.744,2.997,0.000,250.0,250.0,25.950,6.613,3.322,17.353,12.817,7.951,4.866,7.852,4.144,0.457,3.687,3.686,0.000,0.250,0.000,
11.11.2025,12:16:43.155,20.391,28.149,19.040,2.976,0.000,250.0,250.0,22.102,6.169,3.371,15.647,11.783,7.311,4.472,7.225,4.102,0.425,3.677,3.677,0.001,0.000,0.000,
11.11.2025,12:16:44.164,24.469,28.421,19.242,3.007,0.000,250.0,250.0,22.104,6.254,3.335,15.990,11.981,7.429,4.552,7.343,4.115,0.429,3.686,3.677,0.000,0.000,0.000,
11.11.2025,12:16:45.163,20.391,27.018,17.921,2.983,0.000,250.0,250.0,21.464,7.264,3.813,19.374,14.381,8.924,5.457,8.813,4.098,0.421,3.677,3.686,0.000,0.000,0.000,
11.11.2025,12:16:46.163,19.032,28.552,19.347,2.993,0.000,250.0,250.0,23.236,9.342,4.327,26.766,19.288,11.954,7.334,11.807,4.133,0.454,3.679,3.677,0.000,0.000,0.000,
11.11.2025,12:16:47.160,24.469,26.460,17.363,2.979,0.000,250.0,250.0,23.465,7.274,3.764,19.444,14.397,8.926,5.471,8.815,4.123,0.429,3.694,3.677,0.001,0.000,0.000,
11.11.2025,12:16:48.157,16.313,27.966,18.771,3.012,0.000,250.0,250.0,23.918,6.176,3.445,15.567,11.793,7.304,4.489,7.218,4.132,0.453,3.679,3.677,0.000,0.000,0.000,
11.11.2025,12:16:49.152,17.672,28.786,19.692,2.995,0.000,250.0,250.0,24.220,8.571,4.253,23.925,17.475,10.831,6.644,10.708,4.098,0.421,3.677,3.677,0.000,0.000,0.000,
11.11.2025,12:16:50.166,16.313,28.465,19.303,2.990,0.000,250.0,250.0,23.199,6.766,3.641,17.637,13.191,8.187,5.004,8.089,4.115,0.429,3.686,3.686,0.001,0.000,0.000,
11.11.2025,12:16:51.165,27.188,26.307,17.164,2.974,0.000,250.0,250.0,22.341,9.030,4.241,25.682,18.567,11.514,7.053,11.367,4.098,0.421,3.677,3.677,0.000,0.000,0.000,
11.11.2025,12:16:52.166,20.391,28.861,19.703,3.005,0.000,250.0,250.0,24.585,8.094,3.825,22.534,16.347,10.140,6.207,10.017,4.098,0.421,3.677,3.677,0.000,0.000,0.000,
11.11.2025,12:16:53.162,20.391,28.861,19.703,3.005,0.000,250.0,250.0,24.154,7.290,3.690,19.589,14.436,8.944,5.492,8.833,4.115,0.429,3.686,3.686,0.000,0.000,0.000,
11.11.2025,12:16:54.162,25.829,27.847,18.667,3.002,0.000,250.0,250.0,24.100,7.709,3.861,21.020,15.440,9.577,5.863,9.454,4.097,0.420,3.677,3.677,0.000,0.000,0.000,
11.11.2025,12:16:55.162,27.188,28.271,19.113,2.992,0.000,250.0,250.0,21.293,6.717,3.531,17.451,13.011,8.060,4.951,7.961,4.254,0.481,3.773,3.694,0.000,0.000,0.000,
11.11.2025,12:16:56.160,17.672,28.664,19.573,2.967,0.000,250.0,250.0,23.290,9.690,4.278,28.139,20.102,12.464,7.638,12.316,4.144,0.466,3.678,3.677,0.000,0.000,0.000,
11.11.2025,12:16:57.159,12.235,29.578,20.393,3.014,0.000,250.0,250.0,22.101,5.501,3.286,13.178,10.203,6.331,3.872,6.257,4.102,0.425,3.677,3.677,0.000,0.000,0.000,
11.11.2025,12:16:58.160,17.672,28.883,19.805,2.973,0.000,250.0,250.0,23.289,7.946,3.910,21.860,15.983,9.914,6.069,9.792,4.119,0.425,3.694,3.694,0.000,0.000,0.000,
11.11.2025,12:16:59.160,21.750,27.394,18.218,2.994,0.000,250.0,250.0,22.554,6.267,3.236,16.120,11.993,7.434,4.559,7.348,4.146,0.458,3.688,3.686,0.000,0.000,0.000,
11.11.2025,12:17:0.161,17.672,28.244,19.173,2.961,0.000,250.0,250.0,21.952,3.912,2.697,7.689,6.442,3.996,2.446,3.947,4.115,0.429,3.686,3.677,0.000,0.000,0.000,
11.11.2025,12:17:1.163,8.156,27.336,18.192,2.995,0.000,250.0,250.0,20.749,8.454,4.094,23.615,17.190,10.658,6.532,10.522,4.118,0.432,3.686,3.694,0.000,0.000,0.000,
11.11.2025,12:17:2.162,24.469,26.332,17.231,2.959,0.000,250.0,250.0,19.729,4.998,3.040,11.460,8.994,5.578,3.416,5.505,4.155,0.440,3.715,3.677,0.000,0.000,0.000,
11.11.2025,12:17:3.161,16.313,29.381,20.238,2.979,0.000,250.0,250.0,19.254,4.003,2.857,7.874,6.653,4.132,2.521,4.083,4.115,0.429,3.686,3.677,0.000,0.000,0.000,
11.11.2025,12:17:4.156,21.750,29.620,20.481,2.975,0.000,250.0,250.0,20.784,7.856,3.812,21.605,15.759,9.777,5.982,9.655,4.143,0.457,3.686,3.686,0.000,0.000,0.000,
11.11.2025,12:17:5.159,21.750,27.991,18.880,3.004,0.000,250.0,250.0,20.130,3.911,2.685,7.704,6.446,3.998,2.448,3.948,4.102,0.425,3.677,3.677,0.000,0.000,0.000,
11.11.2025,12:17:6.155,19.032,28.264,19.148,2.946,0.000,250.0,250.0,16.583,6.703,3.371,17.627,13.016,8.067,4.949,7.969,4.172,0.466,3.706,3.686,0.000,0.000,0.000,
11.11.2025,12:17:7.153,27.188,29.708,20.553,2.963,0.000,250.0,250.0,23.472,7.116,3.665,18.920,14.009,8.688,5.321,8.578,4.146,0.458,3.688,3.686,0.000,0.000,0.000,
11.11.2025,12:17:8.154,19.032,27.588,18.479,2.953,0.000,250.0,250.0,20.670,5.141,3.200,11.874,9.348,5.793,3.555,5.732,4.115,0.429,3.686,3.677,0.000,0.000,0.000,
11.11.2025,12:17:9.152,17.672,28.508,19.403,2.969,0.000,250.0,250.0,22.591,7.298,3.678,19.606,14.436,8.957,5.479,8.846,4.146,0.458,3.688,3.686,0.000,0.000,0.000,
11.11.2025,12:17:10.166,19.032,27.393,18.279,2.944,0.000,250.0,250.0,21.770,8.250,4.069,22.882,16.710,10.362,6.348,10.239,4.105,0.428,3.677,3.677,0.000,0.000,0.000,
11.11.2025,12:17:11.159,20.391,26.814,17.762,2.945,0.000,250.0,250.0,21.765,8.250,4.045,24.023,17.409,10.791,6.618,10.656,4.174,0.450,3.724,3.686,0.000,0.000,0.000,
11.11.2025,12:17:12.155,20.391,30.936,21.110,3.571,0.000,250.0,250.0,21.765,8.558,4.045,24.023,17.409,10.791,6.618,10.656,4.174,0.450,3.724,3.686,0.000,0.000,0.000,
11.11.2025,12:17:13.162,17.672,29.466,19.863,3.328,0.000,250.0,250.0,23.659,6.316,3.383,16.171,12.129,7.521,4.608,7.422,4.118,0.432,3.686,3.686,0.000,0.375,0.000,
11.11.2025,12:17:14.152,19.032,28.740,19.714,2.945,0.000,250.0,250.0,20.359,5.383,2.918,13.098,9.923,6.161,3.762,6.087,4.102,0.425,3.677,3.677,0.000,0.000,0.000,
11.11.2025,12:17:15.163,12.235,30.807,21.642,2.964,0.000,250.0,250.0,22.819,6.169,3.175,15.840,11.793,7.305,4.488,7.219,4.098,0.421,3.677,3.677,0.000,0.000,0.000,
11.11.2025,12:17:16.162,23.110,29.384,20.330,2.937,0.000,250.0,250.0,19.956,8.240,3.898,23.013,16.687,10.347,6.340,10.224,4.105,0.428,3.677,3.677,0.000,0.000,0.000,
11.11.2025,12:17:17.159,16.313,29.397,20.201,2.980,0.000,250.0,250.0,24.898,4.045,2.869,8.033,6.761,4.192,2.569,4.143,4.102,0.425,3.677,3.677,0.000,0.000,0.000,
11.11.2025,12:17:18.161,21.750,28.866,19.774,2.950,0.000,250.0,250.0,20.562,6.617,3.506,17.199,12.843,7.964,4.879,7.865,4.115,0.429,3.686,3.686,0.000,0.000,0.000,
11.11.2025,12:17:19.160,21.750,28.350,19.178,3.016,0.000,250.0,250.0,21.531,6.316,3.261,16.305,12.121,7.516,4.605,7.430,4.118,0.432,3.686,3.686,0.000,0.000,0.000,
11.11.2025,12:17:20.156,17.672,27.807,18.628,2.991,0.000,250.0,250.0,23.573,9.159,4.168,26.190,18.827,11.679,7.148,11.532,4.174,0.451,3.723,3.694,0.000,0.000,0.000,
11.11.2025,12:17:21.158,19.032,28.214,19.107,2.978,0.000,250.0,250.0,23.849,8.655,3.972,24.509,17.654,10.946,6.708,10.824,4.122,0.436,3.686,3.694,0.000,0.000,0.000,
11.11.2025,12:17:22.152,24.469,28.424,19.287,2.988,0.000,250.0,250.0,20.928,7.551,3.727,20.563,15.054,9.340,5.714,9.229,4.098,0.421,3.677,3.686,0.000,0.000,0.000,
11.11.2025,12:17:23.162,17.672,29.745,20.496,3.051,0.000,250.0,250.0,24.381,9.583,4.216,27.807,19.859,12.318,7.541,12.171,4.111,0.425,3.686,3.694,0.000,0.000,0.000,
11.11.2025,12:17:24.165,20.391,27.568,18.395,3.026,0.000,250.0,250.0,24.604,8.362,3.910,23.450,16.975,10.527,6.448,10.392,4.111,0.425,3.686,3.694,0.000,0.000,0.000,
11.11.2025,12:17:25.164,20.391,28.375,19.203,3.018,0.000,250.0,250.0,22.950,6.345,3.481,16.196,12.202,7.569,4.633,7.483,4.098,0.421,3.677,3.686,0.000,0.000,0.000,
11.11.2025,12:17:26.161,23.110,29.321,20.155,3.015,0.000,250.0,250.0,22.997,8.319,3.922,23.230,16.833,10.436,6.397,10.313,4.181,0.449,3.732,3.694,0.000,0.375,0.000,
11.11.2025,12:17:27.158,16.313,27.764,18.511,3.060,0.000,250.0,250.0,25.894,6.931,3.592,18.304,13.580,8.418,5.162,8.320,4.123,0.429,3.694,3.686,0.000,0.000,0.000,
11.11.2025,12:17:28.158,23.110,27.021,17.890,2.990,0.000,250.0,250.0,21.240,7.840,3.579,21.806,15.735,9.753,5.982,9.642,4.105,0.428,3.677,3.694,0.000,0.000,0.000,
11.11.2025,12:17:29.172,20.391,30.151,20.918,3.052,0.000,250.0,250.0,22.254,7.545,3.628,20.612,15.031,9.328,5.703,9.217,4.119,0.425,3.694,3.694,0.000,0.000,0.000,
11.11.2025,12:17:30.168,17.672,27.720,18.546,2.999,0.000,250.0,250.0,22.983,8.138,3.837,22.673,16.434,10.195,6.239,10.072,4.119,0.425,3.694,3.694,0.000,0.000,0.000,
11.11.2025,12:17:31.183,16.313,30.208,21.035,3.022,0.000,250.0,250.0,23.719,9.724,4.228,28.335,20.188,12.518,7.670,12.371,4.119,0.425,3.694,3.694,0.000,0.000,0.000,
11.11.2025,12:17:32.197,16.313,28.667,19.498,3.026,0.000,250.0,250.0,22.260,7.580,3.787,20.589,15.116,9.369,5.747,9.259,4.119,0.425,3.694,3.694,0.000,0.000,0.000,
11.11.2025,12:17:33.211,16.313,29.935,20.743,3.045,0.000,250.0,250.0,24.083,9.064,4.180,25.853,18.630,11.556,7.074,11.409,4.119,0.425,3.694,3.694,0.000,0.000,0.000,
11.11.2025,12:17:34.208,19.032,27.605,18.392,2.991,0.000,250.0,250.0,25.622,8.985,4.253,25.487,18.449,11.436,7.013,11.301,4.111,0.425,3.686,3.686,0.000,0.000,0.000,
11.11.2025,12:17:35.207,16.313,25.844,16.645,3.029,0.000,250.0,250.0,20.847,9.586,4.277,27.768,19.886,12.332,7.554,12.172,4.098,0.421,3.677,3.677,0.000,0.000,0.000,
11.11.2025,12:17:36.211,17.672,28.187,19.051,2.983,0.000,250.0,250.0,19.930,6.722,3.469,17.656,13.095,8.120,4.975,8.021,4.105,0.428,3.677,3.677,0.000,0.000,0.000,
11.11.2025,12:17:37.210,23.110,28.803,19.613,3.004,0.000,250.0,250.0,17.312,6.058,3.003,15.568,11.509,7.144,4.365,7.058,4.122,0.436,3.686,3.686,0.000,0.000,0.000,
11.11.2025,12:17:38.209,17.672,26.801,17.637,2.984,0.000,250.0,250.0,20.093,6.120,3.310,15.509,11.657,7.235,4.422,7.149,4.115,0.429,3.686,3.686,0.000,0.000,0.000,
11.11.2025,12:17:39.208,16.313,28.232,19.054,3.033,0.000,250.0,250.0,24.345,9.383,4.254,26.999,19.387,12.015,7.372,11.868,4.119,0.425,3.694,3.694,0.000,0.000,0.000,
11.11.2025,12:17:40.207,20.391,28.081,18.936,3.010,0.000,250.0,250.0,25.720,8.846,4.254,24.876,18.071,11.204,6.867,11.068,4.214,0.480,3.734,3.694,0.000,0.000,0.000,
11.11.2025,12:17:41.202,20.391,28.306,19.163,2.980,0.000,250.0,250.0,20.982,7.378,3.678,19.947,14.648,9.081,5.567,8.970,4.102,0.425,3.677,3.686,0.000,0.000,0.000,
11.11.2025,12:17:42.204,17.672,27.837,18.633,3.030,0.000,250.0,250.0,23.443,9.015,4.168,25.685,18.520,11.483,7.037,11.336,4.111,0.425,3.686,3.694,0.000,0.000,0.000,
11.11.2025,12:17:43.203,17.672,27.839,18.537,3.086,0.000,250.0,250.0,23.490,5.461,3.089,13.136,10.065,6.243,3.822,6.157,4.200,0.473,3.727,3.694,0.000,0.000,0.000,
11.11.2025,12:17:44.199,23.110,28.917,19.779,3.012,0.000,250.0,250.0,19.864,7.069,3.690,18.751,13.922,8.638,5.284,8.528,4.102,0.425,3.677,3.677,0.000,0.000,0.000,
11.11.2025,12:17:45.199,19.032,27.114,17.923,3.016,0.000,250.0,250.0,22.563,6.734,3.261,17.845,13.091,8.113,4.978,8.015,4.175,0.465,3.710,3.686,0.000,0.000,0.375,
11.11.2025,12:17:46.214,23.110,27.994,18.817,3.012,0.000,250.0,250.0,22.522,6.616,3.506,17.209,12.849,7.960,4.889,7.861,4.102,0.425,3.677,3.686,0.000,0.000,0.000,
11.11.2025,12:17:47.208,23.110,29.504,20.308,3.037,0.000,250.0,250.0,23.777,6.960,3.580,18.426,13.657,8.470,5.187,8.359,4.119,0.425,3.694,3.686,0.000,0.000,0.000,
11.11.2025,12:17:48.206,17.672,29.113,19.993,2.977,0.000,250.0,250.0,24.012,3.953,2.857,7.667,6.535,4.049,2.486,4.000,4.123,0.429,3.694,3.686,0.000,0.000,0.000,
11.11.2025,12:17:49.204,17.672,28.067,18.855,3.036,0.000,250.0,250.0,21.390,5.465,3.249,13.056,10.107,6.263,3.844,6.190,4.123,0.429,3.694,3.694,0.000,0.000,0.000,
11.11.2025,12:17:50.205,16.313,28.415,19.267,3.017,0.000,250.0,250.0,22.387,8.915,4.229,25.214,18.259,11.322,6.937,11.187,4.153,0.457,3.696,3.694,0.000,0.000,0.000,
11.11.2025,12:17:51.201,19.032,30.318,21.161,3.017,0.000,250.0,250.0,23.588,7.278,3.641,19.581,14.396,8.930,5.466,8.820,4.127,0.433,3.694,3.694,0.000,0.000,0.000,
11.11.2025,12:17:52.200,10.875,28.545,19.339,3.020,0.000,250.0,250.0,22.881,6.373,3.383,16.388,12.265,7.607,4.658,7.509,4.118,0.432,3.686,3.686,0.000,0.000,0.000,
11.11.2025,12:17:53.212,23.110,26.984,17.777,3.053,0.000,250.0,250.0,22.338,7.589,3.775,20.636,15.137,9.387,5.750,9.277,4.118,0.432,3.686,3.686,0.000,0.000,1.125,
11.11.2025,12:17:54.210,20.391,30.550,21.364,3.030,0.000,250.0,250.0,25.342,6.192,3.433,15.602,11.810,7.324,4.486,7.226,4.172,0.441,3.731,3.694,0.000,0.000,0.000,
11.11.2025,12:17:55.213,16.313,28.383,19.249,3.004,0.000,250.0,250.0,23.978,9.350,4.216,26.846,19.268,11.949,7.319,11.801,4.206,0.481,3.725,3.686,0.000,0.000,0.000,
11.11.2025,12:17:56.199,19.032,27.220,18.081,3.009,0.000,250.0,250.0,22.570,7.597,3.849,20.563,15.141,9.389,5.752,9.279,4.153,0.457,3.696,3.694,0.000,0.000,0.000,
11.11.2025,12:17:57.209,16.313,26.976,17.719,3.049,0.000,250.0,250.0,23.435,6.711,3.506,17.537,13.051,8.086,4.965,7.988,4.146,0.458,3.688,3.686,0.000,0.000,0.000,
11.11.2025,12:17:58.207,17.672,28.173,19.098,2.971,0.000,250.0,250.0,21.667,6.616,3.469,17.230,12.836,7.959,4.877,7.861,4.123,0.429,3.694,3.686,0.000,0.000,0.000,
11.11.2025,12:17:59.204,20.391,26.466,17.235,3.055,0.000,250.0,250.0,20.657,8.370,3.971,23.411,16.990,10.528,6.462,10.406,4.118,0.432,3.686,3.694,0.000,0.000,0.000,
11.11.2025,12:18:0.201,21.750,28.202,18.969,3.056,0.000,250.0,250.0,21.047,9.379,4.143,27.081,19.371,12.013,7.358,11.866,4.131,0.453,3.678,3.694,0.000,0.000,0.000,
11.11.2025,12:18:1.200,14.953,27.473,18.259,3.056,0.000,250.0,250.0,25.184,7.500,3.739,20.326,14.924,9.249,5.675,9.138,4.126,0.432,3.694,3.694,0.000,0.000,0.000,
11.11.2025,12:18:2.200,24.469,27.875,18.624,3.036,0.000,250.0,250.0,22.167,7.917,3.739,21.889,15.904,9.857,6.047,9.734,4.151,0.457,3.694,3.694,0.000,0.000,0.000,
11.11.2025,12:18:3.202,20.391,28.356,19.116,3.082,0.000,250.0,250.0,24.328,8.255,3.947,22.982,16.699,10.358,6.341,10.235,4.145,0.457,3.688,3.694,0.000,0.000,0.000,
11.11.2025,12:18:4.204,17.672,29.706,20.549,3.031,0.000,250.0,250.0,25.037,7.487,3.825,20.199,14.886,9.236,5.650,9.126,4.126,0.432,3.694,3.694,0.000,0.000,0.000,
11.11.2025,12:18:5.204,20.391,28.588,19.364,3.043,0.000,250.0,250.0,17.979,8.430,3.959,23.642,17.113,10.614,6.499,10.492,4.143,0.457,3.686,3.694,0.000,0.000,0.000,
11.11.2025,12:18:6.206,19.032,27.917,18.853,2.991,0.000,250.0,250.0,19.603,8.107,3.873,22.498,16.349,10.146,6.203,10.023,4.144,0.457,3.687,3.694,0.000,0.000,0.000,
11.11.2025,12:18:7.203,23.110,27.825,18.607,3.057,0.000,250.0,250.0,22.660,4.780,2.942,10.661,8.443,5.231,3.212,5.169,4.223,0.453,3.770,3.694,0.000,0.000,0.000,
11.11.2025,12:18:8.201,17.672,26.937,17.731,3.042,0.000,250.0,250.0,22.511,6.670,3.494,17.415,12.966,8.038,4.928,7.939,4.115,0.429,3.686,3.686,0.000,0.000,0.000,
11.11.2025,12:18:9.203,16.313,27.885,18.678,2.999,0.000,250.0,250.0,22.636,4.050,2.660,8.249,6.765,4.194,2.571,4.145,4.115,0.429,3.686,3.686,0.000,0.000,0.000,
11.11.2025,12:18:10.201,16.313,30.708,21.605,2.985,0.000,250.0,250.0,21.847,7.292,3.690,19.593,14.433,8.955,5.478,8.844,4.118,0.432,3.686,3.694,0.000,0.000,0.000,
11.11.2025,12:18:11.201,21.750,27.989,18.744,3.040,0.000,250.0,250.0,22.531,8.338,3.911,23.340,16.899,10.471,6.428,10.348,4.138,0.436,3.702,3.702,0.000,0.000,0.000,
11.11.2025,12:18:12.205,32.625,27.175,17.982,3.058,0.000,250.0,250.0,24.951,5.279,3.126,12.430,9.644,5.978,3.666,5.904,4.171,0.440,3.731,3.694,0.000,0.000,0.000,
11.11.2025,12:18:13.207,28.547,33.316,23.388,3.672,0.000,250.0,250.0,22.273,9.272,4.204,26.635,19.125,11.866,7.259,11.718,4.111,0.425,3.686,3.686,0.000,0.000,0.000,
11.11.2025,12:18:14.205,19.032,27.230,17.737,3.279,0.000,250.0,250.0,20.198,6.198,3.469,15.624,11.846,7.348,4.498,7.250,4.123,0.429,3.694,3.694,0.000,0.000,0.000,
11.11.2025,12:18:15.202,12.235,27.916,18.652,3.059,0.000,250.0,250.0,23.376,6.454,3.506,16.560,12.442,7.721,4.721,7.622,4.131,0.429,3.702,3.702,0.000,0.000,0.000,
11.11.2025,12:18:16.206,19.032,29.363,20.237,3.009,0.000,250.0,250.0,22.456,7.325,3.702,19.697,14.514,8.996,5.518,8.886,4.119,0.425,3.694,3.694,0.000,0.000,0.000,
11.11.2025,12:18:17.205,14.953,29.807,20.582,3.017,0.000,250.0,250.0,21.731,4.110,2.783,8.340,6.908,4.285,2.623,4.224,4.123,0.429,3.694,3.694,0.000,0.000,0.000,
11.11.2025,12:18:18.203,20.391,29.186,19.976,3.041,0.000,250.0,250.0,23.786,9.457,4.278,27.272,19.561,12.132,7.429,11.985,4.111,0.425,3.686,3.686,0.000,0.000,0.000,
11.11.2025,12:18:19.203,17.672,29.530,20.250,3.082,0.000,250.0,250.0,23.282,8.252,4.057,22.881,16.709,10.357,6.352,10.234,4.122,0.436,3.686,3.686,0.000,0.000,0.000,
11.11.2025,12:18:20.213,24.469,27.751,18.640,2.995,0.000,250.0,250.0,21.706,4.188,3.028,8.392,7.091,4.395,2.696,4.345,4.123,0.429,3.694,3.686,0.000,0.000,0.000,
11.11.2025,12:18:21.211,20.391,27.164,17.957,3.034,0.000,250.0,250.0,20.952,6.686,3.530,17.409,12.987,8.048,4.939,7.950,4.151,0.457,3.694,3.694,0.000,0.000,0.000,
11.11.2025,12:18:22.208,17.672,29.878,20.684,3.052,0.000,250.0,250.0,23.839,6.739,3.371,17.797,13.130,8.139,4.991,8.041,4.119,0.425,3.694,3.686,0.000,0.000,0.000,
11.11.2025,12:18:23.206,17.672,28.524,19.268,3.049,0.000,250.0,250.0,21.719,9.061,3.984,26.012,18.605,11.539,7.066,11.404,4.153,0.457,3.696,3.694,0.000,0.000,0.000,
11.11.2025,12:18:24.202,16.313,28.367,19.195,3.055,0.000,250.0,250.0,23.453,6.771,3.421,17.870,13.196,8.191,5.005,8.093,4.119,0.425,3.694,3.694,0.000,0.000,0.000,
11.11.2025,12:18:25.199,24.469,26.867,17.623,3.031,0.000,250.0,250.0,23.278,6.595,3.396,17.188,12.757,7.915,4.842,7.817,4.173,0.473,3.700,3.686,0.000,0.000,0.000,
11.11.2025,12:18:26.213,17.672,28.341,19.136,3.078,0.000,250.0,250.0,24.104,6.463,3.359,16.755,12.474,7.738,4.736,7.639,4.119,0.425,3.694,3.694,0.000,0.000,0.000,
11.11.2025,12:18:27.209,21.750,27.464,18.243,3.023,0.000,250.0,250.0,22.347,7.631,3.653,20.921,15.242,9.453,5.789,9.330,4.111,0.425,3.686,3.694,0.000,0.000,0.000,
11.11.2025,12:18:28.201,19.032,27.821,18.633,3.023,0.000,250.0,250.0,20.990,8.144,3.800,22.650,16.390,10.161,6.229,10.050,4.232,0.499,3.733,3.694,0.000,0.000,0.000,
11.11.2025,12:18:29.205,16.313,26.730,17.490,3.052,0.000,250.0,250.0,22.208,13.612,2.734,9.149,7.373,4.567,2.806,4.518,4.124,0.430,3.694,96.728,0.000,0.000,0.000,
11.11.2025,12:18:30.199,20.391,28.178,19.020,3.001,0.000,250.0,250.0,24.947,7.134,3.457,19.229,14.062,8.715,5.347,8.617,4.111,0.425,3.686,3.686,0.000,0.000,0.000,
11.11.2025,12:18:31.201,21.750,27.791,18.701,2.986,0.000,250.0,250.0,21.907,7.050,3.396,18.971,13.861,8.597,5.264,8.499,4.115,0.429,3.686,3.686,0.000,0.000,0.000,
11.11.2025,12:18:32.200,20.391,29.431,20.218,3.058,0.000,250.0,250.0,21.353,7.376,3.604,19.991,14.634,9.068,5.566,8.958,4.123,0.429,3.694,3.694,0.000,0.000,0.000,
11.11.2025,12:18:33.198,28.547,26.823,17.544,3.069,0.000,250.0,250.0,23.776,7.985,3.726,22.147,16.042,9.945,6.097,9.834,4.181,0.449,3.732,3.694,0.000,0.000,0.000,
11.11.2025,12:18:34.200,14.953,28.653,19.441,3.045,0.000,250.0,250.0,22.512,7.120,3.567,19.052,14.026,8.703,5.323,8.592,4.123,0.429,3.694,3.694,0.000,0.000,0.000,
11.11.2025,12:18:35.201,17.672,26.402,17.264,3.000,0.000,250.0,250.0,20.682,7.285,3.555,19.702,14.413,8.945,5.468,8.834,4.119,0.425,3.694,3.694,0.000,0.000,0.000,
11.11.2025,12:18:36.205,17.672,28.642,19.435,3.025,0.000,250.0,250.0,22.785,8.445,3.677,23.981,17.145,10.636,6.509,10.500,4.152,0.457,3.695,3.694,0.000,0.000,0.000,
11.11.2025,12:18:37.202,13.594,28.106,18.920,3.006,0.000,250.0,250.0,25.813,9.342,4.057,27.040,19.285,11.964,7.321,11.817,4.119,0.425,3.694,3.694,0.000,0.000,0.000,
11.11.2025,12:18:38.201,13.594,28.106,18.920,3.006,0.000,250.0,250.0,23.904,6.419,3.163,16.789,12.367,7.671,4.696,7.573,4.123,0.437,3.686,3.686,0.000,0.000,0.000,
11.11.2025,12:18:39.199,25.829,27.338,18.223,2.997,0.000,250.0,250.0,22.239,6.641,3.310,17.491,12.901,7.994,4.907,7.895,4.115,0.429,3.686,3.686,0.000,0.000,0.000,
11.11.2025,12:18:40.212,21.750,28.283,19.133,2.998,0.000,250.0,250.0,23.031,6.936,3.531,18.325,13.549,8.397,5.152,8.299,4.208,0.473,3.735,3.694,0.000,0.125,0.000,
11.11.2025,12:18:41.212,20.391,27.141,17.859,3.047,0.000,250.0,250.0,23.130,8.766,4.058,24.774,17.884,11.087,6.797,10.951,4.207,0.473,3.734,3.694,0.000,0.000,0.000,
11.11.2025,12:18:42.211,13.594,27.791,18.671,2.996,0.000,250.0,250.0,23.070,8.962,4.155,25.487,18.386,11.398,6.988,11.263,4.126,0.432,3.694,3.694,0.000,0.000,0.000,
11.11.2025,12:18:43.207,19.032,27.142,17.927,3.034,0.000,250.0,250.0,23.922,8.416,3.886,23.633,17.064,10.578,6.486,10.455,4.181,0.449,3.732,3.694,0.000,0.000,0.000,
11.11.2025,12:18:44.208,19.032,29.288,20.098,3.039,0.000,250.0,250.0,24.797,6.616,3.273,17.426,12.834,7.966,4.868,7.867,4.118,0.432,3.686,3.694,0.000,0.000,0.000,
11.11.2025,12:18:45.211,20.391,28.686,19.543,3.015,0.000,250.0,250.0,21.509,5.745,3.273,14.086,10.773,6.678,4.095,6.592,4.131,0.429,3.702,3.694,0.000,0.000,0.000,
11.11.2025,12:18:46.211,39.422,28.910,19.720,2.975,0.000,250.0,250.0,20.813,8.180,3.874,22.771,16.521,10.252,6.269,10.129,4.146,0.458,3.688,3.694,0.000,0.000,0.000,
11.11.2025,12:18:47.208,27.188,35.614,25.733,3.631,0.000,250.0,250.0,24.564,6.148,3.261,15.628,11.708,7.261,4.447,7.175,4.152,0.457,3.695,3.694,0.000,0.000,0.000,
11.11.2025,12:18:48.207,20.391,32.919,23.197,3.511,0.000,250.0,250.0,20.669,7.308,3.530,19.509,14.286,8.857,5.429,8.746,4.513,0.778,3.735,3.694,0.000,0.000,0.000,
11.11.2025,12:18:49.202,16.313,28.665,19.468,3.023,0.000,250.0,250.0,22.118,8.004,3.812,22.182,16.114,9.998,6.116,9.875,4.126,0.432,3.694,3.694,0.000,0.000,0.000,
11.11.2025,12:18:50.203,21.750,27.963,18.815,2.994,0.000,250.0,250.0,23.177,5.568,3.249,13.442,10.350,6.417,3.933,6.343,4.131,0.429,3.702,3.686,0.000,0.000,0.000,
11.11.2025,12:18:51.203,23.110,27.846,18.625,3.054,0.000,250.0,250.0,23.880,9.076,4.094,25.969,18.637,11.560,7.077,11.425,4.154,0.458,3.696,3.694,0.000,0.000,0.000,
11.11.2025,12:18:52.202,16.313,28.552,19.305,3.063,0.000,250.0,250.0,23.498,7.925,3.849,21.762,15.879,9.845,6.034,9.734,4.224,0.454,3.770,3.694,0.000,0.000,0.000,
11.11.2025,12:18:53.214,19.032,26.979,17.787,3.053,0.000,250.0,250.0,27.409,4.315,2.697,9.208,7.391,4.582,2.809,4.521,4.123,0.429,3.694,3.694,0.000,0.000,0.000,
11.11.2025,12:18:54.199,17.672,27.441,18.265,3.049,0.000,250.0,250.0,22.916,5.517,3.090,13.412,10.231,6.345,3.886,6.271,4.123,0.429,3.694,3.686,0.000,0.000,0.000,
11.11.2025,12:18:55.213,19.032,29.094,19.851,3.075,0.000,250.0,250.0,23.487,9.648,4.229,28.001,19.996,12.393,7.603,12.246,4.159,0.471,3.688,3.694,0.000,0.000,0.000,
11.11.2025,12:18:56.209,23.110,27.022,17.741,3.055,0.000,250.0,250.0,23.420,7.751,3.763,21.238,15.505,9.620,5.885,9.497,4.154,0.458,3.696,3.694,0.000,0.000,0.000,
11.11.2025,12:18:57.209,24.469,29.462,20.294,3.046,0.000,250.0,250.0,21.523,5.408,3.053,12.954,9.929,6.152,3.777,6.078,4.219,0.448,3.771,3.694,0.000,0.000,0.000,
11.11.2025,12:18:58.207,19.032,27.684,18.494,3.050,0.000,250.0,250.0,22.862,6.383,3.224,16.557,12.268,7.609,4.659,7.510,4.159,0.471,3.688,3.686,0.000,0.000,0.000,
11.11.2025,12:18:59.208,17.672,28.988,19.769,3.056,0.000,250.0,250.0,21.549,7.152,3.482,19.257,14.099,8.740,5.359,8.641,4.126,0.432,3.694,3.694,0.000,0.000,0.000,
11.11.2025,12:19:0.202,16.313,29.580,20.350,3.046,0.000,250.0,250.0,22.511,5.656,2.930,14.120,10.560,6.553,4.007,6.479,4.115,0.429,3.686,3.686,0.000,0.000,0.000,
11.11.2025,12:19:1.202,20.391,28.212,18.966,3.096,0.000,250.0,250.0,20.287,6.957,3.420,18.553,13.629,8.455,5.174,8.344,4.152,0.458,3.694,3.694,0.000,0.000,0.000,
11.11.2025,12:19:2.199,19.032,26.891,17.651,3.079,0.000,250.0,250.0,23.021,6.957,3.408,16.298,12.210,7.567,4.643,7.481,4.162,0.470,3.692,3.686,0.000,0.000,0.000,
11.11.2025,12:19:3.213,21.750,29.017,19.698,3.094,0.000,250.0,250.0,22.289,6.362,3.641,19.782,14.535,9.006,5.529,8.896,4.126,0.432,3.694,3.694,0.000,0.000,0.000,
11.11.2025,12:19:4.213,14.953,26.525,17.378,2.980,0.000,250.0,250.0,22.289,7.334,3.641,19.782,14.535,9.006,5.529,8.896,4.126,0.432,3.694,3.694,0.000,0.000,0.000,
11.11.2025,12:19:5.201,24.469,28.198,19.051,3.033,0.000,250.0,250.0,22.699,4.101,2.918,8.176,6.877,4.269,2.608,4.219,4.123,0.429,3.694,3.694,0.000,0.000,0.000,
11.11.2025,12:19:6.201,13.594,28.402,19.168,3.032,0.000,250.0,250.0,24.448,9.180,4.204,26.243,18.888,11.711,7.177,11.576,4.153,0.457,3.696,3.694,0.000,0.000,0.000,
11.11.2025,12:19:7.199,21.750,29.373,20.214,3.033,0.000,250.0,250.0,23.240,8.329,3.873,23.358,16.886,10.463,6.423,10.341,4.119,0.425,3.694,3.702,0.000,0.000,0.000,
11.11.2025,12:19:8.199,17.672,28.550,19.380,3.008,0.000,250.0,250.0,22.565,6.319,3.175,16.390,12.134,7.524,4.610,7.426,4.119,0.425,3.694,3.694,0.000,0.000,0.000,
11.11.2025,12:19:9.200,16.313,29.944,20.785,3.002,0.000,250.0,250.0,22.474,4.205,2.661,8.824,7.135,4.424,2.711,4.362,4.123,0.429,3.694,3.686,0.000,0.000,0.000,
11.11.2025,12:19:10.213,17.672,27.949,18.734,3.022,0.000,250.0,250.0,20.498,9.227,4.033,26.580,18.980,11.769,7.211,11.633,4.184,0.452,3.732,3.694,0.000,0.000,0.000,
11.11.2025,12:19:11.210,17.672,28.619,19.451,3.029,0.000,250.0,250.0,22.665,9.172,4.058,26.340,18.851,11.687,7.164,11.552,4.185,0.453,3.732,3.694,0.000,0.000,0.000,
11.11.2025,12:19:12.208,24.469,30.058,20.810,3.048,0.000,250.0,250.0,22.752,5.058,2.943,11.801,9.150,5.677,3.473,5.604,4.123,0.429,3.694,3.686,0.000,0.375,0.000,
11.11.2025,12:19:13.204,17.672,26.845,17.643,3.058,0.000,250.0,250.0,22.541,5.092,2.955,11.879,9.204,5.709,3.495,5.635,4.173,0.441,3.732,3.702,0.000,0.000,0.000,
11.11.2025,12:19:14.199,19.032,28.190,18.869,3.103,0.000,250.0,250.0,24.401,6.518,3.396,16.930,12.598,7.817,4.781,7.719,4.123,0.429,3.694,3.694,0.000,0.375,0.000,
11.11.2025,12:19:15.210,25.829,31.686,21.808,3.631,0.000,250.0,250.0,21.998,8.154,3.776,22.788,16.473,10.215,6.258,10.092,4.123,0.429,3.694,3.694,0.000,0.000,0.000,
11.11.2025,12:19:16.206,27.188,30.006,20.453,3.300,0.000,250.0,250.0,26.701,9.231,4.193,26.471,19.021,11.796,7.225,11.648,4.127,0.425,3.702,3.702,0.000,0.000,0.000,
11.11.2025,12:19:17.204,14.953,27.160,18.000,3.010,0.000,250.0,250.0,25.403,9.590,4.193,27.866,19.877,12.322,7.555,12.175,4.111,0.425,3.686,3.686,0.000,0.000,0.000,
11.11.2025,12:19:18.202,17.672,28.202,18.997,3.005,0.000,250.0,250.0,27.585,7.945,3.837,21.927,15.980,9.908,6.072,9.785,4.123,0.429,3.694,3.694,0.000,0.000,0.000,
11.11.2025,12:19:19.199,20.391,28.139,18.961,3.027,0.000,250.0,250.0,26.155,8.322,3.898,23.310,16.870,10.456,6.414,10.333,4.123,0.429,3.694,3.694,0.000,0.000,0.000,
11.11.2025,12:19:20.199,20.391,27.388,18.223,2.997,0.000,250.0,250.0,20.862,8.673,4.021,24.525,17.705,10.972,6.733,10.837,4.119,0.425,3.694,3.694,0.000,0.000,0.000,
11.11.2025,12:19:21.199,16.313,28.665,19.552,3.001,0.000,250.0,250.0,22.467,9.617,4.205,27.945,19.936,12.365,7.571,12.217,4.119,0.425,3.694,3.694,0.000,0.000,0.000,
11.11.2025,12:19:22.200,17.672,29.948,20.718,3.024,0.000,250.0,250.0,25.072,6.361,3.286,16.441,12.230,7.584,4.646,7.486,4.123,0.429,3.694,3.694,0.000,0.000,0.000,
11.11.2025,12:19:23.204,20.391,29.189,19.959,3.039,0.000,250.0,250.0,19.009,8.637,3.873,24.541,17.614,10.920,6.694,10.797,4.119,0.425,3.694,3.694,0.000,0.000,0.000,
11.11.2025,12:19:24.203,32.625,29.164,20.054,2.998,0.000,250.0,250.0,25.127,6.822,3.445,18.030,13.312,8.260,5.052,8.162,4.131,0.429,3.702,3.694,0.000,0.000,0.000,
11.11.2025,12:19:25.203,17.672,27.231,18.013,3.031,0.000,250.0,250.0,22.413,5.990,3.335,14.973,11.346,7.043,4.303,6.957,4.123,0.429,3.694,3.694,0.000,0.000,0.000,
11.11.2025,12:19:26.207,21.750,28.739,19.462,3.077,0.000,250.0,250.0,24.638,10.321,4.204,30.622,21.585,13.391,8.194,13.231,4.142,0.447,3.695,3.702,0.000,0.000,0.000,
11.11.2025,12:19:27.206,20.391,27.553,18.350,3.029,0.000,250.0,250.0,23.305,6.619,3.445,17.265,12.836,7.967,4.869,7.869,4.123,0.429,3.694,3.694,0.000,0.000,0.000,
11.11.2025,12:19:28.205,19.032,28.984,19.840,3.024,0.000,250.0,250.0,22.156,6.512,3.482,16.813,12.579,7.796,4.783,7.710,4.130,0.436,3.694,3.694,0.000,0.000,0.000,
11.11.2025,12:19:29.209,36.704,28.443,19.218,3.041,0.000,250.0,250.0,20.047,6.658,3.384,17.392,12.886,7.992,4.894,7.894,4.218,0.474,3.744,3.702,0.000,0.000,0.000,
11.11.2025,12:19:30.203,20.391,28.485,19.343,2.978,0.000,250.0,250.0,21.236,6.917,3.531,18.312,13.545,8.395,5.150,8.296,4.123,0.429,3.694,3.694,0.000,0.000,0.000,
11.11.2025,12:19:31.204,19.032,28.238,19.108,3.000,0.000,250.0,250.0,21.218,9.639,4.131,28.035,19.941,12.372,7.569,12.225,4.206,0.473,3.733,3.702,0.000,0.000,0.000,
11.11.2025,12:19:32.203,20.391,28.737,19.553,3.001,0.000,250.0,250.0,24.245,7.740,3.739,21.213,15.472,9.598,5.874,9.475,4.163,0.458,3.705,3.702,0.000,0.000,0.000,
11.11.2025,12:19:33.200,13.594,29.468,20.174,3.093,0.000,250.0,250.0,25.761,4.129,2.783,8.417,6.945,4.310,2.635,4.261,4.123,0.429,3.694,3.694,0.000,0.000,0.000,
11.11.2025,12:19:34.209,21.750,28.608,19.493,2.990,0.000,250.0,250.0,19.522,8.670,3.935,24.502,17.635,10.937,6.698,10.802,4.250,0.485,3.765,3.694,0.000,0.000,0.000,
11.11.2025,12:19:35.204,20.391,28.470,19.318,2.997,0.000,250.0,250.0,24.211,9.197,4.266,26.273,18.942,11.744,7.198,11.609,4.119,0.425,3.694,3.702,0.000,0.000,0.000,
11.11.2025,12:19:36.214,12.235,29.464,20.216,3.021,0.000,250.0,250.0,20.072,6.495,3.298,16.900,12.519,7.760,4.759,7.674,4.172,0.476,3.696,3.694,0.000,0.000,0.000,
11.11.2025,12:19:37.200,23.110,31.252,22.046,2.996,0.000,250.0,250.0,21.235,5.909,3.298,14.705,11.162,6.921,4.241,6.835,4.119,0.425,3.694,3.694,0.000,0.000,0.000,
11.11.2025,12:19:38.202,29.907,29.867,20.739,2.993,0.000,250.0,250.0,21.777,6.585,3.322,17.263,12.758,7.915,4.843,7.817,4.119,0.425,3.694,3.694,0.000,0.000,0.000,
11.11.2025,12:19:39.200,19.032,27.491,18.342,2.996,0.000,250.0,250.0,22.438,7.960,3.788,22.014,15.998,9.916,6.082,9.805,4.153,0.457,3.696,3.694,0.000,0.000,0.000,
11.11.2025,12:19:40.214,17.672,30.139,20.882,3.066,0.000,250.0,250.0,23.752,8.507,3.849,23.999,17.276,10.714,6.562,10.579,4.194,0.477,3.717,3.702,0.000,0.000,0.000,
11.11.2025,12:19:41.228,17.672,29.002,19.769,3.067,0.000,250.0,250.0,22.467,5.278,3.028,12.489,9.629,5.964,3.665,5.890,4.209,0.474,3.735,3.694,0.000,0.000,0.000,
11.11.2025,12:19:42.225,23.110,28.602,19.372,3.082,0.000,250.0,250.0,22.515,4.481,2.930,9.608,7.778,4.817,2.961,4.756,4.131,0.429,3.702,3.702,0.000,0.000,0.000,
11.11.2025,12:19:43.222,16.313,29.004,19.756,3.048,0.000,250.0,250.0,21.071,5.495,3.236,13.184,10.173,6.315,3.858,6.241,4.123,0.429,3.694,3.694,0.000,0.000,0.000,
11.11.2025,12:19:44.239,20.391,28.945,19.750,3.024,0.000,250.0,250.0,22.962,5.396,3.151,12.887,9.942,6.169,3.773,6.096,4.123,0.429,3.694,3.694,0.000,0.000,0.000,
11.11.2025,12:19:45.240,16.313,27.660,18.482,3.014,0.000,250.0,250.0,22.438,5.483,2.905,13.406,10.109,6.264,3.845,6.190,4.208,0.473,3.735,3.694,0.000,0.000,0.000,
11.11.2025,12:19:46.257,27.188,28.434,19.320,2.960,0.000,250.0,250.0,20.183,7.681,3.690,21.064,15.359,9.523,5.836,9.400,4.119,0.425,3.694,3.694,0.000,0.000,0.000,
11.11.2025,12:19:47.254,24.469,29.170,20.018,2.972,0.000,250.0,250.0,22.230,6.033,3.261,15.192,11.438,7.089,4.349,7.003,4.154,0.457,3.697,3.694,0.000,0.000,0.000,
11.11.2025,12:19:48.251,14.953,28.070,18.927,2.989,0.000,250.0,250.0,19.642,5.323,3.052,12.674,9.755,6.045,3.710,5.971,4.161,0.457,3.704,3.702,0.000,0.000,0.000,
11.11.2025,12:19:49.263,19.032,26.885,17.750,2.960,0.000,250.0,250.0,19.907,6.960,3.653,18.354,13.647,8.463,5.184,8.353,4.123,0.429,3.694,3.694,0.000,0.000,0.000,
11.11.2025,12:19:50.263,17.672,28.822,19.749,2.948,0.000,250.0,250.0,21.279,4.919,3.102,11.076,8.796,5.450,3.346,5.388,4.174,0.441,3.733,3.686,0.000,0.000,0.000,
11.11.2025,12:19:51.261,24.469,29.436,20.261,2.980,0.000,250.0,250.0,21.814,6.445,3.433,16.601,12.425,7.706,4.719,7.608,4.126,0.432,3.694,3.702,0.000,0.000,0.000,
11.11.2025,12:19:52.273,21.750,29.024,19.858,3.016,0.000,250.0,250.0,22.697,6.601,3.420,17.215,12.794,7.939,4.855,7.841,4.126,0.432,3.694,3.694,0.000,0.000,0.000,
11.11.2025,12:19:53.265,21.750,29.131,19.937,2.978,0.000,250.0,250.0,23.850,6.898,3.396,18.346,13.477,8.354,5.123,8.255,4.162,0.458,3.704,3.702,0.000,0.000,0.000,
11.11.2025,12:19:54.265,19.032,27.385,18.246,3.017,0.000,250.0,250.0,20.122,8.447,3.984,23.687,17.160,10.638,6.522,10.515,4.134,0.432,3.702,3.694,0.000,0.000,0.000,
11.11.2025,12:19:55.263,24.469,29.187,20.047,2.990,0.000,250.0,250.0,23.548,4.469,2.759,9.704,7.726,4.798,2.928,4.736,4.177,0.445,3.732,3.686,0.000,0.000,0.000,
11.11.2025,12:19:56.266,16.313,28.816,19.617,2.984,0.000,250.0,250.0,21.289,6.640,3.347,17.436,12.885,7.992,4.893,7.893,4.131,0.429,3.702,3.694,0.000,0.000,0.000,
11.11.2025,12:19:57.262,23.110,28.131,19.007,2.979,0.000,250.0,250.0,23.221,8.528,3.935,24.041,17.348,10.762,6.586,10.627,4.139,0.437,3.702,3.702,0.000,0.000,0.000,
11.11.2025,12:19:58.268,17.672,28.600,19.420,2.999,0.000,250.0,250.0,24.040,7.073,3.580,18.865,13.905,8.623,5.282,8.524,4.126,0.432,3.694,3.694,0.000,0.000,0.000,
11.11.2025,12:19:59.268,17.672,27.697,18.553,2.997,0.000,250.0,250.0,23.201,8.317,4.021,23.155,16.857,10.456,6.401,10.320,4.131,0.437,3.694,3.694,0.000,0.000,0.000,
11.11.2025,12:20:0.261,23.110,28.868,19.765,2.947,0.000,250.0,250.0,21.745,6.487,3.543,16.664,12.520,7.765,4.755,7.679,4.123,0.429,3.694,3.694,0.000,0.000,0.000,
11.11.2025,12:20:1.264,16.313,29.090,19.993,2.977,0.000,250.0,250.0,21.576,6.908,3.531,18.275,13.517,8.381,5.136,8.283,4.127,0.425,3.702,3.702,0.000,0.000,0.000,
11.11.2025,12:20:2.272,16.313,29.127,19.934,3.020,0.000,250.0,250.0,22.443,6.626,3.482,17.246,12.862,7.968,4.894,7.869,4.123,0.429,3.694,3.694,0.000,0.000,0.000,
11.11.2025,12:20:3.267,20.391,27.876,18.714,3.022,0.000,250.0,250.0,24.093,6.884,3.481,18.232,13.462,8.340,5.122,8.241,4.131,0.429,3.702,3.702,0.000,0.000,0.000,
11.11.2025,12:20:4.270,17.672,30.335,21.146,2.981,0.000,250.0,250.0,22.486,8.000,3.788,22.139,16.069,9.963,6.106,9.853,4.188,0.448,3.740,3.702,0.000,0.000,0.000,
11.11.2025,12:20:5.264,16.313,28.829,19.684,2.976,0.000,250.0,250.0,21.148,5.559,3.187,13.461,10.330,6.407,3.923,6.321,4.131,0.429,3.702,3.702,0.000,0.000,0.000,
11.11.2025,12:20:6.261,19.032,27.941,18.783,3.012,0.000,250.0,250.0,22.316,4.152,2.844,8.443,6.999,4.342,2.657,4.293,4.123,0.429,3.694,3.694,0.000,0.000,0.000,
11.11.2025,12:20:7.271,20.391,28.841,19.754,2.921,0.000,250.0,250.0,23.691,6.741,3.396,17.767,13.124,8.135,4.989,8.037,4.131,0.429,3.702,3.702,0.000,0.000,0.000,
11.11.2025,12:20:8.288,19.032,28.597,19.478,2.958,0.000,250.0,250.0,21.311,4.228,2.685,8.890,7.187,4.455,2.732,4.393,4.123,0.429,3.694,3.694,0.000,0.000,0.000,
11.11.2025,12:20:9.281,20.391,29.103,20.021,2.964,0.000,250.0,250.0,22.323,8.177,3.886,22.744,16.511,10.246,6.265,10.123,4.149,0.438,3.711,3.694,0.000,0.000,0.000,
11.11.2025,12:20:10.285,19.032,28.571,19.419,2.970,0.000,250.0,250.0,21.778,4.794,2.955,10.780,8.526,5.290,3.236,5.216,4.123,0.429,3.694,3.694,0.000,0.000,0.000,
11.11.2025,12:20:11.281,17.672,28.740,19.622,2.954,0.000,250.0,250.0,22.686,7.311,3.604,19.749,14.475,8.982,5.493,8.872,4.119,0.425,3.694,3.694,0.000,0.000,0.000,
11.11.2025,12:20:12.280,19.032,28.218,19.082,2.979,0.000,250.0,250.0,21.467,7.249,3.641,19.462,14.329,8.885,5.444,8.774,4.130,0.436,3.694,3.694,0.000,0.000,0.000,
11.11.2025,12:20:13.280,16.313,26.716,17.561,2.980,0.000,250.0,250.0,22.049,8.550,4.106,23.954,17.402,10.795,6.607,10.659,4.138,0.427,3.711,3.702,0.000,0.000,0.000,
11.11.2025,12:20:14.277,19.032,27.237,18.113,2.982,0.000,250.0,250.0,21.933,5.546,3.200,13.412,10.307,6.384,3.923,6.310,4.120,0.426,3.694,3.686,0.000,0.000,0.000,
11.11.2025,12:20:15.290,32.625,28.135,18.865,3.042,0.000,250.0,250.0,22.697,7.488,3.665,20.354,14.887,9.237,5.650,9.126,4.127,0.425,3.702,3.702,0.000,0.000,0.000,
11.11.2025,12:20:16.280,33.985,35.362,25.564,3.565,0.000,250.0,250.0,22.287,5.777,3.126,14.369,10.844,6.725,4.119,6.652,4.119,0.425,3.694,3.694,0.000,0.000,0.000,
11.11.2025,12:20:17.278,17.672,28.373,19.059,3.126,0.000,250.0,250.0,21.859,6.200,3.261,15.835,11.845,7.348,4.497,7.249,4.138,0.427,3.711,3.694,0.000,0.000,0.000,
11.11.2025,12:20:18.279,16.313,29.937,20.748,2.988,0.000,250.0,250.0,20.258,9.515,4.229,27.504,19.680,12.211,7.469,12.064,4.138,0.427,3.711,3.711,0.000,0.000,0.000,
11.11.2025,12:20:19.295,17.672,29.986,20.859,2.977,0.000,250.0,250.0,24.436,7.925,3.776,21.914,15.923,9.878,6.045,9.756,4.127,0.425,3.702,3.702,0.000,0.000,0.000,
11.11.2025,12:20:20.311,17.672,27.501,18.367,2.989,0.000,250.0,250.0,22.189,7.669,3.788,20.913,15.325,9.507,5.818,9.384,4.130,0.436,3.694,3.694,0.000,0.500,0.000,
11.11.2025,12:20:21.325,17.672,27.445,18.307,3.017,0.000,250.0,250.0,20.596,7.406,3.788,19.914,14.695,9.117,5.578,9.007,4.127,0.425,3.702,3.702,0.000,0.000,0.375,
11.11.2025,12:20:22.334,27.188,30.694,21.425,3.036,0.000,250.0,250.0,23.103,9.450,4.266,27.240,19.548,12.115,7.433,11.967,4.119,0.425,3.694,3.694,0.000,0.000,0.000,
11.11.2025,12:20:23.329,20.391,28.242,19.091,3.004,0.000,250.0,250.0,23.134,7.605,3.788,20.662,15.166,9.402,5.764,9.291,4.138,0.436,3.702,3.702,0.000,0.125,0.000,
11.11.2025,12:20:24.331,19.032,29.122,19.976,3.009,0.000,250.0,250.0,20.831,6.404,3.334,16.555,12.328,7.645,4.683,7.559,4.119,0.425,3.694,3.694,0.000,0.000,0.000,
11.11.2025,12:20:25.328,19.032,29.122,19.976,3.009,0.000,250.0,250.0,18.135,4.319,2.734,9.186,7.401,4.593,2.808,4.531,4.123,0.429,3.694,3.694,0.000,0.000,0.000,
11.11.2025,12:20:26.324,23.110,28.125,18.987,2.967,0.000,250.0,250.0,17.619,4.924,2.930,11.309,8.814,5.470,3.344,5.409,4.131,0.429,3.702,3.702,0.000,0.000,0.000,
11.11.2025,12:20:27.323,17.672,28.065,18.819,3.023,0.000,250.0,250.0,22.806,7.122,3.579,19.035,14.027,8.696,5.331,8.586,4.134,0.432,3.702,3.694,0.000,0.000,0.000,
11.11.2025,12:20:28.328,19.032,28.427,19.314,2.973,0.000,250.0,250.0,23.188,6.444,3.481,16.567,12.427,7.712,4.715,7.614,4.115,0.429,3.686,3.694,0.000,0.000,0.000,
11.11.2025,12:20:29.324,20.391,27.730,18.572,3.008,0.000,250.0,250.0,19.208,4.004,2.734,7.984,6.654,4.120,2.534,4.071,4.123,0.429,3.694,3.694,0.000,0.000,0.000,
11.11.2025,12:20:30.326,17.672,29.129,19.941,2.973,0.000,250.0,250.0,20.992,3.939,2.624,7.855,6.494,4.034,2.460,3.985,4.123,0.429,3.694,3.694,0.000,0.000,0.000,
11.11.2025,12:20:31.329,24.469,27.208,18.107,2.986,0.000,250.0,250.0,22.672,4.025,2.648,8.149,6.693,4.158,2.535,4.109,4.131,0.429,3.702,3.694,0.000,0.000,0.000,
11.11.2025,12:20:32.324,19.032,27.833,18.715,2.987,0.000,250.0,250.0,20.958,7.694,3.714,21.090,15.381,9.533,5.848,9.422,4.126,0.432,3.694,3.702,0.000,0.000,0.000,
11.11.2025,12:20:33.325,20.391,30.463,21.264,3.034,0.000,250.0,250.0,20.378,6.829,3.420,18.068,13.321,8.258,5.063,8.160,4.152,0.457,3.695,3.694,0.000,0.000,0.000,
11.11.2025,12:20:34.328,10.875,28.855,19.655,3.024,0.000,250.0,250.0,22.039,7.814,3.751,21.514,15.661,9.716,5.945,9.593,4.134,0.432,3.702,3.694,0.000,0.000,0.000,
11.11.2025,12:20:35.333,27.188,29.828,20.645,3.017,0.000,250.0,250.0,22.749,4.230,2.955,8.631,7.184,4.453,2.731,4.404,4.123,0.429,3.694,3.694,0.000,0.000,0.000,
11.11.2025,12:20:36.329,20.391,29.797,20.593,2.991,0.000,250.0,250.0,23.488,3.975,2.795,7.815,6.582,4.084,2.498,4.035,4.123,0.429,3.694,3.694,0.000,0.000,0.000,
11.11.2025,12:20:37.328,14.953,30.955,21.849,2.955,0.000,250.0,250.0,19.015,4.752,2.881,10.598,8.363,5.178,3.185,5.116,4.242,0.454,3.788,3.711,0.000,0.000,0.000,
11.11.2025,12:20:38.326,19.032,27.661,18.506,2.979,0.000,250.0,250.0,19.711,8.546,3.996,24.062,17.398,10.792,6.606,10.657,4.126,0.432,3.694,3.694,0.000,0.000,0.000,
11.11.2025,12:20:39.340,17.672,27.917,18.787,3.008,0.000,250.0,250.0,23.357,6.696,3.297,17.684,13.010,8.059,4.951,7.960,4.153,0.457,3.696,3.694,0.000,0.000,0.000,
11.11.2025,12:20:40.353,20.391,27.490,18.296,2.978,0.000,250.0,250.0,22.776,3.960,2.624,7.919,6.538,4.063,2.475,4.014,4.131,0.429,3.702,3.702,0.000,0.000,0.000,
11.11.2025,12:20:41.347,17.672,30.926,21.789,3.003,0.000,250.0,250.0,24.013,6.813,3.347,18.105,13.296,8.245,5.051,8.147,4.123,0.429,3.694,3.694,0.000,0.000,0.000,
11.11.2025,12:20:42.344,17.672,28.719,19.533,3.014,0.000,250.0,250.0,23.418,9.336,4.143,26.899,19.256,11.937,7.319,11.789,4.159,0.457,3.702,3.702,0.000,0.000,0.000,
11.11.2025,12:20:43.347,16.313,27.831,18.560,3.059,0.000,250.0,250.0,23.341,5.984,3.126,15.083,11.289,6.997,4.292,6.924,4.216,0.481,3.735,3.694,0.000,0.000,0.000,
11.11.2025,12:20:44.358,20.391,27.786,18.650,2.987,0.000,250.0,250.0,21.501,7.387,3.715,19.927,14.649,9.082,5.567,8.984,4.126,0.432,3.694,3.694,0.000,1.000,0.000,
11.11.2025,12:20:45.358,19.032,30.088,20.562,3.293,0.000,250.0,250.0,23.321,7.055,3.580,18.759,13.852,8.592,5.260,8.481,4.161,0.457,3.704,3.702,0.000,0.000,0.000,
11.11.2025,12:20:46.357,17.672,30.533,21.381,3.022,0.000,250.0,250.0,26.564,6.574,3.298,17.234,12.728,7.895,4.833,7.796,4.131,0.429,3.702,3.694,0.000,0.000,0.000,
11.11.2025,12:20:47.356,19.032,29.179,19.975,3.017,0.000,250.0,250.0,23.158,8.751,3.935,24.880,17.871,11.086,6.785,10.951,4.150,0.456,3.694,3.702,0.000,0.000,0.000,
11.11.2025,12:20:48.355,19.032,29.547,20.439,2.969,0.000,250.0,250.0,21.757,5.550,2.967,13.618,10.288,6.375,3.913,6.301,4.173,0.441,3.732,3.694,0.000,0.000,0.000,
11.11.2025,12:20:49.369,27.188,28.697,19.513,2.985,0.000,250.0,250.0,22.860,5.958,3.163,14.976,11.252,6.973,4.279,6.887,4.176,0.444,3.732,3.694,0.000,0.000,0.000,
11.11.2025,12:20:50.366,19.032,30.498,21.273,3.022,0.000,250.0,250.0,24.489,7.285,3.506,19.715,14.392,8.923,5.469,8.825,4.161,0.457,3.704,3.702,0.000,0.000,0.000,
11.11.2025,12:20:51.356,21.750,28.697,19.558,3.020,0.000,250.0,250.0,24.489,7.285,3.506,19.715,14.392,8.923,5.469,8.825,4.161,0.457,3.704,3.702,0.000,0.000,0.000,
11.11.2025,12:20:52.361,19.032,30.461,21.273,3.004,0.000,250.0,250.0,22.486,9.625,4.119,28.035,19.938,12.366,7.572,12.218,4.150,0.456,3.694,3.702,0.000,0.000,0.000,
11.11.2025,12:20:53.360,21.750,29.645,20.380,3.069,0.000,250.0,250.0,26.399,8.835,3.947,25.214,18.093,11.210,6.883,11.074,4.119,0.425,3.694,3.694,0.000,0.000,0.000,
11.11.2025,12:20:54.361,14.953,30.187,20.950,3.037,0.000,250.0,250.0,23.140,6.580,3.371,17.186,12.749,7.905,4.844,7.807,4.119,0.425,3.694,3.694,0.000,0.000,0.000,
11.11.2025,12:20:55.360,21.750,29.505,20.347,2.999,0.000,250.0,250.0,21.933,6.580,3.383,16.490,12.325,7.643,4.682,7.545,4.123,0.429,3.694,3.694,0.005,0.000,0.000,
11.11.2025,12:20:56.361,23.110,30.086,20.994,2.976,0.000,250.0,250.0,21.933,6.401,3.383,16.490,12.325,7.643,4.682,7.545,4.123,0.429,3.694,3.694,0.000,0.000,0.000,
11.11.2025,12:20:57.356,20.391,29.648,20.449,3.009,0.000,250.0,250.0,24.174,4.900,2.967,11.151,8.761,5.426,3.335,5.365,4.142,0.431,3.711,3.711,0.000,0.000,0.000,
11.11.2025,12:20:58.362,20.391,28.451,19.263,3.008,0.000,250.0,250.0,23.831,9.701,4.241,28.226,20.142,12.491,7.651,12.331,4.119,0.425,3.694,3.694,0.000,0.000,0.000,
11.11.2025,12:20:59.366,14.953,27.970,18.860,2.973,0.000,250.0,250.0,24.000,8.237,3.947,22.904,16.649,10.326,6.323,10.191,4.166,0.434,3.732,3.694,0.000,0.000,0.000,
11.11.2025,12:21:0.362,20.391,28.423,19.296,2.984,0.000,250.0,250.0,21.532,4.235,2.979,8.622,7.200,4.468,2.732,4.406,4.123,0.429,3.694,3.694,0.000,0.000,0.000,
11.11.2025,12:21:1.363,17.672,29.090,19.889,3.004,0.000,250.0,250.0,25.344,9.600,4.192,27.813,19.846,12.313,7.533,12.166,4.220,0.449,3.771,3.694,0.000,0.000,0.000,
11.11.2025,12:21:2.363,20.391,29.157,20.011,2.967,0.000,250.0,250.0,24.583,8.208,3.751,23.020,16.593,10.287,6.306,10.164,4.127,0.425,3.702,3.702,0.000,0.000,0.000,
11.11.2025,12:21:3.361,19.032,29.157,20.042,2.993,0.000,250.0,250.0,22.638,8.891,3.960,25.414,18.216,11.296,6.920,11.161,4.119,0.425,3.694,3.702,0.000,0.000,0.000,
11.11.2025,12:21:4.358,19.032,26.849,17.680,2.965,0.000,250.0,250.0,18.389,7.139,3.261,19.421,14.050,8.715,5.335,8.617,4.147,0.458,3.689,3.694,0.000,0.000,0.000,
11.11.2025,12:21:5.357,29.907,28.488,19.347,2.999,0.000,250.0,250.0,24.136,6.085,3.261,15.402,11.573,7.170,4.403,7.084,4.127,0.425,3.702,3.702,0.000,0.000,0.000,
11.11.2025,12:21:6.356,19.032,28.445,19.293,2.969,0.000,250.0,250.0,23.205,7.072,3.433,18.977,13.889,8.616,5.273,8.505,4.162,0.458,3.704,3.702,0.000,0.000,0.000,
11.11.2025,12:21:7.355,20.391,27.608,18.539,2.943,0.000,250.0,250.0,23.812,8.320,3.849,23.342,16.863,10.460,6.403,10.325,4.127,0.425,3.702,3.702,0.000,0.000,0.000,
11.11.2025,12:21:8.367,16.313,30.216,21.039,2.999,0.000,250.0,250.0,18.635,7.971,3.542,22.254,15.992,9.912,6.080,9.789,4.218,0.482,3.736,3.702,0.000,0.000,0.000,
11.11.2025,12:21:9.360,20.391,28.677,19.476,2.995,0.000,250.0,250.0,22.228,10.080,4.192,29.623,20.969,13.009,7.960,12.850,4.248,0.512,3.736,3.702,0.000,0.000,0.000,
11.11.2025,12:21:10.364,21.750,29.322,20.225,2.980,0.000,250.0,250.0,24.430,7.084,3.396,19.009,13.895,8.620,5.275,8.509,4.217,0.474,3.743,3.702,0.000,0.000,0.000,
11.11.2025,12:21:11.363,10.875,28.895,19.742,2.965,0.000,250.0,250.0,23.876,7.465,3.690,20.238,14.838,9.195,5.643,9.085,4.131,0.429,3.702,3.702,0.000,0.000,0.000,
11.11.2025,12:21:12.361,17.672,27.836,18.747,2.964,0.000,250.0,250.0,22.697,6.855,3.371,18.237,13.395,8.307,5.088,8.196,4.130,0.436,3.694,3.694,0.000,0.000,0.000,
11.11.2025,12:21:13.361,28.547,25.799,16.617,3.032,0.000,250.0,250.0,20.997,8.149,3.837,22.714,16.459,10.214,6.245,10.091,4.119,0.425,3.694,3.694,0.000,0.000,0.000,
11.11.2025,12:21:14.360,24.469,30.227,21.090,2.950,0.000,250.0,250.0,22.144,6.892,3.433,18.202,13.414,8.311,5.103,8.213,4.271,0.490,3.781,3.702,0.000,0.000,0.000,
11.11.2025,12:21:15.360,17.672,27.400,18.306,3.000,0.000,250.0,250.0,23.557,6.082,3.322,15.325,11.560,7.170,4.390,7.084,4.131,0.429,3.702,3.702,0.000,0.000,0.000,
11.11.2025,12:21:16.358,19.032,29.145,19.949,2.984,0.000,250.0,250.0,22.606,6.526,3.310,17.000,12.586,7.805,4.781,7.718,4.173,0.459,3.714,3.711,0.000,0.000,0.000,
11.11.2025,12:21:17.369,27.188,31.702,22.213,3.263,0.000,250.0,250.0,25.199,7.559,3.727,20.561,15.061,9.336,5.725,9.226,4.131,0.429,3.702,3.694,0.000,0.000,0.000,
11.11.2025,12:21:18.364,19.032,33.053,23.192,3.604,0.000,250.0,250.0,23.945,4.082,2.759,8.252,6.835,4.236,2.599,4.187,4.131,0.429,3.702,3.694,0.000,0.000,0.000,
11.11.2025,12:21:19.361,17.672,27.945,18.710,3.050,0.000,250.0,250.0,22.866,7.241,3.555,19.502,14.292,8.860,5.432,8.750,4.159,0.457,3.702,3.702,0.000,0.000,0.000,
11.11.2025,12:21:20.363,20.391,29.593,20.417,2.988,0.000,250.0,250.0,23.615,9.763,4.266,28.402,20.264,12.559,7.705,12.411,4.156,0.458,3.698,3.711,0.000,0.000,0.000,
11.11.2025,12:21:21.355,16.313,29.337,20.288,2.949,0.000,250.0,250.0,23.312,4.088,3.041,7.992,6.844,4.247,2.597,4.198,4.131,0.429,3.702,3.694,0.000,0.000,0.000,
11.11.2025,12:21:22.355,14.953,29.043,19.859,2.965,0.000,250.0,250.0,21.781,5.278,3.298,12.286,9.663,5.987,3.676,5.914,4.131,0.429,3.702,3.694,0.000,0.000,0.000,
11.11.2025,12:21:23.356,17.672,30.341,21.207,3.001,0.000,250.0,250.0,20.068,8.583,4.107,24.096,17.492,10.846,6.646,10.711,4.119,0.425,3.694,3.694,0.000,0.000,0.000,
11.11.2025,12:21:24.360,25.829,30.167,21.007,2.977,0.000,250.0,250.0,24.613,7.410,3.703,20.003,14.702,9.109,5.593,8.999,4.142,0.431,3.711,3.702,0.000,0.000,0.000,
11.11.2025,12:21:25.357,21.750,28.148,19.036,2.960,0.000,250.0,250.0,25.151,7.063,3.507,18.900,13.881,8.606,5.275,8.508,4.131,0.429,3.702,3.694,0.000,0.000,0.000,
11.11.2025,12:21:26.356,19.032,29.131,19.945,2.992,0.000,250.0,250.0,22.804,7.423,3.653,20.109,14.735,9.131,5.604,9.021,4.138,0.427,3.711,3.702,0.000,0.000,0.000,
11.11.2025,12:21:27.357,17.672,27.556,18.430,2.995,0.000,250.0,250.0,24.796,8.542,3.910,24.120,17.374,10.776,6.598,10.653,4.138,0.427,3.711,3.711,0.000,0.000,0.000,
11.11.2025,12:21:28.360,20.391,29.089,19.922,2.960,0.000,250.0,250.0,22.995,9.325,4.266,26.751,19.245,11.933,7.312,11.786,4.127,0.425,3.702,3.702,0.000,0.000,0.000,
11.11.2025,12:21:29.360,17.672,26.984,17.893,2.967,0.000,250.0,250.0,21.879,4.688,2.869,10.469,8.265,5.129,3.136,5.068,4.123,0.429,3.694,3.694,0.000,0.000,0.000,
11.11.2025,12:21:30.359,17.672,28.579,19.480,2.951,0.000,250.0,250.0,16.734,7.348,3.629,19.867,14.566,9.035,5.531,8.924,4.119,0.425,3.694,3.694,0.000,0.000,0.000,
11.11.2025,12:21:31.370,16.313,27.892,18.679,3.000,0.000,250.0,250.0,21.001,5.142,3.016,12.051,9.350,5.794,3.556,5.720,4.123,0.437,3.686,3.686,0.000,0.000,0.000,
11.11.2025,12:21:32.356,14.953,28.080,18.992,2.974,0.000,250.0,250.0,19.429,4.941,3.028,11.270,8.869,5.499,3.370,5.437,4.123,0.429,3.694,3.694,0.000,0.000,0.000,
11.11.2025,12:21:33.369,17.672,29.558,20.363,3.021,0.000,250.0,250.0,22.777,5.357,3.016,12.876,9.854,6.114,3.740,6.040,4.119,0.425,3.694,3.694,0.000,0.000,0.000,
11.11.2025,12:21:34.356,19.032,27.555,18.349,3.028,0.000,250.0,250.0,20.211,7.362,3.481,20.053,14.599,9.045,5.554,8.934,4.127,0.425,3.702,3.702,0.000,0.000,0.000,
11.11.2025,12:21:35.355,24.469,29.062,19.895,3.007,0.000,250.0,250.0,24.932,5.030,3.028,11.607,9.072,5.630,3.442,5.557,4.131,0.429,3.702,3.702,0.000,0.000,0.000,
11.11.2025,12:21:36.361,19.032,27.471,18.373,2.960,0.000,250.0,250.0,24.038,7.169,3.665,19.139,14.137,8.765,5.372,8.666,4.126,0.432,3.694,3.694,0.000,0.000,0.000,
11.11.2025,12:21:37.363,19.032,28.380,19.233,3.003,0.000,250.0,250.0,21.268,9.059,4.033,25.986,18.617,11.539,7.078,11.404,4.119,0.425,3.694,3.694,0.000,0.000,0.000,
11.11.2025,12:21:38.362,19.032,27.646,18.469,2.987,0.000,250.0,250.0,23.783,4.050,2.722,8.177,6.755,4.196,2.559,4.147,4.123,0.429,3.694,3.694,0.000,0.000,0.000,
11.11.2025,12:21:39.361,20.391,27.906,18.736,2.986,0.000,250.0,250.0,20.294,5.856,3.138,14.580,10.984,6.814,4.170,6.728,4.222,0.450,3.772,3.702,0.000,0.000,0.000,
11.11.2025,12:21:40.358,27.188,28.438,19.337,2.978,0.000,250.0,250.0,23.343,7.249,3.604,19.509,14.328,8.884,5.444,8.774,4.119,0.425,3.694,3.702,0.000,0.000,0.000,
11.11.2025,12:21:41.356,19.032,29.750,20.584,2.965,0.000,250.0,250.0,23.104,6.451,3.420,16.648,12.440,7.720,4.720,7.622,4.123,0.429,3.694,3.694,0.000,0.000,0.000,
11.11.2025,12:21:42.370,21.750,26.932,17.854,2.940,0.000,250.0,250.0,21.570,7.471,3.702,20.262,14.860,9.206,5.654,9.096,4.119,0.425,3.694,3.694,0.000,0.000,0.000,
11.11.2025,12:21:43.371,20.391,27.919,18.692,3.034,0.000,250.0,250.0,22.457,6.414,3.555,16.362,12.353,7.658,4.695,7.560,4.131,0.429,3.702,3.694,0.000,0.000,0.000,
11.11.2025,12:21:44.371,21.750,28.996,19.821,2.983,0.000,250.0,250.0,22.919,4.210,2.979,8.523,7.137,4.430,2.707,4.369,4.131,0.429,3.702,3.694,0.000,0.000,0.000,
11.11.2025,12:21:45.386,21.750,28.360,19.288,2.936,0.000,250.0,250.0,22.862,6.488,3.604,16.600,12.525,7.768,4.757,7.670,4.131,0.429,3.702,3.694,0.000,0.375,0.000,
11.11.2025,12:21:46.379,14.953,29.011,19.872,2.969,0.000,250.0,250.0,19.303,8.087,3.763,22.544,16.306,10.113,6.193,9.990,4.126,0.432,3.694,3.711,0.000,0.000,0.000,
11.11.2025,12:21:47.381,23.110,29.117,20.047,2.945,0.000,250.0,250.0,24.040,6.344,3.334,16.324,12.191,7.558,4.633,7.460,4.123,0.429,3.694,3.694,0.000,0.000,0.000,
11.11.2025,12:21:48.378,20.391,31.389,22.227,2.966,0.000,250.0,250.0,22.289,7.114,3.579,19.018,14.014,8.691,5.323,8.581,4.119,0.425,3.694,3.694,0.000,0.000,0.000,
11.11.2025,12:21:49.388,19.032,29.824,20.724,2.932,0.000,250.0,250.0,22.814,7.825,3.800,21.503,15.692,9.732,5.960,9.609,4.130,0.436,3.694,3.694,0.000,0.000,0.000,
11.11.2025,12:21:50.391,19.032,30.747,21.660,2.957,0.000,250.0,250.0,22.358,8.754,3.984,24.867,17.887,11.093,6.794,10.958,4.130,0.436,3.694,3.694,0.000,0.000,0.000,
11.11.2025,12:21:51.405,16.313,27.079,17.970,2.921,0.000,250.0,250.0,23.827,9.272,4.266,26.565,19.118,11.857,7.261,11.722,4.119,0.425,3.694,3.694,0.000,0.000,0.000,
11.11.2025,12:21:52.414,19.032,27.991,18.913,2.950,0.000,250.0,250.0,22.522,7.142,3.665,19.029,14.071,8.725,5.346,8.627,4.127,0.425,3.702,3.702,0.000,0.000,0.000,
11.11.2025,12:21:53.410,20.391,28.135,18.938,3.024,0.000,250.0,250.0,21.743,6.215,3.396,15.763,11.886,7.363,4.523,7.277,4.123,0.429,3.694,3.694,0.000,0.000,0.000,
11.11.2025,12:21:54.407,16.313,29.629,20.377,3.011,0.000,250.0,250.0,24.329,7.568,3.702,20.614,15.080,9.353,5.727,9.242,4.131,0.429,3.702,3.702,0.000,1.000,0.000,
11.11.2025,12:21:55.406,14.953,27.078,17.999,2.953,0.000,250.0,250.0,16.791,5.999,3.138,15.206,11.372,7.057,4.315,6.970,4.119,0.425,3.694,3.694,0.000,0.000,0.000,
11.11.2025,12:21:56.403,20.391,29.018,19.915,2.959,0.000,250.0,250.0,21.745,9.594,4.228,27.817,19.883,12.330,7.553,12.171,4.127,0.425,3.702,3.702,0.000,0.000,0.000,
11.11.2025,12:21:57.402,19.032,28.669,19.512,2.958,0.000,250.0,250.0,15.899,8.883,3.996,25.304,18.168,11.264,6.904,11.129,4.182,0.449,3.733,3.702,0.000,0.000,0.000,
11.11.2025,12:21:58.417,19.032,28.801,19.634,2.965,0.000,250.0,250.0,22.788,7.480,3.715,20.279,14.875,9.232,5.643,9.121,4.123,0.429,3.694,3.694,0.000,0.000,0.000,
11.11.2025,12:21:59.414,14.953,28.497,19.472,2.939,0.000,250.0,250.0,23.451,4.727,2.967,10.514,8.361,5.184,3.177,5.122,4.123,0.429,3.694,3.694,0.000,0.000,0.000,
11.11.2025,12:22:0.403,17.672,30.951,21.790,2.986,0.000,250.0,250.0,21.086,5.972,3.359,14.873,11.308,7.014,4.294,6.928,4.123,0.429,3.694,3.694,0.000,0.000,0.000,
11.11.2025,12:22:1.402,14.953,28.565,19.352,2.974,0.000,250.0,250.0,22.971,7.412,3.800,19.933,14.711,9.131,5.580,9.020,4.123,0.429,3.694,3.694,0.000,0.000,0.000,
11.11.2025,12:22:2.412,27.188,27.191,18.067,2.961,0.000,250.0,250.0,26.285,7.827,3.825,21.474,15.693,9.733,5.960,9.610,4.138,0.427,3.711,3.702,0.000,0.000,0.000,
11.11.2025,12:22:3.414,20.391,28.770,19.661,2.994,0.000,250.0,250.0,24.930,9.343,4.192,26.900,19.295,11.958,7.337,11.810,4.119,0.425,3.694,3.702,0.000,0.000,0.000,
11.11.2025,12:22:4.403,20.391,28.770,19.661,2.994,0.000,250.0,250.0,24.753,4.602,2.918,10.074,8.057,4.994,3.063,4.932,4.142,0.431,3.711,3.694,0.000,0.000,0.000,
11.11.2025,12:22:5.403,29.907,27.867,18.641,2.997,0.000,250.0,250.0,21.436,7.780,3.751,21.379,15.580,9.658,5.922,9.547,4.130,0.436,3.694,3.702,0.000,0.000,0.000,
11.11.2025,12:22:6.402,29.907,28.255,19.094,2.985,0.000,250.0,250.0,21.469,8.852,4.168,25.051,18.125,11.244,6.881,11.109,4.126,0.432,3.694,3.694,0.000,0.000,0.000,
11.11.2025,12:22:7.475,24.469,29.058,19.969,2.973,0.000,250.0,250.0,22.186,9.619,4.339,27.757,19.904,12.348,7.556,12.200,4.190,0.449,3.741,3.702,0.000,0.000,0.000,
11.11.2025,12:22:8.467,51.657,29.294,20.123,2.951,0.000,250.0,250.0,23.594,4.519,2.893,9.779,7.863,4.873,2.990,4.811,4.139,0.437,3.702,3.702,0.000,0.000,0.000,
11.11.2025,12:22:9.469,31.266,30.510,21.357,3.007,0.000,250.0,250.0,23.212,10.079,4.216,29.676,21.016,13.032,7.984,12.873,4.148,0.453,3.695,3.694,0.000,0.000,0.000,
11.11.2025,12:22:10.465,32.625,29.135,19.952,2.987,0.000,250.0,250.0,25.961,7.812,3.751,21.473,15.644,9.696,5.948,9.586,4.162,0.458,3.704,3.702,0.000,0.000,0.000,
11.11.2025,12:22:11.465,13.594,28.623,19.535,2.947,0.000,250.0,250.0,22.134,6.075,3.150,15.409,11.506,7.130,4.376,7.044,4.218,0.482,3.736,3.694,0.000,0.000,0.000,
11.11.2025,12:22:12.466,36.704,29.362,20.216,2.954,0.000,250.0,250.0,20.515,7.130,3.653,19.011,14.040,8.709,5.331,8.611,4.123,0.429,3.694,3.694,0.000,0.000,0.000,
11.11.2025,12:22:13.476,27.188,27.771,18.652,2.965,0.000,250.0,250.0,21.987,7.546,3.665,20.550,15.016,9.314,5.702,9.191,4.161,0.458,3.703,3.702,0.000,0.000,0.000,
11.11.2025,12:22:14.475,33.985,26.204,17.000,3.035,0.000,250.0,250.0,22.430,6.426,3.396,16.575,12.380,7.671,4.709,7.585,4.123,0.429,3.694,3.694,0.000,0.000,0.000,
11.11.2025,12:22:15.470,32.625,29.300,20.133,2.985,0.000,250.0,250.0,20.013,7.590,3.788,20.625,15.142,9.390,5.752,9.267,4.123,0.429,3.694,3.694,0.000,0.000,0.000,
11.11.2025,12:22:16.475,20.391,27.834,18.745,2.950,0.000,250.0,250.0,20.055,5.829,3.322,14.370,10.971,6.802,4.169,6.716,4.123,0.429,3.694,3.694,0.000,0.000,0.000,
11.11.2025,12:22:17.491,19.032,26.625,17.474,2.978,0.000,250.0,250.0,21.852,9.392,4.168,27.120,19.401,12.029,7.372,11.882,4.126,0.432,3.694,3.694,0.000,0.000,0.000,
11.11.2025,12:22:18.484,14.953,27.336,18.184,2.962,0.000,250.0,250.0,24.758,5.257,2.942,12.526,9.587,5.944,3.643,5.883,4.174,0.441,3.733,3.694,0.000,0.000,0.000,
11.11.2025,12:22:19.491,17.672,33.063,23.472,3.367,0.000,250.0,250.0,20.418,7.545,3.727,20.489,15.012,9.312,5.700,9.189,4.161,0.457,3.704,3.702,0.005,0.000,0.000,
11.11.2025,12:22:20.483,23.110,31.685,21.990,3.454,0.000,250.0,250.0,24.088,7.667,3.812,20.872,15.304,9.494,5.810,9.371,4.153,0.457,3.696,3.702,0.000,0.000,0.000,
11.11.2025,12:22:21.486,17.672,27.174,18.103,2.928,0.000,250.0,250.0,23.051,8.073,3.849,22.363,16.253,10.074,6.179,9.951,4.186,0.445,3.741,3.694,0.000,0.000,0.000,
11.11.2025,12:22:22.481,19.032,28.358,19.192,2.984,0.000,250.0,250.0,25.489,4.688,2.881,10.410,8.246,5.108,3.138,5.046,4.178,0.445,3.733,3.694,0.000,0.000,0.000,
11.11.2025,12:22:23.497,17.672,27.914,18.751,2.997,0.000,250.0,250.0,22.410,6.195,3.273,15.790,11.816,7.328,4.488,7.242,4.153,0.457,3.696,3.702,0.000,0.000,0.000,
11.11.2025,12:22:24.496,23.110,27.446,18.283,2.970,0.000,250.0,250.0,21.654,5.278,3.102,12.476,9.665,5.989,3.676,5.915,4.131,0.429,3.702,3.694,0.000,0.000,0.000,
11.11.2025,12:22:25.495,16.313,27.039,17.857,3.044,0.000,250.0,250.0,25.764,8.450,3.849,23.795,17.144,10.631,6.513,10.508,4.180,0.447,3.733,3.702,0.000,0.000,0.000,
11.11.2025,12:22:26.525,16.313,29.633,20.412,3.062,0.000,250.0,250.0,24.374,8.697,3.984,24.628,17.742,11.009,6.733,10.873,4.152,0.457,3.695,3.694,0.000,0.000,0.000,
11.11.2025,12:22:27.511,20.391,28.606,19.387,3.016,0.000,250.0,250.0,23.815,8.111,3.824,22.554,16.353,10.148,6.205,10.025,4.151,0.456,3.695,3.694,0.000,0.000,0.000,
11.11.2025,12:22:28.524,14.953,27.706,18.516,3.025,0.000,250.0,250.0,21.928,6.925,3.653,18.215,13.560,8.409,5.151,8.298,4.131,0.429,3.702,3.702,0.000,0.000,0.000,
11.11.2025,12:22:29.512,24.469,28.238,19.035,3.052,0.000,250.0,250.0,24.389,7.636,3.898,20.643,15.213,9.438,5.775,9.327,4.181,0.440,3.741,3.702,0.000,0.000,0.000,
11.11.2025,12:22:30.518,17.672,27.667,18.525,2.985,0.000,250.0,250.0,21.928,9.023,4.143,25.727,18.530,11.489,7.041,11.342,4.131,0.437,3.694,3.694,0.000,0.000,0.000,
11.11.2025,12:22:31.514,16.313,28.925,19.767,3.002,0.000,250.0,250.0,25.005,6.873,3.518,18.144,13.434,8.333,5.101,8.222,4.138,0.436,3.702,3.702,0.000,0.000,0.000,
11.11.2025,12:22:32.515,17.672,27.207,18.021,3.021,0.000,250.0,250.0,26.494,8.992,4.094,25.643,18.433,11.433,7.000,11.298,4.160,0.457,3.703,3.702,0.000,0.000,0.000,
11.11.2025,12:22:33.511,20.391,27.988,18.689,3.090,0.000,250.0,250.0,26.094,7.374,3.751,19.832,14.624,9.069,5.555,8.958,4.131,0.437,3.694,3.694,0.000,0.000,0.000,
11.11.2025,12:22:34.525,19.032,27.760,18.580,3.005,0.000,250.0,250.0,20.463,5.502,3.077,13.258,10.134,6.285,3.849,6.199,4.256,0.482,3.774,3.702,0.000,0.000,0.000,
11.11.2025,12:22:35.521,20.391,27.708,18.562,3.014,0.000,250.0,250.0,21.906,7.873,3.935,21.552,15.807,9.801,6.006,9.679,4.123,0.429,3.694,3.702,0.000,0.000,0.000,
11.11.2025,12:22:36.516,17.672,26.913,17.745,3.018,0.000,250.0,250.0,20.551,7.550,3.677,20.567,15.024,9.324,5.700,9.213,4.152,0.457,3.695,3.694,0.000,0.000,0.000,
11.11.2025,12:22:37.515,24.469,28.134,18.876,3.016,0.000,250.0,250.0,20.941,7.686,3.837,20.832,15.306,9.491,5.815,9.368,4.254,0.481,3.773,3.702,0.000,0.000,0.000,
11.11.2025,12:22:38.517,20.391,28.542,19.419,2.976,0.000,250.0,250.0,21.356,6.161,3.470,15.470,11.740,7.278,4.462,7.192,4.154,0.458,3.696,3.694,0.000,0.000,0.000,
11.11.2025,12:22:39.517,17.672,27.241,18.036,3.017,0.000,250.0,250.0,25.541,7.647,3.874,20.732,15.251,9.455,5.796,9.344,4.162,0.458,3.704,3.694,0.000,0.000,0.000,
11.11.2025,12:22:40.514,33.985,28.495,19.264,3.044,0.000,250.0,250.0,22.898,8.434,3.996,23.631,17.132,10.618,6.514,10.495,4.123,0.429,3.694,3.702,0.000,0.000,0.000,
11.11.2025,12:22:41.516,32.625,29.406,20.287,2.997,0.000,250.0,250.0,24.531,4.840,2.992,10.923,8.625,5.352,3.273,5.291,4.123,0.429,3.694,3.694,0.001,0.000,0.000,
11.11.2025,12:22:42.512,23.110,26.103,16.906,3.039,0.000,250.0,250.0,21.605,4.840,2.759,8.363,6.903,4.282,2.621,4.220,4.123,0.429,3.694,3.694,0.000,0.000,0.000,
11.11.2025,12:22:43.512,24.469,30.425,21.203,3.047,0.000,250.0,250.0,21.605,4.109,2.759,8.363,6.903,4.282,2.621,4.220,4.123,0.429,3.694,3.694,0.000,0.000,0.000,
11.11.2025,12:22:44.520,29.907,28.094,18.899,3.008,0.000,250.0,250.0,22.123,6.399,3.433,16.430,12.306,7.634,4.672,7.548,4.131,0.429,3.702,3.702,0.000,0.000,0.000,
11.11.2025,12:22:45.518,21.750,30.377,21.175,3.016,0.000,250.0,250.0,25.196,7.379,3.800,19.791,14.636,9.069,5.567,8.958,4.131,0.429,3.702,3.702,0.000,0.000,0.000,
11.11.2025,12:22:46.523,17.672,29.541,20.432,2.967,0.000,250.0,250.0,20.374,4.885,3.101,10.988,8.738,5.420,3.318,5.346,4.123,0.429,3.694,3.694,0.000,0.000,0.000,
11.11.2025,12:22:47.517,19.032,28.303,19.193,2.989,0.000,250.0,250.0,20.014,4.730,2.918,10.531,8.339,5.166,3.173,5.104,4.186,0.445,3.741,3.702,0.000,0.000,0.000,
11.11.2025,12:22:48.516,17.672,30.259,21.036,3.018,0.000,250.0,250.0,23.115,6.428,3.396,16.589,12.382,7.678,4.704,7.592,4.123,0.429,3.694,3.694,0.000,0.000,0.000,
11.11.2025,12:22:49.520,20.391,28.858,19.706,3.003,0.000,250.0,250.0,25.424,5.986,3.322,14.969,11.343,7.030,4.313,6.944,4.123,0.429,3.694,3.694,0.000,0.000,0.000,
11.11.2025,12:22:50.522,19.032,28.729,19.626,2.949,0.000,250.0,250.0,22.115,7.633,3.813,20.755,15.240,9.452,5.788,9.329,4.127,0.425,3.702,3.702,0.000,0.000,0.000,
11.11.2025,12:22:51.514,17.672,28.023,18.898,2.984,0.000,250.0,250.0,22.872,9.264,4.290,26.508,19.100,11.841,7.259,11.706,4.119,0.425,3.694,3.694,0.000,0.000,0.000,
11.11.2025,12:22:52.524,21.750,28.765,19.594,2.975,0.000,250.0,250.0,23.758,6.235,3.420,15.783,11.904,7.383,4.521,7.285,4.173,0.459,3.714,3.711,0.000,0.000,0.000,
11.11.2025,12:22:53.517,17.672,28.245,19.152,2.991,0.000,250.0,250.0,24.430,9.108,4.326,25.874,18.730,11.619,7.111,11.484,4.119,0.425,3.694,3.694,0.000,0.000,0.000,
11.11.2025,12:22:54.512,23.110,28.343,19.193,2.975,0.000,250.0,250.0,22.847,4.760,3.138,10.422,8.408,5.212,3.196,5.151,4.185,0.444,3.741,3.702,0.000,0.000,0.000,
11.11.2025,12:22:55.518,17.672,30.073,20.892,2.992,0.000,250.0,250.0,22.926,7.681,3.788,20.962,15.348,9.511,5.837,9.400,4.131,0.429,3.702,3.702,0.000,0.000,0.000,
11.11.2025,12:22:56.516,21.750,29.026,19.859,2.985,0.000,250.0,250.0,23.294,9.726,4.241,28.290,20.181,12.516,7.665,12.356,4.155,0.458,3.697,3.702,0.000,0.000,0.000,
11.11.2025,12:22:57.514,17.672,26.849,17.727,2.962,0.000,250.0,250.0,22.772,9.024,4.180,25.695,18.532,11.495,7.037,11.348,4.127,0.425,3.702,3.702,0.000,0.000,0.000,
11.11.2025,12:22:58.515,16.313,27.719,18.584,2.931,0.000,250.0,250.0,23.856,8.531,3.935,24.035,17.341,10.753,6.588,10.630,4.162,0.458,3.704,3.702,0.000,0.000,0.000,
11.11.2025,12:22:59.512,20.391,28.330,19.151,3.001,0.000,250.0,250.0,23.384,6.628,3.420,17.246,12.809,7.941,4.868,7.855,4.217,0.474,3.743,3.702,0.000,0.000,0.000,
11.11.2025,12:23:0.541,16.313,27.497,18.386,2.984,0.000,250.0,250.0,23.178,7.156,3.825,18.910,14.098,8.739,5.359,8.640,4.142,0.431,3.711,3.702,0.000,0.000,0.000,
11.11.2025,12:23:1.530,21.750,28.820,19.637,3.003,0.000,250.0,250.0,25.225,9.842,4.315,28.609,20.417,12.666,7.751,12.506,4.227,0.484,3.743,3.702,0.000,0.000,0.000,
11.11.2025,12:23:2.533,20.391,27.719,18.578,2.978,0.000,250.0,250.0,24.733,5.448,3.212,13.017,10.074,6.248,3.826,6.162,4.123,0.429,3.694,3.694,0.000,0.000,0.000,
11.11.2025,12:23:3.531,23.110,29.374,20.192,2.998,0.000,250.0,250.0,19.542,7.694,3.690,21.051,15.331,9.508,5.823,9.397,4.216,0.473,3.743,3.711,0.000,0.000,0.000,
11.11.2025,12:23:4.531,13.594,29.864,20.671,3.019,0.000,250.0,250.0,22.820,7.305,3.788,19.528,14.457,8.962,5.495,8.851,4.131,0.429,3.702,3.702,0.000,0.000,0.000,
11.11.2025,12:23:5.534,17.672,28.892,19.752,2.989,0.000,250.0,250.0,25.074,4.110,2.722,8.395,6.897,4.274,2.623,4.224,4.131,0.429,3.702,3.702,0.000,0.000,0.000,
11.11.2025,12:23:6.532,21.750,28.013,18.904,2.941,0.000,250.0,250.0,19.524,9.355,4.094,27.023,19.305,11.969,7.336,11.822,4.152,0.458,3.694,3.694,0.000,0.000,0.000,
11.11.2025,12:23:7.529,16.313,28.097,18.966,2.956,0.000,250.0,250.0,23.047,6.564,3.531,16.949,12.686,7.868,4.818,7.782,4.154,0.458,3.696,3.694,0.000,0.000,0.000,
11.11.2025,12:23:8.536,17.672,28.767,19.576,2.996,0.000,250.0,250.0,23.777,6.334,3.531,16.046,12.131,7.522,4.609,7.436,4.181,0.440,3.741,3.702,0.000,0.000,0.000,
11.11.2025,12:23:9.529,23.110,29.005,19.813,3.000,0.000,250.0,250.0,23.946,7.461,3.678,20.232,14.835,9.201,5.634,9.078,4.126,0.432,3.694,3.694,0.000,0.000,0.000,
11.11.2025,12:23:10.527,20.391,27.921,18.801,2.966,0.000,250.0,250.0,22.600,7.551,3.727,20.533,15.033,9.330,5.703,9.219,4.131,0.429,3.702,3.702,0.000,0.000,0.000,
11.11.2025,12:23:11.543,17.672,28.903,19.753,2.998,0.000,250.0,250.0,22.631,5.060,3.077,11.658,9.132,5.661,3.471,5.600,4.142,0.431,3.711,3.711,0.000,0.000,0.000,
11.11.2025,12:23:12.559,20.391,27.425,18.303,2.982,0.000,250.0,250.0,23.133,8.590,4.070,24.145,17.499,10.851,6.648,10.716,4.134,0.432,3.702,3.702,0.000,0.000,0.000,
11.11.2025,12:23:13.558,17.672,29.785,20.645,3.001,0.000,250.0,250.0,23.787,5.280,3.175,12.418,9.665,5.989,3.676,5.915,4.131,0.429,3.702,3.702,0.000,0.000,0.000,
11.11.2025,12:23:14.573,9.516,27.711,18.587,2.986,0.000,250.0,250.0,22.248,7.120,3.702,18.908,14.017,8.693,5.324,8.594,4.131,0.429,3.702,3.702,0.000,0.000,0.000,
11.11.2025,12:23:15.561,21.750,29.042,19.782,3.033,0.000,250.0,250.0,20.715,9.465,4.315,27.206,19.546,12.126,7.420,11.979,4.182,0.449,3.733,3.694,0.000,0.000,0.000,
11.11.2025,12:23:16.560,23.110,29.676,20.593,2.944,0.000,250.0,250.0,25.429,4.287,2.906,8.890,7.321,4.540,2.781,4.479,4.131,0.429,3.702,3.694,0.000,0.000,0.000,
11.11.2025,12:23:17.566,17.672,29.005,19.890,2.965,0.000,250.0,250.0,20.717,7.145,3.629,19.082,14.068,8.723,5.345,8.625,4.139,0.437,3.702,3.702,0.000,0.000,0.000,
11.11.2025,12:23:18.564,24.469,28.188,19.033,2.982,0.000,250.0,250.0,21.214,6.707,3.543,17.497,13.052,8.087,4.965,7.988,4.123,0.429,3.694,3.694,0.000,0.000,0.000,
11.11.2025,12:23:19.560,23.110,29.093,19.883,3.051,0.000,250.0,250.0,24.205,6.798,3.543,17.830,13.253,8.225,5.028,8.127,4.142,0.431,3.711,3.694,0.000,0.000,0.000,
11.11.2025,12:23:20.568,23.110,32.339,22.640,3.449,0.000,250.0,250.0,24.891,6.379,3.359,16.431,12.260,7.604,4.656,7.518,4.127,0.425,3.702,3.702,0.000,0.000,0.000,
11.11.2025,12:23:21.562,14.953,29.084,19.494,3.350,0.000,250.0,250.0,23.176,6.003,3.310,15.043,11.380,7.062,4.318,6.975,4.119,0.425,3.694,3.702,0.000,0.000,0.000,
11.11.2025,12:23:22.558,19.032,28.018,18.931,2.954,0.000,250.0,250.0,21.768,6.705,3.543,17.485,13.037,8.093,4.944,7.994,4.131,0.429,3.702,3.694,0.000,0.000,0.000,
11.11.2025,12:23:23.558,19.032,28.404,19.104,3.082,0.000,250.0,250.0,22.060,8.592,3.947,24.272,17.500,10.852,6.648,10.729,4.131,0.437,3.694,3.711,0.000,0.000,0.000,
11.11.2025,12:23:24.572,20.391,28.436,19.253,3.003,0.000,250.0,250.0,20.635,8.678,4.106,24.454,17.713,10.982,6.731,10.847,4.126,0.432,3.694,3.694,0.000,0.000,0.000,
11.11.2025,12:23:25.571,16.313,26.217,17.088,2.986,0.000,250.0,250.0,25.882,9.542,4.315,27.536,19.754,12.248,7.506,12.101,4.127,0.425,3.702,3.702,0.000,0.000,0.000,
11.11.2025,12:23:26.571,19.032,28.562,19.311,3.056,0.000,250.0,250.0,25.768,7.217,3.518,19.460,14.252,8.842,5.410,8.731,4.130,0.436,3.694,3.694,0.000,0.000,0.000,
11.11.2025,12:23:27.567,16.313,29.208,20.041,2.987,0.000,250.0,250.0,24.796,6.849,3.420,18.159,13.375,8.298,5.077,8.200,4.127,0.425,3.702,3.702,0.000,0.000,0.000,
11.11.2025,12:23:28.562,20.391,29.011,19.883,3.008,0.000,250.0,250.0,23.669,7.634,3.751,20.827,15.235,9.448,5.787,9.337,4.130,0.436,3.694,3.694,0.000,0.000,0.000,
11.11.2025,12:23:29.562,20.391,29.245,20.057,2.974,0.000,250.0,250.0,23.374,6.942,3.604,18.291,13.568,8.419,5.149,8.321,4.185,0.445,3.740,3.702,0.000,0.000,0.000,
11.11.2025,12:23:30.559,20.391,28.579,19.446,2.966,0.000,250.0,250.0,21.503,6.908,3.482,18.318,13.504,8.380,5.124,8.282,4.138,0.427,3.711,3.711,0.000,0.000,0.000,
11.11.2025,12:23:31.572,17.672,30.531,21.407,2.981,0.000,250.0,250.0,23.131,6.564,3.481,17.023,12.704,7.875,4.829,7.789,4.123,0.429,3.694,3.694,0.000,0.000,0.000,
11.11.2025,12:23:32.567,23.110,29.174,19.952,2.989,0.000,250.0,250.0,20.478,5.411,3.126,12.971,9.982,6.183,3.799,6.109,4.123,0.429,3.694,3.694,0.000,0.000,0.000,
11.11.2025,12:23:33.562,25.829,27.149,17.993,3.019,0.000,250.0,250.0,24.271,7.232,3.592,19.446,14.288,8.858,5.430,8.747,4.127,0.425,3.702,3.702,0.000,0.000,0.000,
11.11.2025,12:23:34.559,17.672,27.848,18.700,2.995,0.000,250.0,250.0,22.318,9.542,4.143,27.723,19.763,12.246,7.517,12.098,4.119,0.425,3.694,3.694,0.000,0.000,0.000,
11.11.2025,12:23:35.572,19.032,29.961,20.846,2.971,0.000,250.0,250.0,20.154,9.035,4.045,25.875,18.563,11.511,7.052,11.364,4.118,0.424,3.694,3.702,0.000,0.000,0.000,
11.11.2025,12:23:36.564,21.750,28.854,19.688,2.984,0.000,250.0,250.0,25.034,4.141,2.612,8.626,6.969,4.322,2.647,4.273,4.131,0.429,3.702,3.694,0.000,0.000,0.000,
11.11.2025,12:23:37.572,16.313,30.231,21.061,2.978,0.000,250.0,250.0,19.704,4.486,2.967,9.584,7.798,4.829,2.969,4.767,4.131,0.429,3.702,3.686,0.000,0.000,0.000,
11.11.2025,12:23:38.558,19.032,27.754,18.628,2.981,0.000,250.0,250.0,20.081,6.178,3.371,15.651,11.788,7.314,4.474,7.228,4.131,0.429,3.702,3.694,0.000,0.000,0.000,
11.11.2025,12:23:39.569,23.110,27.938,18.799,2.986,0.000,250.0,250.0,18.616,8.248,3.800,23.053,16.643,10.325,6.318,10.202,4.220,0.448,3.772,3.702,0.000,0.000,0.000,
11.11.2025,12:23:40.559,17.672,31.070,21.905,2.985,0.000,250.0,250.0,22.307,6.252,3.371,15.941,11.966,7.420,4.546,7.334,4.123,0.429,3.694,3.694,0.000,0.000,0.000,
11.11.2025,12:23:41.564,20.391,28.451,19.315,2.978,0.000,250.0,250.0,21.861,4.299,2.685,9.166,7.346,4.553,2.793,4.504,4.123,0.429,3.694,3.694,0.000,0.000,0.000,
11.11.2025,12:23:42.561,23.110,29.537,20.486,2.951,0.000,250.0,250.0,20.408,6.331,3.347,16.261,12.157,7.535,4.622,7.449,4.123,0.429,3.694,3.694,0.000,0.000,0.000,
11.11.2025,12:23:43.559,23.110,29.537,20.486,2.951,0.000,250.0,250.0,20.339,6.328,3.433,16.162,12.149,7.538,4.611,7.451,4.123,0.429,3.694,3.694,0.000,0.000,0.000,
11.11.2025,12:23:44.559,23.110,30.097,20.918,3.012,0.000,250.0,250.0,21.566,8.014,3.910,22.088,16.121,10.002,6.119,9.879,4.161,0.457,3.704,3.702,0.000,0.000,0.000,
11.11.2025,12:23:45.571,28.547,28.829,19.672,2.957,0.000,250.0,250.0,23.927,7.517,3.616,20.497,14.953,9.264,5.689,9.153,4.151,0.457,3.694,3.694,0.000,0.000,0.000,
11.11.2025,12:23:46.567,27.188,29.530,20.423,2.938,0.000,250.0,250.0,20.738,6.606,3.482,17.099,12.758,7.915,4.843,7.817,4.225,0.453,3.772,3.694,0.000,0.000,0.000,
11.11.2025,12:23:47.566,24.469,28.766,19.708,2.960,0.000,250.0,250.0,24.170,6.240,3.261,15.982,11.921,7.398,4.523,7.312,4.153,0.457,3.696,3.694,0.000,0.000,0.000,
11.11.2025,12:23:48.565,17.672,25.620,16.445,2.977,0.000,250.0,250.0,24.600,5.178,2.967,12.195,9.404,5.834,3.570,5.760,4.177,0.444,3.733,3.694,0.000,0.000,0.000,
11.11.2025,12:23:49.559,27.188,29.042,19.913,2.976,0.000,250.0,250.0,24.103,9.833,4.241,28.691,20.435,12.669,7.766,12.510,4.159,0.457,3.702,3.702,0.000,0.000,0.000,
11.11.2025,12:23:50.560,17.672,28.810,19.703,2.921,0.000,250.0,250.0,22.978,5.734,3.224,14.104,10.748,6.665,4.083,6.579,4.123,0.429,3.694,3.694,0.000,0.000,0.000,
11.11.2025,12:23:51.560,29.907,28.579,19.533,2.914,0.000,250.0,250.0,22.165,5.710,3.175,14.065,10.685,6.628,4.057,6.554,4.123,0.429,3.694,3.694,0.000,0.000,0.000,
11.11.2025,12:23:52.559,19.032,30.034,20.896,2.933,0.000,250.0,250.0,22.148,6.391,3.322,16.517,12.300,7.631,4.669,7.532,4.123,0.429,3.694,3.694,0.000,0.000,0.000,
11.11.2025,12:23:53.570,21.750,30.092,21.004,2.961,0.000,250.0,250.0,22.503,7.444,3.702,20.153,14.796,9.168,5.628,9.057,4.123,0.429,3.694,3.694,0.000,0.000,0.000,
11.11.2025,12:23:54.568,20.391,29.669,20.419,2.999,0.000,250.0,250.0,20.933,8.866,4.107,25.167,18.160,11.255,6.905,11.120,4.126,0.432,3.694,3.694,0.000,0.000,0.000,
11.11.2025,12:23:55.571,20.391,29.429,20.369,2.954,0.000,250.0,250.0,23.074,5.291,3.041,12.561,9.671,6.005,3.666,5.931,4.173,0.440,3.733,3.694,0.000,0.000,0.000,
11.11.2025,12:23:56.561,19.032,28.565,19.446,2.960,0.000,250.0,250.0,25.390,7.215,3.604,19.375,14.252,8.834,5.418,8.724,4.123,0.429,3.694,3.694,0.000,0.000,0.000,
11.11.2025,12:23:57.559,19.032,28.784,19.611,3.014,0.000,250.0,250.0,24.192,7.849,3.751,21.638,15.745,9.759,5.986,9.649,4.134,0.432,3.702,3.694,0.000,0.000,0.000,
11.11.2025,12:23:58.559,10.875,27.836,18.734,2.942,0.000,250.0,250.0,22.549,7.162,3.617,19.160,14.120,8.762,5.358,8.651,4.131,0.429,3.702,3.694,0.000,0.000,0.000,
11.11.2025,12:23:59.560,17.672,28.378,19.281,2.948,0.000,250.0,250.0,23.532,5.284,2.979,12.594,9.655,5.990,3.665,5.916,4.174,0.441,3.733,3.694,0.000,0.000,0.000,
11.11.2025,12:24:0.559,19.032,29.250,20.033,2.984,0.000,250.0,250.0,25.579,6.265,3.372,15.953,11.983,7.431,4.552,7.345,4.154,0.458,3.696,3.711,0.000,0.000,0.000,
11.11.2025,12:24:1.570,20.391,29.243,20.131,2.996,0.000,250.0,250.0,21.768,7.968,3.813,22.016,16.017,9.933,6.084,9.810,4.154,0.458,3.696,3.702,0.000,0.000,0.000,
11.11.2025,12:24:2.569,31.266,29.214,20.066,2.978,0.000,250.0,250.0,23.075,8.916,4.045,25.416,18.277,11.332,6.945,11.197,4.126,0.432,3.694,3.694,0.000,0.000,0.000,
11.11.2025,12:24:3.568,17.672,27.226,18.074,2.992,0.000,250.0,250.0,22.243,8.196,3.825,22.861,16.546,10.257,6.289,10.134,4.174,0.441,3.733,3.702,0.000,0.000,0.000,
11.11.2025,12:24:4.563,16.313,27.300,18.084,3.017,0.000,250.0,250.0,22.957,8.916,3.910,25.552,18.268,11.327,6.941,11.191,4.134,0.432,3.702,3.702,0.000,0.000,0.000,
11.11.2025,12:24:5.562,19.032,27.781,18.575,3.030,0.000,250.0,250.0,23.189,4.184,2.709,8.692,7.080,4.383,2.697,4.334,4.123,0.429,3.694,3.694,0.000,0.000,0.000,
11.11.2025,12:24:6.558,25.829,30.078,20.994,2.965,0.000,250.0,250.0,22.279,5.194,3.077,12.151,9.444,5.853,3.591,5.779,4.173,0.441,3.732,3.694,0.000,0.000,0.000,
11.11.2025,12:24:7.559,17.672,29.356,20.180,2.978,0.000,250.0,250.0,19.197,8.108,3.751,22.604,16.341,10.137,6.204,10.014,4.161,0.457,3.704,3.702,0.000,0.000,0.000,
11.11.2025,12:24:8.559,16.313,28.459,19.288,2.983,0.000,250.0,250.0,22.242,9.639,4.180,28.010,19.958,12.380,7.578,12.232,4.171,0.459,3.712,3.711,0.001,0.000,0.000,
11.11.2025,12:24:9.562,21.750,27.554,18.351,3.009,0.000,250.0,250.0,24.799,6.892,3.457,18.284,13.476,8.361,5.115,8.263,4.131,0.429,3.702,3.702,0.000,0.000,0.000,
11.11.2025,12:24:10.568,16.313,28.170,19.026,2.993,0.000,250.0,250.0,24.215,4.254,2.710,8.964,7.239,4.494,2.745,4.445,4.123,0.429,3.694,3.694,0.000,0.000,0.000,
11.11.2025,12:24:11.564,19.032,26.344,17.250,2.949,0.000,250.0,250.0,18.874,4.068,2.636,8.320,6.800,4.213,2.587,4.164,4.131,0.429,3.702,3.702,0.000,0.000,0.000,
11.11.2025,12:24:12.563,17.672,29.107,19.991,2.968,0.000,250.0,250.0,22.224,8.530,3.910,24.088,17.358,10.761,6.597,10.638,4.126,0.432,3.694,3.694,0.000,0.000,0.000,
11.11.2025,12:24:13.562,21.750,28.182,19.000,3.036,0.000,250.0,250.0,23.279,9.450,4.070,27.434,19.545,12.113,7.432,11.965,4.119,0.425,3.694,3.702,0.000,0.000,0.000,
11.11.2025,12:24:14.559,21.750,29.443,20.251,2.998,0.000,250.0,250.0,22.703,6.070,3.175,15.401,11.507,7.143,4.364,7.057,4.181,0.440,3.741,3.694,0.000,0.000,0.000,
11.11.2025,12:24:15.588,16.313,28.344,19.232,2.967,0.000,250.0,250.0,24.165,4.813,2.820,10.988,8.571,5.308,3.263,5.246,4.123,0.429,3.694,3.686,0.000,0.000,0.000,
11.11.2025,12:24:16.586,19.032,27.667,18.607,2.931,0.000,250.0,250.0,22.708,9.528,4.168,27.633,19.718,12.236,7.482,12.089,4.127,0.425,3.702,3.702,0.000,0.000,0.000,
11.11.2025,12:24:17.583,23.110,29.240,20.086,2.964,0.000,250.0,250.0,23.104,8.287,3.739,23.327,16.782,10.413,6.369,10.290,4.130,0.436,3.694,3.694,0.000,0.000,0.000,
11.11.2025,12:24:18.579,20.391,27.679,18.549,2.981,0.000,250.0,250.0,20.136,4.204,2.636,8.841,7.128,4.420,2.708,4.358,4.131,0.429,3.702,3.686,0.000,0.000,0.000,
11.11.2025,12:24:19.576,20.391,30.597,21.395,3.008,0.000,250.0,250.0,18.719,7.954,3.727,22.077,16.000,9.917,6.083,9.794,4.119,0.425,3.694,3.702,0.000,2.000,0.000,
11.11.2025,12:24:20.581,21.750,29.333,20.175,3.012,0.000,250.0,250.0,21.171,8.115,3.702,22.711,16.378,10.161,6.217,10.038,4.122,0.436,3.686,3.694,0.000,0.000,0.000,
11.11.2025,12:24:21.583,19.032,29.669,20.532,2.963,0.000,250.0,250.0,22.901,4.080,2.722,8.286,6.828,4.232,2.596,4.183,4.131,0.429,3.702,3.694,0.000,0.000,0.000,
11.11.2025,12:24:22.588,23.110,31.931,22.077,3.605,0.000,250.0,250.0,22.840,9.320,4.254,26.750,19.233,11.933,7.300,11.785,4.119,0.425,3.694,3.702,0.000,0.000,0.000,
11.11.2025,12:24:23.586,19.032,31.924,22.336,3.335,0.000,250.0,250.0,22.204,6.601,3.519,17.118,12.796,7.928,4.868,7.830,4.131,0.429,3.702,3.686,0.000,0.000,0.000,
11.11.2025,12:24:24.583,19.032,27.660,18.505,2.967,0.000,250.0,250.0,24.873,7.081,3.543,18.919,13.922,8.638,5.284,8.528,4.138,0.436,3.702,3.694,0.000,0.000,0.000,
11.11.2025,12:24:25.589,13.594,30.822,21.674,3.012,0.000,250.0,250.0,20.649,5.336,3.016,12.783,9.794,6.078,3.716,6.005,4.134,0.432,3.702,3.694,0.000,0.000,0.000,
11.11.2025,12:24:26.580,21.750,29.289,20.137,3.028,0.000,250.0,250.0,26.077,4.435,2.636,9.727,7.661,4.746,2.915,4.697,4.131,0.429,3.702,3.702,0.000,0.000,0.000,
11.11.2025,12:24:27.581,17.672,28.862,19.631,3.050,0.000,250.0,250.0,22.852,8.118,3.469,22.949,16.374,10.158,6.216,10.035,4.136,0.434,3.702,3.702,0.000,0.000,0.000,
11.11.2025,12:24:28.582,19.032,27.984,18.807,2.971,0.000,250.0,250.0,20.949,6.829,3.334,18.185,13.339,8.274,5.065,8.176,4.115,0.429,3.686,3.686,0.000,0.000,0.000,
11.11.2025,12:24:29.580,16.313,29.829,20.663,2.998,0.000,250.0,250.0,25.227,6.516,3.163,17.157,12.591,7.808,4.783,7.722,4.119,0.425,3.694,3.694,0.000,0.000,0.000,
11.11.2025,12:24:30.579,17.672,27.980,18.839,2.981,0.000,250.0,250.0,24.271,6.929,3.298,18.597,13.569,8.419,5.150,8.321,4.119,0.425,3.694,3.694,0.000,0.000,0.000,
11.11.2025,12:24:31.590,17.672,28.832,19.680,2.982,0.000,250.0,250.0,22.908,4.848,2.808,11.132,8.653,5.366,3.287,5.292,4.123,0.429,3.694,3.694,0.000,0.000,0.000,
11.11.2025,12:24:32.602,21.750,28.305,19.199,2.963,0.000,250.0,250.0,22.824,9.587,4.241,27.793,19.866,12.323,7.543,12.175,4.119,0.425,3.694,3.694,0.000,0.000,0.000,
11.11.2025,12:24:33.598,16.313,29.985,20.776,3.020,0.000,250.0,250.0,24.431,9.587,3.384,17.146,12.728,7.895,4.833,7.796,4.123,0.429,3.694,3.694,0.000,0.000,0.000,
11.11.2025,12:24:34.618,20.391,29.334,20.195,3.002,0.000,250.0,250.0,23.606,6.578,3.322,17.221,12.746,7.899,4.847,7.800,4.123,0.429,3.694,3.694,0.000,0.000,0.000,
11.11.2025,12:24:35.618,16.313,28.008,18.829,2.995,0.000,250.0,250.0,24.741,7.692,3.457,21.333,15.369,9.533,5.836,9.410,4.138,0.427,3.711,3.711,0.000,0.000,0.000,
11.11.2025,12:24:36.618,20.391,29.377,20.244,2.966,0.000,250.0,250.0,22.964,7.692,3.175,18.657,13.540,8.399,5.141,8.288,4.123,0.429,3.694,3.694,0.000,0.000,0.000,
11.11.2025,12:24:37.617,16.313,28.870,19.753,2.989,0.000,250.0,250.0,23.366,6.914,2.758,9.505,7.611,4.717,2.894,4.667,4.123,0.429,3.694,3.694,0.000,0.000,0.000,
11.11.2025,12:24:38.607,19.032,28.933,19.803,2.963,0.000,250.0,250.0,23.366,4.409,2.758,9.505,7.611,4.717,2.894,4.667,4.123,0.429,3.694,3.694,0.000,0.000,0.000,
11.11.2025,12:24:39.605,21.750,30.770,21.540,3.011,0.000,250.0,250.0,19.903,7.556,3.604,20.671,15.055,9.328,5.727,9.218,4.127,0.425,3.702,3.702,0.005,0.000,0.000,
11.11.2025,12:24:40.620,17.672,27.985,18.888,2.948,0.000,250.0,250.0,23.542,5.680,3.114,14.009,10.619,6.587,4.032,6.501,4.123,0.429,3.694,3.694,0.000,0.000,0.000,
11.11.2025,12:24:41.607,17.672,28.258,19.158,2.960,0.000,250.0,250.0,22.329,4.158,2.599,8.711,7.015,4.344,2.671,4.295,4.131,0.429,3.702,3.686,0.005,0.000,0.000,
11.11.2025,12:24:42.605,19.032,28.007,18.888,2.972,0.000,250.0,250.0,14.295,9.229,4.131,26.532,19.027,11.800,7.227,11.652,4.111,0.425,3.686,3.694,0.000,0.000,0.000,
11.11.2025,12:24:43.607,17.672,29.446,20.245,3.023,0.000,250.0,250.0,26.244,5.451,2.820,13.276,9.981,6.190,3.791,6.116,4.323,0.509,3.814,3.686,0.000,0.000,0.000,
11.11.2025,12:24:44.609,17.672,26.626,17.504,2.966,0.000,250.0,250.0,22.753,4.274,2.710,9.042,7.284,4.516,2.768,4.467,4.131,0.429,3.702,3.694,0.000,0.000,0.000,
11.11.2025,12:24:45.606,28.547,25.685,16.599,2.981,0.000,250.0,250.0,22.572,4.332,2.796,9.179,7.426,4.606,2.820,4.556,4.123,0.429,3.694,3.694,0.000,0.000,0.000,
11.11.2025,12:24:46.615,16.313,28.984,19.807,2.982,0.000,250.0,250.0,17.208,8.912,4.095,25.360,18.260,11.329,6.931,11.194,4.126,0.432,3.694,3.694,0.000,0.000,0.000,
11.11.2025,12:24:47.618,14.953,29.117,19.994,2.978,0.000,250.0,250.0,22.709,9.244,4.254,26.469,19.051,11.812,7.239,11.677,4.119,0.425,3.694,3.702,0.000,0.000,0.000,
11.11.2025,12:24:48.617,17.672,28.100,18.880,3.003,0.000,250.0,250.0,20.699,5.969,3.237,15.000,11.297,7.007,4.290,6.921,4.122,0.436,3.686,3.694,0.000,0.000,0.000,
11.11.2025,12:24:49.613,20.391,27.186,18.015,3.034,0.000,250.0,250.0,23.443,5.928,3.163,14.895,11.203,6.943,4.260,6.857,4.131,0.429,3.702,3.694,0.000,0.000,0.000,
11.11.2025,12:24:50.613,17.672,28.966,19.809,2.993,0.000,250.0,250.0,25.210,7.897,3.555,22.027,15.861,9.837,6.024,9.714,4.127,0.425,3.702,3.694,0.000,0.000,0.000,
11.11.2025,12:24:51.610,20.391,29.694,20.532,2.980,0.000,250.0,250.0,24.137,9.315,3.960,27.035,19.217,11.918,7.299,11.771,4.126,0.432,3.694,3.694,0.000,0.000,0.000,
11.11.2025,12:24:52.608,19.032,28.529,19.380,2.977,0.000,250.0,250.0,25.715,9.273,4.033,26.805,19.112,11.853,7.259,11.718,4.126,0.432,3.694,3.694,0.000,0.000,0.000,
11.11.2025,12:24:53.608,14.953,28.680,19.528,3.018,0.000,250.0,250.0,25.032,8.448,3.678,24.004,17.171,10.644,6.527,10.509,4.126,0.432,3.694,3.694,0.000,0.000,0.000,
11.11.2025,12:24:54.617,14.953,28.960,19.822,2.944,0.000,250.0,250.0,26.670,7.462,3.555,20.368,14.834,9.193,5.641,9.083,4.123,0.429,3.694,3.694,0.000,0.000,0.000,
11.11.2025,12:24:55.619,21.750,28.882,19.683,3.054,0.000,250.0,250.0,15.847,4.543,2.722,10.057,7.928,4.912,3.016,4.851,4.123,0.429,3.694,3.694,0.000,0.000,0.000,
11.11.2025,12:24:56.606,17.672,29.145,20.033,2.950,0.000,250.0,250.0,17.060,7.534,3.506,20.658,14.982,9.292,5.690,9.169,4.173,0.440,3.733,3.694,0.001,0.000,0.000,
11.11.2025,12:24:57.619,16.313,28.291,19.144,2.981,0.000,250.0,250.0,23.499,8.747,3.923,24.852,17.851,11.065,6.786,10.930,4.182,0.449,3.733,3.694,0.000,0.000,0.000,
11.11.2025,12:24:58.619,20.391,27.289,18.170,2.973,0.000,250.0,250.0,22.103,8.668,3.874,24.623,17.661,10.951,6.710,10.828,4.171,0.470,3.701,3.694,0.000,0.000,0.000,
11.11.2025,12:24:59.617,21.750,28.334,19.181,2.967,0.000,250.0,250.0,24.962,8.417,3.812,23.771,17.095,10.599,6.496,10.476,4.118,0.432,3.686,3.686,0.000,0.000,0.000,
11.11.2025,12:25:0.614,12.235,28.835,19.744,2.959,0.000,250.0,250.0,20.762,6.835,3.236,18.295,13.352,8.274,5.078,8.176,4.123,0.429,3.694,3.694,0.000,0.000,0.000,
11.11.2025,12:25:1.611,19.032,28.290,19.124,2.986,0.000,250.0,250.0,22.986,6.342,3.273,16.361,12.168,7.547,4.621,7.461,4.147,0.458,3.689,3.694,0.000,0.000,0.000,
11.11.2025,12:25:2.618,20.391,26.647,17.487,3.006,0.000,250.0,250.0,18.410,8.556,3.923,24.181,17.425,10.802,6.623,10.679,4.118,0.432,3.686,3.694,0.000,0.000,0.000,
11.11.2025,12:25:3.616,21.750,27.550,18.341,3.013,0.000,250.0,250.0,23.564,6.223,3.310,15.848,11.875,7.363,4.512,7.277,4.174,0.441,3.733,3.694,0.000,0.000,0.000,
11.11.2025,12:25:4.617,16.313,27.812,18.698,2.995,0.000,250.0,250.0,21.103,6.540,3.285,17.118,12.651,7.844,4.807,7.757,4.123,0.429,3.694,3.694,0.000,0.000,0.000,
11.11.2025,12:25:5.615,19.032,28.005,18.864,3.010,0.000,250.0,250.0,22.011,5.177,2.918,12.239,9.406,5.828,3.578,5.755,4.174,0.441,3.733,3.694,0.000,0.000,0.000,
11.11.2025,12:25:6.615,16.313,29.686,20.449,3.020,0.000,250.0,250.0,24.329,7.700,3.714,21.085,15.383,9.535,5.848,9.424,4.153,0.457,3.696,3.702,0.000,0.000,0.000,
11.11.2025,12:25:7.615,24.469,29.130,19.975,3.044,0.000,250.0,250.0,23.027,6.178,3.261,15.718,11.768,7.297,4.471,7.211,4.178,0.445,3.733,3.694,0.000,0.000,0.000,
11.11.2025,12:25:8.606,21.750,28.415,19.230,2.993,0.000,250.0,250.0,23.974,5.182,3.126,12.100,9.432,5.846,3.586,5.785,4.123,0.429,3.694,3.694,0.000,0.000,0.000,
11.11.2025,12:25:9.614,19.032,28.396,19.281,3.006,0.000,250.0,250.0,21.754,8.942,4.057,25.483,18.323,11.360,6.963,11.224,4.152,0.457,3.695,3.702,0.000,0.000,0.000,
11.11.2025,12:25:10.613,21.750,29.265,20.032,3.010,0.000,250.0,250.0,24.870,8.166,3.824,22.790,16.503,10.229,6.274,10.106,4.119,0.425,3.694,3.694,0.000,0.000,0.000,
11.11.2025,12:25:11.611,20.391,27.487,18.404,2.971,0.000,250.0,250.0,25.731,8.375,3.959,23.443,16.983,10.536,6.447,10.414,4.131,0.429,3.702,3.702,0.000,0.000,0.000,
11.11.2025,12:25:12.611,16.313,28.944,19.852,2.957,0.000,250.0,250.0,23.143,8.128,3.677,22.794,16.411,10.171,6.240,10.048,4.119,0.425,3.694,3.694,0.000,0.000,0.000,
11.11.2025,12:25:13.614,17.672,29.651,20.476,3.014,0.000,250.0,250.0,21.314,6.562,3.408,17.086,12.706,7.877,4.829,7.778,4.123,0.429,3.694,3.694,0.000,0.000,0.000,
11.11.2025,12:25:14.611,19.032,29.655,20.446,3.020,0.000,250.0,250.0,22.483,5.037,2.955,11.711,9.087,5.632,3.455,5.570,4.131,0.429,3.702,3.702,0.000,0.000,0.000,
11.11.2025,12:25:15.613,13.594,27.189,18.039,3.002,0.000,250.0,250.0,22.694,7.516,3.555,20.574,14.961,9.282,5.679,9.171,4.123,0.429,3.694,3.694,0.000,0.000,0.000,
11.11.2025,12:25:16.612,20.391,29.068,19.907,2.998,0.000,250.0,250.0,20.350,7.445,3.629,20.203,14.768,9.166,5.602,9.055,4.170,0.445,3.725,3.686,0.000,0.000,0.000,
11.11.2025,12:25:17.607,20.391,28.659,19.480,2.968,0.000,250.0,250.0,23.740,4.958,3.004,11.350,8.905,5.523,3.382,5.449,4.131,0.429,3.702,3.702,0.000,0.000,0.000,
11.11.2025,12:25:18.609,24.469,29.221,20.060,3.024,0.000,250.0,250.0,20.939,8.433,3.862,23.774,17.143,10.630,6.513,10.494,4.111,0.425,3.686,3.694,0.000,0.000,0.000,
11.11.2025,12:25:19.607,19.032,28.449,19.200,3.053,0.000,250.0,250.0,24.668,6.508,3.420,16.863,12.575,7.793,4.782,7.707,4.123,0.429,3.694,3.694,0.000,0.000,0.000,
11.11.2025,12:25:20.605,24.469,29.474,20.394,2.962,0.000,250.0,250.0,23.820,5.929,3.102,14.933,11.175,6.933,4.242,6.847,4.182,0.441,3.741,3.694,0.000,0.000,0.000,
11.11.2025,12:25:21.618,21.750,29.083,19.913,2.971,0.000,250.0,250.0,22.672,7.998,3.714,22.180,16.059,9.953,6.106,9.830,4.220,0.448,3.772,3.694,0.000,0.000,0.000,
11.11.2025,12:25:22.611,31.266,28.197,19.052,2.998,0.000,250.0,250.0,22.978,7.938,3.653,22.045,15.934,9.877,6.057,9.754,4.182,0.441,3.741,3.694,0.000,0.000,0.000,
11.11.2025,12:25:23.606,23.110,35.183,25.227,3.644,0.000,250.0,250.0,23.231,9.294,4.058,26.852,19.165,11.880,7.285,11.745,4.127,0.425,3.702,3.702,0.000,0.000,0.000,
11.11.2025,12:25:24.619,17.672,29.018,19.624,3.229,0.000,250.0,250.0,24.424,6.522,3.298,17.034,12.605,7.821,4.784,7.723,4.131,0.429,3.702,3.694,0.000,0.000,0.000,
11.11.2025,12:25:25.604,21.750,27.004,17.892,2.957,0.000,250.0,250.0,22.277,4.293,2.722,9.102,7.336,4.554,2.782,4.493,4.123,0.429,3.694,3.694,0.000,0.000,0.000,
11.11.2025,12:25:26.616,14.953,29.548,20.419,2.984,0.000,250.0,250.0,20.135,7.664,3.579,21.123,15.307,9.496,5.811,9.386,4.119,0.425,3.694,3.694,0.000,0.000,0.000,
11.11.2025,12:25:27.611,23.110,28.911,19.758,2.981,0.000,250.0,250.0,24.559,7.968,3.603,22.232,16.017,9.937,6.080,9.814,4.153,0.457,3.696,3.694,0.000,0.000,0.000,
11.11.2025,12:25:28.612,19.032,27.997,18.797,2.996,0.000,250.0,250.0,21.409,7.207,3.407,19.549,14.227,8.821,5.406,8.723,4.123,0.429,3.694,3.694,0.000,0.000,0.000,
11.11.2025,12:25:29.611,20.391,29.603,20.466,2.953,0.000,250.0,250.0,23.129,7.416,3.629,20.113,14.728,9.134,5.594,9.024,4.123,0.429,3.694,3.694,0.000,0.000,0.000,
11.11.2025,12:25:30.610,20.391,26.636,17.539,2.970,0.000,250.0,250.0,21.427,7.468,3.715,20.211,14.833,9.205,5.628,9.094,4.153,0.457,3.696,3.694,0.000,0.000,0.000,
11.11.2025,12:25:31.619,20.391,28.035,18.884,2.999,0.000,250.0,250.0,24.094,8.573,3.984,24.101,17.421,10.799,6.622,10.664,4.220,0.477,3.743,3.702,0.000,0.000,0.000,
11.11.2025,12:25:32.620,20.391,29.411,20.214,3.003,0.000,250.0,250.0,24.266,7.200,3.616,19.262,14.189,8.804,5.385,8.693,4.178,0.445,3.733,3.694,0.000,0.000,0.000,
11.11.2025,12:25:33.614,20.391,29.411,20.214,3.003,0.000,250.0,250.0,21.380,5.695,3.237,13.841,10.591,6.569,4.022,6.483,4.256,0.481,3.775,3.694,0.000,0.000,0.000,
11.11.2025,12:25:34.616,20.391,28.261,19.052,3.049,0.000,250.0,250.0,22.155,6.910,3.457,18.300,13.483,8.358,5.125,8.260,4.212,0.477,3.735,3.694,0.000,0.000,0.000,
11.11.2025,12:25:35.613,27.188,28.658,19.492,3.016,0.000,250.0,250.0,21.980,9.651,4.192,28.082,20.018,12.411,7.607,12.264,4.119,0.425,3.694,3.694,0.000,0.000,0.000,
11.11.2025,12:25:36.610,19.032,30.563,21.392,2.984,0.000,250.0,250.0,25.114,9.788,4.094,28.663,20.312,12.600,7.712,12.440,4.169,0.472,3.697,3.720,0.000,0.000,0.000,
11.11.2025,12:25:37.608,10.875,27.572,18.442,2.977,0.000,250.0,250.0,24.664,6.895,3.433,18.293,13.459,8.346,5.113,8.248,4.171,0.465,3.706,3.711,0.000,0.000,0.000,
11.11.2025,12:25:38.607,21.750,27.475,18.374,2.959,0.000,250.0,250.0,21.690,8.584,3.972,24.174,17.449,10.826,6.623,10.690,4.199,0.472,3.727,3.711,0.000,0.000,0.000,
11.11.2025,12:25:39.605,19.032,27.761,18.625,2.960,0.000,250.0,250.0,23.154,5.477,2.979,13.303,10.090,6.263,3.827,6.190,4.207,0.472,3.735,3.702,0.000,0.000,0.000,
11.11.2025,12:25:40.619,23.110,28.678,19.591,2.969,0.000,250.0,250.0,19.180,5.558,3.175,13.486,10.328,6.406,3.922,6.332,4.123,0.429,3.694,3.686,0.000,0.000,0.000,
11.11.2025,12:25:41.605,13.594,28.802,19.634,2.964,0.000,250.0,250.0,21.698,6.484,3.347,16.759,12.469,7.735,4.734,7.637,4.232,0.452,3.780,3.694,0.000,0.000,0.000,
11.11.2025,12:25:42.614,20.391,27.339,18.186,2.996,0.000,250.0,250.0,24.033,8.046,3.715,22.420,16.195,10.039,6.156,9.928,4.151,0.457,3.694,3.711,0.000,0.000,0.000,
11.11.2025,12:25:43.613,14.953,28.876,19.747,2.935,0.000,250.0,250.0,23.949,7.846,3.604,21.785,15.745,9.759,5.986,9.649,4.119,0.425,3.694,3.694,0.000,0.000,0.000,
11.11.2025,12:25:44.613,14.953,27.519,18.384,2.975,0.000,250.0,250.0,21.436,6.303,3.175,16.302,12.068,7.484,4.584,7.398,4.153,0.457,3.696,3.711,0.000,0.000,0.000,
11.11.2025,12:25:45.611,23.110,28.217,19.100,2.946,0.000,250.0,250.0,24.400,9.147,4.045,26.309,18.828,11.680,7.148,11.532,4.119,0.425,3.694,3.694,0.000,0.000,0.000,
11.11.2025,12:25:46.610,13.594,27.832,18.656,2.971,0.000,250.0,250.0,21.811,4.056,2.697,8.222,6.781,4.196,2.585,4.147,4.123,0.429,3.694,3.686,0.000,0.000,0.000,
11.11.2025,12:25:47.607,19.032,28.895,19.798,2.940,0.000,250.0,250.0,23.413,8.477,3.984,23.813,17.232,10.686,6.546,10.563,4.126,0.432,3.694,3.694,0.000,0.125,0.000,
11.11.2025,12:25:48.606,20.391,29.953,20.836,2.977,0.000,250.0,250.0,22.053,6.948,3.432,18.540,13.624,8.452,5.172,8.341,4.118,0.432,3.686,3.686,0.001,0.000,0.000,
11.11.2025,12:25:49.605,17.672,28.946,19.767,2.986,0.000,250.0,250.0,18.789,9.898,4.094,29.073,20.567,12.753,7.814,12.606,4.179,0.461,3.718,3.711,0.000,0.000,0.000,
11.11.2025,12:25:50.617,28.547,27.580,18.397,3.012,0.000,250.0,250.0,26.281,8.210,3.886,22.862,16.595,10.281,6.314,10.158,4.145,0.434,3.711,3.711,0.000,0.000,0.000,
11.11.2025,12:25:51.615,17.672,26.618,17.495,2.958,0.000,250.0,250.0,26.822,4.974,2.905,11.512,8.938,5.545,3.393,5.484,4.131,0.429,3.702,3.702,0.000,0.000,0.000,
11.11.2025,12:25:52.611,25.829,29.642,20.539,2.951,0.000,250.0,250.0,20.023,7.629,3.677,20.859,15.207,9.434,5.773,9.323,4.155,0.444,3.711,3.711,0.000,0.000,0.000,
11.11.2025,12:25:53.615,19.032,27.885,18.717,3.011,0.000,250.0,250.0,25.966,8.453,4.008,23.694,17.176,10.652,6.524,10.530,4.126,0.432,3.694,3.694,0.000,0.000,0.000,
11.11.2025,12:25:54.617,17.672,29.129,19.886,3.049,0.000,250.0,250.0,23.210,7.167,3.543,19.260,14.138,8.765,5.373,8.667,4.118,0.432,3.686,3.686,0.000,0.000,0.000,
11.11.2025,12:25:55.617,16.313,29.734,20.552,3.009,0.000,250.0,250.0,19.902,5.060,3.224,11.518,9.148,5.668,3.480,5.594,4.131,0.429,3.702,3.702,0.000,0.000,0.000,
11.11.2025,12:25:56.614,20.391,29.041,19.922,2.933,0.000,250.0,250.0,17.985,4.053,2.673,8.241,6.774,4.200,2.574,4.151,4.115,0.429,3.686,3.686,0.000,0.000,0.000,
11.11.2025,12:25:57.610,21.750,26.552,17.429,2.954,0.000,250.0,250.0,20.252,6.821,3.334,18.125,13.307,8.245,5.062,8.147,4.145,0.434,3.711,3.694,0.000,0.000,0.000,
11.11.2025,12:25:58.605,14.953,27.809,18.669,2.974,0.000,250.0,250.0,18.930,9.280,3.972,26.878,19.143,11.869,7.274,11.721,4.119,0.425,3.694,3.702,0.000,0.000,0.000,
11.11.2025,12:25:59.606,20.391,29.086,19.937,3.001,0.000,250.0,250.0,25.580,8.051,3.776,22.389,16.226,10.067,6.159,9.944,4.127,0.425,3.702,3.694,0.000,0.000,0.000,
11.11.2025,12:26:0.612,21.750,27.162,18.059,2.955,0.000,250.0,250.0,21.664,8.457,3.849,23.867,17.184,10.650,6.534,10.527,4.131,0.437,3.694,3.694,0.000,0.000,0.000,
11.11.2025,12:26:1.611,19.032,29.276,20.132,3.000,0.000,250.0,250.0,21.453,3.996,2.599,8.092,6.633,4.110,2.523,4.061,4.123,0.429,3.694,3.694,0.000,0.000,0.000,
11.11.2025,12:26:2.610,20.391,27.248,18.103,2.974,0.000,250.0,250.0,20.465,8.331,3.849,23.348,16.861,10.458,6.403,10.336,4.174,0.449,3.725,3.702,0.000,0.000,0.000,
11.11.2025,12:26:3.606,24.469,28.524,19.290,3.064,0.000,250.0,250.0,23.648,8.476,3.874,23.870,17.200,10.664,6.536,10.541,4.182,0.449,3.733,3.711,0.000,0.000,0.000,
11.11.2025,12:26:4.606,17.672,28.169,19.024,2.982,0.000,250.0,250.0,22.653,5.734,3.175,14.109,10.718,6.645,4.073,6.571,4.178,0.445,3.733,3.694,0.000,0.000,0.000,
11.11.2025,12:26:5.613,17.672,28.613,19.421,2.983,0.000,250.0,250.0,25.544,6.396,3.298,16.550,12.303,7.632,4.671,7.534,4.138,0.427,3.711,3.694,0.000,0.000,0.000,
11.11.2025,12:26:6.615,20.391,29.246,20.132,2.965,0.000,250.0,250.0,24.433,7.715,3.604,21.270,15.425,9.562,5.863,9.451,4.137,0.435,3.702,3.702,0.000,0.000,0.000,
11.11.2025,12:26:7.613,20.391,27.259,18.122,3.017,0.000,250.0,250.0,23.842,6.207,3.126,15.932,11.816,7.328,4.488,7.242,4.222,0.449,3.773,3.694,0.000,0.000,0.000,
11.11.2025,12:26:8.612,21.750,28.968,19.808,2.962,0.000,250.0,250.0,22.480,7.774,3.616,21.495,15.562,9.649,5.913,9.538,4.133,0.431,3.702,3.702,0.000,0.000,0.000,
11.11.2025,12:26:9.608,21.750,27.279,18.136,2.979,0.000,250.0,250.0,21.406,8.107,3.714,22.664,16.355,10.150,6.205,10.027,4.130,0.436,3.694,3.694,0.000,0.000,0.000,
11.11.2025,12:26:10.619,25.829,27.579,18.449,2.986,0.000,250.0,250.0,21.728,4.173,2.648,8.725,7.064,4.381,2.683,4.319,4.114,0.428,3.686,3.686,0.000,0.000,0.000,
11.11.2025,12:26:11.617,17.672,27.891,18.708,3.019,0.000,250.0,250.0,23.462,6.580,3.236,17.280,12.722,7.891,4.831,7.793,4.174,0.433,3.741,3.702,0.000,0.000,0.000,
11.11.2025,12:26:12.617,25.829,27.120,17.943,2.981,0.000,250.0,250.0,22.884,6.593,3.285,17.320,12.768,7.914,4.854,7.828,4.131,0.429,3.702,3.702,0.000,0.000,0.000,
11.11.2025,12:26:13.614,19.032,30.310,21.073,3.038,0.000,250.0,250.0,23.917,7.735,3.628,21.343,15.480,9.595,5.885,9.485,4.119,0.425,3.694,3.694,0.000,0.000,0.000,
11.11.2025,12:26:14.612,14.953,27.775,18.677,2.995,0.000,250.0,250.0,23.127,7.735,3.298,17.299,12.771,7.916,4.855,7.818,4.123,0.429,3.694,3.694,0.000,0.000,0.000,
11.11.2025,12:26:15.615,17.672,27.502,18.251,3.026,0.000,250.0,250.0,23.499,6.590,3.396,18.837,13.783,8.550,5.233,8.440,4.115,0.429,3.686,3.686,0.000,0.000,0.000,
11.11.2025,12:26:16.611,9.516,28.397,19.226,3.001,0.000,250.0,250.0,23.499,7.016,3.396,18.837,13.783,8.550,5.233,8.440,4.115,0.429,3.686,3.686,0.000,0.000,0.000,
11.11.2025,12:26:17.607,20.391,29.373,20.235,2.998,0.000,250.0,250.0,23.794,7.715,3.763,21.129,15.428,9.569,5.859,9.459,4.123,0.429,3.694,3.694,0.000,0.000,0.000,
11.11.2025,12:26:18.610,24.469,30.661,21.466,2.998,0.000,250.0,250.0,24.861,5.588,3.224,13.513,10.367,6.432,3.935,6.358,4.177,0.444,3.733,3.694,0.000,0.000,0.000,
11.11.2025,12:26:19.610,16.313,26.880,17.654,3.069,0.000,250.0,250.0,23.016,8.408,3.898,23.641,17.078,10.591,6.487,10.455,4.119,0.425,3.694,3.694,0.000,0.000,0.000,
11.11.2025,12:26:20.608,20.391,29.429,20.308,3.005,0.000,250.0,250.0,22.300,8.132,3.776,22.713,16.418,10.187,6.231,10.064,4.119,0.425,3.694,3.694,0.000,0.000,0.000,
11.11.2025,12:26:21.620,23.110,27.790,18.555,3.011,0.000,250.0,250.0,24.149,5.570,2.906,13.718,10.315,6.389,3.926,6.315,4.220,0.448,3.772,3.694,0.000,0.000,0.000,
11.11.2025,12:26:22.606,19.032,28.520,19.350,2.998,0.000,250.0,250.0,22.797,7.014,3.445,18.733,13.750,8.523,5.227,8.424,4.174,0.441,3.733,3.694,0.000,0.000,0.000,
11.11.2025,12:26:23.619,17.672,30.059,20.896,3.043,0.000,250.0,250.0,23.667,7.739,3.567,21.413,15.486,9.599,5.887,9.488,4.123,0.429,3.694,3.702,0.000,0.000,0.000,
11.11.2025,12:26:24.608,16.313,30.342,20.974,3.146,0.000,250.0,250.0,21.751,7.635,3.678,20.912,15.247,9.448,5.799,9.338,4.115,0.429,3.686,3.694,0.001,0.000,0.000,
11.11.2025,12:26:25.607,17.672,32.112,22.238,3.610,0.000,250.0,250.0,24.247,7.707,3.727,21.124,15.411,9.561,5.850,9.438,4.131,0.429,3.702,3.694,0.000,0.000,0.000,
11.11.2025,12:26:26.605,17.672,29.296,20.027,3.102,0.000,250.0,250.0,20.374,7.386,3.310,20.288,14.627,9.071,5.556,8.961,4.171,0.466,3.705,3.702,0.000,0.000,0.000,
11.11.2025,12:26:27.620,10.875,29.279,20.126,2.965,0.000,250.0,250.0,21.443,7.419,3.396,20.375,14.742,9.135,5.607,9.024,4.115,0.429,3.686,3.686,0.001,0.000,0.000,
11.11.2025,12:26:28.619,24.469,27.402,18.269,2.987,0.000,250.0,250.0,21.592,9.926,4.253,29.049,20.656,12.809,7.847,12.649,4.153,0.458,3.695,3.694,0.000,0.000,0.000,
11.11.2025,12:26:29.618,17.672,28.654,19.486,3.018,0.000,250.0,250.0,23.860,8.198,3.665,23.078,16.575,10.284,6.291,10.162,4.118,0.432,3.686,3.686,0.000,0.000,0.000,
11.11.2025,12:26:30.618,19.032,28.147,19.005,2.961,0.000,250.0,250.0,18.647,7.300,3.481,19.825,14.454,8.960,5.494,8.849,4.123,0.429,3.694,3.694,0.000,0.000,0.000,
11.11.2025,12:26:31.614,25.829,27.132,18.006,2.971,0.000,250.0,250.0,20.783,7.525,3.322,20.839,14.975,9.287,5.688,9.176,4.131,0.429,3.702,3.702,0.000,0.000,0.000,
11.11.2025,12:26:32.618,17.672,25.434,16.298,2.999,0.000,250.0,250.0,20.503,8.574,3.812,24.349,17.462,10.826,6.636,10.703,4.126,0.432,3.694,3.694,0.000,0.000,0.000,
11.11.2025,12:26:33.610,48.938,31.106,21.849,3.070,0.000,250.0,250.0,23.060,9.174,3.824,26.552,18.830,11.677,7.153,11.542,4.233,0.497,3.736,3.694,0.000,0.000,0.000,
11.11.2025,12:26:34.619,17.672,27.598,18.463,2.995,0.000,250.0,250.0,22.922,8.842,3.812,25.346,18.082,11.203,6.879,11.068,4.168,0.471,3.697,3.694,0.000,0.000,0.000,
11.11.2025,12:26:35.618,21.750,29.443,20.223,2.979,0.000,250.0,250.0,23.158,8.502,3.628,24.265,17.305,10.730,6.575,10.595,4.118,0.432,3.686,3.686,0.000,0.000,0.000,
11.11.2025,12:26:36.617,17.672,29.292,20.160,2.972,0.000,250.0,250.0,21.888,6.543,3.102,17.298,12.649,7.843,4.806,7.745,4.146,0.450,3.696,3.694,0.000,0.000,2.250,
11.11.2025,12:26:37.614,20.391,27.690,18.556,2.994,0.000,250.0,250.0,20.681,6.081,2.992,15.670,11.563,7.171,4.392,7.085,4.123,0.429,3.694,3.694,0.000,0.000,0.000,
11.11.2025,12:26:38.611,21.750,28.233,19.133,2.962,0.000,250.0,250.0,23.595,9.635,4.180,27.965,19.944,12.362,7.582,12.215,4.197,0.479,3.718,3.702,0.000,0.000,0.000,
11.11.2025,12:26:39.610,19.032,29.177,20.023,3.002,0.000,250.0,250.0,24.466,6.076,2.918,15.716,11.554,7.161,4.393,7.075,4.123,0.429,3.694,3.694,0.000,0.000,0.000,
11.11.2025,12:26:40.609,21.750,28.460,19.332,2.967,0.000,250.0,250.0,19.294,7.693,3.666,21.107,15.368,9.528,5.840,9.406,4.154,0.458,3.696,3.702,0.000,0.000,0.000,
11.11.2025,12:26:41.609,20.391,28.131,18.882,3.034,0.000,250.0,250.0,24.710,8.492,3.935,23.894,17.259,10.700,6.559,10.565,4.154,0.458,3.696,3.702,0.000,0.000,0.000,
11.11.2025,12:26:42.605,20.391,27.945,18.833,2.999,0.000,250.0,250.0,25.484,7.162,3.506,19.273,14.111,8.752,5.359,8.654,4.131,0.429,3.702,3.702,0.000,0.000,0.000,
11.11.2025,12:26:43.617,19.032,28.673,19.459,2.995,0.000,250.0,250.0,24.864,9.730,4.168,28.384,20.188,12.521,7.667,12.373,4.151,0.457,3.694,3.694,0.000,0.000,0.000,
11.11.2025,12:26:44.615,21.750,30.631,21.517,2.970,0.000,250.0,250.0,22.040,5.185,2.893,12.339,9.445,5.862,3.583,5.788,4.123,0.429,3.694,3.694,0.000,0.000,0.000,
11.11.2025,12:26:45.612,21.750,29.570,20.287,3.014,0.000,250.0,250.0,22.510,5.193,2.844,12.400,9.452,5.858,3.594,5.784,4.142,0.431,3.711,3.711,0.000,0.000,0.000,
11.11.2025,12:26:46.612,19.032,30.101,20.998,2.975,0.000,250.0,250.0,24.685,4.102,2.648,8.453,6.880,4.271,2.609,4.222,4.123,0.429,3.694,3.694,0.000,0.000,0.000,
11.11.2025,12:26:47.615,27.188,29.151,19.976,2.993,0.000,250.0,250.0,23.171,8.452,3.861,23.824,17.169,10.643,6.526,10.520,4.138,0.436,3.702,3.702,0.000,0.000,0.000,
11.11.2025,12:26:48.612,21.750,28.254,19.154,2.952,0.000,250.0,250.0,23.287,4.726,2.710,10.769,8.360,5.183,3.177,5.122,4.123,0.429,3.694,3.694,0.000,0.000,0.000,
11.11.2025,12:26:49.608,39.422,28.983,19.804,2.992,0.000,250.0,250.0,20.003,4.095,2.648,8.415,6.864,4.264,2.600,4.215,4.123,0.429,3.694,3.694,0.000,0.000,0.000,
11.11.2025,12:26:50.613,19.032,27.114,17.998,3.002,0.000,250.0,250.0,22.817,7.129,3.506,19.118,14.023,8.701,5.322,8.590,4.162,0.458,3.704,3.702,0.000,0.000,0.000,
11.11.2025,12:26:51.610,25.829,28.089,18.853,3.035,0.000,250.0,250.0,22.235,4.946,2.807,11.499,8.876,5.503,3.373,5.441,4.131,0.429,3.702,3.702,0.000,0.000,0.000,
11.11.2025,12:26:52.610,20.391,27.807,18.684,2.994,0.000,250.0,250.0,16.954,7.042,3.310,18.964,13.806,8.564,5.242,8.466,4.186,0.458,3.728,3.694,0.000,0.000,0.000,
11.11.2025,12:26:53.608,14.953,29.117,19.876,3.033,0.000,250.0,250.0,20.279,8.162,3.690,22.898,16.486,10.228,6.258,10.105,4.127,0.425,3.702,3.702,0.000,0.000,0.000,
11.11.2025,12:26:54.608,16.313,29.608,20.461,3.011,0.000,250.0,250.0,22.089,5.534,2.930,13.592,10.248,6.348,3.900,6.274,4.177,0.444,3.733,3.694,0.000,0.000,0.000,
11.11.2025,12:26:55.606,17.672,29.684,20.513,3.020,0.000,250.0,250.0,22.304,7.376,3.543,20.047,14.630,9.073,5.557,8.962,4.127,0.425,3.702,3.694,0.000,0.000,0.000,
11.11.2025,12:26:56.607,17.672,29.417,20.233,2.981,0.000,250.0,250.0,23.519,6.955,3.285,18.709,13.627,8.454,5.173,8.355,4.127,0.425,3.702,3.694,0.000,0.000,0.000,
11.11.2025,12:26:57.605,14.953,29.441,20.289,2.982,0.000,250.0,250.0,20.446,6.999,3.359,18.801,13.741,8.517,5.224,8.419,4.119,0.425,3.694,3.694,0.000,0.000,0.000,
11.11.2025,12:26:58.620,20.391,28.647,19.487,2.989,0.000,250.0,250.0,22.406,6.408,3.224,16.673,12.330,7.647,4.683,7.561,4.131,0.429,3.702,3.694,0.000,0.000,0.000,
11.11.2025,12:26:59.611,21.750,28.350,19.220,3.014,0.000,250.0,250.0,21.981,8.377,3.641,23.769,17.002,10.535,6.467,10.412,4.123,0.429,3.694,3.694,0.000,0.000,0.000,
11.11.2025,12:27:0.613,17.672,27.826,18.682,2.963,0.000,250.0,250.0,24.656,7.614,3.641,20.861,15.197,9.418,5.779,9.307,4.123,0.429,3.694,3.694,0.000,0.000,0.000,
11.11.2025,12:27:1.614,23.110,29.432,20.254,2.960,0.000,250.0,250.0,21.804,5.501,3.016,13.308,10.122,6.273,3.849,6.199,4.269,0.485,3.784,3.702,0.000,0.000,0.000,
11.11.2025,12:27:2.615,20.391,29.197,20.145,2.957,0.000,250.0,250.0,21.679,9.692,4.143,28.264,20.101,12.459,7.642,12.311,4.153,0.457,3.696,3.694,0.000,0.000,0.000,
11.11.2025,12:27:3.611,19.032,28.951,19.729,3.029,0.000,250.0,250.0,20.710,4.540,2.893,9.875,7.922,4.908,3.014,4.846,4.123,0.429,3.694,3.694,0.000,0.000,0.000,
11.11.2025,12:27:4.609,12.235,28.792,19.557,3.015,0.000,250.0,250.0,23.383,6.694,3.445,17.552,13.016,8.075,4.941,7.976,4.123,0.429,3.694,3.694,0.000,0.000,0.000,
11.11.2025,12:27:5.605,12.235,28.792,19.557,3.015,0.000,250.0,250.0,23.414,7.258,3.518,19.642,14.361,8.902,5.459,8.791,4.111,0.425,3.686,3.686,0.000,0.000,0.000,
11.11.2025,12:27:6.617,28.547,28.093,18.975,2.969,0.000,250.0,250.0,22.803,7.923,3.702,21.978,15.927,9.880,6.047,9.757,4.123,0.429,3.694,3.694,0.000,0.000,0.000,
11.11.2025,12:27:7.617,29.907,26.417,17.263,2.972,0.000,250.0,250.0,23.697,9.548,3.984,27.872,19.759,12.251,7.508,12.104,4.152,0.458,3.694,3.694,0.000,0.000,0.000,
11.11.2025,12:27:8.607,21.750,29.440,20.256,3.001,0.000,250.0,250.0,26.020,6.770,3.371,17.914,13.199,8.185,5.014,8.087,4.119,0.425,3.694,3.694,0.000,0.000,0.000,
11.11.2025,12:27:9.619,16.313,29.602,20.474,2.984,0.000,250.0,250.0,21.621,4.113,2.673,8.460,6.907,4.285,2.622,4.236,4.131,0.429,3.702,3.686,0.000,0.000,0.000,
11.11.2025,12:27:10.619,17.672,27.496,18.228,3.017,0.000,250.0,250.0,21.037,6.395,3.224,16.630,12.308,7.636,4.672,7.538,4.123,0.429,3.694,3.694,0.000,0.000,0.000,
11.11.2025,12:27:11.610,21.750,29.268,20.143,2.979,0.000,250.0,250.0,19.092,7.487,3.617,20.415,14.891,9.239,5.652,9.129,4.115,0.429,3.686,3.694,0.000,0.000,0.000,
11.11.2025,12:27:12.615,16.313,28.451,19.226,2.997,0.000,250.0,250.0,24.649,8.930,3.665,21.279,15.465,9.594,5.871,9.471,4.119,0.425,3.694,15.718,0.000,0.000,0.000,
11.11.2025,12:27:13.616,35.344,28.239,19.061,3.014,0.000,250.0,250.0,23.949,9.325,4.144,26.891,19.242,11.931,7.311,11.796,4.119,0.425,3.694,3.694,0.000,0.000,0.000,
11.11.2025,12:27:14.610,39.422,29.620,20.438,3.022,0.000,250.0,250.0,23.602,5.760,2.991,14.433,10.811,6.703,4.108,6.617,4.123,0.429,3.694,3.694,0.000,0.000,0.000,
11.11.2025,12:27:15.610,36.704,29.301,20.127,3.021,0.000,250.0,250.0,23.603,7.409,3.347,20.352,14.698,9.106,5.592,8.995,4.151,0.457,3.694,3.694,0.000,0.000,0.000,
11.11.2025,12:27:16.605,35.344,28.954,19.775,2.984,0.000,250.0,250.0,22.818,5.708,3.016,14.219,10.682,6.626,4.056,6.552,4.123,0.429,3.694,3.686,0.000,0.000,0.000,
11.11.2025,12:27:17.619,33.985,29.267,20.115,3.010,0.000,250.0,250.0,22.662,7.048,3.457,18.884,13.854,8.593,5.261,8.482,4.127,0.425,3.702,3.694,0.000,0.000,0.000,
11.11.2025,12:27:18.607,24.469,28.960,19.795,2.973,0.000,250.0,250.0,23.434,8.680,4.082,24.482,17.715,10.983,6.732,10.860,4.126,0.432,3.694,3.694,0.000,0.000,0.000,
11.11.2025,12:27:19.613,17.672,30.994,21.840,3.003,0.000,250.0,250.0,23.898,7.174,3.469,19.352,14.158,8.775,5.383,8.664,4.123,0.429,3.694,3.694,0.000,0.000,0.000,
11.11.2025,12:27:20.610,20.391,28.863,19.691,3.006,0.000,250.0,250.0,23.908,7.287,3.358,19.793,14.353,8.897,5.456,8.799,4.257,0.482,3.775,3.694,0.000,0.000,0.000,
11.11.2025,12:27:21.609,24.469,29.739,20.529,3.009,0.000,250.0,250.0,24.063,7.434,3.346,20.470,14.766,9.152,5.614,9.041,4.126,0.432,3.694,3.694,0.000,0.000,0.000,
11.11.2025,12:27:22.607,27.188,28.468,19.347,3.002,0.000,250.0,250.0,22.017,5.241,2.783,12.579,9.537,5.907,3.630,5.833,4.222,0.449,3.773,3.694,0.000,0.000,0.000,
11.11.2025,12:27:23.609,36.704,26.993,17.814,2.990,0.000,250.0,250.0,20.630,5.502,2.869,13.576,10.194,6.321,3.873,6.247,4.123,0.429,3.694,3.694,0.000,0.000,0.000,
11.11.2025,12:27:24.620,16.313,29.361,20.218,3.015,0.000,250.0,250.0,19.905,6.359,3.187,16.500,12.211,7.575,4.636,7.477,4.154,0.458,3.696,3.694,0.000,0.000,0.000,
11.11.2025,12:27:25.618,38.063,29.105,19.868,3.048,0.000,250.0,250.0,25.021,5.741,3.212,14.144,10.760,6.677,4.083,6.591,4.123,0.429,3.694,3.694,0.000,0.000,0.000,
11.11.2025,12:27:26.615,44.860,31.332,21.732,3.381,0.000,250.0,250.0,25.998,9.243,4.143,26.566,19.046,11.809,7.237,11.674,4.126,0.432,3.694,3.702,0.000,0.000,0.000,
11.11.2025,12:27:27.610,29.907,31.064,21.189,3.580,0.000,250.0,250.0,26.130,7.647,3.653,20.978,15.271,9.472,5.799,9.361,4.126,0.432,3.694,3.686,0.000,0.000,0.000,
11.11.2025,12:27:28.608,16.313,27.985,18.798,2.991,0.000,250.0,250.0,22.482,4.053,2.624,8.276,6.761,4.199,2.562,4.150,4.131,0.429,3.702,3.694,0.000,0.000,0.125,
11.11.2025,12:27:29.607,19.032,27.670,18.530,3.035,0.000,250.0,250.0,22.883,6.764,3.432,17.824,13.185,8.171,5.014,8.073,4.123,0.429,3.694,3.694,0.000,0.000,0.000,
11.11.2025,12:27:30.605,27.188,29.426,20.225,2.991,0.000,250.0,250.0,24.436,7.194,3.420,19.476,14.195,8.800,5.395,8.689,4.134,0.432,3.702,3.694,0.000,0.000,0.000,
11.11.2025,12:27:31.608,24.469,28.923,19.748,2.990,0.000,250.0,250.0,23.030,8.577,3.898,24.273,17.471,10.837,6.634,10.702,4.126,0.432,3.694,3.702,0.000,0.000,0.000,
11.11.2025,12:27:32.605,27.188,27.084,17.939,2.985,0.000,250.0,250.0,22.109,5.437,2.942,13.262,10.045,6.221,3.824,6.147,4.115,0.429,3.686,3.694,0.000,0.000,0.000,
11.11.2025,12:27:33.613,35.344,27.744,18.569,3.021,0.000,250.0,250.0,25.504,7.538,3.714,20.498,15.014,9.313,5.701,9.191,4.126,0.432,3.694,3.694,0.000,0.000,0.000,
11.11.2025,12:27:34.605,28.547,26.160,17.011,3.016,0.000,250.0,250.0,21.927,4.776,2.722,10.902,8.453,5.242,3.211,5.180,4.177,0.444,3.733,3.694,0.000,0.000,0.000,
11.11.2025,12:27:35.616,24.469,29.984,20.769,2.984,0.000,250.0,250.0,23.291,8.442,3.824,23.840,17.160,10.637,6.523,10.502,4.118,0.432,3.686,3.694,0.000,0.000,0.000,
11.11.2025,12:27:36.612,25.829,28.888,19.769,2.987,0.000,250.0,250.0,23.937,4.925,2.746,11.474,8.828,5.479,3.349,5.405,4.131,0.429,3.702,3.702,0.000,0.000,0.000,
11.11.2025,12:27:37.605,40.782,27.522,18.372,3.032,0.000,250.0,250.0,24.493,8.068,3.690,22.542,16.266,10.086,6.180,9.963,4.127,0.425,3.702,3.702,0.000,0.000,0.000,
11.11.2025,12:27:38.606,21.750,27.013,17.841,2.987,0.000,250.0,250.0,23.081,4.279,2.599,9.177,7.298,4.529,2.769,4.479,4.123,0.429,3.694,3.694,0.000,0.000,0.000,
11.11.2025,12:27:39.619,31.266,27.577,18.426,2.980,0.000,250.0,250.0,22.127,6.821,3.212,18.261,13.310,8.259,5.051,8.161,4.130,0.436,3.694,3.694,0.000,0.000,0.000,
11.11.2025,12:27:40.615,23.110,28.326,19.220,2.975,0.000,250.0,250.0,23.209,4.084,2.562,8.460,6.846,4.248,2.598,4.186,4.123,0.429,3.694,3.694,0.000,0.375,0.000,
11.11.2025,12:27:41.613,23.110,28.649,19.460,3.007,0.000,250.0,250.0,18.806,5.039,2.587,12.082,9.100,5.640,3.460,5.578,4.123,0.429,3.694,3.694,0.000,0.000,0.000,
11.11.2025,12:27:42.610,19.032,28.303,19.109,3.000,0.000,250.0,250.0,18.741,5.039,3.457,20.359,14.776,9.158,5.618,9.048,4.119,0.425,3.694,3.694,0.000,0.000,0.000,
11.11.2025,12:27:43.614,19.032,28.943,19.753,3.036,0.000,250.0,250.0,22.509,7.435,3.285,17.620,12.960,8.034,4.926,7.936,4.124,0.430,3.694,3.694,0.000,0.000,0.000,
11.11.2025,12:27:44.613,17.672,29.390,20.222,3.004,0.000,250.0,250.0,22.509,6.670,3.285,17.620,12.960,8.034,4.926,7.936,4.124,0.430,3.694,3.694,0.000,0.000,0.000,
11.11.2025,12:27:45.609,19.032,29.078,19.945,3.007,0.000,250.0,250.0,20.965,8.819,3.763,25.334,18.050,11.194,6.856,11.059,4.119,0.425,3.694,3.694,0.000,0.000,0.000,
11.11.2025,12:27:46.609,20.391,27.232,18.035,2.995,0.000,250.0,250.0,23.269,6.251,3.187,16.114,11.970,7.423,4.547,7.325,4.123,0.429,3.694,3.694,0.000,0.000,0.000,
11.11.2025,12:27:47.605,19.032,26.228,17.031,3.001,0.000,250.0,250.0,23.905,6.312,3.347,16.191,12.111,7.512,4.599,7.426,4.123,0.429,3.694,3.686,0.000,0.000,0.000,
11.11.2025,12:27:48.605,17.672,27.795,18.631,2.984,0.000,250.0,250.0,21.593,6.543,3.420,16.998,12.664,7.849,4.815,7.750,4.119,0.425,3.694,3.694,0.005,0.000,0.000,
11.11.2025,12:27:49.616,17.672,28.176,19.104,2.961,0.000,250.0,250.0,21.549,6.393,3.457,16.383,12.301,7.631,4.670,7.545,4.123,0.429,3.694,3.694,0.000,0.000,0.000,
11.11.2025,12:27:50.613,20.391,28.562,19.377,2.974,0.000,250.0,250.0,21.400,9.227,4.143,26.523,19.009,11.789,7.220,11.654,4.119,0.425,3.694,3.694,0.000,0.000,0.000,
11.11.2025,12:27:51.615,13.594,27.836,18.705,3.004,0.000,250.0,250.0,23.576,7.308,3.616,19.716,14.469,8.966,5.503,8.856,4.127,0.425,3.702,3.702,0.000,0.375,0.000,
11.11.2025,12:27:52.612,17.672,27.197,18.044,2.971,0.000,250.0,250.0,24.421,9.196,4.033,26.515,18.943,11.744,7.199,11.609,4.111,0.425,3.686,3.694,0.000,0.000,0.000,
11.11.2025,12:27:53.612,16.313,27.798,18.619,3.002,0.000,250.0,250.0,20.648,5.449,2.967,13.286,10.068,6.245,3.823,6.171,4.123,0.429,3.694,3.686,0.000,0.000,0.000,
11.11.2025,12:27:54.610,19.032,27.960,18.847,2.948,0.000,250.0,250.0,21.134,6.304,3.249,16.254,12.099,7.500,4.599,7.402,4.123,0.429,3.694,3.694,0.000,0.000,0.000,
11.11.2025,12:27:55.610,17.672,26.496,17.333,2.991,0.000,250.0,250.0,24.791,8.898,3.812,25.565,18.221,11.292,6.929,11.157,4.155,0.458,3.697,3.694,0.000,0.000,0.000,
11.11.2025,12:27:56.606,14.953,27.045,17.895,2.955,0.000,250.0,250.0,24.263,7.725,3.641,21.286,15.457,9.584,5.873,9.473,4.123,0.429,3.694,3.694,0.000,0.000,0.000,
11.11.2025,12:27:57.608,23.110,29.163,20.112,2.955,0.000,250.0,250.0,22.767,9.715,4.217,28.300,20.168,12.511,7.657,12.364,4.119,0.425,3.694,3.694,0.000,0.000,0.000,
11.11.2025,12:27:58.611,21.750,29.027,19.830,2.970,0.000,250.0,250.0,21.224,8.603,3.714,24.462,17.474,10.830,6.644,10.695,4.258,0.482,3.776,3.694,0.000,0.000,0.000,
11.11.2025,12:27:59.606,20.391,26.712,17.564,3.006,0.000,250.0,250.0,23.213,8.542,3.812,24.232,17.397,10.787,6.610,10.652,4.119,0.425,3.694,3.694,0.000,0.000,0.000,
11.11.2025,12:28:0.609,21.750,29.231,20.081,3.028,0.000,250.0,250.0,23.034,8.662,3.861,24.602,17.651,10.945,6.706,10.810,4.173,0.473,3.700,3.694,0.000,0.000,0.000,
11.11.2025,12:28:1.612,19.032,28.630,19.459,3.004,0.000,250.0,250.0,28.580,9.822,4.180,28.738,20.419,12.667,7.752,12.507,4.127,0.425,3.702,3.702,0.000,0.000,0.000,
11.11.2025,12:28:2.612,23.110,27.617,18.380,3.062,0.000,250.0,250.0,27.315,8.965,3.873,25.762,18.381,11.390,6.991,11.254,4.152,0.457,3.695,3.694,0.000,0.000,0.000,
11.11.2025,12:28:3.611,20.391,28.021,18.756,3.054,0.000,250.0,250.0,23.035,9.361,4.131,27.051,19.335,11.989,7.346,11.854,4.111,0.425,3.686,3.686,0.000,0.000,0.000,
11.11.2025,12:28:4.609,23.110,28.672,19.521,2.990,0.000,250.0,250.0,23.240,9.352,4.069,27.060,19.313,11.978,7.335,11.831,4.119,0.425,3.694,3.694,0.000,0.000,0.000,
11.11.2025,12:28:5.608,19.032,28.559,19.415,3.001,0.000,250.0,250.0,25.588,6.819,3.432,18.028,13.309,8.246,5.063,8.148,4.131,0.429,3.702,3.702,0.000,0.000,0.000,
11.11.2025,12:28:6.606,23.110,29.132,19.966,2.965,0.000,250.0,250.0,25.246,5.397,3.090,12.946,9.954,6.164,3.790,6.090,4.123,0.429,3.694,3.686,0.000,0.000,0.000,
11.11.2025,12:28:7.606,17.672,28.156,18.996,3.003,0.000,250.0,250.0,20.895,7.817,3.653,21.618,15.674,9.716,5.958,9.593,4.131,0.429,3.702,3.694,0.000,0.000,0.000,
11.11.2025,12:28:8.621,19.032,27.213,18.107,2.983,0.000,250.0,250.0,23.080,6.402,3.310,16.541,12.304,7.633,4.671,7.547,4.154,0.458,3.696,3.702,0.000,0.000,0.000,
11.11.2025,12:28:9.621,21.750,28.833,19.650,3.003,0.000,250.0,250.0,21.411,5.476,3.310,13.031,10.137,6.279,3.858,6.205,4.123,0.429,3.694,3.694,0.000,0.000,0.000,
11.11.2025,12:28:10.635,21.750,29.598,20.456,2.986,0.000,250.0,250.0,24.054,7.135,3.530,19.137,14.054,8.710,5.344,8.612,4.131,0.429,3.702,3.702,0.000,0.000,0.000,
11.11.2025,12:28:11.630,17.672,29.657,20.475,2.970,0.000,250.0,250.0,22.210,5.810,3.285,14.334,10.927,6.772,4.155,6.698,4.115,0.429,3.686,3.694,0.000,0.000,0.000,
11.11.2025,12:28:12.630,19.032,29.382,20.279,2.985,0.000,250.0,250.0,21.383,5.290,3.175,12.421,9.670,5.996,3.674,5.923,4.175,0.441,3.734,3.694,0.000,0.000,0.000,
11.11.2025,12:28:13.629,14.953,28.877,19.682,3.020,0.000,250.0,250.0,25.282,4.228,2.918,8.655,7.182,4.452,2.730,4.403,4.123,0.429,3.694,3.694,0.000,0.000,0.625,
11.11.2025,12:28:14.626,28.547,26.827,17.669,2.976,0.000,250.0,250.0,21.713,7.159,3.530,19.211,14.105,8.748,5.357,8.637,4.155,0.458,3.697,3.694,0.000,0.000,0.000,
11.11.2025,12:28:15.628,17.672,28.835,19.668,3.016,0.000,250.0,250.0,22.377,4.334,2.771,9.204,7.430,4.613,2.817,4.552,4.131,0.429,3.702,3.694,0.000,0.000,0.000,
11.11.2025,12:28:16.626,32.625,26.453,17.363,2.984,0.000,250.0,250.0,21.620,6.875,3.347,18.314,13.431,8.331,5.100,8.221,4.154,0.458,3.696,3.702,0.000,0.000,0.000,
11.11.2025,12:28:17.643,21.750,29.003,19.794,3.023,0.000,250.0,250.0,23.600,9.101,3.972,26.187,18.690,11.592,7.098,11.457,4.154,0.458,3.696,3.702,0.000,0.000,0.000,
11.11.2025,12:28:18.636,21.750,27.740,18.573,2.975,0.000,250.0,250.0,24.621,8.345,3.873,23.381,16.895,10.474,6.421,10.351,4.174,0.471,3.703,3.702,0.000,0.000,0.000,
11.11.2025,12:28:19.651,8.156,28.562,19.387,2.996,0.000,250.0,250.0,24.141,6.890,3.580,18.157,13.483,8.358,5.125,8.260,4.123,0.429,3.694,3.694,0.000,0.000,0.000,
11.11.2025,12:28:20.650,21.750,27.881,18.750,2.985,0.000,250.0,250.0,23.827,6.649,3.396,17.421,12.907,8.002,4.905,7.916,4.123,0.429,3.694,3.694,0.000,0.000,0.000,
11.11.2025,12:28:21.650,13.594,28.240,19.058,3.029,0.000,250.0,250.0,21.959,8.677,4.008,24.537,17.701,10.982,6.719,10.847,4.134,0.432,3.702,3.702,0.000,0.000,0.000,
11.11.2025,12:28:22.649,20.391,27.712,18.554,3.003,0.000,250.0,250.0,25.785,6.313,3.347,16.162,12.106,7.505,4.601,7.406,4.154,0.458,3.696,3.694,0.000,0.000,0.000,
11.11.2025,12:28:23.648,25.829,27.948,18.709,3.048,0.000,250.0,250.0,22.951,7.450,3.592,20.287,14.805,9.178,5.627,9.067,4.126,0.432,3.694,3.694,0.000,0.000,0.000,
11.11.2025,12:28:24.645,19.032,26.078,16.930,2.977,0.000,250.0,250.0,21.096,4.231,2.673,8.908,7.194,4.459,2.735,4.397,4.123,0.429,3.694,3.694,0.000,0.000,0.000,
11.11.2025,12:28:25.645,13.594,31.318,22.106,3.010,0.000,250.0,250.0,20.864,8.402,4.008,23.489,17.049,10.576,6.473,10.453,4.134,0.432,3.702,3.702,0.000,0.000,0.000,
11.11.2025,12:28:26.644,12.235,27.312,18.137,3.032,0.000,250.0,250.0,25.436,6.325,3.469,16.055,12.105,7.509,4.596,7.423,4.193,0.443,3.750,3.711,0.000,0.000,0.000,
11.11.2025,12:28:27.644,28.547,31.460,21.820,3.390,0.000,250.0,250.0,23.807,8.083,3.923,22.319,16.278,10.086,6.192,9.963,4.182,0.441,3.741,3.702,0.000,0.000,0.000,
11.11.2025,12:28:28.660,16.313,31.429,21.719,3.449,0.000,250.0,250.0,23.629,4.364,2.832,9.269,7.500,4.648,2.852,4.599,4.123,0.429,3.694,3.694,0.000,0.000,0.000,
11.11.2025,12:28:29.662,14.953,28.934,19.697,3.030,0.000,250.0,250.0,22.818,6.695,3.310,17.669,13.016,8.063,4.953,7.965,4.142,0.431,3.711,3.694,0.000,0.000,1.125,
11.11.2025,12:28:30.658,20.391,27.992,18.917,2.973,0.000,250.0,250.0,23.046,6.672,3.359,17.546,12.966,8.045,4.921,7.947,4.119,0.425,3.694,3.694,0.000,0.000,0.000,
11.11.2025,12:28:31.656,21.750,28.493,19.294,3.008,0.000,250.0,250.0,22.204,5.879,3.151,14.726,11.090,6.873,4.217,6.787,4.127,0.425,3.702,3.694,0.000,0.000,0.000,
11.11.2025,12:28:32.663,31.266,29.765,20.614,3.004,0.000,250.0,250.0,24.463,8.494,3.984,23.867,17.268,10.709,6.559,10.574,4.138,0.436,3.702,3.702,0.000,0.000,0.000,
11.11.2025,12:28:33.662,31.266,28.021,18.728,3.057,0.000,250.0,250.0,21.292,6.337,3.310,16.325,12.169,7.548,4.621,7.462,4.119,0.425,3.694,3.694,0.000,0.000,0.000,
11.11.2025,12:28:34.657,14.953,29.949,20.841,2.971,0.000,250.0,250.0,24.199,7.391,3.678,19.966,14.664,9.096,5.568,8.985,4.130,0.436,3.694,3.694,0.000,0.000,0.000,
11.11.2025,12:28:35.657,28.547,27.827,18.708,2.971,0.000,250.0,250.0,24.472,9.205,4.217,26.260,18.904,11.718,7.186,11.583,4.238,0.457,3.781,3.702,0.000,0.000,0.000,
11.11.2025,12:28:36.653,25.829,26.957,17.867,2.949,0.000,250.0,250.0,22.546,4.987,3.102,11.370,8.979,5.572,3.407,5.498,4.123,0.429,3.694,3.694,0.000,0.000,0.000,
11.11.2025,12:28:37.655,38.063,30.270,21.079,3.002,0.000,250.0,250.0,24.089,9.276,4.082,26.755,19.122,11.864,7.258,11.717,4.127,0.425,3.702,3.711,0.000,0.000,0.000,
11.11.2025,12:28:38.666,32.625,27.916,18.837,2.958,0.000,250.0,250.0,22.209,7.237,3.617,19.457,14.303,8.872,5.431,8.761,4.119,0.425,3.694,3.694,0.000,0.000,0.125,
11.11.2025,12:28:39.654,38.063,27.516,18.313,3.016,0.000,250.0,250.0,21.141,5.722,2.991,14.250,10.691,6.631,4.060,6.545,4.181,0.448,3.733,3.694,0.000,0.000,0.000,
11.11.2025,12:28:40.653,33.985,27.338,18.183,2.993,0.000,250.0,250.0,21.660,6.763,3.457,17.808,13.177,8.174,5.003,8.076,4.119,0.425,3.694,3.694,0.000,0.000,0.000,
11.11.2025,12:28:41.652,33.985,27.338,18.183,2.993,0.000,250.0,250.0,23.889,6.297,3.371,16.109,12.077,7.482,4.595,7.396,4.123,0.429,3.694,3.694,0.000,0.000,0.000,
11.11.2025,12:28:42.653,31.266,28.509,19.372,3.006,0.000,250.0,250.0,22.265,6.700,3.482,17.537,13.033,8.078,4.955,7.979,4.123,0.429,3.694,3.694,0.000,0.000,0.000,
11.11.2025,12:28:43.653,23.110,27.622,18.443,2.984,0.000,250.0,250.0,22.519,9.342,4.217,26.880,19.285,11.964,7.321,11.816,4.119,0.425,3.694,3.694,0.000,0.000,0.000,
11.11.2025,12:28:44.652,16.313,27.940,18.740,3.026,0.000,250.0,250.0,22.747,6.388,3.396,16.436,12.288,7.618,4.670,7.532,4.123,0.429,3.694,3.694,0.000,0.000,0.000,
11.11.2025,12:28:45.651,27.188,29.762,20.561,3.014,0.000,250.0,250.0,23.775,8.742,3.898,24.877,17.832,11.065,6.767,10.930,4.175,0.434,3.741,3.702,0.000,0.000,0.000,
11.11.2025,12:28:46.653,23.110,27.683,18.546,3.014,0.000,250.0,250.0,24.129,7.533,3.506,20.614,14.956,9.266,5.690,9.155,4.226,0.453,3.773,3.694,0.000,0.000,0.000,
11.11.2025,12:28:47.665,20.391,28.926,19.748,2.994,0.000,250.0,250.0,26.525,6.348,3.396,16.275,12.195,7.561,4.634,7.475,4.123,0.429,3.694,3.694,0.000,0.000,0.000,
11.11.2025,12:28:48.652,19.032,27.712,18.509,3.004,0.000,250.0,250.0,23.051,4.036,2.820,8.018,6.717,4.171,2.546,4.122,4.131,0.429,3.702,3.702,0.000,0.000,0.000,
11.11.2025,12:28:49.653,27.188,27.449,18.276,3.016,0.000,250.0,250.0,18.986,7.856,3.824,21.589,15.765,9.781,5.984,9.658,4.130,0.436,3.694,3.694,0.000,0.000,0.000,
11.11.2025,12:28:50.664,14.953,27.723,18.541,3.006,0.000,250.0,250.0,20.100,5.289,2.979,12.608,9.668,5.990,3.678,5.916,4.177,0.444,3.733,3.694,0.000,0.000,0.000,
11.11.2025,12:28:51.655,20.391,28.840,19.689,2.987,0.000,250.0,250.0,20.723,6.769,3.347,17.938,13.193,8.189,5.004,8.090,4.119,0.425,3.694,3.694,0.000,0.000,0.000,
11.11.2025,12:28:52.663,20.391,30.075,20.898,3.013,0.000,250.0,250.0,23.180,3.999,2.661,8.043,6.645,4.122,2.523,4.061,4.123,0.429,3.694,3.686,0.000,0.000,0.000,
11.11.2025,12:28:53.660,25.829,27.916,18.779,3.001,0.000,250.0,250.0,20.068,6.115,3.249,15.541,11.648,7.225,4.423,7.126,4.123,0.429,3.694,3.694,0.000,0.000,0.000,
11.11.2025,12:28:54.660,14.953,28.699,19.440,3.073,0.000,250.0,250.0,21.048,7.749,3.776,21.252,15.513,9.617,5.896,9.506,4.119,0.425,3.694,3.694,0.000,0.000,0.000,
11.11.2025,12:28:55.658,21.750,28.883,19.702,3.008,0.000,250.0,250.0,22.457,9.301,4.106,26.813,19.177,11.892,7.285,11.744,4.151,0.456,3.695,3.694,0.000,0.000,0.000,
11.11.2025,12:28:56.661,14.953,28.671,19.508,3.012,0.000,250.0,250.0,23.690,7.005,3.567,18.618,13.749,8.527,5.222,8.429,4.123,0.429,3.694,3.694,0.001,0.000,0.000,
11.11.2025,12:28:57.661,21.750,29.270,20.057,2.990,0.000,250.0,250.0,21.908,4.192,2.893,8.548,7.102,4.406,2.696,4.345,4.115,0.429,3.686,3.694,0.000,0.000,0.000,
11.11.2025,12:28:58.662,17.672,28.563,19.457,2.979,0.000,250.0,250.0,21.355,8.346,3.898,23.372,16.907,10.481,6.426,10.358,4.160,0.457,3.703,3.694,0.000,0.000,0.000,
11.11.2025,12:28:59.662,17.672,29.265,20.076,2.990,0.000,250.0,250.0,23.221,9.614,4.229,27.875,19.915,12.347,7.568,12.199,4.151,0.456,3.695,3.702,0.000,0.000,0.000,
11.11.2025,12:29:0.656,14.953,27.867,18.796,2.988,0.000,250.0,250.0,24.157,4.119,2.795,8.365,6.924,4.300,2.624,4.250,4.123,0.429,3.694,3.686,0.000,0.000,0.000,
11.11.2025,12:29:1.652,25.829,26.943,17.788,3.015,0.000,250.0,250.0,23.350,9.019,4.107,25.750,18.519,11.478,7.041,11.343,4.127,0.425,3.702,3.694,0.000,0.000,0.000,
11.11.2025,12:29:2.660,25.829,27.205,18.012,3.014,0.000,250.0,250.0,25.580,4.064,2.759,8.187,6.790,4.207,2.583,4.157,4.131,0.429,3.702,3.694,0.000,0.000,0.000,
11.11.2025,12:29:3.664,13.594,29.209,20.020,3.023,0.000,250.0,250.0,21.328,6.911,3.518,18.301,13.533,8.395,5.138,8.285,4.123,0.429,3.694,3.694,0.000,0.000,0.000,
11.11.2025,12:29:4.661,14.953,29.534,20.356,3.026,0.000,250.0,250.0,24.001,5.655,3.286,13.726,10.556,6.545,4.011,6.459,4.131,0.429,3.702,3.702,0.000,0.000,0.000,
11.11.2025,12:29:5.655,28.547,29.134,20.056,2.990,0.000,250.0,250.0,20.313,4.954,3.004,11.299,8.872,5.500,3.372,5.439,4.179,0.445,3.734,3.694,0.000,0.000,0.000,
11.11.2025,12:29:6.656,17.672,28.885,19.642,3.013,0.000,250.0,250.0,21.213,6.545,3.432,16.995,12.661,7.847,4.814,7.761,4.123,0.429,3.694,3.694,0.000,0.000,0.000,
11.11.2025,12:29:7.658,17.672,30.782,21.583,3.015,0.000,250.0,250.0,23.480,7.520,3.739,20.349,14.939,9.263,5.676,9.153,4.187,0.445,3.742,3.702,0.000,0.000,0.000,
11.11.2025,12:29:8.656,13.594,27.479,18.418,2.976,0.000,250.0,250.0,24.218,3.987,2.636,8.016,6.613,4.101,2.512,4.051,4.123,0.429,3.694,3.694,0.000,0.000,0.000,
11.11.2025,12:29:9.657,19.032,29.312,20.176,2.975,0.000,250.0,250.0,20.574,8.943,3.886,25.684,18.344,11.377,6.967,11.230,4.125,0.431,3.694,3.694,0.000,0.000,0.000,
11.11.2025,12:29:10.656,19.032,30.303,21.086,3.019,0.000,250.0,250.0,23.272,7.175,3.690,19.142,14.158,8.775,5.383,8.664,4.123,0.429,3.694,3.694,0.000,0.000,0.000,
11.11.2025,12:29:11.664,19.032,27.744,18.622,3.002,0.000,250.0,250.0,25.988,4.318,2.881,9.037,7.395,4.590,2.805,4.528,4.123,0.429,3.694,3.694,0.000,0.000,0.000,
11.11.2025,12:29:12.664,21.750,29.543,20.320,3.035,0.000,250.0,250.0,19.810,4.209,2.844,8.647,7.129,4.420,2.709,4.371,4.131,0.429,3.702,3.702,0.000,0.000,0.000,
11.11.2025,12:29:13.655,16.313,30.049,20.810,3.041,0.000,250.0,250.0,24.008,7.522,3.739,20.419,14.973,9.286,5.687,9.175,4.123,0.429,3.694,3.694,0.000,0.000,0.000,
11.11.2025,12:29:14.657,17.672,29.271,20.049,3.056,0.000,250.0,250.0,22.971,7.903,3.800,21.802,15.875,9.842,6.033,9.732,4.126,0.432,3.694,3.694,0.000,0.000,0.000,
11.11.2025,12:29:15.658,17.672,28.399,19.224,3.027,0.000,250.0,250.0,23.083,4.238,2.722,8.887,7.203,4.470,2.733,4.421,4.123,0.429,3.694,3.694,0.000,0.000,0.000,
11.11.2025,12:29:16.655,17.672,28.956,19.682,3.038,0.000,250.0,250.0,21.363,8.248,3.751,23.147,16.675,10.346,6.329,10.223,4.152,0.457,3.695,3.702,0.000,0.000,0.000,
11.11.2025,12:29:17.660,14.953,29.064,19.923,3.023,0.000,250.0,250.0,28.749,5.253,3.041,12.418,9.575,5.937,3.638,5.875,4.174,0.441,3.733,3.694,0.000,0.000,0.000,
11.11.2025,12:29:18.667,17.672,28.172,19.030,3.027,0.000,250.0,250.0,25.727,5.114,3.151,11.809,9.280,5.752,3.528,5.678,4.123,0.429,3.694,3.694,0.000,0.000,0.000,
11.11.2025,12:29:19.666,21.750,29.252,20.000,3.033,0.000,250.0,250.0,19.503,4.083,2.979,8.048,6.846,4.248,2.598,4.198,4.115,0.429,3.686,3.686,0.000,0.375,0.000,
11.11.2025,12:29:20.664,21.750,30.379,21.186,3.064,0.000,250.0,250.0,21.258,5.232,3.286,12.113,9.553,5.926,3.627,5.853,4.131,0.429,3.702,3.694,0.000,0.000,0.000,
11.11.2025,12:29:21.662,20.391,28.680,19.438,3.040,0.000,250.0,250.0,23.384,5.278,3.175,12.410,9.669,5.991,3.678,5.917,4.123,0.429,3.694,3.694,0.000,0.000,0.000,
11.11.2025,12:29:22.659,20.391,28.818,19.615,3.047,0.000,250.0,250.0,24.313,9.099,4.205,25.959,18.716,11.601,7.115,11.465,4.119,0.425,3.694,3.694,0.000,0.000,0.000,
11.11.2025,12:29:23.656,14.953,30.400,21.158,3.058,0.000,250.0,250.0,25.203,8.518,4.082,23.865,17.333,10.749,6.584,10.614,4.126,0.432,3.694,3.702,0.000,0.000,0.000,
11.11.2025,12:29:24.654,14.953,28.686,19.474,3.069,0.000,250.0,250.0,22.281,8.212,3.837,22.914,16.590,10.286,6.304,10.163,4.168,0.434,3.734,3.694,0.000,0.000,0.000,
11.11.2025,12:29:25.666,24.469,27.304,18.076,3.058,0.000,250.0,250.0,23.951,6.576,3.470,17.068,12.741,7.895,4.846,7.797,4.123,0.429,3.694,3.694,0.000,0.000,0.000,
11.11.2025,12:29:26.660,20.391,28.710,19.511,3.074,0.000,250.0,250.0,25.603,5.151,3.016,12.076,9.359,5.805,3.554,5.731,4.131,0.429,3.702,3.702,0.000,0.000,0.000,
11.11.2025,12:29:27.658,19.032,29.606,20.428,2.996,0.000,250.0,250.0,18.729,4.243,2.795,8.855,7.221,4.478,2.743,4.428,4.115,0.429,3.686,3.686,0.000,0.000,0.000,
11.11.2025,12:29:28.654,20.391,28.206,19.083,2.975,0.000,250.0,250.0,22.386,9.484,4.143,27.501,19.624,12.165,7.459,12.018,4.119,0.425,3.694,3.694,0.000,0.000,0.000,
11.11.2025,12:29:29.658,21.750,33.751,23.901,3.553,0.000,250.0,250.0,22.650,6.744,3.531,17.649,13.123,8.146,4.977,8.048,4.131,0.429,3.702,3.702,0.000,0.000,0.000,
11.11.2025,12:29:30.659,16.313,30.810,21.145,3.425,0.000,250.0,250.0,25.039,7.175,3.555,19.281,14.158,8.775,5.383,8.665,4.119,0.425,3.694,3.694,0.000,0.000,0.000,
11.11.2025,12:29:31.655,19.032,27.340,18.223,2.996,0.000,250.0,250.0,23.837,7.292,3.592,19.686,14.425,8.945,5.480,8.835,4.127,0.425,3.702,3.702,0.000,0.000,0.000,
11.11.2025,12:29:32.665,19.032,29.059,19.964,2.957,0.000,250.0,250.0,23.118,9.414,4.155,27.212,19.460,12.064,7.396,11.917,4.119,0.425,3.694,3.694,0.000,0.000,0.000,
11.11.2025,12:29:33.665,24.469,30.020,20.785,3.034,0.000,250.0,250.0,24.909,7.481,3.555,20.396,14.857,9.204,5.653,9.094,4.178,0.445,3.733,3.694,0.000,0.000,0.000,
11.11.2025,12:29:34.661,19.032,30.236,21.033,3.023,0.000,250.0,250.0,25.535,6.850,3.519,18.076,13.383,8.295,5.088,8.197,4.119,0.425,3.694,3.702,0.000,0.000,0.000,
11.11.2025,12:29:35.657,33.985,29.136,19.998,3.002,0.000,250.0,250.0,23.911,6.807,3.433,18.005,13.280,8.238,5.042,8.140,4.119,0.425,3.694,3.694,0.000,0.000,0.000,
11.11.2025,12:29:36.655,19.032,29.298,20.097,2.996,0.000,250.0,250.0,21.317,6.807,2.992,13.724,10.354,6.427,3.927,6.353,4.131,0.429,3.702,3.694,0.000,0.000,0.000,
11.11.2025,12:29:37.653,20.391,28.335,19.163,2.997,0.000,250.0,250.0,21.317,5.573,2.992,13.724,10.354,6.427,3.927,6.353,4.131,0.429,3.702,3.694,0.000,0.000,0.000,
11.11.2025,12:29:38.654,19.032,29.844,20.695,3.003,0.000,250.0,250.0,21.825,6.556,3.298,17.167,12.687,7.863,4.824,7.777,4.123,0.429,3.694,3.694,0.000,0.000,0.000,
11.11.2025,12:29:39.657,21.750,29.157,20.014,2.984,0.000,250.0,250.0,24.382,9.063,3.997,26.042,18.626,11.544,7.082,11.409,4.119,0.425,3.694,3.694,0.000,0.000,0.000,
11.11.2025,12:29:40.658,23.110,28.163,18.968,2.981,0.000,250.0,250.0,26.620,4.763,2.955,10.665,8.446,5.245,3.201,5.183,4.123,0.429,3.694,3.694,0.000,0.000,0.000,
11.11.2025,12:29:41.655,21.750,29.201,20.028,2.985,0.000,250.0,250.0,23.430,6.691,3.482,17.499,13.008,8.065,4.943,7.967,4.127,0.425,3.702,3.694,0.000,0.000,0.000,
11.11.2025,12:29:42.654,19.032,28.554,19.429,2.976,0.000,250.0,250.0,20.975,6.637,3.408,17.371,12.873,7.979,4.894,7.893,4.126,0.432,3.694,3.694,0.000,0.000,0.000,
11.11.2025,12:29:43.666,16.313,29.092,19.897,3.019,0.000,250.0,250.0,21.885,6.571,3.457,17.069,12.725,7.893,4.832,7.795,4.119,0.425,3.694,3.694,0.000,0.000,0.000,
11.11.2025,12:29:44.663,24.469,27.657,18.556,2.958,0.000,250.0,250.0,21.780,6.923,3.629,18.255,13.564,8.404,5.160,8.305,4.111,0.425,3.686,3.694,0.000,0.000,0.000,
11.11.2025,12:29:45.662,23.110,26.387,17.250,2.990,0.000,250.0,250.0,25.040,6.426,3.396,16.579,12.386,7.680,4.706,7.582,4.119,0.425,3.694,3.694,0.000,0.000,0.000,
11.11.2025,12:29:46.660,17.672,29.024,19.883,2.945,0.000,250.0,250.0,23.905,6.613,3.359,17.327,12.827,7.957,4.870,7.858,4.119,0.425,3.694,3.694,0.000,0.000,0.000,
11.11.2025,12:29:47.656,19.032,28.835,19.644,2.993,0.000,250.0,250.0,17.870,6.706,3.200,17.836,13.031,8.089,4.942,7.990,4.146,0.456,3.690,3.686,0.000,0.000,0.000,
11.11.2025,12:29:48.659,27.188,27.934,18.831,2.927,0.000,250.0,250.0,20.868,8.344,3.825,23.443,16.906,10.480,6.426,10.358,4.152,0.457,3.695,3.694,0.000,0.000,0.000,
11.11.2025,12:29:49.653,17.672,27.344,18.253,2.964,0.000,250.0,250.0,24.042,8.327,3.849,23.349,16.865,10.460,6.405,10.337,4.154,0.458,3.696,3.694,0.000,0.000,0.000,
11.11.2025,12:29:50.656,19.032,30.077,20.969,2.967,0.000,250.0,250.0,23.411,8.091,3.751,22.559,16.302,10.111,6.191,9.988,4.156,0.461,3.695,3.694,0.000,0.000,0.000,
11.11.2025,12:29:51.656,16.313,28.174,18.988,2.986,0.000,250.0,250.0,22.140,6.924,3.445,18.334,13.503,8.375,5.128,8.276,4.240,0.495,3.745,3.702,0.000,0.000,0.000,
11.11.2025,12:29:52.665,17.672,28.750,19.613,2.985,0.000,250.0,250.0,22.908,9.491,4.302,27.358,19.643,12.174,7.469,12.026,4.119,0.425,3.694,3.694,0.000,0.000,0.500,
11.11.2025,12:29:53.663,19.032,29.357,20.172,3.026,0.000,250.0,250.0,23.278,8.806,3.984,24.935,17.934,11.117,6.817,10.982,4.298,0.521,3.777,3.694,0.000,0.000,0.000,
11.11.2025,12:29:54.659,19.032,27.957,18.781,2.975,0.000,250.0,250.0,22.287,7.581,3.506,20.836,15.101,9.358,5.743,9.247,4.156,0.461,3.695,3.711,0.000,0.000,0.000,
11.11.2025,12:29:55.659,20.391,29.675,20.516,3.029,0.000,250.0,250.0,21.821,4.218,2.894,8.642,7.163,4.443,2.720,4.382,4.123,0.429,3.694,3.694,0.000,0.000,0.000,
11.11.2025,12:29:56.664,19.032,30.082,20.890,3.035,0.000,250.0,250.0,24.221,5.566,3.237,13.440,10.346,6.409,3.937,6.335,4.131,0.429,3.702,3.694,0.000,0.000,0.000,
11.11.2025,12:29:57.655,21.750,29.380,20.203,2.987,0.000,250.0,250.0,23.242,9.034,4.242,25.683,18.559,11.509,7.050,11.361,4.119,0.425,3.694,3.702,0.000,0.000,1.125,
11.11.2025,12:29:58.664,21.750,28.654,19.580,2.961,0.000,250.0,250.0,23.545,8.351,3.947,23.340,16.921,10.494,6.427,10.372,4.154,0.458,3.696,3.702,0.000,0.000,0.000,
11.11.2025,12:29:59.661,19.032,29.972,20.743,3.003,0.000,250.0,250.0,24.314,8.806,4.070,24.977,18.019,11.173,6.846,11.037,4.119,0.425,3.694,3.702,0.000,0.000,0.000,
11.11.2025,12:30:0.661,19.032,29.072,19.901,3.010,0.000,250.0,250.0,23.667,7.691,3.580,21.192,15.362,9.524,5.838,9.401,4.153,0.458,3.695,3.711,0.000,0.000,0.000,
11.11.2025,12:30:1.662,20.391,29.379,20.219,2.985,0.000,250.0,250.0,25.474,7.946,3.727,22.046,15.985,9.911,6.074,9.788,4.119,0.425,3.694,3.694,0.000,0.000,0.000,
11.11.2025,12:30:2.654,14.953,27.320,18.159,2.967,0.000,250.0,250.0,24.063,7.273,3.629,19.576,14.382,8.924,5.458,8.814,4.123,0.429,3.694,3.702,0.000,0.000,0.000,
11.11.2025,12:30:3.659,19.032,28.004,18.800,3.033,0.000,250.0,250.0,18.157,4.099,2.636,8.454,6.884,4.261,2.623,4.212,4.115,0.429,3.686,3.694,0.000,0.000,0.000,
11.11.2025,12:30:4.657,20.391,27.774,18.657,2.996,0.000,250.0,250.0,20.125,8.593,4.058,24.177,17.512,10.864,6.648,10.729,4.125,0.431,3.694,3.694,0.000,1.000,0.000,
11.11.2025,12:30:5.659,19.032,29.381,20.203,3.000,0.000,250.0,250.0,22.290,4.122,2.930,8.243,6.930,4.296,2.634,4.247,4.123,0.429,3.694,3.694,0.000,0.000,0.000,
11.11.2025,12:30:6.657,17.672,28.173,19.050,2.959,0.000,250.0,250.0,21.455,4.632,3.090,9.992,8.108,5.032,3.076,4.970,4.178,0.445,3.733,3.694,0.000,0.000,0.000,
11.11.2025,12:30:7.656,25.829,28.582,19.371,3.002,0.000,250.0,250.0,21.903,9.381,4.327,26.884,19.359,12.001,7.358,11.854,4.160,0.457,3.703,3.702,0.000,1.375,0.000,
11.11.2025,12:30:8.659,19.032,28.146,19.026,2.949,0.000,250.0,250.0,24.574,9.308,4.229,26.685,19.179,11.893,7.286,11.746,4.183,0.449,3.734,3.694,0.000,0.000,0.000,
11.11.2025,12:30:9.661,20.391,27.984,18.910,2.969,0.000,250.0,250.0,24.872,4.080,2.722,8.285,6.834,4.236,2.598,4.186,4.123,0.429,3.694,3.694,0.000,0.000,0.000,
11.11.2025,12:30:10.656,17.672,27.621,18.444,2.971,0.000,250.0,250.0,23.460,7.052,3.629,18.706,13.853,8.592,5.261,8.481,4.142,0.431,3.711,3.711,0.000,0.000,0.000,
11.11.2025,12:30:11.656,19.032,26.558,17.410,2.976,0.000,250.0,250.0,24.502,6.984,3.653,18.423,13.693,8.494,5.199,8.383,4.142,0.431,3.711,3.711,0.000,0.000,0.000,
11.11.2025,12:30:12.654,21.750,29.169,20.055,2.998,0.000,250.0,250.0,24.259,8.688,3.971,24.606,17.722,10.992,6.730,10.857,4.155,0.458,3.697,3.694,0.000,0.000,0.000,
11.11.2025,12:30:13.655,17.672,30.056,20.804,3.049,0.000,250.0,250.0,24.473,7.184,3.665,19.172,14.168,8.786,5.382,8.675,4.142,0.431,3.711,3.711,0.000,0.000,0.000,
11.11.2025,12:30:14.652,17.672,29.357,20.227,3.008,0.000,250.0,250.0,24.959,6.382,3.555,16.203,12.245,7.590,4.655,7.505,4.182,0.440,3.742,3.702,0.000,0.000,0.000,
11.11.2025,12:30:15.666,21.750,28.873,19.680,3.015,0.000,250.0,250.0,23.259,7.849,3.874,21.536,15.747,9.765,5.982,9.655,4.119,0.425,3.694,3.694,0.000,0.000,0.000,
11.11.2025,12:30:16.662,19.032,28.823,19.589,3.038,0.000,250.0,250.0,24.197,6.781,3.518,17.798,13.216,8.200,5.016,8.101,4.127,0.425,3.702,3.702,0.001,0.125,0.000,
11.11.2025,12:30:17.666,19.032,28.099,18.987,2.977,0.000,250.0,250.0,24.706,8.772,3.947,24.976,17.937,11.119,6.818,10.984,4.120,0.426,3.694,3.694,0.000,1.125,0.000,
11.11.2025,12:30:18.666,17.672,28.012,18.824,2.999,0.000,250.0,250.0,21.412,7.100,3.592,18.951,13.970,8.662,5.308,8.564,4.127,0.425,3.702,3.702,0.000,0.000,0.000,
11.11.2025,12:30:19.653,17.672,28.012,18.824,2.999,0.000,250.0,250.0,24.481,6.607,3.396,17.265,12.806,7.939,4.867,7.853,4.119,0.425,3.694,3.702,0.000,0.500,0.000,
11.11.2025,12:30:20.660,21.750,28.395,19.164,3.057,0.000,250.0,250.0,24.442,6.538,3.592,16.799,12.641,7.838,4.803,7.740,4.138,0.427,3.711,3.694,0.000,0.000,0.000,
11.11.2025,12:30:21.665,17.672,28.587,19.400,3.024,0.000,250.0,250.0,22.584,6.859,3.469,18.144,13.392,8.305,5.087,8.207,4.142,0.431,3.711,3.702,0.000,0.000,0.000,
11.11.2025,12:30:22.665,16.313,28.435,19.227,3.057,0.000,250.0,250.0,22.881,7.642,3.653,20.903,15.228,9.439,5.789,9.329,4.187,0.445,3.742,3.702,0.000,0.000,0.000,
11.11.2025,12:30:23.666,16.313,28.401,19.212,2.991,0.000,250.0,250.0,20.393,4.186,2.612,8.805,7.085,4.386,2.699,4.337,4.123,0.429,3.694,3.694,0.000,0.000,0.000,
11.11.2025,12:30:24.661,9.516,14.420,5.280,3.015,0.000,250.0,250.0,13.373,4.291,2.599,9.228,7.333,4.548,2.785,4.499,4.115,0.429,3.686,3.686,0.000,0.000,0.000,
Date,Time,"VR VCC 전류 (SVID IOUT) [A]","CPU 패키지 전력 소비 [W]","IA 코어 전력 소비 [W]","시스템 에이전트 전력 소비 [W]","나머지 칩 전력 소비 [W]","PL1 전력 제한 (Static) [W]","PL2 전력 제한 (Static) [W]","GPU 전력 소비 [W]","GPU 라인 전력 소비 (avg) [W]","GPU PCIe +12V 입력 전력 소비 [W]","GPU 12VHPWR 전력 소비 [W]","GPU Unknown Rail (D6) 전력 소비 (sum) [W]","GPU Core (NVVDD) 입력 전력 소비 (sum) [W]","GPU Unknown Rail (D4) 전력 소비 (sum) [W]","GPU Misc0 입력 전력 소비 (sum) [W]","GPU Unknown Rail (D) 전력 소비 (sum) [W]","GPU Unknown Rail (10) 전력 소비 [W]","GPU Core (NVVDD) 출력 전력 소비 [W]","GPU Core (NVVDD) 출력 전력 소비 [W]","PCH 전력 소비 [W]","총 전력 소비 [W]","총 전력 소비 [W]",
,,CPU [#0]: Intel Core Ultra 7 265KF: Enhanced,CPU [#0]: Intel Core Ultra 7 265KF: Enhanced,CPU [#0]: Intel Core Ultra 7 265KF: Enhanced,CPU [#0]: Intel Core Ultra 7 265KF: Enhanced,CPU [#0]: Intel Core Ultra 7 265KF: Enhanced,CPU [#0]: Intel Core Ultra 7 265KF: Enhanced,CPU [#0]: Intel Core Ultra 7 265KF: Enhanced,GPU [#1]: NVIDIA GeForce RTX 5090: GIGABYTE GeForce RTX 5090 GAMING OC 32G (GV-N5090GAMING OC-32GD),GPU [#1]: NVIDIA GeForce RTX 5090: GIGABYTE GeForce RTX 5090 GAMING OC 32G (GV-N5090GAMING OC-32GD),GPU [#1]: NVIDIA GeForce RTX 5090: GIGABYTE GeForce RTX 5090 GAMING OC 32G (GV-N5090GAMING OC-32GD),GPU [#1]: NVIDIA GeForce RTX 5090: GIGABYTE GeForce RTX 5090 GAMING OC 32G (GV-N5090GAMING OC-32GD),GPU [#1]: NVIDIA GeForce RTX 5090: GIGABYTE GeForce RTX 5090 GAMING OC 32G (GV-N5090GAMING OC-32GD),GPU [#1]: NVIDIA GeForce RTX 5090: GIGABYTE GeForce RTX 5090 GAMING OC 32G (GV-N5090GAMING OC-32GD),GPU [#1]: NVIDIA GeForce RTX 5090: GIGABYTE GeForce RTX 5090 GAMING OC 32G (GV-N5090GAMING OC-32GD),GPU [#1]: NVIDIA GeForce RTX 5090: GIGABYTE GeForce RTX 5090 GAMING OC 32G (GV-N5090GAMING OC-32GD),GPU [#1]: NVIDIA GeForce RTX 5090: GIGABYTE GeForce RTX 5090 GAMING OC 32G (GV-N5090GAMING OC-32GD),GPU [#1]: NVIDIA GeForce RTX 5090: GIGABYTE GeForce RTX 5090 GAMING OC 32G (GV-N5090GAMING OC-32GD),GPU [#1]: NVIDIA GeForce RTX 5090: GIGABYTE GeForce RTX 5090 GAMING OC 32G (GV-N5090GAMING OC-32GD),GPU [#1]: NVIDIA GeForce RTX 5090: GIGABYTE GeForce RTX 5090 GAMING OC 32G (GV-N5090GAMING OC-32GD),CPU [#0]: Intel Core Ultra 7 265KF: Enhanced,DDR5 DIMM [#1]: Micron CP32G64C40U5B.M8B1 (BANK 1/DIMMB2),DDR5 DIMM [#3]: Micron CP32G64C40U5B.M8B1 (BANK 0/DIMMA2),
